subject_id,record_family,decision,reasons,map_renderable,publication_id
NG-PLC-000001,PLACE,BLOCKED,NAME_NOT_PUBLIC|NO_NNGLA_PUBLICATION_RECORD,false,
NG-PLC-000002,PLACE,BLOCKED,NAME_NOT_PUBLIC|NO_NNGLA_PUBLICATION_RECORD,false,
NG-PLC-000003,PLACE,BLOCKED,NAME_NOT_PUBLIC|NO_NNGLA_PUBLICATION_RECORD,false,
NG-PLC-000004,PLACE,BLOCKED,NAME_NOT_PUBLIC|NO_NNGLA_PUBLICATION_RECORD,false,
NG-PLC-000005,PLACE,BLOCKED,NAME_NOT_PUBLIC|NO_NNGLA_PUBLICATION_RECORD,false,
NG-PLC-000006,PLACE,BLOCKED,NAME_NOT_PUBLIC|NO_NNGLA_PUBLICATION_RECORD,false,
NG-PLC-000007,PLACE,BLOCKED,NAME_NOT_PUBLIC|NO_NNGLA_PUBLICATION_RECORD,false,
NG-PLC-000008,PLACE,BLOCKED,NAME_NOT_PUBLIC|NO_NNGLA_PUBLICATION_RECORD,false,
NG-PLC-000009,PLACE,BLOCKED,NAME_NOT_PUBLIC|NO_NNGLA_PUBLICATION_RECORD,false,
NG-PLC-000010,PLACE,BLOCKED,NAME_NOT_PUBLIC|NO_NNGLA_PUBLICATION_RECORD,false,
NG-PLC-000011,PLACE,BLOCKED,NAME_NOT_PUBLIC|NO_NNGLA_PUBLICATION_RECORD,false,
NG-PLC-000012,PLACE,BLOCKED,NAME_NOT_PUBLIC|NO_NNGLA_PUBLICATION_RECORD,false,
NG-PLC-000013,PLACE,BLOCKED,NAME_NOT_PUBLIC|NO_NNGLA_PUBLICATION_RECORD,false,
NG-PLC-000014,PLACE,BLOCKED,NAME_NOT_PUBLIC|NO_NNGLA_PUBLICATION_RECORD,false,
NG-PLC-000015,PLACE,BLOCKED,NAME_NOT_PUBLIC|NO_NNGLA_PUBLICATION_RECORD,false,
NG-PLC-000016,PLACE,BLOCKED,NAME_NOT_PUBLIC|NO_NNGLA_PUBLICATION_RECORD,false,
NG-PLC-000017,PLACE,BLOCKED,NAME_NOT_PUBLIC|NO_NNGLA_PUBLICATION_RECORD,false,
NG-PLC-000018,PLACE,BLOCKED,NAME_NOT_PUBLIC|NO_NNGLA_PUBLICATION_RECORD,false,
NG-PLC-000019,PLACE,BLOCKED,NAME_NOT_PUBLIC|NO_NNGLA_PUBLICATION_RECORD,false,
NG-PLC-000020,PLACE,BLOCKED,NAME_NOT_PUBLIC|NO_NNGLA_PUBLICATION_RECORD,false,
NG-PLC-000021,PLACE,BLOCKED,NAME_NOT_PUBLIC|NO_NNGLA_PUBLICATION_RECORD,false,
NG-PLC-000022,PLACE,BLOCKED,NAME_NOT_PUBLIC|NO_NNGLA_PUBLICATION_RECORD,false,
NG-PLC-000023,PLACE,BLOCKED,NAME_NOT_PUBLIC|NO_NNGLA_PUBLICATION_RECORD,false,
NG-PLC-000024,PLACE,BLOCKED,NAME_NOT_PUBLIC|NO_NNGLA_PUBLICATION_RECORD,false,
NG-PLC-000025,PLACE,BLOCKED,NAME_NOT_PUBLIC|NO_NNGLA_PUBLICATION_RECORD,false,
NG-PLC-000026,PLACE,BLOCKED,NAME_NOT_PUBLIC|NO_NNGLA_PUBLICATION_RECORD,false,
NG-PLC-000027,PLACE,BLOCKED,NAME_NOT_PUBLIC|NO_NNGLA_PUBLICATION_RECORD,false,
NG-PLC-000028,PLACE,BLOCKED,NAME_NOT_PUBLIC|NO_NNGLA_PUBLICATION_RECORD,false,
NG-PLC-000029,PLACE,BLOCKED,NAME_NOT_PUBLIC|NO_NNGLA_PUBLICATION_RECORD,false,
NG-PLC-000030,PLACE,BLOCKED,NAME_NOT_PUBLIC|NO_NNGLA_PUBLICATION_RECORD,false,
NG-PLC-000031,PLACE,BLOCKED,NAME_NOT_PUBLIC|NO_NNGLA_PUBLICATION_RECORD,false,
NG-PLC-000032,PLACE,BLOCKED,NAME_NOT_PUBLIC|NO_NNGLA_PUBLICATION_RECORD,false,
NG-PLC-000033,PLACE,BLOCKED,NAME_NOT_PUBLIC|NO_NNGLA_PUBLICATION_RECORD,false,
NG-PLC-000034,PLACE,BLOCKED,NAME_NOT_PUBLIC|NO_NNGLA_PUBLICATION_RECORD,false,
NG-PLC-000035,PLACE,BLOCKED,NAME_NOT_PUBLIC|NO_NNGLA_PUBLICATION_RECORD,false,
NG-PLC-000036,PLACE,BLOCKED,NAME_NOT_PUBLIC|NO_NNGLA_PUBLICATION_RECORD,false,
NG-PLC-000037,PLACE,BLOCKED,NAME_NOT_PUBLIC|NO_NNGLA_PUBLICATION_RECORD,false,
NG-PLC-000038,PLACE,BLOCKED,NAME_NOT_PUBLIC|NO_NNGLA_PUBLICATION_RECORD,false,
NG-PLC-000039,PLACE,BLOCKED,NAME_NOT_PUBLIC|NO_NNGLA_PUBLICATION_RECORD,false,
NG-PLC-000040,PLACE,BLOCKED,NAME_NOT_PUBLIC|NO_NNGLA_PUBLICATION_RECORD,false,
NG-PLC-000041,PLACE,BLOCKED,NAME_NOT_PUBLIC|NO_NNGLA_PUBLICATION_RECORD,false,
NG-PLC-000042,PLACE,BLOCKED,NAME_NOT_PUBLIC|NO_NNGLA_PUBLICATION_RECORD,false,
NG-PLC-000043,PLACE,BLOCKED,NAME_NOT_PUBLIC|NO_NNGLA_PUBLICATION_RECORD,false,
NG-PLC-000044,PLACE,BLOCKED,NAME_NOT_PUBLIC|NO_NNGLA_PUBLICATION_RECORD,false,
NG-PLC-000045,PLACE,BLOCKED,NAME_NOT_PUBLIC|NO_NNGLA_PUBLICATION_RECORD,false,
NG-PLC-000046,PLACE,BLOCKED,NAME_NOT_PUBLIC|NO_NNGLA_PUBLICATION_RECORD,false,
NG-PLC-000047,PLACE,BLOCKED,NAME_NOT_PUBLIC|NO_NNGLA_PUBLICATION_RECORD,false,
NG-PLC-000048,PLACE,BLOCKED,NAME_NOT_PUBLIC|NO_NNGLA_PUBLICATION_RECORD,false,
NG-PLC-000049,PLACE,BLOCKED,NAME_NOT_PUBLIC|NO_NNGLA_PUBLICATION_RECORD,false,
NG-PLC-000050,PLACE,BLOCKED,NAME_NOT_PUBLIC|NO_NNGLA_PUBLICATION_RECORD,false,
NG-PLC-000051,PLACE,BLOCKED,NAME_NOT_PUBLIC|NO_NNGLA_PUBLICATION_RECORD,false,
NG-PLC-000052,PLACE,BLOCKED,NAME_NOT_PUBLIC|NO_NNGLA_PUBLICATION_RECORD,false,
NG-PLC-000053,PLACE,BLOCKED,NAME_NOT_PUBLIC|NO_NNGLA_PUBLICATION_RECORD,false,
NG-PLC-000054,PLACE,BLOCKED,NAME_NOT_PUBLIC|NO_NNGLA_PUBLICATION_RECORD,false,
NG-PLC-000055,PLACE,BLOCKED,NAME_NOT_PUBLIC|NO_NNGLA_PUBLICATION_RECORD,false,
NG-PLC-000056,PLACE,BLOCKED,NAME_NOT_PUBLIC|NO_NNGLA_PUBLICATION_RECORD,false,
NG-PLC-000057,PLACE,BLOCKED,NAME_NOT_PUBLIC|NO_NNGLA_PUBLICATION_RECORD,false,
NG-PLC-000058,PLACE,BLOCKED,NAME_NOT_PUBLIC|NO_NNGLA_PUBLICATION_RECORD,false,
NG-PLC-000059,PLACE,BLOCKED,NAME_NOT_PUBLIC|NO_NNGLA_PUBLICATION_RECORD,false,
NG-PLC-000060,PLACE,BLOCKED,NAME_NOT_PUBLIC|NO_NNGLA_PUBLICATION_RECORD,false,
NG-PLC-000061,PLACE,BLOCKED,NAME_NOT_PUBLIC|NO_NNGLA_PUBLICATION_RECORD,false,
NG-PLC-000062,PLACE,BLOCKED,NAME_NOT_PUBLIC|NO_NNGLA_PUBLICATION_RECORD,false,
NG-PLC-000063,PLACE,BLOCKED,NAME_NOT_PUBLIC|NO_NNGLA_PUBLICATION_RECORD,false,
NG-PLC-000064,PLACE,BLOCKED,NAME_NOT_PUBLIC|NO_NNGLA_PUBLICATION_RECORD,false,
NG-PLC-000065,PLACE,BLOCKED,NAME_NOT_PUBLIC|NO_NNGLA_PUBLICATION_RECORD,false,
NG-PLC-000066,PLACE,BLOCKED,NAME_NOT_PUBLIC|NO_NNGLA_PUBLICATION_RECORD,false,
NG-PLC-000067,PLACE,BLOCKED,NAME_NOT_PUBLIC|NO_NNGLA_PUBLICATION_RECORD,false,
NG-PLC-000068,PLACE,BLOCKED,NAME_NOT_PUBLIC|NO_NNGLA_PUBLICATION_RECORD,false,
NG-PLC-000069,PLACE,BLOCKED,NAME_NOT_PUBLIC|NO_NNGLA_PUBLICATION_RECORD,false,
NG-PLC-000070,PLACE,BLOCKED,NAME_NOT_PUBLIC|NO_NNGLA_PUBLICATION_RECORD,false,
NG-PLC-000071,PLACE,BLOCKED,NAME_NOT_PUBLIC|NO_NNGLA_PUBLICATION_RECORD,false,
NG-PLC-000072,PLACE,BLOCKED,NAME_NOT_PUBLIC|NO_NNGLA_PUBLICATION_RECORD,false,
NG-PLC-000073,PLACE,BLOCKED,NAME_NOT_PUBLIC|NO_NNGLA_PUBLICATION_RECORD,false,
NG-PLC-000074,PLACE,BLOCKED,NAME_NOT_PUBLIC|NO_NNGLA_PUBLICATION_RECORD,false,
NG-PLC-000075,PLACE,BLOCKED,NAME_NOT_PUBLIC|NO_NNGLA_PUBLICATION_RECORD,false,
NG-PLC-000076,PLACE,BLOCKED,NAME_NOT_PUBLIC|NO_NNGLA_PUBLICATION_RECORD,false,
NG-PLC-000077,PLACE,BLOCKED,NAME_NOT_PUBLIC|NO_NNGLA_PUBLICATION_RECORD,false,
NG-PLC-000078,PLACE,BLOCKED,NAME_NOT_PUBLIC|NO_NNGLA_PUBLICATION_RECORD,false,
NG-PLC-000079,PLACE,BLOCKED,NAME_NOT_PUBLIC|NO_NNGLA_PUBLICATION_RECORD,false,
NG-PLC-000080,PLACE,BLOCKED,NAME_NOT_PUBLIC|NO_NNGLA_PUBLICATION_RECORD,false,
NG-PLC-000081,PLACE,BLOCKED,NAME_NOT_PUBLIC|NO_NNGLA_PUBLICATION_RECORD,false,
NG-PLC-000082,PLACE,BLOCKED,NAME_NOT_PUBLIC|NO_NNGLA_PUBLICATION_RECORD,false,
NG-PLC-000083,PLACE,BLOCKED,NAME_NOT_PUBLIC|NO_NNGLA_PUBLICATION_RECORD,false,
NG-PLC-000084,PLACE,BLOCKED,NAME_NOT_PUBLIC|NO_NNGLA_PUBLICATION_RECORD,false,
NG-PLC-000085,PLACE,BLOCKED,NAME_NOT_PUBLIC|NO_NNGLA_PUBLICATION_RECORD,false,
NG-PLC-000086,PLACE,BLOCKED,NAME_NOT_PUBLIC|NO_NNGLA_PUBLICATION_RECORD,false,
NG-PLC-000087,PLACE,BLOCKED,NAME_NOT_PUBLIC|NO_NNGLA_PUBLICATION_RECORD,false,
NG-PLC-000088,PLACE,BLOCKED,NAME_NOT_PUBLIC|NO_NNGLA_PUBLICATION_RECORD,false,
NG-PLC-000089,PLACE,BLOCKED,NAME_NOT_PUBLIC|NO_NNGLA_PUBLICATION_RECORD,false,
NG-PLC-000090,PLACE,BLOCKED,NAME_NOT_PUBLIC|NO_NNGLA_PUBLICATION_RECORD,false,
NG-PLC-000091,PLACE,BLOCKED,NAME_NOT_PUBLIC|NO_NNGLA_PUBLICATION_RECORD,false,
NG-PLC-000092,PLACE,BLOCKED,NAME_NOT_PUBLIC|NO_NNGLA_PUBLICATION_RECORD,false,
NG-PLC-000093,PLACE,BLOCKED,NAME_NOT_PUBLIC|NO_NNGLA_PUBLICATION_RECORD,false,
NG-PLC-000094,PLACE,BLOCKED,NAME_NOT_PUBLIC|NO_NNGLA_PUBLICATION_RECORD,false,
NG-PLC-000095,PLACE,BLOCKED,NAME_NOT_PUBLIC|NO_NNGLA_PUBLICATION_RECORD,false,
NG-PLC-000096,PLACE,BLOCKED,NAME_NOT_PUBLIC|NO_NNGLA_PUBLICATION_RECORD,false,
NG-PLC-000097,PLACE,BLOCKED,NAME_NOT_PUBLIC|NO_NNGLA_PUBLICATION_RECORD,false,
NG-PLC-000098,PLACE,BLOCKED,NAME_NOT_PUBLIC|NO_NNGLA_PUBLICATION_RECORD,false,
NG-PLC-000099,PLACE,BLOCKED,NAME_NOT_PUBLIC|NO_NNGLA_PUBLICATION_RECORD,false,
NG-PLC-000100,PLACE,BLOCKED,NAME_NOT_PUBLIC|NO_NNGLA_PUBLICATION_RECORD,false,
NG-PLC-000101,PLACE,BLOCKED,NAME_NOT_PUBLIC|NO_NNGLA_PUBLICATION_RECORD,false,
NG-PLC-000102,PLACE,BLOCKED,NAME_NOT_PUBLIC|NO_NNGLA_PUBLICATION_RECORD,false,
NG-PLC-000103,PLACE,BLOCKED,NAME_NOT_PUBLIC|NO_NNGLA_PUBLICATION_RECORD,false,
NG-PLC-000104,PLACE,BLOCKED,NAME_NOT_PUBLIC|NO_NNGLA_PUBLICATION_RECORD,false,
NG-PLC-000105,PLACE,BLOCKED,NAME_NOT_PUBLIC|NO_NNGLA_PUBLICATION_RECORD,false,
NG-PLC-000106,PLACE,BLOCKED,NAME_NOT_PUBLIC|NO_NNGLA_PUBLICATION_RECORD,false,
NG-PLC-000107,PLACE,BLOCKED,NAME_NOT_PUBLIC|NO_NNGLA_PUBLICATION_RECORD,false,
NG-PLC-000108,PLACE,BLOCKED,NAME_NOT_PUBLIC|NO_NNGLA_PUBLICATION_RECORD,false,
NG-PLC-000109,PLACE,BLOCKED,NAME_NOT_PUBLIC|NO_NNGLA_PUBLICATION_RECORD,false,
NG-PLC-000110,PLACE,BLOCKED,NAME_NOT_PUBLIC|NO_NNGLA_PUBLICATION_RECORD,false,
NG-PLC-000111,PLACE,BLOCKED,NAME_NOT_PUBLIC|NO_NNGLA_PUBLICATION_RECORD,false,
NG-PLC-000112,PLACE,BLOCKED,NAME_NOT_PUBLIC|NO_NNGLA_PUBLICATION_RECORD,false,
NG-PLC-000113,PLACE,BLOCKED,NAME_NOT_PUBLIC|NO_NNGLA_PUBLICATION_RECORD,false,
NG-PLC-000114,PLACE,BLOCKED,NAME_NOT_PUBLIC|NO_NNGLA_PUBLICATION_RECORD,false,
NG-PLC-000115,PLACE,BLOCKED,NAME_NOT_PUBLIC|NO_NNGLA_PUBLICATION_RECORD,false,
NG-PLC-000116,PLACE,BLOCKED,NAME_NOT_PUBLIC|NO_NNGLA_PUBLICATION_RECORD,false,
NG-PLC-000117,PLACE,BLOCKED,NAME_NOT_PUBLIC|NO_NNGLA_PUBLICATION_RECORD,false,
NG-PLC-000118,PLACE,BLOCKED,NAME_NOT_PUBLIC|NO_NNGLA_PUBLICATION_RECORD,false,
NG-PLC-000119,PLACE,BLOCKED,NAME_NOT_PUBLIC|NO_NNGLA_PUBLICATION_RECORD,false,
NG-PLC-000120,PLACE,BLOCKED,NAME_NOT_PUBLIC|NO_NNGLA_PUBLICATION_RECORD,false,
NG-PLC-000121,PLACE,BLOCKED,NAME_NOT_PUBLIC|NO_NNGLA_PUBLICATION_RECORD,false,
NG-PLC-000122,PLACE,BLOCKED,NAME_NOT_PUBLIC|NO_NNGLA_PUBLICATION_RECORD,false,
NG-PLC-000123,PLACE,BLOCKED,NAME_NOT_PUBLIC|NO_NNGLA_PUBLICATION_RECORD,false,
NG-PLC-000124,PLACE,BLOCKED,NAME_NOT_PUBLIC|NO_NNGLA_PUBLICATION_RECORD,false,
NG-PLC-000125,PLACE,BLOCKED,NAME_NOT_PUBLIC|NO_NNGLA_PUBLICATION_RECORD,false,
NG-PLC-000126,PLACE,BLOCKED,NAME_NOT_PUBLIC|NO_NNGLA_PUBLICATION_RECORD,false,
NG-PLC-000127,PLACE,BLOCKED,NAME_NOT_PUBLIC|NO_NNGLA_PUBLICATION_RECORD,false,
NG-PLC-000128,PLACE,BLOCKED,NAME_NOT_PUBLIC|NO_NNGLA_PUBLICATION_RECORD,false,
NG-PLC-000129,PLACE,BLOCKED,NAME_NOT_PUBLIC|NO_NNGLA_PUBLICATION_RECORD,false,
NG-PLC-000130,PLACE,BLOCKED,NAME_NOT_PUBLIC|NO_NNGLA_PUBLICATION_RECORD,false,
NG-PLC-000131,PLACE,BLOCKED,NAME_NOT_PUBLIC|NO_NNGLA_PUBLICATION_RECORD,false,
NG-PLC-000132,PLACE,BLOCKED,NAME_NOT_PUBLIC|NO_NNGLA_PUBLICATION_RECORD,false,
NG-PLC-000133,PLACE,BLOCKED,NAME_NOT_PUBLIC|NO_NNGLA_PUBLICATION_RECORD,false,
NG-PLC-000134,PLACE,BLOCKED,NAME_NOT_PUBLIC|NO_NNGLA_PUBLICATION_RECORD,false,
NG-PLC-000135,PLACE,BLOCKED,NAME_NOT_PUBLIC|NO_NNGLA_PUBLICATION_RECORD,false,
NG-PLC-000136,PLACE,BLOCKED,NAME_NOT_PUBLIC|NO_NNGLA_PUBLICATION_RECORD,false,
NG-PLC-000137,PLACE,BLOCKED,NAME_NOT_PUBLIC|NO_NNGLA_PUBLICATION_RECORD,false,
NG-PLC-000138,PLACE,BLOCKED,NAME_NOT_PUBLIC|NO_NNGLA_PUBLICATION_RECORD,false,
NG-PLC-000139,PLACE,BLOCKED,NAME_NOT_PUBLIC|NO_NNGLA_PUBLICATION_RECORD,false,
NG-PLC-000140,PLACE,BLOCKED,NAME_NOT_PUBLIC|NO_NNGLA_PUBLICATION_RECORD,false,
NG-PLC-000141,PLACE,BLOCKED,NAME_NOT_PUBLIC|NO_NNGLA_PUBLICATION_RECORD,false,
NG-PLC-000142,PLACE,BLOCKED,NAME_NOT_PUBLIC|NO_NNGLA_PUBLICATION_RECORD,false,
NG-PLC-000143,PLACE,BLOCKED,NAME_NOT_PUBLIC|NO_NNGLA_PUBLICATION_RECORD,false,
NG-PLC-000144,PLACE,BLOCKED,NAME_NOT_PUBLIC|NO_NNGLA_PUBLICATION_RECORD,false,
NG-PLC-000145,PLACE,BLOCKED,NAME_NOT_PUBLIC|NO_NNGLA_PUBLICATION_RECORD,false,
NG-PLC-000146,PLACE,BLOCKED,NAME_NOT_PUBLIC|NO_NNGLA_PUBLICATION_RECORD,false,
NG-PLC-000147,PLACE,BLOCKED,NAME_NOT_PUBLIC|NO_NNGLA_PUBLICATION_RECORD,false,
NG-PLC-000148,PLACE,BLOCKED,NAME_NOT_PUBLIC|NO_NNGLA_PUBLICATION_RECORD,false,
NG-PLC-000149,PLACE,BLOCKED,NAME_NOT_PUBLIC|NO_NNGLA_PUBLICATION_RECORD,false,
NG-PLC-000150,PLACE,BLOCKED,NAME_NOT_PUBLIC|NO_NNGLA_PUBLICATION_RECORD,false,
NG-PLC-000151,PLACE,BLOCKED,NAME_NOT_PUBLIC|NO_NNGLA_PUBLICATION_RECORD,false,
NG-PLC-000152,PLACE,BLOCKED,NAME_NOT_PUBLIC|NO_NNGLA_PUBLICATION_RECORD,false,
NG-PLC-000153,PLACE,BLOCKED,NAME_NOT_PUBLIC|NO_NNGLA_PUBLICATION_RECORD,false,
NG-PLC-000154,PLACE,BLOCKED,NAME_NOT_PUBLIC|NO_NNGLA_PUBLICATION_RECORD,false,
NG-PLC-000155,PLACE,BLOCKED,NAME_NOT_PUBLIC|NO_NNGLA_PUBLICATION_RECORD,false,
NG-PLC-000156,PLACE,BLOCKED,NAME_NOT_PUBLIC|NO_NNGLA_PUBLICATION_RECORD,false,
NG-PLC-000157,PLACE,BLOCKED,NAME_NOT_PUBLIC|NO_NNGLA_PUBLICATION_RECORD,false,
NG-PLC-000158,PLACE,BLOCKED,NAME_NOT_PUBLIC|NO_NNGLA_PUBLICATION_RECORD,false,
NG-PLC-000159,PLACE,BLOCKED,NAME_NOT_PUBLIC|NO_NNGLA_PUBLICATION_RECORD,false,
NG-PLC-000160,PLACE,BLOCKED,NAME_NOT_PUBLIC|NO_NNGLA_PUBLICATION_RECORD,false,
NG-PLC-000161,PLACE,BLOCKED,NAME_NOT_PUBLIC|NO_NNGLA_PUBLICATION_RECORD,false,
NG-PLC-000162,PLACE,BLOCKED,NAME_NOT_PUBLIC|NO_NNGLA_PUBLICATION_RECORD,false,
NG-PLC-000163,PLACE,BLOCKED,NAME_NOT_PUBLIC|NO_NNGLA_PUBLICATION_RECORD,false,
NG-PLC-000164,PLACE,BLOCKED,NAME_NOT_PUBLIC|NO_NNGLA_PUBLICATION_RECORD,false,
NG-PLC-000165,PLACE,BLOCKED,NAME_NOT_PUBLIC|NO_NNGLA_PUBLICATION_RECORD,false,
NG-PLC-000166,PLACE,BLOCKED,NAME_NOT_PUBLIC|NO_NNGLA_PUBLICATION_RECORD,false,
NG-PLC-000167,PLACE,BLOCKED,NAME_NOT_PUBLIC|NO_NNGLA_PUBLICATION_RECORD,false,
NG-PLC-000168,PLACE,BLOCKED,NAME_NOT_PUBLIC|NO_NNGLA_PUBLICATION_RECORD,false,
NG-PLC-000169,PLACE,BLOCKED,NAME_NOT_PUBLIC|NO_NNGLA_PUBLICATION_RECORD,false,
NG-PLC-000170,PLACE,BLOCKED,NAME_NOT_PUBLIC|NO_NNGLA_PUBLICATION_RECORD,false,
NG-PLC-000171,PLACE,BLOCKED,NAME_NOT_PUBLIC|NO_NNGLA_PUBLICATION_RECORD,false,
NG-PLC-000172,PLACE,BLOCKED,NAME_NOT_PUBLIC|NO_NNGLA_PUBLICATION_RECORD,false,
NG-PLC-000173,PLACE,BLOCKED,NAME_NOT_PUBLIC|NO_NNGLA_PUBLICATION_RECORD,false,
NG-PLC-000174,PLACE,BLOCKED,NAME_NOT_PUBLIC|NO_NNGLA_PUBLICATION_RECORD,false,
NG-PLC-000175,PLACE,BLOCKED,NAME_NOT_PUBLIC|NO_NNGLA_PUBLICATION_RECORD,false,
NG-PLC-000176,PLACE,BLOCKED,NAME_NOT_PUBLIC|NO_NNGLA_PUBLICATION_RECORD,false,
NG-PLC-000177,PLACE,BLOCKED,NAME_NOT_PUBLIC|NO_NNGLA_PUBLICATION_RECORD,false,
NG-PLC-000178,PLACE,BLOCKED,NAME_NOT_PUBLIC|NO_NNGLA_PUBLICATION_RECORD,false,
NG-PLC-000179,PLACE,BLOCKED,NAME_NOT_PUBLIC|NO_NNGLA_PUBLICATION_RECORD,false,
NG-PLC-000180,PLACE,BLOCKED,NAME_NOT_PUBLIC|NO_NNGLA_PUBLICATION_RECORD,false,
NG-PLC-000181,PLACE,BLOCKED,NAME_NOT_PUBLIC|NO_NNGLA_PUBLICATION_RECORD,false,
NG-PLC-000182,PLACE,BLOCKED,NAME_NOT_PUBLIC|NO_NNGLA_PUBLICATION_RECORD,false,
NG-PLC-000183,PLACE,BLOCKED,NAME_NOT_PUBLIC|NO_NNGLA_PUBLICATION_RECORD,false,
NG-PLC-000184,PLACE,BLOCKED,NAME_NOT_PUBLIC|NO_NNGLA_PUBLICATION_RECORD,false,
NG-PLC-000185,PLACE,BLOCKED,NAME_NOT_PUBLIC|NO_NNGLA_PUBLICATION_RECORD,false,
NG-PLC-000186,PLACE,BLOCKED,NAME_NOT_PUBLIC|NO_NNGLA_PUBLICATION_RECORD,false,
NG-PLC-000187,PLACE,BLOCKED,NAME_NOT_PUBLIC|NO_NNGLA_PUBLICATION_RECORD,false,
NG-PLC-000188,PLACE,BLOCKED,NAME_NOT_PUBLIC|NO_NNGLA_PUBLICATION_RECORD,false,
NG-PLC-000189,PLACE,BLOCKED,NAME_NOT_PUBLIC|NO_NNGLA_PUBLICATION_RECORD,false,
NG-PLC-000190,PLACE,BLOCKED,NAME_NOT_PUBLIC|NO_NNGLA_PUBLICATION_RECORD,false,
NG-PLC-000191,PLACE,BLOCKED,NAME_NOT_PUBLIC|NO_NNGLA_PUBLICATION_RECORD,false,
NG-PLC-000192,PLACE,BLOCKED,NAME_NOT_PUBLIC|NO_NNGLA_PUBLICATION_RECORD,false,
NG-PLC-000193,PLACE,BLOCKED,NAME_NOT_PUBLIC|NO_NNGLA_PUBLICATION_RECORD,false,
NG-PLC-000194,PLACE,BLOCKED,NAME_NOT_PUBLIC|NO_NNGLA_PUBLICATION_RECORD,false,
NG-PLC-000195,PLACE,BLOCKED,NAME_NOT_PUBLIC|NO_NNGLA_PUBLICATION_RECORD,false,
NG-PLC-000196,PLACE,BLOCKED,NAME_NOT_PUBLIC|NO_NNGLA_PUBLICATION_RECORD,false,
NG-PLC-000197,PLACE,BLOCKED,NAME_NOT_PUBLIC|NO_NNGLA_PUBLICATION_RECORD,false,
NG-PLC-000198,PLACE,BLOCKED,NAME_NOT_PUBLIC|NO_NNGLA_PUBLICATION_RECORD,false,
NG-PLC-000199,PLACE,BLOCKED,NAME_NOT_PUBLIC|NO_NNGLA_PUBLICATION_RECORD,false,
NG-PLC-000200,PLACE,BLOCKED,NAME_NOT_PUBLIC|NO_NNGLA_PUBLICATION_RECORD,false,
NG-PLC-000201,PLACE,BLOCKED,NAME_NOT_PUBLIC|NO_NNGLA_PUBLICATION_RECORD,false,
NG-PLC-000202,PLACE,BLOCKED,NAME_NOT_PUBLIC|NO_NNGLA_PUBLICATION_RECORD,false,
NG-PLC-000203,PLACE,BLOCKED,NAME_NOT_PUBLIC|NO_NNGLA_PUBLICATION_RECORD,false,
NG-PLC-000204,PLACE,BLOCKED,NAME_NOT_PUBLIC|NO_NNGLA_PUBLICATION_RECORD,false,
NG-PLC-000205,PLACE,BLOCKED,NAME_NOT_PUBLIC|NO_NNGLA_PUBLICATION_RECORD,false,
NG-PLC-000206,PLACE,BLOCKED,NAME_NOT_PUBLIC|NO_NNGLA_PUBLICATION_RECORD,false,
NG-PLC-000207,PLACE,BLOCKED,NAME_NOT_PUBLIC|NO_NNGLA_PUBLICATION_RECORD,false,
NG-PLC-000208,PLACE,BLOCKED,NAME_NOT_PUBLIC|NO_NNGLA_PUBLICATION_RECORD,false,
NG-PLC-000209,PLACE,BLOCKED,NAME_NOT_PUBLIC|NO_NNGLA_PUBLICATION_RECORD,false,
NG-PLC-000210,PLACE,BLOCKED,NAME_NOT_PUBLIC|NO_NNGLA_PUBLICATION_RECORD,false,
NG-PLC-000211,PLACE,BLOCKED,NAME_NOT_PUBLIC|NO_NNGLA_PUBLICATION_RECORD,false,
NG-PLC-000212,PLACE,BLOCKED,NAME_NOT_PUBLIC|NO_NNGLA_PUBLICATION_RECORD,false,
NG-PLC-000213,PLACE,BLOCKED,NAME_NOT_PUBLIC|NO_NNGLA_PUBLICATION_RECORD,false,
NG-PLC-000214,PLACE,BLOCKED,NAME_NOT_PUBLIC|NO_NNGLA_PUBLICATION_RECORD,false,
NG-PLC-000215,PLACE,BLOCKED,NAME_NOT_PUBLIC|NO_NNGLA_PUBLICATION_RECORD,false,
NG-PLC-000216,PLACE,BLOCKED,NAME_NOT_PUBLIC|NO_NNGLA_PUBLICATION_RECORD,false,
NG-PLC-000217,PLACE,BLOCKED,NAME_NOT_PUBLIC|NO_NNGLA_PUBLICATION_RECORD,false,
NG-PLC-000218,PLACE,BLOCKED,NAME_NOT_PUBLIC|NO_NNGLA_PUBLICATION_RECORD,false,
NG-PLC-000219,PLACE,BLOCKED,NAME_NOT_PUBLIC|NO_NNGLA_PUBLICATION_RECORD,false,
NG-PLC-000220,PLACE,BLOCKED,NAME_NOT_PUBLIC|NO_NNGLA_PUBLICATION_RECORD,false,
NG-PLC-000221,PLACE,BLOCKED,NAME_NOT_PUBLIC|NO_NNGLA_PUBLICATION_RECORD,false,
NG-PLC-000222,PLACE,BLOCKED,NAME_NOT_PUBLIC|NO_NNGLA_PUBLICATION_RECORD,false,
NG-PLC-000223,PLACE,BLOCKED,NAME_NOT_PUBLIC|NO_NNGLA_PUBLICATION_RECORD,false,
NG-PLC-000224,PLACE,BLOCKED,NAME_NOT_PUBLIC|NO_NNGLA_PUBLICATION_RECORD,false,
NG-PLC-000225,PLACE,BLOCKED,NAME_NOT_PUBLIC|NO_NNGLA_PUBLICATION_RECORD,false,
NG-PLC-000226,PLACE,BLOCKED,NAME_NOT_PUBLIC|NO_NNGLA_PUBLICATION_RECORD,false,
NG-PLC-000227,PLACE,BLOCKED,NAME_NOT_PUBLIC|NO_NNGLA_PUBLICATION_RECORD,false,
NG-PLC-000228,PLACE,BLOCKED,NAME_NOT_PUBLIC|NO_NNGLA_PUBLICATION_RECORD,false,
NG-PLC-000229,PLACE,BLOCKED,NAME_NOT_PUBLIC|NO_NNGLA_PUBLICATION_RECORD,false,
NG-PLC-000230,PLACE,BLOCKED,NAME_NOT_PUBLIC|NO_NNGLA_PUBLICATION_RECORD,false,
NG-PLC-000231,PLACE,BLOCKED,NAME_NOT_PUBLIC|NO_NNGLA_PUBLICATION_RECORD,false,
NG-PLC-000232,PLACE,BLOCKED,NAME_NOT_PUBLIC|NO_NNGLA_PUBLICATION_RECORD,false,
NG-PLC-000233,PLACE,BLOCKED,NAME_NOT_PUBLIC|NO_NNGLA_PUBLICATION_RECORD,false,
NG-PLC-000234,PLACE,BLOCKED,NAME_NOT_PUBLIC|NO_NNGLA_PUBLICATION_RECORD,false,
NG-PLC-000235,PLACE,BLOCKED,NAME_NOT_PUBLIC|NO_NNGLA_PUBLICATION_RECORD,false,
NG-PLC-000236,PLACE,BLOCKED,NAME_NOT_PUBLIC|NO_NNGLA_PUBLICATION_RECORD,false,
NG-PLC-000237,PLACE,BLOCKED,NAME_NOT_PUBLIC|NO_NNGLA_PUBLICATION_RECORD,false,
NG-PLC-000238,PLACE,BLOCKED,NAME_NOT_PUBLIC|NO_NNGLA_PUBLICATION_RECORD,false,
NG-PLC-000239,PLACE,BLOCKED,NAME_NOT_PUBLIC|NO_NNGLA_PUBLICATION_RECORD,false,
NG-PLC-000240,PLACE,BLOCKED,NAME_NOT_PUBLIC|NO_NNGLA_PUBLICATION_RECORD,false,
NG-PLC-000241,PLACE,BLOCKED,NAME_NOT_PUBLIC|NO_NNGLA_PUBLICATION_RECORD,false,
NG-PLC-000242,PLACE,BLOCKED,NAME_NOT_PUBLIC|NO_NNGLA_PUBLICATION_RECORD,false,
NG-PLC-000243,PLACE,BLOCKED,NAME_NOT_PUBLIC|NO_NNGLA_PUBLICATION_RECORD,false,
NG-PLC-000244,PLACE,BLOCKED,NAME_NOT_PUBLIC|NO_NNGLA_PUBLICATION_RECORD,false,
NG-PLC-000245,PLACE,BLOCKED,NAME_NOT_PUBLIC|NO_NNGLA_PUBLICATION_RECORD,false,
NG-PLC-000246,PLACE,BLOCKED,NAME_NOT_PUBLIC|NO_NNGLA_PUBLICATION_RECORD,false,
NG-PLC-000247,PLACE,BLOCKED,NAME_NOT_PUBLIC|NO_NNGLA_PUBLICATION_RECORD,false,
NG-PLC-000248,PLACE,BLOCKED,NAME_NOT_PUBLIC|NO_NNGLA_PUBLICATION_RECORD,false,
NG-PLC-000249,PLACE,BLOCKED,NAME_NOT_PUBLIC|NO_NNGLA_PUBLICATION_RECORD,false,
NG-PLC-000250,PLACE,BLOCKED,NAME_NOT_PUBLIC|NO_NNGLA_PUBLICATION_RECORD,false,
NG-PLC-000251,PLACE,BLOCKED,NAME_NOT_PUBLIC|NO_NNGLA_PUBLICATION_RECORD,false,
NG-PLC-000252,PLACE,BLOCKED,NAME_NOT_PUBLIC|NO_NNGLA_PUBLICATION_RECORD,false,
NG-PLC-000253,PLACE,BLOCKED,NAME_NOT_PUBLIC|NO_NNGLA_PUBLICATION_RECORD,false,
NG-PLC-000254,PLACE,BLOCKED,NAME_NOT_PUBLIC|NO_NNGLA_PUBLICATION_RECORD,false,
NG-PLC-000255,PLACE,BLOCKED,NAME_NOT_PUBLIC|NO_NNGLA_PUBLICATION_RECORD,false,
NG-PLC-000256,PLACE,BLOCKED,NAME_NOT_PUBLIC|NO_NNGLA_PUBLICATION_RECORD,false,
NG-PLC-000257,PLACE,BLOCKED,NAME_NOT_PUBLIC|NO_NNGLA_PUBLICATION_RECORD,false,
NG-PLC-000258,PLACE,BLOCKED,NAME_NOT_PUBLIC|NO_NNGLA_PUBLICATION_RECORD,false,
NG-PLC-000259,PLACE,BLOCKED,NAME_NOT_PUBLIC|NO_NNGLA_PUBLICATION_RECORD,false,
NG-PLC-000260,PLACE,BLOCKED,NAME_NOT_PUBLIC|NO_NNGLA_PUBLICATION_RECORD,false,
NG-PLC-000261,PLACE,BLOCKED,NAME_NOT_PUBLIC|NO_NNGLA_PUBLICATION_RECORD,false,
NG-PLC-000262,PLACE,BLOCKED,NAME_NOT_PUBLIC|NO_NNGLA_PUBLICATION_RECORD,false,
NG-PLC-000263,PLACE,BLOCKED,NAME_NOT_PUBLIC|NO_NNGLA_PUBLICATION_RECORD,false,
NG-PLC-000264,PLACE,BLOCKED,NAME_NOT_PUBLIC|NO_NNGLA_PUBLICATION_RECORD,false,
NG-PLC-000265,PLACE,BLOCKED,NAME_NOT_PUBLIC|NO_NNGLA_PUBLICATION_RECORD,false,
NG-PLC-000266,PLACE,BLOCKED,NAME_NOT_PUBLIC|NO_NNGLA_PUBLICATION_RECORD,false,
NG-PLC-000267,PLACE,BLOCKED,NAME_NOT_PUBLIC|NO_NNGLA_PUBLICATION_RECORD,false,
NG-PLC-000268,PLACE,BLOCKED,NAME_NOT_PUBLIC|NO_NNGLA_PUBLICATION_RECORD,false,
NG-PLC-000269,PLACE,BLOCKED,NAME_NOT_PUBLIC|NO_NNGLA_PUBLICATION_RECORD,false,
NG-PLC-000270,PLACE,BLOCKED,NAME_NOT_PUBLIC|NO_NNGLA_PUBLICATION_RECORD,false,
NG-PLC-000271,PLACE,BLOCKED,NAME_NOT_PUBLIC|NO_NNGLA_PUBLICATION_RECORD,false,
NG-PLC-000272,PLACE,BLOCKED,NAME_NOT_PUBLIC|NO_NNGLA_PUBLICATION_RECORD,false,
NG-PLC-000273,PLACE,BLOCKED,NAME_NOT_PUBLIC|NO_NNGLA_PUBLICATION_RECORD,false,
NG-PLC-000274,PLACE,BLOCKED,NAME_NOT_PUBLIC|NO_NNGLA_PUBLICATION_RECORD,false,
NG-PLC-000275,PLACE,BLOCKED,NAME_NOT_PUBLIC|NO_NNGLA_PUBLICATION_RECORD,false,
NG-PLC-000276,PLACE,BLOCKED,NAME_NOT_PUBLIC|NO_NNGLA_PUBLICATION_RECORD,false,
NG-PLC-000277,PLACE,BLOCKED,NAME_NOT_PUBLIC|NO_NNGLA_PUBLICATION_RECORD,false,
NG-PLC-000278,PLACE,BLOCKED,NAME_NOT_PUBLIC|NO_NNGLA_PUBLICATION_RECORD,false,
NG-PLC-000279,PLACE,BLOCKED,NAME_NOT_PUBLIC|NO_NNGLA_PUBLICATION_RECORD,false,
NG-PLC-000280,PLACE,BLOCKED,NAME_NOT_PUBLIC|NO_NNGLA_PUBLICATION_RECORD,false,
NG-PLC-000281,PLACE,BLOCKED,NAME_NOT_PUBLIC|NO_NNGLA_PUBLICATION_RECORD,false,
NG-PLC-000282,PLACE,BLOCKED,NAME_NOT_PUBLIC|NO_NNGLA_PUBLICATION_RECORD,false,
NG-PLC-000283,PLACE,BLOCKED,NAME_NOT_PUBLIC|NO_NNGLA_PUBLICATION_RECORD,false,
NG-PLC-000284,PLACE,BLOCKED,NAME_NOT_PUBLIC|NO_NNGLA_PUBLICATION_RECORD,false,
NG-PLC-000285,PLACE,BLOCKED,NAME_NOT_PUBLIC|NO_NNGLA_PUBLICATION_RECORD,false,
NG-PLC-000286,PLACE,BLOCKED,NAME_NOT_PUBLIC|NO_NNGLA_PUBLICATION_RECORD,false,
NG-PLC-000287,PLACE,BLOCKED,NAME_NOT_PUBLIC|NO_NNGLA_PUBLICATION_RECORD,false,
NG-PLC-000288,PLACE,BLOCKED,NAME_NOT_PUBLIC|NO_NNGLA_PUBLICATION_RECORD,false,
NG-PLC-000289,PLACE,BLOCKED,NAME_NOT_PUBLIC|NO_NNGLA_PUBLICATION_RECORD,false,
NG-PLC-000290,PLACE,BLOCKED,NAME_NOT_PUBLIC|NO_NNGLA_PUBLICATION_RECORD,false,
NG-PLC-000291,PLACE,BLOCKED,NAME_NOT_PUBLIC|NO_NNGLA_PUBLICATION_RECORD,false,
NG-PLC-000292,PLACE,BLOCKED,NAME_NOT_PUBLIC|NO_NNGLA_PUBLICATION_RECORD,false,
NG-PLC-000293,PLACE,BLOCKED,NAME_NOT_PUBLIC|NO_NNGLA_PUBLICATION_RECORD,false,
NG-PLC-000294,PLACE,BLOCKED,NAME_NOT_PUBLIC|NO_NNGLA_PUBLICATION_RECORD,false,
NG-PLC-000295,PLACE,BLOCKED,NAME_NOT_PUBLIC|NO_NNGLA_PUBLICATION_RECORD,false,
NG-PLC-000296,PLACE,BLOCKED,NAME_NOT_PUBLIC|NO_NNGLA_PUBLICATION_RECORD,false,
NG-PLC-000297,PLACE,BLOCKED,NAME_NOT_PUBLIC|NO_NNGLA_PUBLICATION_RECORD,false,
NG-PLC-000298,PLACE,BLOCKED,NAME_NOT_PUBLIC|NO_NNGLA_PUBLICATION_RECORD,false,
NG-PLC-000299,PLACE,BLOCKED,NAME_NOT_PUBLIC|NO_NNGLA_PUBLICATION_RECORD,false,
NG-PLC-000300,PLACE,BLOCKED,NAME_NOT_PUBLIC|NO_NNGLA_PUBLICATION_RECORD,false,
NG-PLC-000301,PLACE,BLOCKED,NAME_NOT_PUBLIC|NO_NNGLA_PUBLICATION_RECORD,false,
NG-PLC-000302,PLACE,BLOCKED,NAME_NOT_PUBLIC|NO_NNGLA_PUBLICATION_RECORD,false,
NG-PLC-000303,PLACE,BLOCKED,NAME_NOT_PUBLIC|NO_NNGLA_PUBLICATION_RECORD,false,
NG-PLC-000304,PLACE,BLOCKED,NAME_NOT_PUBLIC|NO_NNGLA_PUBLICATION_RECORD,false,
NG-PLC-000305,PLACE,BLOCKED,NAME_NOT_PUBLIC|NO_NNGLA_PUBLICATION_RECORD,false,
NG-PLC-000306,PLACE,BLOCKED,NAME_NOT_PUBLIC|NO_NNGLA_PUBLICATION_RECORD,false,
NG-PLC-000307,PLACE,BLOCKED,NAME_NOT_PUBLIC|NO_NNGLA_PUBLICATION_RECORD,false,
NG-PLC-000308,PLACE,BLOCKED,NAME_NOT_PUBLIC|NO_NNGLA_PUBLICATION_RECORD,false,
NG-PLC-000309,PLACE,BLOCKED,NAME_NOT_PUBLIC|NO_NNGLA_PUBLICATION_RECORD,false,
NG-PLC-000310,PLACE,BLOCKED,NAME_NOT_PUBLIC|NO_NNGLA_PUBLICATION_RECORD,false,
NG-PLC-000311,PLACE,BLOCKED,NAME_NOT_PUBLIC|NO_NNGLA_PUBLICATION_RECORD,false,
NG-PLC-000312,PLACE,BLOCKED,NAME_NOT_PUBLIC|NO_NNGLA_PUBLICATION_RECORD,false,
NG-PLC-000313,PLACE,BLOCKED,NAME_NOT_PUBLIC|NO_NNGLA_PUBLICATION_RECORD,false,
NG-PLC-000314,PLACE,BLOCKED,NAME_NOT_PUBLIC|NO_NNGLA_PUBLICATION_RECORD,false,
NG-PLC-000315,PLACE,BLOCKED,NAME_NOT_PUBLIC|NO_NNGLA_PUBLICATION_RECORD,false,
NG-PLC-000316,PLACE,BLOCKED,NAME_NOT_PUBLIC|NO_NNGLA_PUBLICATION_RECORD,false,
NG-PLC-000317,PLACE,BLOCKED,NAME_NOT_PUBLIC|NO_NNGLA_PUBLICATION_RECORD,false,
NG-PLC-000318,PLACE,BLOCKED,NAME_NOT_PUBLIC|NO_NNGLA_PUBLICATION_RECORD,false,
NG-PLC-000319,PLACE,BLOCKED,NAME_NOT_PUBLIC|NO_NNGLA_PUBLICATION_RECORD,false,
NG-PLC-000320,PLACE,BLOCKED,NAME_NOT_PUBLIC|NO_NNGLA_PUBLICATION_RECORD,false,
NG-PLC-000321,PLACE,BLOCKED,NAME_NOT_PUBLIC|NO_NNGLA_PUBLICATION_RECORD,false,
NG-PLC-000322,PLACE,BLOCKED,NAME_NOT_PUBLIC|NO_NNGLA_PUBLICATION_RECORD,false,
NG-PLC-000323,PLACE,BLOCKED,NAME_NOT_PUBLIC|NO_NNGLA_PUBLICATION_RECORD,false,
NG-PLC-000324,PLACE,BLOCKED,NAME_NOT_PUBLIC|NO_NNGLA_PUBLICATION_RECORD,false,
NG-PLC-000325,PLACE,BLOCKED,NAME_NOT_PUBLIC|NO_NNGLA_PUBLICATION_RECORD,false,
NG-PLC-000326,PLACE,BLOCKED,NAME_NOT_PUBLIC|NO_NNGLA_PUBLICATION_RECORD,false,
NG-PLC-000327,PLACE,BLOCKED,NAME_NOT_PUBLIC|NO_NNGLA_PUBLICATION_RECORD,false,
NG-PLC-000328,PLACE,BLOCKED,NAME_NOT_PUBLIC|NO_NNGLA_PUBLICATION_RECORD,false,
NG-PLC-000329,PLACE,BLOCKED,NAME_NOT_PUBLIC|NO_NNGLA_PUBLICATION_RECORD,false,
NG-PLC-000330,PLACE,BLOCKED,NAME_NOT_PUBLIC|NO_NNGLA_PUBLICATION_RECORD,false,
NG-PLC-000331,PLACE,BLOCKED,NAME_NOT_PUBLIC|NO_NNGLA_PUBLICATION_RECORD,false,
NG-PLC-000332,PLACE,BLOCKED,NAME_NOT_PUBLIC|NO_NNGLA_PUBLICATION_RECORD,false,
NG-PLC-000333,PLACE,BLOCKED,NAME_NOT_PUBLIC|NO_NNGLA_PUBLICATION_RECORD,false,
NG-PLC-000334,PLACE,BLOCKED,NAME_NOT_PUBLIC|NO_NNGLA_PUBLICATION_RECORD,false,
NG-PLC-000335,PLACE,BLOCKED,NAME_NOT_PUBLIC|NO_NNGLA_PUBLICATION_RECORD,false,
NG-PLC-000336,PLACE,BLOCKED,NAME_NOT_PUBLIC|NO_NNGLA_PUBLICATION_RECORD,false,
NG-PLC-000337,PLACE,BLOCKED,NAME_NOT_PUBLIC|NO_NNGLA_PUBLICATION_RECORD,false,
NG-PLC-000338,PLACE,BLOCKED,NAME_NOT_PUBLIC|NO_NNGLA_PUBLICATION_RECORD,false,
NG-PLC-000339,PLACE,BLOCKED,NAME_NOT_PUBLIC|NO_NNGLA_PUBLICATION_RECORD,false,
NG-PLC-000340,PLACE,BLOCKED,NAME_NOT_PUBLIC|NO_NNGLA_PUBLICATION_RECORD,false,
NG-PLC-000341,PLACE,BLOCKED,NAME_NOT_PUBLIC|NO_NNGLA_PUBLICATION_RECORD,false,
NG-PLC-000342,PLACE,BLOCKED,NAME_NOT_PUBLIC|NO_NNGLA_PUBLICATION_RECORD,false,
NG-PLC-000343,PLACE,BLOCKED,NAME_NOT_PUBLIC|NO_NNGLA_PUBLICATION_RECORD,false,
NG-PLC-000344,PLACE,BLOCKED,NAME_NOT_PUBLIC|NO_NNGLA_PUBLICATION_RECORD,false,
NG-PLC-000345,PLACE,BLOCKED,NAME_NOT_PUBLIC|NO_NNGLA_PUBLICATION_RECORD,false,
NG-PLC-000346,PLACE,BLOCKED,NAME_NOT_PUBLIC|NO_NNGLA_PUBLICATION_RECORD,false,
NG-PLC-000347,PLACE,BLOCKED,NAME_NOT_PUBLIC|NO_NNGLA_PUBLICATION_RECORD,false,
NG-PLC-000348,PLACE,BLOCKED,NAME_NOT_PUBLIC|NO_NNGLA_PUBLICATION_RECORD,false,
NG-PLC-000349,PLACE,BLOCKED,NAME_NOT_PUBLIC|NO_NNGLA_PUBLICATION_RECORD,false,
NG-PLC-000350,PLACE,BLOCKED,NAME_NOT_PUBLIC|NO_NNGLA_PUBLICATION_RECORD,false,
NG-PLC-000351,PLACE,BLOCKED,NAME_NOT_PUBLIC|NO_NNGLA_PUBLICATION_RECORD,false,
NG-PLC-000352,PLACE,BLOCKED,NAME_NOT_PUBLIC|NO_NNGLA_PUBLICATION_RECORD,false,
NG-PLC-000353,PLACE,BLOCKED,NAME_NOT_PUBLIC|NO_NNGLA_PUBLICATION_RECORD,false,
NG-PLC-000354,PLACE,BLOCKED,NAME_NOT_PUBLIC|NO_NNGLA_PUBLICATION_RECORD,false,
NG-PLC-000355,PLACE,BLOCKED,NAME_NOT_PUBLIC|NO_NNGLA_PUBLICATION_RECORD,false,
NG-PLC-000356,PLACE,BLOCKED,NAME_NOT_PUBLIC|NO_NNGLA_PUBLICATION_RECORD,false,
NG-PLC-000357,PLACE,BLOCKED,NAME_NOT_PUBLIC|NO_NNGLA_PUBLICATION_RECORD,false,
NG-PLC-000358,PLACE,BLOCKED,NAME_NOT_PUBLIC|NO_NNGLA_PUBLICATION_RECORD,false,
NG-PLC-000359,PLACE,BLOCKED,NAME_NOT_PUBLIC|NO_NNGLA_PUBLICATION_RECORD,false,
NG-PLC-000360,PLACE,BLOCKED,NAME_NOT_PUBLIC|NO_NNGLA_PUBLICATION_RECORD,false,
NG-PLC-000361,PLACE,BLOCKED,NAME_NOT_PUBLIC|NO_NNGLA_PUBLICATION_RECORD,false,
NG-PLC-000362,PLACE,BLOCKED,NAME_NOT_PUBLIC|NO_NNGLA_PUBLICATION_RECORD,false,
NG-PLC-000363,PLACE,BLOCKED,NAME_NOT_PUBLIC|NO_NNGLA_PUBLICATION_RECORD,false,
NG-PLC-000364,PLACE,BLOCKED,NAME_NOT_PUBLIC|NO_NNGLA_PUBLICATION_RECORD,false,
NG-PLC-000365,PLACE,BLOCKED,NAME_NOT_PUBLIC|NO_NNGLA_PUBLICATION_RECORD,false,
NG-PLC-000366,PLACE,BLOCKED,NAME_NOT_PUBLIC|NO_NNGLA_PUBLICATION_RECORD,false,
NG-PLC-000367,PLACE,BLOCKED,NAME_NOT_PUBLIC|NO_NNGLA_PUBLICATION_RECORD,false,
NG-PLC-000368,PLACE,BLOCKED,NAME_NOT_PUBLIC|NO_NNGLA_PUBLICATION_RECORD,false,
NG-PLC-000369,PLACE,BLOCKED,NAME_NOT_PUBLIC|NO_NNGLA_PUBLICATION_RECORD,false,
NG-PLC-000370,PLACE,BLOCKED,NAME_NOT_PUBLIC|NO_NNGLA_PUBLICATION_RECORD,false,
NG-PLC-000371,PLACE,BLOCKED,NAME_NOT_PUBLIC|NO_NNGLA_PUBLICATION_RECORD,false,
NG-PLC-000372,PLACE,BLOCKED,NAME_NOT_PUBLIC|NO_NNGLA_PUBLICATION_RECORD,false,
NG-PLC-000373,PLACE,BLOCKED,NAME_NOT_PUBLIC|NO_NNGLA_PUBLICATION_RECORD,false,
NG-PLC-000374,PLACE,BLOCKED,NAME_NOT_PUBLIC|NO_NNGLA_PUBLICATION_RECORD,false,
NG-PLC-000375,PLACE,BLOCKED,NAME_NOT_PUBLIC|NO_NNGLA_PUBLICATION_RECORD,false,
NG-PLC-000376,PLACE,BLOCKED,NAME_NOT_PUBLIC|NO_NNGLA_PUBLICATION_RECORD,false,
NG-PLC-000377,PLACE,BLOCKED,NAME_NOT_PUBLIC|NO_NNGLA_PUBLICATION_RECORD,false,
NG-PLC-000378,PLACE,BLOCKED,NAME_NOT_PUBLIC|NO_NNGLA_PUBLICATION_RECORD,false,
NG-PLC-000379,PLACE,BLOCKED,NAME_NOT_PUBLIC|NO_NNGLA_PUBLICATION_RECORD,false,
NG-PLC-000380,PLACE,BLOCKED,NAME_NOT_PUBLIC|NO_NNGLA_PUBLICATION_RECORD,false,
NG-PLC-000381,PLACE,BLOCKED,NAME_NOT_PUBLIC|NO_NNGLA_PUBLICATION_RECORD,false,
NG-PLC-000382,PLACE,BLOCKED,NAME_NOT_PUBLIC|NO_NNGLA_PUBLICATION_RECORD,false,
NG-PLC-000383,PLACE,BLOCKED,NAME_NOT_PUBLIC|NO_NNGLA_PUBLICATION_RECORD,false,
NG-PLC-000384,PLACE,BLOCKED,NAME_NOT_PUBLIC|NO_NNGLA_PUBLICATION_RECORD,false,
NG-PLC-000385,PLACE,BLOCKED,NAME_NOT_PUBLIC|NO_NNGLA_PUBLICATION_RECORD,false,
NG-PLC-000386,PLACE,BLOCKED,NAME_NOT_PUBLIC|NO_NNGLA_PUBLICATION_RECORD,false,
NG-PLC-000387,PLACE,BLOCKED,NAME_NOT_PUBLIC|NO_NNGLA_PUBLICATION_RECORD,false,
NG-PLC-000388,PLACE,BLOCKED,NAME_NOT_PUBLIC|NO_NNGLA_PUBLICATION_RECORD,false,
NG-PLC-000389,PLACE,BLOCKED,NAME_NOT_PUBLIC|NO_NNGLA_PUBLICATION_RECORD,false,
NG-PLC-000390,PLACE,BLOCKED,NAME_NOT_PUBLIC|NO_NNGLA_PUBLICATION_RECORD,false,
NG-PLC-000391,PLACE,BLOCKED,NAME_NOT_PUBLIC|NO_NNGLA_PUBLICATION_RECORD,false,
NG-PLC-000392,PLACE,BLOCKED,NAME_NOT_PUBLIC|NO_NNGLA_PUBLICATION_RECORD,false,
NG-PLC-000393,PLACE,BLOCKED,NAME_NOT_PUBLIC|NO_NNGLA_PUBLICATION_RECORD,false,
NG-PLC-000394,PLACE,BLOCKED,NAME_NOT_PUBLIC|NO_NNGLA_PUBLICATION_RECORD,false,
NG-PLC-000395,PLACE,BLOCKED,NAME_NOT_PUBLIC|NO_NNGLA_PUBLICATION_RECORD,false,
NG-PLC-000396,PLACE,BLOCKED,NAME_NOT_PUBLIC|NO_NNGLA_PUBLICATION_RECORD,false,
NG-PLC-000397,PLACE,BLOCKED,NAME_NOT_PUBLIC|NO_NNGLA_PUBLICATION_RECORD,false,
NG-PLC-000398,PLACE,BLOCKED,NAME_NOT_PUBLIC|NO_NNGLA_PUBLICATION_RECORD,false,
NG-PLC-000399,PLACE,BLOCKED,NAME_NOT_PUBLIC|NO_NNGLA_PUBLICATION_RECORD,false,
NG-PLC-000400,PLACE,BLOCKED,NAME_NOT_PUBLIC|NO_NNGLA_PUBLICATION_RECORD,false,
NG-PLC-000401,PLACE,BLOCKED,NAME_NOT_PUBLIC|NO_NNGLA_PUBLICATION_RECORD,false,
NG-PLC-000402,PLACE,BLOCKED,NAME_NOT_PUBLIC|NO_NNGLA_PUBLICATION_RECORD,false,
NG-PLC-000403,PLACE,BLOCKED,NAME_NOT_PUBLIC|NO_NNGLA_PUBLICATION_RECORD,false,
NG-PLC-000404,PLACE,BLOCKED,NAME_NOT_PUBLIC|NO_NNGLA_PUBLICATION_RECORD,false,
NG-PLC-000405,PLACE,BLOCKED,NAME_NOT_PUBLIC|NO_NNGLA_PUBLICATION_RECORD,false,
NG-PLC-000406,PLACE,BLOCKED,NAME_NOT_PUBLIC|NO_NNGLA_PUBLICATION_RECORD,false,
NG-PLC-000407,PLACE,BLOCKED,NAME_NOT_PUBLIC|NO_NNGLA_PUBLICATION_RECORD,false,
NG-PLC-000408,PLACE,BLOCKED,NAME_NOT_PUBLIC|NO_NNGLA_PUBLICATION_RECORD,false,
NG-PLC-000409,PLACE,BLOCKED,NAME_NOT_PUBLIC|NO_NNGLA_PUBLICATION_RECORD,false,
NG-PLC-000410,PLACE,BLOCKED,NAME_NOT_PUBLIC|NO_NNGLA_PUBLICATION_RECORD,false,
NG-PLC-000411,PLACE,BLOCKED,NAME_NOT_PUBLIC|NO_NNGLA_PUBLICATION_RECORD,false,
NG-PLC-000412,PLACE,BLOCKED,NAME_NOT_PUBLIC|NO_NNGLA_PUBLICATION_RECORD,false,
NG-PLC-000413,PLACE,BLOCKED,NAME_NOT_PUBLIC|NO_NNGLA_PUBLICATION_RECORD,false,
NG-PLC-000414,PLACE,BLOCKED,NAME_NOT_PUBLIC|NO_NNGLA_PUBLICATION_RECORD,false,
NG-PLC-000415,PLACE,BLOCKED,NAME_NOT_PUBLIC|NO_NNGLA_PUBLICATION_RECORD,false,
NG-PLC-000416,PLACE,BLOCKED,NAME_NOT_PUBLIC|NO_NNGLA_PUBLICATION_RECORD,false,
NG-PLC-000417,PLACE,BLOCKED,NAME_NOT_PUBLIC|NO_NNGLA_PUBLICATION_RECORD,false,
NG-PLC-000418,PLACE,BLOCKED,NAME_NOT_PUBLIC|NO_NNGLA_PUBLICATION_RECORD,false,
NG-PLC-000419,PLACE,BLOCKED,NAME_NOT_PUBLIC|NO_NNGLA_PUBLICATION_RECORD,false,
NG-PLC-000420,PLACE,BLOCKED,NAME_NOT_PUBLIC|NO_NNGLA_PUBLICATION_RECORD,false,
NG-PLC-000421,PLACE,BLOCKED,NAME_NOT_PUBLIC|NO_NNGLA_PUBLICATION_RECORD,false,
NG-PLC-000422,PLACE,BLOCKED,NAME_NOT_PUBLIC|NO_NNGLA_PUBLICATION_RECORD,false,
NG-PLC-000423,PLACE,BLOCKED,NAME_NOT_PUBLIC|NO_NNGLA_PUBLICATION_RECORD,false,
NG-PLC-000424,PLACE,BLOCKED,NAME_NOT_PUBLIC|NO_NNGLA_PUBLICATION_RECORD,false,
NG-PLC-000425,PLACE,BLOCKED,NAME_NOT_PUBLIC|NO_NNGLA_PUBLICATION_RECORD,false,
NG-PLC-000426,PLACE,BLOCKED,NAME_NOT_PUBLIC|NO_NNGLA_PUBLICATION_RECORD,false,
NG-PLC-000427,PLACE,BLOCKED,NAME_NOT_PUBLIC|NO_NNGLA_PUBLICATION_RECORD,false,
NG-PLC-000428,PLACE,BLOCKED,NAME_NOT_PUBLIC|NO_NNGLA_PUBLICATION_RECORD,false,
NG-PLC-000429,PLACE,BLOCKED,NAME_NOT_PUBLIC|NO_NNGLA_PUBLICATION_RECORD,false,
NG-PLC-000430,PLACE,BLOCKED,NAME_NOT_PUBLIC|NO_NNGLA_PUBLICATION_RECORD,false,
NG-PLC-000431,PLACE,BLOCKED,NAME_NOT_PUBLIC|NO_NNGLA_PUBLICATION_RECORD,false,
NG-PLC-000432,PLACE,BLOCKED,NAME_NOT_PUBLIC|NO_NNGLA_PUBLICATION_RECORD,false,
NG-PLC-000433,PLACE,BLOCKED,NAME_NOT_PUBLIC|NO_NNGLA_PUBLICATION_RECORD,false,
NG-PLC-000434,PLACE,BLOCKED,NAME_NOT_PUBLIC|NO_NNGLA_PUBLICATION_RECORD,false,
NG-PLC-000435,PLACE,BLOCKED,NAME_NOT_PUBLIC|NO_NNGLA_PUBLICATION_RECORD,false,
NG-PLC-000436,PLACE,BLOCKED,NAME_NOT_PUBLIC|NO_NNGLA_PUBLICATION_RECORD,false,
NG-PLC-000437,PLACE,BLOCKED,NAME_NOT_PUBLIC|NO_NNGLA_PUBLICATION_RECORD,false,
NG-PLC-000438,PLACE,BLOCKED,NAME_NOT_PUBLIC|NO_NNGLA_PUBLICATION_RECORD,false,
NG-PLC-000439,PLACE,BLOCKED,NAME_NOT_PUBLIC|NO_NNGLA_PUBLICATION_RECORD,false,
NG-PLC-000440,PLACE,BLOCKED,NAME_NOT_PUBLIC|NO_NNGLA_PUBLICATION_RECORD,false,
NG-PLC-000441,PLACE,BLOCKED,NAME_NOT_PUBLIC|NO_NNGLA_PUBLICATION_RECORD,false,
NG-PLC-000442,PLACE,BLOCKED,NAME_NOT_PUBLIC|NO_NNGLA_PUBLICATION_RECORD,false,
NG-PLC-000443,PLACE,BLOCKED,NAME_NOT_PUBLIC|NO_NNGLA_PUBLICATION_RECORD,false,
NG-PLC-000444,PLACE,BLOCKED,NAME_NOT_PUBLIC|NO_NNGLA_PUBLICATION_RECORD,false,
NG-PLC-000445,PLACE,BLOCKED,NAME_NOT_PUBLIC|NO_NNGLA_PUBLICATION_RECORD,false,
NG-PLC-000446,PLACE,BLOCKED,NAME_NOT_PUBLIC|NO_NNGLA_PUBLICATION_RECORD,false,
NG-PLC-000447,PLACE,BLOCKED,NAME_NOT_PUBLIC|NO_NNGLA_PUBLICATION_RECORD,false,
NG-PLC-000448,PLACE,BLOCKED,NAME_NOT_PUBLIC|NO_NNGLA_PUBLICATION_RECORD,false,
NG-PLC-000449,PLACE,BLOCKED,NAME_NOT_PUBLIC|NO_NNGLA_PUBLICATION_RECORD,false,
NG-PLC-000450,PLACE,BLOCKED,NAME_NOT_PUBLIC|NO_NNGLA_PUBLICATION_RECORD,false,
NG-PLC-000451,PLACE,BLOCKED,NAME_NOT_PUBLIC|NO_NNGLA_PUBLICATION_RECORD,false,
NG-PLC-000452,PLACE,BLOCKED,NAME_NOT_PUBLIC|NO_NNGLA_PUBLICATION_RECORD,false,
NG-PLC-000453,PLACE,BLOCKED,NAME_NOT_PUBLIC|NO_NNGLA_PUBLICATION_RECORD,false,
NG-PLC-000454,PLACE,BLOCKED,NAME_NOT_PUBLIC|NO_NNGLA_PUBLICATION_RECORD,false,
NG-PLC-000455,PLACE,BLOCKED,NAME_NOT_PUBLIC|NO_NNGLA_PUBLICATION_RECORD,false,
NG-PLC-000456,PLACE,BLOCKED,NAME_NOT_PUBLIC|NO_NNGLA_PUBLICATION_RECORD,false,
NG-PLC-000457,PLACE,BLOCKED,NAME_NOT_PUBLIC|NO_NNGLA_PUBLICATION_RECORD,false,
NG-PLC-000458,PLACE,BLOCKED,NAME_NOT_PUBLIC|NO_NNGLA_PUBLICATION_RECORD,false,
NG-PLC-000459,PLACE,BLOCKED,NAME_NOT_PUBLIC|NO_NNGLA_PUBLICATION_RECORD,false,
NG-PLC-000460,PLACE,BLOCKED,NAME_NOT_PUBLIC|NO_NNGLA_PUBLICATION_RECORD,false,
NG-PLC-000461,PLACE,BLOCKED,NAME_NOT_PUBLIC|NO_NNGLA_PUBLICATION_RECORD,false,
NG-PLC-000462,PLACE,BLOCKED,NAME_NOT_PUBLIC|NO_NNGLA_PUBLICATION_RECORD,false,
NG-PLC-000463,PLACE,BLOCKED,NAME_NOT_PUBLIC|NO_NNGLA_PUBLICATION_RECORD,false,
NG-PLC-000464,PLACE,BLOCKED,NAME_NOT_PUBLIC|NO_NNGLA_PUBLICATION_RECORD,false,
NG-PLC-000465,PLACE,BLOCKED,NAME_NOT_PUBLIC|NO_NNGLA_PUBLICATION_RECORD,false,
NG-PLC-000466,PLACE,BLOCKED,NAME_NOT_PUBLIC|NO_NNGLA_PUBLICATION_RECORD,false,
NG-PLC-000467,PLACE,BLOCKED,NAME_NOT_PUBLIC|NO_NNGLA_PUBLICATION_RECORD,false,
NG-PLC-000468,PLACE,BLOCKED,NAME_NOT_PUBLIC|NO_NNGLA_PUBLICATION_RECORD,false,
NG-PLC-000469,PLACE,BLOCKED,NAME_NOT_PUBLIC|NO_NNGLA_PUBLICATION_RECORD,false,
NG-PLC-000470,PLACE,BLOCKED,NAME_NOT_PUBLIC|NO_NNGLA_PUBLICATION_RECORD,false,
NG-PLC-000471,PLACE,BLOCKED,NAME_NOT_PUBLIC|NO_NNGLA_PUBLICATION_RECORD,false,
NG-PLC-000472,PLACE,BLOCKED,NAME_NOT_PUBLIC|NO_NNGLA_PUBLICATION_RECORD,false,
NG-PLC-000473,PLACE,BLOCKED,NAME_NOT_PUBLIC|NO_NNGLA_PUBLICATION_RECORD,false,
NG-PLC-000474,PLACE,BLOCKED,NAME_NOT_PUBLIC|NO_NNGLA_PUBLICATION_RECORD,false,
NG-PLC-000475,PLACE,BLOCKED,NAME_NOT_PUBLIC|NO_NNGLA_PUBLICATION_RECORD,false,
NG-PLC-000476,PLACE,BLOCKED,NAME_NOT_PUBLIC|NO_NNGLA_PUBLICATION_RECORD,false,
NG-PLC-000477,PLACE,BLOCKED,NAME_NOT_PUBLIC|NO_NNGLA_PUBLICATION_RECORD,false,
NG-PLC-000478,PLACE,BLOCKED,NAME_NOT_PUBLIC|NO_NNGLA_PUBLICATION_RECORD,false,
NG-PLC-000479,PLACE,BLOCKED,NAME_NOT_PUBLIC|NO_NNGLA_PUBLICATION_RECORD,false,
NG-PLC-000480,PLACE,BLOCKED,NAME_NOT_PUBLIC|NO_NNGLA_PUBLICATION_RECORD,false,
NG-PLC-000481,PLACE,BLOCKED,NAME_NOT_PUBLIC|NO_NNGLA_PUBLICATION_RECORD,false,
NG-PLC-000482,PLACE,BLOCKED,NAME_NOT_PUBLIC|NO_NNGLA_PUBLICATION_RECORD,false,
NG-PLC-000483,PLACE,BLOCKED,NAME_NOT_PUBLIC|NO_NNGLA_PUBLICATION_RECORD,false,
NG-PLC-000484,PLACE,BLOCKED,NAME_NOT_PUBLIC|NO_NNGLA_PUBLICATION_RECORD,false,
NG-PLC-000485,PLACE,BLOCKED,NAME_NOT_PUBLIC|NO_NNGLA_PUBLICATION_RECORD,false,
NG-PLC-000486,PLACE,BLOCKED,NAME_NOT_PUBLIC|NO_NNGLA_PUBLICATION_RECORD,false,
NG-PLC-000487,PLACE,BLOCKED,NAME_NOT_PUBLIC|NO_NNGLA_PUBLICATION_RECORD,false,
NG-PLC-000488,PLACE,BLOCKED,NAME_NOT_PUBLIC|NO_NNGLA_PUBLICATION_RECORD,false,
NG-PLC-000489,PLACE,BLOCKED,NAME_NOT_PUBLIC|NO_NNGLA_PUBLICATION_RECORD,false,
NG-PLC-000490,PLACE,BLOCKED,NAME_NOT_PUBLIC|NO_NNGLA_PUBLICATION_RECORD,false,
NG-PLC-000491,PLACE,BLOCKED,NAME_NOT_PUBLIC|NO_NNGLA_PUBLICATION_RECORD,false,
NG-PLC-000492,PLACE,BLOCKED,NAME_NOT_PUBLIC|NO_NNGLA_PUBLICATION_RECORD,false,
NG-PLC-000493,PLACE,BLOCKED,NAME_NOT_PUBLIC|NO_NNGLA_PUBLICATION_RECORD,false,
NG-PLC-000494,PLACE,BLOCKED,NAME_NOT_PUBLIC|NO_NNGLA_PUBLICATION_RECORD,false,
NG-PLC-000495,PLACE,BLOCKED,NAME_NOT_PUBLIC|NO_NNGLA_PUBLICATION_RECORD,false,
NG-PLC-000496,PLACE,BLOCKED,NAME_NOT_PUBLIC|NO_NNGLA_PUBLICATION_RECORD,false,
NG-PLC-000497,PLACE,BLOCKED,NAME_NOT_PUBLIC|NO_NNGLA_PUBLICATION_RECORD,false,
NG-PLC-000498,PLACE,BLOCKED,NAME_NOT_PUBLIC|NO_NNGLA_PUBLICATION_RECORD,false,
NG-PLC-000499,PLACE,BLOCKED,NAME_NOT_PUBLIC|NO_NNGLA_PUBLICATION_RECORD,false,
NG-PLC-000500,PLACE,BLOCKED,NAME_NOT_PUBLIC|NO_NNGLA_PUBLICATION_RECORD,false,
NG-PLC-000501,PLACE,BLOCKED,NAME_NOT_PUBLIC|NO_NNGLA_PUBLICATION_RECORD,false,
NG-PLC-000502,PLACE,BLOCKED,NAME_NOT_PUBLIC|NO_NNGLA_PUBLICATION_RECORD,false,
NG-PLC-000503,PLACE,BLOCKED,NAME_NOT_PUBLIC|NO_NNGLA_PUBLICATION_RECORD,false,
NG-PLC-000504,PLACE,BLOCKED,NAME_NOT_PUBLIC|NO_NNGLA_PUBLICATION_RECORD,false,
NG-PLC-000505,PLACE,BLOCKED,NAME_NOT_PUBLIC|NO_NNGLA_PUBLICATION_RECORD,false,
NG-PLC-000506,PLACE,BLOCKED,NAME_NOT_PUBLIC|NO_NNGLA_PUBLICATION_RECORD,false,
NG-PLC-000507,PLACE,BLOCKED,NAME_NOT_PUBLIC|NO_NNGLA_PUBLICATION_RECORD,false,
NG-PLC-000508,PLACE,BLOCKED,NAME_NOT_PUBLIC|NO_NNGLA_PUBLICATION_RECORD,false,
NG-PLC-000509,PLACE,BLOCKED,NAME_NOT_PUBLIC|NO_NNGLA_PUBLICATION_RECORD,false,
NG-PLC-000510,PLACE,BLOCKED,NAME_NOT_PUBLIC|NO_NNGLA_PUBLICATION_RECORD,false,
NG-PLC-000511,PLACE,BLOCKED,NAME_NOT_PUBLIC|NO_NNGLA_PUBLICATION_RECORD,false,
NG-PLC-000512,PLACE,BLOCKED,NAME_NOT_PUBLIC|NO_NNGLA_PUBLICATION_RECORD,false,
NG-PLC-000513,PLACE,BLOCKED,NAME_NOT_PUBLIC|NO_NNGLA_PUBLICATION_RECORD,false,
NG-PLC-000514,PLACE,BLOCKED,NAME_NOT_PUBLIC|NO_NNGLA_PUBLICATION_RECORD,false,
NG-PLC-000515,PLACE,BLOCKED,NAME_NOT_PUBLIC|NO_NNGLA_PUBLICATION_RECORD,false,
NG-PLC-000516,PLACE,BLOCKED,NAME_NOT_PUBLIC|NO_NNGLA_PUBLICATION_RECORD,false,
NG-PLC-000517,PLACE,BLOCKED,NAME_NOT_PUBLIC|NO_NNGLA_PUBLICATION_RECORD,false,
NG-PLC-000518,PLACE,BLOCKED,NAME_NOT_PUBLIC|NO_NNGLA_PUBLICATION_RECORD,false,
NG-PLC-000519,PLACE,BLOCKED,NAME_NOT_PUBLIC|NO_NNGLA_PUBLICATION_RECORD,false,
NG-PLC-000520,PLACE,BLOCKED,NAME_NOT_PUBLIC|NO_NNGLA_PUBLICATION_RECORD,false,
NG-PLC-000521,PLACE,BLOCKED,NAME_NOT_PUBLIC|NO_NNGLA_PUBLICATION_RECORD,false,
NG-PLC-000522,PLACE,BLOCKED,NAME_NOT_PUBLIC|NO_NNGLA_PUBLICATION_RECORD,false,
NG-PLC-000523,PLACE,BLOCKED,NAME_NOT_PUBLIC|NO_NNGLA_PUBLICATION_RECORD,false,
NG-PLC-000524,PLACE,BLOCKED,NAME_NOT_PUBLIC|NO_NNGLA_PUBLICATION_RECORD,false,
NG-PLC-000525,PLACE,BLOCKED,NAME_NOT_PUBLIC|NO_NNGLA_PUBLICATION_RECORD,false,
NG-PLC-000526,PLACE,BLOCKED,NAME_NOT_PUBLIC|NO_NNGLA_PUBLICATION_RECORD,false,
NG-PLC-000527,PLACE,BLOCKED,NAME_NOT_PUBLIC|NO_NNGLA_PUBLICATION_RECORD,false,
NG-PLC-000528,PLACE,BLOCKED,NAME_NOT_PUBLIC|NO_NNGLA_PUBLICATION_RECORD,false,
NG-PLC-000529,PLACE,BLOCKED,NAME_NOT_PUBLIC|NO_NNGLA_PUBLICATION_RECORD,false,
NG-PLC-000530,PLACE,BLOCKED,NAME_NOT_PUBLIC|NO_NNGLA_PUBLICATION_RECORD,false,
NG-PLC-000531,PLACE,BLOCKED,NAME_NOT_PUBLIC|NO_NNGLA_PUBLICATION_RECORD,false,
NG-PLC-000532,PLACE,BLOCKED,NAME_NOT_PUBLIC|NO_NNGLA_PUBLICATION_RECORD,false,
NG-PLC-000533,PLACE,BLOCKED,NAME_NOT_PUBLIC|NO_NNGLA_PUBLICATION_RECORD,false,
NG-PLC-000534,PLACE,BLOCKED,NAME_NOT_PUBLIC|NO_NNGLA_PUBLICATION_RECORD,false,
NG-PLC-000535,PLACE,BLOCKED,NAME_NOT_PUBLIC|NO_NNGLA_PUBLICATION_RECORD,false,
NG-PLC-000536,PLACE,BLOCKED,NAME_NOT_PUBLIC|NO_NNGLA_PUBLICATION_RECORD,false,
NG-PLC-000537,PLACE,BLOCKED,NAME_NOT_PUBLIC|NO_NNGLA_PUBLICATION_RECORD,false,
NG-PLC-000538,PLACE,BLOCKED,NAME_NOT_PUBLIC|NO_NNGLA_PUBLICATION_RECORD,false,
NG-PLC-000539,PLACE,BLOCKED,NAME_NOT_PUBLIC|NO_NNGLA_PUBLICATION_RECORD,false,
NG-PLC-000540,PLACE,BLOCKED,NAME_NOT_PUBLIC|NO_NNGLA_PUBLICATION_RECORD,false,
NG-PLC-000541,PLACE,BLOCKED,NAME_NOT_PUBLIC|NO_NNGLA_PUBLICATION_RECORD,false,
NG-PLC-000542,PLACE,BLOCKED,NAME_NOT_PUBLIC|NO_NNGLA_PUBLICATION_RECORD,false,
NG-PLC-000543,PLACE,BLOCKED,NAME_NOT_PUBLIC|NO_NNGLA_PUBLICATION_RECORD,false,
NG-PLC-000544,PLACE,BLOCKED,NAME_NOT_PUBLIC|NO_NNGLA_PUBLICATION_RECORD,false,
NG-PLC-000545,PLACE,BLOCKED,NAME_NOT_PUBLIC|NO_NNGLA_PUBLICATION_RECORD,false,
NG-PLC-000546,PLACE,BLOCKED,NAME_NOT_PUBLIC|NO_NNGLA_PUBLICATION_RECORD,false,
NG-PLC-000547,PLACE,BLOCKED,NAME_NOT_PUBLIC|NO_NNGLA_PUBLICATION_RECORD,false,
NG-PLC-000548,PLACE,BLOCKED,NAME_NOT_PUBLIC|NO_NNGLA_PUBLICATION_RECORD,false,
NG-PLC-000549,PLACE,BLOCKED,NAME_NOT_PUBLIC|NO_NNGLA_PUBLICATION_RECORD,false,
NG-PLC-000550,PLACE,BLOCKED,NAME_NOT_PUBLIC|NO_NNGLA_PUBLICATION_RECORD,false,
NG-PLC-000551,PLACE,BLOCKED,NAME_NOT_PUBLIC|NO_NNGLA_PUBLICATION_RECORD,false,
NG-PLC-000552,PLACE,BLOCKED,NAME_NOT_PUBLIC|NO_NNGLA_PUBLICATION_RECORD,false,
NG-PLC-000553,PLACE,BLOCKED,NAME_NOT_PUBLIC|NO_NNGLA_PUBLICATION_RECORD,false,
NG-PLC-000554,PLACE,BLOCKED,NAME_NOT_PUBLIC|NO_NNGLA_PUBLICATION_RECORD,false,
NG-PLC-000555,PLACE,BLOCKED,NAME_NOT_PUBLIC|NO_NNGLA_PUBLICATION_RECORD,false,
NG-PLC-000556,PLACE,BLOCKED,NAME_NOT_PUBLIC|NO_NNGLA_PUBLICATION_RECORD,false,
NG-PLC-000557,PLACE,BLOCKED,NAME_NOT_PUBLIC|NO_NNGLA_PUBLICATION_RECORD,false,
NG-PLC-000558,PLACE,BLOCKED,NAME_NOT_PUBLIC|NO_NNGLA_PUBLICATION_RECORD,false,
NG-PLC-000559,PLACE,BLOCKED,NAME_NOT_PUBLIC|NO_NNGLA_PUBLICATION_RECORD,false,
NG-PLC-000560,PLACE,BLOCKED,NAME_NOT_PUBLIC|NO_NNGLA_PUBLICATION_RECORD,false,
NG-PLC-000561,PLACE,BLOCKED,NAME_NOT_PUBLIC|NO_NNGLA_PUBLICATION_RECORD,false,
NG-PLC-000562,PLACE,BLOCKED,NAME_NOT_PUBLIC|NO_NNGLA_PUBLICATION_RECORD,false,
NG-PLC-000563,PLACE,BLOCKED,NAME_NOT_PUBLIC|NO_NNGLA_PUBLICATION_RECORD,false,
NG-PLC-000564,PLACE,BLOCKED,NAME_NOT_PUBLIC|NO_NNGLA_PUBLICATION_RECORD,false,
NG-PLC-000565,PLACE,BLOCKED,NAME_NOT_PUBLIC|NO_NNGLA_PUBLICATION_RECORD,false,
NG-PLC-000566,PLACE,BLOCKED,NAME_NOT_PUBLIC|NO_NNGLA_PUBLICATION_RECORD,false,
NG-PLC-000567,PLACE,BLOCKED,NAME_NOT_PUBLIC|NO_NNGLA_PUBLICATION_RECORD,false,
NG-PLC-000568,PLACE,BLOCKED,NAME_NOT_PUBLIC|NO_NNGLA_PUBLICATION_RECORD,false,
NG-PLC-000569,PLACE,BLOCKED,NAME_NOT_PUBLIC|NO_NNGLA_PUBLICATION_RECORD,false,
NG-PLC-000570,PLACE,BLOCKED,NAME_NOT_PUBLIC|NO_NNGLA_PUBLICATION_RECORD,false,
NG-PLC-000571,PLACE,BLOCKED,NAME_NOT_PUBLIC|NO_NNGLA_PUBLICATION_RECORD,false,
NG-PLC-000572,PLACE,BLOCKED,NAME_NOT_PUBLIC|NO_NNGLA_PUBLICATION_RECORD,false,
NG-PLC-000573,PLACE,BLOCKED,NAME_NOT_PUBLIC|NO_NNGLA_PUBLICATION_RECORD,false,
NG-PLC-000574,PLACE,BLOCKED,NAME_NOT_PUBLIC|NO_NNGLA_PUBLICATION_RECORD,false,
NG-PLC-000575,PLACE,BLOCKED,NAME_NOT_PUBLIC|NO_NNGLA_PUBLICATION_RECORD,false,
NG-PLC-000576,PLACE,BLOCKED,NAME_NOT_PUBLIC|NO_NNGLA_PUBLICATION_RECORD,false,
NG-PLC-000577,PLACE,BLOCKED,NAME_NOT_PUBLIC|NO_NNGLA_PUBLICATION_RECORD,false,
NG-PLC-000578,PLACE,BLOCKED,NAME_NOT_PUBLIC|NO_NNGLA_PUBLICATION_RECORD,false,
NG-PLC-000579,PLACE,BLOCKED,NAME_NOT_PUBLIC|NO_NNGLA_PUBLICATION_RECORD,false,
NG-PLC-000580,PLACE,BLOCKED,NAME_NOT_PUBLIC|NO_NNGLA_PUBLICATION_RECORD,false,
NG-PLC-000581,PLACE,BLOCKED,NAME_NOT_PUBLIC|NO_NNGLA_PUBLICATION_RECORD,false,
NG-PLC-000582,PLACE,BLOCKED,NAME_NOT_PUBLIC|NO_NNGLA_PUBLICATION_RECORD,false,
NG-PLC-000583,PLACE,BLOCKED,NAME_NOT_PUBLIC|NO_NNGLA_PUBLICATION_RECORD,false,
NG-PLC-000584,PLACE,BLOCKED,NAME_NOT_PUBLIC|NO_NNGLA_PUBLICATION_RECORD,false,
NG-PLC-000585,PLACE,BLOCKED,NAME_NOT_PUBLIC|NO_NNGLA_PUBLICATION_RECORD,false,
NG-PLC-000586,PLACE,BLOCKED,NAME_NOT_PUBLIC|NO_NNGLA_PUBLICATION_RECORD,false,
NG-PLC-000587,PLACE,BLOCKED,NAME_NOT_PUBLIC|NO_NNGLA_PUBLICATION_RECORD,false,
NG-PLC-000588,PLACE,BLOCKED,NAME_NOT_PUBLIC|NO_NNGLA_PUBLICATION_RECORD,false,
NG-PLC-000589,PLACE,BLOCKED,NAME_NOT_PUBLIC|NO_NNGLA_PUBLICATION_RECORD,false,
NG-PLC-000590,PLACE,BLOCKED,NAME_NOT_PUBLIC|NO_NNGLA_PUBLICATION_RECORD,false,
NG-PLC-000591,PLACE,BLOCKED,NAME_NOT_PUBLIC|NO_NNGLA_PUBLICATION_RECORD,false,
NG-PLC-000592,PLACE,BLOCKED,NAME_NOT_PUBLIC|NO_NNGLA_PUBLICATION_RECORD,false,
NG-PLC-000593,PLACE,BLOCKED,NAME_NOT_PUBLIC|NO_NNGLA_PUBLICATION_RECORD,false,
NG-PLC-000594,PLACE,BLOCKED,NAME_NOT_PUBLIC|NO_NNGLA_PUBLICATION_RECORD,false,
NG-PLC-000595,PLACE,BLOCKED,NAME_NOT_PUBLIC|NO_NNGLA_PUBLICATION_RECORD,false,
NG-PLC-000596,PLACE,BLOCKED,NAME_NOT_PUBLIC|NO_NNGLA_PUBLICATION_RECORD,false,
NG-PLC-000597,PLACE,BLOCKED,NAME_NOT_PUBLIC|NO_NNGLA_PUBLICATION_RECORD,false,
NG-PLC-000598,PLACE,BLOCKED,NAME_NOT_PUBLIC|NO_NNGLA_PUBLICATION_RECORD,false,
NG-PLC-000599,PLACE,BLOCKED,NAME_NOT_PUBLIC|NO_NNGLA_PUBLICATION_RECORD,false,
NG-PLC-000600,PLACE,BLOCKED,NAME_NOT_PUBLIC|NO_NNGLA_PUBLICATION_RECORD,false,
NG-PLC-000601,PLACE,BLOCKED,NAME_NOT_PUBLIC|NO_NNGLA_PUBLICATION_RECORD,false,
NG-PLC-000602,PLACE,BLOCKED,NAME_NOT_PUBLIC|NO_NNGLA_PUBLICATION_RECORD,false,
NG-PLC-000603,PLACE,BLOCKED,NAME_NOT_PUBLIC|NO_NNGLA_PUBLICATION_RECORD,false,
NG-PLC-000604,PLACE,BLOCKED,NAME_NOT_PUBLIC|NO_NNGLA_PUBLICATION_RECORD,false,
NG-PLC-000605,PLACE,BLOCKED,NAME_NOT_PUBLIC|NO_NNGLA_PUBLICATION_RECORD,false,
NG-PLC-000606,PLACE,BLOCKED,NAME_NOT_PUBLIC|NO_NNGLA_PUBLICATION_RECORD,false,
NG-PLC-000607,PLACE,BLOCKED,NAME_NOT_PUBLIC|NO_NNGLA_PUBLICATION_RECORD,false,
NG-PLC-000608,PLACE,BLOCKED,NAME_NOT_PUBLIC|NO_NNGLA_PUBLICATION_RECORD,false,
NG-PLC-000609,PLACE,BLOCKED,NAME_NOT_PUBLIC|NO_NNGLA_PUBLICATION_RECORD,false,
NG-PLC-000610,PLACE,BLOCKED,NAME_NOT_PUBLIC|NO_NNGLA_PUBLICATION_RECORD,false,
NG-PLC-000611,PLACE,BLOCKED,NAME_NOT_PUBLIC|NO_NNGLA_PUBLICATION_RECORD,false,
NG-PLC-000612,PLACE,BLOCKED,NAME_NOT_PUBLIC|NO_NNGLA_PUBLICATION_RECORD,false,
NG-PLC-000613,PLACE,BLOCKED,NAME_NOT_PUBLIC|NO_NNGLA_PUBLICATION_RECORD,false,
NG-PLC-000614,PLACE,BLOCKED,NAME_NOT_PUBLIC|NO_NNGLA_PUBLICATION_RECORD,false,
NG-PLC-000615,PLACE,BLOCKED,NAME_NOT_PUBLIC|NO_NNGLA_PUBLICATION_RECORD,false,
NG-PLC-000616,PLACE,BLOCKED,NAME_NOT_PUBLIC|NO_NNGLA_PUBLICATION_RECORD,false,
NG-PLC-000617,PLACE,BLOCKED,NAME_NOT_PUBLIC|NO_NNGLA_PUBLICATION_RECORD,false,
NG-PLC-000618,PLACE,BLOCKED,NAME_NOT_PUBLIC|NO_NNGLA_PUBLICATION_RECORD,false,
NG-PLC-000619,PLACE,BLOCKED,NAME_NOT_PUBLIC|NO_NNGLA_PUBLICATION_RECORD,false,
NG-PLC-000620,PLACE,BLOCKED,NAME_NOT_PUBLIC|NO_NNGLA_PUBLICATION_RECORD,false,
NG-PLC-000621,PLACE,BLOCKED,NAME_NOT_PUBLIC|NO_NNGLA_PUBLICATION_RECORD,false,
NG-PLC-000622,PLACE,BLOCKED,NAME_NOT_PUBLIC|NO_NNGLA_PUBLICATION_RECORD,false,
NG-PLC-000623,PLACE,BLOCKED,NAME_NOT_PUBLIC|NO_NNGLA_PUBLICATION_RECORD,false,
NG-PLC-000624,PLACE,BLOCKED,NAME_NOT_PUBLIC|NO_NNGLA_PUBLICATION_RECORD,false,
NG-PLC-000625,PLACE,BLOCKED,NAME_NOT_PUBLIC|NO_NNGLA_PUBLICATION_RECORD,false,
NG-PLC-000626,PLACE,BLOCKED,NAME_NOT_PUBLIC|NO_NNGLA_PUBLICATION_RECORD,false,
NG-PLC-000627,PLACE,BLOCKED,NAME_NOT_PUBLIC|NO_NNGLA_PUBLICATION_RECORD,false,
NG-PLC-000628,PLACE,BLOCKED,NAME_NOT_PUBLIC|NO_NNGLA_PUBLICATION_RECORD,false,
NG-PLC-000629,PLACE,BLOCKED,NAME_NOT_PUBLIC|NO_NNGLA_PUBLICATION_RECORD,false,
NG-PLC-000630,PLACE,BLOCKED,NAME_NOT_PUBLIC|NO_NNGLA_PUBLICATION_RECORD,false,
NG-PLC-000631,PLACE,BLOCKED,NAME_NOT_PUBLIC|NO_NNGLA_PUBLICATION_RECORD,false,
NG-PLC-000632,PLACE,BLOCKED,NAME_NOT_PUBLIC|NO_NNGLA_PUBLICATION_RECORD,false,
NG-PLC-000633,PLACE,BLOCKED,NAME_NOT_PUBLIC|NO_NNGLA_PUBLICATION_RECORD,false,
NG-PLC-000634,PLACE,BLOCKED,NAME_NOT_PUBLIC|NO_NNGLA_PUBLICATION_RECORD,false,
NG-PLC-000635,PLACE,BLOCKED,NAME_NOT_PUBLIC|NO_NNGLA_PUBLICATION_RECORD,false,
NG-PLC-000636,PLACE,BLOCKED,NAME_NOT_PUBLIC|NO_NNGLA_PUBLICATION_RECORD,false,
NG-PLC-000637,PLACE,BLOCKED,NAME_NOT_PUBLIC|NO_NNGLA_PUBLICATION_RECORD,false,
NG-PLC-000638,PLACE,BLOCKED,NAME_NOT_PUBLIC|NO_NNGLA_PUBLICATION_RECORD,false,
NG-PLC-000639,PLACE,BLOCKED,NAME_NOT_PUBLIC|NO_NNGLA_PUBLICATION_RECORD,false,
NG-PLC-000640,PLACE,BLOCKED,NAME_NOT_PUBLIC|NO_NNGLA_PUBLICATION_RECORD,false,
NG-PLC-000641,PLACE,BLOCKED,NAME_NOT_PUBLIC|NO_NNGLA_PUBLICATION_RECORD,false,
NG-PLC-000642,PLACE,BLOCKED,NAME_NOT_PUBLIC|NO_NNGLA_PUBLICATION_RECORD,false,
NG-PLC-000643,PLACE,BLOCKED,NAME_NOT_PUBLIC|NO_NNGLA_PUBLICATION_RECORD,false,
NG-PLC-000644,PLACE,BLOCKED,NAME_NOT_PUBLIC|NO_NNGLA_PUBLICATION_RECORD,false,
NG-PLC-000645,PLACE,BLOCKED,NAME_NOT_PUBLIC|NO_NNGLA_PUBLICATION_RECORD,false,
NG-PLC-000646,PLACE,BLOCKED,NAME_NOT_PUBLIC|NO_NNGLA_PUBLICATION_RECORD,false,
NG-PLC-000647,PLACE,BLOCKED,NAME_NOT_PUBLIC|NO_NNGLA_PUBLICATION_RECORD,false,
NG-PLC-000648,PLACE,BLOCKED,NAME_NOT_PUBLIC|NO_NNGLA_PUBLICATION_RECORD,false,
NG-PLC-000649,PLACE,BLOCKED,NAME_NOT_PUBLIC|NO_NNGLA_PUBLICATION_RECORD,false,
NG-PLC-000650,PLACE,BLOCKED,NAME_NOT_PUBLIC|NO_NNGLA_PUBLICATION_RECORD,false,
NG-PLC-000651,PLACE,BLOCKED,NAME_NOT_PUBLIC|NO_NNGLA_PUBLICATION_RECORD,false,
NG-PLC-000652,PLACE,BLOCKED,NAME_NOT_PUBLIC|NO_NNGLA_PUBLICATION_RECORD,false,
NG-PLC-000653,PLACE,BLOCKED,NAME_NOT_PUBLIC|NO_NNGLA_PUBLICATION_RECORD,false,
NG-PLC-000654,PLACE,BLOCKED,NAME_NOT_PUBLIC|NO_NNGLA_PUBLICATION_RECORD,false,
NG-PLC-000655,PLACE,BLOCKED,NAME_NOT_PUBLIC|NO_NNGLA_PUBLICATION_RECORD,false,
NG-PLC-000656,PLACE,BLOCKED,NAME_NOT_PUBLIC|NO_NNGLA_PUBLICATION_RECORD,false,
NG-PLC-000657,PLACE,BLOCKED,NAME_NOT_PUBLIC|NO_NNGLA_PUBLICATION_RECORD,false,
NG-PLC-000658,PLACE,BLOCKED,NAME_NOT_PUBLIC|NO_NNGLA_PUBLICATION_RECORD,false,
NG-PLC-000659,PLACE,BLOCKED,NAME_NOT_PUBLIC|NO_NNGLA_PUBLICATION_RECORD,false,
NG-PLC-000660,PLACE,BLOCKED,NAME_NOT_PUBLIC|NO_NNGLA_PUBLICATION_RECORD,false,
NG-PLC-000661,PLACE,BLOCKED,NAME_NOT_PUBLIC|NO_NNGLA_PUBLICATION_RECORD,false,
NG-PLC-000662,PLACE,BLOCKED,NAME_NOT_PUBLIC|NO_NNGLA_PUBLICATION_RECORD,false,
NG-PLC-000663,PLACE,BLOCKED,NAME_NOT_PUBLIC|NO_NNGLA_PUBLICATION_RECORD,false,
NG-PLC-000664,PLACE,BLOCKED,NAME_NOT_PUBLIC|NO_NNGLA_PUBLICATION_RECORD,false,
NG-PLC-000665,PLACE,BLOCKED,NAME_NOT_PUBLIC|NO_NNGLA_PUBLICATION_RECORD,false,
NG-PLC-000666,PLACE,BLOCKED,NAME_NOT_PUBLIC|NO_NNGLA_PUBLICATION_RECORD,false,
NG-PLC-000667,PLACE,BLOCKED,NAME_NOT_PUBLIC|NO_NNGLA_PUBLICATION_RECORD,false,
NG-PLC-000668,PLACE,BLOCKED,NAME_NOT_PUBLIC|NO_NNGLA_PUBLICATION_RECORD,false,
NG-PLC-000669,PLACE,BLOCKED,NAME_NOT_PUBLIC|NO_NNGLA_PUBLICATION_RECORD,false,
NG-PLC-000670,PLACE,BLOCKED,NAME_NOT_PUBLIC|NO_NNGLA_PUBLICATION_RECORD,false,
NG-PLC-000671,PLACE,BLOCKED,NAME_NOT_PUBLIC|NO_NNGLA_PUBLICATION_RECORD,false,
NG-PLC-000672,PLACE,BLOCKED,NAME_NOT_PUBLIC|NO_NNGLA_PUBLICATION_RECORD,false,
NG-PLC-000673,PLACE,BLOCKED,NAME_NOT_PUBLIC|NO_NNGLA_PUBLICATION_RECORD,false,
NG-PLC-000674,PLACE,BLOCKED,NAME_NOT_PUBLIC|NO_NNGLA_PUBLICATION_RECORD,false,
NG-PLC-000675,PLACE,BLOCKED,NAME_NOT_PUBLIC|NO_NNGLA_PUBLICATION_RECORD,false,
NG-PLC-000676,PLACE,BLOCKED,NAME_NOT_PUBLIC|NO_NNGLA_PUBLICATION_RECORD,false,
NG-PLC-000677,PLACE,BLOCKED,NAME_NOT_PUBLIC|NO_NNGLA_PUBLICATION_RECORD,false,
NG-PLC-000678,PLACE,BLOCKED,NAME_NOT_PUBLIC|NO_NNGLA_PUBLICATION_RECORD,false,
NG-PLC-000679,PLACE,BLOCKED,NAME_NOT_PUBLIC|NO_NNGLA_PUBLICATION_RECORD,false,
NG-PLC-000680,PLACE,BLOCKED,NAME_NOT_PUBLIC|NO_NNGLA_PUBLICATION_RECORD,false,
NG-PLC-000681,PLACE,BLOCKED,NAME_NOT_PUBLIC|NO_NNGLA_PUBLICATION_RECORD,false,
NG-PLC-000682,PLACE,BLOCKED,NAME_NOT_PUBLIC|NO_NNGLA_PUBLICATION_RECORD,false,
NG-PLC-000683,PLACE,BLOCKED,NAME_NOT_PUBLIC|NO_NNGLA_PUBLICATION_RECORD,false,
NG-PLC-000684,PLACE,BLOCKED,NAME_NOT_PUBLIC|NO_NNGLA_PUBLICATION_RECORD,false,
NG-PLC-000685,PLACE,BLOCKED,NAME_NOT_PUBLIC|NO_NNGLA_PUBLICATION_RECORD,false,
NG-PLC-000686,PLACE,BLOCKED,NAME_NOT_PUBLIC|NO_NNGLA_PUBLICATION_RECORD,false,
NG-PLC-000687,PLACE,BLOCKED,NAME_NOT_PUBLIC|NO_NNGLA_PUBLICATION_RECORD,false,
NG-PLC-000688,PLACE,BLOCKED,NAME_NOT_PUBLIC|NO_NNGLA_PUBLICATION_RECORD,false,
NG-PLC-000689,PLACE,BLOCKED,NAME_NOT_PUBLIC|NO_NNGLA_PUBLICATION_RECORD,false,
NG-PLC-000690,PLACE,BLOCKED,NAME_NOT_PUBLIC|NO_NNGLA_PUBLICATION_RECORD,false,
NG-PLC-000691,PLACE,BLOCKED,NAME_NOT_PUBLIC|NO_NNGLA_PUBLICATION_RECORD,false,
NG-PLC-000692,PLACE,BLOCKED,NAME_NOT_PUBLIC|NO_NNGLA_PUBLICATION_RECORD,false,
NG-PLC-000693,PLACE,BLOCKED,NAME_NOT_PUBLIC|NO_NNGLA_PUBLICATION_RECORD,false,
NG-PLC-000694,PLACE,BLOCKED,NAME_NOT_PUBLIC|NO_NNGLA_PUBLICATION_RECORD,false,
NG-PLC-000695,PLACE,BLOCKED,NAME_NOT_PUBLIC|NO_NNGLA_PUBLICATION_RECORD,false,
NG-PLC-000696,PLACE,BLOCKED,NAME_NOT_PUBLIC|NO_NNGLA_PUBLICATION_RECORD,false,
NG-PLC-000697,PLACE,BLOCKED,NAME_NOT_PUBLIC|NO_NNGLA_PUBLICATION_RECORD,false,
NG-PLC-000698,PLACE,BLOCKED,NAME_NOT_PUBLIC|NO_NNGLA_PUBLICATION_RECORD,false,
NG-PLC-000699,PLACE,BLOCKED,NAME_NOT_PUBLIC|NO_NNGLA_PUBLICATION_RECORD,false,
NG-PLC-000700,PLACE,BLOCKED,NAME_NOT_PUBLIC|NO_NNGLA_PUBLICATION_RECORD,false,
NG-ADM-000001,ADMINISTRATIVE_AREA,BLOCKED,NO_AUTHORITATIVE_GEOMETRY|NO_NNGLA_PUBLICATION_RECORD,false,
NG-ADM-000002,ADMINISTRATIVE_AREA,BLOCKED,NO_AUTHORITATIVE_GEOMETRY|NO_NNGLA_PUBLICATION_RECORD,false,
NG-ADM-000003,ADMINISTRATIVE_AREA,BLOCKED,NO_AUTHORITATIVE_GEOMETRY|NO_NNGLA_PUBLICATION_RECORD,false,
NG-ADM-000004,ADMINISTRATIVE_AREA,BLOCKED,NO_AUTHORITATIVE_GEOMETRY|NO_NNGLA_PUBLICATION_RECORD,false,
NG-ADM-000005,ADMINISTRATIVE_AREA,BLOCKED,NO_AUTHORITATIVE_GEOMETRY|NO_NNGLA_PUBLICATION_RECORD,false,
NG-ADM-000006,ADMINISTRATIVE_AREA,BLOCKED,NO_AUTHORITATIVE_GEOMETRY|NO_NNGLA_PUBLICATION_RECORD,false,
NG-ADM-000007,ADMINISTRATIVE_AREA,BLOCKED,NO_AUTHORITATIVE_GEOMETRY|NO_NNGLA_PUBLICATION_RECORD,false,
NG-ADM-000008,ADMINISTRATIVE_AREA,BLOCKED,NO_AUTHORITATIVE_GEOMETRY|NO_NNGLA_PUBLICATION_RECORD,false,
NG-ADM-000009,ADMINISTRATIVE_AREA,BLOCKED,NO_AUTHORITATIVE_GEOMETRY|NO_NNGLA_PUBLICATION_RECORD,false,
NG-ADM-000010,ADMINISTRATIVE_AREA,BLOCKED,NO_AUTHORITATIVE_GEOMETRY|NO_NNGLA_PUBLICATION_RECORD,false,
NG-ADM-000011,ADMINISTRATIVE_AREA,BLOCKED,NO_AUTHORITATIVE_GEOMETRY|NO_NNGLA_PUBLICATION_RECORD,false,
NG-ADM-000012,ADMINISTRATIVE_AREA,BLOCKED,NO_AUTHORITATIVE_GEOMETRY|NO_NNGLA_PUBLICATION_RECORD,false,
NG-ADM-000013,ADMINISTRATIVE_AREA,BLOCKED,NO_AUTHORITATIVE_GEOMETRY|NO_NNGLA_PUBLICATION_RECORD,false,
NG-ADM-000014,ADMINISTRATIVE_AREA,BLOCKED,NO_AUTHORITATIVE_GEOMETRY|NO_NNGLA_PUBLICATION_RECORD,false,
NG-ADM-000015,ADMINISTRATIVE_AREA,BLOCKED,NO_AUTHORITATIVE_GEOMETRY|NO_NNGLA_PUBLICATION_RECORD,false,
NG-ADM-000016,ADMINISTRATIVE_AREA,BLOCKED,NO_AUTHORITATIVE_GEOMETRY|NO_NNGLA_PUBLICATION_RECORD,false,
NG-ADM-000017,ADMINISTRATIVE_AREA,BLOCKED,NO_AUTHORITATIVE_GEOMETRY|NO_NNGLA_PUBLICATION_RECORD,false,
NG-ADM-000018,ADMINISTRATIVE_AREA,BLOCKED,NO_AUTHORITATIVE_GEOMETRY|NO_NNGLA_PUBLICATION_RECORD,false,
NG-ADM-000019,ADMINISTRATIVE_AREA,BLOCKED,NO_AUTHORITATIVE_GEOMETRY|NO_NNGLA_PUBLICATION_RECORD,false,
NG-ADM-000020,ADMINISTRATIVE_AREA,BLOCKED,NO_AUTHORITATIVE_GEOMETRY|NO_NNGLA_PUBLICATION_RECORD,false,
NG-ADM-000021,ADMINISTRATIVE_AREA,BLOCKED,NO_AUTHORITATIVE_GEOMETRY|NO_NNGLA_PUBLICATION_RECORD,false,
NG-ADM-000022,ADMINISTRATIVE_AREA,BLOCKED,NO_AUTHORITATIVE_GEOMETRY|NO_NNGLA_PUBLICATION_RECORD,false,
NG-ADM-000023,ADMINISTRATIVE_AREA,BLOCKED,NO_AUTHORITATIVE_GEOMETRY|NO_NNGLA_PUBLICATION_RECORD,false,
NG-ADM-000024,ADMINISTRATIVE_AREA,BLOCKED,NO_AUTHORITATIVE_GEOMETRY|NO_NNGLA_PUBLICATION_RECORD,false,
NG-ADM-000025,ADMINISTRATIVE_AREA,BLOCKED,NO_AUTHORITATIVE_GEOMETRY|NO_NNGLA_PUBLICATION_RECORD,false,
NG-ADM-000026,ADMINISTRATIVE_AREA,BLOCKED,NO_AUTHORITATIVE_GEOMETRY|NO_NNGLA_PUBLICATION_RECORD,false,
NG-ADM-000027,ADMINISTRATIVE_AREA,BLOCKED,NO_AUTHORITATIVE_GEOMETRY|NO_NNGLA_PUBLICATION_RECORD,false,
NG-ADM-000028,ADMINISTRATIVE_AREA,BLOCKED,NO_AUTHORITATIVE_GEOMETRY|NO_NNGLA_PUBLICATION_RECORD,false,
NG-ADM-000029,ADMINISTRATIVE_AREA,BLOCKED,NO_AUTHORITATIVE_GEOMETRY|NO_NNGLA_PUBLICATION_RECORD,false,
NG-ADM-000030,ADMINISTRATIVE_AREA,BLOCKED,NO_AUTHORITATIVE_GEOMETRY|NO_NNGLA_PUBLICATION_RECORD,false,
NG-ADM-000031,ADMINISTRATIVE_AREA,BLOCKED,NO_AUTHORITATIVE_GEOMETRY|NO_NNGLA_PUBLICATION_RECORD,false,
NG-ADM-000032,ADMINISTRATIVE_AREA,BLOCKED,NO_AUTHORITATIVE_GEOMETRY|NO_NNGLA_PUBLICATION_RECORD,false,
NG-ADM-000033,ADMINISTRATIVE_AREA,BLOCKED,NO_AUTHORITATIVE_GEOMETRY|NO_NNGLA_PUBLICATION_RECORD,false,
NG-ADM-000034,ADMINISTRATIVE_AREA,BLOCKED,NO_AUTHORITATIVE_GEOMETRY|NO_NNGLA_PUBLICATION_RECORD,false,
NG-ADM-000035,ADMINISTRATIVE_AREA,BLOCKED,NO_AUTHORITATIVE_GEOMETRY|NO_NNGLA_PUBLICATION_RECORD,false,
NG-ADM-000036,ADMINISTRATIVE_AREA,BLOCKED,NO_AUTHORITATIVE_GEOMETRY|NO_NNGLA_PUBLICATION_RECORD,false,
NG-ADM-000037,ADMINISTRATIVE_AREA,BLOCKED,NO_AUTHORITATIVE_GEOMETRY|NO_NNGLA_PUBLICATION_RECORD,false,
NG-ADM-000038,ADMINISTRATIVE_AREA,BLOCKED,NO_AUTHORITATIVE_GEOMETRY|NO_NNGLA_PUBLICATION_RECORD,false,
NG-ADM-000039,ADMINISTRATIVE_AREA,BLOCKED,NO_AUTHORITATIVE_GEOMETRY|NO_NNGLA_PUBLICATION_RECORD,false,
NG-ADM-000040,ADMINISTRATIVE_AREA,BLOCKED,NO_AUTHORITATIVE_GEOMETRY|NO_NNGLA_PUBLICATION_RECORD,false,
NG-ADM-000041,ADMINISTRATIVE_AREA,BLOCKED,NO_AUTHORITATIVE_GEOMETRY|NO_NNGLA_PUBLICATION_RECORD,false,
NG-ADM-000042,ADMINISTRATIVE_AREA,BLOCKED,NO_AUTHORITATIVE_GEOMETRY|NO_NNGLA_PUBLICATION_RECORD,false,
NG-ADM-000043,ADMINISTRATIVE_AREA,BLOCKED,NO_AUTHORITATIVE_GEOMETRY|NO_NNGLA_PUBLICATION_RECORD,false,
NG-ADM-000044,ADMINISTRATIVE_AREA,BLOCKED,NO_AUTHORITATIVE_GEOMETRY|NO_NNGLA_PUBLICATION_RECORD,false,
NG-ADM-000045,ADMINISTRATIVE_AREA,BLOCKED,NO_AUTHORITATIVE_GEOMETRY|NO_NNGLA_PUBLICATION_RECORD,false,
NG-ADM-000046,ADMINISTRATIVE_AREA,BLOCKED,NO_AUTHORITATIVE_GEOMETRY|NO_NNGLA_PUBLICATION_RECORD,false,
NG-ADM-000047,ADMINISTRATIVE_AREA,BLOCKED,NO_AUTHORITATIVE_GEOMETRY|NO_NNGLA_PUBLICATION_RECORD,false,
NG-ADM-000048,ADMINISTRATIVE_AREA,BLOCKED,NO_AUTHORITATIVE_GEOMETRY|NO_NNGLA_PUBLICATION_RECORD,false,
NG-ADM-000049,ADMINISTRATIVE_AREA,BLOCKED,NO_AUTHORITATIVE_GEOMETRY|NO_NNGLA_PUBLICATION_RECORD,false,
NG-ADM-000050,ADMINISTRATIVE_AREA,BLOCKED,NO_AUTHORITATIVE_GEOMETRY|NO_NNGLA_PUBLICATION_RECORD,false,
NG-ADM-000051,ADMINISTRATIVE_AREA,BLOCKED,NO_AUTHORITATIVE_GEOMETRY|NO_NNGLA_PUBLICATION_RECORD,false,
NG-ADM-000052,ADMINISTRATIVE_AREA,BLOCKED,NO_AUTHORITATIVE_GEOMETRY|NO_NNGLA_PUBLICATION_RECORD,false,
NG-ADM-000053,ADMINISTRATIVE_AREA,BLOCKED,NO_AUTHORITATIVE_GEOMETRY|NO_NNGLA_PUBLICATION_RECORD,false,
NG-ADM-000054,ADMINISTRATIVE_AREA,BLOCKED,NO_AUTHORITATIVE_GEOMETRY|NO_NNGLA_PUBLICATION_RECORD,false,
NG-ADM-000055,ADMINISTRATIVE_AREA,BLOCKED,NO_AUTHORITATIVE_GEOMETRY|NO_NNGLA_PUBLICATION_RECORD,false,
NG-ADM-000056,ADMINISTRATIVE_AREA,BLOCKED,NO_AUTHORITATIVE_GEOMETRY|NO_NNGLA_PUBLICATION_RECORD,false,
NG-ADM-000057,ADMINISTRATIVE_AREA,BLOCKED,NO_AUTHORITATIVE_GEOMETRY|NO_NNGLA_PUBLICATION_RECORD,false,
NG-ADM-000058,ADMINISTRATIVE_AREA,BLOCKED,NO_AUTHORITATIVE_GEOMETRY|NO_NNGLA_PUBLICATION_RECORD,false,
NG-ADM-000059,ADMINISTRATIVE_AREA,BLOCKED,NO_AUTHORITATIVE_GEOMETRY|NO_NNGLA_PUBLICATION_RECORD,false,
NG-ADM-000060,ADMINISTRATIVE_AREA,BLOCKED,NO_AUTHORITATIVE_GEOMETRY|NO_NNGLA_PUBLICATION_RECORD,false,
NG-ADM-000061,ADMINISTRATIVE_AREA,BLOCKED,NO_AUTHORITATIVE_GEOMETRY|NO_NNGLA_PUBLICATION_RECORD,false,
NG-ADM-000062,ADMINISTRATIVE_AREA,BLOCKED,NO_AUTHORITATIVE_GEOMETRY|NO_NNGLA_PUBLICATION_RECORD,false,
NG-ADM-000063,ADMINISTRATIVE_AREA,BLOCKED,NO_AUTHORITATIVE_GEOMETRY|NO_NNGLA_PUBLICATION_RECORD,false,
NG-ADM-000064,ADMINISTRATIVE_AREA,BLOCKED,NO_AUTHORITATIVE_GEOMETRY|NO_NNGLA_PUBLICATION_RECORD,false,
NG-ADM-000065,ADMINISTRATIVE_AREA,BLOCKED,NO_AUTHORITATIVE_GEOMETRY|NO_NNGLA_PUBLICATION_RECORD,false,
NG-ADM-000066,ADMINISTRATIVE_AREA,BLOCKED,NO_AUTHORITATIVE_GEOMETRY|NO_NNGLA_PUBLICATION_RECORD,false,
NG-ADM-000067,ADMINISTRATIVE_AREA,BLOCKED,NO_AUTHORITATIVE_GEOMETRY|NO_NNGLA_PUBLICATION_RECORD,false,
NG-ADM-000068,ADMINISTRATIVE_AREA,BLOCKED,NO_AUTHORITATIVE_GEOMETRY|NO_NNGLA_PUBLICATION_RECORD,false,
NG-ADM-000069,ADMINISTRATIVE_AREA,BLOCKED,NO_AUTHORITATIVE_GEOMETRY|NO_NNGLA_PUBLICATION_RECORD,false,
NG-ADM-000070,ADMINISTRATIVE_AREA,BLOCKED,NO_AUTHORITATIVE_GEOMETRY|NO_NNGLA_PUBLICATION_RECORD,false,
NG-ADM-000071,ADMINISTRATIVE_AREA,BLOCKED,NO_AUTHORITATIVE_GEOMETRY|NO_NNGLA_PUBLICATION_RECORD,false,
NG-ADM-000072,ADMINISTRATIVE_AREA,BLOCKED,NO_AUTHORITATIVE_GEOMETRY|NO_NNGLA_PUBLICATION_RECORD,false,
NG-ADM-000073,ADMINISTRATIVE_AREA,BLOCKED,NO_AUTHORITATIVE_GEOMETRY|NO_NNGLA_PUBLICATION_RECORD,false,
NG-ADM-000074,ADMINISTRATIVE_AREA,BLOCKED,NO_AUTHORITATIVE_GEOMETRY|NO_NNGLA_PUBLICATION_RECORD,false,
NG-ADM-000075,ADMINISTRATIVE_AREA,BLOCKED,NO_AUTHORITATIVE_GEOMETRY|NO_NNGLA_PUBLICATION_RECORD,false,
NG-ADM-000076,ADMINISTRATIVE_AREA,BLOCKED,NO_AUTHORITATIVE_GEOMETRY|NO_NNGLA_PUBLICATION_RECORD,false,
NG-ADM-000077,ADMINISTRATIVE_AREA,BLOCKED,NO_AUTHORITATIVE_GEOMETRY|NO_NNGLA_PUBLICATION_RECORD,false,
NG-ADM-000078,ADMINISTRATIVE_AREA,BLOCKED,NO_AUTHORITATIVE_GEOMETRY|NO_NNGLA_PUBLICATION_RECORD,false,
NG-ADM-000079,ADMINISTRATIVE_AREA,BLOCKED,NO_AUTHORITATIVE_GEOMETRY|NO_NNGLA_PUBLICATION_RECORD,false,
NG-ADM-000080,ADMINISTRATIVE_AREA,BLOCKED,NO_AUTHORITATIVE_GEOMETRY|NO_NNGLA_PUBLICATION_RECORD,false,
NG-ADM-000081,ADMINISTRATIVE_AREA,BLOCKED,NO_AUTHORITATIVE_GEOMETRY|NO_NNGLA_PUBLICATION_RECORD,false,
NG-ADM-000082,ADMINISTRATIVE_AREA,BLOCKED,NO_AUTHORITATIVE_GEOMETRY|NO_NNGLA_PUBLICATION_RECORD,false,
NG-ADM-000083,ADMINISTRATIVE_AREA,BLOCKED,NO_AUTHORITATIVE_GEOMETRY|NO_NNGLA_PUBLICATION_RECORD,false,
NG-ADM-000084,ADMINISTRATIVE_AREA,BLOCKED,NO_AUTHORITATIVE_GEOMETRY|NO_NNGLA_PUBLICATION_RECORD,false,
NG-ADM-000085,ADMINISTRATIVE_AREA,BLOCKED,NO_AUTHORITATIVE_GEOMETRY|NO_NNGLA_PUBLICATION_RECORD,false,
NG-ADM-000086,ADMINISTRATIVE_AREA,BLOCKED,NO_AUTHORITATIVE_GEOMETRY|NO_NNGLA_PUBLICATION_RECORD,false,
NG-ADM-000087,ADMINISTRATIVE_AREA,BLOCKED,NO_AUTHORITATIVE_GEOMETRY|NO_NNGLA_PUBLICATION_RECORD,false,
NG-ADM-000088,ADMINISTRATIVE_AREA,BLOCKED,NO_AUTHORITATIVE_GEOMETRY|NO_NNGLA_PUBLICATION_RECORD,false,
NG-ADM-000089,ADMINISTRATIVE_AREA,BLOCKED,NO_AUTHORITATIVE_GEOMETRY|NO_NNGLA_PUBLICATION_RECORD,false,
NG-ADM-000090,ADMINISTRATIVE_AREA,BLOCKED,NO_AUTHORITATIVE_GEOMETRY|NO_NNGLA_PUBLICATION_RECORD,false,
NG-ADM-000091,ADMINISTRATIVE_AREA,BLOCKED,NO_AUTHORITATIVE_GEOMETRY|NO_NNGLA_PUBLICATION_RECORD,false,
NG-ADM-000092,ADMINISTRATIVE_AREA,BLOCKED,NO_AUTHORITATIVE_GEOMETRY|NO_NNGLA_PUBLICATION_RECORD,false,
NG-ADM-000093,ADMINISTRATIVE_AREA,BLOCKED,NO_AUTHORITATIVE_GEOMETRY|NO_NNGLA_PUBLICATION_RECORD,false,
NG-ADM-000094,ADMINISTRATIVE_AREA,BLOCKED,NO_AUTHORITATIVE_GEOMETRY|NO_NNGLA_PUBLICATION_RECORD,false,
NG-ADM-000095,ADMINISTRATIVE_AREA,BLOCKED,NO_AUTHORITATIVE_GEOMETRY|NO_NNGLA_PUBLICATION_RECORD,false,
NG-ADM-000096,ADMINISTRATIVE_AREA,BLOCKED,NO_AUTHORITATIVE_GEOMETRY|NO_NNGLA_PUBLICATION_RECORD,false,
NG-ADM-000097,ADMINISTRATIVE_AREA,BLOCKED,NO_AUTHORITATIVE_GEOMETRY|NO_NNGLA_PUBLICATION_RECORD,false,
NG-ADM-000098,ADMINISTRATIVE_AREA,BLOCKED,NO_AUTHORITATIVE_GEOMETRY|NO_NNGLA_PUBLICATION_RECORD,false,
NG-ADM-000099,ADMINISTRATIVE_AREA,BLOCKED,NO_AUTHORITATIVE_GEOMETRY|NO_NNGLA_PUBLICATION_RECORD,false,
NG-ADM-000100,ADMINISTRATIVE_AREA,BLOCKED,NO_AUTHORITATIVE_GEOMETRY|NO_NNGLA_PUBLICATION_RECORD,false,
NG-ADM-000101,ADMINISTRATIVE_AREA,BLOCKED,NO_AUTHORITATIVE_GEOMETRY|NO_NNGLA_PUBLICATION_RECORD,false,
NG-ADM-000102,ADMINISTRATIVE_AREA,BLOCKED,NO_AUTHORITATIVE_GEOMETRY|NO_NNGLA_PUBLICATION_RECORD,false,
NG-ADM-000103,ADMINISTRATIVE_AREA,BLOCKED,NO_AUTHORITATIVE_GEOMETRY|NO_NNGLA_PUBLICATION_RECORD,false,
NG-ADM-000104,ADMINISTRATIVE_AREA,BLOCKED,NO_AUTHORITATIVE_GEOMETRY|NO_NNGLA_PUBLICATION_RECORD,false,
NG-ADM-000105,ADMINISTRATIVE_AREA,BLOCKED,NO_AUTHORITATIVE_GEOMETRY|NO_NNGLA_PUBLICATION_RECORD,false,
NG-ADM-000106,ADMINISTRATIVE_AREA,BLOCKED,NO_AUTHORITATIVE_GEOMETRY|NO_NNGLA_PUBLICATION_RECORD,false,
NG-ADM-000107,ADMINISTRATIVE_AREA,BLOCKED,NO_AUTHORITATIVE_GEOMETRY|NO_NNGLA_PUBLICATION_RECORD,false,
NG-ADM-000108,ADMINISTRATIVE_AREA,BLOCKED,NO_AUTHORITATIVE_GEOMETRY|NO_NNGLA_PUBLICATION_RECORD,false,
NG-ADM-000109,ADMINISTRATIVE_AREA,BLOCKED,NO_AUTHORITATIVE_GEOMETRY|NO_NNGLA_PUBLICATION_RECORD,false,
NG-ADM-000110,ADMINISTRATIVE_AREA,BLOCKED,NO_AUTHORITATIVE_GEOMETRY|NO_NNGLA_PUBLICATION_RECORD,false,
NG-ADM-000111,ADMINISTRATIVE_AREA,BLOCKED,NO_AUTHORITATIVE_GEOMETRY|NO_NNGLA_PUBLICATION_RECORD,false,
NG-ADM-000112,ADMINISTRATIVE_AREA,BLOCKED,NO_AUTHORITATIVE_GEOMETRY|NO_NNGLA_PUBLICATION_RECORD,false,
NG-ADM-000113,ADMINISTRATIVE_AREA,BLOCKED,NO_AUTHORITATIVE_GEOMETRY|NO_NNGLA_PUBLICATION_RECORD,false,
NG-ADM-000114,ADMINISTRATIVE_AREA,BLOCKED,NO_AUTHORITATIVE_GEOMETRY|NO_NNGLA_PUBLICATION_RECORD,false,
NG-ADM-000115,ADMINISTRATIVE_AREA,BLOCKED,NO_AUTHORITATIVE_GEOMETRY|NO_NNGLA_PUBLICATION_RECORD,false,
NG-ADM-000116,ADMINISTRATIVE_AREA,BLOCKED,NO_AUTHORITATIVE_GEOMETRY|NO_NNGLA_PUBLICATION_RECORD,false,
NG-ADM-000117,ADMINISTRATIVE_AREA,BLOCKED,NO_AUTHORITATIVE_GEOMETRY|NO_NNGLA_PUBLICATION_RECORD,false,
NG-ADM-000118,ADMINISTRATIVE_AREA,BLOCKED,NO_AUTHORITATIVE_GEOMETRY|NO_NNGLA_PUBLICATION_RECORD,false,
NG-ADM-000119,ADMINISTRATIVE_AREA,BLOCKED,NO_AUTHORITATIVE_GEOMETRY|NO_NNGLA_PUBLICATION_RECORD,false,
NG-ADM-000120,ADMINISTRATIVE_AREA,BLOCKED,NO_AUTHORITATIVE_GEOMETRY|NO_NNGLA_PUBLICATION_RECORD,false,
NG-ADM-000121,ADMINISTRATIVE_AREA,BLOCKED,NO_AUTHORITATIVE_GEOMETRY|NO_NNGLA_PUBLICATION_RECORD,false,
NG-ADM-000122,ADMINISTRATIVE_AREA,BLOCKED,NO_AUTHORITATIVE_GEOMETRY|NO_NNGLA_PUBLICATION_RECORD,false,
NG-ADM-000123,ADMINISTRATIVE_AREA,BLOCKED,NO_AUTHORITATIVE_GEOMETRY|NO_NNGLA_PUBLICATION_RECORD,false,
NG-ADM-000124,ADMINISTRATIVE_AREA,BLOCKED,NO_AUTHORITATIVE_GEOMETRY|NO_NNGLA_PUBLICATION_RECORD,false,
NG-ADM-000125,ADMINISTRATIVE_AREA,BLOCKED,NO_AUTHORITATIVE_GEOMETRY|NO_NNGLA_PUBLICATION_RECORD,false,
NG-ADM-000126,ADMINISTRATIVE_AREA,BLOCKED,NO_AUTHORITATIVE_GEOMETRY|NO_NNGLA_PUBLICATION_RECORD,false,
NG-ADM-000127,ADMINISTRATIVE_AREA,BLOCKED,NO_AUTHORITATIVE_GEOMETRY|NO_NNGLA_PUBLICATION_RECORD,false,
NG-ADM-000128,ADMINISTRATIVE_AREA,BLOCKED,NO_AUTHORITATIVE_GEOMETRY|NO_NNGLA_PUBLICATION_RECORD,false,
NG-ADM-000129,ADMINISTRATIVE_AREA,BLOCKED,NO_AUTHORITATIVE_GEOMETRY|NO_NNGLA_PUBLICATION_RECORD,false,
NG-ADM-000130,ADMINISTRATIVE_AREA,BLOCKED,NO_AUTHORITATIVE_GEOMETRY|NO_NNGLA_PUBLICATION_RECORD,false,
NG-ADM-000131,ADMINISTRATIVE_AREA,BLOCKED,NO_AUTHORITATIVE_GEOMETRY|NO_NNGLA_PUBLICATION_RECORD,false,
NG-ADM-000132,ADMINISTRATIVE_AREA,BLOCKED,NO_AUTHORITATIVE_GEOMETRY|NO_NNGLA_PUBLICATION_RECORD,false,
NG-ADM-000133,ADMINISTRATIVE_AREA,BLOCKED,NO_AUTHORITATIVE_GEOMETRY|NO_NNGLA_PUBLICATION_RECORD,false,
NG-ADM-000134,ADMINISTRATIVE_AREA,BLOCKED,NO_AUTHORITATIVE_GEOMETRY|NO_NNGLA_PUBLICATION_RECORD,false,
NG-ADM-000135,ADMINISTRATIVE_AREA,BLOCKED,NO_AUTHORITATIVE_GEOMETRY|NO_NNGLA_PUBLICATION_RECORD,false,
NG-ADM-000136,ADMINISTRATIVE_AREA,BLOCKED,NO_AUTHORITATIVE_GEOMETRY|NO_NNGLA_PUBLICATION_RECORD,false,
NG-ADM-000137,ADMINISTRATIVE_AREA,BLOCKED,NO_AUTHORITATIVE_GEOMETRY|NO_NNGLA_PUBLICATION_RECORD,false,
NG-ADM-000138,ADMINISTRATIVE_AREA,BLOCKED,NO_AUTHORITATIVE_GEOMETRY|NO_NNGLA_PUBLICATION_RECORD,false,
NG-ADM-000139,ADMINISTRATIVE_AREA,BLOCKED,NO_AUTHORITATIVE_GEOMETRY|NO_NNGLA_PUBLICATION_RECORD,false,
NG-ADM-000140,ADMINISTRATIVE_AREA,BLOCKED,NO_AUTHORITATIVE_GEOMETRY|NO_NNGLA_PUBLICATION_RECORD,false,
NG-ADM-000141,ADMINISTRATIVE_AREA,BLOCKED,NO_AUTHORITATIVE_GEOMETRY|NO_NNGLA_PUBLICATION_RECORD,false,
NG-ADM-000142,ADMINISTRATIVE_AREA,BLOCKED,NO_AUTHORITATIVE_GEOMETRY|NO_NNGLA_PUBLICATION_RECORD,false,
NG-ADM-000143,ADMINISTRATIVE_AREA,BLOCKED,NO_AUTHORITATIVE_GEOMETRY|NO_NNGLA_PUBLICATION_RECORD,false,
NG-ADM-000144,ADMINISTRATIVE_AREA,BLOCKED,NO_AUTHORITATIVE_GEOMETRY|NO_NNGLA_PUBLICATION_RECORD,false,
NG-ADM-000145,ADMINISTRATIVE_AREA,BLOCKED,NO_AUTHORITATIVE_GEOMETRY|NO_NNGLA_PUBLICATION_RECORD,false,
NG-ADM-000146,ADMINISTRATIVE_AREA,BLOCKED,NO_AUTHORITATIVE_GEOMETRY|NO_NNGLA_PUBLICATION_RECORD,false,
NG-ADM-000147,ADMINISTRATIVE_AREA,BLOCKED,NO_AUTHORITATIVE_GEOMETRY|NO_NNGLA_PUBLICATION_RECORD,false,
NG-ADM-000148,ADMINISTRATIVE_AREA,BLOCKED,NO_AUTHORITATIVE_GEOMETRY|NO_NNGLA_PUBLICATION_RECORD,false,
NG-ADM-000149,ADMINISTRATIVE_AREA,BLOCKED,NO_AUTHORITATIVE_GEOMETRY|NO_NNGLA_PUBLICATION_RECORD,false,
NG-ADM-000150,ADMINISTRATIVE_AREA,BLOCKED,NO_AUTHORITATIVE_GEOMETRY|NO_NNGLA_PUBLICATION_RECORD,false,
NG-ADM-000151,ADMINISTRATIVE_AREA,BLOCKED,NO_AUTHORITATIVE_GEOMETRY|NO_NNGLA_PUBLICATION_RECORD,false,
NG-ADM-000152,ADMINISTRATIVE_AREA,BLOCKED,NO_AUTHORITATIVE_GEOMETRY|NO_NNGLA_PUBLICATION_RECORD,false,
NG-ADM-000153,ADMINISTRATIVE_AREA,BLOCKED,NO_AUTHORITATIVE_GEOMETRY|NO_NNGLA_PUBLICATION_RECORD,false,
NG-ADM-000154,ADMINISTRATIVE_AREA,BLOCKED,NO_AUTHORITATIVE_GEOMETRY|NO_NNGLA_PUBLICATION_RECORD,false,
NG-ADM-000155,ADMINISTRATIVE_AREA,BLOCKED,NO_AUTHORITATIVE_GEOMETRY|NO_NNGLA_PUBLICATION_RECORD,false,
NG-ADM-000156,ADMINISTRATIVE_AREA,BLOCKED,NO_AUTHORITATIVE_GEOMETRY|NO_NNGLA_PUBLICATION_RECORD,false,
NG-ADM-000157,ADMINISTRATIVE_AREA,BLOCKED,NO_AUTHORITATIVE_GEOMETRY|NO_NNGLA_PUBLICATION_RECORD,false,
NG-ADM-000158,ADMINISTRATIVE_AREA,BLOCKED,NO_AUTHORITATIVE_GEOMETRY|NO_NNGLA_PUBLICATION_RECORD,false,
NG-ADM-000159,ADMINISTRATIVE_AREA,BLOCKED,NO_AUTHORITATIVE_GEOMETRY|NO_NNGLA_PUBLICATION_RECORD,false,
NG-ADM-000160,ADMINISTRATIVE_AREA,BLOCKED,NO_AUTHORITATIVE_GEOMETRY|NO_NNGLA_PUBLICATION_RECORD,false,
NG-ADM-000161,ADMINISTRATIVE_AREA,BLOCKED,NO_AUTHORITATIVE_GEOMETRY|NO_NNGLA_PUBLICATION_RECORD,false,
NG-ADM-000162,ADMINISTRATIVE_AREA,BLOCKED,NO_AUTHORITATIVE_GEOMETRY|NO_NNGLA_PUBLICATION_RECORD,false,
NG-ADM-000163,ADMINISTRATIVE_AREA,BLOCKED,NO_AUTHORITATIVE_GEOMETRY|NO_NNGLA_PUBLICATION_RECORD,false,
NG-ADM-000164,ADMINISTRATIVE_AREA,BLOCKED,NO_AUTHORITATIVE_GEOMETRY|NO_NNGLA_PUBLICATION_RECORD,false,
NG-ADM-000165,ADMINISTRATIVE_AREA,BLOCKED,NO_AUTHORITATIVE_GEOMETRY|NO_NNGLA_PUBLICATION_RECORD,false,
NG-ADM-000166,ADMINISTRATIVE_AREA,BLOCKED,NO_AUTHORITATIVE_GEOMETRY|NO_NNGLA_PUBLICATION_RECORD,false,
NG-ADM-000167,ADMINISTRATIVE_AREA,BLOCKED,NO_AUTHORITATIVE_GEOMETRY|NO_NNGLA_PUBLICATION_RECORD,false,
NG-ADM-000168,ADMINISTRATIVE_AREA,BLOCKED,NO_AUTHORITATIVE_GEOMETRY|NO_NNGLA_PUBLICATION_RECORD,false,
NG-ADM-000169,ADMINISTRATIVE_AREA,BLOCKED,NO_AUTHORITATIVE_GEOMETRY|NO_NNGLA_PUBLICATION_RECORD,false,
NG-ADM-000170,ADMINISTRATIVE_AREA,BLOCKED,NO_AUTHORITATIVE_GEOMETRY|NO_NNGLA_PUBLICATION_RECORD,false,
NG-ADM-000171,ADMINISTRATIVE_AREA,BLOCKED,NO_AUTHORITATIVE_GEOMETRY|NO_NNGLA_PUBLICATION_RECORD,false,
NG-ADM-000172,ADMINISTRATIVE_AREA,BLOCKED,NO_AUTHORITATIVE_GEOMETRY|NO_NNGLA_PUBLICATION_RECORD,false,
NG-ADM-000173,ADMINISTRATIVE_AREA,BLOCKED,NO_AUTHORITATIVE_GEOMETRY|NO_NNGLA_PUBLICATION_RECORD,false,
NG-ADM-000174,ADMINISTRATIVE_AREA,BLOCKED,NO_AUTHORITATIVE_GEOMETRY|NO_NNGLA_PUBLICATION_RECORD,false,
NG-ADM-000175,ADMINISTRATIVE_AREA,BLOCKED,NO_AUTHORITATIVE_GEOMETRY|NO_NNGLA_PUBLICATION_RECORD,false,
NG-ADM-000176,ADMINISTRATIVE_AREA,BLOCKED,NO_AUTHORITATIVE_GEOMETRY|NO_NNGLA_PUBLICATION_RECORD,false,
NG-ADM-000177,ADMINISTRATIVE_AREA,BLOCKED,NO_AUTHORITATIVE_GEOMETRY|NO_NNGLA_PUBLICATION_RECORD,false,
NG-ADM-000178,ADMINISTRATIVE_AREA,BLOCKED,NO_AUTHORITATIVE_GEOMETRY|NO_NNGLA_PUBLICATION_RECORD,false,
NG-ADM-000179,ADMINISTRATIVE_AREA,BLOCKED,NO_AUTHORITATIVE_GEOMETRY|NO_NNGLA_PUBLICATION_RECORD,false,
NG-ADM-000180,ADMINISTRATIVE_AREA,BLOCKED,NO_AUTHORITATIVE_GEOMETRY|NO_NNGLA_PUBLICATION_RECORD,false,
NG-ADM-000181,ADMINISTRATIVE_AREA,BLOCKED,NO_AUTHORITATIVE_GEOMETRY|NO_NNGLA_PUBLICATION_RECORD,false,
NG-ADM-000182,ADMINISTRATIVE_AREA,BLOCKED,NO_AUTHORITATIVE_GEOMETRY|NO_NNGLA_PUBLICATION_RECORD,false,
NG-ADM-000183,ADMINISTRATIVE_AREA,BLOCKED,NO_AUTHORITATIVE_GEOMETRY|NO_NNGLA_PUBLICATION_RECORD,false,
NG-ADM-000184,ADMINISTRATIVE_AREA,BLOCKED,NO_AUTHORITATIVE_GEOMETRY|NO_NNGLA_PUBLICATION_RECORD,false,
NG-ADM-000185,ADMINISTRATIVE_AREA,BLOCKED,NO_AUTHORITATIVE_GEOMETRY|NO_NNGLA_PUBLICATION_RECORD,false,
NG-ADM-000186,ADMINISTRATIVE_AREA,BLOCKED,NO_AUTHORITATIVE_GEOMETRY|NO_NNGLA_PUBLICATION_RECORD,false,
NG-ADM-000187,ADMINISTRATIVE_AREA,BLOCKED,NO_AUTHORITATIVE_GEOMETRY|NO_NNGLA_PUBLICATION_RECORD,false,
NG-ADM-000188,ADMINISTRATIVE_AREA,BLOCKED,NO_AUTHORITATIVE_GEOMETRY|NO_NNGLA_PUBLICATION_RECORD,false,
NG-ADM-000189,ADMINISTRATIVE_AREA,BLOCKED,NO_AUTHORITATIVE_GEOMETRY|NO_NNGLA_PUBLICATION_RECORD,false,
NG-ADM-000190,ADMINISTRATIVE_AREA,BLOCKED,NO_AUTHORITATIVE_GEOMETRY|NO_NNGLA_PUBLICATION_RECORD,false,
NG-ADM-000191,ADMINISTRATIVE_AREA,BLOCKED,NO_AUTHORITATIVE_GEOMETRY|NO_NNGLA_PUBLICATION_RECORD,false,
NG-ADM-000192,ADMINISTRATIVE_AREA,BLOCKED,NO_AUTHORITATIVE_GEOMETRY|NO_NNGLA_PUBLICATION_RECORD,false,
NG-RD-000001,ROAD,BLOCKED,ROAD_NOT_AUTHORITATIVELY_MAPPED|NO_NNGLA_PUBLICATION_RECORD,false,
NG-RD-000002,ROAD,BLOCKED,ROAD_NOT_AUTHORITATIVELY_MAPPED|NO_NNGLA_PUBLICATION_RECORD,false,
NG-RD-000003,ROAD,BLOCKED,ROAD_NOT_AUTHORITATIVELY_MAPPED|NO_NNGLA_PUBLICATION_RECORD,false,
NG-RD-000004,ROAD,BLOCKED,ROAD_NOT_AUTHORITATIVELY_MAPPED|NO_NNGLA_PUBLICATION_RECORD,false,
NG-RD-000005,ROAD,BLOCKED,ROAD_NOT_AUTHORITATIVELY_MAPPED|NO_NNGLA_PUBLICATION_RECORD,false,
NG-RD-000006,ROAD,BLOCKED,ROAD_NOT_AUTHORITATIVELY_MAPPED|NO_NNGLA_PUBLICATION_RECORD,false,
NG-RD-000007,ROAD,BLOCKED,ROAD_NOT_AUTHORITATIVELY_MAPPED|NO_NNGLA_PUBLICATION_RECORD,false,
NG-RD-000008,ROAD,BLOCKED,ROAD_NOT_AUTHORITATIVELY_MAPPED|NO_NNGLA_PUBLICATION_RECORD,false,
NG-RD-000009,ROAD,BLOCKED,ROAD_NOT_AUTHORITATIVELY_MAPPED|NO_NNGLA_PUBLICATION_RECORD,false,
NG-RD-000010,ROAD,BLOCKED,ROAD_NOT_AUTHORITATIVELY_MAPPED|NO_NNGLA_PUBLICATION_RECORD,false,
NG-RD-000011,ROAD,BLOCKED,ROAD_NOT_AUTHORITATIVELY_MAPPED|NO_NNGLA_PUBLICATION_RECORD,false,
NG-RD-000012,ROAD,BLOCKED,ROAD_NOT_AUTHORITATIVELY_MAPPED|NO_NNGLA_PUBLICATION_RECORD,false,
NG-RD-000013,ROAD,BLOCKED,ROAD_NOT_AUTHORITATIVELY_MAPPED|NO_NNGLA_PUBLICATION_RECORD,false,
NG-RD-000014,ROAD,BLOCKED,ROAD_NOT_AUTHORITATIVELY_MAPPED|NO_NNGLA_PUBLICATION_RECORD,false,
NG-RD-000015,ROAD,BLOCKED,ROAD_NOT_AUTHORITATIVELY_MAPPED|NO_NNGLA_PUBLICATION_RECORD,false,
NG-RD-000016,ROAD,BLOCKED,ROAD_NOT_AUTHORITATIVELY_MAPPED|NO_NNGLA_PUBLICATION_RECORD,false,
NG-RD-000017,ROAD,BLOCKED,ROAD_NOT_AUTHORITATIVELY_MAPPED|NO_NNGLA_PUBLICATION_RECORD,false,
NG-RD-000018,ROAD,BLOCKED,ROAD_NOT_AUTHORITATIVELY_MAPPED|NO_NNGLA_PUBLICATION_RECORD,false,
NG-RD-000019,ROAD,BLOCKED,ROAD_NOT_AUTHORITATIVELY_MAPPED|NO_NNGLA_PUBLICATION_RECORD,false,
NG-RD-000020,ROAD,BLOCKED,ROAD_NOT_AUTHORITATIVELY_MAPPED|NO_NNGLA_PUBLICATION_RECORD,false,
NG-RD-000021,ROAD,BLOCKED,ROAD_NOT_AUTHORITATIVELY_MAPPED|NO_NNGLA_PUBLICATION_RECORD,false,
NG-RD-000022,ROAD,BLOCKED,ROAD_NOT_AUTHORITATIVELY_MAPPED|NO_NNGLA_PUBLICATION_RECORD,false,
NG-RD-000023,ROAD,BLOCKED,ROAD_NOT_AUTHORITATIVELY_MAPPED|NO_NNGLA_PUBLICATION_RECORD,false,
NG-RD-000024,ROAD,BLOCKED,ROAD_NOT_AUTHORITATIVELY_MAPPED|NO_NNGLA_PUBLICATION_RECORD,false,
NG-RD-000025,ROAD,BLOCKED,ROAD_NOT_AUTHORITATIVELY_MAPPED|NO_NNGLA_PUBLICATION_RECORD,false,
NG-RD-000026,ROAD,BLOCKED,ROAD_NOT_AUTHORITATIVELY_MAPPED|NO_NNGLA_PUBLICATION_RECORD,false,
NG-RD-000027,ROAD,BLOCKED,ROAD_NOT_AUTHORITATIVELY_MAPPED|NO_NNGLA_PUBLICATION_RECORD,false,
NG-RD-000028,ROAD,BLOCKED,ROAD_NOT_AUTHORITATIVELY_MAPPED|NO_NNGLA_PUBLICATION_RECORD,false,
NG-RD-000029,ROAD,BLOCKED,ROAD_NOT_AUTHORITATIVELY_MAPPED|NO_NNGLA_PUBLICATION_RECORD,false,
NG-RD-000030,ROAD,BLOCKED,ROAD_NOT_AUTHORITATIVELY_MAPPED|NO_NNGLA_PUBLICATION_RECORD,false,
NG-RD-000031,ROAD,BLOCKED,ROAD_NOT_AUTHORITATIVELY_MAPPED|NO_NNGLA_PUBLICATION_RECORD,false,
NG-RD-000032,ROAD,BLOCKED,ROAD_NOT_AUTHORITATIVELY_MAPPED|NO_NNGLA_PUBLICATION_RECORD,false,
NG-RD-000033,ROAD,BLOCKED,ROAD_NOT_AUTHORITATIVELY_MAPPED|NO_NNGLA_PUBLICATION_RECORD,false,
NG-RD-000034,ROAD,BLOCKED,ROAD_NOT_AUTHORITATIVELY_MAPPED|NO_NNGLA_PUBLICATION_RECORD,false,
NG-RD-000035,ROAD,BLOCKED,ROAD_NOT_AUTHORITATIVELY_MAPPED|NO_NNGLA_PUBLICATION_RECORD,false,
NG-RD-000036,ROAD,BLOCKED,ROAD_NOT_AUTHORITATIVELY_MAPPED|NO_NNGLA_PUBLICATION_RECORD,false,
NG-RD-000037,ROAD,BLOCKED,ROAD_NOT_AUTHORITATIVELY_MAPPED|NO_NNGLA_PUBLICATION_RECORD,false,
NG-RD-000038,ROAD,BLOCKED,ROAD_NOT_AUTHORITATIVELY_MAPPED|NO_NNGLA_PUBLICATION_RECORD,false,
NG-RD-000039,ROAD,BLOCKED,ROAD_NOT_AUTHORITATIVELY_MAPPED|NO_NNGLA_PUBLICATION_RECORD,false,
NG-RD-000040,ROAD,BLOCKED,ROAD_NOT_AUTHORITATIVELY_MAPPED|NO_NNGLA_PUBLICATION_RECORD,false,
NG-RD-000041,ROAD,BLOCKED,ROAD_NOT_AUTHORITATIVELY_MAPPED|NO_NNGLA_PUBLICATION_RECORD,false,
NG-RD-000042,ROAD,BLOCKED,ROAD_NOT_AUTHORITATIVELY_MAPPED|NO_NNGLA_PUBLICATION_RECORD,false,
NG-RD-000043,ROAD,BLOCKED,ROAD_NOT_AUTHORITATIVELY_MAPPED|NO_NNGLA_PUBLICATION_RECORD,false,
NG-RD-000044,ROAD,BLOCKED,ROAD_NOT_AUTHORITATIVELY_MAPPED|NO_NNGLA_PUBLICATION_RECORD,false,
NG-RD-000045,ROAD,BLOCKED,ROAD_NOT_AUTHORITATIVELY_MAPPED|NO_NNGLA_PUBLICATION_RECORD,false,
NG-RD-000046,ROAD,BLOCKED,ROAD_NOT_AUTHORITATIVELY_MAPPED|NO_NNGLA_PUBLICATION_RECORD,false,
NG-RD-000047,ROAD,BLOCKED,ROAD_NOT_AUTHORITATIVELY_MAPPED|NO_NNGLA_PUBLICATION_RECORD,false,
NG-RD-000048,ROAD,BLOCKED,ROAD_NOT_AUTHORITATIVELY_MAPPED|NO_NNGLA_PUBLICATION_RECORD,false,
NG-RD-000049,ROAD,BLOCKED,ROAD_NOT_AUTHORITATIVELY_MAPPED|NO_NNGLA_PUBLICATION_RECORD,false,
NG-RD-000050,ROAD,BLOCKED,ROAD_NOT_AUTHORITATIVELY_MAPPED|NO_NNGLA_PUBLICATION_RECORD,false,
NG-RD-000051,ROAD,BLOCKED,ROAD_NOT_AUTHORITATIVELY_MAPPED|NO_NNGLA_PUBLICATION_RECORD,false,
NG-RD-000052,ROAD,BLOCKED,ROAD_NOT_AUTHORITATIVELY_MAPPED|NO_NNGLA_PUBLICATION_RECORD,false,
NG-RD-000053,ROAD,BLOCKED,ROAD_NOT_AUTHORITATIVELY_MAPPED|NO_NNGLA_PUBLICATION_RECORD,false,
NG-RD-000054,ROAD,BLOCKED,ROAD_NOT_AUTHORITATIVELY_MAPPED|NO_NNGLA_PUBLICATION_RECORD,false,
NG-RD-000055,ROAD,BLOCKED,ROAD_NOT_AUTHORITATIVELY_MAPPED|NO_NNGLA_PUBLICATION_RECORD,false,
NG-RD-000056,ROAD,BLOCKED,ROAD_NOT_AUTHORITATIVELY_MAPPED|NO_NNGLA_PUBLICATION_RECORD,false,
NG-RD-000057,ROAD,BLOCKED,ROAD_NOT_AUTHORITATIVELY_MAPPED|NO_NNGLA_PUBLICATION_RECORD,false,
NG-RD-000058,ROAD,BLOCKED,ROAD_NOT_AUTHORITATIVELY_MAPPED|NO_NNGLA_PUBLICATION_RECORD,false,
NG-RD-000059,ROAD,BLOCKED,ROAD_NOT_AUTHORITATIVELY_MAPPED|NO_NNGLA_PUBLICATION_RECORD,false,
NG-RD-000060,ROAD,BLOCKED,ROAD_NOT_AUTHORITATIVELY_MAPPED|NO_NNGLA_PUBLICATION_RECORD,false,
NG-RD-000061,ROAD,BLOCKED,ROAD_NOT_AUTHORITATIVELY_MAPPED|NO_NNGLA_PUBLICATION_RECORD,false,
NG-RD-000062,ROAD,BLOCKED,ROAD_NOT_AUTHORITATIVELY_MAPPED|NO_NNGLA_PUBLICATION_RECORD,false,
NG-RD-000063,ROAD,BLOCKED,ROAD_NOT_AUTHORITATIVELY_MAPPED|NO_NNGLA_PUBLICATION_RECORD,false,
NG-RD-000064,ROAD,BLOCKED,ROAD_NOT_AUTHORITATIVELY_MAPPED|NO_NNGLA_PUBLICATION_RECORD,false,
NG-RD-000065,ROAD,BLOCKED,ROAD_NOT_AUTHORITATIVELY_MAPPED|NO_NNGLA_PUBLICATION_RECORD,false,
NG-RD-000066,ROAD,BLOCKED,ROAD_NOT_AUTHORITATIVELY_MAPPED|NO_NNGLA_PUBLICATION_RECORD,false,
NG-RD-000067,ROAD,BLOCKED,ROAD_NOT_AUTHORITATIVELY_MAPPED|NO_NNGLA_PUBLICATION_RECORD,false,
NG-RD-000068,ROAD,BLOCKED,ROAD_NOT_AUTHORITATIVELY_MAPPED|NO_NNGLA_PUBLICATION_RECORD,false,
NG-RD-000069,ROAD,BLOCKED,ROAD_NOT_AUTHORITATIVELY_MAPPED|NO_NNGLA_PUBLICATION_RECORD,false,
NG-RD-000070,ROAD,BLOCKED,ROAD_NOT_AUTHORITATIVELY_MAPPED|NO_NNGLA_PUBLICATION_RECORD,false,
NG-RD-000071,ROAD,BLOCKED,ROAD_NOT_AUTHORITATIVELY_MAPPED|NO_NNGLA_PUBLICATION_RECORD,false,
NG-RD-000072,ROAD,BLOCKED,ROAD_NOT_AUTHORITATIVELY_MAPPED|NO_NNGLA_PUBLICATION_RECORD,false,
NG-RD-000073,ROAD,BLOCKED,ROAD_NOT_AUTHORITATIVELY_MAPPED|NO_NNGLA_PUBLICATION_RECORD,false,
NG-RD-000074,ROAD,BLOCKED,ROAD_NOT_AUTHORITATIVELY_MAPPED|NO_NNGLA_PUBLICATION_RECORD,false,
NG-RD-000075,ROAD,BLOCKED,ROAD_NOT_AUTHORITATIVELY_MAPPED|NO_NNGLA_PUBLICATION_RECORD,false,
NG-RD-000076,ROAD,BLOCKED,ROAD_NOT_AUTHORITATIVELY_MAPPED|NO_NNGLA_PUBLICATION_RECORD,false,
NG-RD-000077,ROAD,BLOCKED,ROAD_NOT_AUTHORITATIVELY_MAPPED|NO_NNGLA_PUBLICATION_RECORD,false,
NG-RD-000078,ROAD,BLOCKED,ROAD_NOT_AUTHORITATIVELY_MAPPED|NO_NNGLA_PUBLICATION_RECORD,false,
NG-RD-000079,ROAD,BLOCKED,ROAD_NOT_AUTHORITATIVELY_MAPPED|NO_NNGLA_PUBLICATION_RECORD,false,
NG-RD-000080,ROAD,BLOCKED,ROAD_NOT_AUTHORITATIVELY_MAPPED|NO_NNGLA_PUBLICATION_RECORD,false,
NG-RD-000081,ROAD,BLOCKED,ROAD_NOT_AUTHORITATIVELY_MAPPED|NO_NNGLA_PUBLICATION_RECORD,false,
NG-RD-000082,ROAD,BLOCKED,ROAD_NOT_AUTHORITATIVELY_MAPPED|NO_NNGLA_PUBLICATION_RECORD,false,
NG-RD-000083,ROAD,BLOCKED,ROAD_NOT_AUTHORITATIVELY_MAPPED|NO_NNGLA_PUBLICATION_RECORD,false,
NG-RD-000084,ROAD,BLOCKED,ROAD_NOT_AUTHORITATIVELY_MAPPED|NO_NNGLA_PUBLICATION_RECORD,false,
NG-RD-000085,ROAD,BLOCKED,ROAD_NOT_AUTHORITATIVELY_MAPPED|NO_NNGLA_PUBLICATION_RECORD,false,
NG-RD-000086,ROAD,BLOCKED,ROAD_NOT_AUTHORITATIVELY_MAPPED|NO_NNGLA_PUBLICATION_RECORD,false,
NG-RD-000087,ROAD,BLOCKED,ROAD_NOT_AUTHORITATIVELY_MAPPED|NO_NNGLA_PUBLICATION_RECORD,false,
NG-RD-000088,ROAD,BLOCKED,ROAD_NOT_AUTHORITATIVELY_MAPPED|NO_NNGLA_PUBLICATION_RECORD,false,
NG-RD-000089,ROAD,BLOCKED,ROAD_NOT_AUTHORITATIVELY_MAPPED|NO_NNGLA_PUBLICATION_RECORD,false,
NG-RD-000090,ROAD,BLOCKED,ROAD_NOT_AUTHORITATIVELY_MAPPED|NO_NNGLA_PUBLICATION_RECORD,false,
NG-RD-000091,ROAD,BLOCKED,ROAD_NOT_AUTHORITATIVELY_MAPPED|NO_NNGLA_PUBLICATION_RECORD,false,
NG-RD-000092,ROAD,BLOCKED,ROAD_NOT_AUTHORITATIVELY_MAPPED|NO_NNGLA_PUBLICATION_RECORD,false,
NG-RD-000093,ROAD,BLOCKED,ROAD_NOT_AUTHORITATIVELY_MAPPED|NO_NNGLA_PUBLICATION_RECORD,false,
NG-RD-000094,ROAD,BLOCKED,ROAD_NOT_AUTHORITATIVELY_MAPPED|NO_NNGLA_PUBLICATION_RECORD,false,
NG-RD-000095,ROAD,BLOCKED,ROAD_NOT_AUTHORITATIVELY_MAPPED|NO_NNGLA_PUBLICATION_RECORD,false,
NG-RD-000096,ROAD,BLOCKED,ROAD_NOT_AUTHORITATIVELY_MAPPED|NO_NNGLA_PUBLICATION_RECORD,false,
NG-RD-000097,ROAD,BLOCKED,ROAD_NOT_AUTHORITATIVELY_MAPPED|NO_NNGLA_PUBLICATION_RECORD,false,
NG-RD-000098,ROAD,BLOCKED,ROAD_NOT_AUTHORITATIVELY_MAPPED|NO_NNGLA_PUBLICATION_RECORD,false,
NG-RD-000099,ROAD,BLOCKED,ROAD_NOT_AUTHORITATIVELY_MAPPED|NO_NNGLA_PUBLICATION_RECORD,false,
NG-RD-000100,ROAD,BLOCKED,ROAD_NOT_AUTHORITATIVELY_MAPPED|NO_NNGLA_PUBLICATION_RECORD,false,
NG-RD-000101,ROAD,BLOCKED,ROAD_NOT_AUTHORITATIVELY_MAPPED|NO_NNGLA_PUBLICATION_RECORD,false,
NG-RD-000102,ROAD,BLOCKED,ROAD_NOT_AUTHORITATIVELY_MAPPED|NO_NNGLA_PUBLICATION_RECORD,false,
NG-RD-000103,ROAD,BLOCKED,ROAD_NOT_AUTHORITATIVELY_MAPPED|NO_NNGLA_PUBLICATION_RECORD,false,
NG-RD-000104,ROAD,BLOCKED,ROAD_NOT_AUTHORITATIVELY_MAPPED|NO_NNGLA_PUBLICATION_RECORD,false,
NG-RD-000105,ROAD,BLOCKED,ROAD_NOT_AUTHORITATIVELY_MAPPED|NO_NNGLA_PUBLICATION_RECORD,false,
NG-RD-000106,ROAD,BLOCKED,ROAD_NOT_AUTHORITATIVELY_MAPPED|NO_NNGLA_PUBLICATION_RECORD,false,
NG-RD-000107,ROAD,BLOCKED,ROAD_NOT_AUTHORITATIVELY_MAPPED|NO_NNGLA_PUBLICATION_RECORD,false,
NG-RD-000108,ROAD,BLOCKED,ROAD_NOT_AUTHORITATIVELY_MAPPED|NO_NNGLA_PUBLICATION_RECORD,false,
NG-RD-000109,ROAD,BLOCKED,ROAD_NOT_AUTHORITATIVELY_MAPPED|NO_NNGLA_PUBLICATION_RECORD,false,
NG-RD-000110,ROAD,BLOCKED,ROAD_NOT_AUTHORITATIVELY_MAPPED|NO_NNGLA_PUBLICATION_RECORD,false,
NG-RD-000111,ROAD,BLOCKED,ROAD_NOT_AUTHORITATIVELY_MAPPED|NO_NNGLA_PUBLICATION_RECORD,false,
NG-RD-000112,ROAD,BLOCKED,ROAD_NOT_AUTHORITATIVELY_MAPPED|NO_NNGLA_PUBLICATION_RECORD,false,
NG-RD-000113,ROAD,BLOCKED,ROAD_NOT_AUTHORITATIVELY_MAPPED|NO_NNGLA_PUBLICATION_RECORD,false,
NG-RD-000114,ROAD,BLOCKED,ROAD_NOT_AUTHORITATIVELY_MAPPED|NO_NNGLA_PUBLICATION_RECORD,false,
NG-RD-000115,ROAD,BLOCKED,ROAD_NOT_AUTHORITATIVELY_MAPPED|NO_NNGLA_PUBLICATION_RECORD,false,
NG-RD-000116,ROAD,BLOCKED,ROAD_NOT_AUTHORITATIVELY_MAPPED|NO_NNGLA_PUBLICATION_RECORD,false,
NG-RD-000117,ROAD,BLOCKED,ROAD_NOT_AUTHORITATIVELY_MAPPED|NO_NNGLA_PUBLICATION_RECORD,false,
NG-RD-000118,ROAD,BLOCKED,ROAD_NOT_AUTHORITATIVELY_MAPPED|NO_NNGLA_PUBLICATION_RECORD,false,
NG-RD-000119,ROAD,BLOCKED,ROAD_NOT_AUTHORITATIVELY_MAPPED|NO_NNGLA_PUBLICATION_RECORD,false,
NG-RD-000120,ROAD,BLOCKED,ROAD_NOT_AUTHORITATIVELY_MAPPED|NO_NNGLA_PUBLICATION_RECORD,false,
NG-RD-000121,ROAD,BLOCKED,ROAD_NOT_AUTHORITATIVELY_MAPPED|NO_NNGLA_PUBLICATION_RECORD,false,
NG-RD-000122,ROAD,BLOCKED,ROAD_NOT_AUTHORITATIVELY_MAPPED|NO_NNGLA_PUBLICATION_RECORD,false,
NG-RD-000123,ROAD,BLOCKED,ROAD_NOT_AUTHORITATIVELY_MAPPED|NO_NNGLA_PUBLICATION_RECORD,false,
NG-RD-000124,ROAD,BLOCKED,ROAD_NOT_AUTHORITATIVELY_MAPPED|NO_NNGLA_PUBLICATION_RECORD,false,
NG-RD-000125,ROAD,BLOCKED,ROAD_NOT_AUTHORITATIVELY_MAPPED|NO_NNGLA_PUBLICATION_RECORD,false,
NG-RD-000126,ROAD,BLOCKED,ROAD_NOT_AUTHORITATIVELY_MAPPED|NO_NNGLA_PUBLICATION_RECORD,false,
NG-RD-000127,ROAD,BLOCKED,ROAD_NOT_AUTHORITATIVELY_MAPPED|NO_NNGLA_PUBLICATION_RECORD,false,
NG-RD-000128,ROAD,BLOCKED,ROAD_NOT_AUTHORITATIVELY_MAPPED|NO_NNGLA_PUBLICATION_RECORD,false,
NG-RD-000129,ROAD,BLOCKED,ROAD_NOT_AUTHORITATIVELY_MAPPED|NO_NNGLA_PUBLICATION_RECORD,false,
NG-RD-000130,ROAD,BLOCKED,ROAD_NOT_AUTHORITATIVELY_MAPPED|NO_NNGLA_PUBLICATION_RECORD,false,
NG-RD-000131,ROAD,BLOCKED,ROAD_NOT_AUTHORITATIVELY_MAPPED|NO_NNGLA_PUBLICATION_RECORD,false,
NG-RD-000132,ROAD,BLOCKED,ROAD_NOT_AUTHORITATIVELY_MAPPED|NO_NNGLA_PUBLICATION_RECORD,false,
NG-RD-000133,ROAD,BLOCKED,ROAD_NOT_AUTHORITATIVELY_MAPPED|NO_NNGLA_PUBLICATION_RECORD,false,
NG-RD-000134,ROAD,BLOCKED,ROAD_NOT_AUTHORITATIVELY_MAPPED|NO_NNGLA_PUBLICATION_RECORD,false,
NG-RD-000135,ROAD,BLOCKED,ROAD_NOT_AUTHORITATIVELY_MAPPED|NO_NNGLA_PUBLICATION_RECORD,false,
NG-RD-000136,ROAD,BLOCKED,ROAD_NOT_AUTHORITATIVELY_MAPPED|NO_NNGLA_PUBLICATION_RECORD,false,
NG-RD-000137,ROAD,BLOCKED,ROAD_NOT_AUTHORITATIVELY_MAPPED|NO_NNGLA_PUBLICATION_RECORD,false,
NG-RD-000138,ROAD,BLOCKED,ROAD_NOT_AUTHORITATIVELY_MAPPED|NO_NNGLA_PUBLICATION_RECORD,false,
NG-RD-000139,ROAD,BLOCKED,ROAD_NOT_AUTHORITATIVELY_MAPPED|NO_NNGLA_PUBLICATION_RECORD,false,
NG-RD-000140,ROAD,BLOCKED,ROAD_NOT_AUTHORITATIVELY_MAPPED|NO_NNGLA_PUBLICATION_RECORD,false,
NG-RD-000141,ROAD,BLOCKED,ROAD_NOT_AUTHORITATIVELY_MAPPED|NO_NNGLA_PUBLICATION_RECORD,false,
NG-RD-000142,ROAD,BLOCKED,ROAD_NOT_AUTHORITATIVELY_MAPPED|NO_NNGLA_PUBLICATION_RECORD,false,
NG-RD-000143,ROAD,BLOCKED,ROAD_NOT_AUTHORITATIVELY_MAPPED|NO_NNGLA_PUBLICATION_RECORD,false,
NG-RD-000144,ROAD,BLOCKED,ROAD_NOT_AUTHORITATIVELY_MAPPED|NO_NNGLA_PUBLICATION_RECORD,false,
NG-RD-000145,ROAD,BLOCKED,ROAD_NOT_AUTHORITATIVELY_MAPPED|NO_NNGLA_PUBLICATION_RECORD,false,
NG-RD-000146,ROAD,BLOCKED,ROAD_NOT_AUTHORITATIVELY_MAPPED|NO_NNGLA_PUBLICATION_RECORD,false,
NG-RD-000147,ROAD,BLOCKED,ROAD_NOT_AUTHORITATIVELY_MAPPED|NO_NNGLA_PUBLICATION_RECORD,false,
NG-RD-000148,ROAD,BLOCKED,ROAD_NOT_AUTHORITATIVELY_MAPPED|NO_NNGLA_PUBLICATION_RECORD,false,
NG-RD-000149,ROAD,BLOCKED,ROAD_NOT_AUTHORITATIVELY_MAPPED|NO_NNGLA_PUBLICATION_RECORD,false,
NG-RD-000150,ROAD,BLOCKED,ROAD_NOT_AUTHORITATIVELY_MAPPED|NO_NNGLA_PUBLICATION_RECORD,false,
NG-RD-000151,ROAD,BLOCKED,ROAD_NOT_AUTHORITATIVELY_MAPPED|NO_NNGLA_PUBLICATION_RECORD,false,
NG-RD-000152,ROAD,BLOCKED,ROAD_NOT_AUTHORITATIVELY_MAPPED|NO_NNGLA_PUBLICATION_RECORD,false,
NG-RD-000153,ROAD,BLOCKED,ROAD_NOT_AUTHORITATIVELY_MAPPED|NO_NNGLA_PUBLICATION_RECORD,false,
NG-RD-000154,ROAD,BLOCKED,ROAD_NOT_AUTHORITATIVELY_MAPPED|NO_NNGLA_PUBLICATION_RECORD,false,
NG-RD-000155,ROAD,BLOCKED,ROAD_NOT_AUTHORITATIVELY_MAPPED|NO_NNGLA_PUBLICATION_RECORD,false,
NG-RD-000156,ROAD,BLOCKED,ROAD_NOT_AUTHORITATIVELY_MAPPED|NO_NNGLA_PUBLICATION_RECORD,false,
NG-RD-000157,ROAD,BLOCKED,ROAD_NOT_AUTHORITATIVELY_MAPPED|NO_NNGLA_PUBLICATION_RECORD,false,
NG-RD-000158,ROAD,BLOCKED,ROAD_NOT_AUTHORITATIVELY_MAPPED|NO_NNGLA_PUBLICATION_RECORD,false,
NG-RD-000159,ROAD,BLOCKED,ROAD_NOT_AUTHORITATIVELY_MAPPED|NO_NNGLA_PUBLICATION_RECORD,false,
NG-RD-000160,ROAD,BLOCKED,ROAD_NOT_AUTHORITATIVELY_MAPPED|NO_NNGLA_PUBLICATION_RECORD,false,
NG-RD-000161,ROAD,BLOCKED,ROAD_NOT_AUTHORITATIVELY_MAPPED|NO_NNGLA_PUBLICATION_RECORD,false,
NG-RD-000162,ROAD,BLOCKED,ROAD_NOT_AUTHORITATIVELY_MAPPED|NO_NNGLA_PUBLICATION_RECORD,false,
NG-RD-000163,ROAD,BLOCKED,ROAD_NOT_AUTHORITATIVELY_MAPPED|NO_NNGLA_PUBLICATION_RECORD,false,
NG-RD-000164,ROAD,BLOCKED,ROAD_NOT_AUTHORITATIVELY_MAPPED|NO_NNGLA_PUBLICATION_RECORD,false,
NG-RD-000165,ROAD,BLOCKED,ROAD_NOT_AUTHORITATIVELY_MAPPED|NO_NNGLA_PUBLICATION_RECORD,false,
NG-RD-000166,ROAD,BLOCKED,ROAD_NOT_AUTHORITATIVELY_MAPPED|NO_NNGLA_PUBLICATION_RECORD,false,
NG-RD-000167,ROAD,BLOCKED,ROAD_NOT_AUTHORITATIVELY_MAPPED|NO_NNGLA_PUBLICATION_RECORD,false,
NG-RD-000168,ROAD,BLOCKED,ROAD_NOT_AUTHORITATIVELY_MAPPED|NO_NNGLA_PUBLICATION_RECORD,false,
NG-RD-000169,ROAD,BLOCKED,ROAD_NOT_AUTHORITATIVELY_MAPPED|NO_NNGLA_PUBLICATION_RECORD,false,
NG-RD-000170,ROAD,BLOCKED,ROAD_NOT_AUTHORITATIVELY_MAPPED|NO_NNGLA_PUBLICATION_RECORD,false,
NG-RD-000171,ROAD,BLOCKED,ROAD_NOT_AUTHORITATIVELY_MAPPED|NO_NNGLA_PUBLICATION_RECORD,false,
NG-RD-000172,ROAD,BLOCKED,ROAD_NOT_AUTHORITATIVELY_MAPPED|NO_NNGLA_PUBLICATION_RECORD,false,
NG-RD-000173,ROAD,BLOCKED,ROAD_NOT_AUTHORITATIVELY_MAPPED|NO_NNGLA_PUBLICATION_RECORD,false,
NG-RD-000174,ROAD,BLOCKED,ROAD_NOT_AUTHORITATIVELY_MAPPED|NO_NNGLA_PUBLICATION_RECORD,false,
NG-RD-000175,ROAD,BLOCKED,ROAD_NOT_AUTHORITATIVELY_MAPPED|NO_NNGLA_PUBLICATION_RECORD,false,
NG-RD-000176,ROAD,BLOCKED,ROAD_NOT_AUTHORITATIVELY_MAPPED|NO_NNGLA_PUBLICATION_RECORD,false,
NG-RD-000177,ROAD,BLOCKED,ROAD_NOT_AUTHORITATIVELY_MAPPED|NO_NNGLA_PUBLICATION_RECORD,false,
NG-RD-000178,ROAD,BLOCKED,ROAD_NOT_AUTHORITATIVELY_MAPPED|NO_NNGLA_PUBLICATION_RECORD,false,
NG-RD-000179,ROAD,BLOCKED,ROAD_NOT_AUTHORITATIVELY_MAPPED|NO_NNGLA_PUBLICATION_RECORD,false,
NG-RD-000180,ROAD,BLOCKED,ROAD_NOT_AUTHORITATIVELY_MAPPED|NO_NNGLA_PUBLICATION_RECORD,false,
NG-RD-000181,ROAD,BLOCKED,ROAD_NOT_AUTHORITATIVELY_MAPPED|NO_NNGLA_PUBLICATION_RECORD,false,
NG-RD-000182,ROAD,BLOCKED,ROAD_NOT_AUTHORITATIVELY_MAPPED|NO_NNGLA_PUBLICATION_RECORD,false,
NG-RD-000183,ROAD,BLOCKED,ROAD_NOT_AUTHORITATIVELY_MAPPED|NO_NNGLA_PUBLICATION_RECORD,false,
NG-RD-000184,ROAD,BLOCKED,ROAD_NOT_AUTHORITATIVELY_MAPPED|NO_NNGLA_PUBLICATION_RECORD,false,
NG-RD-000185,ROAD,BLOCKED,ROAD_NOT_AUTHORITATIVELY_MAPPED|NO_NNGLA_PUBLICATION_RECORD,false,
NG-RD-000186,ROAD,BLOCKED,ROAD_NOT_AUTHORITATIVELY_MAPPED|NO_NNGLA_PUBLICATION_RECORD,false,
NG-RD-000187,ROAD,BLOCKED,ROAD_NOT_AUTHORITATIVELY_MAPPED|NO_NNGLA_PUBLICATION_RECORD,false,
NG-RD-000188,ROAD,BLOCKED,ROAD_NOT_AUTHORITATIVELY_MAPPED|NO_NNGLA_PUBLICATION_RECORD,false,
NG-RD-000189,ROAD,BLOCKED,ROAD_NOT_AUTHORITATIVELY_MAPPED|NO_NNGLA_PUBLICATION_RECORD,false,
NG-RD-000190,ROAD,BLOCKED,ROAD_NOT_AUTHORITATIVELY_MAPPED|NO_NNGLA_PUBLICATION_RECORD,false,
NG-RD-000191,ROAD,BLOCKED,ROAD_NOT_AUTHORITATIVELY_MAPPED|NO_NNGLA_PUBLICATION_RECORD,false,
NG-RD-000192,ROAD,BLOCKED,ROAD_NOT_AUTHORITATIVELY_MAPPED|NO_NNGLA_PUBLICATION_RECORD,false,
NG-RD-000193,ROAD,BLOCKED,ROAD_NOT_AUTHORITATIVELY_MAPPED|NO_NNGLA_PUBLICATION_RECORD,false,
NG-RD-000194,ROAD,BLOCKED,ROAD_NOT_AUTHORITATIVELY_MAPPED|NO_NNGLA_PUBLICATION_RECORD,false,
NG-RD-000195,ROAD,BLOCKED,ROAD_NOT_AUTHORITATIVELY_MAPPED|NO_NNGLA_PUBLICATION_RECORD,false,
NG-RD-000196,ROAD,BLOCKED,ROAD_NOT_AUTHORITATIVELY_MAPPED|NO_NNGLA_PUBLICATION_RECORD,false,
NG-RD-000197,ROAD,BLOCKED,ROAD_NOT_AUTHORITATIVELY_MAPPED|NO_NNGLA_PUBLICATION_RECORD,false,
NG-RD-000198,ROAD,BLOCKED,ROAD_NOT_AUTHORITATIVELY_MAPPED|NO_NNGLA_PUBLICATION_RECORD,false,
NG-RD-000199,ROAD,BLOCKED,ROAD_NOT_AUTHORITATIVELY_MAPPED|NO_NNGLA_PUBLICATION_RECORD,false,
NG-RD-000200,ROAD,BLOCKED,ROAD_NOT_AUTHORITATIVELY_MAPPED|NO_NNGLA_PUBLICATION_RECORD,false,
NG-RD-000201,ROAD,BLOCKED,ROAD_NOT_AUTHORITATIVELY_MAPPED|NO_NNGLA_PUBLICATION_RECORD,false,
NG-RD-000202,ROAD,BLOCKED,ROAD_NOT_AUTHORITATIVELY_MAPPED|NO_NNGLA_PUBLICATION_RECORD,false,
NG-RD-000203,ROAD,BLOCKED,ROAD_NOT_AUTHORITATIVELY_MAPPED|NO_NNGLA_PUBLICATION_RECORD,false,
NG-RD-000204,ROAD,BLOCKED,ROAD_NOT_AUTHORITATIVELY_MAPPED|NO_NNGLA_PUBLICATION_RECORD,false,
NG-RD-000205,ROAD,BLOCKED,ROAD_NOT_AUTHORITATIVELY_MAPPED|NO_NNGLA_PUBLICATION_RECORD,false,
NG-RD-000206,ROAD,BLOCKED,ROAD_NOT_AUTHORITATIVELY_MAPPED|NO_NNGLA_PUBLICATION_RECORD,false,
NG-RD-000207,ROAD,BLOCKED,ROAD_NOT_AUTHORITATIVELY_MAPPED|NO_NNGLA_PUBLICATION_RECORD,false,
NG-RD-000208,ROAD,BLOCKED,ROAD_NOT_AUTHORITATIVELY_MAPPED|NO_NNGLA_PUBLICATION_RECORD,false,
NG-RD-000209,ROAD,BLOCKED,ROAD_NOT_AUTHORITATIVELY_MAPPED|NO_NNGLA_PUBLICATION_RECORD,false,
NG-RD-000210,ROAD,BLOCKED,ROAD_NOT_AUTHORITATIVELY_MAPPED|NO_NNGLA_PUBLICATION_RECORD,false,
NG-RD-000211,ROAD,BLOCKED,ROAD_NOT_AUTHORITATIVELY_MAPPED|NO_NNGLA_PUBLICATION_RECORD,false,
NG-RD-000212,ROAD,BLOCKED,ROAD_NOT_AUTHORITATIVELY_MAPPED|NO_NNGLA_PUBLICATION_RECORD,false,
NG-RD-000213,ROAD,BLOCKED,ROAD_NOT_AUTHORITATIVELY_MAPPED|NO_NNGLA_PUBLICATION_RECORD,false,
NG-RD-000214,ROAD,BLOCKED,ROAD_NOT_AUTHORITATIVELY_MAPPED|NO_NNGLA_PUBLICATION_RECORD,false,
NG-RD-000215,ROAD,BLOCKED,ROAD_NOT_AUTHORITATIVELY_MAPPED|NO_NNGLA_PUBLICATION_RECORD,false,
NG-RD-000216,ROAD,BLOCKED,ROAD_NOT_AUTHORITATIVELY_MAPPED|NO_NNGLA_PUBLICATION_RECORD,false,
NG-RD-000217,ROAD,BLOCKED,ROAD_NOT_AUTHORITATIVELY_MAPPED|NO_NNGLA_PUBLICATION_RECORD,false,
NG-RD-000218,ROAD,BLOCKED,ROAD_NOT_AUTHORITATIVELY_MAPPED|NO_NNGLA_PUBLICATION_RECORD,false,
NG-RD-000219,ROAD,BLOCKED,ROAD_NOT_AUTHORITATIVELY_MAPPED|NO_NNGLA_PUBLICATION_RECORD,false,
NG-RD-000220,ROAD,BLOCKED,ROAD_NOT_AUTHORITATIVELY_MAPPED|NO_NNGLA_PUBLICATION_RECORD,false,
NG-RD-000221,ROAD,BLOCKED,ROAD_NOT_AUTHORITATIVELY_MAPPED|NO_NNGLA_PUBLICATION_RECORD,false,
NG-RD-000222,ROAD,BLOCKED,ROAD_NOT_AUTHORITATIVELY_MAPPED|NO_NNGLA_PUBLICATION_RECORD,false,
NG-RD-000223,ROAD,BLOCKED,ROAD_NOT_AUTHORITATIVELY_MAPPED|NO_NNGLA_PUBLICATION_RECORD,false,
NG-RD-000224,ROAD,BLOCKED,ROAD_NOT_AUTHORITATIVELY_MAPPED|NO_NNGLA_PUBLICATION_RECORD,false,
NG-RD-000225,ROAD,BLOCKED,ROAD_NOT_AUTHORITATIVELY_MAPPED|NO_NNGLA_PUBLICATION_RECORD,false,
NG-RD-000226,ROAD,BLOCKED,ROAD_NOT_AUTHORITATIVELY_MAPPED|NO_NNGLA_PUBLICATION_RECORD,false,
NG-RD-000227,ROAD,BLOCKED,ROAD_NOT_AUTHORITATIVELY_MAPPED|NO_NNGLA_PUBLICATION_RECORD,false,
NG-RD-000228,ROAD,BLOCKED,ROAD_NOT_AUTHORITATIVELY_MAPPED|NO_NNGLA_PUBLICATION_RECORD,false,
NG-RD-000229,ROAD,BLOCKED,ROAD_NOT_AUTHORITATIVELY_MAPPED|NO_NNGLA_PUBLICATION_RECORD,false,
NG-RD-000230,ROAD,BLOCKED,ROAD_NOT_AUTHORITATIVELY_MAPPED|NO_NNGLA_PUBLICATION_RECORD,false,
NG-RD-000231,ROAD,BLOCKED,ROAD_NOT_AUTHORITATIVELY_MAPPED|NO_NNGLA_PUBLICATION_RECORD,false,
NG-RD-000232,ROAD,BLOCKED,ROAD_NOT_AUTHORITATIVELY_MAPPED|NO_NNGLA_PUBLICATION_RECORD,false,
NG-RD-000233,ROAD,BLOCKED,ROAD_NOT_AUTHORITATIVELY_MAPPED|NO_NNGLA_PUBLICATION_RECORD,false,
NG-RD-000234,ROAD,BLOCKED,ROAD_NOT_AUTHORITATIVELY_MAPPED|NO_NNGLA_PUBLICATION_RECORD,false,
NG-RD-000235,ROAD,BLOCKED,ROAD_NOT_AUTHORITATIVELY_MAPPED|NO_NNGLA_PUBLICATION_RECORD,false,
NG-RD-000236,ROAD,BLOCKED,ROAD_NOT_AUTHORITATIVELY_MAPPED|NO_NNGLA_PUBLICATION_RECORD,false,
NG-RD-000237,ROAD,BLOCKED,ROAD_NOT_AUTHORITATIVELY_MAPPED|NO_NNGLA_PUBLICATION_RECORD,false,
NG-RD-000238,ROAD,BLOCKED,ROAD_NOT_AUTHORITATIVELY_MAPPED|NO_NNGLA_PUBLICATION_RECORD,false,
NG-RD-000239,ROAD,BLOCKED,ROAD_NOT_AUTHORITATIVELY_MAPPED|NO_NNGLA_PUBLICATION_RECORD,false,
NG-RD-000240,ROAD,BLOCKED,ROAD_NOT_AUTHORITATIVELY_MAPPED|NO_NNGLA_PUBLICATION_RECORD,false,
NG-RD-000241,ROAD,BLOCKED,ROAD_NOT_AUTHORITATIVELY_MAPPED|NO_NNGLA_PUBLICATION_RECORD,false,
NG-RD-000242,ROAD,BLOCKED,ROAD_NOT_AUTHORITATIVELY_MAPPED|NO_NNGLA_PUBLICATION_RECORD,false,
NG-RD-000243,ROAD,BLOCKED,ROAD_NOT_AUTHORITATIVELY_MAPPED|NO_NNGLA_PUBLICATION_RECORD,false,
NG-RD-000244,ROAD,BLOCKED,ROAD_NOT_AUTHORITATIVELY_MAPPED|NO_NNGLA_PUBLICATION_RECORD,false,
NG-RD-000245,ROAD,BLOCKED,ROAD_NOT_AUTHORITATIVELY_MAPPED|NO_NNGLA_PUBLICATION_RECORD,false,
NG-RD-000246,ROAD,BLOCKED,ROAD_NOT_AUTHORITATIVELY_MAPPED|NO_NNGLA_PUBLICATION_RECORD,false,
NG-RD-000247,ROAD,BLOCKED,ROAD_NOT_AUTHORITATIVELY_MAPPED|NO_NNGLA_PUBLICATION_RECORD,false,
NG-RD-000248,ROAD,BLOCKED,ROAD_NOT_AUTHORITATIVELY_MAPPED|NO_NNGLA_PUBLICATION_RECORD,false,
NG-RD-000249,ROAD,BLOCKED,ROAD_NOT_AUTHORITATIVELY_MAPPED|NO_NNGLA_PUBLICATION_RECORD,false,
NG-RD-000250,ROAD,BLOCKED,ROAD_NOT_AUTHORITATIVELY_MAPPED|NO_NNGLA_PUBLICATION_RECORD,false,
NG-RD-000251,ROAD,BLOCKED,ROAD_NOT_AUTHORITATIVELY_MAPPED|NO_NNGLA_PUBLICATION_RECORD,false,
NG-RD-000252,ROAD,BLOCKED,ROAD_NOT_AUTHORITATIVELY_MAPPED|NO_NNGLA_PUBLICATION_RECORD,false,
NG-RD-000253,ROAD,BLOCKED,ROAD_NOT_AUTHORITATIVELY_MAPPED|NO_NNGLA_PUBLICATION_RECORD,false,
NG-RD-000254,ROAD,BLOCKED,ROAD_NOT_AUTHORITATIVELY_MAPPED|NO_NNGLA_PUBLICATION_RECORD,false,
NG-RD-000255,ROAD,BLOCKED,ROAD_NOT_AUTHORITATIVELY_MAPPED|NO_NNGLA_PUBLICATION_RECORD,false,
NG-RD-000256,ROAD,BLOCKED,ROAD_NOT_AUTHORITATIVELY_MAPPED|NO_NNGLA_PUBLICATION_RECORD,false,
NG-RD-000257,ROAD,BLOCKED,ROAD_NOT_AUTHORITATIVELY_MAPPED|NO_NNGLA_PUBLICATION_RECORD,false,
NG-RD-000258,ROAD,BLOCKED,ROAD_NOT_AUTHORITATIVELY_MAPPED|NO_NNGLA_PUBLICATION_RECORD,false,
NG-RD-000259,ROAD,BLOCKED,ROAD_NOT_AUTHORITATIVELY_MAPPED|NO_NNGLA_PUBLICATION_RECORD,false,
NG-RD-000260,ROAD,BLOCKED,ROAD_NOT_AUTHORITATIVELY_MAPPED|NO_NNGLA_PUBLICATION_RECORD,false,
NG-RD-000261,ROAD,BLOCKED,ROAD_NOT_AUTHORITATIVELY_MAPPED|NO_NNGLA_PUBLICATION_RECORD,false,
NG-RD-000262,ROAD,BLOCKED,ROAD_NOT_AUTHORITATIVELY_MAPPED|NO_NNGLA_PUBLICATION_RECORD,false,
NG-RD-000263,ROAD,BLOCKED,ROAD_NOT_AUTHORITATIVELY_MAPPED|NO_NNGLA_PUBLICATION_RECORD,false,
NG-RD-000264,ROAD,BLOCKED,ROAD_NOT_AUTHORITATIVELY_MAPPED|NO_NNGLA_PUBLICATION_RECORD,false,
NG-RD-000265,ROAD,BLOCKED,ROAD_NOT_AUTHORITATIVELY_MAPPED|NO_NNGLA_PUBLICATION_RECORD,false,
NG-RD-000266,ROAD,BLOCKED,ROAD_NOT_AUTHORITATIVELY_MAPPED|NO_NNGLA_PUBLICATION_RECORD,false,
NG-RD-000267,ROAD,BLOCKED,ROAD_NOT_AUTHORITATIVELY_MAPPED|NO_NNGLA_PUBLICATION_RECORD,false,
NG-RD-000268,ROAD,BLOCKED,ROAD_NOT_AUTHORITATIVELY_MAPPED|NO_NNGLA_PUBLICATION_RECORD,false,
NG-RD-000269,ROAD,BLOCKED,ROAD_NOT_AUTHORITATIVELY_MAPPED|NO_NNGLA_PUBLICATION_RECORD,false,
NG-RD-000270,ROAD,BLOCKED,ROAD_NOT_AUTHORITATIVELY_MAPPED|NO_NNGLA_PUBLICATION_RECORD,false,
NG-RD-000271,ROAD,BLOCKED,ROAD_NOT_AUTHORITATIVELY_MAPPED|NO_NNGLA_PUBLICATION_RECORD,false,
NG-RD-000272,ROAD,BLOCKED,ROAD_NOT_AUTHORITATIVELY_MAPPED|NO_NNGLA_PUBLICATION_RECORD,false,
NG-RD-000273,ROAD,BLOCKED,ROAD_NOT_AUTHORITATIVELY_MAPPED|NO_NNGLA_PUBLICATION_RECORD,false,
NG-RD-000274,ROAD,BLOCKED,ROAD_NOT_AUTHORITATIVELY_MAPPED|NO_NNGLA_PUBLICATION_RECORD,false,
NG-RD-000275,ROAD,BLOCKED,ROAD_NOT_AUTHORITATIVELY_MAPPED|NO_NNGLA_PUBLICATION_RECORD,false,
NG-RD-000276,ROAD,BLOCKED,ROAD_NOT_AUTHORITATIVELY_MAPPED|NO_NNGLA_PUBLICATION_RECORD,false,
NG-RD-000277,ROAD,BLOCKED,ROAD_NOT_AUTHORITATIVELY_MAPPED|NO_NNGLA_PUBLICATION_RECORD,false,
NG-RD-000278,ROAD,BLOCKED,ROAD_NOT_AUTHORITATIVELY_MAPPED|NO_NNGLA_PUBLICATION_RECORD,false,
NG-RD-000279,ROAD,BLOCKED,ROAD_NOT_AUTHORITATIVELY_MAPPED|NO_NNGLA_PUBLICATION_RECORD,false,
NG-RD-000280,ROAD,BLOCKED,ROAD_NOT_AUTHORITATIVELY_MAPPED|NO_NNGLA_PUBLICATION_RECORD,false,
NG-RD-000281,ROAD,BLOCKED,ROAD_NOT_AUTHORITATIVELY_MAPPED|NO_NNGLA_PUBLICATION_RECORD,false,
NG-RD-000282,ROAD,BLOCKED,ROAD_NOT_AUTHORITATIVELY_MAPPED|NO_NNGLA_PUBLICATION_RECORD,false,
NG-RD-000283,ROAD,BLOCKED,ROAD_NOT_AUTHORITATIVELY_MAPPED|NO_NNGLA_PUBLICATION_RECORD,false,
NG-RD-000284,ROAD,BLOCKED,ROAD_NOT_AUTHORITATIVELY_MAPPED|NO_NNGLA_PUBLICATION_RECORD,false,
NG-RD-000285,ROAD,BLOCKED,ROAD_NOT_AUTHORITATIVELY_MAPPED|NO_NNGLA_PUBLICATION_RECORD,false,
NG-RD-000286,ROAD,BLOCKED,ROAD_NOT_AUTHORITATIVELY_MAPPED|NO_NNGLA_PUBLICATION_RECORD,false,
NG-RD-000287,ROAD,BLOCKED,ROAD_NOT_AUTHORITATIVELY_MAPPED|NO_NNGLA_PUBLICATION_RECORD,false,
NG-RD-000288,ROAD,BLOCKED,ROAD_NOT_AUTHORITATIVELY_MAPPED|NO_NNGLA_PUBLICATION_RECORD,false,
NG-RD-000289,ROAD,BLOCKED,ROAD_NOT_AUTHORITATIVELY_MAPPED|NO_NNGLA_PUBLICATION_RECORD,false,
NG-RD-000290,ROAD,BLOCKED,ROAD_NOT_AUTHORITATIVELY_MAPPED|NO_NNGLA_PUBLICATION_RECORD,false,
NG-RD-000291,ROAD,BLOCKED,ROAD_NOT_AUTHORITATIVELY_MAPPED|NO_NNGLA_PUBLICATION_RECORD,false,
NG-RD-000292,ROAD,BLOCKED,ROAD_NOT_AUTHORITATIVELY_MAPPED|NO_NNGLA_PUBLICATION_RECORD,false,
NG-RD-000293,ROAD,BLOCKED,ROAD_NOT_AUTHORITATIVELY_MAPPED|NO_NNGLA_PUBLICATION_RECORD,false,
NG-RD-000294,ROAD,BLOCKED,ROAD_NOT_AUTHORITATIVELY_MAPPED|NO_NNGLA_PUBLICATION_RECORD,false,
NG-RD-000295,ROAD,BLOCKED,ROAD_NOT_AUTHORITATIVELY_MAPPED|NO_NNGLA_PUBLICATION_RECORD,false,
NG-RD-000296,ROAD,BLOCKED,ROAD_NOT_AUTHORITATIVELY_MAPPED|NO_NNGLA_PUBLICATION_RECORD,false,
NG-RD-000297,ROAD,BLOCKED,ROAD_NOT_AUTHORITATIVELY_MAPPED|NO_NNGLA_PUBLICATION_RECORD,false,
NG-RD-000298,ROAD,BLOCKED,ROAD_NOT_AUTHORITATIVELY_MAPPED|NO_NNGLA_PUBLICATION_RECORD,false,
NG-RD-000299,ROAD,BLOCKED,ROAD_NOT_AUTHORITATIVELY_MAPPED|NO_NNGLA_PUBLICATION_RECORD,false,
NG-RD-000300,ROAD,BLOCKED,ROAD_NOT_AUTHORITATIVELY_MAPPED|NO_NNGLA_PUBLICATION_RECORD,false,
NG-RD-000301,ROAD,BLOCKED,ROAD_NOT_AUTHORITATIVELY_MAPPED|NO_NNGLA_PUBLICATION_RECORD,false,
NG-RD-000302,ROAD,BLOCKED,ROAD_NOT_AUTHORITATIVELY_MAPPED|NO_NNGLA_PUBLICATION_RECORD,false,
NG-RD-000303,ROAD,BLOCKED,ROAD_NOT_AUTHORITATIVELY_MAPPED|NO_NNGLA_PUBLICATION_RECORD,false,
NG-RD-000304,ROAD,BLOCKED,ROAD_NOT_AUTHORITATIVELY_MAPPED|NO_NNGLA_PUBLICATION_RECORD,false,
NG-RD-000305,ROAD,BLOCKED,ROAD_NOT_AUTHORITATIVELY_MAPPED|NO_NNGLA_PUBLICATION_RECORD,false,
NG-RD-000306,ROAD,BLOCKED,ROAD_NOT_AUTHORITATIVELY_MAPPED|NO_NNGLA_PUBLICATION_RECORD,false,
NG-RD-000307,ROAD,BLOCKED,ROAD_NOT_AUTHORITATIVELY_MAPPED|NO_NNGLA_PUBLICATION_RECORD,false,
NG-RD-000308,ROAD,BLOCKED,ROAD_NOT_AUTHORITATIVELY_MAPPED|NO_NNGLA_PUBLICATION_RECORD,false,
NG-RD-000309,ROAD,BLOCKED,ROAD_NOT_AUTHORITATIVELY_MAPPED|NO_NNGLA_PUBLICATION_RECORD,false,
NG-RD-000310,ROAD,BLOCKED,ROAD_NOT_AUTHORITATIVELY_MAPPED|NO_NNGLA_PUBLICATION_RECORD,false,
NG-RD-000311,ROAD,BLOCKED,ROAD_NOT_AUTHORITATIVELY_MAPPED|NO_NNGLA_PUBLICATION_RECORD,false,
NG-RD-000312,ROAD,BLOCKED,ROAD_NOT_AUTHORITATIVELY_MAPPED|NO_NNGLA_PUBLICATION_RECORD,false,
NG-RD-000313,ROAD,BLOCKED,ROAD_NOT_AUTHORITATIVELY_MAPPED|NO_NNGLA_PUBLICATION_RECORD,false,
NG-RD-000314,ROAD,BLOCKED,ROAD_NOT_AUTHORITATIVELY_MAPPED|NO_NNGLA_PUBLICATION_RECORD,false,
NG-RD-000315,ROAD,BLOCKED,ROAD_NOT_AUTHORITATIVELY_MAPPED|NO_NNGLA_PUBLICATION_RECORD,false,
NG-RD-000316,ROAD,BLOCKED,ROAD_NOT_AUTHORITATIVELY_MAPPED|NO_NNGLA_PUBLICATION_RECORD,false,
NG-RD-000317,ROAD,BLOCKED,ROAD_NOT_AUTHORITATIVELY_MAPPED|NO_NNGLA_PUBLICATION_RECORD,false,
NG-RD-000318,ROAD,BLOCKED,ROAD_NOT_AUTHORITATIVELY_MAPPED|NO_NNGLA_PUBLICATION_RECORD,false,
NG-RD-000319,ROAD,BLOCKED,ROAD_NOT_AUTHORITATIVELY_MAPPED|NO_NNGLA_PUBLICATION_RECORD,false,
NG-RD-000320,ROAD,BLOCKED,ROAD_NOT_AUTHORITATIVELY_MAPPED|NO_NNGLA_PUBLICATION_RECORD,false,
NG-RD-000321,ROAD,BLOCKED,ROAD_NOT_AUTHORITATIVELY_MAPPED|NO_NNGLA_PUBLICATION_RECORD,false,
NG-RD-000322,ROAD,BLOCKED,ROAD_NOT_AUTHORITATIVELY_MAPPED|NO_NNGLA_PUBLICATION_RECORD,false,
NG-RD-000323,ROAD,BLOCKED,ROAD_NOT_AUTHORITATIVELY_MAPPED|NO_NNGLA_PUBLICATION_RECORD,false,
NG-RD-000324,ROAD,BLOCKED,ROAD_NOT_AUTHORITATIVELY_MAPPED|NO_NNGLA_PUBLICATION_RECORD,false,
NG-RD-000325,ROAD,BLOCKED,ROAD_NOT_AUTHORITATIVELY_MAPPED|NO_NNGLA_PUBLICATION_RECORD,false,
NG-RD-000326,ROAD,BLOCKED,ROAD_NOT_AUTHORITATIVELY_MAPPED|NO_NNGLA_PUBLICATION_RECORD,false,
NG-RD-000327,ROAD,BLOCKED,ROAD_NOT_AUTHORITATIVELY_MAPPED|NO_NNGLA_PUBLICATION_RECORD,false,
NG-RD-000328,ROAD,BLOCKED,ROAD_NOT_AUTHORITATIVELY_MAPPED|NO_NNGLA_PUBLICATION_RECORD,false,
NG-RD-000329,ROAD,BLOCKED,ROAD_NOT_AUTHORITATIVELY_MAPPED|NO_NNGLA_PUBLICATION_RECORD,false,
NG-RD-000330,ROAD,BLOCKED,ROAD_NOT_AUTHORITATIVELY_MAPPED|NO_NNGLA_PUBLICATION_RECORD,false,
NG-RD-000331,ROAD,BLOCKED,ROAD_NOT_AUTHORITATIVELY_MAPPED|NO_NNGLA_PUBLICATION_RECORD,false,
NG-RD-000332,ROAD,BLOCKED,ROAD_NOT_AUTHORITATIVELY_MAPPED|NO_NNGLA_PUBLICATION_RECORD,false,
NG-RD-000333,ROAD,BLOCKED,ROAD_NOT_AUTHORITATIVELY_MAPPED|NO_NNGLA_PUBLICATION_RECORD,false,
NG-RD-000334,ROAD,BLOCKED,ROAD_NOT_AUTHORITATIVELY_MAPPED|NO_NNGLA_PUBLICATION_RECORD,false,
NG-RD-000335,ROAD,BLOCKED,ROAD_NOT_AUTHORITATIVELY_MAPPED|NO_NNGLA_PUBLICATION_RECORD,false,
NG-RD-000336,ROAD,BLOCKED,ROAD_NOT_AUTHORITATIVELY_MAPPED|NO_NNGLA_PUBLICATION_RECORD,false,
NG-RD-000337,ROAD,BLOCKED,ROAD_NOT_AUTHORITATIVELY_MAPPED|NO_NNGLA_PUBLICATION_RECORD,false,
NG-RD-000338,ROAD,BLOCKED,ROAD_NOT_AUTHORITATIVELY_MAPPED|NO_NNGLA_PUBLICATION_RECORD,false,
NG-RD-000339,ROAD,BLOCKED,ROAD_NOT_AUTHORITATIVELY_MAPPED|NO_NNGLA_PUBLICATION_RECORD,false,
NG-RD-000340,ROAD,BLOCKED,ROAD_NOT_AUTHORITATIVELY_MAPPED|NO_NNGLA_PUBLICATION_RECORD,false,
NG-RD-000341,ROAD,BLOCKED,ROAD_NOT_AUTHORITATIVELY_MAPPED|NO_NNGLA_PUBLICATION_RECORD,false,
NG-RD-000342,ROAD,BLOCKED,ROAD_NOT_AUTHORITATIVELY_MAPPED|NO_NNGLA_PUBLICATION_RECORD,false,
NG-RD-000343,ROAD,BLOCKED,ROAD_NOT_AUTHORITATIVELY_MAPPED|NO_NNGLA_PUBLICATION_RECORD,false,
NG-RD-000344,ROAD,BLOCKED,ROAD_NOT_AUTHORITATIVELY_MAPPED|NO_NNGLA_PUBLICATION_RECORD,false,
NG-RD-000345,ROAD,BLOCKED,ROAD_NOT_AUTHORITATIVELY_MAPPED|NO_NNGLA_PUBLICATION_RECORD,false,
NG-RD-000346,ROAD,BLOCKED,ROAD_NOT_AUTHORITATIVELY_MAPPED|NO_NNGLA_PUBLICATION_RECORD,false,
NG-RD-000347,ROAD,BLOCKED,ROAD_NOT_AUTHORITATIVELY_MAPPED|NO_NNGLA_PUBLICATION_RECORD,false,
NG-RD-000348,ROAD,BLOCKED,ROAD_NOT_AUTHORITATIVELY_MAPPED|NO_NNGLA_PUBLICATION_RECORD,false,
NG-RD-000349,ROAD,BLOCKED,ROAD_NOT_AUTHORITATIVELY_MAPPED|NO_NNGLA_PUBLICATION_RECORD,false,
NG-RD-000350,ROAD,BLOCKED,ROAD_NOT_AUTHORITATIVELY_MAPPED|NO_NNGLA_PUBLICATION_RECORD,false,
NG-FEAT-000002,GEOGRAPHIC_FEATURE,BLOCKED,FEATURE_NAME_NOT_PUBLIC|FEATURE_GEOMETRY_NOT_PUBLISHED|NO_NNGLA_PUBLICATION_RECORD,false,
NG-FEAT-000003,GEOGRAPHIC_FEATURE,BLOCKED,FEATURE_NAME_NOT_PUBLIC|FEATURE_GEOMETRY_NOT_PUBLISHED|NO_NNGLA_PUBLICATION_RECORD,false,
NG-FEAT-000004,GEOGRAPHIC_FEATURE,BLOCKED,FEATURE_NAME_NOT_PUBLIC|FEATURE_GEOMETRY_NOT_PUBLISHED|NO_NNGLA_PUBLICATION_RECORD,false,
NG-FEAT-000005,GEOGRAPHIC_FEATURE,BLOCKED,FEATURE_NAME_NOT_PUBLIC|FEATURE_GEOMETRY_NOT_PUBLISHED|NO_NNGLA_PUBLICATION_RECORD,false,
NG-FEAT-000006,GEOGRAPHIC_FEATURE,BLOCKED,FEATURE_NAME_NOT_PUBLIC|FEATURE_GEOMETRY_NOT_PUBLISHED|NO_NNGLA_PUBLICATION_RECORD,false,
NG-FEAT-000007,GEOGRAPHIC_FEATURE,BLOCKED,FEATURE_NAME_NOT_PUBLIC|FEATURE_GEOMETRY_NOT_PUBLISHED|NO_NNGLA_PUBLICATION_RECORD,false,
NG-FEAT-000008,GEOGRAPHIC_FEATURE,BLOCKED,FEATURE_NAME_NOT_PUBLIC|FEATURE_GEOMETRY_NOT_PUBLISHED|NO_NNGLA_PUBLICATION_RECORD,false,
NG-FEAT-000009,GEOGRAPHIC_FEATURE,BLOCKED,FEATURE_NAME_NOT_PUBLIC|FEATURE_GEOMETRY_NOT_PUBLISHED|NO_NNGLA_PUBLICATION_RECORD,false,
NG-FEAT-000010,GEOGRAPHIC_FEATURE,BLOCKED,FEATURE_NAME_NOT_PUBLIC|FEATURE_GEOMETRY_NOT_PUBLISHED|NO_NNGLA_PUBLICATION_RECORD,false,
NG-FEAT-000011,GEOGRAPHIC_FEATURE,BLOCKED,FEATURE_NAME_NOT_PUBLIC|FEATURE_GEOMETRY_NOT_PUBLISHED|NO_NNGLA_PUBLICATION_RECORD,false,
NG-FEAT-000012,GEOGRAPHIC_FEATURE,BLOCKED,FEATURE_NAME_NOT_PUBLIC|FEATURE_GEOMETRY_NOT_PUBLISHED|NO_NNGLA_PUBLICATION_RECORD,false,
NG-FEAT-000013,GEOGRAPHIC_FEATURE,BLOCKED,FEATURE_NAME_NOT_PUBLIC|FEATURE_GEOMETRY_NOT_PUBLISHED|NO_NNGLA_PUBLICATION_RECORD,false,
NG-FEAT-000014,GEOGRAPHIC_FEATURE,BLOCKED,FEATURE_NAME_NOT_PUBLIC|FEATURE_GEOMETRY_NOT_PUBLISHED|NO_NNGLA_PUBLICATION_RECORD,false,
NG-FEAT-000015,GEOGRAPHIC_FEATURE,BLOCKED,FEATURE_NAME_NOT_PUBLIC|FEATURE_GEOMETRY_NOT_PUBLISHED|NO_NNGLA_PUBLICATION_RECORD,false,
NG-FEAT-000016,GEOGRAPHIC_FEATURE,BLOCKED,FEATURE_NAME_NOT_PUBLIC|FEATURE_GEOMETRY_NOT_PUBLISHED|NO_NNGLA_PUBLICATION_RECORD,false,
NG-FEAT-000017,GEOGRAPHIC_FEATURE,BLOCKED,FEATURE_NAME_NOT_PUBLIC|FEATURE_GEOMETRY_NOT_PUBLISHED|NO_NNGLA_PUBLICATION_RECORD,false,
NG-FEAT-000018,GEOGRAPHIC_FEATURE,BLOCKED,FEATURE_NAME_NOT_PUBLIC|FEATURE_GEOMETRY_NOT_PUBLISHED|NO_NNGLA_PUBLICATION_RECORD,false,
NG-FEAT-000019,GEOGRAPHIC_FEATURE,BLOCKED,FEATURE_NAME_NOT_PUBLIC|FEATURE_GEOMETRY_NOT_PUBLISHED|NO_NNGLA_PUBLICATION_RECORD,false,
NG-FEAT-000020,GEOGRAPHIC_FEATURE,BLOCKED,FEATURE_NAME_NOT_PUBLIC|FEATURE_GEOMETRY_NOT_PUBLISHED|NO_NNGLA_PUBLICATION_RECORD,false,
NG-FEAT-000021,GEOGRAPHIC_FEATURE,BLOCKED,FEATURE_NAME_NOT_PUBLIC|FEATURE_GEOMETRY_NOT_PUBLISHED|NO_NNGLA_PUBLICATION_RECORD,false,
