{"type":"FeatureCollection","name":"novegeo_administrative_boundaries_v001","metadata":{"milestone":"P006.7.11.11","bundle":"Bundle 19","dataset_id":"dataset:novegeo:administrative-boundaries","dataset_version":1,"crs_code":"NG-CRS-EPSG4326","feature_count":192,"runtime_effect_scope":"SHARED_REFERENCE","legal_semantics":"QUALIFIED_ADMINISTRATIVE_BOUNDARY_CANDIDATES_APPROVED_FOR_GOVERNED_LIVE_APPLICATION_NOT_PUBLICATION"},"features":[{"type":"Feature","id":"admbnd:nngla:ed95152a3dd6635d0d721428ee4d30fc341c3f706b850e3dd5a71ef12a4c0809","properties":{"boundary_candidate_id":"admbnd:nngla:ed95152a3dd6635d0d721428ee4d30fc341c3f706b850e3dd5a71ef12a4c0809","administrative_candidate_id":"NG-ADM-CAND-000001","administrative_area_id":"NG-ADM-000001","source_record_id":"NGR-01","administrative_type_code":"REGION","canonical_name":"Orivane Capital Territory","parent_source_record_id":"country:novegeo","parent_administrative_area_id":"country:novegeo","region_code":"NGR-01","geometry_role_code":"ADMINISTRATIVE_BOUNDARY","geometry_reservation_key":"p006.7.11.11:administrative-boundary:NG-ADM-000001","geometry_id":"","geometry_id_state":"PENDING_GOVERNED_LIVE_RESERVATION","geometry_type_code":"POLYGON","crs_code":"NG-CRS-EPSG4326","authoring_basis":"SETTLEMENT_EVIDENCE_DISSOLVED_VORONOI_SOVEREIGN_PARTITION","qualification_status":"QUALIFIED","legalization_status":"APPROVED_FOR_GOVERNED_LIVE_APPLICATION","resulting_boundary_status":"LEGALIZED","resulting_lifecycle_status":"ACTIVE","runtime_mode":"production","runtime_effect_scope":"SHARED_REFERENCE","publication_status":"NOT_PUBLISHED"},"geometry":{"type":"Polygon","coordinates":[[[34.58029988203426,-1.8183302655253626],[33.630829153619615,-2.0566203783319117],[33.343211825067996,-2.1256116379309273],[31.846796714727038,-0.8283957332350685],[32.05750472196006,-0.6276385629762744],[32.98737874241796,0.35402757792765],[34.66999624722539,1.617497296061524],[34.733434185926846,1.681263476473068],[35.294898850988105,2.2892858746055422],[35.48433275713281,2.3714231016150498],[35.91860814967627,2.5164431359896002],[35.93214718010031,2.5219180547583826],[35.97670748230043,2.5420433675259266],[36.64057919130696,3.061331608606753],[36.9423387638944,3.349800010560263],[36.946413929904466,3.348787547969502],[37.05151303748257,3.311235424014965],[37.82047691333922,3.066941760307367],[39.17715894975267,2.5604004987623323],[39.655452602794746,2.441595509395365],[39.87050952027748,2.0879112057258107],[39.73974069225912,1.9721665233461667],[38.40643655436643,0.8400106270161342],[38.00328466874691,0.4398820948716906],[37.782813042117375,0.14276178789547203],[37.17561172595727,-0.06738945897404007],[37.07054689676864,-0.14922814894959832],[36.53150195171455,-0.6025107702054301],[35.68865337195996,-1.0017588953889422],[35.07901133518815,-1.5950588384914217],[34.58029988203426,-1.8183302655253626]]]}},{"type":"Feature","id":"admbnd:nngla:820af4f6a3a6272b3e1d76c83323b099f0597c3b31dec6b2ead56fc7d974e7f6","properties":{"boundary_candidate_id":"admbnd:nngla:820af4f6a3a6272b3e1d76c83323b099f0597c3b31dec6b2ead56fc7d974e7f6","administrative_candidate_id":"NG-ADM-CAND-000002","administrative_area_id":"NG-ADM-000002","source_record_id":"NGR-02","administrative_type_code":"REGION","canonical_name":"Aelvar Highlands","parent_source_record_id":"country:novegeo","parent_administrative_area_id":"country:novegeo","region_code":"NGR-02","geometry_role_code":"ADMINISTRATIVE_BOUNDARY","geometry_reservation_key":"p006.7.11.11:administrative-boundary:NG-ADM-000002","geometry_id":"","geometry_id_state":"PENDING_GOVERNED_LIVE_RESERVATION","geometry_type_code":"POLYGON","crs_code":"NG-CRS-EPSG4326","authoring_basis":"SETTLEMENT_EVIDENCE_DISSOLVED_VORONOI_SOVEREIGN_PARTITION","qualification_status":"QUALIFIED","legalization_status":"APPROVED_FOR_GOVERNED_LIVE_APPLICATION","resulting_boundary_status":"LEGALIZED","resulting_lifecycle_status":"ACTIVE","runtime_mode":"production","runtime_effect_scope":"SHARED_REFERENCE","publication_status":"NOT_PUBLISHED"},"geometry":{"type":"Polygon","coordinates":[[[31.846796714727038,-0.8283957332350685],[30.32193961652809,-0.2995787889756764],[29.06356072611816,0.22240825313139342],[29.059406,0.327617],[29.05,0.45],[29.07065,0.561747],[29.092496,0.673334],[29.108051,0.78576],[29.108681,0.900176],[29.109234,1.014602],[29.120768,1.127564],[29.130349,1.240787],[29.140214,1.353971],[29.165349,1.46512],[29.188923,1.576477],[29.192418,1.690511],[29.198124,1.80425],[29.222416,1.915511],[29.247709,2.026639],[29.26946,2.138239],[29.298564,2.248858],[29.324003,2.359966],[29.33407,2.473124],[29.340232,2.586802],[29.35,2.7],[29.369816,2.798829],[29.389276,2.89775],[29.40680515191265,2.9814060387363868],[29.409939,2.996362],[29.429633,3.095222],[29.458853,3.19164],[29.494105,3.286512],[29.495320099941402,3.292282934479381],[29.514863,3.385099],[29.529131,3.485351],[29.559914,3.581368],[29.597418,3.675662],[29.628795,3.771527],[29.66889,3.865156],[29.715075,3.957224],[29.740941,4.054502],[29.749733,4.156158],[29.763901,4.256436],[29.78238,4.355608],[29.799768,4.45506],[29.82321,4.552959],[29.85,4.65],[29.879645,4.746973],[29.913326,4.842459],[29.949986,4.936847],[29.996087,5.027758],[30.043568,5.118159],[30.075874,5.214152],[30.10479,5.311393],[30.146746,5.40383],[30.187802,5.496599],[30.221406,5.592114],[30.264022,5.684308],[30.307447,5.776204],[30.32871,5.876265],[30.340529,5.979805],[30.365131,6.078636],[30.395981,6.175165],[30.427635,6.271398],[30.468101,6.364384],[30.511777,6.456187],[30.55,6.55],[30.646646,6.586091],[30.745041,6.618027],[30.84649,6.642711],[30.945419,6.673381],[31.035378,6.725352],[31.124636,6.778989],[31.204507188147414,6.812727793063933],[31.21959,6.819099],[31.312169,6.864848],[31.402708,6.915442],[31.500215,6.94949],[31.596769,6.985799],[31.681939,7.049144],[31.767014,7.112716],[31.862046,7.15264],[31.88950459016825,7.162250140361724],[31.959524,7.186756],[32.056975,7.220933],[32.159239,7.243681],[32.260935,7.267781],[32.356411,7.306649],[32.45,7.35],[32.569035,7.367785],[32.688232,7.384807],[32.805139,7.412595],[32.918073,7.459057],[33.03185,7.501553],[33.148595,7.530105],[33.264493,7.562631],[33.32187263952313,7.57656135970955],[33.38128,7.590984],[33.502446,7.598753],[33.621991,7.614144],[33.736005,7.655526],[33.851827,7.688414],[33.88226215016432,7.690847249491463],[35.74039856437688,5.2657469256123335],[36.05497340368472,4.718714165785689],[36.09718641287679,4.66177628111172],[36.34938097471994,4.220514595135923],[36.70862164325496,3.680129047364077],[36.9423387638944,3.349800010560263],[36.64057919130696,3.061331608606753],[35.97670748230043,2.5420433675259266],[35.93214718010031,2.5219180547583826],[35.91860814967627,2.5164431359896002],[35.48433275713281,2.3714231016150498],[35.294898850988105,2.2892858746055422],[34.733434185926846,1.681263476473068],[34.66999624722539,1.617497296061524],[32.98737874241796,0.35402757792765],[32.05750472196006,-0.6276385629762744],[31.846796714727038,-0.8283957332350685]]]}},{"type":"Feature","id":"admbnd:nngla:6d4b2695f214ed83e8921ec3ea9e5a1aae8447f3d50de2205bd72956aaa62f7e","properties":{"boundary_candidate_id":"admbnd:nngla:6d4b2695f214ed83e8921ec3ea9e5a1aae8447f3d50de2205bd72956aaa62f7e","administrative_candidate_id":"NG-ADM-CAND-000003","administrative_area_id":"NG-ADM-000003","source_record_id":"NGR-03","administrative_type_code":"REGION","canonical_name":"Vondrel Plateau","parent_source_record_id":"country:novegeo","parent_administrative_area_id":"country:novegeo","region_code":"NGR-03","geometry_role_code":"ADMINISTRATIVE_BOUNDARY","geometry_reservation_key":"p006.7.11.11:administrative-boundary:NG-ADM-000003","geometry_id":"","geometry_id_state":"PENDING_GOVERNED_LIVE_RESERVATION","geometry_type_code":"POLYGON","crs_code":"NG-CRS-EPSG4326","authoring_basis":"SETTLEMENT_EVIDENCE_DISSOLVED_VORONOI_SOVEREIGN_PARTITION","qualification_status":"QUALIFIED","legalization_status":"APPROVED_FOR_GOVERNED_LIVE_APPLICATION","resulting_boundary_status":"LEGALIZED","resulting_lifecycle_status":"ACTIVE","runtime_mode":"production","runtime_effect_scope":"SHARED_REFERENCE","publication_status":"NOT_PUBLISHED"},"geometry":{"type":"Polygon","coordinates":[[[35.527951,-7.603548],[35.449355263931544,-7.59076530868773],[35.41268774840943,-7.495024031895481],[35.20937936628664,-7.045747643614725],[34.73796560463111,-5.910229385731304],[34.6318911620857,-5.6967348572089325],[33.38182071269004,-2.304562393909564],[33.343211825067996,-2.1256116379309273],[33.630829153619615,-2.0566203783319117],[34.58029988203426,-1.8183302655253626],[35.07901133518815,-1.5950588384914217],[36.23227405597483,-1.7329638315116989],[36.90387295835217,-1.8537563928424567],[36.96150230969826,-1.8532412957788467],[37.63508976487838,-1.8811460654276229],[37.82156633736599,-1.9651554241609381],[38.26162713753952,-2.186930099002973],[38.317466902603705,-2.2363144344054207],[38.96138811364019,-2.587652430471362],[39.590417601711934,-2.8208112422839084],[39.91224706445357,-2.977356180203405],[39.92911962993256,-2.985901413136402],[41.134832752588736,-3.344409220711008],[41.07670727486432,-3.5612711368994674],[40.73608082784408,-4.897328449814217],[40.33195934867943,-6.953307164289976],[40.300604,-6.980895],[40.255543,-7.031854],[40.207068,-7.076989],[40.15446,-7.115075],[40.1,-7.15],[40.029911,-7.180584],[39.958553,-7.206346],[39.886467,-7.229344],[39.813871,-7.2504],[39.771951962914876,-7.256285042510331],[39.738517,-7.260979],[39.659843,-7.258942],[39.582281,-7.261129],[39.510026,-7.283482],[39.440362,-7.315685],[39.367056,-7.334043],[39.289441,-7.33603],[39.212726,-7.341435],[39.138996,-7.358184],[39.063968,-7.37],[38.98511,-7.367264],[38.907586,-7.369594],[38.837649,-7.400759],[38.773639,-7.454443],[38.708503,-7.503848],[38.639207,-7.537447],[38.568444,-7.565474],[38.497938,-7.59447],[38.42561,-7.616549],[38.350291,-7.62726],[38.274402,-7.635806],[38.2,-7.65],[38.094987,-7.651933],[37.989887,-7.650256],[37.884629,-7.641918],[37.779319,-7.631383],[37.674368,-7.635963],[37.569634,-7.649648],[37.464646,-7.652638],[37.359618,-7.653941],[37.254802,-7.664172],[37.149794,-7.666328],[37.044626,-7.6618],[36.93992,-7.676656],[36.835505,-7.703703],[36.730725,-7.715442],[36.625682,-7.716126],[36.520654,-7.717467],[36.415443,-7.71111],[36.310108,-7.699556],[36.204984,-7.696846],[36.1,-7.7],[35.957562,-7.672603],[35.81515,-7.645061],[35.67153,-7.624423],[35.5499328644185,-7.6067439507987675],[35.527951,-7.603548]]]}},{"type":"Feature","id":"admbnd:nngla:d2a672f0615e55fd5279e874898ece60f8da7034187f964d23b96ad057cd3829","properties":{"boundary_candidate_id":"admbnd:nngla:d2a672f0615e55fd5279e874898ece60f8da7034187f964d23b96ad057cd3829","administrative_candidate_id":"NG-ADM-CAND-000004","administrative_area_id":"NG-ADM-000004","source_record_id":"NGR-04","administrative_type_code":"REGION","canonical_name":"Nyara Basin","parent_source_record_id":"country:novegeo","parent_administrative_area_id":"country:novegeo","region_code":"NGR-04","geometry_role_code":"ADMINISTRATIVE_BOUNDARY","geometry_reservation_key":"p006.7.11.11:administrative-boundary:NG-ADM-000004","geometry_id":"","geometry_id_state":"PENDING_GOVERNED_LIVE_RESERVATION","geometry_type_code":"POLYGON","crs_code":"NG-CRS-EPSG4326","authoring_basis":"SETTLEMENT_EVIDENCE_DISSOLVED_VORONOI_SOVEREIGN_PARTITION","qualification_status":"QUALIFIED","legalization_status":"APPROVED_FOR_GOVERNED_LIVE_APPLICATION","resulting_boundary_status":"LEGALIZED","resulting_lifecycle_status":"ACTIVE","runtime_mode":"production","runtime_effect_scope":"SHARED_REFERENCE","publication_status":"NOT_PUBLISHED"},"geometry":{"type":"Polygon","coordinates":[[[36.946413929904466,3.348787547969502],[36.9423387638944,3.349800010560263],[36.70862164325496,3.680129047364077],[36.34938097471994,4.220514595135923],[36.09718641287679,4.66177628111172],[36.05497340368472,4.718714165785689],[35.74039856437688,5.2657469256123335],[33.88226215016432,7.690847249491463],[33.972592,7.698069],[34.092794,7.71037],[34.212301,7.725934],[34.333898,7.731677],[34.453644,7.746124],[34.56904,7.78101],[34.683938,7.818241],[34.8,7.85],[34.964361,7.847463],[35.1287,7.844223],[35.293023,7.840434],[35.457185,7.83138],[35.621518,7.82795],[35.785836,7.823993],[35.949974,7.814146],[36.114165,7.806023],[36.27821,7.793133],[36.442559,7.790212],[36.607026,7.791145],[36.771398,7.78898],[36.935743,7.785932],[37.1,7.78],[37.246837,7.738538],[37.389227788554464,7.696226364741758],[37.393089,7.695079],[37.538065,7.647259],[37.684123,7.603133],[37.831136,7.562275],[37.976725,7.51655],[38.123333,7.474303],[38.268743,7.427967],[38.41622,7.388694],[38.565058,7.354068],[38.59091919481445,7.346854617487322],[38.712032,7.313073],[38.85866,7.270899],[39.004048,7.224487],[39.15,7.18],[39.17267568533642,7.16582503597344],[39.225637,7.132718],[39.24686325428259,7.118413095129264],[39.299758,7.082766],[39.371573,7.028753],[39.43990514054582,6.98542867276415],[39.446928,6.980976],[39.53007,6.946912],[39.612408,6.911434],[39.690123,6.867813],[39.770719,6.829266],[39.851742,6.791471],[39.926188,6.742093],[40.003279,6.697371],[40.090174,6.66992],[40.174926,6.638694],[40.250903,6.592011],[40.325873,6.543555],[40.40045,6.494407],[40.470813,6.437836],[40.542985,6.384451],[40.620903,6.341187],[40.7,6.3],[40.727761,6.25905],[40.746685308232635,6.230357009351471],[40.07158821676054,4.311565893328435],[40.04606237298592,4.2013874378933815],[39.91856413866484,3.7767702834041645],[39.849783707916885,3.51523024644532],[39.75757977049808,2.8644553327174247],[39.655452602794746,2.441595509395365],[39.17715894975267,2.5604004987623323],[37.82047691333922,3.066941760307367],[37.05151303748257,3.311235424014965],[36.946413929904466,3.348787547969502]]]}},{"type":"Feature","id":"admbnd:nngla:e1fd179cd33c990f4ea40e3e356c95f510617ee2f523594370f9589bd6814525","properties":{"boundary_candidate_id":"admbnd:nngla:e1fd179cd33c990f4ea40e3e356c95f510617ee2f523594370f9589bd6814525","administrative_candidate_id":"NG-ADM-CAND-000005","administrative_area_id":"NG-ADM-000005","source_record_id":"NGR-05","administrative_type_code":"REGION","canonical_name":"Tekhara Rainbelt","parent_source_record_id":"country:novegeo","parent_administrative_area_id":"country:novegeo","region_code":"NGR-05","geometry_role_code":"ADMINISTRATIVE_BOUNDARY","geometry_reservation_key":"p006.7.11.11:administrative-boundary:NG-ADM-000005","geometry_id":"","geometry_id_state":"PENDING_GOVERNED_LIVE_RESERVATION","geometry_type_code":"POLYGON","crs_code":"NG-CRS-EPSG4326","authoring_basis":"SETTLEMENT_EVIDENCE_DISSOLVED_VORONOI_SOVEREIGN_PARTITION","qualification_status":"QUALIFIED","legalization_status":"APPROVED_FOR_GOVERNED_LIVE_APPLICATION","resulting_boundary_status":"LEGALIZED","resulting_lifecycle_status":"ACTIVE","runtime_mode":"production","runtime_effect_scope":"SHARED_REFERENCE","publication_status":"NOT_PUBLISHED"},"geometry":{"type":"Polygon","coordinates":[[[36.96150230969826,-1.8532412957788467],[36.90387295835217,-1.8537563928424567],[36.23227405597483,-1.7329638315116989],[35.07901133518815,-1.5950588384914217],[35.68865337195996,-1.0017588953889422],[36.53150195171455,-0.6025107702054301],[37.07054689676864,-0.14922814894959832],[37.17561172595727,-0.06738945897404007],[37.782813042117375,0.14276178789547203],[38.00328466874691,0.4398820948716906],[38.40643655436643,0.8400106270161342],[39.73974069225912,1.9721665233461667],[39.87050952027748,2.0879112057258107],[40.05432814869836,1.9342431387540295],[40.116868730416165,1.510654762308593],[40.28983080858501,0.5744944495776783],[40.491046001571554,-0.24823135855237605],[40.64434165459125,-0.6796618377862562],[40.69197113340832,-0.8234320065873851],[40.92555778266842,-1.517236426177134],[41.406809263115115,-2.883201939146542],[41.25300970219854,-3.213971851099265],[41.134832752588736,-3.344409220711008],[39.92911962993256,-2.985901413136402],[39.91224706445357,-2.977356180203405],[39.590417601711934,-2.8208112422839084],[38.96138811364019,-2.587652430471362],[38.317466902603705,-2.2363144344054207],[38.26162713753952,-2.186930099002973],[37.82156633736599,-1.9651554241609381],[37.63508976487838,-1.8811460654276229],[36.96150230969826,-1.8532412957788467]]]}},{"type":"Feature","id":"admbnd:nngla:3c27538a9dd05c061494a6e0777b7dfd47183769943175aa535138614db2a5ff","properties":{"boundary_candidate_id":"admbnd:nngla:3c27538a9dd05c061494a6e0777b7dfd47183769943175aa535138614db2a5ff","administrative_candidate_id":"NG-ADM-CAND-000006","administrative_area_id":"NG-ADM-000006","source_record_id":"NGR-06","administrative_type_code":"REGION","canonical_name":"Barazin Drylands","parent_source_record_id":"country:novegeo","parent_administrative_area_id":"country:novegeo","region_code":"NGR-06","geometry_role_code":"ADMINISTRATIVE_BOUNDARY","geometry_reservation_key":"p006.7.11.11:administrative-boundary:NG-ADM-000006","geometry_id":"","geometry_id_state":"PENDING_GOVERNED_LIVE_RESERVATION","geometry_type_code":"POLYGON","crs_code":"NG-CRS-EPSG4326","authoring_basis":"SETTLEMENT_EVIDENCE_DISSOLVED_VORONOI_SOVEREIGN_PARTITION","qualification_status":"QUALIFIED","legalization_status":"APPROVED_FOR_GOVERNED_LIVE_APPLICATION","resulting_boundary_status":"LEGALIZED","resulting_lifecycle_status":"ACTIVE","runtime_mode":"production","runtime_effect_scope":"SHARED_REFERENCE","publication_status":"NOT_PUBLISHED"},"geometry":{"type":"Polygon","coordinates":[[[30.754417,-6.194608],[30.648697,-6.165566],[30.546477,-6.128289],[30.480350423964897,-6.104101653871322],[30.444299,-6.090915],[30.345209,-6.046272],[30.248469,-5.996103],[30.157442652811746,-5.953484636003006],[30.15,-5.95],[30.133534805433296,-5.908259874059756],[30.116022,-5.863864],[30.080676,-5.778197],[30.046741,-5.692046],[30.010907,-5.606546],[29.982559,-5.51848],[29.962067,-5.42772],[29.929485,-5.341105],[29.887509,-5.257711],[29.859876,-5.1694],[29.856501456435023,-5.1522061919715965],[29.841894,-5.077779],[29.818431,-4.988038],[29.801493,-4.896059],[29.793308,-4.80108],[29.768843,-4.711682],[29.725547,-4.628741],[29.684892,-4.544894],[29.64907,-4.45939],[29.611718,-4.374411],[29.578961,-4.287856],[29.55,-4.2],[29.526143,-4.091011],[29.506481,-3.981355],[29.489232,-3.871315],[29.48793293671665,-3.8525334676467473],[29.481516,-3.759759],[29.478163,-3.647508],[29.460047,-3.537606],[29.43525,-3.428767],[29.424154,-3.317748],[29.415413,-3.206355],[29.397791,-3.096374],[29.387755,-2.985187],[29.381929,-2.873329],[29.354301,-2.764941],[29.312338,-2.658833],[29.2816,-2.550939],[29.258946,-2.441759],[29.236574,-2.332534],[29.222622,-2.221969],[29.213766,-2.110594],[29.2,-2.0],[29.194681,-1.877366],[29.192774,-1.754524],[29.19722,-1.631293],[29.199681,-1.508183],[29.185387,-1.386099],[29.166667,-1.264286],[29.159156,-1.141786],[29.149286,-1.019431],[29.133081,-0.897464],[29.12854,-0.774783],[29.125808,-0.651991],[29.101703,-0.530508],[29.072613,-0.40933],[29.061687,-0.28704],[29.057966,-0.164308],[29.053652,-0.041613],[29.058173,0.081623],[29.06425,0.204954],[29.06356072611816,0.22240825313139342],[30.32193961652809,-0.2995787889756764],[31.846796714727038,-0.8283957332350685],[33.343211825067996,-2.1256116379309273],[33.38182071269004,-2.304562393909564],[34.6318911620857,-5.6967348572089325],[34.73796560463111,-5.910229385731304],[35.20937936628664,-7.045747643614725],[35.41268774840943,-7.495024031895481],[35.449355263931544,-7.59076530868773],[35.384793,-7.580265],[35.241661,-7.556836],[35.099481,-7.527967],[34.955814,-7.507591],[34.812789,-7.483554],[34.670611,-7.454673],[34.528369,-7.426159],[34.386416,-7.39599],[34.243262,-7.372689],[34.1,-7.35],[33.960816,-7.310354],[33.820453,-7.274887],[33.679919,-7.240028],[33.540757,-7.200302],[33.401775,-7.15994],[33.264497,-7.113536],[33.125087,-7.074691],[32.985543,-7.036323],[32.847414,-6.992936],[32.708436,-6.952559],[32.570129,-6.909801],[32.429908,-6.873833],[32.289485,-6.838578],[32.15,-6.8],[32.04735,-6.763735],[31.946333,-6.723629],[31.846125,-6.681617],[31.749527,-6.631112],[31.65525,-6.575148],[31.555508,-6.532039],[31.452459,-6.496715],[31.41790216309015,-6.479835988566884],[31.354691,-6.448961],[31.258619,-6.397219],[31.158939,-6.353968],[31.061767,-6.304812],[30.966931,-6.250163],[30.945450534242536,-6.242756345661634],[30.912672079535408,-6.2314540449339555],[30.863958,-6.214657],[30.754417,-6.194608]]]}},{"type":"Feature","id":"admbnd:nngla:2e18b9aebd99a58752256ad06caad3f2643c928e988fa8518fa7a685be6548ca","properties":{"boundary_candidate_id":"admbnd:nngla:2e18b9aebd99a58752256ad06caad3f2643c928e988fa8518fa7a685be6548ca","administrative_candidate_id":"NG-ADM-CAND-000007","administrative_area_id":"NG-ADM-000007","source_record_id":"NGR-07","administrative_type_code":"REGION","canonical_name":"Lysaran Coast","parent_source_record_id":"country:novegeo","parent_administrative_area_id":"country:novegeo","region_code":"NGR-07","geometry_role_code":"ADMINISTRATIVE_BOUNDARY","geometry_reservation_key":"p006.7.11.11:administrative-boundary:NG-ADM-000007","geometry_id":"","geometry_id_state":"PENDING_GOVERNED_LIVE_RESERVATION","geometry_type_code":"MULTIPOLYGON","crs_code":"NG-CRS-EPSG4326","authoring_basis":"SETTLEMENT_EVIDENCE_DISSOLVED_VORONOI_SOVEREIGN_PARTITION","qualification_status":"QUALIFIED","legalization_status":"APPROVED_FOR_GOVERNED_LIVE_APPLICATION","resulting_boundary_status":"LEGALIZED","resulting_lifecycle_status":"ACTIVE","runtime_mode":"production","runtime_effect_scope":"SHARED_REFERENCE","publication_status":"NOT_PUBLISHED"},"geometry":{"type":"MultiPolygon","coordinates":[[[[40.539867614239,1.9259219481222962],[40.19767251265394,1.9415394331181777],[40.05432814869836,1.9342431387540295],[39.87050952027748,2.0879112057258107],[39.655452602794746,2.441595509395365],[39.75757977049808,2.8644553327174247],[39.849783707916885,3.51523024644532],[39.91856413866484,3.7767702834041645],[40.04606237298592,4.2013874378933815],[40.07158821676054,4.311565893328435],[40.746685308232635,6.230357009351471],[40.755049,6.217676],[40.785078,6.178754],[40.825466,6.149101],[40.875475,6.128057],[40.922994,6.104784],[40.960554,6.072601],[40.995055,6.037681],[41.033534,6.00632],[41.068673,5.971971],[41.090739,5.925924],[41.107602,5.875223],[41.137432,5.836123],[41.182306,5.810484],[41.224211,5.782189],[41.250533,5.739951],[41.269502,5.691134],[41.293624,5.646926],[41.32056,5.605238],[41.341583,5.558258],[41.360133,5.509066],[41.388433,5.468598],[41.429204,5.439288],[41.473033,5.412714],[41.512879,5.382576],[41.55,5.35],[41.587625,5.333911],[41.625114,5.31763],[41.660836,5.298844],[41.69702,5.280714],[41.731996,5.260872],[41.760293,5.23157],[41.77854534411315,5.202621355743005],[41.783403,5.194917],[41.78906252611131,5.189062359177119],[41.811713,5.165631],[41.82107219256907,5.162019004239462],[41.850207,5.150775],[41.889609,5.137202],[41.91904,5.109506],[41.941404,5.071796],[41.966934,5.038574],[41.995857,5.010157],[42.01917,4.973792],[42.036304,4.928674],[42.059898,4.892708],[42.09887,4.878528],[42.146306,4.876338],[42.190199,4.869129],[42.228612,4.854156],[42.266772,4.838825],[42.305088,4.823715],[42.30814563830984,4.821833445300212],[42.339237,4.802701],[42.36932,4.775928],[42.39315893280908,4.755781459912847],[42.4,4.75],[42.435835,4.733703],[42.468919,4.713155],[42.500605,4.690446],[42.528629,4.662078],[42.551302,4.625439],[42.561969629222,4.609212100154522],[42.574676,4.589884],[42.606952,4.568087],[42.646064,4.556853],[42.681457,4.539874],[42.69995239508792,4.5211972839734615],[42.709508,4.511548],[42.738152,4.484138],[42.7728,4.466005],[42.806998,4.447178],[42.8341,4.417386],[42.860824,4.387007],[42.899282,4.374765],[42.93429763449004,4.378496692699286],[42.949098,4.380074],[42.997571,4.383309],[43.036893,4.372401],[43.071388,4.354034],[43.10626,4.336248],[43.138854,4.314943],[43.165663,4.284696],[43.19035,4.25117],[43.218591,4.223137],[43.25,4.2],[43.270159,4.158392],[43.27357522376166,4.150316998466631],[43.288313,4.115481],[43.30239,4.069919],[43.31120224405151,4.037579142813264],[43.315055,4.02344],[43.337611,3.98339],[43.37521,3.953118],[43.416319,3.925126],[43.447771,3.890859],[43.473562,3.852911],[43.505742,3.819117],[43.541732,3.787799],[43.567315,3.749717],[43.582331,3.704765],[43.605762,3.665284],[43.64865,3.638449],[43.696617,3.614916],[43.729684,3.581699],[43.748056,3.538929],[43.75815788029489,3.513665572690302],[43.76542,3.495504],[43.77442991688617,3.4763375742665654],[43.78512,3.453597],[43.798815,3.407787],[43.805743,3.357579],[43.817413,3.310453],[43.830770782682784,3.288148872807693],[43.840998,3.271072],[43.870826,3.235748],[43.9,3.2],[43.906056,3.158049],[43.911933,3.116047],[43.922716,3.075446],[43.946909,3.038677],[43.980634,3.004632],[44.008324,2.968862],[44.02382,2.929608],[44.037438,2.889818],[44.055274,2.851232],[44.06592,2.810593],[44.060182,2.765272],[44.05213,2.71929],[44.063037,2.678725],[44.090011,2.64275],[44.109136,2.604534],[44.109221,2.560876],[44.107332144277855,2.5446296114148215],[44.01634919455979,2.5922920539545986],[43.235920552934076,2.4369870255595796],[42.454050036924876,2.2614339538144828],[42.35442527058363,2.24779944204393],[41.681730978044,2.0826106811450456],[41.42165838064127,2.012217015290787],[40.539867614239,1.9259219481222962]]],[[[44.68007,3.7421],[44.660075,3.737711],[44.641516,3.73035],[44.623133,3.706419],[44.601423,3.682088],[44.578546,3.675717],[44.556957,3.681686],[44.536855,3.692974],[44.522512,3.717895],[44.516904,3.755113],[44.51145,3.784778],[44.497686,3.799821],[44.48311,3.815743],[44.478041,3.841459],[44.477781,3.86915],[44.475139,3.894277],[44.474889,3.91996],[44.478799,3.94574],[44.475715,3.971807],[44.462698,4.003907],[44.455463,4.040771],[44.464486,4.072504],[44.481515,4.097504],[44.498431,4.121001],[44.517875,4.139132],[44.540019,4.148236],[44.559363,4.159861],[44.576548,4.18018],[44.596385,4.191075],[44.617058,4.178682],[44.634492,4.159002],[44.650277,4.150327],[44.666303,4.147071],[44.682222,4.142349],[44.70178,4.144706],[44.72746,4.153137],[44.750222,4.148209],[44.761194,4.123361],[44.76751,4.094673],[44.779186,4.071713],[44.79128,4.04737],[44.796421,4.017863],[44.799267,3.987111],[44.801545,3.955477],[44.792122,3.923986],[44.768152,3.899228],[44.74551,3.880759],[44.734896,3.859492],[44.728344,3.834599],[44.718082,3.812036],[44.707143,3.788613],[44.696144,3.761274],[44.68007,3.7421]]],[[[44.773545,4.653465],[44.775842,4.611839],[44.767915,4.578803],[44.749152,4.559198],[44.728211,4.544717],[44.71424,4.520142],[44.707535,4.479314],[44.700122,4.432753],[44.68462,4.397469],[44.660677,4.380575],[44.632704,4.375755],[44.603748,4.375654],[44.573688,4.383483],[44.542608,4.408488],[44.513043,4.450864],[44.487354,4.495824],[44.464273,4.525842],[44.440211,4.537718],[44.414111,4.544853],[44.389145,4.56254],[44.36861,4.593485],[44.351507,4.628879],[44.334113,4.660963],[44.315574,4.690724],[44.299366,4.723083],[44.287603,4.758476],[44.275414,4.79267],[44.254133,4.823944],[44.221333,4.85669],[44.19821782856998,4.8825330000000005],[44.186031,4.896158],[44.161746,4.941701],[44.154317,4.98769],[44.158004,5.03034],[44.163836,5.070641],[44.169752,5.109742],[44.180553,5.144565],[44.198824,5.171438],[44.219159,5.193384],[44.233507,5.219493],[44.241085,5.254157],[44.250353,5.288656],[44.270227,5.3074],[44.300747,5.303899],[44.333653,5.288389],[44.361261,5.277644],[44.382888,5.278591],[44.4026,5.284777],[44.423079,5.288764],[44.443829,5.293732],[44.464549,5.308949],[44.487377,5.334683],[44.514276,5.356274],[44.543578,5.356376],[44.571297,5.332014],[44.595978,5.296866],[44.62041,5.266548],[44.647514,5.244129],[44.675926,5.221207],[44.701579,5.190467],[44.723289,5.153375],[44.744228,5.115359],[44.766226,5.077392],[44.784156,5.035799],[44.789121,4.989436],[44.778497,4.943284],[44.761129,4.903196],[44.754623060412136,4.8825330000000005],[44.750403,4.86913],[44.752052,4.836061],[44.760267,4.800808],[44.766044,4.764953],[44.767322,4.730223],[44.768937,4.694105],[44.773545,4.653465]]]]}},{"type":"Feature","id":"admbnd:nngla:c5a42b540a63c01299d38e08b949adcff39e87c782ec662df034639be2b87e1d","properties":{"boundary_candidate_id":"admbnd:nngla:c5a42b540a63c01299d38e08b949adcff39e87c782ec662df034639be2b87e1d","administrative_candidate_id":"NG-ADM-CAND-000008","administrative_area_id":"NG-ADM-000008","source_record_id":"NGR-08","administrative_type_code":"REGION","canonical_name":"Sabaran Gulf","parent_source_record_id":"country:novegeo","parent_administrative_area_id":"country:novegeo","region_code":"NGR-08","geometry_role_code":"ADMINISTRATIVE_BOUNDARY","geometry_reservation_key":"p006.7.11.11:administrative-boundary:NG-ADM-000008","geometry_id":"","geometry_id_state":"PENDING_GOVERNED_LIVE_RESERVATION","geometry_type_code":"MULTIPOLYGON","crs_code":"NG-CRS-EPSG4326","authoring_basis":"SETTLEMENT_EVIDENCE_DISSOLVED_VORONOI_SOVEREIGN_PARTITION","qualification_status":"QUALIFIED","legalization_status":"APPROVED_FOR_GOVERNED_LIVE_APPLICATION","resulting_boundary_status":"LEGALIZED","resulting_lifecycle_status":"ACTIVE","runtime_mode":"production","runtime_effect_scope":"SHARED_REFERENCE","publication_status":"NOT_PUBLISHED"},"geometry":{"type":"MultiPolygon","coordinates":[[[[40.69197113340832,-0.8234320065873851],[40.64434165459125,-0.6796618377862562],[40.491046001571554,-0.24823135855237605],[40.28983080858501,0.5744944495776783],[40.116868730416165,1.510654762308593],[40.05432814869836,1.9342431387540295],[40.19767251265394,1.9415394331181777],[40.539867614239,1.9259219481222962],[41.42165838064127,2.012217015290787],[41.681730978044,2.0826106811450456],[42.35442527058363,2.24779944204393],[42.454050036924876,2.2614339538144828],[43.235920552934076,2.4369870255595796],[44.01634919455979,2.5922920539545986],[44.107332144277855,2.5446296114148215],[44.103968,2.515694],[44.10668,2.472788],[44.111108,2.430372],[44.107538,2.38567],[44.103434,2.340816],[44.113603,2.30004],[44.138054,2.263345],[44.163752,2.227006],[44.183552,2.188982],[44.2,2.15],[44.18755,2.121272],[44.174043,2.093426],[44.158394,2.067364],[44.143143,2.04097],[44.124993,2.016993],[44.097825,2.00053],[44.066035,1.98792],[44.042967,1.96804],[44.03179,1.938252],[44.018866,1.90992],[43.992912,1.892445],[43.960736,1.880156],[43.934285,1.863096],[43.91068,1.843664],[43.878725,1.831191],[43.841139,1.82341],[43.814935,1.806144],[43.807997,1.772823],[43.808528,1.733278],[43.802472,1.699222],[43.790012,1.670503],[43.777819,1.641561],[43.764844,1.613271],[43.745727,1.590099],[43.72209,1.570694],[43.7,1.55],[43.683504,1.529654],[43.663998,1.512652],[43.642699,1.497643],[43.616731,1.487821],[43.58549,1.483857],[43.55715,1.476671],[43.539721,1.457361],[43.528352,1.431319],[43.511191,1.411711],[43.486785,1.400154],[43.465036,1.385644],[43.449702,1.364007],[43.431791,1.345232],[43.405787,1.33545],[43.381858,1.323363],[43.372512,1.295072],[43.373839,1.254922],[43.370671,1.219768],[43.356713,1.196601],[43.338586,1.178066],[43.321071,1.158853],[43.317603162221566,1.1563434693072587],[43.299992,1.143599],[43.272403,1.135578],[43.243831,1.128649],[43.220225,1.116203],[43.20029968680613,1.1002400902506668],[43.2,1.1],[43.208541,1.075715],[43.21432940318801,1.054531017358495],[43.215459,1.050397],[43.219037,1.022954],[43.223076,0.995804],[43.237641,0.975352],[43.264697,0.962849],[43.29225,0.950662],[43.310545,0.932584],[43.325648,0.912475],[43.347031,0.896362],[43.369374,0.880861],[43.380602,0.858285],[43.38163401946505,0.8508554393587011],[43.384395,0.830979],[43.398669,0.810342],[43.429461,0.800217],[43.43850854135921,0.79742710175697],[43.460921,0.790516],[43.477332,0.771239],[43.482608,0.744876],[43.488971,0.719206],[43.496842,0.694494],[43.498496,0.665826],[43.495548,0.63423],[43.499061,0.606745],[43.50535159986995,0.5978053368549477],[43.513506,0.586217],[43.532333,0.568478],[43.55,0.55],[43.568092,0.527401],[43.586383,0.505021],[43.608774,0.487151],[43.639861,0.478847],[43.675319,0.475351],[43.70521,0.465731],[43.727668,0.447935],[43.7301731972461,0.44592804059582103],[43.74233595803365,0.4361842301308573],[43.750023,0.430026],[43.774262,0.414188],[43.792012,0.391214],[43.799688,0.357157],[43.808784,0.324662],[43.831481,0.307129],[43.862421,0.298663],[43.885911,0.282002],[43.897901,0.252691],[43.908905,0.222295],[43.925583,0.198141],[43.942043,0.173747],[43.94350984013659,0.16979038483884065],[43.953235,0.143558],[43.9659,0.11499],[43.988874,0.097761],[44.019936,0.089429],[44.05017,0.080187],[44.076151,0.066266],[44.096107029416196,0.05265516623406324],[44.1,0.05],[44.097591,0.012341],[44.092822,-0.02453],[44.085476,-0.060543],[44.078159,-0.096566],[44.065384,-0.130769],[44.04088,-0.161063],[44.013333,-0.190342],[43.999276,-0.224118],[43.998558,-0.26234],[43.992149,-0.298665],[43.969371,-0.329534],[43.942282,-0.358966],[43.92398,-0.391327],[43.907018,-0.424134],[43.9011214249931,-0.4300648610006379],[43.878297,-0.453022],[43.845732,-0.480629],[43.831394,-0.514311],[43.840529,-0.555817],[43.854872,-0.59906],[43.858661,-0.638785],[43.855257,-0.676111],[43.852673,-0.713711],[43.847639,-0.750495],[43.83391,-0.78438],[43.81548,-0.816699],[43.8,-0.85],[43.785072,-0.878453],[43.766466,-0.904542],[43.745214,-0.928929],[43.717485,-0.949152],[43.684406,-0.965937],[43.65992506305963,-0.9851682800043989],[43.657769,-0.986862],[43.645679,-1.01714],[43.638917,-1.050842],[43.623106,-1.078727],[43.599809,-1.1018],[43.59845953378703,-1.1038370237523019],[43.582131,-1.128485],[43.571512,-1.159708],[43.55495,-1.187111],[43.528577,-1.208206],[43.508264,-1.233197],[43.507653,-1.270854],[43.517361,-1.315144],[43.517785,-1.353466],[43.504443,-1.382939],[43.487484,-1.410086],[43.471209,-1.437673],[43.449097,-1.461507],[43.419077,-1.480258],[43.389803,-1.499489],[43.367929,-1.523476],[43.35,-1.55],[43.3594,-1.583761],[43.367147,-1.618349],[43.371717,-1.654526],[43.378841,-1.689425],[43.399153,-1.717731],[43.431763,-1.739888],[43.462076,-1.763193],[43.481926,-1.791729],[43.500317,-1.820995],[43.525674,-1.846779],[43.549093,-1.873531],[43.558767,-1.907155],[43.563037,-1.943482],[43.581889,-1.972517],[43.617357,-1.993244],[43.649298,-2.015736],[43.663408,-2.047142],[43.667804,-2.083406],[43.67524,-2.118149],[43.683346,-2.152558],[43.683877,-2.190754],[43.681293,-2.230507],[43.688205,-2.265513],[43.707145,-2.294504],[43.729495,-2.321791],[43.75,-2.35],[43.757899,-2.383977],[43.766615,-2.417665],[43.782461,-2.448837],[43.810407,-2.475739],[43.841843,-2.501408],[43.86327,-2.530611],[43.875049,-2.563218],[43.887984,-2.595417],[43.901946,-2.627254],[43.904252,-2.663205],[43.900524864,-2.677467],[43.893668,-2.703705],[43.889484,-2.741947],[43.906031,-2.772872],[43.93086,-2.800873],[43.942126,-2.833661],[43.938761,-2.871614],[43.937362,-2.908872],[43.944173,-2.943233],[43.948637,-2.978422],[43.945883,-3.016159],[43.948031,-3.052166],[43.96606,-3.082567],[43.99364,-3.109598],[44.017778,-3.137843],[44.0354,-3.168388],[44.05,-3.2],[44.035704,-3.24373],[44.018371,-3.285638],[43.998775,-3.326188],[43.978542,-3.366356],[43.951619,-3.40251],[43.914038,-3.432269],[43.876571,-3.462097],[43.853493,-3.500557],[43.840689,-3.545183],[43.819642,-3.584862],[43.784245,-3.615932],[43.748224,-3.646627],[43.721091,-3.682654],[43.69276,-3.717964],[43.652959,-3.746391],[43.613142,-3.774808],[43.593346,-3.815238],[43.593659,-3.867734],[43.594727,-3.920682],[43.590986490452764,-3.937467],[43.584445,-3.966821],[43.568567,-4.009602],[43.553613,-4.052937],[43.534868,-4.093998],[43.507476,-4.12987],[43.476932,-4.163851],[43.45,-4.2],[43.420453,-4.241316],[43.38736,-4.27993],[43.351139,-4.316161],[43.31114584093434,-4.344897560622889],[43.308025,-4.34714],[43.261284,-4.375355],[43.223852,-4.410664],[43.201324,-4.457328],[43.181532,-4.506076],[43.151293,-4.546864],[43.115599,-4.583497],[43.087458,-4.625884],[43.064693,-4.672367],[43.033297,-4.712274],[42.993134,-4.745501],[42.962725,-4.786161],[42.952758,-4.842395],[42.949416,-4.903676],[42.933387,-4.955291],[42.903947,-4.996688],[42.872546,-5.036592],[42.841391,-5.076683],[42.803042,-5.111292],[42.757472,-5.1404],[42.714863,-5.171764],[42.68067,-5.20954],[42.65,-5.25],[42.602185,-5.284615],[42.553052,-5.317849],[42.501807,-5.348871],[42.4546,-5.384123],[42.419726,-5.432295],[42.393723,-5.489761],[42.363417,-5.542719],[42.324331,-5.586478],[42.285695,-5.630709],[42.252508,-5.680649],[42.21492,-5.725978],[42.164849,-5.75823],[42.113027,-5.788647],[42.07596,-5.834522],[42.051152,-5.89324],[42.019754,-5.945053],[41.97268,-5.980445],[41.919758,-6.00971],[41.870657,-6.042978],[41.821016,-6.075679],[41.764545,-6.101227],[41.707409,-6.126077],[41.660297,-6.161428],[41.623124,-6.207192],[41.587563,-6.254644],[41.55,-6.3],[41.492493,-6.329728],[41.435867,-6.360959],[41.384314,-6.400843],[41.339705,-6.452573],[41.295439,-6.504889],[41.244029,-6.545019],[41.1875,-6.576415],[41.132263,-6.610015],[41.076382,-6.642516],[41.012151,-6.660774],[40.94147,-6.668028],[40.877437,-6.686623],[40.826415,-6.727413],[40.77808,-6.772787],[40.72002,-6.801572],[40.65451,-6.817648],[40.592105,-6.839021],[40.534373,-6.868365],[40.473936,-6.893094],[40.409594,-6.911163],[40.35004,-6.937399],[40.33195934867943,-6.953307164289976],[40.73608082784408,-4.897328449814217],[41.07670727486432,-3.5612711368994674],[41.134832752588736,-3.344409220711008],[41.25300970219854,-3.213971851099265],[41.406809263115115,-2.883201939146542],[40.92555778266842,-1.517236426177134],[40.69197113340832,-0.8234320065873851]]],[[[43.715213,-5.64566],[43.705533,-5.665776],[43.687486,-5.68299],[43.658612,-5.692404],[43.62896,-5.699209],[43.605951,-5.713846],[43.584357,-5.736985],[43.556217,-5.757598],[43.521848,-5.767755],[43.485752,-5.770751],[43.449748,-5.770776],[43.416191,-5.763529],[43.390333,-5.744808],[43.372106,-5.722066],[43.352134,-5.707508],[43.324212,-5.702013],[43.296156,-5.694992],[43.279042,-5.679836],[43.270788,-5.660878],[43.261496,-5.643838],[43.251044,-5.627816],[43.247129,-5.610226],[43.246213,-5.592642],[43.232628,-5.576827],[43.202491,-5.55998],[43.174822,-5.539],[43.169363,-5.51584],[43.183551,-5.494101],[43.20214,-5.473768],[43.220781,-5.453968],[43.246169,-5.437175],[43.277868,-5.424873],[43.305886,-5.412308],[43.327256,-5.394908],[43.35148,-5.37816],[43.385387,-5.37276],[43.423125,-5.379599],[43.456085,-5.387829],[43.483912,-5.389653],[43.510427,-5.388459],[43.536764,-5.388483],[43.564595,-5.385423],[43.598498,-5.375032],[43.637753,-5.36467],[43.672352,-5.366409],[43.695493,-5.380947],[43.714431,-5.397478],[43.739729,-5.409134],[43.768839,-5.419953],[43.791455,-5.435329],[43.807104,-5.454008],[43.823198,-5.473024],[43.83598,-5.493548],[43.82963,-5.516927],[43.800188,-5.53993],[43.766666,-5.559021],[43.748869,-5.575712],[43.74437,-5.593167],[43.738128,-5.610944],[43.726065,-5.62775],[43.715213,-5.64566]]],[[[44.449857,-4.107525],[44.435368,-4.128411],[44.421523,-4.153486],[44.405435,-4.177865],[44.385232,-4.188459],[44.364493,-4.188652],[44.344822,-4.198625],[44.322761,-4.224254],[44.29751,-4.246829],[44.273011,-4.251512],[44.250786,-4.244473],[44.230166,-4.232644],[44.21538,-4.209101],[44.210871,-4.171592],[44.209894,-4.135573],[44.200955,-4.113676],[44.185839,-4.097739],[44.17739,-4.074405],[44.179089,-4.044663],[44.181947,-4.016262],[44.182473,-3.989817],[44.186784,-3.963062],[44.193938457430015,-3.937467],[44.194043,-3.937093],[44.193384,-3.910009],[44.183147,-3.876002],[44.177511,-3.837026],[44.187027,-3.803168],[44.206027,-3.777402],[44.225591,-3.753745],[44.245956,-3.732559],[44.269347,-3.72054],[44.292408,-3.713269],[44.312776,-3.698056],[44.333519,-3.67861],[44.355719,-3.675357],[44.375392,-3.694341],[44.391214,-3.716934],[44.406609,-3.7283],[44.422599,-3.734522],[44.438031,-3.742368],[44.456685,-3.744665],[44.482581,-3.738838],[44.508592,-3.739941],[44.522885,-3.760143],[44.526952,-3.79075],[44.533397,-3.817821],[44.545512,-3.841711],[44.554179,-3.869494],[44.555832,-3.901078],[44.556575,-3.933468],[44.55646068836627,-3.937467],[44.555616,-3.967017],[44.542192,-3.999075],[44.514804,-4.023089],[44.487846,-4.040284],[44.472137,-4.060041],[44.462327,-4.08466],[44.449857,-4.107525]]],[[[44.791236,-1.940927],[44.799296,-1.972315],[44.805229,-2.004988],[44.79908,-2.031639],[44.782083,-2.049485],[44.767316,-2.067726],[44.763427,-2.097834],[44.764047,-2.13779],[44.756859,-2.173147],[44.738171,-2.194446],[44.713457,-2.205858],[44.686905,-2.213164],[44.657407,-2.211169],[44.624824,-2.191748],[44.593562,-2.160891],[44.567038,-2.137067],[44.542979,-2.130095],[44.517803,-2.129564],[44.49256,-2.11904],[44.470473,-2.095869],[44.450954,-2.0702],[44.431032,-2.048406],[44.411578,-2.026556],[44.396014,-2.000717],[44.381757,-1.974907],[44.359396,-1.954127],[44.324891,-1.935083],[44.288358,-1.909974],[44.26468,-1.876934],[44.257088,-1.841017],[44.25628,-1.806177],[44.255502,-1.772299],[44.258795,-1.740238],[44.270911,-1.713067],[44.285989,-1.689679],[44.293985,-1.663304],[44.295997,-1.631673],[44.304921,-1.60446],[44.329176,-1.593576],[44.362122,-1.597396],[44.391131,-1.601821],[44.412162,-1.597689],[44.430307,-1.589419],[44.449339,-1.582979],[44.467715,-1.573308],[44.484832,-1.552353],[44.504618,-1.52612],[44.53,-1.513032],[44.558202,-1.522807],[44.585141,-1.544871],[44.611365,-1.562574],[44.6396,-1.572988],[44.668774,-1.58594],[44.695449,-1.60743],[44.720043,-1.633112],[44.745558,-1.658593],[44.769014,-1.687399],[44.780636,-1.724003],[44.776057,-1.764559],[44.765105,-1.800693],[44.762417,-1.829948],[44.771021,-1.856778],[44.78146,-1.884534],[44.786871,-1.912497],[44.791236,-1.940927]]]]}},{"type":"Feature","id":"admbnd:nngla:634c7091b38afc0279f510ac1d85859f9ce08d2306d43125c288d3dc79581104","properties":{"boundary_candidate_id":"admbnd:nngla:634c7091b38afc0279f510ac1d85859f9ce08d2306d43125c288d3dc79581104","administrative_candidate_id":"NG-ADM-CAND-000009","administrative_area_id":"NG-ADM-000009","source_record_id":"NGP-000001","administrative_type_code":"CITY","canonical_name":"Orivane","parent_source_record_id":"NGR-01","parent_administrative_area_id":"NG-ADM-000001","region_code":"NGR-01","geometry_role_code":"ADMINISTRATIVE_BOUNDARY","geometry_reservation_key":"p006.7.11.11:administrative-boundary:NG-ADM-000009","geometry_id":"","geometry_id_state":"PENDING_GOVERNED_LIVE_RESERVATION","geometry_type_code":"POLYGON","crs_code":"NG-CRS-EPSG4326","authoring_basis":"HIERARCHY_AWARE_VORONOI_PARTITION","qualification_status":"QUALIFIED","legalization_status":"APPROVED_FOR_GOVERNED_LIVE_APPLICATION","resulting_boundary_status":"LEGALIZED","resulting_lifecycle_status":"ACTIVE","runtime_mode":"production","runtime_effect_scope":"SHARED_REFERENCE","publication_status":"NOT_PUBLISHED"},"geometry":{"type":"Polygon","coordinates":[[[36.33055370319754,-0.6976977508878784],[35.68865337195996,-1.0017588953889422],[35.07901133518815,-1.5950588384914217],[34.943713665598324,-1.655631146531769],[35.58583747480144,-0.00540865556463796],[36.00465447356193,0.7880070076564368],[36.05318700376619,0.9783418428837719],[36.05654143678768,0.997738471794511],[36.209582361987955,1.3433139208173677],[36.4158502482367,1.1743113693944751],[36.467721402199025,1.1485985815427193],[36.68890394334291,0.9502609623249554],[36.68825318706194,0.9214858016333585],[36.633322619206396,0.8505928126681328],[36.610439807229966,0.7975159477267668],[36.54407423531941,0.58828308331539],[36.33055370319754,-0.6976977508878784]]]}},{"type":"Feature","id":"admbnd:nngla:f9abc13d70194dba937cb2376201b4c631ee47ac9b0c0cad6ffbe955ddcb5d65","properties":{"boundary_candidate_id":"admbnd:nngla:f9abc13d70194dba937cb2376201b4c631ee47ac9b0c0cad6ffbe955ddcb5d65","administrative_candidate_id":"NG-ADM-CAND-000010","administrative_area_id":"NG-ADM-000010","source_record_id":"NGP-000002","administrative_type_code":"MUNICIPALITY","canonical_name":"Bellwether","parent_source_record_id":"NGR-01","parent_administrative_area_id":"NG-ADM-000001","region_code":"NGR-01","geometry_role_code":"ADMINISTRATIVE_BOUNDARY","geometry_reservation_key":"p006.7.11.11:administrative-boundary:NG-ADM-000010","geometry_id":"","geometry_id_state":"PENDING_GOVERNED_LIVE_RESERVATION","geometry_type_code":"POLYGON","crs_code":"NG-CRS-EPSG4326","authoring_basis":"HIERARCHY_AWARE_VORONOI_PARTITION","qualification_status":"QUALIFIED","legalization_status":"APPROVED_FOR_GOVERNED_LIVE_APPLICATION","resulting_boundary_status":"LEGALIZED","resulting_lifecycle_status":"ACTIVE","runtime_mode":"production","runtime_effect_scope":"SHARED_REFERENCE","publication_status":"NOT_PUBLISHED"},"geometry":{"type":"Polygon","coordinates":[[[36.68890394334291,0.9502609623249554],[36.467721402199025,1.1485985815427193],[36.4158502482367,1.1743113693944751],[36.209582361987955,1.3433139208173677],[36.06139647614524,2.356801706487586],[36.02501726164915,2.5798318438303953],[36.64057919130696,3.061331608606753],[36.9423387638944,3.349800010560263],[36.946413929904466,3.348787547969502],[37.05151303748257,3.311235424014965],[37.172383492311596,3.272835848727645],[37.82047691333922,3.066941760307367],[39.17715894975267,2.5604004987623323],[39.655452602794746,2.441595509395365],[39.668729425503386,2.419760341991243],[36.82237174087202,1.0912555234202577],[36.68890394334291,0.9502609623249554]]]}},{"type":"Feature","id":"admbnd:nngla:753143386f8f71b2d1f805bfe8e01d45dc5a61bb82579021a037a90511be088d","properties":{"boundary_candidate_id":"admbnd:nngla:753143386f8f71b2d1f805bfe8e01d45dc5a61bb82579021a037a90511be088d","administrative_candidate_id":"NG-ADM-CAND-000011","administrative_area_id":"NG-ADM-000011","source_record_id":"NGP-000003","administrative_type_code":"MUNICIPALITY","canonical_name":"New Carrow","parent_source_record_id":"NGR-01","parent_administrative_area_id":"NG-ADM-000001","region_code":"NGR-01","geometry_role_code":"ADMINISTRATIVE_BOUNDARY","geometry_reservation_key":"p006.7.11.11:administrative-boundary:NG-ADM-000011","geometry_id":"","geometry_id_state":"PENDING_GOVERNED_LIVE_RESERVATION","geometry_type_code":"POLYGON","crs_code":"NG-CRS-EPSG4326","authoring_basis":"HIERARCHY_AWARE_VORONOI_PARTITION","qualification_status":"QUALIFIED","legalization_status":"APPROVED_FOR_GOVERNED_LIVE_APPLICATION","resulting_boundary_status":"LEGALIZED","resulting_lifecycle_status":"ACTIVE","runtime_mode":"production","runtime_effect_scope":"SHARED_REFERENCE","publication_status":"NOT_PUBLISHED"},"geometry":{"type":"Polygon","coordinates":[[[37.782813042117375,0.14276178789547203],[37.17561172595727,-0.06738945897404007],[37.07054689676864,-0.14922814894959832],[36.53150195171455,-0.6025107702054301],[36.44567937747597,-0.6431639820470568],[36.33055370319754,-0.6976977508878784],[36.54407423531941,0.58828308331539],[36.610439807229966,0.7975159477267668],[36.633322619206396,0.8505928126681328],[36.68825318706194,0.9214858016333585],[36.68890394334291,0.9502609623249554],[36.82237174087202,1.0912555234202577],[39.668729425503386,2.419760341991243],[39.87050952027748,2.0879112057258107],[39.73974069225912,1.9721665233461667],[38.9275314231161,1.2824907869702642],[38.40643655436643,0.8400106270161342],[38.00328466874691,0.4398820948716906],[37.96640840505864,0.39018551053249484],[37.782813042117375,0.14276178789547203]]]}},{"type":"Feature","id":"admbnd:nngla:86bf2114d58061cae4218958a4e579b035cc6620f196284bf5aa7dc6e19125a4","properties":{"boundary_candidate_id":"admbnd:nngla:86bf2114d58061cae4218958a4e579b035cc6620f196284bf5aa7dc6e19125a4","administrative_candidate_id":"NG-ADM-CAND-000012","administrative_area_id":"NG-ADM-000012","source_record_id":"NGP-000004","administrative_type_code":"MUNICIPALITY","canonical_name":"East Meridian","parent_source_record_id":"NGR-01","parent_administrative_area_id":"NG-ADM-000001","region_code":"NGR-01","geometry_role_code":"ADMINISTRATIVE_BOUNDARY","geometry_reservation_key":"p006.7.11.11:administrative-boundary:NG-ADM-000012","geometry_id":"","geometry_id_state":"PENDING_GOVERNED_LIVE_RESERVATION","geometry_type_code":"POLYGON","crs_code":"NG-CRS-EPSG4326","authoring_basis":"HIERARCHY_AWARE_VORONOI_PARTITION","qualification_status":"QUALIFIED","legalization_status":"APPROVED_FOR_GOVERNED_LIVE_APPLICATION","resulting_boundary_status":"LEGALIZED","resulting_lifecycle_status":"ACTIVE","runtime_mode":"production","runtime_effect_scope":"SHARED_REFERENCE","publication_status":"NOT_PUBLISHED"},"geometry":{"type":"Polygon","coordinates":[[[34.58029988203426,-1.8183302655253626],[33.630829153619615,-2.0566203783319117],[33.343211825067996,-2.1256116379309273],[31.846796714727038,-0.8283957332350685],[32.05750472196006,-0.6276385629762744],[32.98737874241796,0.35402757792765],[34.66999624722539,1.617497296061524],[34.733434185926846,1.681263476473068],[35.203386824107376,2.1901854939325855],[35.294898850988105,2.2892858746055422],[35.364852904083875,2.3196174665380522],[35.48433275713281,2.3714231016150498],[35.91860814967627,2.5164431359896002],[35.93214718010031,2.5219180547583826],[35.97670748230043,2.5420433675259266],[36.02501726164915,2.5798318438303953],[36.06139647614524,2.356801706487586],[36.209582361987955,1.3433139208173677],[36.05654143678768,0.997738471794511],[36.05318700376619,0.9783418428837719],[36.00465447356193,0.7880070076564368],[35.58583747480144,-0.00540865556463796],[34.943713665598324,-1.655631146531769],[34.58029988203426,-1.8183302655253626]]]}},{"type":"Feature","id":"admbnd:nngla:e93b3e11b2a1e2c8302495b4055f56dfed7de80c835e3bb96bc29d238fc004a5","properties":{"boundary_candidate_id":"admbnd:nngla:e93b3e11b2a1e2c8302495b4055f56dfed7de80c835e3bb96bc29d238fc004a5","administrative_candidate_id":"NG-ADM-CAND-000013","administrative_area_id":"NG-ADM-000013","source_record_id":"NGP-000005","administrative_type_code":"CITY_DISTRICT","canonical_name":"Orivane Central","parent_source_record_id":"NGP-000001","parent_administrative_area_id":"NG-ADM-000009","region_code":"NGR-01","geometry_role_code":"ADMINISTRATIVE_BOUNDARY","geometry_reservation_key":"p006.7.11.11:administrative-boundary:NG-ADM-000013","geometry_id":"","geometry_id_state":"PENDING_GOVERNED_LIVE_RESERVATION","geometry_type_code":"POLYGON","crs_code":"NG-CRS-EPSG4326","authoring_basis":"HIERARCHY_AWARE_VORONOI_PARTITION","qualification_status":"QUALIFIED","legalization_status":"APPROVED_FOR_GOVERNED_LIVE_APPLICATION","resulting_boundary_status":"LEGALIZED","resulting_lifecycle_status":"ACTIVE","runtime_mode":"production","runtime_effect_scope":"SHARED_REFERENCE","publication_status":"NOT_PUBLISHED"},"geometry":{"type":"Polygon","coordinates":[[[36.42778059125648,0.895241772796303],[36.38623350253561,0.8620354514052366],[36.3414597859674,0.8880590237969052],[36.34505981117723,0.8942184932090266],[36.39833157525625,0.9293544201724053],[36.42778059125648,0.895241772796303]]]}},{"type":"Feature","id":"admbnd:nngla:555676ffd4ae71190d7bd56d46116048058f572d4ab4ec750ce15397dacb22b0","properties":{"boundary_candidate_id":"admbnd:nngla:555676ffd4ae71190d7bd56d46116048058f572d4ab4ec750ce15397dacb22b0","administrative_candidate_id":"NG-ADM-CAND-000014","administrative_area_id":"NG-ADM-000014","source_record_id":"NGP-000006","administrative_type_code":"CITY_DISTRICT","canonical_name":"Civic Crescent","parent_source_record_id":"NGP-000001","parent_administrative_area_id":"NG-ADM-000009","region_code":"NGR-01","geometry_role_code":"ADMINISTRATIVE_BOUNDARY","geometry_reservation_key":"p006.7.11.11:administrative-boundary:NG-ADM-000014","geometry_id":"","geometry_id_state":"PENDING_GOVERNED_LIVE_RESERVATION","geometry_type_code":"POLYGON","crs_code":"NG-CRS-EPSG4326","authoring_basis":"HIERARCHY_AWARE_VORONOI_PARTITION","qualification_status":"QUALIFIED","legalization_status":"APPROVED_FOR_GOVERNED_LIVE_APPLICATION","resulting_boundary_status":"LEGALIZED","resulting_lifecycle_status":"ACTIVE","runtime_mode":"production","runtime_effect_scope":"SHARED_REFERENCE","publication_status":"NOT_PUBLISHED"},"geometry":{"type":"Polygon","coordinates":[[[36.377255624593424,0.8265630313555341],[36.610439807229966,0.7975159477267666],[36.54407423531941,0.58828308331539],[36.33055370319754,-0.6976977508878784],[35.68865337195996,-1.0017588953889422],[35.07901133518815,-1.5950588384914217],[34.943713665598324,-1.655631146531769],[35.58583747480144,-0.00540865556463796],[35.60943519226354,0.039295352883227296],[36.377255624593424,0.8265630313555341]]]}},{"type":"Feature","id":"admbnd:nngla:77016275f6880cd47bb6ed8837c737c4d94e3af416cb2ef303f97c8510341d16","properties":{"boundary_candidate_id":"admbnd:nngla:77016275f6880cd47bb6ed8837c737c4d94e3af416cb2ef303f97c8510341d16","administrative_candidate_id":"NG-ADM-CAND-000015","administrative_area_id":"NG-ADM-000015","source_record_id":"NGP-000007","administrative_type_code":"CITY_DISTRICT","canonical_name":"Parliament Hill","parent_source_record_id":"NGP-000001","parent_administrative_area_id":"NG-ADM-000009","region_code":"NGR-01","geometry_role_code":"ADMINISTRATIVE_BOUNDARY","geometry_reservation_key":"p006.7.11.11:administrative-boundary:NG-ADM-000015","geometry_id":"","geometry_id_state":"PENDING_GOVERNED_LIVE_RESERVATION","geometry_type_code":"POLYGON","crs_code":"NG-CRS-EPSG4326","authoring_basis":"HIERARCHY_AWARE_VORONOI_PARTITION","qualification_status":"QUALIFIED","legalization_status":"APPROVED_FOR_GOVERNED_LIVE_APPLICATION","resulting_boundary_status":"LEGALIZED","resulting_lifecycle_status":"ACTIVE","runtime_mode":"production","runtime_effect_scope":"SHARED_REFERENCE","publication_status":"NOT_PUBLISHED"},"geometry":{"type":"Polygon","coordinates":[[[36.34165535141338,0.9392915711109067],[36.34505981117723,0.8942184932090266],[36.3414597859674,0.8880590237969052],[35.99202418155503,0.7640799188826143],[36.00465447356193,0.7880070076564368],[36.05318700376619,0.9783418428837719],[36.05318700376619,0.9783418428837721],[36.34165535141338,0.9392915711109067]]]}},{"type":"Feature","id":"admbnd:nngla:0cfc2d5a1c225e1e2e1d9f9b9d04eeb42a7a605c092f9defe4507b127f7f98ea","properties":{"boundary_candidate_id":"admbnd:nngla:0cfc2d5a1c225e1e2e1d9f9b9d04eeb42a7a605c092f9defe4507b127f7f98ea","administrative_candidate_id":"NG-ADM-CAND-000016","administrative_area_id":"NG-ADM-000016","source_record_id":"NGP-000008","administrative_type_code":"CITY_DISTRICT","canonical_name":"Meridian Exchange","parent_source_record_id":"NGP-000001","parent_administrative_area_id":"NG-ADM-000009","region_code":"NGR-01","geometry_role_code":"ADMINISTRATIVE_BOUNDARY","geometry_reservation_key":"p006.7.11.11:administrative-boundary:NG-ADM-000016","geometry_id":"","geometry_id_state":"PENDING_GOVERNED_LIVE_RESERVATION","geometry_type_code":"POLYGON","crs_code":"NG-CRS-EPSG4326","authoring_basis":"HIERARCHY_AWARE_VORONOI_PARTITION","qualification_status":"QUALIFIED","legalization_status":"APPROVED_FOR_GOVERNED_LIVE_APPLICATION","resulting_boundary_status":"LEGALIZED","resulting_lifecycle_status":"ACTIVE","runtime_mode":"production","runtime_effect_scope":"SHARED_REFERENCE","publication_status":"NOT_PUBLISHED"},"geometry":{"type":"Polygon","coordinates":[[[36.42778059125648,0.895241772796303],[36.633322619206396,0.8505928126681327],[36.610439807229966,0.7975159477267668],[36.610439807229966,0.7975159477267666],[36.377255624593424,0.8265630313555341],[36.38623350253561,0.8620354514052366],[36.42778059125648,0.895241772796303]]]}},{"type":"Feature","id":"admbnd:nngla:8efed618f8e79aa13f1dcd9e31406ace8c953784f4891733a0ae9187d47d58bf","properties":{"boundary_candidate_id":"admbnd:nngla:8efed618f8e79aa13f1dcd9e31406ace8c953784f4891733a0ae9187d47d58bf","administrative_candidate_id":"NG-ADM-CAND-000017","administrative_area_id":"NG-ADM-000017","source_record_id":"NGP-000009","administrative_type_code":"CITY_DISTRICT","canonical_name":"Old Orivane","parent_source_record_id":"NGP-000001","parent_administrative_area_id":"NG-ADM-000009","region_code":"NGR-01","geometry_role_code":"ADMINISTRATIVE_BOUNDARY","geometry_reservation_key":"p006.7.11.11:administrative-boundary:NG-ADM-000017","geometry_id":"","geometry_id_state":"PENDING_GOVERNED_LIVE_RESERVATION","geometry_type_code":"POLYGON","crs_code":"NG-CRS-EPSG4326","authoring_basis":"HIERARCHY_AWARE_VORONOI_PARTITION","qualification_status":"QUALIFIED","legalization_status":"APPROVED_FOR_GOVERNED_LIVE_APPLICATION","resulting_boundary_status":"LEGALIZED","resulting_lifecycle_status":"ACTIVE","runtime_mode":"production","runtime_effect_scope":"SHARED_REFERENCE","publication_status":"NOT_PUBLISHED"},"geometry":{"type":"Polygon","coordinates":[[[36.34165535141338,0.9392915711109067],[36.38758933038553,0.9596820204590537],[36.39833157525625,0.9293544201724053],[36.34505981117723,0.8942184932090266],[36.34165535141338,0.9392915711109067]]]}},{"type":"Feature","id":"admbnd:nngla:14399690dd95b14bb454a4df02b85d4ba453b9961b6cabbe1484ff89c14d63f6","properties":{"boundary_candidate_id":"admbnd:nngla:14399690dd95b14bb454a4df02b85d4ba453b9961b6cabbe1484ff89c14d63f6","administrative_candidate_id":"NG-ADM-CAND-000018","administrative_area_id":"NG-ADM-000018","source_record_id":"NGP-000010","administrative_type_code":"CITY_DISTRICT","canonical_name":"Northmere Quarter","parent_source_record_id":"NGP-000001","parent_administrative_area_id":"NG-ADM-000009","region_code":"NGR-01","geometry_role_code":"ADMINISTRATIVE_BOUNDARY","geometry_reservation_key":"p006.7.11.11:administrative-boundary:NG-ADM-000018","geometry_id":"","geometry_id_state":"PENDING_GOVERNED_LIVE_RESERVATION","geometry_type_code":"POLYGON","crs_code":"NG-CRS-EPSG4326","authoring_basis":"HIERARCHY_AWARE_VORONOI_PARTITION","qualification_status":"QUALIFIED","legalization_status":"APPROVED_FOR_GOVERNED_LIVE_APPLICATION","resulting_boundary_status":"LEGALIZED","resulting_lifecycle_status":"ACTIVE","runtime_mode":"production","runtime_effect_scope":"SHARED_REFERENCE","publication_status":"NOT_PUBLISHED"},"geometry":{"type":"Polygon","coordinates":[[[36.38758933038553,0.9596820204590537],[36.34165535141338,0.9392915711109067],[36.05318700376619,0.9783418428837721],[36.05654143678768,0.997738471794511],[36.209582361987955,1.3433139208173677],[36.4158502482367,1.1743113693944751],[36.41585024823671,1.174311369394473],[36.38758933038553,0.9596820204590537]]]}},{"type":"Feature","id":"admbnd:nngla:95fd2839e6427ad11fb48428d2788a962e86ec7a7132aac559c3cb980783cb7a","properties":{"boundary_candidate_id":"admbnd:nngla:95fd2839e6427ad11fb48428d2788a962e86ec7a7132aac559c3cb980783cb7a","administrative_candidate_id":"NG-ADM-CAND-000019","administrative_area_id":"NG-ADM-000019","source_record_id":"NGP-000011","administrative_type_code":"CITY_DISTRICT","canonical_name":"Embassy Arc","parent_source_record_id":"NGP-000001","parent_administrative_area_id":"NG-ADM-000009","region_code":"NGR-01","geometry_role_code":"ADMINISTRATIVE_BOUNDARY","geometry_reservation_key":"p006.7.11.11:administrative-boundary:NG-ADM-000019","geometry_id":"","geometry_id_state":"PENDING_GOVERNED_LIVE_RESERVATION","geometry_type_code":"POLYGON","crs_code":"NG-CRS-EPSG4326","authoring_basis":"HIERARCHY_AWARE_VORONOI_PARTITION","qualification_status":"QUALIFIED","legalization_status":"APPROVED_FOR_GOVERNED_LIVE_APPLICATION","resulting_boundary_status":"LEGALIZED","resulting_lifecycle_status":"ACTIVE","runtime_mode":"production","runtime_effect_scope":"SHARED_REFERENCE","publication_status":"NOT_PUBLISHED"},"geometry":{"type":"Polygon","coordinates":[[[36.3414597859674,0.8880590237969052],[36.38623350253561,0.8620354514052366],[36.377255624593424,0.8265630313555341],[35.60943519226354,0.039295352883227296],[35.99202418155503,0.7640799188826143],[36.3414597859674,0.8880590237969052]]]}},{"type":"Feature","id":"admbnd:nngla:1766de77ba5bc26998aebcbc46add8900863dfcb1bc5438c971664afd1bdab79","properties":{"boundary_candidate_id":"admbnd:nngla:1766de77ba5bc26998aebcbc46add8900863dfcb1bc5438c971664afd1bdab79","administrative_candidate_id":"NG-ADM-CAND-000020","administrative_area_id":"NG-ADM-000020","source_record_id":"NGP-000012","administrative_type_code":"CITY_DISTRICT","canonical_name":"University Ring","parent_source_record_id":"NGP-000001","parent_administrative_area_id":"NG-ADM-000009","region_code":"NGR-01","geometry_role_code":"ADMINISTRATIVE_BOUNDARY","geometry_reservation_key":"p006.7.11.11:administrative-boundary:NG-ADM-000020","geometry_id":"","geometry_id_state":"PENDING_GOVERNED_LIVE_RESERVATION","geometry_type_code":"POLYGON","crs_code":"NG-CRS-EPSG4326","authoring_basis":"HIERARCHY_AWARE_VORONOI_PARTITION","qualification_status":"QUALIFIED","legalization_status":"APPROVED_FOR_GOVERNED_LIVE_APPLICATION","resulting_boundary_status":"LEGALIZED","resulting_lifecycle_status":"ACTIVE","runtime_mode":"production","runtime_effect_scope":"SHARED_REFERENCE","publication_status":"NOT_PUBLISHED"},"geometry":{"type":"Polygon","coordinates":[[[36.42778059125648,0.895241772796303],[36.39833157525625,0.9293544201724053],[36.38758933038553,0.9596820204590537],[36.41585024823671,1.174311369394473],[36.467721402199025,1.1485985815427193],[36.68890394334291,0.9502609623249554],[36.68825318706194,0.9214858016333585],[36.633322619206396,0.8505928126681328],[36.633322619206396,0.8505928126681327],[36.42778059125648,0.895241772796303]]]}},{"type":"Feature","id":"admbnd:nngla:09d0622cb0dcb8d2bc7c0b0c42d39b5e90f0d9565afdc0936a786d3d050cf1fa","properties":{"boundary_candidate_id":"admbnd:nngla:09d0622cb0dcb8d2bc7c0b0c42d39b5e90f0d9565afdc0936a786d3d050cf1fa","administrative_candidate_id":"NG-ADM-CAND-000021","administrative_area_id":"NG-ADM-000021","source_record_id":"NGP-000040","administrative_type_code":"TOWNSHIP","canonical_name":"Maple Junction","parent_source_record_id":"NGP-000002","parent_administrative_area_id":"NG-ADM-000010","region_code":"NGR-01","geometry_role_code":"ADMINISTRATIVE_BOUNDARY","geometry_reservation_key":"p006.7.11.11:administrative-boundary:NG-ADM-000021","geometry_id":"","geometry_id_state":"PENDING_GOVERNED_LIVE_RESERVATION","geometry_type_code":"POLYGON","crs_code":"NG-CRS-EPSG4326","authoring_basis":"HIERARCHY_AWARE_VORONOI_PARTITION","qualification_status":"QUALIFIED","legalization_status":"APPROVED_FOR_GOVERNED_LIVE_APPLICATION","resulting_boundary_status":"LEGALIZED","resulting_lifecycle_status":"ACTIVE","runtime_mode":"production","runtime_effect_scope":"SHARED_REFERENCE","publication_status":"NOT_PUBLISHED"},"geometry":{"type":"Polygon","coordinates":[[[36.68656783446693,1.188646814620992],[36.06139647614524,2.356801706487594],[36.02501726164915,2.5798318438303953],[36.64057919130696,3.061331608606753],[36.9423387638944,3.349800010560263],[36.946413929904466,3.348787547969502],[37.05151303748257,3.311235424014965],[37.172383492311596,3.272835848727645],[37.1723834923116,3.272835848727643],[36.68656783446693,1.188646814620992]]]}},{"type":"Feature","id":"admbnd:nngla:1925af0086550b5940593a379e68cafd0d6484b2a79c12f3415b0a47faa7a9a4","properties":{"boundary_candidate_id":"admbnd:nngla:1925af0086550b5940593a379e68cafd0d6484b2a79c12f3415b0a47faa7a9a4","administrative_candidate_id":"NG-ADM-CAND-000022","administrative_area_id":"NG-ADM-000022","source_record_id":"NGP-000041","administrative_type_code":"TOWNSHIP","canonical_name":"South Bell","parent_source_record_id":"NGP-000002","parent_administrative_area_id":"NG-ADM-000010","region_code":"NGR-01","geometry_role_code":"ADMINISTRATIVE_BOUNDARY","geometry_reservation_key":"p006.7.11.11:administrative-boundary:NG-ADM-000022","geometry_id":"","geometry_id_state":"PENDING_GOVERNED_LIVE_RESERVATION","geometry_type_code":"POLYGON","crs_code":"NG-CRS-EPSG4326","authoring_basis":"HIERARCHY_AWARE_VORONOI_PARTITION","qualification_status":"QUALIFIED","legalization_status":"APPROVED_FOR_GOVERNED_LIVE_APPLICATION","resulting_boundary_status":"LEGALIZED","resulting_lifecycle_status":"ACTIVE","runtime_mode":"production","runtime_effect_scope":"SHARED_REFERENCE","publication_status":"NOT_PUBLISHED"},"geometry":{"type":"Polygon","coordinates":[[[36.68656783446693,1.188646814620992],[37.1723834923116,3.272835848727643],[37.82047691333922,3.066941760307367],[39.17715894975267,2.5604004987623323],[39.655452602794746,2.441595509395365],[39.668729425503386,2.419760341991243],[36.82237174087202,1.0912555234202577],[36.68890394334291,0.9502609623249554],[36.66935121396555,0.9677941806967979],[36.68656783446693,1.188646814620992]]]}},{"type":"Feature","id":"admbnd:nngla:8a9dc90f9dc71fb7b816cbe81270ad85fb768f2b841c4341ea875b968b2435e9","properties":{"boundary_candidate_id":"admbnd:nngla:8a9dc90f9dc71fb7b816cbe81270ad85fb768f2b841c4341ea875b968b2435e9","administrative_candidate_id":"NG-ADM-CAND-000023","administrative_area_id":"NG-ADM-000023","source_record_id":"NGP-000042","administrative_type_code":"TOWNSHIP","canonical_name":"Orchard End","parent_source_record_id":"NGP-000002","parent_administrative_area_id":"NG-ADM-000010","region_code":"NGR-01","geometry_role_code":"ADMINISTRATIVE_BOUNDARY","geometry_reservation_key":"p006.7.11.11:administrative-boundary:NG-ADM-000023","geometry_id":"","geometry_id_state":"PENDING_GOVERNED_LIVE_RESERVATION","geometry_type_code":"POLYGON","crs_code":"NG-CRS-EPSG4326","authoring_basis":"HIERARCHY_AWARE_VORONOI_PARTITION","qualification_status":"QUALIFIED","legalization_status":"APPROVED_FOR_GOVERNED_LIVE_APPLICATION","resulting_boundary_status":"LEGALIZED","resulting_lifecycle_status":"ACTIVE","runtime_mode":"production","runtime_effect_scope":"SHARED_REFERENCE","publication_status":"NOT_PUBLISHED"},"geometry":{"type":"Polygon","coordinates":[[[36.68656783446693,1.188646814620992],[36.66935121396555,0.9677941806967979],[36.467721402199025,1.1485985815427193],[36.4158502482367,1.1743113693944751],[36.209582361987955,1.3433139208173677],[36.06139647614524,2.356801706487586],[36.06139647614524,2.356801706487594],[36.68656783446693,1.188646814620992]]]}},{"type":"Feature","id":"admbnd:nngla:fd6e3b36816c5dec2b1957c0e9e4d38d48b1f0d1bb287d9a67b06dc14eefa1dc","properties":{"boundary_candidate_id":"admbnd:nngla:fd6e3b36816c5dec2b1957c0e9e4d38d48b1f0d1bb287d9a67b06dc14eefa1dc","administrative_candidate_id":"NG-ADM-CAND-000024","administrative_area_id":"NG-ADM-000024","source_record_id":"NGP-000043","administrative_type_code":"TOWNSHIP","canonical_name":"Carrowfield","parent_source_record_id":"NGP-000003","parent_administrative_area_id":"NG-ADM-000011","region_code":"NGR-01","geometry_role_code":"ADMINISTRATIVE_BOUNDARY","geometry_reservation_key":"p006.7.11.11:administrative-boundary:NG-ADM-000024","geometry_id":"","geometry_id_state":"PENDING_GOVERNED_LIVE_RESERVATION","geometry_type_code":"POLYGON","crs_code":"NG-CRS-EPSG4326","authoring_basis":"HIERARCHY_AWARE_VORONOI_PARTITION","qualification_status":"QUALIFIED","legalization_status":"APPROVED_FOR_GOVERNED_LIVE_APPLICATION","resulting_boundary_status":"LEGALIZED","resulting_lifecycle_status":"ACTIVE","runtime_mode":"production","runtime_effect_scope":"SHARED_REFERENCE","publication_status":"NOT_PUBLISHED"},"geometry":{"type":"Polygon","coordinates":[[[36.90654501375792,0.7809654504170622],[36.68825318706194,0.9214858016333566],[36.68825318706194,0.9214858016333585],[36.68890394334291,0.9502609623249554],[36.82237174087202,1.0912555234202577],[39.668729425503386,2.419760341991243],[39.87050952027748,2.0879112057258107],[39.73974069225912,1.9721665233461667],[38.9275314231161,1.2824907869702642],[38.42268598491221,0.8538085955977732],[36.90654501375792,0.7809654504170622]]]}},{"type":"Feature","id":"admbnd:nngla:6d2a5222026a3ab6c76352793a18caf6a344b9b62c4e98794c2b9aa86f42473d","properties":{"boundary_candidate_id":"admbnd:nngla:6d2a5222026a3ab6c76352793a18caf6a344b9b62c4e98794c2b9aa86f42473d","administrative_candidate_id":"NG-ADM-CAND-000025","administrative_area_id":"NG-ADM-000025","source_record_id":"NGP-000044","administrative_type_code":"TOWNSHIP","canonical_name":"West Carrow","parent_source_record_id":"NGP-000003","parent_administrative_area_id":"NG-ADM-000011","region_code":"NGR-01","geometry_role_code":"ADMINISTRATIVE_BOUNDARY","geometry_reservation_key":"p006.7.11.11:administrative-boundary:NG-ADM-000025","geometry_id":"","geometry_id_state":"PENDING_GOVERNED_LIVE_RESERVATION","geometry_type_code":"POLYGON","crs_code":"NG-CRS-EPSG4326","authoring_basis":"HIERARCHY_AWARE_VORONOI_PARTITION","qualification_status":"QUALIFIED","legalization_status":"APPROVED_FOR_GOVERNED_LIVE_APPLICATION","resulting_boundary_status":"LEGALIZED","resulting_lifecycle_status":"ACTIVE","runtime_mode":"production","runtime_effect_scope":"SHARED_REFERENCE","publication_status":"NOT_PUBLISHED"},"geometry":{"type":"Polygon","coordinates":[[[36.90654501375792,0.7809654504170622],[38.42268598491221,0.8538085955977732],[38.40643655436643,0.8400106270161342],[38.00328466874691,0.4398820948716906],[37.96640840505864,0.39018551053249484],[37.782813042117375,0.14276178789547203],[37.17561172595727,-0.06738945897404007],[37.07054689676864,-0.14922814894959832],[36.53150195171455,-0.6025107702054301],[36.44567937747597,-0.6431639820470568],[36.44567937747596,-0.6431639820470586],[36.90654501375792,0.7809654504170622]]]}},{"type":"Feature","id":"admbnd:nngla:74e24d3fcf7ea4a65f02315146504ff3bbebe257ed04bb18c1e1b378dcf2ddfe","properties":{"boundary_candidate_id":"admbnd:nngla:74e24d3fcf7ea4a65f02315146504ff3bbebe257ed04bb18c1e1b378dcf2ddfe","administrative_candidate_id":"NG-ADM-CAND-000026","administrative_area_id":"NG-ADM-000026","source_record_id":"NGP-000045","administrative_type_code":"TOWNSHIP","canonical_name":"Low Crescent","parent_source_record_id":"NGP-000003","parent_administrative_area_id":"NG-ADM-000011","region_code":"NGR-01","geometry_role_code":"ADMINISTRATIVE_BOUNDARY","geometry_reservation_key":"p006.7.11.11:administrative-boundary:NG-ADM-000026","geometry_id":"","geometry_id_state":"PENDING_GOVERNED_LIVE_RESERVATION","geometry_type_code":"POLYGON","crs_code":"NG-CRS-EPSG4326","authoring_basis":"HIERARCHY_AWARE_VORONOI_PARTITION","qualification_status":"QUALIFIED","legalization_status":"APPROVED_FOR_GOVERNED_LIVE_APPLICATION","resulting_boundary_status":"LEGALIZED","resulting_lifecycle_status":"ACTIVE","runtime_mode":"production","runtime_effect_scope":"SHARED_REFERENCE","publication_status":"NOT_PUBLISHED"},"geometry":{"type":"Polygon","coordinates":[[[36.90654501375792,0.7809654504170622],[36.44567937747596,-0.6431639820470586],[36.33055370319754,-0.6976977508878784],[36.54407423531941,0.58828308331539],[36.610439807229966,0.7975159477267668],[36.633322619206396,0.8505928126681328],[36.68825318706194,0.9214858016333566],[36.90654501375792,0.7809654504170622]]]}},{"type":"Feature","id":"admbnd:nngla:627fa772c3d90b422c530dcfd291c2ca17a98bae9595c8072c52fe316a7c08d7","properties":{"boundary_candidate_id":"admbnd:nngla:627fa772c3d90b422c530dcfd291c2ca17a98bae9595c8072c52fe316a7c08d7","administrative_candidate_id":"NG-ADM-CAND-000027","administrative_area_id":"NG-ADM-000027","source_record_id":"NGP-000046","administrative_type_code":"TOWNSHIP","canonical_name":"Meridian Gate","parent_source_record_id":"NGP-000004","parent_administrative_area_id":"NG-ADM-000012","region_code":"NGR-01","geometry_role_code":"ADMINISTRATIVE_BOUNDARY","geometry_reservation_key":"p006.7.11.11:administrative-boundary:NG-ADM-000027","geometry_id":"","geometry_id_state":"PENDING_GOVERNED_LIVE_RESERVATION","geometry_type_code":"POLYGON","crs_code":"NG-CRS-EPSG4326","authoring_basis":"HIERARCHY_AWARE_VORONOI_PARTITION","qualification_status":"QUALIFIED","legalization_status":"APPROVED_FOR_GOVERNED_LIVE_APPLICATION","resulting_boundary_status":"LEGALIZED","resulting_lifecycle_status":"ACTIVE","runtime_mode":"production","runtime_effect_scope":"SHARED_REFERENCE","publication_status":"NOT_PUBLISHED"},"geometry":{"type":"Polygon","coordinates":[[[35.924869675957815,0.6368610219553458],[35.83125958923422,0.45952412001060206],[35.203386824107376,2.1901854939325833],[35.203386824107376,2.1901854939325855],[35.294898850988105,2.2892858746055422],[35.364852904083875,2.319617466538052],[35.924869675957815,0.6368610219553458]]]}},{"type":"Feature","id":"admbnd:nngla:4597090ac19ec383577fff3cb3fdec833806413d31312c167542dc6a9db1f32a","properties":{"boundary_candidate_id":"admbnd:nngla:4597090ac19ec383577fff3cb3fdec833806413d31312c167542dc6a9db1f32a","administrative_candidate_id":"NG-ADM-CAND-000028","administrative_area_id":"NG-ADM-000028","source_record_id":"NGP-000047","administrative_type_code":"TOWNSHIP","canonical_name":"Railview","parent_source_record_id":"NGP-000004","parent_administrative_area_id":"NG-ADM-000012","region_code":"NGR-01","geometry_role_code":"ADMINISTRATIVE_BOUNDARY","geometry_reservation_key":"p006.7.11.11:administrative-boundary:NG-ADM-000028","geometry_id":"","geometry_id_state":"PENDING_GOVERNED_LIVE_RESERVATION","geometry_type_code":"POLYGON","crs_code":"NG-CRS-EPSG4326","authoring_basis":"HIERARCHY_AWARE_VORONOI_PARTITION","qualification_status":"QUALIFIED","legalization_status":"APPROVED_FOR_GOVERNED_LIVE_APPLICATION","resulting_boundary_status":"LEGALIZED","resulting_lifecycle_status":"ACTIVE","runtime_mode":"production","runtime_effect_scope":"SHARED_REFERENCE","publication_status":"NOT_PUBLISHED"},"geometry":{"type":"Polygon","coordinates":[[[35.83125958923422,0.45952412001060206],[35.58583747480144,-0.00540865556463796],[34.943713665598324,-1.655631146531769],[34.58029988203426,-1.8183302655253626],[33.630829153619615,-2.0566203783319117],[33.343211825067996,-2.1256116379309273],[31.846796714727038,-0.8283957332350685],[32.05750472196006,-0.6276385629762744],[32.98737874241796,0.35402757792765],[34.66999624722539,1.617497296061524],[34.733434185926846,1.681263476473068],[35.203386824107376,2.1901854939325833],[35.83125958923422,0.45952412001060206]]]}},{"type":"Feature","id":"admbnd:nngla:57ff923fe31e4702eb3a11a55e4d20c33ce811b647e5aa0eff2283f1839fdda1","properties":{"boundary_candidate_id":"admbnd:nngla:57ff923fe31e4702eb3a11a55e4d20c33ce811b647e5aa0eff2283f1839fdda1","administrative_candidate_id":"NG-ADM-CAND-000029","administrative_area_id":"NG-ADM-000029","source_record_id":"NGP-000048","administrative_type_code":"TOWNSHIP","canonical_name":"Eastbank","parent_source_record_id":"NGP-000004","parent_administrative_area_id":"NG-ADM-000012","region_code":"NGR-01","geometry_role_code":"ADMINISTRATIVE_BOUNDARY","geometry_reservation_key":"p006.7.11.11:administrative-boundary:NG-ADM-000029","geometry_id":"","geometry_id_state":"PENDING_GOVERNED_LIVE_RESERVATION","geometry_type_code":"POLYGON","crs_code":"NG-CRS-EPSG4326","authoring_basis":"HIERARCHY_AWARE_VORONOI_PARTITION","qualification_status":"QUALIFIED","legalization_status":"APPROVED_FOR_GOVERNED_LIVE_APPLICATION","resulting_boundary_status":"LEGALIZED","resulting_lifecycle_status":"ACTIVE","runtime_mode":"production","runtime_effect_scope":"SHARED_REFERENCE","publication_status":"NOT_PUBLISHED"},"geometry":{"type":"Polygon","coordinates":[[[35.364852904083875,2.319617466538052],[35.364852904083875,2.3196174665380522],[35.48433275713281,2.3714231016150498],[35.91860814967627,2.5164431359896002],[35.93214718010031,2.5219180547583826],[35.97670748230043,2.5420433675259266],[36.02501726164915,2.5798318438303953],[36.06139647614524,2.356801706487586],[36.209582361987955,1.3433139208173677],[36.05654143678768,0.997738471794511],[36.05318700376619,0.9783418428837719],[36.00465447356193,0.7880070076564368],[35.924869675957815,0.6368610219553458],[35.364852904083875,2.319617466538052]]]}},{"type":"Feature","id":"admbnd:nngla:4063e4230f0909c1184efc2099132ee031906311c8fe9b705fb7bea841ddba4a","properties":{"boundary_candidate_id":"admbnd:nngla:4063e4230f0909c1184efc2099132ee031906311c8fe9b705fb7bea841ddba4a","administrative_candidate_id":"NG-ADM-CAND-000030","administrative_area_id":"NG-ADM-000030","source_record_id":"NGP-000084","administrative_type_code":"INDUSTRIAL_ZONE","canonical_name":"Eastline Industrial Park","parent_source_record_id":"NGP-000001","parent_administrative_area_id":"NG-ADM-000009","region_code":"NGR-01","geometry_role_code":"ADMINISTRATIVE_BOUNDARY","geometry_reservation_key":"p006.7.11.11:administrative-boundary:NG-ADM-000030","geometry_id":"","geometry_id_state":"PENDING_GOVERNED_LIVE_RESERVATION","geometry_type_code":"POLYGON","crs_code":"NG-CRS-EPSG4326","authoring_basis":"PARENT_CLIPPED_SPECIAL_PURPOSE_OVERLAY_BUFFER","qualification_status":"QUALIFIED","legalization_status":"APPROVED_FOR_GOVERNED_LIVE_APPLICATION","resulting_boundary_status":"LEGALIZED","resulting_lifecycle_status":"ACTIVE","runtime_mode":"production","runtime_effect_scope":"SHARED_REFERENCE","publication_status":"NOT_PUBLISHED"},"geometry":{"type":"Polygon","coordinates":[[[36.39900501876183,0.7498733213500977],[36.39785666218301,0.7441001429703865],[36.39596457896301,0.7385262455435709],[36.3933611431703,0.733247],[36.390090900313105,0.7283527356946076],[36.3862098051534,0.7239271948466053],[36.381784264305395,0.7200460996868944],[36.37689,0.7167758568297002],[36.371610754456434,0.7141724210369921],[36.36603685702961,0.7122803378169918],[36.36026367864991,0.7111319812381784],[36.35439,0.7107469999999999],[36.3485163213501,0.7111319812381784],[36.34274314297039,0.7122803378169918],[36.33716924554357,0.7141724210369921],[36.33189,0.7167758568297002],[36.32699573569461,0.7200460996868944],[36.322570194846605,0.7239271948466053],[36.3186890996869,0.7283527356946075],[36.3154188568297,0.733247],[36.312815421036994,0.7385262455435709],[36.310923337816995,0.7441001429703865],[36.30977498123818,0.7498733213500977],[36.30939,0.755747],[36.30977498123818,0.7616206786499022],[36.310923337816995,0.7673938570296134],[36.312815421036994,0.772967754456429],[36.3154188568297,0.7782469999999999],[36.3186890996869,0.7831412643053923],[36.322570194846605,0.7875668051533946],[36.32699573569461,0.7914479003131055],[36.33189,0.7947181431702997],[36.33716924554357,0.7973215789630078],[36.34274314297039,0.799213662183008],[36.3485163213501,0.8003620187618214],[36.35439,0.800747],[36.36026367864991,0.8003620187618214],[36.36603685702961,0.799213662183008],[36.371610754456434,0.7973215789630078],[36.37689,0.7947181431702997],[36.381784264305395,0.7914479003131055],[36.3862098051534,0.7875668051533946],[36.390090900313105,0.7831412643053924],[36.3933611431703,0.7782469999999999],[36.39596457896301,0.7729677544564291],[36.39785666218301,0.7673938570296134],[36.39900501876183,0.7616206786499023],[36.399390000000004,0.755747],[36.39900501876183,0.7498733213500977]]]}},{"type":"Feature","id":"admbnd:nngla:8acd335c54fc595ce0a7dbb99e6741a95c85044e0bc22d18cd228fb0307835bf","properties":{"boundary_candidate_id":"admbnd:nngla:8acd335c54fc595ce0a7dbb99e6741a95c85044e0bc22d18cd228fb0307835bf","administrative_candidate_id":"NG-ADM-CAND-000031","administrative_area_id":"NG-ADM-000031","source_record_id":"NGP-000085","administrative_type_code":"INDUSTRIAL_ZONE","canonical_name":"Capital Logistics Zone","parent_source_record_id":"NGP-000003","parent_administrative_area_id":"NG-ADM-000011","region_code":"NGR-01","geometry_role_code":"ADMINISTRATIVE_BOUNDARY","geometry_reservation_key":"p006.7.11.11:administrative-boundary:NG-ADM-000031","geometry_id":"","geometry_id_state":"PENDING_GOVERNED_LIVE_RESERVATION","geometry_type_code":"POLYGON","crs_code":"NG-CRS-EPSG4326","authoring_basis":"PARENT_CLIPPED_SPECIAL_PURPOSE_OVERLAY_BUFFER","qualification_status":"QUALIFIED","legalization_status":"APPROVED_FOR_GOVERNED_LIVE_APPLICATION","resulting_boundary_status":"LEGALIZED","resulting_lifecycle_status":"ACTIVE","runtime_mode":"production","runtime_effect_scope":"SHARED_REFERENCE","publication_status":"NOT_PUBLISHED"},"geometry":{"type":"Polygon","coordinates":[[[37.030847018761825,0.7289503213500977],[37.02969866218301,0.7231771429703866],[37.02780657896301,0.717603245543571],[37.0252031431703,0.7123240000000001],[37.021932900313104,0.7074297356946077],[37.0180518051534,0.7030041948466054],[37.013626264305394,0.6991230996868945],[37.008732,0.6958528568297003],[37.00345275445643,0.6932494210369922],[36.99787885702961,0.6913573378169919],[36.99210567864991,0.6902089812381785],[36.986232,0.689824],[36.980358321350096,0.6902089812381785],[36.97458514297039,0.6913573378169919],[36.96901124554357,0.6932494210369922],[36.963732,0.6958528568297003],[36.95883773569461,0.6991230996868945],[36.954412194846604,0.7030041948466054],[36.9505310996869,0.7074297356946075],[36.9472608568297,0.7123240000000001],[36.94465742103699,0.717603245543571],[36.942765337816994,0.7231771429703866],[36.94161698123818,0.7289503213500977],[36.941232,0.734824],[36.94161698123818,0.7406976786499023],[36.942765337816994,0.7464708570296135],[36.94465742103699,0.752044754456429],[36.9472608568297,0.757324],[36.9505310996869,0.7622182643053924],[36.954412194846604,0.7666438051533947],[36.95883773569461,0.7705249003131056],[36.963732,0.7737951431702997],[36.96901124554357,0.7763985789630079],[36.97458514297039,0.7782906621830081],[36.980358321350096,0.7794390187618215],[36.986232,0.7798240000000001],[36.99210567864991,0.7794390187618215],[36.99787885702961,0.7782906621830081],[37.00345275445643,0.7763985789630079],[37.008732,0.7737951431702997],[37.013626264305394,0.7705249003131056],[37.0180518051534,0.7666438051533947],[37.021932900313104,0.7622182643053925],[37.0252031431703,0.7573240000000001],[37.02780657896301,0.752044754456429],[37.02969866218301,0.7464708570296135],[37.030847018761825,0.7406976786499024],[37.031232,0.734824],[37.030847018761825,0.7289503213500977]]]}},{"type":"Feature","id":"admbnd:nngla:519d3130700c6bae4529d0c2726f0eb6801477ccb59f1fee08c61c61c212726b","properties":{"boundary_candidate_id":"admbnd:nngla:519d3130700c6bae4529d0c2726f0eb6801477ccb59f1fee08c61c61c212726b","administrative_candidate_id":"NG-ADM-CAND-000032","administrative_area_id":"NG-ADM-000032","source_record_id":"NGP-000086","administrative_type_code":"CITY","canonical_name":"Northgate","parent_source_record_id":"NGR-02","parent_administrative_area_id":"NG-ADM-000002","region_code":"NGR-02","geometry_role_code":"ADMINISTRATIVE_BOUNDARY","geometry_reservation_key":"p006.7.11.11:administrative-boundary:NG-ADM-000032","geometry_id":"","geometry_id_state":"PENDING_GOVERNED_LIVE_RESERVATION","geometry_type_code":"POLYGON","crs_code":"NG-CRS-EPSG4326","authoring_basis":"HIERARCHY_AWARE_VORONOI_PARTITION","qualification_status":"QUALIFIED","legalization_status":"APPROVED_FOR_GOVERNED_LIVE_APPLICATION","resulting_boundary_status":"LEGALIZED","resulting_lifecycle_status":"ACTIVE","runtime_mode":"production","runtime_effect_scope":"SHARED_REFERENCE","publication_status":"NOT_PUBLISHED"},"geometry":{"type":"Polygon","coordinates":[[[34.50873310204818,3.21670513566659],[34.29770716063823,3.210367916653549],[34.2106633526468,3.194110170965146],[34.15203796077497,3.204504953994546],[34.11274477449577,3.306775338560663],[34.10673474046986,3.3184747690432292],[34.09415706705487,3.3395827504175886],[34.082069216390536,3.38098900939796],[34.07052959494017,3.410242867400655],[32.10170782029827,7.230883541697421],[32.159239,7.243681],[32.260935,7.267781],[32.356411,7.306649],[32.45,7.35],[32.569035,7.367785],[32.688232,7.384807],[32.805139,7.412595],[32.918073,7.459057],[33.03185,7.501553],[33.148595,7.530105],[33.264493,7.562631],[33.32187263952313,7.57656135970955],[33.38128,7.590984],[33.502446,7.598753],[33.621991,7.614144],[33.736005,7.655526],[33.851827,7.688414],[33.88226215016432,7.690847249491463],[34.26959003006566,7.185335942672689],[34.45680002992421,3.801881981057283],[34.470996854870585,3.745032165302775],[34.49917224538368,3.4146536773009153],[34.51659648149873,3.360247532871238],[34.52895378754686,3.335377968319043],[34.50873310204818,3.21670513566659]]]}},{"type":"Feature","id":"admbnd:nngla:ec8497d70b5d35fcb5b41fe54b167c9573d1f9b4268859b68004bb27fe1c1d73","properties":{"boundary_candidate_id":"admbnd:nngla:ec8497d70b5d35fcb5b41fe54b167c9573d1f9b4268859b68004bb27fe1c1d73","administrative_candidate_id":"NG-ADM-CAND-000033","administrative_area_id":"NG-ADM-000033","source_record_id":"NGP-000087","administrative_type_code":"MUNICIPALITY","canonical_name":"Caelith","parent_source_record_id":"NGR-02","parent_administrative_area_id":"NG-ADM-000002","region_code":"NGR-02","geometry_role_code":"ADMINISTRATIVE_BOUNDARY","geometry_reservation_key":"p006.7.11.11:administrative-boundary:NG-ADM-000033","geometry_id":"","geometry_id_state":"PENDING_GOVERNED_LIVE_RESERVATION","geometry_type_code":"POLYGON","crs_code":"NG-CRS-EPSG4326","authoring_basis":"HIERARCHY_AWARE_VORONOI_PARTITION","qualification_status":"QUALIFIED","legalization_status":"APPROVED_FOR_GOVERNED_LIVE_APPLICATION","resulting_boundary_status":"LEGALIZED","resulting_lifecycle_status":"ACTIVE","runtime_mode":"production","runtime_effect_scope":"SHARED_REFERENCE","publication_status":"NOT_PUBLISHED"},"geometry":{"type":"Polygon","coordinates":[[[36.34938097471994,4.220514595135923],[36.70862164325496,3.680129047364077],[36.9423387638944,3.349800010560263],[36.64057919130696,3.061331608606753],[35.97670748230043,2.5420433675259266],[35.93214718010031,2.5219180547583826],[35.91860814967627,2.5164431359896002],[35.48433275713281,2.3714231016150498],[35.469020484751574,2.3647838065796187],[35.07152023671113,2.6820052557264775],[34.97328331849342,2.7845946527317147],[34.57936724630208,3.1208194118604156],[34.50873310204818,3.21670513566659],[34.52895378754686,3.335377968319043],[34.51659648149873,3.360247532871238],[34.49917224538368,3.4146536773009153],[34.470996854870585,3.745032165302775],[34.45680002992421,3.801881981057283],[34.26959003006566,7.185335942672689],[35.74039856437688,5.2657469256123335],[36.05497340368472,4.718714165785689],[36.09718641287679,4.66177628111172],[36.277369151847076,4.346512785338107],[36.34938097471994,4.220514595135923]]]}},{"type":"Feature","id":"admbnd:nngla:b9700919db6c308fee65990cc70b8eb6c709a78e7933b042946311a52ae8448b","properties":{"boundary_candidate_id":"admbnd:nngla:b9700919db6c308fee65990cc70b8eb6c709a78e7933b042946311a52ae8448b","administrative_candidate_id":"NG-ADM-CAND-000034","administrative_area_id":"NG-ADM-000034","source_record_id":"NGP-000088","administrative_type_code":"MUNICIPALITY","canonical_name":"Skeldrun","parent_source_record_id":"NGR-02","parent_administrative_area_id":"NG-ADM-000002","region_code":"NGR-02","geometry_role_code":"ADMINISTRATIVE_BOUNDARY","geometry_reservation_key":"p006.7.11.11:administrative-boundary:NG-ADM-000034","geometry_id":"","geometry_id_state":"PENDING_GOVERNED_LIVE_RESERVATION","geometry_type_code":"POLYGON","crs_code":"NG-CRS-EPSG4326","authoring_basis":"HIERARCHY_AWARE_VORONOI_PARTITION","qualification_status":"QUALIFIED","legalization_status":"APPROVED_FOR_GOVERNED_LIVE_APPLICATION","resulting_boundary_status":"LEGALIZED","resulting_lifecycle_status":"ACTIVE","runtime_mode":"production","runtime_effect_scope":"SHARED_REFERENCE","publication_status":"NOT_PUBLISHED"},"geometry":{"type":"Polygon","coordinates":[[[35.469020484751574,2.3647838065796187],[35.294898850988105,2.2892858746055422],[34.733434185926846,1.681263476473068],[34.66999624722539,1.617497296061524],[34.60277595391943,1.5670218880775348],[32.98737874241796,0.35402757792765],[32.05750472196006,-0.6276385629762744],[31.846796714727038,-0.8283957332350685],[30.812273819582384,-0.46962556596959876],[33.97253572175905,2.938868541807066],[33.97398094187589,2.939700925357455],[34.15203796077497,3.204504953994546],[34.2106633526468,3.194110170965146],[34.29770716063823,3.210367916653549],[34.50873310204818,3.21670513566659],[34.57936724630208,3.1208194118604156],[34.97328331849342,2.7845946527317147],[35.07152023671113,2.6820052557264775],[35.469020484751574,2.3647838065796187]]]}},{"type":"Feature","id":"admbnd:nngla:1cbab886529f8fe8aa3ebe28f3b632d7e07a1f9636af443fcbfd500ea79c6cc0","properties":{"boundary_candidate_id":"admbnd:nngla:1cbab886529f8fe8aa3ebe28f3b632d7e07a1f9636af443fcbfd500ea79c6cc0","administrative_candidate_id":"NG-ADM-CAND-000035","administrative_area_id":"NG-ADM-000035","source_record_id":"NGP-000089","administrative_type_code":"MUNICIPALITY","canonical_name":"Pinebarrow","parent_source_record_id":"NGR-02","parent_administrative_area_id":"NG-ADM-000002","region_code":"NGR-02","geometry_role_code":"ADMINISTRATIVE_BOUNDARY","geometry_reservation_key":"p006.7.11.11:administrative-boundary:NG-ADM-000035","geometry_id":"","geometry_id_state":"PENDING_GOVERNED_LIVE_RESERVATION","geometry_type_code":"POLYGON","crs_code":"NG-CRS-EPSG4326","authoring_basis":"HIERARCHY_AWARE_VORONOI_PARTITION","qualification_status":"QUALIFIED","legalization_status":"APPROVED_FOR_GOVERNED_LIVE_APPLICATION","resulting_boundary_status":"LEGALIZED","resulting_lifecycle_status":"ACTIVE","runtime_mode":"production","runtime_effect_scope":"SHARED_REFERENCE","publication_status":"NOT_PUBLISHED"},"geometry":{"type":"Polygon","coordinates":[[[30.32193961652809,-0.2995787889756764],[29.06356072611816,0.22240825313139342],[29.059406,0.327617],[29.05,0.45],[29.07065,0.561747],[29.092496,0.673334],[29.108051,0.78576],[29.108681,0.900176],[29.109234,1.014602],[29.120768,1.127564],[29.130349,1.240787],[29.140214,1.353971],[29.165349,1.46512],[29.188923,1.576477],[29.192418,1.690511],[29.198124,1.80425],[29.222416,1.915511],[29.247709,2.026639],[29.259932313708955,2.089354360669375],[29.26946,2.138239],[29.298564,2.248858],[29.324003,2.359966],[29.33407,2.473124],[29.340232,2.586802],[29.35,2.7],[29.369816,2.798829],[29.389276,2.89775],[29.40680515191265,2.9814060387363868],[29.409939,2.996362],[29.429633,3.095222],[29.458853,3.19164],[29.494105,3.286512],[29.495320099941402,3.292282934479381],[29.514863,3.385099],[29.529131,3.485351],[29.559914,3.581368],[29.597418,3.675662],[29.628795,3.771527],[29.66889,3.865156],[29.715075,3.957224],[29.740941,4.054502],[29.749733,4.156158],[29.763901,4.256436],[29.78238,4.355608],[29.799768,4.45506],[29.82321,4.552959],[29.85,4.65],[29.879645,4.746973],[29.913326,4.842459],[29.949986,4.936847],[29.996087,5.027758],[30.043568,5.118159],[30.075874,5.214152],[30.10479,5.311393],[30.146746,5.40383],[30.187802,5.496599],[30.221406,5.592114],[30.264022,5.684308],[30.307447,5.776204],[30.32871,5.876265],[30.340529,5.979805],[30.365131,6.078636],[30.395981,6.175165],[30.427635,6.271398],[30.468101,6.364384],[30.511777,6.456187],[30.55,6.55],[30.646646,6.586091],[30.745041,6.618027],[30.84649,6.642711],[30.945419,6.673381],[31.035378,6.725352],[31.124636,6.778989],[31.204507188147414,6.812727793063933],[31.21959,6.819099],[31.312169,6.864848],[31.402708,6.915442],[31.500215,6.94949],[31.50135207527841,6.949917595607472],[31.596769,6.985799],[31.681939,7.049144],[31.767014,7.112716],[31.862046,7.15264],[31.88950459016825,7.162250140361724],[31.959524,7.186756],[32.056975,7.220933],[32.10170782029827,7.230883541697421],[34.07052959494017,3.410242867400655],[34.082069216390536,3.38098900939796],[34.09415706705487,3.3395827504175886],[34.10673474046986,3.3184747690432292],[34.11274477449577,3.306775338560663],[34.15203796077497,3.204504953994546],[33.97398094187589,2.939700925357455],[33.97253572175905,2.938868541807066],[30.812273819582384,-0.46962556596959876],[30.32193961652809,-0.2995787889756764]]]}},{"type":"Feature","id":"admbnd:nngla:fd402f5fb58411efd947db0e43f8ea2aa2dc31ce1005bffb05ee02bce8ce3bb4","properties":{"boundary_candidate_id":"admbnd:nngla:fd402f5fb58411efd947db0e43f8ea2aa2dc31ce1005bffb05ee02bce8ce3bb4","administrative_candidate_id":"NG-ADM-CAND-000036","administrative_area_id":"NG-ADM-000036","source_record_id":"NGP-000090","administrative_type_code":"CITY_DISTRICT","canonical_name":"Crown Steps","parent_source_record_id":"NGP-000086","parent_administrative_area_id":"NG-ADM-000032","region_code":"NGR-02","geometry_role_code":"ADMINISTRATIVE_BOUNDARY","geometry_reservation_key":"p006.7.11.11:administrative-boundary:NG-ADM-000036","geometry_id":"","geometry_id_state":"PENDING_GOVERNED_LIVE_RESERVATION","geometry_type_code":"POLYGON","crs_code":"NG-CRS-EPSG4326","authoring_basis":"HIERARCHY_AWARE_VORONOI_PARTITION","qualification_status":"QUALIFIED","legalization_status":"APPROVED_FOR_GOVERNED_LIVE_APPLICATION","resulting_boundary_status":"LEGALIZED","resulting_lifecycle_status":"ACTIVE","runtime_mode":"production","runtime_effect_scope":"SHARED_REFERENCE","publication_status":"NOT_PUBLISHED"},"geometry":{"type":"Polygon","coordinates":[[[34.347404431003845,3.381415311601288],[34.51659648149873,3.3602475328712385],[34.51659648149873,3.360247532871238],[34.52895378754686,3.335377968319043],[34.50873310204818,3.21670513566659],[34.29770716063823,3.210367916653549],[34.347404431003845,3.381415311601288]]]}},{"type":"Feature","id":"admbnd:nngla:8fe248fb6447773858f2748d42e7bd47cf7e192dccc371309383d2152ea865c9","properties":{"boundary_candidate_id":"admbnd:nngla:8fe248fb6447773858f2748d42e7bd47cf7e192dccc371309383d2152ea865c9","administrative_candidate_id":"NG-ADM-CAND-000037","administrative_area_id":"NG-ADM-000037","source_record_id":"NGP-000091","administrative_type_code":"CITY_DISTRICT","canonical_name":"Highgate Core","parent_source_record_id":"NGP-000086","parent_administrative_area_id":"NG-ADM-000032","region_code":"NGR-02","geometry_role_code":"ADMINISTRATIVE_BOUNDARY","geometry_reservation_key":"p006.7.11.11:administrative-boundary:NG-ADM-000037","geometry_id":"","geometry_id_state":"PENDING_GOVERNED_LIVE_RESERVATION","geometry_type_code":"POLYGON","crs_code":"NG-CRS-EPSG4326","authoring_basis":"HIERARCHY_AWARE_VORONOI_PARTITION","qualification_status":"QUALIFIED","legalization_status":"APPROVED_FOR_GOVERNED_LIVE_APPLICATION","resulting_boundary_status":"LEGALIZED","resulting_lifecycle_status":"ACTIVE","runtime_mode":"production","runtime_effect_scope":"SHARED_REFERENCE","publication_status":"NOT_PUBLISHED"},"geometry":{"type":"Polygon","coordinates":[[[34.329666956822685,3.4935146100649304],[34.301583792547454,3.4622098248470397],[34.082069216390536,3.380989009397961],[34.07052959494017,3.410242867400655],[32.10170782029827,7.230883541697421],[32.159239,7.243681],[32.260935,7.267781],[32.356411,7.306649],[32.45,7.35],[32.569035,7.367785],[32.688232,7.384807],[32.805139,7.412595],[32.918073,7.459057],[33.03185,7.501553],[33.148595,7.530105],[33.264493,7.562631],[33.32187263952313,7.57656135970955],[33.38128,7.590984],[33.502446,7.598753],[33.621991,7.614144],[33.736005,7.655526],[33.851827,7.688414],[33.88226215016432,7.690847249491463],[34.26959003006566,7.185335942672689],[34.432167306759425,4.247070191303684],[34.329666956822685,3.4935146100649304]]]}},{"type":"Feature","id":"admbnd:nngla:9f31b4d794b196b46efaa00def2e2df3ea7183af786df2eae0ca7e8994b21ea1","properties":{"boundary_candidate_id":"admbnd:nngla:9f31b4d794b196b46efaa00def2e2df3ea7183af786df2eae0ca7e8994b21ea1","administrative_candidate_id":"NG-ADM-CAND-000038","administrative_area_id":"NG-ADM-000038","source_record_id":"NGP-000092","administrative_type_code":"CITY_DISTRICT","canonical_name":"Observatory Ward","parent_source_record_id":"NGP-000086","parent_administrative_area_id":"NG-ADM-000032","region_code":"NGR-02","geometry_role_code":"ADMINISTRATIVE_BOUNDARY","geometry_reservation_key":"p006.7.11.11:administrative-boundary:NG-ADM-000038","geometry_id":"","geometry_id_state":"PENDING_GOVERNED_LIVE_RESERVATION","geometry_type_code":"POLYGON","crs_code":"NG-CRS-EPSG4326","authoring_basis":"HIERARCHY_AWARE_VORONOI_PARTITION","qualification_status":"QUALIFIED","legalization_status":"APPROVED_FOR_GOVERNED_LIVE_APPLICATION","resulting_boundary_status":"LEGALIZED","resulting_lifecycle_status":"ACTIVE","runtime_mode":"production","runtime_effect_scope":"SHARED_REFERENCE","publication_status":"NOT_PUBLISHED"},"geometry":{"type":"Polygon","coordinates":[[[34.38330708772949,3.428678718914409],[34.34394598297686,3.453962938246905],[34.329666956822685,3.4935146100649304],[34.432167306759425,4.247070191303684],[34.45680002992421,3.801881981057283],[34.470996854870585,3.745032165302775],[34.49917224538368,3.4146536773009157],[34.38330708772949,3.428678718914409]]]}},{"type":"Feature","id":"admbnd:nngla:7a01de36e1c0439e6f5f4de2114cd54aa54d3781e228937bd0c859c3d331c71c","properties":{"boundary_candidate_id":"admbnd:nngla:7a01de36e1c0439e6f5f4de2114cd54aa54d3781e228937bd0c859c3d331c71c","administrative_candidate_id":"NG-ADM-CAND-000039","administrative_area_id":"NG-ADM-000039","source_record_id":"NGP-000093","administrative_type_code":"CITY_DISTRICT","canonical_name":"Foundry Terrace","parent_source_record_id":"NGP-000086","parent_administrative_area_id":"NG-ADM-000032","region_code":"NGR-02","geometry_role_code":"ADMINISTRATIVE_BOUNDARY","geometry_reservation_key":"p006.7.11.11:administrative-boundary:NG-ADM-000039","geometry_id":"","geometry_id_state":"PENDING_GOVERNED_LIVE_RESERVATION","geometry_type_code":"POLYGON","crs_code":"NG-CRS-EPSG4326","authoring_basis":"HIERARCHY_AWARE_VORONOI_PARTITION","qualification_status":"QUALIFIED","legalization_status":"APPROVED_FOR_GOVERNED_LIVE_APPLICATION","resulting_boundary_status":"LEGALIZED","resulting_lifecycle_status":"ACTIVE","runtime_mode":"production","runtime_effect_scope":"SHARED_REFERENCE","publication_status":"NOT_PUBLISHED"},"geometry":{"type":"Polygon","coordinates":[[[34.301583792547454,3.4622098248470397],[34.299657735277115,3.4016790585523027],[34.110527765232,3.311091078812529],[34.10673474046986,3.3184747690432292],[34.09415706705487,3.3395827504175886],[34.082069216390536,3.38098900939796],[34.082069216390536,3.380989009397961],[34.301583792547454,3.4622098248470397]]]}},{"type":"Feature","id":"admbnd:nngla:a1815692041cae7db662c9e94c1ffefb3f099a2a72004603f3568584a36a7747","properties":{"boundary_candidate_id":"admbnd:nngla:a1815692041cae7db662c9e94c1ffefb3f099a2a72004603f3568584a36a7747","administrative_candidate_id":"NG-ADM-CAND-000040","administrative_area_id":"NG-ADM-000040","source_record_id":"NGP-000094","administrative_type_code":"CITY_DISTRICT","canonical_name":"Old Switchback","parent_source_record_id":"NGP-000086","parent_administrative_area_id":"NG-ADM-000032","region_code":"NGR-02","geometry_role_code":"ADMINISTRATIVE_BOUNDARY","geometry_reservation_key":"p006.7.11.11:administrative-boundary:NG-ADM-000040","geometry_id":"","geometry_id_state":"PENDING_GOVERNED_LIVE_RESERVATION","geometry_type_code":"POLYGON","crs_code":"NG-CRS-EPSG4326","authoring_basis":"HIERARCHY_AWARE_VORONOI_PARTITION","qualification_status":"QUALIFIED","legalization_status":"APPROVED_FOR_GOVERNED_LIVE_APPLICATION","resulting_boundary_status":"LEGALIZED","resulting_lifecycle_status":"ACTIVE","runtime_mode":"production","runtime_effect_scope":"SHARED_REFERENCE","publication_status":"NOT_PUBLISHED"},"geometry":{"type":"Polygon","coordinates":[[[34.299657735277115,3.4016790585523027],[34.32573120812375,3.4030803885025773],[34.341144490004595,3.3920925133017965],[34.347404431003845,3.381415311601288],[34.29770716063823,3.210367916653549],[34.2106633526468,3.194110170965146],[34.15203796077497,3.204504953994546],[34.11274477449577,3.306775338560663],[34.110527765232,3.311091078812529],[34.299657735277115,3.4016790585523027]]]}},{"type":"Feature","id":"admbnd:nngla:1e5ac572d249259c2939a75081adb0dc52f3e677f78876c8298d9a96677b5c5b","properties":{"boundary_candidate_id":"admbnd:nngla:1e5ac572d249259c2939a75081adb0dc52f3e677f78876c8298d9a96677b5c5b","administrative_candidate_id":"NG-ADM-CAND-000041","administrative_area_id":"NG-ADM-000041","source_record_id":"NGP-000095","administrative_type_code":"CITY_DISTRICT","canonical_name":"Alpine Exchange","parent_source_record_id":"NGP-000086","parent_administrative_area_id":"NG-ADM-000032","region_code":"NGR-02","geometry_role_code":"ADMINISTRATIVE_BOUNDARY","geometry_reservation_key":"p006.7.11.11:administrative-boundary:NG-ADM-000041","geometry_id":"","geometry_id_state":"PENDING_GOVERNED_LIVE_RESERVATION","geometry_type_code":"POLYGON","crs_code":"NG-CRS-EPSG4326","authoring_basis":"HIERARCHY_AWARE_VORONOI_PARTITION","qualification_status":"QUALIFIED","legalization_status":"APPROVED_FOR_GOVERNED_LIVE_APPLICATION","resulting_boundary_status":"LEGALIZED","resulting_lifecycle_status":"ACTIVE","runtime_mode":"production","runtime_effect_scope":"SHARED_REFERENCE","publication_status":"NOT_PUBLISHED"},"geometry":{"type":"Polygon","coordinates":[[[34.329666956822685,3.4935146100649304],[34.34394598297686,3.453962938246905],[34.32573120812375,3.4030803885025773],[34.299657735277115,3.4016790585523027],[34.301583792547454,3.4622098248470397],[34.329666956822685,3.4935146100649304]]]}},{"type":"Feature","id":"admbnd:nngla:e41ad934ed9921bbd32993a9ebed434874d1413d691d85736714885322bd377f","properties":{"boundary_candidate_id":"admbnd:nngla:e41ad934ed9921bbd32993a9ebed434874d1413d691d85736714885322bd377f","administrative_candidate_id":"NG-ADM-CAND-000042","administrative_area_id":"NG-ADM-000042","source_record_id":"NGP-000096","administrative_type_code":"CITY_DISTRICT","canonical_name":"Northgate University District","parent_source_record_id":"NGP-000086","parent_administrative_area_id":"NG-ADM-000032","region_code":"NGR-02","geometry_role_code":"ADMINISTRATIVE_BOUNDARY","geometry_reservation_key":"p006.7.11.11:administrative-boundary:NG-ADM-000042","geometry_id":"","geometry_id_state":"PENDING_GOVERNED_LIVE_RESERVATION","geometry_type_code":"POLYGON","crs_code":"NG-CRS-EPSG4326","authoring_basis":"HIERARCHY_AWARE_VORONOI_PARTITION","qualification_status":"QUALIFIED","legalization_status":"APPROVED_FOR_GOVERNED_LIVE_APPLICATION","resulting_boundary_status":"LEGALIZED","resulting_lifecycle_status":"ACTIVE","runtime_mode":"production","runtime_effect_scope":"SHARED_REFERENCE","publication_status":"NOT_PUBLISHED"},"geometry":{"type":"Polygon","coordinates":[[[34.32573120812375,3.4030803885025773],[34.34394598297686,3.453962938246905],[34.38330708772949,3.428678718914409],[34.341144490004595,3.3920925133017965],[34.32573120812375,3.4030803885025773]]]}},{"type":"Feature","id":"admbnd:nngla:8c40d72e137aba9b02df2951ff85a679479a3591aa1832cc950ef39eeb81d857","properties":{"boundary_candidate_id":"admbnd:nngla:8c40d72e137aba9b02df2951ff85a679479a3591aa1832cc950ef39eeb81d857","administrative_candidate_id":"NG-ADM-CAND-000043","administrative_area_id":"NG-ADM-000043","source_record_id":"NGP-000097","administrative_type_code":"CITY_DISTRICT","canonical_name":"Cloudline","parent_source_record_id":"NGP-000086","parent_administrative_area_id":"NG-ADM-000032","region_code":"NGR-02","geometry_role_code":"ADMINISTRATIVE_BOUNDARY","geometry_reservation_key":"p006.7.11.11:administrative-boundary:NG-ADM-000043","geometry_id":"","geometry_id_state":"PENDING_GOVERNED_LIVE_RESERVATION","geometry_type_code":"POLYGON","crs_code":"NG-CRS-EPSG4326","authoring_basis":"HIERARCHY_AWARE_VORONOI_PARTITION","qualification_status":"QUALIFIED","legalization_status":"APPROVED_FOR_GOVERNED_LIVE_APPLICATION","resulting_boundary_status":"LEGALIZED","resulting_lifecycle_status":"ACTIVE","runtime_mode":"production","runtime_effect_scope":"SHARED_REFERENCE","publication_status":"NOT_PUBLISHED"},"geometry":{"type":"Polygon","coordinates":[[[34.347404431003845,3.381415311601288],[34.341144490004595,3.3920925133017965],[34.38330708772949,3.428678718914409],[34.49917224538368,3.4146536773009157],[34.49917224538368,3.4146536773009153],[34.51659648149873,3.3602475328712385],[34.347404431003845,3.381415311601288]]]}},{"type":"Feature","id":"admbnd:nngla:a55a326262d447e3c8622a0277def0c46d750d7b4ca3af72fa8bbb62c36daae7","properties":{"boundary_candidate_id":"admbnd:nngla:a55a326262d447e3c8622a0277def0c46d750d7b4ca3af72fa8bbb62c36daae7","administrative_candidate_id":"NG-ADM-CAND-000044","administrative_area_id":"NG-ADM-000044","source_record_id":"NGP-000125","administrative_type_code":"TOWNSHIP","canonical_name":"Lower Caelith","parent_source_record_id":"NGP-000087","parent_administrative_area_id":"NG-ADM-000033","region_code":"NGR-02","geometry_role_code":"ADMINISTRATIVE_BOUNDARY","geometry_reservation_key":"p006.7.11.11:administrative-boundary:NG-ADM-000044","geometry_id":"","geometry_id_state":"PENDING_GOVERNED_LIVE_RESERVATION","geometry_type_code":"POLYGON","crs_code":"NG-CRS-EPSG4326","authoring_basis":"HIERARCHY_AWARE_VORONOI_PARTITION","qualification_status":"QUALIFIED","legalization_status":"APPROVED_FOR_GOVERNED_LIVE_APPLICATION","resulting_boundary_status":"LEGALIZED","resulting_lifecycle_status":"ACTIVE","runtime_mode":"production","runtime_effect_scope":"SHARED_REFERENCE","publication_status":"NOT_PUBLISHED"},"geometry":{"type":"Polygon","coordinates":[[[34.711823014166754,3.4228493895260708],[34.539391502111826,3.1750864127119427],[34.50873310204818,3.21670513566659],[34.52895378754686,3.335377968319043],[34.51659648149873,3.360247532871238],[34.49917224538368,3.4146536773009153],[34.470996854870585,3.745032165302775],[34.470996854870585,3.745032165302781],[34.711823014166754,3.4228493895260708]]]}},{"type":"Feature","id":"admbnd:nngla:7aa65e7d60d8f476c7da5fb667450000e1ecc02626463814f8177d1a500c646c","properties":{"boundary_candidate_id":"admbnd:nngla:7aa65e7d60d8f476c7da5fb667450000e1ecc02626463814f8177d1a500c646c","administrative_candidate_id":"NG-ADM-CAND-000045","administrative_area_id":"NG-ADM-000045","source_record_id":"NGP-000126","administrative_type_code":"TOWNSHIP","canonical_name":"Glen Kael","parent_source_record_id":"NGP-000087","parent_administrative_area_id":"NG-ADM-000033","region_code":"NGR-02","geometry_role_code":"ADMINISTRATIVE_BOUNDARY","geometry_reservation_key":"p006.7.11.11:administrative-boundary:NG-ADM-000045","geometry_id":"","geometry_id_state":"PENDING_GOVERNED_LIVE_RESERVATION","geometry_type_code":"POLYGON","crs_code":"NG-CRS-EPSG4326","authoring_basis":"HIERARCHY_AWARE_VORONOI_PARTITION","qualification_status":"QUALIFIED","legalization_status":"APPROVED_FOR_GOVERNED_LIVE_APPLICATION","resulting_boundary_status":"LEGALIZED","resulting_lifecycle_status":"ACTIVE","runtime_mode":"production","runtime_effect_scope":"SHARED_REFERENCE","publication_status":"NOT_PUBLISHED"},"geometry":{"type":"Polygon","coordinates":[[[34.711823014166754,3.4228493895260708],[36.277369151847076,4.346512785338106],[36.34938097471994,4.220514595135923],[36.70862164325496,3.680129047364077],[36.9423387638944,3.349800010560263],[36.64057919130696,3.061331608606753],[35.97670748230043,2.5420433675259266],[35.93214718010031,2.5219180547583826],[35.91860814967627,2.5164431359896002],[35.48433275713281,2.3714231016150498],[35.469020484751574,2.3647838065796187],[35.07152023671113,2.6820052557264775],[34.97328331849342,2.7845946527317147],[34.57936724630208,3.1208194118604156],[34.539391502111826,3.1750864127119427],[34.711823014166754,3.4228493895260708]]]}},{"type":"Feature","id":"admbnd:nngla:de9e1702c3639f1d35f4a950adefbec04d6d5c314a05471782f36e2154ddfa28","properties":{"boundary_candidate_id":"admbnd:nngla:de9e1702c3639f1d35f4a950adefbec04d6d5c314a05471782f36e2154ddfa28","administrative_candidate_id":"NG-ADM-CAND-000046","administrative_area_id":"NG-ADM-000046","source_record_id":"NGP-000127","administrative_type_code":"TOWNSHIP","canonical_name":"Passfield","parent_source_record_id":"NGP-000087","parent_administrative_area_id":"NG-ADM-000033","region_code":"NGR-02","geometry_role_code":"ADMINISTRATIVE_BOUNDARY","geometry_reservation_key":"p006.7.11.11:administrative-boundary:NG-ADM-000046","geometry_id":"","geometry_id_state":"PENDING_GOVERNED_LIVE_RESERVATION","geometry_type_code":"POLYGON","crs_code":"NG-CRS-EPSG4326","authoring_basis":"HIERARCHY_AWARE_VORONOI_PARTITION","qualification_status":"QUALIFIED","legalization_status":"APPROVED_FOR_GOVERNED_LIVE_APPLICATION","resulting_boundary_status":"LEGALIZED","resulting_lifecycle_status":"ACTIVE","runtime_mode":"production","runtime_effect_scope":"SHARED_REFERENCE","publication_status":"NOT_PUBLISHED"},"geometry":{"type":"Polygon","coordinates":[[[34.711823014166754,3.4228493895260708],[34.470996854870585,3.745032165302781],[34.45680002992421,3.801881981057283],[34.26959003006566,7.185335942672689],[35.74039856437688,5.2657469256123335],[36.05497340368472,4.718714165785689],[36.09718641287679,4.66177628111172],[36.277369151847076,4.346512785338107],[36.277369151847076,4.346512785338106],[34.711823014166754,3.4228493895260708]]]}},{"type":"Feature","id":"admbnd:nngla:6012a730501657e564fb652eed09e45b18466dc3e73e7e4317e31aa0cba27cf9","properties":{"boundary_candidate_id":"admbnd:nngla:6012a730501657e564fb652eed09e45b18466dc3e73e7e4317e31aa0cba27cf9","administrative_candidate_id":"NG-ADM-CAND-000047","administrative_area_id":"NG-ADM-000047","source_record_id":"NGP-000128","administrative_type_code":"TOWNSHIP","canonical_name":"South Skeldrun","parent_source_record_id":"NGP-000088","parent_administrative_area_id":"NG-ADM-000034","region_code":"NGR-02","geometry_role_code":"ADMINISTRATIVE_BOUNDARY","geometry_reservation_key":"p006.7.11.11:administrative-boundary:NG-ADM-000047","geometry_id":"","geometry_id_state":"PENDING_GOVERNED_LIVE_RESERVATION","geometry_type_code":"POLYGON","crs_code":"NG-CRS-EPSG4326","authoring_basis":"HIERARCHY_AWARE_VORONOI_PARTITION","qualification_status":"QUALIFIED","legalization_status":"APPROVED_FOR_GOVERNED_LIVE_APPLICATION","resulting_boundary_status":"LEGALIZED","resulting_lifecycle_status":"ACTIVE","runtime_mode":"production","runtime_effect_scope":"SHARED_REFERENCE","publication_status":"NOT_PUBLISHED"},"geometry":{"type":"Polygon","coordinates":[[[34.22849916252714,2.9420389706462027],[34.60277595391943,1.5670218880775328],[32.98737874241796,0.35402757792765],[32.05750472196006,-0.6276385629762744],[31.846796714727038,-0.8283957332350685],[30.812273819582384,-0.46962556596959876],[33.97253572175905,2.938868541807066],[33.97398094187589,2.939700925357455],[34.077931834083635,3.0942953087028995],[34.22849916252714,2.9420389706462027]]]}},{"type":"Feature","id":"admbnd:nngla:db69907ed0884793e3fb0c19c6375c4de64f5a08c9b430820a55fe151e9c1a23","properties":{"boundary_candidate_id":"admbnd:nngla:db69907ed0884793e3fb0c19c6375c4de64f5a08c9b430820a55fe151e9c1a23","administrative_candidate_id":"NG-ADM-CAND-000048","administrative_area_id":"NG-ADM-000048","source_record_id":"NGP-000129","administrative_type_code":"TOWNSHIP","canonical_name":"Icebrook","parent_source_record_id":"NGP-000088","parent_administrative_area_id":"NG-ADM-000034","region_code":"NGR-02","geometry_role_code":"ADMINISTRATIVE_BOUNDARY","geometry_reservation_key":"p006.7.11.11:administrative-boundary:NG-ADM-000048","geometry_id":"","geometry_id_state":"PENDING_GOVERNED_LIVE_RESERVATION","geometry_type_code":"POLYGON","crs_code":"NG-CRS-EPSG4326","authoring_basis":"HIERARCHY_AWARE_VORONOI_PARTITION","qualification_status":"QUALIFIED","legalization_status":"APPROVED_FOR_GOVERNED_LIVE_APPLICATION","resulting_boundary_status":"LEGALIZED","resulting_lifecycle_status":"ACTIVE","runtime_mode":"production","runtime_effect_scope":"SHARED_REFERENCE","publication_status":"NOT_PUBLISHED"},"geometry":{"type":"Polygon","coordinates":[[[34.22849916252714,2.9420389706462027],[35.07152023671113,2.6820052557264757],[35.469020484751574,2.3647838065796187],[35.294898850988105,2.2892858746055422],[34.733434185926846,1.681263476473068],[34.66999624722539,1.617497296061524],[34.60277595391943,1.5670218880775348],[34.60277595391943,1.5670218880775328],[34.22849916252714,2.9420389706462027]]]}},{"type":"Feature","id":"admbnd:nngla:ac6bd36fde5be0f011ff93bd4b0009358b0993c41b9791d2c134d12d480e76e7","properties":{"boundary_candidate_id":"admbnd:nngla:ac6bd36fde5be0f011ff93bd4b0009358b0993c41b9791d2c134d12d480e76e7","administrative_candidate_id":"NG-ADM-CAND-000049","administrative_area_id":"NG-ADM-000049","source_record_id":"NGP-000130","administrative_type_code":"TOWNSHIP","canonical_name":"Mill Crag","parent_source_record_id":"NGP-000088","parent_administrative_area_id":"NG-ADM-000034","region_code":"NGR-02","geometry_role_code":"ADMINISTRATIVE_BOUNDARY","geometry_reservation_key":"p006.7.11.11:administrative-boundary:NG-ADM-000049","geometry_id":"","geometry_id_state":"PENDING_GOVERNED_LIVE_RESERVATION","geometry_type_code":"POLYGON","crs_code":"NG-CRS-EPSG4326","authoring_basis":"HIERARCHY_AWARE_VORONOI_PARTITION","qualification_status":"QUALIFIED","legalization_status":"APPROVED_FOR_GOVERNED_LIVE_APPLICATION","resulting_boundary_status":"LEGALIZED","resulting_lifecycle_status":"ACTIVE","runtime_mode":"production","runtime_effect_scope":"SHARED_REFERENCE","publication_status":"NOT_PUBLISHED"},"geometry":{"type":"Polygon","coordinates":[[[34.22849916252714,2.9420389706462027],[34.077931834083635,3.0942953087028995],[34.15203796077497,3.204504953994546],[34.2106633526468,3.194110170965146],[34.29770716063823,3.210367916653549],[34.50873310204818,3.21670513566659],[34.57936724630208,3.1208194118604156],[34.97328331849342,2.7845946527317147],[35.07152023671113,2.6820052557264775],[35.07152023671113,2.6820052557264757],[34.22849916252714,2.9420389706462027]]]}},{"type":"Feature","id":"admbnd:nngla:a16c9236d10bdadd50626370ab00643699179f49adf62ea1e57296856c63c25c","properties":{"boundary_candidate_id":"admbnd:nngla:a16c9236d10bdadd50626370ab00643699179f49adf62ea1e57296856c63c25c","administrative_candidate_id":"NG-ADM-CAND-000050","administrative_area_id":"NG-ADM-000050","source_record_id":"NGP-000131","administrative_type_code":"TOWNSHIP","canonical_name":"East Pinebarrow","parent_source_record_id":"NGP-000089","parent_administrative_area_id":"NG-ADM-000035","region_code":"NGR-02","geometry_role_code":"ADMINISTRATIVE_BOUNDARY","geometry_reservation_key":"p006.7.11.11:administrative-boundary:NG-ADM-000050","geometry_id":"","geometry_id_state":"PENDING_GOVERNED_LIVE_RESERVATION","geometry_type_code":"POLYGON","crs_code":"NG-CRS-EPSG4326","authoring_basis":"HIERARCHY_AWARE_VORONOI_PARTITION","qualification_status":"QUALIFIED","legalization_status":"APPROVED_FOR_GOVERNED_LIVE_APPLICATION","resulting_boundary_status":"LEGALIZED","resulting_lifecycle_status":"ACTIVE","runtime_mode":"production","runtime_effect_scope":"SHARED_REFERENCE","publication_status":"NOT_PUBLISHED"},"geometry":{"type":"Polygon","coordinates":[[[33.855458356280884,3.20858968505118],[34.06814845780787,3.0797456017185154],[33.97398094187589,2.939700925357455],[33.97253572175905,2.938868541807066],[30.812273819582384,-0.46962556596959876],[30.32193961652809,-0.2995787889756764],[29.06356072611816,0.22240825313139342],[29.059406,0.327617],[29.05,0.45],[29.07065,0.561747],[29.092496,0.673334],[29.108051,0.78576],[29.108681,0.900176],[29.109234,1.014602],[29.120768,1.127564],[29.130349,1.240787],[29.140214,1.353971],[29.165349,1.46512],[29.188923,1.576477],[29.192418,1.690511],[29.198124,1.80425],[29.222416,1.915511],[29.247709,2.026639],[29.259932313708955,2.089354360669375],[29.259932313708955,2.0893543606693754],[33.855458356280884,3.20858968505118]]]}},{"type":"Feature","id":"admbnd:nngla:d71ed1d02a00dc2a9385854629de3a7f93a263d7e34cf9da6469ffeb2c1edb03","properties":{"boundary_candidate_id":"admbnd:nngla:d71ed1d02a00dc2a9385854629de3a7f93a263d7e34cf9da6469ffeb2c1edb03","administrative_candidate_id":"NG-ADM-CAND-000051","administrative_area_id":"NG-ADM-000051","source_record_id":"NGP-000132","administrative_type_code":"TOWNSHIP","canonical_name":"Woodcutters' Line","parent_source_record_id":"NGP-000089","parent_administrative_area_id":"NG-ADM-000035","region_code":"NGR-02","geometry_role_code":"ADMINISTRATIVE_BOUNDARY","geometry_reservation_key":"p006.7.11.11:administrative-boundary:NG-ADM-000051","geometry_id":"","geometry_id_state":"PENDING_GOVERNED_LIVE_RESERVATION","geometry_type_code":"POLYGON","crs_code":"NG-CRS-EPSG4326","authoring_basis":"HIERARCHY_AWARE_VORONOI_PARTITION","qualification_status":"QUALIFIED","legalization_status":"APPROVED_FOR_GOVERNED_LIVE_APPLICATION","resulting_boundary_status":"LEGALIZED","resulting_lifecycle_status":"ACTIVE","runtime_mode":"production","runtime_effect_scope":"SHARED_REFERENCE","publication_status":"NOT_PUBLISHED"},"geometry":{"type":"Polygon","coordinates":[[[33.855458356280884,3.20858968505118],[29.259932313708955,2.0893543606693754],[29.26946,2.138239],[29.298564,2.248858],[29.324003,2.359966],[29.33407,2.473124],[29.340232,2.586802],[29.35,2.7],[29.369816,2.798829],[29.389276,2.89775],[29.40680515191265,2.9814060387363868],[29.409939,2.996362],[29.429633,3.095222],[29.458853,3.19164],[29.494105,3.286512],[29.495320099941402,3.292282934479381],[29.514863,3.385099],[29.529131,3.485351],[29.559914,3.581368],[29.597418,3.675662],[29.628795,3.771527],[29.66889,3.865156],[29.715075,3.957224],[29.740941,4.054502],[29.749733,4.156158],[29.763901,4.256436],[29.78238,4.355608],[29.799768,4.45506],[29.82321,4.552959],[29.85,4.65],[29.879645,4.746973],[29.913326,4.842459],[29.949986,4.936847],[29.996087,5.027758],[30.043568,5.118159],[30.075874,5.214152],[30.10479,5.311393],[30.146746,5.40383],[30.187802,5.496599],[30.221406,5.592114],[30.264022,5.684308],[30.307447,5.776204],[30.32871,5.876265],[30.340529,5.979805],[30.365131,6.078636],[30.395981,6.175165],[30.427635,6.271398],[30.468101,6.364384],[30.511777,6.456187],[30.55,6.55],[30.646646,6.586091],[30.745041,6.618027],[30.84649,6.642711],[30.945419,6.673381],[31.035378,6.725352],[31.124636,6.778989],[31.204507188147414,6.812727793063933],[31.21959,6.819099],[31.312169,6.864848],[31.402708,6.915442],[31.500215,6.94949],[31.50135207527841,6.949917595607472],[31.50135207527841,6.949917595607473],[33.855458356280884,3.20858968505118]]]}},{"type":"Feature","id":"admbnd:nngla:f75a00b748f324094a71284509ca5ccd8f245ac9784d8e5562d67bb1e39bf411","properties":{"boundary_candidate_id":"admbnd:nngla:f75a00b748f324094a71284509ca5ccd8f245ac9784d8e5562d67bb1e39bf411","administrative_candidate_id":"NG-ADM-CAND-000052","administrative_area_id":"NG-ADM-000052","source_record_id":"NGP-000133","administrative_type_code":"TOWNSHIP","canonical_name":"Briar Junction","parent_source_record_id":"NGP-000089","parent_administrative_area_id":"NG-ADM-000035","region_code":"NGR-02","geometry_role_code":"ADMINISTRATIVE_BOUNDARY","geometry_reservation_key":"p006.7.11.11:administrative-boundary:NG-ADM-000052","geometry_id":"","geometry_id_state":"PENDING_GOVERNED_LIVE_RESERVATION","geometry_type_code":"POLYGON","crs_code":"NG-CRS-EPSG4326","authoring_basis":"HIERARCHY_AWARE_VORONOI_PARTITION","qualification_status":"QUALIFIED","legalization_status":"APPROVED_FOR_GOVERNED_LIVE_APPLICATION","resulting_boundary_status":"LEGALIZED","resulting_lifecycle_status":"ACTIVE","runtime_mode":"production","runtime_effect_scope":"SHARED_REFERENCE","publication_status":"NOT_PUBLISHED"},"geometry":{"type":"Polygon","coordinates":[[[33.855458356280884,3.20858968505118],[31.50135207527841,6.949917595607473],[31.596769,6.985799],[31.681939,7.049144],[31.767014,7.112716],[31.862046,7.15264],[31.88950459016825,7.162250140361724],[31.959524,7.186756],[32.056975,7.220933],[32.10170782029827,7.230883541697421],[34.07052959494017,3.410242867400655],[34.082069216390536,3.38098900939796],[34.09415706705487,3.3395827504175886],[34.10673474046986,3.3184747690432292],[34.11274477449577,3.306775338560663],[34.15203796077497,3.204504953994546],[34.06814845780787,3.0797456017185154],[33.855458356280884,3.20858968505118]]]}},{"type":"Feature","id":"admbnd:nngla:720997674e15234414d75a321d9caa705eaf43192cd114f887275e1595acf082","properties":{"boundary_candidate_id":"admbnd:nngla:720997674e15234414d75a321d9caa705eaf43192cd114f887275e1595acf082","administrative_candidate_id":"NG-ADM-CAND-000053","administrative_area_id":"NG-ADM-000053","source_record_id":"NGP-000169","administrative_type_code":"INDUSTRIAL_ZONE","canonical_name":"Cloudworks Industrial Park","parent_source_record_id":"NGP-000086","parent_administrative_area_id":"NG-ADM-000032","region_code":"NGR-02","geometry_role_code":"ADMINISTRATIVE_BOUNDARY","geometry_reservation_key":"p006.7.11.11:administrative-boundary:NG-ADM-000053","geometry_id":"","geometry_id_state":"PENDING_GOVERNED_LIVE_RESERVATION","geometry_type_code":"POLYGON","crs_code":"NG-CRS-EPSG4326","authoring_basis":"PARENT_CLIPPED_SPECIAL_PURPOSE_OVERLAY_BUFFER","qualification_status":"QUALIFIED","legalization_status":"APPROVED_FOR_GOVERNED_LIVE_APPLICATION","resulting_boundary_status":"LEGALIZED","resulting_lifecycle_status":"ACTIVE","runtime_mode":"production","runtime_effect_scope":"SHARED_REFERENCE","publication_status":"NOT_PUBLISHED"},"geometry":{"type":"Polygon","coordinates":[[[34.30143001876183,3.5055943213500975],[34.30028166218301,3.4998211429703865],[34.29838957896301,3.494247245543571],[34.295786143170304,3.488968],[34.292515900313106,3.4840737356946074],[34.2886348051534,3.479648194846605],[34.284209264305396,3.475767099686894],[34.279315000000004,3.4724968568297],[34.274035754456435,3.469893421036992],[34.268461857029614,3.468001337816992],[34.26268867864991,3.4668529812381785],[34.256815,3.466468],[34.2509413213501,3.4668529812381785],[34.24516814297039,3.468001337816992],[34.23959424554357,3.469893421036992],[34.234315,3.4724968568297],[34.22942073569461,3.475767099686894],[34.224995194846606,3.479648194846605],[34.2211140996869,3.4840737356946074],[34.2178438568297,3.488968],[34.215240421036995,3.494247245543571],[34.213348337816996,3.4998211429703865],[34.21219998123818,3.5055943213500975],[34.211815,3.511468],[34.21219998123818,3.517341678649902],[34.213348337816996,3.523114857029613],[34.215240421036995,3.5286887544564287],[34.2178438568297,3.5339679999999998],[34.2211140996869,3.538862264305392],[34.224995194846606,3.5432878051533945],[34.22942073569461,3.5471689003131055],[34.234315,3.5504391431702995],[34.23959424554357,3.553042578963008],[34.24516814297039,3.554934662183008],[34.2509413213501,3.556083018761821],[34.256815,3.5564679999999997],[34.26268867864991,3.556083018761821],[34.268461857029614,3.554934662183008],[34.274035754456435,3.553042578963008],[34.279315000000004,3.5504391431702995],[34.284209264305396,3.5471689003131055],[34.2886348051534,3.5432878051533945],[34.292515900313106,3.538862264305392],[34.295786143170304,3.5339679999999998],[34.29838957896301,3.5286887544564287],[34.30028166218301,3.523114857029613],[34.30143001876183,3.517341678649902],[34.301815000000005,3.511468],[34.30143001876183,3.5055943213500975]]]}},{"type":"Feature","id":"admbnd:nngla:53d37dcb5dbb3a855cf7e3237d82d284134c36962daf90cf2f58ae79725b5596","properties":{"boundary_candidate_id":"admbnd:nngla:53d37dcb5dbb3a855cf7e3237d82d284134c36962daf90cf2f58ae79725b5596","administrative_candidate_id":"NG-ADM-CAND-000054","administrative_area_id":"NG-ADM-000054","source_record_id":"NGP-000170","administrative_type_code":"INDUSTRIAL_ZONE","canonical_name":"Granite Rail Estate","parent_source_record_id":"NGP-000088","parent_administrative_area_id":"NG-ADM-000034","region_code":"NGR-02","geometry_role_code":"ADMINISTRATIVE_BOUNDARY","geometry_reservation_key":"p006.7.11.11:administrative-boundary:NG-ADM-000054","geometry_id":"","geometry_id_state":"PENDING_GOVERNED_LIVE_RESERVATION","geometry_type_code":"POLYGON","crs_code":"NG-CRS-EPSG4326","authoring_basis":"PARENT_CLIPPED_SPECIAL_PURPOSE_OVERLAY_BUFFER","qualification_status":"QUALIFIED","legalization_status":"APPROVED_FOR_GOVERNED_LIVE_APPLICATION","resulting_boundary_status":"LEGALIZED","resulting_lifecycle_status":"ACTIVE","runtime_mode":"production","runtime_effect_scope":"SHARED_REFERENCE","publication_status":"NOT_PUBLISHED"},"geometry":{"type":"Polygon","coordinates":[[[34.41914901876182,3.0630013213500975],[34.418000662183005,3.0572281429703865],[34.416108578963005,3.051654245543571],[34.4135051431703,3.046375],[34.4102349003131,3.0414807356946074],[34.406353805153394,3.037055194846605],[34.40192826430539,3.033174099686894],[34.397034,3.0299038568297],[34.39175475445643,3.027300421036992],[34.38618085702961,3.025408337816992],[34.3804076786499,3.0242599812381785],[34.374534,3.023875],[34.36866032135009,3.0242599812381785],[34.362887142970386,3.025408337816992],[34.357313245543565,3.027300421036992],[34.352033999999996,3.0299038568297],[34.347139735694604,3.033174099686894],[34.3427141948466,3.037055194846605],[34.338833099686894,3.0414807356946074],[34.335562856829696,3.046375],[34.33295942103699,3.051654245543571],[34.33106733781699,3.0572281429703865],[34.32991898123817,3.0630013213500975],[34.329533999999995,3.068875],[34.32991898123817,3.074748678649902],[34.33106733781699,3.080521857029613],[34.33295942103699,3.0860957544564287],[34.335562856829696,3.0913749999999998],[34.338833099686894,3.096269264305392],[34.3427141948466,3.1006948051533945],[34.347139735694604,3.1045759003131055],[34.352033999999996,3.1078461431702995],[34.357313245543565,3.1104495789630078],[34.362887142970386,3.112341662183008],[34.36866032135009,3.113490018761821],[34.374534,3.1138749999999997],[34.3804076786499,3.113490018761821],[34.38618085702961,3.112341662183008],[34.39175475445643,3.1104495789630078],[34.397034,3.1078461431702995],[34.40192826430539,3.1045759003131055],[34.406353805153394,3.1006948051533945],[34.4102349003131,3.096269264305392],[34.4135051431703,3.0913749999999998],[34.416108578963005,3.0860957544564287],[34.418000662183005,3.080521857029613],[34.41914901876182,3.074748678649902],[34.419534,3.068875],[34.41914901876182,3.0630013213500975]]]}},{"type":"Feature","id":"admbnd:nngla:81ad10e4e230d198782890fd8d72bf694786cc1044aa220070235b01d4959f3f","properties":{"boundary_candidate_id":"admbnd:nngla:81ad10e4e230d198782890fd8d72bf694786cc1044aa220070235b01d4959f3f","administrative_candidate_id":"NG-ADM-CAND-000055","administrative_area_id":"NG-ADM-000055","source_record_id":"NGP-000173","administrative_type_code":"CITY","canonical_name":"Vondara","parent_source_record_id":"NGR-03","parent_administrative_area_id":"NG-ADM-000003","region_code":"NGR-03","geometry_role_code":"ADMINISTRATIVE_BOUNDARY","geometry_reservation_key":"p006.7.11.11:administrative-boundary:NG-ADM-000055","geometry_id":"","geometry_id_state":"PENDING_GOVERNED_LIVE_RESERVATION","geometry_type_code":"POLYGON","crs_code":"NG-CRS-EPSG4326","authoring_basis":"HIERARCHY_AWARE_VORONOI_PARTITION","qualification_status":"QUALIFIED","legalization_status":"APPROVED_FOR_GOVERNED_LIVE_APPLICATION","resulting_boundary_status":"LEGALIZED","resulting_lifecycle_status":"ACTIVE","runtime_mode":"production","runtime_effect_scope":"SHARED_REFERENCE","publication_status":"NOT_PUBLISHED"},"geometry":{"type":"Polygon","coordinates":[[[37.667973496397934,-3.605600128222573],[37.57870022311442,-3.598702189109484],[37.55600294009034,-3.5657423322139374],[37.545173563943344,-3.4932770129428685],[37.47424401461175,-3.3190755844927713],[37.34721031131597,-3.1911712250755526],[37.41432796207562,-3.0693863796884164],[37.71483435608972,-2.9279834591297527],[38.49165227782995,-2.331353920024282],[38.56498600767317,-2.3713664638659235],[38.96138811364019,-2.587652430471362],[39.590417601711934,-2.8208112422839084],[39.91224706445357,-2.977356180203405],[39.92911962993256,-2.985901413136402],[41.134832752588736,-3.344409220711008],[41.07670727486432,-3.5612711368994674],[40.99283992427036,-3.890228527190352],[37.707734038333584,-3.604448999372313],[37.667973496397934,-3.605600128222573]]]}},{"type":"Feature","id":"admbnd:nngla:b6fb2d272269dfde4687587185282a89bd899dc448b9875820c4f6f29e017d7f","properties":{"boundary_candidate_id":"admbnd:nngla:b6fb2d272269dfde4687587185282a89bd899dc448b9875820c4f6f29e017d7f","administrative_candidate_id":"NG-ADM-CAND-000056","administrative_area_id":"NG-ADM-000056","source_record_id":"NGP-000174","administrative_type_code":"MUNICIPALITY","canonical_name":"Greenbarrow","parent_source_record_id":"NGR-03","parent_administrative_area_id":"NG-ADM-000003","region_code":"NGR-03","geometry_role_code":"ADMINISTRATIVE_BOUNDARY","geometry_reservation_key":"p006.7.11.11:administrative-boundary:NG-ADM-000056","geometry_id":"","geometry_id_state":"PENDING_GOVERNED_LIVE_RESERVATION","geometry_type_code":"POLYGON","crs_code":"NG-CRS-EPSG4326","authoring_basis":"HIERARCHY_AWARE_VORONOI_PARTITION","qualification_status":"QUALIFIED","legalization_status":"APPROVED_FOR_GOVERNED_LIVE_APPLICATION","resulting_boundary_status":"LEGALIZED","resulting_lifecycle_status":"ACTIVE","runtime_mode":"production","runtime_effect_scope":"SHARED_REFERENCE","publication_status":"NOT_PUBLISHED"},"geometry":{"type":"Polygon","coordinates":[[[37.371980321310076,-3.838759354159647],[37.57870022311442,-3.598702189109484],[37.667973496397934,-3.605600128222573],[37.707734038333584,-3.604448999372313],[40.99283992427036,-3.890228527190352],[40.73608082784408,-4.897328449814217],[40.73454878424979,-4.905122762123502],[40.33195934867943,-6.953307164289976],[40.300604,-6.980895],[40.255543,-7.031854],[40.207068,-7.076989],[40.15446,-7.115075],[40.1,-7.15],[40.029911,-7.180584],[39.958553,-7.206346],[39.886467,-7.229344],[39.813871,-7.2504],[39.771951962914876,-7.256285042510331],[39.738517,-7.260979],[39.659843,-7.258942],[39.582281,-7.261129],[39.510026,-7.283482],[39.440362,-7.315685],[39.367056,-7.334043],[39.289441,-7.33603],[39.212726,-7.341435],[39.185723604789054,-7.347569044722476],[39.138996,-7.358184],[39.063968,-7.37],[38.98511,-7.367264],[38.907586,-7.369594],[38.837649,-7.400759],[38.773639,-7.454443],[38.708503,-7.503848],[38.639207,-7.537447],[38.568444,-7.565474],[38.497938,-7.59447],[38.42561,-7.616549],[38.350291,-7.62726],[38.274402,-7.635806],[38.2,-7.65],[38.094987,-7.651933],[37.989887,-7.650256],[37.884629,-7.641918],[37.779319,-7.631383],[37.674368,-7.635963],[37.569634,-7.649648],[37.464646,-7.652638],[37.359618,-7.653941],[37.254802,-7.664172],[37.149794,-7.666328],[37.044626,-7.6618],[36.93992,-7.676656],[36.835505,-7.703703],[36.730725,-7.715442],[36.625682,-7.716126],[36.520654,-7.717467],[36.415443,-7.71111],[36.310108,-7.699556],[36.204984,-7.696846],[36.1,-7.7],[35.957562,-7.672603],[35.81515,-7.645061],[35.67153,-7.624423],[35.5499328644185,-7.6067439507987675],[35.527951,-7.603548],[35.449355263931544,-7.59076530868773],[35.41268774840943,-7.495024031895481],[35.20937936628664,-7.045747643614725],[34.73796560463111,-5.910229385731304],[34.6318911620857,-5.6967348572089325],[34.604574241173516,-5.622608069438509],[35.97001447236237,-4.664891763420365],[37.21317666406615,-3.8816745982500533],[37.371980321310076,-3.838759354159647]]]}},{"type":"Feature","id":"admbnd:nngla:ff9084b8571bc68cbb52a21ce695547a0341fa300f981fd9eb7e15b95e5ebc99","properties":{"boundary_candidate_id":"admbnd:nngla:ff9084b8571bc68cbb52a21ce695547a0341fa300f981fd9eb7e15b95e5ebc99","administrative_candidate_id":"NG-ADM-CAND-000057","administrative_area_id":"NG-ADM-000057","source_record_id":"NGP-000175","administrative_type_code":"MUNICIPALITY","canonical_name":"Kestrel Plain","parent_source_record_id":"NGR-03","parent_administrative_area_id":"NG-ADM-000003","region_code":"NGR-03","geometry_role_code":"ADMINISTRATIVE_BOUNDARY","geometry_reservation_key":"p006.7.11.11:administrative-boundary:NG-ADM-000057","geometry_id":"","geometry_id_state":"PENDING_GOVERNED_LIVE_RESERVATION","geometry_type_code":"POLYGON","crs_code":"NG-CRS-EPSG4326","authoring_basis":"HIERARCHY_AWARE_VORONOI_PARTITION","qualification_status":"QUALIFIED","legalization_status":"APPROVED_FOR_GOVERNED_LIVE_APPLICATION","resulting_boundary_status":"LEGALIZED","resulting_lifecycle_status":"ACTIVE","runtime_mode":"production","runtime_effect_scope":"SHARED_REFERENCE","publication_status":"NOT_PUBLISHED"},"geometry":{"type":"Polygon","coordinates":[[[35.97001447236237,-4.664891763420365],[34.604574241173516,-5.622608069438509],[33.38182071269004,-2.304562393909564],[33.37838938183183,-2.288658303196013],[36.67431152165637,-3.050229521972929],[37.12040530904337,-3.271656758656893],[37.17024011546265,-3.2761223828145623],[37.34721031131597,-3.1911712250755526],[37.47424401461175,-3.3190755844927713],[37.545173563943344,-3.4932770129428685],[37.55600294009034,-3.5657423322139374],[37.57870022311442,-3.598702189109484],[37.371980321310076,-3.838759354159647],[37.21317666406615,-3.8816745982500533],[35.97001447236237,-4.664891763420365]]]}},{"type":"Feature","id":"admbnd:nngla:490e031df3faf3e863dbd52e4263c7ebe6b3ca5b7b601734d3cbf4aaccc68d75","properties":{"boundary_candidate_id":"admbnd:nngla:490e031df3faf3e863dbd52e4263c7ebe6b3ca5b7b601734d3cbf4aaccc68d75","administrative_candidate_id":"NG-ADM-CAND-000058","administrative_area_id":"NG-ADM-000058","source_record_id":"NGP-000176","administrative_type_code":"MUNICIPALITY","canonical_name":"Solmere","parent_source_record_id":"NGR-03","parent_administrative_area_id":"NG-ADM-000003","region_code":"NGR-03","geometry_role_code":"ADMINISTRATIVE_BOUNDARY","geometry_reservation_key":"p006.7.11.11:administrative-boundary:NG-ADM-000058","geometry_id":"","geometry_id_state":"PENDING_GOVERNED_LIVE_RESERVATION","geometry_type_code":"POLYGON","crs_code":"NG-CRS-EPSG4326","authoring_basis":"HIERARCHY_AWARE_VORONOI_PARTITION","qualification_status":"QUALIFIED","legalization_status":"APPROVED_FOR_GOVERNED_LIVE_APPLICATION","resulting_boundary_status":"LEGALIZED","resulting_lifecycle_status":"ACTIVE","runtime_mode":"production","runtime_effect_scope":"SHARED_REFERENCE","publication_status":"NOT_PUBLISHED"},"geometry":{"type":"Polygon","coordinates":[[[37.34721031131597,-3.1911712250755526],[37.17024011546265,-3.2761223828145623],[37.12040530904337,-3.271656758656893],[36.67431152165637,-3.050229521972929],[33.37838938183183,-2.288658303196013],[33.343211825067996,-2.1256116379309273],[33.630829153619615,-2.0566203783319117],[34.58029988203426,-1.8183302655253626],[35.07901133518815,-1.5950588384914217],[36.23227405597483,-1.7329638315116989],[36.90387295835217,-1.8537563928424567],[36.96150230969826,-1.8532412957788467],[37.62153011425345,-1.880584328530214],[37.63508976487838,-1.8811460654276229],[37.82156633736599,-1.9651554241609381],[38.26162713753952,-2.186930099002973],[38.317466902603705,-2.2363144344054207],[38.49165227782995,-2.331353920024282],[37.71483435608972,-2.9279834591297527],[37.41432796207562,-3.0693863796884164],[37.34721031131597,-3.1911712250755526]]]}},{"type":"Feature","id":"admbnd:nngla:b9a94e14e7e83fe687f6b4a0f6a972dbefca7ebf23933a22705f957a41477bd8","properties":{"boundary_candidate_id":"admbnd:nngla:b9a94e14e7e83fe687f6b4a0f6a972dbefca7ebf23933a22705f957a41477bd8","administrative_candidate_id":"NG-ADM-CAND-000059","administrative_area_id":"NG-ADM-000059","source_record_id":"NGP-000177","administrative_type_code":"CITY_DISTRICT","canonical_name":"Vondara Central","parent_source_record_id":"NGP-000173","parent_administrative_area_id":"NG-ADM-000055","region_code":"NGR-03","geometry_role_code":"ADMINISTRATIVE_BOUNDARY","geometry_reservation_key":"p006.7.11.11:administrative-boundary:NG-ADM-000059","geometry_id":"","geometry_id_state":"PENDING_GOVERNED_LIVE_RESERVATION","geometry_type_code":"POLYGON","crs_code":"NG-CRS-EPSG4326","authoring_basis":"HIERARCHY_AWARE_VORONOI_PARTITION","qualification_status":"QUALIFIED","legalization_status":"APPROVED_FOR_GOVERNED_LIVE_APPLICATION","resulting_boundary_status":"LEGALIZED","resulting_lifecycle_status":"ACTIVE","runtime_mode":"production","runtime_effect_scope":"SHARED_REFERENCE","publication_status":"NOT_PUBLISHED"},"geometry":{"type":"Polygon","coordinates":[[[37.60552834567635,-3.25468911058709],[37.569846796310244,-3.438775769728017],[37.545173563943344,-3.493277012942867],[37.47424401461175,-3.3190755844927713],[37.34721031131597,-3.1911712250755526],[37.41432796207562,-3.0693863796884164],[37.53343363803572,-3.013341347797742],[37.60552834567635,-3.25468911058709]]]}},{"type":"Feature","id":"admbnd:nngla:e495cb8a7760216c5fdbbd29e702e1c80c6e0a9ba1f69931755f684c538cda14","properties":{"boundary_candidate_id":"admbnd:nngla:e495cb8a7760216c5fdbbd29e702e1c80c6e0a9ba1f69931755f684c538cda14","administrative_candidate_id":"NG-ADM-CAND-000060","administrative_area_id":"NG-ADM-000060","source_record_id":"NGP-000178","administrative_type_code":"CITY_DISTRICT","canonical_name":"Grain Exchange","parent_source_record_id":"NGP-000173","parent_administrative_area_id":"NG-ADM-000055","region_code":"NGR-03","geometry_role_code":"ADMINISTRATIVE_BOUNDARY","geometry_reservation_key":"p006.7.11.11:administrative-boundary:NG-ADM-000060","geometry_id":"","geometry_id_state":"PENDING_GOVERNED_LIVE_RESERVATION","geometry_type_code":"POLYGON","crs_code":"NG-CRS-EPSG4326","authoring_basis":"HIERARCHY_AWARE_VORONOI_PARTITION","qualification_status":"QUALIFIED","legalization_status":"APPROVED_FOR_GOVERNED_LIVE_APPLICATION","resulting_boundary_status":"LEGALIZED","resulting_lifecycle_status":"ACTIVE","runtime_mode":"production","runtime_effect_scope":"SHARED_REFERENCE","publication_status":"NOT_PUBLISHED"},"geometry":{"type":"Polygon","coordinates":[[[37.65914363119669,-3.2916739533222783],[37.6524546175859,-3.3053995858435665],[37.645392720186315,-3.308607456253],[37.60552834567635,-3.25468911058709],[37.53343363803572,-3.013341347797742],[37.6401097538304,-2.963145030422495],[37.65914363119669,-3.2916739533222783]]]}},{"type":"Feature","id":"admbnd:nngla:92d3cad50de515f729f36e4774ec15c61a2ac2d9cab219dd0e6e59b32cf5e6cb","properties":{"boundary_candidate_id":"admbnd:nngla:92d3cad50de515f729f36e4774ec15c61a2ac2d9cab219dd0e6e59b32cf5e6cb","administrative_candidate_id":"NG-ADM-CAND-000061","administrative_area_id":"NG-ADM-000061","source_record_id":"NGP-000179","administrative_type_code":"CITY_DISTRICT","canonical_name":"Copperleaf Ward","parent_source_record_id":"NGP-000173","parent_administrative_area_id":"NG-ADM-000055","region_code":"NGR-03","geometry_role_code":"ADMINISTRATIVE_BOUNDARY","geometry_reservation_key":"p006.7.11.11:administrative-boundary:NG-ADM-000061","geometry_id":"","geometry_id_state":"PENDING_GOVERNED_LIVE_RESERVATION","geometry_type_code":"POLYGON","crs_code":"NG-CRS-EPSG4326","authoring_basis":"HIERARCHY_AWARE_VORONOI_PARTITION","qualification_status":"QUALIFIED","legalization_status":"APPROVED_FOR_GOVERNED_LIVE_APPLICATION","resulting_boundary_status":"LEGALIZED","resulting_lifecycle_status":"ACTIVE","runtime_mode":"production","runtime_effect_scope":"SHARED_REFERENCE","publication_status":"NOT_PUBLISHED"},"geometry":{"type":"Polygon","coordinates":[[[37.703107467607374,-3.3401639547562887],[37.66006709129503,-3.3074701680477614],[37.722027939997105,-3.2930326887385375],[37.703107467607374,-3.3401639547562887]]]}},{"type":"Feature","id":"admbnd:nngla:c848e27b43df975b8c68ce59ec0245815ce50a0c5bb80ebbcccafcdcdf8fc949","properties":{"boundary_candidate_id":"admbnd:nngla:c848e27b43df975b8c68ce59ec0245815ce50a0c5bb80ebbcccafcdcdf8fc949","administrative_candidate_id":"NG-ADM-CAND-000062","administrative_area_id":"NG-ADM-000062","source_record_id":"NGP-000180","administrative_type_code":"CITY_DISTRICT","canonical_name":"Makers' Quarter","parent_source_record_id":"NGP-000173","parent_administrative_area_id":"NG-ADM-000055","region_code":"NGR-03","geometry_role_code":"ADMINISTRATIVE_BOUNDARY","geometry_reservation_key":"p006.7.11.11:administrative-boundary:NG-ADM-000062","geometry_id":"","geometry_id_state":"PENDING_GOVERNED_LIVE_RESERVATION","geometry_type_code":"POLYGON","crs_code":"NG-CRS-EPSG4326","authoring_basis":"HIERARCHY_AWARE_VORONOI_PARTITION","qualification_status":"QUALIFIED","legalization_status":"APPROVED_FOR_GOVERNED_LIVE_APPLICATION","resulting_boundary_status":"LEGALIZED","resulting_lifecycle_status":"ACTIVE","runtime_mode":"production","runtime_effect_scope":"SHARED_REFERENCE","publication_status":"NOT_PUBLISHED"},"geometry":{"type":"Polygon","coordinates":[[[37.65914363119669,-3.2916739533222783],[37.766247263762,-3.2333297308926774],[37.722027939997105,-3.2930326887385375],[37.66006709129503,-3.3074701680477614],[37.6524546175859,-3.3053995858435665],[37.65914363119669,-3.2916739533222783]]]}},{"type":"Feature","id":"admbnd:nngla:358fcec78743af9b466e2932d51e4cff9d9d5776bb24765d89cace1d80df0496","properties":{"boundary_candidate_id":"admbnd:nngla:358fcec78743af9b466e2932d51e4cff9d9d5776bb24765d89cace1d80df0496","administrative_candidate_id":"NG-ADM-CAND-000063","administrative_area_id":"NG-ADM-000063","source_record_id":"NGP-000181","administrative_type_code":"CITY_DISTRICT","canonical_name":"East Viaduct","parent_source_record_id":"NGP-000173","parent_administrative_area_id":"NG-ADM-000055","region_code":"NGR-03","geometry_role_code":"ADMINISTRATIVE_BOUNDARY","geometry_reservation_key":"p006.7.11.11:administrative-boundary:NG-ADM-000063","geometry_id":"","geometry_id_state":"PENDING_GOVERNED_LIVE_RESERVATION","geometry_type_code":"POLYGON","crs_code":"NG-CRS-EPSG4326","authoring_basis":"HIERARCHY_AWARE_VORONOI_PARTITION","qualification_status":"QUALIFIED","legalization_status":"APPROVED_FOR_GOVERNED_LIVE_APPLICATION","resulting_boundary_status":"LEGALIZED","resulting_lifecycle_status":"ACTIVE","runtime_mode":"production","runtime_effect_scope":"SHARED_REFERENCE","publication_status":"NOT_PUBLISHED"},"geometry":{"type":"Polygon","coordinates":[[[37.766247263762,-3.2333297308926774],[37.65914363119669,-3.2916739533222783],[37.6401097538304,-2.963145030422495],[37.71483435608972,-2.9279834591297527],[38.49165227782995,-2.331353920024282],[38.56498600767317,-2.3713664638659235],[38.56498600767318,-2.3713664638659258],[37.766247263762,-3.2333297308926774]]]}},{"type":"Feature","id":"admbnd:nngla:bae81e59642cda580d394d950497de0efe535422e3e9e73a0eea25347ae0d90c","properties":{"boundary_candidate_id":"admbnd:nngla:bae81e59642cda580d394d950497de0efe535422e3e9e73a0eea25347ae0d90c","administrative_candidate_id":"NG-ADM-CAND-000064","administrative_area_id":"NG-ADM-000064","source_record_id":"NGP-000182","administrative_type_code":"CITY_DISTRICT","canonical_name":"Old Granary","parent_source_record_id":"NGP-000173","parent_administrative_area_id":"NG-ADM-000055","region_code":"NGR-03","geometry_role_code":"ADMINISTRATIVE_BOUNDARY","geometry_reservation_key":"p006.7.11.11:administrative-boundary:NG-ADM-000064","geometry_id":"","geometry_id_state":"PENDING_GOVERNED_LIVE_RESERVATION","geometry_type_code":"POLYGON","crs_code":"NG-CRS-EPSG4326","authoring_basis":"HIERARCHY_AWARE_VORONOI_PARTITION","qualification_status":"QUALIFIED","legalization_status":"APPROVED_FOR_GOVERNED_LIVE_APPLICATION","resulting_boundary_status":"LEGALIZED","resulting_lifecycle_status":"ACTIVE","runtime_mode":"production","runtime_effect_scope":"SHARED_REFERENCE","publication_status":"NOT_PUBLISHED"},"geometry":{"type":"Polygon","coordinates":[[[37.60552834567635,-3.25468911058709],[37.645392720186315,-3.308607456253],[37.569846796310244,-3.438775769728017],[37.60552834567635,-3.25468911058709]]]}},{"type":"Feature","id":"admbnd:nngla:4ae88f19923409e59413e85b11a0fad6a4f98d985bc6b27d951e39307c9e5652","properties":{"boundary_candidate_id":"admbnd:nngla:4ae88f19923409e59413e85b11a0fad6a4f98d985bc6b27d951e39307c9e5652","administrative_candidate_id":"NG-ADM-CAND-000065","administrative_area_id":"NG-ADM-000065","source_record_id":"NGP-000183","administrative_type_code":"CITY_DISTRICT","canonical_name":"Innovation Loop","parent_source_record_id":"NGP-000173","parent_administrative_area_id":"NG-ADM-000055","region_code":"NGR-03","geometry_role_code":"ADMINISTRATIVE_BOUNDARY","geometry_reservation_key":"p006.7.11.11:administrative-boundary:NG-ADM-000065","geometry_id":"","geometry_id_state":"PENDING_GOVERNED_LIVE_RESERVATION","geometry_type_code":"POLYGON","crs_code":"NG-CRS-EPSG4326","authoring_basis":"HIERARCHY_AWARE_VORONOI_PARTITION","qualification_status":"QUALIFIED","legalization_status":"APPROVED_FOR_GOVERNED_LIVE_APPLICATION","resulting_boundary_status":"LEGALIZED","resulting_lifecycle_status":"ACTIVE","runtime_mode":"production","runtime_effect_scope":"SHARED_REFERENCE","publication_status":"NOT_PUBLISHED"},"geometry":{"type":"Polygon","coordinates":[[[37.703107467607374,-3.3401639547562887],[37.722027939997105,-3.2930326887385375],[37.766247263762,-3.2333297308926774],[38.56498600767317,-2.3713664638659235],[38.96138811364019,-2.587652430471362],[39.590417601711934,-2.8208112422839084],[39.91224706445357,-2.977356180203405],[39.92911962993256,-2.985901413136402],[41.134832752588736,-3.344409220711008],[41.07670727486432,-3.5612711368994674],[40.99283992427036,-3.890228527190352],[37.707734038333584,-3.604448999372313],[37.703107467607374,-3.3401639547562887]]]}},{"type":"Feature","id":"admbnd:nngla:f738cf79465dd869b0923013446b5f84c548db86444c4b856cf46d86a8dd5b48","properties":{"boundary_candidate_id":"admbnd:nngla:f738cf79465dd869b0923013446b5f84c548db86444c4b856cf46d86a8dd5b48","administrative_candidate_id":"NG-ADM-CAND-000066","administrative_area_id":"NG-ADM-000066","source_record_id":"NGP-000184","administrative_type_code":"CITY_DISTRICT","canonical_name":"Grand Station","parent_source_record_id":"NGP-000173","parent_administrative_area_id":"NG-ADM-000055","region_code":"NGR-03","geometry_role_code":"ADMINISTRATIVE_BOUNDARY","geometry_reservation_key":"p006.7.11.11:administrative-boundary:NG-ADM-000066","geometry_id":"","geometry_id_state":"PENDING_GOVERNED_LIVE_RESERVATION","geometry_type_code":"POLYGON","crs_code":"NG-CRS-EPSG4326","authoring_basis":"HIERARCHY_AWARE_VORONOI_PARTITION","qualification_status":"QUALIFIED","legalization_status":"APPROVED_FOR_GOVERNED_LIVE_APPLICATION","resulting_boundary_status":"LEGALIZED","resulting_lifecycle_status":"ACTIVE","runtime_mode":"production","runtime_effect_scope":"SHARED_REFERENCE","publication_status":"NOT_PUBLISHED"},"geometry":{"type":"Polygon","coordinates":[[[37.569846796310244,-3.438775769728017],[37.645392720186315,-3.308607456253],[37.6524546175859,-3.3053995858435665],[37.66006709129503,-3.3074701680477614],[37.703107467607374,-3.3401639547562887],[37.707734038333584,-3.604448999372313],[37.667973496397934,-3.605600128222573],[37.57870022311442,-3.598702189109484],[37.55600294009034,-3.5657423322139374],[37.545173563943344,-3.4932770129428685],[37.569846796310244,-3.438775769728017]]]}},{"type":"Feature","id":"admbnd:nngla:bb3865d4443ac80edf6677c4434fedc3702c7792fd472d561e1bd3df7f1c02f8","properties":{"boundary_candidate_id":"admbnd:nngla:bb3865d4443ac80edf6677c4434fedc3702c7792fd472d561e1bd3df7f1c02f8","administrative_candidate_id":"NG-ADM-CAND-000067","administrative_area_id":"NG-ADM-000067","source_record_id":"NGP-000212","administrative_type_code":"TOWNSHIP","canonical_name":"Vondel Junction","parent_source_record_id":"NGP-000174","parent_administrative_area_id":"NG-ADM-000056","region_code":"NGR-03","geometry_role_code":"ADMINISTRATIVE_BOUNDARY","geometry_reservation_key":"p006.7.11.11:administrative-boundary:NG-ADM-000067","geometry_id":"","geometry_id_state":"PENDING_GOVERNED_LIVE_RESERVATION","geometry_type_code":"POLYGON","crs_code":"NG-CRS-EPSG4326","authoring_basis":"HIERARCHY_AWARE_VORONOI_PARTITION","qualification_status":"QUALIFIED","legalization_status":"APPROVED_FOR_GOVERNED_LIVE_APPLICATION","resulting_boundary_status":"LEGALIZED","resulting_lifecycle_status":"ACTIVE","runtime_mode":"production","runtime_effect_scope":"SHARED_REFERENCE","publication_status":"NOT_PUBLISHED"},"geometry":{"type":"Polygon","coordinates":[[[37.65025483302564,-4.0935798725716905],[37.371980321310076,-3.8387593541596448],[37.57870022311442,-3.598702189109484],[37.667973496397934,-3.605600128222573],[37.65025483302564,-4.0935798725716905]]]}},{"type":"Feature","id":"admbnd:nngla:33daf3c140da5d7e5681dd768e6b36d6b9774b0d202c1201affeacf9d1ba423e","properties":{"boundary_candidate_id":"admbnd:nngla:33daf3c140da5d7e5681dd768e6b36d6b9774b0d202c1201affeacf9d1ba423e","administrative_candidate_id":"NG-ADM-CAND-000068","administrative_area_id":"NG-ADM-000068","source_record_id":"NGP-000213","administrative_type_code":"TOWNSHIP","canonical_name":"Meadow Junction","parent_source_record_id":"NGP-000174","parent_administrative_area_id":"NG-ADM-000056","region_code":"NGR-03","geometry_role_code":"ADMINISTRATIVE_BOUNDARY","geometry_reservation_key":"p006.7.11.11:administrative-boundary:NG-ADM-000068","geometry_id":"","geometry_id_state":"PENDING_GOVERNED_LIVE_RESERVATION","geometry_type_code":"POLYGON","crs_code":"NG-CRS-EPSG4326","authoring_basis":"HIERARCHY_AWARE_VORONOI_PARTITION","qualification_status":"QUALIFIED","legalization_status":"APPROVED_FOR_GOVERNED_LIVE_APPLICATION","resulting_boundary_status":"LEGALIZED","resulting_lifecycle_status":"ACTIVE","runtime_mode":"production","runtime_effect_scope":"SHARED_REFERENCE","publication_status":"NOT_PUBLISHED"},"geometry":{"type":"Polygon","coordinates":[[[37.65025483302564,-4.0935798725716905],[37.667973496397934,-3.605600128222573],[37.707734038333584,-3.604448999372313],[40.99283992427036,-3.890228527190352],[40.73608082784408,-4.897328449814217],[40.73454878424979,-4.905122762123502],[40.33195934867943,-6.953307164289976],[40.300604,-6.980895],[40.255543,-7.031854],[40.207068,-7.076989],[40.167692272023814,-7.105495386399424],[37.65025483302564,-4.0935798725716905]]]}},{"type":"Feature","id":"admbnd:nngla:0b42cd1724f468adc13932b4f28bd707ade7590af932582189ce8e1557b8d0cf","properties":{"boundary_candidate_id":"admbnd:nngla:0b42cd1724f468adc13932b4f28bd707ade7590af932582189ce8e1557b8d0cf","administrative_candidate_id":"NG-ADM-CAND-000069","administrative_area_id":"NG-ADM-000069","source_record_id":"NGP-000214","administrative_type_code":"TOWNSHIP","canonical_name":"Grainview","parent_source_record_id":"NGP-000174","parent_administrative_area_id":"NG-ADM-000056","region_code":"NGR-03","geometry_role_code":"ADMINISTRATIVE_BOUNDARY","geometry_reservation_key":"p006.7.11.11:administrative-boundary:NG-ADM-000069","geometry_id":"","geometry_id_state":"PENDING_GOVERNED_LIVE_RESERVATION","geometry_type_code":"POLYGON","crs_code":"NG-CRS-EPSG4326","authoring_basis":"HIERARCHY_AWARE_VORONOI_PARTITION","qualification_status":"QUALIFIED","legalization_status":"APPROVED_FOR_GOVERNED_LIVE_APPLICATION","resulting_boundary_status":"LEGALIZED","resulting_lifecycle_status":"ACTIVE","runtime_mode":"production","runtime_effect_scope":"SHARED_REFERENCE","publication_status":"NOT_PUBLISHED"},"geometry":{"type":"Polygon","coordinates":[[[37.65025483302564,-4.0935798725716905],[40.167692272023814,-7.105495386399424],[40.15446,-7.115075],[40.1,-7.15],[40.029911,-7.180584],[39.958553,-7.206346],[39.886467,-7.229344],[39.813871,-7.2504],[39.771951962914876,-7.256285042510331],[39.738517,-7.260979],[39.659843,-7.258942],[39.582281,-7.261129],[39.510026,-7.283482],[39.440362,-7.315685],[39.367056,-7.334043],[39.289441,-7.33603],[39.212726,-7.341435],[39.185723604789054,-7.347569044722476],[39.138996,-7.358184],[39.063968,-7.37],[38.98511,-7.367264],[38.907586,-7.369594],[38.837649,-7.400759],[38.773639,-7.454443],[38.708503,-7.503848],[38.639207,-7.537447],[38.568444,-7.565474],[38.497938,-7.59447],[38.42561,-7.616549],[38.350291,-7.62726],[38.274402,-7.635806],[38.2,-7.65],[38.094987,-7.651933],[37.989887,-7.650256],[37.884629,-7.641918],[37.779319,-7.631383],[37.674368,-7.635963],[37.569634,-7.649648],[37.464646,-7.652638],[37.359618,-7.653941],[37.254802,-7.664172],[37.149794,-7.666328],[37.044626,-7.6618],[36.93992,-7.676656],[36.835505,-7.703703],[36.730725,-7.715442],[36.625682,-7.716126],[36.520654,-7.717467],[36.415443,-7.71111],[36.310108,-7.699556],[36.204984,-7.696846],[36.1,-7.7],[35.957562,-7.672603],[35.81515,-7.645061],[35.67153,-7.624423],[35.5499328644185,-7.6067439507987675],[35.527951,-7.603548],[35.449355263931544,-7.59076530868773],[35.41268774840943,-7.495024031895481],[35.20937936628664,-7.045747643614725],[34.73796560463111,-5.910229385731304],[34.6318911620857,-5.6967348572089325],[34.604574241173516,-5.622608069438509],[35.97001447236237,-4.664891763420365],[37.21317666406615,-3.8816745982500533],[37.371980321310076,-3.838759354159647],[37.371980321310076,-3.8387593541596448],[37.65025483302564,-4.0935798725716905]]]}},{"type":"Feature","id":"admbnd:nngla:8f7bbae6950bf8940a40d270af5316b3d5b42eae140f2dc01274f747d88b37c2","properties":{"boundary_candidate_id":"admbnd:nngla:8f7bbae6950bf8940a40d270af5316b3d5b42eae140f2dc01274f747d88b37c2","administrative_candidate_id":"NG-ADM-CAND-000070","administrative_area_id":"NG-ADM-000070","source_record_id":"NGP-000215","administrative_type_code":"TOWNSHIP","canonical_name":"Kestrel East","parent_source_record_id":"NGP-000175","parent_administrative_area_id":"NG-ADM-000057","region_code":"NGR-03","geometry_role_code":"ADMINISTRATIVE_BOUNDARY","geometry_reservation_key":"p006.7.11.11:administrative-boundary:NG-ADM-000070","geometry_id":"","geometry_id_state":"PENDING_GOVERNED_LIVE_RESERVATION","geometry_type_code":"POLYGON","crs_code":"NG-CRS-EPSG4326","authoring_basis":"HIERARCHY_AWARE_VORONOI_PARTITION","qualification_status":"QUALIFIED","legalization_status":"APPROVED_FOR_GOVERNED_LIVE_APPLICATION","resulting_boundary_status":"LEGALIZED","resulting_lifecycle_status":"ACTIVE","runtime_mode":"production","runtime_effect_scope":"SHARED_REFERENCE","publication_status":"NOT_PUBLISHED"},"geometry":{"type":"Polygon","coordinates":[[[37.20427405503597,-3.432789184912411],[37.55600294009034,-3.5657423322139374],[37.57870022311442,-3.598702189109484],[37.371980321310076,-3.838759354159647],[37.21317666406615,-3.881674598250053],[37.20427405503597,-3.432789184912411]]]}},{"type":"Feature","id":"admbnd:nngla:fa61917792cd190092b6d7f5bf9a4d4e2d5fe1fe5b5ef0cb7d3da55fdc875610","properties":{"boundary_candidate_id":"admbnd:nngla:fa61917792cd190092b6d7f5bf9a4d4e2d5fe1fe5b5ef0cb7d3da55fdc875610","administrative_candidate_id":"NG-ADM-CAND-000071","administrative_area_id":"NG-ADM-000071","source_record_id":"NGP-000216","administrative_type_code":"TOWNSHIP","canonical_name":"Windmill Row","parent_source_record_id":"NGP-000175","parent_administrative_area_id":"NG-ADM-000057","region_code":"NGR-03","geometry_role_code":"ADMINISTRATIVE_BOUNDARY","geometry_reservation_key":"p006.7.11.11:administrative-boundary:NG-ADM-000071","geometry_id":"","geometry_id_state":"PENDING_GOVERNED_LIVE_RESERVATION","geometry_type_code":"POLYGON","crs_code":"NG-CRS-EPSG4326","authoring_basis":"HIERARCHY_AWARE_VORONOI_PARTITION","qualification_status":"QUALIFIED","legalization_status":"APPROVED_FOR_GOVERNED_LIVE_APPLICATION","resulting_boundary_status":"LEGALIZED","resulting_lifecycle_status":"ACTIVE","runtime_mode":"production","runtime_effect_scope":"SHARED_REFERENCE","publication_status":"NOT_PUBLISHED"},"geometry":{"type":"Polygon","coordinates":[[[37.20427405503597,-3.432789184912411],[37.03218355848984,-3.227866194894697],[37.12040530904337,-3.271656758656893],[37.17024011546265,-3.2761223828145623],[37.34721031131597,-3.1911712250755526],[37.47424401461175,-3.3190755844927713],[37.545173563943344,-3.4932770129428685],[37.55600294009034,-3.5657423322139374],[37.20427405503597,-3.432789184912411]]]}},{"type":"Feature","id":"admbnd:nngla:9d438c008c05e8e1e4b02e7c3de7f9b433a703985b1d356bda549cc21ee11a50","properties":{"boundary_candidate_id":"admbnd:nngla:9d438c008c05e8e1e4b02e7c3de7f9b433a703985b1d356bda549cc21ee11a50","administrative_candidate_id":"NG-ADM-CAND-000072","administrative_area_id":"NG-ADM-000072","source_record_id":"NGP-000217","administrative_type_code":"TOWNSHIP","canonical_name":"Broadacre South","parent_source_record_id":"NGP-000175","parent_administrative_area_id":"NG-ADM-000057","region_code":"NGR-03","geometry_role_code":"ADMINISTRATIVE_BOUNDARY","geometry_reservation_key":"p006.7.11.11:administrative-boundary:NG-ADM-000072","geometry_id":"","geometry_id_state":"PENDING_GOVERNED_LIVE_RESERVATION","geometry_type_code":"POLYGON","crs_code":"NG-CRS-EPSG4326","authoring_basis":"HIERARCHY_AWARE_VORONOI_PARTITION","qualification_status":"QUALIFIED","legalization_status":"APPROVED_FOR_GOVERNED_LIVE_APPLICATION","resulting_boundary_status":"LEGALIZED","resulting_lifecycle_status":"ACTIVE","runtime_mode":"production","runtime_effect_scope":"SHARED_REFERENCE","publication_status":"NOT_PUBLISHED"},"geometry":{"type":"Polygon","coordinates":[[[37.20427405503597,-3.432789184912411],[37.21317666406615,-3.881674598250053],[37.21317666406615,-3.8816745982500533],[35.97001447236237,-4.664891763420365],[34.604574241173516,-5.622608069438509],[33.38182071269004,-2.304562393909564],[33.37838938183183,-2.288658303196013],[36.67431152165637,-3.050229521972929],[37.03218355848984,-3.227866194894697],[37.20427405503597,-3.432789184912411]]]}},{"type":"Feature","id":"admbnd:nngla:2f7e1ca45ab7e5c94c1d0c1517e4dcee86d4fa8928edd7e8307cf3c6673542b1","properties":{"boundary_candidate_id":"admbnd:nngla:2f7e1ca45ab7e5c94c1d0c1517e4dcee86d4fa8928edd7e8307cf3c6673542b1","administrative_candidate_id":"NG-ADM-CAND-000073","administrative_area_id":"NG-ADM-000073","source_record_id":"NGP-000218","administrative_type_code":"TOWNSHIP","canonical_name":"Solmere Gate","parent_source_record_id":"NGP-000176","parent_administrative_area_id":"NG-ADM-000058","region_code":"NGR-03","geometry_role_code":"ADMINISTRATIVE_BOUNDARY","geometry_reservation_key":"p006.7.11.11:administrative-boundary:NG-ADM-000073","geometry_id":"","geometry_id_state":"PENDING_GOVERNED_LIVE_RESERVATION","geometry_type_code":"POLYGON","crs_code":"NG-CRS-EPSG4326","authoring_basis":"HIERARCHY_AWARE_VORONOI_PARTITION","qualification_status":"QUALIFIED","legalization_status":"APPROVED_FOR_GOVERNED_LIVE_APPLICATION","resulting_boundary_status":"LEGALIZED","resulting_lifecycle_status":"ACTIVE","runtime_mode":"production","runtime_effect_scope":"SHARED_REFERENCE","publication_status":"NOT_PUBLISHED"},"geometry":{"type":"Polygon","coordinates":[[[37.06855050204128,-2.9577488824963485],[38.32932774559829,-2.242785978963899],[38.49165227782995,-2.331353920024282],[37.71483435608972,-2.9279834591297527],[37.43811254863696,-3.0581945712242797],[37.06855050204128,-2.9577488824963485]]]}},{"type":"Feature","id":"admbnd:nngla:0e41a975291526895b14d6ca4d972b91653f5846a0f8029281be6d1f4decf9f6","properties":{"boundary_candidate_id":"admbnd:nngla:0e41a975291526895b14d6ca4d972b91653f5846a0f8029281be6d1f4decf9f6","administrative_candidate_id":"NG-ADM-CAND-000074","administrative_area_id":"NG-ADM-000074","source_record_id":"NGP-000219","administrative_type_code":"TOWNSHIP","canonical_name":"Ashkar Cross","parent_source_record_id":"NGP-000176","parent_administrative_area_id":"NG-ADM-000058","region_code":"NGR-03","geometry_role_code":"ADMINISTRATIVE_BOUNDARY","geometry_reservation_key":"p006.7.11.11:administrative-boundary:NG-ADM-000074","geometry_id":"","geometry_id_state":"PENDING_GOVERNED_LIVE_RESERVATION","geometry_type_code":"POLYGON","crs_code":"NG-CRS-EPSG4326","authoring_basis":"HIERARCHY_AWARE_VORONOI_PARTITION","qualification_status":"QUALIFIED","legalization_status":"APPROVED_FOR_GOVERNED_LIVE_APPLICATION","resulting_boundary_status":"LEGALIZED","resulting_lifecycle_status":"ACTIVE","runtime_mode":"production","runtime_effect_scope":"SHARED_REFERENCE","publication_status":"NOT_PUBLISHED"},"geometry":{"type":"Polygon","coordinates":[[[37.06855050204128,-2.9577488824963485],[36.67431152165637,-3.050229521972929],[33.37838938183183,-2.288658303196013],[33.343211825067996,-2.1256116379309273],[33.630829153619615,-2.0566203783319117],[34.58029988203426,-1.8183302655253626],[35.07901133518815,-1.5950588384914217],[36.23227405597483,-1.7329638315116989],[36.90387295835217,-1.8537563928424567],[36.96150230969826,-1.8532412957788467],[37.62153011425345,-1.880584328530214],[37.63508976487838,-1.8811460654276229],[37.82156633736599,-1.9651554241609381],[38.26162713753952,-2.186930099002973],[38.317466902603705,-2.2363144344054207],[38.32932774559829,-2.242785978963899],[37.06855050204128,-2.9577488824963485]]]}},{"type":"Feature","id":"admbnd:nngla:25ec57c3aabf58f53796d76ebe7a2f8b8202299546a66d1a0df11190ae498cf7","properties":{"boundary_candidate_id":"admbnd:nngla:25ec57c3aabf58f53796d76ebe7a2f8b8202299546a66d1a0df11190ae498cf7","administrative_candidate_id":"NG-ADM-CAND-000075","administrative_area_id":"NG-ADM-000075","source_record_id":"NGP-000220","administrative_type_code":"TOWNSHIP","canonical_name":"Cider Station","parent_source_record_id":"NGP-000176","parent_administrative_area_id":"NG-ADM-000058","region_code":"NGR-03","geometry_role_code":"ADMINISTRATIVE_BOUNDARY","geometry_reservation_key":"p006.7.11.11:administrative-boundary:NG-ADM-000075","geometry_id":"","geometry_id_state":"PENDING_GOVERNED_LIVE_RESERVATION","geometry_type_code":"POLYGON","crs_code":"NG-CRS-EPSG4326","authoring_basis":"HIERARCHY_AWARE_VORONOI_PARTITION","qualification_status":"QUALIFIED","legalization_status":"APPROVED_FOR_GOVERNED_LIVE_APPLICATION","resulting_boundary_status":"LEGALIZED","resulting_lifecycle_status":"ACTIVE","runtime_mode":"production","runtime_effect_scope":"SHARED_REFERENCE","publication_status":"NOT_PUBLISHED"},"geometry":{"type":"Polygon","coordinates":[[[37.06855050204128,-2.9577488824963485],[37.43811254863696,-3.0581945712242797],[37.41432796207562,-3.0693863796884164],[37.34721031131597,-3.1911712250755526],[37.17024011546265,-3.2761223828145623],[37.12040530904337,-3.271656758656893],[36.67431152165637,-3.050229521972929],[37.06855050204128,-2.9577488824963485]]]}},{"type":"Feature","id":"admbnd:nngla:f5d9c169b42a42e1a401f38d7857a5f78b98a52a8a72226397743661df3292fb","properties":{"boundary_candidate_id":"admbnd:nngla:f5d9c169b42a42e1a401f38d7857a5f78b98a52a8a72226397743661df3292fb","administrative_candidate_id":"NG-ADM-CAND-000076","administrative_area_id":"NG-ADM-000076","source_record_id":"NGP-000256","administrative_type_code":"INDUSTRIAL_ZONE","canonical_name":"Vondara AgroTech Park","parent_source_record_id":"NGP-000173","parent_administrative_area_id":"NG-ADM-000055","region_code":"NGR-03","geometry_role_code":"ADMINISTRATIVE_BOUNDARY","geometry_reservation_key":"p006.7.11.11:administrative-boundary:NG-ADM-000076","geometry_id":"","geometry_id_state":"PENDING_GOVERNED_LIVE_RESERVATION","geometry_type_code":"POLYGON","crs_code":"NG-CRS-EPSG4326","authoring_basis":"PARENT_CLIPPED_SPECIAL_PURPOSE_OVERLAY_BUFFER","qualification_status":"QUALIFIED","legalization_status":"APPROVED_FOR_GOVERNED_LIVE_APPLICATION","resulting_boundary_status":"LEGALIZED","resulting_lifecycle_status":"ACTIVE","runtime_mode":"production","runtime_effect_scope":"SHARED_REFERENCE","publication_status":"NOT_PUBLISHED"},"geometry":{"type":"Polygon","coordinates":[[[37.57635001876182,-3.2285796786499024],[37.575201662183005,-3.2343528570296134],[37.573309578963006,-3.239926754456429],[37.5707061431703,-3.245206],[37.5674359003131,-3.2501002643053925],[37.563554805153395,-3.2545258051533947],[37.55912926430539,-3.2584069003131058],[37.554235,-3.2616771431702998],[37.54895575445643,-3.264280578963008],[37.54338185702961,-3.266172662183008],[37.5376086786499,-3.2673210187618213],[37.531735,-3.267706],[37.52586132135009,-3.2673210187618213],[37.52008814297039,-3.266172662183008],[37.514514245543566,-3.264280578963008],[37.509235,-3.2616771431702998],[37.504340735694605,-3.2584069003131058],[37.4999151948466,-3.2545258051533947],[37.496034099686895,-3.2501002643053925],[37.4927638568297,-3.245206],[37.49016042103699,-3.239926754456429],[37.48826833781699,-3.2343528570296134],[37.48711998123817,-3.2285796786499024],[37.486734999999996,-3.222706],[37.48711998123817,-3.216832321350098],[37.48826833781699,-3.2110591429703867],[37.49016042103699,-3.205485245543571],[37.4927638568297,-3.200206],[37.496034099686895,-3.1953117356946077],[37.4999151948466,-3.1908861948466054],[37.504340735694605,-3.1870050996868944],[37.509235,-3.1837348568297004],[37.514514245543566,-3.181131421036992],[37.52008814297039,-3.179239337816992],[37.52586132135009,-3.178090981238179],[37.531735,-3.177706],[37.5376086786499,-3.178090981238179],[37.54338185702961,-3.179239337816992],[37.54895575445643,-3.181131421036992],[37.554235,-3.1837348568297004],[37.55912926430539,-3.1870050996868944],[37.563554805153395,-3.1908861948466054],[37.5674359003131,-3.1953117356946077],[37.5707061431703,-3.200206],[37.573309578963006,-3.205485245543571],[37.575201662183005,-3.2110591429703867],[37.57635001876182,-3.216832321350098],[37.576735,-3.222706],[37.57635001876182,-3.2285796786499024]]]}},{"type":"Feature","id":"admbnd:nngla:9d849eb7ff512a0aef339f44112ea3f39904f300460b26bf2cdab82c962c1455","properties":{"boundary_candidate_id":"admbnd:nngla:9d849eb7ff512a0aef339f44112ea3f39904f300460b26bf2cdab82c962c1455","administrative_candidate_id":"NG-ADM-CAND-000077","administrative_area_id":"NG-ADM-000077","source_record_id":"NGP-000257","administrative_type_code":"INDUSTRIAL_ZONE","canonical_name":"Kestrel Freight Estate","parent_source_record_id":"NGP-000175","parent_administrative_area_id":"NG-ADM-000057","region_code":"NGR-03","geometry_role_code":"ADMINISTRATIVE_BOUNDARY","geometry_reservation_key":"p006.7.11.11:administrative-boundary:NG-ADM-000077","geometry_id":"","geometry_id_state":"PENDING_GOVERNED_LIVE_RESERVATION","geometry_type_code":"POLYGON","crs_code":"NG-CRS-EPSG4326","authoring_basis":"PARENT_CLIPPED_SPECIAL_PURPOSE_OVERLAY_BUFFER","qualification_status":"QUALIFIED","legalization_status":"APPROVED_FOR_GOVERNED_LIVE_APPLICATION","resulting_boundary_status":"LEGALIZED","resulting_lifecycle_status":"ACTIVE","runtime_mode":"production","runtime_effect_scope":"SHARED_REFERENCE","publication_status":"NOT_PUBLISHED"},"geometry":{"type":"Polygon","coordinates":[[[37.05150001876182,-3.4912616786499022],[37.050351662183004,-3.4970348570296133],[37.048459578963005,-3.502608754456429],[37.0458561431703,-3.507888],[37.0425859003131,-3.5127822643053923],[37.038704805153394,-3.5172078051533946],[37.03427926430539,-3.5210889003131056],[37.029385,-3.5243591431702996],[37.02410575445643,-3.526962578963008],[37.01853185702961,-3.528854662183008],[37.0127586786499,-3.530003018761821],[37.006885,-3.530388],[37.00101132135009,-3.530003018761821],[36.995238142970386,-3.528854662183008],[36.989664245543565,-3.526962578963008],[36.984384999999996,-3.5243591431702996],[36.979490735694604,-3.5210889003131056],[36.9750651948466,-3.5172078051533946],[36.971184099686894,-3.5127822643053923],[36.967913856829696,-3.507888],[36.96531042103699,-3.502608754456429],[36.96341833781699,-3.4970348570296133],[36.96226998123817,-3.4912616786499022],[36.961884999999995,-3.485388],[36.96226998123817,-3.4795143213500976],[36.96341833781699,-3.4737411429703866],[36.96531042103699,-3.468167245543571],[36.967913856829696,-3.462888],[36.971184099686894,-3.4579937356946076],[36.9750651948466,-3.4535681948466053],[36.979490735694604,-3.4496870996868942],[36.984384999999996,-3.4464168568297002],[36.989664245543565,-3.443813421036992],[36.995238142970386,-3.441921337816992],[37.00101132135009,-3.4407729812381787],[37.006885,-3.440388],[37.0127586786499,-3.4407729812381787],[37.01853185702961,-3.441921337816992],[37.02410575445643,-3.443813421036992],[37.029385,-3.4464168568297002],[37.03427926430539,-3.4496870996868942],[37.038704805153394,-3.4535681948466053],[37.0425859003131,-3.4579937356946076],[37.0458561431703,-3.462888],[37.048459578963005,-3.468167245543571],[37.050351662183004,-3.4737411429703866],[37.05150001876182,-3.4795143213500976],[37.051885,-3.485388],[37.05150001876182,-3.4912616786499022]]]}},{"type":"Feature","id":"admbnd:nngla:e40f3a590902af796e4a0a0c018b0c46ab4c21291ec26cf76c9dfad6ece5bc5c","properties":{"boundary_candidate_id":"admbnd:nngla:e40f3a590902af796e4a0a0c018b0c46ab4c21291ec26cf76c9dfad6ece5bc5c","administrative_candidate_id":"NG-ADM-CAND-000078","administrative_area_id":"NG-ADM-000078","source_record_id":"NGP-000258","administrative_type_code":"CITY","canonical_name":"Silvermere","parent_source_record_id":"NGR-04","parent_administrative_area_id":"NG-ADM-000004","region_code":"NGR-04","geometry_role_code":"ADMINISTRATIVE_BOUNDARY","geometry_reservation_key":"p006.7.11.11:administrative-boundary:NG-ADM-000078","geometry_id":"","geometry_id_state":"PENDING_GOVERNED_LIVE_RESERVATION","geometry_type_code":"POLYGON","crs_code":"NG-CRS-EPSG4326","authoring_basis":"HIERARCHY_AWARE_VORONOI_PARTITION","qualification_status":"QUALIFIED","legalization_status":"APPROVED_FOR_GOVERNED_LIVE_APPLICATION","resulting_boundary_status":"LEGALIZED","resulting_lifecycle_status":"ACTIVE","runtime_mode":"production","runtime_effect_scope":"SHARED_REFERENCE","publication_status":"NOT_PUBLISHED"},"geometry":{"type":"Polygon","coordinates":[[[40.00175325781959,4.053821391194393],[39.91856413866484,3.7767702834041645],[39.849783707916885,3.51523024644532],[39.75757977049808,2.8644553327174247],[39.655452602794746,2.441595509395365],[39.17715894975267,2.5604004987623323],[38.282890994348634,2.8942912750323386],[38.191173686650565,2.9285355559323154],[37.82047691333922,3.066941760307367],[37.05151303748257,3.311235424014965],[36.946413929904466,3.348787547969502],[36.9423387638944,3.349800010560263],[36.77077897331421,3.5922776699699273],[36.70862164325496,3.680129047364077],[36.59395416768787,3.852616886362452],[37.647306799409,5.062101134690689],[37.943257108149815,5.264281907257793],[37.94916670153464,5.270920375533399],[37.997983357412785,5.345901546400762],[38.2892187402446,5.365286941407578],[38.378731105893046,5.2687636743412645],[40.00175325781959,4.053821391194393]]]}},{"type":"Feature","id":"admbnd:nngla:ef1bef30f73ba1545d4e81a98e470114686afb223ab120520e9dcb29ad511f64","properties":{"boundary_candidate_id":"admbnd:nngla:ef1bef30f73ba1545d4e81a98e470114686afb223ab120520e9dcb29ad511f64","administrative_candidate_id":"NG-ADM-CAND-000079","administrative_area_id":"NG-ADM-000079","source_record_id":"NGP-000259","administrative_type_code":"MUNICIPALITY","canonical_name":"Nyandor","parent_source_record_id":"NGR-04","parent_administrative_area_id":"NG-ADM-000004","region_code":"NGR-04","geometry_role_code":"ADMINISTRATIVE_BOUNDARY","geometry_reservation_key":"p006.7.11.11:administrative-boundary:NG-ADM-000079","geometry_id":"","geometry_id_state":"PENDING_GOVERNED_LIVE_RESERVATION","geometry_type_code":"POLYGON","crs_code":"NG-CRS-EPSG4326","authoring_basis":"HIERARCHY_AWARE_VORONOI_PARTITION","qualification_status":"QUALIFIED","legalization_status":"APPROVED_FOR_GOVERNED_LIVE_APPLICATION","resulting_boundary_status":"LEGALIZED","resulting_lifecycle_status":"ACTIVE","runtime_mode":"production","runtime_effect_scope":"SHARED_REFERENCE","publication_status":"NOT_PUBLISHED"},"geometry":{"type":"Polygon","coordinates":[[[38.25003024025846,5.555476172173385],[38.290185939212385,5.3886046399106675],[38.2892187402446,5.365286941407578],[37.997983357412785,5.345901546400762],[37.966694765898374,5.394447825088676],[37.962179364956796,5.414285001752436],[37.75767014467801,5.629141010080979],[37.66490852032419,5.597081620426429],[37.528441460057905,5.6071327616810605],[35.0072815517874,6.222556280982233],[33.88226215016432,7.690847249491463],[33.972592,7.698069],[34.092794,7.71037],[34.212301,7.725934],[34.333898,7.731677],[34.453644,7.746124],[34.56904,7.78101],[34.683938,7.818241],[34.8,7.85],[34.964361,7.847463],[35.1287,7.844223],[35.293023,7.840434],[35.457185,7.83138],[35.621518,7.82795],[35.785836,7.823993],[35.949974,7.814146],[36.114165,7.806023],[36.27821,7.793133],[36.442559,7.790212],[36.607026,7.791145],[36.771398,7.78898],[36.935743,7.785932],[37.1,7.78],[37.246837,7.738538],[37.389227788554464,7.696226364741758],[37.393089,7.695079],[37.538065,7.647259],[37.684123,7.603133],[37.831136,7.562275],[37.859798249898205,7.553273074191076],[37.976725,7.51655],[38.060761867666464,7.49233368473545],[38.14762112851735,6.116040355468493],[38.11222604209676,5.734512676048461],[38.25003024025846,5.555476172173385]]]}},{"type":"Feature","id":"admbnd:nngla:6a83c6b5dd1730a170bf81d97fc18fceb15b65c0a08f415b53906ac12588895a","properties":{"boundary_candidate_id":"admbnd:nngla:6a83c6b5dd1730a170bf81d97fc18fceb15b65c0a08f415b53906ac12588895a","administrative_candidate_id":"NG-ADM-CAND-000080","administrative_area_id":"NG-ADM-000080","source_record_id":"NGP-000260","administrative_type_code":"MUNICIPALITY","canonical_name":"Reedhaven","parent_source_record_id":"NGR-04","parent_administrative_area_id":"NG-ADM-000004","region_code":"NGR-04","geometry_role_code":"ADMINISTRATIVE_BOUNDARY","geometry_reservation_key":"p006.7.11.11:administrative-boundary:NG-ADM-000080","geometry_id":"","geometry_id_state":"PENDING_GOVERNED_LIVE_RESERVATION","geometry_type_code":"POLYGON","crs_code":"NG-CRS-EPSG4326","authoring_basis":"HIERARCHY_AWARE_VORONOI_PARTITION","qualification_status":"QUALIFIED","legalization_status":"APPROVED_FOR_GOVERNED_LIVE_APPLICATION","resulting_boundary_status":"LEGALIZED","resulting_lifecycle_status":"ACTIVE","runtime_mode":"production","runtime_effect_scope":"SHARED_REFERENCE","publication_status":"NOT_PUBLISHED"},"geometry":{"type":"Polygon","coordinates":[[[38.290185939212385,5.3886046399106675],[38.25003024025846,5.555476172173385],[38.11222604209676,5.734512676048461],[38.14762112851735,6.116040355468493],[38.060761867666464,7.49233368473545],[38.123333,7.474303],[38.260900278956,7.430466142578191],[38.268743,7.427967],[38.41622,7.388694],[38.565058,7.354068],[38.59091919481445,7.346854617487322],[38.712032,7.313073],[38.85866,7.270899],[39.004048,7.224487],[39.15,7.18],[39.17267568533642,7.16582503597344],[39.225637,7.132718],[39.24686325428259,7.118413095129264],[39.299758,7.082766],[39.371573,7.028753],[39.43990514054582,6.98542867276415],[39.446928,6.980976],[39.53007,6.946912],[39.612408,6.911434],[39.690123,6.867813],[39.770719,6.829266],[39.851742,6.791471],[39.926188,6.742093],[40.003279,6.697371],[40.090174,6.66992],[40.174926,6.638694],[40.250903,6.592011],[40.325873,6.543555],[40.40045,6.494407],[40.470813,6.437836],[40.542985,6.384451],[40.620903,6.341187],[40.7,6.3],[40.727761,6.25905],[40.746685308232635,6.230357009351471],[40.68143954584998,6.044912588394199],[40.07158821676054,4.311565893328435],[40.04606237298592,4.2013874378933815],[40.00175325781959,4.053821391194393],[38.378731105893046,5.2687636743412645],[38.2892187402446,5.365286941407578],[38.290185939212385,5.3886046399106675]]]}},{"type":"Feature","id":"admbnd:nngla:0eb67d570488499ca531a833d7964ac52c3d8643dafe347dc4ba4779b4e9383c","properties":{"boundary_candidate_id":"admbnd:nngla:0eb67d570488499ca531a833d7964ac52c3d8643dafe347dc4ba4779b4e9383c","administrative_candidate_id":"NG-ADM-CAND-000081","administrative_area_id":"NG-ADM-000081","source_record_id":"NGP-000261","administrative_type_code":"MUNICIPALITY","canonical_name":"Lakemarch","parent_source_record_id":"NGR-04","parent_administrative_area_id":"NG-ADM-000004","region_code":"NGR-04","geometry_role_code":"ADMINISTRATIVE_BOUNDARY","geometry_reservation_key":"p006.7.11.11:administrative-boundary:NG-ADM-000081","geometry_id":"","geometry_id_state":"PENDING_GOVERNED_LIVE_RESERVATION","geometry_type_code":"POLYGON","crs_code":"NG-CRS-EPSG4326","authoring_basis":"HIERARCHY_AWARE_VORONOI_PARTITION","qualification_status":"QUALIFIED","legalization_status":"APPROVED_FOR_GOVERNED_LIVE_APPLICATION","resulting_boundary_status":"LEGALIZED","resulting_lifecycle_status":"ACTIVE","runtime_mode":"production","runtime_effect_scope":"SHARED_REFERENCE","publication_status":"NOT_PUBLISHED"},"geometry":{"type":"Polygon","coordinates":[[[37.997983357412785,5.345901546400762],[37.94916670153464,5.270920375533399],[37.943257108149815,5.264281907257793],[37.647306799409,5.062101134690689],[36.59395416768787,3.852616886362452],[36.34938097471994,4.220514595135923],[36.09718641287679,4.66177628111172],[36.05497340368472,4.718714165785689],[35.74039856437688,5.2657469256123335],[35.0072815517874,6.222556280982233],[37.528441460057905,5.6071327616810605],[37.66490852032419,5.597081620426429],[37.75767014467801,5.629141010080979],[37.962179364956796,5.414285001752436],[37.966694765898374,5.394447825088676],[37.997983357412785,5.345901546400762]]]}},{"type":"Feature","id":"admbnd:nngla:b4540c6b805829f0a5614f0c326b6a8559730007a288c166d9a751152f7f8a70","properties":{"boundary_candidate_id":"admbnd:nngla:b4540c6b805829f0a5614f0c326b6a8559730007a288c166d9a751152f7f8a70","administrative_candidate_id":"NG-ADM-CAND-000082","administrative_area_id":"NG-ADM-000082","source_record_id":"NGP-000262","administrative_type_code":"CITY_DISTRICT","canonical_name":"Silvermere Central","parent_source_record_id":"NGP-000258","parent_administrative_area_id":"NG-ADM-000078","region_code":"NGR-04","geometry_role_code":"ADMINISTRATIVE_BOUNDARY","geometry_reservation_key":"p006.7.11.11:administrative-boundary:NG-ADM-000082","geometry_id":"","geometry_id_state":"PENDING_GOVERNED_LIVE_RESERVATION","geometry_type_code":"POLYGON","crs_code":"NG-CRS-EPSG4326","authoring_basis":"HIERARCHY_AWARE_VORONOI_PARTITION","qualification_status":"QUALIFIED","legalization_status":"APPROVED_FOR_GOVERNED_LIVE_APPLICATION","resulting_boundary_status":"LEGALIZED","resulting_lifecycle_status":"ACTIVE","runtime_mode":"production","runtime_effect_scope":"SHARED_REFERENCE","publication_status":"NOT_PUBLISHED"},"geometry":{"type":"Polygon","coordinates":[[[38.12170447424058,5.030748098981785],[38.12353800463458,5.05035766299703],[38.15684761313528,5.121265933294503],[38.378731105893046,5.2687636743412645],[40.00175325781959,4.053821391194393],[39.91856413866484,3.7767702834041645],[39.849783707916885,3.51523024644532],[39.75757977049808,2.8644553327174247],[39.655452602794746,2.441595509395365],[39.17715894975267,2.5604004987623323],[38.282890994348634,2.8942912750323386],[38.12170447424058,5.030748098981785]]]}},{"type":"Feature","id":"admbnd:nngla:3a11c791838d8e1152e615dffe930d5e1b51bb427e8e12308f320a7d7d002f0a","properties":{"boundary_candidate_id":"admbnd:nngla:3a11c791838d8e1152e615dffe930d5e1b51bb427e8e12308f320a7d7d002f0a","administrative_candidate_id":"NG-ADM-CAND-000083","administrative_area_id":"NG-ADM-000083","source_record_id":"NGP-000263","administrative_type_code":"CITY_DISTRICT","canonical_name":"Lakefront Exchange","parent_source_record_id":"NGP-000258","parent_administrative_area_id":"NG-ADM-000078","region_code":"NGR-04","geometry_role_code":"ADMINISTRATIVE_BOUNDARY","geometry_reservation_key":"p006.7.11.11:administrative-boundary:NG-ADM-000083","geometry_id":"","geometry_id_state":"PENDING_GOVERNED_LIVE_RESERVATION","geometry_type_code":"POLYGON","crs_code":"NG-CRS-EPSG4326","authoring_basis":"HIERARCHY_AWARE_VORONOI_PARTITION","qualification_status":"QUALIFIED","legalization_status":"APPROVED_FOR_GOVERNED_LIVE_APPLICATION","resulting_boundary_status":"LEGALIZED","resulting_lifecycle_status":"ACTIVE","runtime_mode":"production","runtime_effect_scope":"SHARED_REFERENCE","publication_status":"NOT_PUBLISHED"},"geometry":{"type":"Polygon","coordinates":[[[38.092597294167454,5.117024998100573],[38.080058456050686,5.092604905942209],[38.075854938203726,5.089858289167206],[37.973776454958866,5.130787605822194],[37.875945048897755,5.218297146503302],[37.943257108149815,5.264281907257793],[37.94916670153464,5.270920375533399],[37.94916670153464,5.270920375533402],[38.092597294167454,5.117024998100573]]]}},{"type":"Feature","id":"admbnd:nngla:b24a2fa4acf365f03131ae71b7b34d28dd41b93f02af1c0d440bfc6dbc994c86","properties":{"boundary_candidate_id":"admbnd:nngla:b24a2fa4acf365f03131ae71b7b34d28dd41b93f02af1c0d440bfc6dbc994c86","administrative_candidate_id":"NG-ADM-CAND-000084","administrative_area_id":"NG-ADM-000084","source_record_id":"NGP-000264","administrative_type_code":"CITY_DISTRICT","canonical_name":"Reedbank Ward","parent_source_record_id":"NGP-000258","parent_administrative_area_id":"NG-ADM-000078","region_code":"NGR-04","geometry_role_code":"ADMINISTRATIVE_BOUNDARY","geometry_reservation_key":"p006.7.11.11:administrative-boundary:NG-ADM-000084","geometry_id":"","geometry_id_state":"PENDING_GOVERNED_LIVE_RESERVATION","geometry_type_code":"POLYGON","crs_code":"NG-CRS-EPSG4326","authoring_basis":"HIERARCHY_AWARE_VORONOI_PARTITION","qualification_status":"QUALIFIED","legalization_status":"APPROVED_FOR_GOVERNED_LIVE_APPLICATION","resulting_boundary_status":"LEGALIZED","resulting_lifecycle_status":"ACTIVE","runtime_mode":"production","runtime_effect_scope":"SHARED_REFERENCE","publication_status":"NOT_PUBLISHED"},"geometry":{"type":"Polygon","coordinates":[[[38.075854938203726,5.089858289167206],[38.080058456050686,5.092604905942209],[38.12353800463458,5.05035766299703],[38.12170447424058,5.030748098981785],[38.06635079496122,5.072141649419368],[38.075854938203726,5.089858289167206]]]}},{"type":"Feature","id":"admbnd:nngla:6df52395480ecb3d11268a086e2dce04556601cb3ac2562661086da2b56d7e38","properties":{"boundary_candidate_id":"admbnd:nngla:6df52395480ecb3d11268a086e2dce04556601cb3ac2562661086da2b56d7e38","administrative_candidate_id":"NG-ADM-CAND-000085","administrative_area_id":"NG-ADM-000085","source_record_id":"NGP-000265","administrative_type_code":"CITY_DISTRICT","canonical_name":"Canal Quarter","parent_source_record_id":"NGP-000258","parent_administrative_area_id":"NG-ADM-000078","region_code":"NGR-04","geometry_role_code":"ADMINISTRATIVE_BOUNDARY","geometry_reservation_key":"p006.7.11.11:administrative-boundary:NG-ADM-000085","geometry_id":"","geometry_id_state":"PENDING_GOVERNED_LIVE_RESERVATION","geometry_type_code":"POLYGON","crs_code":"NG-CRS-EPSG4326","authoring_basis":"HIERARCHY_AWARE_VORONOI_PARTITION","qualification_status":"QUALIFIED","legalization_status":"APPROVED_FOR_GOVERNED_LIVE_APPLICATION","resulting_boundary_status":"LEGALIZED","resulting_lifecycle_status":"ACTIVE","runtime_mode":"production","runtime_effect_scope":"SHARED_REFERENCE","publication_status":"NOT_PUBLISHED"},"geometry":{"type":"Polygon","coordinates":[[[38.092597294167454,5.117024998100573],[38.15684761313528,5.121265933294503],[38.12353800463458,5.05035766299703],[38.080058456050686,5.092604905942209],[38.092597294167454,5.117024998100573]]]}},{"type":"Feature","id":"admbnd:nngla:3a8db29c25b26eba7085daf61a30c87abc4f5233687623034606b6182f168c4e","properties":{"boundary_candidate_id":"admbnd:nngla:3a8db29c25b26eba7085daf61a30c87abc4f5233687623034606b6182f168c4e","administrative_candidate_id":"NG-ADM-CAND-000086","administrative_area_id":"NG-ADM-000086","source_record_id":"NGP-000266","administrative_type_code":"CITY_DISTRICT","canonical_name":"Old Ferry","parent_source_record_id":"NGP-000258","parent_administrative_area_id":"NG-ADM-000078","region_code":"NGR-04","geometry_role_code":"ADMINISTRATIVE_BOUNDARY","geometry_reservation_key":"p006.7.11.11:administrative-boundary:NG-ADM-000086","geometry_id":"","geometry_id_state":"PENDING_GOVERNED_LIVE_RESERVATION","geometry_type_code":"POLYGON","crs_code":"NG-CRS-EPSG4326","authoring_basis":"HIERARCHY_AWARE_VORONOI_PARTITION","qualification_status":"QUALIFIED","legalization_status":"APPROVED_FOR_GOVERNED_LIVE_APPLICATION","resulting_boundary_status":"LEGALIZED","resulting_lifecycle_status":"ACTIVE","runtime_mode":"production","runtime_effect_scope":"SHARED_REFERENCE","publication_status":"NOT_PUBLISHED"},"geometry":{"type":"Polygon","coordinates":[[[37.973776454958866,5.130787605822194],[38.075854938203726,5.089858289167206],[38.06635079496122,5.072141649419368],[38.04079705759862,5.051045323398136],[37.973776454958866,5.130787605822194]]]}},{"type":"Feature","id":"admbnd:nngla:59f0ee9c9a63cb143d1a9c4c2ad5d6b254c943f25846eaa5069418d1d28e3f4f","properties":{"boundary_candidate_id":"admbnd:nngla:59f0ee9c9a63cb143d1a9c4c2ad5d6b254c943f25846eaa5069418d1d28e3f4f","administrative_candidate_id":"NG-ADM-CAND-000087","administrative_area_id":"NG-ADM-000087","source_record_id":"NGP-000267","administrative_type_code":"CITY_DISTRICT","canonical_name":"Civic Isles","parent_source_record_id":"NGP-000258","parent_administrative_area_id":"NG-ADM-000078","region_code":"NGR-04","geometry_role_code":"ADMINISTRATIVE_BOUNDARY","geometry_reservation_key":"p006.7.11.11:administrative-boundary:NG-ADM-000087","geometry_id":"","geometry_id_state":"PENDING_GOVERNED_LIVE_RESERVATION","geometry_type_code":"POLYGON","crs_code":"NG-CRS-EPSG4326","authoring_basis":"HIERARCHY_AWARE_VORONOI_PARTITION","qualification_status":"QUALIFIED","legalization_status":"APPROVED_FOR_GOVERNED_LIVE_APPLICATION","resulting_boundary_status":"LEGALIZED","resulting_lifecycle_status":"ACTIVE","runtime_mode":"production","runtime_effect_scope":"SHARED_REFERENCE","publication_status":"NOT_PUBLISHED"},"geometry":{"type":"Polygon","coordinates":[[[37.973776454958866,5.130787605822194],[38.04079705759862,5.051045323398136],[38.191173686650565,2.9285355559323154],[37.82047691333922,3.066941760307367],[37.05151303748257,3.311235424014965],[36.946413929904466,3.348787547969502],[36.9423387638944,3.349800010560263],[36.77077897331421,3.5922776699699273],[36.70862164325496,3.680129047364077],[36.59395416768787,3.852616886362452],[37.647306799409,5.062101134690689],[37.875945048897755,5.218297146503302],[37.973776454958866,5.130787605822194]]]}},{"type":"Feature","id":"admbnd:nngla:f2df3abb55e10469b18ce0861348071db5bfed1b032c9cf0477f7daf383a8717","properties":{"boundary_candidate_id":"admbnd:nngla:f2df3abb55e10469b18ce0861348071db5bfed1b032c9cf0477f7daf383a8717","administrative_candidate_id":"NG-ADM-CAND-000088","administrative_area_id":"NG-ADM-000088","source_record_id":"NGP-000268","administrative_type_code":"CITY_DISTRICT","canonical_name":"Museum Reach","parent_source_record_id":"NGP-000258","parent_administrative_area_id":"NG-ADM-000078","region_code":"NGR-04","geometry_role_code":"ADMINISTRATIVE_BOUNDARY","geometry_reservation_key":"p006.7.11.11:administrative-boundary:NG-ADM-000088","geometry_id":"","geometry_id_state":"PENDING_GOVERNED_LIVE_RESERVATION","geometry_type_code":"POLYGON","crs_code":"NG-CRS-EPSG4326","authoring_basis":"HIERARCHY_AWARE_VORONOI_PARTITION","qualification_status":"QUALIFIED","legalization_status":"APPROVED_FOR_GOVERNED_LIVE_APPLICATION","resulting_boundary_status":"LEGALIZED","resulting_lifecycle_status":"ACTIVE","runtime_mode":"production","runtime_effect_scope":"SHARED_REFERENCE","publication_status":"NOT_PUBLISHED"},"geometry":{"type":"Polygon","coordinates":[[[38.15684761313528,5.121265933294503],[38.092597294167454,5.117024998100573],[37.94916670153464,5.270920375533402],[37.997983357412785,5.345901546400762],[38.2892187402446,5.365286941407578],[38.378731105893046,5.2687636743412645],[38.15684761313528,5.121265933294503]]]}},{"type":"Feature","id":"admbnd:nngla:17c0bf152ee60e148833e30b9179f0dcdaf6bb7aa77706824590a12b4b24388a","properties":{"boundary_candidate_id":"admbnd:nngla:17c0bf152ee60e148833e30b9179f0dcdaf6bb7aa77706824590a12b4b24388a","administrative_candidate_id":"NG-ADM-CAND-000089","administrative_area_id":"NG-ADM-000089","source_record_id":"NGP-000269","administrative_type_code":"CITY_DISTRICT","canonical_name":"West Quays","parent_source_record_id":"NGP-000258","parent_administrative_area_id":"NG-ADM-000078","region_code":"NGR-04","geometry_role_code":"ADMINISTRATIVE_BOUNDARY","geometry_reservation_key":"p006.7.11.11:administrative-boundary:NG-ADM-000089","geometry_id":"","geometry_id_state":"PENDING_GOVERNED_LIVE_RESERVATION","geometry_type_code":"POLYGON","crs_code":"NG-CRS-EPSG4326","authoring_basis":"HIERARCHY_AWARE_VORONOI_PARTITION","qualification_status":"QUALIFIED","legalization_status":"APPROVED_FOR_GOVERNED_LIVE_APPLICATION","resulting_boundary_status":"LEGALIZED","resulting_lifecycle_status":"ACTIVE","runtime_mode":"production","runtime_effect_scope":"SHARED_REFERENCE","publication_status":"NOT_PUBLISHED"},"geometry":{"type":"Polygon","coordinates":[[[38.04079705759862,5.051045323398136],[38.06635079496122,5.072141649419368],[38.12170447424058,5.030748098981785],[38.282890994348634,2.8942912750323386],[38.191173686650565,2.9285355559323154],[38.04079705759862,5.051045323398136]]]}},{"type":"Feature","id":"admbnd:nngla:f7364e198b3480bfd5b966d0c04aa065dee3248abee27ed075df146112e4342a","properties":{"boundary_candidate_id":"admbnd:nngla:f7364e198b3480bfd5b966d0c04aa065dee3248abee27ed075df146112e4342a","administrative_candidate_id":"NG-ADM-CAND-000090","administrative_area_id":"NG-ADM-000090","source_record_id":"NGP-000297","administrative_type_code":"TOWNSHIP","canonical_name":"Nyandor Landing","parent_source_record_id":"NGP-000259","parent_administrative_area_id":"NG-ADM-000079","region_code":"NGR-04","geometry_role_code":"ADMINISTRATIVE_BOUNDARY","geometry_reservation_key":"p006.7.11.11:administrative-boundary:NG-ADM-000090","geometry_id":"","geometry_id_state":"PENDING_GOVERNED_LIVE_RESERVATION","geometry_type_code":"POLYGON","crs_code":"NG-CRS-EPSG4326","authoring_basis":"HIERARCHY_AWARE_VORONOI_PARTITION","qualification_status":"QUALIFIED","legalization_status":"APPROVED_FOR_GOVERNED_LIVE_APPLICATION","resulting_boundary_status":"LEGALIZED","resulting_lifecycle_status":"ACTIVE","runtime_mode":"production","runtime_effect_scope":"SHARED_REFERENCE","publication_status":"NOT_PUBLISHED"},"geometry":{"type":"Polygon","coordinates":[[[37.84125045323449,5.541332101285411],[37.813251401361605,5.570747716455188],[37.859798249898205,7.553273074191075],[37.976725,7.51655],[38.060761867666464,7.49233368473545],[38.14762112851735,6.116040355468493],[38.11222604209676,5.734512676048461],[38.11222604209676,5.73451267604846],[37.84125045323449,5.541332101285411]]]}},{"type":"Feature","id":"admbnd:nngla:d263039d6c3067a2a0967a118e33da71a19e874913551fbb2068b8955458de04","properties":{"boundary_candidate_id":"admbnd:nngla:d263039d6c3067a2a0967a118e33da71a19e874913551fbb2068b8955458de04","administrative_candidate_id":"NG-ADM-CAND-000091","administrative_area_id":"NG-ADM-000091","source_record_id":"NGP-000298","administrative_type_code":"TOWNSHIP","canonical_name":"Reedline","parent_source_record_id":"NGP-000259","parent_administrative_area_id":"NG-ADM-000079","region_code":"NGR-04","geometry_role_code":"ADMINISTRATIVE_BOUNDARY","geometry_reservation_key":"p006.7.11.11:administrative-boundary:NG-ADM-000091","geometry_id":"","geometry_id_state":"PENDING_GOVERNED_LIVE_RESERVATION","geometry_type_code":"POLYGON","crs_code":"NG-CRS-EPSG4326","authoring_basis":"HIERARCHY_AWARE_VORONOI_PARTITION","qualification_status":"QUALIFIED","legalization_status":"APPROVED_FOR_GOVERNED_LIVE_APPLICATION","resulting_boundary_status":"LEGALIZED","resulting_lifecycle_status":"ACTIVE","runtime_mode":"production","runtime_effect_scope":"SHARED_REFERENCE","publication_status":"NOT_PUBLISHED"},"geometry":{"type":"Polygon","coordinates":[[[37.813251401361605,5.570747716455188],[37.75767014467801,5.629141010080979],[37.66490852032419,5.597081620426429],[37.528441460057905,5.6071327616810605],[35.0072815517874,6.222556280982233],[33.88226215016432,7.690847249491463],[33.972592,7.698069],[34.092794,7.71037],[34.212301,7.725934],[34.333898,7.731677],[34.453644,7.746124],[34.56904,7.78101],[34.683938,7.818241],[34.8,7.85],[34.964361,7.847463],[35.1287,7.844223],[35.293023,7.840434],[35.457185,7.83138],[35.621518,7.82795],[35.785836,7.823993],[35.949974,7.814146],[36.114165,7.806023],[36.27821,7.793133],[36.442559,7.790212],[36.607026,7.791145],[36.771398,7.78898],[36.935743,7.785932],[37.1,7.78],[37.246837,7.738538],[37.389227788554464,7.696226364741758],[37.393089,7.695079],[37.538065,7.647259],[37.684123,7.603133],[37.831136,7.562275],[37.859798249898205,7.553273074191076],[37.859798249898205,7.553273074191075],[37.813251401361605,5.570747716455188]]]}},{"type":"Feature","id":"admbnd:nngla:450eacf7e8d5d4cad0cc56bee8f1f83c7ad9b7242607a5813943b3fedf9779b6","properties":{"boundary_candidate_id":"admbnd:nngla:450eacf7e8d5d4cad0cc56bee8f1f83c7ad9b7242607a5813943b3fedf9779b6","administrative_candidate_id":"NG-ADM-CAND-000092","administrative_area_id":"NG-ADM-000092","source_record_id":"NGP-000299","administrative_type_code":"TOWNSHIP","canonical_name":"Nyan Cross","parent_source_record_id":"NGP-000259","parent_administrative_area_id":"NG-ADM-000079","region_code":"NGR-04","geometry_role_code":"ADMINISTRATIVE_BOUNDARY","geometry_reservation_key":"p006.7.11.11:administrative-boundary:NG-ADM-000092","geometry_id":"","geometry_id_state":"PENDING_GOVERNED_LIVE_RESERVATION","geometry_type_code":"POLYGON","crs_code":"NG-CRS-EPSG4326","authoring_basis":"HIERARCHY_AWARE_VORONOI_PARTITION","qualification_status":"QUALIFIED","legalization_status":"APPROVED_FOR_GOVERNED_LIVE_APPLICATION","resulting_boundary_status":"LEGALIZED","resulting_lifecycle_status":"ACTIVE","runtime_mode":"production","runtime_effect_scope":"SHARED_REFERENCE","publication_status":"NOT_PUBLISHED"},"geometry":{"type":"Polygon","coordinates":[[[38.11222604209676,5.73451267604846],[38.25003024025846,5.555476172173385],[38.290185939212385,5.3886046399106675],[38.2892187402446,5.365286941407578],[37.997983357412785,5.345901546400762],[37.966694765898374,5.394447825088676],[37.962179364956796,5.414285001752436],[37.84125045323449,5.541332101285411],[38.11222604209676,5.73451267604846]]]}},{"type":"Feature","id":"admbnd:nngla:170fadd53278a75ef9a9d46e99c8b154c681d3784b0548e06b7da0207ba94de7","properties":{"boundary_candidate_id":"admbnd:nngla:170fadd53278a75ef9a9d46e99c8b154c681d3784b0548e06b7da0207ba94de7","administrative_candidate_id":"NG-ADM-CAND-000093","administrative_area_id":"NG-ADM-000093","source_record_id":"NGP-000300","administrative_type_code":"TOWNSHIP","canonical_name":"South Reedhaven","parent_source_record_id":"NGP-000260","parent_administrative_area_id":"NG-ADM-000080","region_code":"NGR-04","geometry_role_code":"ADMINISTRATIVE_BOUNDARY","geometry_reservation_key":"p006.7.11.11:administrative-boundary:NG-ADM-000093","geometry_id":"","geometry_id_state":"PENDING_GOVERNED_LIVE_RESERVATION","geometry_type_code":"POLYGON","crs_code":"NG-CRS-EPSG4326","authoring_basis":"HIERARCHY_AWARE_VORONOI_PARTITION","qualification_status":"QUALIFIED","legalization_status":"APPROVED_FOR_GOVERNED_LIVE_APPLICATION","resulting_boundary_status":"LEGALIZED","resulting_lifecycle_status":"ACTIVE","runtime_mode":"production","runtime_effect_scope":"SHARED_REFERENCE","publication_status":"NOT_PUBLISHED"},"geometry":{"type":"Polygon","coordinates":[[[38.455691665126444,5.658700176027448],[38.260900278956,7.430466142578191],[38.268743,7.427967],[38.41622,7.388694],[38.565058,7.354068],[38.59091919481445,7.346854617487322],[38.712032,7.313073],[38.85866,7.270899],[39.004048,7.224487],[39.15,7.18],[39.17267568533642,7.16582503597344],[39.225637,7.132718],[39.24686325428259,7.118413095129264],[39.299758,7.082766],[39.371573,7.028753],[39.43990514054582,6.98542867276415],[39.446928,6.980976],[39.53007,6.946912],[39.612408,6.911434],[39.690123,6.867813],[39.770719,6.829266],[39.851742,6.791471],[39.926188,6.742093],[40.003279,6.697371],[40.090174,6.66992],[40.174926,6.638694],[40.250903,6.592011],[40.325873,6.543555],[40.40045,6.494407],[40.470813,6.437836],[40.542985,6.384451],[40.620903,6.341187],[40.7,6.3],[40.727761,6.25905],[40.746685308232635,6.230357009351471],[40.68143954584998,6.0449125883942],[38.455691665126444,5.658700176027448]]]}},{"type":"Feature","id":"admbnd:nngla:f5ebc5ee85f1f7f80abad20cea7d3a23cc9cbd18d8bb6eb0ec711df9f79529d8","properties":{"boundary_candidate_id":"admbnd:nngla:f5ebc5ee85f1f7f80abad20cea7d3a23cc9cbd18d8bb6eb0ec711df9f79529d8","administrative_candidate_id":"NG-ADM-CAND-000094","administrative_area_id":"NG-ADM-000094","source_record_id":"NGP-000301","administrative_type_code":"TOWNSHIP","canonical_name":"Lotus Junction","parent_source_record_id":"NGP-000260","parent_administrative_area_id":"NG-ADM-000080","region_code":"NGR-04","geometry_role_code":"ADMINISTRATIVE_BOUNDARY","geometry_reservation_key":"p006.7.11.11:administrative-boundary:NG-ADM-000094","geometry_id":"","geometry_id_state":"PENDING_GOVERNED_LIVE_RESERVATION","geometry_type_code":"POLYGON","crs_code":"NG-CRS-EPSG4326","authoring_basis":"HIERARCHY_AWARE_VORONOI_PARTITION","qualification_status":"QUALIFIED","legalization_status":"APPROVED_FOR_GOVERNED_LIVE_APPLICATION","resulting_boundary_status":"LEGALIZED","resulting_lifecycle_status":"ACTIVE","runtime_mode":"production","runtime_effect_scope":"SHARED_REFERENCE","publication_status":"NOT_PUBLISHED"},"geometry":{"type":"Polygon","coordinates":[[[38.455691665126444,5.658700176027448],[38.24179215718804,5.566179166793557],[38.11222604209676,5.734512676048461],[38.14762112851735,6.116040355468493],[38.060761867666464,7.49233368473545],[38.123333,7.474303],[38.260900278956,7.430466142578191],[38.455691665126444,5.658700176027448]]]}},{"type":"Feature","id":"admbnd:nngla:63056ced5445b5ca39244f96a89517eabf1981788cceff9acca7bde22142db20","properties":{"boundary_candidate_id":"admbnd:nngla:63056ced5445b5ca39244f96a89517eabf1981788cceff9acca7bde22142db20","administrative_candidate_id":"NG-ADM-CAND-000095","administrative_area_id":"NG-ADM-000095","source_record_id":"NGP-000302","administrative_type_code":"TOWNSHIP","canonical_name":"Heron Steps","parent_source_record_id":"NGP-000260","parent_administrative_area_id":"NG-ADM-000080","region_code":"NGR-04","geometry_role_code":"ADMINISTRATIVE_BOUNDARY","geometry_reservation_key":"p006.7.11.11:administrative-boundary:NG-ADM-000095","geometry_id":"","geometry_id_state":"PENDING_GOVERNED_LIVE_RESERVATION","geometry_type_code":"POLYGON","crs_code":"NG-CRS-EPSG4326","authoring_basis":"HIERARCHY_AWARE_VORONOI_PARTITION","qualification_status":"QUALIFIED","legalization_status":"APPROVED_FOR_GOVERNED_LIVE_APPLICATION","resulting_boundary_status":"LEGALIZED","resulting_lifecycle_status":"ACTIVE","runtime_mode":"production","runtime_effect_scope":"SHARED_REFERENCE","publication_status":"NOT_PUBLISHED"},"geometry":{"type":"Polygon","coordinates":[[[38.455691665126444,5.658700176027448],[40.68143954584998,6.0449125883942],[40.68143954584998,6.044912588394199],[40.07158821676054,4.311565893328435],[40.04606237298592,4.2013874378933815],[40.00175325781959,4.053821391194393],[38.378731105893046,5.2687636743412645],[38.2892187402446,5.365286941407578],[38.290185939212385,5.3886046399106675],[38.25003024025846,5.555476172173385],[38.24179215718804,5.566179166793557],[38.455691665126444,5.658700176027448]]]}},{"type":"Feature","id":"admbnd:nngla:cd9cc9e4dee0b04dcae0497d01dfdaf2baa91e5b8938a5a55a0e02ba5e3b5730","properties":{"boundary_candidate_id":"admbnd:nngla:cd9cc9e4dee0b04dcae0497d01dfdaf2baa91e5b8938a5a55a0e02ba5e3b5730","administrative_candidate_id":"NG-ADM-CAND-000096","administrative_area_id":"NG-ADM-000096","source_record_id":"NGP-000303","administrative_type_code":"TOWNSHIP","canonical_name":"Lakemarch East","parent_source_record_id":"NGP-000261","parent_administrative_area_id":"NG-ADM-000081","region_code":"NGR-04","geometry_role_code":"ADMINISTRATIVE_BOUNDARY","geometry_reservation_key":"p006.7.11.11:administrative-boundary:NG-ADM-000096","geometry_id":"","geometry_id_state":"PENDING_GOVERNED_LIVE_RESERVATION","geometry_type_code":"POLYGON","crs_code":"NG-CRS-EPSG4326","authoring_basis":"HIERARCHY_AWARE_VORONOI_PARTITION","qualification_status":"QUALIFIED","legalization_status":"APPROVED_FOR_GOVERNED_LIVE_APPLICATION","resulting_boundary_status":"LEGALIZED","resulting_lifecycle_status":"ACTIVE","runtime_mode":"production","runtime_effect_scope":"SHARED_REFERENCE","publication_status":"NOT_PUBLISHED"},"geometry":{"type":"Polygon","coordinates":[[[37.79281202287305,5.161504168320484],[37.647306799409,5.062101134690689],[36.59395416768787,3.852616886362452],[36.34938097471994,4.220514595135923],[36.09718641287679,4.66177628111172],[36.05497340368472,4.718714165785689],[35.74039856437688,5.2657469256123335],[35.0072815517874,6.222556280982233],[37.528441460057905,5.6071327616810605],[37.79281202287305,5.161504168320484]]]}},{"type":"Feature","id":"admbnd:nngla:2c7cfe98f9ddc40b748cd346a9b42155fea279212f9e74cc1287d862ce8b8ac8","properties":{"boundary_candidate_id":"admbnd:nngla:2c7cfe98f9ddc40b748cd346a9b42155fea279212f9e74cc1287d862ce8b8ac8","administrative_candidate_id":"NG-ADM-CAND-000097","administrative_area_id":"NG-ADM-000097","source_record_id":"NGP-000304","administrative_type_code":"TOWNSHIP","canonical_name":"Lowwater Bend","parent_source_record_id":"NGP-000261","parent_administrative_area_id":"NG-ADM-000081","region_code":"NGR-04","geometry_role_code":"ADMINISTRATIVE_BOUNDARY","geometry_reservation_key":"p006.7.11.11:administrative-boundary:NG-ADM-000097","geometry_id":"","geometry_id_state":"PENDING_GOVERNED_LIVE_RESERVATION","geometry_type_code":"POLYGON","crs_code":"NG-CRS-EPSG4326","authoring_basis":"HIERARCHY_AWARE_VORONOI_PARTITION","qualification_status":"QUALIFIED","legalization_status":"APPROVED_FOR_GOVERNED_LIVE_APPLICATION","resulting_boundary_status":"LEGALIZED","resulting_lifecycle_status":"ACTIVE","runtime_mode":"production","runtime_effect_scope":"SHARED_REFERENCE","publication_status":"NOT_PUBLISHED"},"geometry":{"type":"Polygon","coordinates":[[[37.873122283321685,5.216368752080014],[37.79281202287305,5.161504168320484],[37.528441460057905,5.6071327616810605],[37.66490852032419,5.597081620426429],[37.66490852032419,5.5970816204264295],[37.873122283321685,5.216368752080014]]]}},{"type":"Feature","id":"admbnd:nngla:c884f7f86eed10818c61ebb4e6b0b5d264c792b73fb3ac1f28e12618b0787bb1","properties":{"boundary_candidate_id":"admbnd:nngla:c884f7f86eed10818c61ebb4e6b0b5d264c792b73fb3ac1f28e12618b0787bb1","administrative_candidate_id":"NG-ADM-CAND-000098","administrative_area_id":"NG-ADM-000098","source_record_id":"NGP-000305","administrative_type_code":"TOWNSHIP","canonical_name":"Canal End","parent_source_record_id":"NGP-000261","parent_administrative_area_id":"NG-ADM-000081","region_code":"NGR-04","geometry_role_code":"ADMINISTRATIVE_BOUNDARY","geometry_reservation_key":"p006.7.11.11:administrative-boundary:NG-ADM-000098","geometry_id":"","geometry_id_state":"PENDING_GOVERNED_LIVE_RESERVATION","geometry_type_code":"POLYGON","crs_code":"NG-CRS-EPSG4326","authoring_basis":"HIERARCHY_AWARE_VORONOI_PARTITION","qualification_status":"QUALIFIED","legalization_status":"APPROVED_FOR_GOVERNED_LIVE_APPLICATION","resulting_boundary_status":"LEGALIZED","resulting_lifecycle_status":"ACTIVE","runtime_mode":"production","runtime_effect_scope":"SHARED_REFERENCE","publication_status":"NOT_PUBLISHED"},"geometry":{"type":"Polygon","coordinates":[[[37.66490852032419,5.5970816204264295],[37.75767014467801,5.629141010080979],[37.962179364956796,5.414285001752436],[37.966694765898374,5.394447825088676],[37.997983357412785,5.345901546400762],[37.94916670153464,5.270920375533399],[37.943257108149815,5.264281907257793],[37.873122283321685,5.216368752080014],[37.66490852032419,5.5970816204264295]]]}},{"type":"Feature","id":"admbnd:nngla:35205357e9972681045c093bd119e19c668e23626d03b8bae7acf9041e4d4062","properties":{"boundary_candidate_id":"admbnd:nngla:35205357e9972681045c093bd119e19c668e23626d03b8bae7acf9041e4d4062","administrative_candidate_id":"NG-ADM-CAND-000099","administrative_area_id":"NG-ADM-000099","source_record_id":"NGP-000341","administrative_type_code":"INDUSTRIAL_ZONE","canonical_name":"Lakeport Works","parent_source_record_id":"NGP-000258","parent_administrative_area_id":"NG-ADM-000078","region_code":"NGR-04","geometry_role_code":"ADMINISTRATIVE_BOUNDARY","geometry_reservation_key":"p006.7.11.11:administrative-boundary:NG-ADM-000099","geometry_id":"","geometry_id_state":"PENDING_GOVERNED_LIVE_RESERVATION","geometry_type_code":"POLYGON","crs_code":"NG-CRS-EPSG4326","authoring_basis":"PARENT_CLIPPED_SPECIAL_PURPOSE_OVERLAY_BUFFER","qualification_status":"QUALIFIED","legalization_status":"APPROVED_FOR_GOVERNED_LIVE_APPLICATION","resulting_boundary_status":"LEGALIZED","resulting_lifecycle_status":"ACTIVE","runtime_mode":"production","runtime_effect_scope":"SHARED_REFERENCE","publication_status":"NOT_PUBLISHED"},"geometry":{"type":"Polygon","coordinates":[[[38.017963018761826,5.067661321350097],[38.01681466218301,5.061888142970386],[38.01492257896301,5.056314245543571],[38.0123191431703,5.051035],[38.009048900313104,5.046140735694607],[38.0051678051534,5.0417151948466055],[38.000742264305394,5.037834099686894],[37.995848,5.0345638568297],[37.99056875445643,5.031960421036992],[37.98499485702961,5.030068337816991],[37.97922167864991,5.028919981238178],[37.973348,5.028535],[37.967474321350096,5.028919981238178],[37.96170114297039,5.030068337816991],[37.95612724554357,5.031960421036992],[37.950848,5.0345638568297],[37.94595373569461,5.037834099686894],[37.941528194846605,5.0417151948466055],[37.9376470996869,5.046140735694607],[37.9343768568297,5.051035],[37.93177342103699,5.056314245543571],[37.929881337816994,5.061888142970386],[37.92873298123818,5.067661321350097],[37.928348,5.073535],[37.92873298123818,5.079408678649902],[37.929881337816994,5.085181857029613],[37.93177342103699,5.090755754456429],[37.9343768568297,5.096035],[37.9376470996869,5.1009292643053925],[37.941528194846605,5.105354805153394],[37.94595373569461,5.109235900313105],[37.950848,5.112506143170299],[37.95612724554357,5.115109578963008],[37.96170114297039,5.117001662183008],[37.967474321350096,5.118150018761821],[37.973348,5.118535],[37.97922167864991,5.118150018761821],[37.98499485702961,5.117001662183008],[37.99056875445643,5.115109578963008],[37.995848,5.112506143170299],[38.000742264305394,5.109235900313105],[38.0051678051534,5.105354805153394],[38.009048900313104,5.1009292643053925],[38.0123191431703,5.096035],[38.01492257896301,5.090755754456429],[38.01681466218301,5.085181857029613],[38.017963018761826,5.079408678649902],[38.018348,5.073535],[38.017963018761826,5.067661321350097]]]}},{"type":"Feature","id":"admbnd:nngla:83430557df49fff6bfb71da99fbaf65ce330d3312efeb5132c375c2bcabf8e2c","properties":{"boundary_candidate_id":"admbnd:nngla:83430557df49fff6bfb71da99fbaf65ce330d3312efeb5132c375c2bcabf8e2c","administrative_candidate_id":"NG-ADM-CAND-000100","administrative_area_id":"NG-ADM-000100","source_record_id":"NGP-000342","administrative_type_code":"INDUSTRIAL_ZONE","canonical_name":"Reedbank Cold-Chain Park","parent_source_record_id":"NGP-000260","parent_administrative_area_id":"NG-ADM-000080","region_code":"NGR-04","geometry_role_code":"ADMINISTRATIVE_BOUNDARY","geometry_reservation_key":"p006.7.11.11:administrative-boundary:NG-ADM-000100","geometry_id":"","geometry_id_state":"PENDING_GOVERNED_LIVE_RESERVATION","geometry_type_code":"POLYGON","crs_code":"NG-CRS-EPSG4326","authoring_basis":"PARENT_CLIPPED_SPECIAL_PURPOSE_OVERLAY_BUFFER","qualification_status":"QUALIFIED","legalization_status":"APPROVED_FOR_GOVERNED_LIVE_APPLICATION","resulting_boundary_status":"LEGALIZED","resulting_lifecycle_status":"ACTIVE","runtime_mode":"production","runtime_effect_scope":"SHARED_REFERENCE","publication_status":"NOT_PUBLISHED"},"geometry":{"type":"Polygon","coordinates":[[[38.34073101876182,5.718357321350097],[38.339582662183005,5.712584142970386],[38.337690578963006,5.707010245543571],[38.3350871431703,5.701731],[38.3318169003131,5.696836735694607],[38.327935805153395,5.692411194846605],[38.32351026430539,5.688530099686894],[38.318616,5.6852598568297],[38.31333675445643,5.682656421036992],[38.30776285702961,5.680764337816991],[38.3019896786499,5.679615981238178],[38.296116,5.679231],[38.29024232135009,5.679615981238178],[38.28446914297039,5.680764337816991],[38.278895245543566,5.682656421036992],[38.273616,5.6852598568297],[38.268721735694605,5.688530099686894],[38.2642961948466,5.692411194846605],[38.260415099686895,5.696836735694607],[38.2571448568297,5.701731],[38.25454142103699,5.707010245543571],[38.25264933781699,5.712584142970386],[38.25150098123817,5.718357321350097],[38.251115999999996,5.724231],[38.25150098123817,5.730104678649902],[38.25264933781699,5.735877857029613],[38.25454142103699,5.7414517544564285],[38.2571448568297,5.746731],[38.260415099686895,5.7516252643053924],[38.2642961948466,5.756050805153394],[38.268721735694605,5.759931900313105],[38.273616,5.763202143170299],[38.278895245543566,5.765805578963008],[38.28446914297039,5.767697662183008],[38.29024232135009,5.768846018761821],[38.296116,5.7692309999999996],[38.3019896786499,5.768846018761821],[38.30776285702961,5.767697662183008],[38.31333675445643,5.765805578963008],[38.318616,5.763202143170299],[38.32351026430539,5.759931900313105],[38.327935805153395,5.756050805153394],[38.3318169003131,5.7516252643053924],[38.3350871431703,5.746731],[38.337690578963006,5.7414517544564285],[38.339582662183005,5.735877857029613],[38.34073101876182,5.730104678649902],[38.341116,5.724231],[38.34073101876182,5.718357321350097]]]}},{"type":"Feature","id":"admbnd:nngla:a5aaf1c0af4527c769796c50b7e9d699517fd8ca87fbe50c5a29ab17ffc9803c","properties":{"boundary_candidate_id":"admbnd:nngla:a5aaf1c0af4527c769796c50b7e9d699517fd8ca87fbe50c5a29ab17ffc9803c","administrative_candidate_id":"NG-ADM-CAND-000101","administrative_area_id":"NG-ADM-000101","source_record_id":"NGP-000346","administrative_type_code":"CITY","canonical_name":"Tekharo","parent_source_record_id":"NGR-05","parent_administrative_area_id":"NG-ADM-000005","region_code":"NGR-05","geometry_role_code":"ADMINISTRATIVE_BOUNDARY","geometry_reservation_key":"p006.7.11.11:administrative-boundary:NG-ADM-000101","geometry_id":"","geometry_id_state":"PENDING_GOVERNED_LIVE_RESERVATION","geometry_type_code":"POLYGON","crs_code":"NG-CRS-EPSG4326","authoring_basis":"HIERARCHY_AWARE_VORONOI_PARTITION","qualification_status":"QUALIFIED","legalization_status":"APPROVED_FOR_GOVERNED_LIVE_APPLICATION","resulting_boundary_status":"LEGALIZED","resulting_lifecycle_status":"ACTIVE","runtime_mode":"production","runtime_effect_scope":"SHARED_REFERENCE","publication_status":"NOT_PUBLISHED"},"geometry":{"type":"Polygon","coordinates":[[[38.282649027474186,-1.5723845682744622],[38.3665345708787,-2.2630868654853296],[38.317466902603705,-2.2363144344054207],[38.26162713753952,-2.186930099002973],[37.82156633736599,-1.9651554241609381],[37.63508976487838,-1.8811460654276229],[37.24690878111665,-1.8650648560009868],[37.6118143613142,-1.4074484407293741],[37.73218852380124,-1.2240424236354348],[37.742634901497475,-1.2041258553891467],[37.9272679477641,-1.0638988543601815],[37.95095150050214,-0.9952205372838747],[38.12455838177557,-0.7744577743747693],[38.17470059556917,-0.8460443151223226],[38.11695081649823,-1.0989063487281718],[38.29384279749462,-1.2012947243372192],[38.282397020988356,-1.295260308476882],[38.282649027474186,-1.5723845682744622]]]}},{"type":"Feature","id":"admbnd:nngla:04983e61cf54666e40b631fde51907fec3471ce934491ec16337acd1c91dfa20","properties":{"boundary_candidate_id":"admbnd:nngla:04983e61cf54666e40b631fde51907fec3471ce934491ec16337acd1c91dfa20","administrative_candidate_id":"NG-ADM-CAND-000102","administrative_area_id":"NG-ADM-000102","source_record_id":"NGP-000347","administrative_type_code":"MUNICIPALITY","canonical_name":"Canopy Reach","parent_source_record_id":"NGR-05","parent_administrative_area_id":"NG-ADM-000005","region_code":"NGR-05","geometry_role_code":"ADMINISTRATIVE_BOUNDARY","geometry_reservation_key":"p006.7.11.11:administrative-boundary:NG-ADM-000102","geometry_id":"","geometry_id_state":"PENDING_GOVERNED_LIVE_RESERVATION","geometry_type_code":"POLYGON","crs_code":"NG-CRS-EPSG4326","authoring_basis":"HIERARCHY_AWARE_VORONOI_PARTITION","qualification_status":"QUALIFIED","legalization_status":"APPROVED_FOR_GOVERNED_LIVE_APPLICATION","resulting_boundary_status":"LEGALIZED","resulting_lifecycle_status":"ACTIVE","runtime_mode":"production","runtime_effect_scope":"SHARED_REFERENCE","publication_status":"NOT_PUBLISHED"},"geometry":{"type":"Polygon","coordinates":[[[38.29384279749462,-1.2012947243372192],[38.11695081649823,-1.0989063487281718],[38.17470059556917,-0.8460443151223226],[38.22390646450975,-0.8762330807300133],[38.46370059669723,-0.8148556886393695],[38.51761774638624,-0.9468533755946897],[38.64641906226924,-0.9970422450763827],[38.99668031887004,-1.1727297886608241],[41.02342812779262,-1.7950278130378725],[41.406809263115115,-2.883201939146542],[41.25300970219854,-3.213971851099265],[41.134832752588736,-3.344409220711008],[39.92911962993256,-2.985901413136402],[39.91224706445357,-2.977356180203405],[39.590417601711934,-2.8208112422839084],[38.96138811364019,-2.587652430471362],[38.3665345708787,-2.2630868654853296],[38.282649027474186,-1.5723845682744622],[38.282397020988356,-1.295260308476882],[38.29384279749462,-1.2012947243372192]]]}},{"type":"Feature","id":"admbnd:nngla:e13d0762ab537dec121bf620df4f92753112580673f2878cf49e04a6bd25e501","properties":{"boundary_candidate_id":"admbnd:nngla:e13d0762ab537dec121bf620df4f92753112580673f2878cf49e04a6bd25e501","administrative_candidate_id":"NG-ADM-CAND-000103","administrative_area_id":"NG-ADM-000103","source_record_id":"NGP-000348","administrative_type_code":"MUNICIPALITY","canonical_name":"Ashara","parent_source_record_id":"NGR-05","parent_administrative_area_id":"NG-ADM-000005","region_code":"NGR-05","geometry_role_code":"ADMINISTRATIVE_BOUNDARY","geometry_reservation_key":"p006.7.11.11:administrative-boundary:NG-ADM-000103","geometry_id":"","geometry_id_state":"PENDING_GOVERNED_LIVE_RESERVATION","geometry_type_code":"POLYGON","crs_code":"NG-CRS-EPSG4326","authoring_basis":"HIERARCHY_AWARE_VORONOI_PARTITION","qualification_status":"QUALIFIED","legalization_status":"APPROVED_FOR_GOVERNED_LIVE_APPLICATION","resulting_boundary_status":"LEGALIZED","resulting_lifecycle_status":"ACTIVE","runtime_mode":"production","runtime_effect_scope":"SHARED_REFERENCE","publication_status":"NOT_PUBLISHED"},"geometry":{"type":"Polygon","coordinates":[[[37.9272679477641,-1.0638988543601815],[37.742634901497475,-1.2041258553891467],[37.73218852380124,-1.2240424236354348],[37.6118143613142,-1.4074484407293741],[37.24690878111665,-1.8650648560009868],[36.96150230969826,-1.8532412957788467],[36.90387295835217,-1.8537563928424567],[36.23227405597483,-1.7329638315116989],[35.07901133518815,-1.5950588384914217],[35.68865337195996,-1.0017588953889422],[36.53150195171455,-0.6025107702054301],[36.88588817140905,-0.3045075775700755],[37.07054689676864,-0.14922814894959832],[37.17561172595727,-0.06738945897404007],[37.782813042117375,0.14276178789547203],[38.00328466874691,0.4398820948716906],[38.24555248212169,0.6803330713133109],[38.19049689150076,-0.21865072251061518],[38.10366400818921,-0.695875177710025],[38.12455838177557,-0.7744577743747693],[37.95095150050214,-0.9952205372838747],[37.9272679477641,-1.0638988543601815]]]}},{"type":"Feature","id":"admbnd:nngla:830d5ed14b8e6f452db2bc070f0fd83ed1caacea0df4530836f07db07554dacc","properties":{"boundary_candidate_id":"admbnd:nngla:830d5ed14b8e6f452db2bc070f0fd83ed1caacea0df4530836f07db07554dacc","administrative_candidate_id":"NG-ADM-CAND-000104","administrative_area_id":"NG-ADM-000104","source_record_id":"NGP-000349","administrative_type_code":"MUNICIPALITY","canonical_name":"Mossbridge","parent_source_record_id":"NGR-05","parent_administrative_area_id":"NG-ADM-000005","region_code":"NGR-05","geometry_role_code":"ADMINISTRATIVE_BOUNDARY","geometry_reservation_key":"p006.7.11.11:administrative-boundary:NG-ADM-000104","geometry_id":"","geometry_id_state":"PENDING_GOVERNED_LIVE_RESERVATION","geometry_type_code":"POLYGON","crs_code":"NG-CRS-EPSG4326","authoring_basis":"HIERARCHY_AWARE_VORONOI_PARTITION","qualification_status":"QUALIFIED","legalization_status":"APPROVED_FOR_GOVERNED_LIVE_APPLICATION","resulting_boundary_status":"LEGALIZED","resulting_lifecycle_status":"ACTIVE","runtime_mode":"production","runtime_effect_scope":"SHARED_REFERENCE","publication_status":"NOT_PUBLISHED"},"geometry":{"type":"Polygon","coordinates":[[[40.491046001571554,-0.24823135855237605],[40.64434165459125,-0.6796618377862562],[40.69197113340832,-0.8234320065873851],[40.92555778266842,-1.517236426177134],[41.02342812779262,-1.7950278130378725],[38.99668031887004,-1.1727297886608241],[38.64641906226924,-0.9970422450763827],[38.51761774638624,-0.9468533755946897],[38.46370059669723,-0.8148556886393695],[38.22390646450975,-0.8762330807300133],[38.17470059556917,-0.8460443151223226],[38.12455838177557,-0.7744577743747693],[38.10366400818921,-0.695875177710025],[38.19049689150076,-0.21865072251061518],[38.24555248212169,0.6803330713133109],[38.40643655436643,0.8400106270161342],[39.73974069225912,1.9721665233461667],[39.87050952027748,2.0879112057258107],[40.05432814869836,1.9342431387540295],[40.116868730416165,1.510654762308593],[40.28983080858501,0.5744944495776783],[40.31250016259054,0.48180431859322337],[40.491046001571554,-0.24823135855237605]]]}},{"type":"Feature","id":"admbnd:nngla:1446a9508e00643b0a84f81ba8cf91673098c8bb4bbf8f090a9d05fee168dab1","properties":{"boundary_candidate_id":"admbnd:nngla:1446a9508e00643b0a84f81ba8cf91673098c8bb4bbf8f090a9d05fee168dab1","administrative_candidate_id":"NG-ADM-CAND-000105","administrative_area_id":"NG-ADM-000105","source_record_id":"NGP-000350","administrative_type_code":"CITY_DISTRICT","canonical_name":"Tekharo Central","parent_source_record_id":"NGP-000346","parent_administrative_area_id":"NG-ADM-000101","region_code":"NGR-05","geometry_role_code":"ADMINISTRATIVE_BOUNDARY","geometry_reservation_key":"p006.7.11.11:administrative-boundary:NG-ADM-000105","geometry_id":"","geometry_id_state":"PENDING_GOVERNED_LIVE_RESERVATION","geometry_type_code":"POLYGON","crs_code":"NG-CRS-EPSG4326","authoring_basis":"HIERARCHY_AWARE_VORONOI_PARTITION","qualification_status":"QUALIFIED","legalization_status":"APPROVED_FOR_GOVERNED_LIVE_APPLICATION","resulting_boundary_status":"LEGALIZED","resulting_lifecycle_status":"ACTIVE","runtime_mode":"production","runtime_effect_scope":"SHARED_REFERENCE","publication_status":"NOT_PUBLISHED"},"geometry":{"type":"Polygon","coordinates":[[[37.98297730823355,-1.2667669105478743],[38.047415134762595,-1.266086072594355],[38.13380491011937,-1.3441295294237177],[38.282649027474186,-1.5723845682744586],[38.282649027474186,-1.5723845682744622],[38.3665345708787,-2.2630868654853296],[38.317466902603705,-2.2363144344054207],[38.26162713753952,-2.186930099002973],[37.82156633736599,-1.9651554241609381],[37.63508976487838,-1.8811460654276229],[37.24690878111665,-1.8650648560009868],[37.6118143613142,-1.407448440729375],[37.98297730823355,-1.2667669105478743]]]}},{"type":"Feature","id":"admbnd:nngla:07cd35f78fe14c937c331da9dccb5f0f8419e12aa6d4f542e4b63f4fb697c0bf","properties":{"boundary_candidate_id":"admbnd:nngla:07cd35f78fe14c937c331da9dccb5f0f8419e12aa6d4f542e4b63f4fb697c0bf","administrative_candidate_id":"NG-ADM-CAND-000106","administrative_area_id":"NG-ADM-000106","source_record_id":"NGP-000351","administrative_type_code":"CITY_DISTRICT","canonical_name":"Canopy Exchange","parent_source_record_id":"NGP-000346","parent_administrative_area_id":"NG-ADM-000101","region_code":"NGR-05","geometry_role_code":"ADMINISTRATIVE_BOUNDARY","geometry_reservation_key":"p006.7.11.11:administrative-boundary:NG-ADM-000106","geometry_id":"","geometry_id_state":"PENDING_GOVERNED_LIVE_RESERVATION","geometry_type_code":"POLYGON","crs_code":"NG-CRS-EPSG4326","authoring_basis":"HIERARCHY_AWARE_VORONOI_PARTITION","qualification_status":"QUALIFIED","legalization_status":"APPROVED_FOR_GOVERNED_LIVE_APPLICATION","resulting_boundary_status":"LEGALIZED","resulting_lifecycle_status":"ACTIVE","runtime_mode":"production","runtime_effect_scope":"SHARED_REFERENCE","publication_status":"NOT_PUBLISHED"},"geometry":{"type":"Polygon","coordinates":[[[38.08482919891842,-1.1413163695121584],[37.96043170975397,-1.1905636367449768],[37.73218852380124,-1.2240424236354346],[37.742634901497475,-1.2041258553891467],[37.9272679477641,-1.0638988543601815],[37.95095150050214,-0.9952205372838747],[38.12455838177557,-0.7744577743747693],[38.17470059556917,-0.8460443151223226],[38.14966496156779,-0.9556648440324975],[38.08482919891842,-1.1413163695121584]]]}},{"type":"Feature","id":"admbnd:nngla:db3403331c53e4119c1fe2812e39cd0052dacfcf6c04059bc5e912e27f982e05","properties":{"boundary_candidate_id":"admbnd:nngla:db3403331c53e4119c1fe2812e39cd0052dacfcf6c04059bc5e912e27f982e05","administrative_candidate_id":"NG-ADM-CAND-000107","administrative_area_id":"NG-ADM-000107","source_record_id":"NGP-000352","administrative_type_code":"CITY_DISTRICT","canonical_name":"Research Grove","parent_source_record_id":"NGP-000346","parent_administrative_area_id":"NG-ADM-000101","region_code":"NGR-05","geometry_role_code":"ADMINISTRATIVE_BOUNDARY","geometry_reservation_key":"p006.7.11.11:administrative-boundary:NG-ADM-000107","geometry_id":"","geometry_id_state":"PENDING_GOVERNED_LIVE_RESERVATION","geometry_type_code":"POLYGON","crs_code":"NG-CRS-EPSG4326","authoring_basis":"HIERARCHY_AWARE_VORONOI_PARTITION","qualification_status":"QUALIFIED","legalization_status":"APPROVED_FOR_GOVERNED_LIVE_APPLICATION","resulting_boundary_status":"LEGALIZED","resulting_lifecycle_status":"ACTIVE","runtime_mode":"production","runtime_effect_scope":"SHARED_REFERENCE","publication_status":"NOT_PUBLISHED"},"geometry":{"type":"Polygon","coordinates":[[[38.13380491011937,-1.3441295294237177],[38.07931363789516,-1.2164187372960351],[38.07793777747142,-1.1962127432023084],[38.282397020988356,-1.2952603084768823],[38.282649027474186,-1.5723845682744586],[38.13380491011937,-1.3441295294237177]]]}},{"type":"Feature","id":"admbnd:nngla:995930a2c8d4b9f13ecbc0f9c1408da7cf5ecad7906998602a35c4822fcc2aad","properties":{"boundary_candidate_id":"admbnd:nngla:995930a2c8d4b9f13ecbc0f9c1408da7cf5ecad7906998602a35c4822fcc2aad","administrative_candidate_id":"NG-ADM-CAND-000108","administrative_area_id":"NG-ADM-000108","source_record_id":"NGP-000353","administrative_type_code":"CITY_DISTRICT","canonical_name":"River Gate","parent_source_record_id":"NGP-000346","parent_administrative_area_id":"NG-ADM-000101","region_code":"NGR-05","geometry_role_code":"ADMINISTRATIVE_BOUNDARY","geometry_reservation_key":"p006.7.11.11:administrative-boundary:NG-ADM-000108","geometry_id":"","geometry_id_state":"PENDING_GOVERNED_LIVE_RESERVATION","geometry_type_code":"POLYGON","crs_code":"NG-CRS-EPSG4326","authoring_basis":"HIERARCHY_AWARE_VORONOI_PARTITION","qualification_status":"QUALIFIED","legalization_status":"APPROVED_FOR_GOVERNED_LIVE_APPLICATION","resulting_boundary_status":"LEGALIZED","resulting_lifecycle_status":"ACTIVE","runtime_mode":"production","runtime_effect_scope":"SHARED_REFERENCE","publication_status":"NOT_PUBLISHED"},"geometry":{"type":"Polygon","coordinates":[[[38.07931363789516,-1.2164187372960351],[38.047415134762595,-1.266086072594355],[37.98297730823355,-1.2667669105478743],[38.058546038958205,-1.2024455566110082],[38.07715443150868,-1.1945160755700077],[38.07793777747142,-1.1962127432023084],[38.07931363789516,-1.2164187372960351]]]}},{"type":"Feature","id":"admbnd:nngla:ebd727f0d6b3b019a0700ed93a2f745530004d50d1fca949cf229442870eada4","properties":{"boundary_candidate_id":"admbnd:nngla:ebd727f0d6b3b019a0700ed93a2f745530004d50d1fca949cf229442870eada4","administrative_candidate_id":"NG-ADM-CAND-000109","administrative_area_id":"NG-ADM-000109","source_record_id":"NGP-000354","administrative_type_code":"CITY_DISTRICT","canonical_name":"Old Timber","parent_source_record_id":"NGP-000346","parent_administrative_area_id":"NG-ADM-000101","region_code":"NGR-05","geometry_role_code":"ADMINISTRATIVE_BOUNDARY","geometry_reservation_key":"p006.7.11.11:administrative-boundary:NG-ADM-000109","geometry_id":"","geometry_id_state":"PENDING_GOVERNED_LIVE_RESERVATION","geometry_type_code":"POLYGON","crs_code":"NG-CRS-EPSG4326","authoring_basis":"HIERARCHY_AWARE_VORONOI_PARTITION","qualification_status":"QUALIFIED","legalization_status":"APPROVED_FOR_GOVERNED_LIVE_APPLICATION","resulting_boundary_status":"LEGALIZED","resulting_lifecycle_status":"ACTIVE","runtime_mode":"production","runtime_effect_scope":"SHARED_REFERENCE","publication_status":"NOT_PUBLISHED"},"geometry":{"type":"Polygon","coordinates":[[[38.058546038958205,-1.2024455566110082],[37.96043170975397,-1.1905636367449768],[38.08482919891842,-1.1413163695121584],[38.07715443150868,-1.1945160755700077],[38.058546038958205,-1.2024455566110082]]]}},{"type":"Feature","id":"admbnd:nngla:bf4426dd76839f8b37b597c3f2f52fb1cfc77acd8c4aff4794773fcd610b2671","properties":{"boundary_candidate_id":"admbnd:nngla:bf4426dd76839f8b37b597c3f2f52fb1cfc77acd8c4aff4794773fcd610b2671","administrative_candidate_id":"NG-ADM-CAND-000110","administrative_area_id":"NG-ADM-000110","source_record_id":"NGP-000355","administrative_type_code":"CITY_DISTRICT","canonical_name":"Botanical Ward","parent_source_record_id":"NGP-000346","parent_administrative_area_id":"NG-ADM-000101","region_code":"NGR-05","geometry_role_code":"ADMINISTRATIVE_BOUNDARY","geometry_reservation_key":"p006.7.11.11:administrative-boundary:NG-ADM-000110","geometry_id":"","geometry_id_state":"PENDING_GOVERNED_LIVE_RESERVATION","geometry_type_code":"POLYGON","crs_code":"NG-CRS-EPSG4326","authoring_basis":"HIERARCHY_AWARE_VORONOI_PARTITION","qualification_status":"QUALIFIED","legalization_status":"APPROVED_FOR_GOVERNED_LIVE_APPLICATION","resulting_boundary_status":"LEGALIZED","resulting_lifecycle_status":"ACTIVE","runtime_mode":"production","runtime_effect_scope":"SHARED_REFERENCE","publication_status":"NOT_PUBLISHED"},"geometry":{"type":"Polygon","coordinates":[[[37.96043170975397,-1.1905636367449768],[38.058546038958205,-1.2024455566110082],[37.98297730823355,-1.2667669105478743],[37.6118143613142,-1.407448440729375],[37.6118143613142,-1.4074484407293741],[37.73218852380124,-1.2240424236354348],[37.73218852380124,-1.2240424236354346],[37.96043170975397,-1.1905636367449768]]]}},{"type":"Feature","id":"admbnd:nngla:124a2d2e23a87bff46a4d168d0cdbdbccd04dab6951a2112807ff2888d4c4b0a","properties":{"boundary_candidate_id":"admbnd:nngla:124a2d2e23a87bff46a4d168d0cdbdbccd04dab6951a2112807ff2888d4c4b0a","administrative_candidate_id":"NG-ADM-CAND-000111","administrative_area_id":"NG-ADM-000111","source_record_id":"NGP-000356","administrative_type_code":"CITY_DISTRICT","canonical_name":"East Tram","parent_source_record_id":"NGP-000346","parent_administrative_area_id":"NG-ADM-000101","region_code":"NGR-05","geometry_role_code":"ADMINISTRATIVE_BOUNDARY","geometry_reservation_key":"p006.7.11.11:administrative-boundary:NG-ADM-000111","geometry_id":"","geometry_id_state":"PENDING_GOVERNED_LIVE_RESERVATION","geometry_type_code":"POLYGON","crs_code":"NG-CRS-EPSG4326","authoring_basis":"HIERARCHY_AWARE_VORONOI_PARTITION","qualification_status":"QUALIFIED","legalization_status":"APPROVED_FOR_GOVERNED_LIVE_APPLICATION","resulting_boundary_status":"LEGALIZED","resulting_lifecycle_status":"ACTIVE","runtime_mode":"production","runtime_effect_scope":"SHARED_REFERENCE","publication_status":"NOT_PUBLISHED"},"geometry":{"type":"Polygon","coordinates":[[[38.07793777747142,-1.1962127432023084],[38.07715443150868,-1.1945160755700077],[38.08482919891842,-1.1413163695121584],[38.14966496156779,-0.9556648440324975],[38.11695081649823,-1.0989063487281718],[38.29384279749462,-1.2012947243372192],[38.282397020988356,-1.295260308476882],[38.282397020988356,-1.2952603084768823],[38.07793777747142,-1.1962127432023084]]]}},{"type":"Feature","id":"admbnd:nngla:ec4e75a2f8d358b8f7aa02f4d4c3cabb0f998aec9f5b46a17eac2f7e7795dd2d","properties":{"boundary_candidate_id":"admbnd:nngla:ec4e75a2f8d358b8f7aa02f4d4c3cabb0f998aec9f5b46a17eac2f7e7795dd2d","administrative_candidate_id":"NG-ADM-CAND-000112","administrative_area_id":"NG-ADM-000112","source_record_id":"NGP-000357","administrative_type_code":"CITY_DISTRICT","canonical_name":"Rainmarket","parent_source_record_id":"NGP-000346","parent_administrative_area_id":"NG-ADM-000101","region_code":"NGR-05","geometry_role_code":"ADMINISTRATIVE_BOUNDARY","geometry_reservation_key":"p006.7.11.11:administrative-boundary:NG-ADM-000112","geometry_id":"","geometry_id_state":"PENDING_GOVERNED_LIVE_RESERVATION","geometry_type_code":"POLYGON","crs_code":"NG-CRS-EPSG4326","authoring_basis":"HIERARCHY_AWARE_VORONOI_PARTITION","qualification_status":"QUALIFIED","legalization_status":"APPROVED_FOR_GOVERNED_LIVE_APPLICATION","resulting_boundary_status":"LEGALIZED","resulting_lifecycle_status":"ACTIVE","runtime_mode":"production","runtime_effect_scope":"SHARED_REFERENCE","publication_status":"NOT_PUBLISHED"},"geometry":{"type":"Polygon","coordinates":[[[38.047415134762595,-1.266086072594355],[38.07931363789516,-1.2164187372960351],[38.13380491011937,-1.3441295294237177],[38.047415134762595,-1.266086072594355]]]}},{"type":"Feature","id":"admbnd:nngla:ec27ee6966f527642ce6535f2510c4ee656ad61d6712d6408650e00a5393a847","properties":{"boundary_candidate_id":"admbnd:nngla:ec27ee6966f527642ce6535f2510c4ee656ad61d6712d6408650e00a5393a847","administrative_candidate_id":"NG-ADM-CAND-000113","administrative_area_id":"NG-ADM-000113","source_record_id":"NGP-000385","administrative_type_code":"TOWNSHIP","canonical_name":"Canopy Lower","parent_source_record_id":"NGP-000347","parent_administrative_area_id":"NG-ADM-000102","region_code":"NGR-05","geometry_role_code":"ADMINISTRATIVE_BOUNDARY","geometry_reservation_key":"p006.7.11.11:administrative-boundary:NG-ADM-000113","geometry_id":"","geometry_id_state":"PENDING_GOVERNED_LIVE_RESERVATION","geometry_type_code":"POLYGON","crs_code":"NG-CRS-EPSG4326","authoring_basis":"HIERARCHY_AWARE_VORONOI_PARTITION","qualification_status":"QUALIFIED","legalization_status":"APPROVED_FOR_GOVERNED_LIVE_APPLICATION","resulting_boundary_status":"LEGALIZED","resulting_lifecycle_status":"ACTIVE","runtime_mode":"production","runtime_effect_scope":"SHARED_REFERENCE","publication_status":"NOT_PUBLISHED"},"geometry":{"type":"Polygon","coordinates":[[[38.399190306523636,-1.0615976389019661],[38.71682456038104,-1.032356938851375],[38.99668031887004,-1.1727297886608241],[41.02342812779262,-1.7950278130378725],[41.406809263115115,-2.883201939146542],[41.25300970219854,-3.213971851099265],[41.134832752588736,-3.344409220711008],[39.92911962993256,-2.985901413136402],[39.91224706445357,-2.977356180203405],[39.590417601711934,-2.8208112422839084],[38.96138811364019,-2.587652430471362],[38.3665345708787,-2.2630868654853296],[38.282649027474186,-1.5723845682744622],[38.282397020988356,-1.295260308476882],[38.29384279749462,-1.2012947243372192],[38.29384279749462,-1.2012947243372183],[38.399190306523636,-1.0615976389019661]]]}},{"type":"Feature","id":"admbnd:nngla:a842032a194ed7b72cec876cb85ea4fcc4dfbb170882e259201303706c51832b","properties":{"boundary_candidate_id":"admbnd:nngla:a842032a194ed7b72cec876cb85ea4fcc4dfbb170882e259201303706c51832b","administrative_candidate_id":"NG-ADM-CAND-000114","administrative_area_id":"NG-ADM-000114","source_record_id":"NGP-000386","administrative_type_code":"TOWNSHIP","canonical_name":"Rainsong Junction","parent_source_record_id":"NGP-000347","parent_administrative_area_id":"NG-ADM-000102","region_code":"NGR-05","geometry_role_code":"ADMINISTRATIVE_BOUNDARY","geometry_reservation_key":"p006.7.11.11:administrative-boundary:NG-ADM-000114","geometry_id":"","geometry_id_state":"PENDING_GOVERNED_LIVE_RESERVATION","geometry_type_code":"POLYGON","crs_code":"NG-CRS-EPSG4326","authoring_basis":"HIERARCHY_AWARE_VORONOI_PARTITION","qualification_status":"QUALIFIED","legalization_status":"APPROVED_FOR_GOVERNED_LIVE_APPLICATION","resulting_boundary_status":"LEGALIZED","resulting_lifecycle_status":"ACTIVE","runtime_mode":"production","runtime_effect_scope":"SHARED_REFERENCE","publication_status":"NOT_PUBLISHED"},"geometry":{"type":"Polygon","coordinates":[[[38.399190306523636,-1.0615976389019661],[38.29384279749462,-1.2012947243372183],[38.11695081649823,-1.0989063487281718],[38.17470059556917,-0.8460443151223226],[38.22390646450975,-0.8762330807300133],[38.22390646450975,-0.8762330807300127],[38.399190306523636,-1.0615976389019661]]]}},{"type":"Feature","id":"admbnd:nngla:08aff91cf7b26af42de1cf72affef1e3f650ec5e5d4f90fa223de8f1d715e286","properties":{"boundary_candidate_id":"admbnd:nngla:08aff91cf7b26af42de1cf72affef1e3f650ec5e5d4f90fa223de8f1d715e286","administrative_candidate_id":"NG-ADM-CAND-000115","administrative_area_id":"NG-ADM-000115","source_record_id":"NGP-000387","administrative_type_code":"TOWNSHIP","canonical_name":"Cedar Clearing","parent_source_record_id":"NGP-000347","parent_administrative_area_id":"NG-ADM-000102","region_code":"NGR-05","geometry_role_code":"ADMINISTRATIVE_BOUNDARY","geometry_reservation_key":"p006.7.11.11:administrative-boundary:NG-ADM-000115","geometry_id":"","geometry_id_state":"PENDING_GOVERNED_LIVE_RESERVATION","geometry_type_code":"POLYGON","crs_code":"NG-CRS-EPSG4326","authoring_basis":"HIERARCHY_AWARE_VORONOI_PARTITION","qualification_status":"QUALIFIED","legalization_status":"APPROVED_FOR_GOVERNED_LIVE_APPLICATION","resulting_boundary_status":"LEGALIZED","resulting_lifecycle_status":"ACTIVE","runtime_mode":"production","runtime_effect_scope":"SHARED_REFERENCE","publication_status":"NOT_PUBLISHED"},"geometry":{"type":"Polygon","coordinates":[[[38.399190306523636,-1.0615976389019661],[38.22390646450975,-0.8762330807300127],[38.46370059669723,-0.8148556886393695],[38.51761774638624,-0.9468533755946897],[38.64641906226924,-0.9970422450763827],[38.71682456038104,-1.032356938851375],[38.399190306523636,-1.0615976389019661]]]}},{"type":"Feature","id":"admbnd:nngla:314780b85a9c1f753eac4267154d7f4de2396594303aa29e4d2db4d2db1cd4b6","properties":{"boundary_candidate_id":"admbnd:nngla:314780b85a9c1f753eac4267154d7f4de2396594303aa29e4d2db4d2db1cd4b6","administrative_candidate_id":"NG-ADM-CAND-000116","administrative_area_id":"NG-ADM-000116","source_record_id":"NGP-000388","administrative_type_code":"TOWNSHIP","canonical_name":"Ashara East","parent_source_record_id":"NGP-000348","parent_administrative_area_id":"NG-ADM-000103","region_code":"NGR-05","geometry_role_code":"ADMINISTRATIVE_BOUNDARY","geometry_reservation_key":"p006.7.11.11:administrative-boundary:NG-ADM-000116","geometry_id":"","geometry_id_state":"PENDING_GOVERNED_LIVE_RESERVATION","geometry_type_code":"POLYGON","crs_code":"NG-CRS-EPSG4326","authoring_basis":"HIERARCHY_AWARE_VORONOI_PARTITION","qualification_status":"QUALIFIED","legalization_status":"APPROVED_FOR_GOVERNED_LIVE_APPLICATION","resulting_boundary_status":"LEGALIZED","resulting_lifecycle_status":"ACTIVE","runtime_mode":"production","runtime_effect_scope":"SHARED_REFERENCE","publication_status":"NOT_PUBLISHED"},"geometry":{"type":"Polygon","coordinates":[[[37.74787629124069,-0.8360733348724473],[37.742634901497475,-1.2041258553891467],[37.73218852380124,-1.2240424236354348],[37.6118143613142,-1.4074484407293741],[37.24690878111665,-1.8650648560009868],[36.96150230969826,-1.8532412957788467],[36.90387295835217,-1.8537563928424567],[36.23227405597483,-1.7329638315116989],[35.07901133518815,-1.5950588384914217],[35.68865337195996,-1.0017588953889422],[36.53150195171455,-0.6025107702054301],[36.88588817140905,-0.3045075775700755],[37.74787629124069,-0.8360733348724473]]]}},{"type":"Feature","id":"admbnd:nngla:18b021365850f4ab9ee61929fbb5e4163c358cd5d5fe6ce645988e2ba9b9c621","properties":{"boundary_candidate_id":"admbnd:nngla:18b021365850f4ab9ee61929fbb5e4163c358cd5d5fe6ce645988e2ba9b9c621","administrative_candidate_id":"NG-ADM-CAND-000117","administrative_area_id":"NG-ADM-000117","source_record_id":"NGP-000389","administrative_type_code":"TOWNSHIP","canonical_name":"Tekkan Row","parent_source_record_id":"NGP-000348","parent_administrative_area_id":"NG-ADM-000103","region_code":"NGR-05","geometry_role_code":"ADMINISTRATIVE_BOUNDARY","geometry_reservation_key":"p006.7.11.11:administrative-boundary:NG-ADM-000117","geometry_id":"","geometry_id_state":"PENDING_GOVERNED_LIVE_RESERVATION","geometry_type_code":"POLYGON","crs_code":"NG-CRS-EPSG4326","authoring_basis":"HIERARCHY_AWARE_VORONOI_PARTITION","qualification_status":"QUALIFIED","legalization_status":"APPROVED_FOR_GOVERNED_LIVE_APPLICATION","resulting_boundary_status":"LEGALIZED","resulting_lifecycle_status":"ACTIVE","runtime_mode":"production","runtime_effect_scope":"SHARED_REFERENCE","publication_status":"NOT_PUBLISHED"},"geometry":{"type":"Polygon","coordinates":[[[37.74787629124069,-0.8360733348724473],[36.88588817140905,-0.30450757757007463],[37.07054689676864,-0.14922814894959832],[37.17561172595727,-0.06738945897404007],[37.782813042117375,0.14276178789547203],[38.00328466874691,0.4398820948716906],[38.24555248212169,0.6803330713133109],[38.19049689150076,-0.21865072251061518],[38.10366400818921,-0.695875177710025],[38.122167040584515,-0.765464070901068],[37.74787629124069,-0.8360733348724473]]]}},{"type":"Feature","id":"admbnd:nngla:77ae407399441934c6173b95b426a544f8cea1b5a966a56f8e3942f2c0c12655","properties":{"boundary_candidate_id":"admbnd:nngla:77ae407399441934c6173b95b426a544f8cea1b5a966a56f8e3942f2c0c12655","administrative_candidate_id":"NG-ADM-CAND-000118","administrative_area_id":"NG-ADM-000118","source_record_id":"NGP-000390","administrative_type_code":"TOWNSHIP","canonical_name":"Marula Crossing","parent_source_record_id":"NGP-000348","parent_administrative_area_id":"NG-ADM-000103","region_code":"NGR-05","geometry_role_code":"ADMINISTRATIVE_BOUNDARY","geometry_reservation_key":"p006.7.11.11:administrative-boundary:NG-ADM-000118","geometry_id":"","geometry_id_state":"PENDING_GOVERNED_LIVE_RESERVATION","geometry_type_code":"POLYGON","crs_code":"NG-CRS-EPSG4326","authoring_basis":"HIERARCHY_AWARE_VORONOI_PARTITION","qualification_status":"QUALIFIED","legalization_status":"APPROVED_FOR_GOVERNED_LIVE_APPLICATION","resulting_boundary_status":"LEGALIZED","resulting_lifecycle_status":"ACTIVE","runtime_mode":"production","runtime_effect_scope":"SHARED_REFERENCE","publication_status":"NOT_PUBLISHED"},"geometry":{"type":"Polygon","coordinates":[[[37.74787629124069,-0.8360733348724473],[38.122167040584515,-0.765464070901068],[38.12455838177557,-0.7744577743747693],[37.95095150050214,-0.9952205372838747],[37.9272679477641,-1.0638988543601815],[37.742634901497475,-1.2041258553891467],[37.74787629124069,-0.8360733348724473]]]}},{"type":"Feature","id":"admbnd:nngla:35facb9c34ec17116255a6fe6eba91773da79449a31ea333c1aaff871d7666e6","properties":{"boundary_candidate_id":"admbnd:nngla:35facb9c34ec17116255a6fe6eba91773da79449a31ea333c1aaff871d7666e6","administrative_candidate_id":"NG-ADM-CAND-000119","administrative_area_id":"NG-ADM-000119","source_record_id":"NGP-000391","administrative_type_code":"TOWNSHIP","canonical_name":"Mossbridge South","parent_source_record_id":"NGP-000349","parent_administrative_area_id":"NG-ADM-000104","region_code":"NGR-05","geometry_role_code":"ADMINISTRATIVE_BOUNDARY","geometry_reservation_key":"p006.7.11.11:administrative-boundary:NG-ADM-000119","geometry_id":"","geometry_id_state":"PENDING_GOVERNED_LIVE_RESERVATION","geometry_type_code":"POLYGON","crs_code":"NG-CRS-EPSG4326","authoring_basis":"HIERARCHY_AWARE_VORONOI_PARTITION","qualification_status":"QUALIFIED","legalization_status":"APPROVED_FOR_GOVERNED_LIVE_APPLICATION","resulting_boundary_status":"LEGALIZED","resulting_lifecycle_status":"ACTIVE","runtime_mode":"production","runtime_effect_scope":"SHARED_REFERENCE","publication_status":"NOT_PUBLISHED"},"geometry":{"type":"Polygon","coordinates":[[[38.498605930898634,-0.6839661432785613],[38.743426687447815,1.126160917358845],[39.73974069225912,1.9721665233461667],[39.87050952027748,2.0879112057258107],[40.05432814869836,1.9342431387540295],[40.116868730416165,1.510654762308593],[40.28983080858501,0.5744944495776783],[40.31250016259054,0.48180431859322337],[40.491046001571554,-0.24823135855237605],[40.64434165459125,-0.6796618377862562],[40.69197113340832,-0.8234320065873851],[40.92555778266842,-1.517236426177134],[41.02342812779262,-1.7950278130378725],[38.99668031887004,-1.1727297886608241],[38.64641906226924,-0.9970422450763827],[38.498605930898634,-0.6839661432785613]]]}},{"type":"Feature","id":"admbnd:nngla:20fe6f3c2ca93803816401577a0af2b553fa1f78cd9c54acb3792b5833a2fab6","properties":{"boundary_candidate_id":"admbnd:nngla:20fe6f3c2ca93803816401577a0af2b553fa1f78cd9c54acb3792b5833a2fab6","administrative_candidate_id":"NG-ADM-CAND-000120","administrative_area_id":"NG-ADM-000120","source_record_id":"NGP-000392","administrative_type_code":"TOWNSHIP","canonical_name":"Fernline","parent_source_record_id":"NGP-000349","parent_administrative_area_id":"NG-ADM-000104","region_code":"NGR-05","geometry_role_code":"ADMINISTRATIVE_BOUNDARY","geometry_reservation_key":"p006.7.11.11:administrative-boundary:NG-ADM-000120","geometry_id":"","geometry_id_state":"PENDING_GOVERNED_LIVE_RESERVATION","geometry_type_code":"POLYGON","crs_code":"NG-CRS-EPSG4326","authoring_basis":"HIERARCHY_AWARE_VORONOI_PARTITION","qualification_status":"QUALIFIED","legalization_status":"APPROVED_FOR_GOVERNED_LIVE_APPLICATION","resulting_boundary_status":"LEGALIZED","resulting_lifecycle_status":"ACTIVE","runtime_mode":"production","runtime_effect_scope":"SHARED_REFERENCE","publication_status":"NOT_PUBLISHED"},"geometry":{"type":"Polygon","coordinates":[[[38.498605930898634,-0.6839661432785613],[38.64641906226924,-0.9970422450763827],[38.51761774638624,-0.9468533755946897],[38.46370059669723,-0.8148556886393695],[38.498605930898634,-0.6839661432785613]]]}},{"type":"Feature","id":"admbnd:nngla:593b1eac15ebb82592477edb6fe79081de4db6f149c63a44850d334e3bd9f7e3","properties":{"boundary_candidate_id":"admbnd:nngla:593b1eac15ebb82592477edb6fe79081de4db6f149c63a44850d334e3bd9f7e3","administrative_candidate_id":"NG-ADM-CAND-000121","administrative_area_id":"NG-ADM-000121","source_record_id":"NGP-000393","administrative_type_code":"TOWNSHIP","canonical_name":"Timber Camp","parent_source_record_id":"NGP-000349","parent_administrative_area_id":"NG-ADM-000104","region_code":"NGR-05","geometry_role_code":"ADMINISTRATIVE_BOUNDARY","geometry_reservation_key":"p006.7.11.11:administrative-boundary:NG-ADM-000121","geometry_id":"","geometry_id_state":"PENDING_GOVERNED_LIVE_RESERVATION","geometry_type_code":"POLYGON","crs_code":"NG-CRS-EPSG4326","authoring_basis":"HIERARCHY_AWARE_VORONOI_PARTITION","qualification_status":"QUALIFIED","legalization_status":"APPROVED_FOR_GOVERNED_LIVE_APPLICATION","resulting_boundary_status":"LEGALIZED","resulting_lifecycle_status":"ACTIVE","runtime_mode":"production","runtime_effect_scope":"SHARED_REFERENCE","publication_status":"NOT_PUBLISHED"},"geometry":{"type":"Polygon","coordinates":[[[38.498605930898634,-0.6839661432785613],[38.46370059669723,-0.814855688639373],[38.46370059669723,-0.8148556886393695],[38.22390646450975,-0.8762330807300133],[38.17470059556917,-0.8460443151223226],[38.12455838177557,-0.7744577743747693],[38.10366400818921,-0.695875177710025],[38.19049689150076,-0.21865072251061518],[38.24555248212169,0.6803330713133109],[38.40643655436643,0.8400106270161342],[38.743426687447815,1.126160917358845],[38.498605930898634,-0.6839661432785613]]]}},{"type":"Feature","id":"admbnd:nngla:6d078e831edf3ba010f0a60fff23f0b6e235b9599224d4ff8483fa7a1cc00b93","properties":{"boundary_candidate_id":"admbnd:nngla:6d078e831edf3ba010f0a60fff23f0b6e235b9599224d4ff8483fa7a1cc00b93","administrative_candidate_id":"NG-ADM-CAND-000122","administrative_area_id":"NG-ADM-000122","source_record_id":"NGP-000429","administrative_type_code":"INDUSTRIAL_ZONE","canonical_name":"Tekharo BioWorks Campus","parent_source_record_id":"NGP-000346","parent_administrative_area_id":"NG-ADM-000101","region_code":"NGR-05","geometry_role_code":"ADMINISTRATIVE_BOUNDARY","geometry_reservation_key":"p006.7.11.11:administrative-boundary:NG-ADM-000122","geometry_id":"","geometry_id_state":"PENDING_GOVERNED_LIVE_RESERVATION","geometry_type_code":"POLYGON","crs_code":"NG-CRS-EPSG4326","authoring_basis":"PARENT_CLIPPED_SPECIAL_PURPOSE_OVERLAY_BUFFER","qualification_status":"QUALIFIED","legalization_status":"APPROVED_FOR_GOVERNED_LIVE_APPLICATION","resulting_boundary_status":"LEGALIZED","resulting_lifecycle_status":"ACTIVE","runtime_mode":"production","runtime_effect_scope":"SHARED_REFERENCE","publication_status":"NOT_PUBLISHED"},"geometry":{"type":"Polygon","coordinates":[[[38.08725201876182,-1.0315306786499023],[38.08610366218301,-1.0373038570296136],[38.08421157896301,-1.0428777544564292],[38.0816081431703,-1.048157],[38.0783379003131,-1.0530512643053924],[38.074456805153396,-1.0574768051533947],[38.07003126430539,-1.0613579003131057],[38.065137,-1.0646281431702997],[38.05985775445643,-1.067231578963008],[38.05428385702961,-1.069123662183008],[38.048510678649905,-1.0702720187618215],[38.042637,-1.070657],[38.036763321350094,-1.0702720187618215],[38.03099014297039,-1.069123662183008],[38.02541624554357,-1.067231578963008],[38.020137,-1.0646281431702997],[38.015242735694606,-1.0613579003131057],[38.0108171948466,-1.0574768051533947],[38.0069360996869,-1.0530512643053924],[38.0036658568297,-1.048157],[38.00106242103699,-1.0428777544564292],[37.99917033781699,-1.0373038570296136],[37.998021981238175,-1.0315306786499023],[37.997637,-1.025657],[37.998021981238175,-1.0197833213500977],[37.99917033781699,-1.0140101429703867],[38.00106242103699,-1.008436245543571],[38.0036658568297,-1.003157],[38.0069360996869,-0.9982627356946077],[38.0108171948466,-0.9938371948466054],[38.015242735694606,-0.9899560996868945],[38.020137,-0.9866858568297003],[38.02541624554357,-0.9840824210369922],[38.03099014297039,-0.9821903378169919],[38.036763321350094,-0.9810419812381785],[38.042637,-0.980657],[38.048510678649905,-0.9810419812381785],[38.05428385702961,-0.9821903378169919],[38.05985775445643,-0.9840824210369922],[38.065137,-0.9866858568297003],[38.07003126430539,-0.9899560996868945],[38.074456805153396,-0.9938371948466054],[38.0783379003131,-0.9982627356946076],[38.0816081431703,-1.003157],[38.08421157896301,-1.008436245543571],[38.08610366218301,-1.0140101429703865],[38.08725201876182,-1.0197833213500977],[38.087637,-1.025657],[38.08725201876182,-1.0315306786499023]]]}},{"type":"Feature","id":"admbnd:nngla:5d99624617d847825935413e62e3887853183909bb6e7e6a92eb5f5d648a8c06","properties":{"boundary_candidate_id":"admbnd:nngla:5d99624617d847825935413e62e3887853183909bb6e7e6a92eb5f5d648a8c06","administrative_candidate_id":"NG-ADM-CAND-000123","administrative_area_id":"NG-ADM-000123","source_record_id":"NGP-000430","administrative_type_code":"INDUSTRIAL_ZONE","canonical_name":"Timberloop Industrial Estate","parent_source_record_id":"NGP-000348","parent_administrative_area_id":"NG-ADM-000103","region_code":"NGR-05","geometry_role_code":"ADMINISTRATIVE_BOUNDARY","geometry_reservation_key":"p006.7.11.11:administrative-boundary:NG-ADM-000123","geometry_id":"","geometry_id_state":"PENDING_GOVERNED_LIVE_RESERVATION","geometry_type_code":"POLYGON","crs_code":"NG-CRS-EPSG4326","authoring_basis":"PARENT_CLIPPED_SPECIAL_PURPOSE_OVERLAY_BUFFER","qualification_status":"QUALIFIED","legalization_status":"APPROVED_FOR_GOVERNED_LIVE_APPLICATION","resulting_boundary_status":"LEGALIZED","resulting_lifecycle_status":"ACTIVE","runtime_mode":"production","runtime_effect_scope":"SHARED_REFERENCE","publication_status":"NOT_PUBLISHED"},"geometry":{"type":"Polygon","coordinates":[[[37.94437101876182,-0.9191696786499023],[37.943222662183004,-0.9249428570296134],[37.941330578963004,-0.930516754456429],[37.9387271431703,-0.935796],[37.9354569003131,-0.9406902643053924],[37.93157580515339,-0.9451158051533947],[37.92715026430539,-0.9489969003131056],[37.922256,-0.9522671431702997],[37.91697675445643,-0.9548705789630079],[37.91140285702961,-0.9567626621830081],[37.9056296786499,-0.9579110187618215],[37.899756,-0.958296],[37.89388232135009,-0.9579110187618215],[37.888109142970386,-0.9567626621830081],[37.882535245543565,-0.9548705789630079],[37.877255999999996,-0.9522671431702997],[37.872361735694604,-0.9489969003131056],[37.8679361948466,-0.9451158051533947],[37.864055099686894,-0.9406902643053925],[37.860784856829696,-0.935796],[37.85818142103699,-0.930516754456429],[37.85628933781699,-0.9249428570296134],[37.85514098123817,-0.9191696786499023],[37.854755999999995,-0.913296],[37.85514098123817,-0.9074223213500977],[37.85628933781699,-0.9016491429703866],[37.85818142103699,-0.896075245543571],[37.860784856829696,-0.890796],[37.864055099686894,-0.8859017356946076],[37.8679361948466,-0.8814761948466053],[37.872361735694604,-0.8775950996868944],[37.877255999999996,-0.8743248568297003],[37.882535245543565,-0.8717214210369921],[37.888109142970386,-0.8698293378169919],[37.89388232135009,-0.8686809812381785],[37.899756,-0.868296],[37.9056296786499,-0.8686809812381785],[37.91140285702961,-0.8698293378169919],[37.91697675445643,-0.8717214210369921],[37.922256,-0.8743248568297003],[37.92715026430539,-0.8775950996868944],[37.93157580515339,-0.8814761948466053],[37.9354569003131,-0.8859017356946075],[37.9387271431703,-0.8907959999999999],[37.941330578963004,-0.896075245543571],[37.943222662183004,-0.9016491429703866],[37.94437101876182,-0.9074223213500976],[37.944756,-0.913296],[37.94437101876182,-0.9191696786499023]]]}},{"type":"Feature","id":"admbnd:nngla:93872d6452d61b3cb51219ebb3cd7e82fa192d8dcf5a6a5305da3031977f3136","properties":{"boundary_candidate_id":"admbnd:nngla:93872d6452d61b3cb51219ebb3cd7e82fa192d8dcf5a6a5305da3031977f3136","administrative_candidate_id":"NG-ADM-CAND-000124","administrative_area_id":"NG-ADM-000124","source_record_id":"NGP-000432","administrative_type_code":"CITY","canonical_name":"Redhaven","parent_source_record_id":"NGR-06","parent_administrative_area_id":"NG-ADM-000006","region_code":"NGR-06","geometry_role_code":"ADMINISTRATIVE_BOUNDARY","geometry_reservation_key":"p006.7.11.11:administrative-boundary:NG-ADM-000124","geometry_id":"","geometry_id_state":"PENDING_GOVERNED_LIVE_RESERVATION","geometry_type_code":"POLYGON","crs_code":"NG-CRS-EPSG4326","authoring_basis":"HIERARCHY_AWARE_VORONOI_PARTITION","qualification_status":"QUALIFIED","legalization_status":"APPROVED_FOR_GOVERNED_LIVE_APPLICATION","resulting_boundary_status":"LEGALIZED","resulting_lifecycle_status":"ACTIVE","runtime_mode":"production","runtime_effect_scope":"SHARED_REFERENCE","publication_status":"NOT_PUBLISHED"},"geometry":{"type":"Polygon","coordinates":[[[30.459820946378034,-6.096592515942107],[30.444299,-6.090915],[30.345209,-6.046272],[30.330343555007754,-6.038562836160678],[30.481661654306055,-5.760117265954933],[30.557135631767274,-5.6878556454673594],[30.78964837291595,-5.359773131073178],[30.810002195191007,-5.228819441269125],[30.99867024756048,-4.992996670668912],[33.17198645707148,-1.9771793819896828],[33.343211825067996,-2.1256116379309273],[33.38182071269004,-2.304562393909564],[33.4669357047628,-2.5355291625926637],[31.539536039140213,-5.102295592462357],[31.377813499846535,-5.289416855884285],[31.33942546724633,-5.318519425286224],[31.32665567949053,-5.331495051579705],[31.141813221343593,-5.538936103014869],[31.03916919785331,-5.8260019862135],[30.459820946378034,-6.096592515942107]]]}},{"type":"Feature","id":"admbnd:nngla:4f1723805ac08ce408d9212e466909423972ab89045ae8c8500c3d388a40e72a","properties":{"boundary_candidate_id":"admbnd:nngla:4f1723805ac08ce408d9212e466909423972ab89045ae8c8500c3d388a40e72a","administrative_candidate_id":"NG-ADM-CAND-000125","administrative_area_id":"NG-ADM-000125","source_record_id":"NGP-000433","administrative_type_code":"MUNICIPALITY","canonical_name":"Zarqen","parent_source_record_id":"NGR-06","parent_administrative_area_id":"NG-ADM-000006","region_code":"NGR-06","geometry_role_code":"ADMINISTRATIVE_BOUNDARY","geometry_reservation_key":"p006.7.11.11:administrative-boundary:NG-ADM-000125","geometry_id":"","geometry_id_state":"PENDING_GOVERNED_LIVE_RESERVATION","geometry_type_code":"POLYGON","crs_code":"NG-CRS-EPSG4326","authoring_basis":"HIERARCHY_AWARE_VORONOI_PARTITION","qualification_status":"QUALIFIED","legalization_status":"APPROVED_FOR_GOVERNED_LIVE_APPLICATION","resulting_boundary_status":"LEGALIZED","resulting_lifecycle_status":"ACTIVE","runtime_mode":"production","runtime_effect_scope":"SHARED_REFERENCE","publication_status":"NOT_PUBLISHED"},"geometry":{"type":"Polygon","coordinates":[[[31.440873125733233,-5.899309323771487],[34.97521338724262,-6.481700163019683],[35.20937936628664,-7.045747643614725],[35.41268774840943,-7.495024031895481],[35.449355263931544,-7.59076530868773],[35.384793,-7.580265],[35.241661,-7.556836],[35.099481,-7.527967],[34.955814,-7.507591],[34.812789,-7.483554],[34.670611,-7.454673],[34.528369,-7.426159],[34.386416,-7.39599],[34.243262,-7.372689],[34.1,-7.35],[33.960816,-7.310354],[33.820453,-7.274887],[33.679919,-7.240028],[33.540757,-7.200302],[33.401775,-7.15994],[33.264497,-7.113536],[33.125087,-7.074691],[32.985543,-7.036323],[32.847414,-6.992936],[32.708436,-6.952559],[32.570129,-6.909801],[32.429908,-6.873833],[32.289485,-6.838578],[32.15,-6.8],[32.04735,-6.763735],[31.946333,-6.723629],[31.847560049804038,-6.682218641708917],[31.846125,-6.681617],[31.749527,-6.631112],[31.65525,-6.575148],[31.555508,-6.532039],[31.452459,-6.496715],[31.41790216309015,-6.479835988566884],[31.354691,-6.448961],[31.258619,-6.397219],[31.158939,-6.353968],[31.061767,-6.304812],[30.966931,-6.250163],[30.945450534242536,-6.242756345661634],[30.912672079535408,-6.2314540449339555],[30.863958,-6.214657],[30.754417,-6.194608],[30.648697,-6.165566],[30.546477,-6.128289],[30.480350423964897,-6.104101653871322],[30.459820946378034,-6.096592515942107],[31.03916919785331,-5.8260019862135],[31.226029309390103,-5.857575767811068],[31.338337618803905,-5.923555027083321],[31.440873125733233,-5.899309323771487]]]}},{"type":"Feature","id":"admbnd:nngla:9e5ab354fedae80ba9de1a8a1d0a6c2c0c689c0f081d94578a2d250684fa29d3","properties":{"boundary_candidate_id":"admbnd:nngla:9e5ab354fedae80ba9de1a8a1d0a6c2c0c689c0f081d94578a2d250684fa29d3","administrative_candidate_id":"NG-ADM-CAND-000126","administrative_area_id":"NG-ADM-000126","source_record_id":"NGP-000434","administrative_type_code":"MUNICIPALITY","canonical_name":"Dustmere","parent_source_record_id":"NGR-06","parent_administrative_area_id":"NG-ADM-000006","region_code":"NGR-06","geometry_role_code":"ADMINISTRATIVE_BOUNDARY","geometry_reservation_key":"p006.7.11.11:administrative-boundary:NG-ADM-000126","geometry_id":"","geometry_id_state":"PENDING_GOVERNED_LIVE_RESERVATION","geometry_type_code":"POLYGON","crs_code":"NG-CRS-EPSG4326","authoring_basis":"HIERARCHY_AWARE_VORONOI_PARTITION","qualification_status":"QUALIFIED","legalization_status":"APPROVED_FOR_GOVERNED_LIVE_APPLICATION","resulting_boundary_status":"LEGALIZED","resulting_lifecycle_status":"ACTIVE","runtime_mode":"production","runtime_effect_scope":"SHARED_REFERENCE","publication_status":"NOT_PUBLISHED"},"geometry":{"type":"Polygon","coordinates":[[[30.78964837291595,-5.359773131073178],[30.557135631767274,-5.6878556454673594],[30.481661654306055,-5.760117265954933],[30.330343555007754,-6.038562836160678],[30.248469,-5.996103],[30.157442652811746,-5.953484636003006],[30.15,-5.95],[30.133534805433296,-5.908259874059756],[30.116022,-5.863864],[30.080676,-5.778197],[30.046741,-5.692046],[30.010907,-5.606546],[29.982559,-5.51848],[29.962067,-5.42772],[29.929485,-5.341105],[29.887509,-5.257711],[29.859876,-5.1694],[29.856501456435023,-5.1522061919715965],[29.841894,-5.077779],[29.818431,-4.988038],[29.801493,-4.896059],[29.793308,-4.80108],[29.768843,-4.711682],[29.725547,-4.628741],[29.684892,-4.544894],[29.64907,-4.45939],[29.611718,-4.374411],[29.578961,-4.287856],[29.55,-4.2],[29.526143,-4.091011],[29.506481,-3.981355],[29.489232,-3.871315],[29.48793293671665,-3.8525334676467473],[29.481516,-3.759759],[29.478163,-3.647508],[29.460047,-3.537606],[29.43525,-3.428767],[29.424154,-3.317748],[29.415413,-3.206355],[29.397791,-3.096374],[29.387755,-2.985187],[29.381929,-2.873329],[29.354301,-2.764941],[29.312338,-2.658833],[29.2816,-2.550939],[29.258946,-2.441759],[29.236574,-2.332534],[29.234187391316354,-2.3136209130513725],[29.222622,-2.221969],[29.213766,-2.110594],[29.2,-2.0],[29.194681,-1.877366],[29.192774,-1.754524],[29.19722,-1.631293],[29.199681,-1.508183],[29.185387,-1.386099],[29.166667,-1.264286],[29.159156,-1.141786],[29.149286,-1.019431],[29.133081,-0.897464],[29.12854,-0.774783],[29.125808,-0.651991],[29.101703,-0.530508],[29.072613,-0.40933],[29.061687,-0.28704],[29.057966,-0.164308],[29.053652,-0.041613],[29.058173,0.081623],[29.06425,0.204954],[29.06356072611816,0.22240825313139342],[30.21461328866049,-0.25505884919381006],[30.32193961652809,-0.2995787889756764],[31.846796714727038,-0.8283957332350685],[33.17198645707148,-1.9771793819896828],[30.99867024756048,-4.992996670668912],[30.810002195191007,-5.228819441269125],[30.78964837291595,-5.359773131073178]]]}},{"type":"Feature","id":"admbnd:nngla:bf996f4993965b7eef39eefce06cb6cab6b0389c3739ddb50779e95aff2001b6","properties":{"boundary_candidate_id":"admbnd:nngla:bf996f4993965b7eef39eefce06cb6cab6b0389c3739ddb50779e95aff2001b6","administrative_candidate_id":"NG-ADM-CAND-000127","administrative_area_id":"NG-ADM-000127","source_record_id":"NGP-000435","administrative_type_code":"MUNICIPALITY","canonical_name":"Sunward","parent_source_record_id":"NGR-06","parent_administrative_area_id":"NG-ADM-000006","region_code":"NGR-06","geometry_role_code":"ADMINISTRATIVE_BOUNDARY","geometry_reservation_key":"p006.7.11.11:administrative-boundary:NG-ADM-000127","geometry_id":"","geometry_id_state":"PENDING_GOVERNED_LIVE_RESERVATION","geometry_type_code":"POLYGON","crs_code":"NG-CRS-EPSG4326","authoring_basis":"HIERARCHY_AWARE_VORONOI_PARTITION","qualification_status":"QUALIFIED","legalization_status":"APPROVED_FOR_GOVERNED_LIVE_APPLICATION","resulting_boundary_status":"LEGALIZED","resulting_lifecycle_status":"ACTIVE","runtime_mode":"production","runtime_effect_scope":"SHARED_REFERENCE","publication_status":"NOT_PUBLISHED"},"geometry":{"type":"Polygon","coordinates":[[[31.338337618803905,-5.923555027083321],[31.226029309390103,-5.857575767811068],[31.03916919785331,-5.8260019862135],[31.141813221343593,-5.538936103014869],[31.32665567949053,-5.331495051579705],[31.33942546724633,-5.318519425286224],[31.377813499846535,-5.289416855884285],[31.539536039140213,-5.102295592462357],[33.4669357047628,-2.5355291625926637],[34.6318911620857,-5.6967348572089325],[34.73796560463111,-5.910229385731304],[34.97521338724262,-6.481700163019683],[31.440873125733233,-5.899309323771487],[31.338337618803905,-5.923555027083321]]]}},{"type":"Feature","id":"admbnd:nngla:a67de83c860f297a37ee173c56ff510feb5d91ede69876d0f1e43e922d6cc564","properties":{"boundary_candidate_id":"admbnd:nngla:a67de83c860f297a37ee173c56ff510feb5d91ede69876d0f1e43e922d6cc564","administrative_candidate_id":"NG-ADM-CAND-000128","administrative_area_id":"NG-ADM-000128","source_record_id":"NGP-000436","administrative_type_code":"CITY_DISTRICT","canonical_name":"Redhaven Central","parent_source_record_id":"NGP-000432","parent_administrative_area_id":"NG-ADM-000124","region_code":"NGR-06","geometry_role_code":"ADMINISTRATIVE_BOUNDARY","geometry_reservation_key":"p006.7.11.11:administrative-boundary:NG-ADM-000128","geometry_id":"","geometry_id_state":"PENDING_GOVERNED_LIVE_RESERVATION","geometry_type_code":"POLYGON","crs_code":"NG-CRS-EPSG4326","authoring_basis":"HIERARCHY_AWARE_VORONOI_PARTITION","qualification_status":"QUALIFIED","legalization_status":"APPROVED_FOR_GOVERNED_LIVE_APPLICATION","resulting_boundary_status":"LEGALIZED","resulting_lifecycle_status":"ACTIVE","runtime_mode":"production","runtime_effect_scope":"SHARED_REFERENCE","publication_status":"NOT_PUBLISHED"},"geometry":{"type":"Polygon","coordinates":[[[30.911273491598134,-5.3762757390828115],[30.923944781277605,-5.39949677177794],[30.943857883752887,-5.464525186051686],[30.35210416090931,-6.049378475612819],[30.345209,-6.046272],[30.330343555007754,-6.038562836160678],[30.481661654306055,-5.760117265954933],[30.557135631767274,-5.6878556454673594],[30.78964837291595,-5.359773131073178],[30.78964837291595,-5.359773131073177],[30.911273491598134,-5.3762757390828115]]]}},{"type":"Feature","id":"admbnd:nngla:26686873ef1fee21d6ab6a9e17b5fda8ba8402f2ff1c0e5efb52392f7fc79c37","properties":{"boundary_candidate_id":"admbnd:nngla:26686873ef1fee21d6ab6a9e17b5fda8ba8402f2ff1c0e5efb52392f7fc79c37","administrative_candidate_id":"NG-ADM-CAND-000129","administrative_area_id":"NG-ADM-000129","source_record_id":"NGP-000437","administrative_type_code":"CITY_DISTRICT","canonical_name":"Caravan Exchange","parent_source_record_id":"NGP-000432","parent_administrative_area_id":"NG-ADM-000124","region_code":"NGR-06","geometry_role_code":"ADMINISTRATIVE_BOUNDARY","geometry_reservation_key":"p006.7.11.11:administrative-boundary:NG-ADM-000129","geometry_id":"","geometry_id_state":"PENDING_GOVERNED_LIVE_RESERVATION","geometry_type_code":"POLYGON","crs_code":"NG-CRS-EPSG4326","authoring_basis":"HIERARCHY_AWARE_VORONOI_PARTITION","qualification_status":"QUALIFIED","legalization_status":"APPROVED_FOR_GOVERNED_LIVE_APPLICATION","resulting_boundary_status":"LEGALIZED","resulting_lifecycle_status":"ACTIVE","runtime_mode":"production","runtime_effect_scope":"SHARED_REFERENCE","publication_status":"NOT_PUBLISHED"},"geometry":{"type":"Polygon","coordinates":[[[31.33942546724633,-5.318519425286223],[31.33942546724633,-5.318519425286224],[31.32665567949053,-5.331495051579704],[30.967285841325364,-5.44845867408128],[30.967462542403844,-5.420830552183995],[31.086438126169277,-5.355352670146417],[31.33942546724633,-5.318519425286223]]]}},{"type":"Feature","id":"admbnd:nngla:9334663c696e8156bf2163401b4a5283a96af218f5e02e748252997048ef2605","properties":{"boundary_candidate_id":"admbnd:nngla:9334663c696e8156bf2163401b4a5283a96af218f5e02e748252997048ef2605","administrative_candidate_id":"NG-ADM-CAND-000130","administrative_area_id":"NG-ADM-000130","source_record_id":"NGP-000438","administrative_type_code":"CITY_DISTRICT","canonical_name":"Solar Ward","parent_source_record_id":"NGP-000432","parent_administrative_area_id":"NG-ADM-000124","region_code":"NGR-06","geometry_role_code":"ADMINISTRATIVE_BOUNDARY","geometry_reservation_key":"p006.7.11.11:administrative-boundary:NG-ADM-000130","geometry_id":"","geometry_id_state":"PENDING_GOVERNED_LIVE_RESERVATION","geometry_type_code":"POLYGON","crs_code":"NG-CRS-EPSG4326","authoring_basis":"HIERARCHY_AWARE_VORONOI_PARTITION","qualification_status":"QUALIFIED","legalization_status":"APPROVED_FOR_GOVERNED_LIVE_APPLICATION","resulting_boundary_status":"LEGALIZED","resulting_lifecycle_status":"ACTIVE","runtime_mode":"production","runtime_effect_scope":"SHARED_REFERENCE","publication_status":"NOT_PUBLISHED"},"geometry":{"type":"Polygon","coordinates":[[[30.935100563464964,-5.36666686076092],[30.911273491598134,-5.3762757390828115],[30.78964837291595,-5.359773131073178],[30.810002195191007,-5.228819441269125],[30.99867024756048,-4.992996670668912],[30.935100563464964,-5.36666686076092]]]}},{"type":"Feature","id":"admbnd:nngla:030c1ddd026489786a184d7dacca0c5c8150ea0ecb0338c51eb9a60c3ffd6cae","properties":{"boundary_candidate_id":"admbnd:nngla:030c1ddd026489786a184d7dacca0c5c8150ea0ecb0338c51eb9a60c3ffd6cae","administrative_candidate_id":"NG-ADM-CAND-000131","administrative_area_id":"NG-ADM-000131","source_record_id":"NGP-000439","administrative_type_code":"CITY_DISTRICT","canonical_name":"Railhead","parent_source_record_id":"NGP-000432","parent_administrative_area_id":"NG-ADM-000124","region_code":"NGR-06","geometry_role_code":"ADMINISTRATIVE_BOUNDARY","geometry_reservation_key":"p006.7.11.11:administrative-boundary:NG-ADM-000131","geometry_id":"","geometry_id_state":"PENDING_GOVERNED_LIVE_RESERVATION","geometry_type_code":"POLYGON","crs_code":"NG-CRS-EPSG4326","authoring_basis":"HIERARCHY_AWARE_VORONOI_PARTITION","qualification_status":"QUALIFIED","legalization_status":"APPROVED_FOR_GOVERNED_LIVE_APPLICATION","resulting_boundary_status":"LEGALIZED","resulting_lifecycle_status":"ACTIVE","runtime_mode":"production","runtime_effect_scope":"SHARED_REFERENCE","publication_status":"NOT_PUBLISHED"},"geometry":{"type":"Polygon","coordinates":[[[30.935100563464964,-5.36666686076092],[31.086438126169277,-5.355352670146417],[30.967462542403844,-5.420830552183995],[30.923944781277605,-5.39949677177794],[30.911273491598134,-5.3762757390828115],[30.935100563464964,-5.36666686076092]]]}},{"type":"Feature","id":"admbnd:nngla:b5942ad2a4ebecddcd688b9905ef865e2bef81e668cbc2f4d10c26deb1d89fea","properties":{"boundary_candidate_id":"admbnd:nngla:b5942ad2a4ebecddcd688b9905ef865e2bef81e668cbc2f4d10c26deb1d89fea","administrative_candidate_id":"NG-ADM-CAND-000132","administrative_area_id":"NG-ADM-000132","source_record_id":"NGP-000440","administrative_type_code":"CITY_DISTRICT","canonical_name":"Old Wells","parent_source_record_id":"NGP-000432","parent_administrative_area_id":"NG-ADM-000124","region_code":"NGR-06","geometry_role_code":"ADMINISTRATIVE_BOUNDARY","geometry_reservation_key":"p006.7.11.11:administrative-boundary:NG-ADM-000132","geometry_id":"","geometry_id_state":"PENDING_GOVERNED_LIVE_RESERVATION","geometry_type_code":"POLYGON","crs_code":"NG-CRS-EPSG4326","authoring_basis":"HIERARCHY_AWARE_VORONOI_PARTITION","qualification_status":"QUALIFIED","legalization_status":"APPROVED_FOR_GOVERNED_LIVE_APPLICATION","resulting_boundary_status":"LEGALIZED","resulting_lifecycle_status":"ACTIVE","runtime_mode":"production","runtime_effect_scope":"SHARED_REFERENCE","publication_status":"NOT_PUBLISHED"},"geometry":{"type":"Polygon","coordinates":[[[31.086438126169277,-5.355352670146417],[30.935100563464964,-5.36666686076092],[30.99867024756048,-4.992996670668912],[33.17198645707148,-1.9771793819896828],[33.343211825067996,-2.1256116379309273],[33.38182071269004,-2.304562393909564],[33.4669357047628,-2.5355291625926637],[31.539536039140213,-5.102295592462357],[31.377813499846535,-5.289416855884285],[31.33942546724633,-5.318519425286224],[31.086438126169277,-5.355352670146417]]]}},{"type":"Feature","id":"admbnd:nngla:7bd568f5a39437b51818225cd2458cf218e44dbf0b140c665f1ea79130d7e116","properties":{"boundary_candidate_id":"admbnd:nngla:7bd568f5a39437b51818225cd2458cf218e44dbf0b140c665f1ea79130d7e116","administrative_candidate_id":"NG-ADM-CAND-000133","administrative_area_id":"NG-ADM-000133","source_record_id":"NGP-000441","administrative_type_code":"CITY_DISTRICT","canonical_name":"South Bazaar","parent_source_record_id":"NGP-000432","parent_administrative_area_id":"NG-ADM-000124","region_code":"NGR-06","geometry_role_code":"ADMINISTRATIVE_BOUNDARY","geometry_reservation_key":"p006.7.11.11:administrative-boundary:NG-ADM-000133","geometry_id":"","geometry_id_state":"PENDING_GOVERNED_LIVE_RESERVATION","geometry_type_code":"POLYGON","crs_code":"NG-CRS-EPSG4326","authoring_basis":"HIERARCHY_AWARE_VORONOI_PARTITION","qualification_status":"QUALIFIED","legalization_status":"APPROVED_FOR_GOVERNED_LIVE_APPLICATION","resulting_boundary_status":"LEGALIZED","resulting_lifecycle_status":"ACTIVE","runtime_mode":"production","runtime_effect_scope":"SHARED_REFERENCE","publication_status":"NOT_PUBLISHED"},"geometry":{"type":"Polygon","coordinates":[[[30.943857883752887,-5.464525186051686],[30.948002423443334,-5.464106348429353],[31.132428172232604,-5.565183392630941],[31.03916919785331,-5.8260019862135],[30.459820946378034,-6.096592515942107],[30.444299,-6.090915],[30.35210416090931,-6.049378475612819],[30.943857883752887,-5.464525186051686]]]}},{"type":"Feature","id":"admbnd:nngla:9cd4e22cc2d23286f4454af4ba61a93fee783810ccf3abce9da07af6c3a8452d","properties":{"boundary_candidate_id":"admbnd:nngla:9cd4e22cc2d23286f4454af4ba61a93fee783810ccf3abce9da07af6c3a8452d","administrative_candidate_id":"NG-ADM-CAND-000134","administrative_area_id":"NG-ADM-000134","source_record_id":"NGP-000442","administrative_type_code":"CITY_DISTRICT","canonical_name":"Civic Mesa","parent_source_record_id":"NGP-000432","parent_administrative_area_id":"NG-ADM-000124","region_code":"NGR-06","geometry_role_code":"ADMINISTRATIVE_BOUNDARY","geometry_reservation_key":"p006.7.11.11:administrative-boundary:NG-ADM-000134","geometry_id":"","geometry_id_state":"PENDING_GOVERNED_LIVE_RESERVATION","geometry_type_code":"POLYGON","crs_code":"NG-CRS-EPSG4326","authoring_basis":"HIERARCHY_AWARE_VORONOI_PARTITION","qualification_status":"QUALIFIED","legalization_status":"APPROVED_FOR_GOVERNED_LIVE_APPLICATION","resulting_boundary_status":"LEGALIZED","resulting_lifecycle_status":"ACTIVE","runtime_mode":"production","runtime_effect_scope":"SHARED_REFERENCE","publication_status":"NOT_PUBLISHED"},"geometry":{"type":"Polygon","coordinates":[[[30.948002423443334,-5.464106348429353],[30.967285841325364,-5.44845867408128],[31.32665567949053,-5.331495051579704],[31.32665567949053,-5.331495051579705],[31.141813221343593,-5.538936103014869],[31.132428172232604,-5.565183392630941],[30.948002423443334,-5.464106348429353]]]}},{"type":"Feature","id":"admbnd:nngla:7bfab02bd47c3cebbd5e07a1c6258085f503e58b9f47cc715e9a9055f39ac31d","properties":{"boundary_candidate_id":"admbnd:nngla:7bfab02bd47c3cebbd5e07a1c6258085f503e58b9f47cc715e9a9055f39ac31d","administrative_candidate_id":"NG-ADM-CAND-000135","administrative_area_id":"NG-ADM-000135","source_record_id":"NGP-000443","administrative_type_code":"CITY_DISTRICT","canonical_name":"Copper Dunes","parent_source_record_id":"NGP-000432","parent_administrative_area_id":"NG-ADM-000124","region_code":"NGR-06","geometry_role_code":"ADMINISTRATIVE_BOUNDARY","geometry_reservation_key":"p006.7.11.11:administrative-boundary:NG-ADM-000135","geometry_id":"","geometry_id_state":"PENDING_GOVERNED_LIVE_RESERVATION","geometry_type_code":"POLYGON","crs_code":"NG-CRS-EPSG4326","authoring_basis":"HIERARCHY_AWARE_VORONOI_PARTITION","qualification_status":"QUALIFIED","legalization_status":"APPROVED_FOR_GOVERNED_LIVE_APPLICATION","resulting_boundary_status":"LEGALIZED","resulting_lifecycle_status":"ACTIVE","runtime_mode":"production","runtime_effect_scope":"SHARED_REFERENCE","publication_status":"NOT_PUBLISHED"},"geometry":{"type":"Polygon","coordinates":[[[30.943857883752887,-5.464525186051686],[30.923944781277605,-5.39949677177794],[30.967462542403844,-5.420830552183995],[30.967285841325364,-5.44845867408128],[30.948002423443334,-5.464106348429353],[30.943857883752887,-5.464525186051686]]]}},{"type":"Feature","id":"admbnd:nngla:544654a034aa9acc7faaab3c0e74e69f55f7e959d629efb33a38842bdbb074ae","properties":{"boundary_candidate_id":"admbnd:nngla:544654a034aa9acc7faaab3c0e74e69f55f7e959d629efb33a38842bdbb074ae","administrative_candidate_id":"NG-ADM-CAND-000136","administrative_area_id":"NG-ADM-000136","source_record_id":"NGP-000471","administrative_type_code":"TOWNSHIP","canonical_name":"Zarqen South","parent_source_record_id":"NGP-000433","parent_administrative_area_id":"NG-ADM-000125","region_code":"NGR-06","geometry_role_code":"ADMINISTRATIVE_BOUNDARY","geometry_reservation_key":"p006.7.11.11:administrative-boundary:NG-ADM-000136","geometry_id":"","geometry_id_state":"PENDING_GOVERNED_LIVE_RESERVATION","geometry_type_code":"POLYGON","crs_code":"NG-CRS-EPSG4326","authoring_basis":"HIERARCHY_AWARE_VORONOI_PARTITION","qualification_status":"QUALIFIED","legalization_status":"APPROVED_FOR_GOVERNED_LIVE_APPLICATION","resulting_boundary_status":"LEGALIZED","resulting_lifecycle_status":"ACTIVE","runtime_mode":"production","runtime_effect_scope":"SHARED_REFERENCE","publication_status":"NOT_PUBLISHED"},"geometry":{"type":"Polygon","coordinates":[[[31.470960981489352,-6.294337787352965],[30.695359633492558,-5.9865817616926496],[31.03916919785331,-5.8260019862135],[31.162426431757176,-5.846828779859262],[31.470960981489352,-6.294337787352965]]]}},{"type":"Feature","id":"admbnd:nngla:3c02865499d960d563f51e02edece3ebe4f16c55a632fdb62b622b8635a73b4d","properties":{"boundary_candidate_id":"admbnd:nngla:3c02865499d960d563f51e02edece3ebe4f16c55a632fdb62b622b8635a73b4d","administrative_candidate_id":"NG-ADM-CAND-000137","administrative_area_id":"NG-ADM-000137","source_record_id":"NGP-000472","administrative_type_code":"TOWNSHIP","canonical_name":"Baric Cross","parent_source_record_id":"NGP-000433","parent_administrative_area_id":"NG-ADM-000125","region_code":"NGR-06","geometry_role_code":"ADMINISTRATIVE_BOUNDARY","geometry_reservation_key":"p006.7.11.11:administrative-boundary:NG-ADM-000137","geometry_id":"","geometry_id_state":"PENDING_GOVERNED_LIVE_RESERVATION","geometry_type_code":"POLYGON","crs_code":"NG-CRS-EPSG4326","authoring_basis":"HIERARCHY_AWARE_VORONOI_PARTITION","qualification_status":"QUALIFIED","legalization_status":"APPROVED_FOR_GOVERNED_LIVE_APPLICATION","resulting_boundary_status":"LEGALIZED","resulting_lifecycle_status":"ACTIVE","runtime_mode":"production","runtime_effect_scope":"SHARED_REFERENCE","publication_status":"NOT_PUBLISHED"},"geometry":{"type":"Polygon","coordinates":[[[31.470960981489352,-6.294337787352965],[31.847560049804034,-6.682218641708916],[31.846125,-6.681617],[31.749527,-6.631112],[31.65525,-6.575148],[31.555508,-6.532039],[31.452459,-6.496715],[31.41790216309015,-6.479835988566884],[31.354691,-6.448961],[31.258619,-6.397219],[31.158939,-6.353968],[31.061767,-6.304812],[30.966931,-6.250163],[30.945450534242536,-6.242756345661634],[30.912672079535408,-6.2314540449339555],[30.863958,-6.214657],[30.754417,-6.194608],[30.648697,-6.165566],[30.546477,-6.128289],[30.480350423964897,-6.104101653871322],[30.459820946378034,-6.096592515942107],[30.695359633492558,-5.9865817616926496],[31.470960981489352,-6.294337787352965]]]}},{"type":"Feature","id":"admbnd:nngla:7dd2e3d3fbd456291b0f7f3387475e9b9c33adb5fc8a22d09ac6c9c1fe398a29","properties":{"boundary_candidate_id":"admbnd:nngla:7dd2e3d3fbd456291b0f7f3387475e9b9c33adb5fc8a22d09ac6c9c1fe398a29","administrative_candidate_id":"NG-ADM-CAND-000138","administrative_area_id":"NG-ADM-000138","source_record_id":"NGP-000473","administrative_type_code":"TOWNSHIP","canonical_name":"Camel Bell","parent_source_record_id":"NGP-000433","parent_administrative_area_id":"NG-ADM-000125","region_code":"NGR-06","geometry_role_code":"ADMINISTRATIVE_BOUNDARY","geometry_reservation_key":"p006.7.11.11:administrative-boundary:NG-ADM-000138","geometry_id":"","geometry_id_state":"PENDING_GOVERNED_LIVE_RESERVATION","geometry_type_code":"POLYGON","crs_code":"NG-CRS-EPSG4326","authoring_basis":"HIERARCHY_AWARE_VORONOI_PARTITION","qualification_status":"QUALIFIED","legalization_status":"APPROVED_FOR_GOVERNED_LIVE_APPLICATION","resulting_boundary_status":"LEGALIZED","resulting_lifecycle_status":"ACTIVE","runtime_mode":"production","runtime_effect_scope":"SHARED_REFERENCE","publication_status":"NOT_PUBLISHED"},"geometry":{"type":"Polygon","coordinates":[[[31.470960981489352,-6.294337787352965],[31.162426431757176,-5.846828779859262],[31.226029309390103,-5.857575767811068],[31.338337618803905,-5.923555027083321],[31.440873125733233,-5.899309323771487],[34.97521338724262,-6.481700163019683],[35.20937936628664,-7.045747643614725],[35.41268774840943,-7.495024031895481],[35.449355263931544,-7.59076530868773],[35.384793,-7.580265],[35.241661,-7.556836],[35.099481,-7.527967],[34.955814,-7.507591],[34.812789,-7.483554],[34.670611,-7.454673],[34.528369,-7.426159],[34.386416,-7.39599],[34.243262,-7.372689],[34.1,-7.35],[33.960816,-7.310354],[33.820453,-7.274887],[33.679919,-7.240028],[33.540757,-7.200302],[33.401775,-7.15994],[33.264497,-7.113536],[33.125087,-7.074691],[32.985543,-7.036323],[32.847414,-6.992936],[32.708436,-6.952559],[32.570129,-6.909801],[32.429908,-6.873833],[32.289485,-6.838578],[32.15,-6.8],[32.04735,-6.763735],[31.946333,-6.723629],[31.847560049804038,-6.682218641708917],[31.847560049804034,-6.682218641708916],[31.470960981489352,-6.294337787352965]]]}},{"type":"Feature","id":"admbnd:nngla:1ed46652f9e17e822772e5940608c4bcb2fbd8a83cbc131feabeddd86efac27a","properties":{"boundary_candidate_id":"admbnd:nngla:1ed46652f9e17e822772e5940608c4bcb2fbd8a83cbc131feabeddd86efac27a","administrative_candidate_id":"NG-ADM-CAND-000139","administrative_area_id":"NG-ADM-000139","source_record_id":"NGP-000474","administrative_type_code":"TOWNSHIP","canonical_name":"Dustmere East","parent_source_record_id":"NGP-000434","parent_administrative_area_id":"NG-ADM-000126","region_code":"NGR-06","geometry_role_code":"ADMINISTRATIVE_BOUNDARY","geometry_reservation_key":"p006.7.11.11:administrative-boundary:NG-ADM-000139","geometry_id":"","geometry_id_state":"PENDING_GOVERNED_LIVE_RESERVATION","geometry_type_code":"POLYGON","crs_code":"NG-CRS-EPSG4326","authoring_basis":"HIERARCHY_AWARE_VORONOI_PARTITION","qualification_status":"QUALIFIED","legalization_status":"APPROVED_FOR_GOVERNED_LIVE_APPLICATION","resulting_boundary_status":"LEGALIZED","resulting_lifecycle_status":"ACTIVE","runtime_mode":"production","runtime_effect_scope":"SHARED_REFERENCE","publication_status":"NOT_PUBLISHED"},"geometry":{"type":"Polygon","coordinates":[[[30.643958804864212,-5.5653455206604345],[30.557135631767274,-5.6878556454673594],[30.481661654306055,-5.760117265954933],[30.330343555007754,-6.038562836160678],[30.248469,-5.996103],[30.157442652811746,-5.953484636003006],[30.15,-5.95],[30.133534805433296,-5.908259874059756],[30.116022,-5.863864],[30.080676,-5.778197],[30.046741,-5.692046],[30.010907,-5.606546],[29.982559,-5.51848],[29.962067,-5.42772],[29.929485,-5.341105],[29.887509,-5.257711],[29.859876,-5.1694],[29.856501456435023,-5.1522061919715965],[29.841894,-5.077779],[29.818431,-4.988038],[29.801493,-4.896059],[29.793308,-4.80108],[29.768843,-4.711682],[29.725547,-4.628741],[29.684892,-4.544894],[29.64907,-4.45939],[29.611718,-4.374411],[29.578961,-4.287856],[29.55,-4.2],[29.526143,-4.091011],[29.506481,-3.981355],[29.489232,-3.871315],[29.48793293671665,-3.8525334676467473],[29.481516,-3.759759],[29.478163,-3.647508],[29.460047,-3.537606],[29.43525,-3.428767],[29.424154,-3.317748],[29.415413,-3.206355],[29.397791,-3.096374],[29.387755,-2.985187],[29.381929,-2.873329],[29.354301,-2.764941],[29.312338,-2.658833],[29.2816,-2.550939],[29.258946,-2.441759],[29.236574,-2.332534],[29.234187391316354,-2.3136209130513756],[30.643958804864212,-5.5653455206604345]]]}},{"type":"Feature","id":"admbnd:nngla:bf98845027acae788cd5ff0accd537505f2e2b0df90bdda5b1b95d137f56f77d","properties":{"boundary_candidate_id":"admbnd:nngla:bf98845027acae788cd5ff0accd537505f2e2b0df90bdda5b1b95d137f56f77d","administrative_candidate_id":"NG-ADM-CAND-000140","administrative_area_id":"NG-ADM-000140","source_record_id":"NGP-000475","administrative_type_code":"TOWNSHIP","canonical_name":"Saltpan Row","parent_source_record_id":"NGP-000434","parent_administrative_area_id":"NG-ADM-000126","region_code":"NGR-06","geometry_role_code":"ADMINISTRATIVE_BOUNDARY","geometry_reservation_key":"p006.7.11.11:administrative-boundary:NG-ADM-000140","geometry_id":"","geometry_id_state":"PENDING_GOVERNED_LIVE_RESERVATION","geometry_type_code":"POLYGON","crs_code":"NG-CRS-EPSG4326","authoring_basis":"HIERARCHY_AWARE_VORONOI_PARTITION","qualification_status":"QUALIFIED","legalization_status":"APPROVED_FOR_GOVERNED_LIVE_APPLICATION","resulting_boundary_status":"LEGALIZED","resulting_lifecycle_status":"ACTIVE","runtime_mode":"production","runtime_effect_scope":"SHARED_REFERENCE","publication_status":"NOT_PUBLISHED"},"geometry":{"type":"Polygon","coordinates":[[[30.214613288660487,-0.25505884919380895],[30.21461328866049,-0.25505884919381006],[30.32193961652809,-0.2995787889756764],[31.846796714727038,-0.8283957332350685],[33.17198645707148,-1.9771793819896828],[30.99867024756048,-4.992996670668912],[30.810002195191007,-5.228819441269125],[30.78964837291595,-5.359773131073178],[30.69077002420143,-5.49929347350749],[30.214613288660487,-0.25505884919380895]]]}},{"type":"Feature","id":"admbnd:nngla:b23ba410f4f16d63b98c1d20a7637daa67a6c53a889b235b3294cf4b4ae0c69b","properties":{"boundary_candidate_id":"admbnd:nngla:b23ba410f4f16d63b98c1d20a7637daa67a6c53a889b235b3294cf4b4ae0c69b","administrative_candidate_id":"NG-ADM-CAND-000141","administrative_area_id":"NG-ADM-000141","source_record_id":"NGP-000476","administrative_type_code":"TOWNSHIP","canonical_name":"Thorn Junction","parent_source_record_id":"NGP-000434","parent_administrative_area_id":"NG-ADM-000126","region_code":"NGR-06","geometry_role_code":"ADMINISTRATIVE_BOUNDARY","geometry_reservation_key":"p006.7.11.11:administrative-boundary:NG-ADM-000141","geometry_id":"","geometry_id_state":"PENDING_GOVERNED_LIVE_RESERVATION","geometry_type_code":"POLYGON","crs_code":"NG-CRS-EPSG4326","authoring_basis":"HIERARCHY_AWARE_VORONOI_PARTITION","qualification_status":"QUALIFIED","legalization_status":"APPROVED_FOR_GOVERNED_LIVE_APPLICATION","resulting_boundary_status":"LEGALIZED","resulting_lifecycle_status":"ACTIVE","runtime_mode":"production","runtime_effect_scope":"SHARED_REFERENCE","publication_status":"NOT_PUBLISHED"},"geometry":{"type":"Polygon","coordinates":[[[30.69077002420143,-5.49929347350749],[30.643958804864212,-5.5653455206604345],[29.234187391316354,-2.3136209130513756],[29.234187391316354,-2.3136209130513725],[29.222622,-2.221969],[29.213766,-2.110594],[29.2,-2.0],[29.194681,-1.877366],[29.192774,-1.754524],[29.19722,-1.631293],[29.199681,-1.508183],[29.185387,-1.386099],[29.166667,-1.264286],[29.159156,-1.141786],[29.149286,-1.019431],[29.133081,-0.897464],[29.12854,-0.774783],[29.125808,-0.651991],[29.101703,-0.530508],[29.072613,-0.40933],[29.061687,-0.28704],[29.057966,-0.164308],[29.053652,-0.041613],[29.058173,0.081623],[29.06425,0.204954],[29.06356072611816,0.22240825313139342],[30.214613288660487,-0.25505884919380895],[30.69077002420143,-5.49929347350749]]]}},{"type":"Feature","id":"admbnd:nngla:82e6493ad4bb5986c8e8b7ab15185cc92cefbef753886c58ab1ae00c7fa4752e","properties":{"boundary_candidate_id":"admbnd:nngla:82e6493ad4bb5986c8e8b7ab15185cc92cefbef753886c58ab1ae00c7fa4752e","administrative_candidate_id":"NG-ADM-CAND-000142","administrative_area_id":"NG-ADM-000142","source_record_id":"NGP-000477","administrative_type_code":"TOWNSHIP","canonical_name":"Sunward Gate","parent_source_record_id":"NGP-000435","parent_administrative_area_id":"NG-ADM-000127","region_code":"NGR-06","geometry_role_code":"ADMINISTRATIVE_BOUNDARY","geometry_reservation_key":"p006.7.11.11:administrative-boundary:NG-ADM-000142","geometry_id":"","geometry_id_state":"PENDING_GOVERNED_LIVE_RESERVATION","geometry_type_code":"POLYGON","crs_code":"NG-CRS-EPSG4326","authoring_basis":"HIERARCHY_AWARE_VORONOI_PARTITION","qualification_status":"QUALIFIED","legalization_status":"APPROVED_FOR_GOVERNED_LIVE_APPLICATION","resulting_boundary_status":"LEGALIZED","resulting_lifecycle_status":"ACTIVE","runtime_mode":"production","runtime_effect_scope":"SHARED_REFERENCE","publication_status":"NOT_PUBLISHED"},"geometry":{"type":"Polygon","coordinates":[[[31.433836546047043,-5.836214001012528],[31.24143675050439,-5.427132733572717],[31.32665567949053,-5.331495051579705],[31.33942546724633,-5.318519425286224],[31.377813499846535,-5.289416855884285],[31.539536039140213,-5.102295592462357],[31.433836546047043,-5.836214001012528]]]}},{"type":"Feature","id":"admbnd:nngla:155331606c3376349ef824202cfe48c98caa6a6f12f1a7862a6b4173dd13073a","properties":{"boundary_candidate_id":"admbnd:nngla:155331606c3376349ef824202cfe48c98caa6a6f12f1a7862a6b4173dd13073a","administrative_candidate_id":"NG-ADM-CAND-000143","administrative_area_id":"NG-ADM-000143","source_record_id":"NGP-000478","administrative_type_code":"TOWNSHIP","canonical_name":"Oasis Line","parent_source_record_id":"NGP-000435","parent_administrative_area_id":"NG-ADM-000127","region_code":"NGR-06","geometry_role_code":"ADMINISTRATIVE_BOUNDARY","geometry_reservation_key":"p006.7.11.11:administrative-boundary:NG-ADM-000143","geometry_id":"","geometry_id_state":"PENDING_GOVERNED_LIVE_RESERVATION","geometry_type_code":"POLYGON","crs_code":"NG-CRS-EPSG4326","authoring_basis":"HIERARCHY_AWARE_VORONOI_PARTITION","qualification_status":"QUALIFIED","legalization_status":"APPROVED_FOR_GOVERNED_LIVE_APPLICATION","resulting_boundary_status":"LEGALIZED","resulting_lifecycle_status":"ACTIVE","runtime_mode":"production","runtime_effect_scope":"SHARED_REFERENCE","publication_status":"NOT_PUBLISHED"},"geometry":{"type":"Polygon","coordinates":[[[31.433836546047043,-5.836214001012528],[31.539536039140213,-5.102295592462357],[33.4669357047628,-2.5355291625926637],[34.6318911620857,-5.6967348572089325],[34.73796560463111,-5.910229385731304],[34.97521338724262,-6.481700163019683],[31.440873125733233,-5.899309323771487],[31.433836546047043,-5.836214001012528]]]}},{"type":"Feature","id":"admbnd:nngla:124c1fc61effc210a4fc61a08802547ef82730511832b22f5755728758b11394","properties":{"boundary_candidate_id":"admbnd:nngla:124c1fc61effc210a4fc61a08802547ef82730511832b22f5755728758b11394","administrative_candidate_id":"NG-ADM-CAND-000144","administrative_area_id":"NG-ADM-000144","source_record_id":"NGP-000479","administrative_type_code":"TOWNSHIP","canonical_name":"Cinder Camp","parent_source_record_id":"NGP-000435","parent_administrative_area_id":"NG-ADM-000127","region_code":"NGR-06","geometry_role_code":"ADMINISTRATIVE_BOUNDARY","geometry_reservation_key":"p006.7.11.11:administrative-boundary:NG-ADM-000144","geometry_id":"","geometry_id_state":"PENDING_GOVERNED_LIVE_RESERVATION","geometry_type_code":"POLYGON","crs_code":"NG-CRS-EPSG4326","authoring_basis":"HIERARCHY_AWARE_VORONOI_PARTITION","qualification_status":"QUALIFIED","legalization_status":"APPROVED_FOR_GOVERNED_LIVE_APPLICATION","resulting_boundary_status":"LEGALIZED","resulting_lifecycle_status":"ACTIVE","runtime_mode":"production","runtime_effect_scope":"SHARED_REFERENCE","publication_status":"NOT_PUBLISHED"},"geometry":{"type":"Polygon","coordinates":[[[31.433836546047043,-5.836214001012528],[31.440873125733233,-5.899309323771487],[31.338337618803905,-5.923555027083321],[31.226029309390103,-5.857575767811068],[31.03916919785331,-5.8260019862135],[31.141813221343593,-5.538936103014869],[31.24143675050439,-5.427132733572717],[31.433836546047043,-5.836214001012528]]]}},{"type":"Feature","id":"admbnd:nngla:b412b8629243b075ccc8894394c540cd33b4cde1c0ec834a1dd9917aaa25fa87","properties":{"boundary_candidate_id":"admbnd:nngla:b412b8629243b075ccc8894394c540cd33b4cde1c0ec834a1dd9917aaa25fa87","administrative_candidate_id":"NG-ADM-CAND-000145","administrative_area_id":"NG-ADM-000145","source_record_id":"NGP-000515","administrative_type_code":"INDUSTRIAL_ZONE","canonical_name":"Solar Foundry Zone","parent_source_record_id":"NGP-000432","parent_administrative_area_id":"NG-ADM-000124","region_code":"NGR-06","geometry_role_code":"ADMINISTRATIVE_BOUNDARY","geometry_reservation_key":"p006.7.11.11:administrative-boundary:NG-ADM-000145","geometry_id":"","geometry_id_state":"PENDING_GOVERNED_LIVE_RESERVATION","geometry_type_code":"POLYGON","crs_code":"NG-CRS-EPSG4326","authoring_basis":"PARENT_CLIPPED_SPECIAL_PURPOSE_OVERLAY_BUFFER","qualification_status":"QUALIFIED","legalization_status":"APPROVED_FOR_GOVERNED_LIVE_APPLICATION","resulting_boundary_status":"LEGALIZED","resulting_lifecycle_status":"ACTIVE","runtime_mode":"production","runtime_effect_scope":"SHARED_REFERENCE","publication_status":"NOT_PUBLISHED"},"geometry":{"type":"Polygon","coordinates":[[[31.02093001876182,-5.596494678649902],[31.019781662183007,-5.602267857029613],[31.017889578963008,-5.6078417544564285],[31.0152861431703,-5.613121],[31.012015900313106,-5.618015264305392],[31.008134805153393,-5.622440805153394],[31.003709264305392,-5.626321900313105],[30.998815,-5.629592143170299],[30.993535754456428,-5.632195578963008],[30.987961857029614,-5.634087662183008],[30.9821886786499,-5.635236018761821],[30.976315,-5.6356209999999995],[30.970441321350098,-5.635236018761821],[30.964668142970385,-5.634087662183008],[30.95909424554357,-5.632195578963008],[30.953815,-5.629592143170299],[30.948920735694607,-5.626321900313105],[30.944495194846606,-5.622440805153394],[30.940614099686893,-5.618015264305392],[30.9373438568297,-5.613121],[30.93474042103699,-5.6078417544564285],[30.932848337816992,-5.602267857029613],[30.93169998123818,-5.596494678649902],[30.931314999999998,-5.590621],[30.93169998123818,-5.584747321350097],[30.932848337816992,-5.578974142970386],[30.93474042103699,-5.573400245543571],[30.9373438568297,-5.568121],[30.940614099686893,-5.563226735694607],[30.944495194846606,-5.558801194846605],[30.948920735694607,-5.554920099686894],[30.953815,-5.5516498568297],[30.95909424554357,-5.549046421036992],[30.964668142970385,-5.547154337816991],[30.970441321350098,-5.546005981238178],[30.976315,-5.545621],[30.9821886786499,-5.546005981238178],[30.987961857029614,-5.547154337816991],[30.993535754456428,-5.549046421036992],[30.998815,-5.5516498568297],[31.003709264305392,-5.554920099686894],[31.008134805153393,-5.558801194846605],[31.012015900313106,-5.563226735694607],[31.0152861431703,-5.568121],[31.017889578963008,-5.573400245543571],[31.019781662183007,-5.578974142970386],[31.02093001876182,-5.584747321350097],[31.021315,-5.590621],[31.02093001876182,-5.596494678649902]]]}},{"type":"Feature","id":"admbnd:nngla:8421d8f33ba28508e25a76db0cf1c33771c2b6d549a0ce870e0970994e7ac847","properties":{"boundary_candidate_id":"admbnd:nngla:8421d8f33ba28508e25a76db0cf1c33771c2b6d549a0ce870e0970994e7ac847","administrative_candidate_id":"NG-ADM-CAND-000146","administrative_area_id":"NG-ADM-000146","source_record_id":"NGP-000516","administrative_type_code":"INDUSTRIAL_ZONE","canonical_name":"Redhaven Dryport Estate","parent_source_record_id":"NGP-000434","parent_administrative_area_id":"NG-ADM-000126","region_code":"NGR-06","geometry_role_code":"ADMINISTRATIVE_BOUNDARY","geometry_reservation_key":"p006.7.11.11:administrative-boundary:NG-ADM-000146","geometry_id":"","geometry_id_state":"PENDING_GOVERNED_LIVE_RESERVATION","geometry_type_code":"POLYGON","crs_code":"NG-CRS-EPSG4326","authoring_basis":"PARENT_CLIPPED_SPECIAL_PURPOSE_OVERLAY_BUFFER","qualification_status":"QUALIFIED","legalization_status":"APPROVED_FOR_GOVERNED_LIVE_APPLICATION","resulting_boundary_status":"LEGALIZED","resulting_lifecycle_status":"ACTIVE","runtime_mode":"production","runtime_effect_scope":"SHARED_REFERENCE","publication_status":"NOT_PUBLISHED"},"geometry":{"type":"Polygon","coordinates":[[[30.71711401876182,-5.2791726786499025],[30.715965662183006,-5.284945857029613],[30.714073578963006,-5.290519754456429],[30.7114701431703,-5.295799],[30.708199900313105,-5.300693264305393],[30.70431880515339,-5.305118805153394],[30.69989326430539,-5.308999900313105],[30.694999,-5.312270143170299],[30.689719754456426,-5.314873578963008],[30.684145857029613,-5.316765662183008],[30.6783726786499,-5.3179140187618215],[30.672499,-5.318299],[30.666625321350097,-5.3179140187618215],[30.660852142970384,-5.316765662183008],[30.65527824554357,-5.314873578963008],[30.649998999999998,-5.312270143170299],[30.645104735694606,-5.308999900313105],[30.640679194846605,-5.305118805153394],[30.636798099686892,-5.300693264305393],[30.633527856829698,-5.295799],[30.63092442103699,-5.290519754456429],[30.62903233781699,-5.284945857029613],[30.627883981238178,-5.2791726786499025],[30.627498999999997,-5.273299],[30.627883981238178,-5.267425321350097],[30.62903233781699,-5.261652142970386],[30.63092442103699,-5.256078245543571],[30.633527856829698,-5.250799],[30.636798099686892,-5.245904735694607],[30.640679194846605,-5.2414791948466055],[30.645104735694606,-5.2375980996868945],[30.649998999999998,-5.2343278568297],[30.65527824554357,-5.231724421036992],[30.660852142970384,-5.229832337816991],[30.666625321350097,-5.228683981238178],[30.672499,-5.228299],[30.6783726786499,-5.228683981238178],[30.684145857029613,-5.229832337816991],[30.689719754456426,-5.231724421036992],[30.694999,-5.2343278568297],[30.69989326430539,-5.2375980996868945],[30.70431880515339,-5.2414791948466055],[30.708199900313105,-5.245904735694607],[30.7114701431703,-5.250799],[30.714073578963006,-5.256078245543571],[30.715965662183006,-5.261652142970386],[30.71711401876182,-5.267425321350097],[30.717499,-5.273299],[30.71711401876182,-5.2791726786499025]]]}},{"type":"Feature","id":"admbnd:nngla:c646bca2a4d1e7eaa76d069540fb741644e31b4b1380b494659e0e46b70ab4aa","properties":{"boundary_candidate_id":"admbnd:nngla:c646bca2a4d1e7eaa76d069540fb741644e31b4b1380b494659e0e46b70ab4aa","administrative_candidate_id":"NG-ADM-CAND-000147","administrative_area_id":"NG-ADM-000147","source_record_id":"NGP-000518","administrative_type_code":"CITY","canonical_name":"Lysora","parent_source_record_id":"NGR-07","parent_administrative_area_id":"NG-ADM-000007","region_code":"NGR-07","geometry_role_code":"ADMINISTRATIVE_BOUNDARY","geometry_reservation_key":"p006.7.11.11:administrative-boundary:NG-ADM-000147","geometry_id":"","geometry_id_state":"PENDING_GOVERNED_LIVE_RESERVATION","geometry_type_code":"MULTIPOLYGON","crs_code":"NG-CRS-EPSG4326","authoring_basis":"HIERARCHY_AWARE_VORONOI_PARTITION","qualification_status":"QUALIFIED","legalization_status":"APPROVED_FOR_GOVERNED_LIVE_APPLICATION","resulting_boundary_status":"LEGALIZED","resulting_lifecycle_status":"ACTIVE","runtime_mode":"production","runtime_effect_scope":"SHARED_REFERENCE","publication_status":"NOT_PUBLISHED"},"geometry":{"type":"MultiPolygon","coordinates":[[[[42.576875530307454,4.38912570378216],[42.61159685669994,4.4431254095903405],[42.61965755765968,4.461006671552858],[42.6241159287624,4.563157066073922],[42.646064,4.556853],[42.681457,4.539874],[42.69995239508792,4.5211972839734615],[42.709508,4.511548],[42.738152,4.484138],[42.7728,4.466005],[42.806998,4.447178],[42.8341,4.417386],[42.860824,4.387007],[42.899282,4.374765],[42.93429763449004,4.378496692699286],[42.949098,4.380074],[42.997571,4.383309],[43.036893,4.372401],[43.071388,4.354034],[43.10626,4.336248],[43.138854,4.314943],[43.165663,4.284696],[43.19035,4.25117],[43.218591,4.223137],[43.25,4.2],[43.270159,4.158392],[43.27357522376166,4.150316998466631],[43.28301856449161,4.12799557100917],[43.26799897675996,4.126903746296766],[43.12742157719303,4.094147814907117],[42.82531571805021,4.107458435585853],[42.811153751657066,4.104736563710719],[42.622608011520505,4.037697841707027],[42.501226240143325,4.008853254315648],[42.44331465021651,4.024497608038636],[42.44440998915707,4.029457954291115],[42.527603865948166,4.17607109938159],[42.556724645078134,4.270274700002897],[42.576875530307454,4.38912570378216]]],[[[44.71424,4.520142],[44.707535,4.479314],[44.700122,4.432753],[44.68462,4.397469],[44.660677,4.380575],[44.632704,4.375755],[44.603748,4.375654],[44.573688,4.383483],[44.542608,4.408488],[44.513043,4.450864],[44.487354,4.495824],[44.464273,4.525842],[44.440211,4.537718],[44.414111,4.544853],[44.389145,4.56254],[44.36861,4.593485],[44.351507,4.628879],[44.334113,4.660963],[44.315574,4.690724],[44.299366,4.723083],[44.287603,4.758476],[44.275414,4.79267],[44.254133,4.823944],[44.221333,4.85669],[44.19821782856998,4.8825330000000005],[44.186031,4.896158],[44.161746,4.941701],[44.154317,4.98769],[44.158004,5.03034],[44.163836,5.070641],[44.169752,5.109742],[44.180553,5.144565],[44.198824,5.171438],[44.219159,5.193384],[44.233507,5.219493],[44.241085,5.254157],[44.250353,5.288656],[44.270227,5.3074],[44.300747,5.303899],[44.333653,5.288389],[44.361261,5.277644],[44.382888,5.278591],[44.4026,5.284777],[44.423079,5.288764],[44.443829,5.293732],[44.464549,5.308949],[44.487377,5.334683],[44.514276,5.356274],[44.543578,5.356376],[44.571297,5.332014],[44.595978,5.296866],[44.62041,5.266548],[44.647514,5.244129],[44.675926,5.221207],[44.701579,5.190467],[44.723289,5.153375],[44.744228,5.115359],[44.766226,5.077392],[44.784156,5.035799],[44.789121,4.989436],[44.778497,4.943284],[44.761129,4.903196],[44.754623060412136,4.8825330000000005],[44.750403,4.86913],[44.752052,4.836061],[44.760267,4.800808],[44.766044,4.764953],[44.767322,4.730223],[44.768937,4.694105],[44.773545,4.653465],[44.775842,4.611839],[44.767915,4.578803],[44.749152,4.559198],[44.728211,4.544717],[44.71424,4.520142]]]]}},{"type":"Feature","id":"admbnd:nngla:c6378305f9fd473c6ff51df098d34fdd41fc639a8757797f258a02e1592c8b37","properties":{"boundary_candidate_id":"admbnd:nngla:c6378305f9fd473c6ff51df098d34fdd41fc639a8757797f258a02e1592c8b37","administrative_candidate_id":"NG-ADM-CAND-000148","administrative_area_id":"NG-ADM-000148","source_record_id":"NGP-000519","administrative_type_code":"MUNICIPALITY","canonical_name":"Coral Bay","parent_source_record_id":"NGR-07","parent_administrative_area_id":"NG-ADM-000007","region_code":"NGR-07","geometry_role_code":"ADMINISTRATIVE_BOUNDARY","geometry_reservation_key":"p006.7.11.11:administrative-boundary:NG-ADM-000148","geometry_id":"","geometry_id_state":"PENDING_GOVERNED_LIVE_RESERVATION","geometry_type_code":"POLYGON","crs_code":"NG-CRS-EPSG4326","authoring_basis":"HIERARCHY_AWARE_VORONOI_PARTITION","qualification_status":"QUALIFIED","legalization_status":"APPROVED_FOR_GOVERNED_LIVE_APPLICATION","resulting_boundary_status":"LEGALIZED","resulting_lifecycle_status":"ACTIVE","runtime_mode":"production","runtime_effect_scope":"SHARED_REFERENCE","publication_status":"NOT_PUBLISHED"},"geometry":{"type":"Polygon","coordinates":[[[42.556724645078134,4.270274700002897],[42.527603865948166,4.17607109938159],[42.44440998915707,4.029457954291115],[42.44331465021651,4.024497608038636],[39.69429498787581,2.377715016356292],[39.655452602794746,2.441595509395365],[39.75757977049808,2.8644553327174247],[39.75923281169824,2.8761224889640604],[42.063922061489464,4.286251282723972],[42.267081007498604,4.328946348839935],[42.33835549807421,4.419022941370779],[42.335160732374526,4.486540991019544],[42.622856023907474,4.563518944043349],[42.6241159287624,4.563157066073922],[42.61965755765968,4.461006671552858],[42.61159685669994,4.4431254095903405],[42.576875530307454,4.38912570378216],[42.556724645078134,4.270274700002897]]]}},{"type":"Feature","id":"admbnd:nngla:632b8cf07f556dd3cfeb7d0b06854ed79b7c9cbf1b43c488568d9edbc8900174","properties":{"boundary_candidate_id":"admbnd:nngla:632b8cf07f556dd3cfeb7d0b06854ed79b7c9cbf1b43c488568d9edbc8900174","administrative_candidate_id":"NG-ADM-CAND-000149","administrative_area_id":"NG-ADM-000149","source_record_id":"NGP-000520","administrative_type_code":"MUNICIPALITY","canonical_name":"El-Maren","parent_source_record_id":"NGR-07","parent_administrative_area_id":"NG-ADM-000007","region_code":"NGR-07","geometry_role_code":"ADMINISTRATIVE_BOUNDARY","geometry_reservation_key":"p006.7.11.11:administrative-boundary:NG-ADM-000149","geometry_id":"","geometry_id_state":"PENDING_GOVERNED_LIVE_RESERVATION","geometry_type_code":"MULTIPOLYGON","crs_code":"NG-CRS-EPSG4326","authoring_basis":"HIERARCHY_AWARE_VORONOI_PARTITION","qualification_status":"QUALIFIED","legalization_status":"APPROVED_FOR_GOVERNED_LIVE_APPLICATION","resulting_boundary_status":"LEGALIZED","resulting_lifecycle_status":"ACTIVE","runtime_mode":"production","runtime_effect_scope":"SHARED_REFERENCE","publication_status":"NOT_PUBLISHED"},"geometry":{"type":"MultiPolygon","coordinates":[[[[43.26799897675996,4.126903746296766],[43.28301856449161,4.12799557100917],[43.288313,4.115481],[43.30239,4.069919],[43.31120224405151,4.037579142813264],[43.315055,4.02344],[43.337611,3.98339],[43.37521,3.953118],[43.416319,3.925126],[43.447771,3.890859],[43.473562,3.852911],[43.505742,3.819117],[43.541732,3.787799],[43.567315,3.749717],[43.582331,3.704765],[43.605762,3.665284],[43.64865,3.638449],[43.696617,3.614916],[43.729684,3.581699],[43.748056,3.538929],[43.75815788029489,3.513665572690302],[43.76542,3.495504],[43.77442991688617,3.4763375742665654],[43.78512,3.453597],[43.798815,3.407787],[43.805743,3.357579],[43.817413,3.310453],[43.830770782682784,3.288148872807693],[43.840998,3.271072],[43.870826,3.235748],[43.9,3.2],[43.906056,3.158049],[43.911933,3.116047],[43.922716,3.075446],[43.946909,3.038677],[43.980634,3.004632],[44.008324,2.968862],[44.02382,2.929608],[44.037438,2.889818],[44.055274,2.851232],[44.06592,2.810593],[44.060182,2.765272],[44.05213,2.71929],[44.063037,2.678725],[44.090011,2.64275],[44.109136,2.604534],[44.109221,2.560876],[44.107332144277855,2.5446296114148215],[44.01634919455979,2.5922920539545986],[43.235920552934076,2.4369870255595796],[42.72436679267714,2.322128066004179],[42.454050036924876,2.2614339538144828],[42.35442527058363,2.24779944204393],[41.681730978044,2.0826106811450456],[41.42165838064127,2.012217015290787],[40.539867614239,1.9259219481222962],[40.19767251265394,1.9415394331181777],[40.05432814869836,1.9342431387540295],[39.87050952027748,2.0879112057258107],[39.69429498787581,2.377715016356292],[42.44331465021651,4.024497608038636],[42.501226240143325,4.008853254315648],[42.622608011520505,4.037697841707027],[42.811153751657066,4.104736563710719],[42.82531571805021,4.107458435585853],[43.12742157719303,4.094147814907117],[43.26799897675996,4.126903746296766]]],[[[44.623133,3.706419],[44.601423,3.682088],[44.578546,3.675717],[44.556957,3.681686],[44.536855,3.692974],[44.522512,3.717895],[44.516904,3.755113],[44.51145,3.784778],[44.497686,3.799821],[44.48311,3.815743],[44.478041,3.841459],[44.477781,3.86915],[44.475139,3.894277],[44.474889,3.91996],[44.478799,3.94574],[44.475715,3.971807],[44.462698,4.003907],[44.455463,4.040771],[44.464486,4.072504],[44.481515,4.097504],[44.498431,4.121001],[44.517875,4.139132],[44.540019,4.148236],[44.559363,4.159861],[44.576548,4.18018],[44.596385,4.191075],[44.617058,4.178682],[44.634492,4.159002],[44.650277,4.150327],[44.666303,4.147071],[44.682222,4.142349],[44.70178,4.144706],[44.72746,4.153137],[44.750222,4.148209],[44.761194,4.123361],[44.76751,4.094673],[44.779186,4.071713],[44.79128,4.04737],[44.796421,4.017863],[44.799267,3.987111],[44.801545,3.955477],[44.792122,3.923986],[44.768152,3.899228],[44.74551,3.880759],[44.734896,3.859492],[44.728344,3.834599],[44.718082,3.812036],[44.707143,3.788613],[44.696144,3.761274],[44.68007,3.7421],[44.660075,3.737711],[44.641516,3.73035],[44.623133,3.706419]]]]}},{"type":"Feature","id":"admbnd:nngla:eea0e395f4aab0aab99c916b88403ae30585af366b72bcc0cebe7ab9af4dc64a","properties":{"boundary_candidate_id":"admbnd:nngla:eea0e395f4aab0aab99c916b88403ae30585af366b72bcc0cebe7ab9af4dc64a","administrative_candidate_id":"NG-ADM-CAND-000150","administrative_area_id":"NG-ADM-000150","source_record_id":"NGP-000521","administrative_type_code":"MUNICIPALITY","canonical_name":"Seacliff","parent_source_record_id":"NGR-07","parent_administrative_area_id":"NG-ADM-000007","region_code":"NGR-07","geometry_role_code":"ADMINISTRATIVE_BOUNDARY","geometry_reservation_key":"p006.7.11.11:administrative-boundary:NG-ADM-000150","geometry_id":"","geometry_id_state":"PENDING_GOVERNED_LIVE_RESERVATION","geometry_type_code":"POLYGON","crs_code":"NG-CRS-EPSG4326","authoring_basis":"HIERARCHY_AWARE_VORONOI_PARTITION","qualification_status":"QUALIFIED","legalization_status":"APPROVED_FOR_GOVERNED_LIVE_APPLICATION","resulting_boundary_status":"LEGALIZED","resulting_lifecycle_status":"ACTIVE","runtime_mode":"production","runtime_effect_scope":"SHARED_REFERENCE","publication_status":"NOT_PUBLISHED"},"geometry":{"type":"Polygon","coordinates":[[[42.33835549807421,4.419022941370779],[42.267081007498604,4.328946348839935],[42.063922061489464,4.286251282723972],[39.75923281169824,2.8761224889640604],[39.849783707916885,3.51523024644532],[39.91856413866484,3.7767702834041645],[40.04606237298592,4.2013874378933815],[40.07158821676054,4.311565893328435],[40.49859749763805,5.525230749772316],[40.746685308232635,6.230357009351471],[40.755049,6.217676],[40.785078,6.178754],[40.825466,6.149101],[40.875475,6.128057],[40.922994,6.104784],[40.960554,6.072601],[40.995055,6.037681],[41.033534,6.00632],[41.068673,5.971971],[41.090739,5.925924],[41.107602,5.875223],[41.137432,5.836123],[41.182306,5.810484],[41.224211,5.782189],[41.250533,5.739951],[41.269502,5.691134],[41.293624,5.646926],[41.32056,5.605238],[41.341583,5.558258],[41.360133,5.509066],[41.388433,5.468598],[41.429204,5.439288],[41.473033,5.412714],[41.512879,5.382576],[41.55,5.35],[41.587625,5.333911],[41.625114,5.31763],[41.660836,5.298844],[41.69702,5.280714],[41.731996,5.260872],[41.760293,5.23157],[41.77854534411315,5.202621355743005],[41.783403,5.194917],[41.78906252611131,5.189062359177119],[41.811713,5.165631],[41.82107219256907,5.162019004239462],[41.850207,5.150775],[41.889609,5.137202],[41.91904,5.109506],[41.941404,5.071796],[41.966934,5.038574],[41.995857,5.010157],[42.01917,4.973792],[42.036304,4.928674],[42.059898,4.892708],[42.09887,4.878528],[42.146306,4.876338],[42.190199,4.869129],[42.228612,4.854156],[42.266772,4.838825],[42.305088,4.823715],[42.30814563830984,4.821833445300212],[42.339237,4.802701],[42.36932,4.775928],[42.39315893280908,4.755781459912847],[42.39315893280908,4.755781459912846],[42.4,4.75],[42.435835,4.733703],[42.468919,4.713155],[42.500605,4.690446],[42.528629,4.662078],[42.551302,4.625439],[42.561969629222,4.609212100154522],[42.574676,4.589884],[42.606952,4.568087],[42.622856023907474,4.563518944043349],[42.335160732374526,4.486540991019544],[42.33835549807421,4.419022941370779]]]}},{"type":"Feature","id":"admbnd:nngla:2bd60d7c9b0ac8f1478d6733704d9ab687b1a9d251a0be0bd7ea7f786cfc822d","properties":{"boundary_candidate_id":"admbnd:nngla:2bd60d7c9b0ac8f1478d6733704d9ab687b1a9d251a0be0bd7ea7f786cfc822d","administrative_candidate_id":"NG-ADM-CAND-000151","administrative_area_id":"NG-ADM-000151","source_record_id":"NGP-000522","administrative_type_code":"CITY_DISTRICT","canonical_name":"Lysora Central","parent_source_record_id":"NGP-000518","parent_administrative_area_id":"NG-ADM-000147","region_code":"NGR-07","geometry_role_code":"ADMINISTRATIVE_BOUNDARY","geometry_reservation_key":"p006.7.11.11:administrative-boundary:NG-ADM-000151","geometry_id":"","geometry_id_state":"PENDING_GOVERNED_LIVE_RESERVATION","geometry_type_code":"POLYGON","crs_code":"NG-CRS-EPSG4326","authoring_basis":"HIERARCHY_AWARE_VORONOI_PARTITION","qualification_status":"QUALIFIED","legalization_status":"APPROVED_FOR_GOVERNED_LIVE_APPLICATION","resulting_boundary_status":"LEGALIZED","resulting_lifecycle_status":"ACTIVE","runtime_mode":"production","runtime_effect_scope":"SHARED_REFERENCE","publication_status":"NOT_PUBLISHED"},"geometry":{"type":"Polygon","coordinates":[[[42.667139064842374,4.19613460170347],[42.811153751657066,4.104736563710718],[42.622608011520505,4.037697841707027],[42.501226240143325,4.008853254315648],[42.44331465021651,4.024497608038636],[42.44440998915707,4.029457954291115],[42.527603865948166,4.17607109938159],[42.527603865948166,4.176071099381591],[42.667139064842374,4.19613460170347]]]}},{"type":"Feature","id":"admbnd:nngla:2082125b706e773df02b25e918d589ff8bcd6e1fd154b5d52e45123897ad4424","properties":{"boundary_candidate_id":"admbnd:nngla:2082125b706e773df02b25e918d589ff8bcd6e1fd154b5d52e45123897ad4424","administrative_candidate_id":"NG-ADM-CAND-000152","administrative_area_id":"NG-ADM-000152","source_record_id":"NGP-000523","administrative_type_code":"CITY_DISTRICT","canonical_name":"Coral Exchange","parent_source_record_id":"NGP-000518","parent_administrative_area_id":"NG-ADM-000147","region_code":"NGR-07","geometry_role_code":"ADMINISTRATIVE_BOUNDARY","geometry_reservation_key":"p006.7.11.11:administrative-boundary:NG-ADM-000152","geometry_id":"","geometry_id_state":"PENDING_GOVERNED_LIVE_RESERVATION","geometry_type_code":"POLYGON","crs_code":"NG-CRS-EPSG4326","authoring_basis":"HIERARCHY_AWARE_VORONOI_PARTITION","qualification_status":"QUALIFIED","legalization_status":"APPROVED_FOR_GOVERNED_LIVE_APPLICATION","resulting_boundary_status":"LEGALIZED","resulting_lifecycle_status":"ACTIVE","runtime_mode":"production","runtime_effect_scope":"SHARED_REFERENCE","publication_status":"NOT_PUBLISHED"},"geometry":{"type":"Polygon","coordinates":[[[42.69476062371528,4.235300094798023],[42.667139064842374,4.19613460170347],[42.527603865948166,4.176071099381591],[42.556724645078134,4.270274700002897],[42.69476062371528,4.235300094798023]]]}},{"type":"Feature","id":"admbnd:nngla:0f29b7beaa46b207564e8ef355da598c366208265a30d4f6585008dd4cf06e25","properties":{"boundary_candidate_id":"admbnd:nngla:0f29b7beaa46b207564e8ef355da598c366208265a30d4f6585008dd4cf06e25","administrative_candidate_id":"NG-ADM-CAND-000153","administrative_area_id":"NG-ADM-000153","source_record_id":"NGP-000524","administrative_type_code":"CITY_DISTRICT","canonical_name":"Old Harbour","parent_source_record_id":"NGP-000518","parent_administrative_area_id":"NG-ADM-000147","region_code":"NGR-07","geometry_role_code":"ADMINISTRATIVE_BOUNDARY","geometry_reservation_key":"p006.7.11.11:administrative-boundary:NG-ADM-000153","geometry_id":"","geometry_id_state":"PENDING_GOVERNED_LIVE_RESERVATION","geometry_type_code":"POLYGON","crs_code":"NG-CRS-EPSG4326","authoring_basis":"HIERARCHY_AWARE_VORONOI_PARTITION","qualification_status":"QUALIFIED","legalization_status":"APPROVED_FOR_GOVERNED_LIVE_APPLICATION","resulting_boundary_status":"LEGALIZED","resulting_lifecycle_status":"ACTIVE","runtime_mode":"production","runtime_effect_scope":"SHARED_REFERENCE","publication_status":"NOT_PUBLISHED"},"geometry":{"type":"Polygon","coordinates":[[[42.73609397860868,4.21541243664662],[42.7425547199909,4.266318749564876],[43.19348105947683,4.248062001334447],[43.218591,4.223137],[43.25,4.2],[43.270159,4.158392],[43.27357522376166,4.150316998466631],[43.28301856449161,4.12799557100917],[43.26799897675996,4.126903746296766],[43.12742157719303,4.094147814907117],[42.82531571805021,4.107458435585853],[42.82531571805021,4.107458435585852],[42.73609397860868,4.21541243664662]]]}},{"type":"Feature","id":"admbnd:nngla:b7a28a592ec7a2e84b7af4b0a4f7cbabf35b370a2fe5daa6b510fd8eb2ed9670","properties":{"boundary_candidate_id":"admbnd:nngla:b7a28a592ec7a2e84b7af4b0a4f7cbabf35b370a2fe5daa6b510fd8eb2ed9670","administrative_candidate_id":"NG-ADM-CAND-000154","administrative_area_id":"NG-ADM-000154","source_record_id":"NGP-000525","administrative_type_code":"CITY_DISTRICT","canonical_name":"Artisans' Quay","parent_source_record_id":"NGP-000518","parent_administrative_area_id":"NG-ADM-000147","region_code":"NGR-07","geometry_role_code":"ADMINISTRATIVE_BOUNDARY","geometry_reservation_key":"p006.7.11.11:administrative-boundary:NG-ADM-000154","geometry_id":"","geometry_id_state":"PENDING_GOVERNED_LIVE_RESERVATION","geometry_type_code":"MULTIPOLYGON","crs_code":"NG-CRS-EPSG4326","authoring_basis":"HIERARCHY_AWARE_VORONOI_PARTITION","qualification_status":"QUALIFIED","legalization_status":"APPROVED_FOR_GOVERNED_LIVE_APPLICATION","resulting_boundary_status":"LEGALIZED","resulting_lifecycle_status":"ACTIVE","runtime_mode":"production","runtime_effect_scope":"SHARED_REFERENCE","publication_status":"NOT_PUBLISHED"},"geometry":{"type":"MultiPolygon","coordinates":[[[[42.73897041539088,4.270328543126114],[42.75139730613533,4.477206080808357],[42.7728,4.466005],[42.806998,4.447178],[42.8341,4.417386],[42.860824,4.387007],[42.899282,4.374765],[42.93429763449004,4.378496692699286],[42.949098,4.380074],[42.997571,4.383309],[43.036893,4.372401],[43.071388,4.354034],[43.10626,4.336248],[43.138854,4.314943],[43.165663,4.284696],[43.19035,4.25117],[43.19348105947683,4.248062001334447],[42.7425547199909,4.266318749564876],[42.73897041539088,4.270328543126114]]],[[[44.700122,4.432753],[44.68462,4.397469],[44.660677,4.380575],[44.632704,4.375755],[44.603748,4.375654],[44.573688,4.383483],[44.542608,4.408488],[44.513043,4.450864],[44.487354,4.495824],[44.464273,4.525842],[44.440211,4.537718],[44.414111,4.544853],[44.389145,4.56254],[44.36861,4.593485],[44.351507,4.628879],[44.334113,4.660963],[44.315574,4.690724],[44.299366,4.723083],[44.287603,4.758476],[44.275414,4.79267],[44.254133,4.823944],[44.221333,4.85669],[44.19821782856998,4.8825330000000005],[44.186031,4.896158],[44.161746,4.941701],[44.154317,4.98769],[44.158004,5.03034],[44.163836,5.070641],[44.169752,5.109742],[44.180553,5.144565],[44.198824,5.171438],[44.219159,5.193384],[44.233507,5.219493],[44.241085,5.254157],[44.250353,5.288656],[44.270227,5.3074],[44.300747,5.303899],[44.333653,5.288389],[44.361261,5.277644],[44.382888,5.278591],[44.4026,5.284777],[44.423079,5.288764],[44.443829,5.293732],[44.464549,5.308949],[44.487377,5.334683],[44.514276,5.356274],[44.543578,5.356376],[44.571297,5.332014],[44.595978,5.296866],[44.62041,5.266548],[44.647514,5.244129],[44.675926,5.221207],[44.701579,5.190467],[44.723289,5.153375],[44.744228,5.115359],[44.766226,5.077392],[44.784156,5.035799],[44.789121,4.989436],[44.778497,4.943284],[44.761129,4.903196],[44.754623060412136,4.8825330000000005],[44.750403,4.86913],[44.752052,4.836061],[44.760267,4.800808],[44.766044,4.764953],[44.767322,4.730223],[44.768937,4.694105],[44.773545,4.653465],[44.775842,4.611839],[44.767915,4.578803],[44.749152,4.559198],[44.728211,4.544717],[44.71424,4.520142],[44.707535,4.479314],[44.700122,4.432753]]]]}},{"type":"Feature","id":"admbnd:nngla:82119552abb94a46b8df695ec351b63092e2ba8293b40b9f99043d2a44987aad","properties":{"boundary_candidate_id":"admbnd:nngla:82119552abb94a46b8df695ec351b63092e2ba8293b40b9f99043d2a44987aad","administrative_candidate_id":"NG-ADM-CAND-000155","administrative_area_id":"NG-ADM-000155","source_record_id":"NGP-000526","administrative_type_code":"CITY_DISTRICT","canonical_name":"Crescent Beach","parent_source_record_id":"NGP-000518","parent_administrative_area_id":"NG-ADM-000147","region_code":"NGR-07","geometry_role_code":"ADMINISTRATIVE_BOUNDARY","geometry_reservation_key":"p006.7.11.11:administrative-boundary:NG-ADM-000155","geometry_id":"","geometry_id_state":"PENDING_GOVERNED_LIVE_RESERVATION","geometry_type_code":"POLYGON","crs_code":"NG-CRS-EPSG4326","authoring_basis":"HIERARCHY_AWARE_VORONOI_PARTITION","qualification_status":"QUALIFIED","legalization_status":"APPROVED_FOR_GOVERNED_LIVE_APPLICATION","resulting_boundary_status":"LEGALIZED","resulting_lifecycle_status":"ACTIVE","runtime_mode":"production","runtime_effect_scope":"SHARED_REFERENCE","publication_status":"NOT_PUBLISHED"},"geometry":{"type":"Polygon","coordinates":[[[42.69970130927894,4.265240847617272],[42.69857464032947,4.237160946949405],[42.69476062371528,4.235300094798023],[42.556724645078134,4.270274700002897],[42.576875530307454,4.38912570378216],[42.61159685669994,4.44312540959034],[42.69970130927894,4.265240847617272]]]}},{"type":"Feature","id":"admbnd:nngla:0954aa722cb2d65789a2d7aa5a4c7a02ed104713cb22d551717e70d50242e62c","properties":{"boundary_candidate_id":"admbnd:nngla:0954aa722cb2d65789a2d7aa5a4c7a02ed104713cb22d551717e70d50242e62c","administrative_candidate_id":"NG-ADM-CAND-000156","administrative_area_id":"NG-ADM-000156","source_record_id":"NGP-000527","administrative_type_code":"CITY_DISTRICT","canonical_name":"Embassy Shore","parent_source_record_id":"NGP-000518","parent_administrative_area_id":"NG-ADM-000147","region_code":"NGR-07","geometry_role_code":"ADMINISTRATIVE_BOUNDARY","geometry_reservation_key":"p006.7.11.11:administrative-boundary:NG-ADM-000156","geometry_id":"","geometry_id_state":"PENDING_GOVERNED_LIVE_RESERVATION","geometry_type_code":"POLYGON","crs_code":"NG-CRS-EPSG4326","authoring_basis":"HIERARCHY_AWARE_VORONOI_PARTITION","qualification_status":"QUALIFIED","legalization_status":"APPROVED_FOR_GOVERNED_LIVE_APPLICATION","resulting_boundary_status":"LEGALIZED","resulting_lifecycle_status":"ACTIVE","runtime_mode":"production","runtime_effect_scope":"SHARED_REFERENCE","publication_status":"NOT_PUBLISHED"},"geometry":{"type":"Polygon","coordinates":[[[42.69970130927894,4.265240847617272],[42.73897041539088,4.270328543126114],[42.7425547199909,4.266318749564876],[42.73609397860868,4.21541243664662],[42.69857464032947,4.237160946949405],[42.69970130927894,4.265240847617272]]]}},{"type":"Feature","id":"admbnd:nngla:d4317a7f569e5351af07d9d6ae0828a535376f2861a3559ceddc651caa758f71","properties":{"boundary_candidate_id":"admbnd:nngla:d4317a7f569e5351af07d9d6ae0828a535376f2861a3559ceddc651caa758f71","administrative_candidate_id":"NG-ADM-CAND-000157","administrative_area_id":"NG-ADM-000157","source_record_id":"NGP-000528","administrative_type_code":"CITY_DISTRICT","canonical_name":"Marina Ward","parent_source_record_id":"NGP-000518","parent_administrative_area_id":"NG-ADM-000147","region_code":"NGR-07","geometry_role_code":"ADMINISTRATIVE_BOUNDARY","geometry_reservation_key":"p006.7.11.11:administrative-boundary:NG-ADM-000157","geometry_id":"","geometry_id_state":"PENDING_GOVERNED_LIVE_RESERVATION","geometry_type_code":"POLYGON","crs_code":"NG-CRS-EPSG4326","authoring_basis":"HIERARCHY_AWARE_VORONOI_PARTITION","qualification_status":"QUALIFIED","legalization_status":"APPROVED_FOR_GOVERNED_LIVE_APPLICATION","resulting_boundary_status":"LEGALIZED","resulting_lifecycle_status":"ACTIVE","runtime_mode":"production","runtime_effect_scope":"SHARED_REFERENCE","publication_status":"NOT_PUBLISHED"},"geometry":{"type":"Polygon","coordinates":[[[42.69476062371528,4.235300094798023],[42.69857464032947,4.237160946949405],[42.73609397860868,4.21541243664662],[42.82531571805021,4.107458435585852],[42.811153751657066,4.104736563710719],[42.811153751657066,4.104736563710718],[42.667139064842374,4.19613460170347],[42.69476062371528,4.235300094798023]]]}},{"type":"Feature","id":"admbnd:nngla:e9ba68d449348ac0993bfb499acc6611e7320581ba44520da8bf28e3920a933e","properties":{"boundary_candidate_id":"admbnd:nngla:e9ba68d449348ac0993bfb499acc6611e7320581ba44520da8bf28e3920a933e","administrative_candidate_id":"NG-ADM-CAND-000158","administrative_area_id":"NG-ADM-000158","source_record_id":"NGP-000529","administrative_type_code":"CITY_DISTRICT","canonical_name":"Lighthouse Hill","parent_source_record_id":"NGP-000518","parent_administrative_area_id":"NG-ADM-000147","region_code":"NGR-07","geometry_role_code":"ADMINISTRATIVE_BOUNDARY","geometry_reservation_key":"p006.7.11.11:administrative-boundary:NG-ADM-000158","geometry_id":"","geometry_id_state":"PENDING_GOVERNED_LIVE_RESERVATION","geometry_type_code":"POLYGON","crs_code":"NG-CRS-EPSG4326","authoring_basis":"HIERARCHY_AWARE_VORONOI_PARTITION","qualification_status":"QUALIFIED","legalization_status":"APPROVED_FOR_GOVERNED_LIVE_APPLICATION","resulting_boundary_status":"LEGALIZED","resulting_lifecycle_status":"ACTIVE","runtime_mode":"production","runtime_effect_scope":"SHARED_REFERENCE","publication_status":"NOT_PUBLISHED"},"geometry":{"type":"Polygon","coordinates":[[[42.73897041539088,4.270328543126114],[42.69970130927894,4.265240847617272],[42.61159685669994,4.44312540959034],[42.61159685669994,4.4431254095903405],[42.61965755765968,4.461006671552858],[42.6241159287624,4.563157066073922],[42.646064,4.556853],[42.681457,4.539874],[42.69995239508792,4.5211972839734615],[42.709508,4.511548],[42.738152,4.484138],[42.75139730613533,4.477206080808357],[42.73897041539088,4.270328543126114]]]}},{"type":"Feature","id":"admbnd:nngla:a83f89fbf88d79949a4c045061afa1355650aa18d80f1c971ca13b311d5db7bb","properties":{"boundary_candidate_id":"admbnd:nngla:a83f89fbf88d79949a4c045061afa1355650aa18d80f1c971ca13b311d5db7bb","administrative_candidate_id":"NG-ADM-CAND-000159","administrative_area_id":"NG-ADM-000159","source_record_id":"NGP-000557","administrative_type_code":"TOWNSHIP","canonical_name":"Coral Bay East","parent_source_record_id":"NGP-000519","parent_administrative_area_id":"NG-ADM-000148","region_code":"NGR-07","geometry_role_code":"ADMINISTRATIVE_BOUNDARY","geometry_reservation_key":"p006.7.11.11:administrative-boundary:NG-ADM-000159","geometry_id":"","geometry_id_state":"PENDING_GOVERNED_LIVE_RESERVATION","geometry_type_code":"POLYGON","crs_code":"NG-CRS-EPSG4326","authoring_basis":"HIERARCHY_AWARE_VORONOI_PARTITION","qualification_status":"QUALIFIED","legalization_status":"APPROVED_FOR_GOVERNED_LIVE_APPLICATION","resulting_boundary_status":"LEGALIZED","resulting_lifecycle_status":"ACTIVE","runtime_mode":"production","runtime_effect_scope":"SHARED_REFERENCE","publication_status":"NOT_PUBLISHED"},"geometry":{"type":"Polygon","coordinates":[[[42.41500898726808,4.354688383395067],[42.33835549807421,4.419022941370779],[42.335160732374526,4.486540991019544],[42.622856023907474,4.563518944043349],[42.6241159287624,4.563157066073922],[42.61965755765968,4.461006671552858],[42.61159685669994,4.4431254095903405],[42.576875530307454,4.3891257037821605],[42.41500898726808,4.354688383395067]]]}},{"type":"Feature","id":"admbnd:nngla:237beb10209690477c3b89ea3b025395779b381aa5d2330834eece85374ff7e8","properties":{"boundary_candidate_id":"admbnd:nngla:237beb10209690477c3b89ea3b025395779b381aa5d2330834eece85374ff7e8","administrative_candidate_id":"NG-ADM-CAND-000160","administrative_area_id":"NG-ADM-000160","source_record_id":"NGP-000558","administrative_type_code":"TOWNSHIP","canonical_name":"Azura Point","parent_source_record_id":"NGP-000519","parent_administrative_area_id":"NG-ADM-000148","region_code":"NGR-07","geometry_role_code":"ADMINISTRATIVE_BOUNDARY","geometry_reservation_key":"p006.7.11.11:administrative-boundary:NG-ADM-000160","geometry_id":"","geometry_id_state":"PENDING_GOVERNED_LIVE_RESERVATION","geometry_type_code":"POLYGON","crs_code":"NG-CRS-EPSG4326","authoring_basis":"HIERARCHY_AWARE_VORONOI_PARTITION","qualification_status":"QUALIFIED","legalization_status":"APPROVED_FOR_GOVERNED_LIVE_APPLICATION","resulting_boundary_status":"LEGALIZED","resulting_lifecycle_status":"ACTIVE","runtime_mode":"production","runtime_effect_scope":"SHARED_REFERENCE","publication_status":"NOT_PUBLISHED"},"geometry":{"type":"Polygon","coordinates":[[[42.41500898726808,4.354688383395067],[42.17431066296049,3.8633524953372014],[39.69429498787581,2.377715016356292],[39.655452602794746,2.441595509395365],[39.75757977049808,2.8644553327174247],[39.75923281169824,2.8761224889640604],[42.063922061489464,4.286251282723972],[42.267081007498604,4.328946348839935],[42.33835549807421,4.419022941370779],[42.41500898726808,4.354688383395067]]]}},{"type":"Feature","id":"admbnd:nngla:8dffb09c6172887190543b7438b64db8ecc9df9428b520f5eb85e7ab6e29672d","properties":{"boundary_candidate_id":"admbnd:nngla:8dffb09c6172887190543b7438b64db8ecc9df9428b520f5eb85e7ab6e29672d","administrative_candidate_id":"NG-ADM-CAND-000161","administrative_area_id":"NG-ADM-000161","source_record_id":"NGP-000559","administrative_type_code":"TOWNSHIP","canonical_name":"Reefline","parent_source_record_id":"NGP-000519","parent_administrative_area_id":"NG-ADM-000148","region_code":"NGR-07","geometry_role_code":"ADMINISTRATIVE_BOUNDARY","geometry_reservation_key":"p006.7.11.11:administrative-boundary:NG-ADM-000161","geometry_id":"","geometry_id_state":"PENDING_GOVERNED_LIVE_RESERVATION","geometry_type_code":"POLYGON","crs_code":"NG-CRS-EPSG4326","authoring_basis":"HIERARCHY_AWARE_VORONOI_PARTITION","qualification_status":"QUALIFIED","legalization_status":"APPROVED_FOR_GOVERNED_LIVE_APPLICATION","resulting_boundary_status":"LEGALIZED","resulting_lifecycle_status":"ACTIVE","runtime_mode":"production","runtime_effect_scope":"SHARED_REFERENCE","publication_status":"NOT_PUBLISHED"},"geometry":{"type":"Polygon","coordinates":[[[42.41500898726808,4.354688383395067],[42.576875530307454,4.3891257037821605],[42.576875530307454,4.38912570378216],[42.556724645078134,4.270274700002897],[42.527603865948166,4.17607109938159],[42.44440998915707,4.029457954291115],[42.44331465021651,4.024497608038636],[42.17431066296049,3.8633524953372014],[42.41500898726808,4.354688383395067]]]}},{"type":"Feature","id":"admbnd:nngla:448d153cc28f97371a41e7df35d1e401a3e1bc90d9ec4ddd036fcde9aba4e7af","properties":{"boundary_candidate_id":"admbnd:nngla:448d153cc28f97371a41e7df35d1e401a3e1bc90d9ec4ddd036fcde9aba4e7af","administrative_candidate_id":"NG-ADM-CAND-000162","administrative_area_id":"NG-ADM-000162","source_record_id":"NGP-000560","administrative_type_code":"TOWNSHIP","canonical_name":"El-Maren South","parent_source_record_id":"NGP-000520","parent_administrative_area_id":"NG-ADM-000149","region_code":"NGR-07","geometry_role_code":"ADMINISTRATIVE_BOUNDARY","geometry_reservation_key":"p006.7.11.11:administrative-boundary:NG-ADM-000162","geometry_id":"","geometry_id_state":"PENDING_GOVERNED_LIVE_RESERVATION","geometry_type_code":"POLYGON","crs_code":"NG-CRS-EPSG4326","authoring_basis":"HIERARCHY_AWARE_VORONOI_PARTITION","qualification_status":"QUALIFIED","legalization_status":"APPROVED_FOR_GOVERNED_LIVE_APPLICATION","resulting_boundary_status":"LEGALIZED","resulting_lifecycle_status":"ACTIVE","runtime_mode":"production","runtime_effect_scope":"SHARED_REFERENCE","publication_status":"NOT_PUBLISHED"},"geometry":{"type":"Polygon","coordinates":[[[42.71652238930945,3.8228849347046774],[42.51419100126349,4.01193413854477],[42.622608011520505,4.037697841707027],[42.811153751657066,4.104736563710719],[42.82531571805021,4.107458435585853],[43.12742157719303,4.094147814907117],[43.12742157719304,4.094147814907119],[42.71652238930945,3.8228849347046774]]]}},{"type":"Feature","id":"admbnd:nngla:51719025916745e6851922ba27f938c776bbb415d78effb3366116938a349268","properties":{"boundary_candidate_id":"admbnd:nngla:51719025916745e6851922ba27f938c776bbb415d78effb3366116938a349268","administrative_candidate_id":"NG-ADM-CAND-000163","administrative_area_id":"NG-ADM-000163","source_record_id":"NGP-000561","administrative_type_code":"TOWNSHIP","canonical_name":"Marenya Cross","parent_source_record_id":"NGP-000520","parent_administrative_area_id":"NG-ADM-000149","region_code":"NGR-07","geometry_role_code":"ADMINISTRATIVE_BOUNDARY","geometry_reservation_key":"p006.7.11.11:administrative-boundary:NG-ADM-000163","geometry_id":"","geometry_id_state":"PENDING_GOVERNED_LIVE_RESERVATION","geometry_type_code":"POLYGON","crs_code":"NG-CRS-EPSG4326","authoring_basis":"HIERARCHY_AWARE_VORONOI_PARTITION","qualification_status":"QUALIFIED","legalization_status":"APPROVED_FOR_GOVERNED_LIVE_APPLICATION","resulting_boundary_status":"LEGALIZED","resulting_lifecycle_status":"ACTIVE","runtime_mode":"production","runtime_effect_scope":"SHARED_REFERENCE","publication_status":"NOT_PUBLISHED"},"geometry":{"type":"Polygon","coordinates":[[[42.71652238930945,3.8228849347046774],[42.72436679267714,2.322128066004179],[42.454050036924876,2.2614339538144828],[42.35442527058363,2.24779944204393],[41.681730978044,2.0826106811450456],[41.42165838064127,2.012217015290787],[40.539867614239,1.9259219481222962],[40.19767251265394,1.9415394331181777],[40.05432814869836,1.9342431387540295],[39.87050952027748,2.0879112057258107],[39.69429498787581,2.377715016356292],[42.44331465021651,4.024497608038636],[42.501226240143325,4.008853254315648],[42.51419100126349,4.01193413854477],[42.71652238930945,3.8228849347046774]]]}},{"type":"Feature","id":"admbnd:nngla:423b62345c6875432f16c45dcc6b89fb40b659becae1663bbc833775e30d78b1","properties":{"boundary_candidate_id":"admbnd:nngla:423b62345c6875432f16c45dcc6b89fb40b659becae1663bbc833775e30d78b1","administrative_candidate_id":"NG-ADM-CAND-000164","administrative_area_id":"NG-ADM-000164","source_record_id":"NGP-000562","administrative_type_code":"TOWNSHIP","canonical_name":"Pearl Row","parent_source_record_id":"NGP-000520","parent_administrative_area_id":"NG-ADM-000149","region_code":"NGR-07","geometry_role_code":"ADMINISTRATIVE_BOUNDARY","geometry_reservation_key":"p006.7.11.11:administrative-boundary:NG-ADM-000164","geometry_id":"","geometry_id_state":"PENDING_GOVERNED_LIVE_RESERVATION","geometry_type_code":"MULTIPOLYGON","crs_code":"NG-CRS-EPSG4326","authoring_basis":"HIERARCHY_AWARE_VORONOI_PARTITION","qualification_status":"QUALIFIED","legalization_status":"APPROVED_FOR_GOVERNED_LIVE_APPLICATION","resulting_boundary_status":"LEGALIZED","resulting_lifecycle_status":"ACTIVE","runtime_mode":"production","runtime_effect_scope":"SHARED_REFERENCE","publication_status":"NOT_PUBLISHED"},"geometry":{"type":"MultiPolygon","coordinates":[[[[43.12742157719304,4.094147814907119],[43.26799897675996,4.126903746296766],[43.28301856449161,4.12799557100917],[43.288313,4.115481],[43.30239,4.069919],[43.31120224405151,4.037579142813264],[43.315055,4.02344],[43.337611,3.98339],[43.37521,3.953118],[43.416319,3.925126],[43.447771,3.890859],[43.473562,3.852911],[43.505742,3.819117],[43.541732,3.787799],[43.567315,3.749717],[43.582331,3.704765],[43.605762,3.665284],[43.64865,3.638449],[43.696617,3.614916],[43.729684,3.581699],[43.748056,3.538929],[43.75815788029489,3.513665572690302],[43.76542,3.495504],[43.77442991688617,3.4763375742665654],[43.78512,3.453597],[43.798815,3.407787],[43.805743,3.357579],[43.817413,3.310453],[43.830770782682784,3.288148872807693],[43.840998,3.271072],[43.870826,3.235748],[43.9,3.2],[43.906056,3.158049],[43.911933,3.116047],[43.922716,3.075446],[43.946909,3.038677],[43.980634,3.004632],[44.008324,2.968862],[44.02382,2.929608],[44.037438,2.889818],[44.055274,2.851232],[44.06592,2.810593],[44.060182,2.765272],[44.05213,2.71929],[44.063037,2.678725],[44.090011,2.64275],[44.109136,2.604534],[44.109221,2.560876],[44.107332144277855,2.5446296114148215],[44.01634919455979,2.5922920539545986],[43.235920552934076,2.4369870255595796],[42.72436679267714,2.322128066004179],[42.71652238930945,3.8228849347046774],[43.12742157719304,4.094147814907119]]],[[[44.578546,3.675717],[44.556957,3.681686],[44.536855,3.692974],[44.522512,3.717895],[44.516904,3.755113],[44.51145,3.784778],[44.497686,3.799821],[44.48311,3.815743],[44.478041,3.841459],[44.477781,3.86915],[44.475139,3.894277],[44.474889,3.91996],[44.478799,3.94574],[44.475715,3.971807],[44.462698,4.003907],[44.455463,4.040771],[44.464486,4.072504],[44.481515,4.097504],[44.498431,4.121001],[44.517875,4.139132],[44.540019,4.148236],[44.559363,4.159861],[44.576548,4.18018],[44.596385,4.191075],[44.617058,4.178682],[44.634492,4.159002],[44.650277,4.150327],[44.666303,4.147071],[44.682222,4.142349],[44.70178,4.144706],[44.72746,4.153137],[44.750222,4.148209],[44.761194,4.123361],[44.76751,4.094673],[44.779186,4.071713],[44.79128,4.04737],[44.796421,4.017863],[44.799267,3.987111],[44.801545,3.955477],[44.792122,3.923986],[44.768152,3.899228],[44.74551,3.880759],[44.734896,3.859492],[44.728344,3.834599],[44.718082,3.812036],[44.707143,3.788613],[44.696144,3.761274],[44.68007,3.7421],[44.660075,3.737711],[44.641516,3.73035],[44.623133,3.706419],[44.601423,3.682088],[44.578546,3.675717]]]]}},{"type":"Feature","id":"admbnd:nngla:5072028c1538193e450191a8cd42966e75f59e6aa6ce1d5ccecd78c769206158","properties":{"boundary_candidate_id":"admbnd:nngla:5072028c1538193e450191a8cd42966e75f59e6aa6ce1d5ccecd78c769206158","administrative_candidate_id":"NG-ADM-CAND-000165","administrative_area_id":"NG-ADM-000165","source_record_id":"NGP-000563","administrative_type_code":"TOWNSHIP","canonical_name":"Seacliff Lower","parent_source_record_id":"NGP-000521","parent_administrative_area_id":"NG-ADM-000150","region_code":"NGR-07","geometry_role_code":"ADMINISTRATIVE_BOUNDARY","geometry_reservation_key":"p006.7.11.11:administrative-boundary:NG-ADM-000165","geometry_id":"","geometry_id_state":"PENDING_GOVERNED_LIVE_RESERVATION","geometry_type_code":"POLYGON","crs_code":"NG-CRS-EPSG4326","authoring_basis":"HIERARCHY_AWARE_VORONOI_PARTITION","qualification_status":"QUALIFIED","legalization_status":"APPROVED_FOR_GOVERNED_LIVE_APPLICATION","resulting_boundary_status":"LEGALIZED","resulting_lifecycle_status":"ACTIVE","runtime_mode":"production","runtime_effect_scope":"SHARED_REFERENCE","publication_status":"NOT_PUBLISHED"},"geometry":{"type":"Polygon","coordinates":[[[42.26826529397358,4.552669478323054],[42.586832827374074,4.581674111343637],[42.606952,4.568087],[42.622856023907474,4.563518944043349],[42.335160732374526,4.486540991019544],[42.33835549807421,4.419022941370779],[42.267081007498604,4.328946348839935],[42.063922061489464,4.286251282723972],[42.26826529397358,4.552669478323054]]]}},{"type":"Feature","id":"admbnd:nngla:a97ac2d69cb20b74d4c2d80938dc71769436de4fe0c57247e701fb973dfade6f","properties":{"boundary_candidate_id":"admbnd:nngla:a97ac2d69cb20b74d4c2d80938dc71769436de4fe0c57247e701fb973dfade6f","administrative_candidate_id":"NG-ADM-CAND-000166","administrative_area_id":"NG-ADM-000166","source_record_id":"NGP-000564","administrative_type_code":"TOWNSHIP","canonical_name":"Windport Gate","parent_source_record_id":"NGP-000521","parent_administrative_area_id":"NG-ADM-000150","region_code":"NGR-07","geometry_role_code":"ADMINISTRATIVE_BOUNDARY","geometry_reservation_key":"p006.7.11.11:administrative-boundary:NG-ADM-000166","geometry_id":"","geometry_id_state":"PENDING_GOVERNED_LIVE_RESERVATION","geometry_type_code":"POLYGON","crs_code":"NG-CRS-EPSG4326","authoring_basis":"HIERARCHY_AWARE_VORONOI_PARTITION","qualification_status":"QUALIFIED","legalization_status":"APPROVED_FOR_GOVERNED_LIVE_APPLICATION","resulting_boundary_status":"LEGALIZED","resulting_lifecycle_status":"ACTIVE","runtime_mode":"production","runtime_effect_scope":"SHARED_REFERENCE","publication_status":"NOT_PUBLISHED"},"geometry":{"type":"Polygon","coordinates":[[[42.26826529397358,4.552669478323054],[40.49859749763805,5.525230749772319],[40.746685308232635,6.230357009351471],[40.755049,6.217676],[40.785078,6.178754],[40.825466,6.149101],[40.875475,6.128057],[40.922994,6.104784],[40.960554,6.072601],[40.995055,6.037681],[41.033534,6.00632],[41.068673,5.971971],[41.090739,5.925924],[41.107602,5.875223],[41.137432,5.836123],[41.182306,5.810484],[41.224211,5.782189],[41.250533,5.739951],[41.269502,5.691134],[41.293624,5.646926],[41.32056,5.605238],[41.341583,5.558258],[41.360133,5.509066],[41.388433,5.468598],[41.429204,5.439288],[41.473033,5.412714],[41.512879,5.382576],[41.55,5.35],[41.587625,5.333911],[41.625114,5.31763],[41.660836,5.298844],[41.69702,5.280714],[41.731996,5.260872],[41.760293,5.23157],[41.77854534411315,5.202621355743005],[41.783403,5.194917],[41.78906252611131,5.189062359177119],[41.811713,5.165631],[41.82107219256907,5.162019004239462],[41.850207,5.150775],[41.889609,5.137202],[41.91904,5.109506],[41.941404,5.071796],[41.966934,5.038574],[41.995857,5.010157],[42.01917,4.973792],[42.036304,4.928674],[42.059898,4.892708],[42.09887,4.878528],[42.146306,4.876338],[42.190199,4.869129],[42.228612,4.854156],[42.266772,4.838825],[42.305088,4.823715],[42.30814563830984,4.821833445300212],[42.339237,4.802701],[42.36932,4.775928],[42.39315893280908,4.755781459912847],[42.39315893280908,4.755781459912846],[42.4,4.75],[42.435835,4.733703],[42.468919,4.713155],[42.500605,4.690446],[42.528629,4.662078],[42.551302,4.625439],[42.561969629222,4.609212100154522],[42.574676,4.589884],[42.586832827374074,4.581674111343637],[42.26826529397358,4.552669478323054]]]}},{"type":"Feature","id":"admbnd:nngla:3b317eca6c0b0130a3a06c8791a801225d925bdcc54d0702cd7575059b1d5f4f","properties":{"boundary_candidate_id":"admbnd:nngla:3b317eca6c0b0130a3a06c8791a801225d925bdcc54d0702cd7575059b1d5f4f","administrative_candidate_id":"NG-ADM-CAND-000167","administrative_area_id":"NG-ADM-000167","source_record_id":"NGP-000565","administrative_type_code":"TOWNSHIP","canonical_name":"Blue Cape End","parent_source_record_id":"NGP-000521","parent_administrative_area_id":"NG-ADM-000150","region_code":"NGR-07","geometry_role_code":"ADMINISTRATIVE_BOUNDARY","geometry_reservation_key":"p006.7.11.11:administrative-boundary:NG-ADM-000167","geometry_id":"","geometry_id_state":"PENDING_GOVERNED_LIVE_RESERVATION","geometry_type_code":"POLYGON","crs_code":"NG-CRS-EPSG4326","authoring_basis":"HIERARCHY_AWARE_VORONOI_PARTITION","qualification_status":"QUALIFIED","legalization_status":"APPROVED_FOR_GOVERNED_LIVE_APPLICATION","resulting_boundary_status":"LEGALIZED","resulting_lifecycle_status":"ACTIVE","runtime_mode":"production","runtime_effect_scope":"SHARED_REFERENCE","publication_status":"NOT_PUBLISHED"},"geometry":{"type":"Polygon","coordinates":[[[42.26826529397358,4.552669478323054],[42.063922061489464,4.286251282723972],[39.75923281169824,2.8761224889640604],[39.849783707916885,3.51523024644532],[39.91856413866484,3.7767702834041645],[40.04606237298592,4.2013874378933815],[40.07158821676054,4.311565893328435],[40.49859749763805,5.525230749772316],[42.26826529397358,4.552669478323054]]]}},{"type":"Feature","id":"admbnd:nngla:8e42fafe7020cb11400af1a71313475a3bfd9daa19ff66779a1b827fac15a6cd","properties":{"boundary_candidate_id":"admbnd:nngla:8e42fafe7020cb11400af1a71313475a3bfd9daa19ff66779a1b827fac15a6cd","administrative_candidate_id":"NG-ADM-CAND-000168","administrative_area_id":"NG-ADM-000168","source_record_id":"NGP-000601","administrative_type_code":"INDUSTRIAL_ZONE","canonical_name":"BlueHarbor Trade Park","parent_source_record_id":"NGP-000518","parent_administrative_area_id":"NG-ADM-000147","region_code":"NGR-07","geometry_role_code":"ADMINISTRATIVE_BOUNDARY","geometry_reservation_key":"p006.7.11.11:administrative-boundary:NG-ADM-000168","geometry_id":"","geometry_id_state":"PENDING_GOVERNED_LIVE_RESERVATION","geometry_type_code":"POLYGON","crs_code":"NG-CRS-EPSG4326","authoring_basis":"PARENT_CLIPPED_SPECIAL_PURPOSE_OVERLAY_BUFFER","qualification_status":"QUALIFIED","legalization_status":"APPROVED_FOR_GOVERNED_LIVE_APPLICATION","resulting_boundary_status":"LEGALIZED","resulting_lifecycle_status":"ACTIVE","runtime_mode":"production","runtime_effect_scope":"SHARED_REFERENCE","publication_status":"NOT_PUBLISHED"},"geometry":{"type":"Polygon","coordinates":[[[42.85940157896301,4.385769245543571],[42.8567981431703,4.38049],[42.853527900313104,4.375595735694607],[42.8496468051534,4.371170194846606],[42.845221264305394,4.367289099686895],[42.840327,4.3640188568297],[42.83504775445643,4.361415421036992],[42.82947385702961,4.3595233378169915],[42.82370067864991,4.358374981238178],[42.817827,4.35799],[42.811953321350096,4.358374981238178],[42.80618014297039,4.3595233378169915],[42.80060624554357,4.361415421036992],[42.795327,4.3640188568297],[42.79043273569461,4.367289099686895],[42.786007194846604,4.371170194846606],[42.7821260996869,4.375595735694607],[42.7788558568297,4.38049],[42.77625242103699,4.385769245543571],[42.774360337816994,4.391343142970387],[42.77321198123818,4.397116321350097],[42.772827,4.40299],[42.77321198123818,4.408863678649903],[42.774360337816994,4.414636857029613],[42.77625242103699,4.420210754456429],[42.7788558568297,4.42549],[42.7821260996869,4.430384264305393],[42.786007194846604,4.434809805153394],[42.79043273569461,4.438690900313105],[42.795327,4.4419611431703],[42.80060624554357,4.444564578963008],[42.80618014297039,4.446456662183008],[42.807428342108544,4.44670494442854],[42.8341,4.417386],[42.860100806526546,4.387829103522306],[42.85940157896301,4.385769245543571]]]}},{"type":"Feature","id":"admbnd:nngla:32d3ed9c6b339540683768236c8ee518c0f12dc30f1755c853735009b1545134","properties":{"boundary_candidate_id":"admbnd:nngla:32d3ed9c6b339540683768236c8ee518c0f12dc30f1755c853735009b1545134","administrative_candidate_id":"NG-ADM-CAND-000169","administrative_area_id":"NG-ADM-000169","source_record_id":"NGP-000602","administrative_type_code":"INDUSTRIAL_ZONE","canonical_name":"Coral Foods Estate","parent_source_record_id":"NGP-000520","parent_administrative_area_id":"NG-ADM-000149","region_code":"NGR-07","geometry_role_code":"ADMINISTRATIVE_BOUNDARY","geometry_reservation_key":"p006.7.11.11:administrative-boundary:NG-ADM-000169","geometry_id":"","geometry_id_state":"PENDING_GOVERNED_LIVE_RESERVATION","geometry_type_code":"POLYGON","crs_code":"NG-CRS-EPSG4326","authoring_basis":"PARENT_CLIPPED_SPECIAL_PURPOSE_OVERLAY_BUFFER","qualification_status":"QUALIFIED","legalization_status":"APPROVED_FOR_GOVERNED_LIVE_APPLICATION","resulting_boundary_status":"LEGALIZED","resulting_lifecycle_status":"ACTIVE","runtime_mode":"production","runtime_effect_scope":"SHARED_REFERENCE","publication_status":"NOT_PUBLISHED"},"geometry":{"type":"Polygon","coordinates":[[[42.769753018761826,3.940532321350098],[42.76860466218301,3.9347591429703868],[42.76671257896301,3.929185245543571],[42.7641091431703,3.923906],[42.760838900313104,3.9190117356946077],[42.7569578051534,3.9145861948466054],[42.752532264305394,3.9107050996868944],[42.747638,3.9074348568297004],[42.74235875445643,3.904831421036992],[42.73678485702961,3.902939337816992],[42.73101167864991,3.901790981238179],[42.725138,3.901406],[42.719264321350096,3.901790981238179],[42.71349114297039,3.902939337816992],[42.70791724554357,3.904831421036992],[42.702638,3.9074348568297004],[42.69774373569461,3.9107050996868944],[42.693318194846604,3.9145861948466054],[42.6894370996869,3.9190117356946077],[42.6861668568297,3.923906],[42.68356342103699,3.929185245543571],[42.681671337816994,3.9347591429703868],[42.68052298123818,3.940532321350098],[42.680138,3.946406],[42.68052298123818,3.9522796786499024],[42.681671337816994,3.9580528570296134],[42.68356342103699,3.963626754456429],[42.6861668568297,3.968906],[42.6894370996869,3.9738002643053925],[42.693318194846604,3.9782258051533947],[42.69774373569461,3.9821069003131058],[42.702638,3.9853771431703],[42.70791724554357,3.987980578963008],[42.71349114297039,3.989872662183008],[42.719264321350096,3.9910210187618214],[42.725138,3.991406],[42.73101167864991,3.9910210187618214],[42.73678485702961,3.989872662183008],[42.74235875445643,3.987980578963008],[42.747638,3.9853771431703],[42.752532264305394,3.9821069003131058],[42.7569578051534,3.9782258051533947],[42.760838900313104,3.9738002643053925],[42.7641091431703,3.968906],[42.76671257896301,3.963626754456429],[42.76860466218301,3.9580528570296134],[42.769753018761826,3.9522796786499024],[42.770138,3.946406],[42.769753018761826,3.940532321350098]]]}},{"type":"Feature","id":"admbnd:nngla:6eb4c0ae630e28f3d61b27359b76fd20e0af256592f9610fcaabda1acfd21602","properties":{"boundary_candidate_id":"admbnd:nngla:6eb4c0ae630e28f3d61b27359b76fd20e0af256592f9610fcaabda1acfd21602","administrative_candidate_id":"NG-ADM-CAND-000170","administrative_area_id":"NG-ADM-000170","source_record_id":"NGP-000609","administrative_type_code":"CITY","canonical_name":"Port Meridian","parent_source_record_id":"NGR-08","parent_administrative_area_id":"NG-ADM-000008","region_code":"NGR-08","geometry_role_code":"ADMINISTRATIVE_BOUNDARY","geometry_reservation_key":"p006.7.11.11:administrative-boundary:NG-ADM-000170","geometry_id":"","geometry_id_state":"PENDING_GOVERNED_LIVE_RESERVATION","geometry_type_code":"POLYGON","crs_code":"NG-CRS-EPSG4326","authoring_basis":"HIERARCHY_AWARE_VORONOI_PARTITION","qualification_status":"QUALIFIED","legalization_status":"APPROVED_FOR_GOVERNED_LIVE_APPLICATION","resulting_boundary_status":"LEGALIZED","resulting_lifecycle_status":"ACTIVE","runtime_mode":"production","runtime_effect_scope":"SHARED_REFERENCE","publication_status":"NOT_PUBLISHED"},"geometry":{"type":"Polygon","coordinates":[[[43.29346645170402,0.31928314928736024],[43.28937898328508,0.292367616106674],[43.14580300166614,0.11556770881588746],[43.00247545143947,-0.19349404592344835],[42.82330493888485,0.16597613581796325],[42.83262988984274,0.3526636761947971],[42.902026431491414,0.5050889829144236],[42.89563097109019,0.6753556531041239],[42.89297733750891,0.6904671478299262],[42.89729785546006,0.6914295320319249],[43.158361204729154,0.6245904602892743],[43.237653660687286,0.6387494146597608],[43.276737595106596,0.6197576035100248],[43.35647996668922,0.48525976966926915],[43.32073586145193,0.4126059802180769],[43.29346645170402,0.31928314928736024]]]}},{"type":"Feature","id":"admbnd:nngla:929d1684704d3dc218a05210cbf61a118e4303cb11f1053fd4071603670083bb","properties":{"boundary_candidate_id":"admbnd:nngla:929d1684704d3dc218a05210cbf61a118e4303cb11f1053fd4071603670083bb","administrative_candidate_id":"NG-ADM-CAND-000171","administrative_area_id":"NG-ADM-000171","source_record_id":"NGP-000610","administrative_type_code":"MUNICIPALITY","canonical_name":"Sabarin","parent_source_record_id":"NGR-08","parent_administrative_area_id":"NG-ADM-000008","region_code":"NGR-08","geometry_role_code":"ADMINISTRATIVE_BOUNDARY","geometry_reservation_key":"p006.7.11.11:administrative-boundary:NG-ADM-000171","geometry_id":"","geometry_id_state":"PENDING_GOVERNED_LIVE_RESERVATION","geometry_type_code":"MULTIPOLYGON","crs_code":"NG-CRS-EPSG4326","authoring_basis":"HIERARCHY_AWARE_VORONOI_PARTITION","qualification_status":"QUALIFIED","legalization_status":"APPROVED_FOR_GOVERNED_LIVE_APPLICATION","resulting_boundary_status":"LEGALIZED","resulting_lifecycle_status":"ACTIVE","runtime_mode":"production","runtime_effect_scope":"SHARED_REFERENCE","publication_status":"NOT_PUBLISHED"},"geometry":{"type":"MultiPolygon","coordinates":[[[[43.658612,-5.692404],[43.62896,-5.699209],[43.605951,-5.713846],[43.584357,-5.736985],[43.556217,-5.757598],[43.521848,-5.767755],[43.485752,-5.770751],[43.449748,-5.770776],[43.416191,-5.763529],[43.390333,-5.744808],[43.372106,-5.722066],[43.352134,-5.707508],[43.324212,-5.702013],[43.296156,-5.694992],[43.279042,-5.679836],[43.270788,-5.660878],[43.261496,-5.643838],[43.251044,-5.627816],[43.247129,-5.610226],[43.246213,-5.592642],[43.232628,-5.576827],[43.202491,-5.55998],[43.174822,-5.539],[43.169363,-5.51584],[43.183551,-5.494101],[43.20214,-5.473768],[43.220781,-5.453968],[43.246169,-5.437175],[43.277868,-5.424873],[43.305886,-5.412308],[43.327256,-5.394908],[43.35148,-5.37816],[43.385387,-5.37276],[43.423125,-5.379599],[43.456085,-5.387829],[43.483912,-5.389653],[43.510427,-5.388459],[43.536764,-5.388483],[43.564595,-5.385423],[43.598498,-5.375032],[43.637753,-5.36467],[43.672352,-5.366409],[43.695493,-5.380947],[43.714431,-5.397478],[43.739729,-5.409134],[43.768839,-5.419953],[43.791455,-5.435329],[43.807104,-5.454008],[43.823198,-5.473024],[43.83598,-5.493548],[43.82963,-5.516927],[43.800188,-5.53993],[43.766666,-5.559021],[43.748869,-5.575712],[43.74437,-5.593167],[43.738128,-5.610944],[43.726065,-5.62775],[43.715213,-5.64566],[43.705533,-5.665776],[43.687486,-5.68299],[43.658612,-5.692404]]],[[[44.385232,-4.188459],[44.364493,-4.188652],[44.344822,-4.198625],[44.322761,-4.224254],[44.29751,-4.246829],[44.273011,-4.251512],[44.250786,-4.244473],[44.230166,-4.232644],[44.21538,-4.209101],[44.210871,-4.171592],[44.209894,-4.135573],[44.200955,-4.113676],[44.185839,-4.097739],[44.17739,-4.074405],[44.179089,-4.044663],[44.181947,-4.016262],[44.182473,-3.989817],[44.186784,-3.963062],[44.193938457430015,-3.937467],[44.194043,-3.937093],[44.193384,-3.910009],[44.183147,-3.876002],[44.177511,-3.837026],[44.187027,-3.803168],[44.206027,-3.777402],[44.225591,-3.753745],[44.245956,-3.732559],[44.269347,-3.72054],[44.292408,-3.713269],[44.312776,-3.698056],[44.333519,-3.67861],[44.355719,-3.675357],[44.375392,-3.694341],[44.391214,-3.716934],[44.406609,-3.7283],[44.422599,-3.734522],[44.438031,-3.742368],[44.456685,-3.744665],[44.482581,-3.738838],[44.508592,-3.739941],[44.522885,-3.760143],[44.526952,-3.79075],[44.533397,-3.817821],[44.545512,-3.841711],[44.554179,-3.869494],[44.555832,-3.901078],[44.556575,-3.933468],[44.55646068836627,-3.937467],[44.555616,-3.967017],[44.542192,-3.999075],[44.514804,-4.023089],[44.487846,-4.040284],[44.472137,-4.060041],[44.462327,-4.08466],[44.449857,-4.107525],[44.435368,-4.128411],[44.421523,-4.153486],[44.405435,-4.177865],[44.385232,-4.188459]]],[[[43.908905,0.222295],[43.925583,0.198141],[43.942043,0.173747],[43.94350984013659,0.16979038483884065],[43.953235,0.143558],[43.9659,0.11499],[43.988874,0.097761],[44.019936,0.089429],[44.05017,0.080187],[44.076151,0.066266],[44.096107029416196,0.05265516623406324],[44.1,0.05],[44.097591,0.012341],[44.092822,-0.02453],[44.085476,-0.060543],[44.078159,-0.096566],[44.065384,-0.130769],[44.04088,-0.161063],[44.013333,-0.190342],[43.999276,-0.224118],[43.998558,-0.26234],[43.992149,-0.298665],[43.969371,-0.329534],[43.942282,-0.358966],[43.92398,-0.391327],[43.907018,-0.424134],[43.9011214249931,-0.4300648610006379],[43.878297,-0.453022],[43.845732,-0.480629],[43.831394,-0.514311],[43.840529,-0.555817],[43.854872,-0.59906],[43.858661,-0.638785],[43.855257,-0.676111],[43.852673,-0.713711],[43.847639,-0.750495],[43.83391,-0.78438],[43.81548,-0.816699],[43.8,-0.85],[43.785072,-0.878453],[43.766466,-0.904542],[43.745214,-0.928929],[43.717485,-0.949152],[43.684406,-0.965937],[43.65992506305963,-0.9851682800043989],[43.657769,-0.986862],[43.645679,-1.01714],[43.638917,-1.050842],[43.623106,-1.078727],[43.599809,-1.1018],[43.59845953378703,-1.1038370237523019],[43.582131,-1.128485],[43.571512,-1.159708],[43.55495,-1.187111],[43.528577,-1.208206],[43.508264,-1.233197],[43.507653,-1.270854],[43.517361,-1.315144],[43.517785,-1.353466],[43.504443,-1.382939],[43.487484,-1.410086],[43.471209,-1.437673],[43.449097,-1.461507],[43.419077,-1.480258],[43.389803,-1.499489],[43.367929,-1.523476],[43.35,-1.55],[43.3594,-1.583761],[43.367147,-1.618349],[43.371717,-1.654526],[43.378841,-1.689425],[43.399153,-1.717731],[43.431763,-1.739888],[43.462076,-1.763193],[43.481926,-1.791729],[43.500317,-1.820995],[43.525674,-1.846779],[43.549093,-1.873531],[43.558767,-1.907155],[43.563037,-1.943482],[43.581889,-1.972517],[43.617357,-1.993244],[43.649298,-2.015736],[43.663408,-2.047142],[43.667804,-2.083406],[43.67524,-2.118149],[43.683346,-2.152558],[43.683877,-2.190754],[43.681293,-2.230507],[43.688205,-2.265513],[43.707145,-2.294504],[43.729495,-2.321791],[43.75,-2.35],[43.757899,-2.383977],[43.766615,-2.417665],[43.782461,-2.448837],[43.810407,-2.475739],[43.841843,-2.501408],[43.86327,-2.530611],[43.875049,-2.563218],[43.887984,-2.595417],[43.901946,-2.627254],[43.904252,-2.663205],[43.900524864,-2.677467],[43.893668,-2.703705],[43.889484,-2.741947],[43.906031,-2.772872],[43.93086,-2.800873],[43.942126,-2.833661],[43.938761,-2.871614],[43.937362,-2.908872],[43.944173,-2.943233],[43.948637,-2.978422],[43.945883,-3.016159],[43.948031,-3.052166],[43.96606,-3.082567],[43.99364,-3.109598],[44.017778,-3.137843],[44.0354,-3.168388],[44.05,-3.2],[44.035704,-3.24373],[44.018371,-3.285638],[43.998775,-3.326188],[43.978542,-3.366356],[43.951619,-3.40251],[43.914038,-3.432269],[43.876571,-3.462097],[43.853493,-3.500557],[43.840689,-3.545183],[43.819642,-3.584862],[43.784245,-3.615932],[43.748224,-3.646627],[43.721091,-3.682654],[43.69276,-3.717964],[43.652959,-3.746391],[43.613142,-3.774808],[43.593346,-3.815238],[43.593659,-3.867734],[43.594727,-3.920682],[43.590986490452764,-3.937467],[43.584445,-3.966821],[43.568567,-4.009602],[43.553613,-4.052937],[43.534868,-4.093998],[43.507476,-4.12987],[43.476932,-4.163851],[43.45,-4.2],[43.420453,-4.241316],[43.38736,-4.27993],[43.351139,-4.316161],[43.31114584093434,-4.344897560622889],[43.308025,-4.34714],[43.261284,-4.375355],[43.223852,-4.410664],[43.201324,-4.457328],[43.181532,-4.506076],[43.151293,-4.546864],[43.115599,-4.583497],[43.087458,-4.625884],[43.064693,-4.672367],[43.033297,-4.712274],[42.993134,-4.745501],[42.962725,-4.786161],[42.952758,-4.842395],[42.949416,-4.903676],[42.933387,-4.955291],[42.903947,-4.996688],[42.872546,-5.036592],[42.841391,-5.076683],[42.803042,-5.111292],[42.757472,-5.1404],[42.714863,-5.171764],[42.68067,-5.20954],[42.65,-5.25],[42.602185,-5.284615],[42.553052,-5.317849],[42.501807,-5.348871],[42.4546,-5.384123],[42.419726,-5.432295],[42.393723,-5.489761],[42.363417,-5.542719],[42.324331,-5.586478],[42.285695,-5.630709],[42.252508,-5.680649],[42.22084026845827,-5.7188384914083],[42.99596486052557,-0.5969204918709349],[43.00247545143947,-0.19349404592344835],[43.14580300166614,0.11556770881588746],[43.28937898328508,0.292367616106674],[43.29346645170402,0.31928314928736024],[43.32073586145193,0.4126059802180769],[43.35647996668922,0.48525976966926915],[43.557034564958514,0.5412130149514953],[43.568092,0.527401],[43.586383,0.505021],[43.608774,0.487151],[43.639861,0.478847],[43.675319,0.475351],[43.70521,0.465731],[43.727668,0.447935],[43.7301731972461,0.44592804059582103],[43.74233595803365,0.4361842301308573],[43.750023,0.430026],[43.774262,0.414188],[43.792012,0.391214],[43.79915093299494,0.3595398675079867],[43.799688,0.357157],[43.808784,0.324662],[43.831481,0.307129],[43.862421,0.298663],[43.885911,0.282002],[43.897901,0.252691],[43.9048728496583,0.23343288093296868],[43.908905,0.222295]]],[[[44.782083,-2.049485],[44.767316,-2.067726],[44.763427,-2.097834],[44.764047,-2.13779],[44.756859,-2.173147],[44.738171,-2.194446],[44.713457,-2.205858],[44.686905,-2.213164],[44.657407,-2.211169],[44.624824,-2.191748],[44.593562,-2.160891],[44.567038,-2.137067],[44.542979,-2.130095],[44.517803,-2.129564],[44.49256,-2.11904],[44.470473,-2.095869],[44.450954,-2.0702],[44.431032,-2.048406],[44.411578,-2.026556],[44.396014,-2.000717],[44.381757,-1.974907],[44.359396,-1.954127],[44.324891,-1.935083],[44.288358,-1.909974],[44.26468,-1.876934],[44.257088,-1.841017],[44.25628,-1.806177],[44.255502,-1.772299],[44.258795,-1.740238],[44.270911,-1.713067],[44.285989,-1.689679],[44.293985,-1.663304],[44.295997,-1.631673],[44.304921,-1.60446],[44.329176,-1.593576],[44.362122,-1.597396],[44.391131,-1.601821],[44.412162,-1.597689],[44.430307,-1.589419],[44.449339,-1.582979],[44.467715,-1.573308],[44.484832,-1.552353],[44.504618,-1.52612],[44.53,-1.513032],[44.558202,-1.522807],[44.585141,-1.544871],[44.611365,-1.562574],[44.6396,-1.572988],[44.668774,-1.58594],[44.695449,-1.60743],[44.720043,-1.633112],[44.745558,-1.658593],[44.769014,-1.687399],[44.780636,-1.724003],[44.776057,-1.764559],[44.765105,-1.800693],[44.762417,-1.829948],[44.771021,-1.856778],[44.78146,-1.884534],[44.786871,-1.912497],[44.791236,-1.940927],[44.799296,-1.972315],[44.805229,-2.004988],[44.79908,-2.031639],[44.782083,-2.049485]]]]}},{"type":"Feature","id":"admbnd:nngla:282c545f81f4cc0b46ab1f1c8527ac6d296ee70aa8c188973a1c8ddcd89098e0","properties":{"boundary_candidate_id":"admbnd:nngla:282c545f81f4cc0b46ab1f1c8527ac6d296ee70aa8c188973a1c8ddcd89098e0","administrative_candidate_id":"NG-ADM-CAND-000172","administrative_area_id":"NG-ADM-000172","source_record_id":"NGP-000611","administrative_type_code":"MUNICIPALITY","canonical_name":"Tidecross","parent_source_record_id":"NGR-08","parent_administrative_area_id":"NG-ADM-000008","region_code":"NGR-08","geometry_role_code":"ADMINISTRATIVE_BOUNDARY","geometry_reservation_key":"p006.7.11.11:administrative-boundary:NG-ADM-000172","geometry_id":"","geometry_id_state":"PENDING_GOVERNED_LIVE_RESERVATION","geometry_type_code":"POLYGON","crs_code":"NG-CRS-EPSG4326","authoring_basis":"HIERARCHY_AWARE_VORONOI_PARTITION","qualification_status":"QUALIFIED","legalization_status":"APPROVED_FOR_GOVERNED_LIVE_APPLICATION","resulting_boundary_status":"LEGALIZED","resulting_lifecycle_status":"ACTIVE","runtime_mode":"production","runtime_effect_scope":"SHARED_REFERENCE","publication_status":"NOT_PUBLISHED"},"geometry":{"type":"Polygon","coordinates":[[[43.237653660687286,0.6387494146597608],[43.158361204729154,0.6245904602892743],[42.89729785546006,0.6914295320319249],[42.89297733750891,0.6904671478299262],[42.75329252376107,0.7719076815441495],[41.28418168355099,1.9987630744450335],[41.42165838064127,2.012217015290787],[41.681730978044,2.0826106811450456],[42.35442527058363,2.24779944204393],[42.454050036924876,2.2614339538144828],[43.235920552934076,2.4369870255595796],[43.53905879540274,2.497311430435522],[44.01634919455979,2.5922920539545986],[44.107332144277855,2.5446296114148215],[44.103968,2.515694],[44.10668,2.472788],[44.111108,2.430372],[44.107538,2.38567],[44.103434,2.340816],[44.113603,2.30004],[44.138054,2.263345],[44.163752,2.227006],[44.183552,2.188982],[44.2,2.15],[44.18755,2.121272],[44.174043,2.093426],[44.158394,2.067364],[44.143143,2.04097],[44.124993,2.016993],[44.097825,2.00053],[44.066035,1.98792],[44.042967,1.96804],[44.03179,1.938252],[44.018866,1.90992],[43.992912,1.892445],[43.960736,1.880156],[43.934285,1.863096],[43.91068,1.843664],[43.878725,1.831191],[43.841139,1.82341],[43.814935,1.806144],[43.807997,1.772823],[43.808528,1.733278],[43.802472,1.699222],[43.790012,1.670503],[43.777819,1.641561],[43.764844,1.613271],[43.745727,1.590099],[43.72209,1.570694],[43.7,1.55],[43.683504,1.529654],[43.663998,1.512652],[43.642699,1.497643],[43.616731,1.487821],[43.58549,1.483857],[43.55715,1.476671],[43.539721,1.457361],[43.528352,1.431319],[43.511191,1.411711],[43.486785,1.400154],[43.465036,1.385644],[43.449702,1.364007],[43.431791,1.345232],[43.405787,1.33545],[43.381858,1.323363],[43.372512,1.295072],[43.373839,1.254922],[43.370671,1.219768],[43.356713,1.196601],[43.338586,1.178066],[43.321071,1.158853],[43.317603162221566,1.1563434693072587],[43.299992,1.143599],[43.272403,1.135578],[43.243831,1.128649],[43.220225,1.116203],[43.20029968680613,1.1002400902506668],[43.2,1.1],[43.208541,1.075715],[43.21432940318801,1.054531017358495],[43.215459,1.050397],[43.219037,1.022954],[43.223076,0.995804],[43.237641,0.975352],[43.264697,0.962849],[43.29225,0.950662],[43.310545,0.932584],[43.325648,0.912475],[43.347031,0.896362],[43.369374,0.880861],[43.380602,0.858285],[43.38163401946505,0.8508554393587021],[43.38163401946505,0.8508554393587011],[43.384395,0.830979],[43.398669,0.810342],[43.429461,0.800217],[43.43850854135921,0.79742710175697],[43.43850854135921,0.7974271017569694],[43.460921,0.790516],[43.477332,0.771239],[43.482608,0.744876],[43.488971,0.719206],[43.496842,0.694494],[43.498496,0.665826],[43.495548,0.63423],[43.499061,0.606745],[43.50535159986995,0.5978053368549477],[43.513506,0.586217],[43.532333,0.568478],[43.55,0.55],[43.557034564958514,0.5412130149514953],[43.35647996668922,0.48525976966926915],[43.276737595106596,0.6197576035100248],[43.237653660687286,0.6387494146597608]]]}},{"type":"Feature","id":"admbnd:nngla:65d375fd2e203aef47f8b4250043ff444ebbe657e1a670f40d829e972755cd7e","properties":{"boundary_candidate_id":"admbnd:nngla:65d375fd2e203aef47f8b4250043ff444ebbe657e1a670f40d829e972755cd7e","administrative_candidate_id":"NG-ADM-CAND-000173","administrative_area_id":"NG-ADM-000173","source_record_id":"NGP-000612","administrative_type_code":"MUNICIPALITY","canonical_name":"New Moriah","parent_source_record_id":"NGR-08","parent_administrative_area_id":"NG-ADM-000008","region_code":"NGR-08","geometry_role_code":"ADMINISTRATIVE_BOUNDARY","geometry_reservation_key":"p006.7.11.11:administrative-boundary:NG-ADM-000173","geometry_id":"","geometry_id_state":"PENDING_GOVERNED_LIVE_RESERVATION","geometry_type_code":"POLYGON","crs_code":"NG-CRS-EPSG4326","authoring_basis":"HIERARCHY_AWARE_VORONOI_PARTITION","qualification_status":"QUALIFIED","legalization_status":"APPROVED_FOR_GOVERNED_LIVE_APPLICATION","resulting_boundary_status":"LEGALIZED","resulting_lifecycle_status":"ACTIVE","runtime_mode":"production","runtime_effect_scope":"SHARED_REFERENCE","publication_status":"NOT_PUBLISHED"},"geometry":{"type":"Polygon","coordinates":[[[42.99596486052557,-0.5969204918709349],[42.22084026845827,-5.7188384914083],[42.21492,-5.725978],[42.164849,-5.75823],[42.113027,-5.788647],[42.07596,-5.834522],[42.051152,-5.89324],[42.019754,-5.945053],[41.97268,-5.980445],[41.919758,-6.00971],[41.870657,-6.042978],[41.821016,-6.075679],[41.764545,-6.101227],[41.707409,-6.126077],[41.660297,-6.161428],[41.623124,-6.207192],[41.587563,-6.254644],[41.55,-6.3],[41.492493,-6.329728],[41.435867,-6.360959],[41.384314,-6.400843],[41.339705,-6.452573],[41.295439,-6.504889],[41.244029,-6.545019],[41.1875,-6.576415],[41.132263,-6.610015],[41.076382,-6.642516],[41.012151,-6.660774],[40.94147,-6.668028],[40.877437,-6.686623],[40.826415,-6.727413],[40.77808,-6.772787],[40.72002,-6.801572],[40.65451,-6.817648],[40.592105,-6.839021],[40.534373,-6.868365],[40.473936,-6.893094],[40.409594,-6.911163],[40.35004,-6.937399],[40.33195934867943,-6.953307164289976],[40.73608082784408,-4.897328449814217],[41.07670727486432,-3.5612711368994674],[41.134832752588736,-3.344409220711008],[41.25300970219854,-3.213971851099265],[41.406809263115115,-2.883201939146542],[40.92555778266842,-1.517236426177134],[40.69197113340832,-0.8234320065873851],[40.64434165459125,-0.6796618377862562],[40.491046001571554,-0.24823135855237605],[40.28983080858501,0.5744944495776783],[40.20453384068801,1.0361657996611602],[40.116868730416165,1.510654762308593],[40.05432814869836,1.9342431387540295],[40.19767251265394,1.9415394331181777],[40.539867614239,1.9259219481222962],[41.28418168355099,1.9987630744450335],[42.75329252376107,0.7719076815441495],[42.89297733750891,0.6904671478299262],[42.89563097109019,0.6753556531041239],[42.902026431491414,0.5050889829144236],[42.83262988984274,0.3526636761947971],[42.82330493888485,0.16597613581796325],[43.00247545143947,-0.19349404592344835],[42.99596486052557,-0.5969204918709349]]]}},{"type":"Feature","id":"admbnd:nngla:03c6d3970a2e72919fb52f452a6fcaa632e6e9212a5b8924e996d08d7015c1ac","properties":{"boundary_candidate_id":"admbnd:nngla:03c6d3970a2e72919fb52f452a6fcaa632e6e9212a5b8924e996d08d7015c1ac","administrative_candidate_id":"NG-ADM-CAND-000174","administrative_area_id":"NG-ADM-000174","source_record_id":"NGP-000613","administrative_type_code":"CITY_DISTRICT","canonical_name":"Meridian Central","parent_source_record_id":"NGP-000609","parent_administrative_area_id":"NG-ADM-000170","region_code":"NGR-08","geometry_role_code":"ADMINISTRATIVE_BOUNDARY","geometry_reservation_key":"p006.7.11.11:administrative-boundary:NG-ADM-000174","geometry_id":"","geometry_id_state":"PENDING_GOVERNED_LIVE_RESERVATION","geometry_type_code":"POLYGON","crs_code":"NG-CRS-EPSG4326","authoring_basis":"HIERARCHY_AWARE_VORONOI_PARTITION","qualification_status":"QUALIFIED","legalization_status":"APPROVED_FOR_GOVERNED_LIVE_APPLICATION","resulting_boundary_status":"LEGALIZED","resulting_lifecycle_status":"ACTIVE","runtime_mode":"production","runtime_effect_scope":"SHARED_REFERENCE","publication_status":"NOT_PUBLISHED"},"geometry":{"type":"Polygon","coordinates":[[[43.135846655429326,0.5105557132369203],[43.11602445807481,0.49364773199509476],[43.10514012858972,0.4888769215187714],[43.099175143238305,0.4882513779024831],[42.89563097109019,0.6753556531041263],[42.89297733750891,0.6904671478299262],[42.89729785546006,0.6914295320319249],[43.15836120472915,0.6245904602892752],[43.135846655429326,0.5105557132369203]]]}},{"type":"Feature","id":"admbnd:nngla:154f462ba1531d76d925d53bab7d64808edf93266f0b06a15fd62398377480ba","properties":{"boundary_candidate_id":"admbnd:nngla:154f462ba1531d76d925d53bab7d64808edf93266f0b06a15fd62398377480ba","administrative_candidate_id":"NG-ADM-CAND-000175","administrative_area_id":"NG-ADM-000175","source_record_id":"NGP-000614","administrative_type_code":"CITY_DISTRICT","canonical_name":"Docklands","parent_source_record_id":"NGP-000609","parent_administrative_area_id":"NG-ADM-000170","region_code":"NGR-08","geometry_role_code":"ADMINISTRATIVE_BOUNDARY","geometry_reservation_key":"p006.7.11.11:administrative-boundary:NG-ADM-000175","geometry_id":"","geometry_id_state":"PENDING_GOVERNED_LIVE_RESERVATION","geometry_type_code":"POLYGON","crs_code":"NG-CRS-EPSG4326","authoring_basis":"HIERARCHY_AWARE_VORONOI_PARTITION","qualification_status":"QUALIFIED","legalization_status":"APPROVED_FOR_GOVERNED_LIVE_APPLICATION","resulting_boundary_status":"LEGALIZED","resulting_lifecycle_status":"ACTIVE","runtime_mode":"production","runtime_effect_scope":"SHARED_REFERENCE","publication_status":"NOT_PUBLISHED"},"geometry":{"type":"Polygon","coordinates":[[[43.099175143238305,0.4882513779024831],[43.10514012858972,0.4888769215187714],[43.1209682902263,0.4402241346652749],[43.08678376729638,0.4049241986374819],[43.08112577324563,0.46761987157771234],[43.099175143238305,0.4882513779024831]]]}},{"type":"Feature","id":"admbnd:nngla:97d56402039cce3d5ca7550ae91588efa0b524ad2e1e0f07bacf44b09c11f981","properties":{"boundary_candidate_id":"admbnd:nngla:97d56402039cce3d5ca7550ae91588efa0b524ad2e1e0f07bacf44b09c11f981","administrative_candidate_id":"NG-ADM-CAND-000176","administrative_area_id":"NG-ADM-000176","source_record_id":"NGP-000615","administrative_type_code":"CITY_DISTRICT","canonical_name":"Customs Quarter","parent_source_record_id":"NGP-000609","parent_administrative_area_id":"NG-ADM-000170","region_code":"NGR-08","geometry_role_code":"ADMINISTRATIVE_BOUNDARY","geometry_reservation_key":"p006.7.11.11:administrative-boundary:NG-ADM-000176","geometry_id":"","geometry_id_state":"PENDING_GOVERNED_LIVE_RESERVATION","geometry_type_code":"POLYGON","crs_code":"NG-CRS-EPSG4326","authoring_basis":"HIERARCHY_AWARE_VORONOI_PARTITION","qualification_status":"QUALIFIED","legalization_status":"APPROVED_FOR_GOVERNED_LIVE_APPLICATION","resulting_boundary_status":"LEGALIZED","resulting_lifecycle_status":"ACTIVE","runtime_mode":"production","runtime_effect_scope":"SHARED_REFERENCE","publication_status":"NOT_PUBLISHED"},"geometry":{"type":"Polygon","coordinates":[[[43.08678376729638,0.4049241986374819],[43.1209682902263,0.4402241346652749],[43.18306505888017,0.40910621166757255],[43.29346645170402,0.31928314928735985],[43.28937898328508,0.292367616106674],[43.14580300166614,0.11556770881588746],[43.00247545143947,-0.19349404592344835],[42.97959443757672,-0.1475878189757361],[43.08678376729638,0.4049241986374819]]]}},{"type":"Feature","id":"admbnd:nngla:ec6ce31864ccbf3c3f2bd0e2c651095f76cc4e04466fc9de33168ccb1364bae6","properties":{"boundary_candidate_id":"admbnd:nngla:ec6ce31864ccbf3c3f2bd0e2c651095f76cc4e04466fc9de33168ccb1364bae6","administrative_candidate_id":"NG-ADM-CAND-000177","administrative_area_id":"NG-ADM-000177","source_record_id":"NGP-000616","administrative_type_code":"CITY_DISTRICT","canonical_name":"Gulf Exchange","parent_source_record_id":"NGP-000609","parent_administrative_area_id":"NG-ADM-000170","region_code":"NGR-08","geometry_role_code":"ADMINISTRATIVE_BOUNDARY","geometry_reservation_key":"p006.7.11.11:administrative-boundary:NG-ADM-000177","geometry_id":"","geometry_id_state":"PENDING_GOVERNED_LIVE_RESERVATION","geometry_type_code":"POLYGON","crs_code":"NG-CRS-EPSG4326","authoring_basis":"HIERARCHY_AWARE_VORONOI_PARTITION","qualification_status":"QUALIFIED","legalization_status":"APPROVED_FOR_GOVERNED_LIVE_APPLICATION","resulting_boundary_status":"LEGALIZED","resulting_lifecycle_status":"ACTIVE","runtime_mode":"production","runtime_effect_scope":"SHARED_REFERENCE","publication_status":"NOT_PUBLISHED"},"geometry":{"type":"Polygon","coordinates":[[[43.18306505888017,0.40910621166757255],[43.11602445807481,0.49364773199509476],[43.135846655429326,0.5105557132369203],[43.32073586145193,0.4126059802180745],[43.29346645170402,0.31928314928736024],[43.29346645170402,0.31928314928735985],[43.18306505888017,0.40910621166757255]]]}},{"type":"Feature","id":"admbnd:nngla:bb26f6c2be1a46368224f18d60b85a20def5e4f10f40ca5f9168278894158ca3","properties":{"boundary_candidate_id":"admbnd:nngla:bb26f6c2be1a46368224f18d60b85a20def5e4f10f40ca5f9168278894158ca3","administrative_candidate_id":"NG-ADM-CAND-000178","administrative_area_id":"NG-ADM-000178","source_record_id":"NGP-000617","administrative_type_code":"CITY_DISTRICT","canonical_name":"Old Shipyard","parent_source_record_id":"NGP-000609","parent_administrative_area_id":"NG-ADM-000170","region_code":"NGR-08","geometry_role_code":"ADMINISTRATIVE_BOUNDARY","geometry_reservation_key":"p006.7.11.11:administrative-boundary:NG-ADM-000178","geometry_id":"","geometry_id_state":"PENDING_GOVERNED_LIVE_RESERVATION","geometry_type_code":"POLYGON","crs_code":"NG-CRS-EPSG4326","authoring_basis":"HIERARCHY_AWARE_VORONOI_PARTITION","qualification_status":"QUALIFIED","legalization_status":"APPROVED_FOR_GOVERNED_LIVE_APPLICATION","resulting_boundary_status":"LEGALIZED","resulting_lifecycle_status":"ACTIVE","runtime_mode":"production","runtime_effect_scope":"SHARED_REFERENCE","publication_status":"NOT_PUBLISHED"},"geometry":{"type":"Polygon","coordinates":[[[43.08112577324563,0.46761987157771234],[43.08678376729638,0.4049241986374819],[42.97959443757672,-0.1475878189757361],[42.82330493888485,0.16597613581796325],[42.83262988984274,0.3526636761947971],[42.862833400054754,0.41900385970685416],[43.08112577324563,0.46761987157771234]]]}},{"type":"Feature","id":"admbnd:nngla:a57933694d594d6de6fc83f4febca616b23d2f8b785d78137b3a7d20255d863d","properties":{"boundary_candidate_id":"admbnd:nngla:a57933694d594d6de6fc83f4febca616b23d2f8b785d78137b3a7d20255d863d","administrative_candidate_id":"NG-ADM-CAND-000179","administrative_area_id":"NG-ADM-000179","source_record_id":"NGP-000618","administrative_type_code":"CITY_DISTRICT","canonical_name":"Freeport Ward","parent_source_record_id":"NGP-000609","parent_administrative_area_id":"NG-ADM-000170","region_code":"NGR-08","geometry_role_code":"ADMINISTRATIVE_BOUNDARY","geometry_reservation_key":"p006.7.11.11:administrative-boundary:NG-ADM-000179","geometry_id":"","geometry_id_state":"PENDING_GOVERNED_LIVE_RESERVATION","geometry_type_code":"POLYGON","crs_code":"NG-CRS-EPSG4326","authoring_basis":"HIERARCHY_AWARE_VORONOI_PARTITION","qualification_status":"QUALIFIED","legalization_status":"APPROVED_FOR_GOVERNED_LIVE_APPLICATION","resulting_boundary_status":"LEGALIZED","resulting_lifecycle_status":"ACTIVE","runtime_mode":"production","runtime_effect_scope":"SHARED_REFERENCE","publication_status":"NOT_PUBLISHED"},"geometry":{"type":"Polygon","coordinates":[[[43.099175143238305,0.4882513779024831],[43.08112577324563,0.46761987157771234],[42.862833400054754,0.41900385970685416],[42.902026431491414,0.5050889829144236],[42.89563097109019,0.6753556531041239],[42.89563097109019,0.6753556531041263],[43.099175143238305,0.4882513779024831]]]}},{"type":"Feature","id":"admbnd:nngla:9ef3076136058b13b79633e3f8d316a95caed32a818d9cd53f2f28fc2d993796","properties":{"boundary_candidate_id":"admbnd:nngla:9ef3076136058b13b79633e3f8d316a95caed32a818d9cd53f2f28fc2d993796","administrative_candidate_id":"NG-ADM-CAND-000180","administrative_area_id":"NG-ADM-000180","source_record_id":"NGP-000619","administrative_type_code":"CITY_DISTRICT","canonical_name":"Harbor Nine","parent_source_record_id":"NGP-000609","parent_administrative_area_id":"NG-ADM-000170","region_code":"NGR-08","geometry_role_code":"ADMINISTRATIVE_BOUNDARY","geometry_reservation_key":"p006.7.11.11:administrative-boundary:NG-ADM-000180","geometry_id":"","geometry_id_state":"PENDING_GOVERNED_LIVE_RESERVATION","geometry_type_code":"POLYGON","crs_code":"NG-CRS-EPSG4326","authoring_basis":"HIERARCHY_AWARE_VORONOI_PARTITION","qualification_status":"QUALIFIED","legalization_status":"APPROVED_FOR_GOVERNED_LIVE_APPLICATION","resulting_boundary_status":"LEGALIZED","resulting_lifecycle_status":"ACTIVE","runtime_mode":"production","runtime_effect_scope":"SHARED_REFERENCE","publication_status":"NOT_PUBLISHED"},"geometry":{"type":"Polygon","coordinates":[[[43.135846655429326,0.5105557132369203],[43.15836120472915,0.6245904602892752],[43.158361204729154,0.6245904602892743],[43.237653660687286,0.6387494146597608],[43.276737595106596,0.6197576035100248],[43.35647996668922,0.48525976966926915],[43.32073586145193,0.4126059802180769],[43.32073586145193,0.4126059802180745],[43.135846655429326,0.5105557132369203]]]}},{"type":"Feature","id":"admbnd:nngla:9f3594f3c5b0758c45e898319f673ebe257d51688edc23bd1e0de9a1872c3efb","properties":{"boundary_candidate_id":"admbnd:nngla:9f3594f3c5b0758c45e898319f673ebe257d51688edc23bd1e0de9a1872c3efb","administrative_candidate_id":"NG-ADM-CAND-000181","administrative_area_id":"NG-ADM-000181","source_record_id":"NGP-000620","administrative_type_code":"CITY_DISTRICT","canonical_name":"East Terminal","parent_source_record_id":"NGP-000609","parent_administrative_area_id":"NG-ADM-000170","region_code":"NGR-08","geometry_role_code":"ADMINISTRATIVE_BOUNDARY","geometry_reservation_key":"p006.7.11.11:administrative-boundary:NG-ADM-000181","geometry_id":"","geometry_id_state":"PENDING_GOVERNED_LIVE_RESERVATION","geometry_type_code":"POLYGON","crs_code":"NG-CRS-EPSG4326","authoring_basis":"HIERARCHY_AWARE_VORONOI_PARTITION","qualification_status":"QUALIFIED","legalization_status":"APPROVED_FOR_GOVERNED_LIVE_APPLICATION","resulting_boundary_status":"LEGALIZED","resulting_lifecycle_status":"ACTIVE","runtime_mode":"production","runtime_effect_scope":"SHARED_REFERENCE","publication_status":"NOT_PUBLISHED"},"geometry":{"type":"Polygon","coordinates":[[[43.10514012858972,0.4888769215187714],[43.11602445807481,0.49364773199509476],[43.18306505888017,0.40910621166757255],[43.1209682902263,0.4402241346652749],[43.10514012858972,0.4888769215187714]]]}},{"type":"Feature","id":"admbnd:nngla:2cca54c68b559f73c27d96e3e75641fb9d3f5291c0b59d4915661b5468733934","properties":{"boundary_candidate_id":"admbnd:nngla:2cca54c68b559f73c27d96e3e75641fb9d3f5291c0b59d4915661b5468733934","administrative_candidate_id":"NG-ADM-CAND-000182","administrative_area_id":"NG-ADM-000182","source_record_id":"NGP-000648","administrative_type_code":"TOWNSHIP","canonical_name":"Sabarin East","parent_source_record_id":"NGP-000610","parent_administrative_area_id":"NG-ADM-000171","region_code":"NGR-08","geometry_role_code":"ADMINISTRATIVE_BOUNDARY","geometry_reservation_key":"p006.7.11.11:administrative-boundary:NG-ADM-000182","geometry_id":"","geometry_id_state":"PENDING_GOVERNED_LIVE_RESERVATION","geometry_type_code":"MULTIPOLYGON","crs_code":"NG-CRS-EPSG4326","authoring_basis":"HIERARCHY_AWARE_VORONOI_PARTITION","qualification_status":"QUALIFIED","legalization_status":"APPROVED_FOR_GOVERNED_LIVE_APPLICATION","resulting_boundary_status":"LEGALIZED","resulting_lifecycle_status":"ACTIVE","runtime_mode":"production","runtime_effect_scope":"SHARED_REFERENCE","publication_status":"NOT_PUBLISHED"},"geometry":{"type":"MultiPolygon","coordinates":[[[[43.584357,-5.736985],[43.556217,-5.757598],[43.521848,-5.767755],[43.485752,-5.770751],[43.449748,-5.770776],[43.416191,-5.763529],[43.390333,-5.744808],[43.372106,-5.722066],[43.352134,-5.707508],[43.324212,-5.702013],[43.296156,-5.694992],[43.279042,-5.679836],[43.270788,-5.660878],[43.261496,-5.643838],[43.251044,-5.627816],[43.247129,-5.610226],[43.246213,-5.592642],[43.232628,-5.576827],[43.202491,-5.55998],[43.174822,-5.539],[43.169363,-5.51584],[43.183551,-5.494101],[43.20214,-5.473768],[43.220781,-5.453968],[43.246169,-5.437175],[43.277868,-5.424873],[43.305886,-5.412308],[43.327256,-5.394908],[43.35148,-5.37816],[43.385387,-5.37276],[43.423125,-5.379599],[43.456085,-5.387829],[43.483912,-5.389653],[43.510427,-5.388459],[43.536764,-5.388483],[43.564595,-5.385423],[43.598498,-5.375032],[43.637753,-5.36467],[43.672352,-5.366409],[43.695493,-5.380947],[43.714431,-5.397478],[43.739729,-5.409134],[43.768839,-5.419953],[43.791455,-5.435329],[43.807104,-5.454008],[43.823198,-5.473024],[43.83598,-5.493548],[43.82963,-5.516927],[43.800188,-5.53993],[43.766666,-5.559021],[43.748869,-5.575712],[43.74437,-5.593167],[43.738128,-5.610944],[43.726065,-5.62775],[43.715213,-5.64566],[43.705533,-5.665776],[43.687486,-5.68299],[43.658612,-5.692404],[43.62896,-5.699209],[43.605951,-5.713846],[43.584357,-5.736985]]],[[[44.322761,-4.224254],[44.29751,-4.246829],[44.273011,-4.251512],[44.250786,-4.244473],[44.230166,-4.232644],[44.21538,-4.209101],[44.210871,-4.171592],[44.209894,-4.135573],[44.200955,-4.113676],[44.185839,-4.097739],[44.17739,-4.074405],[44.179089,-4.044663],[44.181947,-4.016262],[44.182473,-3.989817],[44.186784,-3.963062],[44.193938457430015,-3.937467],[44.194043,-3.937093],[44.193384,-3.910009],[44.183147,-3.876002],[44.177511,-3.837026],[44.187027,-3.803168],[44.206027,-3.777402],[44.225591,-3.753745],[44.245956,-3.732559],[44.269347,-3.72054],[44.292408,-3.713269],[44.312776,-3.698056],[44.333519,-3.67861],[44.355719,-3.675357],[44.375392,-3.694341],[44.391214,-3.716934],[44.406609,-3.7283],[44.422599,-3.734522],[44.438031,-3.742368],[44.456685,-3.744665],[44.482581,-3.738838],[44.508592,-3.739941],[44.522885,-3.760143],[44.526952,-3.79075],[44.533397,-3.817821],[44.545512,-3.841711],[44.554179,-3.869494],[44.555832,-3.901078],[44.556575,-3.933468],[44.55646068836627,-3.937467],[44.555616,-3.967017],[44.542192,-3.999075],[44.514804,-4.023089],[44.487846,-4.040284],[44.472137,-4.060041],[44.462327,-4.08466],[44.449857,-4.107525],[44.435368,-4.128411],[44.421523,-4.153486],[44.405435,-4.177865],[44.385232,-4.188459],[44.364493,-4.188652],[44.344822,-4.198625],[44.322761,-4.224254]]],[[[43.908905,0.222295],[43.925583,0.198141],[43.942043,0.173747],[43.94350984013659,0.16979038483884065],[43.953235,0.143558],[43.9659,0.11499],[43.988874,0.097761],[44.019936,0.089429],[44.05017,0.080187],[44.076151,0.066266],[44.096107029416196,0.05265516623406324],[44.1,0.05],[44.097591,0.012341],[44.092822,-0.02453],[44.085476,-0.060543],[44.078159,-0.096566],[44.065384,-0.130769],[44.04088,-0.161063],[44.013333,-0.190342],[43.999276,-0.224118],[43.998558,-0.26234],[43.992149,-0.298665],[43.969371,-0.329534],[43.942282,-0.358966],[43.92398,-0.391327],[43.907018,-0.424134],[43.9011214249931,-0.4300648610006379],[43.878297,-0.453022],[43.845732,-0.480629],[43.831394,-0.514311],[43.840529,-0.555817],[43.854872,-0.59906],[43.858661,-0.638785],[43.855257,-0.676111],[43.852673,-0.713711],[43.847639,-0.750495],[43.83391,-0.78438],[43.81548,-0.816699],[43.8,-0.85],[43.785072,-0.878453],[43.766466,-0.904542],[43.745214,-0.928929],[43.717485,-0.949152],[43.684406,-0.965937],[43.65992506305963,-0.9851682800043989],[43.657769,-0.986862],[43.645679,-1.01714],[43.638917,-1.050842],[43.623106,-1.078727],[43.599809,-1.1018],[43.59845953378703,-1.1038370237523019],[43.582131,-1.128485],[43.571512,-1.159708],[43.55495,-1.187111],[43.528577,-1.208206],[43.508264,-1.233197],[43.507653,-1.270854],[43.517361,-1.315144],[43.517785,-1.353466],[43.504443,-1.382939],[43.487484,-1.410086],[43.471209,-1.437673],[43.449097,-1.461507],[43.419077,-1.480258],[43.389803,-1.499489],[43.367929,-1.523476],[43.35,-1.55],[43.3594,-1.583761],[43.367147,-1.618349],[43.371717,-1.654526],[43.378841,-1.689425],[43.399153,-1.717731],[43.431763,-1.739888],[43.462076,-1.763193],[43.481926,-1.791729],[43.500317,-1.820995],[43.525674,-1.846779],[43.549093,-1.873531],[43.558767,-1.907155],[43.563037,-1.943482],[43.581889,-1.972517],[43.617357,-1.993244],[43.649298,-2.015736],[43.663408,-2.047142],[43.667804,-2.083406],[43.67524,-2.118149],[43.683346,-2.152558],[43.683877,-2.190754],[43.681293,-2.230507],[43.688205,-2.265513],[43.707145,-2.294504],[43.729495,-2.321791],[43.75,-2.35],[43.757899,-2.383977],[43.766615,-2.417665],[43.782461,-2.448837],[43.810407,-2.475739],[43.841843,-2.501408],[43.86327,-2.530611],[43.875049,-2.563218],[43.887984,-2.595417],[43.901946,-2.627254],[43.904252,-2.663205],[43.900524864,-2.677467],[43.893668,-2.703705],[43.889484,-2.741947],[43.906031,-2.772872],[43.93086,-2.800873],[43.942126,-2.833661],[43.938761,-2.871614],[43.937362,-2.908872],[43.944173,-2.943233],[43.948637,-2.978422],[43.945883,-3.016159],[43.948031,-3.052166],[43.96606,-3.082567],[43.99364,-3.109598],[44.017778,-3.137843],[44.0354,-3.168388],[44.05,-3.2],[44.035704,-3.24373],[44.018371,-3.285638],[43.998775,-3.326188],[43.978542,-3.366356],[43.951619,-3.40251],[43.914038,-3.432269],[43.876571,-3.462097],[43.853493,-3.500557],[43.840689,-3.545183],[43.819642,-3.584862],[43.784245,-3.615932],[43.748224,-3.646627],[43.721091,-3.682654],[43.69276,-3.717964],[43.652959,-3.746391],[43.613142,-3.774808],[43.593346,-3.815238],[43.593659,-3.867734],[43.594727,-3.920682],[43.590986490452764,-3.937467],[43.584445,-3.966821],[43.568567,-4.009602],[43.553613,-4.052937],[43.534868,-4.093998],[43.507476,-4.12987],[43.476932,-4.163851],[43.45,-4.2],[43.420453,-4.241316],[43.38736,-4.27993],[43.351139,-4.316161],[43.31114584093434,-4.344897560622889],[43.308025,-4.34714],[43.261284,-4.375355],[43.223852,-4.410664],[43.201324,-4.457328],[43.181532,-4.506076],[43.151293,-4.546864],[43.115599,-4.583497],[43.087458,-4.625884],[43.064693,-4.672367],[43.033297,-4.712274],[42.993134,-4.745501],[42.962725,-4.786161],[42.952758,-4.842395],[42.949416,-4.903676],[42.933387,-4.955291],[42.903947,-4.996688],[42.872546,-5.036592],[42.841391,-5.076683],[42.803042,-5.111292],[42.757472,-5.1404],[42.714863,-5.171764],[42.68067,-5.20954],[42.65,-5.25],[42.602185,-5.284615],[42.553052,-5.317849],[42.501807,-5.348871],[42.4546,-5.384123],[42.419726,-5.432295],[42.393723,-5.489761],[42.363417,-5.542719],[42.324331,-5.586478],[42.285695,-5.630709],[42.252508,-5.680649],[42.22084026845827,-5.7188384914083],[42.99596486052557,-0.5969204918709349],[43.002248669508376,-0.2075465074707436],[43.9048728496583,0.23343288093297],[43.9048728496583,0.23343288093296868],[43.908905,0.222295]]],[[[44.764047,-2.13779],[44.756859,-2.173147],[44.738171,-2.194446],[44.713457,-2.205858],[44.686905,-2.213164],[44.657407,-2.211169],[44.624824,-2.191748],[44.593562,-2.160891],[44.567038,-2.137067],[44.542979,-2.130095],[44.517803,-2.129564],[44.49256,-2.11904],[44.470473,-2.095869],[44.450954,-2.0702],[44.431032,-2.048406],[44.411578,-2.026556],[44.396014,-2.000717],[44.381757,-1.974907],[44.359396,-1.954127],[44.324891,-1.935083],[44.288358,-1.909974],[44.26468,-1.876934],[44.257088,-1.841017],[44.25628,-1.806177],[44.255502,-1.772299],[44.258795,-1.740238],[44.270911,-1.713067],[44.285989,-1.689679],[44.293985,-1.663304],[44.295997,-1.631673],[44.304921,-1.60446],[44.329176,-1.593576],[44.362122,-1.597396],[44.391131,-1.601821],[44.412162,-1.597689],[44.430307,-1.589419],[44.449339,-1.582979],[44.467715,-1.573308],[44.484832,-1.552353],[44.504618,-1.52612],[44.53,-1.513032],[44.558202,-1.522807],[44.585141,-1.544871],[44.611365,-1.562574],[44.6396,-1.572988],[44.668774,-1.58594],[44.695449,-1.60743],[44.720043,-1.633112],[44.745558,-1.658593],[44.769014,-1.687399],[44.780636,-1.724003],[44.776057,-1.764559],[44.765105,-1.800693],[44.762417,-1.829948],[44.771021,-1.856778],[44.78146,-1.884534],[44.786871,-1.912497],[44.791236,-1.940927],[44.799296,-1.972315],[44.805229,-2.004988],[44.79908,-2.031639],[44.782083,-2.049485],[44.767316,-2.067726],[44.763427,-2.097834],[44.764047,-2.13779]]]]}},{"type":"Feature","id":"admbnd:nngla:f77c7a757aff61aef78fb4a874b69f82cad6d333ce7dd22fc246968cafbe760b","properties":{"boundary_candidate_id":"admbnd:nngla:f77c7a757aff61aef78fb4a874b69f82cad6d333ce7dd22fc246968cafbe760b","administrative_candidate_id":"NG-ADM-CAND-000183","administrative_area_id":"NG-ADM-000183","source_record_id":"NGP-000649","administrative_type_code":"TOWNSHIP","canonical_name":"Sabara Wharf","parent_source_record_id":"NGP-000610","parent_administrative_area_id":"NG-ADM-000171","region_code":"NGR-08","geometry_role_code":"ADMINISTRATIVE_BOUNDARY","geometry_reservation_key":"p006.7.11.11:administrative-boundary:NG-ADM-000183","geometry_id":"","geometry_id_state":"PENDING_GOVERNED_LIVE_RESERVATION","geometry_type_code":"POLYGON","crs_code":"NG-CRS-EPSG4326","authoring_basis":"HIERARCHY_AWARE_VORONOI_PARTITION","qualification_status":"QUALIFIED","legalization_status":"APPROVED_FOR_GOVERNED_LIVE_APPLICATION","resulting_boundary_status":"LEGALIZED","resulting_lifecycle_status":"ACTIVE","runtime_mode":"production","runtime_effect_scope":"SHARED_REFERENCE","publication_status":"NOT_PUBLISHED"},"geometry":{"type":"Polygon","coordinates":[[[43.16610978719629,0.14057354724806834],[43.28937898328508,0.292367616106674],[43.29346645170402,0.31928314928736024],[43.32073586145193,0.4126059802180769],[43.35647996668922,0.48525976966926915],[43.557034564958514,0.5412130149514953],[43.568092,0.527401],[43.586383,0.505021],[43.608774,0.487151],[43.639861,0.478847],[43.675319,0.475351],[43.70521,0.465731],[43.727668,0.447935],[43.7301731972461,0.44592804059582103],[43.74233595803365,0.4361842301308573],[43.750023,0.430026],[43.774262,0.414188],[43.792012,0.391214],[43.79915093299494,0.3595398675079868],[43.16610978719629,0.14057354724806834]]]}},{"type":"Feature","id":"admbnd:nngla:e08185b53b8127a7499a8b5f28104175e683d51e7ada03ae79d00ceed2fdb046","properties":{"boundary_candidate_id":"admbnd:nngla:e08185b53b8127a7499a8b5f28104175e683d51e7ada03ae79d00ceed2fdb046","administrative_candidate_id":"NG-ADM-CAND-000184","administrative_area_id":"NG-ADM-000184","source_record_id":"NGP-000650","administrative_type_code":"TOWNSHIP","canonical_name":"Gulf Junction","parent_source_record_id":"NGP-000610","parent_administrative_area_id":"NG-ADM-000171","region_code":"NGR-08","geometry_role_code":"ADMINISTRATIVE_BOUNDARY","geometry_reservation_key":"p006.7.11.11:administrative-boundary:NG-ADM-000184","geometry_id":"","geometry_id_state":"PENDING_GOVERNED_LIVE_RESERVATION","geometry_type_code":"POLYGON","crs_code":"NG-CRS-EPSG4326","authoring_basis":"HIERARCHY_AWARE_VORONOI_PARTITION","qualification_status":"QUALIFIED","legalization_status":"APPROVED_FOR_GOVERNED_LIVE_APPLICATION","resulting_boundary_status":"LEGALIZED","resulting_lifecycle_status":"ACTIVE","runtime_mode":"production","runtime_effect_scope":"SHARED_REFERENCE","publication_status":"NOT_PUBLISHED"},"geometry":{"type":"Polygon","coordinates":[[[43.79915093299494,0.3595398675079868],[43.79915093299494,0.3595398675079867],[43.799688,0.357157],[43.808784,0.324662],[43.831481,0.307129],[43.862421,0.298663],[43.885911,0.282002],[43.897901,0.252691],[43.9048728496583,0.23343288093297],[43.002248669508376,-0.2075465074707436],[43.00247545143947,-0.19349404592344835],[43.14580300166614,0.11556770881588746],[43.16610978719629,0.14057354724806834],[43.79915093299494,0.3595398675079868]]]}},{"type":"Feature","id":"admbnd:nngla:fd5f7aa075b8f97fd0d499b203180d7b7d8575858ed1c515bcbc6ed6a43508e1","properties":{"boundary_candidate_id":"admbnd:nngla:fd5f7aa075b8f97fd0d499b203180d7b7d8575858ed1c515bcbc6ed6a43508e1","administrative_candidate_id":"NG-ADM-CAND-000185","administrative_area_id":"NG-ADM-000185","source_record_id":"NGP-000651","administrative_type_code":"TOWNSHIP","canonical_name":"Tidecross South","parent_source_record_id":"NGP-000611","parent_administrative_area_id":"NG-ADM-000172","region_code":"NGR-08","geometry_role_code":"ADMINISTRATIVE_BOUNDARY","geometry_reservation_key":"p006.7.11.11:administrative-boundary:NG-ADM-000185","geometry_id":"","geometry_id_state":"PENDING_GOVERNED_LIVE_RESERVATION","geometry_type_code":"POLYGON","crs_code":"NG-CRS-EPSG4326","authoring_basis":"HIERARCHY_AWARE_VORONOI_PARTITION","qualification_status":"QUALIFIED","legalization_status":"APPROVED_FOR_GOVERNED_LIVE_APPLICATION","resulting_boundary_status":"LEGALIZED","resulting_lifecycle_status":"ACTIVE","runtime_mode":"production","runtime_effect_scope":"SHARED_REFERENCE","publication_status":"NOT_PUBLISHED"},"geometry":{"type":"Polygon","coordinates":[[[43.44932813738615,1.3636151028097223],[43.431791,1.345232],[43.405787,1.33545],[43.381858,1.323363],[43.372512,1.295072],[43.373839,1.254922],[43.37099036882109,1.2233119051567152],[43.35522946307473,1.1950840718315305],[43.338586,1.178066],[43.321071,1.158853],[43.317603162221566,1.1563434693072587],[43.299992,1.143599],[43.272403,1.135578],[43.243831,1.128649],[43.220225,1.116203],[43.20029968680613,1.1002400902506668],[43.2,1.1],[43.208541,1.075715],[43.21432940318801,1.054531017358495],[43.215459,1.050397],[43.219037,1.022954],[43.223076,0.995804],[43.23478334550536,0.9793646844987538],[43.051913338605154,0.6518439088512177],[42.89729785546006,0.6914295320319249],[42.89297733750891,0.6904671478299262],[42.75329252376107,0.7719076815441495],[41.28418168355099,1.9987630744450335],[41.42165838064127,2.012217015290787],[41.681730978044,2.0826106811450456],[42.35442527058363,2.24779944204393],[42.454050036924876,2.2614339538144828],[43.235920552934076,2.4369870255595796],[43.53905879540274,2.497311430435522],[44.01634919455979,2.5922920539545986],[44.107332144277855,2.5446296114148215],[44.10696105297253,2.541437788198146],[43.44932813738615,1.3636151028097223]]]}},{"type":"Feature","id":"admbnd:nngla:6162dc5e4fbb8cb751a61ef12012fa580f1a8dfefebae0c3adc0b0775cfa0858","properties":{"boundary_candidate_id":"admbnd:nngla:6162dc5e4fbb8cb751a61ef12012fa580f1a8dfefebae0c3adc0b0775cfa0858","administrative_candidate_id":"NG-ADM-CAND-000186","administrative_area_id":"NG-ADM-000186","source_record_id":"NGP-000652","administrative_type_code":"TOWNSHIP","canonical_name":"Tidelock Row","parent_source_record_id":"NGP-000611","parent_administrative_area_id":"NG-ADM-000172","region_code":"NGR-08","geometry_role_code":"ADMINISTRATIVE_BOUNDARY","geometry_reservation_key":"p006.7.11.11:administrative-boundary:NG-ADM-000186","geometry_id":"","geometry_id_state":"PENDING_GOVERNED_LIVE_RESERVATION","geometry_type_code":"POLYGON","crs_code":"NG-CRS-EPSG4326","authoring_basis":"HIERARCHY_AWARE_VORONOI_PARTITION","qualification_status":"QUALIFIED","legalization_status":"APPROVED_FOR_GOVERNED_LIVE_APPLICATION","resulting_boundary_status":"LEGALIZED","resulting_lifecycle_status":"ACTIVE","runtime_mode":"production","runtime_effect_scope":"SHARED_REFERENCE","publication_status":"NOT_PUBLISHED"},"geometry":{"type":"Polygon","coordinates":[[[43.43850854135921,0.7974271017569684],[43.460921,0.790516],[43.477332,0.771239],[43.482608,0.744876],[43.488971,0.719206],[43.496842,0.694494],[43.498496,0.665826],[43.495548,0.63423],[43.499061,0.606745],[43.50535159986995,0.5978053368549477],[43.513506,0.586217],[43.532333,0.568478],[43.55,0.55],[43.557034564958514,0.5412130149514953],[43.35647996668922,0.48525976966926915],[43.276737595106596,0.6197576035100236],[43.43850854135921,0.7974271017569684]]]}},{"type":"Feature","id":"admbnd:nngla:e55079fc81848eeef6176f1d2beed9524e2a605435b55b346c849473108baa90","properties":{"boundary_candidate_id":"admbnd:nngla:e55079fc81848eeef6176f1d2beed9524e2a605435b55b346c849473108baa90","administrative_candidate_id":"NG-ADM-CAND-000187","administrative_area_id":"NG-ADM-000187","source_record_id":"NGP-000653","administrative_type_code":"TOWNSHIP","canonical_name":"Mangrove Gate","parent_source_record_id":"NGP-000611","parent_administrative_area_id":"NG-ADM-000172","region_code":"NGR-08","geometry_role_code":"ADMINISTRATIVE_BOUNDARY","geometry_reservation_key":"p006.7.11.11:administrative-boundary:NG-ADM-000187","geometry_id":"","geometry_id_state":"PENDING_GOVERNED_LIVE_RESERVATION","geometry_type_code":"MULTIPOLYGON","crs_code":"NG-CRS-EPSG4326","authoring_basis":"HIERARCHY_AWARE_VORONOI_PARTITION","qualification_status":"QUALIFIED","legalization_status":"APPROVED_FOR_GOVERNED_LIVE_APPLICATION","resulting_boundary_status":"LEGALIZED","resulting_lifecycle_status":"ACTIVE","runtime_mode":"production","runtime_effect_scope":"SHARED_REFERENCE","publication_status":"NOT_PUBLISHED"},"geometry":{"type":"MultiPolygon","coordinates":[[[[43.276737595106596,0.6197576035100248],[43.237653660687286,0.6387494146597608],[43.158361204729154,0.6245904602892743],[43.051913338605154,0.6518439088512177],[43.23478334550536,0.9793646844987538],[43.237641,0.975352],[43.264697,0.962849],[43.29225,0.950662],[43.310545,0.932584],[43.325648,0.912475],[43.347031,0.896362],[43.369374,0.880861],[43.380602,0.858285],[43.38163401946505,0.8508554393587021],[43.38163401946505,0.8508554393587011],[43.384395,0.830979],[43.398669,0.810342],[43.429461,0.800217],[43.43850854135921,0.79742710175697],[43.43850854135921,0.7974271017569694],[43.43850854135921,0.7974271017569684],[43.276737595106596,0.6197576035100236],[43.276737595106596,0.6197576035100248]]],[[[43.356713,1.196601],[43.35522946307473,1.1950840718315305],[43.37099036882109,1.2233119051567152],[43.370671,1.219768],[43.356713,1.196601]]],[[[44.10668,2.472788],[44.111108,2.430372],[44.107538,2.38567],[44.103434,2.340816],[44.113603,2.30004],[44.138054,2.263345],[44.163752,2.227006],[44.183552,2.188982],[44.2,2.15],[44.18755,2.121272],[44.174043,2.093426],[44.158394,2.067364],[44.143143,2.04097],[44.124993,2.016993],[44.097825,2.00053],[44.066035,1.98792],[44.042967,1.96804],[44.03179,1.938252],[44.018866,1.90992],[43.992912,1.892445],[43.960736,1.880156],[43.934285,1.863096],[43.91068,1.843664],[43.878725,1.831191],[43.841139,1.82341],[43.814935,1.806144],[43.807997,1.772823],[43.808528,1.733278],[43.802472,1.699222],[43.790012,1.670503],[43.777819,1.641561],[43.764844,1.613271],[43.745727,1.590099],[43.72209,1.570694],[43.7,1.55],[43.683504,1.529654],[43.663998,1.512652],[43.642699,1.497643],[43.616731,1.487821],[43.58549,1.483857],[43.55715,1.476671],[43.539721,1.457361],[43.528352,1.431319],[43.511191,1.411711],[43.486785,1.400154],[43.465036,1.385644],[43.449702,1.364007],[43.44932813738615,1.3636151028097223],[44.10696105297253,2.541437788198146],[44.103968,2.515694],[44.10668,2.472788]]]]}},{"type":"Feature","id":"admbnd:nngla:42d4ceaf715328f55992bb8a06fd8ed15b87bd57bd5e2006e05ff07e34dce2b7","properties":{"boundary_candidate_id":"admbnd:nngla:42d4ceaf715328f55992bb8a06fd8ed15b87bd57bd5e2006e05ff07e34dce2b7","administrative_candidate_id":"NG-ADM-CAND-000188","administrative_area_id":"NG-ADM-000188","source_record_id":"NGP-000654","administrative_type_code":"TOWNSHIP","canonical_name":"New Moriah North","parent_source_record_id":"NGP-000612","parent_administrative_area_id":"NG-ADM-000173","region_code":"NGR-08","geometry_role_code":"ADMINISTRATIVE_BOUNDARY","geometry_reservation_key":"p006.7.11.11:administrative-boundary:NG-ADM-000188","geometry_id":"","geometry_id_state":"PENDING_GOVERNED_LIVE_RESERVATION","geometry_type_code":"POLYGON","crs_code":"NG-CRS-EPSG4326","authoring_basis":"HIERARCHY_AWARE_VORONOI_PARTITION","qualification_status":"QUALIFIED","legalization_status":"APPROVED_FOR_GOVERNED_LIVE_APPLICATION","resulting_boundary_status":"LEGALIZED","resulting_lifecycle_status":"ACTIVE","runtime_mode":"production","runtime_effect_scope":"SHARED_REFERENCE","publication_status":"NOT_PUBLISHED"},"geometry":{"type":"Polygon","coordinates":[[[42.67819138261823,0.3112564239027744],[42.75329252376107,0.7719076815441511],[42.75329252376107,0.7719076815441495],[42.89297733750891,0.6904671478299262],[42.89563097109019,0.6753556531041239],[42.902026431491414,0.5050889829144236],[42.83262988984274,0.3526636761947971],[42.825951710312566,0.21896507377712568],[42.67819138261823,0.3112564239027744]]]}},{"type":"Feature","id":"admbnd:nngla:160d608e2d73b3b7711a60af04524353f8e739c84c69bb79d9c40cdf5b53f843","properties":{"boundary_candidate_id":"admbnd:nngla:160d608e2d73b3b7711a60af04524353f8e739c84c69bb79d9c40cdf5b53f843","administrative_candidate_id":"NG-ADM-CAND-000189","administrative_area_id":"NG-ADM-000189","source_record_id":"NGP-000655","administrative_type_code":"TOWNSHIP","canonical_name":"Tross Line","parent_source_record_id":"NGP-000612","parent_administrative_area_id":"NG-ADM-000173","region_code":"NGR-08","geometry_role_code":"ADMINISTRATIVE_BOUNDARY","geometry_reservation_key":"p006.7.11.11:administrative-boundary:NG-ADM-000189","geometry_id":"","geometry_id_state":"PENDING_GOVERNED_LIVE_RESERVATION","geometry_type_code":"POLYGON","crs_code":"NG-CRS-EPSG4326","authoring_basis":"HIERARCHY_AWARE_VORONOI_PARTITION","qualification_status":"QUALIFIED","legalization_status":"APPROVED_FOR_GOVERNED_LIVE_APPLICATION","resulting_boundary_status":"LEGALIZED","resulting_lifecycle_status":"ACTIVE","runtime_mode":"production","runtime_effect_scope":"SHARED_REFERENCE","publication_status":"NOT_PUBLISHED"},"geometry":{"type":"Polygon","coordinates":[[[42.67819138261823,0.3112564239027744],[40.20453384068801,1.0361657996611586],[40.20453384068801,1.0361657996611602],[40.116868730416165,1.510654762308593],[40.05432814869836,1.9342431387540295],[40.19767251265394,1.9415394331181777],[40.539867614239,1.9259219481222962],[41.28418168355099,1.9987630744450335],[42.75329252376107,0.7719076815441511],[42.67819138261823,0.3112564239027744]]]}},{"type":"Feature","id":"admbnd:nngla:963de724515a321bd5850bb06b96aade4081046ef9bd609135f90030d2b20a36","properties":{"boundary_candidate_id":"admbnd:nngla:963de724515a321bd5850bb06b96aade4081046ef9bd609135f90030d2b20a36","administrative_candidate_id":"NG-ADM-CAND-000190","administrative_area_id":"NG-ADM-000190","source_record_id":"NGP-000656","administrative_type_code":"TOWNSHIP","canonical_name":"Beacon Cross","parent_source_record_id":"NGP-000612","parent_administrative_area_id":"NG-ADM-000173","region_code":"NGR-08","geometry_role_code":"ADMINISTRATIVE_BOUNDARY","geometry_reservation_key":"p006.7.11.11:administrative-boundary:NG-ADM-000190","geometry_id":"","geometry_id_state":"PENDING_GOVERNED_LIVE_RESERVATION","geometry_type_code":"POLYGON","crs_code":"NG-CRS-EPSG4326","authoring_basis":"HIERARCHY_AWARE_VORONOI_PARTITION","qualification_status":"QUALIFIED","legalization_status":"APPROVED_FOR_GOVERNED_LIVE_APPLICATION","resulting_boundary_status":"LEGALIZED","resulting_lifecycle_status":"ACTIVE","runtime_mode":"production","runtime_effect_scope":"SHARED_REFERENCE","publication_status":"NOT_PUBLISHED"},"geometry":{"type":"Polygon","coordinates":[[[42.67819138261823,0.3112564239027744],[42.825951710312566,0.21896507377712568],[42.82330493888485,0.16597613581796325],[43.00247545143947,-0.19349404592344835],[42.99596486052557,-0.5969204918709349],[42.22084026845827,-5.7188384914083],[42.21492,-5.725978],[42.164849,-5.75823],[42.113027,-5.788647],[42.07596,-5.834522],[42.051152,-5.89324],[42.019754,-5.945053],[41.97268,-5.980445],[41.919758,-6.00971],[41.870657,-6.042978],[41.821016,-6.075679],[41.764545,-6.101227],[41.707409,-6.126077],[41.660297,-6.161428],[41.623124,-6.207192],[41.587563,-6.254644],[41.55,-6.3],[41.492493,-6.329728],[41.435867,-6.360959],[41.384314,-6.400843],[41.339705,-6.452573],[41.295439,-6.504889],[41.244029,-6.545019],[41.1875,-6.576415],[41.132263,-6.610015],[41.076382,-6.642516],[41.012151,-6.660774],[40.94147,-6.668028],[40.877437,-6.686623],[40.826415,-6.727413],[40.77808,-6.772787],[40.72002,-6.801572],[40.65451,-6.817648],[40.592105,-6.839021],[40.534373,-6.868365],[40.473936,-6.893094],[40.409594,-6.911163],[40.35004,-6.937399],[40.33195934867943,-6.953307164289976],[40.73608082784408,-4.897328449814217],[41.07670727486432,-3.5612711368994674],[41.134832752588736,-3.344409220711008],[41.25300970219854,-3.213971851099265],[41.406809263115115,-2.883201939146542],[40.92555778266842,-1.517236426177134],[40.69197113340832,-0.8234320065873851],[40.64434165459125,-0.6796618377862562],[40.491046001571554,-0.24823135855237605],[40.28983080858501,0.5744944495776783],[40.20453384068801,1.0361657996611586],[42.67819138261823,0.3112564239027744]]]}},{"type":"Feature","id":"admbnd:nngla:5a0d41881b74a72e4a0a17dd9d4e4cf2b0123c543246097bae2badfe78372112","properties":{"boundary_candidate_id":"admbnd:nngla:5a0d41881b74a72e4a0a17dd9d4e4cf2b0123c543246097bae2badfe78372112","administrative_candidate_id":"NG-ADM-CAND-000191","administrative_area_id":"NG-ADM-000191","source_record_id":"NGP-000692","administrative_type_code":"INDUSTRIAL_ZONE","canonical_name":"Meridian Free Zone","parent_source_record_id":"NGP-000609","parent_administrative_area_id":"NG-ADM-000170","region_code":"NGR-08","geometry_role_code":"ADMINISTRATIVE_BOUNDARY","geometry_reservation_key":"p006.7.11.11:administrative-boundary:NG-ADM-000191","geometry_id":"","geometry_id_state":"PENDING_GOVERNED_LIVE_RESERVATION","geometry_type_code":"POLYGON","crs_code":"NG-CRS-EPSG4326","authoring_basis":"PARENT_CLIPPED_SPECIAL_PURPOSE_OVERLAY_BUFFER","qualification_status":"QUALIFIED","legalization_status":"APPROVED_FOR_GOVERNED_LIVE_APPLICATION","resulting_boundary_status":"LEGALIZED","resulting_lifecycle_status":"ACTIVE","runtime_mode":"production","runtime_effect_scope":"SHARED_REFERENCE","publication_status":"NOT_PUBLISHED"},"geometry":{"type":"Polygon","coordinates":[[[43.02185401876182,0.36996532135009763],[43.020705662183005,0.36419214297038655],[43.018813578963005,0.3586182455435709],[43.0162101431703,0.35333899999999996],[43.0129399003131,0.34844473569460754],[43.009058805153394,0.34401919484660537],[43.00463326430539,0.3401380996868944],[42.999739,0.3368678568297002],[42.99445975445643,0.33426442103699205],[42.98888585702961,0.33237233781699194],[42.9831126786499,0.33122398123817853],[42.977239,0.330839],[42.97136532135009,0.33122398123817853],[42.96559214297039,0.33237233781699194],[42.960018245543566,0.33426442103699205],[42.954739,0.3368678568297002],[42.949844735694604,0.3401380996868944],[42.9454191948466,0.34401919484660537],[42.941538099686895,0.34844473569460754],[42.9382678568297,0.35333899999999996],[42.93566442103699,0.3586182455435709],[42.93377233781699,0.36419214297038655],[42.93262398123817,0.36996532135009763],[42.932238999999996,0.375839],[42.93262398123817,0.38171267864990227],[42.93377233781699,0.3874858570296134],[42.93566442103699,0.393059754456429],[42.9382678568297,0.39833899999999994],[42.941538099686895,0.4032332643053924],[42.9454191948466,0.4076588051533946],[42.949844735694604,0.41153990031310556],[42.954739,0.4148101431702997],[42.960018245543566,0.41741357896300785],[42.96559214297039,0.419305662183008],[42.97136532135009,0.4204540187618214],[42.977239,0.42083899999999996],[42.9831126786499,0.4204540187618214],[42.98888585702961,0.4193056621830081],[42.99445975445643,0.4174135789630079],[42.999739,0.41481014317029974],[43.00463326430539,0.4115399003131056],[43.009058805153394,0.40765880515339464],[43.0129399003131,0.4032332643053924],[43.0162101431703,0.398339],[43.018813578963005,0.39305975445642904],[43.020705662183005,0.38748585702961347],[43.02185401876182,0.3817126786499023],[43.022239,0.375839],[43.02185401876182,0.36996532135009763]]]}},{"type":"Feature","id":"admbnd:nngla:e65d893316689c0d697ed2ab8aebadc276a39701765a9c707484e8785de21574","properties":{"boundary_candidate_id":"admbnd:nngla:e65d893316689c0d697ed2ab8aebadc276a39701765a9c707484e8785de21574","administrative_candidate_id":"NG-ADM-CAND-000192","administrative_area_id":"NG-ADM-000192","source_record_id":"NGP-000693","administrative_type_code":"INDUSTRIAL_ZONE","canonical_name":"Gulf Shipworks Estate","parent_source_record_id":"NGP-000611","parent_administrative_area_id":"NG-ADM-000172","region_code":"NGR-08","geometry_role_code":"ADMINISTRATIVE_BOUNDARY","geometry_reservation_key":"p006.7.11.11:administrative-boundary:NG-ADM-000192","geometry_id":"","geometry_id_state":"PENDING_GOVERNED_LIVE_RESERVATION","geometry_type_code":"POLYGON","crs_code":"NG-CRS-EPSG4326","authoring_basis":"PARENT_CLIPPED_SPECIAL_PURPOSE_OVERLAY_BUFFER","qualification_status":"QUALIFIED","legalization_status":"APPROVED_FOR_GOVERNED_LIVE_APPLICATION","resulting_boundary_status":"LEGALIZED","resulting_lifecycle_status":"ACTIVE","runtime_mode":"production","runtime_effect_scope":"SHARED_REFERENCE","publication_status":"NOT_PUBLISHED"},"geometry":{"type":"Polygon","coordinates":[[[43.18991801876182,0.7261173213500977],[43.188769662183006,0.7203441429703865],[43.186877578963006,0.7147702455435709],[43.1842741431703,0.709491],[43.1810039003131,0.7045967356946076],[43.177122805153395,0.7001711948466053],[43.17269726430539,0.6962900996868944],[43.167803,0.6930198568297002],[43.16252375445643,0.6904164210369921],[43.15694985702961,0.6885243378169918],[43.151176678649904,0.6873759812381784],[43.145303,0.6869909999999999],[43.13942932135009,0.6873759812381784],[43.13365614297039,0.6885243378169918],[43.12808224554357,0.6904164210369921],[43.122803,0.6930198568297002],[43.117908735694606,0.6962900996868944],[43.1134831948466,0.7001711948466053],[43.109602099686896,0.7045967356946075],[43.1063318568297,0.709491],[43.10372842103699,0.7147702455435709],[43.10183633781699,0.7203441429703865],[43.100687981238174,0.7261173213500977],[43.100303,0.731991],[43.100687981238174,0.7378646786499022],[43.10183633781699,0.7436378570296134],[43.10372842103699,0.749211754456429],[43.1063318568297,0.7544909999999999],[43.109602099686896,0.7593852643053923],[43.1134831948466,0.7638108051533946],[43.117908735694606,0.7676919003131055],[43.122803,0.7709621431702997],[43.12808224554357,0.7735655789630078],[43.13365614297039,0.775457662183008],[43.13942932135009,0.7766060187618214],[43.145303,0.776991],[43.151176678649904,0.7766060187618214],[43.15694985702961,0.775457662183008],[43.16252375445643,0.7735655789630078],[43.167803,0.7709621431702997],[43.17269726430539,0.7676919003131055],[43.177122805153395,0.7638108051533946],[43.1810039003131,0.7593852643053924],[43.1842741431703,0.754491],[43.186877578963006,0.749211754456429],[43.188769662183006,0.7436378570296134],[43.18991801876182,0.7378646786499024],[43.190303,0.731991],[43.18991801876182,0.7261173213500977]]]}}]}