projection_candidate_id,subject_id,record_family,display_name,runtime_mode,current_decision,blocking_reasons,geometry_reference,publication_reference,read_model_version
readcandidate:nngla:bf26113b61d4d0e6dcf78646f73af5f99739b1aa1f8b0dbe0469ba184fa1c9e2,NG-PLC-000001,PLACE,Orivane,simulation,BLOCKED,NAME_NOT_PUBLIC|NO_NNGLA_PUBLICATION_RECORD,,,1
readcandidate:nngla:4e955373fbccb73360323c582b69ad23ccfdf8df254beae3cedf1f5d685affbb,NG-PLC-000002,PLACE,Bellwether,simulation,BLOCKED,NAME_NOT_PUBLIC|NO_NNGLA_PUBLICATION_RECORD,,,1
readcandidate:nngla:c97a2d2dfc5be2988c0b4f03040970dbe49b9de7a738872f932681d561341379,NG-PLC-000003,PLACE,New Carrow,simulation,BLOCKED,NAME_NOT_PUBLIC|NO_NNGLA_PUBLICATION_RECORD,,,1
readcandidate:nngla:b34c583e9be60bb580b543a68948879365da600a721e011bd6642a0316ab19a9,NG-PLC-000004,PLACE,East Meridian,simulation,BLOCKED,NAME_NOT_PUBLIC|NO_NNGLA_PUBLICATION_RECORD,,,1
readcandidate:nngla:7b7357d3e6d7fde6c16f073ab2da7ec5ebce363755e91c27ae0cfcd1975df371,NG-PLC-000005,PLACE,Orivane Central,simulation,BLOCKED,NAME_NOT_PUBLIC|NO_NNGLA_PUBLICATION_RECORD,,,1
readcandidate:nngla:db9593f1ddcc0a420647e286d89c265e423e79fac3dd08a57a853dd50f38c5ee,NG-PLC-000006,PLACE,Civic Crescent,simulation,BLOCKED,NAME_NOT_PUBLIC|NO_NNGLA_PUBLICATION_RECORD,,,1
readcandidate:nngla:d6493f151b69d34daea6ff4c8af25ea0dd0515c0498a13f9fc0ac1b59854958c,NG-PLC-000007,PLACE,Parliament Hill,simulation,BLOCKED,NAME_NOT_PUBLIC|NO_NNGLA_PUBLICATION_RECORD,,,1
readcandidate:nngla:e9a6dcd0d2c52bf52b69a54aa607b9d522a704ad91420652ec10dac43710f71b,NG-PLC-000008,PLACE,Meridian Exchange,simulation,BLOCKED,NAME_NOT_PUBLIC|NO_NNGLA_PUBLICATION_RECORD,,,1
readcandidate:nngla:131f0ba00120fedd4c22aeea3f37ddbaccbfe13b8300d2c52df0b889f92fb508,NG-PLC-000009,PLACE,Old Orivane,simulation,BLOCKED,NAME_NOT_PUBLIC|NO_NNGLA_PUBLICATION_RECORD,,,1
readcandidate:nngla:1af0fa5cea106d86d1735671983f6846a8407febc8fadb1b4d3e452aac50fc48,NG-PLC-000010,PLACE,Northmere Quarter,simulation,BLOCKED,NAME_NOT_PUBLIC|NO_NNGLA_PUBLICATION_RECORD,,,1
readcandidate:nngla:3679042bc8cebfbd832710acf567ee1bbd0df6306a6438125d3edfef12a64393,NG-PLC-000011,PLACE,Embassy Arc,simulation,BLOCKED,NAME_NOT_PUBLIC|NO_NNGLA_PUBLICATION_RECORD,,,1
readcandidate:nngla:05c6f8153f2b75d6e18c68b53cc34e107f06fa07c082c8dee37a66f77621a835,NG-PLC-000012,PLACE,University Ring,simulation,BLOCKED,NAME_NOT_PUBLIC|NO_NNGLA_PUBLICATION_RECORD,,,1
readcandidate:nngla:033308b3779e948db93f5bdfc452b77f6ec378a0c4ed3e92c96e3c0b9ceb4e23,NG-PLC-000013,PLACE,Vondrel Gardens,simulation,BLOCKED,NAME_NOT_PUBLIC|NO_NNGLA_PUBLICATION_RECORD,,,1
readcandidate:nngla:c46c3e500ecf612ccc85b5a3681c73f8cbcbfb5c2b34d40820313230c459c37b,NG-PLC-000014,PLACE,Lysara Heights,simulation,BLOCKED,NAME_NOT_PUBLIC|NO_NNGLA_PUBLICATION_RECORD,,,1
readcandidate:nngla:4477e41d058b94c0630ea4d40ce170024791cf7708fcad302e79d76c166276c7,NG-PLC-000015,PLACE,Varenza,simulation,BLOCKED,NAME_NOT_PUBLIC|NO_NNGLA_PUBLICATION_RECORD,,,1
readcandidate:nngla:84e1b7ea588a56313c95686825cc4b6735be9de6274e0b76ee640377ef8498d9,NG-PLC-000016,PLACE,Tekhara Gardens,simulation,BLOCKED,NAME_NOT_PUBLIC|NO_NNGLA_PUBLICATION_RECORD,,,1
readcandidate:nngla:e9f7a6d242d458c023fe81e0e5f4305b361a82e416b7c842f76b08ba9ea7224b,NG-PLC-000017,PLACE,Elvarin,simulation,BLOCKED,NAME_NOT_PUBLIC|NO_NNGLA_PUBLICATION_RECORD,,,1
readcandidate:nngla:44cd03f577b80320b4beca71377473f2e547b90df60a151938ff2c1c2e33c0f7,NG-PLC-000018,PLACE,Nyavelle,simulation,BLOCKED,NAME_NOT_PUBLIC|NO_NNGLA_PUBLICATION_RECORD,,,1
readcandidate:nngla:c549142fd26aa0cdc0bc87ecb09718b05d353442a18fab3309616fec7027a503,NG-PLC-000019,PLACE,Moraen Park,simulation,BLOCKED,NAME_NOT_PUBLIC|NO_NNGLA_PUBLICATION_RECORD,,,1
readcandidate:nngla:6c5ae46e99ee530c5b1ccb74eebce2b50a5c08a3a53eb0573d5c79629f57b082,NG-PLC-000020,PLACE,Tekkai,simulation,BLOCKED,NAME_NOT_PUBLIC|NO_NNGLA_PUBLICATION_RECORD,,,1
readcandidate:nngla:fedd26bd254a4c74826c942948b1362c535ae363f43d7af007a9ad0269ab4010,NG-PLC-000021,PLACE,Vondel Ridge,simulation,BLOCKED,NAME_NOT_PUBLIC|NO_NNGLA_PUBLICATION_RECORD,,,1
readcandidate:nngla:9fc1226bca856a27656fdb18367de3e64fb1fc8e76aa0ae1d9e7df4267006d06,NG-PLC-000022,PLACE,Aelmar,simulation,BLOCKED,NAME_NOT_PUBLIC|NO_NNGLA_PUBLICATION_RECORD,,,1
readcandidate:nngla:84cb90cac10b54ef15aaa68e44be1a7e426023fa05e5b02d435e100021adac3b,NG-PLC-000023,PLACE,Sabaro,simulation,BLOCKED,NAME_NOT_PUBLIC|NO_NNGLA_PUBLICATION_RECORD,,,1
readcandidate:nngla:4b6a7a31d845e0d7a40c26d40329df2fe228afacbf7c983af0e5bba63990a2a4,NG-PLC-000024,PLACE,Trossgate,simulation,BLOCKED,NAME_NOT_PUBLIC|NO_NNGLA_PUBLICATION_RECORD,,,1
readcandidate:nngla:02babb98ee5ab66b777a8ae48fdb008d8b0ff69dab7925d1f55fb0c9baf88465,NG-PLC-000025,PLACE,Ashbourne,simulation,BLOCKED,NAME_NOT_PUBLIC|NO_NNGLA_PUBLICATION_RECORD,,,1
readcandidate:nngla:e8ed2776ee26679856c2e009ac3c7d653079d222cd1efad27e542eeb222007a8,NG-PLC-000026,PLACE,Crescenton,simulation,BLOCKED,NAME_NOT_PUBLIC|NO_NNGLA_PUBLICATION_RECORD,,,1
readcandidate:nngla:e4ead64354819625342f5da500c248c6cb6d0cf312a392758d612433e112ef39,NG-PLC-000027,PLACE,Elmtree,simulation,BLOCKED,NAME_NOT_PUBLIC|NO_NNGLA_PUBLICATION_RECORD,,,1
readcandidate:nngla:4a08a35ed517df6d239c9994b48ce3e6418a1675d41b9dd34fd304a04179d9ea,NG-PLC-000028,PLACE,Faircross,simulation,BLOCKED,NAME_NOT_PUBLIC|NO_NNGLA_PUBLICATION_RECORD,,,1
readcandidate:nngla:55f10c613439ff8639faf877467827f5d920132579764d07ab5b5b55c2b67073,NG-PLC-000029,PLACE,Kingswell,simulation,BLOCKED,NAME_NOT_PUBLIC|NO_NNGLA_PUBLICATION_RECORD,,,1
readcandidate:nngla:585fb21e6107aa29dcae2bc5b0e8de36d65b78784ac9127ef6ae6bb4f8354f64,NG-PLC-000030,PLACE,Brackenford,simulation,BLOCKED,NAME_NOT_PUBLIC|NO_NNGLA_PUBLICATION_RECORD,,,1
readcandidate:nngla:eda79687afe08be43827330aa6d75b268f333be0f003cfaf1ae978218178f8dd,NG-PLC-000031,PLACE,Rosehaven,simulation,BLOCKED,NAME_NOT_PUBLIC|NO_NNGLA_PUBLICATION_RECORD,,,1
readcandidate:nngla:19eb88849a85c78bb4e592c2cfd3f5884d2ebb1489000febcd3219d2fc484135,NG-PLC-000032,PLACE,Claybourne,simulation,BLOCKED,NAME_NOT_PUBLIC|NO_NNGLA_PUBLICATION_RECORD,,,1
readcandidate:nngla:800c8caff56944f18affe66ae4bfb051371ee50e146bf140879562af4a30369d,NG-PLC-000033,PLACE,Newstead,simulation,BLOCKED,NAME_NOT_PUBLIC|NO_NNGLA_PUBLICATION_RECORD,,,1
readcandidate:nngla:a0dc3e1d8d7b8ad24a4f3ec1c8910c16e70a9be3389cc67f7485900bba58e9e4,NG-PLC-000034,PLACE,Larkspur,simulation,BLOCKED,NAME_NOT_PUBLIC|NO_NNGLA_PUBLICATION_RECORD,,,1
readcandidate:nngla:5e7c2241bc78416cf0706378b6a9bd828cffe4d53bcdd5a91f483f1a526ee8da,NG-PLC-000035,PLACE,Eastbridge,simulation,BLOCKED,NAME_NOT_PUBLIC|NO_NNGLA_PUBLICATION_RECORD,,,1
readcandidate:nngla:d127c53cc70abfe912a70a6d7818ad9074f95491709b5a82923a5d6a14c942e1,NG-PLC-000036,PLACE,Hillmark,simulation,BLOCKED,NAME_NOT_PUBLIC|NO_NNGLA_PUBLICATION_RECORD,,,1
readcandidate:nngla:96707c91b42dcafe0f3fc2156d62441fef8d878ed420707581bd99abdb421eb2,NG-PLC-000037,PLACE,Greyhaven,simulation,BLOCKED,NAME_NOT_PUBLIC|NO_NNGLA_PUBLICATION_RECORD,,,1
readcandidate:nngla:6aa0afc8619c31287d25c67736aece6c857f93c9a4868f7c545a7f6fb2838bd6,NG-PLC-000038,PLACE,Willowgate,simulation,BLOCKED,NAME_NOT_PUBLIC|NO_NNGLA_PUBLICATION_RECORD,,,1
readcandidate:nngla:df8d3607b5318eb13360c0a06c9eb26819f19735dc70042db275b5991d572c47,NG-PLC-000039,PLACE,Stoneleigh,simulation,BLOCKED,NAME_NOT_PUBLIC|NO_NNGLA_PUBLICATION_RECORD,,,1
readcandidate:nngla:2dce473b9833cb274183473fe0c11719b4e363c2b9df1cae7257335f7e4fc570,NG-PLC-000040,PLACE,Maple Junction,simulation,BLOCKED,NAME_NOT_PUBLIC|NO_NNGLA_PUBLICATION_RECORD,,,1
readcandidate:nngla:2674081e1bff66dffd5ae3f9343a25eebecee3d2ee9493df0fe187431686f1d2,NG-PLC-000041,PLACE,South Bell,simulation,BLOCKED,NAME_NOT_PUBLIC|NO_NNGLA_PUBLICATION_RECORD,,,1
readcandidate:nngla:66e8a99ec4c6194866de845946c6eae24a90205ef183182a49f84a468de9595d,NG-PLC-000042,PLACE,Orchard End,simulation,BLOCKED,NAME_NOT_PUBLIC|NO_NNGLA_PUBLICATION_RECORD,,,1
readcandidate:nngla:3ec48c2834383270543e27467f28cf5faa6b5c94cdf5868274bf2005b038d1f0,NG-PLC-000043,PLACE,Carrowfield,simulation,BLOCKED,NAME_NOT_PUBLIC|NO_NNGLA_PUBLICATION_RECORD,,,1
readcandidate:nngla:ef4c7961e0e67bc755a274453e690a300c78d2e186de4e123402256f6d46753c,NG-PLC-000044,PLACE,West Carrow,simulation,BLOCKED,NAME_NOT_PUBLIC|NO_NNGLA_PUBLICATION_RECORD,,,1
readcandidate:nngla:7b535838cb3dccc990bbe39b5c369927ad488ef3cd062a6aad1e963ed0ce31e9,NG-PLC-000045,PLACE,Low Crescent,simulation,BLOCKED,NAME_NOT_PUBLIC|NO_NNGLA_PUBLICATION_RECORD,,,1
readcandidate:nngla:c5624247151cf12e75038737788727a73c8b36bd164d0aeda57fd1b3d60e004d,NG-PLC-000046,PLACE,Meridian Gate,simulation,BLOCKED,NAME_NOT_PUBLIC|NO_NNGLA_PUBLICATION_RECORD,,,1
readcandidate:nngla:71a9acda37301acc1dd3c1c04ed99345105cad924d93599421291612181c8039,NG-PLC-000047,PLACE,Railview,simulation,BLOCKED,NAME_NOT_PUBLIC|NO_NNGLA_PUBLICATION_RECORD,,,1
readcandidate:nngla:a960e4b9185ae1564a95de9e1f55ffd1dadaad2338bfc28d7a932ef2fd36fe37,NG-PLC-000048,PLACE,Eastbank,simulation,BLOCKED,NAME_NOT_PUBLIC|NO_NNGLA_PUBLICATION_RECORD,,,1
readcandidate:nngla:94400b6301b600c6e8ff9ad9bfcb8b59a070001e87d29b317f4eb372669e4f95,NG-PLC-000049,PLACE,Lower Ashbourne,simulation,BLOCKED,NAME_NOT_PUBLIC|NO_NNGLA_PUBLICATION_RECORD,,,1
readcandidate:nngla:275be5723c460114658e735fefb3f89549324da459514c222b7f69474a74d64c,NG-PLC-000050,PLACE,Ashbourne Green,simulation,BLOCKED,NAME_NOT_PUBLIC|NO_NNGLA_PUBLICATION_RECORD,,,1
readcandidate:nngla:dc3212b2da780227b0688ff73ba4f66170478b40008e4103553bbc491e4e9adb,NG-PLC-000051,PLACE,Old Crescenton,simulation,BLOCKED,NAME_NOT_PUBLIC|NO_NNGLA_PUBLICATION_RECORD,,,1
readcandidate:nngla:22ae921defdfe79da39738057befcd8fafb3b9d7e18452098cbd50f0a9eadc69,NG-PLC-000052,PLACE,Crescenton Fields,simulation,BLOCKED,NAME_NOT_PUBLIC|NO_NNGLA_PUBLICATION_RECORD,,,1
readcandidate:nngla:52b7d1b19ce00332f381613f3284ce23bdf7a6d3de99c74668e0db4806cbaf86,NG-PLC-000053,PLACE,Elmtree Hollow,simulation,BLOCKED,NAME_NOT_PUBLIC|NO_NNGLA_PUBLICATION_RECORD,,,1
readcandidate:nngla:ca1fe593123dd895c6a5aca69d9c345277c523346bc771603ffb6fe92b8d541b,NG-PLC-000054,PLACE,Elmtree Brook,simulation,BLOCKED,NAME_NOT_PUBLIC|NO_NNGLA_PUBLICATION_RECORD,,,1
readcandidate:nngla:038aefbde63570fc94c9ba0c319f7f3761047824f07e90e6406eb2e87794a81b,NG-PLC-000055,PLACE,Faircross Cross,simulation,BLOCKED,NAME_NOT_PUBLIC|NO_NNGLA_PUBLICATION_RECORD,,,1
readcandidate:nngla:9cb04d8144c623d0bb368b52761a2ddeaffad976dc6c83a7769c4174bb7e045c,NG-PLC-000056,PLACE,Faircross Vale,simulation,BLOCKED,NAME_NOT_PUBLIC|NO_NNGLA_PUBLICATION_RECORD,,,1
readcandidate:nngla:a9876a6f75433dd901261b2e815a5eace0db83f6894c89ed40afb669e5c38bc0,NG-PLC-000057,PLACE,North Kingswell,simulation,BLOCKED,NAME_NOT_PUBLIC|NO_NNGLA_PUBLICATION_RECORD,,,1
readcandidate:nngla:59e58c978a17032f547f4a610a12555d469cf398be3a1f914001ca12cb3eebeb,NG-PLC-000058,PLACE,Kingswell End,simulation,BLOCKED,NAME_NOT_PUBLIC|NO_NNGLA_PUBLICATION_RECORD,,,1
readcandidate:nngla:2d5d43f195b5dc336bb187c0a9d918d60dd21d3b68ad88e470949ac9338645df,NG-PLC-000059,PLACE,Brackenford Heath,simulation,BLOCKED,NAME_NOT_PUBLIC|NO_NNGLA_PUBLICATION_RECORD,,,1
readcandidate:nngla:f6a22d9e14775ff8e617c675562632cdaaf83b16cc68a1f32ce8b0c415f3d3d9,NG-PLC-000060,PLACE,Brackenford Grove,simulation,BLOCKED,NAME_NOT_PUBLIC|NO_NNGLA_PUBLICATION_RECORD,,,1
readcandidate:nngla:eca9c315ef4413015ed021eb6e633e65e631115b0060d660412c426f35c2aed0,NG-PLC-000061,PLACE,Upper Rosehaven,simulation,BLOCKED,NAME_NOT_PUBLIC|NO_NNGLA_PUBLICATION_RECORD,,,1
readcandidate:nngla:fc2445399980ee4329051594b038bcbbcca5bb8ab4233142eabbd5df42ea249c,NG-PLC-000062,PLACE,Rosehaven Meadow,simulation,BLOCKED,NAME_NOT_PUBLIC|NO_NNGLA_PUBLICATION_RECORD,,,1
readcandidate:nngla:1c1a23883f798710d248e086d977031a021aecf04d0a589264a67a0874eec346,NG-PLC-000063,PLACE,Claybourne Ford,simulation,BLOCKED,NAME_NOT_PUBLIC|NO_NNGLA_PUBLICATION_RECORD,,,1
readcandidate:nngla:79e0d75bdc050e74556d91548e2271d94f2343f716152f8e55c4c7ce09e643ee,NG-PLC-000064,PLACE,Claybourne Common,simulation,BLOCKED,NAME_NOT_PUBLIC|NO_NNGLA_PUBLICATION_RECORD,,,1
readcandidate:nngla:c03a662bd40daa7de06a0ae1e456ff896a5e69f23f49e59af2c6914e527ece1f,NG-PLC-000065,PLACE,Little Newstead,simulation,BLOCKED,NAME_NOT_PUBLIC|NO_NNGLA_PUBLICATION_RECORD,,,1
readcandidate:nngla:a147b0bc960829d13e3466104ae1322ceaff730c54873f70e75eb6f135457fb9,NG-PLC-000066,PLACE,Newstead Rise,simulation,BLOCKED,NAME_NOT_PUBLIC|NO_NNGLA_PUBLICATION_RECORD,,,1
readcandidate:nngla:f8a6c0e411c9a1b6a06ece75a292c22d2b2e2754e8a34b9eb204e1f32f01c8ea,NG-PLC-000067,PLACE,Larkspur Hill,simulation,BLOCKED,NAME_NOT_PUBLIC|NO_NNGLA_PUBLICATION_RECORD,,,1
readcandidate:nngla:f51389b597f2afa90f8cdd9ef5109056e5d13135e0b14506cc10ca0e58a58674,NG-PLC-000068,PLACE,Larkspur Springs,simulation,BLOCKED,NAME_NOT_PUBLIC|NO_NNGLA_PUBLICATION_RECORD,,,1
readcandidate:nngla:806736bd7c92315d8b88432312a2dfc7bf94195b41d9a6638a95bc70310c0338,NG-PLC-000069,PLACE,West Eastbridge,simulation,BLOCKED,NAME_NOT_PUBLIC|NO_NNGLA_PUBLICATION_RECORD,,,1
readcandidate:nngla:cebbb19fde36294bbb1e270686db0b90a40594314c5614090238e270c3a4b4ac,NG-PLC-000070,PLACE,Eastbridge Lane,simulation,BLOCKED,NAME_NOT_PUBLIC|NO_NNGLA_PUBLICATION_RECORD,,,1
readcandidate:nngla:18048d319b7ecc4121f5be8898a1aedb17cb3185eb79f108b76844393daef822,NG-PLC-000071,PLACE,Hillmark Wood,simulation,BLOCKED,NAME_NOT_PUBLIC|NO_NNGLA_PUBLICATION_RECORD,,,1
readcandidate:nngla:4bac0d45966c8641afa8684c0cd942fd7aa597a70f2b85444c49a24e219eb8c4,NG-PLC-000072,PLACE,Hillmark Beck,simulation,BLOCKED,NAME_NOT_PUBLIC|NO_NNGLA_PUBLICATION_RECORD,,,1
readcandidate:nngla:29dfccf237ddc1aed82cf571975e074b84ea48f290c77df75a669f8fa326d6b7,NG-PLC-000073,PLACE,South Greyhaven,simulation,BLOCKED,NAME_NOT_PUBLIC|NO_NNGLA_PUBLICATION_RECORD,,,1
readcandidate:nngla:53646a6fa1bad583f2287653ff48004b2419cea3f49ec7067dd9d53d4030ce72,NG-PLC-000074,PLACE,Greyhaven Court,simulation,BLOCKED,NAME_NOT_PUBLIC|NO_NNGLA_PUBLICATION_RECORD,,,1
readcandidate:nngla:606b070afe5baa16ed098730518d544344f17d9ebd45ba8abac893f45716da1e,NG-PLC-000075,PLACE,Willowgate Gate,simulation,BLOCKED,NAME_NOT_PUBLIC|NO_NNGLA_PUBLICATION_RECORD,,,1
readcandidate:nngla:13589d61a23eb062d94605abd9a42a87b327e94992036296b206dd302fc90f26,NG-PLC-000076,PLACE,Willowgate Downs,simulation,BLOCKED,NAME_NOT_PUBLIC|NO_NNGLA_PUBLICATION_RECORD,,,1
readcandidate:nngla:c168171be33745c8ad4f20f8d3c2469fec9b623bf0fbcd676c6f3441f631db27,NG-PLC-000077,PLACE,Stoneleigh Mill,simulation,BLOCKED,NAME_NOT_PUBLIC|NO_NNGLA_PUBLICATION_RECORD,,,1
readcandidate:nngla:7127dfe512a821e523f2e25c4893854199d530992963bc3f1feff530f7f077f5,NG-PLC-000078,PLACE,Stoneleigh Park,simulation,BLOCKED,NAME_NOT_PUBLIC|NO_NNGLA_PUBLICATION_RECORD,,,1
readcandidate:nngla:16edecb8b6a25088a968966ae0771df49b8d14f675092740299cf35bba82dc24,NG-PLC-000079,PLACE,Cedar Market,simulation,BLOCKED,NAME_NOT_PUBLIC|NO_NNGLA_PUBLICATION_RECORD,,,1
readcandidate:nngla:0efeabbee2a034c821e1a86822e3ae4eaa77e51c1aa96095c3741793eb398213,NG-PLC-000080,PLACE,Junction Five,simulation,BLOCKED,NAME_NOT_PUBLIC|NO_NNGLA_PUBLICATION_RECORD,,,1
readcandidate:nngla:5edcca6a547853e6eb5cdba18bce4797c743854226fff0d9512d65649e83ae82,NG-PLC-000081,PLACE,Old Toll,simulation,BLOCKED,NAME_NOT_PUBLIC|NO_NNGLA_PUBLICATION_RECORD,,,1
readcandidate:nngla:e8ff8e5c185bce5ec42701fc3d304848622dddab0907458f1d0820d150c5e828,NG-PLC-000082,PLACE,Farmers' Gate,simulation,BLOCKED,NAME_NOT_PUBLIC|NO_NNGLA_PUBLICATION_RECORD,,,1
readcandidate:nngla:29c705a085885ee01e2339c66558537886c1108d9c40615a699271ca466db55e,NG-PLC-000083,PLACE,Lantern Cross,simulation,BLOCKED,NAME_NOT_PUBLIC|NO_NNGLA_PUBLICATION_RECORD,,,1
readcandidate:nngla:1f96cbe4df73147dd5cb9dcf395397c39bb7d3922c8a6f4671051a93e5256411,NG-PLC-000084,PLACE,Eastline Industrial Park,simulation,BLOCKED,NAME_NOT_PUBLIC|NO_NNGLA_PUBLICATION_RECORD,,,1
readcandidate:nngla:51601d5cd98cf109b3a8423a924691d6f0507ed3e3576aa05256b0ca9d0e660b,NG-PLC-000085,PLACE,Capital Logistics Zone,simulation,BLOCKED,NAME_NOT_PUBLIC|NO_NNGLA_PUBLICATION_RECORD,,,1
readcandidate:nngla:ad698b22d2daeffce189fdf0111adeffbe35a23b81313f9d583e32c636868e1e,NG-PLC-000086,PLACE,Northgate,simulation,BLOCKED,NAME_NOT_PUBLIC|NO_NNGLA_PUBLICATION_RECORD,,,1
readcandidate:nngla:4ce34b5358a31895f5827a9a647d22c7f94d1646e55f74367a3eb4a129bde569,NG-PLC-000087,PLACE,Caelith,simulation,BLOCKED,NAME_NOT_PUBLIC|NO_NNGLA_PUBLICATION_RECORD,,,1
readcandidate:nngla:a85d11777d053918412a4c43a922780057cb6a33ebfc194d885482c5e1e78b93,NG-PLC-000088,PLACE,Skeldrun,simulation,BLOCKED,NAME_NOT_PUBLIC|NO_NNGLA_PUBLICATION_RECORD,,,1
readcandidate:nngla:9bff34d1cc16340b84fc902f81517df5501a8450b336c7cab84cc3c9aedd918d,NG-PLC-000089,PLACE,Pinebarrow,simulation,BLOCKED,NAME_NOT_PUBLIC|NO_NNGLA_PUBLICATION_RECORD,,,1
readcandidate:nngla:c677c78e5ac66bd47bf7e3ac61ab7abae30be5ac5c8faa5b01a3aaaaaa3ad848,NG-PLC-000090,PLACE,Crown Steps,simulation,BLOCKED,NAME_NOT_PUBLIC|NO_NNGLA_PUBLICATION_RECORD,,,1
readcandidate:nngla:fa57d045a6612e8378a183e3dea1462e55eea11f1647cc54ebe984094b525c91,NG-PLC-000091,PLACE,Highgate Core,simulation,BLOCKED,NAME_NOT_PUBLIC|NO_NNGLA_PUBLICATION_RECORD,,,1
readcandidate:nngla:3231a100e1e7e18a3cbb458b3dc65022c2c36013ef5c0b68711ac9c888b426e4,NG-PLC-000092,PLACE,Observatory Ward,simulation,BLOCKED,NAME_NOT_PUBLIC|NO_NNGLA_PUBLICATION_RECORD,,,1
readcandidate:nngla:fa262630b38c9f3ac7ffd32190e2e52554470cf0c48dfbeb0c3434071e0d86b9,NG-PLC-000093,PLACE,Foundry Terrace,simulation,BLOCKED,NAME_NOT_PUBLIC|NO_NNGLA_PUBLICATION_RECORD,,,1
readcandidate:nngla:c598c83b0c25d0aaf0264d32ff1657225745826fe5cf25c980ed565f2e6e1bd5,NG-PLC-000094,PLACE,Old Switchback,simulation,BLOCKED,NAME_NOT_PUBLIC|NO_NNGLA_PUBLICATION_RECORD,,,1
readcandidate:nngla:2439eb1cb0bb81b945fdba9a8f114df18492556bc75f3778ded2a5459efb98f6,NG-PLC-000095,PLACE,Alpine Exchange,simulation,BLOCKED,NAME_NOT_PUBLIC|NO_NNGLA_PUBLICATION_RECORD,,,1
readcandidate:nngla:443088aa4011fea15f07669e10c6654772a349399655b280c27759c2679251db,NG-PLC-000096,PLACE,Northgate University District,simulation,BLOCKED,NAME_NOT_PUBLIC|NO_NNGLA_PUBLICATION_RECORD,,,1
readcandidate:nngla:da84d2b47bc189bd19d58a32c034aa27829ad7dd19f6fa6164918c2c8c56e06e,NG-PLC-000097,PLACE,Cloudline,simulation,BLOCKED,NAME_NOT_PUBLIC|NO_NNGLA_PUBLICATION_RECORD,,,1
readcandidate:nngla:4af97db6db048ac6530c5041d8552ca2dfca5b5ee431425cda8cbf1beeb61d0a,NG-PLC-000098,PLACE,Pineglass,simulation,BLOCKED,NAME_NOT_PUBLIC|NO_NNGLA_PUBLICATION_RECORD,,,1
readcandidate:nngla:ba95e0b304d720690110f0307e3c64bd7d51943f221afb2c3cfbbc1354a7750c,NG-PLC-000099,PLACE,Heather Vale,simulation,BLOCKED,NAME_NOT_PUBLIC|NO_NNGLA_PUBLICATION_RECORD,,,1
readcandidate:nngla:9a8b8d6e2fad9dbc771023d6fd498af3a3a1d54bcf9c673a9fa2b377c21161ea,NG-PLC-000100,PLACE,Slate Gardens,simulation,BLOCKED,NAME_NOT_PUBLIC|NO_NNGLA_PUBLICATION_RECORD,,,1
readcandidate:nngla:cfe995c4b851b0a88370f4e26ce6c5e3e2339f14e2aae6e39b44531c9b199383,NG-PLC-000101,PLACE,Frostmere,simulation,BLOCKED,NAME_NOT_PUBLIC|NO_NNGLA_PUBLICATION_RECORD,,,1
readcandidate:nngla:a39a41bfa8a7fc753b8f47dbe4c0c83ac6c807b38d088266d262aaf76e3f8c20,NG-PLC-000102,PLACE,New Albion,simulation,BLOCKED,NAME_NOT_PUBLIC|NO_NNGLA_PUBLICATION_RECORD,,,1
readcandidate:nngla:5e6ce1be5c90ee06aaaa5d15fc9a82b4af4f0a77576be9683d05d82ae09e57d2,NG-PLC-000103,PLACE,Kaelor Heights,simulation,BLOCKED,NAME_NOT_PUBLIC|NO_NNGLA_PUBLICATION_RECORD,,,1
readcandidate:nngla:d9f35b20bc6bae16867bd113c2547e27f83730014920e7b7e35bb47fcd6cd40c,NG-PLC-000104,PLACE,Bramble Court,simulation,BLOCKED,NAME_NOT_PUBLIC|NO_NNGLA_PUBLICATION_RECORD,,,1
readcandidate:nngla:f53212fa247448ea1d7e525a7c682a36f27e6504ba0956bb6ba6304be091cd55,NG-PLC-000105,PLACE,St. Arden,simulation,BLOCKED,NAME_NOT_PUBLIC|NO_NNGLA_PUBLICATION_RECORD,,,1
readcandidate:nngla:0158b4e781319839f535c34d9a59a0d39dfe610e2461467e629334550de9851f,NG-PLC-000106,PLACE,Maple Rise,simulation,BLOCKED,NAME_NOT_PUBLIC|NO_NNGLA_PUBLICATION_RECORD,,,1
readcandidate:nngla:f28dba791618d9dba55f35580782e667c17ce2510b3eb69e29858540d5884474,NG-PLC-000107,PLACE,Aelwood,simulation,BLOCKED,NAME_NOT_PUBLIC|NO_NNGLA_PUBLICATION_RECORD,,,1
readcandidate:nngla:e526ca94d0d8cd986e625654081cae791dcc4216509b69707142fa9e32158c0a,NG-PLC-000108,PLACE,Ridgewater,simulation,BLOCKED,NAME_NOT_PUBLIC|NO_NNGLA_PUBLICATION_RECORD,,,1
readcandidate:nngla:779fa25f8f98e117ecee0e8a2dbda483a5c104bc68cfd462821d6969f4c87150,NG-PLC-000109,PLACE,Windward Heath,simulation,BLOCKED,NAME_NOT_PUBLIC|NO_NNGLA_PUBLICATION_RECORD,,,1
readcandidate:nngla:31a040418515e88b0d521eee4d177f71fede969e54375ff9f6bd4ff12643619a,NG-PLC-000110,PLACE,Aelgrove,simulation,BLOCKED,NAME_NOT_PUBLIC|NO_NNGLA_PUBLICATION_RECORD,,,1
readcandidate:nngla:62b0b5d22602399e0de5fe425fed4bb6a711d4f2365c31ebbf7be30d1a91c419,NG-PLC-000111,PLACE,Kaedur,simulation,BLOCKED,NAME_NOT_PUBLIC|NO_NNGLA_PUBLICATION_RECORD,,,1
readcandidate:nngla:787247f2e433385a300a8a9ef5cc1707696111d1b8cdadbdd07c52f692c7de5f,NG-PLC-000112,PLACE,Østmark,simulation,BLOCKED,NAME_NOT_PUBLIC|NO_NNGLA_PUBLICATION_RECORD,,,1
readcandidate:nngla:ceac9b38d4abe7df70f70aea6933a93771fdeb696bdc331aaf3c21a85ffec3ee,NG-PLC-000113,PLACE,Valekirk,simulation,BLOCKED,NAME_NOT_PUBLIC|NO_NNGLA_PUBLICATION_RECORD,,,1
readcandidate:nngla:b9acf4706d9bdd3f8496885ffb02d3599c0616dcda8d85b43d73295b2a2f46e4,NG-PLC-000114,PLACE,Snowmere,simulation,BLOCKED,NAME_NOT_PUBLIC|NO_NNGLA_PUBLICATION_RECORD,,,1
readcandidate:nngla:5633cdac677e905e545adad1de9e6048bdd05690cabfa2a0405b4a76c564e25e,NG-PLC-000115,PLACE,Frostholm,simulation,BLOCKED,NAME_NOT_PUBLIC|NO_NNGLA_PUBLICATION_RECORD,,,1
readcandidate:nngla:032c4a19f6b92214fd66fe18c87d03b79146b57a293f5dfe263bc66cbf64685f,NG-PLC-000116,PLACE,Trossfell,simulation,BLOCKED,NAME_NOT_PUBLIC|NO_NNGLA_PUBLICATION_RECORD,,,1
readcandidate:nngla:0683d0dfb6f3d0eb02caa8c26de70d1f38e8e2ea82bce724a306b90720fdcdfe,NG-PLC-000117,PLACE,Birchpass,simulation,BLOCKED,NAME_NOT_PUBLIC|NO_NNGLA_PUBLICATION_RECORD,,,1
readcandidate:nngla:15f345c14d77e5a9baeac997e951a681d1049cfbb571a70fe79da11a3d97f40b,NG-PLC-000118,PLACE,Ravencrag,simulation,BLOCKED,NAME_NOT_PUBLIC|NO_NNGLA_PUBLICATION_RECORD,,,1
readcandidate:nngla:8a110b4dfb6a24c18aa6865fc5e353455ff7c1cb6af27d4c30c2fe978c606f29,NG-PLC-000119,PLACE,Highmere,simulation,BLOCKED,NAME_NOT_PUBLIC|NO_NNGLA_PUBLICATION_RECORD,,,1
readcandidate:nngla:73b222f66fa4d52e7e669b96f9ca6dcfc33e454fabc83361dc8b496151072b53,NG-PLC-000120,PLACE,Cedarwick,simulation,BLOCKED,NAME_NOT_PUBLIC|NO_NNGLA_PUBLICATION_RECORD,,,1
readcandidate:nngla:348ea6e9cc004df46e75f07940fca2b5d7d1c4469c9a58cb4660f20d42888812,NG-PLC-000121,PLACE,Bellpine,simulation,BLOCKED,NAME_NOT_PUBLIC|NO_NNGLA_PUBLICATION_RECORD,,,1
readcandidate:nngla:fd6e67dd8c8525a456a826a9fc05ca588464f1ba99cf128f874f911947dd9b71,NG-PLC-000122,PLACE,Glenvar,simulation,BLOCKED,NAME_NOT_PUBLIC|NO_NNGLA_PUBLICATION_RECORD,,,1
readcandidate:nngla:49916904b5d462b7f93f50a1d02af22b4df7166193523b556b92c0d2714bdc29,NG-PLC-000123,PLACE,Moorsend,simulation,BLOCKED,NAME_NOT_PUBLIC|NO_NNGLA_PUBLICATION_RECORD,,,1
readcandidate:nngla:963e436c64d36fbdcc333cadfe096144013fbf41269e354c8e80e1e20c6ec038,NG-PLC-000124,PLACE,Ferncross,simulation,BLOCKED,NAME_NOT_PUBLIC|NO_NNGLA_PUBLICATION_RECORD,,,1
readcandidate:nngla:953ddc8c188aef901836fcd1973356749d416cf805bea4627f583edfdb820e3d,NG-PLC-000125,PLACE,Lower Caelith,simulation,BLOCKED,NAME_NOT_PUBLIC|NO_NNGLA_PUBLICATION_RECORD,,,1
readcandidate:nngla:65d97b03a29a6f5064fe6ee7101edae562ec5852a18ef34cbcc364a14140f097,NG-PLC-000126,PLACE,Glen Kael,simulation,BLOCKED,NAME_NOT_PUBLIC|NO_NNGLA_PUBLICATION_RECORD,,,1
readcandidate:nngla:b083fdd78091661471e39d0cd15103d4db8f2d654501db02bfb945e869aeecb6,NG-PLC-000127,PLACE,Passfield,simulation,BLOCKED,NAME_NOT_PUBLIC|NO_NNGLA_PUBLICATION_RECORD,,,1
readcandidate:nngla:71b61ad71c479dc2504983d8fb217781d2ff21cc51cf3d8a764e3a4a376d5508,NG-PLC-000128,PLACE,South Skeldrun,simulation,BLOCKED,NAME_NOT_PUBLIC|NO_NNGLA_PUBLICATION_RECORD,,,1
readcandidate:nngla:319e989ad7b03709a831f2ca03b74283946f3ef6a4fc3e256158872480976372,NG-PLC-000129,PLACE,Icebrook,simulation,BLOCKED,NAME_NOT_PUBLIC|NO_NNGLA_PUBLICATION_RECORD,,,1
readcandidate:nngla:4e3964f077c5092e508ef6057534e9b4005b7fa91237b3c13cab0d1c5b0bcd02,NG-PLC-000130,PLACE,Mill Crag,simulation,BLOCKED,NAME_NOT_PUBLIC|NO_NNGLA_PUBLICATION_RECORD,,,1
readcandidate:nngla:45cbb71c50945f69aa6748cb26e779ce6d272153f4d6467b9debf385a19bbec1,NG-PLC-000131,PLACE,East Pinebarrow,simulation,BLOCKED,NAME_NOT_PUBLIC|NO_NNGLA_PUBLICATION_RECORD,,,1
readcandidate:nngla:312232442bdb4043046ae8a8c4a371505bd269b4a28fedf10a7f94d32e141af9,NG-PLC-000132,PLACE,Woodcutters' Line,simulation,BLOCKED,NAME_NOT_PUBLIC|NO_NNGLA_PUBLICATION_RECORD,,,1
readcandidate:nngla:a51fb6dcfaf157d58a37d62d220f1a8f18596a8c23c366ca6fe9466ca1690c36,NG-PLC-000133,PLACE,Briar Junction,simulation,BLOCKED,NAME_NOT_PUBLIC|NO_NNGLA_PUBLICATION_RECORD,,,1
readcandidate:nngla:948921d008da3eba82379b2ec90675cabd7e009835ed6ad47da624e1a29bbe39,NG-PLC-000134,PLACE,Lower Aelgrove,simulation,BLOCKED,NAME_NOT_PUBLIC|NO_NNGLA_PUBLICATION_RECORD,,,1
readcandidate:nngla:85c726c926490e930adbae91e0f9554cca822c5618c0c6ae9fa2bd122d23646f,NG-PLC-000135,PLACE,Aelgrove Fell,simulation,BLOCKED,NAME_NOT_PUBLIC|NO_NNGLA_PUBLICATION_RECORD,,,1
readcandidate:nngla:b67b4ace299a4947260f3e73aa066b7ff40bf0ebb451965b5488254c589063c2,NG-PLC-000136,PLACE,Upper Kaedur,simulation,BLOCKED,NAME_NOT_PUBLIC|NO_NNGLA_PUBLICATION_RECORD,,,1
readcandidate:nngla:e3211a20af7b0a344d40f5c3773fef0f58e590e02fbdd11832fd89ba5761daa0,NG-PLC-000137,PLACE,Kaedur Glen,simulation,BLOCKED,NAME_NOT_PUBLIC|NO_NNGLA_PUBLICATION_RECORD,,,1
readcandidate:nngla:34adefc5d39caf1fa8bb5acb583e113e69dba4e06355a04c460de02bb8751aab,NG-PLC-000138,PLACE,East Østmark,simulation,BLOCKED,NAME_NOT_PUBLIC|NO_NNGLA_PUBLICATION_RECORD,,,1
readcandidate:nngla:310ba8dccda4aa9770ccfdfc5605e56972ceddc4905429e6b9f7bbe25445245e,NG-PLC-000139,PLACE,Østmark Beck,simulation,BLOCKED,NAME_NOT_PUBLIC|NO_NNGLA_PUBLICATION_RECORD,,,1
readcandidate:nngla:f75cfbcff35f4fdc64485992026b9ae6aa4514eb9ab853ab153ca38b61ab61ca,NG-PLC-000140,PLACE,Old Valekirk,simulation,BLOCKED,NAME_NOT_PUBLIC|NO_NNGLA_PUBLICATION_RECORD,,,1
readcandidate:nngla:9db027027e5c7592a235d5496faa1834cf5a18a5e25a85255bf1ae20666e34d2,NG-PLC-000141,PLACE,Valekirk Crag,simulation,BLOCKED,NAME_NOT_PUBLIC|NO_NNGLA_PUBLICATION_RECORD,,,1
readcandidate:nngla:74293a629aacbdcbe0c28d22635d128b239875dcbc6b50039f76b01c57441569,NG-PLC-000142,PLACE,South Snowmere,simulation,BLOCKED,NAME_NOT_PUBLIC|NO_NNGLA_PUBLICATION_RECORD,,,1
readcandidate:nngla:87d10205cf9b090dbeb406426da23126a70ae0f65bafc4f9a318e5d5ed369bf0,NG-PLC-000143,PLACE,Snowmere Pass,simulation,BLOCKED,NAME_NOT_PUBLIC|NO_NNGLA_PUBLICATION_RECORD,,,1
readcandidate:nngla:bb326603794520fffa78e76617fed0441ce09bbe8420df91f3e2b55f7f98af8c,NG-PLC-000144,PLACE,Frostholm Moor,simulation,BLOCKED,NAME_NOT_PUBLIC|NO_NNGLA_PUBLICATION_RECORD,,,1
readcandidate:nngla:e863fecc0abb30ec84b7d8ad713b0b9cdeb49428c747e08983e35a5db0ca2eb1,NG-PLC-000145,PLACE,Frostholm Fold,simulation,BLOCKED,NAME_NOT_PUBLIC|NO_NNGLA_PUBLICATION_RECORD,,,1
readcandidate:nngla:9afff2ca5da8c32a209eaed96a16a0ab9fd5a321a092cc0272d3421c51c695a7,NG-PLC-000146,PLACE,North Trossfell,simulation,BLOCKED,NAME_NOT_PUBLIC|NO_NNGLA_PUBLICATION_RECORD,,,1
readcandidate:nngla:f2551dfcbf2f133df0de5e436df94a6732b3287c746965a238b03dff1c515fc3,NG-PLC-000147,PLACE,Trossfell Tor,simulation,BLOCKED,NAME_NOT_PUBLIC|NO_NNGLA_PUBLICATION_RECORD,,,1
readcandidate:nngla:c7a4ba64388691eb6d879792701ce97d626c01d96fd12e09f5a86856b70013c8,NG-PLC-000148,PLACE,Birchpass Ridge,simulation,BLOCKED,NAME_NOT_PUBLIC|NO_NNGLA_PUBLICATION_RECORD,,,1
readcandidate:nngla:a1b8c71d5e12aa3368b6b8bd7d38ca26f5ce2794296033a8f359e740aa6227c8,NG-PLC-000149,PLACE,Birchpass Tarn,simulation,BLOCKED,NAME_NOT_PUBLIC|NO_NNGLA_PUBLICATION_RECORD,,,1
readcandidate:nngla:ae2eecca264fc5319a8ecb73e4b3df4323cb00d0fc8c6ed79175e4575a1889ef,NG-PLC-000150,PLACE,West Ravencrag,simulation,BLOCKED,NAME_NOT_PUBLIC|NO_NNGLA_PUBLICATION_RECORD,,,1
readcandidate:nngla:c0c78b893bb7c879f5ffa25417b6885646230390326d5cd693d057eba822fa82,NG-PLC-000151,PLACE,Ravencrag Pines,simulation,BLOCKED,NAME_NOT_PUBLIC|NO_NNGLA_PUBLICATION_RECORD,,,1
readcandidate:nngla:a462f9a46d093382a976ba327f1d2b5c6ff929ddfa7cdf1840f3c1c0e0bd500f,NG-PLC-000152,PLACE,Highmere Heath,simulation,BLOCKED,NAME_NOT_PUBLIC|NO_NNGLA_PUBLICATION_RECORD,,,1
readcandidate:nngla:f4f8fbc70f6bc37bedcb0321b32695a3e47ab0fdd3f78a5f10b08618c2a2329c,NG-PLC-000153,PLACE,Highmere Stone,simulation,BLOCKED,NAME_NOT_PUBLIC|NO_NNGLA_PUBLICATION_RECORD,,,1
readcandidate:nngla:663a2d95ace09b6c91c5b191c80fc3d406c50a6da886a1a31195130738a5584d,NG-PLC-000154,PLACE,Lower Cedarwick,simulation,BLOCKED,NAME_NOT_PUBLIC|NO_NNGLA_PUBLICATION_RECORD,,,1
readcandidate:nngla:3844f09ed2e658647471981d746affe9434a236219e4df7b5f3e83bb16e60c6b,NG-PLC-000155,PLACE,Cedarwick Birch,simulation,BLOCKED,NAME_NOT_PUBLIC|NO_NNGLA_PUBLICATION_RECORD,,,1
readcandidate:nngla:17f193a6580a9fe3fad91ea36ae503fefc5fe201816c67b296336fa2bf89659d,NG-PLC-000156,PLACE,Bellpine Dale,simulation,BLOCKED,NAME_NOT_PUBLIC|NO_NNGLA_PUBLICATION_RECORD,,,1
readcandidate:nngla:11468fd3faa23b48c49d285e6ab0899825998ca8647ddbd4b2fe03d1ae53171e,NG-PLC-000157,PLACE,Bellpine Run,simulation,BLOCKED,NAME_NOT_PUBLIC|NO_NNGLA_PUBLICATION_RECORD,,,1
readcandidate:nngla:7c8705187ed9bedd7b0ae92c92aa48baa1792349d88ccf20bda99a0f7d88a396,NG-PLC-000158,PLACE,Upper Glenvar,simulation,BLOCKED,NAME_NOT_PUBLIC|NO_NNGLA_PUBLICATION_RECORD,,,1
readcandidate:nngla:141b0d137c6dc9a3d7cf9d8e7a19b9248d0496685ac42e37b2a1a90f1c6323ce,NG-PLC-000159,PLACE,Glenvar Cedar,simulation,BLOCKED,NAME_NOT_PUBLIC|NO_NNGLA_PUBLICATION_RECORD,,,1
readcandidate:nngla:a554c4caca8f63bab5d2f47c76975068d3a75c0a73ecfe30bf9c12330dad0dd6,NG-PLC-000160,PLACE,Moorsend Barrow,simulation,BLOCKED,NAME_NOT_PUBLIC|NO_NNGLA_PUBLICATION_RECORD,,,1
readcandidate:nngla:2c381322885757e4bd743d1a1d166b387c127a6a152a46b85b47f3d57fda4a4d,NG-PLC-000161,PLACE,Moorsend Brook,simulation,BLOCKED,NAME_NOT_PUBLIC|NO_NNGLA_PUBLICATION_RECORD,,,1
readcandidate:nngla:ea017e7a3369e103d1bb0f0a6b407272a81fdf90a23c87c72380f1080b0c01c9,NG-PLC-000162,PLACE,Ferncross Wood,simulation,BLOCKED,NAME_NOT_PUBLIC|NO_NNGLA_PUBLICATION_RECORD,,,1
readcandidate:nngla:39ce8f16b8aed10d4e3d17bc6aa36001e30c1639448ecf8c31880ead0707580b,NG-PLC-000163,PLACE,Ferncross Brae,simulation,BLOCKED,NAME_NOT_PUBLIC|NO_NNGLA_PUBLICATION_RECORD,,,1
readcandidate:nngla:a597ea15bb1777c0b5fa92170f2ec03e79279a2840bd673f829ad05226f5a495,NG-PLC-000164,PLACE,Goat Bell,simulation,BLOCKED,NAME_NOT_PUBLIC|NO_NNGLA_PUBLICATION_RECORD,,,1
readcandidate:nngla:5cab44d01f5eff67219394fe9f440b0596b5293f82cf0cfefb14b9c4ce7fdc55,NG-PLC-000165,PLACE,Highland Cross,simulation,BLOCKED,NAME_NOT_PUBLIC|NO_NNGLA_PUBLICATION_RECORD,,,1
readcandidate:nngla:89c1f3c63fd259bbde82776a29b06e4d88552d2f2f602d7dbedab49e31e87bae,NG-PLC-000166,PLACE,Copper Stall,simulation,BLOCKED,NAME_NOT_PUBLIC|NO_NNGLA_PUBLICATION_RECORD,,,1
readcandidate:nngla:c1b945d346ad89f9c15804eacf8a381d954b84ae15406a474f8b596edf9b171e,NG-PLC-000167,PLACE,Pass Market,simulation,BLOCKED,NAME_NOT_PUBLIC|NO_NNGLA_PUBLICATION_RECORD,,,1
readcandidate:nngla:617bf3f6cb925ca61af6e2ba660818275cf9b6e6aab489a6ddadc8bc56c424fa,NG-PLC-000168,PLACE,Wool Exchange,simulation,BLOCKED,NAME_NOT_PUBLIC|NO_NNGLA_PUBLICATION_RECORD,,,1
readcandidate:nngla:d7cab3c3d334f8a91706c8a5eed382119930b495deb918cbcdf14af66a7eb76a,NG-PLC-000169,PLACE,Cloudworks Industrial Park,simulation,BLOCKED,NAME_NOT_PUBLIC|NO_NNGLA_PUBLICATION_RECORD,,,1
readcandidate:nngla:2448f39b386e2b52cd150af2f4c999402963226601d2ec443b2be7b8fa716961,NG-PLC-000170,PLACE,Granite Rail Estate,simulation,BLOCKED,NAME_NOT_PUBLIC|NO_NNGLA_PUBLICATION_RECORD,,,1
readcandidate:nngla:bfed96f32ab20849d150e07181997cce95ca8537876fa05509ea9f4138e04807,NG-PLC-000171,PLACE,Cloudrest,simulation,BLOCKED,NAME_NOT_PUBLIC|NO_NNGLA_PUBLICATION_RECORD,,,1
readcandidate:nngla:d45810d8263ac1c98586088f6d2165cd96d7e0022c2e907bf9b847c7925be746,NG-PLC-000172,PLACE,Alpine Lantern,simulation,BLOCKED,NAME_NOT_PUBLIC|NO_NNGLA_PUBLICATION_RECORD,,,1
readcandidate:nngla:d0daf2fad6193536ead17c0a6739558e9bdb438e0135e3874dcbc1d971ccd93b,NG-PLC-000173,PLACE,Vondara,simulation,BLOCKED,NAME_NOT_PUBLIC|NO_NNGLA_PUBLICATION_RECORD,,,1
readcandidate:nngla:9aa8354e452bba2632e0a31415886e4879c42288cb085a6793d4bcbfa07b0e0c,NG-PLC-000174,PLACE,Greenbarrow,simulation,BLOCKED,NAME_NOT_PUBLIC|NO_NNGLA_PUBLICATION_RECORD,,,1
readcandidate:nngla:1179d3024f51f614e2c1c1f472c9064c4707cb380d39182aa36fe1535839ad62,NG-PLC-000175,PLACE,Kestrel Plain,simulation,BLOCKED,NAME_NOT_PUBLIC|NO_NNGLA_PUBLICATION_RECORD,,,1
readcandidate:nngla:3964207e80773936d387fd3e73a66dfa25fc3c5b3908be6db4b25c8594aa7039,NG-PLC-000176,PLACE,Solmere,simulation,BLOCKED,NAME_NOT_PUBLIC|NO_NNGLA_PUBLICATION_RECORD,,,1
readcandidate:nngla:1ecb39c35f56bb728308e8d8e09dbf5984c521ec6a7416ea7d4e29fffe3a8a92,NG-PLC-000177,PLACE,Vondara Central,simulation,BLOCKED,NAME_NOT_PUBLIC|NO_NNGLA_PUBLICATION_RECORD,,,1
readcandidate:nngla:71f4d9cdd61c59befe795f964a41d5b4a904be92433e05e782e522f202b054b0,NG-PLC-000178,PLACE,Grain Exchange,simulation,BLOCKED,NAME_NOT_PUBLIC|NO_NNGLA_PUBLICATION_RECORD,,,1
readcandidate:nngla:1232558454a0e3ae0e029cd5c66a5e359a88fa0e34f4f8544e4afc2fe1d4b6c5,NG-PLC-000179,PLACE,Copperleaf Ward,simulation,BLOCKED,NAME_NOT_PUBLIC|NO_NNGLA_PUBLICATION_RECORD,,,1
readcandidate:nngla:408bc1e8f291321df5c58266e7bda9039c7f3cdcfd7fb55cad1e2c4ba95a6afd,NG-PLC-000180,PLACE,Makers' Quarter,simulation,BLOCKED,NAME_NOT_PUBLIC|NO_NNGLA_PUBLICATION_RECORD,,,1
readcandidate:nngla:5a2487596349d697d1e0d72ea32ff83a5cafdc56ee3c6311e3c198031c870876,NG-PLC-000181,PLACE,East Viaduct,simulation,BLOCKED,NAME_NOT_PUBLIC|NO_NNGLA_PUBLICATION_RECORD,,,1
readcandidate:nngla:032cc9dbbc0ab79bd6ce7bbdb172cce22a6cf0bee2e9053e046d8b7206658f20,NG-PLC-000182,PLACE,Old Granary,simulation,BLOCKED,NAME_NOT_PUBLIC|NO_NNGLA_PUBLICATION_RECORD,,,1
readcandidate:nngla:e5a3578929f9a4f16ac502611f9814d2b28cf4c524eeb8447c29ca537c40bc39,NG-PLC-000183,PLACE,Innovation Loop,simulation,BLOCKED,NAME_NOT_PUBLIC|NO_NNGLA_PUBLICATION_RECORD,,,1
readcandidate:nngla:3bc382e7efe833ea6d9272a9157736cc767fd601a8c55363028a054505ed93a2,NG-PLC-000184,PLACE,Grand Station,simulation,BLOCKED,NAME_NOT_PUBLIC|NO_NNGLA_PUBLICATION_RECORD,,,1
readcandidate:nngla:1084f20fd28b8aa64370474316c88882a77176bd077c889180068c8e33ee82dd,NG-PLC-000185,PLACE,Meadowcrest,simulation,BLOCKED,NAME_NOT_PUBLIC|NO_NNGLA_PUBLICATION_RECORD,,,1
readcandidate:nngla:6c86fbf28493b9f722b40b9f8aa9c75b6e636bcbba9a0d4a7524a7491e1d99fa,NG-PLC-000186,PLACE,Kenwick Park,simulation,BLOCKED,NAME_NOT_PUBLIC|NO_NNGLA_PUBLICATION_RECORD,,,1
readcandidate:nngla:ccb395e952515a70f134b9be492a79ba217e0cd65be3f2ee6693c488f9ca295d,NG-PLC-000187,PLACE,Solara Fields,simulation,BLOCKED,NAME_NOT_PUBLIC|NO_NNGLA_PUBLICATION_RECORD,,,1
readcandidate:nngla:121dc6486ea24a2a75dcb93cd33fa6c3345838a08720366640afd9fd4eca3148,NG-PLC-000188,PLACE,Vondel Grove,simulation,BLOCKED,NAME_NOT_PUBLIC|NO_NNGLA_PUBLICATION_RECORD,,,1
readcandidate:nngla:f3e407d76d64d2a36e4157f5c400fad250e381df6fa1c2c0fd1e24f89ddf31a0,NG-PLC-000189,PLACE,Fairmead,simulation,BLOCKED,NAME_NOT_PUBLIC|NO_NNGLA_PUBLICATION_RECORD,,,1
readcandidate:nngla:f403e3b06f05075fe44da5cd737a3ebd9c55224b8e95a2806292250200971b2e,NG-PLC-000190,PLACE,New Verona,simulation,BLOCKED,NAME_NOT_PUBLIC|NO_NNGLA_PUBLICATION_RECORD,,,1
readcandidate:nngla:00c362a8d3eeaae05889d65699a538dab5e844700f80609a333eaf2ad5b04f3c,NG-PLC-000191,PLACE,Kaelstone,simulation,BLOCKED,NAME_NOT_PUBLIC|NO_NNGLA_PUBLICATION_RECORD,,,1
readcandidate:nngla:af51dd0a99ae76dff7e44e1b7384c636c98bada5b1b059a57378138b0a44e817,NG-PLC-000192,PLACE,Greenhaven,simulation,BLOCKED,NAME_NOT_PUBLIC|NO_NNGLA_PUBLICATION_RECORD,,,1
readcandidate:nngla:9d6745ac3b3b1df99600575e9b31732327eb6914bfaa8a5589440f5c572bc794,NG-PLC-000193,PLACE,Ashford Lane,simulation,BLOCKED,NAME_NOT_PUBLIC|NO_NNGLA_PUBLICATION_RECORD,,,1
readcandidate:nngla:c31e0c799b9ffc784636b08a33631872f6d8248d97f1227daa1b987e5a1b53ce,NG-PLC-000194,PLACE,Juniper Rise,simulation,BLOCKED,NAME_NOT_PUBLIC|NO_NNGLA_PUBLICATION_RECORD,,,1
readcandidate:nngla:6825aeb74e0bf288c3da58ad221e6b2649a98f17b24cc971d8114551097d84bb,NG-PLC-000195,PLACE,Eastmere,simulation,BLOCKED,NAME_NOT_PUBLIC|NO_NNGLA_PUBLICATION_RECORD,,,1
readcandidate:nngla:39255c9db23b81eb777a4fdf4269dc9243c8cbdd71f29eaaa4a2a3bdccc499fc,NG-PLC-000196,PLACE,Orchard Gate,simulation,BLOCKED,NAME_NOT_PUBLIC|NO_NNGLA_PUBLICATION_RECORD,,,1
readcandidate:nngla:8123e90710d7e7c59fffbc3923a2a0ad07fe5f5e483938cb547a39a2d29dd67e,NG-PLC-000197,PLACE,Vondel,simulation,BLOCKED,NAME_NOT_PUBLIC|NO_NNGLA_PUBLICATION_RECORD,,,1
readcandidate:nngla:67a871d8e0746afcdfcf6c45bb06225302e99d290b0fb6aa025ce17d2d5f4f86,NG-PLC-000198,PLACE,Meadowrun,simulation,BLOCKED,NAME_NOT_PUBLIC|NO_NNGLA_PUBLICATION_RECORD,,,1
readcandidate:nngla:c57ef595de2ee4811b6a4989f3a193a7d239966b344ac5169b5ed4a4de46ed61,NG-PLC-000199,PLACE,Grainford,simulation,BLOCKED,NAME_NOT_PUBLIC|NO_NNGLA_PUBLICATION_RECORD,,,1
readcandidate:nngla:3ab096bd9281c14c0b472744a4266fe5ab445b56992d721392873b542ea48a5f,NG-PLC-000200,PLACE,Solhaven,simulation,BLOCKED,NAME_NOT_PUBLIC|NO_NNGLA_PUBLICATION_RECORD,,,1
readcandidate:nngla:7c9039d623ba9e141bee32bc86587b43059453dd261eaf3756f10f8580174885,NG-PLC-000201,PLACE,Amberfield,simulation,BLOCKED,NAME_NOT_PUBLIC|NO_NNGLA_PUBLICATION_RECORD,,,1
readcandidate:nngla:d14552859be48e275a301a6fd5d6ba1cc876e8e8b301aea4b20255906ccc5361,NG-PLC-000202,PLACE,Kestrel,simulation,BLOCKED,NAME_NOT_PUBLIC|NO_NNGLA_PUBLICATION_RECORD,,,1
readcandidate:nngla:cf735705fca85c70d654ea0f44f416f214f7df2570066fe5ac013b01e1c85528,NG-PLC-000203,PLACE,Windcross,simulation,BLOCKED,NAME_NOT_PUBLIC|NO_NNGLA_PUBLICATION_RECORD,,,1
readcandidate:nngla:094081ed093103508625679edf796d3de18c2870dd16db91c470220c85fc01c2,NG-PLC-000204,PLACE,Talewood,simulation,BLOCKED,NAME_NOT_PUBLIC|NO_NNGLA_PUBLICATION_RECORD,,,1
readcandidate:nngla:18e99d584eb80693ef0f54bbdec500969157ea50a5a52b0a0f1b04d87c8b7ee8,NG-PLC-000205,PLACE,Broadacre,simulation,BLOCKED,NAME_NOT_PUBLIC|NO_NNGLA_PUBLICATION_RECORD,,,1
readcandidate:nngla:dbb2a5e8687e2d6eef36f7f5e1acb7e8ce200b96b3e816b958159b9b4f565a79,NG-PLC-000206,PLACE,Eastbarrow,simulation,BLOCKED,NAME_NOT_PUBLIC|NO_NNGLA_PUBLICATION_RECORD,,,1
readcandidate:nngla:ef188d32fed7a86c8da9b3fd808965755a344d849fdd75470cc04eaafbb3151c,NG-PLC-000207,PLACE,Solvek,simulation,BLOCKED,NAME_NOT_PUBLIC|NO_NNGLA_PUBLICATION_RECORD,,,1
readcandidate:nngla:2721659232b5ff4c24276cf14c7e10e870e6db8eeb47c7467f476053daa4a120,NG-PLC-000208,PLACE,Ashkar,simulation,BLOCKED,NAME_NOT_PUBLIC|NO_NNGLA_PUBLICATION_RECORD,,,1
readcandidate:nngla:40fd674949944ca1661e55603ea803c99fd77a410453a059939fcf83979fa125,NG-PLC-000209,PLACE,Harrowfield,simulation,BLOCKED,NAME_NOT_PUBLIC|NO_NNGLA_PUBLICATION_RECORD,,,1
readcandidate:nngla:2a536eec5e27c28378d02bf89ddc8c3041425f40be743a7a634209fb8a04d942,NG-PLC-000210,PLACE,Cidergate,simulation,BLOCKED,NAME_NOT_PUBLIC|NO_NNGLA_PUBLICATION_RECORD,,,1
readcandidate:nngla:b7ba59545b8512505570e618e145c8b8d5a2466759d667be17054a42bee4c8df,NG-PLC-000211,PLACE,Westervale,simulation,BLOCKED,NAME_NOT_PUBLIC|NO_NNGLA_PUBLICATION_RECORD,,,1
readcandidate:nngla:66f7c7b8242a60685806c16559ed2758f8118ec4131f6519803b2ee34e4336bf,NG-PLC-000212,PLACE,Vondel Junction,simulation,BLOCKED,NAME_NOT_PUBLIC|NO_NNGLA_PUBLICATION_RECORD,,,1
readcandidate:nngla:6ce6357f8469d9436fae1701e915f57cbfa497694cecf280c355b70424d8aac1,NG-PLC-000213,PLACE,Meadow Junction,simulation,BLOCKED,NAME_NOT_PUBLIC|NO_NNGLA_PUBLICATION_RECORD,,,1
readcandidate:nngla:f48371f5acb9866189151b2b4fcbd60a71c143444e88838bf43a00f5f31b4afa,NG-PLC-000214,PLACE,Grainview,simulation,BLOCKED,NAME_NOT_PUBLIC|NO_NNGLA_PUBLICATION_RECORD,,,1
readcandidate:nngla:9d745986b4ef0e31638e61c9190a69002f2d33b480e5e5915a484970bc14ceb2,NG-PLC-000215,PLACE,Kestrel East,simulation,BLOCKED,NAME_NOT_PUBLIC|NO_NNGLA_PUBLICATION_RECORD,,,1
readcandidate:nngla:6c47fe7d80dcfb9d1c4dfdb73400ddb42fea55b7eacda12be41207a9718796aa,NG-PLC-000216,PLACE,Windmill Row,simulation,BLOCKED,NAME_NOT_PUBLIC|NO_NNGLA_PUBLICATION_RECORD,,,1
readcandidate:nngla:05ef39037866bf3736336e48fc5ba950ceb55fbe51c15e0bebf8161d5e98a6c7,NG-PLC-000217,PLACE,Broadacre South,simulation,BLOCKED,NAME_NOT_PUBLIC|NO_NNGLA_PUBLICATION_RECORD,,,1
readcandidate:nngla:841ef8c124b1030072f9e672256d2e25bb832cc6778bdc9ee6e84b56ff4debe6,NG-PLC-000218,PLACE,Solmere Gate,simulation,BLOCKED,NAME_NOT_PUBLIC|NO_NNGLA_PUBLICATION_RECORD,,,1
readcandidate:nngla:d6f87cb186e7e58279e88541c6aadaffd8d3847bb1e00075d292e9e0746eb98a,NG-PLC-000219,PLACE,Ashkar Cross,simulation,BLOCKED,NAME_NOT_PUBLIC|NO_NNGLA_PUBLICATION_RECORD,,,1
readcandidate:nngla:2de82f145eaa78f0546dffdd779034a88380ea853411fd9c0cddb5428972d95e,NG-PLC-000220,PLACE,Cider Station,simulation,BLOCKED,NAME_NOT_PUBLIC|NO_NNGLA_PUBLICATION_RECORD,,,1
readcandidate:nngla:c9ff7a85c23e4475052cfff3dd896968f69933def0b3593e9fd8d1c2b67b5c21,NG-PLC-000221,PLACE,Lower Vondel,simulation,BLOCKED,NAME_NOT_PUBLIC|NO_NNGLA_PUBLICATION_RECORD,,,1
readcandidate:nngla:eaa82f9d00453809c282b17a2e455d9b0e296bd0c4443de4a991f43cfcd44b75,NG-PLC-000222,PLACE,Vondel Fields,simulation,BLOCKED,NAME_NOT_PUBLIC|NO_NNGLA_PUBLICATION_RECORD,,,1
readcandidate:nngla:8263ab76884dfb5190befa963e0e550b2be4ae7602765014b1159d54d96c1bba,NG-PLC-000223,PLACE,Upper Meadowrun,simulation,BLOCKED,NAME_NOT_PUBLIC|NO_NNGLA_PUBLICATION_RECORD,,,1
readcandidate:nngla:ff9161eec033034542ed3fc06d1709fd30a0654a1336f5a75a523aea21cda0c3,NG-PLC-000224,PLACE,Meadowrun Grove,simulation,BLOCKED,NAME_NOT_PUBLIC|NO_NNGLA_PUBLICATION_RECORD,,,1
readcandidate:nngla:5a71b25c6eee77845b45e1e717456ed7f33ba99ce2b177fac74cbc3fc2b70fbc,NG-PLC-000225,PLACE,East Grainford,simulation,BLOCKED,NAME_NOT_PUBLIC|NO_NNGLA_PUBLICATION_RECORD,,,1
readcandidate:nngla:26d92edfc06a91806964cd9b1bc922fd04339db252f6fbcc09aa21693fe0b801,NG-PLC-000226,PLACE,Grainford Farm,simulation,BLOCKED,NAME_NOT_PUBLIC|NO_NNGLA_PUBLICATION_RECORD,,,1
readcandidate:nngla:59f7547e439a98436b798fa00c389a013c177c81cab5afb5eb4b9e58b75c76e5,NG-PLC-000227,PLACE,Old Solhaven,simulation,BLOCKED,NAME_NOT_PUBLIC|NO_NNGLA_PUBLICATION_RECORD,,,1
readcandidate:nngla:bbe7118e7c28d6ca3e340750dad1753191ead3a785a2d6fa863347374756920d,NG-PLC-000228,PLACE,Solhaven Cross,simulation,BLOCKED,NAME_NOT_PUBLIC|NO_NNGLA_PUBLICATION_RECORD,,,1
readcandidate:nngla:5fcfb85d07b88f2bb6ca6e14d840b16cfd7405cfcd66705807f076bef428f5ac,NG-PLC-000229,PLACE,South Amberfield,simulation,BLOCKED,NAME_NOT_PUBLIC|NO_NNGLA_PUBLICATION_RECORD,,,1
readcandidate:nngla:ebc7e81f21728e674bc0d5de72aeff20a44f41a565cb265fae9d88fc1beb0b16,NG-PLC-000230,PLACE,Amberfield Plain,simulation,BLOCKED,NAME_NOT_PUBLIC|NO_NNGLA_PUBLICATION_RECORD,,,1
readcandidate:nngla:31d7bc037bef07725eab847df20dd71688c46904249307b5934ad3ad47028983,NG-PLC-000231,PLACE,Kestrel Orchard,simulation,BLOCKED,NAME_NOT_PUBLIC|NO_NNGLA_PUBLICATION_RECORD,,,1
readcandidate:nngla:86d7a9d8d28b97e2e0320de3964b4d1740dbcea5d5e8c52e5022d06df1e53e7f,NG-PLC-000232,PLACE,Kestrel Mill,simulation,BLOCKED,NAME_NOT_PUBLIC|NO_NNGLA_PUBLICATION_RECORD,,,1
readcandidate:nngla:4ef028c96042c91be2e21d2fb7a2806de21ececc387c5712ef79eef49fbe4cf5,NG-PLC-000233,PLACE,North Windcross,simulation,BLOCKED,NAME_NOT_PUBLIC|NO_NNGLA_PUBLICATION_RECORD,,,1
readcandidate:nngla:f4519b427d5a19d877904203fbb79f5a0e4102ae8dd25d282f4142d43960453f,NG-PLC-000234,PLACE,Windcross Acres,simulation,BLOCKED,NAME_NOT_PUBLIC|NO_NNGLA_PUBLICATION_RECORD,,,1
readcandidate:nngla:048c757a5f9ba526177701a919494fb65c037cff37a9de2e0da7099da5b41023,NG-PLC-000235,PLACE,Talewood Meadow,simulation,BLOCKED,NAME_NOT_PUBLIC|NO_NNGLA_PUBLICATION_RECORD,,,1
readcandidate:nngla:fc90cb364c4c208d2e559a89556f4883479ec28373e2a9265bcfa79a163b562b,NG-PLC-000236,PLACE,Talewood Gate,simulation,BLOCKED,NAME_NOT_PUBLIC|NO_NNGLA_PUBLICATION_RECORD,,,1
readcandidate:nngla:a18e384897f841a25d4e886f735c26b7cc0127fc2ddcc1f3912f5e17dae10dae,NG-PLC-000237,PLACE,West Broadacre,simulation,BLOCKED,NAME_NOT_PUBLIC|NO_NNGLA_PUBLICATION_RECORD,,,1
readcandidate:nngla:2d21455610b4d8735fb96077e5b9d75a9df2183a557551b286678fa7f1d84022,NG-PLC-000238,PLACE,Broadacre Granary,simulation,BLOCKED,NAME_NOT_PUBLIC|NO_NNGLA_PUBLICATION_RECORD,,,1
readcandidate:nngla:567168ca9c4379204336382614ae7e738c194e0bc583810c2476e04b28ac76c2,NG-PLC-000239,PLACE,Eastbarrow Ridge,simulation,BLOCKED,NAME_NOT_PUBLIC|NO_NNGLA_PUBLICATION_RECORD,,,1
readcandidate:nngla:2be4fbe0aeaf4940c3bfcf3aca8b0a0f64221b82aa0580c5dda2ab6699b97a07,NG-PLC-000240,PLACE,Eastbarrow Silo,simulation,BLOCKED,NAME_NOT_PUBLIC|NO_NNGLA_PUBLICATION_RECORD,,,1
readcandidate:nngla:5f62af1d334ef2425b561537328be7dd4c627d0127de4d3a05bb9d6faf50c575,NG-PLC-000241,PLACE,Lower Solvek,simulation,BLOCKED,NAME_NOT_PUBLIC|NO_NNGLA_PUBLICATION_RECORD,,,1
readcandidate:nngla:0a233f4eb1900d759c730bd1e5b2b6d69c516be90dc5a186aebddf34d024ba03,NG-PLC-000242,PLACE,Solvek Brook,simulation,BLOCKED,NAME_NOT_PUBLIC|NO_NNGLA_PUBLICATION_RECORD,,,1
readcandidate:nngla:559fadbc9a38e7947fe3caf15f9795da574216f772ea286e002a2268624b09e2,NG-PLC-000243,PLACE,Ashkar Vineyard,simulation,BLOCKED,NAME_NOT_PUBLIC|NO_NNGLA_PUBLICATION_RECORD,,,1
readcandidate:nngla:e9ee65e2a0b128bbe93ad3891469415a05ec568565734d8c9f1bb21cc34d8a28,NG-PLC-000244,PLACE,Ashkar Lane,simulation,BLOCKED,NAME_NOT_PUBLIC|NO_NNGLA_PUBLICATION_RECORD,,,1
readcandidate:nngla:83365eff6f96a844d35e9ae3f4481d09d8629b6aacce04c89e7cf211bc2416b4,NG-PLC-000245,PLACE,Upper Harrowfield,simulation,BLOCKED,NAME_NOT_PUBLIC|NO_NNGLA_PUBLICATION_RECORD,,,1
readcandidate:nngla:4f29e6206ca0c2c6e33f35119916eeb578220be3819f656d6e6004c03afa37c3,NG-PLC-000246,PLACE,Harrowfield Homestead,simulation,BLOCKED,NAME_NOT_PUBLIC|NO_NNGLA_PUBLICATION_RECORD,,,1
readcandidate:nngla:abc9935ae023ffc29bedab237992030a8c0adb933560f5a7d549ba0635eb8ac7,NG-PLC-000247,PLACE,Cidergate Cider Field,simulation,BLOCKED,NAME_NOT_PUBLIC|NO_NNGLA_PUBLICATION_RECORD,,,1
readcandidate:nngla:d4df4e6ff08b7d0b541c3b17468ad90fe9c876b9bdf1df1b57f30fc1485b47f7,NG-PLC-000248,PLACE,Cidergate Hill,simulation,BLOCKED,NAME_NOT_PUBLIC|NO_NNGLA_PUBLICATION_RECORD,,,1
readcandidate:nngla:41dd5be4b24d0b250df9c3af5125fddaeac2acfac9193413e01a374685fbf854,NG-PLC-000249,PLACE,Westervale Vale,simulation,BLOCKED,NAME_NOT_PUBLIC|NO_NNGLA_PUBLICATION_RECORD,,,1
readcandidate:nngla:3b5d6eeef73dc502c97c1d8b534637994220d17a161368ff68b96f4f59f3fc4b,NG-PLC-000250,PLACE,Westervale Station,simulation,BLOCKED,NAME_NOT_PUBLIC|NO_NNGLA_PUBLICATION_RECORD,,,1
readcandidate:nngla:96e6a38dcb1fd47af59670695fba8bc9eca1473a99130dd5c3f3107226e5816f,NG-PLC-000251,PLACE,Harvest Cross,simulation,BLOCKED,NAME_NOT_PUBLIC|NO_NNGLA_PUBLICATION_RECORD,,,1
readcandidate:nngla:164be8b4c834be9cd879e0c10e80df58f6b6bde155101e577295c805f802ca8b,NG-PLC-000252,PLACE,Millers' Gate,simulation,BLOCKED,NAME_NOT_PUBLIC|NO_NNGLA_PUBLICATION_RECORD,,,1
readcandidate:nngla:be9c1cea453c435c3e34b1667431545553b3768f5cd0c92283a00ab5cc01e9c7,NG-PLC-000253,PLACE,Kestrel Market,simulation,BLOCKED,NAME_NOT_PUBLIC|NO_NNGLA_PUBLICATION_RECORD,,,1
readcandidate:nngla:1cddb9e867644356dfd89902f59e2358d06e93aca1963479ccb0b965f1c2b4eb,NG-PLC-000254,PLACE,Orchard Exchange,simulation,BLOCKED,NAME_NOT_PUBLIC|NO_NNGLA_PUBLICATION_RECORD,,,1
readcandidate:nngla:fddf7be35d56e2f246a44141de717f6316907b969185db40f48b44e8553199e4,NG-PLC-000255,PLACE,Old Silo,simulation,BLOCKED,NAME_NOT_PUBLIC|NO_NNGLA_PUBLICATION_RECORD,,,1
readcandidate:nngla:225ec3b70707bf79c468ca2e9fee04d87628631943cff1ca4693cd720145471d,NG-PLC-000256,PLACE,Vondara AgroTech Park,simulation,BLOCKED,NAME_NOT_PUBLIC|NO_NNGLA_PUBLICATION_RECORD,,,1
readcandidate:nngla:5c61afd3b5043d50de0894442cbae487da1835dc1c217fa27d6ea4d1ceeaa579,NG-PLC-000257,PLACE,Kestrel Freight Estate,simulation,BLOCKED,NAME_NOT_PUBLIC|NO_NNGLA_PUBLICATION_RECORD,,,1
readcandidate:nngla:d3f865c41a831af20938fb8c057c736ce8981574977dc9b78ccdbce9c7a2e47a,NG-PLC-000258,PLACE,Silvermere,simulation,BLOCKED,NAME_NOT_PUBLIC|NO_NNGLA_PUBLICATION_RECORD,,,1
readcandidate:nngla:b84f99c576ddfa3ca16561423a83943015256ffacdb4a07b5d0341f2aeeae930,NG-PLC-000259,PLACE,Nyandor,simulation,BLOCKED,NAME_NOT_PUBLIC|NO_NNGLA_PUBLICATION_RECORD,,,1
readcandidate:nngla:b49a42cd50f186a88998fd7ba2cdb0e272e1b154544151ffb922e4048c8ed45e,NG-PLC-000260,PLACE,Reedhaven,simulation,BLOCKED,NAME_NOT_PUBLIC|NO_NNGLA_PUBLICATION_RECORD,,,1
readcandidate:nngla:8e90560a0938a8408259e5096cb341fcaeeedf9cb22680fb6fd93ba37412ce0d,NG-PLC-000261,PLACE,Lakemarch,simulation,BLOCKED,NAME_NOT_PUBLIC|NO_NNGLA_PUBLICATION_RECORD,,,1
readcandidate:nngla:250093a9da8cd2baa643e75e6dde8cf063688afeb35bc2a59ef4adb7da6d5841,NG-PLC-000262,PLACE,Silvermere Central,simulation,BLOCKED,NAME_NOT_PUBLIC|NO_NNGLA_PUBLICATION_RECORD,,,1
readcandidate:nngla:7f8cd5d83ffd6a4357019aff7fd1ef5c87351746bf0b67bf3ab952ac29741043,NG-PLC-000263,PLACE,Lakefront Exchange,simulation,BLOCKED,NAME_NOT_PUBLIC|NO_NNGLA_PUBLICATION_RECORD,,,1
readcandidate:nngla:31393539770e06c0b92d0d27a47e322a087cb140f5034f2ae6c38fe04139ef03,NG-PLC-000264,PLACE,Reedbank Ward,simulation,BLOCKED,NAME_NOT_PUBLIC|NO_NNGLA_PUBLICATION_RECORD,,,1
readcandidate:nngla:614bca8dfd3cb4c1aee429fb6164edea2fecf3c31246ed936e42c3ecaeb6078f,NG-PLC-000265,PLACE,Canal Quarter,simulation,BLOCKED,NAME_NOT_PUBLIC|NO_NNGLA_PUBLICATION_RECORD,,,1
readcandidate:nngla:c2d55dca7e868c56d71605da7b3a05e10074dd85265a088ff95e412ca7aab2f7,NG-PLC-000266,PLACE,Old Ferry,simulation,BLOCKED,NAME_NOT_PUBLIC|NO_NNGLA_PUBLICATION_RECORD,,,1
readcandidate:nngla:55471a9fa7ea63801cca68e05e37c1eb9fb634f0abf308edfcbc09d4a4056ea9,NG-PLC-000267,PLACE,Civic Isles,simulation,BLOCKED,NAME_NOT_PUBLIC|NO_NNGLA_PUBLICATION_RECORD,,,1
readcandidate:nngla:6849dbe1d6a695e0126fb24e2ebef489c038bd34eb6c16177d2d44283fdbaa4c,NG-PLC-000268,PLACE,Museum Reach,simulation,BLOCKED,NAME_NOT_PUBLIC|NO_NNGLA_PUBLICATION_RECORD,,,1
readcandidate:nngla:01cdde4d2dd849a4034f3ba53cdf36bbf3525a4e8bb2a867c6560a37e45ac93b,NG-PLC-000269,PLACE,West Quays,simulation,BLOCKED,NAME_NOT_PUBLIC|NO_NNGLA_PUBLICATION_RECORD,,,1
readcandidate:nngla:8d8f581f66e5e4ce2bdac1a4d3ee1f3e1b2a854d45a75e935a1b02ed5c0a5487,NG-PLC-000270,PLACE,Bluewater,simulation,BLOCKED,NAME_NOT_PUBLIC|NO_NNGLA_PUBLICATION_RECORD,,,1
readcandidate:nngla:563c87e7f45d2385571c4c3e8a66b7ceb11998a6c4aaced1fc4ab75c65800599,NG-PLC-000271,PLACE,Nyarin Gardens,simulation,BLOCKED,NAME_NOT_PUBLIC|NO_NNGLA_PUBLICATION_RECORD,,,1
readcandidate:nngla:2d363cdb8da66cb45ef654e01e36a85cb7ef27760c28668451d5d2e203e9e02d,NG-PLC-000272,PLACE,Heron Park,simulation,BLOCKED,NAME_NOT_PUBLIC|NO_NNGLA_PUBLICATION_RECORD,,,1
readcandidate:nngla:4462dcdaad6b52c171e1376e37e8fa843fc2d6befaa92213cf065dfdace7d221,NG-PLC-000273,PLACE,Willowmere,simulation,BLOCKED,NAME_NOT_PUBLIC|NO_NNGLA_PUBLICATION_RECORD,,,1
readcandidate:nngla:27553457a5c31718a4e8d09845eafedc789130853a206ed2e6fdc5c70c2e9cf2,NG-PLC-000274,PLACE,Canalview,simulation,BLOCKED,NAME_NOT_PUBLIC|NO_NNGLA_PUBLICATION_RECORD,,,1
readcandidate:nngla:de71da9af78504306d558f50a9431ab2597e69c18a3c3be619dd03c2e859dfd6,NG-PLC-000275,PLACE,Lakeside North,simulation,BLOCKED,NAME_NOT_PUBLIC|NO_NNGLA_PUBLICATION_RECORD,,,1
readcandidate:nngla:dbbb2d82758db1f86bf29acebf85b03c4abcb315ad0f91ad8b004e92e7e49134,NG-PLC-000276,PLACE,Pearlbank,simulation,BLOCKED,NAME_NOT_PUBLIC|NO_NNGLA_PUBLICATION_RECORD,,,1
readcandidate:nngla:eb475b2953b6894bc7a9b1a19d809d6df8c5af33fd48305e6026ba4e66ccfd90,NG-PLC-000277,PLACE,Mistral Court,simulation,BLOCKED,NAME_NOT_PUBLIC|NO_NNGLA_PUBLICATION_RECORD,,,1
readcandidate:nngla:a97ebd7976b3ace47502f2ee458cb79ab163d2fe77a892e06ecef3b9be1090e2,NG-PLC-000278,PLACE,Fenwick,simulation,BLOCKED,NAME_NOT_PUBLIC|NO_NNGLA_PUBLICATION_RECORD,,,1
readcandidate:nngla:afc0d7e636cc6f5ecfd4bea542f68f65375751bf02d23648279d6f5e5eb13097,NG-PLC-000279,PLACE,Riverglass,simulation,BLOCKED,NAME_NOT_PUBLIC|NO_NNGLA_PUBLICATION_RECORD,,,1
readcandidate:nngla:9da28b5143ccfe2af2a8df7a1d4ccd5f254aa3db2e56ce82e7ee726fb59bc082,NG-PLC-000280,PLACE,New Delft,simulation,BLOCKED,NAME_NOT_PUBLIC|NO_NNGLA_PUBLICATION_RECORD,,,1
readcandidate:nngla:b4888232372e2f71a4e72fe402eb65dbca3eaa5de696a9365b2210c5df8cd650,NG-PLC-000281,PLACE,Sedgefield,simulation,BLOCKED,NAME_NOT_PUBLIC|NO_NNGLA_PUBLICATION_RECORD,,,1
readcandidate:nngla:69a2010e8b6e821886afbc287fb97a6c3635d407656ad22954ea627385e03964,NG-PLC-000282,PLACE,Nyarin,simulation,BLOCKED,NAME_NOT_PUBLIC|NO_NNGLA_PUBLICATION_RECORD,,,1
readcandidate:nngla:5d5b72301690df8d1d940db1aecea1674f171bb4ccbd14ce7e4d0845c213f488,NG-PLC-000283,PLACE,Nyondar,simulation,BLOCKED,NAME_NOT_PUBLIC|NO_NNGLA_PUBLICATION_RECORD,,,1
readcandidate:nngla:91be50e3c909f21c380fc2594581e7f9f97690e082a942554284e5ab94358e8b,NG-PLC-000284,PLACE,Nyavora,simulation,BLOCKED,NAME_NOT_PUBLIC|NO_NNGLA_PUBLICATION_RECORD,,,1
readcandidate:nngla:ae0a8a8a3d93ef73eccb945cb173c8500ad23820563bcfb5430ebc7ae7385927,NG-PLC-000285,PLACE,Osprey Bend,simulation,BLOCKED,NAME_NOT_PUBLIC|NO_NNGLA_PUBLICATION_RECORD,,,1
readcandidate:nngla:5a43ba9b599ba668b64d189dc2764f6639ea08a37d33de5006ad3f550ab2e6e1,NG-PLC-000286,PLACE,Pelican Reach,simulation,BLOCKED,NAME_NOT_PUBLIC|NO_NNGLA_PUBLICATION_RECORD,,,1
readcandidate:nngla:11eaf7ac8ef5d7359bd5f9f9557e1167db5494d5291acabae183bef041f44931,NG-PLC-000287,PLACE,Fenmere,simulation,BLOCKED,NAME_NOT_PUBLIC|NO_NNGLA_PUBLICATION_RECORD,,,1
readcandidate:nngla:65286affff500221ec3fdafa45b0e21632b8e7f386f3fa232676ad265eb5eb47,NG-PLC-000288,PLACE,Lotus Ford,simulation,BLOCKED,NAME_NOT_PUBLIC|NO_NNGLA_PUBLICATION_RECORD,,,1
readcandidate:nngla:ef09df86a51377bfdab9171a3ec94437dbd7a866576844c65f56e0ccb1c2ee2b,NG-PLC-000289,PLACE,Rivermist,simulation,BLOCKED,NAME_NOT_PUBLIC|NO_NNGLA_PUBLICATION_RECORD,,,1
readcandidate:nngla:9c2912e19a0b2f10a1a8144d175f587e426a3f331fe30059a4f5a83bc9816790,NG-PLC-000290,PLACE,Heronfall,simulation,BLOCKED,NAME_NOT_PUBLIC|NO_NNGLA_PUBLICATION_RECORD,,,1
readcandidate:nngla:45d6d4e989374902c04031c5ba394701665370ea598838edd3aa2537e85be79e,NG-PLC-000291,PLACE,Delftwater,simulation,BLOCKED,NAME_NOT_PUBLIC|NO_NNGLA_PUBLICATION_RECORD,,,1
readcandidate:nngla:26c76a7f4e26096bd32cc488c8a7df58b3ca2045f80fcadedaa7ddae51498b62,NG-PLC-000292,PLACE,Bluehaven,simulation,BLOCKED,NAME_NOT_PUBLIC|NO_NNGLA_PUBLICATION_RECORD,,,1
readcandidate:nngla:40386d5f46b6f09167fee9bc9a87f05ff65a11b7ef9a893bed799a44ef98750b,NG-PLC-000293,PLACE,Lowwater,simulation,BLOCKED,NAME_NOT_PUBLIC|NO_NNGLA_PUBLICATION_RECORD,,,1
readcandidate:nngla:fa7bd97173f7c6c1384ce2c25f0168f7e1e08db4efe699e2df1a9c87d46cc9c9,NG-PLC-000294,PLACE,Canalford,simulation,BLOCKED,NAME_NOT_PUBLIC|NO_NNGLA_PUBLICATION_RECORD,,,1
readcandidate:nngla:7cf0eea1dc2048a81f955612376e53e6667944a42ca86edb4356c83d4ae4438a,NG-PLC-000295,PLACE,Brinewell,simulation,BLOCKED,NAME_NOT_PUBLIC|NO_NNGLA_PUBLICATION_RECORD,,,1
readcandidate:nngla:37ecf7054f22c63d3baa7d3c516d90a27866911ecb7ab237d52ac6c1f8e69e42,NG-PLC-000296,PLACE,Willow Quay,simulation,BLOCKED,NAME_NOT_PUBLIC|NO_NNGLA_PUBLICATION_RECORD,,,1
readcandidate:nngla:279cdcfcab21c0b05d670405f1126341b059c9181056f48e1a52d294b219fe33,NG-PLC-000297,PLACE,Nyandor Landing,simulation,BLOCKED,NAME_NOT_PUBLIC|NO_NNGLA_PUBLICATION_RECORD,,,1
readcandidate:nngla:7e0aeeff9391c18be5d5f16edaa4906c0273e44a45e9e3947c03375b61588c4d,NG-PLC-000298,PLACE,Reedline,simulation,BLOCKED,NAME_NOT_PUBLIC|NO_NNGLA_PUBLICATION_RECORD,,,1
readcandidate:nngla:d76fff468547d026c18e66d4fbcd0ca352a2a7f70deae47164b1b150c7350405,NG-PLC-000299,PLACE,Nyan Cross,simulation,BLOCKED,NAME_NOT_PUBLIC|NO_NNGLA_PUBLICATION_RECORD,,,1
readcandidate:nngla:6fb57a142400ec69e2586b2567f0ed6b3449224d4d98f86f40451107a112c1eb,NG-PLC-000300,PLACE,South Reedhaven,simulation,BLOCKED,NAME_NOT_PUBLIC|NO_NNGLA_PUBLICATION_RECORD,,,1
readcandidate:nngla:5255bfa26865616cb508635d3d5857393842eddff1af1be21105b6411ae85da5,NG-PLC-000301,PLACE,Lotus Junction,simulation,BLOCKED,NAME_NOT_PUBLIC|NO_NNGLA_PUBLICATION_RECORD,,,1
readcandidate:nngla:8523e33c6b5ad86246f7a39cff15a6a5f3715f64218b6e5cd7fa7aa49c65cb9a,NG-PLC-000302,PLACE,Heron Steps,simulation,BLOCKED,NAME_NOT_PUBLIC|NO_NNGLA_PUBLICATION_RECORD,,,1
readcandidate:nngla:537ee25aeab15e63c333dca3a1aa322a34c159cff4c492d49487652a2725fc46,NG-PLC-000303,PLACE,Lakemarch East,simulation,BLOCKED,NAME_NOT_PUBLIC|NO_NNGLA_PUBLICATION_RECORD,,,1
readcandidate:nngla:376ec1623d14df8049f88fb60ae9f3559d74c1bc9c0bd346fcd7479ffbdfb2bd,NG-PLC-000304,PLACE,Lowwater Bend,simulation,BLOCKED,NAME_NOT_PUBLIC|NO_NNGLA_PUBLICATION_RECORD,,,1
readcandidate:nngla:91899d893864b64093f4187c294230bf94ed881501c2414300e9f7ba5c860fb5,NG-PLC-000305,PLACE,Canal End,simulation,BLOCKED,NAME_NOT_PUBLIC|NO_NNGLA_PUBLICATION_RECORD,,,1
readcandidate:nngla:ade8c912800e979d7855ccd6cf9b0d9f00659b56a7feccd243c17c033b3cdc18,NG-PLC-000306,PLACE,Upper Nyarin,simulation,BLOCKED,NAME_NOT_PUBLIC|NO_NNGLA_PUBLICATION_RECORD,,,1
readcandidate:nngla:fc954e5cf55cabf8b29df5da2d4dfb557c3c9ad78c18fcbae4ddb7c58f148c00,NG-PLC-000307,PLACE,Nyarin Landing,simulation,BLOCKED,NAME_NOT_PUBLIC|NO_NNGLA_PUBLICATION_RECORD,,,1
readcandidate:nngla:ecec4a7fa0ddcac62f3d090d1e6e728d33a1b2eebbc04ed3fba83894db1c073f,NG-PLC-000308,PLACE,Lower Nyondar,simulation,BLOCKED,NAME_NOT_PUBLIC|NO_NNGLA_PUBLICATION_RECORD,,,1
readcandidate:nngla:17700232568ee3a6d406cc9c74642a9594bf1a26117a7b789712f1d566d0332a,NG-PLC-000309,PLACE,Nyondar Reed,simulation,BLOCKED,NAME_NOT_PUBLIC|NO_NNGLA_PUBLICATION_RECORD,,,1
readcandidate:nngla:91fa5d96910f04344c222230c76a25bbb8307d0e3742639090c64d64d98489cd,NG-PLC-000310,PLACE,Old Nyavora,simulation,BLOCKED,NAME_NOT_PUBLIC|NO_NNGLA_PUBLICATION_RECORD,,,1
readcandidate:nngla:23665af4c08fbd98781d82e66fc3a25fe7284c08715c5077ed2a88baa119ed6a,NG-PLC-000311,PLACE,Nyavora Bank,simulation,BLOCKED,NAME_NOT_PUBLIC|NO_NNGLA_PUBLICATION_RECORD,,,1
readcandidate:nngla:018e9238bcf750009e946708fc769632c6a371a500c150f3865fe9e4d055138d,NG-PLC-000312,PLACE,East Osprey Bend,simulation,BLOCKED,NAME_NOT_PUBLIC|NO_NNGLA_PUBLICATION_RECORD,,,1
readcandidate:nngla:f443569b254594980eca6f6d382ac9fb8acd9db5b4e5166f97267cc298cb94bf,NG-PLC-000313,PLACE,Osprey Bend Ford,simulation,BLOCKED,NAME_NOT_PUBLIC|NO_NNGLA_PUBLICATION_RECORD,,,1
readcandidate:nngla:8c226f0c7427f65afef04251f4bfff81b0989ed8b0142db8ecae4612629ce795,NG-PLC-000314,PLACE,South Pelican Reach,simulation,BLOCKED,NAME_NOT_PUBLIC|NO_NNGLA_PUBLICATION_RECORD,,,1
readcandidate:nngla:72043ccb6568aa20d48ff067f9e2f31773175147edcbdce2ee9cca6c248c40f4,NG-PLC-000315,PLACE,Pelican Reach Marsh,simulation,BLOCKED,NAME_NOT_PUBLIC|NO_NNGLA_PUBLICATION_RECORD,,,1
readcandidate:nngla:7d7515ad997373f048d36c475e8ec6ed04842db813b18d5726e76848b088ac4c,NG-PLC-000316,PLACE,Fenmere Fen,simulation,BLOCKED,NAME_NOT_PUBLIC|NO_NNGLA_PUBLICATION_RECORD,,,1
readcandidate:nngla:9cb0a5171973b4d9e71638702f134cd46b6758ea87a1884dde9ac227b4bb171d,NG-PLC-000317,PLACE,Fenmere Pools,simulation,BLOCKED,NAME_NOT_PUBLIC|NO_NNGLA_PUBLICATION_RECORD,,,1
readcandidate:nngla:30d3b3b76684a0726460bad12976d4bb0df96c261571bff90cc5436175be8330,NG-PLC-000318,PLACE,North Lotus Ford,simulation,BLOCKED,NAME_NOT_PUBLIC|NO_NNGLA_PUBLICATION_RECORD,,,1
readcandidate:nngla:e3980090fb7bddad9cca74e046f2e8c74010eb1a314726883f18adf00b73b7ec,NG-PLC-000319,PLACE,Lotus Ford Channel,simulation,BLOCKED,NAME_NOT_PUBLIC|NO_NNGLA_PUBLICATION_RECORD,,,1
readcandidate:nngla:735049de606710b95ebe3aec7e24c1730d168767196d949cc24096205340c9c3,NG-PLC-000320,PLACE,Rivermist Water,simulation,BLOCKED,NAME_NOT_PUBLIC|NO_NNGLA_PUBLICATION_RECORD,,,1
readcandidate:nngla:ef5b058428541b3df5ff111e0ed91a9de1d38584280348f0fe97bb676b69cfd9,NG-PLC-000321,PLACE,Rivermist Bend,simulation,BLOCKED,NAME_NOT_PUBLIC|NO_NNGLA_PUBLICATION_RECORD,,,1
readcandidate:nngla:ecc9612dec2a2b54cc0e73aa066f03439c65036e9424b487f626ac6894802d00,NG-PLC-000322,PLACE,West Heronfall,simulation,BLOCKED,NAME_NOT_PUBLIC|NO_NNGLA_PUBLICATION_RECORD,,,1
readcandidate:nngla:7d97ca919666a9cb6b540b589c9c0797404b36766cb046eb24558255d4979b1e,NG-PLC-000323,PLACE,Heronfall Wetlands,simulation,BLOCKED,NAME_NOT_PUBLIC|NO_NNGLA_PUBLICATION_RECORD,,,1
readcandidate:nngla:49ff4dbaee3636497daf9ddffdbbb99194b8fdf3ba6db68809fa740a28b113a9,NG-PLC-000324,PLACE,Delftwater Bay,simulation,BLOCKED,NAME_NOT_PUBLIC|NO_NNGLA_PUBLICATION_RECORD,,,1
readcandidate:nngla:e73a1af420d845906aa06754c5e46a8b1ec47e4b8553c2df38d30faaed4294ba,NG-PLC-000325,PLACE,Delftwater Shoal,simulation,BLOCKED,NAME_NOT_PUBLIC|NO_NNGLA_PUBLICATION_RECORD,,,1
readcandidate:nngla:533642cf01c8ed5a16164d87610b1b2606f3067cc47b0052db41c27f5356b58f,NG-PLC-000326,PLACE,Upper Bluehaven,simulation,BLOCKED,NAME_NOT_PUBLIC|NO_NNGLA_PUBLICATION_RECORD,,,1
readcandidate:nngla:d0b3823ad53c81bdb062d673ad1ef2cdbe8d9d49925ade6d8f9faf6a9072f3dd,NG-PLC-000327,PLACE,Bluehaven Creek,simulation,BLOCKED,NAME_NOT_PUBLIC|NO_NNGLA_PUBLICATION_RECORD,,,1
readcandidate:nngla:c3b408745887890eba28589548ec2573163e3c1fac9250020a777dbc5a904887,NG-PLC-000328,PLACE,Lowwater Lagoon,simulation,BLOCKED,NAME_NOT_PUBLIC|NO_NNGLA_PUBLICATION_RECORD,,,1
readcandidate:nngla:7afbd9c4c1084dee33641577fa37979b8bb306ed976b09234444c2eb7ece45ff,NG-PLC-000329,PLACE,Lowwater Bank,simulation,BLOCKED,NAME_NOT_PUBLIC|NO_NNGLA_PUBLICATION_RECORD,,,1
readcandidate:nngla:5e7ceb4ca906b10be7d2e645131133196093bcf440d4656868849d123c3d0d9e,NG-PLC-000330,PLACE,Lower Canalford,simulation,BLOCKED,NAME_NOT_PUBLIC|NO_NNGLA_PUBLICATION_RECORD,,,1
readcandidate:nngla:fbfe342621cd6e176561812337c5c42f93c25eb0f3faae50c24f4b40b8769cef,NG-PLC-000331,PLACE,Canalford Ferry,simulation,BLOCKED,NAME_NOT_PUBLIC|NO_NNGLA_PUBLICATION_RECORD,,,1
readcandidate:nngla:6a6d01d39cfe9674ae98cfed86f37ea8de929e9687a49707093017a8779f1664,NG-PLC-000332,PLACE,Brinewell Springs,simulation,BLOCKED,NAME_NOT_PUBLIC|NO_NNGLA_PUBLICATION_RECORD,,,1
readcandidate:nngla:f175a42e393fa16ad42547cc9dfa03d2620a3c9becf62b7b87fa4a49877a688b,NG-PLC-000333,PLACE,Brinewell Quay,simulation,BLOCKED,NAME_NOT_PUBLIC|NO_NNGLA_PUBLICATION_RECORD,,,1
readcandidate:nngla:2654eaefdf5ba31b514a6e7717a28c94ad0a53aaf8c66c387d2c98567e5e9080,NG-PLC-000334,PLACE,Willow Quay Gardens,simulation,BLOCKED,NAME_NOT_PUBLIC|NO_NNGLA_PUBLICATION_RECORD,,,1
readcandidate:nngla:70d04a026e499fe42c83cbf86a7637122995124f2ca065a392b7d45094f5cea4,NG-PLC-000335,PLACE,Willow Quay Reach,simulation,BLOCKED,NAME_NOT_PUBLIC|NO_NNGLA_PUBLICATION_RECORD,,,1
readcandidate:nngla:f391d854a87a9da37ba4f6c8997712d25535bbc7a38e97bda7a77132ae28bf45,NG-PLC-000336,PLACE,Fisher's Bell,simulation,BLOCKED,NAME_NOT_PUBLIC|NO_NNGLA_PUBLICATION_RECORD,,,1
readcandidate:nngla:299d43bf188de23ad404d021564c0ae1746c70042f38404d1d0c889ab158167d,NG-PLC-000337,PLACE,Reed Market,simulation,BLOCKED,NAME_NOT_PUBLIC|NO_NNGLA_PUBLICATION_RECORD,,,1
readcandidate:nngla:63d0dd613e10b1de93888867fa136bbe4ae8f1ccd85bf4dec5bb48a941033b05,NG-PLC-000338,PLACE,Ferry Cross,simulation,BLOCKED,NAME_NOT_PUBLIC|NO_NNGLA_PUBLICATION_RECORD,,,1
readcandidate:nngla:dd461e9d4f7925bdc1ec40c15eff59ae442183991f4665790b72f642344aabd9,NG-PLC-000339,PLACE,Lotus Exchange,simulation,BLOCKED,NAME_NOT_PUBLIC|NO_NNGLA_PUBLICATION_RECORD,,,1
readcandidate:nngla:1b9147d57e684bc3527f6644990cc3b3a754e6e4470481c233286c0563604f84,NG-PLC-000340,PLACE,Basin Gate,simulation,BLOCKED,NAME_NOT_PUBLIC|NO_NNGLA_PUBLICATION_RECORD,,,1
readcandidate:nngla:222a4d90f648165e3648289b5b47d045ba7ed8214e2d1f96b9aec77221415194,NG-PLC-000341,PLACE,Lakeport Works,simulation,BLOCKED,NAME_NOT_PUBLIC|NO_NNGLA_PUBLICATION_RECORD,,,1
readcandidate:nngla:aa9ef648c9c9836d5ad7f625111c5ae2c8be86c497fb1ca91dfdefa687099069,NG-PLC-000342,PLACE,Reedbank Cold-Chain Park,simulation,BLOCKED,NAME_NOT_PUBLIC|NO_NNGLA_PUBLICATION_RECORD,,,1
readcandidate:nngla:b4e1567a88128dd207bfbac095a5ee01dda417a061046aba02d66037826ace4e,NG-PLC-000343,PLACE,Lotus Shore,simulation,BLOCKED,NAME_NOT_PUBLIC|NO_NNGLA_PUBLICATION_RECORD,,,1
readcandidate:nngla:81dbec9d7739e7259b0189cff0d4716703dea215c6b608b0ddea5a6d5b9066e6,NG-PLC-000344,PLACE,Mirror Lake,simulation,BLOCKED,NAME_NOT_PUBLIC|NO_NNGLA_PUBLICATION_RECORD,,,1
readcandidate:nngla:7f7c6129bb46daca9defab66a01b49dd6b96c091637d98106fe0f0b7f109299e,NG-PLC-000345,PLACE,Heron Isle,simulation,BLOCKED,NAME_NOT_PUBLIC|NO_NNGLA_PUBLICATION_RECORD,,,1
readcandidate:nngla:1d5e4f694370f1d3254ebf42b299660f2babf5c7e58b757f9d7a32bba2914724,NG-PLC-000346,PLACE,Tekharo,simulation,BLOCKED,NAME_NOT_PUBLIC|NO_NNGLA_PUBLICATION_RECORD,,,1
readcandidate:nngla:bd1cb67041c61177df75e8346f5e9cc2d0070798af65dfcc1897f9ed1e97d68f,NG-PLC-000347,PLACE,Canopy Reach,simulation,BLOCKED,NAME_NOT_PUBLIC|NO_NNGLA_PUBLICATION_RECORD,,,1
readcandidate:nngla:8c371ae50cf09b415d372311f67f8606a9fbea54aba5a663066423f5f641be67,NG-PLC-000348,PLACE,Ashara,simulation,BLOCKED,NAME_NOT_PUBLIC|NO_NNGLA_PUBLICATION_RECORD,,,1
readcandidate:nngla:3d2e7e35df8b333d905f1ccdc9801ccf677bf9245af2c9b918c2c67031fe04d6,NG-PLC-000349,PLACE,Mossbridge,simulation,BLOCKED,NAME_NOT_PUBLIC|NO_NNGLA_PUBLICATION_RECORD,,,1
readcandidate:nngla:dc7b2a1b1e5873a563a51b77ff3dafddd25d267ef263b8718dcd3a9d6ccc1b48,NG-PLC-000350,PLACE,Tekharo Central,simulation,BLOCKED,NAME_NOT_PUBLIC|NO_NNGLA_PUBLICATION_RECORD,,,1
readcandidate:nngla:4dcd39da12260498e29f03c80daf724c44c349e265eb33202c6cf1e8575c3491,NG-PLC-000351,PLACE,Canopy Exchange,simulation,BLOCKED,NAME_NOT_PUBLIC|NO_NNGLA_PUBLICATION_RECORD,,,1
readcandidate:nngla:306db242cbd156a643fb1512827d00e91214741b6f47443ee653b4e9dba1dc13,NG-PLC-000352,PLACE,Research Grove,simulation,BLOCKED,NAME_NOT_PUBLIC|NO_NNGLA_PUBLICATION_RECORD,,,1
readcandidate:nngla:8585d28bf159bcd8f4d779027f51d047c28bdfa29473c9406f62572c623a1b28,NG-PLC-000353,PLACE,River Gate,simulation,BLOCKED,NAME_NOT_PUBLIC|NO_NNGLA_PUBLICATION_RECORD,,,1
readcandidate:nngla:20ff2ca12c6c5775a5cf1b3fe45249afdd7b7cb34591c58160a6b6a0c17e12b6,NG-PLC-000354,PLACE,Old Timber,simulation,BLOCKED,NAME_NOT_PUBLIC|NO_NNGLA_PUBLICATION_RECORD,,,1
readcandidate:nngla:aee4b7c5d84509a81834056fedfd8788c0b43366226c7f1b943b08b0a79896a3,NG-PLC-000355,PLACE,Botanical Ward,simulation,BLOCKED,NAME_NOT_PUBLIC|NO_NNGLA_PUBLICATION_RECORD,,,1
readcandidate:nngla:9cfc8271df0a8969d7ca84d14cb96cc8d723ebe98102c1db4114a1283e3d4235,NG-PLC-000356,PLACE,East Tram,simulation,BLOCKED,NAME_NOT_PUBLIC|NO_NNGLA_PUBLICATION_RECORD,,,1
readcandidate:nngla:9e8c5927c674a1119a0c3cd3e71c912a16df3b9cc32d7cf5c0d0b3a8761765ff,NG-PLC-000357,PLACE,Rainmarket,simulation,BLOCKED,NAME_NOT_PUBLIC|NO_NNGLA_PUBLICATION_RECORD,,,1
readcandidate:nngla:53ee0b70c5018924502240ca43adec51ebc873678dba37f288b3b0ba28e7c4da,NG-PLC-000358,PLACE,Fernhaven,simulation,BLOCKED,NAME_NOT_PUBLIC|NO_NNGLA_PUBLICATION_RECORD,,,1
readcandidate:nngla:1b8e47d7d87ee3f36af95973fb4aa3aec8a5f398ffa1bcd34e7b31430d3427ae,NG-PLC-000359,PLACE,Ashtek Gardens,simulation,BLOCKED,NAME_NOT_PUBLIC|NO_NNGLA_PUBLICATION_RECORD,,,1
readcandidate:nngla:f45fa89812604b276f0cee7adbb55a41123a110d0954dfd241bb847811d236b0,NG-PLC-000360,PLACE,Mossvale,simulation,BLOCKED,NAME_NOT_PUBLIC|NO_NNGLA_PUBLICATION_RECORD,,,1
readcandidate:nngla:7fe0131810d802d9eb620a6215dbe2db1d8e63016b868e59989cc33ae36dc19a,NG-PLC-000361,PLACE,Greenvault,simulation,BLOCKED,NAME_NOT_PUBLIC|NO_NNGLA_PUBLICATION_RECORD,,,1
readcandidate:nngla:19c5c12f4c8627999379833ee54ded71c4932e2631ec905564d1069800d432d7,NG-PLC-000362,PLACE,Orchid Rise,simulation,BLOCKED,NAME_NOT_PUBLIC|NO_NNGLA_PUBLICATION_RECORD,,,1
readcandidate:nngla:68f6380391809237c26c704158080289fd5b912eba4f13141cfac3dd722357be,NG-PLC-000363,PLACE,New Kyoto,simulation,BLOCKED,NAME_NOT_PUBLIC|NO_NNGLA_PUBLICATION_RECORD,,,1
readcandidate:nngla:8947768f4e321054faccac61f17d4ebdf11920e87148579f354f2e7d9407d3a1,NG-PLC-000364,PLACE,Vinebridge,simulation,BLOCKED,NAME_NOT_PUBLIC|NO_NNGLA_PUBLICATION_RECORD,,,1
readcandidate:nngla:da072744320993ab3d910c3304db4189e555961a36dc10cf4d24b9f2f27d9199,NG-PLC-000365,PLACE,Cedar Mist,simulation,BLOCKED,NAME_NOT_PUBLIC|NO_NNGLA_PUBLICATION_RECORD,,,1
readcandidate:nngla:04d4b966c1e88f41ace333d36b24072e67e93eae9889115d0cdde5d79d6e2b4e,NG-PLC-000366,PLACE,Tekkan Heights,simulation,BLOCKED,NAME_NOT_PUBLIC|NO_NNGLA_PUBLICATION_RECORD,,,1
readcandidate:nngla:f5eecc4a58e86522e4c77b9aafe0dcba02f980d62e832bdebd53430f1a31771d,NG-PLC-000367,PLACE,Rainshadow,simulation,BLOCKED,NAME_NOT_PUBLIC|NO_NNGLA_PUBLICATION_RECORD,,,1
readcandidate:nngla:c842d56f661f63e68079278e56613ea9082969b81476f1a8820fd19888374177,NG-PLC-000368,PLACE,Brookmoss,simulation,BLOCKED,NAME_NOT_PUBLIC|NO_NNGLA_PUBLICATION_RECORD,,,1
readcandidate:nngla:e53bd280ba30637bd7cb26d0a84d5b67b689498bfcd46be40f564b89cb3191d2,NG-PLC-000369,PLACE,Lantern Grove,simulation,BLOCKED,NAME_NOT_PUBLIC|NO_NNGLA_PUBLICATION_RECORD,,,1
readcandidate:nngla:c9ce47400bf60fdc0548ec8ffc356b8e2cf7497919c866edbcfd654116f5e0e2,NG-PLC-000370,PLACE,Fernfall,simulation,BLOCKED,NAME_NOT_PUBLIC|NO_NNGLA_PUBLICATION_RECORD,,,1
readcandidate:nngla:8685dfe060b65a4b10b4c18d0ba15dd4af84f4e4fdbac0d5389b3225dc27dcd3,NG-PLC-000371,PLACE,Rainsong,simulation,BLOCKED,NAME_NOT_PUBLIC|NO_NNGLA_PUBLICATION_RECORD,,,1
readcandidate:nngla:0bb74d61dd6b8e912fdeefa1ecede50ac5330ac2e104c8c21888c11592a7aad6,NG-PLC-000372,PLACE,Cedar Run,simulation,BLOCKED,NAME_NOT_PUBLIC|NO_NNGLA_PUBLICATION_RECORD,,,1
readcandidate:nngla:0d8d9375d69df7c7d64ca4f913d68c5ff03ba9bceff7508facd6def0c92004aa,NG-PLC-000373,PLACE,Canopy Ford,simulation,BLOCKED,NAME_NOT_PUBLIC|NO_NNGLA_PUBLICATION_RECORD,,,1
readcandidate:nngla:062a48f26d035757af393b1e3cf682b88c7e0f97d88ac863501c50593cac6192,NG-PLC-000374,PLACE,Jadefall,simulation,BLOCKED,NAME_NOT_PUBLIC|NO_NNGLA_PUBLICATION_RECORD,,,1
readcandidate:nngla:06c07747346e1b5b067be8c9a86071180b21e15493fe33af7939c9c30b3b9b07,NG-PLC-000375,PLACE,Tekkena,simulation,BLOCKED,NAME_NOT_PUBLIC|NO_NNGLA_PUBLICATION_RECORD,,,1
readcandidate:nngla:aa3c923db95e101180dfff1365388e4ac0a59c7ba1fe8e0005d562520b1f6778,NG-PLC-000376,PLACE,Ashvale,simulation,BLOCKED,NAME_NOT_PUBLIC|NO_NNGLA_PUBLICATION_RECORD,,,1
readcandidate:nngla:fd8c62537586cc129dc27a78c7218fe62425887246782bc3da288ce25c8610cb,NG-PLC-000377,PLACE,Riverbloom,simulation,BLOCKED,NAME_NOT_PUBLIC|NO_NNGLA_PUBLICATION_RECORD,,,1
readcandidate:nngla:1dd2b3e59cef13213e9c982aa5b837370ec2a6c709324d2d8df415c36c506a62,NG-PLC-000378,PLACE,Marula Gate,simulation,BLOCKED,NAME_NOT_PUBLIC|NO_NNGLA_PUBLICATION_RECORD,,,1
readcandidate:nngla:e91cf61e4adf3c39b2001bcae9be01f8b5ee2d87244d3a38d9f1e17b78ef68cb,NG-PLC-000379,PLACE,Nembri,simulation,BLOCKED,NAME_NOT_PUBLIC|NO_NNGLA_PUBLICATION_RECORD,,,1
readcandidate:nngla:8cf9bfc923ad9c026e2836f970ec661f6acfad6c16e4742f71d1b1d9b67cfffe,NG-PLC-000380,PLACE,Mosswick,simulation,BLOCKED,NAME_NOT_PUBLIC|NO_NNGLA_PUBLICATION_RECORD,,,1
readcandidate:nngla:7c8183fccbab40bf0aca4c6fbd668c712e3292002769ebab75d74ec015cacf96,NG-PLC-000381,PLACE,Brookfern,simulation,BLOCKED,NAME_NOT_PUBLIC|NO_NNGLA_PUBLICATION_RECORD,,,1
readcandidate:nngla:fbb99519cb358eeadfe064d25030d7e55b5ed8c8b501eee04c89dd91d68f5961,NG-PLC-000382,PLACE,Wildorchid,simulation,BLOCKED,NAME_NOT_PUBLIC|NO_NNGLA_PUBLICATION_RECORD,,,1
readcandidate:nngla:c7725ba8a0988f784b3ad46b6ac619a87a2832231f0c50a5c268abaa50071e08,NG-PLC-000383,PLACE,Greenmantle,simulation,BLOCKED,NAME_NOT_PUBLIC|NO_NNGLA_PUBLICATION_RECORD,,,1
readcandidate:nngla:037eb4c49eb999c4f7291f29dfe62741882f30a73ea6244ef60ede2b71d2cd57,NG-PLC-000384,PLACE,Timberwell,simulation,BLOCKED,NAME_NOT_PUBLIC|NO_NNGLA_PUBLICATION_RECORD,,,1
readcandidate:nngla:415f4067440fbedc3d3b90bc6cd21b8c2167f4737f8dda20737acfad71669aba,NG-PLC-000385,PLACE,Canopy Lower,simulation,BLOCKED,NAME_NOT_PUBLIC|NO_NNGLA_PUBLICATION_RECORD,,,1
readcandidate:nngla:38f2bffb45a3ab71942bf3cd7aa18d61dd871aab07767e1bb622c90703be0ccc,NG-PLC-000386,PLACE,Rainsong Junction,simulation,BLOCKED,NAME_NOT_PUBLIC|NO_NNGLA_PUBLICATION_RECORD,,,1
readcandidate:nngla:6c025278831e2132192bbc88d0b532aef191678347aab3ccbe0775e2e02004fd,NG-PLC-000387,PLACE,Cedar Clearing,simulation,BLOCKED,NAME_NOT_PUBLIC|NO_NNGLA_PUBLICATION_RECORD,,,1
readcandidate:nngla:54cc890a5a0b9fe1cb922341dc3d0a3c391955697c7c4fd820f9968a4ab4c53c,NG-PLC-000388,PLACE,Ashara East,simulation,BLOCKED,NAME_NOT_PUBLIC|NO_NNGLA_PUBLICATION_RECORD,,,1
readcandidate:nngla:d123a4a2063a7d787ae353c6c86f2d1774b76d8a8daeb9984a80beb72933686e,NG-PLC-000389,PLACE,Tekkan Row,simulation,BLOCKED,NAME_NOT_PUBLIC|NO_NNGLA_PUBLICATION_RECORD,,,1
readcandidate:nngla:5fd82eb75bf861b47e324feaa4a6ade7c9d4c554858b6d364b72e30ed33f9b63,NG-PLC-000390,PLACE,Marula Crossing,simulation,BLOCKED,NAME_NOT_PUBLIC|NO_NNGLA_PUBLICATION_RECORD,,,1
readcandidate:nngla:84146043c102d468b485a331baa14ce031ef77985bbc21e705286aa34be203d1,NG-PLC-000391,PLACE,Mossbridge South,simulation,BLOCKED,NAME_NOT_PUBLIC|NO_NNGLA_PUBLICATION_RECORD,,,1
readcandidate:nngla:abb1a797ad5e3cb14da76782622f885bc94bc88058d971fb3bc7eda52a324240,NG-PLC-000392,PLACE,Fernline,simulation,BLOCKED,NAME_NOT_PUBLIC|NO_NNGLA_PUBLICATION_RECORD,,,1
readcandidate:nngla:cd3f3fdc6b4a2cce941b8d7d8a59a5961ee3b19c62f702f40cdd9cef6dd47ae5,NG-PLC-000393,PLACE,Timber Camp,simulation,BLOCKED,NAME_NOT_PUBLIC|NO_NNGLA_PUBLICATION_RECORD,,,1
readcandidate:nngla:061645de585d85ceb912dc0fddafc620a6c9f6121bb5243652368b0363905454,NG-PLC-000394,PLACE,Upper Fernfall,simulation,BLOCKED,NAME_NOT_PUBLIC|NO_NNGLA_PUBLICATION_RECORD,,,1
readcandidate:nngla:5d841fe58a9ca30cf3bd7502a6a632f0a1d2009ef910172f486bdd15401afcf2,NG-PLC-000395,PLACE,Fernfall Grove,simulation,BLOCKED,NAME_NOT_PUBLIC|NO_NNGLA_PUBLICATION_RECORD,,,1
readcandidate:nngla:45678daa961ee2f1d1282fd1c537efc2e111d6048c4e4dc2a354cd34c26a5a5b,NG-PLC-000396,PLACE,Lower Rainsong,simulation,BLOCKED,NAME_NOT_PUBLIC|NO_NNGLA_PUBLICATION_RECORD,,,1
readcandidate:nngla:2ca4631798cee0270cf35588bc29051ab238c3434cbc00ab208255338be1d4fa,NG-PLC-000397,PLACE,Rainsong Clearing,simulation,BLOCKED,NAME_NOT_PUBLIC|NO_NNGLA_PUBLICATION_RECORD,,,1
readcandidate:nngla:cfe4c225982644a25ab857e88ec48ebb7cf4a5d3f32bde0686364dbeb4b61e73,NG-PLC-000398,PLACE,East Cedar Run,simulation,BLOCKED,NAME_NOT_PUBLIC|NO_NNGLA_PUBLICATION_RECORD,,,1
readcandidate:nngla:f18eb5815f24ac9e9dd00e6b178c392acf568b80ff568794e78034da12833e6e,NG-PLC-000399,PLACE,Cedar Run River,simulation,BLOCKED,NAME_NOT_PUBLIC|NO_NNGLA_PUBLICATION_RECORD,,,1
readcandidate:nngla:ad3f821ed1610d2327671b48ab779a7601058807d07d5e47a9ecc0205296aab5,NG-PLC-000400,PLACE,Old Canopy Ford,simulation,BLOCKED,NAME_NOT_PUBLIC|NO_NNGLA_PUBLICATION_RECORD,,,1
readcandidate:nngla:9ebcdbc227adad9d9544941e3a948d97b8e9df9cfa11a3d7db43451c18d01966,NG-PLC-000401,PLACE,Canopy Ford Canopy,simulation,BLOCKED,NAME_NOT_PUBLIC|NO_NNGLA_PUBLICATION_RECORD,,,1
readcandidate:nngla:8de6c031c8c8d7f2a09bb8ca62ca4e88932920448a96dbbe0c41ee59c133aeaa,NG-PLC-000402,PLACE,South Jadefall,simulation,BLOCKED,NAME_NOT_PUBLIC|NO_NNGLA_PUBLICATION_RECORD,,,1
readcandidate:nngla:ccdcda168f9a0492e242cb490b307020c6966e4b32732449e4b43d4dfa6a7acd,NG-PLC-000403,PLACE,Jadefall Falls,simulation,BLOCKED,NAME_NOT_PUBLIC|NO_NNGLA_PUBLICATION_RECORD,,,1
readcandidate:nngla:600367aa828783af0fff14ceaac4605da8fd19197c9716f7929ddfca663778e2,NG-PLC-000404,PLACE,Tekkena Fern,simulation,BLOCKED,NAME_NOT_PUBLIC|NO_NNGLA_PUBLICATION_RECORD,,,1
readcandidate:nngla:984e837d03c395c9bb75c68766ce7db0844b72482f908ed6a400c66aec71727e,NG-PLC-000405,PLACE,Tekkena Shade,simulation,BLOCKED,NAME_NOT_PUBLIC|NO_NNGLA_PUBLICATION_RECORD,,,1
readcandidate:nngla:cbb32b6d6896ad95f96945961dfb0bf6a3958b31c966176df3799c19db005b52,NG-PLC-000406,PLACE,North Ashvale,simulation,BLOCKED,NAME_NOT_PUBLIC|NO_NNGLA_PUBLICATION_RECORD,,,1
readcandidate:nngla:ef4d86d8f66589124959e26655c56360a92370ca9fa1a4618387a836feff2b93,NG-PLC-000407,PLACE,Ashvale Bloom,simulation,BLOCKED,NAME_NOT_PUBLIC|NO_NNGLA_PUBLICATION_RECORD,,,1
readcandidate:nngla:0d7ee95e73aea0a1b6d1dfa80d4dc983cfe2ea210b6a8c5fe69b4112e9f9fad3,NG-PLC-000408,PLACE,Riverbloom Vine,simulation,BLOCKED,NAME_NOT_PUBLIC|NO_NNGLA_PUBLICATION_RECORD,,,1
readcandidate:nngla:e6d5830a6895276194f3f02d9f8bbcb1e2f60982b2ce151cc3ca8aaa1a371c36,NG-PLC-000409,PLACE,Riverbloom Ford,simulation,BLOCKED,NAME_NOT_PUBLIC|NO_NNGLA_PUBLICATION_RECORD,,,1
readcandidate:nngla:e66c3ff5f98e3338365fa17eacebc29285c7d0ea9457f3fe47dbd16ebda3ca61,NG-PLC-000410,PLACE,West Marula Gate,simulation,BLOCKED,NAME_NOT_PUBLIC|NO_NNGLA_PUBLICATION_RECORD,,,1
readcandidate:nngla:6a7e8d1bc12d3106f599e81b920ecae5bb7ddc6783129040e0cd0a2ce196e425,NG-PLC-000411,PLACE,Marula Gate Rain,simulation,BLOCKED,NAME_NOT_PUBLIC|NO_NNGLA_PUBLICATION_RECORD,,,1
readcandidate:nngla:76500399bc7a156b8ef23cd5117e4b62aa20d2f66082edb3162ecd10560919d3,NG-PLC-000412,PLACE,Nembri Orchid,simulation,BLOCKED,NAME_NOT_PUBLIC|NO_NNGLA_PUBLICATION_RECORD,,,1
readcandidate:nngla:abcdf68dad07c3c12962067ea06612c76fdb020a43f83af938ec345297b83362,NG-PLC-000413,PLACE,Nembri Bend,simulation,BLOCKED,NAME_NOT_PUBLIC|NO_NNGLA_PUBLICATION_RECORD,,,1
readcandidate:nngla:f668a38a51291048f579f6c2c11a5f0f85d4aeb339fdf1ecf5f63e8cc54749b0,NG-PLC-000414,PLACE,Upper Mosswick,simulation,BLOCKED,NAME_NOT_PUBLIC|NO_NNGLA_PUBLICATION_RECORD,,,1
readcandidate:nngla:13907176b7691de06e6b4e7ec470e6eb2ee0e80295577c8052c1ad81e240dcc7,NG-PLC-000415,PLACE,Mosswick Moss,simulation,BLOCKED,NAME_NOT_PUBLIC|NO_NNGLA_PUBLICATION_RECORD,,,1
readcandidate:nngla:72a06467962b6746439113cc53b632c2df566d21d42b13933b1bd798078302f3,NG-PLC-000416,PLACE,Brookfern Timber,simulation,BLOCKED,NAME_NOT_PUBLIC|NO_NNGLA_PUBLICATION_RECORD,,,1
readcandidate:nngla:b83c23fdf3ab54f84821e3287afdb253a43eb260ffd23531b901a974cbf169f7,NG-PLC-000417,PLACE,Brookfern Run,simulation,BLOCKED,NAME_NOT_PUBLIC|NO_NNGLA_PUBLICATION_RECORD,,,1
readcandidate:nngla:5be6f4a84e66cc2771c15f15f8edc34543cb6858f322961ab69713ec64f0c674,NG-PLC-000418,PLACE,Lower Wildorchid,simulation,BLOCKED,NAME_NOT_PUBLIC|NO_NNGLA_PUBLICATION_RECORD,,,1
readcandidate:nngla:e216a684be31abfa736647d405b6b93b1292db70961862586878ef7b3e55408b,NG-PLC-000419,PLACE,Wildorchid Palm,simulation,BLOCKED,NAME_NOT_PUBLIC|NO_NNGLA_PUBLICATION_RECORD,,,1
readcandidate:nngla:e478b0ea7c4114e8347063a4b122272479abe53d73cc1aab514d4880eafc56ab,NG-PLC-000420,PLACE,Greenmantle Cedar,simulation,BLOCKED,NAME_NOT_PUBLIC|NO_NNGLA_PUBLICATION_RECORD,,,1
readcandidate:nngla:8ea5fb38295a436837dd6ac676b3ff3c691da6b0c53bade4ec9d503acc34f1e1,NG-PLC-000421,PLACE,Greenmantle Glade,simulation,BLOCKED,NAME_NOT_PUBLIC|NO_NNGLA_PUBLICATION_RECORD,,,1
readcandidate:nngla:e5cd4592be620b578aaf71becde8d41756c7086c2971f23522baab91bd2c9193,NG-PLC-000422,PLACE,Timberwell Brook,simulation,BLOCKED,NAME_NOT_PUBLIC|NO_NNGLA_PUBLICATION_RECORD,,,1
readcandidate:nngla:6d9dcef6a1ac2e5926fc41dfc0398864b1d92e3822db7afaf9d101679a2ffd52,NG-PLC-000423,PLACE,Timberwell Hollow,simulation,BLOCKED,NAME_NOT_PUBLIC|NO_NNGLA_PUBLICATION_RECORD,,,1
readcandidate:nngla:82df1f290e1ada815655db49e765ee6775c9b7153f2d55e47f0d9fbead7ea848,NG-PLC-000424,PLACE,Rain Drum,simulation,BLOCKED,NAME_NOT_PUBLIC|NO_NNGLA_PUBLICATION_RECORD,,,1
readcandidate:nngla:7c05f82f60d3de80f26252eb4a822291831a8f0ba8ab1c22d28d8c5970cf6339,NG-PLC-000425,PLACE,Canopy Market,simulation,BLOCKED,NAME_NOT_PUBLIC|NO_NNGLA_PUBLICATION_RECORD,,,1
readcandidate:nngla:2d8b3b9862821b2ac4dfc63849a0b595b85edd6c2adf78285e8232e0041b8b53,NG-PLC-000426,PLACE,River Basket,simulation,BLOCKED,NAME_NOT_PUBLIC|NO_NNGLA_PUBLICATION_RECORD,,,1
readcandidate:nngla:54f1f4a0401e9194d665abf2ca1a07c73fd872aa59f2c55bd2b223c8248c4d90,NG-PLC-000427,PLACE,Marula Exchange,simulation,BLOCKED,NAME_NOT_PUBLIC|NO_NNGLA_PUBLICATION_RECORD,,,1
readcandidate:nngla:34abcfa640cda18f27e8e26f22fca6a9b18216df199911360000a2bbced6660d,NG-PLC-000428,PLACE,Timber Cross,simulation,BLOCKED,NAME_NOT_PUBLIC|NO_NNGLA_PUBLICATION_RECORD,,,1
readcandidate:nngla:01f286dcf2245653f26c7bb6c9aec0fe32976c63f75ddf1c240c7816a8e8ceb4,NG-PLC-000429,PLACE,Tekharo BioWorks Campus,simulation,BLOCKED,NAME_NOT_PUBLIC|NO_NNGLA_PUBLICATION_RECORD,,,1
readcandidate:nngla:b6740d4427ff23c127c625d0a4d1d8405c0140abeb8c206bb3441ac1471e6481,NG-PLC-000430,PLACE,Timberloop Industrial Estate,simulation,BLOCKED,NAME_NOT_PUBLIC|NO_NNGLA_PUBLICATION_RECORD,,,1
readcandidate:nngla:81ba3e5af5e73e1576914ea2b78a16b8e6fd8ffcb8d4c9e8d50f390663d0f90d,NG-PLC-000431,PLACE,Emerald Canopy,simulation,BLOCKED,NAME_NOT_PUBLIC|NO_NNGLA_PUBLICATION_RECORD,,,1
readcandidate:nngla:6c05b69ea7c096055fd466d95e8c4c8676c2445f3cb7c7afe7e88bdd4b140224,NG-PLC-000432,PLACE,Redhaven,simulation,BLOCKED,NAME_NOT_PUBLIC|NO_NNGLA_PUBLICATION_RECORD,,,1
readcandidate:nngla:ffa5a7a983b82e8ea88d01350cbd44fcc646d7e628b54bd93e292d13d29e4de5,NG-PLC-000433,PLACE,Zarqen,simulation,BLOCKED,NAME_NOT_PUBLIC|NO_NNGLA_PUBLICATION_RECORD,,,1
readcandidate:nngla:9c85212d0c8e25ff58b76bfd528095e883f12fbecdb99af95b2a08b92ca9c4fe,NG-PLC-000434,PLACE,Dustmere,simulation,BLOCKED,NAME_NOT_PUBLIC|NO_NNGLA_PUBLICATION_RECORD,,,1
readcandidate:nngla:daf7322699fca59a32193f63cb24cfa563e332160ed1a87bba5d34af0411fa7d,NG-PLC-000435,PLACE,Sunward,simulation,BLOCKED,NAME_NOT_PUBLIC|NO_NNGLA_PUBLICATION_RECORD,,,1
readcandidate:nngla:6b71b5e97c80fe64c5674c8aedf815f07dc9d595540666de89d60f8e724f4f37,NG-PLC-000436,PLACE,Redhaven Central,simulation,BLOCKED,NAME_NOT_PUBLIC|NO_NNGLA_PUBLICATION_RECORD,,,1
readcandidate:nngla:d74a28a2037c97ac4b1a714cb75994fb47d3b7406351af47b956e53176e5347a,NG-PLC-000437,PLACE,Caravan Exchange,simulation,BLOCKED,NAME_NOT_PUBLIC|NO_NNGLA_PUBLICATION_RECORD,,,1
readcandidate:nngla:b8b493412739dbba00863c2a7fd9c78e5f7935c7c6c1314699d6956f1291b192,NG-PLC-000438,PLACE,Solar Ward,simulation,BLOCKED,NAME_NOT_PUBLIC|NO_NNGLA_PUBLICATION_RECORD,,,1
readcandidate:nngla:dca813220651a78f189d3b48b46acffbbc6b8ac7c4bc9450cc322df2e6265fbc,NG-PLC-000439,PLACE,Railhead,simulation,BLOCKED,NAME_NOT_PUBLIC|NO_NNGLA_PUBLICATION_RECORD,,,1
readcandidate:nngla:c3bd9ceedcdfb999063901ce9acd50da451de06c1476472cf7f59be5a3b9ad56,NG-PLC-000440,PLACE,Old Wells,simulation,BLOCKED,NAME_NOT_PUBLIC|NO_NNGLA_PUBLICATION_RECORD,,,1
readcandidate:nngla:434c4d9c506ba069193dac67fcdd46c04316b01f459c3b350840225a3c09d148,NG-PLC-000441,PLACE,South Bazaar,simulation,BLOCKED,NAME_NOT_PUBLIC|NO_NNGLA_PUBLICATION_RECORD,,,1
readcandidate:nngla:4438d5c56b584008a7316808d8154d51707dcaa9e2e4593744bcc6b75dabace1,NG-PLC-000442,PLACE,Civic Mesa,simulation,BLOCKED,NAME_NOT_PUBLIC|NO_NNGLA_PUBLICATION_RECORD,,,1
readcandidate:nngla:8c8027ca8f15e3bbe48a27b80b457fac26571493b8175c1179694334837abd65,NG-PLC-000443,PLACE,Copper Dunes,simulation,BLOCKED,NAME_NOT_PUBLIC|NO_NNGLA_PUBLICATION_RECORD,,,1
readcandidate:nngla:8d78fe04e6bd9acc34c6eb62e20919a13a20fa7540ac748e3b52da0401fab36d,NG-PLC-000444,PLACE,Suncrest,simulation,BLOCKED,NAME_NOT_PUBLIC|NO_NNGLA_PUBLICATION_RECORD,,,1
readcandidate:nngla:bdd6b04ef5919c465c58ddee793e834f4f54fd9261c1637ed4f21af2c6b96015,NG-PLC-000445,PLACE,Amber Fields,simulation,BLOCKED,NAME_NOT_PUBLIC|NO_NNGLA_PUBLICATION_RECORD,,,1
readcandidate:nngla:79e6423d0d6bb8a7535833c0fa471009cf33aaf19e58c6b30d5386718c834008,NG-PLC-000446,PLACE,Baric Gardens,simulation,BLOCKED,NAME_NOT_PUBLIC|NO_NNGLA_PUBLICATION_RECORD,,,1
readcandidate:nngla:0005d5addcb1cdb04ba37631687157f7fedf1d531a54075042bcdb403a13542b,NG-PLC-000447,PLACE,Marrowgate,simulation,BLOCKED,NAME_NOT_PUBLIC|NO_NNGLA_PUBLICATION_RECORD,,,1
readcandidate:nngla:d13ee6ed673e5b14ba97be9088a91c6e7106981ac1de7df144e1985fd698e84e,NG-PLC-000448,PLACE,Oasis Park,simulation,BLOCKED,NAME_NOT_PUBLIC|NO_NNGLA_PUBLICATION_RECORD,,,1
readcandidate:nngla:b09a5c08c3bfd327c665923113c3b1bb081f59aac56352c092b4b594a35d3ecf,NG-PLC-000449,PLACE,Gulfview,simulation,BLOCKED,NAME_NOT_PUBLIC|NO_NNGLA_PUBLICATION_RECORD,,,1
readcandidate:nngla:c777a4e769a0920bb67dccb1f2e69fe5eb116f07fd255463bb14654d48c4fc2f,NG-PLC-000450,PLACE,Acacia Ridge,simulation,BLOCKED,NAME_NOT_PUBLIC|NO_NNGLA_PUBLICATION_RECORD,,,1
readcandidate:nngla:c93ed7e76f21f04b6bd7cd22ad0d95388be7af05cc7cb7b91af9dc1bd34b562e,NG-PLC-000451,PLACE,Dustrose,simulation,BLOCKED,NAME_NOT_PUBLIC|NO_NNGLA_PUBLICATION_RECORD,,,1
readcandidate:nngla:46d3f0c84910aa8c92bd17cfc0cf61a27b8c65b7adcd61b2f161b26928067c6b,NG-PLC-000452,PLACE,Falcon Heath,simulation,BLOCKED,NAME_NOT_PUBLIC|NO_NNGLA_PUBLICATION_RECORD,,,1
readcandidate:nngla:c554e9072cf8fa3f6cf7549947310324b2442ddcdc1d362ccefc40c5829b030d,NG-PLC-000453,PLACE,Zarqa Heights,simulation,BLOCKED,NAME_NOT_PUBLIC|NO_NNGLA_PUBLICATION_RECORD,,,1
readcandidate:nngla:9952ceae2b31d4671877ec7a8bd477e6ce98b9f0928495742aaf10f45509ec64,NG-PLC-000454,PLACE,Suncourt,simulation,BLOCKED,NAME_NOT_PUBLIC|NO_NNGLA_PUBLICATION_RECORD,,,1
readcandidate:nngla:81f6a91a6c0b537420a9fcdf489149ea8ef7a9e7cc9f1f1f056b5542c202c1fe,NG-PLC-000455,PLACE,Redstone Vale,simulation,BLOCKED,NAME_NOT_PUBLIC|NO_NNGLA_PUBLICATION_RECORD,,,1
readcandidate:nngla:0685b991ae104ef94fc7ac68c2ca1663c5b378ccbd01b2c9ad373c3d80659943,NG-PLC-000456,PLACE,Barazen,simulation,BLOCKED,NAME_NOT_PUBLIC|NO_NNGLA_PUBLICATION_RECORD,,,1
readcandidate:nngla:ddd2f407cbfde7976d88a03bc28d89e009eb9e89fc0a25c3a585e0d5ca9f9de1,NG-PLC-000457,PLACE,Mareva,simulation,BLOCKED,NAME_NOT_PUBLIC|NO_NNGLA_PUBLICATION_RECORD,,,1
readcandidate:nngla:1e660af7b36520ec8f4ccf526deb41a1f1c3fbd0b877b36b3422215c5ee195ab,NG-PLC-000458,PLACE,Khelar,simulation,BLOCKED,NAME_NOT_PUBLIC|NO_NNGLA_PUBLICATION_RECORD,,,1
readcandidate:nngla:ea641a408dd6c89f1defd4ae4612eec67a7e6c487914c7ed8e8a94f81bea10e2,NG-PLC-000459,PLACE,Caravan Well,simulation,BLOCKED,NAME_NOT_PUBLIC|NO_NNGLA_PUBLICATION_RECORD,,,1
readcandidate:nngla:11ddf56146c537f6c1423ae30d0c87e83a2625278ab8634c552193e4c0afc4a4,NG-PLC-000460,PLACE,Sirocco,simulation,BLOCKED,NAME_NOT_PUBLIC|NO_NNGLA_PUBLICATION_RECORD,,,1
readcandidate:nngla:f48b798b88ee6d75cd34bae1e1b5127ab001dfb4a1e645f452de6606dcf6bd1a,NG-PLC-000461,PLACE,Dustrun,simulation,BLOCKED,NAME_NOT_PUBLIC|NO_NNGLA_PUBLICATION_RECORD,,,1
readcandidate:nngla:df9eee9f744cc39978ac738205e15b5d1167bdacd6a7a03c5d47f3d9d658e6b4,NG-PLC-000462,PLACE,Saltwick,simulation,BLOCKED,NAME_NOT_PUBLIC|NO_NNGLA_PUBLICATION_RECORD,,,1
readcandidate:nngla:dfe4a458b7f21026b163e838a814f239d61b3b3dff5a5fb73581b3f70eb6a1b9,NG-PLC-000463,PLACE,Thornfield,simulation,BLOCKED,NAME_NOT_PUBLIC|NO_NNGLA_PUBLICATION_RECORD,,,1
readcandidate:nngla:0305d62e0db6732b5506488ae7d74f4bb1d3940740907ed378756a96a8223e8b,NG-PLC-000464,PLACE,Rookwell,simulation,BLOCKED,NAME_NOT_PUBLIC|NO_NNGLA_PUBLICATION_RECORD,,,1
readcandidate:nngla:05bd5a6582701985b1df72be3d7d9056dd6d7ce763a3804ccf951ab25091d2d8,NG-PLC-000465,PLACE,Grey Dune,simulation,BLOCKED,NAME_NOT_PUBLIC|NO_NNGLA_PUBLICATION_RECORD,,,1
readcandidate:nngla:ed3deff611faeab9426908fa2633016a690251b46950dbdefa02befcc2e3da27,NG-PLC-000466,PLACE,Solmarch,simulation,BLOCKED,NAME_NOT_PUBLIC|NO_NNGLA_PUBLICATION_RECORD,,,1
readcandidate:nngla:5baf572c730ebd63a95db60573cdc4be3bd2e3b1c64808c400314cc9032f1e4a,NG-PLC-000467,PLACE,Golden Step,simulation,BLOCKED,NAME_NOT_PUBLIC|NO_NNGLA_PUBLICATION_RECORD,,,1
readcandidate:nngla:e01635796d962b2839de097f5d6ccc2258ee51d33e04d69647b46ca2e124aa11,NG-PLC-000468,PLACE,Mirasol,simulation,BLOCKED,NAME_NOT_PUBLIC|NO_NNGLA_PUBLICATION_RECORD,,,1
readcandidate:nngla:85b00b9ffd6445cd7cc3a21400217af6434807c1fc4114504a75c0aac55ffbc3,NG-PLC-000469,PLACE,East Oasis,simulation,BLOCKED,NAME_NOT_PUBLIC|NO_NNGLA_PUBLICATION_RECORD,,,1
readcandidate:nngla:5e958effb711410bf27ea5549b646f510a6e94718a5b991710ee89fed85e7175,NG-PLC-000470,PLACE,Cinder Plain,simulation,BLOCKED,NAME_NOT_PUBLIC|NO_NNGLA_PUBLICATION_RECORD,,,1
readcandidate:nngla:9f4c22ef5e6096b4ba4a8bff5fb2ffa374002fe683a3f148e8e3cfe02120e7b2,NG-PLC-000471,PLACE,Zarqen South,simulation,BLOCKED,NAME_NOT_PUBLIC|NO_NNGLA_PUBLICATION_RECORD,,,1
readcandidate:nngla:cdf5e14ef469b98acc517d265a4dee088b1c3f411a1be9501569b98b1675b960,NG-PLC-000472,PLACE,Baric Cross,simulation,BLOCKED,NAME_NOT_PUBLIC|NO_NNGLA_PUBLICATION_RECORD,,,1
readcandidate:nngla:b92cfeb95202d50cb73e03d1757a705beb83effb99364ef7e4177a0306a6c221,NG-PLC-000473,PLACE,Camel Bell,simulation,BLOCKED,NAME_NOT_PUBLIC|NO_NNGLA_PUBLICATION_RECORD,,,1
readcandidate:nngla:3f9b6d72253eb279d68b208f739f25cf05022165faa691910adc168836e1acc7,NG-PLC-000474,PLACE,Dustmere East,simulation,BLOCKED,NAME_NOT_PUBLIC|NO_NNGLA_PUBLICATION_RECORD,,,1
readcandidate:nngla:4c1524967d44ae407c03eda79b99eb9db924714aa85187e1b430754a795cdd3b,NG-PLC-000475,PLACE,Saltpan Row,simulation,BLOCKED,NAME_NOT_PUBLIC|NO_NNGLA_PUBLICATION_RECORD,,,1
readcandidate:nngla:7c53a89a0727b51a402eb150397923cecc1856ceef2955da92777a3798241eb2,NG-PLC-000476,PLACE,Thorn Junction,simulation,BLOCKED,NAME_NOT_PUBLIC|NO_NNGLA_PUBLICATION_RECORD,,,1
readcandidate:nngla:14624d61d02162036b47a0fce320b67c56ab707332ff234be4a5e81ef69aada2,NG-PLC-000477,PLACE,Sunward Gate,simulation,BLOCKED,NAME_NOT_PUBLIC|NO_NNGLA_PUBLICATION_RECORD,,,1
readcandidate:nngla:dd27e833faff2cc8c0769efe281f0d6d9470122a16cfaf96c5199c616c5dfb73,NG-PLC-000478,PLACE,Oasis Line,simulation,BLOCKED,NAME_NOT_PUBLIC|NO_NNGLA_PUBLICATION_RECORD,,,1
readcandidate:nngla:614f34f901b4fda7a2609925fb00abe5c1a927bdac3d1822b247983ab1e0bab5,NG-PLC-000479,PLACE,Cinder Camp,simulation,BLOCKED,NAME_NOT_PUBLIC|NO_NNGLA_PUBLICATION_RECORD,,,1
readcandidate:nngla:fc9e51f4cf8c6354d02f3c3cf47d3422484e0c0ac1345f802ea54a8cb5a86af9,NG-PLC-000480,PLACE,Lower Barazen,simulation,BLOCKED,NAME_NOT_PUBLIC|NO_NNGLA_PUBLICATION_RECORD,,,1
readcandidate:nngla:2cd130afaeea0c48647c2877a9a809922154a09b0fc93b99d9d17f94f245a708,NG-PLC-000481,PLACE,Barazen Wells,simulation,BLOCKED,NAME_NOT_PUBLIC|NO_NNGLA_PUBLICATION_RECORD,,,1
readcandidate:nngla:90be694d5c0b38cdb6c3b7f1473d3ac919c1fa22b6f4b95c21132f5b32d68394,NG-PLC-000482,PLACE,Upper Mareva,simulation,BLOCKED,NAME_NOT_PUBLIC|NO_NNGLA_PUBLICATION_RECORD,,,1
readcandidate:nngla:f3ea44b5ecb4f941bbce032ec2b16bb4a43d865a838c31eeb34cccd5c61e33f1,NG-PLC-000483,PLACE,Mareva Dunes,simulation,BLOCKED,NAME_NOT_PUBLIC|NO_NNGLA_PUBLICATION_RECORD,,,1
readcandidate:nngla:5b0950744beafa47d8ddfe515f957576f50c9f97a589e26b1abfec8bbd4eca34,NG-PLC-000484,PLACE,East Khelar,simulation,BLOCKED,NAME_NOT_PUBLIC|NO_NNGLA_PUBLICATION_RECORD,,,1
readcandidate:nngla:6ee9991a72456f1dd4ba8f1682b6ca02555838cde0dfdc70d08bbe5fdefd29f8,NG-PLC-000485,PLACE,Khelar Camp,simulation,BLOCKED,NAME_NOT_PUBLIC|NO_NNGLA_PUBLICATION_RECORD,,,1
readcandidate:nngla:594a51ec57f95421d3f248fa2e5f18bde2b5acb317eb8a930ca5b6d26da4b911,NG-PLC-000486,PLACE,Old Caravan Well,simulation,BLOCKED,NAME_NOT_PUBLIC|NO_NNGLA_PUBLICATION_RECORD,,,1
readcandidate:nngla:b1f07a5ba6104828b7d7ee1fbdde588d784fcd5f795ff26cb5412c0ec59b65a2,NG-PLC-000487,PLACE,Caravan Well Plain,simulation,BLOCKED,NAME_NOT_PUBLIC|NO_NNGLA_PUBLICATION_RECORD,,,1
readcandidate:nngla:888db3241c0a3f079ad761163c8b881c0314e92eeb6d4ba1f7f27d0664f495cc,NG-PLC-000488,PLACE,South Sirocco,simulation,BLOCKED,NAME_NOT_PUBLIC|NO_NNGLA_PUBLICATION_RECORD,,,1
readcandidate:nngla:e8d967425e25713d402d9add761f37d212028d4d44eab487cd986e07a2fd2f9d,NG-PLC-000489,PLACE,Sirocco Oasis,simulation,BLOCKED,NAME_NOT_PUBLIC|NO_NNGLA_PUBLICATION_RECORD,,,1
readcandidate:nngla:d70eb620c6e7951a7efb4c578f9156fc895ba390cc5ddc28cdd35876b04c2ad8,NG-PLC-000490,PLACE,Dustrun Ridge,simulation,BLOCKED,NAME_NOT_PUBLIC|NO_NNGLA_PUBLICATION_RECORD,,,1
readcandidate:nngla:9d70ad427ed3b51ee2a63514a49d24666b0be016b8bb7c5b74b9f4b223041c12,NG-PLC-000491,PLACE,Dustrun Thorn,simulation,BLOCKED,NAME_NOT_PUBLIC|NO_NNGLA_PUBLICATION_RECORD,,,1
readcandidate:nngla:671c4300c217e0d74abc0abf9fc34ab0e500c6ff4c4c9f94ca493c6b1b0e3ca0,NG-PLC-000492,PLACE,North Saltwick,simulation,BLOCKED,NAME_NOT_PUBLIC|NO_NNGLA_PUBLICATION_RECORD,,,1
readcandidate:nngla:6a5639afa075336a9cda3b8725fd5dcaca53bfcb9a48e4f55eb8df6ce02cf597,NG-PLC-000493,PLACE,Saltwick Corral,simulation,BLOCKED,NAME_NOT_PUBLIC|NO_NNGLA_PUBLICATION_RECORD,,,1
readcandidate:nngla:4d76763bd7db341604ea86441f26cb46dc31f85b6e9fc11e189247f2dac6e4fe,NG-PLC-000494,PLACE,Thornfield Salt,simulation,BLOCKED,NAME_NOT_PUBLIC|NO_NNGLA_PUBLICATION_RECORD,,,1
readcandidate:nngla:eba7ca6b7acd1dabed540130622caff48030cccad55d5c5732c10031b97e0614,NG-PLC-000495,PLACE,Thornfield End,simulation,BLOCKED,NAME_NOT_PUBLIC|NO_NNGLA_PUBLICATION_RECORD,,,1
readcandidate:nngla:7cfe0a55b8925648cf4e231abd20756017bfbdd541a923436dd8c55eccab1987,NG-PLC-000496,PLACE,West Rookwell,simulation,BLOCKED,NAME_NOT_PUBLIC|NO_NNGLA_PUBLICATION_RECORD,,,1
readcandidate:nngla:c6b2f61b4584cc0fd9d400c39139976e8718e263d285681649de10849906e713,NG-PLC-000497,PLACE,Rookwell Acacia,simulation,BLOCKED,NAME_NOT_PUBLIC|NO_NNGLA_PUBLICATION_RECORD,,,1
readcandidate:nngla:c3eaa1e83da96ec7a9efb22dbc039ea2bc3754424f32687e582e62b69941aa57,NG-PLC-000498,PLACE,Grey Dune Mesa,simulation,BLOCKED,NAME_NOT_PUBLIC|NO_NNGLA_PUBLICATION_RECORD,,,1
readcandidate:nngla:937088259a92105c9b5dbabff80ff1b648083e6fcfb1267bd669a882429e6aef,NG-PLC-000499,PLACE,Grey Dune Well,simulation,BLOCKED,NAME_NOT_PUBLIC|NO_NNGLA_PUBLICATION_RECORD,,,1
readcandidate:nngla:53ddcac0badf29887841a0471c2cd4036ece47d16afa871666972cb2114faee5,NG-PLC-000500,PLACE,Lower Solmarch,simulation,BLOCKED,NAME_NOT_PUBLIC|NO_NNGLA_PUBLICATION_RECORD,,,1
readcandidate:nngla:1f6b4123286d4ac32908a04b4c6f95ce0a812a1d188a6f3d5439d2f404320ba5,NG-PLC-000501,PLACE,Solmarch Dust,simulation,BLOCKED,NAME_NOT_PUBLIC|NO_NNGLA_PUBLICATION_RECORD,,,1
readcandidate:nngla:01e4dda8a1fd4b58c5062c2c172f002a15a4ea372d5cbf2c79841a27a4573857,NG-PLC-000502,PLACE,Golden Step Sun,simulation,BLOCKED,NAME_NOT_PUBLIC|NO_NNGLA_PUBLICATION_RECORD,,,1
readcandidate:nngla:d3b19c16b72c62404fef84588283be47c40aa6b4e44e60ea75b8ef6b908c603f,NG-PLC-000503,PLACE,Golden Step Cross,simulation,BLOCKED,NAME_NOT_PUBLIC|NO_NNGLA_PUBLICATION_RECORD,,,1
readcandidate:nngla:b3ab8f3ad7fb08fe32ee606a1bc154fe59beb211755894fca76d2e8f7985020b,NG-PLC-000504,PLACE,Upper Mirasol,simulation,BLOCKED,NAME_NOT_PUBLIC|NO_NNGLA_PUBLICATION_RECORD,,,1
readcandidate:nngla:2b1d9b2fae8053c350dabf2723bc258e4463c6237e9afd13f5f87d58de2dd4fe,NG-PLC-000505,PLACE,Mirasol Ember,simulation,BLOCKED,NAME_NOT_PUBLIC|NO_NNGLA_PUBLICATION_RECORD,,,1
readcandidate:nngla:5112e8a9503038a966637e5a1a6b274d95c3a2b9ea7e41f3f4f2fb09e71b0306,NG-PLC-000506,PLACE,East Oasis Step,simulation,BLOCKED,NAME_NOT_PUBLIC|NO_NNGLA_PUBLICATION_RECORD,,,1
readcandidate:nngla:31dbe7476a4d04e25d9a87fef19ee99ed9be3b59eeff684647b045a8db622ce4,NG-PLC-000507,PLACE,East Oasis Hollow,simulation,BLOCKED,NAME_NOT_PUBLIC|NO_NNGLA_PUBLICATION_RECORD,,,1
readcandidate:nngla:294ce92b82cbfba614b878abecb04c1f533d77b35c8ac43624326c09ee3a679a,NG-PLC-000508,PLACE,Cinder Plain Cinder,simulation,BLOCKED,NAME_NOT_PUBLIC|NO_NNGLA_PUBLICATION_RECORD,,,1
readcandidate:nngla:ee73fe71711fd3b4ca314ee8ff01dbe61ea5502df31c17c7b737132c3e048cea,NG-PLC-000509,PLACE,Cinder Plain Reach,simulation,BLOCKED,NAME_NOT_PUBLIC|NO_NNGLA_PUBLICATION_RECORD,,,1
readcandidate:nngla:41b974716a3b624d214ac5ebc787cb82bee12f9866775feac941b392c5eb7328,NG-PLC-000510,PLACE,Red Basket,simulation,BLOCKED,NAME_NOT_PUBLIC|NO_NNGLA_PUBLICATION_RECORD,,,1
readcandidate:nngla:eb4e38df768fb425724c85f7aad5d84a3e184a636944fca53d45e7f7fb621d73,NG-PLC-000511,PLACE,Caravan Cross,simulation,BLOCKED,NAME_NOT_PUBLIC|NO_NNGLA_PUBLICATION_RECORD,,,1
readcandidate:nngla:0c89c4088f56f421fc821fe13f8c6e454d1f3466e3888be049a69a8ebc7891d6,NG-PLC-000512,PLACE,Salt Market,simulation,BLOCKED,NAME_NOT_PUBLIC|NO_NNGLA_PUBLICATION_RECORD,,,1
readcandidate:nngla:7773b95b16923ed7941dfb333ab1f4378acdec41e08f1682d725a568a1afd657,NG-PLC-000513,PLACE,Sunward Exchange,simulation,BLOCKED,NAME_NOT_PUBLIC|NO_NNGLA_PUBLICATION_RECORD,,,1
readcandidate:nngla:6215b9f23514120247fa8e8ee5aa73a29544833ab05903fdc9ccd3cc3e702ed2,NG-PLC-000514,PLACE,Wells End,simulation,BLOCKED,NAME_NOT_PUBLIC|NO_NNGLA_PUBLICATION_RECORD,,,1
readcandidate:nngla:f975dab3c2138ce77232c122237ef035c4af145051a79a40dc45e00e25f7046a,NG-PLC-000515,PLACE,Solar Foundry Zone,simulation,BLOCKED,NAME_NOT_PUBLIC|NO_NNGLA_PUBLICATION_RECORD,,,1
readcandidate:nngla:de38c5e7e31399e7988b43e6f5c488d3ceea27e7a79341aa6078f66a0db17207,NG-PLC-000516,PLACE,Redhaven Dryport Estate,simulation,BLOCKED,NAME_NOT_PUBLIC|NO_NNGLA_PUBLICATION_RECORD,,,1
readcandidate:nngla:5836f38d9266a404e0aa84d59da52c9e4948e64b4a2b654273a82690aa6e9c65,NG-PLC-000517,PLACE,Sun Dune,simulation,BLOCKED,NAME_NOT_PUBLIC|NO_NNGLA_PUBLICATION_RECORD,,,1
readcandidate:nngla:fd526e923c238a48aa642c9b2bca9d4c7c1633767ee94b27d1e69e04c1cac241,NG-PLC-000518,PLACE,Lysora,simulation,BLOCKED,NAME_NOT_PUBLIC|NO_NNGLA_PUBLICATION_RECORD,,,1
readcandidate:nngla:fc9a78fd96456d4e0e90c47769fef9ddff5ad5619f2aa43c0f94cd74f954a166,NG-PLC-000519,PLACE,Coral Bay,simulation,BLOCKED,NAME_NOT_PUBLIC|NO_NNGLA_PUBLICATION_RECORD,,,1
readcandidate:nngla:62f3752e5d4441461ca56142f525ee3f2bb4dd3a8007a5626e015261f4059203,NG-PLC-000520,PLACE,El-Maren,simulation,BLOCKED,NAME_NOT_PUBLIC|NO_NNGLA_PUBLICATION_RECORD,,,1
readcandidate:nngla:5d21a461e7d8b6edf807bf7c92dadbb1190a2d0bbabeb9c25ce02745ee01d682,NG-PLC-000521,PLACE,Seacliff,simulation,BLOCKED,NAME_NOT_PUBLIC|NO_NNGLA_PUBLICATION_RECORD,,,1
readcandidate:nngla:2dfdf044e612462dabea3d4e3efed736130ef90a094f61575c163a88fdab2265,NG-PLC-000522,PLACE,Lysora Central,simulation,BLOCKED,NAME_NOT_PUBLIC|NO_NNGLA_PUBLICATION_RECORD,,,1
readcandidate:nngla:9fadb055f7735ff747499aaa7021eddcfd9e5e8282029a4654d6447360a8b166,NG-PLC-000523,PLACE,Coral Exchange,simulation,BLOCKED,NAME_NOT_PUBLIC|NO_NNGLA_PUBLICATION_RECORD,,,1
readcandidate:nngla:68186b98c36d49ab9e5d349ed6e23ad39103620256a9ca52c3cfdd7395436433,NG-PLC-000524,PLACE,Old Harbour,simulation,BLOCKED,NAME_NOT_PUBLIC|NO_NNGLA_PUBLICATION_RECORD,,,1
readcandidate:nngla:fd9fca5382a2b592234d4a0e1139b85540ac5ccf0329eceb10904e5fb25ee8de,NG-PLC-000525,PLACE,Artisans' Quay,simulation,BLOCKED,NAME_NOT_PUBLIC|NO_NNGLA_PUBLICATION_RECORD,,,1
readcandidate:nngla:6a2d61f6e08030af7ee608923eedab810e5ed8c04a4a7847f61eb75eb50255f3,NG-PLC-000526,PLACE,Crescent Beach,simulation,BLOCKED,NAME_NOT_PUBLIC|NO_NNGLA_PUBLICATION_RECORD,,,1
readcandidate:nngla:71d1a6693b6ef73fc3342fa147b2539fbe37c570f73b91ff39ee848081f0a8d0,NG-PLC-000527,PLACE,Embassy Shore,simulation,BLOCKED,NAME_NOT_PUBLIC|NO_NNGLA_PUBLICATION_RECORD,,,1
readcandidate:nngla:0f36a3bd2f8107247beaaf3dcff33f10bbe9397593420bc2ea9e75d56576666f,NG-PLC-000528,PLACE,Marina Ward,simulation,BLOCKED,NAME_NOT_PUBLIC|NO_NNGLA_PUBLICATION_RECORD,,,1
readcandidate:nngla:206de10c0fc0adda3f075a734436bb3d4250ac97d04ef23eacaee0a39d6fe401,NG-PLC-000529,PLACE,Lighthouse Hill,simulation,BLOCKED,NAME_NOT_PUBLIC|NO_NNGLA_PUBLICATION_RECORD,,,1
readcandidate:nngla:bc4dc57222b53accee6e3121179b8fe1de4c8b1e903e2a56c0927122298e9195,NG-PLC-000530,PLACE,Lysoran Heights,simulation,BLOCKED,NAME_NOT_PUBLIC|NO_NNGLA_PUBLICATION_RECORD,,,1
readcandidate:nngla:66de6e92f04d484a355fb97220066ba35d938cf535822bc26b5d8686f27edc3d,NG-PLC-000531,PLACE,Seabreeze,simulation,BLOCKED,NAME_NOT_PUBLIC|NO_NNGLA_PUBLICATION_RECORD,,,1
readcandidate:nngla:510b797478d08ba55756b29b79167721a230687ced92d243f4e0675f19b2d6b5,NG-PLC-000532,PLACE,Coral Gardens,simulation,BLOCKED,NAME_NOT_PUBLIC|NO_NNGLA_PUBLICATION_RECORD,,,1
readcandidate:nngla:7d04d6a7df1358c1e1d3bad626ce399db9e2127cf1e2c67c0ed9ad126c238bc5,NG-PLC-000533,PLACE,Azure Park,simulation,BLOCKED,NAME_NOT_PUBLIC|NO_NNGLA_PUBLICATION_RECORD,,,1
readcandidate:nngla:123c300f95fb93375ef98b342ef68ff2cd7e9087b839ad2205a3357e6b39248f,NG-PLC-000534,PLACE,New Marseille,simulation,BLOCKED,NAME_NOT_PUBLIC|NO_NNGLA_PUBLICATION_RECORD,,,1
readcandidate:nngla:e8484f4c8c29f7f809ed5f459ec7ea7896a8c45f3da283d2bc1d6e0263055b05,NG-PLC-000535,PLACE,Palm Court,simulation,BLOCKED,NAME_NOT_PUBLIC|NO_NNGLA_PUBLICATION_RECORD,,,1
readcandidate:nngla:11b7cfeb9e4ccdee737c7c247e22cfe2cd752f2a440457ad723f6fc116bacfe5,NG-PLC-000536,PLACE,Elmarin,simulation,BLOCKED,NAME_NOT_PUBLIC|NO_NNGLA_PUBLICATION_RECORD,,,1
readcandidate:nngla:70dd7f8998ee055bb6a8d764246e55aed7b3392af20d5e4bfca96aa80c596404,NG-PLC-000537,PLACE,Tidewell,simulation,BLOCKED,NAME_NOT_PUBLIC|NO_NNGLA_PUBLICATION_RECORD,,,1
readcandidate:nngla:ee76914fb275c767d1cb0c509c1c33fd053544e367274f07de5a855896b81a62,NG-PLC-000538,PLACE,Casuarina Rise,simulation,BLOCKED,NAME_NOT_PUBLIC|NO_NNGLA_PUBLICATION_RECORD,,,1
readcandidate:nngla:4f656ad1d6c56d6d5404cec677be364acc32d2f402e5000917642c641cbefa54,NG-PLC-000539,PLACE,Moriah Beach,simulation,BLOCKED,NAME_NOT_PUBLIC|NO_NNGLA_PUBLICATION_RECORD,,,1
readcandidate:nngla:9f642182cafe891917ec65af252da94ee8b500769334d7c19d6a45482feca5f4,NG-PLC-000540,PLACE,Sunreef,simulation,BLOCKED,NAME_NOT_PUBLIC|NO_NNGLA_PUBLICATION_RECORD,,,1
readcandidate:nngla:b3484246c7d5260cf2653d0333fa3151a7f84959fe7f922ef4fdb182f3c5ae46,NG-PLC-000541,PLACE,Whitecap,simulation,BLOCKED,NAME_NOT_PUBLIC|NO_NNGLA_PUBLICATION_RECORD,,,1
readcandidate:nngla:8b46f1d5430fa1077367aa747d5aa1fc4a033b5bed74f20f404cdf0b3179f215,NG-PLC-000542,PLACE,Azura,simulation,BLOCKED,NAME_NOT_PUBLIC|NO_NNGLA_PUBLICATION_RECORD,,,1
readcandidate:nngla:bb7e4cf072d91fb9eb450080597676688494c8af0550c30f12688d09192c0807,NG-PLC-000543,PLACE,Lysaven,simulation,BLOCKED,NAME_NOT_PUBLIC|NO_NNGLA_PUBLICATION_RECORD,,,1
readcandidate:nngla:097cf15833b7b3cc9e650ae17c5580cd40b2ecdc148b5ca36a272615b3f2daef,NG-PLC-000544,PLACE,Reefcross,simulation,BLOCKED,NAME_NOT_PUBLIC|NO_NNGLA_PUBLICATION_RECORD,,,1
readcandidate:nngla:36cfe14351a65f30d1c9b9da6e99b9ea0cc284803c762b47219c4190c5ab4a3a,NG-PLC-000545,PLACE,Bellamar,simulation,BLOCKED,NAME_NOT_PUBLIC|NO_NNGLA_PUBLICATION_RECORD,,,1
readcandidate:nngla:2cdc95502401a6a726f78a46c9875aac2252314579160a10d59718dd65de31d9,NG-PLC-000546,PLACE,Seaglass,simulation,BLOCKED,NAME_NOT_PUBLIC|NO_NNGLA_PUBLICATION_RECORD,,,1
readcandidate:nngla:d0dc8289368b896c7b99bb1a97914b6ce7061d864d87648a47bc34af7228a66f,NG-PLC-000547,PLACE,Marenya,simulation,BLOCKED,NAME_NOT_PUBLIC|NO_NNGLA_PUBLICATION_RECORD,,,1
readcandidate:nngla:4852210aa6bc07a76165f6b5b8f36c9f605050ae8452c23a8a26b4cbf045d9de,NG-PLC-000548,PLACE,Marenza,simulation,BLOCKED,NAME_NOT_PUBLIC|NO_NNGLA_PUBLICATION_RECORD,,,1
readcandidate:nngla:36367bc6662ad51eee9a99cf3aabc2c0b1f1dc06ef56a46cf431b0d2cba99575,NG-PLC-000549,PLACE,Pearlstrand,simulation,BLOCKED,NAME_NOT_PUBLIC|NO_NNGLA_PUBLICATION_RECORD,,,1
readcandidate:nngla:e8b720392d7453f4b20aead6ca676394dcb864dad1d53fd527990916f0611cee,NG-PLC-000550,PLACE,Suncove,simulation,BLOCKED,NAME_NOT_PUBLIC|NO_NNGLA_PUBLICATION_RECORD,,,1
readcandidate:nngla:7e929bc15ad4ab333241a0dc43c3019900af35a434eb8f7894c2f21c0645579c,NG-PLC-000551,PLACE,Mistral Bay,simulation,BLOCKED,NAME_NOT_PUBLIC|NO_NNGLA_PUBLICATION_RECORD,,,1
readcandidate:nngla:b75d5b5f455ecf4e4815fa0c9c94d246901843dfcd44cbf835f1a4c09cd6fde0,NG-PLC-000552,PLACE,Cliffhaven,simulation,BLOCKED,NAME_NOT_PUBLIC|NO_NNGLA_PUBLICATION_RECORD,,,1
readcandidate:nngla:14e24a05b6e1e3c5fa6611f6d03946051c375c2f698e6b05d49dc8eea4f3dc18,NG-PLC-000553,PLACE,Coralstep,simulation,BLOCKED,NAME_NOT_PUBLIC|NO_NNGLA_PUBLICATION_RECORD,,,1
readcandidate:nngla:baa11c35e23d49c5fd94df53f930db8a9b6c321292b2cc8c42e68d501cd23fcd,NG-PLC-000554,PLACE,Windport,simulation,BLOCKED,NAME_NOT_PUBLIC|NO_NNGLA_PUBLICATION_RECORD,,,1
readcandidate:nngla:95d22524f1d83244cfe1427865aafc74e1b193805f6a29b514978da8257b95fc,NG-PLC-000555,PLACE,White Dune,simulation,BLOCKED,NAME_NOT_PUBLIC|NO_NNGLA_PUBLICATION_RECORD,,,1
readcandidate:nngla:23809bb271339256ffdfd1f00d731705eb9c6e34e48fe38056c56f4e50b234e8,NG-PLC-000556,PLACE,Blue Cape,simulation,BLOCKED,NAME_NOT_PUBLIC|NO_NNGLA_PUBLICATION_RECORD,,,1
readcandidate:nngla:a84b1e2e7762310f9f3f31833a9c6eff5901da00622b8ade4ef00512f213c3ea,NG-PLC-000557,PLACE,Coral Bay East,simulation,BLOCKED,NAME_NOT_PUBLIC|NO_NNGLA_PUBLICATION_RECORD,,,1
readcandidate:nngla:d48bd09044a46fa72de3bc77d877ccde3c7c9617b8ac7902943e0dfe8a7d7985,NG-PLC-000558,PLACE,Azura Point,simulation,BLOCKED,NAME_NOT_PUBLIC|NO_NNGLA_PUBLICATION_RECORD,,,1
readcandidate:nngla:12aef0796d66289d29419ec695719cab77b5983ae432b678ab4759bf090a1a0c,NG-PLC-000559,PLACE,Reefline,simulation,BLOCKED,NAME_NOT_PUBLIC|NO_NNGLA_PUBLICATION_RECORD,,,1
readcandidate:nngla:211a2e2868a35ea1cd7e7d92dcdf254bf8a616cadf226a9673329f942ac23544,NG-PLC-000560,PLACE,El-Maren South,simulation,BLOCKED,NAME_NOT_PUBLIC|NO_NNGLA_PUBLICATION_RECORD,,,1
readcandidate:nngla:06a0845c7d4de7c8b5f7341cb262c7f645a90b6f54cdfd38cb59cdb435cac8f0,NG-PLC-000561,PLACE,Marenya Cross,simulation,BLOCKED,NAME_NOT_PUBLIC|NO_NNGLA_PUBLICATION_RECORD,,,1
readcandidate:nngla:bd125cd30e2ffea74c7dc61be5a5978e60883fa46b35fa4c5cb4ad8cad2cf0c8,NG-PLC-000562,PLACE,Pearl Row,simulation,BLOCKED,NAME_NOT_PUBLIC|NO_NNGLA_PUBLICATION_RECORD,,,1
readcandidate:nngla:3aaac1418ec4ca1c613daa25fb2045c67e574b64855d583bdbfd8a6f991dcca6,NG-PLC-000563,PLACE,Seacliff Lower,simulation,BLOCKED,NAME_NOT_PUBLIC|NO_NNGLA_PUBLICATION_RECORD,,,1
readcandidate:nngla:646acfacd3cba072a70d31085b254aebae53b99985c39c2a13522645e1cb975c,NG-PLC-000564,PLACE,Windport Gate,simulation,BLOCKED,NAME_NOT_PUBLIC|NO_NNGLA_PUBLICATION_RECORD,,,1
readcandidate:nngla:29a97755a00a811d2a3810f130490fce6b42d5113134b60403a367313dccfac7,NG-PLC-000565,PLACE,Blue Cape End,simulation,BLOCKED,NAME_NOT_PUBLIC|NO_NNGLA_PUBLICATION_RECORD,,,1
readcandidate:nngla:18ff44fb102fb8ef46bcf7917a0126bf48255d276240602d19f2350fba931150,NG-PLC-000566,PLACE,Old Azura,simulation,BLOCKED,NAME_NOT_PUBLIC|NO_NNGLA_PUBLICATION_RECORD,,,1
readcandidate:nngla:6e8b17ec856595c003a6bd0056192ecaecf3459a77c8f198731306c145ee41e7,NG-PLC-000567,PLACE,Azura Cove,simulation,BLOCKED,NAME_NOT_PUBLIC|NO_NNGLA_PUBLICATION_RECORD,,,1
readcandidate:nngla:813a62e7073bd151ef3df79e12a3ce0f33cb3d3ec93f84f029a3c693119483e7,NG-PLC-000568,PLACE,Upper Lysaven,simulation,BLOCKED,NAME_NOT_PUBLIC|NO_NNGLA_PUBLICATION_RECORD,,,1
readcandidate:nngla:ecc3b5e6967a4cf839a57f9445c17996fc7dbde0fe9693849b5802a30360ab9d,NG-PLC-000569,PLACE,Lysaven Beach,simulation,BLOCKED,NAME_NOT_PUBLIC|NO_NNGLA_PUBLICATION_RECORD,,,1
readcandidate:nngla:b0c05085cddaa4a107ed52fe46018f4209d38bb51513164c8ae52140b022f1c1,NG-PLC-000570,PLACE,East Reefcross,simulation,BLOCKED,NAME_NOT_PUBLIC|NO_NNGLA_PUBLICATION_RECORD,,,1
readcandidate:nngla:61aa8c4dd329dbf79ad9147180a1c842313535ca155399261f95bec35ed19734,NG-PLC-000571,PLACE,Reefcross Palm,simulation,BLOCKED,NAME_NOT_PUBLIC|NO_NNGLA_PUBLICATION_RECORD,,,1
readcandidate:nngla:50cdeb9595d7dabc31915be96ca0b79aafba6cd8de6bc57008a86dbafb69c9b0,NG-PLC-000572,PLACE,Lower Bellamar,simulation,BLOCKED,NAME_NOT_PUBLIC|NO_NNGLA_PUBLICATION_RECORD,,,1
readcandidate:nngla:0c1a5708c85fe1faa9cdafa3f55fb72f0c8fdb08847a0c99be6f09a89d56236f,NG-PLC-000573,PLACE,Bellamar Creek,simulation,BLOCKED,NAME_NOT_PUBLIC|NO_NNGLA_PUBLICATION_RECORD,,,1
readcandidate:nngla:2d1701558febc761121d9db71b98be0e821bdebbb4ca80fb198ab9aaeb0be0fb,NG-PLC-000574,PLACE,South Seaglass,simulation,BLOCKED,NAME_NOT_PUBLIC|NO_NNGLA_PUBLICATION_RECORD,,,1
readcandidate:nngla:178a2af84007a996e3c99a8fefef41294df9352bbfe8c211d39c32b5dea4c7ea,NG-PLC-000575,PLACE,Seaglass Point,simulation,BLOCKED,NAME_NOT_PUBLIC|NO_NNGLA_PUBLICATION_RECORD,,,1
readcandidate:nngla:8aacb5d3bdfd89ca0851c7f70ca5494d352d357979f23efa6431da5255027dde,NG-PLC-000576,PLACE,Marenya Strand,simulation,BLOCKED,NAME_NOT_PUBLIC|NO_NNGLA_PUBLICATION_RECORD,,,1
readcandidate:nngla:941c3f9d9b0291e68c44ca3ff448c11d437b0988cf454287cd2e7294c4bc1080,NG-PLC-000577,PLACE,Marenya Reef,simulation,BLOCKED,NAME_NOT_PUBLIC|NO_NNGLA_PUBLICATION_RECORD,,,1
readcandidate:nngla:101493c0e3f11b148201660b2a5122a2dee1d9ec5b17e897d6c68b6e193d9b18,NG-PLC-000578,PLACE,North Marenza,simulation,BLOCKED,NAME_NOT_PUBLIC|NO_NNGLA_PUBLICATION_RECORD,,,1
readcandidate:nngla:55267c6a33b7e72f2ecb6f76c444a66f45fcd9e251ace760e7ad637c288dfea1,NG-PLC-000579,PLACE,Marenza Bay,simulation,BLOCKED,NAME_NOT_PUBLIC|NO_NNGLA_PUBLICATION_RECORD,,,1
readcandidate:nngla:995d69841c06c1195c2ef59dd76adc399b85a19345a00078b7613aec81011ff2,NG-PLC-000580,PLACE,Pearlstrand Lagoon,simulation,BLOCKED,NAME_NOT_PUBLIC|NO_NNGLA_PUBLICATION_RECORD,,,1
readcandidate:nngla:8f4837da03a6a3318393761d22b5903d07da39309635e5fc0655514561cc02db,NG-PLC-000581,PLACE,Pearlstrand Walk,simulation,BLOCKED,NAME_NOT_PUBLIC|NO_NNGLA_PUBLICATION_RECORD,,,1
readcandidate:nngla:09c2ea775084c384d7c41b389abadb467f68353fd59b48a9a19330908587fdd1,NG-PLC-000582,PLACE,West Suncove,simulation,BLOCKED,NAME_NOT_PUBLIC|NO_NNGLA_PUBLICATION_RECORD,,,1
readcandidate:nngla:1f208b5cded1d5245eaeddb1bc56fec7161d9e8596ac7310724de720efaef1db,NG-PLC-000583,PLACE,Suncove Shore,simulation,BLOCKED,NAME_NOT_PUBLIC|NO_NNGLA_PUBLICATION_RECORD,,,1
readcandidate:nngla:e46ad7fafcaa249c3d828f44bf5e1ea292be8d6f1e80b8034bc647ba7084ba29,NG-PLC-000584,PLACE,Mistral Bay Dune,simulation,BLOCKED,NAME_NOT_PUBLIC|NO_NNGLA_PUBLICATION_RECORD,,,1
readcandidate:nngla:de4df8b56ee3e000a42756c30f2ecc4611a67eff4bd8f29d53fba97b1e26abe2,NG-PLC-000585,PLACE,Mistral Bay Harbour,simulation,BLOCKED,NAME_NOT_PUBLIC|NO_NNGLA_PUBLICATION_RECORD,,,1
readcandidate:nngla:e7a3a3e4020d794f40bdf38140f3419ff1a38e671f272c385a68bdd1a270083c,NG-PLC-000586,PLACE,Old Cliffhaven,simulation,BLOCKED,NAME_NOT_PUBLIC|NO_NNGLA_PUBLICATION_RECORD,,,1
readcandidate:nngla:ab9eac2c0a5f8e21b3b444d5374205470e50769401c7545d12e17b268064bdd9,NG-PLC-000587,PLACE,Cliffhaven Cape,simulation,BLOCKED,NAME_NOT_PUBLIC|NO_NNGLA_PUBLICATION_RECORD,,,1
readcandidate:nngla:d8451f18d6b8955d3db56ccb373b022fd68211cfb81faee118157ec79d58a3a1,NG-PLC-000588,PLACE,Coralstep Coral,simulation,BLOCKED,NAME_NOT_PUBLIC|NO_NNGLA_PUBLICATION_RECORD,,,1
readcandidate:nngla:b8472e00b9a6689f4134ce35f03e9c3150cbece2f3a302b31743fda5410eba31,NG-PLC-000589,PLACE,Coralstep Rest,simulation,BLOCKED,NAME_NOT_PUBLIC|NO_NNGLA_PUBLICATION_RECORD,,,1
readcandidate:nngla:1120d2357cc1e17acf431f8abf945bdc3f3e1522e3c3162341db040d3f4814d2,NG-PLC-000590,PLACE,Upper Windport,simulation,BLOCKED,NAME_NOT_PUBLIC|NO_NNGLA_PUBLICATION_RECORD,,,1
readcandidate:nngla:8fc744d7139f9079259de749a142c2b11339d06fc8919f20c5ee1bc1e01acdca,NG-PLC-000591,PLACE,Windport Cliff,simulation,BLOCKED,NAME_NOT_PUBLIC|NO_NNGLA_PUBLICATION_RECORD,,,1
readcandidate:nngla:7654766217a1b86522078d590c271db6f6aa4fe33df5d42543ddd5d849822250,NG-PLC-000592,PLACE,White Dune Wind,simulation,BLOCKED,NAME_NOT_PUBLIC|NO_NNGLA_PUBLICATION_RECORD,,,1
readcandidate:nngla:af0741642e7a7f04fba0831d774d3dd3af4f3044debeb6d5cc5d4f76693a5966,NG-PLC-000593,PLACE,White Dune Terrace,simulation,BLOCKED,NAME_NOT_PUBLIC|NO_NNGLA_PUBLICATION_RECORD,,,1
readcandidate:nngla:c3ba883b909af61c4583be78e1306bba90ef2f3b44c3186f0e243bbdb107be69,NG-PLC-000594,PLACE,Blue Cape Sail,simulation,BLOCKED,NAME_NOT_PUBLIC|NO_NNGLA_PUBLICATION_RECORD,,,1
readcandidate:nngla:27aa9907a89248cefe17e6a2f5dc0e3a74f8d8c9e3af7e1c675db13001822374,NG-PLC-000595,PLACE,Blue Cape Sands,simulation,BLOCKED,NAME_NOT_PUBLIC|NO_NNGLA_PUBLICATION_RECORD,,,1
readcandidate:nngla:dc44bb55785d4e8d5db8cc3d028a343ea17b27007af868d9b220c03459eac391,NG-PLC-000596,PLACE,Palm Basket,simulation,BLOCKED,NAME_NOT_PUBLIC|NO_NNGLA_PUBLICATION_RECORD,,,1
readcandidate:nngla:697cc9607f175cd73150ae42065c5e1dfaa8fda2862de0cb86959028dfd49770,NG-PLC-000597,PLACE,Coral Market,simulation,BLOCKED,NAME_NOT_PUBLIC|NO_NNGLA_PUBLICATION_RECORD,,,1
readcandidate:nngla:5b5923c4b5a04f5f63d6836a22176f4e166fea42b9f25a2728460156402209c8,NG-PLC-000598,PLACE,Tide Cross,simulation,BLOCKED,NAME_NOT_PUBLIC|NO_NNGLA_PUBLICATION_RECORD,,,1
readcandidate:nngla:88763534d19e293af2a25af0b0016c774814ea748a9d7a7471cf2bf11ab42a56,NG-PLC-000599,PLACE,Pearl Exchange,simulation,BLOCKED,NAME_NOT_PUBLIC|NO_NNGLA_PUBLICATION_RECORD,,,1
readcandidate:nngla:495ecc676640f81defc60384b6e2be78721bc5455c70606f7430da2907824278,NG-PLC-000600,PLACE,Sailmakers' Gate,simulation,BLOCKED,NAME_NOT_PUBLIC|NO_NNGLA_PUBLICATION_RECORD,,,1
readcandidate:nngla:d0767df63d43de4e893863a788b7a0fc1599737450272b0fbd46056ca2f328c5,NG-PLC-000601,PLACE,BlueHarbor Trade Park,simulation,BLOCKED,NAME_NOT_PUBLIC|NO_NNGLA_PUBLICATION_RECORD,,,1
readcandidate:nngla:fcb528e01b1e17a7686b15d5e293a07ed15df28255ec2601dd465fcadb9c6e48,NG-PLC-000602,PLACE,Coral Foods Estate,simulation,BLOCKED,NAME_NOT_PUBLIC|NO_NNGLA_PUBLICATION_RECORD,,,1
readcandidate:nngla:cada9fd605c5979969fb083f61682ebc54f2bdd077cf15f583be69ee8ff33e96,NG-PLC-000603,PLACE,Merava Bay,simulation,BLOCKED,NAME_NOT_PUBLIC|NO_NNGLA_PUBLICATION_RECORD,,,1
readcandidate:nngla:09002b48ec9e3a44fc1562eed9c23d6f97d596b8ce69c384f9c802198e5af4b6,NG-PLC-000604,PLACE,Azure Palms,simulation,BLOCKED,NAME_NOT_PUBLIC|NO_NNGLA_PUBLICATION_RECORD,,,1
readcandidate:nngla:993df3daf3690506cc7ea672ab861e7c33a03ab2cfc2d062f07205fb26f27429,NG-PLC-000605,PLACE,Crescent Reef,simulation,BLOCKED,NAME_NOT_PUBLIC|NO_NNGLA_PUBLICATION_RECORD,,,1
readcandidate:nngla:5647258400a999975b1797b475390e35e24ffa638beedec91b9d67a948d6fba3,NG-PLC-000606,PLACE,Lysara Key,simulation,BLOCKED,NAME_NOT_PUBLIC|NO_NNGLA_PUBLICATION_RECORD,,,1
readcandidate:nngla:3e043d7f7a97ae85af5b8aa34aadc5cd88cc98537004ada64742aedbdc2612d9,NG-PLC-000607,PLACE,Bellamar Isle,simulation,BLOCKED,NAME_NOT_PUBLIC|NO_NNGLA_PUBLICATION_RECORD,,,1
readcandidate:nngla:af0ea712e6d741b1dfe298ba369e3d67ab6430e390290925058622ff60c2339b,NG-PLC-000608,PLACE,White Sail Island,simulation,BLOCKED,NAME_NOT_PUBLIC|NO_NNGLA_PUBLICATION_RECORD,,,1
readcandidate:nngla:87e0f8f372a93f0600979b569ff04cb51b7bdee0210f812df71a776619049b8d,NG-PLC-000609,PLACE,Port Meridian,simulation,BLOCKED,NAME_NOT_PUBLIC|NO_NNGLA_PUBLICATION_RECORD,,,1
readcandidate:nngla:bbd22781f5791ef216f7bb00f96d568afefeff619851c112f026e23bc6aac026,NG-PLC-000610,PLACE,Sabarin,simulation,BLOCKED,NAME_NOT_PUBLIC|NO_NNGLA_PUBLICATION_RECORD,,,1
readcandidate:nngla:33d76d5f930ff9d4a5a41a4ac1088225f9e428c7d317caeb5f4f33784fa2b412,NG-PLC-000611,PLACE,Tidecross,simulation,BLOCKED,NAME_NOT_PUBLIC|NO_NNGLA_PUBLICATION_RECORD,,,1
readcandidate:nngla:fb1269a44522e2f1f712feb9390ef054744522c207c1a97c24d8103d5c5372e1,NG-PLC-000612,PLACE,New Moriah,simulation,BLOCKED,NAME_NOT_PUBLIC|NO_NNGLA_PUBLICATION_RECORD,,,1
readcandidate:nngla:bfe510481208f2cadc4c5f7e136d67dfd2d999cf6c5583a6f25daac2e395231f,NG-PLC-000613,PLACE,Meridian Central,simulation,BLOCKED,NAME_NOT_PUBLIC|NO_NNGLA_PUBLICATION_RECORD,,,1
readcandidate:nngla:07505c681471c208e437cc54bbf9d94a56f669915dcac957ab3bbd46e089126e,NG-PLC-000614,PLACE,Docklands,simulation,BLOCKED,NAME_NOT_PUBLIC|NO_NNGLA_PUBLICATION_RECORD,,,1
readcandidate:nngla:ee97d99b41d17e37bb0ca89586dc2efbf6e199765d9070eeebc3d89c392c72d0,NG-PLC-000615,PLACE,Customs Quarter,simulation,BLOCKED,NAME_NOT_PUBLIC|NO_NNGLA_PUBLICATION_RECORD,,,1
readcandidate:nngla:d141d84393f72e1f4e8a229c95780806070bcccee35cca16c1336d23c40180b8,NG-PLC-000616,PLACE,Gulf Exchange,simulation,BLOCKED,NAME_NOT_PUBLIC|NO_NNGLA_PUBLICATION_RECORD,,,1
readcandidate:nngla:2aa3221e436e20951693c7204b5cbd5d47b3ef222a1c980ca9aa6592054f41fd,NG-PLC-000617,PLACE,Old Shipyard,simulation,BLOCKED,NAME_NOT_PUBLIC|NO_NNGLA_PUBLICATION_RECORD,,,1
readcandidate:nngla:a2209a056c512b373932eb5c10fa3e2b66a0124d3b50156c3c96e5a7a4c44a52,NG-PLC-000618,PLACE,Freeport Ward,simulation,BLOCKED,NAME_NOT_PUBLIC|NO_NNGLA_PUBLICATION_RECORD,,,1
readcandidate:nngla:a1479c1c63f8fac7e61050b44ea3475a6b51e9327e30ea868fb7987327a163f6,NG-PLC-000619,PLACE,Harbor Nine,simulation,BLOCKED,NAME_NOT_PUBLIC|NO_NNGLA_PUBLICATION_RECORD,,,1
readcandidate:nngla:781a4b41832b934f78037f25c66908ec8df4baf94bf29213b5eda096e07d1876,NG-PLC-000620,PLACE,East Terminal,simulation,BLOCKED,NAME_NOT_PUBLIC|NO_NNGLA_PUBLICATION_RECORD,,,1
readcandidate:nngla:f9db9a79d23848f95bf54632266b2fff9e6bb2c53e77e1563199ad245c3f91b6,NG-PLC-000621,PLACE,Sabarin Heights,simulation,BLOCKED,NAME_NOT_PUBLIC|NO_NNGLA_PUBLICATION_RECORD,,,1
readcandidate:nngla:5e0a0751e6bd7988048a968c2728463afc0e9b5b1f38b86afc7ee4a639cc9905,NG-PLC-000622,PLACE,Anchor Park,simulation,BLOCKED,NAME_NOT_PUBLIC|NO_NNGLA_PUBLICATION_RECORD,,,1
readcandidate:nngla:85613fbfee2c8476b70b296f177164094f1da30d7e02a3d4d195ae8c5c3cdfe1,NG-PLC-000623,PLACE,Tidegate,simulation,BLOCKED,NAME_NOT_PUBLIC|NO_NNGLA_PUBLICATION_RECORD,,,1
readcandidate:nngla:6d5eb2453bf1c3e3a88cf0b179af934c736ea6e3cf002d185de27b2cfb060215,NG-PLC-000624,PLACE,New Lisbon,simulation,BLOCKED,NAME_NOT_PUBLIC|NO_NNGLA_PUBLICATION_RECORD,,,1
readcandidate:nngla:678fbf37926fda8a5d0e5e9086f4527ceed92dc00cfc24dd08b15d4f4226f461,NG-PLC-000625,PLACE,Mariner's Rest,simulation,BLOCKED,NAME_NOT_PUBLIC|NO_NNGLA_PUBLICATION_RECORD,,,1
readcandidate:nngla:0958f7ec61d33f114afd73aeb30f632c9ee61fdde86fc03d86661e50734b7402,NG-PLC-000626,PLACE,Saltmeadow,simulation,BLOCKED,NAME_NOT_PUBLIC|NO_NNGLA_PUBLICATION_RECORD,,,1
readcandidate:nngla:2a07364a705b37bbf87c1b6b840f2f55ea61aa4c265e2a009f80e3a9c1661a26,NG-PLC-000627,PLACE,Moriah Gardens,simulation,BLOCKED,NAME_NOT_PUBLIC|NO_NNGLA_PUBLICATION_RECORD,,,1
readcandidate:nngla:e5640f9baa5dab0d5b609f5e922fceffa692268b00ec662b7544ffb331ef82d6,NG-PLC-000628,PLACE,Southpoint,simulation,BLOCKED,NAME_NOT_PUBLIC|NO_NNGLA_PUBLICATION_RECORD,,,1
readcandidate:nngla:7ee9b234a38519b04b735e47299282ea4cd1d17eb560541bdf94d7f77d4a0cb0,NG-PLC-000629,PLACE,Pelican Bay,simulation,BLOCKED,NAME_NOT_PUBLIC|NO_NNGLA_PUBLICATION_RECORD,,,1
readcandidate:nngla:7fb476b5888455ad1d164b9db0770318ad0a9d212ed08369f7cdadfc03e4e951,NG-PLC-000630,PLACE,Trosshaven,simulation,BLOCKED,NAME_NOT_PUBLIC|NO_NNGLA_PUBLICATION_RECORD,,,1
readcandidate:nngla:195279d6eb0e413891b00b27c2cee0e84bf4a51a07059f4ec48a5babf78193fb,NG-PLC-000631,PLACE,Beacon Ridge,simulation,BLOCKED,NAME_NOT_PUBLIC|NO_NNGLA_PUBLICATION_RECORD,,,1
readcandidate:nngla:a8a39e63f40c732dc7009ff949ada569608c69ecbd3a7c2a614584190c695fbe,NG-PLC-000632,PLACE,Estuary View,simulation,BLOCKED,NAME_NOT_PUBLIC|NO_NNGLA_PUBLICATION_RECORD,,,1
readcandidate:nngla:eee3dba25ff7d66563f8977088515262767d10e6b3a4410860bd5591748388a4,NG-PLC-000633,PLACE,Sabara,simulation,BLOCKED,NAME_NOT_PUBLIC|NO_NNGLA_PUBLICATION_RECORD,,,1
readcandidate:nngla:cd692071cb2cea37c2c27e11b2e61d5c93b6b230250c1211eb8c2e06c91bc92a,NG-PLC-000634,PLACE,Sabhira,simulation,BLOCKED,NAME_NOT_PUBLIC|NO_NNGLA_PUBLICATION_RECORD,,,1
readcandidate:nngla:1a3849949731eb92a5e94ae7174e1b589f412063af8e4bbbcefb6c87aa721b8c,NG-PLC-000635,PLACE,Gulfstone,simulation,BLOCKED,NAME_NOT_PUBLIC|NO_NNGLA_PUBLICATION_RECORD,,,1
readcandidate:nngla:9b26528ab5648c2d65748c3826fcb9c98ed361e2ed19eb4702f2f078088f7958,NG-PLC-000636,PLACE,Moriah Port,simulation,BLOCKED,NAME_NOT_PUBLIC|NO_NNGLA_PUBLICATION_RECORD,,,1
readcandidate:nngla:bf27c95536ced623cc3e5352fadac85839e9628f98a85c93d0351572d872bd6b,NG-PLC-000637,PLACE,Varekh,simulation,BLOCKED,NAME_NOT_PUBLIC|NO_NNGLA_PUBLICATION_RECORD,,,1
readcandidate:nngla:32b11b1672e8918fdfea288595d41969ca96d7effee9157bf303dc9f21dde5de,NG-PLC-000638,PLACE,Saltcross,simulation,BLOCKED,NAME_NOT_PUBLIC|NO_NNGLA_PUBLICATION_RECORD,,,1
readcandidate:nngla:19053529fdba8776fc90e7164fbdd94e4ce8f0549cc09621dfff310cd30be428,NG-PLC-000639,PLACE,Estuary Ford,simulation,BLOCKED,NAME_NOT_PUBLIC|NO_NNGLA_PUBLICATION_RECORD,,,1
readcandidate:nngla:da2e6fe74bbb981b480af8f55d3c2903ddc753ea6e848ac307fc084c13425f8c,NG-PLC-000640,PLACE,Tidelock,simulation,BLOCKED,NAME_NOT_PUBLIC|NO_NNGLA_PUBLICATION_RECORD,,,1
readcandidate:nngla:c7bc85983646b9a4fa583ef91b3937cf2f838c34602176d73b8bce6c2851e518,NG-PLC-000641,PLACE,Cormorant Bay,simulation,BLOCKED,NAME_NOT_PUBLIC|NO_NNGLA_PUBLICATION_RECORD,,,1
readcandidate:nngla:0ab93ee3caac47c19595e7eb78154baa3f92f78131e5e17d7431f94ba6e29c95,NG-PLC-000642,PLACE,Mangrove End,simulation,BLOCKED,NAME_NOT_PUBLIC|NO_NNGLA_PUBLICATION_RECORD,,,1
readcandidate:nngla:b0d90f20d7fbe29245e9e8a652332e34f5092dd8bfafafa27badfe2b1f09edbc,NG-PLC-000643,PLACE,El Mora,simulation,BLOCKED,NAME_NOT_PUBLIC|NO_NNGLA_PUBLICATION_RECORD,,,1
readcandidate:nngla:b0fafd7ff41aa14bf6582b5c57714ec08c8d960b933c3c1afe28e92ffec90f69,NG-PLC-000644,PLACE,Trossport,simulation,BLOCKED,NAME_NOT_PUBLIC|NO_NNGLA_PUBLICATION_RECORD,,,1
readcandidate:nngla:e55027245291420d6f1dc287a37c3ad44ff2b8efd2eab5a6702787627ef6108f,NG-PLC-000645,PLACE,Varnmouth,simulation,BLOCKED,NAME_NOT_PUBLIC|NO_NNGLA_PUBLICATION_RECORD,,,1
readcandidate:nngla:482a9571e0a153f6b6380d9fd0f4e26b220840c66c2367a9defba39c37de675e,NG-PLC-000646,PLACE,Beacon Wells,simulation,BLOCKED,NAME_NOT_PUBLIC|NO_NNGLA_PUBLICATION_RECORD,,,1
readcandidate:nngla:929ffc2122005caab8135a6e10710ca7cb914c93b0a7a356fa9efdc35dd66b6b,NG-PLC-000647,PLACE,Crescent Gulf,simulation,BLOCKED,NAME_NOT_PUBLIC|NO_NNGLA_PUBLICATION_RECORD,,,1
readcandidate:nngla:be5adc0674e6e4afc09fb85a22c186b4e4b6d8a0a5ddd7b927e60a6aeca86be7,NG-PLC-000648,PLACE,Sabarin East,simulation,BLOCKED,NAME_NOT_PUBLIC|NO_NNGLA_PUBLICATION_RECORD,,,1
readcandidate:nngla:29fa6d5cc004fc97c81014aedf055503fd64cb2e3f7529ec6306e2f314d34250,NG-PLC-000649,PLACE,Sabara Wharf,simulation,BLOCKED,NAME_NOT_PUBLIC|NO_NNGLA_PUBLICATION_RECORD,,,1
readcandidate:nngla:dc28deae68d8ef8f915968b96edbf38d976934975e9262c4035d1ad51ea27260,NG-PLC-000650,PLACE,Gulf Junction,simulation,BLOCKED,NAME_NOT_PUBLIC|NO_NNGLA_PUBLICATION_RECORD,,,1
readcandidate:nngla:e445bd96d5c56ec66ca61f6eed08cebd75a54207e6c2f3f034d46ff5415d172b,NG-PLC-000651,PLACE,Tidecross South,simulation,BLOCKED,NAME_NOT_PUBLIC|NO_NNGLA_PUBLICATION_RECORD,,,1
readcandidate:nngla:01f8fc68f68ed2deb892f82e91a134034ff9c423b2a4073ea27cfcca98d100eb,NG-PLC-000652,PLACE,Tidelock Row,simulation,BLOCKED,NAME_NOT_PUBLIC|NO_NNGLA_PUBLICATION_RECORD,,,1
readcandidate:nngla:4da2a1e2ab3b079b6d224b52a230a9c9ecc7b3413414059454eb60a25065a051,NG-PLC-000653,PLACE,Mangrove Gate,simulation,BLOCKED,NAME_NOT_PUBLIC|NO_NNGLA_PUBLICATION_RECORD,,,1
readcandidate:nngla:3a31d8bbb37e5ee237439032ac9f41b70b26a9070247b231a518a72db2137d01,NG-PLC-000654,PLACE,New Moriah North,simulation,BLOCKED,NAME_NOT_PUBLIC|NO_NNGLA_PUBLICATION_RECORD,,,1
readcandidate:nngla:daf57cc1685323ad4d98775df0573429120ac5f13ae926f6845aabdd3317b30d,NG-PLC-000655,PLACE,Tross Line,simulation,BLOCKED,NAME_NOT_PUBLIC|NO_NNGLA_PUBLICATION_RECORD,,,1
readcandidate:nngla:e73792b6d9ffd9428da3d1ae3bee309c3273978462b666208d60876ea928bffa,NG-PLC-000656,PLACE,Beacon Cross,simulation,BLOCKED,NAME_NOT_PUBLIC|NO_NNGLA_PUBLICATION_RECORD,,,1
readcandidate:nngla:84ac7ae0f2189da07a79634c75fff05a0484ae83cba352f20741f4e31a7cc759,NG-PLC-000657,PLACE,Old Sabara,simulation,BLOCKED,NAME_NOT_PUBLIC|NO_NNGLA_PUBLICATION_RECORD,,,1
readcandidate:nngla:b390e4e85558a3e1853bd4bc648a4b38ed45a8350fb749d07da26e47f807ba27,NG-PLC-000658,PLACE,Sabara Quay,simulation,BLOCKED,NAME_NOT_PUBLIC|NO_NNGLA_PUBLICATION_RECORD,,,1
readcandidate:nngla:42e897e0e1f26f48c9df25e3b29f3cde7e9bb19528eb21c15dd55c8fa1065202,NG-PLC-000659,PLACE,Upper Sabhira,simulation,BLOCKED,NAME_NOT_PUBLIC|NO_NNGLA_PUBLICATION_RECORD,,,1
readcandidate:nngla:2203bc8a0cea82ae1971555722a67de399456c21f1567562f3c090cbb706c05c,NG-PLC-000660,PLACE,Sabhira Creek,simulation,BLOCKED,NAME_NOT_PUBLIC|NO_NNGLA_PUBLICATION_RECORD,,,1
readcandidate:nngla:9df253f54acf274187e3d25e63c0f06dbad20fa8c9940768ee13ca4c47cb8dee,NG-PLC-000661,PLACE,East Gulfstone,simulation,BLOCKED,NAME_NOT_PUBLIC|NO_NNGLA_PUBLICATION_RECORD,,,1
readcandidate:nngla:cb432a1ca3910d50bc47087ee35a77edfb23509481edeef0dde995a6d6d93471,NG-PLC-000662,PLACE,Gulfstone Reach,simulation,BLOCKED,NAME_NOT_PUBLIC|NO_NNGLA_PUBLICATION_RECORD,,,1
readcandidate:nngla:a7457ce41f4eb2c5ccb84d6fc92a85ecad51b8d78a01860db6914dacb7eaf131,NG-PLC-000663,PLACE,Lower Moriah Port,simulation,BLOCKED,NAME_NOT_PUBLIC|NO_NNGLA_PUBLICATION_RECORD,,,1
readcandidate:nngla:7393d075307709a674d5fdffe488a815aee20fff0f500aaea53c007dcfe568c6,NG-PLC-000664,PLACE,Moriah Port Salt,simulation,BLOCKED,NAME_NOT_PUBLIC|NO_NNGLA_PUBLICATION_RECORD,,,1
readcandidate:nngla:4eba7fc5c9673e245fe6ee0a01c2e53d396f69625acd7de3690ae36fceda029c,NG-PLC-000665,PLACE,South Varekh,simulation,BLOCKED,NAME_NOT_PUBLIC|NO_NNGLA_PUBLICATION_RECORD,,,1
readcandidate:nngla:5f4bdecd589edd97d2b9c901352d6d3139c672f8d0c3456eec9e038d485b2085,NG-PLC-000666,PLACE,Varekh Point,simulation,BLOCKED,NAME_NOT_PUBLIC|NO_NNGLA_PUBLICATION_RECORD,,,1
readcandidate:nngla:1aebea37636632cc8c9110eaa147b222253b853c107bf86ea96f53671d4b2907,NG-PLC-000667,PLACE,Saltcross Dock,simulation,BLOCKED,NAME_NOT_PUBLIC|NO_NNGLA_PUBLICATION_RECORD,,,1
readcandidate:nngla:d96f28c1289e633e0c8a4dd3f01fa017e27a3663cc88e51c49dccf87a14bb779,NG-PLC-000668,PLACE,Saltcross Flats,simulation,BLOCKED,NAME_NOT_PUBLIC|NO_NNGLA_PUBLICATION_RECORD,,,1
readcandidate:nngla:83d7d03b7cd9e397b655213f066e97b562e2dc436878b6e1f02e20970be80549,NG-PLC-000669,PLACE,North Estuary Ford,simulation,BLOCKED,NAME_NOT_PUBLIC|NO_NNGLA_PUBLICATION_RECORD,,,1
readcandidate:nngla:fbd9d9cf0614df7c1d6cc9d8a9c0ff19195dfd90926ca797b799ae146ff4d8a5,NG-PLC-000670,PLACE,Estuary Ford Estuary,simulation,BLOCKED,NAME_NOT_PUBLIC|NO_NNGLA_PUBLICATION_RECORD,,,1
readcandidate:nngla:a9e81945cd4421777d52cce42c9589897b6eb0fc033241cbea2d8fd44b5db8de,NG-PLC-000671,PLACE,Tidelock Lock,simulation,BLOCKED,NAME_NOT_PUBLIC|NO_NNGLA_PUBLICATION_RECORD,,,1
readcandidate:nngla:14e5ed9f5f0367f95ac324b88c3a0f34227674fb62a99d099a53e1437c12e802,NG-PLC-000672,PLACE,Tidelock Bank,simulation,BLOCKED,NAME_NOT_PUBLIC|NO_NNGLA_PUBLICATION_RECORD,,,1
readcandidate:nngla:88ad48a1fbfa6e6e840c5f1e33b8cc6ad0280a8bcde8f82b91c3f03b1eb6a2dc,NG-PLC-000673,PLACE,West Cormorant Bay,simulation,BLOCKED,NAME_NOT_PUBLIC|NO_NNGLA_PUBLICATION_RECORD,,,1
readcandidate:nngla:ee8667eabd30adb2c45a5327a315e83a8f2dbb5d843b71bbb63d69ec6ff4780a,NG-PLC-000674,PLACE,Cormorant Bay Mangrove,simulation,BLOCKED,NAME_NOT_PUBLIC|NO_NNGLA_PUBLICATION_RECORD,,,1
readcandidate:nngla:de6dbff90043f22fbdf09924afd43fa8b6be9188929e6fd358bcfacf721958aa,NG-PLC-000675,PLACE,Mangrove End Anchorage,simulation,BLOCKED,NAME_NOT_PUBLIC|NO_NNGLA_PUBLICATION_RECORD,,,1
readcandidate:nngla:37ac145862634dd7a066d91adf3715732b2fa52a231b2b91ca5efc921259e175,NG-PLC-000676,PLACE,Mangrove End Bend,simulation,BLOCKED,NAME_NOT_PUBLIC|NO_NNGLA_PUBLICATION_RECORD,,,1
readcandidate:nngla:924c4920c4ae77758ceb0baef9000a5444617e4f6e156c9a6e583e04803ce87a,NG-PLC-000677,PLACE,Old El Mora,simulation,BLOCKED,NAME_NOT_PUBLIC|NO_NNGLA_PUBLICATION_RECORD,,,1
readcandidate:nngla:90c5270354d92ccf61b1196bcf7963d58e0d368261688ac9b6a21248e26535e8,NG-PLC-000678,PLACE,El Mora Gulf,simulation,BLOCKED,NAME_NOT_PUBLIC|NO_NNGLA_PUBLICATION_RECORD,,,1
readcandidate:nngla:3392574f82563329692af47f2dcdc7325e2f82f16b4b1ae0f4e6c7d2374b45f2,NG-PLC-000679,PLACE,Trossport Jetty,simulation,BLOCKED,NAME_NOT_PUBLIC|NO_NNGLA_PUBLICATION_RECORD,,,1
readcandidate:nngla:6bb274a49eb5c7b925bc754080cc3bec6e7cb006dcd053fbd19f85a346ee1e3c,NG-PLC-000680,PLACE,Trossport Inlet,simulation,BLOCKED,NAME_NOT_PUBLIC|NO_NNGLA_PUBLICATION_RECORD,,,1
readcandidate:nngla:cc9279a058d9d00e2ec3c9f39879607205a52ad6f351aa0519e8534c645925a0,NG-PLC-000681,PLACE,Upper Varnmouth,simulation,BLOCKED,NAME_NOT_PUBLIC|NO_NNGLA_PUBLICATION_RECORD,,,1
readcandidate:nngla:d9f3e78e08d796cd7f5c321c3b2e526cc431323ebf2283465f9ed888e6358e70,NG-PLC-000682,PLACE,Varnmouth Reach,simulation,BLOCKED,NAME_NOT_PUBLIC|NO_NNGLA_PUBLICATION_RECORD,,,1
readcandidate:nngla:6e40e48ad76bc0d10b8d5d546ceac6ed518253acec3bc2cec84ed608ce77ad57,NG-PLC-000683,PLACE,Beacon Wells North,simulation,BLOCKED,NAME_NOT_PUBLIC|NO_NNGLA_PUBLICATION_RECORD,,,1
readcandidate:nngla:143c1d7ccbbe8b03b88385cff652d68c2fa83e0d247a6d726788a8a751753b28,NG-PLC-000684,PLACE,Beacon Wells Shore,simulation,BLOCKED,NAME_NOT_PUBLIC|NO_NNGLA_PUBLICATION_RECORD,,,1
readcandidate:nngla:643babd1f9ef71db7ab44fa3e58cfadbe534a6a8266563d7f4adc6c016658507,NG-PLC-000685,PLACE,Crescent Gulf Sands,simulation,BLOCKED,NAME_NOT_PUBLIC|NO_NNGLA_PUBLICATION_RECORD,,,1
readcandidate:nngla:18ba6307832efce193d96bd504d2a68a4286a2ad98805df26a54b61372f89b8b,NG-PLC-000686,PLACE,Crescent Gulf Yard,simulation,BLOCKED,NAME_NOT_PUBLIC|NO_NNGLA_PUBLICATION_RECORD,,,1
readcandidate:nngla:616ed4700d52b34cea63112ea97c1f9560cbe5e578ab388d3206aebc08b4869e,NG-PLC-000687,PLACE,Spice Basket,simulation,BLOCKED,NAME_NOT_PUBLIC|NO_NNGLA_PUBLICATION_RECORD,,,1
readcandidate:nngla:8efe77bf153a97a1bd0e7bf1887f0dd32f2432a75eb3c1e6ab617d87ad82c52c,NG-PLC-000688,PLACE,Gulf Market,simulation,BLOCKED,NAME_NOT_PUBLIC|NO_NNGLA_PUBLICATION_RECORD,,,1
readcandidate:nngla:dd5701beb1688a3bfd95871a4ccea3d782d8b646d0975ab0fba5219f12a67c28,NG-PLC-000689,PLACE,Anchor Exchange,simulation,BLOCKED,NAME_NOT_PUBLIC|NO_NNGLA_PUBLICATION_RECORD,,,1
readcandidate:nngla:e6d47afd0cafd671d8870f6a81a94f06d8a05b41ededefc159991d2838f83d94,NG-PLC-000690,PLACE,Mangrove Cross,simulation,BLOCKED,NAME_NOT_PUBLIC|NO_NNGLA_PUBLICATION_RECORD,,,1
readcandidate:nngla:27b8a81a88688010428e95a69bb8ec7373e6cd1bc1d28ad6fadb92c26719c12a,NG-PLC-000691,PLACE,Customs Gate,simulation,BLOCKED,NAME_NOT_PUBLIC|NO_NNGLA_PUBLICATION_RECORD,,,1
readcandidate:nngla:8e0f142e81d22d917c8f2fe02db22e7d5ae706af907d690c5fa554fe7ecb7f50,NG-PLC-000692,PLACE,Meridian Free Zone,simulation,BLOCKED,NAME_NOT_PUBLIC|NO_NNGLA_PUBLICATION_RECORD,,,1
readcandidate:nngla:a74cdca3e34343f82ade43c920206390e0426807cd29d7d2c9165bf9c27f919a,NG-PLC-000693,PLACE,Gulf Shipworks Estate,simulation,BLOCKED,NAME_NOT_PUBLIC|NO_NNGLA_PUBLICATION_RECORD,,,1
readcandidate:nngla:b0f5ec3d5cc643d4a7b975ecdee73d921c3f50b0a160c2623b3e56f0bbebaca0,NG-PLC-000694,PLACE,Pearl Estuary,simulation,BLOCKED,NAME_NOT_PUBLIC|NO_NNGLA_PUBLICATION_RECORD,,,1
readcandidate:nngla:9ffd911206ab4db84fee9ff48c42847d04ac7068b45521eba5df2bbc9081e750,NG-PLC-000695,PLACE,Mariner's Key,simulation,BLOCKED,NAME_NOT_PUBLIC|NO_NNGLA_PUBLICATION_RECORD,,,1
readcandidate:nngla:14782b6a15ffcf2d8512dd7067f6e9ac4670caee78c733f24a13c0de01e18bff,NG-PLC-000696,PLACE,Saffron Coast,simulation,BLOCKED,NAME_NOT_PUBLIC|NO_NNGLA_PUBLICATION_RECORD,,,1
readcandidate:nngla:512ed3459f77492bb520bf09a3cd805dd1dde5814ea4095e67e661b531a0541b,NG-PLC-000697,PLACE,Moriah Key,simulation,BLOCKED,NAME_NOT_PUBLIC|NO_NNGLA_PUBLICATION_RECORD,,,1
readcandidate:nngla:23dbbf2bce1bd3eb9aef806bfc8def4810ddd83fcb4d8f6fd9e8704f57743f0a,NG-PLC-000698,PLACE,Tross Isle,simulation,BLOCKED,NAME_NOT_PUBLIC|NO_NNGLA_PUBLICATION_RECORD,,,1
readcandidate:nngla:ea2afb897f73007f2287af6e9cea0aa456d2784884df29248c92c901229e189c,NG-PLC-000699,PLACE,Pelican Key,simulation,BLOCKED,NAME_NOT_PUBLIC|NO_NNGLA_PUBLICATION_RECORD,,,1
readcandidate:nngla:7c878a394b7c4b50acec493fa895fe844fde8b71c6b33ac725c77998f13379bb,NG-PLC-000700,PLACE,Meridian Island,simulation,BLOCKED,NAME_NOT_PUBLIC|NO_NNGLA_PUBLICATION_RECORD,,,1
readcandidate:nngla:24414d0411c935d14c64cb32d9194269e1ade5ca5793289b298ea346cc677f54,NG-ADM-000001,ADMINISTRATIVE_AREA,Orivane Capital Territory,simulation,BLOCKED,NO_AUTHORITATIVE_GEOMETRY|NO_NNGLA_PUBLICATION_RECORD,,,1
readcandidate:nngla:3a088acab99ac4ee30b32581dbfc40f609eeb6e80c0ece8f55e241567789d4d6,NG-ADM-000002,ADMINISTRATIVE_AREA,Aelvar Highlands,simulation,BLOCKED,NO_AUTHORITATIVE_GEOMETRY|NO_NNGLA_PUBLICATION_RECORD,,,1
readcandidate:nngla:fe42d32f9abab97d216047c420a380b8bccb64d2800f25cc135cc09f218ccc74,NG-ADM-000003,ADMINISTRATIVE_AREA,Vondrel Plateau,simulation,BLOCKED,NO_AUTHORITATIVE_GEOMETRY|NO_NNGLA_PUBLICATION_RECORD,,,1
readcandidate:nngla:280219a3b96b8c319561021d42306504030c27d4af685d6cfcc400db665a857e,NG-ADM-000004,ADMINISTRATIVE_AREA,Nyara Basin,simulation,BLOCKED,NO_AUTHORITATIVE_GEOMETRY|NO_NNGLA_PUBLICATION_RECORD,,,1
readcandidate:nngla:c2b214de09133a34a01b67e1c3a8841575d22649a818515d1baf5986608236f7,NG-ADM-000005,ADMINISTRATIVE_AREA,Tekhara Rainbelt,simulation,BLOCKED,NO_AUTHORITATIVE_GEOMETRY|NO_NNGLA_PUBLICATION_RECORD,,,1
readcandidate:nngla:2379ba38dd17bb3decca812fc689788d8885fe182e65311c23235723ac71e31b,NG-ADM-000006,ADMINISTRATIVE_AREA,Barazin Drylands,simulation,BLOCKED,NO_AUTHORITATIVE_GEOMETRY|NO_NNGLA_PUBLICATION_RECORD,,,1
readcandidate:nngla:8187ff2cfe01aa0f2c581699128be2dc4d1eb1f8fa4c96e9fcbfb3530b38a2b8,NG-ADM-000007,ADMINISTRATIVE_AREA,Lysaran Coast,simulation,BLOCKED,NO_AUTHORITATIVE_GEOMETRY|NO_NNGLA_PUBLICATION_RECORD,,,1
readcandidate:nngla:bc25f6caa1dab3a641c2396a84be5e1c6a14c9a64c6f9c0884acb66739bac174,NG-ADM-000008,ADMINISTRATIVE_AREA,Sabaran Gulf,simulation,BLOCKED,NO_AUTHORITATIVE_GEOMETRY|NO_NNGLA_PUBLICATION_RECORD,,,1
readcandidate:nngla:ea4d32a9810ea6d00601ab4a6d3692736249f604173a14b36d319157ed632e8e,NG-ADM-000009,ADMINISTRATIVE_AREA,Orivane,simulation,BLOCKED,NO_AUTHORITATIVE_GEOMETRY|NO_NNGLA_PUBLICATION_RECORD,,,1
readcandidate:nngla:22e8fa3d29d18fdbc2fe78002d4d3cc703e13efe45d5f435d8f6038d41abb553,NG-ADM-000010,ADMINISTRATIVE_AREA,Bellwether,simulation,BLOCKED,NO_AUTHORITATIVE_GEOMETRY|NO_NNGLA_PUBLICATION_RECORD,,,1
readcandidate:nngla:aa949d6e3ef4bd54155ff9142a67b6df9063df01249a8bc0b4b45eec7dbfe6de,NG-ADM-000011,ADMINISTRATIVE_AREA,New Carrow,simulation,BLOCKED,NO_AUTHORITATIVE_GEOMETRY|NO_NNGLA_PUBLICATION_RECORD,,,1
readcandidate:nngla:5023b548070a98f4a874284127d178f76f3c7c0a3a47c33f59d257c5c6a1b9a4,NG-ADM-000012,ADMINISTRATIVE_AREA,East Meridian,simulation,BLOCKED,NO_AUTHORITATIVE_GEOMETRY|NO_NNGLA_PUBLICATION_RECORD,,,1
readcandidate:nngla:5db18deaf876a5ea3cec0e224caf59fdc1dcdfde3d2f79f7849e130af4d3cafd,NG-ADM-000013,ADMINISTRATIVE_AREA,Orivane Central,simulation,BLOCKED,NO_AUTHORITATIVE_GEOMETRY|NO_NNGLA_PUBLICATION_RECORD,,,1
readcandidate:nngla:d91d75d14247d307ae81326ee63e31e209cdae626486f5927611f25f0fd4514a,NG-ADM-000014,ADMINISTRATIVE_AREA,Civic Crescent,simulation,BLOCKED,NO_AUTHORITATIVE_GEOMETRY|NO_NNGLA_PUBLICATION_RECORD,,,1
readcandidate:nngla:0e1e21827e5952a4bb6a183cb199bd8b64540e958ee59700a7a4ac5015cfdfe3,NG-ADM-000015,ADMINISTRATIVE_AREA,Parliament Hill,simulation,BLOCKED,NO_AUTHORITATIVE_GEOMETRY|NO_NNGLA_PUBLICATION_RECORD,,,1
readcandidate:nngla:65caa4c8396182225b71471de3d7f81ed7cb21cf2cfcdac52ef463d6c4491ca3,NG-ADM-000016,ADMINISTRATIVE_AREA,Meridian Exchange,simulation,BLOCKED,NO_AUTHORITATIVE_GEOMETRY|NO_NNGLA_PUBLICATION_RECORD,,,1
readcandidate:nngla:ffcf7c30fb8dd0c1be1f7d528fc7cf37a0623576e3d8eb65196bcb114a6fe6a3,NG-ADM-000017,ADMINISTRATIVE_AREA,Old Orivane,simulation,BLOCKED,NO_AUTHORITATIVE_GEOMETRY|NO_NNGLA_PUBLICATION_RECORD,,,1
readcandidate:nngla:94971a69a6e587e64db1970aabca3c33eaefcdc6e2fe1dfa0957f0842bb4da12,NG-ADM-000018,ADMINISTRATIVE_AREA,Northmere Quarter,simulation,BLOCKED,NO_AUTHORITATIVE_GEOMETRY|NO_NNGLA_PUBLICATION_RECORD,,,1
readcandidate:nngla:f057bd6e150b12f3234f459a5c631f584f6e810fbfcd7dc0327b85b918387a9c,NG-ADM-000019,ADMINISTRATIVE_AREA,Embassy Arc,simulation,BLOCKED,NO_AUTHORITATIVE_GEOMETRY|NO_NNGLA_PUBLICATION_RECORD,,,1
readcandidate:nngla:6d5267ab179ebe736e5fa66132fbbbd2fc178b28e3ec276c78030ff3db5d9086,NG-ADM-000020,ADMINISTRATIVE_AREA,University Ring,simulation,BLOCKED,NO_AUTHORITATIVE_GEOMETRY|NO_NNGLA_PUBLICATION_RECORD,,,1
readcandidate:nngla:a81d51ec7b251f669e436809d9c05be938ddf2e141746213a0b40479412f5710,NG-ADM-000021,ADMINISTRATIVE_AREA,Maple Junction,simulation,BLOCKED,NO_AUTHORITATIVE_GEOMETRY|NO_NNGLA_PUBLICATION_RECORD,,,1
readcandidate:nngla:73cdc439e3fe41b079f0a00edee1e8ab928b5c99cbeba5d512a752dcc521bcb3,NG-ADM-000022,ADMINISTRATIVE_AREA,South Bell,simulation,BLOCKED,NO_AUTHORITATIVE_GEOMETRY|NO_NNGLA_PUBLICATION_RECORD,,,1
readcandidate:nngla:a1ba795d3908ffd627a2a1b34ae55ab79bc6ba95aafe517b918b64c68ac021d8,NG-ADM-000023,ADMINISTRATIVE_AREA,Orchard End,simulation,BLOCKED,NO_AUTHORITATIVE_GEOMETRY|NO_NNGLA_PUBLICATION_RECORD,,,1
readcandidate:nngla:310e94f0be60ab4320b5947f6accf6018536090223964a5265eca8195a071496,NG-ADM-000024,ADMINISTRATIVE_AREA,Carrowfield,simulation,BLOCKED,NO_AUTHORITATIVE_GEOMETRY|NO_NNGLA_PUBLICATION_RECORD,,,1
readcandidate:nngla:a4afab0fbf07484a0e8c61eb3c8ab5fe01518d8ec236ec265666e113366f142b,NG-ADM-000025,ADMINISTRATIVE_AREA,West Carrow,simulation,BLOCKED,NO_AUTHORITATIVE_GEOMETRY|NO_NNGLA_PUBLICATION_RECORD,,,1
readcandidate:nngla:421bdac309663d278b98ae854e52026ddc27a88b788a2c9d07ee73683194c64d,NG-ADM-000026,ADMINISTRATIVE_AREA,Low Crescent,simulation,BLOCKED,NO_AUTHORITATIVE_GEOMETRY|NO_NNGLA_PUBLICATION_RECORD,,,1
readcandidate:nngla:a058dcff915a9d77e31731f581ff66580de93f7f13b4a4a04bbee3cfc70ecd02,NG-ADM-000027,ADMINISTRATIVE_AREA,Meridian Gate,simulation,BLOCKED,NO_AUTHORITATIVE_GEOMETRY|NO_NNGLA_PUBLICATION_RECORD,,,1
readcandidate:nngla:77620d02425e04ca140690a06883f0bd40f1159cee8be0a6b5e2918134f1bcd1,NG-ADM-000028,ADMINISTRATIVE_AREA,Railview,simulation,BLOCKED,NO_AUTHORITATIVE_GEOMETRY|NO_NNGLA_PUBLICATION_RECORD,,,1
readcandidate:nngla:4cbd93b42920583899d1989e13e304f4819a00b07e29dfa507ed43d0dc91bf82,NG-ADM-000029,ADMINISTRATIVE_AREA,Eastbank,simulation,BLOCKED,NO_AUTHORITATIVE_GEOMETRY|NO_NNGLA_PUBLICATION_RECORD,,,1
readcandidate:nngla:c28b42a598097ce582f6926fe4da7d2fca00597df6a7c4355f39ae1c35181972,NG-ADM-000030,ADMINISTRATIVE_AREA,Eastline Industrial Park,simulation,BLOCKED,NO_AUTHORITATIVE_GEOMETRY|NO_NNGLA_PUBLICATION_RECORD,,,1
readcandidate:nngla:67f0c7a4b3e882bc48b5a54a2f787f36efe117d6b846655e6b5aa66b7ef2e007,NG-ADM-000031,ADMINISTRATIVE_AREA,Capital Logistics Zone,simulation,BLOCKED,NO_AUTHORITATIVE_GEOMETRY|NO_NNGLA_PUBLICATION_RECORD,,,1
readcandidate:nngla:e2a0bb65a63e0ac03891f49de8e970eba4e953131f9c435e762bef82fd65996a,NG-ADM-000032,ADMINISTRATIVE_AREA,Northgate,simulation,BLOCKED,NO_AUTHORITATIVE_GEOMETRY|NO_NNGLA_PUBLICATION_RECORD,,,1
readcandidate:nngla:9ac3a0db0ba5b4729e879cc0585f5b1a3a5791f7ed5684605ab498b041448460,NG-ADM-000033,ADMINISTRATIVE_AREA,Caelith,simulation,BLOCKED,NO_AUTHORITATIVE_GEOMETRY|NO_NNGLA_PUBLICATION_RECORD,,,1
readcandidate:nngla:82c95ed2be13a05c41b09a493992b298541956cf5fc3ea57345515964745bca6,NG-ADM-000034,ADMINISTRATIVE_AREA,Skeldrun,simulation,BLOCKED,NO_AUTHORITATIVE_GEOMETRY|NO_NNGLA_PUBLICATION_RECORD,,,1
readcandidate:nngla:dbcb5cc343650bf95e99cd66d7cce6510349cb576544fdb2397699ca01dc33fa,NG-ADM-000035,ADMINISTRATIVE_AREA,Pinebarrow,simulation,BLOCKED,NO_AUTHORITATIVE_GEOMETRY|NO_NNGLA_PUBLICATION_RECORD,,,1
readcandidate:nngla:dc09d3cc5b5bbe42d69919aaacb992eafc32419426dcd5d7fd3b6c471e60e286,NG-ADM-000036,ADMINISTRATIVE_AREA,Crown Steps,simulation,BLOCKED,NO_AUTHORITATIVE_GEOMETRY|NO_NNGLA_PUBLICATION_RECORD,,,1
readcandidate:nngla:92f2cb5bc948b942845d2b661bc588838f74d1f0ab7765fc4361e7e9d432b5b0,NG-ADM-000037,ADMINISTRATIVE_AREA,Highgate Core,simulation,BLOCKED,NO_AUTHORITATIVE_GEOMETRY|NO_NNGLA_PUBLICATION_RECORD,,,1
readcandidate:nngla:3593cac0d1b770509492897dca3cc30c3051afe6f2b8fa9eee15c57ac9a722d6,NG-ADM-000038,ADMINISTRATIVE_AREA,Observatory Ward,simulation,BLOCKED,NO_AUTHORITATIVE_GEOMETRY|NO_NNGLA_PUBLICATION_RECORD,,,1
readcandidate:nngla:9cab6cb04dee9769e4cc6ddcd4ca8796d77410357009839d859d706958113000,NG-ADM-000039,ADMINISTRATIVE_AREA,Foundry Terrace,simulation,BLOCKED,NO_AUTHORITATIVE_GEOMETRY|NO_NNGLA_PUBLICATION_RECORD,,,1
readcandidate:nngla:bbfddaeff902afd22a628e3440ec815e570995f19067146c6080fe3e7e6ab32c,NG-ADM-000040,ADMINISTRATIVE_AREA,Old Switchback,simulation,BLOCKED,NO_AUTHORITATIVE_GEOMETRY|NO_NNGLA_PUBLICATION_RECORD,,,1
readcandidate:nngla:1588b631dc91629d49a3e270b3135e50458990e5536be75edcf0d24b7046d447,NG-ADM-000041,ADMINISTRATIVE_AREA,Alpine Exchange,simulation,BLOCKED,NO_AUTHORITATIVE_GEOMETRY|NO_NNGLA_PUBLICATION_RECORD,,,1
readcandidate:nngla:061766cfe330828c7ee45a55ff6d6d14f31fe800f32084e88af977b228c32bdd,NG-ADM-000042,ADMINISTRATIVE_AREA,Northgate University District,simulation,BLOCKED,NO_AUTHORITATIVE_GEOMETRY|NO_NNGLA_PUBLICATION_RECORD,,,1
readcandidate:nngla:f7c938a539242c1b63d5431b2626c8f4862fe92e36b0e65fa0b2d10d6ca3d80b,NG-ADM-000043,ADMINISTRATIVE_AREA,Cloudline,simulation,BLOCKED,NO_AUTHORITATIVE_GEOMETRY|NO_NNGLA_PUBLICATION_RECORD,,,1
readcandidate:nngla:547ecce3e4e06a76b01e295d0f662c73af48dc9a1043acf8b655126b0f849da8,NG-ADM-000044,ADMINISTRATIVE_AREA,Lower Caelith,simulation,BLOCKED,NO_AUTHORITATIVE_GEOMETRY|NO_NNGLA_PUBLICATION_RECORD,,,1
readcandidate:nngla:1bf64c93d3f6046dc87b1cc26733cb65349337eea229f2b206e4db6fbfbe12d7,NG-ADM-000045,ADMINISTRATIVE_AREA,Glen Kael,simulation,BLOCKED,NO_AUTHORITATIVE_GEOMETRY|NO_NNGLA_PUBLICATION_RECORD,,,1
readcandidate:nngla:252075b3032832f186cdd6835d444017d13bb7162f9a994e235e40077433322e,NG-ADM-000046,ADMINISTRATIVE_AREA,Passfield,simulation,BLOCKED,NO_AUTHORITATIVE_GEOMETRY|NO_NNGLA_PUBLICATION_RECORD,,,1
readcandidate:nngla:436b448be7adaa6a72b4d9414d60091049411ef9af53bef6b8dacc5589517090,NG-ADM-000047,ADMINISTRATIVE_AREA,South Skeldrun,simulation,BLOCKED,NO_AUTHORITATIVE_GEOMETRY|NO_NNGLA_PUBLICATION_RECORD,,,1
readcandidate:nngla:14b0c5cfebc9ba498c98357bc3f2d8157a4e37dd812eb6c826a92da4469da50a,NG-ADM-000048,ADMINISTRATIVE_AREA,Icebrook,simulation,BLOCKED,NO_AUTHORITATIVE_GEOMETRY|NO_NNGLA_PUBLICATION_RECORD,,,1
readcandidate:nngla:9d5f46ca5a2d533cf423b4efe6b535fb53245342e88b47893f66140cd44a383f,NG-ADM-000049,ADMINISTRATIVE_AREA,Mill Crag,simulation,BLOCKED,NO_AUTHORITATIVE_GEOMETRY|NO_NNGLA_PUBLICATION_RECORD,,,1
readcandidate:nngla:7468144366b2f583449f67fdc6788a63c46db1faea7e796404426466b7308efa,NG-ADM-000050,ADMINISTRATIVE_AREA,East Pinebarrow,simulation,BLOCKED,NO_AUTHORITATIVE_GEOMETRY|NO_NNGLA_PUBLICATION_RECORD,,,1
readcandidate:nngla:b07d7675caff53de1355298ed50ed182990395e283ff40c9f5b602718b034012,NG-ADM-000051,ADMINISTRATIVE_AREA,Woodcutters' Line,simulation,BLOCKED,NO_AUTHORITATIVE_GEOMETRY|NO_NNGLA_PUBLICATION_RECORD,,,1
readcandidate:nngla:e0362c38cae291be5a7731f0519dee6617747b54ea15b92cf86e12c6be04caf6,NG-ADM-000052,ADMINISTRATIVE_AREA,Briar Junction,simulation,BLOCKED,NO_AUTHORITATIVE_GEOMETRY|NO_NNGLA_PUBLICATION_RECORD,,,1
readcandidate:nngla:45f8bda413d7c518c849bb0b255b58c712e253dc618b3fb828fde54f3e6848c8,NG-ADM-000053,ADMINISTRATIVE_AREA,Cloudworks Industrial Park,simulation,BLOCKED,NO_AUTHORITATIVE_GEOMETRY|NO_NNGLA_PUBLICATION_RECORD,,,1
readcandidate:nngla:726d1b10ee03520c88e9c0d14ceec535870f2cb40c47c0369ca248c637c23c08,NG-ADM-000054,ADMINISTRATIVE_AREA,Granite Rail Estate,simulation,BLOCKED,NO_AUTHORITATIVE_GEOMETRY|NO_NNGLA_PUBLICATION_RECORD,,,1
readcandidate:nngla:f192cc321ab19354da084db4393bd978989be2ddd6e55a55138f7a15c07afe53,NG-ADM-000055,ADMINISTRATIVE_AREA,Vondara,simulation,BLOCKED,NO_AUTHORITATIVE_GEOMETRY|NO_NNGLA_PUBLICATION_RECORD,,,1
readcandidate:nngla:3fe8f611126e89ee62934e7403662e14809feb2c5880edaf1399ab9c03a1903e,NG-ADM-000056,ADMINISTRATIVE_AREA,Greenbarrow,simulation,BLOCKED,NO_AUTHORITATIVE_GEOMETRY|NO_NNGLA_PUBLICATION_RECORD,,,1
readcandidate:nngla:a1f49349d33599ce234fa46accc938b13440e378a35eb985d002ab9d74cdc0cc,NG-ADM-000057,ADMINISTRATIVE_AREA,Kestrel Plain,simulation,BLOCKED,NO_AUTHORITATIVE_GEOMETRY|NO_NNGLA_PUBLICATION_RECORD,,,1
readcandidate:nngla:7a99d38b7d53db4d2113d4781cd4fcfb2ea3f43167a265aa4f859323af147ae6,NG-ADM-000058,ADMINISTRATIVE_AREA,Solmere,simulation,BLOCKED,NO_AUTHORITATIVE_GEOMETRY|NO_NNGLA_PUBLICATION_RECORD,,,1
readcandidate:nngla:0093b4899223eea80f5a4607d66d7defdd59478a5cb56db8b7d6041fd70e13e0,NG-ADM-000059,ADMINISTRATIVE_AREA,Vondara Central,simulation,BLOCKED,NO_AUTHORITATIVE_GEOMETRY|NO_NNGLA_PUBLICATION_RECORD,,,1
readcandidate:nngla:5b03cda35cac42043da3818b14d71f5c01c08f935ac1b5567ceda70f35e7c29c,NG-ADM-000060,ADMINISTRATIVE_AREA,Grain Exchange,simulation,BLOCKED,NO_AUTHORITATIVE_GEOMETRY|NO_NNGLA_PUBLICATION_RECORD,,,1
readcandidate:nngla:ae957830e69c29f61b7333a3f682d238cc5232840bca958639680c19ec853440,NG-ADM-000061,ADMINISTRATIVE_AREA,Copperleaf Ward,simulation,BLOCKED,NO_AUTHORITATIVE_GEOMETRY|NO_NNGLA_PUBLICATION_RECORD,,,1
readcandidate:nngla:01a35d4aaf4a501e01a28bacd174237e59082d92782216e2b92203689be684b5,NG-ADM-000062,ADMINISTRATIVE_AREA,Makers' Quarter,simulation,BLOCKED,NO_AUTHORITATIVE_GEOMETRY|NO_NNGLA_PUBLICATION_RECORD,,,1
readcandidate:nngla:ddabb66aa8f3cfbc03f0eaf7a0e757791cdfa4b52ed1300ff6a48474adcc4734,NG-ADM-000063,ADMINISTRATIVE_AREA,East Viaduct,simulation,BLOCKED,NO_AUTHORITATIVE_GEOMETRY|NO_NNGLA_PUBLICATION_RECORD,,,1
readcandidate:nngla:1d6ef13e4276b52c2bfa4931a8bc8779bd93654077840c3f3f8d19adfd2cc92f,NG-ADM-000064,ADMINISTRATIVE_AREA,Old Granary,simulation,BLOCKED,NO_AUTHORITATIVE_GEOMETRY|NO_NNGLA_PUBLICATION_RECORD,,,1
readcandidate:nngla:6656520c751fd8b0b9eda142b882b7f3c7990e24e6f31b0422b973f329e0466e,NG-ADM-000065,ADMINISTRATIVE_AREA,Innovation Loop,simulation,BLOCKED,NO_AUTHORITATIVE_GEOMETRY|NO_NNGLA_PUBLICATION_RECORD,,,1
readcandidate:nngla:7e50fd0a6faaa9aca5bfe6cdb343db838ee7e14ccda0005a63366de35477e15e,NG-ADM-000066,ADMINISTRATIVE_AREA,Grand Station,simulation,BLOCKED,NO_AUTHORITATIVE_GEOMETRY|NO_NNGLA_PUBLICATION_RECORD,,,1
readcandidate:nngla:eb848570afa182097bf810a0bc75f783fea7a8f24fb531bacf8096aeb69d96a7,NG-ADM-000067,ADMINISTRATIVE_AREA,Vondel Junction,simulation,BLOCKED,NO_AUTHORITATIVE_GEOMETRY|NO_NNGLA_PUBLICATION_RECORD,,,1
readcandidate:nngla:b1132bfb24f758ba4d642f77bc4371b22c2c0648271899e2cbb003155d394525,NG-ADM-000068,ADMINISTRATIVE_AREA,Meadow Junction,simulation,BLOCKED,NO_AUTHORITATIVE_GEOMETRY|NO_NNGLA_PUBLICATION_RECORD,,,1
readcandidate:nngla:23ac9c171860dee5334e9c79f2cbc8c39325584b77aa22281b28f03af3358c96,NG-ADM-000069,ADMINISTRATIVE_AREA,Grainview,simulation,BLOCKED,NO_AUTHORITATIVE_GEOMETRY|NO_NNGLA_PUBLICATION_RECORD,,,1
readcandidate:nngla:30fd6898907317d4d4bcf5bafa516f5f66bb54e8c5fc9b3b7664424851487240,NG-ADM-000070,ADMINISTRATIVE_AREA,Kestrel East,simulation,BLOCKED,NO_AUTHORITATIVE_GEOMETRY|NO_NNGLA_PUBLICATION_RECORD,,,1
readcandidate:nngla:05c851fbd9ed9919b380eb15f59c5cd6bc173525f214a0338bdda4860a815dee,NG-ADM-000071,ADMINISTRATIVE_AREA,Windmill Row,simulation,BLOCKED,NO_AUTHORITATIVE_GEOMETRY|NO_NNGLA_PUBLICATION_RECORD,,,1
readcandidate:nngla:3e6424506eb56ac0ed787c691d819d9aa84d2785c0faf426111eefd3aa7d15a6,NG-ADM-000072,ADMINISTRATIVE_AREA,Broadacre South,simulation,BLOCKED,NO_AUTHORITATIVE_GEOMETRY|NO_NNGLA_PUBLICATION_RECORD,,,1
readcandidate:nngla:bfa4961835ee59808ff480f53b78b5286ea3d12b4a344eb2a81e6ebeb0fd7b76,NG-ADM-000073,ADMINISTRATIVE_AREA,Solmere Gate,simulation,BLOCKED,NO_AUTHORITATIVE_GEOMETRY|NO_NNGLA_PUBLICATION_RECORD,,,1
readcandidate:nngla:5a3441c2aa2793495f42067ddbb1bb2312cfc0374df335e74719d73bdbdbd772,NG-ADM-000074,ADMINISTRATIVE_AREA,Ashkar Cross,simulation,BLOCKED,NO_AUTHORITATIVE_GEOMETRY|NO_NNGLA_PUBLICATION_RECORD,,,1
readcandidate:nngla:c730c2efc1cce9645b347d98c17dd5f3491db7cc355f1f205cfdeda5f31a1518,NG-ADM-000075,ADMINISTRATIVE_AREA,Cider Station,simulation,BLOCKED,NO_AUTHORITATIVE_GEOMETRY|NO_NNGLA_PUBLICATION_RECORD,,,1
readcandidate:nngla:77b1d0b9ac4949fa59bacf76c9350d9f901aef2f0792eddee5b84c4669ee7e2d,NG-ADM-000076,ADMINISTRATIVE_AREA,Vondara AgroTech Park,simulation,BLOCKED,NO_AUTHORITATIVE_GEOMETRY|NO_NNGLA_PUBLICATION_RECORD,,,1
readcandidate:nngla:6fa1cc22f32dadc0112a1152eb034975c4d8f4ed4b5b03b66bc178510a6a5f03,NG-ADM-000077,ADMINISTRATIVE_AREA,Kestrel Freight Estate,simulation,BLOCKED,NO_AUTHORITATIVE_GEOMETRY|NO_NNGLA_PUBLICATION_RECORD,,,1
readcandidate:nngla:ff7b4790f3c8e3b2954b5fd8d918fafb5bb8044f7d3bbab43b6fd687859e4f15,NG-ADM-000078,ADMINISTRATIVE_AREA,Silvermere,simulation,BLOCKED,NO_AUTHORITATIVE_GEOMETRY|NO_NNGLA_PUBLICATION_RECORD,,,1
readcandidate:nngla:b65c3b2f4823890799894f521a055e5188119fda0e2d77273da5d94c5166ec46,NG-ADM-000079,ADMINISTRATIVE_AREA,Nyandor,simulation,BLOCKED,NO_AUTHORITATIVE_GEOMETRY|NO_NNGLA_PUBLICATION_RECORD,,,1
readcandidate:nngla:8b71b3329fdd4f75b1b06737e7b452840b7443a3da47fd1cc62ac490b412e12f,NG-ADM-000080,ADMINISTRATIVE_AREA,Reedhaven,simulation,BLOCKED,NO_AUTHORITATIVE_GEOMETRY|NO_NNGLA_PUBLICATION_RECORD,,,1
readcandidate:nngla:0545230477ed0f0b04e6711390966a386e6db0dd65615c90e82b0b2248d5120c,NG-ADM-000081,ADMINISTRATIVE_AREA,Lakemarch,simulation,BLOCKED,NO_AUTHORITATIVE_GEOMETRY|NO_NNGLA_PUBLICATION_RECORD,,,1
readcandidate:nngla:fa3d38b2907d2f6e4f1f34331eb8965dc38e716d26bd7f770821b0a0473a6de4,NG-ADM-000082,ADMINISTRATIVE_AREA,Silvermere Central,simulation,BLOCKED,NO_AUTHORITATIVE_GEOMETRY|NO_NNGLA_PUBLICATION_RECORD,,,1
readcandidate:nngla:326dadab710fa1bd94e27f8933aa16ee2c27bade08ae19fa349b6f8304010e25,NG-ADM-000083,ADMINISTRATIVE_AREA,Lakefront Exchange,simulation,BLOCKED,NO_AUTHORITATIVE_GEOMETRY|NO_NNGLA_PUBLICATION_RECORD,,,1
readcandidate:nngla:e9281adf1658f5d82217dfb98ad244c91b98434ce10726d3a8904e923f9879f6,NG-ADM-000084,ADMINISTRATIVE_AREA,Reedbank Ward,simulation,BLOCKED,NO_AUTHORITATIVE_GEOMETRY|NO_NNGLA_PUBLICATION_RECORD,,,1
readcandidate:nngla:6bdb6563608f6d597bd941e081880705c82e989d5e74b9bdfb7181b8768a4c6e,NG-ADM-000085,ADMINISTRATIVE_AREA,Canal Quarter,simulation,BLOCKED,NO_AUTHORITATIVE_GEOMETRY|NO_NNGLA_PUBLICATION_RECORD,,,1
readcandidate:nngla:13ef5485eca83a0d2a42c6dc50223f62cb3d0aa24c1968f753494579d2989a49,NG-ADM-000086,ADMINISTRATIVE_AREA,Old Ferry,simulation,BLOCKED,NO_AUTHORITATIVE_GEOMETRY|NO_NNGLA_PUBLICATION_RECORD,,,1
readcandidate:nngla:7bc59b282dc6c113471072159b2d83d4cc397620bbda7b25706df087ce503d88,NG-ADM-000087,ADMINISTRATIVE_AREA,Civic Isles,simulation,BLOCKED,NO_AUTHORITATIVE_GEOMETRY|NO_NNGLA_PUBLICATION_RECORD,,,1
readcandidate:nngla:30b914a16e1227d2bbfc2f95ede7fe5c0348399a1db0af1b523111daa6a8ebb6,NG-ADM-000088,ADMINISTRATIVE_AREA,Museum Reach,simulation,BLOCKED,NO_AUTHORITATIVE_GEOMETRY|NO_NNGLA_PUBLICATION_RECORD,,,1
readcandidate:nngla:05b5e3fb9a0626bbf5e0143ece2d4d7775751289eb024eb568d5ce549932fddf,NG-ADM-000089,ADMINISTRATIVE_AREA,West Quays,simulation,BLOCKED,NO_AUTHORITATIVE_GEOMETRY|NO_NNGLA_PUBLICATION_RECORD,,,1
readcandidate:nngla:9cae4605e909eba00180e13076500cd115bc0ba2e26e65fdc456ae84e9fe5d1d,NG-ADM-000090,ADMINISTRATIVE_AREA,Nyandor Landing,simulation,BLOCKED,NO_AUTHORITATIVE_GEOMETRY|NO_NNGLA_PUBLICATION_RECORD,,,1
readcandidate:nngla:447c67d39943d5a81b011121cd797fc1e6c2f5f6206a2e9ea6a9f1104e9b4f98,NG-ADM-000091,ADMINISTRATIVE_AREA,Reedline,simulation,BLOCKED,NO_AUTHORITATIVE_GEOMETRY|NO_NNGLA_PUBLICATION_RECORD,,,1
readcandidate:nngla:5dc2f3c3cab1ac97dcddace9b49bd472c2796af671603f99ecc0b14fe7fa1f2b,NG-ADM-000092,ADMINISTRATIVE_AREA,Nyan Cross,simulation,BLOCKED,NO_AUTHORITATIVE_GEOMETRY|NO_NNGLA_PUBLICATION_RECORD,,,1
readcandidate:nngla:f9723bf23e50de67f9e7dcae8a9d914ca8a391947ef86a98b0c83c16a2941788,NG-ADM-000093,ADMINISTRATIVE_AREA,South Reedhaven,simulation,BLOCKED,NO_AUTHORITATIVE_GEOMETRY|NO_NNGLA_PUBLICATION_RECORD,,,1
readcandidate:nngla:127179c1518d8de6c7330f8c3fcf24e976f70d6928800a7b34fa0805ad92eda2,NG-ADM-000094,ADMINISTRATIVE_AREA,Lotus Junction,simulation,BLOCKED,NO_AUTHORITATIVE_GEOMETRY|NO_NNGLA_PUBLICATION_RECORD,,,1
readcandidate:nngla:d8501177c6474e0d71e857e7d3f3bdd6a0a8c8ad6189223b94cf4ddd97de9c9f,NG-ADM-000095,ADMINISTRATIVE_AREA,Heron Steps,simulation,BLOCKED,NO_AUTHORITATIVE_GEOMETRY|NO_NNGLA_PUBLICATION_RECORD,,,1
readcandidate:nngla:5389ae869905677b35b04183a127586ca02fb7c9f8fb73f2bd216621aab82b3b,NG-ADM-000096,ADMINISTRATIVE_AREA,Lakemarch East,simulation,BLOCKED,NO_AUTHORITATIVE_GEOMETRY|NO_NNGLA_PUBLICATION_RECORD,,,1
readcandidate:nngla:37ce4309f148c0745c8b031add74a74160b79b397e19be601568cdaa92c8245e,NG-ADM-000097,ADMINISTRATIVE_AREA,Lowwater Bend,simulation,BLOCKED,NO_AUTHORITATIVE_GEOMETRY|NO_NNGLA_PUBLICATION_RECORD,,,1
readcandidate:nngla:a3177f8be3e7dcf0ab13c813a017eb01688e8084ee3971476273f75f3a64ce43,NG-ADM-000098,ADMINISTRATIVE_AREA,Canal End,simulation,BLOCKED,NO_AUTHORITATIVE_GEOMETRY|NO_NNGLA_PUBLICATION_RECORD,,,1
readcandidate:nngla:e2796870610461c949c7e43cd8372567eff08b69ce35e9866e77a92eecfc1e20,NG-ADM-000099,ADMINISTRATIVE_AREA,Lakeport Works,simulation,BLOCKED,NO_AUTHORITATIVE_GEOMETRY|NO_NNGLA_PUBLICATION_RECORD,,,1
readcandidate:nngla:e373525f0db10973911a797a258fe199f4f49f231a8d4b0c3b2b2a19b397ed32,NG-ADM-000100,ADMINISTRATIVE_AREA,Reedbank Cold-Chain Park,simulation,BLOCKED,NO_AUTHORITATIVE_GEOMETRY|NO_NNGLA_PUBLICATION_RECORD,,,1
readcandidate:nngla:1b8b25e89f255f4b86768514718133fea5f75d4c3d1a9cdf3580ddc17f5fbf60,NG-ADM-000101,ADMINISTRATIVE_AREA,Tekharo,simulation,BLOCKED,NO_AUTHORITATIVE_GEOMETRY|NO_NNGLA_PUBLICATION_RECORD,,,1
readcandidate:nngla:83a4fd49308d886530c5f65e241bd01928395b3ed58f02b9e224c13c80e06564,NG-ADM-000102,ADMINISTRATIVE_AREA,Canopy Reach,simulation,BLOCKED,NO_AUTHORITATIVE_GEOMETRY|NO_NNGLA_PUBLICATION_RECORD,,,1
readcandidate:nngla:a7cc39760e23cd289752dde4d40d27ac3f85b235ded189731732937ca5d742f0,NG-ADM-000103,ADMINISTRATIVE_AREA,Ashara,simulation,BLOCKED,NO_AUTHORITATIVE_GEOMETRY|NO_NNGLA_PUBLICATION_RECORD,,,1
readcandidate:nngla:d315bb728dc1a9c1d3eb3dd303f7ea009259a855ca6d2ea57da4ee79fe6a0453,NG-ADM-000104,ADMINISTRATIVE_AREA,Mossbridge,simulation,BLOCKED,NO_AUTHORITATIVE_GEOMETRY|NO_NNGLA_PUBLICATION_RECORD,,,1
readcandidate:nngla:f9d7c5768f40e7571364105c0de45e2e5db161097d8ebb7d5dcc6cab1985070e,NG-ADM-000105,ADMINISTRATIVE_AREA,Tekharo Central,simulation,BLOCKED,NO_AUTHORITATIVE_GEOMETRY|NO_NNGLA_PUBLICATION_RECORD,,,1
readcandidate:nngla:2fdb68307689671fd933307e5e58868b3ee13d1ccd7d75c560fd30a35055cc1f,NG-ADM-000106,ADMINISTRATIVE_AREA,Canopy Exchange,simulation,BLOCKED,NO_AUTHORITATIVE_GEOMETRY|NO_NNGLA_PUBLICATION_RECORD,,,1
readcandidate:nngla:67ade2769d9093cb31f2331b8a930e5afebf32db8b8eac59e4ad2a3abfda45d1,NG-ADM-000107,ADMINISTRATIVE_AREA,Research Grove,simulation,BLOCKED,NO_AUTHORITATIVE_GEOMETRY|NO_NNGLA_PUBLICATION_RECORD,,,1
readcandidate:nngla:d5a71c18db19658376d046ff9026dc5b470d4fc87bc9cf3a65007df126238ccb,NG-ADM-000108,ADMINISTRATIVE_AREA,River Gate,simulation,BLOCKED,NO_AUTHORITATIVE_GEOMETRY|NO_NNGLA_PUBLICATION_RECORD,,,1
readcandidate:nngla:2e8c31f4ee9f83c5a44f33173dccbaed5944d40b369257cd37a470ffe4f67ebd,NG-ADM-000109,ADMINISTRATIVE_AREA,Old Timber,simulation,BLOCKED,NO_AUTHORITATIVE_GEOMETRY|NO_NNGLA_PUBLICATION_RECORD,,,1
readcandidate:nngla:14eaa11f38dcd1919c60b0c33a64eade4a3e6dd6f3e619acfb327011410c6936,NG-ADM-000110,ADMINISTRATIVE_AREA,Botanical Ward,simulation,BLOCKED,NO_AUTHORITATIVE_GEOMETRY|NO_NNGLA_PUBLICATION_RECORD,,,1
readcandidate:nngla:579de2569351babc5593d8b2441b1669b5ec1020bca7bc363928bf1ab497d1af,NG-ADM-000111,ADMINISTRATIVE_AREA,East Tram,simulation,BLOCKED,NO_AUTHORITATIVE_GEOMETRY|NO_NNGLA_PUBLICATION_RECORD,,,1
readcandidate:nngla:9a4a490a5f4b776a4aa7f7bd9c18ee11b463a07a0002be673a9ef6c7e42436fd,NG-ADM-000112,ADMINISTRATIVE_AREA,Rainmarket,simulation,BLOCKED,NO_AUTHORITATIVE_GEOMETRY|NO_NNGLA_PUBLICATION_RECORD,,,1
readcandidate:nngla:aa2c4072ec2eb3d4451f8e08162203ad844b5110b3426c341e09b1b6e8f84726,NG-ADM-000113,ADMINISTRATIVE_AREA,Canopy Lower,simulation,BLOCKED,NO_AUTHORITATIVE_GEOMETRY|NO_NNGLA_PUBLICATION_RECORD,,,1
readcandidate:nngla:c6874ea9a11b42dc58caafa10721fe725f355e0730c7c231a42a22b4658d02c2,NG-ADM-000114,ADMINISTRATIVE_AREA,Rainsong Junction,simulation,BLOCKED,NO_AUTHORITATIVE_GEOMETRY|NO_NNGLA_PUBLICATION_RECORD,,,1
readcandidate:nngla:a10ea51632c340ddde338cc7b96e12db8e60e4069e566814971edc11d0c7bc8b,NG-ADM-000115,ADMINISTRATIVE_AREA,Cedar Clearing,simulation,BLOCKED,NO_AUTHORITATIVE_GEOMETRY|NO_NNGLA_PUBLICATION_RECORD,,,1
readcandidate:nngla:dfa41a8099fcb7297b21c88ecbe2d3a40582d037d538f3f5d8a6f30b55d9ab90,NG-ADM-000116,ADMINISTRATIVE_AREA,Ashara East,simulation,BLOCKED,NO_AUTHORITATIVE_GEOMETRY|NO_NNGLA_PUBLICATION_RECORD,,,1
readcandidate:nngla:485cbf16b6c096a0db8b2ffe4f7421c17726c3ad4fa184590fde6edcfa38f773,NG-ADM-000117,ADMINISTRATIVE_AREA,Tekkan Row,simulation,BLOCKED,NO_AUTHORITATIVE_GEOMETRY|NO_NNGLA_PUBLICATION_RECORD,,,1
readcandidate:nngla:913bdeb579d5a7cc099e412faea3a655ef03f0c3ee33221cd2c77cf0c6edcde1,NG-ADM-000118,ADMINISTRATIVE_AREA,Marula Crossing,simulation,BLOCKED,NO_AUTHORITATIVE_GEOMETRY|NO_NNGLA_PUBLICATION_RECORD,,,1
readcandidate:nngla:03bb3b6b3e0abe79efc7a3e782e4b00cd226188a2f0362c76712a4d320b86e24,NG-ADM-000119,ADMINISTRATIVE_AREA,Mossbridge South,simulation,BLOCKED,NO_AUTHORITATIVE_GEOMETRY|NO_NNGLA_PUBLICATION_RECORD,,,1
readcandidate:nngla:789c99d861dad5cd1e1d21191b72b800ad1632f2615e61e870ef0db09512ac9a,NG-ADM-000120,ADMINISTRATIVE_AREA,Fernline,simulation,BLOCKED,NO_AUTHORITATIVE_GEOMETRY|NO_NNGLA_PUBLICATION_RECORD,,,1
readcandidate:nngla:87f9e4a31ebe4fda87103d58f03305e27e618d5bae36354fe238ab5ebd083cee,NG-ADM-000121,ADMINISTRATIVE_AREA,Timber Camp,simulation,BLOCKED,NO_AUTHORITATIVE_GEOMETRY|NO_NNGLA_PUBLICATION_RECORD,,,1
readcandidate:nngla:3bcf9457c120f319a94f777800d6dca01c8a04df8424efe6ed063940fd2545bc,NG-ADM-000122,ADMINISTRATIVE_AREA,Tekharo BioWorks Campus,simulation,BLOCKED,NO_AUTHORITATIVE_GEOMETRY|NO_NNGLA_PUBLICATION_RECORD,,,1
readcandidate:nngla:0ad47cbac92d71d9df0c704855e3d39f85fce2bf73ae931e7e6caf73e3879d56,NG-ADM-000123,ADMINISTRATIVE_AREA,Timberloop Industrial Estate,simulation,BLOCKED,NO_AUTHORITATIVE_GEOMETRY|NO_NNGLA_PUBLICATION_RECORD,,,1
readcandidate:nngla:e4d201a66623d218149aa61a7bb1b58d3448a659c99f5190a831bc346fcddee2,NG-ADM-000124,ADMINISTRATIVE_AREA,Redhaven,simulation,BLOCKED,NO_AUTHORITATIVE_GEOMETRY|NO_NNGLA_PUBLICATION_RECORD,,,1
readcandidate:nngla:628b0967ae61e97be46393f75e72313347670d5bcbe0bd6ab4cd9871fe8ae42a,NG-ADM-000125,ADMINISTRATIVE_AREA,Zarqen,simulation,BLOCKED,NO_AUTHORITATIVE_GEOMETRY|NO_NNGLA_PUBLICATION_RECORD,,,1
readcandidate:nngla:e3bd0ce78df972aac4e033cc12c648cb76cbe983aaaf8d6cc4c37a820dab8a5d,NG-ADM-000126,ADMINISTRATIVE_AREA,Dustmere,simulation,BLOCKED,NO_AUTHORITATIVE_GEOMETRY|NO_NNGLA_PUBLICATION_RECORD,,,1
readcandidate:nngla:f4544badb4f3b798af68c0e08aa9508d2907a53ec37e1a2436d6b6465287e06a,NG-ADM-000127,ADMINISTRATIVE_AREA,Sunward,simulation,BLOCKED,NO_AUTHORITATIVE_GEOMETRY|NO_NNGLA_PUBLICATION_RECORD,,,1
readcandidate:nngla:338b0284d824dc2e5d6125e54bdd1db2c0669690b578f9ac9b6fa8bbbf4cdc96,NG-ADM-000128,ADMINISTRATIVE_AREA,Redhaven Central,simulation,BLOCKED,NO_AUTHORITATIVE_GEOMETRY|NO_NNGLA_PUBLICATION_RECORD,,,1
readcandidate:nngla:cc790ae78446eb0743642e8e84f73a7055c6170e4bc4c450fd2dd96ac738eb69,NG-ADM-000129,ADMINISTRATIVE_AREA,Caravan Exchange,simulation,BLOCKED,NO_AUTHORITATIVE_GEOMETRY|NO_NNGLA_PUBLICATION_RECORD,,,1
readcandidate:nngla:cb6d77db9dade2107a8dcee2a19bafc6e97443ef69df3d9712f0b9ba9f32d62e,NG-ADM-000130,ADMINISTRATIVE_AREA,Solar Ward,simulation,BLOCKED,NO_AUTHORITATIVE_GEOMETRY|NO_NNGLA_PUBLICATION_RECORD,,,1
readcandidate:nngla:26b86605a7f91966a9d215a3ffabb8d9c104a014197c4e1e5a3b5e7a74915189,NG-ADM-000131,ADMINISTRATIVE_AREA,Railhead,simulation,BLOCKED,NO_AUTHORITATIVE_GEOMETRY|NO_NNGLA_PUBLICATION_RECORD,,,1
readcandidate:nngla:58bac53f86f8c34cbc02048ce1988342280a594e45a38b0fe1c17e8f4ba4a19a,NG-ADM-000132,ADMINISTRATIVE_AREA,Old Wells,simulation,BLOCKED,NO_AUTHORITATIVE_GEOMETRY|NO_NNGLA_PUBLICATION_RECORD,,,1
readcandidate:nngla:0b9f277bb6692361a20ace2e9ad7aa8b8ed1cc5bb1ed2798000858288596ed19,NG-ADM-000133,ADMINISTRATIVE_AREA,South Bazaar,simulation,BLOCKED,NO_AUTHORITATIVE_GEOMETRY|NO_NNGLA_PUBLICATION_RECORD,,,1
readcandidate:nngla:f3ca751bbf5b289cdf37a3e2c88ea17d8e155fe7937853465f82b585f7cfeaeb,NG-ADM-000134,ADMINISTRATIVE_AREA,Civic Mesa,simulation,BLOCKED,NO_AUTHORITATIVE_GEOMETRY|NO_NNGLA_PUBLICATION_RECORD,,,1
readcandidate:nngla:ecf55c685138ad518c85b35a87f6fea21690dc11e74f90a1a4083c546927aa74,NG-ADM-000135,ADMINISTRATIVE_AREA,Copper Dunes,simulation,BLOCKED,NO_AUTHORITATIVE_GEOMETRY|NO_NNGLA_PUBLICATION_RECORD,,,1
readcandidate:nngla:480eeb9cc011539133d29fbaa374007df64934d41b0a2f01f0d493ab2bf18ed0,NG-ADM-000136,ADMINISTRATIVE_AREA,Zarqen South,simulation,BLOCKED,NO_AUTHORITATIVE_GEOMETRY|NO_NNGLA_PUBLICATION_RECORD,,,1
readcandidate:nngla:8f0642b919986800a1aea07b817f5b7d1c25a9216286893a1477f80aa3346e22,NG-ADM-000137,ADMINISTRATIVE_AREA,Baric Cross,simulation,BLOCKED,NO_AUTHORITATIVE_GEOMETRY|NO_NNGLA_PUBLICATION_RECORD,,,1
readcandidate:nngla:bbc735c336c701e39536568bafc0db0ea8ffa3e4ff7361d5d3204be7821782c9,NG-ADM-000138,ADMINISTRATIVE_AREA,Camel Bell,simulation,BLOCKED,NO_AUTHORITATIVE_GEOMETRY|NO_NNGLA_PUBLICATION_RECORD,,,1
readcandidate:nngla:71e00d5d6ed6b681daae2c01ed1434406c78a85bfb35944aa12e5a9fe7199605,NG-ADM-000139,ADMINISTRATIVE_AREA,Dustmere East,simulation,BLOCKED,NO_AUTHORITATIVE_GEOMETRY|NO_NNGLA_PUBLICATION_RECORD,,,1
readcandidate:nngla:2070fb9ec6c06c9a6f9f577823656c7fb939e19b3605969560fe3963042a7d6b,NG-ADM-000140,ADMINISTRATIVE_AREA,Saltpan Row,simulation,BLOCKED,NO_AUTHORITATIVE_GEOMETRY|NO_NNGLA_PUBLICATION_RECORD,,,1
readcandidate:nngla:0de83d39dfae035c25b9b604b9dfddd8547f49183e18ded18a0a868cc7d6177f,NG-ADM-000141,ADMINISTRATIVE_AREA,Thorn Junction,simulation,BLOCKED,NO_AUTHORITATIVE_GEOMETRY|NO_NNGLA_PUBLICATION_RECORD,,,1
readcandidate:nngla:039e3d24ba42013d09d2e8bf21c6621d8e74ab651f0883ab8386508ea8a3d18a,NG-ADM-000142,ADMINISTRATIVE_AREA,Sunward Gate,simulation,BLOCKED,NO_AUTHORITATIVE_GEOMETRY|NO_NNGLA_PUBLICATION_RECORD,,,1
readcandidate:nngla:aca860dcabebf2692d2298a7fd7b5b020a9b2d31274122a0a56baa39aae8ec6b,NG-ADM-000143,ADMINISTRATIVE_AREA,Oasis Line,simulation,BLOCKED,NO_AUTHORITATIVE_GEOMETRY|NO_NNGLA_PUBLICATION_RECORD,,,1
readcandidate:nngla:812df07409cd94e4a7d4828e07f26c54de258f9d0547ff6ce6fb7a99a7f2afa8,NG-ADM-000144,ADMINISTRATIVE_AREA,Cinder Camp,simulation,BLOCKED,NO_AUTHORITATIVE_GEOMETRY|NO_NNGLA_PUBLICATION_RECORD,,,1
readcandidate:nngla:aadc92dfe15575c7490ceca1a64554e7aa9ee28e95b8a7e0e6429ec940504292,NG-ADM-000145,ADMINISTRATIVE_AREA,Solar Foundry Zone,simulation,BLOCKED,NO_AUTHORITATIVE_GEOMETRY|NO_NNGLA_PUBLICATION_RECORD,,,1
readcandidate:nngla:1be20dd09385ba2679adc90b93abada47aa38d906f3aa83bd7fbbc1b9a03f5c0,NG-ADM-000146,ADMINISTRATIVE_AREA,Redhaven Dryport Estate,simulation,BLOCKED,NO_AUTHORITATIVE_GEOMETRY|NO_NNGLA_PUBLICATION_RECORD,,,1
readcandidate:nngla:434eaba543cd612deb5f4a328b985b3be481470cda17b938884d5dedbe9207e9,NG-ADM-000147,ADMINISTRATIVE_AREA,Lysora,simulation,BLOCKED,NO_AUTHORITATIVE_GEOMETRY|NO_NNGLA_PUBLICATION_RECORD,,,1
readcandidate:nngla:2c6a6204ccd6936b77781aaec2138411857271a1d4f7040eb836f7dc75bde8fb,NG-ADM-000148,ADMINISTRATIVE_AREA,Coral Bay,simulation,BLOCKED,NO_AUTHORITATIVE_GEOMETRY|NO_NNGLA_PUBLICATION_RECORD,,,1
readcandidate:nngla:1741cebb11bbaf655714edd27be2c51529daabe20479a7febcdc4e821a8767c8,NG-ADM-000149,ADMINISTRATIVE_AREA,El-Maren,simulation,BLOCKED,NO_AUTHORITATIVE_GEOMETRY|NO_NNGLA_PUBLICATION_RECORD,,,1
readcandidate:nngla:2e16c0f75ed16d407e59cc5977d8e03713e7096fd78b667451bd66ec7990ca74,NG-ADM-000150,ADMINISTRATIVE_AREA,Seacliff,simulation,BLOCKED,NO_AUTHORITATIVE_GEOMETRY|NO_NNGLA_PUBLICATION_RECORD,,,1
readcandidate:nngla:1ed99b575ba6a6fbddb62a93970d89dc6d93e8f164e313506f5689f22f78b7cb,NG-ADM-000151,ADMINISTRATIVE_AREA,Lysora Central,simulation,BLOCKED,NO_AUTHORITATIVE_GEOMETRY|NO_NNGLA_PUBLICATION_RECORD,,,1
readcandidate:nngla:643949473663fa33cf499b684950c1e4a0548773f6cd5b58cd7a49286948e104,NG-ADM-000152,ADMINISTRATIVE_AREA,Coral Exchange,simulation,BLOCKED,NO_AUTHORITATIVE_GEOMETRY|NO_NNGLA_PUBLICATION_RECORD,,,1
readcandidate:nngla:694d908281ee4e53b3299c1310412a6b36da282071c20bf07cdca09127834b88,NG-ADM-000153,ADMINISTRATIVE_AREA,Old Harbour,simulation,BLOCKED,NO_AUTHORITATIVE_GEOMETRY|NO_NNGLA_PUBLICATION_RECORD,,,1
readcandidate:nngla:5c450b40b10090aa684ed350595650a1e8024d1405a00a6f781c9ebbeb6e1614,NG-ADM-000154,ADMINISTRATIVE_AREA,Artisans' Quay,simulation,BLOCKED,NO_AUTHORITATIVE_GEOMETRY|NO_NNGLA_PUBLICATION_RECORD,,,1
readcandidate:nngla:b3f902612a00f3a8cfb3dcf1ac130ccbbb5d0c533ec598dc6cdc1abe6a92c2c8,NG-ADM-000155,ADMINISTRATIVE_AREA,Crescent Beach,simulation,BLOCKED,NO_AUTHORITATIVE_GEOMETRY|NO_NNGLA_PUBLICATION_RECORD,,,1
readcandidate:nngla:c25800f3d9c4f15316b7ba32b1deaa6e783b811393f9610155c9f3ead9e2bd86,NG-ADM-000156,ADMINISTRATIVE_AREA,Embassy Shore,simulation,BLOCKED,NO_AUTHORITATIVE_GEOMETRY|NO_NNGLA_PUBLICATION_RECORD,,,1
readcandidate:nngla:5aba39d998b939ec4b181653b51f2bb6cc99b99375e742795e9e3ac61ef91e45,NG-ADM-000157,ADMINISTRATIVE_AREA,Marina Ward,simulation,BLOCKED,NO_AUTHORITATIVE_GEOMETRY|NO_NNGLA_PUBLICATION_RECORD,,,1
readcandidate:nngla:25da95155c9d64315f604b62fc58345dbe5c4bc2f995f200db723f0c96b450ac,NG-ADM-000158,ADMINISTRATIVE_AREA,Lighthouse Hill,simulation,BLOCKED,NO_AUTHORITATIVE_GEOMETRY|NO_NNGLA_PUBLICATION_RECORD,,,1
readcandidate:nngla:e16c8d251c1e85dad23e71b69ae16006872315521e4ece4e2623707921802039,NG-ADM-000159,ADMINISTRATIVE_AREA,Coral Bay East,simulation,BLOCKED,NO_AUTHORITATIVE_GEOMETRY|NO_NNGLA_PUBLICATION_RECORD,,,1
readcandidate:nngla:cb210875bf800a42abad870028a85421b3ac9121b2ca34f63d08d05104556265,NG-ADM-000160,ADMINISTRATIVE_AREA,Azura Point,simulation,BLOCKED,NO_AUTHORITATIVE_GEOMETRY|NO_NNGLA_PUBLICATION_RECORD,,,1
readcandidate:nngla:ecf92fc7cfc79b84f3979e6ac13367ad030237c0bf64b66c43bc2bace0437e60,NG-ADM-000161,ADMINISTRATIVE_AREA,Reefline,simulation,BLOCKED,NO_AUTHORITATIVE_GEOMETRY|NO_NNGLA_PUBLICATION_RECORD,,,1
readcandidate:nngla:6fefae85d52c6d11be23d444133dc87774ebbcc9d4d604cf87cbde6615336cfe,NG-ADM-000162,ADMINISTRATIVE_AREA,El-Maren South,simulation,BLOCKED,NO_AUTHORITATIVE_GEOMETRY|NO_NNGLA_PUBLICATION_RECORD,,,1
readcandidate:nngla:3eee185c2fc12282fd105773a922424a94fddaf4f9604d01003ae5fa2dcb91d5,NG-ADM-000163,ADMINISTRATIVE_AREA,Marenya Cross,simulation,BLOCKED,NO_AUTHORITATIVE_GEOMETRY|NO_NNGLA_PUBLICATION_RECORD,,,1
readcandidate:nngla:25bd0ca3d8783113656e6fa3738114eae86667f8617f7a759490c014db445fa8,NG-ADM-000164,ADMINISTRATIVE_AREA,Pearl Row,simulation,BLOCKED,NO_AUTHORITATIVE_GEOMETRY|NO_NNGLA_PUBLICATION_RECORD,,,1
readcandidate:nngla:4f90afaa9dcfb2071de5272efa3c1cfcbe155271a5b9f758ea00e6d76dc6c90a,NG-ADM-000165,ADMINISTRATIVE_AREA,Seacliff Lower,simulation,BLOCKED,NO_AUTHORITATIVE_GEOMETRY|NO_NNGLA_PUBLICATION_RECORD,,,1
readcandidate:nngla:a25adcbd2bbd14e68894b10466a5be75e1930880584953d6e9499b4188e6bca7,NG-ADM-000166,ADMINISTRATIVE_AREA,Windport Gate,simulation,BLOCKED,NO_AUTHORITATIVE_GEOMETRY|NO_NNGLA_PUBLICATION_RECORD,,,1
readcandidate:nngla:b5fa503e729458bc7495da7c4e5b65ef2d5bc6bb608ce4f39b9ec0b05db147d0,NG-ADM-000167,ADMINISTRATIVE_AREA,Blue Cape End,simulation,BLOCKED,NO_AUTHORITATIVE_GEOMETRY|NO_NNGLA_PUBLICATION_RECORD,,,1
readcandidate:nngla:beb259c24d192b4d0fe6e72f2d2ce1bf5b0b18445de6b95bb25487db8ae0ee43,NG-ADM-000168,ADMINISTRATIVE_AREA,BlueHarbor Trade Park,simulation,BLOCKED,NO_AUTHORITATIVE_GEOMETRY|NO_NNGLA_PUBLICATION_RECORD,,,1
readcandidate:nngla:5858ecffdba81aeae68db79addae5a72a9ae9c8f012222529669b74826ac51b3,NG-ADM-000169,ADMINISTRATIVE_AREA,Coral Foods Estate,simulation,BLOCKED,NO_AUTHORITATIVE_GEOMETRY|NO_NNGLA_PUBLICATION_RECORD,,,1
readcandidate:nngla:759c4a00f4bbb0fad57a6ee6cf79592d676cf08b9bb8e51ed3a44a5fb7cf2315,NG-ADM-000170,ADMINISTRATIVE_AREA,Port Meridian,simulation,BLOCKED,NO_AUTHORITATIVE_GEOMETRY|NO_NNGLA_PUBLICATION_RECORD,,,1
readcandidate:nngla:c1dc1fa36071375ecbd866a9c142c44b29466c440fa7cfb93f2ff3bb3fd54f05,NG-ADM-000171,ADMINISTRATIVE_AREA,Sabarin,simulation,BLOCKED,NO_AUTHORITATIVE_GEOMETRY|NO_NNGLA_PUBLICATION_RECORD,,,1
readcandidate:nngla:8068972b46f19961730abe505f1561570746622ce1dd4e4cd97be5212de1853e,NG-ADM-000172,ADMINISTRATIVE_AREA,Tidecross,simulation,BLOCKED,NO_AUTHORITATIVE_GEOMETRY|NO_NNGLA_PUBLICATION_RECORD,,,1
readcandidate:nngla:c3732f139c4fd9ce0b8ca76d91eeeba4b6cd00d6986933975dbef1dd1afd8c33,NG-ADM-000173,ADMINISTRATIVE_AREA,New Moriah,simulation,BLOCKED,NO_AUTHORITATIVE_GEOMETRY|NO_NNGLA_PUBLICATION_RECORD,,,1
readcandidate:nngla:88bd1cd275a83b3364c079ccc70d19e68bf6a75c8e3c9e27852060ea5b7bc50c,NG-ADM-000174,ADMINISTRATIVE_AREA,Meridian Central,simulation,BLOCKED,NO_AUTHORITATIVE_GEOMETRY|NO_NNGLA_PUBLICATION_RECORD,,,1
readcandidate:nngla:1563d2ef1be68810440d59035dffcac5e68fc4e6b36bfafd39509e489a131ff3,NG-ADM-000175,ADMINISTRATIVE_AREA,Docklands,simulation,BLOCKED,NO_AUTHORITATIVE_GEOMETRY|NO_NNGLA_PUBLICATION_RECORD,,,1
readcandidate:nngla:356e55560c67f4198591bc172aba8768d2355a24d7f305a75fceae2ca1becf84,NG-ADM-000176,ADMINISTRATIVE_AREA,Customs Quarter,simulation,BLOCKED,NO_AUTHORITATIVE_GEOMETRY|NO_NNGLA_PUBLICATION_RECORD,,,1
readcandidate:nngla:5da7a1bf936ccb6070d7d9e67dee2c9669f09ea217ab4fe99db3ff4237cd53fe,NG-ADM-000177,ADMINISTRATIVE_AREA,Gulf Exchange,simulation,BLOCKED,NO_AUTHORITATIVE_GEOMETRY|NO_NNGLA_PUBLICATION_RECORD,,,1
readcandidate:nngla:e6fd75180273f632e26d43eaac9b6a98fd8a55277b5f71ba1a9a2bd7ca5f5db2,NG-ADM-000178,ADMINISTRATIVE_AREA,Old Shipyard,simulation,BLOCKED,NO_AUTHORITATIVE_GEOMETRY|NO_NNGLA_PUBLICATION_RECORD,,,1
readcandidate:nngla:4bade0685a521fd1087996a73779eba0541f02ac2968e58a6566cf0811aa2731,NG-ADM-000179,ADMINISTRATIVE_AREA,Freeport Ward,simulation,BLOCKED,NO_AUTHORITATIVE_GEOMETRY|NO_NNGLA_PUBLICATION_RECORD,,,1
readcandidate:nngla:f49d8e5ac32f075507732b2a3f2baa6ab0e47f0a1a8400477cec6234aca98dc3,NG-ADM-000180,ADMINISTRATIVE_AREA,Harbor Nine,simulation,BLOCKED,NO_AUTHORITATIVE_GEOMETRY|NO_NNGLA_PUBLICATION_RECORD,,,1
readcandidate:nngla:23c1bb61353a44ef12762f86b7d0daa0e791484c5d15818b8d409bf4276f8831,NG-ADM-000181,ADMINISTRATIVE_AREA,East Terminal,simulation,BLOCKED,NO_AUTHORITATIVE_GEOMETRY|NO_NNGLA_PUBLICATION_RECORD,,,1
readcandidate:nngla:991af4167ad0e9c6e8c09a640bba9f3f1c37c0c922f590e7bbe309b44ae67078,NG-ADM-000182,ADMINISTRATIVE_AREA,Sabarin East,simulation,BLOCKED,NO_AUTHORITATIVE_GEOMETRY|NO_NNGLA_PUBLICATION_RECORD,,,1
readcandidate:nngla:1ac2a629ccced46255bcbc506a4d30ce8b4f8d6a9f3ba739e4a8a1d3d128d3d9,NG-ADM-000183,ADMINISTRATIVE_AREA,Sabara Wharf,simulation,BLOCKED,NO_AUTHORITATIVE_GEOMETRY|NO_NNGLA_PUBLICATION_RECORD,,,1
readcandidate:nngla:242cf7c4984d9baccacc17c3e195aed3420dbdd563770c6fe45b9b3cd4a32145,NG-ADM-000184,ADMINISTRATIVE_AREA,Gulf Junction,simulation,BLOCKED,NO_AUTHORITATIVE_GEOMETRY|NO_NNGLA_PUBLICATION_RECORD,,,1
readcandidate:nngla:aa9c8576da55c6054c12e5b10f432e5e5c84d41da46069615d74ea46e547bd53,NG-ADM-000185,ADMINISTRATIVE_AREA,Tidecross South,simulation,BLOCKED,NO_AUTHORITATIVE_GEOMETRY|NO_NNGLA_PUBLICATION_RECORD,,,1
readcandidate:nngla:60ca584db4719b32d1d4c5d1b4644eeb18de3eca4637dd86f1c49890882b71b2,NG-ADM-000186,ADMINISTRATIVE_AREA,Tidelock Row,simulation,BLOCKED,NO_AUTHORITATIVE_GEOMETRY|NO_NNGLA_PUBLICATION_RECORD,,,1
readcandidate:nngla:2442ce3ad7ad8b83f7c7440fbffd2977f64c18650f4220b3b56db3a1fb16c7d0,NG-ADM-000187,ADMINISTRATIVE_AREA,Mangrove Gate,simulation,BLOCKED,NO_AUTHORITATIVE_GEOMETRY|NO_NNGLA_PUBLICATION_RECORD,,,1
readcandidate:nngla:fe7d95fcf9f9c66588ec8f84dbb1ee1a3bcb6b469297dd408f6e28730ca8f5fe,NG-ADM-000188,ADMINISTRATIVE_AREA,New Moriah North,simulation,BLOCKED,NO_AUTHORITATIVE_GEOMETRY|NO_NNGLA_PUBLICATION_RECORD,,,1
readcandidate:nngla:f52e905544025fa90951176043a08af3aaaa98b7eaa98657ab07b0c1a235cc4f,NG-ADM-000189,ADMINISTRATIVE_AREA,Tross Line,simulation,BLOCKED,NO_AUTHORITATIVE_GEOMETRY|NO_NNGLA_PUBLICATION_RECORD,,,1
readcandidate:nngla:a78d3570df978198d628399215927bec98bda79f457f31a720481abfe54a6d31,NG-ADM-000190,ADMINISTRATIVE_AREA,Beacon Cross,simulation,BLOCKED,NO_AUTHORITATIVE_GEOMETRY|NO_NNGLA_PUBLICATION_RECORD,,,1
readcandidate:nngla:a54ccfeba2c6df97397a439fe3ef502177c5eb5f5f98beb959c12a142eb6b987,NG-ADM-000191,ADMINISTRATIVE_AREA,Meridian Free Zone,simulation,BLOCKED,NO_AUTHORITATIVE_GEOMETRY|NO_NNGLA_PUBLICATION_RECORD,,,1
readcandidate:nngla:a0f25cf9e24e2ea80fbd094636ac482674e67b6fb3f25c4d5442c0c07dcf66f9,NG-ADM-000192,ADMINISTRATIVE_AREA,Gulf Shipworks Estate,simulation,BLOCKED,NO_AUTHORITATIVE_GEOMETRY|NO_NNGLA_PUBLICATION_RECORD,,,1
readcandidate:nngla:1eba57b215222c38ef032e568067f13caf39cb1a504bbde8ad4847bfdae23a44,NG-RD-000001,ROAD,Orivane Road,simulation,BLOCKED,ROAD_NOT_AUTHORITATIVELY_MAPPED|NO_NNGLA_PUBLICATION_RECORD,,,1
readcandidate:nngla:9ca6e2547c4af259339c61aa0ccab7654639e6ac988ef4afc7429f5a8b086a1c,NG-RD-000002,ROAD,Bellwether Street,simulation,BLOCKED,ROAD_NOT_AUTHORITATIVELY_MAPPED|NO_NNGLA_PUBLICATION_RECORD,,,1
readcandidate:nngla:24d60dafb9af808ba1dea8fcf6df4dd176b219381c0ff54facd0ee3509f2b4dd,NG-RD-000003,ROAD,New Carrow Avenue,simulation,BLOCKED,ROAD_NOT_AUTHORITATIVELY_MAPPED|NO_NNGLA_PUBLICATION_RECORD,,,1
readcandidate:nngla:b03c1cb3a57ca83dc3917dee5c8705266ea48a9321c4da5ae0a1a7e300640a69,NG-RD-000004,ROAD,East Meridian Lane,simulation,BLOCKED,ROAD_NOT_AUTHORITATIVELY_MAPPED|NO_NNGLA_PUBLICATION_RECORD,,,1
readcandidate:nngla:ece97404d2a708e13ced00f19e0f80bc63749a2396f9d6d05577ae62ad19f656,NG-RD-000005,ROAD,Orivane Central Drive,simulation,BLOCKED,ROAD_NOT_AUTHORITATIVELY_MAPPED|NO_NNGLA_PUBLICATION_RECORD,,,1
readcandidate:nngla:ca2b2e17c776aba658d493c7b238dd3fe58d92bac76f5f2277e0ea4e1667fa22,NG-RD-000006,ROAD,Civic Crescent Way,simulation,BLOCKED,ROAD_NOT_AUTHORITATIVELY_MAPPED|NO_NNGLA_PUBLICATION_RECORD,,,1
readcandidate:nngla:8ff2228714abe8bab752a35e4ed914a47b18dfdb86d215b9814a58c48a6fbdce,NG-RD-000007,ROAD,Parliament Hill Boulevard,simulation,BLOCKED,ROAD_NOT_AUTHORITATIVELY_MAPPED|NO_NNGLA_PUBLICATION_RECORD,,,1
readcandidate:nngla:9102ecf2e8100923907af6b67c162ca6c74a66bde28ad20f32775091cba2e6dc,NG-RD-000008,ROAD,Meridian Exchange Highway,simulation,BLOCKED,ROAD_NOT_AUTHORITATIVELY_MAPPED|NO_NNGLA_PUBLICATION_RECORD,,,1
readcandidate:nngla:79d78915405d36e27f64855321f8897f6eada5350452b2bc2bc979b97cbd85f0,NG-RD-000009,ROAD,Old Orivane Junction,simulation,BLOCKED,ROAD_NOT_AUTHORITATIVELY_MAPPED|NO_NNGLA_PUBLICATION_RECORD,,,1
readcandidate:nngla:853f074cf19576674d97c582ede45949df28af42443b510ae62a36ee7e6bf3ee,NG-RD-000010,ROAD,Northmere Quarter Crossing,simulation,BLOCKED,ROAD_NOT_AUTHORITATIVELY_MAPPED|NO_NNGLA_PUBLICATION_RECORD,,,1
readcandidate:nngla:dbb3c301466e837120580e23fa36ab163ee7a7e56fc36f62c36f22308aed6277,NG-RD-000011,ROAD,Embassy Arc Road,simulation,BLOCKED,ROAD_NOT_AUTHORITATIVELY_MAPPED|NO_NNGLA_PUBLICATION_RECORD,,,1
readcandidate:nngla:1a47dbfb5b444a2b74d35f5493f285edf6205a1e383aa505f0c52812d661d49d,NG-RD-000012,ROAD,University Ring Street,simulation,BLOCKED,ROAD_NOT_AUTHORITATIVELY_MAPPED|NO_NNGLA_PUBLICATION_RECORD,,,1
readcandidate:nngla:07363881c3b433cd8d2e60e687a16eb5dde2ac558ad7f73d46c1780dc553d1d6,NG-RD-000013,ROAD,Vondrel Gardens Avenue,simulation,BLOCKED,ROAD_NOT_AUTHORITATIVELY_MAPPED|NO_NNGLA_PUBLICATION_RECORD,,,1
readcandidate:nngla:a0db619850916302e0dfa30ffa74ab76ad0c8a63afd73b3347ab2df01ca9559e,NG-RD-000014,ROAD,Lysara Heights Lane,simulation,BLOCKED,ROAD_NOT_AUTHORITATIVELY_MAPPED|NO_NNGLA_PUBLICATION_RECORD,,,1
readcandidate:nngla:6af094274635f9559dcd4ba7cb52389596c187925fe440f254ce4c1599e1f8f8,NG-RD-000015,ROAD,Varenza Drive,simulation,BLOCKED,ROAD_NOT_AUTHORITATIVELY_MAPPED|NO_NNGLA_PUBLICATION_RECORD,,,1
readcandidate:nngla:b681d7db71493388f2fb86482e5c60ae4cb6fc5de681874c64ed494ba49bb938,NG-RD-000016,ROAD,Tekhara Gardens Way,simulation,BLOCKED,ROAD_NOT_AUTHORITATIVELY_MAPPED|NO_NNGLA_PUBLICATION_RECORD,,,1
readcandidate:nngla:2cb1ab939c11dde567064729ec9dd5fafdcdf2a58cc649200324fb9f7f277714,NG-RD-000017,ROAD,Elvarin Boulevard,simulation,BLOCKED,ROAD_NOT_AUTHORITATIVELY_MAPPED|NO_NNGLA_PUBLICATION_RECORD,,,1
readcandidate:nngla:ddd4f8b20cb30ecb64cb3af603b02ee39ba092c642b37b8baaec55b0158f2cdd,NG-RD-000018,ROAD,Nyavelle Highway,simulation,BLOCKED,ROAD_NOT_AUTHORITATIVELY_MAPPED|NO_NNGLA_PUBLICATION_RECORD,,,1
readcandidate:nngla:286c5567cdc695a917abbbaa92f7a81c467fb327f5e00b91c63044f70ad771c1,NG-RD-000019,ROAD,Moraen Park Junction,simulation,BLOCKED,ROAD_NOT_AUTHORITATIVELY_MAPPED|NO_NNGLA_PUBLICATION_RECORD,,,1
readcandidate:nngla:2a3638f62c45c728969cd7b1d1b5604567a05dada67278b4c8513c4a7d05a467,NG-RD-000020,ROAD,Tekkai Crossing,simulation,BLOCKED,ROAD_NOT_AUTHORITATIVELY_MAPPED|NO_NNGLA_PUBLICATION_RECORD,,,1
readcandidate:nngla:e6743bd67b4dd9c87fd68a4e68a96b6a73dba6ffd2804378c4558c20aabe258c,NG-RD-000021,ROAD,Vondel Ridge Road,simulation,BLOCKED,ROAD_NOT_AUTHORITATIVELY_MAPPED|NO_NNGLA_PUBLICATION_RECORD,,,1
readcandidate:nngla:0557875e1001c78dd727b625ab15be5d2e49ac9bdb13b96266444da341003fa0,NG-RD-000022,ROAD,Aelmar Street,simulation,BLOCKED,ROAD_NOT_AUTHORITATIVELY_MAPPED|NO_NNGLA_PUBLICATION_RECORD,,,1
readcandidate:nngla:2ea99feda63f3ff0e9e3897c1251b4642a26e45f9cd3efb08cdb97c9aedad032,NG-RD-000023,ROAD,Sabaro Avenue,simulation,BLOCKED,ROAD_NOT_AUTHORITATIVELY_MAPPED|NO_NNGLA_PUBLICATION_RECORD,,,1
readcandidate:nngla:5652e8878e31148288b1f2097936e8ab40dc87f85d71d4477751f5df5e7d66af,NG-RD-000024,ROAD,Trossgate Lane,simulation,BLOCKED,ROAD_NOT_AUTHORITATIVELY_MAPPED|NO_NNGLA_PUBLICATION_RECORD,,,1
readcandidate:nngla:af5cbb6cfc520e0754f93d6493defb48fbca8962ae8f8dda8a18972878b29871,NG-RD-000025,ROAD,Ashbourne Drive,simulation,BLOCKED,ROAD_NOT_AUTHORITATIVELY_MAPPED|NO_NNGLA_PUBLICATION_RECORD,,,1
readcandidate:nngla:35327aae1a6845305a8202c036435b25385cc8bc66c2cf0ab5ee8d1c2a77005e,NG-RD-000026,ROAD,Crescenton Way,simulation,BLOCKED,ROAD_NOT_AUTHORITATIVELY_MAPPED|NO_NNGLA_PUBLICATION_RECORD,,,1
readcandidate:nngla:b01b44e88ad5008726aaf86b0383f384638e694a0222d56137de41584db71571,NG-RD-000027,ROAD,Elmtree Boulevard,simulation,BLOCKED,ROAD_NOT_AUTHORITATIVELY_MAPPED|NO_NNGLA_PUBLICATION_RECORD,,,1
readcandidate:nngla:e3efcd2c2bcd890e8a74bafd3de23a229003a70a6e33ce5b6195c4438d13af6a,NG-RD-000028,ROAD,Faircross Highway,simulation,BLOCKED,ROAD_NOT_AUTHORITATIVELY_MAPPED|NO_NNGLA_PUBLICATION_RECORD,,,1
readcandidate:nngla:d50ac511ef0124dc4c240d6718460af0f318565471b1a3f5d05a76c9c3b53469,NG-RD-000029,ROAD,Kingswell Junction,simulation,BLOCKED,ROAD_NOT_AUTHORITATIVELY_MAPPED|NO_NNGLA_PUBLICATION_RECORD,,,1
readcandidate:nngla:d55ce8ed65715b2a9f06ef9e6102dc01f964e91c94194027376aa13f4b36407f,NG-RD-000030,ROAD,Brackenford Crossing,simulation,BLOCKED,ROAD_NOT_AUTHORITATIVELY_MAPPED|NO_NNGLA_PUBLICATION_RECORD,,,1
readcandidate:nngla:2c62347841d502de2714174696b9945efa2ca460aaef58b5b0508461b2940e5a,NG-RD-000031,ROAD,Rosehaven Road,simulation,BLOCKED,ROAD_NOT_AUTHORITATIVELY_MAPPED|NO_NNGLA_PUBLICATION_RECORD,,,1
readcandidate:nngla:4e25d2a261a9a7841384ac07dbc79aba1c13ad1e2ad2b1c6c4b136e913fc5716,NG-RD-000032,ROAD,Claybourne Street,simulation,BLOCKED,ROAD_NOT_AUTHORITATIVELY_MAPPED|NO_NNGLA_PUBLICATION_RECORD,,,1
readcandidate:nngla:31d25cc72d1fe80a76c099b9335f1dcd06634535de8f361851e1e4f8e3f0110a,NG-RD-000033,ROAD,Newstead Avenue,simulation,BLOCKED,ROAD_NOT_AUTHORITATIVELY_MAPPED|NO_NNGLA_PUBLICATION_RECORD,,,1
readcandidate:nngla:2f5b97ee8e1efa14a8c9a7f8ad736f9ae1a153e8d7e606073ef2b2fbb8ac2275,NG-RD-000034,ROAD,Larkspur Lane,simulation,BLOCKED,ROAD_NOT_AUTHORITATIVELY_MAPPED|NO_NNGLA_PUBLICATION_RECORD,,,1
readcandidate:nngla:995595ec423b1a9b99f70890e5cee029dce162e64e942518fc266258e3da5da5,NG-RD-000035,ROAD,Eastbridge Drive,simulation,BLOCKED,ROAD_NOT_AUTHORITATIVELY_MAPPED|NO_NNGLA_PUBLICATION_RECORD,,,1
readcandidate:nngla:fd2aec34959a6320ba81625d88dfc210c50dc186e196e71e3d4a6958ab601478,NG-RD-000036,ROAD,Hillmark Way,simulation,BLOCKED,ROAD_NOT_AUTHORITATIVELY_MAPPED|NO_NNGLA_PUBLICATION_RECORD,,,1
readcandidate:nngla:e6b499ef2c4429d33278c903280d3a9057871f4e2e9188a0713ce1258a67000b,NG-RD-000037,ROAD,Greyhaven Boulevard,simulation,BLOCKED,ROAD_NOT_AUTHORITATIVELY_MAPPED|NO_NNGLA_PUBLICATION_RECORD,,,1
readcandidate:nngla:3fe18fc23a3c4243f7ed5a7fd79ba8759af4c1eee8151ce466e2b7f74a9a4f42,NG-RD-000038,ROAD,Willowgate Highway,simulation,BLOCKED,ROAD_NOT_AUTHORITATIVELY_MAPPED|NO_NNGLA_PUBLICATION_RECORD,,,1
readcandidate:nngla:bddbc48b30e9eb765983dc78abc0a2cf06ff84ae272148218b0ea41e26554294,NG-RD-000039,ROAD,Stoneleigh Junction,simulation,BLOCKED,ROAD_NOT_AUTHORITATIVELY_MAPPED|NO_NNGLA_PUBLICATION_RECORD,,,1
readcandidate:nngla:5816abe1d5136c0ae365066632015846f4de1fcc0dda35d310c3be668f9e0a5a,NG-RD-000040,ROAD,Maple Junction Crossing,simulation,BLOCKED,ROAD_NOT_AUTHORITATIVELY_MAPPED|NO_NNGLA_PUBLICATION_RECORD,,,1
readcandidate:nngla:917c034818c981c87be7541af81ef8347b29d8598978bee8916d93a13cb50a3c,NG-RD-000041,ROAD,South Bell Road,simulation,BLOCKED,ROAD_NOT_AUTHORITATIVELY_MAPPED|NO_NNGLA_PUBLICATION_RECORD,,,1
readcandidate:nngla:538a57832e189ab8800d4710fc3f37ab2d1327e9e4fc506fbf2628aa1d1d9ebe,NG-RD-000042,ROAD,Orchard End Street,simulation,BLOCKED,ROAD_NOT_AUTHORITATIVELY_MAPPED|NO_NNGLA_PUBLICATION_RECORD,,,1
readcandidate:nngla:dfd497e9b254636e75c41519e95fbb69e5a0add106c3d51c1cd0c0b4dcaf7c49,NG-RD-000043,ROAD,Carrowfield Avenue,simulation,BLOCKED,ROAD_NOT_AUTHORITATIVELY_MAPPED|NO_NNGLA_PUBLICATION_RECORD,,,1
readcandidate:nngla:00b34f8822b61e0747ec07ff1fc4390b4f82944d105641b8151cb5818966f950,NG-RD-000044,ROAD,West Carrow Lane,simulation,BLOCKED,ROAD_NOT_AUTHORITATIVELY_MAPPED|NO_NNGLA_PUBLICATION_RECORD,,,1
readcandidate:nngla:79e5d2fed0fdb2ce1b1e96abcdf18020a738fe0d50a48e81ca554f8bad48c97d,NG-RD-000045,ROAD,Low Crescent Drive,simulation,BLOCKED,ROAD_NOT_AUTHORITATIVELY_MAPPED|NO_NNGLA_PUBLICATION_RECORD,,,1
readcandidate:nngla:d9569a2bf69f05c71b18d56ce1fe07901ea4ca3ab4a93dcba7c567cb359ff5ea,NG-RD-000046,ROAD,Meridian Gate Way,simulation,BLOCKED,ROAD_NOT_AUTHORITATIVELY_MAPPED|NO_NNGLA_PUBLICATION_RECORD,,,1
readcandidate:nngla:f965b30d69b12fa2376cd76a59387bf6ed400eb565b969625f9c2093cb043607,NG-RD-000047,ROAD,Railview Boulevard,simulation,BLOCKED,ROAD_NOT_AUTHORITATIVELY_MAPPED|NO_NNGLA_PUBLICATION_RECORD,,,1
readcandidate:nngla:05227773587b5065edb4436173a62413fb084b1420ae15ad00ac2d9b4465256c,NG-RD-000048,ROAD,Eastbank Highway,simulation,BLOCKED,ROAD_NOT_AUTHORITATIVELY_MAPPED|NO_NNGLA_PUBLICATION_RECORD,,,1
readcandidate:nngla:0249280bed0da6b8e499b3d433d8e5cec4a580efa7941411304635d0e6a2f41d,NG-RD-000049,ROAD,Lower Ashbourne Junction,simulation,BLOCKED,ROAD_NOT_AUTHORITATIVELY_MAPPED|NO_NNGLA_PUBLICATION_RECORD,,,1
readcandidate:nngla:573a892d2c35ee0d148f788032b12ede2462aa6e3f5a37f755a3e270d67017e4,NG-RD-000050,ROAD,Ashbourne Green Crossing,simulation,BLOCKED,ROAD_NOT_AUTHORITATIVELY_MAPPED|NO_NNGLA_PUBLICATION_RECORD,,,1
readcandidate:nngla:812700685b36c446d1c82c337ec0ce733471b8eaa9fcfbeb8d491cb4cfc735dc,NG-RD-000051,ROAD,Old Crescenton Road,simulation,BLOCKED,ROAD_NOT_AUTHORITATIVELY_MAPPED|NO_NNGLA_PUBLICATION_RECORD,,,1
readcandidate:nngla:ce149a200ccaeba110e7639307e0977d7e874844e9c1a35b2f3c7c94951b0110,NG-RD-000052,ROAD,Crescenton Fields Street,simulation,BLOCKED,ROAD_NOT_AUTHORITATIVELY_MAPPED|NO_NNGLA_PUBLICATION_RECORD,,,1
readcandidate:nngla:c1b952b82cdf8bf1682c2d724f34066100a6620b20691aa1f80f75531caa4d82,NG-RD-000053,ROAD,Elmtree Hollow Avenue,simulation,BLOCKED,ROAD_NOT_AUTHORITATIVELY_MAPPED|NO_NNGLA_PUBLICATION_RECORD,,,1
readcandidate:nngla:7f008fe02af8121305e61a0a6c32db9c80fe0fee51dd85af18dd4a59f8bc73c3,NG-RD-000054,ROAD,Elmtree Brook Lane,simulation,BLOCKED,ROAD_NOT_AUTHORITATIVELY_MAPPED|NO_NNGLA_PUBLICATION_RECORD,,,1
readcandidate:nngla:c05d87cd81873079b984f6491ce13026f139ce7f0e39acc30b32cb810639e6f5,NG-RD-000055,ROAD,Faircross Cross Drive,simulation,BLOCKED,ROAD_NOT_AUTHORITATIVELY_MAPPED|NO_NNGLA_PUBLICATION_RECORD,,,1
readcandidate:nngla:11cac600d48afeba99690bbefb57c7114e69ff5fb53d817875b1fb34786049c3,NG-RD-000056,ROAD,Faircross Vale Way,simulation,BLOCKED,ROAD_NOT_AUTHORITATIVELY_MAPPED|NO_NNGLA_PUBLICATION_RECORD,,,1
readcandidate:nngla:848b02434eaa01a6bc35e571a93aa3a4a143aae63178b2132e574da4b39e9c27,NG-RD-000057,ROAD,North Kingswell Boulevard,simulation,BLOCKED,ROAD_NOT_AUTHORITATIVELY_MAPPED|NO_NNGLA_PUBLICATION_RECORD,,,1
readcandidate:nngla:b025ec4f3454d5b9b303b099cba3d1442b9d5f2caa99026febaada4439315583,NG-RD-000058,ROAD,Kingswell End Highway,simulation,BLOCKED,ROAD_NOT_AUTHORITATIVELY_MAPPED|NO_NNGLA_PUBLICATION_RECORD,,,1
readcandidate:nngla:3dcc8d5c6cc2c6b7610812b491a3c7a1c2b5d2f529ca03bc9e7a4c87a522c320,NG-RD-000059,ROAD,Brackenford Heath Junction,simulation,BLOCKED,ROAD_NOT_AUTHORITATIVELY_MAPPED|NO_NNGLA_PUBLICATION_RECORD,,,1
readcandidate:nngla:5f208ea918ef309f02aa212f03bc8885318a3eb745508b45ae55110b401c60c4,NG-RD-000060,ROAD,Brackenford Grove Crossing,simulation,BLOCKED,ROAD_NOT_AUTHORITATIVELY_MAPPED|NO_NNGLA_PUBLICATION_RECORD,,,1
readcandidate:nngla:4b3f9e2d33d392bf95e82272ce1d7862a313d7aee4757c201446a0984d94e3f9,NG-RD-000061,ROAD,Upper Rosehaven Road,simulation,BLOCKED,ROAD_NOT_AUTHORITATIVELY_MAPPED|NO_NNGLA_PUBLICATION_RECORD,,,1
readcandidate:nngla:5f2371e74425d4037f84daf83ce519d06012c33346f34e390dc20c3da8912f11,NG-RD-000062,ROAD,Rosehaven Meadow Street,simulation,BLOCKED,ROAD_NOT_AUTHORITATIVELY_MAPPED|NO_NNGLA_PUBLICATION_RECORD,,,1
readcandidate:nngla:355c8d1b3dfefc5792193dbcfa4cd18dc989ccd71da5e8bbda2e17d6050c87d3,NG-RD-000063,ROAD,Claybourne Ford Avenue,simulation,BLOCKED,ROAD_NOT_AUTHORITATIVELY_MAPPED|NO_NNGLA_PUBLICATION_RECORD,,,1
readcandidate:nngla:d5fa70171197138adee2dc0c06c804c9e5b6431fe389318906c166640954fcc9,NG-RD-000064,ROAD,Claybourne Common Lane,simulation,BLOCKED,ROAD_NOT_AUTHORITATIVELY_MAPPED|NO_NNGLA_PUBLICATION_RECORD,,,1
readcandidate:nngla:7eb2d0527333f5544d065ad490f2499cd86261eefd90f0885488d48f246414f7,NG-RD-000065,ROAD,Little Newstead Drive,simulation,BLOCKED,ROAD_NOT_AUTHORITATIVELY_MAPPED|NO_NNGLA_PUBLICATION_RECORD,,,1
readcandidate:nngla:c0e566823b424d502ed49641eafc37593c2a568b75e7a17e2a65aa26a8d7552c,NG-RD-000066,ROAD,Newstead Rise Way,simulation,BLOCKED,ROAD_NOT_AUTHORITATIVELY_MAPPED|NO_NNGLA_PUBLICATION_RECORD,,,1
readcandidate:nngla:71e44de6c4ec12db9604dd81f97dc533caacd0b4e101f626a1030a38e81c7950,NG-RD-000067,ROAD,Larkspur Hill Boulevard,simulation,BLOCKED,ROAD_NOT_AUTHORITATIVELY_MAPPED|NO_NNGLA_PUBLICATION_RECORD,,,1
readcandidate:nngla:47171ce82cf432d6936dcefc3fed2f1968217bbbc4775060bcdf3b87d6169127,NG-RD-000068,ROAD,Larkspur Springs Highway,simulation,BLOCKED,ROAD_NOT_AUTHORITATIVELY_MAPPED|NO_NNGLA_PUBLICATION_RECORD,,,1
readcandidate:nngla:514e9a89b48279b279db04299716d8501d38c0384fb7f0293e9a9ecfdb79e96a,NG-RD-000069,ROAD,West Eastbridge Junction,simulation,BLOCKED,ROAD_NOT_AUTHORITATIVELY_MAPPED|NO_NNGLA_PUBLICATION_RECORD,,,1
readcandidate:nngla:bd81c42050ed80dec81f7d34e093a3d0f78c4a97dc0b2d84953c942dfe4937a7,NG-RD-000070,ROAD,Eastbridge Lane Crossing,simulation,BLOCKED,ROAD_NOT_AUTHORITATIVELY_MAPPED|NO_NNGLA_PUBLICATION_RECORD,,,1
readcandidate:nngla:26dc36defd3de2bb90b0b7a44014162c058d419eced59b0c2a98b1c8af4065b8,NG-RD-000071,ROAD,Hillmark Wood Road,simulation,BLOCKED,ROAD_NOT_AUTHORITATIVELY_MAPPED|NO_NNGLA_PUBLICATION_RECORD,,,1
readcandidate:nngla:e7678476121b1a177bde2894c15809b11084d4d3c4174a973fe94f250af8593b,NG-RD-000072,ROAD,Hillmark Beck Street,simulation,BLOCKED,ROAD_NOT_AUTHORITATIVELY_MAPPED|NO_NNGLA_PUBLICATION_RECORD,,,1
readcandidate:nngla:e27a26ae73ab2f9e7cc682fea4b789af808c87a8550e5bb5e7935b512b4fe126,NG-RD-000073,ROAD,South Greyhaven Avenue,simulation,BLOCKED,ROAD_NOT_AUTHORITATIVELY_MAPPED|NO_NNGLA_PUBLICATION_RECORD,,,1
readcandidate:nngla:a1e5a736c1fa211d6180aca4fc4e6549e3002d1e49c1b8f608130d0be5992526,NG-RD-000074,ROAD,Greyhaven Court Lane,simulation,BLOCKED,ROAD_NOT_AUTHORITATIVELY_MAPPED|NO_NNGLA_PUBLICATION_RECORD,,,1
readcandidate:nngla:8506e56c9d32e6939277ea8aa7d64e42b9be84cee10b3f44463594b0506e8332,NG-RD-000075,ROAD,Willowgate Gate Drive,simulation,BLOCKED,ROAD_NOT_AUTHORITATIVELY_MAPPED|NO_NNGLA_PUBLICATION_RECORD,,,1
readcandidate:nngla:fe0d6c3e8d5c57cc7f3adfffde73e8990e67d68ac4dde4e9d7c896388a902712,NG-RD-000076,ROAD,Willowgate Downs Way,simulation,BLOCKED,ROAD_NOT_AUTHORITATIVELY_MAPPED|NO_NNGLA_PUBLICATION_RECORD,,,1
readcandidate:nngla:0e10814f2f6e982cc795c29730f4c1d1d5e539435e9630eafdc4accbdeb74d4a,NG-RD-000077,ROAD,Stoneleigh Mill Boulevard,simulation,BLOCKED,ROAD_NOT_AUTHORITATIVELY_MAPPED|NO_NNGLA_PUBLICATION_RECORD,,,1
readcandidate:nngla:a0936810c6db1dd42aefd358fba5221da6e92e080f470b28249aceb31a46bae0,NG-RD-000078,ROAD,Stoneleigh Park Highway,simulation,BLOCKED,ROAD_NOT_AUTHORITATIVELY_MAPPED|NO_NNGLA_PUBLICATION_RECORD,,,1
readcandidate:nngla:b67bfad326e37b303a86f8f521327d60bf27c61a1e19ac300169a8da9ffeda71,NG-RD-000079,ROAD,Cedar Market Junction,simulation,BLOCKED,ROAD_NOT_AUTHORITATIVELY_MAPPED|NO_NNGLA_PUBLICATION_RECORD,,,1
readcandidate:nngla:16f29ada137aa57e9c1ab5c469e010dc1f47ecc82e2f69faa776d15ae355e316,NG-RD-000080,ROAD,Junction Five Crossing,simulation,BLOCKED,ROAD_NOT_AUTHORITATIVELY_MAPPED|NO_NNGLA_PUBLICATION_RECORD,,,1
readcandidate:nngla:a8e939e0ec9f23370642c1abae417f043e5561d5b4be23b37ce32adbb3fc817f,NG-RD-000081,ROAD,Old Toll Road,simulation,BLOCKED,ROAD_NOT_AUTHORITATIVELY_MAPPED|NO_NNGLA_PUBLICATION_RECORD,,,1
readcandidate:nngla:8fe8ea8a040f1408e245b4ef6ba53a14be7e19c339cbda0451b145189ac6786c,NG-RD-000082,ROAD,Farmers' Gate Street,simulation,BLOCKED,ROAD_NOT_AUTHORITATIVELY_MAPPED|NO_NNGLA_PUBLICATION_RECORD,,,1
readcandidate:nngla:002685de6b50e6b4b1653f4fb4b019fa15792a098d8be25672b4b742e0ba7132,NG-RD-000083,ROAD,Lantern Cross Avenue,simulation,BLOCKED,ROAD_NOT_AUTHORITATIVELY_MAPPED|NO_NNGLA_PUBLICATION_RECORD,,,1
readcandidate:nngla:765b1bbefac9e508fdb6d65982385e536f7b27e2fac05c6ba0ab227635c03b5f,NG-RD-000084,ROAD,Eastline Industrial Park Lane,simulation,BLOCKED,ROAD_NOT_AUTHORITATIVELY_MAPPED|NO_NNGLA_PUBLICATION_RECORD,,,1
readcandidate:nngla:2ac32173655186e12c5ae8262c726660518a8fc9a8779f3aba2d5ad0dbf16864,NG-RD-000085,ROAD,Capital Logistics Zone Drive,simulation,BLOCKED,ROAD_NOT_AUTHORITATIVELY_MAPPED|NO_NNGLA_PUBLICATION_RECORD,,,1
readcandidate:nngla:27bd2ce64d5350515c7fb8acf0db73e7a8e178a3e134a4d104fe92e7c53465f3,NG-RD-000086,ROAD,Northgate Way,simulation,BLOCKED,ROAD_NOT_AUTHORITATIVELY_MAPPED|NO_NNGLA_PUBLICATION_RECORD,,,1
readcandidate:nngla:41a23bb86a8bdce0aab2a5cb4d4983431b1eb9b4a52f3407e4d487447cb90045,NG-RD-000087,ROAD,Caelith Boulevard,simulation,BLOCKED,ROAD_NOT_AUTHORITATIVELY_MAPPED|NO_NNGLA_PUBLICATION_RECORD,,,1
readcandidate:nngla:ab849266a5d3d5cf9dc18f8a1a69bcdf3e8c25dff5a85c0c9ce438475aaa9490,NG-RD-000088,ROAD,Skeldrun Highway,simulation,BLOCKED,ROAD_NOT_AUTHORITATIVELY_MAPPED|NO_NNGLA_PUBLICATION_RECORD,,,1
readcandidate:nngla:d50f0f2e08b0c8a85970d803aeacedb9e49b8a89885b9288a2f33e645ba58a0d,NG-RD-000089,ROAD,Pinebarrow Junction,simulation,BLOCKED,ROAD_NOT_AUTHORITATIVELY_MAPPED|NO_NNGLA_PUBLICATION_RECORD,,,1
readcandidate:nngla:d5f19fdd26fc4c52edb0027802ed59fef4c441188d5e73d483652f9bdc19a31f,NG-RD-000090,ROAD,Crown Steps Crossing,simulation,BLOCKED,ROAD_NOT_AUTHORITATIVELY_MAPPED|NO_NNGLA_PUBLICATION_RECORD,,,1
readcandidate:nngla:4db773b754f002f16411a8a1fddea5fb76842f4fd0f7508ca24d6b8cefd81842,NG-RD-000091,ROAD,Highgate Core Road,simulation,BLOCKED,ROAD_NOT_AUTHORITATIVELY_MAPPED|NO_NNGLA_PUBLICATION_RECORD,,,1
readcandidate:nngla:afd3f3b63f04a300537bc2afb9f9852e7425c72238ff7adb244f47b13abe6f4c,NG-RD-000092,ROAD,Observatory Ward Street,simulation,BLOCKED,ROAD_NOT_AUTHORITATIVELY_MAPPED|NO_NNGLA_PUBLICATION_RECORD,,,1
readcandidate:nngla:2cafbc38bc01a662951c00ca7dd82c6a784e1a8bb5c655e70a7e7c4a82ed7084,NG-RD-000093,ROAD,Foundry Terrace Avenue,simulation,BLOCKED,ROAD_NOT_AUTHORITATIVELY_MAPPED|NO_NNGLA_PUBLICATION_RECORD,,,1
readcandidate:nngla:3bbbfb51d2baaa611fcee96a0435124661c3ae551b0e1b5b0d4c0fb09092977a,NG-RD-000094,ROAD,Old Switchback Lane,simulation,BLOCKED,ROAD_NOT_AUTHORITATIVELY_MAPPED|NO_NNGLA_PUBLICATION_RECORD,,,1
readcandidate:nngla:b0b4ce4d3a6add4beeb2763360af36039383cf78752d1acaa4d5ebbddca7deeb,NG-RD-000095,ROAD,Alpine Exchange Drive,simulation,BLOCKED,ROAD_NOT_AUTHORITATIVELY_MAPPED|NO_NNGLA_PUBLICATION_RECORD,,,1
readcandidate:nngla:fb2d814df047f0fca80ada08906a6a48fea50b4a0494fed24dd2656f10d5aa9a,NG-RD-000096,ROAD,Northgate University District Way,simulation,BLOCKED,ROAD_NOT_AUTHORITATIVELY_MAPPED|NO_NNGLA_PUBLICATION_RECORD,,,1
readcandidate:nngla:beb0c9e217b56d2b6099ec2898ab6f66759b06779526f24c97b87c80ecb29ce2,NG-RD-000097,ROAD,Cloudline Boulevard,simulation,BLOCKED,ROAD_NOT_AUTHORITATIVELY_MAPPED|NO_NNGLA_PUBLICATION_RECORD,,,1
readcandidate:nngla:0945b58fc76d2834867b90d4138166d3f5c87e1f61bdaeaf03ea51fefba1f632,NG-RD-000098,ROAD,Pineglass Highway,simulation,BLOCKED,ROAD_NOT_AUTHORITATIVELY_MAPPED|NO_NNGLA_PUBLICATION_RECORD,,,1
readcandidate:nngla:e5797c843746bb26e923b2b8e641bddcc3affde2f70b25e4b3f15e01ea1e58d4,NG-RD-000099,ROAD,Heather Vale Junction,simulation,BLOCKED,ROAD_NOT_AUTHORITATIVELY_MAPPED|NO_NNGLA_PUBLICATION_RECORD,,,1
readcandidate:nngla:0bc3d9117050d5639fe8b796b1a29f87124b30bc28eb3e68449a3842e8b85d73,NG-RD-000100,ROAD,Slate Gardens Crossing,simulation,BLOCKED,ROAD_NOT_AUTHORITATIVELY_MAPPED|NO_NNGLA_PUBLICATION_RECORD,,,1
readcandidate:nngla:d45c5843a9842b5774d5c473b82a9917fe8bf224a72594b653805a9079a6938d,NG-RD-000101,ROAD,Frostmere Road,simulation,BLOCKED,ROAD_NOT_AUTHORITATIVELY_MAPPED|NO_NNGLA_PUBLICATION_RECORD,,,1
readcandidate:nngla:b6eb29983b65095be1fd931a2326da5e379069beefb930aa854f2e4033128c90,NG-RD-000102,ROAD,New Albion Street,simulation,BLOCKED,ROAD_NOT_AUTHORITATIVELY_MAPPED|NO_NNGLA_PUBLICATION_RECORD,,,1
readcandidate:nngla:7446c1f29909c3bec2d0bdf5ba379f7791b15091c114d18a2a502326c46e2605,NG-RD-000103,ROAD,Kaelor Heights Avenue,simulation,BLOCKED,ROAD_NOT_AUTHORITATIVELY_MAPPED|NO_NNGLA_PUBLICATION_RECORD,,,1
readcandidate:nngla:a4076c4d1694c1d0906458366dfddfe72aeda78fe08a668fc736c3d6bb7b321d,NG-RD-000104,ROAD,Bramble Court Lane,simulation,BLOCKED,ROAD_NOT_AUTHORITATIVELY_MAPPED|NO_NNGLA_PUBLICATION_RECORD,,,1
readcandidate:nngla:b001161f34c0b410bc5988c9b28be21e67ee32afe53472d6a2ef3725fb147f44,NG-RD-000105,ROAD,St. Arden Drive,simulation,BLOCKED,ROAD_NOT_AUTHORITATIVELY_MAPPED|NO_NNGLA_PUBLICATION_RECORD,,,1
readcandidate:nngla:1ebfed0e3798edb56552ab2be290b05264d25d0c188bb6c786d46ab509fe4dc4,NG-RD-000106,ROAD,Maple Rise Way,simulation,BLOCKED,ROAD_NOT_AUTHORITATIVELY_MAPPED|NO_NNGLA_PUBLICATION_RECORD,,,1
readcandidate:nngla:5bcee501b83fa19441406105f1cc459e24ef7707c759e5c4064cb590e61edcfe,NG-RD-000107,ROAD,Aelwood Boulevard,simulation,BLOCKED,ROAD_NOT_AUTHORITATIVELY_MAPPED|NO_NNGLA_PUBLICATION_RECORD,,,1
readcandidate:nngla:72ee175311d6192020cef3e3ad24cd746c4ce1f3ce7f9c62b5cb60ab04b69e83,NG-RD-000108,ROAD,Ridgewater Highway,simulation,BLOCKED,ROAD_NOT_AUTHORITATIVELY_MAPPED|NO_NNGLA_PUBLICATION_RECORD,,,1
readcandidate:nngla:9ffb272672d3aa41ac33740d2029bf366e7dc08dff673eb2e519abe26bee44b6,NG-RD-000109,ROAD,Windward Heath Junction,simulation,BLOCKED,ROAD_NOT_AUTHORITATIVELY_MAPPED|NO_NNGLA_PUBLICATION_RECORD,,,1
readcandidate:nngla:2db295296cf354415d546f0a48366f1a89d70c06472089c0c55175b510e1727e,NG-RD-000110,ROAD,Aelgrove Crossing,simulation,BLOCKED,ROAD_NOT_AUTHORITATIVELY_MAPPED|NO_NNGLA_PUBLICATION_RECORD,,,1
readcandidate:nngla:f7c22db8dad613caad843ede7941398f372e020aaa49e166b6f47d149fcc7907,NG-RD-000111,ROAD,Kaedur Road,simulation,BLOCKED,ROAD_NOT_AUTHORITATIVELY_MAPPED|NO_NNGLA_PUBLICATION_RECORD,,,1
readcandidate:nngla:aba2d4421063992316c648cac04e048c743e8afe98cdba3d5f366ecb2f45c6a0,NG-RD-000112,ROAD,Østmark Street,simulation,BLOCKED,ROAD_NOT_AUTHORITATIVELY_MAPPED|NO_NNGLA_PUBLICATION_RECORD,,,1
readcandidate:nngla:04444bfb25e6ea2aec455ba175c236b4194ed15d0656db6956ca9aab46432be8,NG-RD-000113,ROAD,Valekirk Avenue,simulation,BLOCKED,ROAD_NOT_AUTHORITATIVELY_MAPPED|NO_NNGLA_PUBLICATION_RECORD,,,1
readcandidate:nngla:4147146a2f33af67f6295d0b141509ed3ac14c04886097c14bbc27764b867667,NG-RD-000114,ROAD,Snowmere Lane,simulation,BLOCKED,ROAD_NOT_AUTHORITATIVELY_MAPPED|NO_NNGLA_PUBLICATION_RECORD,,,1
readcandidate:nngla:0837f02f588261eabcf34c5bc348688093dc7d4bab37b91e61e33403ad52caec,NG-RD-000115,ROAD,Frostholm Drive,simulation,BLOCKED,ROAD_NOT_AUTHORITATIVELY_MAPPED|NO_NNGLA_PUBLICATION_RECORD,,,1
readcandidate:nngla:836984cd25ea8a9998027231cc3f69c71cbe5718aab601a4ccd65a12acd958f8,NG-RD-000116,ROAD,Trossfell Way,simulation,BLOCKED,ROAD_NOT_AUTHORITATIVELY_MAPPED|NO_NNGLA_PUBLICATION_RECORD,,,1
readcandidate:nngla:61b49f6e11d9faf790185d339f6dd85a02774cdda5886647d1cd4384ff02bc9a,NG-RD-000117,ROAD,Birchpass Boulevard,simulation,BLOCKED,ROAD_NOT_AUTHORITATIVELY_MAPPED|NO_NNGLA_PUBLICATION_RECORD,,,1
readcandidate:nngla:76c8cb01b1d9764f1c3e735866e64f439bfcb8c7b2843a785119fa0d3d873d04,NG-RD-000118,ROAD,Ravencrag Highway,simulation,BLOCKED,ROAD_NOT_AUTHORITATIVELY_MAPPED|NO_NNGLA_PUBLICATION_RECORD,,,1
readcandidate:nngla:53eeba60f0ac98d3c194420febc5940c9f305920b78cf7420c83fed2ef0881c7,NG-RD-000119,ROAD,Highmere Junction,simulation,BLOCKED,ROAD_NOT_AUTHORITATIVELY_MAPPED|NO_NNGLA_PUBLICATION_RECORD,,,1
readcandidate:nngla:f19211a475ac66199182fd13393e453b8b3e37f2059c7719c8c3b8cd7cf6e917,NG-RD-000120,ROAD,Cedarwick Crossing,simulation,BLOCKED,ROAD_NOT_AUTHORITATIVELY_MAPPED|NO_NNGLA_PUBLICATION_RECORD,,,1
readcandidate:nngla:d2bf186356b28bd27de8f1a9c9bed3f3a6ba7c32a1c9bbd6f70285cc72e23a5c,NG-RD-000121,ROAD,Bellpine Road,simulation,BLOCKED,ROAD_NOT_AUTHORITATIVELY_MAPPED|NO_NNGLA_PUBLICATION_RECORD,,,1
readcandidate:nngla:b6bb7a26b8278e16165d24a22432a9952d0ecd0f18da121f65a98daa79690a03,NG-RD-000122,ROAD,Glenvar Street,simulation,BLOCKED,ROAD_NOT_AUTHORITATIVELY_MAPPED|NO_NNGLA_PUBLICATION_RECORD,,,1
readcandidate:nngla:ef80d578a961ed57736f3065a72827fb6b94bdc7ec32c845485f42409f3b26e9,NG-RD-000123,ROAD,Moorsend Avenue,simulation,BLOCKED,ROAD_NOT_AUTHORITATIVELY_MAPPED|NO_NNGLA_PUBLICATION_RECORD,,,1
readcandidate:nngla:4fccf563945106357b8c1615f2ee2857605c978861c77b129efcf281081ebc4f,NG-RD-000124,ROAD,Ferncross Lane,simulation,BLOCKED,ROAD_NOT_AUTHORITATIVELY_MAPPED|NO_NNGLA_PUBLICATION_RECORD,,,1
readcandidate:nngla:dd4db18f339bf99bd56f7208c6dc9595973e0a371a8d21b40683ab66d2998942,NG-RD-000125,ROAD,Lower Caelith Drive,simulation,BLOCKED,ROAD_NOT_AUTHORITATIVELY_MAPPED|NO_NNGLA_PUBLICATION_RECORD,,,1
readcandidate:nngla:be41ccc78dbaa542b4bf65df72ab283bf2d813745834c7881e9c4af5bf09b84c,NG-RD-000126,ROAD,Glen Kael Way,simulation,BLOCKED,ROAD_NOT_AUTHORITATIVELY_MAPPED|NO_NNGLA_PUBLICATION_RECORD,,,1
readcandidate:nngla:2c8bdffe3a025d2df320334e367a90976360652ae7c8d408bdef6712663bb16e,NG-RD-000127,ROAD,Passfield Boulevard,simulation,BLOCKED,ROAD_NOT_AUTHORITATIVELY_MAPPED|NO_NNGLA_PUBLICATION_RECORD,,,1
readcandidate:nngla:0e5dd9ed5428f60b31fb32cb9ec301a8d1054efb33ef6e814cbc36a1158c965b,NG-RD-000128,ROAD,South Skeldrun Highway,simulation,BLOCKED,ROAD_NOT_AUTHORITATIVELY_MAPPED|NO_NNGLA_PUBLICATION_RECORD,,,1
readcandidate:nngla:656fd813965acb34d22cf5e2aa6cf341b0a513a369bbf6e51ade51a60469b64f,NG-RD-000129,ROAD,Icebrook Junction,simulation,BLOCKED,ROAD_NOT_AUTHORITATIVELY_MAPPED|NO_NNGLA_PUBLICATION_RECORD,,,1
readcandidate:nngla:eaf9885769f5a435ba935e5f4cd1a5e6b196c8f4facce90ab1ba558c723eb571,NG-RD-000130,ROAD,Mill Crag Crossing,simulation,BLOCKED,ROAD_NOT_AUTHORITATIVELY_MAPPED|NO_NNGLA_PUBLICATION_RECORD,,,1
readcandidate:nngla:f141273ec540681f7f689786cfdd9294d1e6e43f24c030d86f45de84db6c03e1,NG-RD-000131,ROAD,East Pinebarrow Road,simulation,BLOCKED,ROAD_NOT_AUTHORITATIVELY_MAPPED|NO_NNGLA_PUBLICATION_RECORD,,,1
readcandidate:nngla:feb9b978ded8dbff0142b2769350d8c9e2e7f8f8b2b2577327c29f0cf7759c3a,NG-RD-000132,ROAD,Woodcutters' Line Street,simulation,BLOCKED,ROAD_NOT_AUTHORITATIVELY_MAPPED|NO_NNGLA_PUBLICATION_RECORD,,,1
readcandidate:nngla:bc246aaec3f39a0f073bb4b60e0e63c0348d4402347d627800f5cb22c33e639c,NG-RD-000133,ROAD,Briar Junction Avenue,simulation,BLOCKED,ROAD_NOT_AUTHORITATIVELY_MAPPED|NO_NNGLA_PUBLICATION_RECORD,,,1
readcandidate:nngla:0c7840e0b72f623062d90d6d23e7a65cdf6b98d20645ee9500e9415207e50aa6,NG-RD-000134,ROAD,Lower Aelgrove Lane,simulation,BLOCKED,ROAD_NOT_AUTHORITATIVELY_MAPPED|NO_NNGLA_PUBLICATION_RECORD,,,1
readcandidate:nngla:4720d1e29448420c481b8546c71c6012b6d74cacf9b8fba316ade97556b52f2e,NG-RD-000135,ROAD,Aelgrove Fell Drive,simulation,BLOCKED,ROAD_NOT_AUTHORITATIVELY_MAPPED|NO_NNGLA_PUBLICATION_RECORD,,,1
readcandidate:nngla:7d559af7d8f38c4977e087f01eba621f846fe0c122337848c579fdcc3548d618,NG-RD-000136,ROAD,Upper Kaedur Way,simulation,BLOCKED,ROAD_NOT_AUTHORITATIVELY_MAPPED|NO_NNGLA_PUBLICATION_RECORD,,,1
readcandidate:nngla:da3f2d8d4487a49d2f02b7abc741aab4ab900fdd038170b142d5f732407a6993,NG-RD-000137,ROAD,Kaedur Glen Boulevard,simulation,BLOCKED,ROAD_NOT_AUTHORITATIVELY_MAPPED|NO_NNGLA_PUBLICATION_RECORD,,,1
readcandidate:nngla:d4b6fabbcb845841ed5037822b886dc03792319d756c96359785405467a3ab44,NG-RD-000138,ROAD,East Østmark Highway,simulation,BLOCKED,ROAD_NOT_AUTHORITATIVELY_MAPPED|NO_NNGLA_PUBLICATION_RECORD,,,1
readcandidate:nngla:d2cfbf015b897793cda5285c09c19501b71c824fcd34fa61223068b6d0dcf6c6,NG-RD-000139,ROAD,Østmark Beck Junction,simulation,BLOCKED,ROAD_NOT_AUTHORITATIVELY_MAPPED|NO_NNGLA_PUBLICATION_RECORD,,,1
readcandidate:nngla:d5ac6531217f67317e459739c6cf42fe05213522105d8dd2e8885ea1c4d425f4,NG-RD-000140,ROAD,Old Valekirk Crossing,simulation,BLOCKED,ROAD_NOT_AUTHORITATIVELY_MAPPED|NO_NNGLA_PUBLICATION_RECORD,,,1
readcandidate:nngla:936dd18ff015f0722e9e1e862c2cf42e984d7776310f845ccabe6b987e5aa099,NG-RD-000141,ROAD,Valekirk Crag Road,simulation,BLOCKED,ROAD_NOT_AUTHORITATIVELY_MAPPED|NO_NNGLA_PUBLICATION_RECORD,,,1
readcandidate:nngla:e1712629d36534f50387f4e18cd32cd726703b35cbc5331877289bd9d017b6f8,NG-RD-000142,ROAD,South Snowmere Street,simulation,BLOCKED,ROAD_NOT_AUTHORITATIVELY_MAPPED|NO_NNGLA_PUBLICATION_RECORD,,,1
readcandidate:nngla:0c2fddc9c4d90e1e9435ec070da58cd193469ff3e87407cdf2fccf27999e1ee3,NG-RD-000143,ROAD,Snowmere Pass Avenue,simulation,BLOCKED,ROAD_NOT_AUTHORITATIVELY_MAPPED|NO_NNGLA_PUBLICATION_RECORD,,,1
readcandidate:nngla:fb7cc4a08cd1580bb78a743cb885184568a74bddd56885fd32f8e119b335661d,NG-RD-000144,ROAD,Frostholm Moor Lane,simulation,BLOCKED,ROAD_NOT_AUTHORITATIVELY_MAPPED|NO_NNGLA_PUBLICATION_RECORD,,,1
readcandidate:nngla:d9eb4471226dd2470604d1a59c692189398f248ff05bfbed95e92cc26b4875cf,NG-RD-000145,ROAD,Frostholm Fold Drive,simulation,BLOCKED,ROAD_NOT_AUTHORITATIVELY_MAPPED|NO_NNGLA_PUBLICATION_RECORD,,,1
readcandidate:nngla:63afcff079ec4f985180fb9ec34ee0a2bb4374e5bccd79576bc9f09279246328,NG-RD-000146,ROAD,North Trossfell Way,simulation,BLOCKED,ROAD_NOT_AUTHORITATIVELY_MAPPED|NO_NNGLA_PUBLICATION_RECORD,,,1
readcandidate:nngla:0bf3b129ae08c514338866a2ebd08f4264ae82b1eda9eb562ff1a3ae1a4b2f16,NG-RD-000147,ROAD,Trossfell Tor Boulevard,simulation,BLOCKED,ROAD_NOT_AUTHORITATIVELY_MAPPED|NO_NNGLA_PUBLICATION_RECORD,,,1
readcandidate:nngla:aebeeec1df50e4273f6fa64dfe9e82a48f34cad6efba3965ae58adce98ffc1d4,NG-RD-000148,ROAD,Birchpass Ridge Highway,simulation,BLOCKED,ROAD_NOT_AUTHORITATIVELY_MAPPED|NO_NNGLA_PUBLICATION_RECORD,,,1
readcandidate:nngla:7f44eca2048504f86b063fd9e567758c52dddf77db6c324e2d674a70cd9406f0,NG-RD-000149,ROAD,Birchpass Tarn Junction,simulation,BLOCKED,ROAD_NOT_AUTHORITATIVELY_MAPPED|NO_NNGLA_PUBLICATION_RECORD,,,1
readcandidate:nngla:6ae416d34e17d49d95df5b097d5b6b35bea7ad68d040b55635b88bf62235fa66,NG-RD-000150,ROAD,West Ravencrag Crossing,simulation,BLOCKED,ROAD_NOT_AUTHORITATIVELY_MAPPED|NO_NNGLA_PUBLICATION_RECORD,,,1
readcandidate:nngla:9e39d81bdf167cd0fc2d57b2e4bd8b3e6532726470db26829bb19d6d54c50ed7,NG-RD-000151,ROAD,Ravencrag Pines Road,simulation,BLOCKED,ROAD_NOT_AUTHORITATIVELY_MAPPED|NO_NNGLA_PUBLICATION_RECORD,,,1
readcandidate:nngla:0ac43d20d33a123b74549e01d7fe254e81e5c2d48f0fcdb1eadbd6622d7db5df,NG-RD-000152,ROAD,Highmere Heath Street,simulation,BLOCKED,ROAD_NOT_AUTHORITATIVELY_MAPPED|NO_NNGLA_PUBLICATION_RECORD,,,1
readcandidate:nngla:1a23306917742c80d11dd532d824318dff32ae04d0a78e50fcfe0161d180cf0b,NG-RD-000153,ROAD,Highmere Stone Avenue,simulation,BLOCKED,ROAD_NOT_AUTHORITATIVELY_MAPPED|NO_NNGLA_PUBLICATION_RECORD,,,1
readcandidate:nngla:bbb928a753967a4008b5d39f155ce2494beed0796ac36372e7c741d205cbda5d,NG-RD-000154,ROAD,Lower Cedarwick Lane,simulation,BLOCKED,ROAD_NOT_AUTHORITATIVELY_MAPPED|NO_NNGLA_PUBLICATION_RECORD,,,1
readcandidate:nngla:b8912c947ac19b2b65279eeed08226657e16e2ebd248195f6194b01dc360417c,NG-RD-000155,ROAD,Cedarwick Birch Drive,simulation,BLOCKED,ROAD_NOT_AUTHORITATIVELY_MAPPED|NO_NNGLA_PUBLICATION_RECORD,,,1
readcandidate:nngla:cde3c61d6d20058a9c0ddfee0c65d67f230fc626d6290b3d3cbe18431004fa8e,NG-RD-000156,ROAD,Bellpine Dale Way,simulation,BLOCKED,ROAD_NOT_AUTHORITATIVELY_MAPPED|NO_NNGLA_PUBLICATION_RECORD,,,1
readcandidate:nngla:b457fa763fd1927e4ff0389efc12910285cb5654a8555ea709f6287ead6ea205,NG-RD-000157,ROAD,Bellpine Run Boulevard,simulation,BLOCKED,ROAD_NOT_AUTHORITATIVELY_MAPPED|NO_NNGLA_PUBLICATION_RECORD,,,1
readcandidate:nngla:88ab21065cb5262b4db7662c08e372ad7920df252ad76574084401ee1fde18eb,NG-RD-000158,ROAD,Upper Glenvar Highway,simulation,BLOCKED,ROAD_NOT_AUTHORITATIVELY_MAPPED|NO_NNGLA_PUBLICATION_RECORD,,,1
readcandidate:nngla:201e5810c6a22b9eee077b375fef251b7ad8cdf2a48d4dedcb5a6151ad917ec6,NG-RD-000159,ROAD,Glenvar Cedar Junction,simulation,BLOCKED,ROAD_NOT_AUTHORITATIVELY_MAPPED|NO_NNGLA_PUBLICATION_RECORD,,,1
readcandidate:nngla:8f2dd95dd6799d69b2917a98ed6dcd14963921eceb6b185b734164fd7ccde4a0,NG-RD-000160,ROAD,Moorsend Barrow Crossing,simulation,BLOCKED,ROAD_NOT_AUTHORITATIVELY_MAPPED|NO_NNGLA_PUBLICATION_RECORD,,,1
readcandidate:nngla:dd47a002a11c0ad5c992b92909b945c03edfae61de0be75a66d0ca8b6d6b0238,NG-RD-000161,ROAD,Moorsend Brook Road,simulation,BLOCKED,ROAD_NOT_AUTHORITATIVELY_MAPPED|NO_NNGLA_PUBLICATION_RECORD,,,1
readcandidate:nngla:88dde350274c3e2c0f2e825ba682eb791944511523a78476bef9330d52d5e525,NG-RD-000162,ROAD,Ferncross Wood Street,simulation,BLOCKED,ROAD_NOT_AUTHORITATIVELY_MAPPED|NO_NNGLA_PUBLICATION_RECORD,,,1
readcandidate:nngla:c033655a145b509062a4f375db96d1c51d20d7c812d400afd17f56dd57fc15d6,NG-RD-000163,ROAD,Ferncross Brae Avenue,simulation,BLOCKED,ROAD_NOT_AUTHORITATIVELY_MAPPED|NO_NNGLA_PUBLICATION_RECORD,,,1
readcandidate:nngla:dbe7080a33f7d2c127e487fb7efb03aa042272a31fd2abf8db387003c8e21e21,NG-RD-000164,ROAD,Goat Bell Lane,simulation,BLOCKED,ROAD_NOT_AUTHORITATIVELY_MAPPED|NO_NNGLA_PUBLICATION_RECORD,,,1
readcandidate:nngla:d115c769840c70eb9a57733acbc0f2d741d0d394b056d324f25b66cd0765ce95,NG-RD-000165,ROAD,Highland Cross Drive,simulation,BLOCKED,ROAD_NOT_AUTHORITATIVELY_MAPPED|NO_NNGLA_PUBLICATION_RECORD,,,1
readcandidate:nngla:3ebde8f6d0f66bc32dc3ff9578c0e6e91a790805bab52502fc4e3517645e9991,NG-RD-000166,ROAD,Copper Stall Way,simulation,BLOCKED,ROAD_NOT_AUTHORITATIVELY_MAPPED|NO_NNGLA_PUBLICATION_RECORD,,,1
readcandidate:nngla:ab1faa52ca5bdb5abd47bb1920aecca611559a1a1c166fb9a9ecd65c3f5d5668,NG-RD-000167,ROAD,Pass Market Boulevard,simulation,BLOCKED,ROAD_NOT_AUTHORITATIVELY_MAPPED|NO_NNGLA_PUBLICATION_RECORD,,,1
readcandidate:nngla:0b9430c3a07c6fc44d8cc08017bafe8b3a93909d3ca98d5e20a625b3c68fa35e,NG-RD-000168,ROAD,Wool Exchange Highway,simulation,BLOCKED,ROAD_NOT_AUTHORITATIVELY_MAPPED|NO_NNGLA_PUBLICATION_RECORD,,,1
readcandidate:nngla:f937a918b00f45a8efac66e876f9e7d377ed93687b5253d1718c12be279138b5,NG-RD-000169,ROAD,Cloudworks Industrial Park Junction,simulation,BLOCKED,ROAD_NOT_AUTHORITATIVELY_MAPPED|NO_NNGLA_PUBLICATION_RECORD,,,1
readcandidate:nngla:76eba2e7a0fd5f2050550aeff9e732b09abaa2da313bfd9a1836d71f6dc59163,NG-RD-000170,ROAD,Granite Rail Estate Crossing,simulation,BLOCKED,ROAD_NOT_AUTHORITATIVELY_MAPPED|NO_NNGLA_PUBLICATION_RECORD,,,1
readcandidate:nngla:0e1e06e48645380b67804c0e51e80ddc128f5ff77d026b4f29a9f8d948091678,NG-RD-000171,ROAD,Cloudrest Road,simulation,BLOCKED,ROAD_NOT_AUTHORITATIVELY_MAPPED|NO_NNGLA_PUBLICATION_RECORD,,,1
readcandidate:nngla:c896d1c35c1a261d0ff4e9a7f629624a5ad31437620bb47bc79f8a0068b9e261,NG-RD-000172,ROAD,Alpine Lantern Street,simulation,BLOCKED,ROAD_NOT_AUTHORITATIVELY_MAPPED|NO_NNGLA_PUBLICATION_RECORD,,,1
readcandidate:nngla:ad33cbd23185817a7b563bd90dc83d5464b0fc3e64dd9ae76147e2ee5a844bdb,NG-RD-000173,ROAD,Vondara Avenue,simulation,BLOCKED,ROAD_NOT_AUTHORITATIVELY_MAPPED|NO_NNGLA_PUBLICATION_RECORD,,,1
readcandidate:nngla:3f50fca2d4d05e761c19ca91df2e8323c92f5e988aeb84c47f70b3ca655c391f,NG-RD-000174,ROAD,Greenbarrow Lane,simulation,BLOCKED,ROAD_NOT_AUTHORITATIVELY_MAPPED|NO_NNGLA_PUBLICATION_RECORD,,,1
readcandidate:nngla:5020e791caa33db42cfed1a01855a641bb0dd52901dd7b69dd1217deee64d8ac,NG-RD-000175,ROAD,Kestrel Plain Drive,simulation,BLOCKED,ROAD_NOT_AUTHORITATIVELY_MAPPED|NO_NNGLA_PUBLICATION_RECORD,,,1
readcandidate:nngla:a3e4a5d4e7b6a57a6e244bceb4d85eacd5166ef8f5e182d68a5ff4f886606ff7,NG-RD-000176,ROAD,Solmere Way,simulation,BLOCKED,ROAD_NOT_AUTHORITATIVELY_MAPPED|NO_NNGLA_PUBLICATION_RECORD,,,1
readcandidate:nngla:9a4c87e0505f6a709fe33f1e483153b3c66f03608ef40d14d3d23308a15f9fe4,NG-RD-000177,ROAD,Vondara Central Boulevard,simulation,BLOCKED,ROAD_NOT_AUTHORITATIVELY_MAPPED|NO_NNGLA_PUBLICATION_RECORD,,,1
readcandidate:nngla:41de8cce20a25ba5f0f8604365168f596d6ee5ec7fa9ff554e04476956e9c1b0,NG-RD-000178,ROAD,Grain Exchange Highway,simulation,BLOCKED,ROAD_NOT_AUTHORITATIVELY_MAPPED|NO_NNGLA_PUBLICATION_RECORD,,,1
readcandidate:nngla:39d4c3911bd3dd658cddd9bcd517448c894ad5f3b89a79d24dd969b1af17fa56,NG-RD-000179,ROAD,Copperleaf Ward Junction,simulation,BLOCKED,ROAD_NOT_AUTHORITATIVELY_MAPPED|NO_NNGLA_PUBLICATION_RECORD,,,1
readcandidate:nngla:b5a749294edc3174b39be39abd88b770c60174f0028eb84dd1728793f906b07c,NG-RD-000180,ROAD,Makers' Quarter Crossing,simulation,BLOCKED,ROAD_NOT_AUTHORITATIVELY_MAPPED|NO_NNGLA_PUBLICATION_RECORD,,,1
readcandidate:nngla:288501f8be41c58cbc6b6aacb3777e083ca72be72f03d40e739dbb5464d95d22,NG-RD-000181,ROAD,East Viaduct Road,simulation,BLOCKED,ROAD_NOT_AUTHORITATIVELY_MAPPED|NO_NNGLA_PUBLICATION_RECORD,,,1
readcandidate:nngla:7c957241526824423171aae0aa066668d0723a3143cdb707cf91547d1ff91eaa,NG-RD-000182,ROAD,Old Granary Street,simulation,BLOCKED,ROAD_NOT_AUTHORITATIVELY_MAPPED|NO_NNGLA_PUBLICATION_RECORD,,,1
readcandidate:nngla:d5a9af7d49f8ec4c3d4bbcb85ed6bff18adf2a313ca5e44a5661ada56e179fb1,NG-RD-000183,ROAD,Innovation Loop Avenue,simulation,BLOCKED,ROAD_NOT_AUTHORITATIVELY_MAPPED|NO_NNGLA_PUBLICATION_RECORD,,,1
readcandidate:nngla:117717c14f0e5092bce389c8f9e44568797353d694a9ec1041c4d028eb6de576,NG-RD-000184,ROAD,Grand Station Lane,simulation,BLOCKED,ROAD_NOT_AUTHORITATIVELY_MAPPED|NO_NNGLA_PUBLICATION_RECORD,,,1
readcandidate:nngla:539bc3e3813ce30b79b30ab382064a15bd3d2faf711ea9360549ee1de855ca09,NG-RD-000185,ROAD,Meadowcrest Drive,simulation,BLOCKED,ROAD_NOT_AUTHORITATIVELY_MAPPED|NO_NNGLA_PUBLICATION_RECORD,,,1
readcandidate:nngla:5b90d9792abd8f6da48d36177e531b9113043f76ada1e666824a21f4d1503d0c,NG-RD-000186,ROAD,Kenwick Park Way,simulation,BLOCKED,ROAD_NOT_AUTHORITATIVELY_MAPPED|NO_NNGLA_PUBLICATION_RECORD,,,1
readcandidate:nngla:4f45e32f79e2a171773e8b9deb830b366b7360b254bc80410498f2417342070e,NG-RD-000187,ROAD,Solara Fields Boulevard,simulation,BLOCKED,ROAD_NOT_AUTHORITATIVELY_MAPPED|NO_NNGLA_PUBLICATION_RECORD,,,1
readcandidate:nngla:3cfff5840d9a5eaff7ff36dc0fb68e557d821f4c51a40a538d2566abbf4f4fd0,NG-RD-000188,ROAD,Vondel Grove Highway,simulation,BLOCKED,ROAD_NOT_AUTHORITATIVELY_MAPPED|NO_NNGLA_PUBLICATION_RECORD,,,1
readcandidate:nngla:75f3e8966691c3ac8e662859c8855192043df90f5d2f0ed746f1326fc612a24d,NG-RD-000189,ROAD,Fairmead Junction,simulation,BLOCKED,ROAD_NOT_AUTHORITATIVELY_MAPPED|NO_NNGLA_PUBLICATION_RECORD,,,1
readcandidate:nngla:c7c7ba3c8bb960c187d26cf88e2e5c6d62530b1de8b50376c011494ac6bf7868,NG-RD-000190,ROAD,New Verona Crossing,simulation,BLOCKED,ROAD_NOT_AUTHORITATIVELY_MAPPED|NO_NNGLA_PUBLICATION_RECORD,,,1
readcandidate:nngla:feb200ecbe0025822f7a3f3b42ad1de6de1720d26d962f2240fe8b019983aab2,NG-RD-000191,ROAD,Kaelstone Road,simulation,BLOCKED,ROAD_NOT_AUTHORITATIVELY_MAPPED|NO_NNGLA_PUBLICATION_RECORD,,,1
readcandidate:nngla:a192bc169dbdfddbf643bc4e1b65e362926aa7dbef1788c91c0bc29de4dd1ac8,NG-RD-000192,ROAD,Greenhaven Street,simulation,BLOCKED,ROAD_NOT_AUTHORITATIVELY_MAPPED|NO_NNGLA_PUBLICATION_RECORD,,,1
readcandidate:nngla:608b123e59492e7d5e4934282c241af6a74ca8b7079c845a75f9e10f19a75db4,NG-RD-000193,ROAD,Ashford Lane Avenue,simulation,BLOCKED,ROAD_NOT_AUTHORITATIVELY_MAPPED|NO_NNGLA_PUBLICATION_RECORD,,,1
readcandidate:nngla:0b7796afcbd04bdb22059e1c9754710aed928b43c21663f22c4738c8af9e2ab2,NG-RD-000194,ROAD,Juniper Rise Lane,simulation,BLOCKED,ROAD_NOT_AUTHORITATIVELY_MAPPED|NO_NNGLA_PUBLICATION_RECORD,,,1
readcandidate:nngla:3ca8bded7d123e825a4e25e1875b10f5e16097162fa1a1930c90c18cdab7e201,NG-RD-000195,ROAD,Eastmere Drive,simulation,BLOCKED,ROAD_NOT_AUTHORITATIVELY_MAPPED|NO_NNGLA_PUBLICATION_RECORD,,,1
readcandidate:nngla:5eaa988724dc5df08924bbdbf1d1648d4fe6088049593118c7a3694f774ef925,NG-RD-000196,ROAD,Orchard Gate Way,simulation,BLOCKED,ROAD_NOT_AUTHORITATIVELY_MAPPED|NO_NNGLA_PUBLICATION_RECORD,,,1
readcandidate:nngla:cfdf9a62cc54704802f8e31c5dafeb492d96118d70c9d2bdab24b2cfafa26a87,NG-RD-000197,ROAD,Vondel Boulevard,simulation,BLOCKED,ROAD_NOT_AUTHORITATIVELY_MAPPED|NO_NNGLA_PUBLICATION_RECORD,,,1
readcandidate:nngla:f1f80c9aa20b69a3bb692a4f8b8e84d311104e4c68274912ad5ae5743ef550da,NG-RD-000198,ROAD,Meadowrun Highway,simulation,BLOCKED,ROAD_NOT_AUTHORITATIVELY_MAPPED|NO_NNGLA_PUBLICATION_RECORD,,,1
readcandidate:nngla:7494a5913c91a654dd4d0fcc59ed6607b5f51113e847f4a6cdbbf60947f5615a,NG-RD-000199,ROAD,Grainford Junction,simulation,BLOCKED,ROAD_NOT_AUTHORITATIVELY_MAPPED|NO_NNGLA_PUBLICATION_RECORD,,,1
readcandidate:nngla:4dcb5f5190d3c986480f70bbb0dd33d5b0bd399ef1301c7913afc72f442b899a,NG-RD-000200,ROAD,Solhaven Crossing,simulation,BLOCKED,ROAD_NOT_AUTHORITATIVELY_MAPPED|NO_NNGLA_PUBLICATION_RECORD,,,1
readcandidate:nngla:51201dd199f044bced18bebc50ea314adc1ba967ed568d021c5fc972eb7e01c2,NG-RD-000201,ROAD,Amberfield Road,simulation,BLOCKED,ROAD_NOT_AUTHORITATIVELY_MAPPED|NO_NNGLA_PUBLICATION_RECORD,,,1
readcandidate:nngla:296da6281bde24c34ef8a127effb10d4d5e1b814b2d41c2079c92b22673f45ee,NG-RD-000202,ROAD,Kestrel Street,simulation,BLOCKED,ROAD_NOT_AUTHORITATIVELY_MAPPED|NO_NNGLA_PUBLICATION_RECORD,,,1
readcandidate:nngla:a54e13653925a7a6d1a935d20da2a41bdd8d054aed38305a84db924375899202,NG-RD-000203,ROAD,Windcross Avenue,simulation,BLOCKED,ROAD_NOT_AUTHORITATIVELY_MAPPED|NO_NNGLA_PUBLICATION_RECORD,,,1
readcandidate:nngla:8a77f4b55241e1b35ed0796c37fb3b45c3121a0cd2a2b3f096ec976a9fd142b5,NG-RD-000204,ROAD,Talewood Lane,simulation,BLOCKED,ROAD_NOT_AUTHORITATIVELY_MAPPED|NO_NNGLA_PUBLICATION_RECORD,,,1
readcandidate:nngla:1ca711343ef5e40a68dddcf3a1919009b663b9427d50dfb947b63f94f63d0fb2,NG-RD-000205,ROAD,Broadacre Drive,simulation,BLOCKED,ROAD_NOT_AUTHORITATIVELY_MAPPED|NO_NNGLA_PUBLICATION_RECORD,,,1
readcandidate:nngla:e69f1c53543b0c658214d305155c6ec9de7c7b8c75017d6fc797b2d4a44987db,NG-RD-000206,ROAD,Eastbarrow Way,simulation,BLOCKED,ROAD_NOT_AUTHORITATIVELY_MAPPED|NO_NNGLA_PUBLICATION_RECORD,,,1
readcandidate:nngla:c95f29e3bccc3b6e59f8adce16b146e4648665ee8806a18b36deb094685979b3,NG-RD-000207,ROAD,Solvek Boulevard,simulation,BLOCKED,ROAD_NOT_AUTHORITATIVELY_MAPPED|NO_NNGLA_PUBLICATION_RECORD,,,1
readcandidate:nngla:a77d328ce32dca498dd65a0c8820aab6e28ac42b1185925e2be67ce3ba27cbfe,NG-RD-000208,ROAD,Ashkar Highway,simulation,BLOCKED,ROAD_NOT_AUTHORITATIVELY_MAPPED|NO_NNGLA_PUBLICATION_RECORD,,,1
readcandidate:nngla:9e76da3d8f95f29e1a6dab20b4671912cb1015d56e9e022819f061c8763d7991,NG-RD-000209,ROAD,Harrowfield Junction,simulation,BLOCKED,ROAD_NOT_AUTHORITATIVELY_MAPPED|NO_NNGLA_PUBLICATION_RECORD,,,1
readcandidate:nngla:f22c2e53b236dd7e8a90b9e01401ccea9d0d81627936fed6a4532dc10fef7b2b,NG-RD-000210,ROAD,Cidergate Crossing,simulation,BLOCKED,ROAD_NOT_AUTHORITATIVELY_MAPPED|NO_NNGLA_PUBLICATION_RECORD,,,1
readcandidate:nngla:f76540e160cdf5f2aade70eccfea46f0238824ae21e67be1b42f58dde1e2473f,NG-RD-000211,ROAD,Westervale Road,simulation,BLOCKED,ROAD_NOT_AUTHORITATIVELY_MAPPED|NO_NNGLA_PUBLICATION_RECORD,,,1
readcandidate:nngla:f79c40511c453de944b3e51c665e23c0ca3dee97dd31e9797e95d55e6334d321,NG-RD-000212,ROAD,Vondel Junction Street,simulation,BLOCKED,ROAD_NOT_AUTHORITATIVELY_MAPPED|NO_NNGLA_PUBLICATION_RECORD,,,1
readcandidate:nngla:47cfd4b3415c70a03365726111f1fb42888719093a7f89f707c5d6741d46e657,NG-RD-000213,ROAD,Meadow Junction Avenue,simulation,BLOCKED,ROAD_NOT_AUTHORITATIVELY_MAPPED|NO_NNGLA_PUBLICATION_RECORD,,,1
readcandidate:nngla:5aaa291a0a193c560131e2fb133ad8d7cde38e2f95236c3ac010ee47ccdf5d0d,NG-RD-000214,ROAD,Grainview Lane,simulation,BLOCKED,ROAD_NOT_AUTHORITATIVELY_MAPPED|NO_NNGLA_PUBLICATION_RECORD,,,1
readcandidate:nngla:b14f9536e26579e3afc23ed12b26a1b33cc8253eaa29d080fc3e6e2e34686352,NG-RD-000215,ROAD,Kestrel East Drive,simulation,BLOCKED,ROAD_NOT_AUTHORITATIVELY_MAPPED|NO_NNGLA_PUBLICATION_RECORD,,,1
readcandidate:nngla:a6ebfa6c32bdfb03c431f8eff16c0ddc347879b6310e9493d3e07a9a515afefc,NG-RD-000216,ROAD,Windmill Row Way,simulation,BLOCKED,ROAD_NOT_AUTHORITATIVELY_MAPPED|NO_NNGLA_PUBLICATION_RECORD,,,1
readcandidate:nngla:7fd8084d263e201f1611d225964c6dfbfd68616737ffbdde65a95bddb9d46924,NG-RD-000217,ROAD,Broadacre South Boulevard,simulation,BLOCKED,ROAD_NOT_AUTHORITATIVELY_MAPPED|NO_NNGLA_PUBLICATION_RECORD,,,1
readcandidate:nngla:8192ab67a149e0813a7f72f791b06d26fd09b3db75e98a3eac91bc0f9b828068,NG-RD-000218,ROAD,Solmere Gate Highway,simulation,BLOCKED,ROAD_NOT_AUTHORITATIVELY_MAPPED|NO_NNGLA_PUBLICATION_RECORD,,,1
readcandidate:nngla:7a38f44713969cef6e7fd6ec2dc3f351bb9cd0e7ae8b8dcf13e0b2a4b7fecee9,NG-RD-000219,ROAD,Ashkar Cross Junction,simulation,BLOCKED,ROAD_NOT_AUTHORITATIVELY_MAPPED|NO_NNGLA_PUBLICATION_RECORD,,,1
readcandidate:nngla:4d8738a5b96e04d55483629ec266eec95339ed7f924b46b717b5db91ff7cd7c8,NG-RD-000220,ROAD,Cider Station Crossing,simulation,BLOCKED,ROAD_NOT_AUTHORITATIVELY_MAPPED|NO_NNGLA_PUBLICATION_RECORD,,,1
readcandidate:nngla:f13f567587901a3d701eadd3ae1fee9a50f58f5c1d62a9d332b82c1b3b941483,NG-RD-000221,ROAD,Lower Vondel Road,simulation,BLOCKED,ROAD_NOT_AUTHORITATIVELY_MAPPED|NO_NNGLA_PUBLICATION_RECORD,,,1
readcandidate:nngla:5105d4b8a9802fb147670eb5d885692a0964b737784458113de9ab5ad67f2b7b,NG-RD-000222,ROAD,Vondel Fields Street,simulation,BLOCKED,ROAD_NOT_AUTHORITATIVELY_MAPPED|NO_NNGLA_PUBLICATION_RECORD,,,1
readcandidate:nngla:e2659bccee0de798dedfc679583f10bc21c6f93762de30c46ff2a69f29024b3f,NG-RD-000223,ROAD,Upper Meadowrun Avenue,simulation,BLOCKED,ROAD_NOT_AUTHORITATIVELY_MAPPED|NO_NNGLA_PUBLICATION_RECORD,,,1
readcandidate:nngla:9cd1f660a40ea339ffdac3df7fc1ee66154333be68d733d94e186e02132776cc,NG-RD-000224,ROAD,Meadowrun Grove Lane,simulation,BLOCKED,ROAD_NOT_AUTHORITATIVELY_MAPPED|NO_NNGLA_PUBLICATION_RECORD,,,1
readcandidate:nngla:badb861687d6d903d865ef442077a55502747413c0d15d86732010fb2b8d85a0,NG-RD-000225,ROAD,East Grainford Drive,simulation,BLOCKED,ROAD_NOT_AUTHORITATIVELY_MAPPED|NO_NNGLA_PUBLICATION_RECORD,,,1
readcandidate:nngla:79b6bf21a689ccaee18ba85f9403e695d58a4f48ffa49803afd07796e1274861,NG-RD-000226,ROAD,Grainford Farm Way,simulation,BLOCKED,ROAD_NOT_AUTHORITATIVELY_MAPPED|NO_NNGLA_PUBLICATION_RECORD,,,1
readcandidate:nngla:d99fb71f22a2db729610ca92319b19861c41c124ab7925d8d0cfdbd5b0cc62ab,NG-RD-000227,ROAD,Old Solhaven Boulevard,simulation,BLOCKED,ROAD_NOT_AUTHORITATIVELY_MAPPED|NO_NNGLA_PUBLICATION_RECORD,,,1
readcandidate:nngla:5cec01994346aa6cd16d952a078fb6f2c12605272a37cee91c8424a5220ea15f,NG-RD-000228,ROAD,Solhaven Cross Highway,simulation,BLOCKED,ROAD_NOT_AUTHORITATIVELY_MAPPED|NO_NNGLA_PUBLICATION_RECORD,,,1
readcandidate:nngla:1a9b6a94a17f32c90aaa02f09d034ebc214106fa6ec0c236b723ce823d6a63ae,NG-RD-000229,ROAD,South Amberfield Junction,simulation,BLOCKED,ROAD_NOT_AUTHORITATIVELY_MAPPED|NO_NNGLA_PUBLICATION_RECORD,,,1
readcandidate:nngla:d75710b2a277b837e499fb036a1fa065d529ddf0a0324b3cc08224ee730c8328,NG-RD-000230,ROAD,Amberfield Plain Crossing,simulation,BLOCKED,ROAD_NOT_AUTHORITATIVELY_MAPPED|NO_NNGLA_PUBLICATION_RECORD,,,1
readcandidate:nngla:2644fe3d68d19d8f5e58c3a0144e84c9d1d914a0e3c6ad596842f3f4dd584758,NG-RD-000231,ROAD,Kestrel Orchard Road,simulation,BLOCKED,ROAD_NOT_AUTHORITATIVELY_MAPPED|NO_NNGLA_PUBLICATION_RECORD,,,1
readcandidate:nngla:6598c62f0a5b274c6f3497c3ea3112b8fc7018bf8a3be31de2794f56f968f221,NG-RD-000232,ROAD,Kestrel Mill Street,simulation,BLOCKED,ROAD_NOT_AUTHORITATIVELY_MAPPED|NO_NNGLA_PUBLICATION_RECORD,,,1
readcandidate:nngla:da3978bf4c50723880de174190f3dc50e3519e45fd2928a0e513852d55f074a3,NG-RD-000233,ROAD,North Windcross Avenue,simulation,BLOCKED,ROAD_NOT_AUTHORITATIVELY_MAPPED|NO_NNGLA_PUBLICATION_RECORD,,,1
readcandidate:nngla:dcd0db98378459427dbc135db3c02fe80e168ac0eb7246b5e64f0574e35b6c34,NG-RD-000234,ROAD,Windcross Acres Lane,simulation,BLOCKED,ROAD_NOT_AUTHORITATIVELY_MAPPED|NO_NNGLA_PUBLICATION_RECORD,,,1
readcandidate:nngla:1c9fdb09d82f20f99c3092485760649ec307758ccc0d0b60d382c528a5461358,NG-RD-000235,ROAD,Talewood Meadow Drive,simulation,BLOCKED,ROAD_NOT_AUTHORITATIVELY_MAPPED|NO_NNGLA_PUBLICATION_RECORD,,,1
readcandidate:nngla:282b2bcf72dbb3d4e9a384ac1dc3e98cfbd742c07716e5eb8e67daf07c52cbd0,NG-RD-000236,ROAD,Talewood Gate Way,simulation,BLOCKED,ROAD_NOT_AUTHORITATIVELY_MAPPED|NO_NNGLA_PUBLICATION_RECORD,,,1
readcandidate:nngla:62adfae66c1719e794fa7a77ffbf7eaad3e60748c98d61912bb0f4d73d13e8f6,NG-RD-000237,ROAD,West Broadacre Boulevard,simulation,BLOCKED,ROAD_NOT_AUTHORITATIVELY_MAPPED|NO_NNGLA_PUBLICATION_RECORD,,,1
readcandidate:nngla:fc004051422029164bec589e699db155179d2ce29c85312dadf62f9cdc3dfe7b,NG-RD-000238,ROAD,Broadacre Granary Highway,simulation,BLOCKED,ROAD_NOT_AUTHORITATIVELY_MAPPED|NO_NNGLA_PUBLICATION_RECORD,,,1
readcandidate:nngla:94c2bcff751db09648f79f3973a6dde5ce060344a44d13b85618a4e0575a384b,NG-RD-000239,ROAD,Eastbarrow Ridge Junction,simulation,BLOCKED,ROAD_NOT_AUTHORITATIVELY_MAPPED|NO_NNGLA_PUBLICATION_RECORD,,,1
readcandidate:nngla:45d6aa3f23618e9d98373a9f41981b3fc2125accfbab267719ca579fcf93d00f,NG-RD-000240,ROAD,Eastbarrow Silo Crossing,simulation,BLOCKED,ROAD_NOT_AUTHORITATIVELY_MAPPED|NO_NNGLA_PUBLICATION_RECORD,,,1
readcandidate:nngla:d1f8cc18da6e0f0a37269a27b8baac00b1cda635116f544a9325e6f9d169519b,NG-RD-000241,ROAD,Lower Solvek Road,simulation,BLOCKED,ROAD_NOT_AUTHORITATIVELY_MAPPED|NO_NNGLA_PUBLICATION_RECORD,,,1
readcandidate:nngla:59bb3980bf5bd3a7d80360bc23e73c68e3b6428a1df5c408a2600d240ee295d1,NG-RD-000242,ROAD,Solvek Brook Street,simulation,BLOCKED,ROAD_NOT_AUTHORITATIVELY_MAPPED|NO_NNGLA_PUBLICATION_RECORD,,,1
readcandidate:nngla:e74bfc4b20abe202621f751339ff1fe7746628a1158195d14ffc0ab1541ac868,NG-RD-000243,ROAD,Ashkar Vineyard Avenue,simulation,BLOCKED,ROAD_NOT_AUTHORITATIVELY_MAPPED|NO_NNGLA_PUBLICATION_RECORD,,,1
readcandidate:nngla:06bcfcbd9f262b256fe6acd0a1132be55c69e19c76e1b5f24415369fa9eea46b,NG-RD-000244,ROAD,Ashkar Lane Lane,simulation,BLOCKED,ROAD_NOT_AUTHORITATIVELY_MAPPED|NO_NNGLA_PUBLICATION_RECORD,,,1
readcandidate:nngla:16cfcfbccceff9fc3b001f9375c6bbce1c1adbc44cd5c359f8826b137ae582e2,NG-RD-000245,ROAD,Upper Harrowfield Drive,simulation,BLOCKED,ROAD_NOT_AUTHORITATIVELY_MAPPED|NO_NNGLA_PUBLICATION_RECORD,,,1
readcandidate:nngla:b6791ca62368d5b03cd23f0bf9d922d2f3cb00b697cbe6ee5840205b220e6971,NG-RD-000246,ROAD,Harrowfield Homestead Way,simulation,BLOCKED,ROAD_NOT_AUTHORITATIVELY_MAPPED|NO_NNGLA_PUBLICATION_RECORD,,,1
readcandidate:nngla:b2ee572e471bd999ad6048a7352310d4a541358470c89362e9b4c0489a8b0ccc,NG-RD-000247,ROAD,Cidergate Cider Field Boulevard,simulation,BLOCKED,ROAD_NOT_AUTHORITATIVELY_MAPPED|NO_NNGLA_PUBLICATION_RECORD,,,1
readcandidate:nngla:3b2dc28dbc72b73c9a1ca29283262892281fb47ab3845b1d08299d14d9d2ff6b,NG-RD-000248,ROAD,Cidergate Hill Highway,simulation,BLOCKED,ROAD_NOT_AUTHORITATIVELY_MAPPED|NO_NNGLA_PUBLICATION_RECORD,,,1
readcandidate:nngla:740ec6ffbe3f1a746f6060dd8ef2edbd79907a2582f78670c4fa9c4b44b81aba,NG-RD-000249,ROAD,Westervale Vale Junction,simulation,BLOCKED,ROAD_NOT_AUTHORITATIVELY_MAPPED|NO_NNGLA_PUBLICATION_RECORD,,,1
readcandidate:nngla:76d2111aac1d3f1013a783180188bc248f9ea987ba6cf42278e267ffd7aa1aad,NG-RD-000250,ROAD,Westervale Station Crossing,simulation,BLOCKED,ROAD_NOT_AUTHORITATIVELY_MAPPED|NO_NNGLA_PUBLICATION_RECORD,,,1
readcandidate:nngla:a2db9a2f3e8734c5c18eacf32c5c6c9d803ba3d5b813a0a2bb0d31abd8293f51,NG-RD-000251,ROAD,Harvest Cross Road,simulation,BLOCKED,ROAD_NOT_AUTHORITATIVELY_MAPPED|NO_NNGLA_PUBLICATION_RECORD,,,1
readcandidate:nngla:7daeaa0a2b77e0dd597fd0041361df480adf00de18454f9c70248bf4d0bc8abb,NG-RD-000252,ROAD,Millers' Gate Street,simulation,BLOCKED,ROAD_NOT_AUTHORITATIVELY_MAPPED|NO_NNGLA_PUBLICATION_RECORD,,,1
readcandidate:nngla:889b9cb20fa6c6bdb2e988b130cf100117fa128d92eefd2284d76c0aca06b93d,NG-RD-000253,ROAD,Kestrel Market Avenue,simulation,BLOCKED,ROAD_NOT_AUTHORITATIVELY_MAPPED|NO_NNGLA_PUBLICATION_RECORD,,,1
readcandidate:nngla:178f90d4b59219b8a35b40fbee32cb47347312351cd6fd3ad424d4e1a133468c,NG-RD-000254,ROAD,Orchard Exchange Lane,simulation,BLOCKED,ROAD_NOT_AUTHORITATIVELY_MAPPED|NO_NNGLA_PUBLICATION_RECORD,,,1
readcandidate:nngla:f913babcf509cd31da2c23f65954c52c8ada5dc5c84d07fe9e0792df22c8b8d3,NG-RD-000255,ROAD,Old Silo Drive,simulation,BLOCKED,ROAD_NOT_AUTHORITATIVELY_MAPPED|NO_NNGLA_PUBLICATION_RECORD,,,1
readcandidate:nngla:c17d6113f87689af4a93fd457746f5963bbb03af204cb06a347e0dd9bac6cf97,NG-RD-000256,ROAD,Vondara AgroTech Park Way,simulation,BLOCKED,ROAD_NOT_AUTHORITATIVELY_MAPPED|NO_NNGLA_PUBLICATION_RECORD,,,1
readcandidate:nngla:e38eb6c4b32fb38c3bf1a020fbecbd624d2a8d3391203afe6b02b0b828f70138,NG-RD-000257,ROAD,Kestrel Freight Estate Boulevard,simulation,BLOCKED,ROAD_NOT_AUTHORITATIVELY_MAPPED|NO_NNGLA_PUBLICATION_RECORD,,,1
readcandidate:nngla:21134e77c4ee764ef633e1729d1cdcb4ecef31f560f4c34ad27b64aa23906094,NG-RD-000258,ROAD,Silvermere Highway,simulation,BLOCKED,ROAD_NOT_AUTHORITATIVELY_MAPPED|NO_NNGLA_PUBLICATION_RECORD,,,1
readcandidate:nngla:b68a452eab19d2d9b9b1874561ca6a6be10093fd9824a61090d8d98411bad44d,NG-RD-000259,ROAD,Nyandor Junction,simulation,BLOCKED,ROAD_NOT_AUTHORITATIVELY_MAPPED|NO_NNGLA_PUBLICATION_RECORD,,,1
readcandidate:nngla:07d228fcb36b108b5a0b4ee588a23caf5a80677d4288927b8f68790b4b930f3a,NG-RD-000260,ROAD,Reedhaven Crossing,simulation,BLOCKED,ROAD_NOT_AUTHORITATIVELY_MAPPED|NO_NNGLA_PUBLICATION_RECORD,,,1
readcandidate:nngla:ed480c1f028a2e936a1023b6a2ebbc77a4c55fc7c576dbca2f3abe26252b3eeb,NG-RD-000261,ROAD,Lakemarch Road,simulation,BLOCKED,ROAD_NOT_AUTHORITATIVELY_MAPPED|NO_NNGLA_PUBLICATION_RECORD,,,1
readcandidate:nngla:555bbb8a7200fc08bfbcc52838ec6b4d25ea2f2227292bd59c5a41907b9b7940,NG-RD-000262,ROAD,Silvermere Central Street,simulation,BLOCKED,ROAD_NOT_AUTHORITATIVELY_MAPPED|NO_NNGLA_PUBLICATION_RECORD,,,1
readcandidate:nngla:9014813ba8c3539c40c878873eb614a1087ba243089ea55732011930bc13ad0c,NG-RD-000263,ROAD,Lakefront Exchange Avenue,simulation,BLOCKED,ROAD_NOT_AUTHORITATIVELY_MAPPED|NO_NNGLA_PUBLICATION_RECORD,,,1
readcandidate:nngla:91af14036681fcb6c35c94e0886f7f218bd56573520580f7d885387731e2a6ef,NG-RD-000264,ROAD,Reedbank Ward Lane,simulation,BLOCKED,ROAD_NOT_AUTHORITATIVELY_MAPPED|NO_NNGLA_PUBLICATION_RECORD,,,1
readcandidate:nngla:c6848a14d36aea6660f1c5100a287a5e25d4c0502e0f2905d3b81e3616c138f0,NG-RD-000265,ROAD,Canal Quarter Drive,simulation,BLOCKED,ROAD_NOT_AUTHORITATIVELY_MAPPED|NO_NNGLA_PUBLICATION_RECORD,,,1
readcandidate:nngla:5b05ad8703289340602d65705f37e95a4ce4d5aa737a7394b1623e859eff7cc0,NG-RD-000266,ROAD,Old Ferry Way,simulation,BLOCKED,ROAD_NOT_AUTHORITATIVELY_MAPPED|NO_NNGLA_PUBLICATION_RECORD,,,1
readcandidate:nngla:87ccf575fffcdc500a99220c63de4109745ff62bba6a3b320fdf0ea0cfa7a524,NG-RD-000267,ROAD,Civic Isles Boulevard,simulation,BLOCKED,ROAD_NOT_AUTHORITATIVELY_MAPPED|NO_NNGLA_PUBLICATION_RECORD,,,1
readcandidate:nngla:2f9a9930815d20d32cc180d5b2761649aa790b2e97ee8b5d3396d8e683e268d3,NG-RD-000268,ROAD,Museum Reach Highway,simulation,BLOCKED,ROAD_NOT_AUTHORITATIVELY_MAPPED|NO_NNGLA_PUBLICATION_RECORD,,,1
readcandidate:nngla:d23bf2726567a614be00bad214b9a41c7a64251c9606c252d6e6cfe134c90316,NG-RD-000269,ROAD,West Quays Junction,simulation,BLOCKED,ROAD_NOT_AUTHORITATIVELY_MAPPED|NO_NNGLA_PUBLICATION_RECORD,,,1
readcandidate:nngla:9516e174b396549b11c8c44829a14c35b6c323e72952384c682f49d8700cd273,NG-RD-000270,ROAD,Bluewater Crossing,simulation,BLOCKED,ROAD_NOT_AUTHORITATIVELY_MAPPED|NO_NNGLA_PUBLICATION_RECORD,,,1
readcandidate:nngla:1c6f6a3d2c74110320139195a10f53222d27e7ae21026101bc1775e72095e3b2,NG-RD-000271,ROAD,Nyarin Gardens Road,simulation,BLOCKED,ROAD_NOT_AUTHORITATIVELY_MAPPED|NO_NNGLA_PUBLICATION_RECORD,,,1
readcandidate:nngla:8326ec634882bb77396b79d8f503908eafa4f7008a5928e9ee823c001c6c5ce3,NG-RD-000272,ROAD,Heron Park Street,simulation,BLOCKED,ROAD_NOT_AUTHORITATIVELY_MAPPED|NO_NNGLA_PUBLICATION_RECORD,,,1
readcandidate:nngla:32e4b4d9c50a4684d5e6cb2679eefd91d8903e36f3b1eccdb4bc51cd492cc46e,NG-RD-000273,ROAD,Willowmere Avenue,simulation,BLOCKED,ROAD_NOT_AUTHORITATIVELY_MAPPED|NO_NNGLA_PUBLICATION_RECORD,,,1
readcandidate:nngla:4f950a063b98bf4dfbc1592c7fadb4a1f3ac08aed8812a7d28952f95a01e364c,NG-RD-000274,ROAD,Canalview Lane,simulation,BLOCKED,ROAD_NOT_AUTHORITATIVELY_MAPPED|NO_NNGLA_PUBLICATION_RECORD,,,1
readcandidate:nngla:cbe443297ff7f0208a7f4b0a8d4f17b5598f87b0b0173275bc83cac00dcd8e08,NG-RD-000275,ROAD,Lakeside North Drive,simulation,BLOCKED,ROAD_NOT_AUTHORITATIVELY_MAPPED|NO_NNGLA_PUBLICATION_RECORD,,,1
readcandidate:nngla:48fa85f1b611e2cfd0068602eadc906626a51749e4b1ebbc3355badfd60e1004,NG-RD-000276,ROAD,Pearlbank Way,simulation,BLOCKED,ROAD_NOT_AUTHORITATIVELY_MAPPED|NO_NNGLA_PUBLICATION_RECORD,,,1
readcandidate:nngla:5a787d7d562d8ca219a2383c3d74ff0c1e079c8d08e917a7da0fcd1b3410b7b3,NG-RD-000277,ROAD,Mistral Court Boulevard,simulation,BLOCKED,ROAD_NOT_AUTHORITATIVELY_MAPPED|NO_NNGLA_PUBLICATION_RECORD,,,1
readcandidate:nngla:1b7634806c2b53cce05773b428de34af8e43a3e5160ab3b616a0f88e996442c2,NG-RD-000278,ROAD,Fenwick Highway,simulation,BLOCKED,ROAD_NOT_AUTHORITATIVELY_MAPPED|NO_NNGLA_PUBLICATION_RECORD,,,1
readcandidate:nngla:5c88aa6dc5906bf21d56695266f892f8841d942575915eb18e59f845c3d4ac5c,NG-RD-000279,ROAD,Riverglass Junction,simulation,BLOCKED,ROAD_NOT_AUTHORITATIVELY_MAPPED|NO_NNGLA_PUBLICATION_RECORD,,,1
readcandidate:nngla:e4dd9dd2cb05b705beeb17aaeb833ba27d7cffab3ba587c2818748e79776c65c,NG-RD-000280,ROAD,New Delft Crossing,simulation,BLOCKED,ROAD_NOT_AUTHORITATIVELY_MAPPED|NO_NNGLA_PUBLICATION_RECORD,,,1
readcandidate:nngla:378bcd3204a603fe291c8d06868ea41bfae2e208003d73f4eabdb03491e633a0,NG-RD-000281,ROAD,Sedgefield Road,simulation,BLOCKED,ROAD_NOT_AUTHORITATIVELY_MAPPED|NO_NNGLA_PUBLICATION_RECORD,,,1
readcandidate:nngla:c7ea42f4409d3f6620e87c53f4955e0cef0f89706e30656b76e6dd5861092c0c,NG-RD-000282,ROAD,Nyarin Street,simulation,BLOCKED,ROAD_NOT_AUTHORITATIVELY_MAPPED|NO_NNGLA_PUBLICATION_RECORD,,,1
readcandidate:nngla:c71ac414bbeea69367585727d5489b65152d73e92e0fdeca9832154b96594c71,NG-RD-000283,ROAD,Nyondar Avenue,simulation,BLOCKED,ROAD_NOT_AUTHORITATIVELY_MAPPED|NO_NNGLA_PUBLICATION_RECORD,,,1
readcandidate:nngla:29129ad2f7af474d17fa621c91260a22337e19ed49bae4b89d814efef7372b4f,NG-RD-000284,ROAD,Nyavora Lane,simulation,BLOCKED,ROAD_NOT_AUTHORITATIVELY_MAPPED|NO_NNGLA_PUBLICATION_RECORD,,,1
readcandidate:nngla:8232fdbf1b82b5552d4f4af62e044c450fc8cd4b576f040577e643e91698c3f9,NG-RD-000285,ROAD,Osprey Bend Drive,simulation,BLOCKED,ROAD_NOT_AUTHORITATIVELY_MAPPED|NO_NNGLA_PUBLICATION_RECORD,,,1
readcandidate:nngla:5b415260326fcd442fb358dad694dc29d6305898def67ff40f20151d9d89560b,NG-RD-000286,ROAD,Pelican Reach Way,simulation,BLOCKED,ROAD_NOT_AUTHORITATIVELY_MAPPED|NO_NNGLA_PUBLICATION_RECORD,,,1
readcandidate:nngla:7fb7de0d147f0de92c1e4c064877784ba51280b763ce82c3ac25dbf273c7f548,NG-RD-000287,ROAD,Fenmere Boulevard,simulation,BLOCKED,ROAD_NOT_AUTHORITATIVELY_MAPPED|NO_NNGLA_PUBLICATION_RECORD,,,1
readcandidate:nngla:bc7466647d1b41c6e4f374173abb0e802c4fbf4c209912c945942c87dfebd56a,NG-RD-000288,ROAD,Lotus Ford Highway,simulation,BLOCKED,ROAD_NOT_AUTHORITATIVELY_MAPPED|NO_NNGLA_PUBLICATION_RECORD,,,1
readcandidate:nngla:41129e4b4457568b646eab403731e6499ceaf60762defd248e77e5b46a421a36,NG-RD-000289,ROAD,Rivermist Junction,simulation,BLOCKED,ROAD_NOT_AUTHORITATIVELY_MAPPED|NO_NNGLA_PUBLICATION_RECORD,,,1
readcandidate:nngla:43ce3395fcdc8ecfba137fb9e9f31532bd30022214f286581f1f2340e4af3943,NG-RD-000290,ROAD,Heronfall Crossing,simulation,BLOCKED,ROAD_NOT_AUTHORITATIVELY_MAPPED|NO_NNGLA_PUBLICATION_RECORD,,,1
readcandidate:nngla:cad0cd1914d6122ad874e72cc7ede17fc0487b8deac31f09d6498f2e0cc8a5d4,NG-RD-000291,ROAD,Delftwater Road,simulation,BLOCKED,ROAD_NOT_AUTHORITATIVELY_MAPPED|NO_NNGLA_PUBLICATION_RECORD,,,1
readcandidate:nngla:6d2ae325cf1cd73da8eb67404bb3bd8a6ea07b209a247fedb0d4cf944597302b,NG-RD-000292,ROAD,Bluehaven Street,simulation,BLOCKED,ROAD_NOT_AUTHORITATIVELY_MAPPED|NO_NNGLA_PUBLICATION_RECORD,,,1
readcandidate:nngla:383337030cee71bb6162949732bef2ccefe7aedf5e4d240d8018aa8e326accdc,NG-RD-000293,ROAD,Lowwater Avenue,simulation,BLOCKED,ROAD_NOT_AUTHORITATIVELY_MAPPED|NO_NNGLA_PUBLICATION_RECORD,,,1
readcandidate:nngla:9d7faa4a872420b8aac2463bfc69b942a077145ee923768afbbf6b708ded6ff2,NG-RD-000294,ROAD,Canalford Lane,simulation,BLOCKED,ROAD_NOT_AUTHORITATIVELY_MAPPED|NO_NNGLA_PUBLICATION_RECORD,,,1
readcandidate:nngla:59d0d5cab4d4f4b0cad3fb5ed68dae9be2b1f735d992f0c189486705b2c12a77,NG-RD-000295,ROAD,Brinewell Drive,simulation,BLOCKED,ROAD_NOT_AUTHORITATIVELY_MAPPED|NO_NNGLA_PUBLICATION_RECORD,,,1
readcandidate:nngla:df45cf6484bb047c8ca49d04b0436b639c736dc28dbaee66aa9c058e212ee0d9,NG-RD-000296,ROAD,Willow Quay Way,simulation,BLOCKED,ROAD_NOT_AUTHORITATIVELY_MAPPED|NO_NNGLA_PUBLICATION_RECORD,,,1
readcandidate:nngla:5fec58122c20dd79052f891a08c4ad88cfb3ee390d2779d6769523a1a5e8a0b4,NG-RD-000297,ROAD,Nyandor Landing Boulevard,simulation,BLOCKED,ROAD_NOT_AUTHORITATIVELY_MAPPED|NO_NNGLA_PUBLICATION_RECORD,,,1
readcandidate:nngla:bebf9cab4e175b512d588e4ea1f6024d28db42ed8989163df345223b21be8c43,NG-RD-000298,ROAD,Reedline Highway,simulation,BLOCKED,ROAD_NOT_AUTHORITATIVELY_MAPPED|NO_NNGLA_PUBLICATION_RECORD,,,1
readcandidate:nngla:aa42f129599e324c7c759a5032b767ad07d0cbf1b6d5b80dc9b5986b58c82baf,NG-RD-000299,ROAD,Nyan Cross Junction,simulation,BLOCKED,ROAD_NOT_AUTHORITATIVELY_MAPPED|NO_NNGLA_PUBLICATION_RECORD,,,1
readcandidate:nngla:d40d3143d5cb1fea7684da39770931738342560d0c181d958eb156b9e26c5cae,NG-RD-000300,ROAD,South Reedhaven Crossing,simulation,BLOCKED,ROAD_NOT_AUTHORITATIVELY_MAPPED|NO_NNGLA_PUBLICATION_RECORD,,,1
readcandidate:nngla:a73bfc2b7ce901f923afa6dbe5e7be5fbd6f620f789994c7908d79c5ec3127f4,NG-RD-000301,ROAD,Lotus Junction Road,simulation,BLOCKED,ROAD_NOT_AUTHORITATIVELY_MAPPED|NO_NNGLA_PUBLICATION_RECORD,,,1
readcandidate:nngla:632ec128c6a89eed25778ff91c6ccfb0f6a089c6b9ce82ee6907a2fc7dc47523,NG-RD-000302,ROAD,Heron Steps Street,simulation,BLOCKED,ROAD_NOT_AUTHORITATIVELY_MAPPED|NO_NNGLA_PUBLICATION_RECORD,,,1
readcandidate:nngla:262115285b63ac24a3fbaaee12ecef755375ae1d4831c60876c6a03bb6b81989,NG-RD-000303,ROAD,Lakemarch East Avenue,simulation,BLOCKED,ROAD_NOT_AUTHORITATIVELY_MAPPED|NO_NNGLA_PUBLICATION_RECORD,,,1
readcandidate:nngla:b61f15bacf5f36d6ac1e22ff7129e50bd1f3ec029d53434f71657387047f029e,NG-RD-000304,ROAD,Lowwater Bend Lane,simulation,BLOCKED,ROAD_NOT_AUTHORITATIVELY_MAPPED|NO_NNGLA_PUBLICATION_RECORD,,,1
readcandidate:nngla:0ee744433a665d6d1969d78aeef35c6c8eaef3e85af5e2ed3b6e403c16fccbc8,NG-RD-000305,ROAD,Canal End Drive,simulation,BLOCKED,ROAD_NOT_AUTHORITATIVELY_MAPPED|NO_NNGLA_PUBLICATION_RECORD,,,1
readcandidate:nngla:ac2f73275d28cc21b6a6e750daddacd0e857e75ff08eeaa7f5bd870d223fef37,NG-RD-000306,ROAD,Upper Nyarin Way,simulation,BLOCKED,ROAD_NOT_AUTHORITATIVELY_MAPPED|NO_NNGLA_PUBLICATION_RECORD,,,1
readcandidate:nngla:2ff828fb969ee76b6ea32a3e1262504edca85eb9d8bbd6d45cd353e1d9b55a93,NG-RD-000307,ROAD,Nyarin Landing Boulevard,simulation,BLOCKED,ROAD_NOT_AUTHORITATIVELY_MAPPED|NO_NNGLA_PUBLICATION_RECORD,,,1
readcandidate:nngla:349442db0bf275e7e342cf884f09e234b21fac3cde79d2a0a499e008a34da7b4,NG-RD-000308,ROAD,Lower Nyondar Highway,simulation,BLOCKED,ROAD_NOT_AUTHORITATIVELY_MAPPED|NO_NNGLA_PUBLICATION_RECORD,,,1
readcandidate:nngla:fd399140c28bbd01d559784519411d92f77aa4a13257b061527faa6b74f1cf4d,NG-RD-000309,ROAD,Nyondar Reed Junction,simulation,BLOCKED,ROAD_NOT_AUTHORITATIVELY_MAPPED|NO_NNGLA_PUBLICATION_RECORD,,,1
readcandidate:nngla:f8faa6f81d1a6005c7dedd5c5335f3679111afe3ea084695c65ef2a3d6df6e1f,NG-RD-000310,ROAD,Old Nyavora Crossing,simulation,BLOCKED,ROAD_NOT_AUTHORITATIVELY_MAPPED|NO_NNGLA_PUBLICATION_RECORD,,,1
readcandidate:nngla:30d9c29d6bb59f3d7e26499bc6eb8ee6db9734d8bba67c947f8754b343d20f79,NG-RD-000311,ROAD,Nyavora Bank Road,simulation,BLOCKED,ROAD_NOT_AUTHORITATIVELY_MAPPED|NO_NNGLA_PUBLICATION_RECORD,,,1
readcandidate:nngla:9893fa1d2b03c645067419431d6efd3782d2bc82a241ae8c8d3d2e347f3d7c3e,NG-RD-000312,ROAD,East Osprey Bend Street,simulation,BLOCKED,ROAD_NOT_AUTHORITATIVELY_MAPPED|NO_NNGLA_PUBLICATION_RECORD,,,1
readcandidate:nngla:aeb118257bbb030139a5a872f417b7ad6c31f46828a29437c5b82369a29a25ed,NG-RD-000313,ROAD,Osprey Bend Ford Avenue,simulation,BLOCKED,ROAD_NOT_AUTHORITATIVELY_MAPPED|NO_NNGLA_PUBLICATION_RECORD,,,1
readcandidate:nngla:59d776c5fea464d10fa9828326f8001dfee563ac4e64dda0566e6a2f0a1dea45,NG-RD-000314,ROAD,South Pelican Reach Lane,simulation,BLOCKED,ROAD_NOT_AUTHORITATIVELY_MAPPED|NO_NNGLA_PUBLICATION_RECORD,,,1
readcandidate:nngla:d908164ae26b056e4d9f57220d47dfa423d3945f1e85e664afe9800f1a842f3b,NG-RD-000315,ROAD,Pelican Reach Marsh Drive,simulation,BLOCKED,ROAD_NOT_AUTHORITATIVELY_MAPPED|NO_NNGLA_PUBLICATION_RECORD,,,1
readcandidate:nngla:e5794374917c6b60ea3fc92535fb9838535bb2abc68e201d5b285a3cdfe9467c,NG-RD-000316,ROAD,Fenmere Fen Way,simulation,BLOCKED,ROAD_NOT_AUTHORITATIVELY_MAPPED|NO_NNGLA_PUBLICATION_RECORD,,,1
readcandidate:nngla:d322358de1704f0fd0f69bc674b6540d5f0ce2c4195c612e9c5b8def428d01a6,NG-RD-000317,ROAD,Fenmere Pools Boulevard,simulation,BLOCKED,ROAD_NOT_AUTHORITATIVELY_MAPPED|NO_NNGLA_PUBLICATION_RECORD,,,1
readcandidate:nngla:ffb2b06f083e8b9f674db2ae9fbbdca464b772fc8a8627080671b632a8f905c9,NG-RD-000318,ROAD,North Lotus Ford Highway,simulation,BLOCKED,ROAD_NOT_AUTHORITATIVELY_MAPPED|NO_NNGLA_PUBLICATION_RECORD,,,1
readcandidate:nngla:e68ebfa03c28f157940c4247f6b01218b0682a9211fda1859c1cbebbbf500463,NG-RD-000319,ROAD,Lotus Ford Channel Junction,simulation,BLOCKED,ROAD_NOT_AUTHORITATIVELY_MAPPED|NO_NNGLA_PUBLICATION_RECORD,,,1
readcandidate:nngla:db1f5251dddc83f471f3228542ea3e2b79fe11c629efa4b84de36d3d1c2f7d2a,NG-RD-000320,ROAD,Rivermist Water Crossing,simulation,BLOCKED,ROAD_NOT_AUTHORITATIVELY_MAPPED|NO_NNGLA_PUBLICATION_RECORD,,,1
readcandidate:nngla:9478801e4916197b5f840fc7f59baef6a201ea311092731c146d54790c00065c,NG-RD-000321,ROAD,Rivermist Bend Road,simulation,BLOCKED,ROAD_NOT_AUTHORITATIVELY_MAPPED|NO_NNGLA_PUBLICATION_RECORD,,,1
readcandidate:nngla:64625ef23ea60427c844397d31c171453dcfb462fc341f2d470d5b2275a344ee,NG-RD-000322,ROAD,West Heronfall Street,simulation,BLOCKED,ROAD_NOT_AUTHORITATIVELY_MAPPED|NO_NNGLA_PUBLICATION_RECORD,,,1
readcandidate:nngla:e1ebca2327aa7c311c5d5a2878560d2b3c6fa0ec3a01081f2ee8cc8b3da47c94,NG-RD-000323,ROAD,Heronfall Wetlands Avenue,simulation,BLOCKED,ROAD_NOT_AUTHORITATIVELY_MAPPED|NO_NNGLA_PUBLICATION_RECORD,,,1
readcandidate:nngla:82be421eb8f51f8eeab9b0709bada252e7e5aea9bcf21c82b1fea946bcac5913,NG-RD-000324,ROAD,Delftwater Bay Lane,simulation,BLOCKED,ROAD_NOT_AUTHORITATIVELY_MAPPED|NO_NNGLA_PUBLICATION_RECORD,,,1
readcandidate:nngla:99a60ea62f455e741fefc3805be4a4034f6a2fd8d6535fe707720ba6a72d91b7,NG-RD-000325,ROAD,Delftwater Shoal Drive,simulation,BLOCKED,ROAD_NOT_AUTHORITATIVELY_MAPPED|NO_NNGLA_PUBLICATION_RECORD,,,1
readcandidate:nngla:4e5d470bb720e365a0b39f561e3de30fded85503dd6a31761b8b8184c6df56cd,NG-RD-000326,ROAD,Upper Bluehaven Way,simulation,BLOCKED,ROAD_NOT_AUTHORITATIVELY_MAPPED|NO_NNGLA_PUBLICATION_RECORD,,,1
readcandidate:nngla:38967b994dc5e5034bac23df9b9f46738ed7bd65178b8e8d53562ca04fb9eb38,NG-RD-000327,ROAD,Bluehaven Creek Boulevard,simulation,BLOCKED,ROAD_NOT_AUTHORITATIVELY_MAPPED|NO_NNGLA_PUBLICATION_RECORD,,,1
readcandidate:nngla:e7d2eef607c92647cdfa1be5f802567ecd6fd51dabbd9419f9aa3b2361922395,NG-RD-000328,ROAD,Lowwater Lagoon Highway,simulation,BLOCKED,ROAD_NOT_AUTHORITATIVELY_MAPPED|NO_NNGLA_PUBLICATION_RECORD,,,1
readcandidate:nngla:a715c490c1c44b37a4fad1149b997c1d7042af2233957b5d2152fe8b45318bf2,NG-RD-000329,ROAD,Lowwater Bank Junction,simulation,BLOCKED,ROAD_NOT_AUTHORITATIVELY_MAPPED|NO_NNGLA_PUBLICATION_RECORD,,,1
readcandidate:nngla:d27e2a68c2289a978b105fdf52c54b004eb4031611dd3693725d82a5b75b855e,NG-RD-000330,ROAD,Lower Canalford Crossing,simulation,BLOCKED,ROAD_NOT_AUTHORITATIVELY_MAPPED|NO_NNGLA_PUBLICATION_RECORD,,,1
readcandidate:nngla:818eaee2520bac707edad96f205e5f7d19ce7c207731820bfc6330ef3be39049,NG-RD-000331,ROAD,Canalford Ferry Road,simulation,BLOCKED,ROAD_NOT_AUTHORITATIVELY_MAPPED|NO_NNGLA_PUBLICATION_RECORD,,,1
readcandidate:nngla:7c9ca24f730bc3c342e9880cf82cd7d370f30767dbb434f6f4705b3a1e9ac93e,NG-RD-000332,ROAD,Brinewell Springs Street,simulation,BLOCKED,ROAD_NOT_AUTHORITATIVELY_MAPPED|NO_NNGLA_PUBLICATION_RECORD,,,1
readcandidate:nngla:e775838de16c4651f23df348c36f3dc127a55563d84b6eb5a39f99f632cb0745,NG-RD-000333,ROAD,Brinewell Quay Avenue,simulation,BLOCKED,ROAD_NOT_AUTHORITATIVELY_MAPPED|NO_NNGLA_PUBLICATION_RECORD,,,1
readcandidate:nngla:f493dd31db8f4780e817a1cd9812fdeea6a7ce4400e0e7ea3dd373df7693edca,NG-RD-000334,ROAD,Willow Quay Gardens Lane,simulation,BLOCKED,ROAD_NOT_AUTHORITATIVELY_MAPPED|NO_NNGLA_PUBLICATION_RECORD,,,1
readcandidate:nngla:f748d4a99be9295220358b3237ee1061a0f6f1b9abedc90dc7d9ceeb13a1c720,NG-RD-000335,ROAD,Willow Quay Reach Drive,simulation,BLOCKED,ROAD_NOT_AUTHORITATIVELY_MAPPED|NO_NNGLA_PUBLICATION_RECORD,,,1
readcandidate:nngla:be8ee4eeb5a153c14c2da3dea3fd0f143b551bb44f96c193f7ded260ffd92c9d,NG-RD-000336,ROAD,Fisher's Bell Way,simulation,BLOCKED,ROAD_NOT_AUTHORITATIVELY_MAPPED|NO_NNGLA_PUBLICATION_RECORD,,,1
readcandidate:nngla:cb63611e1824fa11d60b84f9654120543f5c7b8dc731d86b263b3cc6a1e97fc4,NG-RD-000337,ROAD,Reed Market Boulevard,simulation,BLOCKED,ROAD_NOT_AUTHORITATIVELY_MAPPED|NO_NNGLA_PUBLICATION_RECORD,,,1
readcandidate:nngla:4f2de0742c9dc90874013d5bcbb77ba0f5a4cb3b499a54229822773b3e22fbe2,NG-RD-000338,ROAD,Ferry Cross Highway,simulation,BLOCKED,ROAD_NOT_AUTHORITATIVELY_MAPPED|NO_NNGLA_PUBLICATION_RECORD,,,1
readcandidate:nngla:26034f81b0b28827b315bb237aab8806c6185e4351805457cd6db5ce3c26432d,NG-RD-000339,ROAD,Lotus Exchange Junction,simulation,BLOCKED,ROAD_NOT_AUTHORITATIVELY_MAPPED|NO_NNGLA_PUBLICATION_RECORD,,,1
readcandidate:nngla:565ecb33bc56968f68f28d875a7cbd3d3fe0ea7942a3dfd667b87e07ac05c6e5,NG-RD-000340,ROAD,Basin Gate Crossing,simulation,BLOCKED,ROAD_NOT_AUTHORITATIVELY_MAPPED|NO_NNGLA_PUBLICATION_RECORD,,,1
readcandidate:nngla:d6248024ad1d04053e0bd5b84e8f6fafe674e2a62e83957aed1483d246d745e1,NG-RD-000341,ROAD,Lakeport Works Road,simulation,BLOCKED,ROAD_NOT_AUTHORITATIVELY_MAPPED|NO_NNGLA_PUBLICATION_RECORD,,,1
readcandidate:nngla:08829ef4175cd26bb2a2ee2ad07c609dd7f3ce519b3973cccd84d7df1d766658,NG-RD-000342,ROAD,Reedbank Cold-Chain Park Street,simulation,BLOCKED,ROAD_NOT_AUTHORITATIVELY_MAPPED|NO_NNGLA_PUBLICATION_RECORD,,,1
readcandidate:nngla:e981bef1fe18cd74b5af3f0889a146781f37524a55c3066ce535688f8f82df0e,NG-RD-000343,ROAD,Lotus Shore Avenue,simulation,BLOCKED,ROAD_NOT_AUTHORITATIVELY_MAPPED|NO_NNGLA_PUBLICATION_RECORD,,,1
readcandidate:nngla:80cbc0cb07e7cb6c4f488b629f2c4a9cefd05db758581776b44e75b71d4ce74c,NG-RD-000344,ROAD,Mirror Lake Lane,simulation,BLOCKED,ROAD_NOT_AUTHORITATIVELY_MAPPED|NO_NNGLA_PUBLICATION_RECORD,,,1
readcandidate:nngla:7c8bed4fc9308c0bccf30cce3554a662b5a0c449e338408bb06cbe7bdadca159,NG-RD-000345,ROAD,Heron Isle Drive,simulation,BLOCKED,ROAD_NOT_AUTHORITATIVELY_MAPPED|NO_NNGLA_PUBLICATION_RECORD,,,1
readcandidate:nngla:738689c25d5a94c30aa1f97920330e88be10b161fa476b1b3009893d8994d17d,NG-RD-000346,ROAD,Tekharo Way,simulation,BLOCKED,ROAD_NOT_AUTHORITATIVELY_MAPPED|NO_NNGLA_PUBLICATION_RECORD,,,1
readcandidate:nngla:7938e0972aba394ff30c4d77e66d7fd5516e72de0c00b2b38a70aaa838f4a9d6,NG-RD-000347,ROAD,Canopy Reach Boulevard,simulation,BLOCKED,ROAD_NOT_AUTHORITATIVELY_MAPPED|NO_NNGLA_PUBLICATION_RECORD,,,1
readcandidate:nngla:176fc3dfe49f50b0ca61a635d6f69a13852c4c468e2d0be2d45b6e19df71d27d,NG-RD-000348,ROAD,Ashara Highway,simulation,BLOCKED,ROAD_NOT_AUTHORITATIVELY_MAPPED|NO_NNGLA_PUBLICATION_RECORD,,,1
readcandidate:nngla:a3df2c032a59ebb99fbf39497f6851d7a823d8e371329abaedbf0297475e4662,NG-RD-000349,ROAD,Mossbridge Junction,simulation,BLOCKED,ROAD_NOT_AUTHORITATIVELY_MAPPED|NO_NNGLA_PUBLICATION_RECORD,,,1
readcandidate:nngla:950ee68937098f03e649d8bb508cead53418edc52a5bdc75a6d2996144cae232,NG-RD-000350,ROAD,Tekharo Central Crossing,simulation,BLOCKED,ROAD_NOT_AUTHORITATIVELY_MAPPED|NO_NNGLA_PUBLICATION_RECORD,,,1
readcandidate:nngla:72242a0d463ab7c8583a443649ce3ff032558bec7935ab7d4b137db9ca6d3a8b,NG-FEAT-000002,GEOGRAPHIC_FEATURE,Bellwether River,simulation,BLOCKED,FEATURE_NAME_NOT_PUBLIC|FEATURE_GEOMETRY_NOT_PUBLISHED|NO_NNGLA_PUBLICATION_RECORD,NG-GEO-000002,,1
readcandidate:nngla:23abad3336760657aa6a53fc8fed50e82c64cf7bdf8ae45e41bcebcebaa97577,NG-FEAT-000003,GEOGRAPHIC_FEATURE,New Carrow Stream,simulation,BLOCKED,FEATURE_NAME_NOT_PUBLIC|FEATURE_GEOMETRY_NOT_PUBLISHED|NO_NNGLA_PUBLICATION_RECORD,NG-GEO-000003,,1
readcandidate:nngla:dbb1199fe7563e23064fbda6957e8cbce19d21ac08706d7ff385f49726a805c9,NG-FEAT-000004,GEOGRAPHIC_FEATURE,East Meridian Water,simulation,BLOCKED,FEATURE_NAME_NOT_PUBLIC|FEATURE_GEOMETRY_NOT_PUBLISHED|NO_NNGLA_PUBLICATION_RECORD,NG-GEO-000004,,1
readcandidate:nngla:e3990015103e291d80e17f5eee52a49fc55bd15b43365c29a7715bf2bda175c5,NG-FEAT-000005,GEOGRAPHIC_FEATURE,Ashbourne Run,simulation,BLOCKED,FEATURE_NAME_NOT_PUBLIC|FEATURE_GEOMETRY_NOT_PUBLISHED|NO_NNGLA_PUBLICATION_RECORD,NG-GEO-000005,,1
readcandidate:nngla:05d2ac6e4090a6b7db37031b8b2731fc6e5652f07eb0a4843a8404a8b042962f,NG-FEAT-000006,GEOGRAPHIC_FEATURE,Elmtree River,simulation,BLOCKED,FEATURE_NAME_NOT_PUBLIC|FEATURE_GEOMETRY_NOT_PUBLISHED|NO_NNGLA_PUBLICATION_RECORD,NG-GEO-000006,,1
readcandidate:nngla:de37337da2d697be6049cae02a3b27d23902c1457b8024ffde610e261cd1ab01,NG-FEAT-000007,GEOGRAPHIC_FEATURE,Bellwether Lake,simulation,BLOCKED,FEATURE_NAME_NOT_PUBLIC|FEATURE_GEOMETRY_NOT_PUBLISHED|NO_NNGLA_PUBLICATION_RECORD,NG-GEO-000007,,1
readcandidate:nngla:9e9156e7800d3a5c6693eac702751c5fc3c52fe2479c75bb635c3fd2cf41c59a,NG-FEAT-000008,GEOGRAPHIC_FEATURE,New Carrow Mere,simulation,BLOCKED,FEATURE_NAME_NOT_PUBLIC|FEATURE_GEOMETRY_NOT_PUBLISHED|NO_NNGLA_PUBLICATION_RECORD,NG-GEO-000008,,1
readcandidate:nngla:bdc41e0714de7751cb96f1f380de80dd5e58538e6cd6982ff56ec586d0f00ac9,NG-FEAT-000009,GEOGRAPHIC_FEATURE,East Meridian Waters,simulation,BLOCKED,FEATURE_NAME_NOT_PUBLIC|FEATURE_GEOMETRY_NOT_PUBLISHED|NO_NNGLA_PUBLICATION_RECORD,NG-GEO-000009,,1
readcandidate:nngla:7e07a58e28deb5f10ee8e8aa0aaea722924474fd7a26c70d73b26786c1827954,NG-FEAT-000010,GEOGRAPHIC_FEATURE,Bellwether Mountain,simulation,BLOCKED,FEATURE_NAME_NOT_PUBLIC|FEATURE_GEOMETRY_NOT_PUBLISHED|NO_NNGLA_PUBLICATION_RECORD,NG-GEO-000010,,1
readcandidate:nngla:046efb97cf592d2fe943d756d8b0fef5a73c4ca6a278625a5f3bd096707f8b63,NG-FEAT-000011,GEOGRAPHIC_FEATURE,New Carrow Peak,simulation,BLOCKED,FEATURE_NAME_NOT_PUBLIC|FEATURE_GEOMETRY_NOT_PUBLISHED|NO_NNGLA_PUBLICATION_RECORD,NG-GEO-000011,,1
readcandidate:nngla:b905b6ef1ab74d14fbfe3a659e7cf81895fc8eebe8b032a0573a851bbe68c903,NG-FEAT-000012,GEOGRAPHIC_FEATURE,East Meridian Mount,simulation,BLOCKED,FEATURE_NAME_NOT_PUBLIC|FEATURE_GEOMETRY_NOT_PUBLISHED|NO_NNGLA_PUBLICATION_RECORD,NG-GEO-000012,,1
readcandidate:nngla:f227db2dad0f99d468e078d9a79a24b5adb71d3cd1ab652813787d79dd18c13c,NG-FEAT-000013,GEOGRAPHIC_FEATURE,Bellwether Valley,simulation,BLOCKED,FEATURE_NAME_NOT_PUBLIC|FEATURE_GEOMETRY_NOT_PUBLISHED|NO_NNGLA_PUBLICATION_RECORD,NG-GEO-000013,,1
readcandidate:nngla:813ad4150306a9231998ffd675373d6c6f0a2ef1e22cd94f1c24d8068de6965d,NG-FEAT-000014,GEOGRAPHIC_FEATURE,New Carrow Vale,simulation,BLOCKED,FEATURE_NAME_NOT_PUBLIC|FEATURE_GEOMETRY_NOT_PUBLISHED|NO_NNGLA_PUBLICATION_RECORD,NG-GEO-000014,,1
readcandidate:nngla:52b34d0bc1f4864e9b2c6d40cad16373c86f9e9e2f3a6731e0156ba0b19bc21f,NG-FEAT-000015,GEOGRAPHIC_FEATURE,East Meridian Hollow,simulation,BLOCKED,FEATURE_NAME_NOT_PUBLIC|FEATURE_GEOMETRY_NOT_PUBLISHED|NO_NNGLA_PUBLICATION_RECORD,NG-GEO-000015,,1
readcandidate:nngla:16fa75d066840f284f72e3e3cce6e6a6cd86d9fb965f5223415ea77f08a825b8,NG-FEAT-000016,GEOGRAPHIC_FEATURE,Bellwether Plain,simulation,BLOCKED,FEATURE_NAME_NOT_PUBLIC|FEATURE_GEOMETRY_NOT_PUBLISHED|NO_NNGLA_PUBLICATION_RECORD,NG-GEO-000016,,1
readcandidate:nngla:a5d1edb995b8447ebd5208ce1ccb27475e1f0181e443f67198cc8f9919ba025b,NG-FEAT-000017,GEOGRAPHIC_FEATURE,New Carrow Flats,simulation,BLOCKED,FEATURE_NAME_NOT_PUBLIC|FEATURE_GEOMETRY_NOT_PUBLISHED|NO_NNGLA_PUBLICATION_RECORD,NG-GEO-000017,,1
readcandidate:nngla:7d43dbf741c959ad7139ff1f9530e617d9cdcd52bfbebc34c6ce9e8966ca1a90,NG-FEAT-000018,GEOGRAPHIC_FEATURE,East Meridian Fields,simulation,BLOCKED,FEATURE_NAME_NOT_PUBLIC|FEATURE_GEOMETRY_NOT_PUBLISHED|NO_NNGLA_PUBLICATION_RECORD,NG-GEO-000018,,1
readcandidate:nngla:a2b76dec124a0a2cd31d85c39c73558e0561e7421a5f4f34d186c926768bf539,NG-FEAT-000019,GEOGRAPHIC_FEATURE,Bellwether Plateau,simulation,BLOCKED,FEATURE_NAME_NOT_PUBLIC|FEATURE_GEOMETRY_NOT_PUBLISHED|NO_NNGLA_PUBLICATION_RECORD,NG-GEO-000019,,1
readcandidate:nngla:5c880875e6e850868d2af25c37f21633f3087266fdc6a845e1418f1b70ceef29,NG-FEAT-000020,GEOGRAPHIC_FEATURE,New Carrow Tableland,simulation,BLOCKED,FEATURE_NAME_NOT_PUBLIC|FEATURE_GEOMETRY_NOT_PUBLISHED|NO_NNGLA_PUBLICATION_RECORD,NG-GEO-000020,,1
readcandidate:nngla:e57dac1928b1a81df3c5d7eca0261b4e0d6ebc3d2814725ce0c035046cb33af0,NG-FEAT-000021,GEOGRAPHIC_FEATURE,East Meridian Uplands,simulation,BLOCKED,FEATURE_NAME_NOT_PUBLIC|FEATURE_GEOMETRY_NOT_PUBLISHED|NO_NNGLA_PUBLICATION_RECORD,NG-GEO-000021,,1
