{
  "features": [
    {
      "geometry": {
        "coordinates": [
          [
            36.734867,
            0.3689
          ],
          [
            36.737769,
            0.351149
          ]
        ],
        "type": "LineString"
      },
      "properties": {
        "canonical_name": "Orivane Road",
        "end_place_id": "NG-PLC-000034",
        "geometry_id": "",
        "geometry_id_state": "PENDING_GOVERNED_LIVE_RESERVATION",
        "geometry_reservation_key": "p006.7.11.12:road-alignment:NG-RD-000001",
        "geometry_role_code": "ROAD_ALIGNMENT",
        "length_m": 2000.026,
        "provenance_class": "NNGLA_SIMULATION_AUTHORED_ALIGNMENT",
        "publication_status": "NOT_PUBLISHED",
        "qualification_status": "QUALIFIED_SIMULATION_AUTHORED",
        "region_code": "NGR-01",
        "road_candidate_id": "NG-RD-CAND-000001",
        "road_class_code": "LOCAL",
        "road_id": "NG-RD-000001",
        "road_name_id": "NG-NAM-ROA-000001",
        "runtime_effect_scope": "SHARED_REFERENCE",
        "runtime_mode": "production",
        "start_place_id": "NG-PLC-000082"
      },
      "type": "Feature"
    },
    {
      "geometry": {
        "coordinates": [
          [
            36.325117,
            0.942349
          ],
          [
            36.336781,
            0.962406
          ]
        ],
        "type": "LineString"
      },
      "properties": {
        "canonical_name": "Bellwether Street",
        "end_place_id": "NG-PLC-000010",
        "geometry_id": "",
        "geometry_id_state": "PENDING_GOVERNED_LIVE_RESERVATION",
        "geometry_reservation_key": "p006.7.11.12:road-alignment:NG-RD-000002",
        "geometry_role_code": "ROAD_ALIGNMENT",
        "length_m": 2579.857,
        "provenance_class": "NNGLA_SIMULATION_AUTHORED_ALIGNMENT",
        "publication_status": "NOT_PUBLISHED",
        "qualification_status": "QUALIFIED_SIMULATION_AUTHORED",
        "region_code": "NGR-01",
        "road_candidate_id": "NG-RD-CAND-000002",
        "road_class_code": "MUNICIPAL",
        "road_id": "NG-RD-000002",
        "road_name_id": "NG-NAM-ROA-000002",
        "runtime_effect_scope": "SHARED_REFERENCE",
        "runtime_mode": "production",
        "start_place_id": "NG-PLC-000024"
      },
      "type": "Feature"
    },
    {
      "geometry": {
        "coordinates": [
          [
            36.330811,
            0.918305
          ],
          [
            36.355529,
            0.920172
          ]
        ],
        "type": "LineString"
      },
      "properties": {
        "canonical_name": "New Carrow Avenue",
        "end_place_id": "NG-PLC-000009",
        "geometry_id": "",
        "geometry_id_state": "PENDING_GOVERNED_LIVE_RESERVATION",
        "geometry_reservation_key": "p006.7.11.12:road-alignment:NG-RD-000003",
        "geometry_role_code": "ROAD_ALIGNMENT",
        "length_m": 2755.996,
        "provenance_class": "NNGLA_SIMULATION_AUTHORED_ALIGNMENT",
        "publication_status": "NOT_PUBLISHED",
        "qualification_status": "QUALIFIED_SIMULATION_AUTHORED",
        "region_code": "NGR-01",
        "road_candidate_id": "NG-RD-CAND-000003",
        "road_class_code": "DISTRICT",
        "road_id": "NG-RD-000003",
        "road_name_id": "NG-NAM-ROA-000003",
        "runtime_effect_scope": "SHARED_REFERENCE",
        "runtime_mode": "production",
        "start_place_id": "NG-PLC-000007"
      },
      "type": "Feature"
    },
    {
      "geometry": {
        "coordinates": [
          [
            36.373039,
            0.893624
          ],
          [
            36.4,
            0.892533
          ]
        ],
        "type": "LineString"
      },
      "properties": {
        "canonical_name": "East Meridian Lane",
        "end_place_id": "NG-PLC-000001",
        "geometry_id": "",
        "geometry_id_state": "PENDING_GOVERNED_LIVE_RESERVATION",
        "geometry_reservation_key": "p006.7.11.12:road-alignment:NG-RD-000004",
        "geometry_role_code": "ROAD_ALIGNMENT",
        "length_m": 3000.02,
        "provenance_class": "NNGLA_SIMULATION_AUTHORED_ALIGNMENT",
        "publication_status": "NOT_PUBLISHED",
        "qualification_status": "QUALIFIED_SIMULATION_AUTHORED",
        "region_code": "NGR-01",
        "road_candidate_id": "NG-RD-CAND-000004",
        "road_class_code": "REGIONAL",
        "road_id": "NG-RD-000004",
        "road_name_id": "NG-NAM-ROA-000004",
        "runtime_effect_scope": "SHARED_REFERENCE",
        "runtime_mode": "production",
        "start_place_id": "NG-PLC-000005"
      },
      "type": "Feature"
    },
    {
      "geometry": {
        "coordinates": [
          [
            37.064428,
            0.956456
          ],
          [
            37.094774,
            0.943929
          ]
        ],
        "type": "LineString"
      },
      "properties": {
        "canonical_name": "Orivane Central Drive",
        "end_place_id": "NG-PLC-000059",
        "geometry_id": "",
        "geometry_id_state": "PENDING_GOVERNED_LIVE_RESERVATION",
        "geometry_reservation_key": "p006.7.11.12:road-alignment:NG-RD-000005",
        "geometry_role_code": "ROAD_ALIGNMENT",
        "length_m": 3650.1,
        "provenance_class": "NNGLA_SIMULATION_AUTHORED_ALIGNMENT",
        "publication_status": "NOT_PUBLISHED",
        "qualification_status": "QUALIFIED_SIMULATION_AUTHORED",
        "region_code": "NGR-01",
        "road_candidate_id": "NG-RD-CAND-000005",
        "road_class_code": "RURAL",
        "road_id": "NG-RD-000005",
        "road_name_id": "NG-NAM-ROA-000005",
        "runtime_effect_scope": "SHARED_REFERENCE",
        "runtime_mode": "production",
        "start_place_id": "NG-PLC-000081"
      },
      "type": "Feature"
    },
    {
      "geometry": {
        "coordinates": [
          [
            36.239219,
            1.015171
          ],
          [
            36.271395,
            0.99127
          ]
        ],
        "type": "LineString"
      },
      "properties": {
        "canonical_name": "Civic Crescent Way",
        "end_place_id": "NG-PLC-000021",
        "geometry_id": "",
        "geometry_id_state": "PENDING_GOVERNED_LIVE_RESERVATION",
        "geometry_reservation_key": "p006.7.11.12:road-alignment:NG-RD-000006",
        "geometry_role_code": "ROAD_ALIGNMENT",
        "length_m": 4456.462,
        "provenance_class": "NNGLA_SIMULATION_AUTHORED_ALIGNMENT",
        "publication_status": "NOT_PUBLISHED",
        "qualification_status": "QUALIFIED_SIMULATION_AUTHORED",
        "region_code": "NGR-01",
        "road_candidate_id": "NG-RD-CAND-000006",
        "road_class_code": "ACCESS",
        "road_id": "NG-RD-000006",
        "road_name_id": "NG-NAM-ROA-000006",
        "runtime_effect_scope": "SHARED_REFERENCE",
        "runtime_mode": "production",
        "start_place_id": "NG-PLC-000016"
      },
      "type": "Feature"
    },
    {
      "geometry": {
        "coordinates": [
          [
            36.734867,
            0.3689
          ],
          [
            36.776117,
            0.374632
          ]
        ],
        "type": "LineString"
      },
      "properties": {
        "canonical_name": "Parliament Hill Boulevard",
        "end_place_id": "NG-PLC-000067",
        "geometry_id": "",
        "geometry_id_state": "PENDING_GOVERNED_LIVE_RESERVATION",
        "geometry_reservation_key": "p006.7.11.12:road-alignment:NG-RD-000007",
        "geometry_role_code": "ROAD_ALIGNMENT",
        "length_m": 4630.773,
        "provenance_class": "NNGLA_SIMULATION_AUTHORED_ALIGNMENT",
        "publication_status": "NOT_PUBLISHED",
        "qualification_status": "QUALIFIED_SIMULATION_AUTHORED",
        "region_code": "NGR-01",
        "road_candidate_id": "NG-RD-CAND-000007",
        "road_class_code": "SERVICE",
        "road_id": "NG-RD-000007",
        "road_name_id": "NG-NAM-ROA-000007",
        "runtime_effect_scope": "SHARED_REFERENCE",
        "runtime_mode": "production",
        "start_place_id": "NG-PLC-000082"
      },
      "type": "Feature"
    },
    {
      "geometry": {
        "coordinates": [
          [
            37.072459,
            0.980246
          ],
          [
            37.094774,
            0.943929
          ]
        ],
        "type": "LineString"
      },
      "properties": {
        "canonical_name": "Meridian Exchange Highway",
        "end_place_id": "NG-PLC-000059",
        "geometry_id": "",
        "geometry_id_state": "PENDING_GOVERNED_LIVE_RESERVATION",
        "geometry_reservation_key": "p006.7.11.12:road-alignment:NG-RD-000008",
        "geometry_role_code": "ROAD_ALIGNMENT",
        "length_m": 4739.498,
        "provenance_class": "NNGLA_SIMULATION_AUTHORED_ALIGNMENT",
        "publication_status": "NOT_PUBLISHED",
        "qualification_status": "QUALIFIED_SIMULATION_AUTHORED",
        "region_code": "NGR-01",
        "road_candidate_id": "NG-RD-CAND-000008",
        "road_class_code": "LOCAL",
        "road_id": "NG-RD-000008",
        "road_name_id": "NG-NAM-ROA-000008",
        "runtime_effect_scope": "SHARED_REFERENCE",
        "runtime_mode": "production",
        "start_place_id": "NG-PLC-000031"
      },
      "type": "Feature"
    },
    {
      "geometry": {
        "coordinates": [
          [
            36.737769,
            0.351149
          ],
          [
            36.776117,
            0.374632
          ]
        ],
        "type": "LineString"
      },
      "properties": {
        "canonical_name": "Old Orivane Junction",
        "end_place_id": "NG-PLC-000067",
        "geometry_id": "",
        "geometry_id_state": "PENDING_GOVERNED_LIVE_RESERVATION",
        "geometry_reservation_key": "p006.7.11.12:road-alignment:NG-RD-000009",
        "geometry_role_code": "ROAD_ALIGNMENT",
        "length_m": 5000.023,
        "provenance_class": "NNGLA_SIMULATION_AUTHORED_ALIGNMENT",
        "publication_status": "NOT_PUBLISHED",
        "qualification_status": "QUALIFIED_SIMULATION_AUTHORED",
        "region_code": "NGR-01",
        "road_candidate_id": "NG-RD-CAND-000009",
        "road_class_code": "MUNICIPAL",
        "road_id": "NG-RD-000009",
        "road_name_id": "NG-NAM-ROA-000009",
        "runtime_effect_scope": "SHARED_REFERENCE",
        "runtime_mode": "production",
        "start_place_id": "NG-PLC-000034"
      },
      "type": "Feature"
    },
    {
      "geometry": {
        "coordinates": [
          [
            36.482614,
            1.380115
          ],
          [
            36.507546,
            1.341827
          ]
        ],
        "type": "LineString"
      },
      "properties": {
        "canonical_name": "Northmere Quarter Crossing",
        "end_place_id": "NG-PLC-000049",
        "geometry_id": "",
        "geometry_id_state": "PENDING_GOVERNED_LIVE_RESERVATION",
        "geometry_reservation_key": "p006.7.11.12:road-alignment:NG-RD-000010",
        "geometry_role_code": "ROAD_ALIGNMENT",
        "length_m": 5080.076,
        "provenance_class": "NNGLA_SIMULATION_AUTHORED_ALIGNMENT",
        "publication_status": "NOT_PUBLISHED",
        "qualification_status": "QUALIFIED_SIMULATION_AUTHORED",
        "region_code": "NGR-01",
        "road_candidate_id": "NG-RD-CAND-000010",
        "road_class_code": "DISTRICT",
        "road_id": "NG-RD-000010",
        "road_name_id": "NG-NAM-ROA-000010",
        "runtime_effect_scope": "SHARED_REFERENCE",
        "runtime_mode": "production",
        "start_place_id": "NG-PLC-000027"
      },
      "type": "Feature"
    },
    {
      "geometry": {
        "coordinates": [
          [
            36.330811,
            0.918305
          ],
          [
            36.373039,
            0.893624
          ]
        ],
        "type": "LineString"
      },
      "properties": {
        "canonical_name": "Embassy Arc Road",
        "end_place_id": "NG-PLC-000005",
        "geometry_id": "",
        "geometry_id_state": "PENDING_GOVERNED_LIVE_RESERVATION",
        "geometry_reservation_key": "p006.7.11.12:road-alignment:NG-RD-000011",
        "geometry_role_code": "ROAD_ALIGNMENT",
        "length_m": 5438.235,
        "provenance_class": "NNGLA_SIMULATION_AUTHORED_ALIGNMENT",
        "publication_status": "NOT_PUBLISHED",
        "qualification_status": "QUALIFIED_SIMULATION_AUTHORED",
        "region_code": "NGR-01",
        "road_candidate_id": "NG-RD-CAND-000011",
        "road_class_code": "REGIONAL",
        "road_id": "NG-RD-000011",
        "road_name_id": "NG-NAM-ROA-000011",
        "runtime_effect_scope": "SHARED_REFERENCE",
        "runtime_mode": "production",
        "start_place_id": "NG-PLC-000007"
      },
      "type": "Feature"
    },
    {
      "geometry": {
        "coordinates": [
          [
            37.084969,
            0.549084
          ],
          [
            37.129325,
            0.526611
          ]
        ],
        "type": "LineString"
      },
      "properties": {
        "canonical_name": "University Ring Street",
        "end_place_id": "NG-PLC-000066",
        "geometry_id": "",
        "geometry_id_state": "PENDING_GOVERNED_LIVE_RESERVATION",
        "geometry_reservation_key": "p006.7.11.12:road-alignment:NG-RD-000012",
        "geometry_role_code": "ROAD_ALIGNMENT",
        "length_m": 5528.886,
        "provenance_class": "NNGLA_SIMULATION_AUTHORED_ALIGNMENT",
        "publication_status": "NOT_PUBLISHED",
        "qualification_status": "QUALIFIED_SIMULATION_AUTHORED",
        "region_code": "NGR-01",
        "road_candidate_id": "NG-RD-CAND-000012",
        "road_class_code": "RURAL",
        "road_id": "NG-RD-000012",
        "road_name_id": "NG-NAM-ROA-000012",
        "runtime_effect_scope": "SHARED_REFERENCE",
        "runtime_mode": "production",
        "start_place_id": "NG-PLC-000033"
      },
      "type": "Feature"
    },
    {
      "geometry": {
        "coordinates": [
          [
            36.355529,
            0.920172
          ],
          [
            36.4,
            0.892533
          ]
        ],
        "type": "LineString"
      },
      "properties": {
        "canonical_name": "Vondrel Gardens Avenue",
        "end_place_id": "NG-PLC-000001",
        "geometry_id": "",
        "geometry_id_state": "PENDING_GOVERNED_LIVE_RESERVATION",
        "geometry_reservation_key": "p006.7.11.12:road-alignment:NG-RD-000013",
        "geometry_role_code": "ROAD_ALIGNMENT",
        "length_m": 5821.664,
        "provenance_class": "NNGLA_SIMULATION_AUTHORED_ALIGNMENT",
        "publication_status": "NOT_PUBLISHED",
        "qualification_status": "QUALIFIED_SIMULATION_AUTHORED",
        "region_code": "NGR-01",
        "road_candidate_id": "NG-RD-CAND-000013",
        "road_class_code": "ACCESS",
        "road_id": "NG-RD-000013",
        "road_name_id": "NG-NAM-ROA-000013",
        "runtime_effect_scope": "SHARED_REFERENCE",
        "runtime_mode": "production",
        "start_place_id": "NG-PLC-000009"
      },
      "type": "Feature"
    },
    {
      "geometry": {
        "coordinates": [
          [
            36.414137,
            0.842203
          ],
          [
            36.462935,
            0.818751
          ]
        ],
        "type": "LineString"
      },
      "properties": {
        "canonical_name": "Lysara Heights Lane",
        "end_place_id": "NG-PLC-000019",
        "geometry_id": "",
        "geometry_id_state": "PENDING_GOVERNED_LIVE_RESERVATION",
        "geometry_reservation_key": "p006.7.11.12:road-alignment:NG-RD-000014",
        "geometry_role_code": "ROAD_ALIGNMENT",
        "length_m": 6019.692,
        "provenance_class": "NNGLA_SIMULATION_AUTHORED_ALIGNMENT",
        "publication_status": "NOT_PUBLISHED",
        "qualification_status": "QUALIFIED_SIMULATION_AUTHORED",
        "region_code": "NGR-01",
        "road_candidate_id": "NG-RD-CAND-000014",
        "road_class_code": "SERVICE",
        "road_id": "NG-RD-000014",
        "road_name_id": "NG-NAM-ROA-000014",
        "runtime_effect_scope": "SHARED_REFERENCE",
        "runtime_mode": "production",
        "start_place_id": "NG-PLC-000008"
      },
      "type": "Feature"
    },
    {
      "geometry": {
        "coordinates": [
          [
            36.35439,
            0.755747
          ],
          [
            36.382916,
            0.804238
          ]
        ],
        "type": "LineString"
      },
      "properties": {
        "canonical_name": "Varenza Drive",
        "end_place_id": "NG-PLC-000020",
        "geometry_id": "",
        "geometry_id_state": "PENDING_GOVERNED_LIVE_RESERVATION",
        "geometry_reservation_key": "p006.7.11.12:road-alignment:NG-RD-000015",
        "geometry_role_code": "ROAD_ALIGNMENT",
        "length_m": 6255.609,
        "provenance_class": "NNGLA_SIMULATION_AUTHORED_ALIGNMENT",
        "publication_status": "NOT_PUBLISHED",
        "qualification_status": "QUALIFIED_SIMULATION_AUTHORED",
        "region_code": "NGR-01",
        "road_candidate_id": "NG-RD-CAND-000015",
        "road_class_code": "LOCAL",
        "road_id": "NG-RD-000015",
        "road_name_id": "NG-NAM-ROA-000015",
        "runtime_effect_scope": "SHARED_REFERENCE",
        "runtime_mode": "production",
        "start_place_id": "NG-PLC-000084"
      },
      "type": "Feature"
    },
    {
      "geometry": {
        "coordinates": [
          [
            37.162844,
            0.921412
          ],
          [
            37.200177,
            0.970407
          ]
        ],
        "type": "LineString"
      },
      "properties": {
        "canonical_name": "Tekhara Gardens Way",
        "end_place_id": "NG-PLC-000062",
        "geometry_id": "",
        "geometry_id_state": "PENDING_GOVERNED_LIVE_RESERVATION",
        "geometry_reservation_key": "p006.7.11.12:road-alignment:NG-RD-000016",
        "geometry_role_code": "ROAD_ALIGNMENT",
        "length_m": 6849.006,
        "provenance_class": "NNGLA_SIMULATION_AUTHORED_ALIGNMENT",
        "publication_status": "NOT_PUBLISHED",
        "qualification_status": "QUALIFIED_SIMULATION_AUTHORED",
        "region_code": "NGR-01",
        "road_candidate_id": "NG-RD-CAND-000016",
        "road_class_code": "MUNICIPAL",
        "road_id": "NG-RD-000016",
        "road_name_id": "NG-NAM-ROA-000016",
        "runtime_effect_scope": "SHARED_REFERENCE",
        "runtime_mode": "production",
        "start_place_id": "NG-PLC-000061"
      },
      "type": "Feature"
    },
    {
      "geometry": {
        "coordinates": [
          [
            36.330811,
            0.918305
          ],
          [
            36.352255,
            0.857865
          ]
        ],
        "type": "LineString"
      },
      "properties": {
        "canonical_name": "Elvarin Boulevard",
        "end_place_id": "NG-PLC-000011",
        "geometry_id": "",
        "geometry_id_state": "PENDING_GOVERNED_LIVE_RESERVATION",
        "geometry_reservation_key": "p006.7.11.12:road-alignment:NG-RD-000017",
        "geometry_role_code": "ROAD_ALIGNMENT",
        "length_m": 7131.002,
        "provenance_class": "NNGLA_SIMULATION_AUTHORED_ALIGNMENT",
        "publication_status": "NOT_PUBLISHED",
        "qualification_status": "QUALIFIED_SIMULATION_AUTHORED",
        "region_code": "NGR-01",
        "road_candidate_id": "NG-RD-CAND-000017",
        "road_class_code": "DISTRICT",
        "road_id": "NG-RD-000017",
        "road_name_id": "NG-NAM-ROA-000017",
        "runtime_effect_scope": "SHARED_REFERENCE",
        "runtime_mode": "production",
        "start_place_id": "NG-PLC-000007"
      },
      "type": "Feature"
    },
    {
      "geometry": {
        "coordinates": [
          [
            36.776117,
            0.374632
          ],
          [
            36.800238,
            0.437708
          ]
        ],
        "type": "LineString"
      },
      "properties": {
        "canonical_name": "Nyavelle Highway",
        "end_place_id": "NG-PLC-000068",
        "geometry_id": "",
        "geometry_id_state": "PENDING_GOVERNED_LIVE_RESERVATION",
        "geometry_reservation_key": "p006.7.11.12:road-alignment:NG-RD-000018",
        "geometry_role_code": "ROAD_ALIGNMENT",
        "length_m": 7509.065,
        "provenance_class": "NNGLA_SIMULATION_AUTHORED_ALIGNMENT",
        "publication_status": "NOT_PUBLISHED",
        "qualification_status": "QUALIFIED_SIMULATION_AUTHORED",
        "region_code": "NGR-01",
        "road_candidate_id": "NG-RD-CAND-000018",
        "road_class_code": "REGIONAL",
        "road_id": "NG-RD-000018",
        "road_name_id": "NG-NAM-ROA-000018",
        "runtime_effect_scope": "SHARED_REFERENCE",
        "runtime_mode": "production",
        "start_place_id": "NG-PLC-000067"
      },
      "type": "Feature"
    },
    {
      "geometry": {
        "coordinates": [
          [
            35.944381,
            1.332716
          ],
          [
            36.013309,
            1.348499
          ]
        ],
        "type": "LineString"
      },
      "properties": {
        "canonical_name": "Moraen Park Junction",
        "end_place_id": "NG-PLC-000036",
        "geometry_id": "",
        "geometry_id_state": "PENDING_GOVERNED_LIVE_RESERVATION",
        "geometry_reservation_key": "p006.7.11.12:road-alignment:NG-RD-000019",
        "geometry_role_code": "ROAD_ALIGNMENT",
        "length_m": 7860.77,
        "provenance_class": "NNGLA_SIMULATION_AUTHORED_ALIGNMENT",
        "publication_status": "NOT_PUBLISHED",
        "qualification_status": "QUALIFIED_SIMULATION_AUTHORED",
        "region_code": "NGR-01",
        "road_candidate_id": "NG-RD-CAND-000019",
        "road_class_code": "RURAL",
        "road_id": "NG-RD-000019",
        "road_name_id": "NG-NAM-ROA-000019",
        "runtime_effect_scope": "SHARED_REFERENCE",
        "runtime_mode": "production",
        "start_place_id": "NG-PLC-000072"
      },
      "type": "Feature"
    },
    {
      "geometry": {
        "coordinates": [
          [
            36.35439,
            0.755747
          ],
          [
            36.409173,
            0.802353
          ]
        ],
        "type": "LineString"
      },
      "properties": {
        "canonical_name": "Tekkai Crossing",
        "end_place_id": "NG-PLC-000006",
        "geometry_id": "",
        "geometry_id_state": "PENDING_GOVERNED_LIVE_RESERVATION",
        "geometry_reservation_key": "p006.7.11.12:road-alignment:NG-RD-000020",
        "geometry_role_code": "ROAD_ALIGNMENT",
        "length_m": 7997.347,
        "provenance_class": "NNGLA_SIMULATION_AUTHORED_ALIGNMENT",
        "publication_status": "NOT_PUBLISHED",
        "qualification_status": "QUALIFIED_SIMULATION_AUTHORED",
        "region_code": "NGR-01",
        "road_candidate_id": "NG-RD-CAND-000020",
        "road_class_code": "ACCESS",
        "road_id": "NG-RD-000020",
        "road_name_id": "NG-NAM-ROA-000020",
        "runtime_effect_scope": "SHARED_REFERENCE",
        "runtime_mode": "production",
        "start_place_id": "NG-PLC-000084"
      },
      "type": "Feature"
    },
    {
      "geometry": {
        "coordinates": [
          [
            36.271395,
            0.99127
          ],
          [
            36.325117,
            0.942349
          ]
        ],
        "type": "LineString"
      },
      "properties": {
        "canonical_name": "Vondel Ridge Road",
        "end_place_id": "NG-PLC-000024",
        "geometry_id": "",
        "geometry_id_state": "PENDING_GOVERNED_LIVE_RESERVATION",
        "geometry_reservation_key": "p006.7.11.12:road-alignment:NG-RD-000021",
        "geometry_role_code": "ROAD_ALIGNMENT",
        "length_m": 8078.685,
        "provenance_class": "NNGLA_SIMULATION_AUTHORED_ALIGNMENT",
        "publication_status": "NOT_PUBLISHED",
        "qualification_status": "QUALIFIED_SIMULATION_AUTHORED",
        "region_code": "NGR-01",
        "road_candidate_id": "NG-RD-CAND-000021",
        "road_class_code": "SERVICE",
        "road_id": "NG-RD-000021",
        "road_name_id": "NG-NAM-ROA-000021",
        "runtime_effect_scope": "SHARED_REFERENCE",
        "runtime_mode": "production",
        "start_place_id": "NG-PLC-000021"
      },
      "type": "Feature"
    },
    {
      "geometry": {
        "coordinates": [
          [
            35.652321,
            1.342548
          ],
          [
            35.723873,
            1.364469
          ]
        ],
        "type": "LineString"
      },
      "properties": {
        "canonical_name": "Aelmar Street",
        "end_place_id": "NG-PLC-000038",
        "geometry_id": "",
        "geometry_id_state": "PENDING_GOVERNED_LIVE_RESERVATION",
        "geometry_reservation_key": "p006.7.11.12:road-alignment:NG-RD-000022",
        "geometry_role_code": "ROAD_ALIGNMENT",
        "length_m": 8319.118,
        "provenance_class": "NNGLA_SIMULATION_AUTHORED_ALIGNMENT",
        "publication_status": "NOT_PUBLISHED",
        "qualification_status": "QUALIFIED_SIMULATION_AUTHORED",
        "region_code": "NGR-01",
        "road_candidate_id": "NG-RD-CAND-000022",
        "road_class_code": "LOCAL",
        "road_id": "NG-RD-000022",
        "road_name_id": "NG-NAM-ROA-000022",
        "runtime_effect_scope": "SHARED_REFERENCE",
        "runtime_mode": "production",
        "start_place_id": "NG-PLC-000076"
      },
      "type": "Feature"
    },
    {
      "geometry": {
        "coordinates": [
          [
            36.466409,
            0.953186
          ],
          [
            36.542436,
            0.968068
          ]
        ],
        "type": "LineString"
      },
      "properties": {
        "canonical_name": "Sabaro Avenue",
        "end_place_id": "NG-PLC-000013",
        "geometry_id": "",
        "geometry_id_state": "PENDING_GOVERNED_LIVE_RESERVATION",
        "geometry_reservation_key": "p006.7.11.12:road-alignment:NG-RD-000023",
        "geometry_role_code": "ROAD_ALIGNMENT",
        "length_m": 8613.101,
        "provenance_class": "NNGLA_SIMULATION_AUTHORED_ALIGNMENT",
        "publication_status": "NOT_PUBLISHED",
        "qualification_status": "QUALIFIED_SIMULATION_AUTHORED",
        "region_code": "NGR-01",
        "road_candidate_id": "NG-RD-CAND-000023",
        "road_class_code": "MUNICIPAL",
        "road_id": "NG-RD-000023",
        "road_name_id": "NG-NAM-ROA-000023",
        "runtime_effect_scope": "SHARED_REFERENCE",
        "runtime_mode": "production",
        "start_place_id": "NG-PLC-000023"
      },
      "type": "Feature"
    },
    {
      "geometry": {
        "coordinates": [
          [
            36.731032,
            0.869974
          ],
          [
            36.768481,
            0.801604
          ]
        ],
        "type": "LineString"
      },
      "properties": {
        "canonical_name": "Trossgate Lane",
        "end_place_id": "NG-PLC-000064",
        "geometry_id": "",
        "geometry_id_state": "PENDING_GOVERNED_LIVE_RESERVATION",
        "geometry_reservation_key": "p006.7.11.12:road-alignment:NG-RD-000024",
        "geometry_role_code": "ROAD_ALIGNMENT",
        "length_m": 8667.93,
        "provenance_class": "NNGLA_SIMULATION_AUTHORED_ALIGNMENT",
        "publication_status": "NOT_PUBLISHED",
        "qualification_status": "QUALIFIED_SIMULATION_AUTHORED",
        "region_code": "NGR-01",
        "road_candidate_id": "NG-RD-CAND-000024",
        "road_class_code": "DISTRICT",
        "road_id": "NG-RD-000024",
        "road_name_id": "NG-NAM-ROA-000024",
        "runtime_effect_scope": "SHARED_REFERENCE",
        "runtime_mode": "production",
        "start_place_id": "NG-PLC-000056"
      },
      "type": "Feature"
    },
    {
      "geometry": {
        "coordinates": [
          [
            37.12712,
            0.832912
          ],
          [
            37.194524,
            0.782276
          ]
        ],
        "type": "LineString"
      },
      "properties": {
        "canonical_name": "Ashbourne Drive",
        "end_place_id": "NG-PLC-000060",
        "geometry_id": "",
        "geometry_id_state": "PENDING_GOVERNED_LIVE_RESERVATION",
        "geometry_reservation_key": "p006.7.11.12:road-alignment:NG-RD-000025",
        "geometry_role_code": "ROAD_ALIGNMENT",
        "length_m": 9373.686,
        "provenance_class": "NNGLA_SIMULATION_AUTHORED_ALIGNMENT",
        "publication_status": "NOT_PUBLISHED",
        "qualification_status": "QUALIFIED_SIMULATION_AUTHORED",
        "region_code": "NGR-01",
        "road_candidate_id": "NG-RD-CAND-000025",
        "road_class_code": "REGIONAL",
        "road_id": "NG-RD-000025",
        "road_name_id": "NG-NAM-ROA-000025",
        "runtime_effect_scope": "SHARED_REFERENCE",
        "runtime_mode": "production",
        "start_place_id": "NG-PLC-000030"
      },
      "type": "Feature"
    },
    {
      "geometry": {
        "coordinates": [
          [
            36.4,
            0.892533
          ],
          [
            36.466409,
            0.953186
          ]
        ],
        "type": "LineString"
      },
      "properties": {
        "canonical_name": "Crescenton Way",
        "end_place_id": "NG-PLC-000023",
        "geometry_id": "",
        "geometry_id_state": "PENDING_GOVERNED_LIVE_RESERVATION",
        "geometry_reservation_key": "p006.7.11.12:road-alignment:NG-RD-000026",
        "geometry_role_code": "ROAD_ALIGNMENT",
        "length_m": 10000.016,
        "provenance_class": "NNGLA_SIMULATION_AUTHORED_ALIGNMENT",
        "publication_status": "NOT_PUBLISHED",
        "qualification_status": "QUALIFIED_SIMULATION_AUTHORED",
        "region_code": "NGR-01",
        "road_candidate_id": "NG-RD-CAND-000026",
        "road_class_code": "RURAL",
        "road_id": "NG-RD-000026",
        "road_name_id": "NG-NAM-ROA-000026",
        "runtime_effect_scope": "SHARED_REFERENCE",
        "runtime_mode": "production",
        "start_place_id": "NG-PLC-000001"
      },
      "type": "Feature"
    },
    {
      "geometry": {
        "coordinates": [
          [
            35.813421,
            1.390154
          ],
          [
            35.904113,
            1.384289
          ]
        ],
        "type": "LineString"
      },
      "properties": {
        "canonical_name": "Elmtree Boulevard",
        "end_place_id": "NG-PLC-000071",
        "geometry_id": "",
        "geometry_id_state": "PENDING_GOVERNED_LIVE_RESERVATION",
        "geometry_reservation_key": "p006.7.11.12:road-alignment:NG-RD-000027",
        "geometry_role_code": "ROAD_ALIGNMENT",
        "length_m": 10102.62,
        "provenance_class": "NNGLA_SIMULATION_AUTHORED_ALIGNMENT",
        "publication_status": "NOT_PUBLISHED",
        "qualification_status": "QUALIFIED_SIMULATION_AUTHORED",
        "region_code": "NGR-01",
        "road_candidate_id": "NG-RD-CAND-000027",
        "road_class_code": "ACCESS",
        "road_id": "NG-RD-000027",
        "road_name_id": "NG-NAM-ROA-000027",
        "runtime_effect_scope": "SHARED_REFERENCE",
        "runtime_mode": "production",
        "start_place_id": "NG-PLC-000073"
      },
      "type": "Feature"
    },
    {
      "geometry": {
        "coordinates": [
          [
            35.723873,
            1.364469
          ],
          [
            35.813421,
            1.390154
          ]
        ],
        "type": "LineString"
      },
      "properties": {
        "canonical_name": "Faircross Highway",
        "end_place_id": "NG-PLC-000073",
        "geometry_id": "",
        "geometry_id_state": "PENDING_GOVERNED_LIVE_RESERVATION",
        "geometry_reservation_key": "p006.7.11.12:road-alignment:NG-RD-000028",
        "geometry_role_code": "ROAD_ALIGNMENT",
        "length_m": 10356.036,
        "provenance_class": "NNGLA_SIMULATION_AUTHORED_ALIGNMENT",
        "publication_status": "NOT_PUBLISHED",
        "qualification_status": "QUALIFIED_SIMULATION_AUTHORED",
        "region_code": "NGR-01",
        "road_candidate_id": "NG-RD-CAND-000028",
        "road_class_code": "SERVICE",
        "road_id": "NG-RD-000028",
        "road_name_id": "NG-NAM-ROA-000028",
        "runtime_effect_scope": "SHARED_REFERENCE",
        "runtime_mode": "production",
        "start_place_id": "NG-PLC-000038"
      },
      "type": "Feature"
    },
    {
      "geometry": {
        "coordinates": [
          [
            36.4,
            0.892533
          ],
          [
            36.462935,
            0.818751
          ]
        ],
        "type": "LineString"
      },
      "properties": {
        "canonical_name": "Kingswell Junction",
        "end_place_id": "NG-PLC-000019",
        "geometry_id": "",
        "geometry_id_state": "PENDING_GOVERNED_LIVE_RESERVATION",
        "geometry_reservation_key": "p006.7.11.12:road-alignment:NG-RD-000029",
        "geometry_role_code": "ROAD_ALIGNMENT",
        "length_m": 10782.893,
        "provenance_class": "NNGLA_SIMULATION_AUTHORED_ALIGNMENT",
        "publication_status": "NOT_PUBLISHED",
        "qualification_status": "QUALIFIED_SIMULATION_AUTHORED",
        "region_code": "NGR-01",
        "road_candidate_id": "NG-RD-CAND-000029",
        "road_class_code": "LOCAL",
        "road_id": "NG-RD-000029",
        "road_name_id": "NG-NAM-ROA-000029",
        "runtime_effect_scope": "SHARED_REFERENCE",
        "runtime_mode": "production",
        "start_place_id": "NG-PLC-000001"
      },
      "type": "Feature"
    },
    {
      "geometry": {
        "coordinates": [
          [
            36.887025,
            1.21598
          ],
          [
            36.964368,
            1.279329
          ]
        ],
        "type": "LineString"
      },
      "properties": {
        "canonical_name": "Brackenford Crossing",
        "end_place_id": "NG-PLC-000058",
        "geometry_id": "",
        "geometry_id_state": "PENDING_GOVERNED_LIVE_RESERVATION",
        "geometry_reservation_key": "p006.7.11.12:road-alignment:NG-RD-000030",
        "geometry_role_code": "ROAD_ALIGNMENT",
        "length_m": 11115.17,
        "provenance_class": "NNGLA_SIMULATION_AUTHORED_ALIGNMENT",
        "publication_status": "NOT_PUBLISHED",
        "qualification_status": "QUALIFIED_SIMULATION_AUTHORED",
        "region_code": "NGR-01",
        "road_candidate_id": "NG-RD-CAND-000030",
        "road_class_code": "MUNICIPAL",
        "road_id": "NG-RD-000030",
        "road_name_id": "NG-NAM-ROA-000030",
        "runtime_effect_scope": "SHARED_REFERENCE",
        "runtime_mode": "production",
        "start_place_id": "NG-PLC-000029"
      },
      "type": "Feature"
    },
    {
      "geometry": {
        "coordinates": [
          [
            35.722439,
            0.809775
          ],
          [
            35.781511,
            0.726372
          ]
        ],
        "type": "LineString"
      },
      "properties": {
        "canonical_name": "Rosehaven Road",
        "end_place_id": "NG-PLC-000070",
        "geometry_id": "",
        "geometry_id_state": "PENDING_GOVERNED_LIVE_RESERVATION",
        "geometry_reservation_key": "p006.7.11.12:road-alignment:NG-RD-000031",
        "geometry_role_code": "ROAD_ALIGNMENT",
        "length_m": 11364.188,
        "provenance_class": "NNGLA_SIMULATION_AUTHORED_ALIGNMENT",
        "publication_status": "NOT_PUBLISHED",
        "qualification_status": "QUALIFIED_SIMULATION_AUTHORED",
        "region_code": "NGR-01",
        "road_candidate_id": "NG-RD-CAND-000031",
        "road_class_code": "DISTRICT",
        "road_id": "NG-RD-000031",
        "road_name_id": "NG-NAM-ROA-000031",
        "runtime_effect_scope": "SHARED_REFERENCE",
        "runtime_mode": "production",
        "start_place_id": "NG-PLC-000035"
      },
      "type": "Feature"
    },
    {
      "geometry": {
        "coordinates": [
          [
            35.689888,
            0.710258
          ],
          [
            35.722439,
            0.809775
          ]
        ],
        "type": "LineString"
      },
      "properties": {
        "canonical_name": "Claybourne Street",
        "end_place_id": "NG-PLC-000035",
        "geometry_id": "",
        "geometry_id_state": "PENDING_GOVERNED_LIVE_RESERVATION",
        "geometry_reservation_key": "p006.7.11.12:road-alignment:NG-RD-000032",
        "geometry_role_code": "ROAD_ALIGNMENT",
        "length_m": 11642.616,
        "provenance_class": "NNGLA_SIMULATION_AUTHORED_ALIGNMENT",
        "publication_status": "NOT_PUBLISHED",
        "qualification_status": "QUALIFIED_SIMULATION_AUTHORED",
        "region_code": "NGR-01",
        "road_candidate_id": "NG-RD-CAND-000032",
        "road_class_code": "REGIONAL",
        "road_id": "NG-RD-000032",
        "road_name_id": "NG-NAM-ROA-000032",
        "runtime_effect_scope": "SHARED_REFERENCE",
        "runtime_mode": "production",
        "start_place_id": "NG-PLC-000069"
      },
      "type": "Feature"
    },
    {
      "geometry": {
        "coordinates": [
          [
            36.663723,
            0.787683
          ],
          [
            36.731032,
            0.869974
          ]
        ],
        "type": "LineString"
      },
      "properties": {
        "canonical_name": "Newstead Avenue",
        "end_place_id": "NG-PLC-000056",
        "geometry_id": "",
        "geometry_id_state": "PENDING_GOVERNED_LIVE_RESERVATION",
        "geometry_reservation_key": "p006.7.11.12:road-alignment:NG-RD-000033",
        "geometry_role_code": "ROAD_ALIGNMENT",
        "length_m": 11820.911,
        "provenance_class": "NNGLA_SIMULATION_AUTHORED_ALIGNMENT",
        "publication_status": "NOT_PUBLISHED",
        "qualification_status": "QUALIFIED_SIMULATION_AUTHORED",
        "region_code": "NGR-01",
        "road_candidate_id": "NG-RD-CAND-000033",
        "road_class_code": "RURAL",
        "road_id": "NG-RD-000033",
        "road_name_id": "NG-NAM-ROA-000033",
        "runtime_effect_scope": "SHARED_REFERENCE",
        "runtime_mode": "production",
        "start_place_id": "NG-PLC-000032"
      },
      "type": "Feature"
    },
    {
      "geometry": {
        "coordinates": [
          [
            36.777699,
            0.685462
          ],
          [
            36.878985,
            0.722731
          ]
        ],
        "type": "LineString"
      },
      "properties": {
        "canonical_name": "Larkspur Lane",
        "end_place_id": "NG-PLC-000003",
        "geometry_id": "",
        "geometry_id_state": "PENDING_GOVERNED_LIVE_RESERVATION",
        "geometry_reservation_key": "p006.7.11.12:road-alignment:NG-RD-000034",
        "geometry_role_code": "ROAD_ALIGNMENT",
        "length_m": 11999.944,
        "provenance_class": "NNGLA_SIMULATION_AUTHORED_ALIGNMENT",
        "publication_status": "NOT_PUBLISHED",
        "qualification_status": "QUALIFIED_SIMULATION_AUTHORED",
        "region_code": "NGR-01",
        "road_candidate_id": "NG-RD-CAND-000034",
        "road_class_code": "ACCESS",
        "road_id": "NG-RD-000034",
        "road_name_id": "NG-NAM-ROA-000034",
        "runtime_effect_scope": "SHARED_REFERENCE",
        "runtime_mode": "production",
        "start_place_id": "NG-PLC-000045"
      },
      "type": "Feature"
    },
    {
      "geometry": {
        "coordinates": [
          [
            37.094774,
            0.943929
          ],
          [
            37.200177,
            0.970407
          ]
        ],
        "type": "LineString"
      },
      "properties": {
        "canonical_name": "Eastbridge Drive",
        "end_place_id": "NG-PLC-000062",
        "geometry_id": "",
        "geometry_id_state": "PENDING_GOVERNED_LIVE_RESERVATION",
        "geometry_reservation_key": "p006.7.11.12:road-alignment:NG-RD-000035",
        "geometry_role_code": "ROAD_ALIGNMENT",
        "length_m": 12082.857,
        "provenance_class": "NNGLA_SIMULATION_AUTHORED_ALIGNMENT",
        "publication_status": "NOT_PUBLISHED",
        "qualification_status": "QUALIFIED_SIMULATION_AUTHORED",
        "region_code": "NGR-01",
        "road_candidate_id": "NG-RD-CAND-000035",
        "road_class_code": "SERVICE",
        "road_id": "NG-RD-000035",
        "road_name_id": "NG-NAM-ROA-000035",
        "runtime_effect_scope": "SHARED_REFERENCE",
        "runtime_mode": "production",
        "start_place_id": "NG-PLC-000059"
      },
      "type": "Feature"
    },
    {
      "geometry": {
        "coordinates": [
          [
            36.618052,
            0.81024
          ],
          [
            36.618704,
            0.921738
          ]
        ],
        "type": "LineString"
      },
      "properties": {
        "canonical_name": "Hillmark Way",
        "end_place_id": "NG-PLC-000014",
        "geometry_id": "",
        "geometry_id_state": "PENDING_GOVERNED_LIVE_RESERVATION",
        "geometry_reservation_key": "p006.7.11.12:road-alignment:NG-RD-000036",
        "geometry_role_code": "ROAD_ALIGNMENT",
        "length_m": 12398.241,
        "provenance_class": "NNGLA_SIMULATION_AUTHORED_ALIGNMENT",
        "publication_status": "NOT_PUBLISHED",
        "qualification_status": "QUALIFIED_SIMULATION_AUTHORED",
        "region_code": "NGR-01",
        "road_candidate_id": "NG-RD-CAND-000036",
        "road_class_code": "LOCAL",
        "road_id": "NG-RD-000036",
        "road_name_id": "NG-NAM-ROA-000036",
        "runtime_effect_scope": "SHARED_REFERENCE",
        "runtime_mode": "production",
        "start_place_id": "NG-PLC-000063"
      },
      "type": "Feature"
    },
    {
      "geometry": {
        "coordinates": [
          [
            36.642861,
            1.312132
          ],
          [
            36.662684,
            1.200426
          ]
        ],
        "type": "LineString"
      },
      "properties": {
        "canonical_name": "Greyhaven Boulevard",
        "end_place_id": "NG-PLC-000002",
        "geometry_id": "",
        "geometry_id_state": "PENDING_GOVERNED_LIVE_RESERVATION",
        "geometry_reservation_key": "p006.7.11.12:road-alignment:NG-RD-000037",
        "geometry_role_code": "ROAD_ALIGNMENT",
        "length_m": 12615.126,
        "provenance_class": "NNGLA_SIMULATION_AUTHORED_ALIGNMENT",
        "publication_status": "NOT_PUBLISHED",
        "qualification_status": "QUALIFIED_SIMULATION_AUTHORED",
        "region_code": "NGR-01",
        "road_candidate_id": "NG-RD-CAND-000037",
        "road_class_code": "MUNICIPAL",
        "road_id": "NG-RD-000037",
        "road_name_id": "NG-NAM-ROA-000037",
        "runtime_effect_scope": "SHARED_REFERENCE",
        "runtime_mode": "production",
        "start_place_id": "NG-PLC-000040"
      },
      "type": "Feature"
    },
    {
      "geometry": {
        "coordinates": [
          [
            37.094774,
            0.943929
          ],
          [
            37.12712,
            0.832912
          ]
        ],
        "type": "LineString"
      },
      "properties": {
        "canonical_name": "Willowgate Highway",
        "end_place_id": "NG-PLC-000030",
        "geometry_id": "",
        "geometry_id_state": "PENDING_GOVERNED_LIVE_RESERVATION",
        "geometry_reservation_key": "p006.7.11.12:road-alignment:NG-RD-000038",
        "geometry_role_code": "ROAD_ALIGNMENT",
        "length_m": 12857.722,
        "provenance_class": "NNGLA_SIMULATION_AUTHORED_ALIGNMENT",
        "publication_status": "NOT_PUBLISHED",
        "qualification_status": "QUALIFIED_SIMULATION_AUTHORED",
        "region_code": "NGR-01",
        "road_candidate_id": "NG-RD-CAND-000038",
        "road_class_code": "DISTRICT",
        "road_id": "NG-RD-000038",
        "road_name_id": "NG-NAM-ROA-000038",
        "runtime_effect_scope": "SHARED_REFERENCE",
        "runtime_mode": "production",
        "start_place_id": "NG-PLC-000059"
      },
      "type": "Feature"
    },
    {
      "geometry": {
        "coordinates": [
          [
            36.986232,
            0.734824
          ],
          [
            37.059639,
            0.643396
          ]
        ],
        "type": "LineString"
      },
      "properties": {
        "canonical_name": "Stoneleigh Junction",
        "end_place_id": "NG-PLC-000065",
        "geometry_id": "",
        "geometry_id_state": "PENDING_GOVERNED_LIVE_RESERVATION",
        "geometry_reservation_key": "p006.7.11.12:road-alignment:NG-RD-000039",
        "geometry_role_code": "ROAD_ALIGNMENT",
        "length_m": 13037.302,
        "provenance_class": "NNGLA_SIMULATION_AUTHORED_ALIGNMENT",
        "publication_status": "NOT_PUBLISHED",
        "qualification_status": "QUALIFIED_SIMULATION_AUTHORED",
        "region_code": "NGR-01",
        "road_candidate_id": "NG-RD-CAND-000039",
        "road_class_code": "REGIONAL",
        "road_id": "NG-RD-000039",
        "road_name_id": "NG-NAM-ROA-000039",
        "runtime_effect_scope": "SHARED_REFERENCE",
        "runtime_mode": "production",
        "start_place_id": "NG-PLC-000085"
      },
      "type": "Feature"
    },
    {
      "geometry": {
        "coordinates": [
          [
            36.878985,
            0.722731
          ],
          [
            36.95501,
            0.628082
          ]
        ],
        "type": "LineString"
      },
      "properties": {
        "canonical_name": "Maple Junction Crossing",
        "end_place_id": "NG-PLC-000044",
        "geometry_id": "",
        "geometry_id_state": "PENDING_GOVERNED_LIVE_RESERVATION",
        "geometry_reservation_key": "p006.7.11.12:road-alignment:NG-RD-000040",
        "geometry_role_code": "ROAD_ALIGNMENT",
        "length_m": 13498.84,
        "provenance_class": "NNGLA_SIMULATION_AUTHORED_ALIGNMENT",
        "publication_status": "NOT_PUBLISHED",
        "qualification_status": "QUALIFIED_SIMULATION_AUTHORED",
        "region_code": "NGR-01",
        "road_candidate_id": "NG-RD-CAND-000040",
        "road_class_code": "RURAL",
        "road_id": "NG-RD-000040",
        "road_name_id": "NG-NAM-ROA-000040",
        "runtime_effect_scope": "SHARED_REFERENCE",
        "runtime_mode": "production",
        "start_place_id": "NG-PLC-000003"
      },
      "type": "Feature"
    },
    {
      "geometry": {
        "coordinates": [
          [
            36.780371,
            1.280079
          ],
          [
            36.887025,
            1.21598
          ]
        ],
        "type": "LineString"
      },
      "properties": {
        "canonical_name": "South Bell Road",
        "end_place_id": "NG-PLC-000029",
        "geometry_id": "",
        "geometry_id_state": "PENDING_GOVERNED_LIVE_RESERVATION",
        "geometry_reservation_key": "p006.7.11.12:road-alignment:NG-RD-000041",
        "geometry_role_code": "ROAD_ALIGNMENT",
        "length_m": 13834.009,
        "provenance_class": "NNGLA_SIMULATION_AUTHORED_ALIGNMENT",
        "publication_status": "NOT_PUBLISHED",
        "qualification_status": "QUALIFIED_SIMULATION_AUTHORED",
        "region_code": "NGR-01",
        "road_candidate_id": "NG-RD-CAND-000041",
        "road_class_code": "ACCESS",
        "road_id": "NG-RD-000041",
        "road_name_id": "NG-NAM-ROA-000041",
        "runtime_effect_scope": "SHARED_REFERENCE",
        "runtime_mode": "production",
        "start_place_id": "NG-PLC-000041"
      },
      "type": "Feature"
    },
    {
      "geometry": {
        "coordinates": [
          [
            36.409173,
            0.802353
          ],
          [
            36.41796,
            0.675074
          ]
        ],
        "type": "LineString"
      },
      "properties": {
        "canonical_name": "Orchard End Street",
        "end_place_id": "NG-PLC-000015",
        "geometry_id": "",
        "geometry_id_state": "PENDING_GOVERNED_LIVE_RESERVATION",
        "geometry_reservation_key": "p006.7.11.12:road-alignment:NG-RD-000042",
        "geometry_role_code": "ROAD_ALIGNMENT",
        "length_m": 14186.48,
        "provenance_class": "NNGLA_SIMULATION_AUTHORED_ALIGNMENT",
        "publication_status": "NOT_PUBLISHED",
        "qualification_status": "QUALIFIED_SIMULATION_AUTHORED",
        "region_code": "NGR-01",
        "road_candidate_id": "NG-RD-CAND-000042",
        "road_class_code": "SERVICE",
        "road_id": "NG-RD-000042",
        "road_name_id": "NG-NAM-ROA-000042",
        "runtime_effect_scope": "SHARED_REFERENCE",
        "runtime_mode": "production",
        "start_place_id": "NG-PLC-000006"
      },
      "type": "Feature"
    },
    {
      "geometry": {
        "coordinates": [
          [
            36.711602,
            1.043828
          ],
          [
            36.728377,
            0.914862
          ]
        ],
        "type": "LineString"
      },
      "properties": {
        "canonical_name": "Carrowfield Avenue",
        "end_place_id": "NG-PLC-000028",
        "geometry_id": "",
        "geometry_id_state": "PENDING_GOVERNED_LIVE_RESERVATION",
        "geometry_reservation_key": "p006.7.11.12:road-alignment:NG-RD-000043",
        "geometry_role_code": "ROAD_ALIGNMENT",
        "length_m": 14461.153,
        "provenance_class": "NNGLA_SIMULATION_AUTHORED_ALIGNMENT",
        "publication_status": "NOT_PUBLISHED",
        "qualification_status": "QUALIFIED_SIMULATION_AUTHORED",
        "region_code": "NGR-01",
        "road_candidate_id": "NG-RD-CAND-000043",
        "road_class_code": "LOCAL",
        "road_id": "NG-RD-000043",
        "road_name_id": "NG-NAM-ROA-000043",
        "runtime_effect_scope": "SHARED_REFERENCE",
        "runtime_mode": "production",
        "start_place_id": "NG-PLC-000055"
      },
      "type": "Feature"
    },
    {
      "geometry": {
        "coordinates": [
          [
            35.664816,
            1.122528
          ],
          [
            35.780712,
            1.058572
          ]
        ],
        "type": "LineString"
      },
      "properties": {
        "canonical_name": "West Carrow Lane",
        "end_place_id": "NG-PLC-000004",
        "geometry_id": "",
        "geometry_id_state": "PENDING_GOVERNED_LIVE_RESERVATION",
        "geometry_reservation_key": "p006.7.11.12:road-alignment:NG-RD-000044",
        "geometry_role_code": "ROAD_ALIGNMENT",
        "length_m": 14717.032,
        "provenance_class": "NNGLA_SIMULATION_AUTHORED_ALIGNMENT",
        "publication_status": "NOT_PUBLISHED",
        "qualification_status": "QUALIFIED_SIMULATION_AUTHORED",
        "region_code": "NGR-01",
        "road_candidate_id": "NG-RD-CAND-000044",
        "road_class_code": "MUNICIPAL",
        "road_id": "NG-RD-000044",
        "road_name_id": "NG-NAM-ROA-000044",
        "runtime_effect_scope": "SHARED_REFERENCE",
        "runtime_mode": "production",
        "start_place_id": "NG-PLC-000046"
      },
      "type": "Feature"
    },
    {
      "geometry": {
        "coordinates": [
          [
            36.768481,
            0.801604
          ],
          [
            36.878985,
            0.722731
          ]
        ],
        "type": "LineString"
      },
      "properties": {
        "canonical_name": "Low Crescent Drive",
        "end_place_id": "NG-PLC-000003",
        "geometry_id": "",
        "geometry_id_state": "PENDING_GOVERNED_LIVE_RESERVATION",
        "geometry_reservation_key": "p006.7.11.12:road-alignment:NG-RD-000045",
        "geometry_role_code": "ROAD_ALIGNMENT",
        "length_m": 15095.494,
        "provenance_class": "NNGLA_SIMULATION_AUTHORED_ALIGNMENT",
        "publication_status": "NOT_PUBLISHED",
        "qualification_status": "QUALIFIED_SIMULATION_AUTHORED",
        "region_code": "NGR-01",
        "road_candidate_id": "NG-RD-CAND-000045",
        "road_class_code": "DISTRICT",
        "road_id": "NG-RD-000045",
        "road_name_id": "NG-NAM-ROA-000045",
        "runtime_effect_scope": "SHARED_REFERENCE",
        "runtime_mode": "production",
        "start_place_id": "NG-PLC-000064"
      },
      "type": "Feature"
    },
    {
      "geometry": {
        "coordinates": [
          [
            35.780712,
            1.058572
          ],
          [
            35.842038,
            1.181507
          ]
        ],
        "type": "LineString"
      },
      "properties": {
        "canonical_name": "Meridian Gate Way",
        "end_place_id": "NG-PLC-000048",
        "geometry_id": "",
        "geometry_id_state": "PENDING_GOVERNED_LIVE_RESERVATION",
        "geometry_reservation_key": "p006.7.11.12:road-alignment:NG-RD-000046",
        "geometry_role_code": "ROAD_ALIGNMENT",
        "length_m": 15275.652,
        "provenance_class": "NNGLA_SIMULATION_AUTHORED_ALIGNMENT",
        "publication_status": "NOT_PUBLISHED",
        "qualification_status": "QUALIFIED_SIMULATION_AUTHORED",
        "region_code": "NGR-01",
        "road_candidate_id": "NG-RD-CAND-000046",
        "road_class_code": "REGIONAL",
        "road_id": "NG-RD-000046",
        "road_name_id": "NG-NAM-ROA-000046",
        "runtime_effect_scope": "SHARED_REFERENCE",
        "runtime_mode": "production",
        "start_place_id": "NG-PLC-000004"
      },
      "type": "Feature"
    },
    {
      "geometry": {
        "coordinates": [
          [
            36.707151,
            0.905187
          ],
          [
            36.711602,
            1.043828
          ]
        ],
        "type": "LineString"
      },
      "properties": {
        "canonical_name": "Railview Boulevard",
        "end_place_id": "NG-PLC-000055",
        "geometry_id": "",
        "geometry_id_state": "PENDING_GOVERNED_LIVE_RESERVATION",
        "geometry_reservation_key": "p006.7.11.12:road-alignment:NG-RD-000047",
        "geometry_role_code": "ROAD_ALIGNMENT",
        "length_m": 15424.138,
        "provenance_class": "NNGLA_SIMULATION_AUTHORED_ALIGNMENT",
        "publication_status": "NOT_PUBLISHED",
        "qualification_status": "QUALIFIED_SIMULATION_AUTHORED",
        "region_code": "NGR-01",
        "road_candidate_id": "NG-RD-CAND-000047",
        "road_class_code": "RURAL",
        "road_id": "NG-RD-000047",
        "road_name_id": "NG-NAM-ROA-000047",
        "runtime_effect_scope": "SHARED_REFERENCE",
        "runtime_mode": "production",
        "start_place_id": "NG-PLC-000080"
      },
      "type": "Feature"
    },
    {
      "geometry": {
        "coordinates": [
          [
            35.674961,
            1.411804
          ],
          [
            35.813421,
            1.390154
          ]
        ],
        "type": "LineString"
      },
      "properties": {
        "canonical_name": "Eastbank Highway",
        "end_place_id": "NG-PLC-000073",
        "geometry_id": "",
        "geometry_id_state": "PENDING_GOVERNED_LIVE_RESERVATION",
        "geometry_reservation_key": "p006.7.11.12:road-alignment:NG-RD-000048",
        "geometry_role_code": "ROAD_ALIGNMENT",
        "length_m": 15578.599,
        "provenance_class": "NNGLA_SIMULATION_AUTHORED_ALIGNMENT",
        "publication_status": "NOT_PUBLISHED",
        "qualification_status": "QUALIFIED_SIMULATION_AUTHORED",
        "region_code": "NGR-01",
        "road_candidate_id": "NG-RD-CAND-000048",
        "road_class_code": "ACCESS",
        "road_id": "NG-RD-000048",
        "road_name_id": "NG-NAM-ROA-000048",
        "runtime_effect_scope": "SHARED_REFERENCE",
        "runtime_mode": "production",
        "start_place_id": "NG-PLC-000075"
      },
      "type": "Feature"
    },
    {
      "geometry": {
        "coordinates": [
          [
            36.662684,
            1.200426
          ],
          [
            36.780371,
            1.280079
          ]
        ],
        "type": "LineString"
      },
      "properties": {
        "canonical_name": "Lower Ashbourne Junction",
        "end_place_id": "NG-PLC-000041",
        "geometry_id": "",
        "geometry_id_state": "PENDING_GOVERNED_LIVE_RESERVATION",
        "geometry_reservation_key": "p006.7.11.12:road-alignment:NG-RD-000049",
        "geometry_role_code": "ROAD_ALIGNMENT",
        "length_m": 15799.228,
        "provenance_class": "NNGLA_SIMULATION_AUTHORED_ALIGNMENT",
        "publication_status": "NOT_PUBLISHED",
        "qualification_status": "QUALIFIED_SIMULATION_AUTHORED",
        "region_code": "NGR-01",
        "road_candidate_id": "NG-RD-CAND-000049",
        "road_class_code": "SERVICE",
        "road_id": "NG-RD-000049",
        "road_name_id": "NG-NAM-ROA-000049",
        "runtime_effect_scope": "SHARED_REFERENCE",
        "runtime_mode": "production",
        "start_place_id": "NG-PLC-000002"
      },
      "type": "Feature"
    },
    {
      "geometry": {
        "coordinates": [
          [
            35.813421,
            1.390154
          ],
          [
            35.944381,
            1.332716
          ]
        ],
        "type": "LineString"
      },
      "properties": {
        "canonical_name": "Ashbourne Green Crossing",
        "end_place_id": "NG-PLC-000072",
        "geometry_id": "",
        "geometry_id_state": "PENDING_GOVERNED_LIVE_RESERVATION",
        "geometry_reservation_key": "p006.7.11.12:road-alignment:NG-RD-000050",
        "geometry_role_code": "ROAD_ALIGNMENT",
        "length_m": 15897.382,
        "provenance_class": "NNGLA_SIMULATION_AUTHORED_ALIGNMENT",
        "publication_status": "NOT_PUBLISHED",
        "qualification_status": "QUALIFIED_SIMULATION_AUTHORED",
        "region_code": "NGR-01",
        "road_candidate_id": "NG-RD-CAND-000050",
        "road_class_code": "LOCAL",
        "road_id": "NG-RD-000050",
        "road_name_id": "NG-NAM-ROA-000050",
        "runtime_effect_scope": "SHARED_REFERENCE",
        "runtime_mode": "production",
        "start_place_id": "NG-PLC-000073"
      },
      "type": "Feature"
    },
    {
      "geometry": {
        "coordinates": [
          [
            36.183345,
            0.881551
          ],
          [
            36.239219,
            1.015171
          ]
        ],
        "type": "LineString"
      },
      "properties": {
        "canonical_name": "Old Crescenton Road",
        "end_place_id": "NG-PLC-000016",
        "geometry_id": "",
        "geometry_id_state": "PENDING_GOVERNED_LIVE_RESERVATION",
        "geometry_reservation_key": "p006.7.11.12:road-alignment:NG-RD-000051",
        "geometry_role_code": "ROAD_ALIGNMENT",
        "length_m": 16104.239,
        "provenance_class": "NNGLA_SIMULATION_AUTHORED_ALIGNMENT",
        "publication_status": "NOT_PUBLISHED",
        "qualification_status": "QUALIFIED_SIMULATION_AUTHORED",
        "region_code": "NGR-01",
        "road_candidate_id": "NG-RD-CAND-000051",
        "road_class_code": "MUNICIPAL",
        "road_id": "NG-RD-000051",
        "road_name_id": "NG-NAM-ROA-000051",
        "runtime_effect_scope": "SHARED_REFERENCE",
        "runtime_mode": "production",
        "start_place_id": "NG-PLC-000022"
      },
      "type": "Feature"
    },
    {
      "geometry": {
        "coordinates": [
          [
            36.777472,
            1.432012
          ],
          [
            36.780371,
            1.280079
          ]
        ],
        "type": "LineString"
      },
      "properties": {
        "canonical_name": "Crescenton Fields Street",
        "end_place_id": "NG-PLC-000041",
        "geometry_id": "",
        "geometry_id_state": "PENDING_GOVERNED_LIVE_RESERVATION",
        "geometry_reservation_key": "p006.7.11.12:road-alignment:NG-RD-000052",
        "geometry_role_code": "ROAD_ALIGNMENT",
        "length_m": 16897.276,
        "provenance_class": "NNGLA_SIMULATION_AUTHORED_ALIGNMENT",
        "publication_status": "NOT_PUBLISHED",
        "qualification_status": "QUALIFIED_SIMULATION_AUTHORED",
        "region_code": "NGR-01",
        "road_candidate_id": "NG-RD-CAND-000052",
        "road_class_code": "DISTRICT",
        "road_id": "NG-RD-000052",
        "road_name_id": "NG-NAM-ROA-000052",
        "runtime_effect_scope": "SHARED_REFERENCE",
        "runtime_mode": "production",
        "start_place_id": "NG-PLC-000026"
      },
      "type": "Feature"
    },
    {
      "geometry": {
        "coordinates": [
          [
            36.663723,
            0.787683
          ],
          [
            36.777699,
            0.685462
          ]
        ],
        "type": "LineString"
      },
      "properties": {
        "canonical_name": "Elmtree Hollow Avenue",
        "end_place_id": "NG-PLC-000045",
        "geometry_id": "",
        "geometry_id_state": "PENDING_GOVERNED_LIVE_RESERVATION",
        "geometry_reservation_key": "p006.7.11.12:road-alignment:NG-RD-000053",
        "geometry_role_code": "ROAD_ALIGNMENT",
        "length_m": 17023.205,
        "provenance_class": "NNGLA_SIMULATION_AUTHORED_ALIGNMENT",
        "publication_status": "NOT_PUBLISHED",
        "qualification_status": "QUALIFIED_SIMULATION_AUTHORED",
        "region_code": "NGR-01",
        "road_candidate_id": "NG-RD-CAND-000053",
        "road_class_code": "REGIONAL",
        "road_id": "NG-RD-000053",
        "road_name_id": "NG-NAM-ROA-000053",
        "runtime_effect_scope": "SHARED_REFERENCE",
        "runtime_mode": "production",
        "start_place_id": "NG-PLC-000032"
      },
      "type": "Feature"
    },
    {
      "geometry": {
        "coordinates": [
          [
            36.183345,
            0.881551
          ],
          [
            36.325117,
            0.942349
          ]
        ],
        "type": "LineString"
      },
      "properties": {
        "canonical_name": "Elmtree Brook Lane",
        "end_place_id": "NG-PLC-000024",
        "geometry_id": "",
        "geometry_id_state": "PENDING_GOVERNED_LIVE_RESERVATION",
        "geometry_reservation_key": "p006.7.11.12:road-alignment:NG-RD-000054",
        "geometry_role_code": "ROAD_ALIGNMENT",
        "length_m": 17150.955,
        "provenance_class": "NNGLA_SIMULATION_AUTHORED_ALIGNMENT",
        "publication_status": "NOT_PUBLISHED",
        "qualification_status": "QUALIFIED_SIMULATION_AUTHORED",
        "region_code": "NGR-01",
        "road_candidate_id": "NG-RD-CAND-000054",
        "road_class_code": "RURAL",
        "road_id": "NG-RD-000054",
        "road_name_id": "NG-NAM-ROA-000054",
        "runtime_effect_scope": "SHARED_REFERENCE",
        "runtime_mode": "production",
        "start_place_id": "NG-PLC-000022"
      },
      "type": "Feature"
    },
    {
      "geometry": {
        "coordinates": [
          [
            36.613991,
            1.422538
          ],
          [
            36.777472,
            1.432012
          ]
        ],
        "type": "LineString"
      },
      "properties": {
        "canonical_name": "Faircross Cross Drive",
        "end_place_id": "NG-PLC-000026",
        "geometry_id": "",
        "geometry_id_state": "PENDING_GOVERNED_LIVE_RESERVATION",
        "geometry_reservation_key": "p006.7.11.12:road-alignment:NG-RD-000055",
        "geometry_role_code": "ROAD_ALIGNMENT",
        "length_m": 18203.152,
        "provenance_class": "NNGLA_SIMULATION_AUTHORED_ALIGNMENT",
        "publication_status": "NOT_PUBLISHED",
        "qualification_status": "QUALIFIED_SIMULATION_AUTHORED",
        "region_code": "NGR-01",
        "road_candidate_id": "NG-RD-CAND-000055",
        "road_class_code": "ACCESS",
        "road_id": "NG-RD-000055",
        "road_name_id": "NG-NAM-ROA-000055",
        "runtime_effect_scope": "SHARED_REFERENCE",
        "runtime_mode": "production",
        "start_place_id": "NG-PLC-000054"
      },
      "type": "Feature"
    },
    {
      "geometry": {
        "coordinates": [
          [
            36.462935,
            0.818751
          ],
          [
            36.542436,
            0.968068
          ]
        ],
        "type": "LineString"
      },
      "properties": {
        "canonical_name": "Faircross Vale Way",
        "end_place_id": "NG-PLC-000013",
        "geometry_id": "",
        "geometry_id_state": "PENDING_GOVERNED_LIVE_RESERVATION",
        "geometry_reservation_key": "p006.7.11.12:road-alignment:NG-RD-000056",
        "geometry_role_code": "ROAD_ALIGNMENT",
        "length_m": 18809.539,
        "provenance_class": "NNGLA_SIMULATION_AUTHORED_ALIGNMENT",
        "publication_status": "NOT_PUBLISHED",
        "qualification_status": "QUALIFIED_SIMULATION_AUTHORED",
        "region_code": "NGR-01",
        "road_candidate_id": "NG-RD-CAND-000056",
        "road_class_code": "SERVICE",
        "road_id": "NG-RD-000056",
        "road_name_id": "NG-NAM-ROA-000056",
        "runtime_effect_scope": "SHARED_REFERENCE",
        "runtime_mode": "production",
        "start_place_id": "NG-PLC-000019"
      },
      "type": "Feature"
    },
    {
      "geometry": {
        "coordinates": [
          [
            36.986232,
            0.734824
          ],
          [
            37.12712,
            0.832912
          ]
        ],
        "type": "LineString"
      },
      "properties": {
        "canonical_name": "North Kingswell Boulevard",
        "end_place_id": "NG-PLC-000030",
        "geometry_id": "",
        "geometry_id_state": "PENDING_GOVERNED_LIVE_RESERVATION",
        "geometry_reservation_key": "p006.7.11.12:road-alignment:NG-RD-000057",
        "geometry_role_code": "ROAD_ALIGNMENT",
        "length_m": 19087.686,
        "provenance_class": "NNGLA_SIMULATION_AUTHORED_ALIGNMENT",
        "publication_status": "NOT_PUBLISHED",
        "qualification_status": "QUALIFIED_SIMULATION_AUTHORED",
        "region_code": "NGR-01",
        "road_candidate_id": "NG-RD-CAND-000057",
        "road_class_code": "LOCAL",
        "road_id": "NG-RD-000057",
        "road_name_id": "NG-NAM-ROA-000057",
        "runtime_effect_scope": "SHARED_REFERENCE",
        "runtime_mode": "production",
        "start_place_id": "NG-PLC-000085"
      },
      "type": "Feature"
    },
    {
      "geometry": {
        "coordinates": [
          [
            36.642861,
            1.312132
          ],
          [
            36.777472,
            1.432012
          ]
        ],
        "type": "LineString"
      },
      "properties": {
        "canonical_name": "Kingswell End Highway",
        "end_place_id": "NG-PLC-000026",
        "geometry_id": "",
        "geometry_id_state": "PENDING_GOVERNED_LIVE_RESERVATION",
        "geometry_reservation_key": "p006.7.11.12:road-alignment:NG-RD-000058",
        "geometry_role_code": "ROAD_ALIGNMENT",
        "length_m": 20040.099,
        "provenance_class": "NNGLA_SIMULATION_AUTHORED_ALIGNMENT",
        "publication_status": "NOT_PUBLISHED",
        "qualification_status": "QUALIFIED_SIMULATION_AUTHORED",
        "region_code": "NGR-01",
        "road_candidate_id": "NG-RD-CAND-000058",
        "road_class_code": "MUNICIPAL",
        "road_id": "NG-RD-000058",
        "road_name_id": "NG-NAM-ROA-000058",
        "runtime_effect_scope": "SHARED_REFERENCE",
        "runtime_mode": "production",
        "start_place_id": "NG-PLC-000040"
      },
      "type": "Feature"
    },
    {
      "geometry": {
        "coordinates": [
          [
            36.542436,
            0.968068
          ],
          [
            36.711602,
            1.043828
          ]
        ],
        "type": "LineString"
      },
      "properties": {
        "canonical_name": "Brackenford Heath Junction",
        "end_place_id": "NG-PLC-000055",
        "geometry_id": "",
        "geometry_id_state": "PENDING_GOVERNED_LIVE_RESERVATION",
        "geometry_reservation_key": "p006.7.11.12:road-alignment:NG-RD-000059",
        "geometry_role_code": "ROAD_ALIGNMENT",
        "length_m": 20607.988,
        "provenance_class": "NNGLA_SIMULATION_AUTHORED_ALIGNMENT",
        "publication_status": "NOT_PUBLISHED",
        "qualification_status": "QUALIFIED_SIMULATION_AUTHORED",
        "region_code": "NGR-01",
        "road_candidate_id": "NG-RD-CAND-000059",
        "road_class_code": "DISTRICT",
        "road_id": "NG-RD-000059",
        "road_name_id": "NG-NAM-ROA-000059",
        "runtime_effect_scope": "SHARED_REFERENCE",
        "runtime_mode": "production",
        "start_place_id": "NG-PLC-000013"
      },
      "type": "Feature"
    },
    {
      "geometry": {
        "coordinates": [
          [
            36.462935,
            0.818751
          ],
          [
            36.618704,
            0.921738
          ]
        ],
        "type": "LineString"
      },
      "properties": {
        "canonical_name": "Brackenford Grove Crossing",
        "end_place_id": "NG-PLC-000014",
        "geometry_id": "",
        "geometry_id_state": "PENDING_GOVERNED_LIVE_RESERVATION",
        "geometry_reservation_key": "p006.7.11.12:road-alignment:NG-RD-000060",
        "geometry_role_code": "ROAD_ALIGNMENT",
        "length_m": 20762.447,
        "provenance_class": "NNGLA_SIMULATION_AUTHORED_ALIGNMENT",
        "publication_status": "NOT_PUBLISHED",
        "qualification_status": "QUALIFIED_SIMULATION_AUTHORED",
        "region_code": "NGR-01",
        "road_candidate_id": "NG-RD-CAND-000060",
        "road_class_code": "REGIONAL",
        "road_id": "NG-RD-000060",
        "road_name_id": "NG-NAM-ROA-000060",
        "runtime_effect_scope": "SHARED_REFERENCE",
        "runtime_mode": "production",
        "start_place_id": "NG-PLC-000019"
      },
      "type": "Feature"
    },
    {
      "geometry": {
        "coordinates": [
          [
            37.059639,
            0.643396
          ],
          [
            37.194524,
            0.782276
          ]
        ],
        "type": "LineString"
      },
      "properties": {
        "canonical_name": "Upper Rosehaven Road",
        "end_place_id": "NG-PLC-000060",
        "geometry_id": "",
        "geometry_id_state": "PENDING_GOVERNED_LIVE_RESERVATION",
        "geometry_reservation_key": "p006.7.11.12:road-alignment:NG-RD-000061",
        "geometry_role_code": "ROAD_ALIGNMENT",
        "length_m": 21526.745,
        "provenance_class": "NNGLA_SIMULATION_AUTHORED_ALIGNMENT",
        "publication_status": "NOT_PUBLISHED",
        "qualification_status": "QUALIFIED_SIMULATION_AUTHORED",
        "region_code": "NGR-01",
        "road_candidate_id": "NG-RD-CAND-000061",
        "road_class_code": "RURAL",
        "road_id": "NG-RD-000061",
        "road_name_id": "NG-NAM-ROA-000061",
        "runtime_effect_scope": "SHARED_REFERENCE",
        "runtime_mode": "production",
        "start_place_id": "NG-PLC-000065"
      },
      "type": "Feature"
    },
    {
      "geometry": {
        "coordinates": [
          [
            35.842038,
            1.181507
          ],
          [
            35.998474,
            1.054198
          ]
        ],
        "type": "LineString"
      },
      "properties": {
        "canonical_name": "Rosehaven Meadow Street",
        "end_place_id": "NG-PLC-000077",
        "geometry_id": "",
        "geometry_id_state": "PENDING_GOVERNED_LIVE_RESERVATION",
        "geometry_reservation_key": "p006.7.11.12:road-alignment:NG-RD-000062",
        "geometry_role_code": "ROAD_ALIGNMENT",
        "length_m": 22424.626,
        "provenance_class": "NNGLA_SIMULATION_AUTHORED_ALIGNMENT",
        "publication_status": "NOT_PUBLISHED",
        "qualification_status": "QUALIFIED_SIMULATION_AUTHORED",
        "region_code": "NGR-01",
        "road_candidate_id": "NG-RD-CAND-000062",
        "road_class_code": "ACCESS",
        "road_id": "NG-RD-000062",
        "road_name_id": "NG-NAM-ROA-000062",
        "runtime_effect_scope": "SHARED_REFERENCE",
        "runtime_mode": "production",
        "start_place_id": "NG-PLC-000048"
      },
      "type": "Feature"
    },
    {
      "geometry": {
        "coordinates": [
          [
            36.780371,
            1.280079
          ],
          [
            36.892235,
            1.457831
          ]
        ],
        "type": "LineString"
      },
      "properties": {
        "canonical_name": "Claybourne Ford Avenue",
        "end_place_id": "NG-PLC-000052",
        "geometry_id": "",
        "geometry_id_state": "PENDING_GOVERNED_LIVE_RESERVATION",
        "geometry_reservation_key": "p006.7.11.12:road-alignment:NG-RD-000063",
        "geometry_role_code": "ROAD_ALIGNMENT",
        "length_m": 23351.543,
        "provenance_class": "NNGLA_SIMULATION_AUTHORED_ALIGNMENT",
        "publication_status": "NOT_PUBLISHED",
        "qualification_status": "QUALIFIED_SIMULATION_AUTHORED",
        "region_code": "NGR-01",
        "road_candidate_id": "NG-RD-CAND-000063",
        "road_class_code": "SERVICE",
        "road_id": "NG-RD-000063",
        "road_name_id": "NG-NAM-ROA-000063",
        "runtime_effect_scope": "SHARED_REFERENCE",
        "runtime_mode": "production",
        "start_place_id": "NG-PLC-000041"
      },
      "type": "Feature"
    },
    {
      "geometry": {
        "coordinates": [
          [
            36.183345,
            0.881551
          ],
          [
            36.35439,
            0.755747
          ]
        ],
        "type": "LineString"
      },
      "properties": {
        "canonical_name": "Claybourne Common Lane",
        "end_place_id": "NG-PLC-000084",
        "geometry_id": "",
        "geometry_id_state": "PENDING_GOVERNED_LIVE_RESERVATION",
        "geometry_reservation_key": "p006.7.11.12:road-alignment:NG-RD-000064",
        "geometry_role_code": "ROAD_ALIGNMENT",
        "length_m": 23608.225,
        "provenance_class": "NNGLA_SIMULATION_AUTHORED_ALIGNMENT",
        "publication_status": "NOT_PUBLISHED",
        "qualification_status": "QUALIFIED_SIMULATION_AUTHORED",
        "region_code": "NGR-01",
        "road_candidate_id": "NG-RD-CAND-000064",
        "road_class_code": "LOCAL",
        "road_id": "NG-RD-000064",
        "road_name_id": "NG-NAM-ROA-000064",
        "runtime_effect_scope": "SHARED_REFERENCE",
        "runtime_mode": "production",
        "start_place_id": "NG-PLC-000022"
      },
      "type": "Feature"
    },
    {
      "geometry": {
        "coordinates": [
          [
            35.780712,
            1.058572
          ],
          [
            35.998474,
            1.054198
          ]
        ],
        "type": "LineString"
      },
      "properties": {
        "canonical_name": "Little Newstead Drive",
        "end_place_id": "NG-PLC-000077",
        "geometry_id": "",
        "geometry_id_state": "PENDING_GOVERNED_LIVE_RESERVATION",
        "geometry_reservation_key": "p006.7.11.12:road-alignment:NG-RD-000065",
        "geometry_role_code": "ROAD_ALIGNMENT",
        "length_m": 24214.832,
        "provenance_class": "NNGLA_SIMULATION_AUTHORED_ALIGNMENT",
        "publication_status": "NOT_PUBLISHED",
        "qualification_status": "QUALIFIED_SIMULATION_AUTHORED",
        "region_code": "NGR-01",
        "road_candidate_id": "NG-RD-CAND-000065",
        "road_class_code": "MUNICIPAL",
        "road_id": "NG-RD-000065",
        "road_name_id": "NG-NAM-ROA-000065",
        "runtime_effect_scope": "SHARED_REFERENCE",
        "runtime_mode": "production",
        "start_place_id": "NG-PLC-000004"
      },
      "type": "Feature"
    },
    {
      "geometry": {
        "coordinates": [
          [
            35.652321,
            1.342548
          ],
          [
            35.664816,
            1.122528
          ]
        ],
        "type": "LineString"
      },
      "properties": {
        "canonical_name": "Newstead Rise Way",
        "end_place_id": "NG-PLC-000046",
        "geometry_id": "",
        "geometry_id_state": "PENDING_GOVERNED_LIVE_RESERVATION",
        "geometry_reservation_key": "p006.7.11.12:road-alignment:NG-RD-000066",
        "geometry_role_code": "ROAD_ALIGNMENT",
        "length_m": 24504.543,
        "provenance_class": "NNGLA_SIMULATION_AUTHORED_ALIGNMENT",
        "publication_status": "NOT_PUBLISHED",
        "qualification_status": "QUALIFIED_SIMULATION_AUTHORED",
        "region_code": "NGR-01",
        "road_candidate_id": "NG-RD-CAND-000066",
        "road_class_code": "DISTRICT",
        "road_id": "NG-RD-000066",
        "road_name_id": "NG-NAM-ROA-000066",
        "runtime_effect_scope": "SHARED_REFERENCE",
        "runtime_mode": "production",
        "start_place_id": "NG-PLC-000076"
      },
      "type": "Feature"
    },
    {
      "geometry": {
        "coordinates": [
          [
            36.662684,
            1.200426
          ],
          [
            36.887025,
            1.21598
          ]
        ],
        "type": "LineString"
      },
      "properties": {
        "canonical_name": "Larkspur Hill Boulevard",
        "end_place_id": "NG-PLC-000029",
        "geometry_id": "",
        "geometry_id_state": "PENDING_GOVERNED_LIVE_RESERVATION",
        "geometry_reservation_key": "p006.7.11.12:road-alignment:NG-RD-000067",
        "geometry_role_code": "ROAD_ALIGNMENT",
        "length_m": 24999.967,
        "provenance_class": "NNGLA_SIMULATION_AUTHORED_ALIGNMENT",
        "publication_status": "NOT_PUBLISHED",
        "qualification_status": "QUALIFIED_SIMULATION_AUTHORED",
        "region_code": "NGR-01",
        "road_candidate_id": "NG-RD-CAND-000067",
        "road_class_code": "REGIONAL",
        "road_id": "NG-RD-000067",
        "road_name_id": "NG-NAM-ROA-000067",
        "runtime_effect_scope": "SHARED_REFERENCE",
        "runtime_mode": "production",
        "start_place_id": "NG-PLC-000002"
      },
      "type": "Feature"
    },
    {
      "geometry": {
        "coordinates": [
          [
            36.314711,
            1.033478
          ],
          [
            36.542436,
            0.968068
          ]
        ],
        "type": "LineString"
      },
      "properties": {
        "canonical_name": "Larkspur Springs Highway",
        "end_place_id": "NG-PLC-000013",
        "geometry_id": "",
        "geometry_id_state": "PENDING_GOVERNED_LIVE_RESERVATION",
        "geometry_reservation_key": "p006.7.11.12:road-alignment:NG-RD-000068",
        "geometry_role_code": "ROAD_ALIGNMENT",
        "length_m": 26342.046,
        "provenance_class": "NNGLA_SIMULATION_AUTHORED_ALIGNMENT",
        "publication_status": "NOT_PUBLISHED",
        "qualification_status": "QUALIFIED_SIMULATION_AUTHORED",
        "region_code": "NGR-01",
        "road_candidate_id": "NG-RD-CAND-000068",
        "road_class_code": "RURAL",
        "road_id": "NG-RD-000068",
        "road_name_id": "NG-NAM-ROA-000068",
        "runtime_effect_scope": "SHARED_REFERENCE",
        "runtime_mode": "production",
        "start_place_id": "NG-PLC-000017"
      },
      "type": "Feature"
    },
    {
      "geometry": {
        "coordinates": [
          [
            36.41796,
            0.675074
          ],
          [
            36.618052,
            0.81024
          ]
        ],
        "type": "LineString"
      },
      "properties": {
        "canonical_name": "West Eastbridge Junction",
        "end_place_id": "NG-PLC-000063",
        "geometry_id": "",
        "geometry_id_state": "PENDING_GOVERNED_LIVE_RESERVATION",
        "geometry_reservation_key": "p006.7.11.12:road-alignment:NG-RD-000069",
        "geometry_role_code": "ROAD_ALIGNMENT",
        "length_m": 26848.469,
        "provenance_class": "NNGLA_SIMULATION_AUTHORED_ALIGNMENT",
        "publication_status": "NOT_PUBLISHED",
        "qualification_status": "QUALIFIED_SIMULATION_AUTHORED",
        "region_code": "NGR-01",
        "road_candidate_id": "NG-RD-CAND-000069",
        "road_class_code": "ACCESS",
        "road_id": "NG-RD-000069",
        "road_name_id": "NG-NAM-ROA-000069",
        "runtime_effect_scope": "SHARED_REFERENCE",
        "runtime_mode": "production",
        "start_place_id": "NG-PLC-000015"
      },
      "type": "Feature"
    },
    {
      "geometry": {
        "coordinates": [
          [
            36.800238,
            0.437708
          ],
          [
            36.95501,
            0.628082
          ]
        ],
        "type": "LineString"
      },
      "properties": {
        "canonical_name": "Eastbridge Lane Crossing",
        "end_place_id": "NG-PLC-000044",
        "geometry_id": "",
        "geometry_id_state": "PENDING_GOVERNED_LIVE_RESERVATION",
        "geometry_reservation_key": "p006.7.11.12:road-alignment:NG-RD-000070",
        "geometry_role_code": "ROAD_ALIGNMENT",
        "length_m": 27281.241,
        "provenance_class": "NNGLA_SIMULATION_AUTHORED_ALIGNMENT",
        "publication_status": "NOT_PUBLISHED",
        "qualification_status": "QUALIFIED_SIMULATION_AUTHORED",
        "region_code": "NGR-01",
        "road_candidate_id": "NG-RD-CAND-000070",
        "road_class_code": "SERVICE",
        "road_id": "NG-RD-000070",
        "road_name_id": "NG-NAM-ROA-000070",
        "runtime_effect_scope": "SHARED_REFERENCE",
        "runtime_mode": "production",
        "start_place_id": "NG-PLC-000068"
      },
      "type": "Feature"
    },
    {
      "geometry": {
        "coordinates": [
          [
            36.777699,
            0.685462
          ],
          [
            36.800238,
            0.437708
          ]
        ],
        "type": "LineString"
      },
      "properties": {
        "canonical_name": "Hillmark Wood Road",
        "end_place_id": "NG-PLC-000068",
        "geometry_id": "",
        "geometry_id_state": "PENDING_GOVERNED_LIVE_RESERVATION",
        "geometry_reservation_key": "p006.7.11.12:road-alignment:NG-RD-000071",
        "geometry_role_code": "ROAD_ALIGNMENT",
        "length_m": 27662.78,
        "provenance_class": "NNGLA_SIMULATION_AUTHORED_ALIGNMENT",
        "publication_status": "NOT_PUBLISHED",
        "qualification_status": "QUALIFIED_SIMULATION_AUTHORED",
        "region_code": "NGR-01",
        "road_candidate_id": "NG-RD-CAND-000071",
        "road_class_code": "LOCAL",
        "road_id": "NG-RD-000071",
        "road_name_id": "NG-NAM-ROA-000071",
        "runtime_effect_scope": "SHARED_REFERENCE",
        "runtime_mode": "production",
        "start_place_id": "NG-PLC-000045"
      },
      "type": "Feature"
    },
    {
      "geometry": {
        "coordinates": [
          [
            36.542436,
            0.968068
          ],
          [
            36.662684,
            1.200426
          ]
        ],
        "type": "LineString"
      },
      "properties": {
        "canonical_name": "Hillmark Beck Street",
        "end_place_id": "NG-PLC-000002",
        "geometry_id": "",
        "geometry_id_state": "PENDING_GOVERNED_LIVE_RESERVATION",
        "geometry_reservation_key": "p006.7.11.12:road-alignment:NG-RD-000072",
        "geometry_role_code": "ROAD_ALIGNMENT",
        "length_m": 29090.772,
        "provenance_class": "NNGLA_SIMULATION_AUTHORED_ALIGNMENT",
        "publication_status": "NOT_PUBLISHED",
        "qualification_status": "QUALIFIED_SIMULATION_AUTHORED",
        "region_code": "NGR-01",
        "road_candidate_id": "NG-RD-CAND-000072",
        "road_class_code": "MUNICIPAL",
        "road_id": "NG-RD-000072",
        "road_name_id": "NG-NAM-ROA-000072",
        "runtime_effect_scope": "SHARED_REFERENCE",
        "runtime_mode": "production",
        "start_place_id": "NG-PLC-000013"
      },
      "type": "Feature"
    },
    {
      "geometry": {
        "coordinates": [
          [
            36.41796,
            0.675074
          ],
          [
            36.663723,
            0.787683
          ]
        ],
        "type": "LineString"
      },
      "properties": {
        "canonical_name": "South Greyhaven Avenue",
        "end_place_id": "NG-PLC-000032",
        "geometry_id": "",
        "geometry_id_state": "PENDING_GOVERNED_LIVE_RESERVATION",
        "geometry_reservation_key": "p006.7.11.12:road-alignment:NG-RD-000073",
        "geometry_role_code": "ROAD_ALIGNMENT",
        "length_m": 30057.735,
        "provenance_class": "NNGLA_SIMULATION_AUTHORED_ALIGNMENT",
        "publication_status": "NOT_PUBLISHED",
        "qualification_status": "QUALIFIED_SIMULATION_AUTHORED",
        "region_code": "NGR-01",
        "road_candidate_id": "NG-RD-CAND-000073",
        "road_class_code": "DISTRICT",
        "road_id": "NG-RD-000073",
        "road_name_id": "NG-NAM-ROA-000073",
        "runtime_effect_scope": "SHARED_REFERENCE",
        "runtime_mode": "production",
        "start_place_id": "NG-PLC-000015"
      },
      "type": "Feature"
    },
    {
      "geometry": {
        "coordinates": [
          [
            36.887025,
            1.21598
          ],
          [
            36.94013,
            0.937791
          ]
        ],
        "type": "LineString"
      },
      "properties": {
        "canonical_name": "Greyhaven Court Lane",
        "end_place_id": "NG-PLC-000043",
        "geometry_id": "",
        "geometry_id_state": "PENDING_GOVERNED_LIVE_RESERVATION",
        "geometry_reservation_key": "p006.7.11.12:road-alignment:NG-RD-000074",
        "geometry_role_code": "ROAD_ALIGNMENT",
        "length_m": 31491.628,
        "provenance_class": "NNGLA_SIMULATION_AUTHORED_ALIGNMENT",
        "publication_status": "NOT_PUBLISHED",
        "qualification_status": "QUALIFIED_SIMULATION_AUTHORED",
        "region_code": "NGR-01",
        "road_candidate_id": "NG-RD-CAND-000074",
        "road_class_code": "REGIONAL",
        "road_id": "NG-RD-000074",
        "road_name_id": "NG-NAM-ROA-000074",
        "runtime_effect_scope": "SHARED_REFERENCE",
        "runtime_mode": "production",
        "start_place_id": "NG-PLC-000029"
      },
      "type": "Feature"
    },
    {
      "geometry": {
        "coordinates": [
          [
            35.998474,
            1.054198
          ],
          [
            36.013309,
            1.348499
          ]
        ],
        "type": "LineString"
      },
      "properties": {
        "canonical_name": "Willowgate Gate Drive",
        "end_place_id": "NG-PLC-000036",
        "geometry_id": "",
        "geometry_id_state": "PENDING_GOVERNED_LIVE_RESERVATION",
        "geometry_reservation_key": "p006.7.11.12:road-alignment:NG-RD-000075",
        "geometry_role_code": "ROAD_ALIGNMENT",
        "length_m": 32766.354,
        "provenance_class": "NNGLA_SIMULATION_AUTHORED_ALIGNMENT",
        "publication_status": "NOT_PUBLISHED",
        "qualification_status": "QUALIFIED_SIMULATION_AUTHORED",
        "region_code": "NGR-01",
        "road_candidate_id": "NG-RD-CAND-000075",
        "road_class_code": "RURAL",
        "road_id": "NG-RD-000075",
        "road_name_id": "NG-NAM-ROA-000075",
        "runtime_effect_scope": "SHARED_REFERENCE",
        "runtime_mode": "production",
        "start_place_id": "NG-PLC-000077"
      },
      "type": "Feature"
    },
    {
      "geometry": {
        "coordinates": [
          [
            35.781511,
            0.726372
          ],
          [
            36.023197,
            0.920005
          ]
        ],
        "type": "LineString"
      },
      "properties": {
        "canonical_name": "Willowgate Downs Way",
        "end_place_id": "NG-PLC-000039",
        "geometry_id": "",
        "geometry_id_state": "PENDING_GOVERNED_LIVE_RESERVATION",
        "geometry_reservation_key": "p006.7.11.12:road-alignment:NG-RD-000076",
        "geometry_role_code": "ROAD_ALIGNMENT",
        "length_m": 34433.465,
        "provenance_class": "NNGLA_SIMULATION_AUTHORED_ALIGNMENT",
        "publication_status": "NOT_PUBLISHED",
        "qualification_status": "QUALIFIED_SIMULATION_AUTHORED",
        "region_code": "NGR-01",
        "road_candidate_id": "NG-RD-CAND-000076",
        "road_class_code": "ACCESS",
        "road_id": "NG-RD-000076",
        "road_name_id": "NG-NAM-ROA-000076",
        "runtime_effect_scope": "SHARED_REFERENCE",
        "runtime_mode": "production",
        "start_place_id": "NG-PLC-000070"
      },
      "type": "Feature"
    },
    {
      "geometry": {
        "coordinates": [
          [
            35.722439,
            0.809775
          ],
          [
            36.023197,
            0.920005
          ]
        ],
        "type": "LineString"
      },
      "properties": {
        "canonical_name": "Stoneleigh Mill Boulevard",
        "end_place_id": "NG-PLC-000039",
        "geometry_id": "",
        "geometry_id_state": "PENDING_GOVERNED_LIVE_RESERVATION",
        "geometry_reservation_key": "p006.7.11.12:road-alignment:NG-RD-000077",
        "geometry_role_code": "ROAD_ALIGNMENT",
        "length_m": 35614.621,
        "provenance_class": "NNGLA_SIMULATION_AUTHORED_ALIGNMENT",
        "publication_status": "NOT_PUBLISHED",
        "qualification_status": "QUALIFIED_SIMULATION_AUTHORED",
        "region_code": "NGR-01",
        "road_candidate_id": "NG-RD-CAND-000077",
        "road_class_code": "SERVICE",
        "road_id": "NG-RD-000077",
        "road_name_id": "NG-NAM-ROA-000077",
        "runtime_effect_scope": "SHARED_REFERENCE",
        "runtime_mode": "production",
        "start_place_id": "NG-PLC-000035"
      },
      "type": "Feature"
    },
    {
      "geometry": {
        "coordinates": [
          [
            36.800238,
            0.437708
          ],
          [
            37.129325,
            0.526611
          ]
        ],
        "type": "LineString"
      },
      "properties": {
        "canonical_name": "Stoneleigh Park Highway",
        "end_place_id": "NG-PLC-000066",
        "geometry_id": "",
        "geometry_id_state": "PENDING_GOVERNED_LIVE_RESERVATION",
        "geometry_reservation_key": "p006.7.11.12:road-alignment:NG-RD-000078",
        "geometry_role_code": "ROAD_ALIGNMENT",
        "length_m": 37903.385,
        "provenance_class": "NNGLA_SIMULATION_AUTHORED_ALIGNMENT",
        "publication_status": "NOT_PUBLISHED",
        "qualification_status": "QUALIFIED_SIMULATION_AUTHORED",
        "region_code": "NGR-01",
        "road_candidate_id": "NG-RD-CAND-000078",
        "road_class_code": "LOCAL",
        "road_id": "NG-RD-000078",
        "road_name_id": "NG-NAM-ROA-000078",
        "runtime_effect_scope": "SHARED_REFERENCE",
        "runtime_mode": "production",
        "start_place_id": "NG-PLC-000068"
      },
      "type": "Feature"
    },
    {
      "geometry": {
        "coordinates": [
          [
            35.533871,
            1.075022
          ],
          [
            35.674961,
            1.411804
          ]
        ],
        "type": "LineString"
      },
      "properties": {
        "canonical_name": "Cedar Market Junction",
        "end_place_id": "NG-PLC-000075",
        "geometry_id": "",
        "geometry_id_state": "PENDING_GOVERNED_LIVE_RESERVATION",
        "geometry_reservation_key": "p006.7.11.12:road-alignment:NG-RD-000079",
        "geometry_role_code": "ROAD_ALIGNMENT",
        "length_m": 40600.531,
        "provenance_class": "NNGLA_SIMULATION_AUTHORED_ALIGNMENT",
        "publication_status": "NOT_PUBLISHED",
        "qualification_status": "QUALIFIED_SIMULATION_AUTHORED",
        "region_code": "NGR-01",
        "road_candidate_id": "NG-RD-CAND-000079",
        "road_class_code": "MUNICIPAL",
        "road_id": "NG-RD-000079",
        "road_name_id": "NG-NAM-ROA-000079",
        "runtime_effect_scope": "SHARED_REFERENCE",
        "runtime_mode": "production",
        "start_place_id": "NG-PLC-000047"
      },
      "type": "Feature"
    },
    {
      "geometry": {
        "coordinates": [
          [
            35.781511,
            0.726372
          ],
          [
            36.130217,
            0.874777
          ]
        ],
        "type": "LineString"
      },
      "properties": {
        "canonical_name": "Junction Five Crossing",
        "end_place_id": "NG-PLC-000078",
        "geometry_id": "",
        "geometry_id_state": "PENDING_GOVERNED_LIVE_RESERVATION",
        "geometry_reservation_key": "p006.7.11.12:road-alignment:NG-RD-000080",
        "geometry_role_code": "ROAD_ALIGNMENT",
        "length_m": 42136.35,
        "provenance_class": "NNGLA_SIMULATION_AUTHORED_ALIGNMENT",
        "publication_status": "NOT_PUBLISHED",
        "qualification_status": "QUALIFIED_SIMULATION_AUTHORED",
        "region_code": "NGR-01",
        "road_candidate_id": "NG-RD-CAND-000080",
        "road_class_code": "DISTRICT",
        "road_id": "NG-RD-000080",
        "road_name_id": "NG-NAM-ROA-000080",
        "runtime_effect_scope": "SHARED_REFERENCE",
        "runtime_mode": "production",
        "start_place_id": "NG-PLC-000070"
      },
      "type": "Feature"
    },
    {
      "geometry": {
        "coordinates": [
          [
            35.533871,
            1.075022
          ],
          [
            35.689888,
            0.710258
          ]
        ],
        "type": "LineString"
      },
      "properties": {
        "canonical_name": "Old Toll Road",
        "end_place_id": "NG-PLC-000069",
        "geometry_id": "",
        "geometry_id_state": "PENDING_GOVERNED_LIVE_RESERVATION",
        "geometry_reservation_key": "p006.7.11.12:road-alignment:NG-RD-000081",
        "geometry_role_code": "ROAD_ALIGNMENT",
        "length_m": 44113.499,
        "provenance_class": "NNGLA_SIMULATION_AUTHORED_ALIGNMENT",
        "publication_status": "NOT_PUBLISHED",
        "qualification_status": "QUALIFIED_SIMULATION_AUTHORED",
        "region_code": "NGR-01",
        "road_candidate_id": "NG-RD-CAND-000081",
        "road_class_code": "REGIONAL",
        "road_id": "NG-RD-000081",
        "road_name_id": "NG-NAM-ROA-000081",
        "runtime_effect_scope": "SHARED_REFERENCE",
        "runtime_mode": "production",
        "start_place_id": "NG-PLC-000047"
      },
      "type": "Feature"
    },
    {
      "geometry": {
        "coordinates": [
          [
            36.013309,
            1.348499
          ],
          [
            36.314711,
            1.033478
          ]
        ],
        "type": "LineString"
      },
      "properties": {
        "canonical_name": "Farmers' Gate Street",
        "end_place_id": "NG-PLC-000017",
        "geometry_id": "",
        "geometry_id_state": "PENDING_GOVERNED_LIVE_RESERVATION",
        "geometry_reservation_key": "p006.7.11.12:road-alignment:NG-RD-000082",
        "geometry_role_code": "ROAD_ALIGNMENT",
        "length_m": 48474.158,
        "provenance_class": "NNGLA_SIMULATION_AUTHORED_ALIGNMENT",
        "publication_status": "NOT_PUBLISHED",
        "qualification_status": "QUALIFIED_SIMULATION_AUTHORED",
        "region_code": "NGR-01",
        "road_candidate_id": "NG-RD-CAND-000082",
        "road_class_code": "RURAL",
        "road_id": "NG-RD-000082",
        "road_name_id": "NG-NAM-ROA-000082",
        "runtime_effect_scope": "SHARED_REFERENCE",
        "runtime_mode": "production",
        "start_place_id": "NG-PLC-000036"
      },
      "type": "Feature"
    },
    {
      "geometry": {
        "coordinates": [
          [
            36.41796,
            0.675074
          ],
          [
            36.737769,
            0.351149
          ]
        ],
        "type": "LineString"
      },
      "properties": {
        "canonical_name": "Lantern Cross Avenue",
        "end_place_id": "NG-PLC-000034",
        "geometry_id": "",
        "geometry_id_state": "PENDING_GOVERNED_LIVE_RESERVATION",
        "geometry_reservation_key": "p006.7.11.12:road-alignment:NG-RD-000083",
        "geometry_role_code": "ROAD_ALIGNMENT",
        "length_m": 50614.741,
        "provenance_class": "NNGLA_SIMULATION_AUTHORED_ALIGNMENT",
        "publication_status": "NOT_PUBLISHED",
        "qualification_status": "QUALIFIED_SIMULATION_AUTHORED",
        "region_code": "NGR-01",
        "road_candidate_id": "NG-RD-CAND-000083",
        "road_class_code": "ACCESS",
        "road_id": "NG-RD-000083",
        "road_name_id": "NG-NAM-ROA-000083",
        "runtime_effect_scope": "SHARED_REFERENCE",
        "runtime_mode": "production",
        "start_place_id": "NG-PLC-000015"
      },
      "type": "Feature"
    },
    {
      "geometry": {
        "coordinates": [
          [
            35.904113,
            1.384289
          ],
          [
            36.446055,
            1.481205
          ]
        ],
        "type": "LineString"
      },
      "properties": {
        "canonical_name": "Eastline Industrial Park Lane",
        "end_place_id": "NG-PLC-000053",
        "geometry_id": "",
        "geometry_id_state": "PENDING_GOVERNED_LIVE_RESERVATION",
        "geometry_reservation_key": "p006.7.11.12:road-alignment:NG-RD-000084",
        "geometry_role_code": "ROAD_ALIGNMENT",
        "length_m": 61198.741,
        "provenance_class": "NNGLA_SIMULATION_AUTHORED_ALIGNMENT",
        "publication_status": "NOT_PUBLISHED",
        "qualification_status": "QUALIFIED_SIMULATION_AUTHORED",
        "region_code": "NGR-01",
        "road_candidate_id": "NG-RD-CAND-000084",
        "road_class_code": "SERVICE",
        "road_id": "NG-RD-000084",
        "road_name_id": "NG-NAM-ROA-000084",
        "runtime_effect_scope": "SHARED_REFERENCE",
        "runtime_mode": "production",
        "start_place_id": "NG-PLC-000071"
      },
      "type": "Feature"
    },
    {
      "geometry": {
        "coordinates": [
          [
            35.674961,
            1.411804
          ],
          [
            36.446055,
            1.481205
          ]
        ],
        "type": "LineString"
      },
      "properties": {
        "canonical_name": "Capital Logistics Zone Drive",
        "end_place_id": "NG-PLC-000053",
        "geometry_id": "",
        "geometry_id_state": "PENDING_GOVERNED_LIVE_RESERVATION",
        "geometry_reservation_key": "p006.7.11.12:road-alignment:NG-RD-000085",
        "geometry_role_code": "ROAD_ALIGNMENT",
        "length_m": 86061.22,
        "provenance_class": "NNGLA_SIMULATION_AUTHORED_ALIGNMENT",
        "publication_status": "NOT_PUBLISHED",
        "qualification_status": "QUALIFIED_SIMULATION_AUTHORED",
        "region_code": "NGR-01",
        "road_candidate_id": "NG-RD-CAND-000085",
        "road_class_code": "LOCAL",
        "road_id": "NG-RD-000085",
        "road_name_id": "NG-NAM-ROA-000085",
        "runtime_effect_scope": "SHARED_REFERENCE",
        "runtime_mode": "production",
        "start_place_id": "NG-PLC-000075"
      },
      "type": "Feature"
    },
    {
      "geometry": {
        "coordinates": [
          [
            34.984247,
            3.252922
          ],
          [
            35.004483,
            3.247523
          ]
        ],
        "type": "LineString"
      },
      "properties": {
        "canonical_name": "Northgate Way",
        "end_place_id": "NG-PLC-000164",
        "geometry_id": "",
        "geometry_id_state": "PENDING_GOVERNED_LIVE_RESERVATION",
        "geometry_reservation_key": "p006.7.11.12:road-alignment:NG-RD-000086",
        "geometry_role_code": "ROAD_ALIGNMENT",
        "length_m": 2325.356,
        "provenance_class": "NNGLA_SIMULATION_AUTHORED_ALIGNMENT",
        "publication_status": "NOT_PUBLISHED",
        "qualification_status": "QUALIFIED_SIMULATION_AUTHORED",
        "region_code": "NGR-02",
        "road_candidate_id": "NG-RD-CAND-000086",
        "road_class_code": "MUNICIPAL",
        "road_id": "NG-RD-000086",
        "road_name_id": "NG-NAM-ROA-000086",
        "runtime_effect_scope": "SHARED_REFERENCE",
        "runtime_mode": "production",
        "start_place_id": "NG-PLC-000110"
      },
      "type": "Feature"
    },
    {
      "geometry": {
        "coordinates": [
          [
            34.210035,
            3.407767
          ],
          [
            34.214282,
            3.384856
          ]
        ],
        "type": "LineString"
      },
      "properties": {
        "canonical_name": "Caelith Boulevard",
        "end_place_id": "NG-PLC-000098",
        "geometry_id": "",
        "geometry_id_state": "PENDING_GOVERNED_LIVE_RESERVATION",
        "geometry_reservation_key": "p006.7.11.12:road-alignment:NG-RD-000087",
        "geometry_role_code": "ROAD_ALIGNMENT",
        "length_m": 2590.84,
        "provenance_class": "NNGLA_SIMULATION_AUTHORED_ALIGNMENT",
        "publication_status": "NOT_PUBLISHED",
        "qualification_status": "QUALIFIED_SIMULATION_AUTHORED",
        "region_code": "NGR-02",
        "road_candidate_id": "NG-RD-CAND-000087",
        "road_class_code": "DISTRICT",
        "road_id": "NG-RD-000087",
        "road_name_id": "NG-NAM-ROA-000087",
        "runtime_effect_scope": "SHARED_REFERENCE",
        "runtime_mode": "production",
        "start_place_id": "NG-PLC-000108"
      },
      "type": "Feature"
    },
    {
      "geometry": {
        "coordinates": [
          [
            34.354524,
            3.420893
          ],
          [
            34.371543,
            3.40128
          ]
        ],
        "type": "LineString"
      },
      "properties": {
        "canonical_name": "Skeldrun Highway",
        "end_place_id": "NG-PLC-000097",
        "geometry_id": "",
        "geometry_id_state": "PENDING_GOVERNED_LIVE_RESERVATION",
        "geometry_reservation_key": "p006.7.11.12:road-alignment:NG-RD-000088",
        "geometry_role_code": "ROAD_ALIGNMENT",
        "length_m": 2885.273,
        "provenance_class": "NNGLA_SIMULATION_AUTHORED_ALIGNMENT",
        "publication_status": "NOT_PUBLISHED",
        "qualification_status": "QUALIFIED_SIMULATION_AUTHORED",
        "region_code": "NGR-02",
        "road_candidate_id": "NG-RD-CAND-000088",
        "road_class_code": "REGIONAL",
        "road_id": "NG-RD-000088",
        "road_name_id": "NG-NAM-ROA-000088",
        "runtime_effect_scope": "SHARED_REFERENCE",
        "runtime_mode": "production",
        "start_place_id": "NG-PLC-000096"
      },
      "type": "Feature"
    },
    {
      "geometry": {
        "coordinates": [
          [
            34.286688,
            3.436013
          ],
          [
            34.314784,
            3.435119
          ]
        ],
        "type": "LineString"
      },
      "properties": {
        "canonical_name": "Pinebarrow Junction",
        "end_place_id": "NG-PLC-000095",
        "geometry_id": "",
        "geometry_id_state": "PENDING_GOVERNED_LIVE_RESERVATION",
        "geometry_reservation_key": "p006.7.11.12:road-alignment:NG-RD-000089",
        "geometry_role_code": "ROAD_ALIGNMENT",
        "length_m": 3120.106,
        "provenance_class": "NNGLA_SIMULATION_AUTHORED_ALIGNMENT",
        "publication_status": "NOT_PUBLISHED",
        "qualification_status": "QUALIFIED_SIMULATION_AUTHORED",
        "region_code": "NGR-02",
        "road_candidate_id": "NG-RD-CAND-000089",
        "road_class_code": "RURAL",
        "road_id": "NG-RD-000089",
        "road_name_id": "NG-NAM-ROA-000089",
        "runtime_effect_scope": "SHARED_REFERENCE",
        "runtime_mode": "production",
        "start_place_id": "NG-PLC-000093"
      },
      "type": "Feature"
    },
    {
      "geometry": {
        "coordinates": [
          [
            34.162466,
            2.758503
          ],
          [
            34.185587,
            2.775632
          ]
        ],
        "type": "LineString"
      },
      "properties": {
        "canonical_name": "Crown Steps Crossing",
        "end_place_id": "NG-PLC-000150",
        "geometry_id": "",
        "geometry_id_state": "PENDING_GOVERNED_LIVE_RESERVATION",
        "geometry_reservation_key": "p006.7.11.12:road-alignment:NG-RD-000090",
        "geometry_role_code": "ROAD_ALIGNMENT",
        "length_m": 3197.197,
        "provenance_class": "NNGLA_SIMULATION_AUTHORED_ALIGNMENT",
        "publication_status": "NOT_PUBLISHED",
        "qualification_status": "QUALIFIED_SIMULATION_AUTHORED",
        "region_code": "NGR-02",
        "road_candidate_id": "NG-RD-CAND-000090",
        "road_class_code": "ACCESS",
        "road_id": "NG-RD-000090",
        "road_name_id": "NG-NAM-ROA-000090",
        "runtime_effect_scope": "SHARED_REFERENCE",
        "runtime_mode": "production",
        "start_place_id": "NG-PLC-000151"
      },
      "type": "Feature"
    },
    {
      "geometry": {
        "coordinates": [
          [
            33.85681,
            3.60432
          ],
          [
            33.862705,
            3.568286
          ]
        ],
        "type": "LineString"
      },
      "properties": {
        "canonical_name": "Highgate Core Road",
        "end_place_id": "NG-PLC-000122",
        "geometry_id": "",
        "geometry_id_state": "PENDING_GOVERNED_LIVE_RESERVATION",
        "geometry_reservation_key": "p006.7.11.12:road-alignment:NG-RD-000091",
        "geometry_role_code": "ROAD_ALIGNMENT",
        "length_m": 4059.86,
        "provenance_class": "NNGLA_SIMULATION_AUTHORED_ALIGNMENT",
        "publication_status": "NOT_PUBLISHED",
        "qualification_status": "QUALIFIED_SIMULATION_AUTHORED",
        "region_code": "NGR-02",
        "road_candidate_id": "NG-RD-CAND-000091",
        "road_class_code": "SERVICE",
        "road_id": "NG-RD-000091",
        "road_name_id": "NG-NAM-ROA-000091",
        "runtime_effect_scope": "SHARED_REFERENCE",
        "runtime_mode": "production",
        "start_place_id": "NG-PLC-000168"
      },
      "type": "Feature"
    },
    {
      "geometry": {
        "coordinates": [
          [
            33.85681,
            3.60432
          ],
          [
            33.889722,
            3.622718
          ]
        ],
        "type": "LineString"
      },
      "properties": {
        "canonical_name": "Observatory Ward Street",
        "end_place_id": "NG-PLC-000158",
        "geometry_id": "",
        "geometry_id_state": "PENDING_GOVERNED_LIVE_RESERVATION",
        "geometry_reservation_key": "p006.7.11.12:road-alignment:NG-RD-000092",
        "geometry_role_code": "ROAD_ALIGNMENT",
        "length_m": 4186.289,
        "provenance_class": "NNGLA_SIMULATION_AUTHORED_ALIGNMENT",
        "publication_status": "NOT_PUBLISHED",
        "qualification_status": "QUALIFIED_SIMULATION_AUTHORED",
        "region_code": "NGR-02",
        "road_candidate_id": "NG-RD-CAND-000092",
        "road_class_code": "LOCAL",
        "road_id": "NG-RD-000092",
        "road_name_id": "NG-NAM-ROA-000092",
        "runtime_effect_scope": "SHARED_REFERENCE",
        "runtime_mode": "production",
        "start_place_id": "NG-PLC-000168"
      },
      "type": "Feature"
    },
    {
      "geometry": {
        "coordinates": [
          [
            34.110093,
            3.290592
          ],
          [
            34.14287,
            3.270439
          ]
        ],
        "type": "LineString"
      },
      "properties": {
        "canonical_name": "Foundry Terrace Avenue",
        "end_place_id": "NG-PLC-000103",
        "geometry_id": "",
        "geometry_id_state": "PENDING_GOVERNED_LIVE_RESERVATION",
        "geometry_reservation_key": "p006.7.11.12:road-alignment:NG-RD-000093",
        "geometry_role_code": "ROAD_ALIGNMENT",
        "length_m": 4273.36,
        "provenance_class": "NNGLA_SIMULATION_AUTHORED_ALIGNMENT",
        "publication_status": "NOT_PUBLISHED",
        "qualification_status": "QUALIFIED_SIMULATION_AUTHORED",
        "region_code": "NGR-02",
        "road_candidate_id": "NG-RD-CAND-000093",
        "road_class_code": "MUNICIPAL",
        "road_id": "NG-RD-000093",
        "road_name_id": "NG-NAM-ROA-000093",
        "runtime_effect_scope": "SHARED_REFERENCE",
        "runtime_mode": "production",
        "start_place_id": "NG-PLC-000163"
      },
      "type": "Feature"
    },
    {
      "geometry": {
        "coordinates": [
          [
            34.256815,
            3.511468
          ],
          [
            34.273224,
            3.472402
          ]
        ],
        "type": "LineString"
      },
      "properties": {
        "canonical_name": "Old Switchback Lane",
        "end_place_id": "NG-PLC-000091",
        "geometry_id": "",
        "geometry_id_state": "PENDING_GOVERNED_LIVE_RESERVATION",
        "geometry_reservation_key": "p006.7.11.12:road-alignment:NG-RD-000094",
        "geometry_role_code": "ROAD_ALIGNMENT",
        "length_m": 4710.275,
        "provenance_class": "NNGLA_SIMULATION_AUTHORED_ALIGNMENT",
        "publication_status": "NOT_PUBLISHED",
        "qualification_status": "QUALIFIED_SIMULATION_AUTHORED",
        "region_code": "NGR-02",
        "road_candidate_id": "NG-RD-CAND-000094",
        "road_class_code": "DISTRICT",
        "road_id": "NG-RD-000094",
        "road_name_id": "NG-NAM-ROA-000094",
        "runtime_effect_scope": "SHARED_REFERENCE",
        "runtime_mode": "production",
        "start_place_id": "NG-PLC-000169"
      },
      "type": "Feature"
    },
    {
      "geometry": {
        "coordinates": [
          [
            34.267299,
            3.328735
          ],
          [
            34.300048,
            3.29818
          ]
        ],
        "type": "LineString"
      },
      "properties": {
        "canonical_name": "Alpine Exchange Drive",
        "end_place_id": "NG-PLC-000100",
        "geometry_id": "",
        "geometry_id_state": "PENDING_GOVERNED_LIVE_RESERVATION",
        "geometry_reservation_key": "p006.7.11.12:road-alignment:NG-RD-000095",
        "geometry_role_code": "ROAD_ALIGNMENT",
        "length_m": 4975.93,
        "provenance_class": "NNGLA_SIMULATION_AUTHORED_ALIGNMENT",
        "publication_status": "NOT_PUBLISHED",
        "qualification_status": "QUALIFIED_SIMULATION_AUTHORED",
        "region_code": "NGR-02",
        "road_candidate_id": "NG-RD-CAND-000095",
        "road_class_code": "REGIONAL",
        "road_id": "NG-RD-000095",
        "road_name_id": "NG-NAM-ROA-000095",
        "runtime_effect_scope": "SHARED_REFERENCE",
        "runtime_mode": "production",
        "start_place_id": "NG-PLC-000102"
      },
      "type": "Feature"
    },
    {
      "geometry": {
        "coordinates": [
          [
            34.351924,
            2.68534
          ],
          [
            34.383258,
            2.653056
          ]
        ],
        "type": "LineString"
      },
      "properties": {
        "canonical_name": "Northgate University District Way",
        "end_place_id": "NG-PLC-000116",
        "geometry_id": "",
        "geometry_id_state": "PENDING_GOVERNED_LIVE_RESERVATION",
        "geometry_reservation_key": "p006.7.11.12:road-alignment:NG-RD-000096",
        "geometry_role_code": "ROAD_ALIGNMENT",
        "length_m": 5000.005,
        "provenance_class": "NNGLA_SIMULATION_AUTHORED_ALIGNMENT",
        "publication_status": "NOT_PUBLISHED",
        "qualification_status": "QUALIFIED_SIMULATION_AUTHORED",
        "region_code": "NGR-02",
        "road_candidate_id": "NG-RD-CAND-000096",
        "road_class_code": "RURAL",
        "road_id": "NG-RD-000096",
        "road_name_id": "NG-NAM-ROA-000096",
        "runtime_effect_scope": "SHARED_REFERENCE",
        "runtime_mode": "production",
        "start_place_id": "NG-PLC-000146"
      },
      "type": "Feature"
    },
    {
      "geometry": {
        "coordinates": [
          [
            34.383258,
            2.653056
          ],
          [
            34.413379,
            2.688981
          ]
        ],
        "type": "LineString"
      },
      "properties": {
        "canonical_name": "Cloudline Boulevard",
        "end_place_id": "NG-PLC-000166",
        "geometry_id": "",
        "geometry_id_state": "PENDING_GOVERNED_LIVE_RESERVATION",
        "geometry_reservation_key": "p006.7.11.12:road-alignment:NG-RD-000097",
        "geometry_role_code": "ROAD_ALIGNMENT",
        "length_m": 5210.661,
        "provenance_class": "NNGLA_SIMULATION_AUTHORED_ALIGNMENT",
        "publication_status": "NOT_PUBLISHED",
        "qualification_status": "QUALIFIED_SIMULATION_AUTHORED",
        "region_code": "NGR-02",
        "road_candidate_id": "NG-RD-CAND-000097",
        "road_class_code": "ACCESS",
        "road_id": "NG-RD-000097",
        "road_name_id": "NG-NAM-ROA-000097",
        "runtime_effect_scope": "SHARED_REFERENCE",
        "runtime_mode": "production",
        "start_place_id": "NG-PLC-000116"
      },
      "type": "Feature"
    },
    {
      "geometry": {
        "coordinates": [
          [
            34.020458,
            3.211475
          ],
          [
            34.061676,
            3.182506
          ]
        ],
        "type": "LineString"
      },
      "properties": {
        "canonical_name": "Pineglass Highway",
        "end_place_id": "NG-PLC-000119",
        "geometry_id": "",
        "geometry_id_state": "PENDING_GOVERNED_LIVE_RESERVATION",
        "geometry_reservation_key": "p006.7.11.12:road-alignment:NG-RD-000098",
        "geometry_role_code": "ROAD_ALIGNMENT",
        "length_m": 5596.154,
        "provenance_class": "NNGLA_SIMULATION_AUTHORED_ALIGNMENT",
        "publication_status": "NOT_PUBLISHED",
        "qualification_status": "QUALIFIED_SIMULATION_AUTHORED",
        "region_code": "NGR-02",
        "road_candidate_id": "NG-RD-CAND-000098",
        "road_class_code": "SERVICE",
        "road_id": "NG-RD-000098",
        "road_name_id": "NG-NAM-ROA-000098",
        "runtime_effect_scope": "SHARED_REFERENCE",
        "runtime_mode": "production",
        "start_place_id": "NG-PLC-000167"
      },
      "type": "Feature"
    },
    {
      "geometry": {
        "coordinates": [
          [
            34.05131,
            3.130189
          ],
          [
            34.061676,
            3.182506
          ]
        ],
        "type": "LineString"
      },
      "properties": {
        "canonical_name": "Heather Vale Junction",
        "end_place_id": "NG-PLC-000119",
        "geometry_id": "",
        "geometry_id_state": "PENDING_GOVERNED_LIVE_RESERVATION",
        "geometry_reservation_key": "p006.7.11.12:road-alignment:NG-RD-000099",
        "geometry_role_code": "ROAD_ALIGNMENT",
        "length_m": 5930.146,
        "provenance_class": "NNGLA_SIMULATION_AUTHORED_ALIGNMENT",
        "publication_status": "NOT_PUBLISHED",
        "qualification_status": "QUALIFIED_SIMULATION_AUTHORED",
        "region_code": "NGR-02",
        "road_candidate_id": "NG-RD-CAND-000099",
        "road_class_code": "LOCAL",
        "road_id": "NG-RD-000099",
        "road_name_id": "NG-NAM-ROA-000099",
        "runtime_effect_scope": "SHARED_REFERENCE",
        "runtime_mode": "production",
        "start_place_id": "NG-PLC-000148"
      },
      "type": "Feature"
    },
    {
      "geometry": {
        "coordinates": [
          [
            34.3,
            3.412533
          ],
          [
            34.354524,
            3.420893
          ]
        ],
        "type": "LineString"
      },
      "properties": {
        "canonical_name": "Slate Gardens Crossing",
        "end_place_id": "NG-PLC-000096",
        "geometry_id": "",
        "geometry_id_state": "PENDING_GOVERNED_LIVE_RESERVATION",
        "geometry_reservation_key": "p006.7.11.12:road-alignment:NG-RD-000100",
        "geometry_role_code": "ROAD_ALIGNMENT",
        "length_m": 6123.0,
        "provenance_class": "NNGLA_SIMULATION_AUTHORED_ALIGNMENT",
        "publication_status": "NOT_PUBLISHED",
        "qualification_status": "QUALIFIED_SIMULATION_AUTHORED",
        "region_code": "NGR-02",
        "road_candidate_id": "NG-RD-CAND-000100",
        "road_class_code": "MUNICIPAL",
        "road_id": "NG-RD-000100",
        "road_name_id": "NG-NAM-ROA-000100",
        "runtime_effect_scope": "SHARED_REFERENCE",
        "runtime_mode": "production",
        "start_place_id": "NG-PLC-000086"
      },
      "type": "Feature"
    },
    {
      "geometry": {
        "coordinates": [
          [
            34.371543,
            3.40128
          ],
          [
            34.37842,
            3.458093
          ]
        ],
        "type": "LineString"
      },
      "properties": {
        "canonical_name": "Frostmere Road",
        "end_place_id": "NG-PLC-000092",
        "geometry_id": "",
        "geometry_id_state": "PENDING_GOVERNED_LIVE_RESERVATION",
        "geometry_reservation_key": "p006.7.11.12:road-alignment:NG-RD-000101",
        "geometry_role_code": "ROAD_ALIGNMENT",
        "length_m": 6363.275,
        "provenance_class": "NNGLA_SIMULATION_AUTHORED_ALIGNMENT",
        "publication_status": "NOT_PUBLISHED",
        "qualification_status": "QUALIFIED_SIMULATION_AUTHORED",
        "region_code": "NGR-02",
        "road_candidate_id": "NG-RD-CAND-000101",
        "road_class_code": "DISTRICT",
        "road_id": "NG-RD-000101",
        "road_name_id": "NG-NAM-ROA-000101",
        "runtime_effect_scope": "SHARED_REFERENCE",
        "runtime_mode": "production",
        "start_place_id": "NG-PLC-000097"
      },
      "type": "Feature"
    },
    {
      "geometry": {
        "coordinates": [
          [
            34.371543,
            3.40128
          ],
          [
            34.402857,
            3.351954
          ]
        ],
        "type": "LineString"
      },
      "properties": {
        "canonical_name": "New Albion Street",
        "end_place_id": "NG-PLC-000104",
        "geometry_id": "",
        "geometry_id_state": "PENDING_GOVERNED_LIVE_RESERVATION",
        "geometry_reservation_key": "p006.7.11.12:road-alignment:NG-RD-000102",
        "geometry_role_code": "ROAD_ALIGNMENT",
        "length_m": 6493.468,
        "provenance_class": "NNGLA_SIMULATION_AUTHORED_ALIGNMENT",
        "publication_status": "NOT_PUBLISHED",
        "qualification_status": "QUALIFIED_SIMULATION_AUTHORED",
        "region_code": "NGR-02",
        "road_candidate_id": "NG-RD-CAND-000102",
        "road_class_code": "REGIONAL",
        "road_id": "NG-RD-000102",
        "road_name_id": "NG-NAM-ROA-000102",
        "runtime_effect_scope": "SHARED_REFERENCE",
        "runtime_mode": "production",
        "start_place_id": "NG-PLC-000097"
      },
      "type": "Feature"
    },
    {
      "geometry": {
        "coordinates": [
          [
            34.351924,
            2.68534
          ],
          [
            34.413379,
            2.688981
          ]
        ],
        "type": "LineString"
      },
      "properties": {
        "canonical_name": "Kaelor Heights Avenue",
        "end_place_id": "NG-PLC-000166",
        "geometry_id": "",
        "geometry_id_state": "PENDING_GOVERNED_LIVE_RESERVATION",
        "geometry_reservation_key": "p006.7.11.12:road-alignment:NG-RD-000103",
        "geometry_role_code": "ROAD_ALIGNMENT",
        "length_m": 6837.976,
        "provenance_class": "NNGLA_SIMULATION_AUTHORED_ALIGNMENT",
        "publication_status": "NOT_PUBLISHED",
        "qualification_status": "QUALIFIED_SIMULATION_AUTHORED",
        "region_code": "NGR-02",
        "road_candidate_id": "NG-RD-CAND-000103",
        "road_class_code": "RURAL",
        "road_id": "NG-RD-000103",
        "road_name_id": "NG-NAM-ROA-000103",
        "runtime_effect_scope": "SHARED_REFERENCE",
        "runtime_mode": "production",
        "start_place_id": "NG-PLC-000146"
      },
      "type": "Feature"
    },
    {
      "geometry": {
        "coordinates": [
          [
            34.257258,
            3.213315
          ],
          [
            34.312385,
            3.241401
          ]
        ],
        "type": "LineString"
      },
      "properties": {
        "canonical_name": "Bramble Court Lane",
        "end_place_id": "NG-PLC-000105",
        "geometry_id": "",
        "geometry_id_state": "PENDING_GOVERNED_LIVE_RESERVATION",
        "geometry_reservation_key": "p006.7.11.12:road-alignment:NG-RD-000104",
        "geometry_role_code": "ROAD_ALIGNMENT",
        "length_m": 6870.9,
        "provenance_class": "NNGLA_SIMULATION_AUTHORED_ALIGNMENT",
        "publication_status": "NOT_PUBLISHED",
        "qualification_status": "QUALIFIED_SIMULATION_AUTHORED",
        "region_code": "NGR-02",
        "road_candidate_id": "NG-RD-CAND-000104",
        "road_class_code": "ACCESS",
        "road_id": "NG-RD-000104",
        "road_name_id": "NG-NAM-ROA-000104",
        "runtime_effect_scope": "SHARED_REFERENCE",
        "runtime_mode": "production",
        "start_place_id": "NG-PLC-000109"
      },
      "type": "Feature"
    },
    {
      "geometry": {
        "coordinates": [
          [
            34.318281,
            3.370053
          ],
          [
            34.354524,
            3.420893
          ]
        ],
        "type": "LineString"
      },
      "properties": {
        "canonical_name": "St. Arden Drive",
        "end_place_id": "NG-PLC-000096",
        "geometry_id": "",
        "geometry_id_state": "PENDING_GOVERNED_LIVE_RESERVATION",
        "geometry_reservation_key": "p006.7.11.12:road-alignment:NG-RD-000105",
        "geometry_role_code": "ROAD_ALIGNMENT",
        "length_m": 6938.477,
        "provenance_class": "NNGLA_SIMULATION_AUTHORED_ALIGNMENT",
        "publication_status": "NOT_PUBLISHED",
        "qualification_status": "QUALIFIED_SIMULATION_AUTHORED",
        "region_code": "NGR-02",
        "road_candidate_id": "NG-RD-CAND-000105",
        "road_class_code": "SERVICE",
        "road_id": "NG-RD-000105",
        "road_name_id": "NG-NAM-ROA-000105",
        "runtime_effect_scope": "SHARED_REFERENCE",
        "runtime_mode": "production",
        "start_place_id": "NG-PLC-000094"
      },
      "type": "Feature"
    },
    {
      "geometry": {
        "coordinates": [
          [
            34.123373,
            3.333559
          ],
          [
            34.14287,
            3.270439
          ]
        ],
        "type": "LineString"
      },
      "properties": {
        "canonical_name": "Maple Rise Way",
        "end_place_id": "NG-PLC-000103",
        "geometry_id": "",
        "geometry_id_state": "PENDING_GOVERNED_LIVE_RESERVATION",
        "geometry_reservation_key": "p006.7.11.12:road-alignment:NG-RD-000106",
        "geometry_role_code": "ROAD_ALIGNMENT",
        "length_m": 7344.775,
        "provenance_class": "NNGLA_SIMULATION_AUTHORED_ALIGNMENT",
        "publication_status": "NOT_PUBLISHED",
        "qualification_status": "QUALIFIED_SIMULATION_AUTHORED",
        "region_code": "NGR-02",
        "road_candidate_id": "NG-RD-CAND-000106",
        "road_class_code": "LOCAL",
        "road_id": "NG-RD-000106",
        "road_name_id": "NG-NAM-ROA-000106",
        "runtime_effect_scope": "SHARED_REFERENCE",
        "runtime_mode": "production",
        "start_place_id": "NG-PLC-000124"
      },
      "type": "Feature"
    },
    {
      "geometry": {
        "coordinates": [
          [
            34.256815,
            3.511468
          ],
          [
            34.304061,
            3.558219
          ]
        ],
        "type": "LineString"
      },
      "properties": {
        "canonical_name": "Aelwood Boulevard",
        "end_place_id": "NG-PLC-000101",
        "geometry_id": "",
        "geometry_id_state": "PENDING_GOVERNED_LIVE_RESERVATION",
        "geometry_reservation_key": "p006.7.11.12:road-alignment:NG-RD-000107",
        "geometry_role_code": "ROAD_ALIGNMENT",
        "length_m": 7383.684,
        "provenance_class": "NNGLA_SIMULATION_AUTHORED_ALIGNMENT",
        "publication_status": "NOT_PUBLISHED",
        "qualification_status": "QUALIFIED_SIMULATION_AUTHORED",
        "region_code": "NGR-02",
        "road_candidate_id": "NG-RD-CAND-000107",
        "road_class_code": "MUNICIPAL",
        "road_id": "NG-RD-000107",
        "road_name_id": "NG-NAM-ROA-000107",
        "runtime_effect_scope": "SHARED_REFERENCE",
        "runtime_mode": "production",
        "start_place_id": "NG-PLC-000169"
      },
      "type": "Feature"
    },
    {
      "geometry": {
        "coordinates": [
          [
            33.738002,
            3.420825
          ],
          [
            33.741309,
            3.489626
          ]
        ],
        "type": "LineString"
      },
      "properties": {
        "canonical_name": "Ridgewater Highway",
        "end_place_id": "NG-PLC-000159",
        "geometry_id": "",
        "geometry_id_state": "PENDING_GOVERNED_LIVE_RESERVATION",
        "geometry_reservation_key": "p006.7.11.12:road-alignment:NG-RD-000108",
        "geometry_role_code": "ROAD_ALIGNMENT",
        "length_m": 7659.133,
        "provenance_class": "NNGLA_SIMULATION_AUTHORED_ALIGNMENT",
        "publication_status": "NOT_PUBLISHED",
        "qualification_status": "QUALIFIED_SIMULATION_AUTHORED",
        "region_code": "NGR-02",
        "road_candidate_id": "NG-RD-CAND-000108",
        "road_class_code": "DISTRICT",
        "road_id": "NG-RD-000108",
        "road_name_id": "NG-NAM-ROA-000108",
        "runtime_effect_scope": "SHARED_REFERENCE",
        "runtime_mode": "production",
        "start_place_id": "NG-PLC-000157"
      },
      "type": "Feature"
    },
    {
      "geometry": {
        "coordinates": [
          [
            34.822603,
            3.457854
          ],
          [
            34.857105,
            3.521022
          ]
        ],
        "type": "LineString"
      },
      "properties": {
        "canonical_name": "Windward Heath Junction",
        "end_place_id": "NG-PLC-000114",
        "geometry_id": "",
        "geometry_id_state": "PENDING_GOVERNED_LIVE_RESERVATION",
        "geometry_reservation_key": "p006.7.11.12:road-alignment:NG-RD-000109",
        "geometry_role_code": "ROAD_ALIGNMENT",
        "length_m": 8000.001,
        "provenance_class": "NNGLA_SIMULATION_AUTHORED_ALIGNMENT",
        "publication_status": "NOT_PUBLISHED",
        "qualification_status": "QUALIFIED_SIMULATION_AUTHORED",
        "region_code": "NGR-02",
        "road_candidate_id": "NG-RD-CAND-000109",
        "road_class_code": "REGIONAL",
        "road_id": "NG-RD-000109",
        "road_name_id": "NG-NAM-ROA-000109",
        "runtime_effect_scope": "SHARED_REFERENCE",
        "runtime_mode": "production",
        "start_place_id": "NG-PLC-000172"
      },
      "type": "Feature"
    },
    {
      "geometry": {
        "coordinates": [
          [
            34.300048,
            3.29818
          ],
          [
            34.318281,
            3.370053
          ]
        ],
        "type": "LineString"
      },
      "properties": {
        "canonical_name": "Aelgrove Crossing",
        "end_place_id": "NG-PLC-000094",
        "geometry_id": "",
        "geometry_id_state": "PENDING_GOVERNED_LIVE_RESERVATION",
        "geometry_reservation_key": "p006.7.11.12:road-alignment:NG-RD-000110",
        "geometry_role_code": "ROAD_ALIGNMENT",
        "length_m": 8244.233,
        "provenance_class": "NNGLA_SIMULATION_AUTHORED_ALIGNMENT",
        "publication_status": "NOT_PUBLISHED",
        "qualification_status": "QUALIFIED_SIMULATION_AUTHORED",
        "region_code": "NGR-02",
        "road_candidate_id": "NG-RD-CAND-000110",
        "road_class_code": "RURAL",
        "road_id": "NG-RD-000110",
        "road_name_id": "NG-NAM-ROA-000110",
        "runtime_effect_scope": "SHARED_REFERENCE",
        "runtime_mode": "production",
        "start_place_id": "NG-PLC-000100"
      },
      "type": "Feature"
    },
    {
      "geometry": {
        "coordinates": [
          [
            33.984194,
            3.186966
          ],
          [
            34.061676,
            3.182506
          ]
        ],
        "type": "LineString"
      },
      "properties": {
        "canonical_name": "Kaedur Road",
        "end_place_id": "NG-PLC-000119",
        "geometry_id": "",
        "geometry_id_state": "PENDING_GOVERNED_LIVE_RESERVATION",
        "geometry_reservation_key": "p006.7.11.12:road-alignment:NG-RD-000111",
        "geometry_role_code": "ROAD_ALIGNMENT",
        "length_m": 8616.595,
        "provenance_class": "NNGLA_SIMULATION_AUTHORED_ALIGNMENT",
        "publication_status": "NOT_PUBLISHED",
        "qualification_status": "QUALIFIED_SIMULATION_AUTHORED",
        "region_code": "NGR-02",
        "road_candidate_id": "NG-RD-CAND-000111",
        "road_class_code": "ACCESS",
        "road_id": "NG-RD-000111",
        "road_name_id": "NG-NAM-ROA-000111",
        "runtime_effect_scope": "SHARED_REFERENCE",
        "runtime_mode": "production",
        "start_place_id": "NG-PLC-000153"
      },
      "type": "Feature"
    },
    {
      "geometry": {
        "coordinates": [
          [
            34.184177,
            3.33081
          ],
          [
            34.267299,
            3.328735
          ]
        ],
        "type": "LineString"
      },
      "properties": {
        "canonical_name": "\u00d8stmark Street",
        "end_place_id": "NG-PLC-000102",
        "geometry_id": "",
        "geometry_id_state": "PENDING_GOVERNED_LIVE_RESERVATION",
        "geometry_reservation_key": "p006.7.11.12:road-alignment:NG-RD-000112",
        "geometry_role_code": "ROAD_ALIGNMENT",
        "length_m": 9230.038,
        "provenance_class": "NNGLA_SIMULATION_AUTHORED_ALIGNMENT",
        "publication_status": "NOT_PUBLISHED",
        "qualification_status": "QUALIFIED_SIMULATION_AUTHORED",
        "region_code": "NGR-02",
        "road_candidate_id": "NG-RD-CAND-000112",
        "road_class_code": "SERVICE",
        "road_id": "NG-RD-000112",
        "road_name_id": "NG-NAM-ROA-000112",
        "runtime_effect_scope": "SHARED_REFERENCE",
        "runtime_mode": "production",
        "start_place_id": "NG-PLC-000162"
      },
      "type": "Feature"
    },
    {
      "geometry": {
        "coordinates": [
          [
            34.911015,
            3.342683
          ],
          [
            34.922924,
            3.42715
          ]
        ],
        "type": "LineString"
      },
      "properties": {
        "canonical_name": "Valekirk Avenue",
        "end_place_id": "NG-PLC-000138",
        "geometry_id": "",
        "geometry_id_state": "PENDING_GOVERNED_LIVE_RESERVATION",
        "geometry_reservation_key": "p006.7.11.12:road-alignment:NG-RD-000113",
        "geometry_role_code": "ROAD_ALIGNMENT",
        "length_m": 9484.884,
        "provenance_class": "NNGLA_SIMULATION_AUTHORED_ALIGNMENT",
        "publication_status": "NOT_PUBLISHED",
        "qualification_status": "QUALIFIED_SIMULATION_AUTHORED",
        "region_code": "NGR-02",
        "road_candidate_id": "NG-RD-CAND-000113",
        "road_class_code": "LOCAL",
        "road_id": "NG-RD-000113",
        "road_name_id": "NG-NAM-ROA-000113",
        "runtime_effect_scope": "SHARED_REFERENCE",
        "runtime_mode": "production",
        "start_place_id": "NG-PLC-000112"
      },
      "type": "Feature"
    },
    {
      "geometry": {
        "coordinates": [
          [
            33.90279,
            2.964776
          ],
          [
            33.985864,
            2.988536
          ]
        ],
        "type": "LineString"
      },
      "properties": {
        "canonical_name": "Snowmere Lane",
        "end_place_id": "NG-PLC-000115",
        "geometry_id": "",
        "geometry_id_state": "PENDING_GOVERNED_LIVE_RESERVATION",
        "geometry_reservation_key": "p006.7.11.12:road-alignment:NG-RD-000114",
        "geometry_role_code": "ROAD_ALIGNMENT",
        "length_m": 9595.831,
        "provenance_class": "NNGLA_SIMULATION_AUTHORED_ALIGNMENT",
        "publication_status": "NOT_PUBLISHED",
        "qualification_status": "QUALIFIED_SIMULATION_AUTHORED",
        "region_code": "NGR-02",
        "road_candidate_id": "NG-RD-CAND-000114",
        "road_class_code": "MUNICIPAL",
        "road_id": "NG-RD-000114",
        "road_name_id": "NG-NAM-ROA-000114",
        "runtime_effect_scope": "SHARED_REFERENCE",
        "runtime_mode": "production",
        "start_place_id": "NG-PLC-000120"
      },
      "type": "Feature"
    },
    {
      "geometry": {
        "coordinates": [
          [
            34.079411,
            3.409132
          ],
          [
            34.123373,
            3.333559
          ]
        ],
        "type": "LineString"
      },
      "properties": {
        "canonical_name": "Frostholm Drive",
        "end_place_id": "NG-PLC-000124",
        "geometry_id": "",
        "geometry_id_state": "PENDING_GOVERNED_LIVE_RESERVATION",
        "geometry_reservation_key": "p006.7.11.12:road-alignment:NG-RD-000115",
        "geometry_role_code": "ROAD_ALIGNMENT",
        "length_m": 9717.491,
        "provenance_class": "NNGLA_SIMULATION_AUTHORED_ALIGNMENT",
        "publication_status": "NOT_PUBLISHED",
        "qualification_status": "QUALIFIED_SIMULATION_AUTHORED",
        "region_code": "NGR-02",
        "road_candidate_id": "NG-RD-CAND-000115",
        "road_class_code": "DISTRICT",
        "road_id": "NG-RD-000115",
        "road_name_id": "NG-NAM-ROA-000115",
        "runtime_effect_scope": "SHARED_REFERENCE",
        "runtime_mode": "production",
        "start_place_id": "NG-PLC-000099"
      },
      "type": "Feature"
    },
    {
      "geometry": {
        "coordinates": [
          [
            34.516279,
            3.136699
          ],
          [
            34.528161,
            3.049038
          ]
        ],
        "type": "LineString"
      },
      "properties": {
        "canonical_name": "Trossfell Way",
        "end_place_id": "NG-PLC-000140",
        "geometry_id": "",
        "geometry_id_state": "PENDING_GOVERNED_LIVE_RESERVATION",
        "geometry_reservation_key": "p006.7.11.12:road-alignment:NG-RD-000116",
        "geometry_role_code": "ROAD_ALIGNMENT",
        "length_m": 9836.348,
        "provenance_class": "NNGLA_SIMULATION_AUTHORED_ALIGNMENT",
        "publication_status": "NOT_PUBLISHED",
        "qualification_status": "QUALIFIED_SIMULATION_AUTHORED",
        "region_code": "NGR-02",
        "road_candidate_id": "NG-RD-CAND-000116",
        "road_class_code": "REGIONAL",
        "road_id": "NG-RD-000116",
        "road_name_id": "NG-NAM-ROA-000116",
        "runtime_effect_scope": "SHARED_REFERENCE",
        "runtime_mode": "production",
        "start_place_id": "NG-PLC-000113"
      },
      "type": "Feature"
    },
    {
      "geometry": {
        "coordinates": [
          [
            34.690297,
            3.823863
          ],
          [
            34.741098,
            3.749528
          ]
        ],
        "type": "LineString"
      },
      "properties": {
        "canonical_name": "Birchpass Boulevard",
        "end_place_id": "NG-PLC-000111",
        "geometry_id": "",
        "geometry_id_state": "PENDING_GOVERNED_LIVE_RESERVATION",
        "geometry_reservation_key": "p006.7.11.12:road-alignment:NG-RD-000117",
        "geometry_role_code": "ROAD_ALIGNMENT",
        "length_m": 10004.578,
        "provenance_class": "NNGLA_SIMULATION_AUTHORED_ALIGNMENT",
        "publication_status": "NOT_PUBLISHED",
        "qualification_status": "QUALIFIED_SIMULATION_AUTHORED",
        "region_code": "NGR-02",
        "road_candidate_id": "NG-RD-CAND-000117",
        "road_class_code": "RURAL",
        "road_id": "NG-RD-000117",
        "road_name_id": "NG-NAM-ROA-000117",
        "runtime_effect_scope": "SHARED_REFERENCE",
        "runtime_mode": "production",
        "start_place_id": "NG-PLC-000137"
      },
      "type": "Feature"
    },
    {
      "geometry": {
        "coordinates": [
          [
            34.273224,
            3.472402
          ],
          [
            34.304061,
            3.558219
          ]
        ],
        "type": "LineString"
      },
      "properties": {
        "canonical_name": "Ravencrag Highway",
        "end_place_id": "NG-PLC-000101",
        "geometry_id": "",
        "geometry_id_state": "PENDING_GOVERNED_LIVE_RESERVATION",
        "geometry_reservation_key": "p006.7.11.12:road-alignment:NG-RD-000118",
        "geometry_role_code": "ROAD_ALIGNMENT",
        "length_m": 10137.615,
        "provenance_class": "NNGLA_SIMULATION_AUTHORED_ALIGNMENT",
        "publication_status": "NOT_PUBLISHED",
        "qualification_status": "QUALIFIED_SIMULATION_AUTHORED",
        "region_code": "NGR-02",
        "road_candidate_id": "NG-RD-CAND-000118",
        "road_class_code": "ACCESS",
        "road_id": "NG-RD-000118",
        "road_name_id": "NG-NAM-ROA-000118",
        "runtime_effect_scope": "SHARED_REFERENCE",
        "runtime_mode": "production",
        "start_place_id": "NG-PLC-000091"
      },
      "type": "Feature"
    },
    {
      "geometry": {
        "coordinates": [
          [
            34.909714,
            3.194822
          ],
          [
            34.984247,
            3.252922
          ]
        ],
        "type": "LineString"
      },
      "properties": {
        "canonical_name": "Highmere Junction",
        "end_place_id": "NG-PLC-000110",
        "geometry_id": "",
        "geometry_id_state": "PENDING_GOVERNED_LIVE_RESERVATION",
        "geometry_reservation_key": "p006.7.11.12:road-alignment:NG-RD-000119",
        "geometry_role_code": "ROAD_ALIGNMENT",
        "length_m": 10497.904,
        "provenance_class": "NNGLA_SIMULATION_AUTHORED_ALIGNMENT",
        "publication_status": "NOT_PUBLISHED",
        "qualification_status": "QUALIFIED_SIMULATION_AUTHORED",
        "region_code": "NGR-02",
        "road_candidate_id": "NG-RD-CAND-000119",
        "road_class_code": "SERVICE",
        "road_id": "NG-RD-000119",
        "road_name_id": "NG-NAM-ROA-000119",
        "runtime_effect_scope": "SHARED_REFERENCE",
        "runtime_mode": "production",
        "start_place_id": "NG-PLC-000135"
      },
      "type": "Feature"
    },
    {
      "geometry": {
        "coordinates": [
          [
            34.257258,
            3.213315
          ],
          [
            34.300048,
            3.29818
          ]
        ],
        "type": "LineString"
      },
      "properties": {
        "canonical_name": "Cedarwick Crossing",
        "end_place_id": "NG-PLC-000100",
        "geometry_id": "",
        "geometry_id_state": "PENDING_GOVERNED_LIVE_RESERVATION",
        "geometry_reservation_key": "p006.7.11.12:road-alignment:NG-RD-000120",
        "geometry_role_code": "ROAD_ALIGNMENT",
        "length_m": 10564.789,
        "provenance_class": "NNGLA_SIMULATION_AUTHORED_ALIGNMENT",
        "publication_status": "NOT_PUBLISHED",
        "qualification_status": "QUALIFIED_SIMULATION_AUTHORED",
        "region_code": "NGR-02",
        "road_candidate_id": "NG-RD-CAND-000120",
        "road_class_code": "LOCAL",
        "road_id": "NG-RD-000120",
        "road_name_id": "NG-NAM-ROA-000120",
        "runtime_effect_scope": "SHARED_REFERENCE",
        "runtime_mode": "production",
        "start_place_id": "NG-PLC-000109"
      },
      "type": "Feature"
    },
    {
      "geometry": {
        "coordinates": [
          [
            35.038082,
            3.349519
          ],
          [
            35.060108,
            3.253036
          ]
        ],
        "type": "LineString"
      },
      "properties": {
        "canonical_name": "Bellpine Road",
        "end_place_id": "NG-PLC-000134",
        "geometry_id": "",
        "geometry_id_state": "PENDING_GOVERNED_LIVE_RESERVATION",
        "geometry_reservation_key": "p006.7.11.12:road-alignment:NG-RD-000121",
        "geometry_role_code": "ROAD_ALIGNMENT",
        "length_m": 11003.541,
        "provenance_class": "NNGLA_SIMULATION_AUTHORED_ALIGNMENT",
        "publication_status": "NOT_PUBLISHED",
        "qualification_status": "QUALIFIED_SIMULATION_AUTHORED",
        "region_code": "NGR-02",
        "road_candidate_id": "NG-RD-CAND-000121",
        "road_class_code": "MUNICIPAL",
        "road_id": "NG-RD-000121",
        "road_name_id": "NG-NAM-ROA-000121",
        "runtime_effect_scope": "SHARED_REFERENCE",
        "runtime_mode": "production",
        "start_place_id": "NG-PLC-000139"
      },
      "type": "Feature"
    },
    {
      "geometry": {
        "coordinates": [
          [
            34.479123,
            3.042289
          ],
          [
            34.516279,
            3.136699
          ]
        ],
        "type": "LineString"
      },
      "properties": {
        "canonical_name": "Glenvar Street",
        "end_place_id": "NG-PLC-000113",
        "geometry_id": "",
        "geometry_id_state": "PENDING_GOVERNED_LIVE_RESERVATION",
        "geometry_reservation_key": "p006.7.11.12:road-alignment:NG-RD-000122",
        "geometry_role_code": "ROAD_ALIGNMENT",
        "length_m": 11279.482,
        "provenance_class": "NNGLA_SIMULATION_AUTHORED_ALIGNMENT",
        "publication_status": "NOT_PUBLISHED",
        "qualification_status": "QUALIFIED_SIMULATION_AUTHORED",
        "region_code": "NGR-02",
        "road_candidate_id": "NG-RD-CAND-000122",
        "road_class_code": "DISTRICT",
        "road_id": "NG-RD-000122",
        "road_name_id": "NG-NAM-ROA-000122",
        "runtime_effect_scope": "SHARED_REFERENCE",
        "runtime_mode": "production",
        "start_place_id": "NG-PLC-000141"
      },
      "type": "Feature"
    },
    {
      "geometry": {
        "coordinates": [
          [
            34.822603,
            3.457854
          ],
          [
            34.922924,
            3.42715
          ]
        ],
        "type": "LineString"
      },
      "properties": {
        "canonical_name": "Moorsend Avenue",
        "end_place_id": "NG-PLC-000138",
        "geometry_id": "",
        "geometry_id_state": "PENDING_GOVERNED_LIVE_RESERVATION",
        "geometry_reservation_key": "p006.7.11.12:road-alignment:NG-RD-000123",
        "geometry_role_code": "ROAD_ALIGNMENT",
        "length_m": 11646.723,
        "provenance_class": "NNGLA_SIMULATION_AUTHORED_ALIGNMENT",
        "publication_status": "NOT_PUBLISHED",
        "qualification_status": "QUALIFIED_SIMULATION_AUTHORED",
        "region_code": "NGR-02",
        "road_candidate_id": "NG-RD-CAND-000123",
        "road_class_code": "REGIONAL",
        "road_id": "NG-RD-000123",
        "road_name_id": "NG-NAM-ROA-000123",
        "runtime_effect_scope": "SHARED_REFERENCE",
        "runtime_mode": "production",
        "start_place_id": "NG-PLC-000172"
      },
      "type": "Feature"
    },
    {
      "geometry": {
        "coordinates": [
          [
            35.004483,
            3.247523
          ],
          [
            35.038082,
            3.349519
          ]
        ],
        "type": "LineString"
      },
      "properties": {
        "canonical_name": "Ferncross Lane",
        "end_place_id": "NG-PLC-000139",
        "geometry_id": "",
        "geometry_id_state": "PENDING_GOVERNED_LIVE_RESERVATION",
        "geometry_reservation_key": "p006.7.11.12:road-alignment:NG-RD-000124",
        "geometry_role_code": "ROAD_ALIGNMENT",
        "length_m": 11939.027,
        "provenance_class": "NNGLA_SIMULATION_AUTHORED_ALIGNMENT",
        "publication_status": "NOT_PUBLISHED",
        "qualification_status": "QUALIFIED_SIMULATION_AUTHORED",
        "region_code": "NGR-02",
        "road_candidate_id": "NG-RD-CAND-000124",
        "road_class_code": "RURAL",
        "road_id": "NG-RD-000124",
        "road_name_id": "NG-NAM-ROA-000124",
        "runtime_effect_scope": "SHARED_REFERENCE",
        "runtime_mode": "production",
        "start_place_id": "NG-PLC-000164"
      },
      "type": "Feature"
    },
    {
      "geometry": {
        "coordinates": [
          [
            34.984247,
            3.252922
          ],
          [
            35.038082,
            3.349519
          ]
        ],
        "type": "LineString"
      },
      "properties": {
        "canonical_name": "Lower Caelith Drive",
        "end_place_id": "NG-PLC-000139",
        "geometry_id": "",
        "geometry_id_state": "PENDING_GOVERNED_LIVE_RESERVATION",
        "geometry_reservation_key": "p006.7.11.12:road-alignment:NG-RD-000125",
        "geometry_role_code": "ROAD_ALIGNMENT",
        "length_m": 12291.748,
        "provenance_class": "NNGLA_SIMULATION_AUTHORED_ALIGNMENT",
        "publication_status": "NOT_PUBLISHED",
        "qualification_status": "QUALIFIED_SIMULATION_AUTHORED",
        "region_code": "NGR-02",
        "road_candidate_id": "NG-RD-CAND-000125",
        "road_class_code": "ACCESS",
        "road_id": "NG-RD-000125",
        "road_name_id": "NG-NAM-ROA-000125",
        "runtime_effect_scope": "SHARED_REFERENCE",
        "runtime_mode": "production",
        "start_place_id": "NG-PLC-000110"
      },
      "type": "Feature"
    },
    {
      "geometry": {
        "coordinates": [
          [
            34.857105,
            3.521022
          ],
          [
            34.942059,
            3.448314
          ]
        ],
        "type": "LineString"
      },
      "properties": {
        "canonical_name": "Glen Kael Way",
        "end_place_id": "NG-PLC-000142",
        "geometry_id": "",
        "geometry_id_state": "PENDING_GOVERNED_LIVE_RESERVATION",
        "geometry_reservation_key": "p006.7.11.12:road-alignment:NG-RD-000126",
        "geometry_role_code": "ROAD_ALIGNMENT",
        "length_m": 12420.531,
        "provenance_class": "NNGLA_SIMULATION_AUTHORED_ALIGNMENT",
        "publication_status": "NOT_PUBLISHED",
        "qualification_status": "QUALIFIED_SIMULATION_AUTHORED",
        "region_code": "NGR-02",
        "road_candidate_id": "NG-RD-CAND-000126",
        "road_class_code": "SERVICE",
        "road_id": "NG-RD-000126",
        "road_name_id": "NG-NAM-ROA-000126",
        "runtime_effect_scope": "SHARED_REFERENCE",
        "runtime_mode": "production",
        "start_place_id": "NG-PLC-000114"
      },
      "type": "Feature"
    },
    {
      "geometry": {
        "coordinates": [
          [
            34.798543,
            3.34727
          ],
          [
            34.822603,
            3.457854
          ]
        ],
        "type": "LineString"
      },
      "properties": {
        "canonical_name": "Passfield Boulevard",
        "end_place_id": "NG-PLC-000172",
        "geometry_id": "",
        "geometry_id_state": "PENDING_GOVERNED_LIVE_RESERVATION",
        "geometry_reservation_key": "p006.7.11.12:road-alignment:NG-RD-000127",
        "geometry_role_code": "ROAD_ALIGNMENT",
        "length_m": 12583.071,
        "provenance_class": "NNGLA_SIMULATION_AUTHORED_ALIGNMENT",
        "publication_status": "NOT_PUBLISHED",
        "qualification_status": "QUALIFIED_SIMULATION_AUTHORED",
        "region_code": "NGR-02",
        "road_candidate_id": "NG-RD-CAND-000127",
        "road_class_code": "LOCAL",
        "road_id": "NG-RD-000127",
        "road_name_id": "NG-NAM-ROA-000127",
        "runtime_effect_scope": "SHARED_REFERENCE",
        "runtime_mode": "production",
        "start_place_id": "NG-PLC-000126"
      },
      "type": "Feature"
    },
    {
      "geometry": {
        "coordinates": [
          [
            34.857105,
            3.521022
          ],
          [
            34.922924,
            3.42715
          ]
        ],
        "type": "LineString"
      },
      "properties": {
        "canonical_name": "South Skeldrun Highway",
        "end_place_id": "NG-PLC-000138",
        "geometry_id": "",
        "geometry_id_state": "PENDING_GOVERNED_LIVE_RESERVATION",
        "geometry_reservation_key": "p006.7.11.12:road-alignment:NG-RD-000128",
        "geometry_role_code": "ROAD_ALIGNMENT",
        "length_m": 12740.542,
        "provenance_class": "NNGLA_SIMULATION_AUTHORED_ALIGNMENT",
        "publication_status": "NOT_PUBLISHED",
        "qualification_status": "QUALIFIED_SIMULATION_AUTHORED",
        "region_code": "NGR-02",
        "road_candidate_id": "NG-RD-CAND-000128",
        "road_class_code": "MUNICIPAL",
        "road_id": "NG-RD-000128",
        "road_name_id": "NG-NAM-ROA-000128",
        "runtime_effect_scope": "SHARED_REFERENCE",
        "runtime_mode": "production",
        "start_place_id": "NG-PLC-000114"
      },
      "type": "Feature"
    },
    {
      "geometry": {
        "coordinates": [
          [
            34.257258,
            3.213315
          ],
          [
            34.267299,
            3.328735
          ]
        ],
        "type": "LineString"
      },
      "properties": {
        "canonical_name": "Icebrook Junction",
        "end_place_id": "NG-PLC-000102",
        "geometry_id": "",
        "geometry_id_state": "PENDING_GOVERNED_LIVE_RESERVATION",
        "geometry_reservation_key": "p006.7.11.12:road-alignment:NG-RD-000129",
        "geometry_role_code": "ROAD_ALIGNMENT",
        "length_m": 12882.453,
        "provenance_class": "NNGLA_SIMULATION_AUTHORED_ALIGNMENT",
        "publication_status": "NOT_PUBLISHED",
        "qualification_status": "QUALIFIED_SIMULATION_AUTHORED",
        "region_code": "NGR-02",
        "road_candidate_id": "NG-RD-CAND-000129",
        "road_class_code": "DISTRICT",
        "road_id": "NG-RD-000129",
        "road_name_id": "NG-NAM-ROA-000129",
        "runtime_effect_scope": "SHARED_REFERENCE",
        "runtime_mode": "production",
        "start_place_id": "NG-PLC-000109"
      },
      "type": "Feature"
    },
    {
      "geometry": {
        "coordinates": [
          [
            34.061676,
            3.182506
          ],
          [
            34.110093,
            3.290592
          ]
        ],
        "type": "LineString"
      },
      "properties": {
        "canonical_name": "Mill Crag Crossing",
        "end_place_id": "NG-PLC-000163",
        "geometry_id": "",
        "geometry_id_state": "PENDING_GOVERNED_LIVE_RESERVATION",
        "geometry_reservation_key": "p006.7.11.12:road-alignment:NG-RD-000130",
        "geometry_role_code": "ROAD_ALIGNMENT",
        "length_m": 13165.853,
        "provenance_class": "NNGLA_SIMULATION_AUTHORED_ALIGNMENT",
        "publication_status": "NOT_PUBLISHED",
        "qualification_status": "QUALIFIED_SIMULATION_AUTHORED",
        "region_code": "NGR-02",
        "road_candidate_id": "NG-RD-CAND-000130",
        "road_class_code": "REGIONAL",
        "road_id": "NG-RD-000130",
        "road_name_id": "NG-NAM-ROA-000130",
        "runtime_effect_scope": "SHARED_REFERENCE",
        "runtime_mode": "production",
        "start_place_id": "NG-PLC-000119"
      },
      "type": "Feature"
    },
    {
      "geometry": {
        "coordinates": [
          [
            34.079411,
            3.409132
          ],
          [
            34.110093,
            3.290592
          ]
        ],
        "type": "LineString"
      },
      "properties": {
        "canonical_name": "East Pinebarrow Road",
        "end_place_id": "NG-PLC-000163",
        "geometry_id": "",
        "geometry_id_state": "PENDING_GOVERNED_LIVE_RESERVATION",
        "geometry_reservation_key": "p006.7.11.12:road-alignment:NG-RD-000131",
        "geometry_role_code": "ROAD_ALIGNMENT",
        "length_m": 13613.976,
        "provenance_class": "NNGLA_SIMULATION_AUTHORED_ALIGNMENT",
        "publication_status": "NOT_PUBLISHED",
        "qualification_status": "QUALIFIED_SIMULATION_AUTHORED",
        "region_code": "NGR-02",
        "road_candidate_id": "NG-RD-CAND-000131",
        "road_class_code": "RURAL",
        "road_id": "NG-RD-000131",
        "road_name_id": "NG-NAM-ROA-000131",
        "runtime_effect_scope": "SHARED_REFERENCE",
        "runtime_mode": "production",
        "start_place_id": "NG-PLC-000099"
      },
      "type": "Feature"
    },
    {
      "geometry": {
        "coordinates": [
          [
            34.690297,
            3.823863
          ],
          [
            34.728918,
            3.706236
          ]
        ],
        "type": "LineString"
      },
      "properties": {
        "canonical_name": "Woodcutters' Line Street",
        "end_place_id": "NG-PLC-000136",
        "geometry_id": "",
        "geometry_id_state": "PENDING_GOVERNED_LIVE_RESERVATION",
        "geometry_reservation_key": "p006.7.11.12:road-alignment:NG-RD-000132",
        "geometry_role_code": "ROAD_ALIGNMENT",
        "length_m": 13763.625,
        "provenance_class": "NNGLA_SIMULATION_AUTHORED_ALIGNMENT",
        "publication_status": "NOT_PUBLISHED",
        "qualification_status": "QUALIFIED_SIMULATION_AUTHORED",
        "region_code": "NGR-02",
        "road_candidate_id": "NG-RD-CAND-000132",
        "road_class_code": "ACCESS",
        "road_id": "NG-RD-000132",
        "road_name_id": "NG-NAM-ROA-000132",
        "runtime_effect_scope": "SHARED_REFERENCE",
        "runtime_mode": "production",
        "start_place_id": "NG-PLC-000137"
      },
      "type": "Feature"
    },
    {
      "geometry": {
        "coordinates": [
          [
            34.304061,
            3.558219
          ],
          [
            34.37842,
            3.458093
          ]
        ],
        "type": "LineString"
      },
      "properties": {
        "canonical_name": "Briar Junction Avenue",
        "end_place_id": "NG-PLC-000092",
        "geometry_id": "",
        "geometry_id_state": "PENDING_GOVERNED_LIVE_RESERVATION",
        "geometry_reservation_key": "p006.7.11.12:road-alignment:NG-RD-000133",
        "geometry_role_code": "ROAD_ALIGNMENT",
        "length_m": 13858.749,
        "provenance_class": "NNGLA_SIMULATION_AUTHORED_ALIGNMENT",
        "publication_status": "NOT_PUBLISHED",
        "qualification_status": "QUALIFIED_SIMULATION_AUTHORED",
        "region_code": "NGR-02",
        "road_candidate_id": "NG-RD-CAND-000133",
        "road_class_code": "SERVICE",
        "road_id": "NG-RD-000133",
        "road_name_id": "NG-NAM-ROA-000133",
        "runtime_effect_scope": "SHARED_REFERENCE",
        "runtime_mode": "production",
        "start_place_id": "NG-PLC-000101"
      },
      "type": "Feature"
    },
    {
      "geometry": {
        "coordinates": [
          [
            34.911015,
            3.342683
          ],
          [
            35.038082,
            3.349519
          ]
        ],
        "type": "LineString"
      },
      "properties": {
        "canonical_name": "Lower Aelgrove Lane",
        "end_place_id": "NG-PLC-000139",
        "geometry_id": "",
        "geometry_id_state": "PENDING_GOVERNED_LIVE_RESERVATION",
        "geometry_reservation_key": "p006.7.11.12:road-alignment:NG-RD-000134",
        "geometry_role_code": "ROAD_ALIGNMENT",
        "length_m": 14125.604,
        "provenance_class": "NNGLA_SIMULATION_AUTHORED_ALIGNMENT",
        "publication_status": "NOT_PUBLISHED",
        "qualification_status": "QUALIFIED_SIMULATION_AUTHORED",
        "region_code": "NGR-02",
        "road_candidate_id": "NG-RD-CAND-000134",
        "road_class_code": "LOCAL",
        "road_id": "NG-RD-000134",
        "road_name_id": "NG-NAM-ROA-000134",
        "runtime_effect_scope": "SHARED_REFERENCE",
        "runtime_mode": "production",
        "start_place_id": "NG-PLC-000112"
      },
      "type": "Feature"
    },
    {
      "geometry": {
        "coordinates": [
          [
            33.580792,
            3.394854
          ],
          [
            33.706382,
            3.367366
          ]
        ],
        "type": "LineString"
      },
      "properties": {
        "canonical_name": "Aelgrove Fell Drive",
        "end_place_id": "NG-PLC-000121",
        "geometry_id": "",
        "geometry_id_state": "PENDING_GOVERNED_LIVE_RESERVATION",
        "geometry_reservation_key": "p006.7.11.12:road-alignment:NG-RD-000135",
        "geometry_role_code": "ROAD_ALIGNMENT",
        "length_m": 14271.825,
        "provenance_class": "NNGLA_SIMULATION_AUTHORED_ALIGNMENT",
        "publication_status": "NOT_PUBLISHED",
        "qualification_status": "QUALIFIED_SIMULATION_AUTHORED",
        "region_code": "NGR-02",
        "road_candidate_id": "NG-RD-CAND-000135",
        "road_class_code": "MUNICIPAL",
        "road_id": "NG-RD-000135",
        "road_name_id": "NG-NAM-ROA-000135",
        "runtime_effect_scope": "SHARED_REFERENCE",
        "runtime_mode": "production",
        "start_place_id": "NG-PLC-000156"
      },
      "type": "Feature"
    },
    {
      "geometry": {
        "coordinates": [
          [
            34.304061,
            3.558219
          ],
          [
            34.430113,
            3.519728
          ]
        ],
        "type": "LineString"
      },
      "properties": {
        "canonical_name": "Upper Kaedur Way",
        "end_place_id": "NG-PLC-000106",
        "geometry_id": "",
        "geometry_id_state": "PENDING_GOVERNED_LIVE_RESERVATION",
        "geometry_reservation_key": "p006.7.11.12:road-alignment:NG-RD-000136",
        "geometry_role_code": "ROAD_ALIGNMENT",
        "length_m": 14629.707,
        "provenance_class": "NNGLA_SIMULATION_AUTHORED_ALIGNMENT",
        "publication_status": "NOT_PUBLISHED",
        "qualification_status": "QUALIFIED_SIMULATION_AUTHORED",
        "region_code": "NGR-02",
        "road_candidate_id": "NG-RD-CAND-000136",
        "road_class_code": "DISTRICT",
        "road_id": "NG-RD-000136",
        "road_name_id": "NG-NAM-ROA-000136",
        "runtime_effect_scope": "SHARED_REFERENCE",
        "runtime_mode": "production",
        "start_place_id": "NG-PLC-000101"
      },
      "type": "Feature"
    },
    {
      "geometry": {
        "coordinates": [
          [
            34.184177,
            3.33081
          ],
          [
            34.257258,
            3.213315
          ]
        ],
        "type": "LineString"
      },
      "properties": {
        "canonical_name": "Kaedur Glen Boulevard",
        "end_place_id": "NG-PLC-000109",
        "geometry_id": "",
        "geometry_id_state": "PENDING_GOVERNED_LIVE_RESERVATION",
        "geometry_reservation_key": "p006.7.11.12:road-alignment:NG-RD-000137",
        "geometry_role_code": "ROAD_ALIGNMENT",
        "length_m": 15378.929,
        "provenance_class": "NNGLA_SIMULATION_AUTHORED_ALIGNMENT",
        "publication_status": "NOT_PUBLISHED",
        "qualification_status": "QUALIFIED_SIMULATION_AUTHORED",
        "region_code": "NGR-02",
        "road_candidate_id": "NG-RD-CAND-000137",
        "road_class_code": "REGIONAL",
        "road_id": "NG-RD-000137",
        "road_name_id": "NG-NAM-ROA-000137",
        "runtime_effect_scope": "SHARED_REFERENCE",
        "runtime_mode": "production",
        "start_place_id": "NG-PLC-000162"
      },
      "type": "Feature"
    },
    {
      "geometry": {
        "coordinates": [
          [
            34.312385,
            3.241401
          ],
          [
            34.402857,
            3.351954
          ]
        ],
        "type": "LineString"
      },
      "properties": {
        "canonical_name": "East \u00d8stmark Highway",
        "end_place_id": "NG-PLC-000104",
        "geometry_id": "",
        "geometry_id_state": "PENDING_GOVERNED_LIVE_RESERVATION",
        "geometry_reservation_key": "p006.7.11.12:road-alignment:NG-RD-000138",
        "geometry_role_code": "ROAD_ALIGNMENT",
        "length_m": 15874.077,
        "provenance_class": "NNGLA_SIMULATION_AUTHORED_ALIGNMENT",
        "publication_status": "NOT_PUBLISHED",
        "qualification_status": "QUALIFIED_SIMULATION_AUTHORED",
        "region_code": "NGR-02",
        "road_candidate_id": "NG-RD-CAND-000138",
        "road_class_code": "RURAL",
        "road_id": "NG-RD-000138",
        "road_name_id": "NG-NAM-ROA-000138",
        "runtime_effect_scope": "SHARED_REFERENCE",
        "runtime_mode": "production",
        "start_place_id": "NG-PLC-000105"
      },
      "type": "Feature"
    },
    {
      "geometry": {
        "coordinates": [
          [
            33.741309,
            3.489626
          ],
          [
            33.862705,
            3.568286
          ]
        ],
        "type": "LineString"
      },
      "properties": {
        "canonical_name": "\u00d8stmark Beck Junction",
        "end_place_id": "NG-PLC-000122",
        "geometry_id": "",
        "geometry_id_state": "PENDING_GOVERNED_LIVE_RESERVATION",
        "geometry_reservation_key": "p006.7.11.12:road-alignment:NG-RD-000139",
        "geometry_role_code": "ROAD_ALIGNMENT",
        "length_m": 16063.186,
        "provenance_class": "NNGLA_SIMULATION_AUTHORED_ALIGNMENT",
        "publication_status": "NOT_PUBLISHED",
        "qualification_status": "QUALIFIED_SIMULATION_AUTHORED",
        "region_code": "NGR-02",
        "road_candidate_id": "NG-RD-CAND-000139",
        "road_class_code": "ACCESS",
        "road_id": "NG-RD-000139",
        "road_name_id": "NG-NAM-ROA-000139",
        "runtime_effect_scope": "SHARED_REFERENCE",
        "runtime_mode": "production",
        "start_place_id": "NG-PLC-000159"
      },
      "type": "Feature"
    },
    {
      "geometry": {
        "coordinates": [
          [
            34.25123,
            2.991893
          ],
          [
            34.374534,
            3.068875
          ]
        ],
        "type": "LineString"
      },
      "properties": {
        "canonical_name": "Old Valekirk Crossing",
        "end_place_id": "NG-PLC-000170",
        "geometry_id": "",
        "geometry_id_state": "PENDING_GOVERNED_LIVE_RESERVATION",
        "geometry_reservation_key": "p006.7.11.12:road-alignment:NG-RD-000140",
        "geometry_role_code": "ROAD_ALIGNMENT",
        "length_m": 16147.276,
        "provenance_class": "NNGLA_SIMULATION_AUTHORED_ALIGNMENT",
        "publication_status": "NOT_PUBLISHED",
        "qualification_status": "QUALIFIED_SIMULATION_AUTHORED",
        "region_code": "NGR-02",
        "road_candidate_id": "NG-RD-CAND-000140",
        "road_class_code": "SERVICE",
        "road_id": "NG-RD-000140",
        "road_name_id": "NG-NAM-ROA-000140",
        "runtime_effect_scope": "SHARED_REFERENCE",
        "runtime_mode": "production",
        "start_place_id": "NG-PLC-000088"
      },
      "type": "Feature"
    },
    {
      "geometry": {
        "coordinates": [
          [
            33.746856,
            3.233516
          ],
          [
            33.893481,
            3.268091
          ]
        ],
        "type": "LineString"
      },
      "properties": {
        "canonical_name": "Valekirk Crag Road",
        "end_place_id": "NG-PLC-000149",
        "geometry_id": "",
        "geometry_id_state": "PENDING_GOVERNED_LIVE_RESERVATION",
        "geometry_reservation_key": "p006.7.11.12:road-alignment:NG-RD-000141",
        "geometry_role_code": "ROAD_ALIGNMENT",
        "length_m": 16725.598,
        "provenance_class": "NNGLA_SIMULATION_AUTHORED_ALIGNMENT",
        "publication_status": "NOT_PUBLISHED",
        "qualification_status": "QUALIFIED_SIMULATION_AUTHORED",
        "region_code": "NGR-02",
        "road_candidate_id": "NG-RD-CAND-000141",
        "road_class_code": "LOCAL",
        "road_id": "NG-RD-000141",
        "road_name_id": "NG-NAM-ROA-000141",
        "runtime_effect_scope": "SHARED_REFERENCE",
        "runtime_mode": "production",
        "start_place_id": "NG-PLC-000132"
      },
      "type": "Feature"
    },
    {
      "geometry": {
        "coordinates": [
          [
            33.985864,
            2.988536
          ],
          [
            34.05131,
            3.130189
          ]
        ],
        "type": "LineString"
      },
      "properties": {
        "canonical_name": "South Snowmere Street",
        "end_place_id": "NG-PLC-000148",
        "geometry_id": "",
        "geometry_id_state": "PENDING_GOVERNED_LIVE_RESERVATION",
        "geometry_reservation_key": "p006.7.11.12:road-alignment:NG-RD-000142",
        "geometry_role_code": "ROAD_ALIGNMENT",
        "length_m": 17346.628,
        "provenance_class": "NNGLA_SIMULATION_AUTHORED_ALIGNMENT",
        "publication_status": "NOT_PUBLISHED",
        "qualification_status": "QUALIFIED_SIMULATION_AUTHORED",
        "region_code": "NGR-02",
        "road_candidate_id": "NG-RD-CAND-000142",
        "road_class_code": "MUNICIPAL",
        "road_id": "NG-RD-000142",
        "road_name_id": "NG-NAM-ROA-000142",
        "runtime_effect_scope": "SHARED_REFERENCE",
        "runtime_mode": "production",
        "start_place_id": "NG-PLC-000115"
      },
      "type": "Feature"
    },
    {
      "geometry": {
        "coordinates": [
          [
            34.374534,
            3.068875
          ],
          [
            34.516279,
            3.136699
          ]
        ],
        "type": "LineString"
      },
      "properties": {
        "canonical_name": "Snowmere Pass Avenue",
        "end_place_id": "NG-PLC-000113",
        "geometry_id": "",
        "geometry_id_state": "PENDING_GOVERNED_LIVE_RESERVATION",
        "geometry_reservation_key": "p006.7.11.12:road-alignment:NG-RD-000143",
        "geometry_role_code": "ROAD_ALIGNMENT",
        "length_m": 17451.916,
        "provenance_class": "NNGLA_SIMULATION_AUTHORED_ALIGNMENT",
        "publication_status": "NOT_PUBLISHED",
        "qualification_status": "QUALIFIED_SIMULATION_AUTHORED",
        "region_code": "NGR-02",
        "road_candidate_id": "NG-RD-CAND-000143",
        "road_class_code": "DISTRICT",
        "road_id": "NG-RD-000143",
        "road_name_id": "NG-NAM-ROA-000143",
        "runtime_effect_scope": "SHARED_REFERENCE",
        "runtime_mode": "production",
        "start_place_id": "NG-PLC-000170"
      },
      "type": "Feature"
    },
    {
      "geometry": {
        "coordinates": [
          [
            33.741309,
            3.489626
          ],
          [
            33.85681,
            3.60432
          ]
        ],
        "type": "LineString"
      },
      "properties": {
        "canonical_name": "Frostholm Moor Lane",
        "end_place_id": "NG-PLC-000168",
        "geometry_id": "",
        "geometry_id_state": "PENDING_GOVERNED_LIVE_RESERVATION",
        "geometry_reservation_key": "p006.7.11.12:road-alignment:NG-RD-000144",
        "geometry_role_code": "ROAD_ALIGNMENT",
        "length_m": 18082.156,
        "provenance_class": "NNGLA_SIMULATION_AUTHORED_ALIGNMENT",
        "publication_status": "NOT_PUBLISHED",
        "qualification_status": "QUALIFIED_SIMULATION_AUTHORED",
        "region_code": "NGR-02",
        "road_candidate_id": "NG-RD-CAND-000144",
        "road_class_code": "REGIONAL",
        "road_id": "NG-RD-000144",
        "road_name_id": "NG-NAM-ROA-000144",
        "runtime_effect_scope": "SHARED_REFERENCE",
        "runtime_mode": "production",
        "start_place_id": "NG-PLC-000159"
      },
      "type": "Feature"
    },
    {
      "geometry": {
        "coordinates": [
          [
            34.91415,
            3.16647
          ],
          [
            35.060108,
            3.253036
          ]
        ],
        "type": "LineString"
      },
      "properties": {
        "canonical_name": "Frostholm Fold Drive",
        "end_place_id": "NG-PLC-000134",
        "geometry_id": "",
        "geometry_id_state": "PENDING_GOVERNED_LIVE_RESERVATION",
        "geometry_reservation_key": "p006.7.11.12:road-alignment:NG-RD-000145",
        "geometry_role_code": "ROAD_ALIGNMENT",
        "length_m": 18847.687,
        "provenance_class": "NNGLA_SIMULATION_AUTHORED_ALIGNMENT",
        "publication_status": "NOT_PUBLISHED",
        "qualification_status": "QUALIFIED_SIMULATION_AUTHORED",
        "region_code": "NGR-02",
        "road_candidate_id": "NG-RD-CAND-000145",
        "road_class_code": "RURAL",
        "road_id": "NG-RD-000145",
        "road_name_id": "NG-NAM-ROA-000145",
        "runtime_effect_scope": "SHARED_REFERENCE",
        "runtime_mode": "production",
        "start_place_id": "NG-PLC-000171"
      },
      "type": "Feature"
    },
    {
      "geometry": {
        "coordinates": [
          [
            33.738002,
            3.420825
          ],
          [
            33.879985,
            3.317283
          ]
        ],
        "type": "LineString"
      },
      "properties": {
        "canonical_name": "North Trossfell Way",
        "end_place_id": "NG-PLC-000133",
        "geometry_id": "",
        "geometry_id_state": "PENDING_GOVERNED_LIVE_RESERVATION",
        "geometry_reservation_key": "p006.7.11.12:road-alignment:NG-RD-000146",
        "geometry_role_code": "ROAD_ALIGNMENT",
        "length_m": 19517.981,
        "provenance_class": "NNGLA_SIMULATION_AUTHORED_ALIGNMENT",
        "publication_status": "NOT_PUBLISHED",
        "qualification_status": "QUALIFIED_SIMULATION_AUTHORED",
        "region_code": "NGR-02",
        "road_candidate_id": "NG-RD-CAND-000146",
        "road_class_code": "ACCESS",
        "road_id": "NG-RD-000146",
        "road_name_id": "NG-NAM-ROA-000146",
        "runtime_effect_scope": "SHARED_REFERENCE",
        "runtime_mode": "production",
        "start_place_id": "NG-PLC-000157"
      },
      "type": "Feature"
    },
    {
      "geometry": {
        "coordinates": [
          [
            34.185587,
            2.775632
          ],
          [
            34.362274,
            2.800595
          ]
        ],
        "type": "LineString"
      },
      "properties": {
        "canonical_name": "Trossfell Tor Boulevard",
        "end_place_id": "NG-PLC-000129",
        "geometry_id": "",
        "geometry_id_state": "PENDING_GOVERNED_LIVE_RESERVATION",
        "geometry_reservation_key": "p006.7.11.12:road-alignment:NG-RD-000147",
        "geometry_role_code": "ROAD_ALIGNMENT",
        "length_m": 19818.813,
        "provenance_class": "NNGLA_SIMULATION_AUTHORED_ALIGNMENT",
        "publication_status": "NOT_PUBLISHED",
        "qualification_status": "QUALIFIED_SIMULATION_AUTHORED",
        "region_code": "NGR-02",
        "road_candidate_id": "NG-RD-CAND-000147",
        "road_class_code": "SERVICE",
        "road_id": "NG-RD-000147",
        "road_name_id": "NG-NAM-ROA-000147",
        "runtime_effect_scope": "SHARED_REFERENCE",
        "runtime_mode": "production",
        "start_place_id": "NG-PLC-000150"
      },
      "type": "Feature"
    },
    {
      "geometry": {
        "coordinates": [
          [
            34.312385,
            3.241401
          ],
          [
            34.374534,
            3.068875
          ]
        ],
        "type": "LineString"
      },
      "properties": {
        "canonical_name": "Birchpass Ridge Highway",
        "end_place_id": "NG-PLC-000170",
        "geometry_id": "",
        "geometry_id_state": "PENDING_GOVERNED_LIVE_RESERVATION",
        "geometry_reservation_key": "p006.7.11.12:road-alignment:NG-RD-000148",
        "geometry_role_code": "ROAD_ALIGNMENT",
        "length_m": 20387.252,
        "provenance_class": "NNGLA_SIMULATION_AUTHORED_ALIGNMENT",
        "publication_status": "NOT_PUBLISHED",
        "qualification_status": "QUALIFIED_SIMULATION_AUTHORED",
        "region_code": "NGR-02",
        "road_candidate_id": "NG-RD-CAND-000148",
        "road_class_code": "LOCAL",
        "road_id": "NG-RD-000148",
        "road_name_id": "NG-NAM-ROA-000148",
        "runtime_effect_scope": "SHARED_REFERENCE",
        "runtime_mode": "production",
        "start_place_id": "NG-PLC-000105"
      },
      "type": "Feature"
    },
    {
      "geometry": {
        "coordinates": [
          [
            34.257258,
            3.213315
          ],
          [
            34.374534,
            3.068875
          ]
        ],
        "type": "LineString"
      },
      "properties": {
        "canonical_name": "Birchpass Tarn Junction",
        "end_place_id": "NG-PLC-000170",
        "geometry_id": "",
        "geometry_id_state": "PENDING_GOVERNED_LIVE_RESERVATION",
        "geometry_reservation_key": "p006.7.11.12:road-alignment:NG-RD-000149",
        "geometry_role_code": "ROAD_ALIGNMENT",
        "length_m": 20676.088,
        "provenance_class": "NNGLA_SIMULATION_AUTHORED_ALIGNMENT",
        "publication_status": "NOT_PUBLISHED",
        "qualification_status": "QUALIFIED_SIMULATION_AUTHORED",
        "region_code": "NGR-02",
        "road_candidate_id": "NG-RD-CAND-000149",
        "road_class_code": "MUNICIPAL",
        "road_id": "NG-RD-000149",
        "road_name_id": "NG-NAM-ROA-000149",
        "runtime_effect_scope": "SHARED_REFERENCE",
        "runtime_mode": "production",
        "start_place_id": "NG-PLC-000109"
      },
      "type": "Feature"
    },
    {
      "geometry": {
        "coordinates": [
          [
            34.798543,
            3.34727
          ],
          [
            34.909714,
            3.194822
          ]
        ],
        "type": "LineString"
      },
      "properties": {
        "canonical_name": "West Ravencrag Crossing",
        "end_place_id": "NG-PLC-000135",
        "geometry_id": "",
        "geometry_id_state": "PENDING_GOVERNED_LIVE_RESERVATION",
        "geometry_reservation_key": "p006.7.11.12:road-alignment:NG-RD-000150",
        "geometry_role_code": "ROAD_ALIGNMENT",
        "length_m": 20968.202,
        "provenance_class": "NNGLA_SIMULATION_AUTHORED_ALIGNMENT",
        "publication_status": "NOT_PUBLISHED",
        "qualification_status": "QUALIFIED_SIMULATION_AUTHORED",
        "region_code": "NGR-02",
        "road_candidate_id": "NG-RD-CAND-000150",
        "road_class_code": "DISTRICT",
        "road_id": "NG-RD-000150",
        "road_name_id": "NG-NAM-ROA-000150",
        "runtime_effect_scope": "SHARED_REFERENCE",
        "runtime_mode": "production",
        "start_place_id": "NG-PLC-000126"
      },
      "type": "Feature"
    },
    {
      "geometry": {
        "coordinates": [
          [
            33.738002,
            3.420825
          ],
          [
            33.862705,
            3.568286
          ]
        ],
        "type": "LineString"
      },
      "properties": {
        "canonical_name": "Ravencrag Pines Road",
        "end_place_id": "NG-PLC-000122",
        "geometry_id": "",
        "geometry_id_state": "PENDING_GOVERNED_LIVE_RESERVATION",
        "geometry_reservation_key": "p006.7.11.12:road-alignment:NG-RD-000151",
        "geometry_role_code": "ROAD_ALIGNMENT",
        "length_m": 21457.424,
        "provenance_class": "NNGLA_SIMULATION_AUTHORED_ALIGNMENT",
        "publication_status": "NOT_PUBLISHED",
        "qualification_status": "QUALIFIED_SIMULATION_AUTHORED",
        "region_code": "NGR-02",
        "road_candidate_id": "NG-RD-CAND-000151",
        "road_class_code": "REGIONAL",
        "road_id": "NG-RD-000151",
        "road_name_id": "NG-NAM-ROA-000151",
        "runtime_effect_scope": "SHARED_REFERENCE",
        "runtime_mode": "production",
        "start_place_id": "NG-PLC-000157"
      },
      "type": "Feature"
    },
    {
      "geometry": {
        "coordinates": [
          [
            33.808016,
            2.935946
          ],
          [
            33.995468,
            2.878933
          ]
        ],
        "type": "LineString"
      },
      "properties": {
        "canonical_name": "Highmere Heath Street",
        "end_place_id": "NG-PLC-000145",
        "geometry_id": "",
        "geometry_id_state": "PENDING_GOVERNED_LIVE_RESERVATION",
        "geometry_reservation_key": "p006.7.11.12:road-alignment:NG-RD-000152",
        "geometry_role_code": "ROAD_ALIGNMENT",
        "length_m": 21760.831,
        "provenance_class": "NNGLA_SIMULATION_AUTHORED_ALIGNMENT",
        "publication_status": "NOT_PUBLISHED",
        "qualification_status": "QUALIFIED_SIMULATION_AUTHORED",
        "region_code": "NGR-02",
        "road_candidate_id": "NG-RD-CAND-000152",
        "road_class_code": "RURAL",
        "road_id": "NG-RD-000152",
        "road_name_id": "NG-NAM-ROA-000152",
        "runtime_effect_scope": "SHARED_REFERENCE",
        "runtime_mode": "production",
        "start_place_id": "NG-PLC-000154"
      },
      "type": "Feature"
    },
    {
      "geometry": {
        "coordinates": [
          [
            33.984194,
            3.186966
          ],
          [
            33.985864,
            2.988536
          ]
        ],
        "type": "LineString"
      },
      "properties": {
        "canonical_name": "Highmere Stone Avenue",
        "end_place_id": "NG-PLC-000115",
        "geometry_id": "",
        "geometry_id_state": "PENDING_GOVERNED_LIVE_RESERVATION",
        "geometry_reservation_key": "p006.7.11.12:road-alignment:NG-RD-000153",
        "geometry_role_code": "ROAD_ALIGNMENT",
        "length_m": 22065.219,
        "provenance_class": "NNGLA_SIMULATION_AUTHORED_ALIGNMENT",
        "publication_status": "NOT_PUBLISHED",
        "qualification_status": "QUALIFIED_SIMULATION_AUTHORED",
        "region_code": "NGR-02",
        "road_candidate_id": "NG-RD-CAND-000153",
        "road_class_code": "ACCESS",
        "road_id": "NG-RD-000153",
        "road_name_id": "NG-NAM-ROA-000153",
        "runtime_effect_scope": "SHARED_REFERENCE",
        "runtime_mode": "production",
        "start_place_id": "NG-PLC-000153"
      },
      "type": "Feature"
    },
    {
      "geometry": {
        "coordinates": [
          [
            34.932818,
            3.533865
          ],
          [
            35.038082,
            3.349519
          ]
        ],
        "type": "LineString"
      },
      "properties": {
        "canonical_name": "Lower Cedarwick Lane",
        "end_place_id": "NG-PLC-000139",
        "geometry_id": "",
        "geometry_id_state": "PENDING_GOVERNED_LIVE_RESERVATION",
        "geometry_reservation_key": "p006.7.11.12:road-alignment:NG-RD-000154",
        "geometry_role_code": "ROAD_ALIGNMENT",
        "length_m": 23594.332,
        "provenance_class": "NNGLA_SIMULATION_AUTHORED_ALIGNMENT",
        "publication_status": "NOT_PUBLISHED",
        "qualification_status": "QUALIFIED_SIMULATION_AUTHORED",
        "region_code": "NGR-02",
        "road_candidate_id": "NG-RD-CAND-000154",
        "road_class_code": "SERVICE",
        "road_id": "NG-RD-000154",
        "road_name_id": "NG-NAM-ROA-000154",
        "runtime_effect_scope": "SHARED_REFERENCE",
        "runtime_mode": "production",
        "start_place_id": "NG-PLC-000143"
      },
      "type": "Feature"
    },
    {
      "geometry": {
        "coordinates": [
          [
            34.687604,
            3.535304
          ],
          [
            34.798543,
            3.34727
          ]
        ],
        "type": "LineString"
      },
      "properties": {
        "canonical_name": "Cedarwick Birch Drive",
        "end_place_id": "NG-PLC-000126",
        "geometry_id": "",
        "geometry_id_state": "PENDING_GOVERNED_LIVE_RESERVATION",
        "geometry_reservation_key": "p006.7.11.12:road-alignment:NG-RD-000155",
        "geometry_role_code": "ROAD_ALIGNMENT",
        "length_m": 24264.971,
        "provenance_class": "NNGLA_SIMULATION_AUTHORED_ALIGNMENT",
        "publication_status": "NOT_PUBLISHED",
        "qualification_status": "QUALIFIED_SIMULATION_AUTHORED",
        "region_code": "NGR-02",
        "road_candidate_id": "NG-RD-CAND-000155",
        "road_class_code": "LOCAL",
        "road_id": "NG-RD-000155",
        "road_name_id": "NG-NAM-ROA-000155",
        "runtime_effect_scope": "SHARED_REFERENCE",
        "runtime_mode": "production",
        "start_place_id": "NG-PLC-000127"
      },
      "type": "Feature"
    },
    {
      "geometry": {
        "coordinates": [
          [
            34.25123,
            2.991893
          ],
          [
            34.362274,
            2.800595
          ]
        ],
        "type": "LineString"
      },
      "properties": {
        "canonical_name": "Bellpine Dale Way",
        "end_place_id": "NG-PLC-000129",
        "geometry_id": "",
        "geometry_id_state": "PENDING_GOVERNED_LIVE_RESERVATION",
        "geometry_reservation_key": "p006.7.11.12:road-alignment:NG-RD-000156",
        "geometry_role_code": "ROAD_ALIGNMENT",
        "length_m": 24587.493,
        "provenance_class": "NNGLA_SIMULATION_AUTHORED_ALIGNMENT",
        "publication_status": "NOT_PUBLISHED",
        "qualification_status": "QUALIFIED_SIMULATION_AUTHORED",
        "region_code": "NGR-02",
        "road_candidate_id": "NG-RD-CAND-000156",
        "road_class_code": "MUNICIPAL",
        "road_id": "NG-RD-000156",
        "road_name_id": "NG-NAM-ROA-000156",
        "runtime_effect_scope": "SHARED_REFERENCE",
        "runtime_mode": "production",
        "start_place_id": "NG-PLC-000088"
      },
      "type": "Feature"
    },
    {
      "geometry": {
        "coordinates": [
          [
            34.728918,
            3.706236
          ],
          [
            34.857105,
            3.521022
          ]
        ],
        "type": "LineString"
      },
      "properties": {
        "canonical_name": "Bellpine Run Boulevard",
        "end_place_id": "NG-PLC-000114",
        "geometry_id": "",
        "geometry_id_state": "PENDING_GOVERNED_LIVE_RESERVATION",
        "geometry_reservation_key": "p006.7.11.12:road-alignment:NG-RD-000157",
        "geometry_role_code": "ROAD_ALIGNMENT",
        "length_m": 25030.218,
        "provenance_class": "NNGLA_SIMULATION_AUTHORED_ALIGNMENT",
        "publication_status": "NOT_PUBLISHED",
        "qualification_status": "QUALIFIED_SIMULATION_AUTHORED",
        "region_code": "NGR-02",
        "road_candidate_id": "NG-RD-CAND-000157",
        "road_class_code": "DISTRICT",
        "road_id": "NG-RD-000157",
        "road_name_id": "NG-NAM-ROA-000157",
        "runtime_effect_scope": "SHARED_REFERENCE",
        "runtime_mode": "production",
        "start_place_id": "NG-PLC-000136"
      },
      "type": "Feature"
    },
    {
      "geometry": {
        "coordinates": [
          [
            34.312385,
            3.241401
          ],
          [
            34.516279,
            3.136699
          ]
        ],
        "type": "LineString"
      },
      "properties": {
        "canonical_name": "Upper Glenvar Highway",
        "end_place_id": "NG-PLC-000113",
        "geometry_id": "",
        "geometry_id_state": "PENDING_GOVERNED_LIVE_RESERVATION",
        "geometry_reservation_key": "p006.7.11.12:road-alignment:NG-RD-000158",
        "geometry_role_code": "ROAD_ALIGNMENT",
        "length_m": 25455.321,
        "provenance_class": "NNGLA_SIMULATION_AUTHORED_ALIGNMENT",
        "publication_status": "NOT_PUBLISHED",
        "qualification_status": "QUALIFIED_SIMULATION_AUTHORED",
        "region_code": "NGR-02",
        "road_candidate_id": "NG-RD-CAND-000158",
        "road_class_code": "REGIONAL",
        "road_id": "NG-RD-000158",
        "road_name_id": "NG-NAM-ROA-000158",
        "runtime_effect_scope": "SHARED_REFERENCE",
        "runtime_mode": "production",
        "start_place_id": "NG-PLC-000105"
      },
      "type": "Feature"
    },
    {
      "geometry": {
        "coordinates": [
          [
            33.90279,
            2.964776
          ],
          [
            33.984194,
            3.186966
          ]
        ],
        "type": "LineString"
      },
      "properties": {
        "canonical_name": "Glenvar Cedar Junction",
        "end_place_id": "NG-PLC-000153",
        "geometry_id": "",
        "geometry_id_state": "PENDING_GOVERNED_LIVE_RESERVATION",
        "geometry_reservation_key": "p006.7.11.12:road-alignment:NG-RD-000159",
        "geometry_role_code": "ROAD_ALIGNMENT",
        "length_m": 26307.901,
        "provenance_class": "NNGLA_SIMULATION_AUTHORED_ALIGNMENT",
        "publication_status": "NOT_PUBLISHED",
        "qualification_status": "QUALIFIED_SIMULATION_AUTHORED",
        "region_code": "NGR-02",
        "road_candidate_id": "NG-RD-CAND-000159",
        "road_class_code": "RURAL",
        "road_id": "NG-RD-000159",
        "road_name_id": "NG-NAM-ROA-000159",
        "runtime_effect_scope": "SHARED_REFERENCE",
        "runtime_mode": "production",
        "start_place_id": "NG-PLC-000120"
      },
      "type": "Feature"
    },
    {
      "geometry": {
        "coordinates": [
          [
            34.516279,
            3.136699
          ],
          [
            34.689703,
            3.301044
          ]
        ],
        "type": "LineString"
      },
      "properties": {
        "canonical_name": "Moorsend Barrow Crossing",
        "end_place_id": "NG-PLC-000087",
        "geometry_id": "",
        "geometry_id_state": "PENDING_GOVERNED_LIVE_RESERVATION",
        "geometry_reservation_key": "p006.7.11.12:road-alignment:NG-RD-000160",
        "geometry_role_code": "ROAD_ALIGNMENT",
        "length_m": 26545.207,
        "provenance_class": "NNGLA_SIMULATION_AUTHORED_ALIGNMENT",
        "publication_status": "NOT_PUBLISHED",
        "qualification_status": "QUALIFIED_SIMULATION_AUTHORED",
        "region_code": "NGR-02",
        "road_candidate_id": "NG-RD-CAND-000160",
        "road_class_code": "ACCESS",
        "road_id": "NG-RD-000160",
        "road_name_id": "NG-NAM-ROA-000160",
        "runtime_effect_scope": "SHARED_REFERENCE",
        "runtime_mode": "production",
        "start_place_id": "NG-PLC-000113"
      },
      "type": "Feature"
    },
    {
      "geometry": {
        "coordinates": [
          [
            34.689703,
            3.301044
          ],
          [
            34.909714,
            3.194822
          ]
        ],
        "type": "LineString"
      },
      "properties": {
        "canonical_name": "Moorsend Brook Road",
        "end_place_id": "NG-PLC-000135",
        "geometry_id": "",
        "geometry_id_state": "PENDING_GOVERNED_LIVE_RESERVATION",
        "geometry_reservation_key": "p006.7.11.12:road-alignment:NG-RD-000161",
        "geometry_role_code": "ROAD_ALIGNMENT",
        "length_m": 27130.816,
        "provenance_class": "NNGLA_SIMULATION_AUTHORED_ALIGNMENT",
        "publication_status": "NOT_PUBLISHED",
        "qualification_status": "QUALIFIED_SIMULATION_AUTHORED",
        "region_code": "NGR-02",
        "road_candidate_id": "NG-RD-CAND-000161",
        "road_class_code": "SERVICE",
        "road_id": "NG-RD-000161",
        "road_name_id": "NG-NAM-ROA-000161",
        "runtime_effect_scope": "SHARED_REFERENCE",
        "runtime_mode": "production",
        "start_place_id": "NG-PLC-000087"
      },
      "type": "Feature"
    },
    {
      "geometry": {
        "coordinates": [
          [
            33.90279,
            2.964776
          ],
          [
            33.917715,
            3.216152
          ]
        ],
        "type": "LineString"
      },
      "properties": {
        "canonical_name": "Ferncross Wood Street",
        "end_place_id": "NG-PLC-000089",
        "geometry_id": "",
        "geometry_id_state": "PENDING_GOVERNED_LIVE_RESERVATION",
        "geometry_reservation_key": "p006.7.11.12:road-alignment:NG-RD-000162",
        "geometry_role_code": "ROAD_ALIGNMENT",
        "length_m": 28000.856,
        "provenance_class": "NNGLA_SIMULATION_AUTHORED_ALIGNMENT",
        "publication_status": "NOT_PUBLISHED",
        "qualification_status": "QUALIFIED_SIMULATION_AUTHORED",
        "region_code": "NGR-02",
        "road_candidate_id": "NG-RD-CAND-000162",
        "road_class_code": "LOCAL",
        "road_id": "NG-RD-000162",
        "road_name_id": "NG-NAM-ROA-000162",
        "runtime_effect_scope": "SHARED_REFERENCE",
        "runtime_mode": "production",
        "start_place_id": "NG-PLC-000120"
      },
      "type": "Feature"
    },
    {
      "geometry": {
        "coordinates": [
          [
            34.430113,
            3.519728
          ],
          [
            34.687604,
            3.535304
          ]
        ],
        "type": "LineString"
      },
      "properties": {
        "canonical_name": "Ferncross Brae Avenue",
        "end_place_id": "NG-PLC-000127",
        "geometry_id": "",
        "geometry_id_state": "PENDING_GOVERNED_LIVE_RESERVATION",
        "geometry_reservation_key": "p006.7.11.12:road-alignment:NG-RD-000163",
        "geometry_role_code": "ROAD_ALIGNMENT",
        "length_m": 28629.922,
        "provenance_class": "NNGLA_SIMULATION_AUTHORED_ALIGNMENT",
        "publication_status": "NOT_PUBLISHED",
        "qualification_status": "QUALIFIED_SIMULATION_AUTHORED",
        "region_code": "NGR-02",
        "road_candidate_id": "NG-RD-CAND-000163",
        "road_class_code": "MUNICIPAL",
        "road_id": "NG-RD-000163",
        "road_name_id": "NG-NAM-ROA-000163",
        "runtime_effect_scope": "SHARED_REFERENCE",
        "runtime_mode": "production",
        "start_place_id": "NG-PLC-000106"
      },
      "type": "Feature"
    },
    {
      "geometry": {
        "coordinates": [
          [
            34.728918,
            3.706236
          ],
          [
            34.932818,
            3.533865
          ]
        ],
        "type": "LineString"
      },
      "properties": {
        "canonical_name": "Goat Bell Lane",
        "end_place_id": "NG-PLC-000143",
        "geometry_id": "",
        "geometry_id_state": "PENDING_GOVERNED_LIVE_RESERVATION",
        "geometry_reservation_key": "p006.7.11.12:road-alignment:NG-RD-000164",
        "geometry_role_code": "ROAD_ALIGNMENT",
        "length_m": 29654.124,
        "provenance_class": "NNGLA_SIMULATION_AUTHORED_ALIGNMENT",
        "publication_status": "NOT_PUBLISHED",
        "qualification_status": "QUALIFIED_SIMULATION_AUTHORED",
        "region_code": "NGR-02",
        "road_candidate_id": "NG-RD-CAND-000164",
        "road_class_code": "DISTRICT",
        "road_id": "NG-RD-000164",
        "road_name_id": "NG-NAM-ROA-000164",
        "runtime_effect_scope": "SHARED_REFERENCE",
        "runtime_mode": "production",
        "start_place_id": "NG-PLC-000136"
      },
      "type": "Feature"
    },
    {
      "geometry": {
        "coordinates": [
          [
            33.889722,
            3.622718
          ],
          [
            34.079411,
            3.409132
          ]
        ],
        "type": "LineString"
      },
      "properties": {
        "canonical_name": "Highland Cross Drive",
        "end_place_id": "NG-PLC-000099",
        "geometry_id": "",
        "geometry_id_state": "PENDING_GOVERNED_LIVE_RESERVATION",
        "geometry_reservation_key": "p006.7.11.12:road-alignment:NG-RD-000165",
        "geometry_role_code": "ROAD_ALIGNMENT",
        "length_m": 31737.486,
        "provenance_class": "NNGLA_SIMULATION_AUTHORED_ALIGNMENT",
        "publication_status": "NOT_PUBLISHED",
        "qualification_status": "QUALIFIED_SIMULATION_AUTHORED",
        "region_code": "NGR-02",
        "road_candidate_id": "NG-RD-CAND-000165",
        "road_class_code": "REGIONAL",
        "road_id": "NG-RD-000165",
        "road_name_id": "NG-NAM-ROA-000165",
        "runtime_effect_scope": "SHARED_REFERENCE",
        "runtime_mode": "production",
        "start_place_id": "NG-PLC-000158"
      },
      "type": "Feature"
    },
    {
      "geometry": {
        "coordinates": [
          [
            33.808016,
            2.935946
          ],
          [
            34.098408,
            2.771556
          ]
        ],
        "type": "LineString"
      },
      "properties": {
        "canonical_name": "Copper Stall Way",
        "end_place_id": "NG-PLC-000118",
        "geometry_id": "",
        "geometry_id_state": "PENDING_GOVERNED_LIVE_RESERVATION",
        "geometry_reservation_key": "p006.7.11.12:road-alignment:NG-RD-000166",
        "geometry_role_code": "ROAD_ALIGNMENT",
        "length_m": 37070.262,
        "provenance_class": "NNGLA_SIMULATION_AUTHORED_ALIGNMENT",
        "publication_status": "NOT_PUBLISHED",
        "qualification_status": "QUALIFIED_SIMULATION_AUTHORED",
        "region_code": "NGR-02",
        "road_candidate_id": "NG-RD-CAND-000166",
        "road_class_code": "RURAL",
        "road_id": "NG-RD-000166",
        "road_name_id": "NG-NAM-ROA-000166",
        "runtime_effect_scope": "SHARED_REFERENCE",
        "runtime_mode": "production",
        "start_place_id": "NG-PLC-000154"
      },
      "type": "Feature"
    },
    {
      "geometry": {
        "coordinates": [
          [
            33.580792,
            3.394854
          ],
          [
            33.85681,
            3.60432
          ]
        ],
        "type": "LineString"
      },
      "properties": {
        "canonical_name": "Pass Market Boulevard",
        "end_place_id": "NG-PLC-000168",
        "geometry_id": "",
        "geometry_id_state": "PENDING_GOVERNED_LIVE_RESERVATION",
        "geometry_reservation_key": "p006.7.11.12:road-alignment:NG-RD-000167",
        "geometry_role_code": "ROAD_ALIGNMENT",
        "length_m": 38483.456,
        "provenance_class": "NNGLA_SIMULATION_AUTHORED_ALIGNMENT",
        "publication_status": "NOT_PUBLISHED",
        "qualification_status": "QUALIFIED_SIMULATION_AUTHORED",
        "region_code": "NGR-02",
        "road_candidate_id": "NG-RD-CAND-000167",
        "road_class_code": "ACCESS",
        "road_id": "NG-RD-000167",
        "road_name_id": "NG-NAM-ROA-000167",
        "runtime_effect_scope": "SHARED_REFERENCE",
        "runtime_mode": "production",
        "start_place_id": "NG-PLC-000156"
      },
      "type": "Feature"
    },
    {
      "geometry": {
        "coordinates": [
          [
            34.413379,
            2.688981
          ],
          [
            34.528161,
            3.049038
          ]
        ],
        "type": "LineString"
      },
      "properties": {
        "canonical_name": "Wool Exchange Highway",
        "end_place_id": "NG-PLC-000140",
        "geometry_id": "",
        "geometry_id_state": "PENDING_GOVERNED_LIVE_RESERVATION",
        "geometry_reservation_key": "p006.7.11.12:road-alignment:NG-RD-000168",
        "geometry_role_code": "ROAD_ALIGNMENT",
        "length_m": 42016.868,
        "provenance_class": "NNGLA_SIMULATION_AUTHORED_ALIGNMENT",
        "publication_status": "NOT_PUBLISHED",
        "qualification_status": "QUALIFIED_SIMULATION_AUTHORED",
        "region_code": "NGR-02",
        "road_candidate_id": "NG-RD-CAND-000168",
        "road_class_code": "SERVICE",
        "road_id": "NG-RD-000168",
        "road_name_id": "NG-NAM-ROA-000168",
        "runtime_effect_scope": "SHARED_REFERENCE",
        "runtime_mode": "production",
        "start_place_id": "NG-PLC-000166"
      },
      "type": "Feature"
    },
    {
      "geometry": {
        "coordinates": [
          [
            33.580792,
            3.394854
          ],
          [
            33.628564,
            3.008246
          ]
        ],
        "type": "LineString"
      },
      "properties": {
        "canonical_name": "Cloudworks Industrial Park Junction",
        "end_place_id": "NG-PLC-000123",
        "geometry_id": "",
        "geometry_id_state": "PENDING_GOVERNED_LIVE_RESERVATION",
        "geometry_reservation_key": "p006.7.11.12:road-alignment:NG-RD-000169",
        "geometry_role_code": "ROAD_ALIGNMENT",
        "length_m": 43314.842,
        "provenance_class": "NNGLA_SIMULATION_AUTHORED_ALIGNMENT",
        "publication_status": "NOT_PUBLISHED",
        "qualification_status": "QUALIFIED_SIMULATION_AUTHORED",
        "region_code": "NGR-02",
        "road_candidate_id": "NG-RD-CAND-000169",
        "road_class_code": "LOCAL",
        "road_id": "NG-RD-000169",
        "road_name_id": "NG-NAM-ROA-000169",
        "runtime_effect_scope": "SHARED_REFERENCE",
        "runtime_mode": "production",
        "start_place_id": "NG-PLC-000156"
      },
      "type": "Feature"
    },
    {
      "geometry": {
        "coordinates": [
          [
            33.889722,
            3.622718
          ],
          [
            34.304061,
            3.558219
          ]
        ],
        "type": "LineString"
      },
      "properties": {
        "canonical_name": "Granite Rail Estate Crossing",
        "end_place_id": "NG-PLC-000101",
        "geometry_id": "",
        "geometry_id_state": "PENDING_GOVERNED_LIVE_RESERVATION",
        "geometry_reservation_key": "p006.7.11.12:road-alignment:NG-RD-000170",
        "geometry_role_code": "ROAD_ALIGNMENT",
        "length_m": 46537.98,
        "provenance_class": "NNGLA_SIMULATION_AUTHORED_ALIGNMENT",
        "publication_status": "NOT_PUBLISHED",
        "qualification_status": "QUALIFIED_SIMULATION_AUTHORED",
        "region_code": "NGR-02",
        "road_candidate_id": "NG-RD-CAND-000170",
        "road_class_code": "MUNICIPAL",
        "road_id": "NG-RD-000170",
        "road_name_id": "NG-NAM-ROA-000170",
        "runtime_effect_scope": "SHARED_REFERENCE",
        "runtime_mode": "production",
        "start_place_id": "NG-PLC-000158"
      },
      "type": "Feature"
    },
    {
      "geometry": {
        "coordinates": [
          [
            33.569425,
            2.935825
          ],
          [
            34.098408,
            2.771556
          ]
        ],
        "type": "LineString"
      },
      "properties": {
        "canonical_name": "Cloudrest Road",
        "end_place_id": "NG-PLC-000118",
        "geometry_id": "",
        "geometry_id_state": "PENDING_GOVERNED_LIVE_RESERVATION",
        "geometry_reservation_key": "p006.7.11.12:road-alignment:NG-RD-000171",
        "geometry_role_code": "ROAD_ALIGNMENT",
        "length_m": 61521.49,
        "provenance_class": "NNGLA_SIMULATION_AUTHORED_ALIGNMENT",
        "publication_status": "NOT_PUBLISHED",
        "qualification_status": "QUALIFIED_SIMULATION_AUTHORED",
        "region_code": "NGR-02",
        "road_candidate_id": "NG-RD-CAND-000171",
        "road_class_code": "DISTRICT",
        "road_id": "NG-RD-000171",
        "road_name_id": "NG-NAM-ROA-000171",
        "runtime_effect_scope": "SHARED_REFERENCE",
        "runtime_mode": "production",
        "start_place_id": "NG-PLC-000160"
      },
      "type": "Feature"
    },
    {
      "geometry": {
        "coordinates": [
          [
            33.889722,
            3.622718
          ],
          [
            34.690297,
            3.823863
          ]
        ],
        "type": "LineString"
      },
      "properties": {
        "canonical_name": "Alpine Lantern Street",
        "end_place_id": "NG-PLC-000137",
        "geometry_id": "",
        "geometry_id_state": "PENDING_GOVERNED_LIVE_RESERVATION",
        "geometry_reservation_key": "p006.7.11.12:road-alignment:NG-RD-000172",
        "geometry_role_code": "ROAD_ALIGNMENT",
        "length_m": 91604.516,
        "provenance_class": "NNGLA_SIMULATION_AUTHORED_ALIGNMENT",
        "publication_status": "NOT_PUBLISHED",
        "qualification_status": "QUALIFIED_SIMULATION_AUTHORED",
        "region_code": "NGR-02",
        "road_candidate_id": "NG-RD-CAND-000172",
        "road_class_code": "REGIONAL",
        "road_id": "NG-RD-000172",
        "road_name_id": "NG-NAM-ROA-000172",
        "runtime_effect_scope": "SHARED_REFERENCE",
        "runtime_mode": "production",
        "start_place_id": "NG-PLC-000158"
      },
      "type": "Feature"
    },
    {
      "geometry": {
        "coordinates": [
          [
            37.3444,
            -3.212167
          ],
          [
            37.360066,
            -3.212792
          ]
        ],
        "type": "LineString"
      },
      "properties": {
        "canonical_name": "Vondara Avenue",
        "end_place_id": "NG-PLC-000239",
        "geometry_id": "",
        "geometry_id_state": "PENDING_GOVERNED_LIVE_RESERVATION",
        "geometry_reservation_key": "p006.7.11.12:road-alignment:NG-RD-000173",
        "geometry_role_code": "ROAD_ALIGNMENT",
        "length_m": 1740.633,
        "provenance_class": "NNGLA_SIMULATION_AUTHORED_ALIGNMENT",
        "publication_status": "NOT_PUBLISHED",
        "qualification_status": "QUALIFIED_SIMULATION_AUTHORED",
        "region_code": "NGR-03",
        "road_candidate_id": "NG-RD-CAND-000173",
        "road_class_code": "RURAL",
        "road_id": "NG-RD-000173",
        "road_name_id": "NG-NAM-ROA-000173",
        "runtime_effect_scope": "SHARED_REFERENCE",
        "runtime_mode": "production",
        "start_place_id": "NG-PLC-000255"
      },
      "type": "Feature"
    },
    {
      "geometry": {
        "coordinates": [
          [
            37.67136,
            -3.272217
          ],
          [
            37.682116,
            -3.291962
          ]
        ],
        "type": "LineString"
      },
      "properties": {
        "canonical_name": "Greenbarrow Lane",
        "end_place_id": "NG-PLC-000180",
        "geometry_id": "",
        "geometry_id_state": "PENDING_GOVERNED_LIVE_RESERVATION",
        "geometry_reservation_key": "p006.7.11.12:road-alignment:NG-RD-000174",
        "geometry_role_code": "ROAD_ALIGNMENT",
        "length_m": 2499.237,
        "provenance_class": "NNGLA_SIMULATION_AUTHORED_ALIGNMENT",
        "publication_status": "NOT_PUBLISHED",
        "qualification_status": "QUALIFIED_SIMULATION_AUTHORED",
        "region_code": "NGR-03",
        "road_candidate_id": "NG-RD-CAND-000174",
        "road_class_code": "ACCESS",
        "road_id": "NG-RD-000174",
        "road_name_id": "NG-NAM-ROA-000174",
        "runtime_effect_scope": "SHARED_REFERENCE",
        "runtime_mode": "production",
        "start_place_id": "NG-PLC-000181"
      },
      "type": "Feature"
    },
    {
      "geometry": {
        "coordinates": [
          [
            36.945005,
            -3.494379
          ],
          [
            36.958734,
            -3.471485
          ]
        ],
        "type": "LineString"
      },
      "properties": {
        "canonical_name": "Kestrel Plain Drive",
        "end_place_id": "NG-PLC-000202",
        "geometry_id": "",
        "geometry_id_state": "PENDING_GOVERNED_LIVE_RESERVATION",
        "geometry_reservation_key": "p006.7.11.12:road-alignment:NG-RD-000175",
        "geometry_role_code": "ROAD_ALIGNMENT",
        "length_m": 2966.899,
        "provenance_class": "NNGLA_SIMULATION_AUTHORED_ALIGNMENT",
        "publication_status": "NOT_PUBLISHED",
        "qualification_status": "QUALIFIED_SIMULATION_AUTHORED",
        "region_code": "NGR-03",
        "road_candidate_id": "NG-RD-CAND-000175",
        "road_class_code": "SERVICE",
        "road_id": "NG-RD-000175",
        "road_name_id": "NG-NAM-ROA-000175",
        "runtime_effect_scope": "SHARED_REFERENCE",
        "runtime_mode": "production",
        "start_place_id": "NG-PLC-000235"
      },
      "type": "Feature"
    },
    {
      "geometry": {
        "coordinates": [
          [
            37.66,
            -3.307467
          ],
          [
            37.6867,
            -3.311635
          ]
        ],
        "type": "LineString"
      },
      "properties": {
        "canonical_name": "Solmere Way",
        "end_place_id": "NG-PLC-000179",
        "geometry_id": "",
        "geometry_id_state": "PENDING_GOVERNED_LIVE_RESERVATION",
        "geometry_reservation_key": "p006.7.11.12:road-alignment:NG-RD-000176",
        "geometry_role_code": "ROAD_ALIGNMENT",
        "length_m": 2999.973,
        "provenance_class": "NNGLA_SIMULATION_AUTHORED_ALIGNMENT",
        "publication_status": "NOT_PUBLISHED",
        "qualification_status": "QUALIFIED_SIMULATION_AUTHORED",
        "region_code": "NGR-03",
        "road_candidate_id": "NG-RD-CAND-000176",
        "road_class_code": "LOCAL",
        "road_id": "NG-RD-000176",
        "road_name_id": "NG-NAM-ROA-000176",
        "runtime_effect_scope": "SHARED_REFERENCE",
        "runtime_mode": "production",
        "start_place_id": "NG-PLC-000173"
      },
      "type": "Feature"
    },
    {
      "geometry": {
        "coordinates": [
          [
            37.753729,
            -3.285763
          ],
          [
            37.76277,
            -3.256474
          ]
        ],
        "type": "LineString"
      },
      "properties": {
        "canonical_name": "Vondara Central Boulevard",
        "end_place_id": "NG-PLC-000193",
        "geometry_id": "",
        "geometry_id_state": "PENDING_GOVERNED_LIVE_RESERVATION",
        "geometry_reservation_key": "p006.7.11.12:road-alignment:NG-RD-000177",
        "geometry_role_code": "ROAD_ALIGNMENT",
        "length_m": 3407.942,
        "provenance_class": "NNGLA_SIMULATION_AUTHORED_ALIGNMENT",
        "publication_status": "NOT_PUBLISHED",
        "qualification_status": "QUALIFIED_SIMULATION_AUTHORED",
        "region_code": "NGR-03",
        "road_candidate_id": "NG-RD-CAND-000177",
        "road_class_code": "MUNICIPAL",
        "road_id": "NG-RD-000177",
        "road_name_id": "NG-NAM-ROA-000177",
        "runtime_effect_scope": "SHARED_REFERENCE",
        "runtime_mode": "production",
        "start_place_id": "NG-PLC-000196"
      },
      "type": "Feature"
    },
    {
      "geometry": {
        "coordinates": [
          [
            37.644762,
            -3.273758
          ],
          [
            37.66,
            -3.307467
          ]
        ],
        "type": "LineString"
      },
      "properties": {
        "canonical_name": "Grain Exchange Highway",
        "end_place_id": "NG-PLC-000173",
        "geometry_id": "",
        "geometry_id_state": "PENDING_GOVERNED_LIVE_RESERVATION",
        "geometry_reservation_key": "p006.7.11.12:road-alignment:NG-RD-000178",
        "geometry_role_code": "ROAD_ALIGNMENT",
        "length_m": 4112.307,
        "provenance_class": "NNGLA_SIMULATION_AUTHORED_ALIGNMENT",
        "publication_status": "NOT_PUBLISHED",
        "qualification_status": "QUALIFIED_SIMULATION_AUTHORED",
        "region_code": "NGR-03",
        "road_candidate_id": "NG-RD-CAND-000178",
        "road_class_code": "DISTRICT",
        "road_id": "NG-RD-000178",
        "road_name_id": "NG-NAM-ROA-000178",
        "runtime_effect_scope": "SHARED_REFERENCE",
        "runtime_mode": "production",
        "start_place_id": "NG-PLC-000178"
      },
      "type": "Feature"
    },
    {
      "geometry": {
        "coordinates": [
          [
            37.427771,
            -2.558241
          ],
          [
            37.456721,
            -2.582387
          ]
        ],
        "type": "LineString"
      },
      "properties": {
        "canonical_name": "Copperleaf Ward Junction",
        "end_place_id": "NG-PLC-000243",
        "geometry_id": "",
        "geometry_id_state": "PENDING_GOVERNED_LIVE_RESERVATION",
        "geometry_reservation_key": "p006.7.11.12:road-alignment:NG-RD-000179",
        "geometry_role_code": "ROAD_ALIGNMENT",
        "length_m": 4189.335,
        "provenance_class": "NNGLA_SIMULATION_AUTHORED_ALIGNMENT",
        "publication_status": "NOT_PUBLISHED",
        "qualification_status": "QUALIFIED_SIMULATION_AUTHORED",
        "region_code": "NGR-03",
        "road_candidate_id": "NG-RD-CAND-000179",
        "road_class_code": "REGIONAL",
        "road_id": "NG-RD-000179",
        "road_name_id": "NG-NAM-ROA-000179",
        "runtime_effect_scope": "SHARED_REFERENCE",
        "runtime_mode": "production",
        "start_place_id": "NG-PLC-000244"
      },
      "type": "Feature"
    },
    {
      "geometry": {
        "coordinates": [
          [
            37.183813,
            -3.045492
          ],
          [
            37.222002,
            -3.052007
          ]
        ],
        "type": "LineString"
      },
      "properties": {
        "canonical_name": "Makers' Quarter Crossing",
        "end_place_id": "NG-PLC-000220",
        "geometry_id": "",
        "geometry_id_state": "PENDING_GOVERNED_LIVE_RESERVATION",
        "geometry_reservation_key": "p006.7.11.12:road-alignment:NG-RD-000180",
        "geometry_role_code": "ROAD_ALIGNMENT",
        "length_m": 4301.855,
        "provenance_class": "NNGLA_SIMULATION_AUTHORED_ALIGNMENT",
        "publication_status": "NOT_PUBLISHED",
        "qualification_status": "QUALIFIED_SIMULATION_AUTHORED",
        "region_code": "NGR-03",
        "road_candidate_id": "NG-RD-CAND-000180",
        "road_class_code": "RURAL",
        "road_id": "NG-RD-000180",
        "road_name_id": "NG-NAM-ROA-000180",
        "runtime_effect_scope": "SHARED_REFERENCE",
        "runtime_mode": "production",
        "start_place_id": "NG-PLC-000248"
      },
      "type": "Feature"
    },
    {
      "geometry": {
        "coordinates": [
          [
            37.612259,
            -3.297789
          ],
          [
            37.644762,
            -3.273758
          ]
        ],
        "type": "LineString"
      },
      "properties": {
        "canonical_name": "East Viaduct Road",
        "end_place_id": "NG-PLC-000178",
        "geometry_id": "",
        "geometry_id_state": "PENDING_GOVERNED_LIVE_RESERVATION",
        "geometry_reservation_key": "p006.7.11.12:road-alignment:NG-RD-000181",
        "geometry_role_code": "ROAD_ALIGNMENT",
        "length_m": 4489.946,
        "provenance_class": "NNGLA_SIMULATION_AUTHORED_ALIGNMENT",
        "publication_status": "NOT_PUBLISHED",
        "qualification_status": "QUALIFIED_SIMULATION_AUTHORED",
        "region_code": "NGR-03",
        "road_candidate_id": "NG-RD-CAND-000181",
        "road_class_code": "ACCESS",
        "road_id": "NG-RD-000181",
        "road_name_id": "NG-NAM-ROA-000181",
        "runtime_effect_scope": "SHARED_REFERENCE",
        "runtime_mode": "production",
        "start_place_id": "NG-PLC-000182"
      },
      "type": "Feature"
    },
    {
      "geometry": {
        "coordinates": [
          [
            37.098915,
            -3.02171
          ],
          [
            37.13321,
            -3.050849
          ]
        ],
        "type": "LineString"
      },
      "properties": {
        "canonical_name": "Old Granary Street",
        "end_place_id": "NG-PLC-000247",
        "geometry_id": "",
        "geometry_id_state": "PENDING_GOVERNED_LIVE_RESERVATION",
        "geometry_reservation_key": "p006.7.11.12:road-alignment:NG-RD-000182",
        "geometry_role_code": "ROAD_ALIGNMENT",
        "length_m": 4999.982,
        "provenance_class": "NNGLA_SIMULATION_AUTHORED_ALIGNMENT",
        "publication_status": "NOT_PUBLISHED",
        "qualification_status": "QUALIFIED_SIMULATION_AUTHORED",
        "region_code": "NGR-03",
        "road_candidate_id": "NG-RD-CAND-000182",
        "road_class_code": "SERVICE",
        "road_id": "NG-RD-000182",
        "road_name_id": "NG-NAM-ROA-000182",
        "runtime_effect_scope": "SHARED_REFERENCE",
        "runtime_mode": "production",
        "start_place_id": "NG-PLC-000210"
      },
      "type": "Feature"
    },
    {
      "geometry": {
        "coordinates": [
          [
            37.580808,
            -3.264607
          ],
          [
            37.612259,
            -3.297789
          ]
        ],
        "type": "LineString"
      },
      "properties": {
        "canonical_name": "Innovation Loop Avenue",
        "end_place_id": "NG-PLC-000182",
        "geometry_id": "",
        "geometry_id_state": "PENDING_GOVERNED_LIVE_RESERVATION",
        "geometry_reservation_key": "p006.7.11.12:road-alignment:NG-RD-000183",
        "geometry_role_code": "ROAD_ALIGNMENT",
        "length_m": 5079.766,
        "provenance_class": "NNGLA_SIMULATION_AUTHORED_ALIGNMENT",
        "publication_status": "NOT_PUBLISHED",
        "qualification_status": "QUALIFIED_SIMULATION_AUTHORED",
        "region_code": "NGR-03",
        "road_candidate_id": "NG-RD-CAND-000183",
        "road_class_code": "LOCAL",
        "road_id": "NG-RD-000183",
        "road_name_id": "NG-NAM-ROA-000183",
        "runtime_effect_scope": "SHARED_REFERENCE",
        "runtime_mode": "production",
        "start_place_id": "NG-PLC-000187"
      },
      "type": "Feature"
    },
    {
      "geometry": {
        "coordinates": [
          [
            37.32759,
            -3.166237
          ],
          [
            37.355744,
            -3.127118
          ]
        ],
        "type": "LineString"
      },
      "properties": {
        "canonical_name": "Grand Station Lane",
        "end_place_id": "NG-PLC-000246",
        "geometry_id": "",
        "geometry_id_state": "PENDING_GOVERNED_LIVE_RESERVATION",
        "geometry_reservation_key": "p006.7.11.12:road-alignment:NG-RD-000184",
        "geometry_role_code": "ROAD_ALIGNMENT",
        "length_m": 5356.505,
        "provenance_class": "NNGLA_SIMULATION_AUTHORED_ALIGNMENT",
        "publication_status": "NOT_PUBLISHED",
        "qualification_status": "QUALIFIED_SIMULATION_AUTHORED",
        "region_code": "NGR-03",
        "road_candidate_id": "NG-RD-CAND-000184",
        "road_class_code": "MUNICIPAL",
        "road_id": "NG-RD-000184",
        "road_name_id": "NG-NAM-ROA-000184",
        "runtime_effect_scope": "SHARED_REFERENCE",
        "runtime_mode": "production",
        "start_place_id": "NG-PLC-000209"
      },
      "type": "Feature"
    },
    {
      "geometry": {
        "coordinates": [
          [
            37.32759,
            -3.166237
          ],
          [
            37.3444,
            -3.212167
          ]
        ],
        "type": "LineString"
      },
      "properties": {
        "canonical_name": "Meadowcrest Drive",
        "end_place_id": "NG-PLC-000255",
        "geometry_id": "",
        "geometry_id_state": "PENDING_GOVERNED_LIVE_RESERVATION",
        "geometry_reservation_key": "p006.7.11.12:road-alignment:NG-RD-000185",
        "geometry_role_code": "ROAD_ALIGNMENT",
        "length_m": 5437.504,
        "provenance_class": "NNGLA_SIMULATION_AUTHORED_ALIGNMENT",
        "publication_status": "NOT_PUBLISHED",
        "qualification_status": "QUALIFIED_SIMULATION_AUTHORED",
        "region_code": "NGR-03",
        "road_candidate_id": "NG-RD-CAND-000185",
        "road_class_code": "DISTRICT",
        "road_id": "NG-RD-000185",
        "road_name_id": "NG-NAM-ROA-000185",
        "runtime_effect_scope": "SHARED_REFERENCE",
        "runtime_mode": "production",
        "start_place_id": "NG-PLC-000209"
      },
      "type": "Feature"
    },
    {
      "geometry": {
        "coordinates": [
          [
            37.531735,
            -3.222706
          ],
          [
            37.567682,
            -3.188923
          ]
        ],
        "type": "LineString"
      },
      "properties": {
        "canonical_name": "Kenwick Park Way",
        "end_place_id": "NG-PLC-000192",
        "geometry_id": "",
        "geometry_id_state": "PENDING_GOVERNED_LIVE_RESERVATION",
        "geometry_reservation_key": "p006.7.11.12:road-alignment:NG-RD-000186",
        "geometry_role_code": "ROAD_ALIGNMENT",
        "length_m": 5480.73,
        "provenance_class": "NNGLA_SIMULATION_AUTHORED_ALIGNMENT",
        "publication_status": "NOT_PUBLISHED",
        "qualification_status": "QUALIFIED_SIMULATION_AUTHORED",
        "region_code": "NGR-03",
        "road_candidate_id": "NG-RD-CAND-000186",
        "road_class_code": "REGIONAL",
        "road_id": "NG-RD-000186",
        "road_name_id": "NG-NAM-ROA-000186",
        "runtime_effect_scope": "SHARED_REFERENCE",
        "runtime_mode": "production",
        "start_place_id": "NG-PLC-000256"
      },
      "type": "Feature"
    },
    {
      "geometry": {
        "coordinates": [
          [
            37.13321,
            -3.050849
          ],
          [
            37.183813,
            -3.045492
          ]
        ],
        "type": "LineString"
      },
      "properties": {
        "canonical_name": "Solara Fields Boulevard",
        "end_place_id": "NG-PLC-000248",
        "geometry_id": "",
        "geometry_id_state": "PENDING_GOVERNED_LIVE_RESERVATION",
        "geometry_reservation_key": "p006.7.11.12:road-alignment:NG-RD-000187",
        "geometry_role_code": "ROAD_ALIGNMENT",
        "length_m": 5650.33,
        "provenance_class": "NNGLA_SIMULATION_AUTHORED_ALIGNMENT",
        "publication_status": "NOT_PUBLISHED",
        "qualification_status": "QUALIFIED_SIMULATION_AUTHORED",
        "region_code": "NGR-03",
        "road_candidate_id": "NG-RD-CAND-000187",
        "road_class_code": "RURAL",
        "road_id": "NG-RD-000187",
        "road_name_id": "NG-NAM-ROA-000187",
        "runtime_effect_scope": "SHARED_REFERENCE",
        "runtime_mode": "production",
        "start_place_id": "NG-PLC-000247"
      },
      "type": "Feature"
    },
    {
      "geometry": {
        "coordinates": [
          [
            36.921128,
            -3.432854
          ],
          [
            36.958734,
            -3.471485
          ]
        ],
        "type": "LineString"
      },
      "properties": {
        "canonical_name": "Vondel Grove Highway",
        "end_place_id": "NG-PLC-000202",
        "geometry_id": "",
        "geometry_id_state": "PENDING_GOVERNED_LIVE_RESERVATION",
        "geometry_reservation_key": "p006.7.11.12:road-alignment:NG-RD-000188",
        "geometry_role_code": "ROAD_ALIGNMENT",
        "length_m": 5989.522,
        "provenance_class": "NNGLA_SIMULATION_AUTHORED_ALIGNMENT",
        "publication_status": "NOT_PUBLISHED",
        "qualification_status": "QUALIFIED_SIMULATION_AUTHORED",
        "region_code": "NGR-03",
        "road_candidate_id": "NG-RD-CAND-000188",
        "road_class_code": "ACCESS",
        "road_id": "NG-RD-000188",
        "road_name_id": "NG-NAM-ROA-000188",
        "runtime_effect_scope": "SHARED_REFERENCE",
        "runtime_mode": "production",
        "start_place_id": "NG-PLC-000231"
      },
      "type": "Feature"
    },
    {
      "geometry": {
        "coordinates": [
          [
            37.465487,
            -3.27666
          ],
          [
            37.503894,
            -3.321721
          ]
        ],
        "type": "LineString"
      },
      "properties": {
        "canonical_name": "Fairmead Junction",
        "end_place_id": "NG-PLC-000191",
        "geometry_id": "",
        "geometry_id_state": "PENDING_GOVERNED_LIVE_RESERVATION",
        "geometry_reservation_key": "p006.7.11.12:road-alignment:NG-RD-000189",
        "geometry_role_code": "ROAD_ALIGNMENT",
        "length_m": 6579.053,
        "provenance_class": "NNGLA_SIMULATION_AUTHORED_ALIGNMENT",
        "publication_status": "NOT_PUBLISHED",
        "qualification_status": "QUALIFIED_SIMULATION_AUTHORED",
        "region_code": "NGR-03",
        "road_candidate_id": "NG-RD-CAND-000189",
        "road_class_code": "SERVICE",
        "road_id": "NG-RD-000189",
        "road_name_id": "NG-NAM-ROA-000189",
        "runtime_effect_scope": "SHARED_REFERENCE",
        "runtime_mode": "production",
        "start_place_id": "NG-PLC-000254"
      },
      "type": "Feature"
    },
    {
      "geometry": {
        "coordinates": [
          [
            36.945005,
            -3.494379
          ],
          [
            37.006885,
            -3.485388
          ]
        ],
        "type": "LineString"
      },
      "properties": {
        "canonical_name": "New Verona Crossing",
        "end_place_id": "NG-PLC-000257",
        "geometry_id": "",
        "geometry_id_state": "PENDING_GOVERNED_LIVE_RESERVATION",
        "geometry_reservation_key": "p006.7.11.12:road-alignment:NG-RD-000190",
        "geometry_role_code": "ROAD_ALIGNMENT",
        "length_m": 6940.376,
        "provenance_class": "NNGLA_SIMULATION_AUTHORED_ALIGNMENT",
        "publication_status": "NOT_PUBLISHED",
        "qualification_status": "QUALIFIED_SIMULATION_AUTHORED",
        "region_code": "NGR-03",
        "road_candidate_id": "NG-RD-CAND-000190",
        "road_class_code": "LOCAL",
        "road_id": "NG-RD-000190",
        "road_name_id": "NG-NAM-ROA-000190",
        "runtime_effect_scope": "SHARED_REFERENCE",
        "runtime_mode": "production",
        "start_place_id": "NG-PLC-000235"
      },
      "type": "Feature"
    },
    {
      "geometry": {
        "coordinates": [
          [
            37.531735,
            -3.222706
          ],
          [
            37.580808,
            -3.264607
          ]
        ],
        "type": "LineString"
      },
      "properties": {
        "canonical_name": "Kaelstone Road",
        "end_place_id": "NG-PLC-000187",
        "geometry_id": "",
        "geometry_id_state": "PENDING_GOVERNED_LIVE_RESERVATION",
        "geometry_reservation_key": "p006.7.11.12:road-alignment:NG-RD-000191",
        "geometry_role_code": "ROAD_ALIGNMENT",
        "length_m": 7168.542,
        "provenance_class": "NNGLA_SIMULATION_AUTHORED_ALIGNMENT",
        "publication_status": "NOT_PUBLISHED",
        "qualification_status": "QUALIFIED_SIMULATION_AUTHORED",
        "region_code": "NGR-03",
        "road_candidate_id": "NG-RD-CAND-000191",
        "road_class_code": "MUNICIPAL",
        "road_id": "NG-RD-000191",
        "road_name_id": "NG-NAM-ROA-000191",
        "runtime_effect_scope": "SHARED_REFERENCE",
        "runtime_mode": "production",
        "start_place_id": "NG-PLC-000256"
      },
      "type": "Feature"
    },
    {
      "geometry": {
        "coordinates": [
          [
            37.865499,
            -4.360711
          ],
          [
            37.902596,
            -4.307292
          ]
        ],
        "type": "LineString"
      },
      "properties": {
        "canonical_name": "Greenhaven Street",
        "end_place_id": "NG-PLC-000198",
        "geometry_id": "",
        "geometry_id_state": "PENDING_GOVERNED_LIVE_RESERVATION",
        "geometry_reservation_key": "p006.7.11.12:road-alignment:NG-RD-000192",
        "geometry_role_code": "ROAD_ALIGNMENT",
        "length_m": 7225.043,
        "provenance_class": "NNGLA_SIMULATION_AUTHORED_ALIGNMENT",
        "publication_status": "NOT_PUBLISHED",
        "qualification_status": "QUALIFIED_SIMULATION_AUTHORED",
        "region_code": "NGR-03",
        "road_candidate_id": "NG-RD-CAND-000192",
        "road_class_code": "DISTRICT",
        "road_id": "NG-RD-000192",
        "road_name_id": "NG-NAM-ROA-000192",
        "runtime_effect_scope": "SHARED_REFERENCE",
        "runtime_mode": "production",
        "start_place_id": "NG-PLC-000223"
      },
      "type": "Feature"
    },
    {
      "geometry": {
        "coordinates": [
          [
            37.518471,
            -3.14543
          ],
          [
            37.567682,
            -3.188923
          ]
        ],
        "type": "LineString"
      },
      "properties": {
        "canonical_name": "Ashford Lane Avenue",
        "end_place_id": "NG-PLC-000192",
        "geometry_id": "",
        "geometry_id_state": "PENDING_GOVERNED_LIVE_RESERVATION",
        "geometry_reservation_key": "p006.7.11.12:road-alignment:NG-RD-000193",
        "geometry_role_code": "ROAD_ALIGNMENT",
        "length_m": 7296.61,
        "provenance_class": "NNGLA_SIMULATION_AUTHORED_ALIGNMENT",
        "publication_status": "NOT_PUBLISHED",
        "qualification_status": "QUALIFIED_SIMULATION_AUTHORED",
        "region_code": "NGR-03",
        "road_candidate_id": "NG-RD-CAND-000193",
        "road_class_code": "REGIONAL",
        "road_id": "NG-RD-000193",
        "road_name_id": "NG-NAM-ROA-000193",
        "runtime_effect_scope": "SHARED_REFERENCE",
        "runtime_mode": "production",
        "start_place_id": "NG-PLC-000195"
      },
      "type": "Feature"
    },
    {
      "geometry": {
        "coordinates": [
          [
            37.743781,
            -3.189723
          ],
          [
            37.81085,
            -3.196102
          ]
        ],
        "type": "LineString"
      },
      "properties": {
        "canonical_name": "Juniper Rise Lane",
        "end_place_id": "NG-PLC-000188",
        "geometry_id": "",
        "geometry_id_state": "PENDING_GOVERNED_LIVE_RESERVATION",
        "geometry_reservation_key": "p006.7.11.12:road-alignment:NG-RD-000194",
        "geometry_role_code": "ROAD_ALIGNMENT",
        "length_m": 7479.874,
        "provenance_class": "NNGLA_SIMULATION_AUTHORED_ALIGNMENT",
        "publication_status": "NOT_PUBLISHED",
        "qualification_status": "QUALIFIED_SIMULATION_AUTHORED",
        "region_code": "NGR-03",
        "road_candidate_id": "NG-RD-CAND-000194",
        "road_class_code": "RURAL",
        "road_id": "NG-RD-000194",
        "road_name_id": "NG-NAM-ROA-000194",
        "runtime_effect_scope": "SHARED_REFERENCE",
        "runtime_mode": "production",
        "start_place_id": "NG-PLC-000189"
      },
      "type": "Feature"
    },
    {
      "geometry": {
        "coordinates": [
          [
            37.869062,
            -4.245763
          ],
          [
            37.902596,
            -4.307292
          ]
        ],
        "type": "LineString"
      },
      "properties": {
        "canonical_name": "Eastmere Drive",
        "end_place_id": "NG-PLC-000198",
        "geometry_id": "",
        "geometry_id_state": "PENDING_GOVERNED_LIVE_RESERVATION",
        "geometry_reservation_key": "p006.7.11.12:road-alignment:NG-RD-000195",
        "geometry_role_code": "ROAD_ALIGNMENT",
        "length_m": 7786.906,
        "provenance_class": "NNGLA_SIMULATION_AUTHORED_ALIGNMENT",
        "publication_status": "NOT_PUBLISHED",
        "qualification_status": "QUALIFIED_SIMULATION_AUTHORED",
        "region_code": "NGR-03",
        "road_candidate_id": "NG-RD-CAND-000195",
        "road_class_code": "ACCESS",
        "road_id": "NG-RD-000195",
        "road_name_id": "NG-NAM-ROA-000195",
        "runtime_effect_scope": "SHARED_REFERENCE",
        "runtime_mode": "production",
        "start_place_id": "NG-PLC-000200"
      },
      "type": "Feature"
    },
    {
      "geometry": {
        "coordinates": [
          [
            37.682116,
            -3.291962
          ],
          [
            37.753729,
            -3.285763
          ]
        ],
        "type": "LineString"
      },
      "properties": {
        "canonical_name": "Orchard Gate Way",
        "end_place_id": "NG-PLC-000196",
        "geometry_id": "",
        "geometry_id_state": "PENDING_GOVERNED_LIVE_RESERVATION",
        "geometry_reservation_key": "p006.7.11.12:road-alignment:NG-RD-000196",
        "geometry_role_code": "ROAD_ALIGNMENT",
        "length_m": 7979.725,
        "provenance_class": "NNGLA_SIMULATION_AUTHORED_ALIGNMENT",
        "publication_status": "NOT_PUBLISHED",
        "qualification_status": "QUALIFIED_SIMULATION_AUTHORED",
        "region_code": "NGR-03",
        "road_candidate_id": "NG-RD-CAND-000196",
        "road_class_code": "SERVICE",
        "road_id": "NG-RD-000196",
        "road_name_id": "NG-NAM-ROA-000196",
        "runtime_effect_scope": "SHARED_REFERENCE",
        "runtime_mode": "production",
        "start_place_id": "NG-PLC-000180"
      },
      "type": "Feature"
    },
    {
      "geometry": {
        "coordinates": [
          [
            37.671223,
            -3.33201
          ],
          [
            37.674828,
            -3.404523
          ]
        ],
        "type": "LineString"
      },
      "properties": {
        "canonical_name": "Vondel Boulevard",
        "end_place_id": "NG-PLC-000186",
        "geometry_id": "",
        "geometry_id_state": "PENDING_GOVERNED_LIVE_RESERVATION",
        "geometry_reservation_key": "p006.7.11.12:road-alignment:NG-RD-000197",
        "geometry_role_code": "ROAD_ALIGNMENT",
        "length_m": 8073.013,
        "provenance_class": "NNGLA_SIMULATION_AUTHORED_ALIGNMENT",
        "publication_status": "NOT_PUBLISHED",
        "qualification_status": "QUALIFIED_SIMULATION_AUTHORED",
        "region_code": "NGR-03",
        "road_candidate_id": "NG-RD-CAND-000197",
        "road_class_code": "LOCAL",
        "road_id": "NG-RD-000197",
        "road_name_id": "NG-NAM-ROA-000197",
        "runtime_effect_scope": "SHARED_REFERENCE",
        "runtime_mode": "production",
        "start_place_id": "NG-PLC-000184"
      },
      "type": "Feature"
    },
    {
      "geometry": {
        "coordinates": [
          [
            37.427771,
            -2.558241
          ],
          [
            37.48443,
            -2.5081
          ]
        ],
        "type": "LineString"
      },
      "properties": {
        "canonical_name": "Meadowrun Highway",
        "end_place_id": "NG-PLC-000208",
        "geometry_id": "",
        "geometry_id_state": "PENDING_GOVERNED_LIVE_RESERVATION",
        "geometry_reservation_key": "p006.7.11.12:road-alignment:NG-RD-000198",
        "geometry_role_code": "ROAD_ALIGNMENT",
        "length_m": 8408.356,
        "provenance_class": "NNGLA_SIMULATION_AUTHORED_ALIGNMENT",
        "publication_status": "NOT_PUBLISHED",
        "qualification_status": "QUALIFIED_SIMULATION_AUTHORED",
        "region_code": "NGR-03",
        "road_candidate_id": "NG-RD-CAND-000198",
        "road_class_code": "MUNICIPAL",
        "road_id": "NG-RD-000198",
        "road_name_id": "NG-NAM-ROA-000198",
        "runtime_effect_scope": "SHARED_REFERENCE",
        "runtime_mode": "production",
        "start_place_id": "NG-PLC-000244"
      },
      "type": "Feature"
    },
    {
      "geometry": {
        "coordinates": [
          [
            37.76277,
            -3.256474
          ],
          [
            37.81085,
            -3.196102
          ]
        ],
        "type": "LineString"
      },
      "properties": {
        "canonical_name": "Grainford Junction",
        "end_place_id": "NG-PLC-000188",
        "geometry_id": "",
        "geometry_id_state": "PENDING_GOVERNED_LIVE_RESERVATION",
        "geometry_reservation_key": "p006.7.11.12:road-alignment:NG-RD-000199",
        "geometry_role_code": "ROAD_ALIGNMENT",
        "length_m": 8576.553,
        "provenance_class": "NNGLA_SIMULATION_AUTHORED_ALIGNMENT",
        "publication_status": "NOT_PUBLISHED",
        "qualification_status": "QUALIFIED_SIMULATION_AUTHORED",
        "region_code": "NGR-03",
        "road_candidate_id": "NG-RD-CAND-000199",
        "road_class_code": "DISTRICT",
        "road_id": "NG-RD-000199",
        "road_name_id": "NG-NAM-ROA-000199",
        "runtime_effect_scope": "SHARED_REFERENCE",
        "runtime_mode": "production",
        "start_place_id": "NG-PLC-000193"
      },
      "type": "Feature"
    },
    {
      "geometry": {
        "coordinates": [
          [
            37.412252,
            -3.179076
          ],
          [
            37.454301,
            -3.24598
          ]
        ],
        "type": "LineString"
      },
      "properties": {
        "canonical_name": "Solhaven Crossing",
        "end_place_id": "NG-PLC-000206",
        "geometry_id": "",
        "geometry_id_state": "PENDING_GOVERNED_LIVE_RESERVATION",
        "geometry_reservation_key": "p006.7.11.12:road-alignment:NG-RD-000200",
        "geometry_role_code": "ROAD_ALIGNMENT",
        "length_m": 8782.8,
        "provenance_class": "NNGLA_SIMULATION_AUTHORED_ALIGNMENT",
        "publication_status": "NOT_PUBLISHED",
        "qualification_status": "QUALIFIED_SIMULATION_AUTHORED",
        "region_code": "NGR-03",
        "road_candidate_id": "NG-RD-CAND-000200",
        "road_class_code": "REGIONAL",
        "road_id": "NG-RD-000200",
        "road_name_id": "NG-NAM-ROA-000200",
        "runtime_effect_scope": "SHARED_REFERENCE",
        "runtime_mode": "production",
        "start_place_id": "NG-PLC-000240"
      },
      "type": "Feature"
    },
    {
      "geometry": {
        "coordinates": [
          [
            37.947679,
            -4.308245
          ],
          [
            37.956958,
            -4.227554
          ]
        ],
        "type": "LineString"
      },
      "properties": {
        "canonical_name": "Amberfield Road",
        "end_place_id": "NG-PLC-000227",
        "geometry_id": "",
        "geometry_id_state": "PENDING_GOVERNED_LIVE_RESERVATION",
        "geometry_reservation_key": "p006.7.11.12:road-alignment:NG-RD-000201",
        "geometry_role_code": "ROAD_ALIGNMENT",
        "length_m": 9031.245,
        "provenance_class": "NNGLA_SIMULATION_AUTHORED_ALIGNMENT",
        "publication_status": "NOT_PUBLISHED",
        "qualification_status": "QUALIFIED_SIMULATION_AUTHORED",
        "region_code": "NGR-03",
        "road_candidate_id": "NG-RD-CAND-000201",
        "road_class_code": "RURAL",
        "road_id": "NG-RD-000201",
        "road_name_id": "NG-NAM-ROA-000201",
        "runtime_effect_scope": "SHARED_REFERENCE",
        "runtime_mode": "production",
        "start_place_id": "NG-PLC-000224"
      },
      "type": "Feature"
    },
    {
      "geometry": {
        "coordinates": [
          [
            37.503894,
            -3.321721
          ],
          [
            37.583182,
            -3.292153
          ]
        ],
        "type": "LineString"
      },
      "properties": {
        "canonical_name": "Kestrel Street",
        "end_place_id": "NG-PLC-000177",
        "geometry_id": "",
        "geometry_id_state": "PENDING_GOVERNED_LIVE_RESERVATION",
        "geometry_reservation_key": "p006.7.11.12:road-alignment:NG-RD-000202",
        "geometry_role_code": "ROAD_ALIGNMENT",
        "length_m": 9395.777,
        "provenance_class": "NNGLA_SIMULATION_AUTHORED_ALIGNMENT",
        "publication_status": "NOT_PUBLISHED",
        "qualification_status": "QUALIFIED_SIMULATION_AUTHORED",
        "region_code": "NGR-03",
        "road_candidate_id": "NG-RD-CAND-000202",
        "road_class_code": "ACCESS",
        "road_id": "NG-RD-000202",
        "road_name_id": "NG-NAM-ROA-000202",
        "runtime_effect_scope": "SHARED_REFERENCE",
        "runtime_mode": "production",
        "start_place_id": "NG-PLC-000191"
      },
      "type": "Feature"
    },
    {
      "geometry": {
        "coordinates": [
          [
            37.32759,
            -3.166237
          ],
          [
            37.412252,
            -3.179076
          ]
        ],
        "type": "LineString"
      },
      "properties": {
        "canonical_name": "Windcross Avenue",
        "end_place_id": "NG-PLC-000240",
        "geometry_id": "",
        "geometry_id_state": "PENDING_GOVERNED_LIVE_RESERVATION",
        "geometry_reservation_key": "p006.7.11.12:road-alignment:NG-RD-000203",
        "geometry_role_code": "ROAD_ALIGNMENT",
        "length_m": 9507.367,
        "provenance_class": "NNGLA_SIMULATION_AUTHORED_ALIGNMENT",
        "publication_status": "NOT_PUBLISHED",
        "qualification_status": "QUALIFIED_SIMULATION_AUTHORED",
        "region_code": "NGR-03",
        "road_candidate_id": "NG-RD-CAND-000203",
        "road_class_code": "SERVICE",
        "road_id": "NG-RD-000203",
        "road_name_id": "NG-NAM-ROA-000203",
        "runtime_effect_scope": "SHARED_REFERENCE",
        "runtime_mode": "production",
        "start_place_id": "NG-PLC-000209"
      },
      "type": "Feature"
    },
    {
      "geometry": {
        "coordinates": [
          [
            36.864324,
            -3.461341
          ],
          [
            36.945005,
            -3.494379
          ]
        ],
        "type": "LineString"
      },
      "properties": {
        "canonical_name": "Talewood Lane",
        "end_place_id": "NG-PLC-000235",
        "geometry_id": "",
        "geometry_id_state": "PENDING_GOVERNED_LIVE_RESERVATION",
        "geometry_reservation_key": "p006.7.11.12:road-alignment:NG-RD-000204",
        "geometry_role_code": "ROAD_ALIGNMENT",
        "length_m": 9679.069,
        "provenance_class": "NNGLA_SIMULATION_AUTHORED_ALIGNMENT",
        "publication_status": "NOT_PUBLISHED",
        "qualification_status": "QUALIFIED_SIMULATION_AUTHORED",
        "region_code": "NGR-03",
        "road_candidate_id": "NG-RD-CAND-000204",
        "road_class_code": "LOCAL",
        "road_id": "NG-RD-000204",
        "road_name_id": "NG-NAM-ROA-000204",
        "runtime_effect_scope": "SHARED_REFERENCE",
        "runtime_mode": "production",
        "start_place_id": "NG-PLC-000204"
      },
      "type": "Feature"
    },
    {
      "geometry": {
        "coordinates": [
          [
            37.67136,
            -3.272217
          ],
          [
            37.76277,
            -3.256474
          ]
        ],
        "type": "LineString"
      },
      "properties": {
        "canonical_name": "Broadacre Drive",
        "end_place_id": "NG-PLC-000193",
        "geometry_id": "",
        "geometry_id_state": "PENDING_GOVERNED_LIVE_RESERVATION",
        "geometry_reservation_key": "p006.7.11.12:road-alignment:NG-RD-000205",
        "geometry_role_code": "ROAD_ALIGNMENT",
        "length_m": 10297.731,
        "provenance_class": "NNGLA_SIMULATION_AUTHORED_ALIGNMENT",
        "publication_status": "NOT_PUBLISHED",
        "qualification_status": "QUALIFIED_SIMULATION_AUTHORED",
        "region_code": "NGR-03",
        "road_candidate_id": "NG-RD-CAND-000205",
        "road_class_code": "MUNICIPAL",
        "road_id": "NG-RD-000205",
        "road_name_id": "NG-NAM-ROA-000205",
        "runtime_effect_scope": "SHARED_REFERENCE",
        "runtime_mode": "production",
        "start_place_id": "NG-PLC-000181"
      },
      "type": "Feature"
    },
    {
      "geometry": {
        "coordinates": [
          [
            37.674828,
            -3.404523
          ],
          [
            37.734687,
            -3.330899
          ]
        ],
        "type": "LineString"
      },
      "properties": {
        "canonical_name": "Eastbarrow Way",
        "end_place_id": "NG-PLC-000183",
        "geometry_id": "",
        "geometry_id_state": "PENDING_GOVERNED_LIVE_RESERVATION",
        "geometry_reservation_key": "p006.7.11.12:road-alignment:NG-RD-000206",
        "geometry_role_code": "ROAD_ALIGNMENT",
        "length_m": 10543.75,
        "provenance_class": "NNGLA_SIMULATION_AUTHORED_ALIGNMENT",
        "publication_status": "NOT_PUBLISHED",
        "qualification_status": "QUALIFIED_SIMULATION_AUTHORED",
        "region_code": "NGR-03",
        "road_candidate_id": "NG-RD-CAND-000206",
        "road_class_code": "DISTRICT",
        "road_id": "NG-RD-000206",
        "road_name_id": "NG-NAM-ROA-000206",
        "runtime_effect_scope": "SHARED_REFERENCE",
        "runtime_mode": "production",
        "start_place_id": "NG-PLC-000186"
      },
      "type": "Feature"
    },
    {
      "geometry": {
        "coordinates": [
          [
            37.865499,
            -4.360711
          ],
          [
            37.947679,
            -4.308245
          ]
        ],
        "type": "LineString"
      },
      "properties": {
        "canonical_name": "Solvek Boulevard",
        "end_place_id": "NG-PLC-000224",
        "geometry_id": "",
        "geometry_id_state": "PENDING_GOVERNED_LIVE_RESERVATION",
        "geometry_reservation_key": "p006.7.11.12:road-alignment:NG-RD-000207",
        "geometry_role_code": "ROAD_ALIGNMENT",
        "length_m": 10819.49,
        "provenance_class": "NNGLA_SIMULATION_AUTHORED_ALIGNMENT",
        "publication_status": "NOT_PUBLISHED",
        "qualification_status": "QUALIFIED_SIMULATION_AUTHORED",
        "region_code": "NGR-03",
        "road_candidate_id": "NG-RD-CAND-000207",
        "road_class_code": "REGIONAL",
        "road_id": "NG-RD-000207",
        "road_name_id": "NG-NAM-ROA-000207",
        "runtime_effect_scope": "SHARED_REFERENCE",
        "runtime_mode": "production",
        "start_place_id": "NG-PLC-000223"
      },
      "type": "Feature"
    },
    {
      "geometry": {
        "coordinates": [
          [
            36.921128,
            -3.432854
          ],
          [
            37.006885,
            -3.485388
          ]
        ],
        "type": "LineString"
      },
      "properties": {
        "canonical_name": "Ashkar Highway",
        "end_place_id": "NG-PLC-000257",
        "geometry_id": "",
        "geometry_id_state": "PENDING_GOVERNED_LIVE_RESERVATION",
        "geometry_reservation_key": "p006.7.11.12:road-alignment:NG-RD-000208",
        "geometry_role_code": "ROAD_ALIGNMENT",
        "length_m": 11167.945,
        "provenance_class": "NNGLA_SIMULATION_AUTHORED_ALIGNMENT",
        "publication_status": "NOT_PUBLISHED",
        "qualification_status": "QUALIFIED_SIMULATION_AUTHORED",
        "region_code": "NGR-03",
        "road_candidate_id": "NG-RD-CAND-000208",
        "road_class_code": "RURAL",
        "road_id": "NG-RD-000208",
        "road_name_id": "NG-NAM-ROA-000208",
        "runtime_effect_scope": "SHARED_REFERENCE",
        "runtime_mode": "production",
        "start_place_id": "NG-PLC-000231"
      },
      "type": "Feature"
    },
    {
      "geometry": {
        "coordinates": [
          [
            36.721001,
            -3.588344
          ],
          [
            36.808384,
            -3.642869
          ]
        ],
        "type": "LineString"
      },
      "properties": {
        "canonical_name": "Harrowfield Junction",
        "end_place_id": "NG-PLC-000253",
        "geometry_id": "",
        "geometry_id_state": "PENDING_GOVERNED_LIVE_RESERVATION",
        "geometry_reservation_key": "p006.7.11.12:road-alignment:NG-RD-000209",
        "geometry_role_code": "ROAD_ALIGNMENT",
        "length_m": 11436.563,
        "provenance_class": "NNGLA_SIMULATION_AUTHORED_ALIGNMENT",
        "publication_status": "NOT_PUBLISHED",
        "qualification_status": "QUALIFIED_SIMULATION_AUTHORED",
        "region_code": "NGR-03",
        "road_candidate_id": "NG-RD-CAND-000209",
        "road_class_code": "ACCESS",
        "road_id": "NG-RD-000209",
        "road_name_id": "NG-NAM-ROA-000209",
        "runtime_effect_scope": "SHARED_REFERENCE",
        "runtime_mode": "production",
        "start_place_id": "NG-PLC-000233"
      },
      "type": "Feature"
    },
    {
      "geometry": {
        "coordinates": [
          [
            37.629156,
            -3.876442
          ],
          [
            37.654309,
            -3.981402
          ]
        ],
        "type": "LineString"
      },
      "properties": {
        "canonical_name": "Cidergate Crossing",
        "end_place_id": "NG-PLC-000174",
        "geometry_id": "",
        "geometry_id_state": "PENDING_GOVERNED_LIVE_RESERVATION",
        "geometry_reservation_key": "p006.7.11.12:road-alignment:NG-RD-000210",
        "geometry_role_code": "ROAD_ALIGNMENT",
        "length_m": 11999.956,
        "provenance_class": "NNGLA_SIMULATION_AUTHORED_ALIGNMENT",
        "publication_status": "NOT_PUBLISHED",
        "qualification_status": "QUALIFIED_SIMULATION_AUTHORED",
        "region_code": "NGR-03",
        "road_candidate_id": "NG-RD-CAND-000210",
        "road_class_code": "SERVICE",
        "road_id": "NG-RD-000210",
        "road_name_id": "NG-NAM-ROA-000210",
        "runtime_effect_scope": "SHARED_REFERENCE",
        "runtime_mode": "production",
        "start_place_id": "NG-PLC-000212"
      },
      "type": "Feature"
    },
    {
      "geometry": {
        "coordinates": [
          [
            36.850726,
            -3.623937
          ],
          [
            36.956718,
            -3.647146
          ]
        ],
        "type": "LineString"
      },
      "properties": {
        "canonical_name": "Westervale Road",
        "end_place_id": "NG-PLC-000234",
        "geometry_id": "",
        "geometry_id_state": "PENDING_GOVERNED_LIVE_RESERVATION",
        "geometry_reservation_key": "p006.7.11.12:road-alignment:NG-RD-000211",
        "geometry_role_code": "ROAD_ALIGNMENT",
        "length_m": 12041.863,
        "provenance_class": "NNGLA_SIMULATION_AUTHORED_ALIGNMENT",
        "publication_status": "NOT_PUBLISHED",
        "qualification_status": "QUALIFIED_SIMULATION_AUTHORED",
        "region_code": "NGR-03",
        "road_candidate_id": "NG-RD-CAND-000211",
        "road_class_code": "LOCAL",
        "road_id": "NG-RD-000211",
        "road_name_id": "NG-NAM-ROA-000211",
        "runtime_effect_scope": "SHARED_REFERENCE",
        "runtime_mode": "production",
        "start_place_id": "NG-PLC-000203"
      },
      "type": "Feature"
    },
    {
      "geometry": {
        "coordinates": [
          [
            37.412252,
            -3.179076
          ],
          [
            37.518471,
            -3.14543
          ]
        ],
        "type": "LineString"
      },
      "properties": {
        "canonical_name": "Vondel Junction Street",
        "end_place_id": "NG-PLC-000195",
        "geometry_id": "",
        "geometry_id_state": "PENDING_GOVERNED_LIVE_RESERVATION",
        "geometry_reservation_key": "p006.7.11.12:road-alignment:NG-RD-000212",
        "geometry_role_code": "ROAD_ALIGNMENT",
        "length_m": 12372.268,
        "provenance_class": "NNGLA_SIMULATION_AUTHORED_ALIGNMENT",
        "publication_status": "NOT_PUBLISHED",
        "qualification_status": "QUALIFIED_SIMULATION_AUTHORED",
        "region_code": "NGR-03",
        "road_candidate_id": "NG-RD-CAND-000212",
        "road_class_code": "MUNICIPAL",
        "road_id": "NG-RD-000212",
        "road_name_id": "NG-NAM-ROA-000212",
        "runtime_effect_scope": "SHARED_REFERENCE",
        "runtime_mode": "production",
        "start_place_id": "NG-PLC-000240"
      },
      "type": "Feature"
    },
    {
      "geometry": {
        "coordinates": [
          [
            36.808384,
            -3.642869
          ],
          [
            36.909017,
            -3.692653
          ]
        ],
        "type": "LineString"
      },
      "properties": {
        "canonical_name": "Meadow Junction Avenue",
        "end_place_id": "NG-PLC-000238",
        "geometry_id": "",
        "geometry_id_state": "PENDING_GOVERNED_LIVE_RESERVATION",
        "geometry_reservation_key": "p006.7.11.12:road-alignment:NG-RD-000213",
        "geometry_role_code": "ROAD_ALIGNMENT",
        "length_m": 12463.775,
        "provenance_class": "NNGLA_SIMULATION_AUTHORED_ALIGNMENT",
        "publication_status": "NOT_PUBLISHED",
        "qualification_status": "QUALIFIED_SIMULATION_AUTHORED",
        "region_code": "NGR-03",
        "road_candidate_id": "NG-RD-CAND-000213",
        "road_class_code": "DISTRICT",
        "road_id": "NG-RD-000213",
        "road_name_id": "NG-NAM-ROA-000213",
        "runtime_effect_scope": "SHARED_REFERENCE",
        "runtime_mode": "production",
        "start_place_id": "NG-PLC-000253"
      },
      "type": "Feature"
    },
    {
      "geometry": {
        "coordinates": [
          [
            36.94931,
            -3.781862
          ],
          [
            37.01596,
            -3.876926
          ]
        ],
        "type": "LineString"
      },
      "properties": {
        "canonical_name": "Grainview Lane",
        "end_place_id": "NG-PLC-000237",
        "geometry_id": "",
        "geometry_id_state": "PENDING_GOVERNED_LIVE_RESERVATION",
        "geometry_reservation_key": "p006.7.11.12:road-alignment:NG-RD-000214",
        "geometry_role_code": "ROAD_ALIGNMENT",
        "length_m": 12900.341,
        "provenance_class": "NNGLA_SIMULATION_AUTHORED_ALIGNMENT",
        "publication_status": "NOT_PUBLISHED",
        "qualification_status": "QUALIFIED_SIMULATION_AUTHORED",
        "region_code": "NGR-03",
        "road_candidate_id": "NG-RD-CAND-000214",
        "road_class_code": "REGIONAL",
        "road_id": "NG-RD-000214",
        "road_name_id": "NG-NAM-ROA-000214",
        "runtime_effect_scope": "SHARED_REFERENCE",
        "runtime_mode": "production",
        "start_place_id": "NG-PLC-000205"
      },
      "type": "Feature"
    },
    {
      "geometry": {
        "coordinates": [
          [
            37.555601,
            -3.435182
          ],
          [
            37.674828,
            -3.404523
          ]
        ],
        "type": "LineString"
      },
      "properties": {
        "canonical_name": "Kestrel East Drive",
        "end_place_id": "NG-PLC-000186",
        "geometry_id": "",
        "geometry_id_state": "PENDING_GOVERNED_LIVE_RESERVATION",
        "geometry_reservation_key": "p006.7.11.12:road-alignment:NG-RD-000215",
        "geometry_role_code": "ROAD_ALIGNMENT",
        "length_m": 13665.902,
        "provenance_class": "NNGLA_SIMULATION_AUTHORED_ALIGNMENT",
        "publication_status": "NOT_PUBLISHED",
        "qualification_status": "QUALIFIED_SIMULATION_AUTHORED",
        "region_code": "NGR-03",
        "road_candidate_id": "NG-RD-CAND-000215",
        "road_class_code": "RURAL",
        "road_id": "NG-RD-000215",
        "road_name_id": "NG-NAM-ROA-000215",
        "runtime_effect_scope": "SHARED_REFERENCE",
        "runtime_mode": "production",
        "start_place_id": "NG-PLC-000190"
      },
      "type": "Feature"
    },
    {
      "geometry": {
        "coordinates": [
          [
            37.612259,
            -3.297789
          ],
          [
            37.674828,
            -3.404523
          ]
        ],
        "type": "LineString"
      },
      "properties": {
        "canonical_name": "Windmill Row Way",
        "end_place_id": "NG-PLC-000186",
        "geometry_id": "",
        "geometry_id_state": "PENDING_GOVERNED_LIVE_RESERVATION",
        "geometry_reservation_key": "p006.7.11.12:road-alignment:NG-RD-000216",
        "geometry_role_code": "ROAD_ALIGNMENT",
        "length_m": 13751.216,
        "provenance_class": "NNGLA_SIMULATION_AUTHORED_ALIGNMENT",
        "publication_status": "NOT_PUBLISHED",
        "qualification_status": "QUALIFIED_SIMULATION_AUTHORED",
        "region_code": "NGR-03",
        "road_candidate_id": "NG-RD-CAND-000216",
        "road_class_code": "ACCESS",
        "road_id": "NG-RD-000216",
        "road_name_id": "NG-NAM-ROA-000216",
        "runtime_effect_scope": "SHARED_REFERENCE",
        "runtime_mode": "production",
        "start_place_id": "NG-PLC-000182"
      },
      "type": "Feature"
    },
    {
      "geometry": {
        "coordinates": [
          [
            37.503894,
            -3.321721
          ],
          [
            37.555601,
            -3.435182
          ]
        ],
        "type": "LineString"
      },
      "properties": {
        "canonical_name": "Broadacre South Boulevard",
        "end_place_id": "NG-PLC-000190",
        "geometry_id": "",
        "geometry_id_state": "PENDING_GOVERNED_LIVE_RESERVATION",
        "geometry_reservation_key": "p006.7.11.12:road-alignment:NG-RD-000217",
        "geometry_role_code": "ROAD_ALIGNMENT",
        "length_m": 13860.513,
        "provenance_class": "NNGLA_SIMULATION_AUTHORED_ALIGNMENT",
        "publication_status": "NOT_PUBLISHED",
        "qualification_status": "QUALIFIED_SIMULATION_AUTHORED",
        "region_code": "NGR-03",
        "road_candidate_id": "NG-RD-CAND-000217",
        "road_class_code": "SERVICE",
        "road_id": "NG-RD-000217",
        "road_name_id": "NG-NAM-ROA-000217",
        "runtime_effect_scope": "SHARED_REFERENCE",
        "runtime_mode": "production",
        "start_place_id": "NG-PLC-000191"
      },
      "type": "Feature"
    },
    {
      "geometry": {
        "coordinates": [
          [
            36.752393,
            -3.52331
          ],
          [
            36.808384,
            -3.642869
          ]
        ],
        "type": "LineString"
      },
      "properties": {
        "canonical_name": "Solmere Gate Highway",
        "end_place_id": "NG-PLC-000253",
        "geometry_id": "",
        "geometry_id_state": "PENDING_GOVERNED_LIVE_RESERVATION",
        "geometry_reservation_key": "p006.7.11.12:road-alignment:NG-RD-000218",
        "geometry_role_code": "ROAD_ALIGNMENT",
        "length_m": 14674.844,
        "provenance_class": "NNGLA_SIMULATION_AUTHORED_ALIGNMENT",
        "publication_status": "NOT_PUBLISHED",
        "qualification_status": "QUALIFIED_SIMULATION_AUTHORED",
        "region_code": "NGR-03",
        "road_candidate_id": "NG-RD-CAND-000218",
        "road_class_code": "LOCAL",
        "road_id": "NG-RD-000218",
        "road_name_id": "NG-NAM-ROA-000218",
        "runtime_effect_scope": "SHARED_REFERENCE",
        "runtime_mode": "production",
        "start_place_id": "NG-PLC-000236"
      },
      "type": "Feature"
    },
    {
      "geometry": {
        "coordinates": [
          [
            37.567682,
            -3.188923
          ],
          [
            37.67136,
            -3.272217
          ]
        ],
        "type": "LineString"
      },
      "properties": {
        "canonical_name": "Ashkar Cross Junction",
        "end_place_id": "NG-PLC-000181",
        "geometry_id": "",
        "geometry_id_state": "PENDING_GOVERNED_LIVE_RESERVATION",
        "geometry_reservation_key": "p006.7.11.12:road-alignment:NG-RD-000219",
        "geometry_role_code": "ROAD_ALIGNMENT",
        "length_m": 14773.838,
        "provenance_class": "NNGLA_SIMULATION_AUTHORED_ALIGNMENT",
        "publication_status": "NOT_PUBLISHED",
        "qualification_status": "QUALIFIED_SIMULATION_AUTHORED",
        "region_code": "NGR-03",
        "road_candidate_id": "NG-RD-CAND-000219",
        "road_class_code": "MUNICIPAL",
        "road_id": "NG-RD-000219",
        "road_name_id": "NG-NAM-ROA-000219",
        "runtime_effect_scope": "SHARED_REFERENCE",
        "runtime_mode": "production",
        "start_place_id": "NG-PLC-000192"
      },
      "type": "Feature"
    },
    {
      "geometry": {
        "coordinates": [
          [
            37.579482,
            -2.757602
          ],
          [
            37.685153,
            -2.842942
          ]
        ],
        "type": "LineString"
      },
      "properties": {
        "canonical_name": "Cider Station Crossing",
        "end_place_id": "NG-PLC-000242",
        "geometry_id": "",
        "geometry_id_state": "PENDING_GOVERNED_LIVE_RESERVATION",
        "geometry_reservation_key": "p006.7.11.12:road-alignment:NG-RD-000220",
        "geometry_role_code": "ROAD_ALIGNMENT",
        "length_m": 15092.504,
        "provenance_class": "NNGLA_SIMULATION_AUTHORED_ALIGNMENT",
        "publication_status": "NOT_PUBLISHED",
        "qualification_status": "QUALIFIED_SIMULATION_AUTHORED",
        "region_code": "NGR-03",
        "road_candidate_id": "NG-RD-CAND-000220",
        "road_class_code": "DISTRICT",
        "road_id": "NG-RD-000220",
        "road_name_id": "NG-NAM-ROA-000220",
        "runtime_effect_scope": "SHARED_REFERENCE",
        "runtime_mode": "production",
        "start_place_id": "NG-PLC-000207"
      },
      "type": "Feature"
    },
    {
      "geometry": {
        "coordinates": [
          [
            37.296548,
            -3.590024
          ],
          [
            37.390492,
            -3.693454
          ]
        ],
        "type": "LineString"
      },
      "properties": {
        "canonical_name": "Lower Vondel Road",
        "end_place_id": "NG-PLC-000221",
        "geometry_id": "",
        "geometry_id_state": "PENDING_GOVERNED_LIVE_RESERVATION",
        "geometry_reservation_key": "p006.7.11.12:road-alignment:NG-RD-000221",
        "geometry_role_code": "ROAD_ALIGNMENT",
        "length_m": 15522.623,
        "provenance_class": "NNGLA_SIMULATION_AUTHORED_ALIGNMENT",
        "publication_status": "NOT_PUBLISHED",
        "qualification_status": "QUALIFIED_SIMULATION_AUTHORED",
        "region_code": "NGR-03",
        "road_candidate_id": "NG-RD-CAND-000221",
        "road_class_code": "REGIONAL",
        "road_id": "NG-RD-000221",
        "road_name_id": "NG-NAM-ROA-000221",
        "runtime_effect_scope": "SHARED_REFERENCE",
        "runtime_mode": "production",
        "start_place_id": "NG-PLC-000215"
      },
      "type": "Feature"
    },
    {
      "geometry": {
        "coordinates": [
          [
            37.248603,
            -2.954136
          ],
          [
            37.371036,
            -2.881192
          ]
        ],
        "type": "LineString"
      },
      "properties": {
        "canonical_name": "Vondel Fields Street",
        "end_place_id": "NG-PLC-000176",
        "geometry_id": "",
        "geometry_id_state": "PENDING_GOVERNED_LIVE_RESERVATION",
        "geometry_reservation_key": "p006.7.11.12:road-alignment:NG-RD-000222",
        "geometry_role_code": "ROAD_ALIGNMENT",
        "length_m": 15831.863,
        "provenance_class": "NNGLA_SIMULATION_AUTHORED_ALIGNMENT",
        "publication_status": "NOT_PUBLISHED",
        "qualification_status": "QUALIFIED_SIMULATION_AUTHORED",
        "region_code": "NGR-03",
        "road_candidate_id": "NG-RD-CAND-000222",
        "road_class_code": "RURAL",
        "road_id": "NG-RD-000222",
        "road_name_id": "NG-NAM-ROA-000222",
        "runtime_effect_scope": "SHARED_REFERENCE",
        "runtime_mode": "production",
        "start_place_id": "NG-PLC-000218"
      },
      "type": "Feature"
    },
    {
      "geometry": {
        "coordinates": [
          [
            37.555601,
            -3.435182
          ],
          [
            37.583182,
            -3.292153
          ]
        ],
        "type": "LineString"
      },
      "properties": {
        "canonical_name": "Upper Meadowrun Avenue",
        "end_place_id": "NG-PLC-000177",
        "geometry_id": "",
        "geometry_id_state": "PENDING_GOVERNED_LIVE_RESERVATION",
        "geometry_reservation_key": "p006.7.11.12:road-alignment:NG-RD-000223",
        "geometry_role_code": "ROAD_ALIGNMENT",
        "length_m": 16196.123,
        "provenance_class": "NNGLA_SIMULATION_AUTHORED_ALIGNMENT",
        "publication_status": "NOT_PUBLISHED",
        "qualification_status": "QUALIFIED_SIMULATION_AUTHORED",
        "region_code": "NGR-03",
        "road_candidate_id": "NG-RD-CAND-000223",
        "road_class_code": "ACCESS",
        "road_id": "NG-RD-000223",
        "road_name_id": "NG-NAM-ROA-000223",
        "runtime_effect_scope": "SHARED_REFERENCE",
        "runtime_mode": "production",
        "start_place_id": "NG-PLC-000190"
      },
      "type": "Feature"
    },
    {
      "geometry": {
        "coordinates": [
          [
            36.945005,
            -3.494379
          ],
          [
            36.956718,
            -3.647146
          ]
        ],
        "type": "LineString"
      },
      "properties": {
        "canonical_name": "Meadowrun Grove Lane",
        "end_place_id": "NG-PLC-000234",
        "geometry_id": "",
        "geometry_id_state": "PENDING_GOVERNED_LIVE_RESERVATION",
        "geometry_reservation_key": "p006.7.11.12:road-alignment:NG-RD-000224",
        "geometry_role_code": "ROAD_ALIGNMENT",
        "length_m": 17036.603,
        "provenance_class": "NNGLA_SIMULATION_AUTHORED_ALIGNMENT",
        "publication_status": "NOT_PUBLISHED",
        "qualification_status": "QUALIFIED_SIMULATION_AUTHORED",
        "region_code": "NGR-03",
        "road_candidate_id": "NG-RD-CAND-000224",
        "road_class_code": "SERVICE",
        "road_id": "NG-RD-000224",
        "road_name_id": "NG-NAM-ROA-000224",
        "runtime_effect_scope": "SHARED_REFERENCE",
        "runtime_mode": "production",
        "start_place_id": "NG-PLC-000235"
      },
      "type": "Feature"
    },
    {
      "geometry": {
        "coordinates": [
          [
            37.734687,
            -3.330899
          ],
          [
            37.81085,
            -3.196102
          ]
        ],
        "type": "LineString"
      },
      "properties": {
        "canonical_name": "East Grainford Drive",
        "end_place_id": "NG-PLC-000188",
        "geometry_id": "",
        "geometry_id_state": "PENDING_GOVERNED_LIVE_RESERVATION",
        "geometry_reservation_key": "p006.7.11.12:road-alignment:NG-RD-000225",
        "geometry_role_code": "ROAD_ALIGNMENT",
        "length_m": 17209.116,
        "provenance_class": "NNGLA_SIMULATION_AUTHORED_ALIGNMENT",
        "publication_status": "NOT_PUBLISHED",
        "qualification_status": "QUALIFIED_SIMULATION_AUTHORED",
        "region_code": "NGR-03",
        "road_candidate_id": "NG-RD-CAND-000225",
        "road_class_code": "LOCAL",
        "road_id": "NG-RD-000225",
        "road_name_id": "NG-NAM-ROA-000225",
        "runtime_effect_scope": "SHARED_REFERENCE",
        "runtime_mode": "production",
        "start_place_id": "NG-PLC-000183"
      },
      "type": "Feature"
    },
    {
      "geometry": {
        "coordinates": [
          [
            37.222002,
            -3.052007
          ],
          [
            37.32759,
            -3.166237
          ]
        ],
        "type": "LineString"
      },
      "properties": {
        "canonical_name": "Grainford Farm Way",
        "end_place_id": "NG-PLC-000209",
        "geometry_id": "",
        "geometry_id_state": "PENDING_GOVERNED_LIVE_RESERVATION",
        "geometry_reservation_key": "p006.7.11.12:road-alignment:NG-RD-000226",
        "geometry_role_code": "ROAD_ALIGNMENT",
        "length_m": 17285.209,
        "provenance_class": "NNGLA_SIMULATION_AUTHORED_ALIGNMENT",
        "publication_status": "NOT_PUBLISHED",
        "qualification_status": "QUALIFIED_SIMULATION_AUTHORED",
        "region_code": "NGR-03",
        "road_candidate_id": "NG-RD-CAND-000226",
        "road_class_code": "MUNICIPAL",
        "road_id": "NG-RD-000226",
        "road_name_id": "NG-NAM-ROA-000226",
        "runtime_effect_scope": "SHARED_REFERENCE",
        "runtime_mode": "production",
        "start_place_id": "NG-PLC-000220"
      },
      "type": "Feature"
    },
    {
      "geometry": {
        "coordinates": [
          [
            36.850726,
            -3.623937
          ],
          [
            36.945005,
            -3.494379
          ]
        ],
        "type": "LineString"
      },
      "properties": {
        "canonical_name": "Old Solhaven Boulevard",
        "end_place_id": "NG-PLC-000235",
        "geometry_id": "",
        "geometry_id_state": "PENDING_GOVERNED_LIVE_RESERVATION",
        "geometry_reservation_key": "p006.7.11.12:road-alignment:NG-RD-000227",
        "geometry_role_code": "ROAD_ALIGNMENT",
        "length_m": 17804.949,
        "provenance_class": "NNGLA_SIMULATION_AUTHORED_ALIGNMENT",
        "publication_status": "NOT_PUBLISHED",
        "qualification_status": "QUALIFIED_SIMULATION_AUTHORED",
        "region_code": "NGR-03",
        "road_candidate_id": "NG-RD-CAND-000227",
        "road_class_code": "DISTRICT",
        "road_id": "NG-RD-000227",
        "road_name_id": "NG-NAM-ROA-000227",
        "runtime_effect_scope": "SHARED_REFERENCE",
        "runtime_mode": "production",
        "start_place_id": "NG-PLC-000203"
      },
      "type": "Feature"
    },
    {
      "geometry": {
        "coordinates": [
          [
            37.355744,
            -3.127118
          ],
          [
            37.518471,
            -3.14543
          ]
        ],
        "type": "LineString"
      },
      "properties": {
        "canonical_name": "Solhaven Cross Highway",
        "end_place_id": "NG-PLC-000195",
        "geometry_id": "",
        "geometry_id_state": "PENDING_GOVERNED_LIVE_RESERVATION",
        "geometry_reservation_key": "p006.7.11.12:road-alignment:NG-RD-000228",
        "geometry_role_code": "ROAD_ALIGNMENT",
        "length_m": 18181.719,
        "provenance_class": "NNGLA_SIMULATION_AUTHORED_ALIGNMENT",
        "publication_status": "NOT_PUBLISHED",
        "qualification_status": "QUALIFIED_SIMULATION_AUTHORED",
        "region_code": "NGR-03",
        "road_candidate_id": "NG-RD-CAND-000228",
        "road_class_code": "REGIONAL",
        "road_id": "NG-RD-000228",
        "road_name_id": "NG-NAM-ROA-000228",
        "runtime_effect_scope": "SHARED_REFERENCE",
        "runtime_mode": "production",
        "start_place_id": "NG-PLC-000246"
      },
      "type": "Feature"
    },
    {
      "geometry": {
        "coordinates": [
          [
            37.347872,
            -3.752139
          ],
          [
            37.471404,
            -3.8652
          ]
        ],
        "type": "LineString"
      },
      "properties": {
        "canonical_name": "South Amberfield Junction",
        "end_place_id": "NG-PLC-000226",
        "geometry_id": "",
        "geometry_id_state": "PENDING_GOVERNED_LIVE_RESERVATION",
        "geometry_reservation_key": "p006.7.11.12:road-alignment:NG-RD-000229",
        "geometry_role_code": "ROAD_ALIGNMENT",
        "length_m": 18598.389,
        "provenance_class": "NNGLA_SIMULATION_AUTHORED_ALIGNMENT",
        "publication_status": "NOT_PUBLISHED",
        "qualification_status": "QUALIFIED_SIMULATION_AUTHORED",
        "region_code": "NGR-03",
        "road_candidate_id": "NG-RD-CAND-000229",
        "road_class_code": "RURAL",
        "road_id": "NG-RD-000229",
        "road_name_id": "NG-NAM-ROA-000229",
        "runtime_effect_scope": "SHARED_REFERENCE",
        "runtime_mode": "production",
        "start_place_id": "NG-PLC-000222"
      },
      "type": "Feature"
    },
    {
      "geometry": {
        "coordinates": [
          [
            37.5349,
            -2.763844
          ],
          [
            37.685153,
            -2.842942
          ]
        ],
        "type": "LineString"
      },
      "properties": {
        "canonical_name": "Amberfield Plain Crossing",
        "end_place_id": "NG-PLC-000242",
        "geometry_id": "",
        "geometry_id_state": "PENDING_GOVERNED_LIVE_RESERVATION",
        "geometry_reservation_key": "p006.7.11.12:road-alignment:NG-RD-000230",
        "geometry_role_code": "ROAD_ALIGNMENT",
        "length_m": 18863.37,
        "provenance_class": "NNGLA_SIMULATION_AUTHORED_ALIGNMENT",
        "publication_status": "NOT_PUBLISHED",
        "qualification_status": "QUALIFIED_SIMULATION_AUTHORED",
        "region_code": "NGR-03",
        "road_candidate_id": "NG-RD-CAND-000230",
        "road_class_code": "ACCESS",
        "road_id": "NG-RD-000230",
        "road_name_id": "NG-NAM-ROA-000230",
        "runtime_effect_scope": "SHARED_REFERENCE",
        "runtime_mode": "production",
        "start_place_id": "NG-PLC-000241"
      },
      "type": "Feature"
    },
    {
      "geometry": {
        "coordinates": [
          [
            37.164079,
            -2.805085
          ],
          [
            37.248603,
            -2.954136
          ]
        ],
        "type": "LineString"
      },
      "properties": {
        "canonical_name": "Kestrel Orchard Road",
        "end_place_id": "NG-PLC-000218",
        "geometry_id": "",
        "geometry_id_state": "PENDING_GOVERNED_LIVE_RESERVATION",
        "geometry_reservation_key": "p006.7.11.12:road-alignment:NG-RD-000231",
        "geometry_role_code": "ROAD_ALIGNMENT",
        "length_m": 19047.322,
        "provenance_class": "NNGLA_SIMULATION_AUTHORED_ALIGNMENT",
        "publication_status": "NOT_PUBLISHED",
        "qualification_status": "QUALIFIED_SIMULATION_AUTHORED",
        "region_code": "NGR-03",
        "road_candidate_id": "NG-RD-CAND-000231",
        "road_class_code": "SERVICE",
        "road_id": "NG-RD-000231",
        "road_name_id": "NG-NAM-ROA-000231",
        "runtime_effect_scope": "SHARED_REFERENCE",
        "runtime_mode": "production",
        "start_place_id": "NG-PLC-000219"
      },
      "type": "Feature"
    },
    {
      "geometry": {
        "coordinates": [
          [
            37.567682,
            -3.188923
          ],
          [
            37.743781,
            -3.189723
          ]
        ],
        "type": "LineString"
      },
      "properties": {
        "canonical_name": "Kestrel Mill Street",
        "end_place_id": "NG-PLC-000189",
        "geometry_id": "",
        "geometry_id_state": "PENDING_GOVERNED_LIVE_RESERVATION",
        "geometry_reservation_key": "p006.7.11.12:road-alignment:NG-RD-000232",
        "geometry_role_code": "ROAD_ALIGNMENT",
        "length_m": 19551.216,
        "provenance_class": "NNGLA_SIMULATION_AUTHORED_ALIGNMENT",
        "publication_status": "NOT_PUBLISHED",
        "qualification_status": "QUALIFIED_SIMULATION_AUTHORED",
        "region_code": "NGR-03",
        "road_candidate_id": "NG-RD-CAND-000232",
        "road_class_code": "LOCAL",
        "road_id": "NG-RD-000232",
        "road_name_id": "NG-NAM-ROA-000232",
        "runtime_effect_scope": "SHARED_REFERENCE",
        "runtime_mode": "production",
        "start_place_id": "NG-PLC-000192"
      },
      "type": "Feature"
    },
    {
      "geometry": {
        "coordinates": [
          [
            37.390492,
            -3.693454
          ],
          [
            37.471404,
            -3.8652
          ]
        ],
        "type": "LineString"
      },
      "properties": {
        "canonical_name": "North Windcross Avenue",
        "end_place_id": "NG-PLC-000226",
        "geometry_id": "",
        "geometry_id_state": "PENDING_GOVERNED_LIVE_RESERVATION",
        "geometry_reservation_key": "p006.7.11.12:road-alignment:NG-RD-000233",
        "geometry_role_code": "ROAD_ALIGNMENT",
        "length_m": 21102.176,
        "provenance_class": "NNGLA_SIMULATION_AUTHORED_ALIGNMENT",
        "publication_status": "NOT_PUBLISHED",
        "qualification_status": "QUALIFIED_SIMULATION_AUTHORED",
        "region_code": "NGR-03",
        "road_candidate_id": "NG-RD-CAND-000233",
        "road_class_code": "MUNICIPAL",
        "road_id": "NG-RD-000233",
        "road_name_id": "NG-NAM-ROA-000233",
        "runtime_effect_scope": "SHARED_REFERENCE",
        "runtime_mode": "production",
        "start_place_id": "NG-PLC-000221"
      },
      "type": "Feature"
    },
    {
      "geometry": {
        "coordinates": [
          [
            36.808384,
            -3.642869
          ],
          [
            36.94931,
            -3.781862
          ]
        ],
        "type": "LineString"
      },
      "properties": {
        "canonical_name": "Windcross Acres Lane",
        "end_place_id": "NG-PLC-000205",
        "geometry_id": "",
        "geometry_id_state": "PENDING_GOVERNED_LIVE_RESERVATION",
        "geometry_reservation_key": "p006.7.11.12:road-alignment:NG-RD-000234",
        "geometry_role_code": "ROAD_ALIGNMENT",
        "length_m": 21986.257,
        "provenance_class": "NNGLA_SIMULATION_AUTHORED_ALIGNMENT",
        "publication_status": "NOT_PUBLISHED",
        "qualification_status": "QUALIFIED_SIMULATION_AUTHORED",
        "region_code": "NGR-03",
        "road_candidate_id": "NG-RD-CAND-000234",
        "road_class_code": "DISTRICT",
        "road_id": "NG-RD-000234",
        "road_name_id": "NG-NAM-ROA-000234",
        "runtime_effect_scope": "SHARED_REFERENCE",
        "runtime_mode": "production",
        "start_place_id": "NG-PLC-000253"
      },
      "type": "Feature"
    },
    {
      "geometry": {
        "coordinates": [
          [
            37.248603,
            -2.954136
          ],
          [
            37.355744,
            -3.127118
          ]
        ],
        "type": "LineString"
      },
      "properties": {
        "canonical_name": "Talewood Meadow Drive",
        "end_place_id": "NG-PLC-000246",
        "geometry_id": "",
        "geometry_id_state": "PENDING_GOVERNED_LIVE_RESERVATION",
        "geometry_reservation_key": "p006.7.11.12:road-alignment:NG-RD-000235",
        "geometry_role_code": "ROAD_ALIGNMENT",
        "length_m": 22616.56,
        "provenance_class": "NNGLA_SIMULATION_AUTHORED_ALIGNMENT",
        "publication_status": "NOT_PUBLISHED",
        "qualification_status": "QUALIFIED_SIMULATION_AUTHORED",
        "region_code": "NGR-03",
        "road_candidate_id": "NG-RD-CAND-000235",
        "road_class_code": "REGIONAL",
        "road_id": "NG-RD-000235",
        "road_name_id": "NG-NAM-ROA-000235",
        "runtime_effect_scope": "SHARED_REFERENCE",
        "runtime_mode": "production",
        "start_place_id": "NG-PLC-000218"
      },
      "type": "Feature"
    },
    {
      "geometry": {
        "coordinates": [
          [
            37.456721,
            -2.582387
          ],
          [
            37.579482,
            -2.757602
          ]
        ],
        "type": "LineString"
      },
      "properties": {
        "canonical_name": "Talewood Gate Way",
        "end_place_id": "NG-PLC-000207",
        "geometry_id": "",
        "geometry_id_state": "PENDING_GOVERNED_LIVE_RESERVATION",
        "geometry_reservation_key": "p006.7.11.12:road-alignment:NG-RD-000236",
        "geometry_role_code": "ROAD_ALIGNMENT",
        "length_m": 23780.634,
        "provenance_class": "NNGLA_SIMULATION_AUTHORED_ALIGNMENT",
        "publication_status": "NOT_PUBLISHED",
        "qualification_status": "QUALIFIED_SIMULATION_AUTHORED",
        "region_code": "NGR-03",
        "road_candidate_id": "NG-RD-CAND-000236",
        "road_class_code": "RURAL",
        "road_id": "NG-RD-000236",
        "road_name_id": "NG-NAM-ROA-000236",
        "runtime_effect_scope": "SHARED_REFERENCE",
        "runtime_mode": "production",
        "start_place_id": "NG-PLC-000243"
      },
      "type": "Feature"
    },
    {
      "geometry": {
        "coordinates": [
          [
            37.164079,
            -2.805085
          ],
          [
            37.371036,
            -2.881192
          ]
        ],
        "type": "LineString"
      },
      "properties": {
        "canonical_name": "West Broadacre Boulevard",
        "end_place_id": "NG-PLC-000176",
        "geometry_id": "",
        "geometry_id_state": "PENDING_GOVERNED_LIVE_RESERVATION",
        "geometry_reservation_key": "p006.7.11.12:road-alignment:NG-RD-000237",
        "geometry_role_code": "ROAD_ALIGNMENT",
        "length_m": 24492.743,
        "provenance_class": "NNGLA_SIMULATION_AUTHORED_ALIGNMENT",
        "publication_status": "NOT_PUBLISHED",
        "qualification_status": "QUALIFIED_SIMULATION_AUTHORED",
        "region_code": "NGR-03",
        "road_candidate_id": "NG-RD-CAND-000237",
        "road_class_code": "ACCESS",
        "road_id": "NG-RD-000237",
        "road_name_id": "NG-NAM-ROA-000237",
        "runtime_effect_scope": "SHARED_REFERENCE",
        "runtime_mode": "production",
        "start_place_id": "NG-PLC-000219"
      },
      "type": "Feature"
    },
    {
      "geometry": {
        "coordinates": [
          [
            37.296548,
            -3.590024
          ],
          [
            37.377484,
            -3.375907
          ]
        ],
        "type": "LineString"
      },
      "properties": {
        "canonical_name": "Broadacre Granary Highway",
        "end_place_id": "NG-PLC-000216",
        "geometry_id": "",
        "geometry_id_state": "PENDING_GOVERNED_LIVE_RESERVATION",
        "geometry_reservation_key": "p006.7.11.12:road-alignment:NG-RD-000238",
        "geometry_role_code": "ROAD_ALIGNMENT",
        "length_m": 25447.047,
        "provenance_class": "NNGLA_SIMULATION_AUTHORED_ALIGNMENT",
        "publication_status": "NOT_PUBLISHED",
        "qualification_status": "QUALIFIED_SIMULATION_AUTHORED",
        "region_code": "NGR-03",
        "road_candidate_id": "NG-RD-CAND-000238",
        "road_class_code": "SERVICE",
        "road_id": "NG-RD-000238",
        "road_name_id": "NG-NAM-ROA-000238",
        "runtime_effect_scope": "SHARED_REFERENCE",
        "runtime_mode": "production",
        "start_place_id": "NG-PLC-000215"
      },
      "type": "Feature"
    },
    {
      "geometry": {
        "coordinates": [
          [
            37.432103,
            -4.091632
          ],
          [
            37.471404,
            -3.8652
          ]
        ],
        "type": "LineString"
      },
      "properties": {
        "canonical_name": "Eastbarrow Ridge Junction",
        "end_place_id": "NG-PLC-000226",
        "geometry_id": "",
        "geometry_id_state": "PENDING_GOVERNED_LIVE_RESERVATION",
        "geometry_reservation_key": "p006.7.11.12:road-alignment:NG-RD-000239",
        "geometry_role_code": "ROAD_ALIGNMENT",
        "length_m": 25552.761,
        "provenance_class": "NNGLA_SIMULATION_AUTHORED_ALIGNMENT",
        "publication_status": "NOT_PUBLISHED",
        "qualification_status": "QUALIFIED_SIMULATION_AUTHORED",
        "region_code": "NGR-03",
        "road_candidate_id": "NG-RD-CAND-000239",
        "road_class_code": "LOCAL",
        "road_id": "NG-RD-000239",
        "road_name_id": "NG-NAM-ROA-000239",
        "runtime_effect_scope": "SHARED_REFERENCE",
        "runtime_mode": "production",
        "start_place_id": "NG-PLC-000214"
      },
      "type": "Feature"
    },
    {
      "geometry": {
        "coordinates": [
          [
            37.956958,
            -4.227554
          ],
          [
            38.030176,
            -4.002743
          ]
        ],
        "type": "LineString"
      },
      "properties": {
        "canonical_name": "Eastbarrow Silo Crossing",
        "end_place_id": "NG-PLC-000229",
        "geometry_id": "",
        "geometry_id_state": "PENDING_GOVERNED_LIVE_RESERVATION",
        "geometry_reservation_key": "p006.7.11.12:road-alignment:NG-RD-000240",
        "geometry_role_code": "ROAD_ALIGNMENT",
        "length_m": 26283.762,
        "provenance_class": "NNGLA_SIMULATION_AUTHORED_ALIGNMENT",
        "publication_status": "NOT_PUBLISHED",
        "qualification_status": "QUALIFIED_SIMULATION_AUTHORED",
        "region_code": "NGR-03",
        "road_candidate_id": "NG-RD-CAND-000240",
        "road_class_code": "MUNICIPAL",
        "road_id": "NG-RD-000240",
        "road_name_id": "NG-NAM-ROA-000240",
        "runtime_effect_scope": "SHARED_REFERENCE",
        "runtime_mode": "production",
        "start_place_id": "NG-PLC-000227"
      },
      "type": "Feature"
    },
    {
      "geometry": {
        "coordinates": [
          [
            37.432103,
            -4.091632
          ],
          [
            37.654309,
            -3.981402
          ]
        ],
        "type": "LineString"
      },
      "properties": {
        "canonical_name": "Lower Solvek Road",
        "end_place_id": "NG-PLC-000174",
        "geometry_id": "",
        "geometry_id_state": "PENDING_GOVERNED_LIVE_RESERVATION",
        "geometry_reservation_key": "p006.7.11.12:road-alignment:NG-RD-000241",
        "geometry_role_code": "ROAD_ALIGNMENT",
        "length_m": 27526.45,
        "provenance_class": "NNGLA_SIMULATION_AUTHORED_ALIGNMENT",
        "publication_status": "NOT_PUBLISHED",
        "qualification_status": "QUALIFIED_SIMULATION_AUTHORED",
        "region_code": "NGR-03",
        "road_candidate_id": "NG-RD-CAND-000241",
        "road_class_code": "DISTRICT",
        "road_id": "NG-RD-000241",
        "road_name_id": "NG-NAM-ROA-000241",
        "runtime_effect_scope": "SHARED_REFERENCE",
        "runtime_mode": "production",
        "start_place_id": "NG-PLC-000214"
      },
      "type": "Feature"
    },
    {
      "geometry": {
        "coordinates": [
          [
            37.13321,
            -3.050849
          ],
          [
            37.311646,
            -3.229894
          ]
        ],
        "type": "LineString"
      },
      "properties": {
        "canonical_name": "Solvek Brook Street",
        "end_place_id": "NG-PLC-000245",
        "geometry_id": "",
        "geometry_id_state": "PENDING_GOVERNED_LIVE_RESERVATION",
        "geometry_reservation_key": "p006.7.11.12:road-alignment:NG-RD-000242",
        "geometry_role_code": "ROAD_ALIGNMENT",
        "length_m": 28086.596,
        "provenance_class": "NNGLA_SIMULATION_AUTHORED_ALIGNMENT",
        "publication_status": "NOT_PUBLISHED",
        "qualification_status": "QUALIFIED_SIMULATION_AUTHORED",
        "region_code": "NGR-03",
        "road_candidate_id": "NG-RD-CAND-000242",
        "road_class_code": "REGIONAL",
        "road_id": "NG-RD-000242",
        "road_name_id": "NG-NAM-ROA-000242",
        "runtime_effect_scope": "SHARED_REFERENCE",
        "runtime_mode": "production",
        "start_place_id": "NG-PLC-000247"
      },
      "type": "Feature"
    },
    {
      "geometry": {
        "coordinates": [
          [
            37.48443,
            -2.5081
          ],
          [
            37.579482,
            -2.757602
          ]
        ],
        "type": "LineString"
      },
      "properties": {
        "canonical_name": "Ashkar Vineyard Avenue",
        "end_place_id": "NG-PLC-000207",
        "geometry_id": "",
        "geometry_id_state": "PENDING_GOVERNED_LIVE_RESERVATION",
        "geometry_reservation_key": "p006.7.11.12:road-alignment:NG-RD-000243",
        "geometry_role_code": "ROAD_ALIGNMENT",
        "length_m": 29684.516,
        "provenance_class": "NNGLA_SIMULATION_AUTHORED_ALIGNMENT",
        "publication_status": "NOT_PUBLISHED",
        "qualification_status": "QUALIFIED_SIMULATION_AUTHORED",
        "region_code": "NGR-03",
        "road_candidate_id": "NG-RD-CAND-000243",
        "road_class_code": "RURAL",
        "road_id": "NG-RD-000243",
        "road_name_id": "NG-NAM-ROA-000243",
        "runtime_effect_scope": "SHARED_REFERENCE",
        "runtime_mode": "production",
        "start_place_id": "NG-PLC-000208"
      },
      "type": "Feature"
    },
    {
      "geometry": {
        "coordinates": [
          [
            37.01596,
            -3.876926
          ],
          [
            37.270451,
            -3.744479
          ]
        ],
        "type": "LineString"
      },
      "properties": {
        "canonical_name": "Ashkar Lane Lane",
        "end_place_id": "NG-PLC-000197",
        "geometry_id": "",
        "geometry_id_state": "PENDING_GOVERNED_LIVE_RESERVATION",
        "geometry_reservation_key": "p006.7.11.12:road-alignment:NG-RD-000244",
        "geometry_role_code": "ROAD_ALIGNMENT",
        "length_m": 31845.654,
        "provenance_class": "NNGLA_SIMULATION_AUTHORED_ALIGNMENT",
        "publication_status": "NOT_PUBLISHED",
        "qualification_status": "QUALIFIED_SIMULATION_AUTHORED",
        "region_code": "NGR-03",
        "road_candidate_id": "NG-RD-CAND-000244",
        "road_class_code": "ACCESS",
        "road_id": "NG-RD-000244",
        "road_name_id": "NG-NAM-ROA-000244",
        "runtime_effect_scope": "SHARED_REFERENCE",
        "runtime_mode": "production",
        "start_place_id": "NG-PLC-000237"
      },
      "type": "Feature"
    },
    {
      "geometry": {
        "coordinates": [
          [
            37.390492,
            -3.693454
          ],
          [
            37.629156,
            -3.876442
          ]
        ],
        "type": "LineString"
      },
      "properties": {
        "canonical_name": "Upper Harrowfield Drive",
        "end_place_id": "NG-PLC-000212",
        "geometry_id": "",
        "geometry_id_state": "PENDING_GOVERNED_LIVE_RESERVATION",
        "geometry_reservation_key": "p006.7.11.12:road-alignment:NG-RD-000245",
        "geometry_role_code": "ROAD_ALIGNMENT",
        "length_m": 33394.986,
        "provenance_class": "NNGLA_SIMULATION_AUTHORED_ALIGNMENT",
        "publication_status": "NOT_PUBLISHED",
        "qualification_status": "QUALIFIED_SIMULATION_AUTHORED",
        "region_code": "NGR-03",
        "road_candidate_id": "NG-RD-CAND-000245",
        "road_class_code": "SERVICE",
        "road_id": "NG-RD-000245",
        "road_name_id": "NG-NAM-ROA-000245",
        "runtime_effect_scope": "SHARED_REFERENCE",
        "runtime_mode": "production",
        "start_place_id": "NG-PLC-000221"
      },
      "type": "Feature"
    },
    {
      "geometry": {
        "coordinates": [
          [
            37.371036,
            -2.881192
          ],
          [
            37.518471,
            -3.14543
          ]
        ],
        "type": "LineString"
      },
      "properties": {
        "canonical_name": "Harrowfield Homestead Way",
        "end_place_id": "NG-PLC-000195",
        "geometry_id": "",
        "geometry_id_state": "PENDING_GOVERNED_LIVE_RESERVATION",
        "geometry_reservation_key": "p006.7.11.12:road-alignment:NG-RD-000246",
        "geometry_role_code": "ROAD_ALIGNMENT",
        "length_m": 33635.123,
        "provenance_class": "NNGLA_SIMULATION_AUTHORED_ALIGNMENT",
        "publication_status": "NOT_PUBLISHED",
        "qualification_status": "QUALIFIED_SIMULATION_AUTHORED",
        "region_code": "NGR-03",
        "road_candidate_id": "NG-RD-CAND-000246",
        "road_class_code": "LOCAL",
        "road_id": "NG-RD-000246",
        "road_name_id": "NG-NAM-ROA-000246",
        "runtime_effect_scope": "SHARED_REFERENCE",
        "runtime_mode": "production",
        "start_place_id": "NG-PLC-000176"
      },
      "type": "Feature"
    },
    {
      "geometry": {
        "coordinates": [
          [
            37.181332,
            -3.50587
          ],
          [
            37.311646,
            -3.229894
          ]
        ],
        "type": "LineString"
      },
      "properties": {
        "canonical_name": "Cidergate Cider Field Boulevard",
        "end_place_id": "NG-PLC-000245",
        "geometry_id": "",
        "geometry_id_state": "PENDING_GOVERNED_LIVE_RESERVATION",
        "geometry_reservation_key": "p006.7.11.12:road-alignment:NG-RD-000247",
        "geometry_role_code": "ROAD_ALIGNMENT",
        "length_m": 33925.59,
        "provenance_class": "NNGLA_SIMULATION_AUTHORED_ALIGNMENT",
        "publication_status": "NOT_PUBLISHED",
        "qualification_status": "QUALIFIED_SIMULATION_AUTHORED",
        "region_code": "NGR-03",
        "road_candidate_id": "NG-RD-CAND-000247",
        "road_class_code": "MUNICIPAL",
        "road_id": "NG-RD-000247",
        "road_name_id": "NG-NAM-ROA-000247",
        "runtime_effect_scope": "SHARED_REFERENCE",
        "runtime_mode": "production",
        "start_place_id": "NG-PLC-000175"
      },
      "type": "Feature"
    },
    {
      "geometry": {
        "coordinates": [
          [
            37.390492,
            -3.693454
          ],
          [
            37.660319,
            -3.534025
          ]
        ],
        "type": "LineString"
      },
      "properties": {
        "canonical_name": "Cidergate Hill Highway",
        "end_place_id": "NG-PLC-000194",
        "geometry_id": "",
        "geometry_id_state": "PENDING_GOVERNED_LIVE_RESERVATION",
        "geometry_reservation_key": "p006.7.11.12:road-alignment:NG-RD-000248",
        "geometry_role_code": "ROAD_ALIGNMENT",
        "length_m": 34798.007,
        "provenance_class": "NNGLA_SIMULATION_AUTHORED_ALIGNMENT",
        "publication_status": "NOT_PUBLISHED",
        "qualification_status": "QUALIFIED_SIMULATION_AUTHORED",
        "region_code": "NGR-03",
        "road_candidate_id": "NG-RD-CAND-000248",
        "road_class_code": "DISTRICT",
        "road_id": "NG-RD-000248",
        "road_name_id": "NG-NAM-ROA-000248",
        "runtime_effect_scope": "SHARED_REFERENCE",
        "runtime_mode": "production",
        "start_place_id": "NG-PLC-000221"
      },
      "type": "Feature"
    },
    {
      "geometry": {
        "coordinates": [
          [
            37.205414,
            -2.674905
          ],
          [
            37.48443,
            -2.5081
          ]
        ],
        "type": "LineString"
      },
      "properties": {
        "canonical_name": "Westervale Vale Junction",
        "end_place_id": "NG-PLC-000208",
        "geometry_id": "",
        "geometry_id_state": "PENDING_GOVERNED_LIVE_RESERVATION",
        "geometry_reservation_key": "p006.7.11.12:road-alignment:NG-RD-000249",
        "geometry_role_code": "ROAD_ALIGNMENT",
        "length_m": 36119.515,
        "provenance_class": "NNGLA_SIMULATION_AUTHORED_ALIGNMENT",
        "publication_status": "NOT_PUBLISHED",
        "qualification_status": "QUALIFIED_SIMULATION_AUTHORED",
        "region_code": "NGR-03",
        "road_candidate_id": "NG-RD-CAND-000249",
        "road_class_code": "REGIONAL",
        "road_id": "NG-RD-000249",
        "road_name_id": "NG-NAM-ROA-000249",
        "runtime_effect_scope": "SHARED_REFERENCE",
        "runtime_mode": "production",
        "start_place_id": "NG-PLC-000211"
      },
      "type": "Feature"
    },
    {
      "geometry": {
        "coordinates": [
          [
            37.518471,
            -3.14543
          ],
          [
            37.685153,
            -2.842942
          ]
        ],
        "type": "LineString"
      },
      "properties": {
        "canonical_name": "Westervale Station Crossing",
        "end_place_id": "NG-PLC-000242",
        "geometry_id": "",
        "geometry_id_state": "PENDING_GOVERNED_LIVE_RESERVATION",
        "geometry_reservation_key": "p006.7.11.12:road-alignment:NG-RD-000250",
        "geometry_role_code": "ROAD_ALIGNMENT",
        "length_m": 38391.462,
        "provenance_class": "NNGLA_SIMULATION_AUTHORED_ALIGNMENT",
        "publication_status": "NOT_PUBLISHED",
        "qualification_status": "QUALIFIED_SIMULATION_AUTHORED",
        "region_code": "NGR-03",
        "road_candidate_id": "NG-RD-CAND-000250",
        "road_class_code": "RURAL",
        "road_id": "NG-RD-000250",
        "road_name_id": "NG-NAM-ROA-000250",
        "runtime_effect_scope": "SHARED_REFERENCE",
        "runtime_mode": "production",
        "start_place_id": "NG-PLC-000195"
      },
      "type": "Feature"
    },
    {
      "geometry": {
        "coordinates": [
          [
            37.685153,
            -2.842942
          ],
          [
            37.81085,
            -3.196102
          ]
        ],
        "type": "LineString"
      },
      "properties": {
        "canonical_name": "Harvest Cross Road",
        "end_place_id": "NG-PLC-000188",
        "geometry_id": "",
        "geometry_id_state": "PENDING_GOVERNED_LIVE_RESERVATION",
        "geometry_reservation_key": "p006.7.11.12:road-alignment:NG-RD-000251",
        "geometry_role_code": "ROAD_ALIGNMENT",
        "length_m": 41676.33,
        "provenance_class": "NNGLA_SIMULATION_AUTHORED_ALIGNMENT",
        "publication_status": "NOT_PUBLISHED",
        "qualification_status": "QUALIFIED_SIMULATION_AUTHORED",
        "region_code": "NGR-03",
        "road_candidate_id": "NG-RD-CAND-000251",
        "road_class_code": "ACCESS",
        "road_id": "NG-RD-000251",
        "road_name_id": "NG-NAM-ROA-000251",
        "runtime_effect_scope": "SHARED_REFERENCE",
        "runtime_mode": "production",
        "start_place_id": "NG-PLC-000242"
      },
      "type": "Feature"
    },
    {
      "geometry": {
        "coordinates": [
          [
            37.006885,
            -3.485388
          ],
          [
            37.311646,
            -3.229894
          ]
        ],
        "type": "LineString"
      },
      "properties": {
        "canonical_name": "Millers' Gate Street",
        "end_place_id": "NG-PLC-000245",
        "geometry_id": "",
        "geometry_id_state": "PENDING_GOVERNED_LIVE_RESERVATION",
        "geometry_reservation_key": "p006.7.11.12:road-alignment:NG-RD-000252",
        "geometry_role_code": "ROAD_ALIGNMENT",
        "length_m": 44176.463,
        "provenance_class": "NNGLA_SIMULATION_AUTHORED_ALIGNMENT",
        "publication_status": "NOT_PUBLISHED",
        "qualification_status": "QUALIFIED_SIMULATION_AUTHORED",
        "region_code": "NGR-03",
        "road_candidate_id": "NG-RD-CAND-000252",
        "road_class_code": "SERVICE",
        "road_id": "NG-RD-000252",
        "road_name_id": "NG-NAM-ROA-000252",
        "runtime_effect_scope": "SHARED_REFERENCE",
        "runtime_mode": "production",
        "start_place_id": "NG-PLC-000257"
      },
      "type": "Feature"
    },
    {
      "geometry": {
        "coordinates": [
          [
            36.921128,
            -3.432854
          ],
          [
            37.13321,
            -3.050849
          ]
        ],
        "type": "LineString"
      },
      "properties": {
        "canonical_name": "Kestrel Market Avenue",
        "end_place_id": "NG-PLC-000247",
        "geometry_id": "",
        "geometry_id_state": "PENDING_GOVERNED_LIVE_RESERVATION",
        "geometry_reservation_key": "p006.7.11.12:road-alignment:NG-RD-000253",
        "geometry_role_code": "ROAD_ALIGNMENT",
        "length_m": 48565.982,
        "provenance_class": "NNGLA_SIMULATION_AUTHORED_ALIGNMENT",
        "publication_status": "NOT_PUBLISHED",
        "qualification_status": "QUALIFIED_SIMULATION_AUTHORED",
        "region_code": "NGR-03",
        "road_candidate_id": "NG-RD-CAND-000253",
        "road_class_code": "LOCAL",
        "road_id": "NG-RD-000253",
        "road_name_id": "NG-NAM-ROA-000253",
        "runtime_effect_scope": "SHARED_REFERENCE",
        "runtime_mode": "production",
        "start_place_id": "NG-PLC-000231"
      },
      "type": "Feature"
    },
    {
      "geometry": {
        "coordinates": [
          [
            37.006885,
            -3.485388
          ],
          [
            37.13321,
            -3.050849
          ]
        ],
        "type": "LineString"
      },
      "properties": {
        "canonical_name": "Orchard Exchange Lane",
        "end_place_id": "NG-PLC-000247",
        "geometry_id": "",
        "geometry_id_state": "PENDING_GOVERNED_LIVE_RESERVATION",
        "geometry_reservation_key": "p006.7.11.12:road-alignment:NG-RD-000254",
        "geometry_role_code": "ROAD_ALIGNMENT",
        "length_m": 50312.574,
        "provenance_class": "NNGLA_SIMULATION_AUTHORED_ALIGNMENT",
        "publication_status": "NOT_PUBLISHED",
        "qualification_status": "QUALIFIED_SIMULATION_AUTHORED",
        "region_code": "NGR-03",
        "road_candidate_id": "NG-RD-CAND-000254",
        "road_class_code": "MUNICIPAL",
        "road_id": "NG-RD-000254",
        "road_name_id": "NG-NAM-ROA-000254",
        "runtime_effect_scope": "SHARED_REFERENCE",
        "runtime_mode": "production",
        "start_place_id": "NG-PLC-000257"
      },
      "type": "Feature"
    },
    {
      "geometry": {
        "coordinates": [
          [
            37.689752,
            -3.44163
          ],
          [
            37.900197,
            -3.89599
          ]
        ],
        "type": "LineString"
      },
      "properties": {
        "canonical_name": "Old Silo Drive",
        "end_place_id": "NG-PLC-000230",
        "geometry_id": "",
        "geometry_id_state": "PENDING_GOVERNED_LIVE_RESERVATION",
        "geometry_reservation_key": "p006.7.11.12:road-alignment:NG-RD-000255",
        "geometry_role_code": "ROAD_ALIGNMENT",
        "length_m": 55658.501,
        "provenance_class": "NNGLA_SIMULATION_AUTHORED_ALIGNMENT",
        "publication_status": "NOT_PUBLISHED",
        "qualification_status": "QUALIFIED_SIMULATION_AUTHORED",
        "region_code": "NGR-03",
        "road_candidate_id": "NG-RD-CAND-000255",
        "road_class_code": "DISTRICT",
        "road_id": "NG-RD-000255",
        "road_name_id": "NG-NAM-ROA-000255",
        "runtime_effect_scope": "SHARED_REFERENCE",
        "runtime_mode": "production",
        "start_place_id": "NG-PLC-000185"
      },
      "type": "Feature"
    },
    {
      "geometry": {
        "coordinates": [
          [
            36.752393,
            -3.52331
          ],
          [
            37.098915,
            -3.02171
          ]
        ],
        "type": "LineString"
      },
      "properties": {
        "canonical_name": "Vondara AgroTech Park Way",
        "end_place_id": "NG-PLC-000210",
        "geometry_id": "",
        "geometry_id_state": "PENDING_GOVERNED_LIVE_RESERVATION",
        "geometry_reservation_key": "p006.7.11.12:road-alignment:NG-RD-000256",
        "geometry_role_code": "ROAD_ALIGNMENT",
        "length_m": 67754.949,
        "provenance_class": "NNGLA_SIMULATION_AUTHORED_ALIGNMENT",
        "publication_status": "NOT_PUBLISHED",
        "qualification_status": "QUALIFIED_SIMULATION_AUTHORED",
        "region_code": "NGR-03",
        "road_candidate_id": "NG-RD-CAND-000256",
        "road_class_code": "REGIONAL",
        "road_id": "NG-RD-000256",
        "road_name_id": "NG-NAM-ROA-000256",
        "runtime_effect_scope": "SHARED_REFERENCE",
        "runtime_mode": "production",
        "start_place_id": "NG-PLC-000236"
      },
      "type": "Feature"
    },
    {
      "geometry": {
        "coordinates": [
          [
            36.752393,
            -3.52331
          ],
          [
            37.164079,
            -2.805085
          ]
        ],
        "type": "LineString"
      },
      "properties": {
        "canonical_name": "Kestrel Freight Estate Boulevard",
        "end_place_id": "NG-PLC-000219",
        "geometry_id": "",
        "geometry_id_state": "PENDING_GOVERNED_LIVE_RESERVATION",
        "geometry_reservation_key": "p006.7.11.12:road-alignment:NG-RD-000257",
        "geometry_role_code": "ROAD_ALIGNMENT",
        "length_m": 92017.802,
        "provenance_class": "NNGLA_SIMULATION_AUTHORED_ALIGNMENT",
        "publication_status": "NOT_PUBLISHED",
        "qualification_status": "QUALIFIED_SIMULATION_AUTHORED",
        "region_code": "NGR-03",
        "road_candidate_id": "NG-RD-CAND-000257",
        "road_class_code": "RURAL",
        "road_id": "NG-RD-000257",
        "road_name_id": "NG-NAM-ROA-000257",
        "runtime_effect_scope": "SHARED_REFERENCE",
        "runtime_mode": "production",
        "start_place_id": "NG-PLC-000236"
      },
      "type": "Feature"
    },
    {
      "geometry": {
        "coordinates": [
          [
            38.077638,
            5.05333
          ],
          [
            38.087586,
            5.066633
          ]
        ],
        "type": "LineString"
      },
      "properties": {
        "canonical_name": "Silvermere Highway",
        "end_place_id": "NG-PLC-000264",
        "geometry_id": "",
        "geometry_id_state": "PENDING_GOVERNED_LIVE_RESERVATION",
        "geometry_reservation_key": "p006.7.11.12:road-alignment:NG-RD-000258",
        "geometry_role_code": "ROAD_ALIGNMENT",
        "length_m": 1844.507,
        "provenance_class": "NNGLA_SIMULATION_AUTHORED_ALIGNMENT",
        "publication_status": "NOT_PUBLISHED",
        "qualification_status": "QUALIFIED_SIMULATION_AUTHORED",
        "region_code": "NGR-04",
        "road_candidate_id": "NG-RD-CAND-000258",
        "road_class_code": "ACCESS",
        "road_id": "NG-RD-000258",
        "road_name_id": "NG-NAM-ROA-000258",
        "runtime_effect_scope": "SHARED_REFERENCE",
        "runtime_mode": "production",
        "start_place_id": "NG-PLC-000269"
      },
      "type": "Feature"
    },
    {
      "geometry": {
        "coordinates": [
          [
            37.637873,
            5.650982
          ],
          [
            37.65175,
            5.662507
          ]
        ],
        "type": "LineString"
      },
      "properties": {
        "canonical_name": "Nyandor Junction",
        "end_place_id": "NG-PLC-000285",
        "geometry_id": "",
        "geometry_id_state": "PENDING_GOVERNED_LIVE_RESERVATION",
        "geometry_reservation_key": "p006.7.11.12:road-alignment:NG-RD-000259",
        "geometry_role_code": "ROAD_ALIGNMENT",
        "length_m": 2000.046,
        "provenance_class": "NNGLA_SIMULATION_AUTHORED_ALIGNMENT",
        "publication_status": "NOT_PUBLISHED",
        "qualification_status": "QUALIFIED_SIMULATION_AUTHORED",
        "region_code": "NGR-04",
        "road_candidate_id": "NG-RD-CAND-000259",
        "road_class_code": "SERVICE",
        "road_id": "NG-RD-000259",
        "road_name_id": "NG-NAM-ROA-000259",
        "runtime_effect_scope": "SHARED_REFERENCE",
        "runtime_mode": "production",
        "start_place_id": "NG-PLC-000337"
      },
      "type": "Feature"
    },
    {
      "geometry": {
        "coordinates": [
          [
            38.087586,
            5.066633
          ],
          [
            38.106236,
            5.085827
          ]
        ],
        "type": "LineString"
      },
      "properties": {
        "canonical_name": "Reedhaven Crossing",
        "end_place_id": "NG-PLC-000265",
        "geometry_id": "",
        "geometry_id_state": "PENDING_GOVERNED_LIVE_RESERVATION",
        "geometry_reservation_key": "p006.7.11.12:road-alignment:NG-RD-000260",
        "geometry_role_code": "ROAD_ALIGNMENT",
        "length_m": 2970.197,
        "provenance_class": "NNGLA_SIMULATION_AUTHORED_ALIGNMENT",
        "publication_status": "NOT_PUBLISHED",
        "qualification_status": "QUALIFIED_SIMULATION_AUTHORED",
        "region_code": "NGR-04",
        "road_candidate_id": "NG-RD-CAND-000260",
        "road_class_code": "LOCAL",
        "road_id": "NG-RD-000260",
        "road_name_id": "NG-NAM-ROA-000260",
        "runtime_effect_scope": "SHARED_REFERENCE",
        "runtime_mode": "production",
        "start_place_id": "NG-PLC-000264"
      },
      "type": "Feature"
    },
    {
      "geometry": {
        "coordinates": [
          [
            38.08,
            5.092533
          ],
          [
            38.106236,
            5.085827
          ]
        ],
        "type": "LineString"
      },
      "properties": {
        "canonical_name": "Lakemarch Road",
        "end_place_id": "NG-PLC-000265",
        "geometry_id": "",
        "geometry_id_state": "PENDING_GOVERNED_LIVE_RESERVATION",
        "geometry_reservation_key": "p006.7.11.12:road-alignment:NG-RD-000261",
        "geometry_role_code": "ROAD_ALIGNMENT",
        "length_m": 2999.964,
        "provenance_class": "NNGLA_SIMULATION_AUTHORED_ALIGNMENT",
        "publication_status": "NOT_PUBLISHED",
        "qualification_status": "QUALIFIED_SIMULATION_AUTHORED",
        "region_code": "NGR-04",
        "road_candidate_id": "NG-RD-CAND-000261",
        "road_class_code": "MUNICIPAL",
        "road_id": "NG-RD-000261",
        "road_name_id": "NG-NAM-ROA-000261",
        "runtime_effect_scope": "SHARED_REFERENCE",
        "runtime_mode": "production",
        "start_place_id": "NG-PLC-000258"
      },
      "type": "Feature"
    },
    {
      "geometry": {
        "coordinates": [
          [
            38.050017,
            5.086787
          ],
          [
            38.08,
            5.092533
          ]
        ],
        "type": "LineString"
      },
      "properties": {
        "canonical_name": "Silvermere Central Street",
        "end_place_id": "NG-PLC-000258",
        "geometry_id": "",
        "geometry_id_state": "PENDING_GOVERNED_LIVE_RESERVATION",
        "geometry_reservation_key": "p006.7.11.12:road-alignment:NG-RD-000262",
        "geometry_role_code": "ROAD_ALIGNMENT",
        "length_m": 3381.723,
        "provenance_class": "NNGLA_SIMULATION_AUTHORED_ALIGNMENT",
        "publication_status": "NOT_PUBLISHED",
        "qualification_status": "QUALIFIED_SIMULATION_AUTHORED",
        "region_code": "NGR-04",
        "road_candidate_id": "NG-RD-CAND-000262",
        "road_class_code": "DISTRICT",
        "road_id": "NG-RD-000262",
        "road_name_id": "NG-NAM-ROA-000262",
        "runtime_effect_scope": "SHARED_REFERENCE",
        "runtime_mode": "production",
        "start_place_id": "NG-PLC-000266"
      },
      "type": "Feature"
    },
    {
      "geometry": {
        "coordinates": [
          [
            38.368717,
            5.456135
          ],
          [
            38.40055,
            5.465276
          ]
        ],
        "type": "LineString"
      },
      "properties": {
        "canonical_name": "Lakefront Exchange Avenue",
        "end_place_id": "NG-PLC-000319",
        "geometry_id": "",
        "geometry_id_state": "PENDING_GOVERNED_LIVE_RESERVATION",
        "geometry_reservation_key": "p006.7.11.12:road-alignment:NG-RD-000263",
        "geometry_role_code": "ROAD_ALIGNMENT",
        "length_m": 3667.282,
        "provenance_class": "NNGLA_SIMULATION_AUTHORED_ALIGNMENT",
        "publication_status": "NOT_PUBLISHED",
        "qualification_status": "QUALIFIED_SIMULATION_AUTHORED",
        "region_code": "NGR-04",
        "road_candidate_id": "NG-RD-CAND-000263",
        "road_class_code": "REGIONAL",
        "road_id": "NG-RD-000263",
        "road_name_id": "NG-NAM-ROA-000263",
        "runtime_effect_scope": "SHARED_REFERENCE",
        "runtime_mode": "production",
        "start_place_id": "NG-PLC-000321"
      },
      "type": "Feature"
    },
    {
      "geometry": {
        "coordinates": [
          [
            38.179426,
            5.257412
          ],
          [
            38.215314,
            5.250069
          ]
        ],
        "type": "LineString"
      },
      "properties": {
        "canonical_name": "Reedbank Ward Lane",
        "end_place_id": "NG-PLC-000279",
        "geometry_id": "",
        "geometry_id_state": "PENDING_GOVERNED_LIVE_RESERVATION",
        "geometry_reservation_key": "p006.7.11.12:road-alignment:NG-RD-000264",
        "geometry_role_code": "ROAD_ALIGNMENT",
        "length_m": 4056.822,
        "provenance_class": "NNGLA_SIMULATION_AUTHORED_ALIGNMENT",
        "publication_status": "NOT_PUBLISHED",
        "qualification_status": "QUALIFIED_SIMULATION_AUTHORED",
        "region_code": "NGR-04",
        "road_candidate_id": "NG-RD-CAND-000264",
        "road_class_code": "RURAL",
        "road_id": "NG-RD-000264",
        "road_name_id": "NG-NAM-ROA-000264",
        "runtime_effect_scope": "SHARED_REFERENCE",
        "runtime_mode": "production",
        "start_place_id": "NG-PLC-000280"
      },
      "type": "Feature"
    },
    {
      "geometry": {
        "coordinates": [
          [
            37.607389,
            5.715324
          ],
          [
            37.623732,
            5.751649
          ]
        ],
        "type": "LineString"
      },
      "properties": {
        "canonical_name": "Canal Quarter Drive",
        "end_place_id": "NG-PLC-000294",
        "geometry_id": "",
        "geometry_id_state": "PENDING_GOVERNED_LIVE_RESERVATION",
        "geometry_reservation_key": "p006.7.11.12:road-alignment:NG-RD-000265",
        "geometry_role_code": "ROAD_ALIGNMENT",
        "length_m": 4425.416,
        "provenance_class": "NNGLA_SIMULATION_AUTHORED_ALIGNMENT",
        "publication_status": "NOT_PUBLISHED",
        "qualification_status": "QUALIFIED_SIMULATION_AUTHORED",
        "region_code": "NGR-04",
        "road_candidate_id": "NG-RD-CAND-000265",
        "road_class_code": "ACCESS",
        "road_id": "NG-RD-000265",
        "road_name_id": "NG-NAM-ROA-000265",
        "runtime_effect_scope": "SHARED_REFERENCE",
        "runtime_mode": "production",
        "start_place_id": "NG-PLC-000340"
      },
      "type": "Feature"
    },
    {
      "geometry": {
        "coordinates": [
          [
            38.102017,
            5.149745
          ],
          [
            38.143721,
            5.156249
          ]
        ],
        "type": "LineString"
      },
      "properties": {
        "canonical_name": "Old Ferry Way",
        "end_place_id": "NG-PLC-000276",
        "geometry_id": "",
        "geometry_id_state": "PENDING_GOVERNED_LIVE_RESERVATION",
        "geometry_reservation_key": "p006.7.11.12:road-alignment:NG-RD-000266",
        "geometry_role_code": "ROAD_ALIGNMENT",
        "length_m": 4674.818,
        "provenance_class": "NNGLA_SIMULATION_AUTHORED_ALIGNMENT",
        "publication_status": "NOT_PUBLISHED",
        "qualification_status": "QUALIFIED_SIMULATION_AUTHORED",
        "region_code": "NGR-04",
        "road_candidate_id": "NG-RD-CAND-000266",
        "road_class_code": "SERVICE",
        "road_id": "NG-RD-000266",
        "road_name_id": "NG-NAM-ROA-000266",
        "runtime_effect_scope": "SHARED_REFERENCE",
        "runtime_mode": "production",
        "start_place_id": "NG-PLC-000268"
      },
      "type": "Feature"
    },
    {
      "geometry": {
        "coordinates": [
          [
            38.050017,
            5.086787
          ],
          [
            38.077638,
            5.05333
          ]
        ],
        "type": "LineString"
      },
      "properties": {
        "canonical_name": "Civic Isles Boulevard",
        "end_place_id": "NG-PLC-000269",
        "geometry_id": "",
        "geometry_id_state": "PENDING_GOVERNED_LIVE_RESERVATION",
        "geometry_reservation_key": "p006.7.11.12:road-alignment:NG-RD-000267",
        "geometry_role_code": "ROAD_ALIGNMENT",
        "length_m": 4816.598,
        "provenance_class": "NNGLA_SIMULATION_AUTHORED_ALIGNMENT",
        "publication_status": "NOT_PUBLISHED",
        "qualification_status": "QUALIFIED_SIMULATION_AUTHORED",
        "region_code": "NGR-04",
        "road_candidate_id": "NG-RD-CAND-000267",
        "road_class_code": "LOCAL",
        "road_id": "NG-RD-000267",
        "road_name_id": "NG-NAM-ROA-000267",
        "runtime_effect_scope": "SHARED_REFERENCE",
        "runtime_mode": "production",
        "start_place_id": "NG-PLC-000266"
      },
      "type": "Feature"
    },
    {
      "geometry": {
        "coordinates": [
          [
            37.867545,
            5.969485
          ],
          [
            37.899177,
            5.937358
          ]
        ],
        "type": "LineString"
      },
      "properties": {
        "canonical_name": "Museum Reach Highway",
        "end_place_id": "NG-PLC-000308",
        "geometry_id": "",
        "geometry_id_state": "PENDING_GOVERNED_LIVE_RESERVATION",
        "geometry_reservation_key": "p006.7.11.12:road-alignment:NG-RD-000268",
        "geometry_role_code": "ROAD_ALIGNMENT",
        "length_m": 5000.026,
        "provenance_class": "NNGLA_SIMULATION_AUTHORED_ALIGNMENT",
        "publication_status": "NOT_PUBLISHED",
        "qualification_status": "QUALIFIED_SIMULATION_AUTHORED",
        "region_code": "NGR-04",
        "road_candidate_id": "NG-RD-CAND-000268",
        "road_class_code": "MUNICIPAL",
        "road_id": "NG-RD-000268",
        "road_name_id": "NG-NAM-ROA-000268",
        "runtime_effect_scope": "SHARED_REFERENCE",
        "runtime_mode": "production",
        "start_place_id": "NG-PLC-000283"
      },
      "type": "Feature"
    },
    {
      "geometry": {
        "coordinates": [
          [
            38.069747,
            5.181883
          ],
          [
            38.102017,
            5.149745
          ]
        ],
        "type": "LineString"
      },
      "properties": {
        "canonical_name": "West Quays Junction",
        "end_place_id": "NG-PLC-000268",
        "geometry_id": "",
        "geometry_id_state": "PENDING_GOVERNED_LIVE_RESERVATION",
        "geometry_reservation_key": "p006.7.11.12:road-alignment:NG-RD-000269",
        "geometry_role_code": "ROAD_ALIGNMENT",
        "length_m": 5053.889,
        "provenance_class": "NNGLA_SIMULATION_AUTHORED_ALIGNMENT",
        "publication_status": "NOT_PUBLISHED",
        "qualification_status": "QUALIFIED_SIMULATION_AUTHORED",
        "region_code": "NGR-04",
        "road_candidate_id": "NG-RD-CAND-000269",
        "road_class_code": "DISTRICT",
        "road_id": "NG-RD-000269",
        "road_name_id": "NG-NAM-ROA-000269",
        "runtime_effect_scope": "SHARED_REFERENCE",
        "runtime_mode": "production",
        "start_place_id": "NG-PLC-000277"
      },
      "type": "Feature"
    },
    {
      "geometry": {
        "coordinates": [
          [
            38.196169,
            5.279672
          ],
          [
            38.218437,
            5.322553
          ]
        ],
        "type": "LineString"
      },
      "properties": {
        "canonical_name": "Bluewater Crossing",
        "end_place_id": "NG-PLC-000310",
        "geometry_id": "",
        "geometry_id_state": "PENDING_GOVERNED_LIVE_RESERVATION",
        "geometry_reservation_key": "p006.7.11.12:road-alignment:NG-RD-000270",
        "geometry_role_code": "ROAD_ALIGNMENT",
        "length_m": 5367.868,
        "provenance_class": "NNGLA_SIMULATION_AUTHORED_ALIGNMENT",
        "publication_status": "NOT_PUBLISHED",
        "qualification_status": "QUALIFIED_SIMULATION_AUTHORED",
        "region_code": "NGR-04",
        "road_candidate_id": "NG-RD-CAND-000270",
        "road_class_code": "REGIONAL",
        "road_id": "NG-RD-000270",
        "road_name_id": "NG-NAM-ROA-000270",
        "runtime_effect_scope": "SHARED_REFERENCE",
        "runtime_mode": "production",
        "start_place_id": "NG-PLC-000274"
      },
      "type": "Feature"
    },
    {
      "geometry": {
        "coordinates": [
          [
            37.552174,
            5.793221
          ],
          [
            37.592262,
            5.82246
          ]
        ],
        "type": "LineString"
      },
      "properties": {
        "canonical_name": "Nyarin Gardens Road",
        "end_place_id": "NG-PLC-000331",
        "geometry_id": "",
        "geometry_id_state": "PENDING_GOVERNED_LIVE_RESERVATION",
        "geometry_reservation_key": "p006.7.11.12:road-alignment:NG-RD-000271",
        "geometry_role_code": "ROAD_ALIGNMENT",
        "length_m": 5498.831,
        "provenance_class": "NNGLA_SIMULATION_AUTHORED_ALIGNMENT",
        "publication_status": "NOT_PUBLISHED",
        "qualification_status": "QUALIFIED_SIMULATION_AUTHORED",
        "region_code": "NGR-04",
        "road_candidate_id": "NG-RD-CAND-000271",
        "road_class_code": "RURAL",
        "road_id": "NG-RD-000271",
        "road_name_id": "NG-NAM-ROA-000271",
        "runtime_effect_scope": "SHARED_REFERENCE",
        "runtime_mode": "production",
        "start_place_id": "NG-PLC-000333"
      },
      "type": "Feature"
    },
    {
      "geometry": {
        "coordinates": [
          [
            37.514796,
            5.44811
          ],
          [
            37.565632,
            5.442134
          ]
        ],
        "type": "LineString"
      },
      "properties": {
        "canonical_name": "Heron Park Street",
        "end_place_id": "NG-PLC-000292",
        "geometry_id": "",
        "geometry_id_state": "PENDING_GOVERNED_LIVE_RESERVATION",
        "geometry_reservation_key": "p006.7.11.12:road-alignment:NG-RD-000272",
        "geometry_role_code": "ROAD_ALIGNMENT",
        "length_m": 5666.304,
        "provenance_class": "NNGLA_SIMULATION_AUTHORED_ALIGNMENT",
        "publication_status": "NOT_PUBLISHED",
        "qualification_status": "QUALIFIED_SIMULATION_AUTHORED",
        "region_code": "NGR-04",
        "road_candidate_id": "NG-RD-CAND-000272",
        "road_class_code": "ACCESS",
        "road_id": "NG-RD-000272",
        "road_name_id": "NG-NAM-ROA-000272",
        "runtime_effect_scope": "SHARED_REFERENCE",
        "runtime_mode": "production",
        "start_place_id": "NG-PLC-000326"
      },
      "type": "Feature"
    },
    {
      "geometry": {
        "coordinates": [
          [
            38.179426,
            5.257412
          ],
          [
            38.203414,
            5.209631
          ]
        ],
        "type": "LineString"
      },
      "properties": {
        "canonical_name": "Willowmere Avenue",
        "end_place_id": "NG-PLC-000272",
        "geometry_id": "",
        "geometry_id_state": "PENDING_GOVERNED_LIVE_RESERVATION",
        "geometry_reservation_key": "p006.7.11.12:road-alignment:NG-RD-000273",
        "geometry_role_code": "ROAD_ALIGNMENT",
        "length_m": 5940.004,
        "provenance_class": "NNGLA_SIMULATION_AUTHORED_ALIGNMENT",
        "publication_status": "NOT_PUBLISHED",
        "qualification_status": "QUALIFIED_SIMULATION_AUTHORED",
        "region_code": "NGR-04",
        "road_candidate_id": "NG-RD-CAND-000273",
        "road_class_code": "SERVICE",
        "road_id": "NG-RD-000273",
        "road_name_id": "NG-NAM-ROA-000273",
        "runtime_effect_scope": "SHARED_REFERENCE",
        "runtime_mode": "production",
        "start_place_id": "NG-PLC-000280"
      },
      "type": "Feature"
    },
    {
      "geometry": {
        "coordinates": [
          [
            37.637873,
            5.650982
          ],
          [
            37.693981,
            5.646514
          ]
        ],
        "type": "LineString"
      },
      "properties": {
        "canonical_name": "Canalview Lane",
        "end_place_id": "NG-PLC-000312",
        "geometry_id": "",
        "geometry_id_state": "PENDING_GOVERNED_LIVE_RESERVATION",
        "geometry_reservation_key": "p006.7.11.12:road-alignment:NG-RD-000274",
        "geometry_role_code": "ROAD_ALIGNMENT",
        "length_m": 6228.484,
        "provenance_class": "NNGLA_SIMULATION_AUTHORED_ALIGNMENT",
        "publication_status": "NOT_PUBLISHED",
        "qualification_status": "QUALIFIED_SIMULATION_AUTHORED",
        "region_code": "NGR-04",
        "road_candidate_id": "NG-RD-CAND-000274",
        "road_class_code": "LOCAL",
        "road_id": "NG-RD-000274",
        "road_name_id": "NG-NAM-ROA-000274",
        "runtime_effect_scope": "SHARED_REFERENCE",
        "runtime_mode": "production",
        "start_place_id": "NG-PLC-000337"
      },
      "type": "Feature"
    },
    {
      "geometry": {
        "coordinates": [
          [
            38.059296,
            5.109929
          ],
          [
            38.102017,
            5.149745
          ]
        ],
        "type": "LineString"
      },
      "properties": {
        "canonical_name": "Lakeside North Drive",
        "end_place_id": "NG-PLC-000268",
        "geometry_id": "",
        "geometry_id_state": "PENDING_GOVERNED_LIVE_RESERVATION",
        "geometry_reservation_key": "p006.7.11.12:road-alignment:NG-RD-000275",
        "geometry_role_code": "ROAD_ALIGNMENT",
        "length_m": 6479.732,
        "provenance_class": "NNGLA_SIMULATION_AUTHORED_ALIGNMENT",
        "publication_status": "NOT_PUBLISHED",
        "qualification_status": "QUALIFIED_SIMULATION_AUTHORED",
        "region_code": "NGR-04",
        "road_candidate_id": "NG-RD-CAND-000275",
        "road_class_code": "MUNICIPAL",
        "road_id": "NG-RD-000275",
        "road_name_id": "NG-NAM-ROA-000275",
        "runtime_effect_scope": "SHARED_REFERENCE",
        "runtime_mode": "production",
        "start_place_id": "NG-PLC-000263"
      },
      "type": "Feature"
    },
    {
      "geometry": {
        "coordinates": [
          [
            38.004002,
            5.048113
          ],
          [
            38.050017,
            5.086787
          ]
        ],
        "type": "LineString"
      },
      "properties": {
        "canonical_name": "Pearlbank Way",
        "end_place_id": "NG-PLC-000266",
        "geometry_id": "",
        "geometry_id_state": "PENDING_GOVERNED_LIVE_RESERVATION",
        "geometry_reservation_key": "p006.7.11.12:road-alignment:NG-RD-000276",
        "geometry_role_code": "ROAD_ALIGNMENT",
        "length_m": 6668.497,
        "provenance_class": "NNGLA_SIMULATION_AUTHORED_ALIGNMENT",
        "publication_status": "NOT_PUBLISHED",
        "qualification_status": "QUALIFIED_SIMULATION_AUTHORED",
        "region_code": "NGR-04",
        "road_candidate_id": "NG-RD-CAND-000276",
        "road_class_code": "DISTRICT",
        "road_id": "NG-RD-000276",
        "road_name_id": "NG-NAM-ROA-000276",
        "runtime_effect_scope": "SHARED_REFERENCE",
        "runtime_mode": "production",
        "start_place_id": "NG-PLC-000267"
      },
      "type": "Feature"
    },
    {
      "geometry": {
        "coordinates": [
          [
            38.106236,
            5.085827
          ],
          [
            38.161884,
            5.059686
          ]
        ],
        "type": "LineString"
      },
      "properties": {
        "canonical_name": "Mistral Court Boulevard",
        "end_place_id": "NG-PLC-000262",
        "geometry_id": "",
        "geometry_id_state": "PENDING_GOVERNED_LIVE_RESERVATION",
        "geometry_reservation_key": "p006.7.11.12:road-alignment:NG-RD-000277",
        "geometry_role_code": "ROAD_ALIGNMENT",
        "length_m": 6814.581,
        "provenance_class": "NNGLA_SIMULATION_AUTHORED_ALIGNMENT",
        "publication_status": "NOT_PUBLISHED",
        "qualification_status": "QUALIFIED_SIMULATION_AUTHORED",
        "region_code": "NGR-04",
        "road_candidate_id": "NG-RD-CAND-000277",
        "road_class_code": "REGIONAL",
        "road_id": "NG-RD-000277",
        "road_name_id": "NG-NAM-ROA-000277",
        "runtime_effect_scope": "SHARED_REFERENCE",
        "runtime_mode": "production",
        "start_place_id": "NG-PLC-000265"
      },
      "type": "Feature"
    },
    {
      "geometry": {
        "coordinates": [
          [
            37.486769,
            5.879642
          ],
          [
            37.549437,
            5.882836
          ]
        ],
        "type": "LineString"
      },
      "properties": {
        "canonical_name": "Fenwick Highway",
        "end_place_id": "NG-PLC-000307",
        "geometry_id": "",
        "geometry_id_state": "PENDING_GOVERNED_LIVE_RESERVATION",
        "geometry_reservation_key": "p006.7.11.12:road-alignment:NG-RD-000278",
        "geometry_role_code": "ROAD_ALIGNMENT",
        "length_m": 6940.787,
        "provenance_class": "NNGLA_SIMULATION_AUTHORED_ALIGNMENT",
        "publication_status": "NOT_PUBLISHED",
        "qualification_status": "QUALIFIED_SIMULATION_AUTHORED",
        "region_code": "NGR-04",
        "road_candidate_id": "NG-RD-CAND-000278",
        "road_class_code": "RURAL",
        "road_id": "NG-RD-000278",
        "road_name_id": "NG-NAM-ROA-000278",
        "runtime_effect_scope": "SHARED_REFERENCE",
        "runtime_mode": "production",
        "start_place_id": "NG-PLC-000336"
      },
      "type": "Feature"
    },
    {
      "geometry": {
        "coordinates": [
          [
            38.408913,
            5.788486
          ],
          [
            38.473156,
            5.795549
          ]
        ],
        "type": "LineString"
      },
      "properties": {
        "canonical_name": "Riverglass Junction",
        "end_place_id": "NG-PLC-000300",
        "geometry_id": "",
        "geometry_id_state": "PENDING_GOVERNED_LIVE_RESERVATION",
        "geometry_reservation_key": "p006.7.11.12:road-alignment:NG-RD-000279",
        "geometry_role_code": "ROAD_ALIGNMENT",
        "length_m": 7150.299,
        "provenance_class": "NNGLA_SIMULATION_AUTHORED_ALIGNMENT",
        "publication_status": "NOT_PUBLISHED",
        "qualification_status": "QUALIFIED_SIMULATION_AUTHORED",
        "region_code": "NGR-04",
        "road_candidate_id": "NG-RD-CAND-000279",
        "road_class_code": "ACCESS",
        "road_id": "NG-RD-000279",
        "road_name_id": "NG-NAM-ROA-000279",
        "runtime_effect_scope": "SHARED_REFERENCE",
        "runtime_mode": "production",
        "start_place_id": "NG-PLC-000301"
      },
      "type": "Feature"
    },
    {
      "geometry": {
        "coordinates": [
          [
            37.607389,
            5.715324
          ],
          [
            37.65175,
            5.662507
          ]
        ],
        "type": "LineString"
      },
      "properties": {
        "canonical_name": "New Delft Crossing",
        "end_place_id": "NG-PLC-000285",
        "geometry_id": "",
        "geometry_id_state": "PENDING_GOVERNED_LIVE_RESERVATION",
        "geometry_reservation_key": "p006.7.11.12:road-alignment:NG-RD-000280",
        "geometry_role_code": "ROAD_ALIGNMENT",
        "length_m": 7654.064,
        "provenance_class": "NNGLA_SIMULATION_AUTHORED_ALIGNMENT",
        "publication_status": "NOT_PUBLISHED",
        "qualification_status": "QUALIFIED_SIMULATION_AUTHORED",
        "region_code": "NGR-04",
        "road_candidate_id": "NG-RD-CAND-000280",
        "road_class_code": "SERVICE",
        "road_id": "NG-RD-000280",
        "road_name_id": "NG-NAM-ROA-000280",
        "runtime_effect_scope": "SHARED_REFERENCE",
        "runtime_mode": "production",
        "start_place_id": "NG-PLC-000340"
      },
      "type": "Feature"
    },
    {
      "geometry": {
        "coordinates": [
          [
            37.607951,
            5.457855
          ],
          [
            37.613853,
            5.386623
          ]
        ],
        "type": "LineString"
      },
      "properties": {
        "canonical_name": "Sedgefield Road",
        "end_place_id": "NG-PLC-000303",
        "geometry_id": "",
        "geometry_id_state": "PENDING_GOVERNED_LIVE_RESERVATION",
        "geometry_reservation_key": "p006.7.11.12:road-alignment:NG-RD-000281",
        "geometry_role_code": "ROAD_ALIGNMENT",
        "length_m": 7947.548,
        "provenance_class": "NNGLA_SIMULATION_AUTHORED_ALIGNMENT",
        "publication_status": "NOT_PUBLISHED",
        "qualification_status": "QUALIFIED_SIMULATION_AUTHORED",
        "region_code": "NGR-04",
        "road_candidate_id": "NG-RD-CAND-000281",
        "road_class_code": "LOCAL",
        "road_id": "NG-RD-000281",
        "road_name_id": "NG-NAM-ROA-000281",
        "runtime_effect_scope": "SHARED_REFERENCE",
        "runtime_mode": "production",
        "start_place_id": "NG-PLC-000327"
      },
      "type": "Feature"
    },
    {
      "geometry": {
        "coordinates": [
          [
            38.215314,
            5.250069
          ],
          [
            38.218437,
            5.322553
          ]
        ],
        "type": "LineString"
      },
      "properties": {
        "canonical_name": "Nyarin Street",
        "end_place_id": "NG-PLC-000310",
        "geometry_id": "",
        "geometry_id_state": "PENDING_GOVERNED_LIVE_RESERVATION",
        "geometry_reservation_key": "p006.7.11.12:road-alignment:NG-RD-000282",
        "geometry_role_code": "ROAD_ALIGNMENT",
        "length_m": 8067.278,
        "provenance_class": "NNGLA_SIMULATION_AUTHORED_ALIGNMENT",
        "publication_status": "NOT_PUBLISHED",
        "qualification_status": "QUALIFIED_SIMULATION_AUTHORED",
        "region_code": "NGR-04",
        "road_candidate_id": "NG-RD-CAND-000282",
        "road_class_code": "MUNICIPAL",
        "road_id": "NG-RD-000282",
        "road_name_id": "NG-NAM-ROA-000282",
        "runtime_effect_scope": "SHARED_REFERENCE",
        "runtime_mode": "production",
        "start_place_id": "NG-PLC-000279"
      },
      "type": "Feature"
    },
    {
      "geometry": {
        "coordinates": [
          [
            38.536508,
            5.240209
          ],
          [
            38.552426,
            5.311904
          ]
        ],
        "type": "LineString"
      },
      "properties": {
        "canonical_name": "Nyondar Avenue",
        "end_place_id": "NG-PLC-000322",
        "geometry_id": "",
        "geometry_id_state": "PENDING_GOVERNED_LIVE_RESERVATION",
        "geometry_reservation_key": "p006.7.11.12:road-alignment:NG-RD-000283",
        "geometry_role_code": "ROAD_ALIGNMENT",
        "length_m": 8164.637,
        "provenance_class": "NNGLA_SIMULATION_AUTHORED_ALIGNMENT",
        "publication_status": "NOT_PUBLISHED",
        "qualification_status": "QUALIFIED_SIMULATION_AUTHORED",
        "region_code": "NGR-04",
        "road_candidate_id": "NG-RD-CAND-000283",
        "road_class_code": "DISTRICT",
        "road_id": "NG-RD-000283",
        "road_name_id": "NG-NAM-ROA-000283",
        "runtime_effect_scope": "SHARED_REFERENCE",
        "runtime_mode": "production",
        "start_place_id": "NG-PLC-000323"
      },
      "type": "Feature"
    },
    {
      "geometry": {
        "coordinates": [
          [
            37.549437,
            5.882836
          ],
          [
            37.592262,
            5.82246
          ]
        ],
        "type": "LineString"
      },
      "properties": {
        "canonical_name": "Nyavora Lane",
        "end_place_id": "NG-PLC-000331",
        "geometry_id": "",
        "geometry_id_state": "PENDING_GOVERNED_LIVE_RESERVATION",
        "geometry_reservation_key": "p006.7.11.12:road-alignment:NG-RD-000284",
        "geometry_role_code": "ROAD_ALIGNMENT",
        "length_m": 8216.536,
        "provenance_class": "NNGLA_SIMULATION_AUTHORED_ALIGNMENT",
        "publication_status": "NOT_PUBLISHED",
        "qualification_status": "QUALIFIED_SIMULATION_AUTHORED",
        "region_code": "NGR-04",
        "road_candidate_id": "NG-RD-CAND-000284",
        "road_class_code": "REGIONAL",
        "road_id": "NG-RD-000284",
        "road_name_id": "NG-NAM-ROA-000284",
        "runtime_effect_scope": "SHARED_REFERENCE",
        "runtime_mode": "production",
        "start_place_id": "NG-PLC-000307"
      },
      "type": "Feature"
    },
    {
      "geometry": {
        "coordinates": [
          [
            38.087586,
            5.066633
          ],
          [
            38.161884,
            5.059686
          ]
        ],
        "type": "LineString"
      },
      "properties": {
        "canonical_name": "Osprey Bend Drive",
        "end_place_id": "NG-PLC-000262",
        "geometry_id": "",
        "geometry_id_state": "PENDING_GOVERNED_LIVE_RESERVATION",
        "geometry_reservation_key": "p006.7.11.12:road-alignment:NG-RD-000285",
        "geometry_role_code": "ROAD_ALIGNMENT",
        "length_m": 8265.511,
        "provenance_class": "NNGLA_SIMULATION_AUTHORED_ALIGNMENT",
        "publication_status": "NOT_PUBLISHED",
        "qualification_status": "QUALIFIED_SIMULATION_AUTHORED",
        "region_code": "NGR-04",
        "road_candidate_id": "NG-RD-CAND-000285",
        "road_class_code": "RURAL",
        "road_id": "NG-RD-000285",
        "road_name_id": "NG-NAM-ROA-000285",
        "runtime_effect_scope": "SHARED_REFERENCE",
        "runtime_mode": "production",
        "start_place_id": "NG-PLC-000264"
      },
      "type": "Feature"
    },
    {
      "geometry": {
        "coordinates": [
          [
            37.693981,
            5.646514
          ],
          [
            37.751127,
            5.594558
          ]
        ],
        "type": "LineString"
      },
      "properties": {
        "canonical_name": "Pelican Reach Way",
        "end_place_id": "NG-PLC-000293",
        "geometry_id": "",
        "geometry_id_state": "PENDING_GOVERNED_LIVE_RESERVATION",
        "geometry_reservation_key": "p006.7.11.12:road-alignment:NG-RD-000286",
        "geometry_role_code": "ROAD_ALIGNMENT",
        "length_m": 8565.462,
        "provenance_class": "NNGLA_SIMULATION_AUTHORED_ALIGNMENT",
        "publication_status": "NOT_PUBLISHED",
        "qualification_status": "QUALIFIED_SIMULATION_AUTHORED",
        "region_code": "NGR-04",
        "road_candidate_id": "NG-RD-CAND-000286",
        "road_class_code": "ACCESS",
        "road_id": "NG-RD-000286",
        "road_name_id": "NG-NAM-ROA-000286",
        "runtime_effect_scope": "SHARED_REFERENCE",
        "runtime_mode": "production",
        "start_place_id": "NG-PLC-000312"
      },
      "type": "Feature"
    },
    {
      "geometry": {
        "coordinates": [
          [
            37.973348,
            5.073535
          ],
          [
            38.050017,
            5.086787
          ]
        ],
        "type": "LineString"
      },
      "properties": {
        "canonical_name": "Fenmere Boulevard",
        "end_place_id": "NG-PLC-000266",
        "geometry_id": "",
        "geometry_id_state": "PENDING_GOVERNED_LIVE_RESERVATION",
        "geometry_reservation_key": "p006.7.11.12:road-alignment:NG-RD-000287",
        "geometry_role_code": "ROAD_ALIGNMENT",
        "length_m": 8618.631,
        "provenance_class": "NNGLA_SIMULATION_AUTHORED_ALIGNMENT",
        "publication_status": "NOT_PUBLISHED",
        "qualification_status": "QUALIFIED_SIMULATION_AUTHORED",
        "region_code": "NGR-04",
        "road_candidate_id": "NG-RD-CAND-000287",
        "road_class_code": "SERVICE",
        "road_id": "NG-RD-000287",
        "road_name_id": "NG-NAM-ROA-000287",
        "runtime_effect_scope": "SHARED_REFERENCE",
        "runtime_mode": "production",
        "start_place_id": "NG-PLC-000341"
      },
      "type": "Feature"
    },
    {
      "geometry": {
        "coordinates": [
          [
            37.607951,
            5.457855
          ],
          [
            37.681025,
            5.426473
          ]
        ],
        "type": "LineString"
      },
      "properties": {
        "canonical_name": "Lotus Ford Highway",
        "end_place_id": "NG-PLC-000304",
        "geometry_id": "",
        "geometry_id_state": "PENDING_GOVERNED_LIVE_RESERVATION",
        "geometry_reservation_key": "p006.7.11.12:road-alignment:NG-RD-000288",
        "geometry_role_code": "ROAD_ALIGNMENT",
        "length_m": 8809.436,
        "provenance_class": "NNGLA_SIMULATION_AUTHORED_ALIGNMENT",
        "publication_status": "NOT_PUBLISHED",
        "qualification_status": "QUALIFIED_SIMULATION_AUTHORED",
        "region_code": "NGR-04",
        "road_candidate_id": "NG-RD-CAND-000288",
        "road_class_code": "LOCAL",
        "road_id": "NG-RD-000288",
        "road_name_id": "NG-NAM-ROA-000288",
        "runtime_effect_scope": "SHARED_REFERENCE",
        "runtime_mode": "production",
        "start_place_id": "NG-PLC-000327"
      },
      "type": "Feature"
    },
    {
      "geometry": {
        "coordinates": [
          [
            38.142969,
            5.290829
          ],
          [
            38.218437,
            5.322553
          ]
        ],
        "type": "LineString"
      },
      "properties": {
        "canonical_name": "Rivermist Junction",
        "end_place_id": "NG-PLC-000310",
        "geometry_id": "",
        "geometry_id_state": "PENDING_GOVERNED_LIVE_RESERVATION",
        "geometry_reservation_key": "p006.7.11.12:road-alignment:NG-RD-000289",
        "geometry_role_code": "ROAD_ALIGNMENT",
        "length_m": 9069.807,
        "provenance_class": "NNGLA_SIMULATION_AUTHORED_ALIGNMENT",
        "publication_status": "NOT_PUBLISHED",
        "qualification_status": "QUALIFIED_SIMULATION_AUTHORED",
        "region_code": "NGR-04",
        "road_candidate_id": "NG-RD-CAND-000289",
        "road_class_code": "MUNICIPAL",
        "road_id": "NG-RD-000289",
        "road_name_id": "NG-NAM-ROA-000289",
        "runtime_effect_scope": "SHARED_REFERENCE",
        "runtime_mode": "production",
        "start_place_id": "NG-PLC-000284"
      },
      "type": "Feature"
    },
    {
      "geometry": {
        "coordinates": [
          [
            37.623732,
            5.751649
          ],
          [
            37.705847,
            5.763488
          ]
        ],
        "type": "LineString"
      },
      "properties": {
        "canonical_name": "Heronfall Crossing",
        "end_place_id": "NG-PLC-000298",
        "geometry_id": "",
        "geometry_id_state": "PENDING_GOVERNED_LIVE_RESERVATION",
        "geometry_reservation_key": "p006.7.11.12:road-alignment:NG-RD-000290",
        "geometry_role_code": "ROAD_ALIGNMENT",
        "length_m": 9179.607,
        "provenance_class": "NNGLA_SIMULATION_AUTHORED_ALIGNMENT",
        "publication_status": "NOT_PUBLISHED",
        "qualification_status": "QUALIFIED_SIMULATION_AUTHORED",
        "region_code": "NGR-04",
        "road_candidate_id": "NG-RD-CAND-000290",
        "road_class_code": "DISTRICT",
        "road_id": "NG-RD-000290",
        "road_name_id": "NG-NAM-ROA-000290",
        "runtime_effect_scope": "SHARED_REFERENCE",
        "runtime_mode": "production",
        "start_place_id": "NG-PLC-000294"
      },
      "type": "Feature"
    },
    {
      "geometry": {
        "coordinates": [
          [
            38.077638,
            5.05333
          ],
          [
            38.161884,
            5.059686
          ]
        ],
        "type": "LineString"
      },
      "properties": {
        "canonical_name": "Delftwater Road",
        "end_place_id": "NG-PLC-000262",
        "geometry_id": "",
        "geometry_id_state": "PENDING_GOVERNED_LIVE_RESERVATION",
        "geometry_reservation_key": "p006.7.11.12:road-alignment:NG-RD-000291",
        "geometry_role_code": "ROAD_ALIGNMENT",
        "length_m": 9358.011,
        "provenance_class": "NNGLA_SIMULATION_AUTHORED_ALIGNMENT",
        "publication_status": "NOT_PUBLISHED",
        "qualification_status": "QUALIFIED_SIMULATION_AUTHORED",
        "region_code": "NGR-04",
        "road_candidate_id": "NG-RD-CAND-000291",
        "road_class_code": "REGIONAL",
        "road_id": "NG-RD-000291",
        "road_name_id": "NG-NAM-ROA-000291",
        "runtime_effect_scope": "SHARED_REFERENCE",
        "runtime_mode": "production",
        "start_place_id": "NG-PLC-000269"
      },
      "type": "Feature"
    },
    {
      "geometry": {
        "coordinates": [
          [
            38.103215,
            5.614633
          ],
          [
            38.158974,
            5.548656
          ]
        ],
        "type": "LineString"
      },
      "properties": {
        "canonical_name": "Bluehaven Street",
        "end_place_id": "NG-PLC-000291",
        "geometry_id": "",
        "geometry_id_state": "PENDING_GOVERNED_LIVE_RESERVATION",
        "geometry_reservation_key": "p006.7.11.12:road-alignment:NG-RD-000292",
        "geometry_role_code": "ROAD_ALIGNMENT",
        "length_m": 9586.42,
        "provenance_class": "NNGLA_SIMULATION_AUTHORED_ALIGNMENT",
        "publication_status": "NOT_PUBLISHED",
        "qualification_status": "QUALIFIED_SIMULATION_AUTHORED",
        "region_code": "NGR-04",
        "road_candidate_id": "NG-RD-CAND-000292",
        "road_class_code": "RURAL",
        "road_id": "NG-RD-000292",
        "road_name_id": "NG-NAM-ROA-000292",
        "runtime_effect_scope": "SHARED_REFERENCE",
        "runtime_mode": "production",
        "start_place_id": "NG-PLC-000296"
      },
      "type": "Feature"
    },
    {
      "geometry": {
        "coordinates": [
          [
            38.552426,
            5.311904
          ],
          [
            38.640823,
            5.332119
          ]
        ],
        "type": "LineString"
      },
      "properties": {
        "canonical_name": "Lowwater Avenue",
        "end_place_id": "NG-PLC-000343",
        "geometry_id": "",
        "geometry_id_state": "PENDING_GOVERNED_LIVE_RESERVATION",
        "geometry_reservation_key": "p006.7.11.12:road-alignment:NG-RD-000293",
        "geometry_role_code": "ROAD_ALIGNMENT",
        "length_m": 10041.753,
        "provenance_class": "NNGLA_SIMULATION_AUTHORED_ALIGNMENT",
        "publication_status": "NOT_PUBLISHED",
        "qualification_status": "QUALIFIED_SIMULATION_AUTHORED",
        "region_code": "NGR-04",
        "road_candidate_id": "NG-RD-CAND-000293",
        "road_class_code": "ACCESS",
        "road_id": "NG-RD-000293",
        "road_name_id": "NG-NAM-ROA-000293",
        "runtime_effect_scope": "SHARED_REFERENCE",
        "runtime_mode": "production",
        "start_place_id": "NG-PLC-000322"
      },
      "type": "Feature"
    },
    {
      "geometry": {
        "coordinates": [
          [
            37.623732,
            5.751649
          ],
          [
            37.65175,
            5.662507
          ]
        ],
        "type": "LineString"
      },
      "properties": {
        "canonical_name": "Canalford Lane",
        "end_place_id": "NG-PLC-000285",
        "geometry_id": "",
        "geometry_id_state": "PENDING_GOVERNED_LIVE_RESERVATION",
        "geometry_reservation_key": "p006.7.11.12:road-alignment:NG-RD-000294",
        "geometry_role_code": "ROAD_ALIGNMENT",
        "length_m": 10385.609,
        "provenance_class": "NNGLA_SIMULATION_AUTHORED_ALIGNMENT",
        "publication_status": "NOT_PUBLISHED",
        "qualification_status": "QUALIFIED_SIMULATION_AUTHORED",
        "region_code": "NGR-04",
        "road_candidate_id": "NG-RD-CAND-000294",
        "road_class_code": "SERVICE",
        "road_id": "NG-RD-000294",
        "road_name_id": "NG-NAM-ROA-000294",
        "runtime_effect_scope": "SHARED_REFERENCE",
        "runtime_mode": "production",
        "start_place_id": "NG-PLC-000294"
      },
      "type": "Feature"
    },
    {
      "geometry": {
        "coordinates": [
          [
            38.258052,
            5.555387
          ],
          [
            38.337143,
            5.503917
          ]
        ],
        "type": "LineString"
      },
      "properties": {
        "canonical_name": "Brinewell Drive",
        "end_place_id": "NG-PLC-000320",
        "geometry_id": "",
        "geometry_id_state": "PENDING_GOVERNED_LIVE_RESERVATION",
        "geometry_reservation_key": "p006.7.11.12:road-alignment:NG-RD-000295",
        "geometry_role_code": "ROAD_ALIGNMENT",
        "length_m": 10458.524,
        "provenance_class": "NNGLA_SIMULATION_AUTHORED_ALIGNMENT",
        "publication_status": "NOT_PUBLISHED",
        "qualification_status": "QUALIFIED_SIMULATION_AUTHORED",
        "region_code": "NGR-04",
        "road_candidate_id": "NG-RD-CAND-000295",
        "road_class_code": "LOCAL",
        "road_id": "NG-RD-000295",
        "road_name_id": "NG-NAM-ROA-000295",
        "runtime_effect_scope": "SHARED_REFERENCE",
        "runtime_mode": "production",
        "start_place_id": "NG-PLC-000325"
      },
      "type": "Feature"
    },
    {
      "geometry": {
        "coordinates": [
          [
            38.143721,
            5.156249
          ],
          [
            38.161884,
            5.059686
          ]
        ],
        "type": "LineString"
      },
      "properties": {
        "canonical_name": "Willow Quay Way",
        "end_place_id": "NG-PLC-000262",
        "geometry_id": "",
        "geometry_id_state": "PENDING_GOVERNED_LIVE_RESERVATION",
        "geometry_reservation_key": "p006.7.11.12:road-alignment:NG-RD-000296",
        "geometry_role_code": "ROAD_ALIGNMENT",
        "length_m": 10924.141,
        "provenance_class": "NNGLA_SIMULATION_AUTHORED_ALIGNMENT",
        "publication_status": "NOT_PUBLISHED",
        "qualification_status": "QUALIFIED_SIMULATION_AUTHORED",
        "region_code": "NGR-04",
        "road_candidate_id": "NG-RD-CAND-000296",
        "road_class_code": "MUNICIPAL",
        "road_id": "NG-RD-000296",
        "road_name_id": "NG-NAM-ROA-000296",
        "runtime_effect_scope": "SHARED_REFERENCE",
        "runtime_mode": "production",
        "start_place_id": "NG-PLC-000276"
      },
      "type": "Feature"
    },
    {
      "geometry": {
        "coordinates": [
          [
            37.905694,
            5.319306
          ],
          [
            37.969899,
            5.24284
          ]
        ],
        "type": "LineString"
      },
      "properties": {
        "canonical_name": "Nyandor Landing Boulevard",
        "end_place_id": "NG-PLC-000315",
        "geometry_id": "",
        "geometry_id_state": "PENDING_GOVERNED_LIVE_RESERVATION",
        "geometry_reservation_key": "p006.7.11.12:road-alignment:NG-RD-000297",
        "geometry_role_code": "ROAD_ALIGNMENT",
        "length_m": 11082.98,
        "provenance_class": "NNGLA_SIMULATION_AUTHORED_ALIGNMENT",
        "publication_status": "NOT_PUBLISHED",
        "qualification_status": "QUALIFIED_SIMULATION_AUTHORED",
        "region_code": "NGR-04",
        "road_candidate_id": "NG-RD-CAND-000297",
        "road_class_code": "DISTRICT",
        "road_id": "NG-RD-000297",
        "road_name_id": "NG-NAM-ROA-000297",
        "runtime_effect_scope": "SHARED_REFERENCE",
        "runtime_mode": "production",
        "start_place_id": "NG-PLC-000286"
      },
      "type": "Feature"
    },
    {
      "geometry": {
        "coordinates": [
          [
            38.031716,
            5.276005
          ],
          [
            38.069747,
            5.181883
          ]
        ],
        "type": "LineString"
      },
      "properties": {
        "canonical_name": "Reedline Highway",
        "end_place_id": "NG-PLC-000277",
        "geometry_id": "",
        "geometry_id_state": "PENDING_GOVERNED_LIVE_RESERVATION",
        "geometry_reservation_key": "p006.7.11.12:road-alignment:NG-RD-000298",
        "geometry_role_code": "ROAD_ALIGNMENT",
        "length_m": 11281.394,
        "provenance_class": "NNGLA_SIMULATION_AUTHORED_ALIGNMENT",
        "publication_status": "NOT_PUBLISHED",
        "qualification_status": "QUALIFIED_SIMULATION_AUTHORED",
        "region_code": "NGR-04",
        "road_candidate_id": "NG-RD-CAND-000298",
        "road_class_code": "REGIONAL",
        "road_id": "NG-RD-000298",
        "road_name_id": "NG-NAM-ROA-000298",
        "runtime_effect_scope": "SHARED_REFERENCE",
        "runtime_mode": "production",
        "start_place_id": "NG-PLC-000275"
      },
      "type": "Feature"
    },
    {
      "geometry": {
        "coordinates": [
          [
            38.161884,
            5.059686
          ],
          [
            38.174415,
            5.165606
          ]
        ],
        "type": "LineString"
      },
      "properties": {
        "canonical_name": "Nyan Cross Junction",
        "end_place_id": "NG-PLC-000270",
        "geometry_id": "",
        "geometry_id_state": "PENDING_GOVERNED_LIVE_RESERVATION",
        "geometry_reservation_key": "p006.7.11.12:road-alignment:NG-RD-000299",
        "geometry_role_code": "ROAD_ALIGNMENT",
        "length_m": 11859.27,
        "provenance_class": "NNGLA_SIMULATION_AUTHORED_ALIGNMENT",
        "publication_status": "NOT_PUBLISHED",
        "qualification_status": "QUALIFIED_SIMULATION_AUTHORED",
        "region_code": "NGR-04",
        "road_candidate_id": "NG-RD-CAND-000299",
        "road_class_code": "RURAL",
        "road_id": "NG-RD-000299",
        "road_name_id": "NG-NAM-ROA-000299",
        "runtime_effect_scope": "SHARED_REFERENCE",
        "runtime_mode": "production",
        "start_place_id": "NG-PLC-000262"
      },
      "type": "Feature"
    },
    {
      "geometry": {
        "coordinates": [
          [
            38.069747,
            5.181883
          ],
          [
            38.070717,
            5.290308
          ]
        ],
        "type": "LineString"
      },
      "properties": {
        "canonical_name": "South Reedhaven Crossing",
        "end_place_id": "NG-PLC-000344",
        "geometry_id": "",
        "geometry_id_state": "PENDING_GOVERNED_LIVE_RESERVATION",
        "geometry_reservation_key": "p006.7.11.12:road-alignment:NG-RD-000300",
        "geometry_role_code": "ROAD_ALIGNMENT",
        "length_m": 12056.805,
        "provenance_class": "NNGLA_SIMULATION_AUTHORED_ALIGNMENT",
        "publication_status": "NOT_PUBLISHED",
        "qualification_status": "QUALIFIED_SIMULATION_AUTHORED",
        "region_code": "NGR-04",
        "road_candidate_id": "NG-RD-CAND-000300",
        "road_class_code": "ACCESS",
        "road_id": "NG-RD-000300",
        "road_name_id": "NG-NAM-ROA-000300",
        "runtime_effect_scope": "SHARED_REFERENCE",
        "runtime_mode": "production",
        "start_place_id": "NG-PLC-000277"
      },
      "type": "Feature"
    },
    {
      "geometry": {
        "coordinates": [
          [
            38.512239,
            5.425656
          ],
          [
            38.518239,
            5.535735
          ]
        ],
        "type": "LineString"
      },
      "properties": {
        "canonical_name": "Lotus Junction Road",
        "end_place_id": "NG-PLC-000302",
        "geometry_id": "",
        "geometry_id_state": "PENDING_GOVERNED_LIVE_RESERVATION",
        "geometry_reservation_key": "p006.7.11.12:road-alignment:NG-RD-000301",
        "geometry_role_code": "ROAD_ALIGNMENT",
        "length_m": 12258.247,
        "provenance_class": "NNGLA_SIMULATION_AUTHORED_ALIGNMENT",
        "publication_status": "NOT_PUBLISHED",
        "qualification_status": "QUALIFIED_SIMULATION_AUTHORED",
        "region_code": "NGR-04",
        "road_candidate_id": "NG-RD-CAND-000301",
        "road_class_code": "SERVICE",
        "road_id": "NG-RD-000301",
        "road_name_id": "NG-NAM-ROA-000301",
        "runtime_effect_scope": "SHARED_REFERENCE",
        "runtime_mode": "production",
        "start_place_id": "NG-PLC-000288"
      },
      "type": "Feature"
    },
    {
      "geometry": {
        "coordinates": [
          [
            38.512239,
            5.425656
          ],
          [
            38.611669,
            5.480675
          ]
        ],
        "type": "LineString"
      },
      "properties": {
        "canonical_name": "Heron Steps Street",
        "end_place_id": "NG-PLC-000318",
        "geometry_id": "",
        "geometry_id_state": "PENDING_GOVERNED_LIVE_RESERVATION",
        "geometry_reservation_key": "p006.7.11.12:road-alignment:NG-RD-000302",
        "geometry_role_code": "ROAD_ALIGNMENT",
        "length_m": 12592.14,
        "provenance_class": "NNGLA_SIMULATION_AUTHORED_ALIGNMENT",
        "publication_status": "NOT_PUBLISHED",
        "qualification_status": "QUALIFIED_SIMULATION_AUTHORED",
        "region_code": "NGR-04",
        "road_candidate_id": "NG-RD-CAND-000302",
        "road_class_code": "LOCAL",
        "road_id": "NG-RD-000302",
        "road_name_id": "NG-NAM-ROA-000302",
        "runtime_effect_scope": "SHARED_REFERENCE",
        "runtime_mode": "production",
        "start_place_id": "NG-PLC-000288"
      },
      "type": "Feature"
    },
    {
      "geometry": {
        "coordinates": [
          [
            37.681025,
            5.426473
          ],
          [
            37.776507,
            5.361669
          ]
        ],
        "type": "LineString"
      },
      "properties": {
        "canonical_name": "Lakemarch East Avenue",
        "end_place_id": "NG-PLC-000261",
        "geometry_id": "",
        "geometry_id_state": "PENDING_GOVERNED_LIVE_RESERVATION",
        "geometry_reservation_key": "p006.7.11.12:road-alignment:NG-RD-000303",
        "geometry_role_code": "ROAD_ALIGNMENT",
        "length_m": 12792.657,
        "provenance_class": "NNGLA_SIMULATION_AUTHORED_ALIGNMENT",
        "publication_status": "NOT_PUBLISHED",
        "qualification_status": "QUALIFIED_SIMULATION_AUTHORED",
        "region_code": "NGR-04",
        "road_candidate_id": "NG-RD-CAND-000303",
        "road_class_code": "MUNICIPAL",
        "road_id": "NG-RD-000303",
        "road_name_id": "NG-NAM-ROA-000303",
        "runtime_effect_scope": "SHARED_REFERENCE",
        "runtime_mode": "production",
        "start_place_id": "NG-PLC-000304"
      },
      "type": "Feature"
    },
    {
      "geometry": {
        "coordinates": [
          [
            37.693981,
            5.646514
          ],
          [
            37.705847,
            5.763488
          ]
        ],
        "type": "LineString"
      },
      "properties": {
        "canonical_name": "Lowwater Bend Lane",
        "end_place_id": "NG-PLC-000298",
        "geometry_id": "",
        "geometry_id_state": "PENDING_GOVERNED_LIVE_RESERVATION",
        "geometry_reservation_key": "p006.7.11.12:road-alignment:NG-RD-000304",
        "geometry_role_code": "ROAD_ALIGNMENT",
        "length_m": 13073.027,
        "provenance_class": "NNGLA_SIMULATION_AUTHORED_ALIGNMENT",
        "publication_status": "NOT_PUBLISHED",
        "qualification_status": "QUALIFIED_SIMULATION_AUTHORED",
        "region_code": "NGR-04",
        "road_candidate_id": "NG-RD-CAND-000304",
        "road_class_code": "DISTRICT",
        "road_id": "NG-RD-000304",
        "road_name_id": "NG-NAM-ROA-000304",
        "runtime_effect_scope": "SHARED_REFERENCE",
        "runtime_mode": "production",
        "start_place_id": "NG-PLC-000312"
      },
      "type": "Feature"
    },
    {
      "geometry": {
        "coordinates": [
          [
            38.215314,
            5.250069
          ],
          [
            38.253031,
            5.363567
          ]
        ],
        "type": "LineString"
      },
      "properties": {
        "canonical_name": "Canal End Drive",
        "end_place_id": "NG-PLC-000311",
        "geometry_id": "",
        "geometry_id_state": "PENDING_GOVERNED_LIVE_RESERVATION",
        "geometry_reservation_key": "p006.7.11.12:road-alignment:NG-RD-000305",
        "geometry_role_code": "ROAD_ALIGNMENT",
        "length_m": 13293.37,
        "provenance_class": "NNGLA_SIMULATION_AUTHORED_ALIGNMENT",
        "publication_status": "NOT_PUBLISHED",
        "qualification_status": "QUALIFIED_SIMULATION_AUTHORED",
        "region_code": "NGR-04",
        "road_candidate_id": "NG-RD-CAND-000305",
        "road_class_code": "REGIONAL",
        "road_id": "NG-RD-000305",
        "road_name_id": "NG-NAM-ROA-000305",
        "runtime_effect_scope": "SHARED_REFERENCE",
        "runtime_mode": "production",
        "start_place_id": "NG-PLC-000279"
      },
      "type": "Feature"
    },
    {
      "geometry": {
        "coordinates": [
          [
            38.054531,
            5.727162
          ],
          [
            38.103215,
            5.614633
          ]
        ],
        "type": "LineString"
      },
      "properties": {
        "canonical_name": "Upper Nyarin Way",
        "end_place_id": "NG-PLC-000296",
        "geometry_id": "",
        "geometry_id_state": "PENDING_GOVERNED_LIVE_RESERVATION",
        "geometry_reservation_key": "p006.7.11.12:road-alignment:NG-RD-000306",
        "geometry_role_code": "ROAD_ALIGNMENT",
        "length_m": 13622.992,
        "provenance_class": "NNGLA_SIMULATION_AUTHORED_ALIGNMENT",
        "publication_status": "NOT_PUBLISHED",
        "qualification_status": "QUALIFIED_SIMULATION_AUTHORED",
        "region_code": "NGR-04",
        "road_candidate_id": "NG-RD-CAND-000306",
        "road_class_code": "RURAL",
        "road_id": "NG-RD-000306",
        "road_name_id": "NG-NAM-ROA-000306",
        "runtime_effect_scope": "SHARED_REFERENCE",
        "runtime_mode": "production",
        "start_place_id": "NG-PLC-000334"
      },
      "type": "Feature"
    },
    {
      "geometry": {
        "coordinates": [
          [
            38.78409,
            5.672941
          ],
          [
            38.899718,
            5.621275
          ]
        ],
        "type": "LineString"
      },
      "properties": {
        "canonical_name": "Nyarin Landing Boulevard",
        "end_place_id": "NG-PLC-000316",
        "geometry_id": "",
        "geometry_id_state": "PENDING_GOVERNED_LIVE_RESERVATION",
        "geometry_reservation_key": "p006.7.11.12:road-alignment:NG-RD-000307",
        "geometry_role_code": "ROAD_ALIGNMENT",
        "length_m": 14025.465,
        "provenance_class": "NNGLA_SIMULATION_AUTHORED_ALIGNMENT",
        "publication_status": "NOT_PUBLISHED",
        "qualification_status": "QUALIFIED_SIMULATION_AUTHORED",
        "region_code": "NGR-04",
        "road_candidate_id": "NG-RD-CAND-000307",
        "road_class_code": "ACCESS",
        "road_id": "NG-RD-000307",
        "road_name_id": "NG-NAM-ROA-000307",
        "runtime_effect_scope": "SHARED_REFERENCE",
        "runtime_mode": "production",
        "start_place_id": "NG-PLC-000287"
      },
      "type": "Feature"
    },
    {
      "geometry": {
        "coordinates": [
          [
            37.592262,
            5.82246
          ],
          [
            37.705847,
            5.763488
          ]
        ],
        "type": "LineString"
      },
      "properties": {
        "canonical_name": "Lower Nyondar Highway",
        "end_place_id": "NG-PLC-000298",
        "geometry_id": "",
        "geometry_id_state": "PENDING_GOVERNED_LIVE_RESERVATION",
        "geometry_reservation_key": "p006.7.11.12:road-alignment:NG-RD-000308",
        "geometry_role_code": "ROAD_ALIGNMENT",
        "length_m": 14173.692,
        "provenance_class": "NNGLA_SIMULATION_AUTHORED_ALIGNMENT",
        "publication_status": "NOT_PUBLISHED",
        "qualification_status": "QUALIFIED_SIMULATION_AUTHORED",
        "region_code": "NGR-04",
        "road_candidate_id": "NG-RD-CAND-000308",
        "road_class_code": "SERVICE",
        "road_id": "NG-RD-000308",
        "road_name_id": "NG-NAM-ROA-000308",
        "runtime_effect_scope": "SHARED_REFERENCE",
        "runtime_mode": "production",
        "start_place_id": "NG-PLC-000331"
      },
      "type": "Feature"
    },
    {
      "geometry": {
        "coordinates": [
          [
            37.929583,
            5.758235
          ],
          [
            38.054531,
            5.727162
          ]
        ],
        "type": "LineString"
      },
      "properties": {
        "canonical_name": "Nyondar Reed Junction",
        "end_place_id": "NG-PLC-000334",
        "geometry_id": "",
        "geometry_id_state": "PENDING_GOVERNED_LIVE_RESERVATION",
        "geometry_reservation_key": "p006.7.11.12:road-alignment:NG-RD-000309",
        "geometry_role_code": "ROAD_ALIGNMENT",
        "length_m": 14249.129,
        "provenance_class": "NNGLA_SIMULATION_AUTHORED_ALIGNMENT",
        "publication_status": "NOT_PUBLISHED",
        "qualification_status": "QUALIFIED_SIMULATION_AUTHORED",
        "region_code": "NGR-04",
        "road_candidate_id": "NG-RD-CAND-000309",
        "road_class_code": "LOCAL",
        "road_id": "NG-RD-000309",
        "road_name_id": "NG-NAM-ROA-000309",
        "runtime_effect_scope": "SHARED_REFERENCE",
        "runtime_mode": "production",
        "start_place_id": "NG-PLC-000297"
      },
      "type": "Feature"
    },
    {
      "geometry": {
        "coordinates": [
          [
            38.161884,
            5.059686
          ],
          [
            38.245992,
            5.158977
          ]
        ],
        "type": "LineString"
      },
      "properties": {
        "canonical_name": "Old Nyavora Crossing",
        "end_place_id": "NG-PLC-000278",
        "geometry_id": "",
        "geometry_id_state": "PENDING_GOVERNED_LIVE_RESERVATION",
        "geometry_reservation_key": "p006.7.11.12:road-alignment:NG-RD-000310",
        "geometry_role_code": "ROAD_ALIGNMENT",
        "length_m": 14445.414,
        "provenance_class": "NNGLA_SIMULATION_AUTHORED_ALIGNMENT",
        "publication_status": "NOT_PUBLISHED",
        "qualification_status": "QUALIFIED_SIMULATION_AUTHORED",
        "region_code": "NGR-04",
        "road_candidate_id": "NG-RD-CAND-000310",
        "road_class_code": "MUNICIPAL",
        "road_id": "NG-RD-000310",
        "road_name_id": "NG-NAM-ROA-000310",
        "runtime_effect_scope": "SHARED_REFERENCE",
        "runtime_mode": "production",
        "start_place_id": "NG-PLC-000262"
      },
      "type": "Feature"
    },
    {
      "geometry": {
        "coordinates": [
          [
            38.069747,
            5.181883
          ],
          [
            38.142969,
            5.290829
          ]
        ],
        "type": "LineString"
      },
      "properties": {
        "canonical_name": "Nyavora Bank Road",
        "end_place_id": "NG-PLC-000284",
        "geometry_id": "",
        "geometry_id_state": "PENDING_GOVERNED_LIVE_RESERVATION",
        "geometry_reservation_key": "p006.7.11.12:road-alignment:NG-RD-000311",
        "geometry_role_code": "ROAD_ALIGNMENT",
        "length_m": 14577.176,
        "provenance_class": "NNGLA_SIMULATION_AUTHORED_ALIGNMENT",
        "publication_status": "NOT_PUBLISHED",
        "qualification_status": "QUALIFIED_SIMULATION_AUTHORED",
        "region_code": "NGR-04",
        "road_candidate_id": "NG-RD-CAND-000311",
        "road_class_code": "DISTRICT",
        "road_id": "NG-RD-000311",
        "road_name_id": "NG-NAM-ROA-000311",
        "runtime_effect_scope": "SHARED_REFERENCE",
        "runtime_mode": "production",
        "start_place_id": "NG-PLC-000277"
      },
      "type": "Feature"
    },
    {
      "geometry": {
        "coordinates": [
          [
            38.373484,
            5.41142
          ],
          [
            38.505492,
            5.408971
          ]
        ],
        "type": "LineString"
      },
      "properties": {
        "canonical_name": "East Osprey Bend Street",
        "end_place_id": "NG-PLC-000338",
        "geometry_id": "",
        "geometry_id_state": "PENDING_GOVERNED_LIVE_RESERVATION",
        "geometry_reservation_key": "p006.7.11.12:road-alignment:NG-RD-000312",
        "geometry_role_code": "ROAD_ALIGNMENT",
        "length_m": 14615.787,
        "provenance_class": "NNGLA_SIMULATION_AUTHORED_ALIGNMENT",
        "publication_status": "NOT_PUBLISHED",
        "qualification_status": "QUALIFIED_SIMULATION_AUTHORED",
        "region_code": "NGR-04",
        "road_candidate_id": "NG-RD-CAND-000312",
        "road_class_code": "REGIONAL",
        "road_id": "NG-RD-000312",
        "road_name_id": "NG-NAM-ROA-000312",
        "runtime_effect_scope": "SHARED_REFERENCE",
        "runtime_mode": "production",
        "start_place_id": "NG-PLC-000289"
      },
      "type": "Feature"
    },
    {
      "geometry": {
        "coordinates": [
          [
            37.905694,
            5.319306
          ],
          [
            38.031716,
            5.276005
          ]
        ],
        "type": "LineString"
      },
      "properties": {
        "canonical_name": "Osprey Bend Ford Avenue",
        "end_place_id": "NG-PLC-000275",
        "geometry_id": "",
        "geometry_id_state": "PENDING_GOVERNED_LIVE_RESERVATION",
        "geometry_reservation_key": "p006.7.11.12:road-alignment:NG-RD-000313",
        "geometry_role_code": "ROAD_ALIGNMENT",
        "length_m": 14760.548,
        "provenance_class": "NNGLA_SIMULATION_AUTHORED_ALIGNMENT",
        "publication_status": "NOT_PUBLISHED",
        "qualification_status": "QUALIFIED_SIMULATION_AUTHORED",
        "region_code": "NGR-04",
        "road_candidate_id": "NG-RD-CAND-000313",
        "road_class_code": "RURAL",
        "road_id": "NG-RD-000313",
        "road_name_id": "NG-NAM-ROA-000313",
        "runtime_effect_scope": "SHARED_REFERENCE",
        "runtime_mode": "production",
        "start_place_id": "NG-PLC-000286"
      },
      "type": "Feature"
    },
    {
      "geometry": {
        "coordinates": [
          [
            38.40055,
            5.465276
          ],
          [
            38.518239,
            5.535735
          ]
        ],
        "type": "LineString"
      },
      "properties": {
        "canonical_name": "South Pelican Reach Lane",
        "end_place_id": "NG-PLC-000302",
        "geometry_id": "",
        "geometry_id_state": "PENDING_GOVERNED_LIVE_RESERVATION",
        "geometry_reservation_key": "p006.7.11.12:road-alignment:NG-RD-000314",
        "geometry_role_code": "ROAD_ALIGNMENT",
        "length_m": 15200.782,
        "provenance_class": "NNGLA_SIMULATION_AUTHORED_ALIGNMENT",
        "publication_status": "NOT_PUBLISHED",
        "qualification_status": "QUALIFIED_SIMULATION_AUTHORED",
        "region_code": "NGR-04",
        "road_candidate_id": "NG-RD-CAND-000314",
        "road_class_code": "ACCESS",
        "road_id": "NG-RD-000314",
        "road_name_id": "NG-NAM-ROA-000314",
        "runtime_effect_scope": "SHARED_REFERENCE",
        "runtime_mode": "production",
        "start_place_id": "NG-PLC-000319"
      },
      "type": "Feature"
    },
    {
      "geometry": {
        "coordinates": [
          [
            38.004002,
            5.048113
          ],
          [
            38.050252,
            4.917847
          ]
        ],
        "type": "LineString"
      },
      "properties": {
        "canonical_name": "Pelican Reach Marsh Drive",
        "end_place_id": "NG-PLC-000281",
        "geometry_id": "",
        "geometry_id_state": "PENDING_GOVERNED_LIVE_RESERVATION",
        "geometry_reservation_key": "p006.7.11.12:road-alignment:NG-RD-000315",
        "geometry_role_code": "ROAD_ALIGNMENT",
        "length_m": 15364.309,
        "provenance_class": "NNGLA_SIMULATION_AUTHORED_ALIGNMENT",
        "publication_status": "NOT_PUBLISHED",
        "qualification_status": "QUALIFIED_SIMULATION_AUTHORED",
        "region_code": "NGR-04",
        "road_candidate_id": "NG-RD-CAND-000315",
        "road_class_code": "SERVICE",
        "road_id": "NG-RD-000315",
        "road_name_id": "NG-NAM-ROA-000315",
        "runtime_effect_scope": "SHARED_REFERENCE",
        "runtime_mode": "production",
        "start_place_id": "NG-PLC-000267"
      },
      "type": "Feature"
    },
    {
      "geometry": {
        "coordinates": [
          [
            38.296116,
            5.724231
          ],
          [
            38.406428,
            5.633846
          ]
        ],
        "type": "LineString"
      },
      "properties": {
        "canonical_name": "Fenmere Fen Way",
        "end_place_id": "NG-PLC-000260",
        "geometry_id": "",
        "geometry_id_state": "PENDING_GOVERNED_LIVE_RESERVATION",
        "geometry_reservation_key": "p006.7.11.12:road-alignment:NG-RD-000316",
        "geometry_role_code": "ROAD_ALIGNMENT",
        "length_m": 15811.23,
        "provenance_class": "NNGLA_SIMULATION_AUTHORED_ALIGNMENT",
        "publication_status": "NOT_PUBLISHED",
        "qualification_status": "QUALIFIED_SIMULATION_AUTHORED",
        "region_code": "NGR-04",
        "road_candidate_id": "NG-RD-CAND-000316",
        "road_class_code": "LOCAL",
        "road_id": "NG-RD-000316",
        "road_name_id": "NG-NAM-ROA-000316",
        "runtime_effect_scope": "SHARED_REFERENCE",
        "runtime_mode": "production",
        "start_place_id": "NG-PLC-000342"
      },
      "type": "Feature"
    },
    {
      "geometry": {
        "coordinates": [
          [
            37.973348,
            5.073535
          ],
          [
            38.069747,
            5.181883
          ]
        ],
        "type": "LineString"
      },
      "properties": {
        "canonical_name": "Fenmere Pools Boulevard",
        "end_place_id": "NG-PLC-000277",
        "geometry_id": "",
        "geometry_id_state": "PENDING_GOVERNED_LIVE_RESERVATION",
        "geometry_reservation_key": "p006.7.11.12:road-alignment:NG-RD-000317",
        "geometry_role_code": "ROAD_ALIGNMENT",
        "length_m": 16097.508,
        "provenance_class": "NNGLA_SIMULATION_AUTHORED_ALIGNMENT",
        "publication_status": "NOT_PUBLISHED",
        "qualification_status": "QUALIFIED_SIMULATION_AUTHORED",
        "region_code": "NGR-04",
        "road_candidate_id": "NG-RD-CAND-000317",
        "road_class_code": "MUNICIPAL",
        "road_id": "NG-RD-000317",
        "road_name_id": "NG-NAM-ROA-000317",
        "runtime_effect_scope": "SHARED_REFERENCE",
        "runtime_mode": "production",
        "start_place_id": "NG-PLC-000341"
      },
      "type": "Feature"
    },
    {
      "geometry": {
        "coordinates": [
          [
            38.082569,
            5.713014
          ],
          [
            38.169614,
            5.594117
          ]
        ],
        "type": "LineString"
      },
      "properties": {
        "canonical_name": "North Lotus Ford Highway",
        "end_place_id": "NG-PLC-000339",
        "geometry_id": "",
        "geometry_id_state": "PENDING_GOVERNED_LIVE_RESERVATION",
        "geometry_reservation_key": "p006.7.11.12:road-alignment:NG-RD-000318",
        "geometry_role_code": "ROAD_ALIGNMENT",
        "length_m": 16357.319,
        "provenance_class": "NNGLA_SIMULATION_AUTHORED_ALIGNMENT",
        "publication_status": "NOT_PUBLISHED",
        "qualification_status": "QUALIFIED_SIMULATION_AUTHORED",
        "region_code": "NGR-04",
        "road_candidate_id": "NG-RD-CAND-000318",
        "road_class_code": "DISTRICT",
        "road_id": "NG-RD-000318",
        "road_name_id": "NG-NAM-ROA-000318",
        "runtime_effect_scope": "SHARED_REFERENCE",
        "runtime_mode": "production",
        "start_place_id": "NG-PLC-000335"
      },
      "type": "Feature"
    },
    {
      "geometry": {
        "coordinates": [
          [
            38.406428,
            5.633846
          ],
          [
            38.518239,
            5.535735
          ]
        ],
        "type": "LineString"
      },
      "properties": {
        "canonical_name": "Lotus Ford Channel Junction",
        "end_place_id": "NG-PLC-000302",
        "geometry_id": "",
        "geometry_id_state": "PENDING_GOVERNED_LIVE_RESERVATION",
        "geometry_reservation_key": "p006.7.11.12:road-alignment:NG-RD-000319",
        "geometry_role_code": "ROAD_ALIGNMENT",
        "length_m": 16496.292,
        "provenance_class": "NNGLA_SIMULATION_AUTHORED_ALIGNMENT",
        "publication_status": "NOT_PUBLISHED",
        "qualification_status": "QUALIFIED_SIMULATION_AUTHORED",
        "region_code": "NGR-04",
        "road_candidate_id": "NG-RD-CAND-000319",
        "road_class_code": "REGIONAL",
        "road_id": "NG-RD-000319",
        "road_name_id": "NG-NAM-ROA-000319",
        "runtime_effect_scope": "SHARED_REFERENCE",
        "runtime_mode": "production",
        "start_place_id": "NG-PLC-000260"
      },
      "type": "Feature"
    },
    {
      "geometry": {
        "coordinates": [
          [
            38.406428,
            5.633846
          ],
          [
            38.408913,
            5.788486
          ]
        ],
        "type": "LineString"
      },
      "properties": {
        "canonical_name": "Rivermist Water Crossing",
        "end_place_id": "NG-PLC-000301",
        "geometry_id": "",
        "geometry_id_state": "PENDING_GOVERNED_LIVE_RESERVATION",
        "geometry_reservation_key": "p006.7.11.12:road-alignment:NG-RD-000320",
        "geometry_role_code": "ROAD_ALIGNMENT",
        "length_m": 17197.405,
        "provenance_class": "NNGLA_SIMULATION_AUTHORED_ALIGNMENT",
        "publication_status": "NOT_PUBLISHED",
        "qualification_status": "QUALIFIED_SIMULATION_AUTHORED",
        "region_code": "NGR-04",
        "road_candidate_id": "NG-RD-CAND-000320",
        "road_class_code": "RURAL",
        "road_id": "NG-RD-000320",
        "road_name_id": "NG-NAM-ROA-000320",
        "runtime_effect_scope": "SHARED_REFERENCE",
        "runtime_mode": "production",
        "start_place_id": "NG-PLC-000260"
      },
      "type": "Feature"
    },
    {
      "geometry": {
        "coordinates": [
          [
            38.248703,
            5.636653
          ],
          [
            38.406428,
            5.633846
          ]
        ],
        "type": "LineString"
      },
      "properties": {
        "canonical_name": "Rivermist Bend Road",
        "end_place_id": "NG-PLC-000260",
        "geometry_id": "",
        "geometry_id_state": "PENDING_GOVERNED_LIVE_RESERVATION",
        "geometry_reservation_key": "p006.7.11.12:road-alignment:NG-RD-000321",
        "geometry_role_code": "ROAD_ALIGNMENT",
        "length_m": 17456.275,
        "provenance_class": "NNGLA_SIMULATION_AUTHORED_ALIGNMENT",
        "publication_status": "NOT_PUBLISHED",
        "qualification_status": "QUALIFIED_SIMULATION_AUTHORED",
        "region_code": "NGR-04",
        "road_candidate_id": "NG-RD-CAND-000321",
        "road_class_code": "ACCESS",
        "road_id": "NG-RD-000321",
        "road_name_id": "NG-NAM-ROA-000321",
        "runtime_effect_scope": "SHARED_REFERENCE",
        "runtime_mode": "production",
        "start_place_id": "NG-PLC-000324"
      },
      "type": "Feature"
    },
    {
      "geometry": {
        "coordinates": [
          [
            38.373484,
            5.41142
          ],
          [
            38.490719,
            5.300869
          ]
        ],
        "type": "LineString"
      },
      "properties": {
        "canonical_name": "West Heronfall Street",
        "end_place_id": "NG-PLC-000290",
        "geometry_id": "",
        "geometry_id_state": "PENDING_GOVERNED_LIVE_RESERVATION",
        "geometry_reservation_key": "p006.7.11.12:road-alignment:NG-RD-000322",
        "geometry_role_code": "ROAD_ALIGNMENT",
        "length_m": 17876.422,
        "provenance_class": "NNGLA_SIMULATION_AUTHORED_ALIGNMENT",
        "publication_status": "NOT_PUBLISHED",
        "qualification_status": "QUALIFIED_SIMULATION_AUTHORED",
        "region_code": "NGR-04",
        "road_candidate_id": "NG-RD-CAND-000322",
        "road_class_code": "SERVICE",
        "road_id": "NG-RD-000322",
        "road_name_id": "NG-NAM-ROA-000322",
        "runtime_effect_scope": "SHARED_REFERENCE",
        "runtime_mode": "production",
        "start_place_id": "NG-PLC-000289"
      },
      "type": "Feature"
    },
    {
      "geometry": {
        "coordinates": [
          [
            38.253031,
            5.363567
          ],
          [
            38.337143,
            5.503917
          ]
        ],
        "type": "LineString"
      },
      "properties": {
        "canonical_name": "Heronfall Wetlands Avenue",
        "end_place_id": "NG-PLC-000320",
        "geometry_id": "",
        "geometry_id_state": "PENDING_GOVERNED_LIVE_RESERVATION",
        "geometry_reservation_key": "p006.7.11.12:road-alignment:NG-RD-000323",
        "geometry_role_code": "ROAD_ALIGNMENT",
        "length_m": 18172.66,
        "provenance_class": "NNGLA_SIMULATION_AUTHORED_ALIGNMENT",
        "publication_status": "NOT_PUBLISHED",
        "qualification_status": "QUALIFIED_SIMULATION_AUTHORED",
        "region_code": "NGR-04",
        "road_candidate_id": "NG-RD-CAND-000323",
        "road_class_code": "LOCAL",
        "road_id": "NG-RD-000323",
        "road_name_id": "NG-NAM-ROA-000323",
        "runtime_effect_scope": "SHARED_REFERENCE",
        "runtime_mode": "production",
        "start_place_id": "NG-PLC-000311"
      },
      "type": "Feature"
    },
    {
      "geometry": {
        "coordinates": [
          [
            38.40055,
            5.465276
          ],
          [
            38.406428,
            5.633846
          ]
        ],
        "type": "LineString"
      },
      "properties": {
        "canonical_name": "Delftwater Bay Lane",
        "end_place_id": "NG-PLC-000260",
        "geometry_id": "",
        "geometry_id_state": "PENDING_GOVERNED_LIVE_RESERVATION",
        "geometry_reservation_key": "p006.7.11.12:road-alignment:NG-RD-000324",
        "geometry_role_code": "ROAD_ALIGNMENT",
        "length_m": 18755.44,
        "provenance_class": "NNGLA_SIMULATION_AUTHORED_ALIGNMENT",
        "publication_status": "NOT_PUBLISHED",
        "qualification_status": "QUALIFIED_SIMULATION_AUTHORED",
        "region_code": "NGR-04",
        "road_candidate_id": "NG-RD-CAND-000324",
        "road_class_code": "MUNICIPAL",
        "road_id": "NG-RD-000324",
        "road_name_id": "NG-NAM-ROA-000324",
        "runtime_effect_scope": "SHARED_REFERENCE",
        "runtime_mode": "production",
        "start_place_id": "NG-PLC-000319"
      },
      "type": "Feature"
    },
    {
      "geometry": {
        "coordinates": [
          [
            37.705847,
            5.763488
          ],
          [
            37.852526,
            5.677047
          ]
        ],
        "type": "LineString"
      },
      "properties": {
        "canonical_name": "Delftwater Shoal Drive",
        "end_place_id": "NG-PLC-000329",
        "geometry_id": "",
        "geometry_id_state": "PENDING_GOVERNED_LIVE_RESERVATION",
        "geometry_reservation_key": "p006.7.11.12:road-alignment:NG-RD-000325",
        "geometry_role_code": "ROAD_ALIGNMENT",
        "length_m": 18861.594,
        "provenance_class": "NNGLA_SIMULATION_AUTHORED_ALIGNMENT",
        "publication_status": "NOT_PUBLISHED",
        "qualification_status": "QUALIFIED_SIMULATION_AUTHORED",
        "region_code": "NGR-04",
        "road_candidate_id": "NG-RD-CAND-000325",
        "road_class_code": "DISTRICT",
        "road_id": "NG-RD-000325",
        "road_name_id": "NG-NAM-ROA-000325",
        "runtime_effect_scope": "SHARED_REFERENCE",
        "runtime_mode": "production",
        "start_place_id": "NG-PLC-000298"
      },
      "type": "Feature"
    },
    {
      "geometry": {
        "coordinates": [
          [
            37.853699,
            5.920083
          ],
          [
            37.929583,
            5.758235
          ]
        ],
        "type": "LineString"
      },
      "properties": {
        "canonical_name": "Upper Bluehaven Way",
        "end_place_id": "NG-PLC-000297",
        "geometry_id": "",
        "geometry_id_state": "PENDING_GOVERNED_LIVE_RESERVATION",
        "geometry_reservation_key": "p006.7.11.12:road-alignment:NG-RD-000326",
        "geometry_role_code": "ROAD_ALIGNMENT",
        "length_m": 19858.069,
        "provenance_class": "NNGLA_SIMULATION_AUTHORED_ALIGNMENT",
        "publication_status": "NOT_PUBLISHED",
        "qualification_status": "QUALIFIED_SIMULATION_AUTHORED",
        "region_code": "NGR-04",
        "road_candidate_id": "NG-RD-CAND-000326",
        "road_class_code": "REGIONAL",
        "road_id": "NG-RD-000326",
        "road_name_id": "NG-NAM-ROA-000326",
        "runtime_effect_scope": "SHARED_REFERENCE",
        "runtime_mode": "production",
        "start_place_id": "NG-PLC-000309"
      },
      "type": "Feature"
    },
    {
      "geometry": {
        "coordinates": [
          [
            37.893098,
            5.580212
          ],
          [
            37.929583,
            5.758235
          ]
        ],
        "type": "LineString"
      },
      "properties": {
        "canonical_name": "Bluehaven Creek Boulevard",
        "end_place_id": "NG-PLC-000297",
        "geometry_id": "",
        "geometry_id_state": "PENDING_GOVERNED_LIVE_RESERVATION",
        "geometry_reservation_key": "p006.7.11.12:road-alignment:NG-RD-000327",
        "geometry_role_code": "ROAD_ALIGNMENT",
        "length_m": 20202.758,
        "provenance_class": "NNGLA_SIMULATION_AUTHORED_ALIGNMENT",
        "publication_status": "NOT_PUBLISHED",
        "qualification_status": "QUALIFIED_SIMULATION_AUTHORED",
        "region_code": "NGR-04",
        "road_candidate_id": "NG-RD-CAND-000327",
        "road_class_code": "RURAL",
        "road_id": "NG-RD-000327",
        "road_name_id": "NG-NAM-ROA-000327",
        "runtime_effect_scope": "SHARED_REFERENCE",
        "runtime_mode": "production",
        "start_place_id": "NG-PLC-000259"
      },
      "type": "Feature"
    },
    {
      "geometry": {
        "coordinates": [
          [
            37.991103,
            4.916741
          ],
          [
            38.173941,
            4.890656
          ]
        ],
        "type": "LineString"
      },
      "properties": {
        "canonical_name": "Lowwater Lagoon Highway",
        "end_place_id": "NG-PLC-000271",
        "geometry_id": "",
        "geometry_id_state": "PENDING_GOVERNED_LIVE_RESERVATION",
        "geometry_reservation_key": "p006.7.11.12:road-alignment:NG-RD-000328",
        "geometry_role_code": "ROAD_ALIGNMENT",
        "length_m": 20462.882,
        "provenance_class": "NNGLA_SIMULATION_AUTHORED_ALIGNMENT",
        "publication_status": "NOT_PUBLISHED",
        "qualification_status": "QUALIFIED_SIMULATION_AUTHORED",
        "region_code": "NGR-04",
        "road_candidate_id": "NG-RD-CAND-000328",
        "road_class_code": "ACCESS",
        "road_id": "NG-RD-000328",
        "road_name_id": "NG-NAM-ROA-000328",
        "runtime_effect_scope": "SHARED_REFERENCE",
        "runtime_mode": "production",
        "start_place_id": "NG-PLC-000273"
      },
      "type": "Feature"
    },
    {
      "geometry": {
        "coordinates": [
          [
            38.158974,
            5.548656
          ],
          [
            38.253031,
            5.363567
          ]
        ],
        "type": "LineString"
      },
      "properties": {
        "canonical_name": "Lowwater Bank Junction",
        "end_place_id": "NG-PLC-000311",
        "geometry_id": "",
        "geometry_id_state": "PENDING_GOVERNED_LIVE_RESERVATION",
        "geometry_reservation_key": "p006.7.11.12:road-alignment:NG-RD-000329",
        "geometry_role_code": "ROAD_ALIGNMENT",
        "length_m": 23064.515,
        "provenance_class": "NNGLA_SIMULATION_AUTHORED_ALIGNMENT",
        "publication_status": "NOT_PUBLISHED",
        "qualification_status": "QUALIFIED_SIMULATION_AUTHORED",
        "region_code": "NGR-04",
        "road_candidate_id": "NG-RD-CAND-000329",
        "road_class_code": "SERVICE",
        "road_id": "NG-RD-000329",
        "road_name_id": "NG-NAM-ROA-000329",
        "runtime_effect_scope": "SHARED_REFERENCE",
        "runtime_mode": "production",
        "start_place_id": "NG-PLC-000291"
      },
      "type": "Feature"
    },
    {
      "geometry": {
        "coordinates": [
          [
            37.883345,
            5.457058
          ],
          [
            38.075101,
            5.554116
          ]
        ],
        "type": "LineString"
      },
      "properties": {
        "canonical_name": "Lower Canalford Crossing",
        "end_place_id": "NG-PLC-000299",
        "geometry_id": "",
        "geometry_id_state": "PENDING_GOVERNED_LIVE_RESERVATION",
        "geometry_reservation_key": "p006.7.11.12:road-alignment:NG-RD-000330",
        "geometry_role_code": "ROAD_ALIGNMENT",
        "length_m": 23810.327,
        "provenance_class": "NNGLA_SIMULATION_AUTHORED_ALIGNMENT",
        "publication_status": "NOT_PUBLISHED",
        "qualification_status": "QUALIFIED_SIMULATION_AUTHORED",
        "region_code": "NGR-04",
        "road_candidate_id": "NG-RD-CAND-000330",
        "road_class_code": "LOCAL",
        "road_id": "NG-RD-000330",
        "road_name_id": "NG-NAM-ROA-000330",
        "runtime_effect_scope": "SHARED_REFERENCE",
        "runtime_mode": "production",
        "start_place_id": "NG-PLC-000314"
      },
      "type": "Feature"
    },
    {
      "geometry": {
        "coordinates": [
          [
            37.705847,
            5.763488
          ],
          [
            37.929583,
            5.758235
          ]
        ],
        "type": "LineString"
      },
      "properties": {
        "canonical_name": "Canalford Ferry Road",
        "end_place_id": "NG-PLC-000297",
        "geometry_id": "",
        "geometry_id_state": "PENDING_GOVERNED_LIVE_RESERVATION",
        "geometry_reservation_key": "p006.7.11.12:road-alignment:NG-RD-000331",
        "geometry_role_code": "ROAD_ALIGNMENT",
        "length_m": 24759.585,
        "provenance_class": "NNGLA_SIMULATION_AUTHORED_ALIGNMENT",
        "publication_status": "NOT_PUBLISHED",
        "qualification_status": "QUALIFIED_SIMULATION_AUTHORED",
        "region_code": "NGR-04",
        "road_candidate_id": "NG-RD-CAND-000331",
        "road_class_code": "MUNICIPAL",
        "road_id": "NG-RD-000331",
        "road_name_id": "NG-NAM-ROA-000331",
        "runtime_effect_scope": "SHARED_REFERENCE",
        "runtime_mode": "production",
        "start_place_id": "NG-PLC-000298"
      },
      "type": "Feature"
    },
    {
      "geometry": {
        "coordinates": [
          [
            37.883345,
            5.457058
          ],
          [
            38.031716,
            5.276005
          ]
        ],
        "type": "LineString"
      },
      "properties": {
        "canonical_name": "Brinewell Springs Street",
        "end_place_id": "NG-PLC-000275",
        "geometry_id": "",
        "geometry_id_state": "PENDING_GOVERNED_LIVE_RESERVATION",
        "geometry_reservation_key": "p006.7.11.12:road-alignment:NG-RD-000332",
        "geometry_role_code": "ROAD_ALIGNMENT",
        "length_m": 25982.929,
        "provenance_class": "NNGLA_SIMULATION_AUTHORED_ALIGNMENT",
        "publication_status": "NOT_PUBLISHED",
        "qualification_status": "QUALIFIED_SIMULATION_AUTHORED",
        "region_code": "NGR-04",
        "road_candidate_id": "NG-RD-CAND-000332",
        "road_class_code": "DISTRICT",
        "road_id": "NG-RD-000332",
        "road_name_id": "NG-NAM-ROA-000332",
        "runtime_effect_scope": "SHARED_REFERENCE",
        "runtime_mode": "production",
        "start_place_id": "NG-PLC-000314"
      },
      "type": "Feature"
    },
    {
      "geometry": {
        "coordinates": [
          [
            38.611669,
            5.480675
          ],
          [
            38.713949,
            5.697304
          ]
        ],
        "type": "LineString"
      },
      "properties": {
        "canonical_name": "Brinewell Quay Avenue",
        "end_place_id": "NG-PLC-000317",
        "geometry_id": "",
        "geometry_id_state": "PENDING_GOVERNED_LIVE_RESERVATION",
        "geometry_reservation_key": "p006.7.11.12:road-alignment:NG-RD-000333",
        "geometry_role_code": "ROAD_ALIGNMENT",
        "length_m": 26614.928,
        "provenance_class": "NNGLA_SIMULATION_AUTHORED_ALIGNMENT",
        "publication_status": "NOT_PUBLISHED",
        "qualification_status": "QUALIFIED_SIMULATION_AUTHORED",
        "region_code": "NGR-04",
        "road_candidate_id": "NG-RD-CAND-000333",
        "road_class_code": "REGIONAL",
        "road_id": "NG-RD-000333",
        "road_name_id": "NG-NAM-ROA-000333",
        "runtime_effect_scope": "SHARED_REFERENCE",
        "runtime_mode": "production",
        "start_place_id": "NG-PLC-000318"
      },
      "type": "Feature"
    },
    {
      "geometry": {
        "coordinates": [
          [
            37.481565,
            5.693043
          ],
          [
            37.514796,
            5.44811
          ]
        ],
        "type": "LineString"
      },
      "properties": {
        "canonical_name": "Willow Quay Gardens Lane",
        "end_place_id": "NG-PLC-000326",
        "geometry_id": "",
        "geometry_id_state": "PENDING_GOVERNED_LIVE_RESERVATION",
        "geometry_reservation_key": "p006.7.11.12:road-alignment:NG-RD-000334",
        "geometry_role_code": "ROAD_ALIGNMENT",
        "length_m": 27482.526,
        "provenance_class": "NNGLA_SIMULATION_AUTHORED_ALIGNMENT",
        "publication_status": "NOT_PUBLISHED",
        "qualification_status": "QUALIFIED_SIMULATION_AUTHORED",
        "region_code": "NGR-04",
        "road_candidate_id": "NG-RD-CAND-000334",
        "road_class_code": "RURAL",
        "road_id": "NG-RD-000334",
        "road_name_id": "NG-NAM-ROA-000334",
        "runtime_effect_scope": "SHARED_REFERENCE",
        "runtime_mode": "production",
        "start_place_id": "NG-PLC-000295"
      },
      "type": "Feature"
    },
    {
      "geometry": {
        "coordinates": [
          [
            38.611669,
            5.480675
          ],
          [
            38.78409,
            5.672941
          ]
        ],
        "type": "LineString"
      },
      "properties": {
        "canonical_name": "Willow Quay Reach Drive",
        "end_place_id": "NG-PLC-000287",
        "geometry_id": "",
        "geometry_id_state": "PENDING_GOVERNED_LIVE_RESERVATION",
        "geometry_reservation_key": "p006.7.11.12:road-alignment:NG-RD-000335",
        "geometry_role_code": "ROAD_ALIGNMENT",
        "length_m": 28656.081,
        "provenance_class": "NNGLA_SIMULATION_AUTHORED_ALIGNMENT",
        "publication_status": "NOT_PUBLISHED",
        "qualification_status": "QUALIFIED_SIMULATION_AUTHORED",
        "region_code": "NGR-04",
        "road_candidate_id": "NG-RD-CAND-000335",
        "road_class_code": "ACCESS",
        "road_id": "NG-RD-000335",
        "road_name_id": "NG-NAM-ROA-000335",
        "runtime_effect_scope": "SHARED_REFERENCE",
        "runtime_mode": "production",
        "start_place_id": "NG-PLC-000318"
      },
      "type": "Feature"
    },
    {
      "geometry": {
        "coordinates": [
          [
            37.899177,
            5.937358
          ],
          [
            38.054531,
            5.727162
          ]
        ],
        "type": "LineString"
      },
      "properties": {
        "canonical_name": "Fisher's Bell Way",
        "end_place_id": "NG-PLC-000334",
        "geometry_id": "",
        "geometry_id_state": "PENDING_GOVERNED_LIVE_RESERVATION",
        "geometry_reservation_key": "p006.7.11.12:road-alignment:NG-RD-000336",
        "geometry_role_code": "ROAD_ALIGNMENT",
        "length_m": 29010.62,
        "provenance_class": "NNGLA_SIMULATION_AUTHORED_ALIGNMENT",
        "publication_status": "NOT_PUBLISHED",
        "qualification_status": "QUALIFIED_SIMULATION_AUTHORED",
        "region_code": "NGR-04",
        "road_candidate_id": "NG-RD-CAND-000336",
        "road_class_code": "SERVICE",
        "road_id": "NG-RD-000336",
        "road_name_id": "NG-NAM-ROA-000336",
        "runtime_effect_scope": "SHARED_REFERENCE",
        "runtime_mode": "production",
        "start_place_id": "NG-PLC-000308"
      },
      "type": "Feature"
    },
    {
      "geometry": {
        "coordinates": [
          [
            38.075101,
            5.554116
          ],
          [
            38.142969,
            5.290829
          ]
        ],
        "type": "LineString"
      },
      "properties": {
        "canonical_name": "Reed Market Boulevard",
        "end_place_id": "NG-PLC-000284",
        "geometry_id": "",
        "geometry_id_state": "PENDING_GOVERNED_LIVE_RESERVATION",
        "geometry_reservation_key": "p006.7.11.12:road-alignment:NG-RD-000337",
        "geometry_role_code": "ROAD_ALIGNMENT",
        "length_m": 30224.813,
        "provenance_class": "NNGLA_SIMULATION_AUTHORED_ALIGNMENT",
        "publication_status": "NOT_PUBLISHED",
        "qualification_status": "QUALIFIED_SIMULATION_AUTHORED",
        "region_code": "NGR-04",
        "road_candidate_id": "NG-RD-CAND-000337",
        "road_class_code": "LOCAL",
        "road_id": "NG-RD-000337",
        "road_name_id": "NG-NAM-ROA-000337",
        "runtime_effect_scope": "SHARED_REFERENCE",
        "runtime_mode": "production",
        "start_place_id": "NG-PLC-000299"
      },
      "type": "Feature"
    },
    {
      "geometry": {
        "coordinates": [
          [
            38.215314,
            5.250069
          ],
          [
            38.490719,
            5.300869
          ]
        ],
        "type": "LineString"
      },
      "properties": {
        "canonical_name": "Ferry Cross Highway",
        "end_place_id": "NG-PLC-000290",
        "geometry_id": "",
        "geometry_id_state": "PENDING_GOVERNED_LIVE_RESERVATION",
        "geometry_reservation_key": "p006.7.11.12:road-alignment:NG-RD-000338",
        "geometry_role_code": "ROAD_ALIGNMENT",
        "length_m": 31012.734,
        "provenance_class": "NNGLA_SIMULATION_AUTHORED_ALIGNMENT",
        "publication_status": "NOT_PUBLISHED",
        "qualification_status": "QUALIFIED_SIMULATION_AUTHORED",
        "region_code": "NGR-04",
        "road_candidate_id": "NG-RD-CAND-000338",
        "road_class_code": "MUNICIPAL",
        "road_id": "NG-RD-000338",
        "road_name_id": "NG-NAM-ROA-000338",
        "runtime_effect_scope": "SHARED_REFERENCE",
        "runtime_mode": "production",
        "start_place_id": "NG-PLC-000279"
      },
      "type": "Feature"
    },
    {
      "geometry": {
        "coordinates": [
          [
            37.613853,
            5.386623
          ],
          [
            37.66,
            5.092533
          ]
        ],
        "type": "LineString"
      },
      "properties": {
        "canonical_name": "Lotus Exchange Junction",
        "end_place_id": "NG-PLC-000345",
        "geometry_id": "",
        "geometry_id_state": "PENDING_GOVERNED_LIVE_RESERVATION",
        "geometry_reservation_key": "p006.7.11.12:road-alignment:NG-RD-000339",
        "geometry_role_code": "ROAD_ALIGNMENT",
        "length_m": 33098.185,
        "provenance_class": "NNGLA_SIMULATION_AUTHORED_ALIGNMENT",
        "publication_status": "NOT_PUBLISHED",
        "qualification_status": "QUALIFIED_SIMULATION_AUTHORED",
        "region_code": "NGR-04",
        "road_candidate_id": "NG-RD-CAND-000339",
        "road_class_code": "DISTRICT",
        "road_id": "NG-RD-000339",
        "road_name_id": "NG-NAM-ROA-000339",
        "runtime_effect_scope": "SHARED_REFERENCE",
        "runtime_mode": "production",
        "start_place_id": "NG-PLC-000303"
      },
      "type": "Feature"
    },
    {
      "geometry": {
        "coordinates": [
          [
            37.549437,
            5.882836
          ],
          [
            37.853699,
            5.920083
          ]
        ],
        "type": "LineString"
      },
      "properties": {
        "canonical_name": "Basin Gate Crossing",
        "end_place_id": "NG-PLC-000309",
        "geometry_id": "",
        "geometry_id_state": "PENDING_GOVERNED_LIVE_RESERVATION",
        "geometry_reservation_key": "p006.7.11.12:road-alignment:NG-RD-000340",
        "geometry_role_code": "ROAD_ALIGNMENT",
        "length_m": 33907.031,
        "provenance_class": "NNGLA_SIMULATION_AUTHORED_ALIGNMENT",
        "publication_status": "NOT_PUBLISHED",
        "qualification_status": "QUALIFIED_SIMULATION_AUTHORED",
        "region_code": "NGR-04",
        "road_candidate_id": "NG-RD-CAND-000340",
        "road_class_code": "REGIONAL",
        "road_id": "NG-RD-000340",
        "road_name_id": "NG-NAM-ROA-000340",
        "runtime_effect_scope": "SHARED_REFERENCE",
        "runtime_mode": "production",
        "start_place_id": "NG-PLC-000307"
      },
      "type": "Feature"
    },
    {
      "geometry": {
        "coordinates": [
          [
            37.549437,
            5.882836
          ],
          [
            37.867545,
            5.969485
          ]
        ],
        "type": "LineString"
      },
      "properties": {
        "canonical_name": "Lakeport Works Road",
        "end_place_id": "NG-PLC-000283",
        "geometry_id": "",
        "geometry_id_state": "PENDING_GOVERNED_LIVE_RESERVATION",
        "geometry_reservation_key": "p006.7.11.12:road-alignment:NG-RD-000341",
        "geometry_role_code": "ROAD_ALIGNMENT",
        "length_m": 36478.431,
        "provenance_class": "NNGLA_SIMULATION_AUTHORED_ALIGNMENT",
        "publication_status": "NOT_PUBLISHED",
        "qualification_status": "QUALIFIED_SIMULATION_AUTHORED",
        "region_code": "NGR-04",
        "road_candidate_id": "NG-RD-CAND-000341",
        "road_class_code": "RURAL",
        "road_id": "NG-RD-000341",
        "road_name_id": "NG-NAM-ROA-000341",
        "runtime_effect_scope": "SHARED_REFERENCE",
        "runtime_mode": "production",
        "start_place_id": "NG-PLC-000307"
      },
      "type": "Feature"
    },
    {
      "geometry": {
        "coordinates": [
          [
            37.66,
            5.092533
          ],
          [
            37.969899,
            5.24284
          ]
        ],
        "type": "LineString"
      },
      "properties": {
        "canonical_name": "Reedbank Cold-Chain Park Street",
        "end_place_id": "NG-PLC-000315",
        "geometry_id": "",
        "geometry_id_state": "PENDING_GOVERNED_LIVE_RESERVATION",
        "geometry_reservation_key": "p006.7.11.12:road-alignment:NG-RD-000342",
        "geometry_role_code": "ROAD_ALIGNMENT",
        "length_m": 38172.543,
        "provenance_class": "NNGLA_SIMULATION_AUTHORED_ALIGNMENT",
        "publication_status": "NOT_PUBLISHED",
        "qualification_status": "QUALIFIED_SIMULATION_AUTHORED",
        "region_code": "NGR-04",
        "road_candidate_id": "NG-RD-CAND-000342",
        "road_class_code": "ACCESS",
        "road_id": "NG-RD-000342",
        "road_name_id": "NG-NAM-ROA-000342",
        "runtime_effect_scope": "SHARED_REFERENCE",
        "runtime_mode": "production",
        "start_place_id": "NG-PLC-000345"
      },
      "type": "Feature"
    },
    {
      "geometry": {
        "coordinates": [
          [
            38.640823,
            5.332119
          ],
          [
            38.899718,
            5.621275
          ]
        ],
        "type": "LineString"
      },
      "properties": {
        "canonical_name": "Lotus Shore Avenue",
        "end_place_id": "NG-PLC-000316",
        "geometry_id": "",
        "geometry_id_state": "PENDING_GOVERNED_LIVE_RESERVATION",
        "geometry_reservation_key": "p006.7.11.12:road-alignment:NG-RD-000343",
        "geometry_role_code": "ROAD_ALIGNMENT",
        "length_m": 43069.563,
        "provenance_class": "NNGLA_SIMULATION_AUTHORED_ALIGNMENT",
        "publication_status": "NOT_PUBLISHED",
        "qualification_status": "QUALIFIED_SIMULATION_AUTHORED",
        "region_code": "NGR-04",
        "road_candidate_id": "NG-RD-CAND-000343",
        "road_class_code": "SERVICE",
        "road_id": "NG-RD-000343",
        "road_name_id": "NG-NAM-ROA-000343",
        "runtime_effect_scope": "SHARED_REFERENCE",
        "runtime_mode": "production",
        "start_place_id": "NG-PLC-000343"
      },
      "type": "Feature"
    },
    {
      "geometry": {
        "coordinates": [
          [
            37.405838,
            5.904538
          ],
          [
            37.514796,
            5.44811
          ]
        ],
        "type": "LineString"
      },
      "properties": {
        "canonical_name": "Mirror Lake Lane",
        "end_place_id": "NG-PLC-000326",
        "geometry_id": "",
        "geometry_id_state": "PENDING_GOVERNED_LIVE_RESERVATION",
        "geometry_reservation_key": "p006.7.11.12:road-alignment:NG-RD-000344",
        "geometry_role_code": "ROAD_ALIGNMENT",
        "length_m": 52164.854,
        "provenance_class": "NNGLA_SIMULATION_AUTHORED_ALIGNMENT",
        "publication_status": "NOT_PUBLISHED",
        "qualification_status": "QUALIFIED_SIMULATION_AUTHORED",
        "region_code": "NGR-04",
        "road_candidate_id": "NG-RD-CAND-000344",
        "road_class_code": "LOCAL",
        "road_id": "NG-RD-000344",
        "road_name_id": "NG-NAM-ROA-000344",
        "runtime_effect_scope": "SHARED_REFERENCE",
        "runtime_mode": "production",
        "start_place_id": "NG-PLC-000306"
      },
      "type": "Feature"
    },
    {
      "geometry": {
        "coordinates": [
          [
            37.867545,
            5.969485
          ],
          [
            38.408913,
            5.788486
          ]
        ],
        "type": "LineString"
      },
      "properties": {
        "canonical_name": "Heron Isle Drive",
        "end_place_id": "NG-PLC-000301",
        "geometry_id": "",
        "geometry_id_state": "PENDING_GOVERNED_LIVE_RESERVATION",
        "geometry_reservation_key": "p006.7.11.12:road-alignment:NG-RD-000345",
        "geometry_role_code": "ROAD_ALIGNMENT",
        "length_m": 63172.591,
        "provenance_class": "NNGLA_SIMULATION_AUTHORED_ALIGNMENT",
        "publication_status": "NOT_PUBLISHED",
        "qualification_status": "QUALIFIED_SIMULATION_AUTHORED",
        "region_code": "NGR-04",
        "road_candidate_id": "NG-RD-CAND-000345",
        "road_class_code": "MUNICIPAL",
        "road_id": "NG-RD-000345",
        "road_name_id": "NG-NAM-ROA-000345",
        "runtime_effect_scope": "SHARED_REFERENCE",
        "runtime_mode": "production",
        "start_place_id": "NG-PLC-000283"
      },
      "type": "Feature"
    },
    {
      "geometry": {
        "coordinates": [
          [
            38.853557,
            -1.078069
          ],
          [
            38.856111,
            -1.095873
          ]
        ],
        "type": "LineString"
      },
      "properties": {
        "canonical_name": "Tekharo Way",
        "end_place_id": "NG-PLC-000370",
        "geometry_id": "",
        "geometry_id_state": "PENDING_GOVERNED_LIVE_RESERVATION",
        "geometry_reservation_key": "p006.7.11.12:road-alignment:NG-RD-000346",
        "geometry_role_code": "ROAD_ALIGNMENT",
        "length_m": 1999.976,
        "provenance_class": "NNGLA_SIMULATION_AUTHORED_ALIGNMENT",
        "publication_status": "NOT_PUBLISHED",
        "qualification_status": "QUALIFIED_SIMULATION_AUTHORED",
        "region_code": "NGR-05",
        "road_candidate_id": "NG-RD-CAND-000346",
        "road_class_code": "DISTRICT",
        "road_id": "NG-RD-000346",
        "road_name_id": "NG-NAM-ROA-000346",
        "runtime_effect_scope": "SHARED_REFERENCE",
        "runtime_mode": "production",
        "start_place_id": "NG-PLC-000424"
      },
      "type": "Feature"
    },
    {
      "geometry": {
        "coordinates": [
          [
            38.068722,
            -1.26054
          ],
          [
            38.118495,
            -1.239303
          ]
        ],
        "type": "LineString"
      },
      "properties": {
        "canonical_name": "Canopy Reach Boulevard",
        "end_place_id": "NG-PLC-000352",
        "geometry_id": "",
        "geometry_id_state": "PENDING_GOVERNED_LIVE_RESERVATION",
        "geometry_reservation_key": "p006.7.11.12:road-alignment:NG-RD-000347",
        "geometry_role_code": "ROAD_ALIGNMENT",
        "length_m": 6016.037,
        "provenance_class": "NNGLA_SIMULATION_AUTHORED_ALIGNMENT",
        "publication_status": "NOT_PUBLISHED",
        "qualification_status": "QUALIFIED_SIMULATION_AUTHORED",
        "region_code": "NGR-05",
        "road_candidate_id": "NG-RD-CAND-000347",
        "road_class_code": "REGIONAL",
        "road_id": "NG-RD-000347",
        "road_name_id": "NG-NAM-ROA-000347",
        "runtime_effect_scope": "SHARED_REFERENCE",
        "runtime_mode": "production",
        "start_place_id": "NG-PLC-000357"
      },
      "type": "Feature"
    },
    {
      "geometry": {
        "coordinates": [
          [
            37.50641,
            -0.562921
          ],
          [
            37.547782,
            -0.642845
          ]
        ],
        "type": "LineString"
      },
      "properties": {
        "canonical_name": "Ashara Highway",
        "end_place_id": "NG-PLC-000376",
        "geometry_id": "",
        "geometry_id_state": "PENDING_GOVERNED_LIVE_RESERVATION",
        "geometry_reservation_key": "p006.7.11.12:road-alignment:NG-RD-000348",
        "geometry_role_code": "ROAD_ALIGNMENT",
        "length_m": 10007.124,
        "provenance_class": "NNGLA_SIMULATION_AUTHORED_ALIGNMENT",
        "publication_status": "NOT_PUBLISHED",
        "qualification_status": "QUALIFIED_SIMULATION_AUTHORED",
        "region_code": "NGR-05",
        "road_candidate_id": "NG-RD-CAND-000348",
        "road_class_code": "RURAL",
        "road_id": "NG-RD-000348",
        "road_name_id": "NG-NAM-ROA-000348",
        "runtime_effect_scope": "SHARED_REFERENCE",
        "runtime_mode": "production",
        "start_place_id": "NG-PLC-000407"
      },
      "type": "Feature"
    },
    {
      "geometry": {
        "coordinates": [
          [
            38.339581,
            -0.371433
          ],
          [
            38.429268,
            -0.473605
          ]
        ],
        "type": "LineString"
      },
      "properties": {
        "canonical_name": "Mossbridge Junction",
        "end_place_id": "NG-PLC-000419",
        "geometry_id": "",
        "geometry_id_state": "PENDING_GOVERNED_LIVE_RESERVATION",
        "geometry_reservation_key": "p006.7.11.12:road-alignment:NG-RD-000349",
        "geometry_role_code": "ROAD_ALIGNMENT",
        "length_m": 15116.985,
        "provenance_class": "NNGLA_SIMULATION_AUTHORED_ALIGNMENT",
        "publication_status": "NOT_PUBLISHED",
        "qualification_status": "QUALIFIED_SIMULATION_AUTHORED",
        "region_code": "NGR-05",
        "road_candidate_id": "NG-RD-CAND-000349",
        "road_class_code": "ACCESS",
        "road_id": "NG-RD-000349",
        "road_name_id": "NG-NAM-ROA-000349",
        "runtime_effect_scope": "SHARED_REFERENCE",
        "runtime_mode": "production",
        "start_place_id": "NG-PLC-000418"
      },
      "type": "Feature"
    },
    {
      "geometry": {
        "coordinates": [
          [
            37.460838,
            -1.105203
          ],
          [
            37.497762,
            -0.906975
          ]
        ],
        "type": "LineString"
      },
      "properties": {
        "canonical_name": "Tekharo Central Crossing",
        "end_place_id": "NG-PLC-000377",
        "geometry_id": "",
        "geometry_id_state": "PENDING_GOVERNED_LIVE_RESERVATION",
        "geometry_reservation_key": "p006.7.11.12:road-alignment:NG-RD-000350",
        "geometry_role_code": "ROAD_ALIGNMENT",
        "length_m": 22420.993,
        "provenance_class": "NNGLA_SIMULATION_AUTHORED_ALIGNMENT",
        "publication_status": "NOT_PUBLISHED",
        "qualification_status": "QUALIFIED_SIMULATION_AUTHORED",
        "region_code": "NGR-05",
        "road_candidate_id": "NG-RD-CAND-000350",
        "road_class_code": "SERVICE",
        "road_id": "NG-RD-000350",
        "road_name_id": "NG-NAM-ROA-000350",
        "runtime_effect_scope": "SHARED_REFERENCE",
        "runtime_mode": "production",
        "start_place_id": "NG-PLC-000413"
      },
      "type": "Feature"
    }
  ],
  "type": "FeatureCollection"
}
