road_candidate_id,road_name_id,canonical_name,road_class_code,source_name_family,planning_status,geometry_status,geometry_reference,addressing_eligible,region_code,source_basis,runtime_effect_scope
NG-RD-CAND-000001,NG-NAM-ROA-000001,Orivane Road,LOCAL,PLACE,RESERVED_REFERENCE,UNMAPPED_PENDING_CONSTRUCTION_OR_SURVEY,,true,NGR-01,Derived governed road name catalogue,SHARED_REFERENCE
NG-RD-CAND-000002,NG-NAM-ROA-000002,Bellwether Street,MUNICIPAL,PLACE,RESERVED_REFERENCE,UNMAPPED_PENDING_CONSTRUCTION_OR_SURVEY,,true,NGR-01,Derived governed road name catalogue,SHARED_REFERENCE
NG-RD-CAND-000003,NG-NAM-ROA-000003,New Carrow Avenue,DISTRICT,PLACE,RESERVED_REFERENCE,UNMAPPED_PENDING_CONSTRUCTION_OR_SURVEY,,true,NGR-01,Derived governed road name catalogue,SHARED_REFERENCE
NG-RD-CAND-000004,NG-NAM-ROA-000004,East Meridian Lane,REGIONAL,PLACE,RESERVED_REFERENCE,UNMAPPED_PENDING_CONSTRUCTION_OR_SURVEY,,true,NGR-01,Derived governed road name catalogue,SHARED_REFERENCE
NG-RD-CAND-000005,NG-NAM-ROA-000005,Orivane Central Drive,RURAL,PLACE,RESERVED_REFERENCE,UNMAPPED_PENDING_CONSTRUCTION_OR_SURVEY,,true,NGR-01,Derived governed road name catalogue,SHARED_REFERENCE
NG-RD-CAND-000006,NG-NAM-ROA-000006,Civic Crescent Way,ACCESS,PLACE,RESERVED_REFERENCE,UNMAPPED_PENDING_CONSTRUCTION_OR_SURVEY,,true,NGR-01,Derived governed road name catalogue,SHARED_REFERENCE
NG-RD-CAND-000007,NG-NAM-ROA-000007,Parliament Hill Boulevard,SERVICE,PLACE,RESERVED_REFERENCE,UNMAPPED_PENDING_CONSTRUCTION_OR_SURVEY,,true,NGR-01,Derived governed road name catalogue,SHARED_REFERENCE
NG-RD-CAND-000008,NG-NAM-ROA-000008,Meridian Exchange Highway,LOCAL,PLACE,RESERVED_REFERENCE,UNMAPPED_PENDING_CONSTRUCTION_OR_SURVEY,,true,NGR-01,Derived governed road name catalogue,SHARED_REFERENCE
NG-RD-CAND-000009,NG-NAM-ROA-000009,Old Orivane Junction,MUNICIPAL,PLACE,RESERVED_REFERENCE,UNMAPPED_PENDING_CONSTRUCTION_OR_SURVEY,,true,NGR-01,Derived governed road name catalogue,SHARED_REFERENCE
NG-RD-CAND-000010,NG-NAM-ROA-000010,Northmere Quarter Crossing,DISTRICT,PLACE,RESERVED_REFERENCE,UNMAPPED_PENDING_CONSTRUCTION_OR_SURVEY,,true,NGR-01,Derived governed road name catalogue,SHARED_REFERENCE
NG-RD-CAND-000011,NG-NAM-ROA-000011,Embassy Arc Road,REGIONAL,PLACE,RESERVED_REFERENCE,UNMAPPED_PENDING_CONSTRUCTION_OR_SURVEY,,true,NGR-01,Derived governed road name catalogue,SHARED_REFERENCE
NG-RD-CAND-000012,NG-NAM-ROA-000012,University Ring Street,RURAL,PLACE,RESERVED_REFERENCE,UNMAPPED_PENDING_CONSTRUCTION_OR_SURVEY,,true,NGR-01,Derived governed road name catalogue,SHARED_REFERENCE
NG-RD-CAND-000013,NG-NAM-ROA-000013,Vondrel Gardens Avenue,ACCESS,PLACE,RESERVED_REFERENCE,UNMAPPED_PENDING_CONSTRUCTION_OR_SURVEY,,true,NGR-01,Derived governed road name catalogue,SHARED_REFERENCE
NG-RD-CAND-000014,NG-NAM-ROA-000014,Lysara Heights Lane,SERVICE,PLACE,RESERVED_REFERENCE,UNMAPPED_PENDING_CONSTRUCTION_OR_SURVEY,,true,NGR-01,Derived governed road name catalogue,SHARED_REFERENCE
NG-RD-CAND-000015,NG-NAM-ROA-000015,Varenza Drive,LOCAL,PLACE,RESERVED_REFERENCE,UNMAPPED_PENDING_CONSTRUCTION_OR_SURVEY,,true,NGR-01,Derived governed road name catalogue,SHARED_REFERENCE
NG-RD-CAND-000016,NG-NAM-ROA-000016,Tekhara Gardens Way,MUNICIPAL,PLACE,RESERVED_REFERENCE,UNMAPPED_PENDING_CONSTRUCTION_OR_SURVEY,,true,NGR-01,Derived governed road name catalogue,SHARED_REFERENCE
NG-RD-CAND-000017,NG-NAM-ROA-000017,Elvarin Boulevard,DISTRICT,PLACE,RESERVED_REFERENCE,UNMAPPED_PENDING_CONSTRUCTION_OR_SURVEY,,true,NGR-01,Derived governed road name catalogue,SHARED_REFERENCE
NG-RD-CAND-000018,NG-NAM-ROA-000018,Nyavelle Highway,REGIONAL,PLACE,RESERVED_REFERENCE,UNMAPPED_PENDING_CONSTRUCTION_OR_SURVEY,,true,NGR-01,Derived governed road name catalogue,SHARED_REFERENCE
NG-RD-CAND-000019,NG-NAM-ROA-000019,Moraen Park Junction,RURAL,PLACE,RESERVED_REFERENCE,UNMAPPED_PENDING_CONSTRUCTION_OR_SURVEY,,true,NGR-01,Derived governed road name catalogue,SHARED_REFERENCE
NG-RD-CAND-000020,NG-NAM-ROA-000020,Tekkai Crossing,ACCESS,PLACE,RESERVED_REFERENCE,UNMAPPED_PENDING_CONSTRUCTION_OR_SURVEY,,true,NGR-01,Derived governed road name catalogue,SHARED_REFERENCE
NG-RD-CAND-000021,NG-NAM-ROA-000021,Vondel Ridge Road,SERVICE,PLACE,RESERVED_REFERENCE,UNMAPPED_PENDING_CONSTRUCTION_OR_SURVEY,,true,NGR-01,Derived governed road name catalogue,SHARED_REFERENCE
NG-RD-CAND-000022,NG-NAM-ROA-000022,Aelmar Street,LOCAL,PLACE,RESERVED_REFERENCE,UNMAPPED_PENDING_CONSTRUCTION_OR_SURVEY,,true,NGR-01,Derived governed road name catalogue,SHARED_REFERENCE
NG-RD-CAND-000023,NG-NAM-ROA-000023,Sabaro Avenue,MUNICIPAL,PLACE,RESERVED_REFERENCE,UNMAPPED_PENDING_CONSTRUCTION_OR_SURVEY,,true,NGR-01,Derived governed road name catalogue,SHARED_REFERENCE
NG-RD-CAND-000024,NG-NAM-ROA-000024,Trossgate Lane,DISTRICT,PLACE,RESERVED_REFERENCE,UNMAPPED_PENDING_CONSTRUCTION_OR_SURVEY,,true,NGR-01,Derived governed road name catalogue,SHARED_REFERENCE
NG-RD-CAND-000025,NG-NAM-ROA-000025,Ashbourne Drive,REGIONAL,PLACE,RESERVED_REFERENCE,UNMAPPED_PENDING_CONSTRUCTION_OR_SURVEY,,true,NGR-01,Derived governed road name catalogue,SHARED_REFERENCE
NG-RD-CAND-000026,NG-NAM-ROA-000026,Crescenton Way,RURAL,PLACE,RESERVED_REFERENCE,UNMAPPED_PENDING_CONSTRUCTION_OR_SURVEY,,true,NGR-01,Derived governed road name catalogue,SHARED_REFERENCE
NG-RD-CAND-000027,NG-NAM-ROA-000027,Elmtree Boulevard,ACCESS,PLACE,RESERVED_REFERENCE,UNMAPPED_PENDING_CONSTRUCTION_OR_SURVEY,,true,NGR-01,Derived governed road name catalogue,SHARED_REFERENCE
NG-RD-CAND-000028,NG-NAM-ROA-000028,Faircross Highway,SERVICE,PLACE,RESERVED_REFERENCE,UNMAPPED_PENDING_CONSTRUCTION_OR_SURVEY,,true,NGR-01,Derived governed road name catalogue,SHARED_REFERENCE
NG-RD-CAND-000029,NG-NAM-ROA-000029,Kingswell Junction,LOCAL,PLACE,RESERVED_REFERENCE,UNMAPPED_PENDING_CONSTRUCTION_OR_SURVEY,,true,NGR-01,Derived governed road name catalogue,SHARED_REFERENCE
NG-RD-CAND-000030,NG-NAM-ROA-000030,Brackenford Crossing,MUNICIPAL,PLACE,RESERVED_REFERENCE,UNMAPPED_PENDING_CONSTRUCTION_OR_SURVEY,,true,NGR-01,Derived governed road name catalogue,SHARED_REFERENCE
NG-RD-CAND-000031,NG-NAM-ROA-000031,Rosehaven Road,DISTRICT,PLACE,RESERVED_REFERENCE,UNMAPPED_PENDING_CONSTRUCTION_OR_SURVEY,,true,NGR-01,Derived governed road name catalogue,SHARED_REFERENCE
NG-RD-CAND-000032,NG-NAM-ROA-000032,Claybourne Street,REGIONAL,PLACE,RESERVED_REFERENCE,UNMAPPED_PENDING_CONSTRUCTION_OR_SURVEY,,true,NGR-01,Derived governed road name catalogue,SHARED_REFERENCE
NG-RD-CAND-000033,NG-NAM-ROA-000033,Newstead Avenue,RURAL,PLACE,RESERVED_REFERENCE,UNMAPPED_PENDING_CONSTRUCTION_OR_SURVEY,,true,NGR-01,Derived governed road name catalogue,SHARED_REFERENCE
NG-RD-CAND-000034,NG-NAM-ROA-000034,Larkspur Lane,ACCESS,PLACE,RESERVED_REFERENCE,UNMAPPED_PENDING_CONSTRUCTION_OR_SURVEY,,true,NGR-01,Derived governed road name catalogue,SHARED_REFERENCE
NG-RD-CAND-000035,NG-NAM-ROA-000035,Eastbridge Drive,SERVICE,PLACE,RESERVED_REFERENCE,UNMAPPED_PENDING_CONSTRUCTION_OR_SURVEY,,true,NGR-01,Derived governed road name catalogue,SHARED_REFERENCE
NG-RD-CAND-000036,NG-NAM-ROA-000036,Hillmark Way,LOCAL,PLACE,RESERVED_REFERENCE,UNMAPPED_PENDING_CONSTRUCTION_OR_SURVEY,,true,NGR-01,Derived governed road name catalogue,SHARED_REFERENCE
NG-RD-CAND-000037,NG-NAM-ROA-000037,Greyhaven Boulevard,MUNICIPAL,PLACE,RESERVED_REFERENCE,UNMAPPED_PENDING_CONSTRUCTION_OR_SURVEY,,true,NGR-01,Derived governed road name catalogue,SHARED_REFERENCE
NG-RD-CAND-000038,NG-NAM-ROA-000038,Willowgate Highway,DISTRICT,PLACE,RESERVED_REFERENCE,UNMAPPED_PENDING_CONSTRUCTION_OR_SURVEY,,true,NGR-01,Derived governed road name catalogue,SHARED_REFERENCE
NG-RD-CAND-000039,NG-NAM-ROA-000039,Stoneleigh Junction,REGIONAL,PLACE,RESERVED_REFERENCE,UNMAPPED_PENDING_CONSTRUCTION_OR_SURVEY,,true,NGR-01,Derived governed road name catalogue,SHARED_REFERENCE
NG-RD-CAND-000040,NG-NAM-ROA-000040,Maple Junction Crossing,RURAL,PLACE,RESERVED_REFERENCE,UNMAPPED_PENDING_CONSTRUCTION_OR_SURVEY,,true,NGR-01,Derived governed road name catalogue,SHARED_REFERENCE
NG-RD-CAND-000041,NG-NAM-ROA-000041,South Bell Road,ACCESS,PLACE,RESERVED_REFERENCE,UNMAPPED_PENDING_CONSTRUCTION_OR_SURVEY,,true,NGR-01,Derived governed road name catalogue,SHARED_REFERENCE
NG-RD-CAND-000042,NG-NAM-ROA-000042,Orchard End Street,SERVICE,PLACE,RESERVED_REFERENCE,UNMAPPED_PENDING_CONSTRUCTION_OR_SURVEY,,true,NGR-01,Derived governed road name catalogue,SHARED_REFERENCE
NG-RD-CAND-000043,NG-NAM-ROA-000043,Carrowfield Avenue,LOCAL,PLACE,RESERVED_REFERENCE,UNMAPPED_PENDING_CONSTRUCTION_OR_SURVEY,,true,NGR-01,Derived governed road name catalogue,SHARED_REFERENCE
NG-RD-CAND-000044,NG-NAM-ROA-000044,West Carrow Lane,MUNICIPAL,PLACE,RESERVED_REFERENCE,UNMAPPED_PENDING_CONSTRUCTION_OR_SURVEY,,true,NGR-01,Derived governed road name catalogue,SHARED_REFERENCE
NG-RD-CAND-000045,NG-NAM-ROA-000045,Low Crescent Drive,DISTRICT,PLACE,RESERVED_REFERENCE,UNMAPPED_PENDING_CONSTRUCTION_OR_SURVEY,,true,NGR-01,Derived governed road name catalogue,SHARED_REFERENCE
NG-RD-CAND-000046,NG-NAM-ROA-000046,Meridian Gate Way,REGIONAL,PLACE,RESERVED_REFERENCE,UNMAPPED_PENDING_CONSTRUCTION_OR_SURVEY,,true,NGR-01,Derived governed road name catalogue,SHARED_REFERENCE
NG-RD-CAND-000047,NG-NAM-ROA-000047,Railview Boulevard,RURAL,PLACE,RESERVED_REFERENCE,UNMAPPED_PENDING_CONSTRUCTION_OR_SURVEY,,true,NGR-01,Derived governed road name catalogue,SHARED_REFERENCE
NG-RD-CAND-000048,NG-NAM-ROA-000048,Eastbank Highway,ACCESS,PLACE,RESERVED_REFERENCE,UNMAPPED_PENDING_CONSTRUCTION_OR_SURVEY,,true,NGR-01,Derived governed road name catalogue,SHARED_REFERENCE
NG-RD-CAND-000049,NG-NAM-ROA-000049,Lower Ashbourne Junction,SERVICE,PLACE,RESERVED_REFERENCE,UNMAPPED_PENDING_CONSTRUCTION_OR_SURVEY,,true,NGR-01,Derived governed road name catalogue,SHARED_REFERENCE
NG-RD-CAND-000050,NG-NAM-ROA-000050,Ashbourne Green Crossing,LOCAL,PLACE,RESERVED_REFERENCE,UNMAPPED_PENDING_CONSTRUCTION_OR_SURVEY,,true,NGR-01,Derived governed road name catalogue,SHARED_REFERENCE
NG-RD-CAND-000051,NG-NAM-ROA-000051,Old Crescenton Road,MUNICIPAL,PLACE,RESERVED_REFERENCE,UNMAPPED_PENDING_CONSTRUCTION_OR_SURVEY,,true,NGR-01,Derived governed road name catalogue,SHARED_REFERENCE
NG-RD-CAND-000052,NG-NAM-ROA-000052,Crescenton Fields Street,DISTRICT,PLACE,RESERVED_REFERENCE,UNMAPPED_PENDING_CONSTRUCTION_OR_SURVEY,,true,NGR-01,Derived governed road name catalogue,SHARED_REFERENCE
NG-RD-CAND-000053,NG-NAM-ROA-000053,Elmtree Hollow Avenue,REGIONAL,PLACE,RESERVED_REFERENCE,UNMAPPED_PENDING_CONSTRUCTION_OR_SURVEY,,true,NGR-01,Derived governed road name catalogue,SHARED_REFERENCE
NG-RD-CAND-000054,NG-NAM-ROA-000054,Elmtree Brook Lane,RURAL,PLACE,RESERVED_REFERENCE,UNMAPPED_PENDING_CONSTRUCTION_OR_SURVEY,,true,NGR-01,Derived governed road name catalogue,SHARED_REFERENCE
NG-RD-CAND-000055,NG-NAM-ROA-000055,Faircross Cross Drive,ACCESS,PLACE,RESERVED_REFERENCE,UNMAPPED_PENDING_CONSTRUCTION_OR_SURVEY,,true,NGR-01,Derived governed road name catalogue,SHARED_REFERENCE
NG-RD-CAND-000056,NG-NAM-ROA-000056,Faircross Vale Way,SERVICE,PLACE,RESERVED_REFERENCE,UNMAPPED_PENDING_CONSTRUCTION_OR_SURVEY,,true,NGR-01,Derived governed road name catalogue,SHARED_REFERENCE
NG-RD-CAND-000057,NG-NAM-ROA-000057,North Kingswell Boulevard,LOCAL,PLACE,RESERVED_REFERENCE,UNMAPPED_PENDING_CONSTRUCTION_OR_SURVEY,,true,NGR-01,Derived governed road name catalogue,SHARED_REFERENCE
NG-RD-CAND-000058,NG-NAM-ROA-000058,Kingswell End Highway,MUNICIPAL,PLACE,RESERVED_REFERENCE,UNMAPPED_PENDING_CONSTRUCTION_OR_SURVEY,,true,NGR-01,Derived governed road name catalogue,SHARED_REFERENCE
NG-RD-CAND-000059,NG-NAM-ROA-000059,Brackenford Heath Junction,DISTRICT,PLACE,RESERVED_REFERENCE,UNMAPPED_PENDING_CONSTRUCTION_OR_SURVEY,,true,NGR-01,Derived governed road name catalogue,SHARED_REFERENCE
NG-RD-CAND-000060,NG-NAM-ROA-000060,Brackenford Grove Crossing,REGIONAL,PLACE,RESERVED_REFERENCE,UNMAPPED_PENDING_CONSTRUCTION_OR_SURVEY,,true,NGR-01,Derived governed road name catalogue,SHARED_REFERENCE
NG-RD-CAND-000061,NG-NAM-ROA-000061,Upper Rosehaven Road,RURAL,PLACE,RESERVED_REFERENCE,UNMAPPED_PENDING_CONSTRUCTION_OR_SURVEY,,true,NGR-01,Derived governed road name catalogue,SHARED_REFERENCE
NG-RD-CAND-000062,NG-NAM-ROA-000062,Rosehaven Meadow Street,ACCESS,PLACE,RESERVED_REFERENCE,UNMAPPED_PENDING_CONSTRUCTION_OR_SURVEY,,true,NGR-01,Derived governed road name catalogue,SHARED_REFERENCE
NG-RD-CAND-000063,NG-NAM-ROA-000063,Claybourne Ford Avenue,SERVICE,PLACE,RESERVED_REFERENCE,UNMAPPED_PENDING_CONSTRUCTION_OR_SURVEY,,true,NGR-01,Derived governed road name catalogue,SHARED_REFERENCE
NG-RD-CAND-000064,NG-NAM-ROA-000064,Claybourne Common Lane,LOCAL,PLACE,RESERVED_REFERENCE,UNMAPPED_PENDING_CONSTRUCTION_OR_SURVEY,,true,NGR-01,Derived governed road name catalogue,SHARED_REFERENCE
NG-RD-CAND-000065,NG-NAM-ROA-000065,Little Newstead Drive,MUNICIPAL,PLACE,RESERVED_REFERENCE,UNMAPPED_PENDING_CONSTRUCTION_OR_SURVEY,,true,NGR-01,Derived governed road name catalogue,SHARED_REFERENCE
NG-RD-CAND-000066,NG-NAM-ROA-000066,Newstead Rise Way,DISTRICT,PLACE,RESERVED_REFERENCE,UNMAPPED_PENDING_CONSTRUCTION_OR_SURVEY,,true,NGR-01,Derived governed road name catalogue,SHARED_REFERENCE
NG-RD-CAND-000067,NG-NAM-ROA-000067,Larkspur Hill Boulevard,REGIONAL,PLACE,RESERVED_REFERENCE,UNMAPPED_PENDING_CONSTRUCTION_OR_SURVEY,,true,NGR-01,Derived governed road name catalogue,SHARED_REFERENCE
NG-RD-CAND-000068,NG-NAM-ROA-000068,Larkspur Springs Highway,RURAL,PLACE,RESERVED_REFERENCE,UNMAPPED_PENDING_CONSTRUCTION_OR_SURVEY,,true,NGR-01,Derived governed road name catalogue,SHARED_REFERENCE
NG-RD-CAND-000069,NG-NAM-ROA-000069,West Eastbridge Junction,ACCESS,PLACE,RESERVED_REFERENCE,UNMAPPED_PENDING_CONSTRUCTION_OR_SURVEY,,true,NGR-01,Derived governed road name catalogue,SHARED_REFERENCE
NG-RD-CAND-000070,NG-NAM-ROA-000070,Eastbridge Lane Crossing,SERVICE,PLACE,RESERVED_REFERENCE,UNMAPPED_PENDING_CONSTRUCTION_OR_SURVEY,,true,NGR-01,Derived governed road name catalogue,SHARED_REFERENCE
NG-RD-CAND-000071,NG-NAM-ROA-000071,Hillmark Wood Road,LOCAL,PLACE,RESERVED_REFERENCE,UNMAPPED_PENDING_CONSTRUCTION_OR_SURVEY,,true,NGR-01,Derived governed road name catalogue,SHARED_REFERENCE
NG-RD-CAND-000072,NG-NAM-ROA-000072,Hillmark Beck Street,MUNICIPAL,PLACE,RESERVED_REFERENCE,UNMAPPED_PENDING_CONSTRUCTION_OR_SURVEY,,true,NGR-01,Derived governed road name catalogue,SHARED_REFERENCE
NG-RD-CAND-000073,NG-NAM-ROA-000073,South Greyhaven Avenue,DISTRICT,PLACE,RESERVED_REFERENCE,UNMAPPED_PENDING_CONSTRUCTION_OR_SURVEY,,true,NGR-01,Derived governed road name catalogue,SHARED_REFERENCE
NG-RD-CAND-000074,NG-NAM-ROA-000074,Greyhaven Court Lane,REGIONAL,PLACE,RESERVED_REFERENCE,UNMAPPED_PENDING_CONSTRUCTION_OR_SURVEY,,true,NGR-01,Derived governed road name catalogue,SHARED_REFERENCE
NG-RD-CAND-000075,NG-NAM-ROA-000075,Willowgate Gate Drive,RURAL,PLACE,RESERVED_REFERENCE,UNMAPPED_PENDING_CONSTRUCTION_OR_SURVEY,,true,NGR-01,Derived governed road name catalogue,SHARED_REFERENCE
NG-RD-CAND-000076,NG-NAM-ROA-000076,Willowgate Downs Way,ACCESS,PLACE,RESERVED_REFERENCE,UNMAPPED_PENDING_CONSTRUCTION_OR_SURVEY,,true,NGR-01,Derived governed road name catalogue,SHARED_REFERENCE
NG-RD-CAND-000077,NG-NAM-ROA-000077,Stoneleigh Mill Boulevard,SERVICE,PLACE,RESERVED_REFERENCE,UNMAPPED_PENDING_CONSTRUCTION_OR_SURVEY,,true,NGR-01,Derived governed road name catalogue,SHARED_REFERENCE
NG-RD-CAND-000078,NG-NAM-ROA-000078,Stoneleigh Park Highway,LOCAL,PLACE,RESERVED_REFERENCE,UNMAPPED_PENDING_CONSTRUCTION_OR_SURVEY,,true,NGR-01,Derived governed road name catalogue,SHARED_REFERENCE
NG-RD-CAND-000079,NG-NAM-ROA-000079,Cedar Market Junction,MUNICIPAL,PLACE,RESERVED_REFERENCE,UNMAPPED_PENDING_CONSTRUCTION_OR_SURVEY,,true,NGR-01,Derived governed road name catalogue,SHARED_REFERENCE
NG-RD-CAND-000080,NG-NAM-ROA-000080,Junction Five Crossing,DISTRICT,PLACE,RESERVED_REFERENCE,UNMAPPED_PENDING_CONSTRUCTION_OR_SURVEY,,true,NGR-01,Derived governed road name catalogue,SHARED_REFERENCE
NG-RD-CAND-000081,NG-NAM-ROA-000081,Old Toll Road,REGIONAL,PLACE,RESERVED_REFERENCE,UNMAPPED_PENDING_CONSTRUCTION_OR_SURVEY,,true,NGR-01,Derived governed road name catalogue,SHARED_REFERENCE
NG-RD-CAND-000082,NG-NAM-ROA-000082,Farmers' Gate Street,RURAL,PLACE,RESERVED_REFERENCE,UNMAPPED_PENDING_CONSTRUCTION_OR_SURVEY,,true,NGR-01,Derived governed road name catalogue,SHARED_REFERENCE
NG-RD-CAND-000083,NG-NAM-ROA-000083,Lantern Cross Avenue,ACCESS,PLACE,RESERVED_REFERENCE,UNMAPPED_PENDING_CONSTRUCTION_OR_SURVEY,,true,NGR-01,Derived governed road name catalogue,SHARED_REFERENCE
NG-RD-CAND-000084,NG-NAM-ROA-000084,Eastline Industrial Park Lane,SERVICE,PLACE,RESERVED_REFERENCE,UNMAPPED_PENDING_CONSTRUCTION_OR_SURVEY,,true,NGR-01,Derived governed road name catalogue,SHARED_REFERENCE
NG-RD-CAND-000085,NG-NAM-ROA-000085,Capital Logistics Zone Drive,LOCAL,PLACE,RESERVED_REFERENCE,UNMAPPED_PENDING_CONSTRUCTION_OR_SURVEY,,true,NGR-01,Derived governed road name catalogue,SHARED_REFERENCE
NG-RD-CAND-000086,NG-NAM-ROA-000086,Northgate Way,MUNICIPAL,PLACE,RESERVED_REFERENCE,UNMAPPED_PENDING_CONSTRUCTION_OR_SURVEY,,true,NGR-02,Derived governed road name catalogue,SHARED_REFERENCE
NG-RD-CAND-000087,NG-NAM-ROA-000087,Caelith Boulevard,DISTRICT,PLACE,RESERVED_REFERENCE,UNMAPPED_PENDING_CONSTRUCTION_OR_SURVEY,,true,NGR-02,Derived governed road name catalogue,SHARED_REFERENCE
NG-RD-CAND-000088,NG-NAM-ROA-000088,Skeldrun Highway,REGIONAL,PLACE,RESERVED_REFERENCE,UNMAPPED_PENDING_CONSTRUCTION_OR_SURVEY,,true,NGR-02,Derived governed road name catalogue,SHARED_REFERENCE
NG-RD-CAND-000089,NG-NAM-ROA-000089,Pinebarrow Junction,RURAL,PLACE,RESERVED_REFERENCE,UNMAPPED_PENDING_CONSTRUCTION_OR_SURVEY,,true,NGR-02,Derived governed road name catalogue,SHARED_REFERENCE
NG-RD-CAND-000090,NG-NAM-ROA-000090,Crown Steps Crossing,ACCESS,PLACE,RESERVED_REFERENCE,UNMAPPED_PENDING_CONSTRUCTION_OR_SURVEY,,true,NGR-02,Derived governed road name catalogue,SHARED_REFERENCE
NG-RD-CAND-000091,NG-NAM-ROA-000091,Highgate Core Road,SERVICE,PLACE,RESERVED_REFERENCE,UNMAPPED_PENDING_CONSTRUCTION_OR_SURVEY,,true,NGR-02,Derived governed road name catalogue,SHARED_REFERENCE
NG-RD-CAND-000092,NG-NAM-ROA-000092,Observatory Ward Street,LOCAL,PLACE,RESERVED_REFERENCE,UNMAPPED_PENDING_CONSTRUCTION_OR_SURVEY,,true,NGR-02,Derived governed road name catalogue,SHARED_REFERENCE
NG-RD-CAND-000093,NG-NAM-ROA-000093,Foundry Terrace Avenue,MUNICIPAL,PLACE,RESERVED_REFERENCE,UNMAPPED_PENDING_CONSTRUCTION_OR_SURVEY,,true,NGR-02,Derived governed road name catalogue,SHARED_REFERENCE
NG-RD-CAND-000094,NG-NAM-ROA-000094,Old Switchback Lane,DISTRICT,PLACE,RESERVED_REFERENCE,UNMAPPED_PENDING_CONSTRUCTION_OR_SURVEY,,true,NGR-02,Derived governed road name catalogue,SHARED_REFERENCE
NG-RD-CAND-000095,NG-NAM-ROA-000095,Alpine Exchange Drive,REGIONAL,PLACE,RESERVED_REFERENCE,UNMAPPED_PENDING_CONSTRUCTION_OR_SURVEY,,true,NGR-02,Derived governed road name catalogue,SHARED_REFERENCE
NG-RD-CAND-000096,NG-NAM-ROA-000096,Northgate University District Way,RURAL,PLACE,RESERVED_REFERENCE,UNMAPPED_PENDING_CONSTRUCTION_OR_SURVEY,,true,NGR-02,Derived governed road name catalogue,SHARED_REFERENCE
NG-RD-CAND-000097,NG-NAM-ROA-000097,Cloudline Boulevard,ACCESS,PLACE,RESERVED_REFERENCE,UNMAPPED_PENDING_CONSTRUCTION_OR_SURVEY,,true,NGR-02,Derived governed road name catalogue,SHARED_REFERENCE
NG-RD-CAND-000098,NG-NAM-ROA-000098,Pineglass Highway,SERVICE,PLACE,RESERVED_REFERENCE,UNMAPPED_PENDING_CONSTRUCTION_OR_SURVEY,,true,NGR-02,Derived governed road name catalogue,SHARED_REFERENCE
NG-RD-CAND-000099,NG-NAM-ROA-000099,Heather Vale Junction,LOCAL,PLACE,RESERVED_REFERENCE,UNMAPPED_PENDING_CONSTRUCTION_OR_SURVEY,,true,NGR-02,Derived governed road name catalogue,SHARED_REFERENCE
NG-RD-CAND-000100,NG-NAM-ROA-000100,Slate Gardens Crossing,MUNICIPAL,PLACE,RESERVED_REFERENCE,UNMAPPED_PENDING_CONSTRUCTION_OR_SURVEY,,true,NGR-02,Derived governed road name catalogue,SHARED_REFERENCE
NG-RD-CAND-000101,NG-NAM-ROA-000101,Frostmere Road,DISTRICT,PLACE,RESERVED_REFERENCE,UNMAPPED_PENDING_CONSTRUCTION_OR_SURVEY,,true,NGR-02,Derived governed road name catalogue,SHARED_REFERENCE
NG-RD-CAND-000102,NG-NAM-ROA-000102,New Albion Street,REGIONAL,PLACE,RESERVED_REFERENCE,UNMAPPED_PENDING_CONSTRUCTION_OR_SURVEY,,true,NGR-02,Derived governed road name catalogue,SHARED_REFERENCE
NG-RD-CAND-000103,NG-NAM-ROA-000103,Kaelor Heights Avenue,RURAL,PLACE,RESERVED_REFERENCE,UNMAPPED_PENDING_CONSTRUCTION_OR_SURVEY,,true,NGR-02,Derived governed road name catalogue,SHARED_REFERENCE
NG-RD-CAND-000104,NG-NAM-ROA-000104,Bramble Court Lane,ACCESS,PLACE,RESERVED_REFERENCE,UNMAPPED_PENDING_CONSTRUCTION_OR_SURVEY,,true,NGR-02,Derived governed road name catalogue,SHARED_REFERENCE
NG-RD-CAND-000105,NG-NAM-ROA-000105,St. Arden Drive,SERVICE,PLACE,RESERVED_REFERENCE,UNMAPPED_PENDING_CONSTRUCTION_OR_SURVEY,,true,NGR-02,Derived governed road name catalogue,SHARED_REFERENCE
NG-RD-CAND-000106,NG-NAM-ROA-000106,Maple Rise Way,LOCAL,PLACE,RESERVED_REFERENCE,UNMAPPED_PENDING_CONSTRUCTION_OR_SURVEY,,true,NGR-02,Derived governed road name catalogue,SHARED_REFERENCE
NG-RD-CAND-000107,NG-NAM-ROA-000107,Aelwood Boulevard,MUNICIPAL,PLACE,RESERVED_REFERENCE,UNMAPPED_PENDING_CONSTRUCTION_OR_SURVEY,,true,NGR-02,Derived governed road name catalogue,SHARED_REFERENCE
NG-RD-CAND-000108,NG-NAM-ROA-000108,Ridgewater Highway,DISTRICT,PLACE,RESERVED_REFERENCE,UNMAPPED_PENDING_CONSTRUCTION_OR_SURVEY,,true,NGR-02,Derived governed road name catalogue,SHARED_REFERENCE
NG-RD-CAND-000109,NG-NAM-ROA-000109,Windward Heath Junction,REGIONAL,PLACE,RESERVED_REFERENCE,UNMAPPED_PENDING_CONSTRUCTION_OR_SURVEY,,true,NGR-02,Derived governed road name catalogue,SHARED_REFERENCE
NG-RD-CAND-000110,NG-NAM-ROA-000110,Aelgrove Crossing,RURAL,PLACE,RESERVED_REFERENCE,UNMAPPED_PENDING_CONSTRUCTION_OR_SURVEY,,true,NGR-02,Derived governed road name catalogue,SHARED_REFERENCE
NG-RD-CAND-000111,NG-NAM-ROA-000111,Kaedur Road,ACCESS,PLACE,RESERVED_REFERENCE,UNMAPPED_PENDING_CONSTRUCTION_OR_SURVEY,,true,NGR-02,Derived governed road name catalogue,SHARED_REFERENCE
NG-RD-CAND-000112,NG-NAM-ROA-000112,Østmark Street,SERVICE,PLACE,RESERVED_REFERENCE,UNMAPPED_PENDING_CONSTRUCTION_OR_SURVEY,,true,NGR-02,Derived governed road name catalogue,SHARED_REFERENCE
NG-RD-CAND-000113,NG-NAM-ROA-000113,Valekirk Avenue,LOCAL,PLACE,RESERVED_REFERENCE,UNMAPPED_PENDING_CONSTRUCTION_OR_SURVEY,,true,NGR-02,Derived governed road name catalogue,SHARED_REFERENCE
NG-RD-CAND-000114,NG-NAM-ROA-000114,Snowmere Lane,MUNICIPAL,PLACE,RESERVED_REFERENCE,UNMAPPED_PENDING_CONSTRUCTION_OR_SURVEY,,true,NGR-02,Derived governed road name catalogue,SHARED_REFERENCE
NG-RD-CAND-000115,NG-NAM-ROA-000115,Frostholm Drive,DISTRICT,PLACE,RESERVED_REFERENCE,UNMAPPED_PENDING_CONSTRUCTION_OR_SURVEY,,true,NGR-02,Derived governed road name catalogue,SHARED_REFERENCE
NG-RD-CAND-000116,NG-NAM-ROA-000116,Trossfell Way,REGIONAL,PLACE,RESERVED_REFERENCE,UNMAPPED_PENDING_CONSTRUCTION_OR_SURVEY,,true,NGR-02,Derived governed road name catalogue,SHARED_REFERENCE
NG-RD-CAND-000117,NG-NAM-ROA-000117,Birchpass Boulevard,RURAL,PLACE,RESERVED_REFERENCE,UNMAPPED_PENDING_CONSTRUCTION_OR_SURVEY,,true,NGR-02,Derived governed road name catalogue,SHARED_REFERENCE
NG-RD-CAND-000118,NG-NAM-ROA-000118,Ravencrag Highway,ACCESS,PLACE,RESERVED_REFERENCE,UNMAPPED_PENDING_CONSTRUCTION_OR_SURVEY,,true,NGR-02,Derived governed road name catalogue,SHARED_REFERENCE
NG-RD-CAND-000119,NG-NAM-ROA-000119,Highmere Junction,SERVICE,PLACE,RESERVED_REFERENCE,UNMAPPED_PENDING_CONSTRUCTION_OR_SURVEY,,true,NGR-02,Derived governed road name catalogue,SHARED_REFERENCE
NG-RD-CAND-000120,NG-NAM-ROA-000120,Cedarwick Crossing,LOCAL,PLACE,RESERVED_REFERENCE,UNMAPPED_PENDING_CONSTRUCTION_OR_SURVEY,,true,NGR-02,Derived governed road name catalogue,SHARED_REFERENCE
NG-RD-CAND-000121,NG-NAM-ROA-000121,Bellpine Road,MUNICIPAL,PLACE,RESERVED_REFERENCE,UNMAPPED_PENDING_CONSTRUCTION_OR_SURVEY,,true,NGR-02,Derived governed road name catalogue,SHARED_REFERENCE
NG-RD-CAND-000122,NG-NAM-ROA-000122,Glenvar Street,DISTRICT,PLACE,RESERVED_REFERENCE,UNMAPPED_PENDING_CONSTRUCTION_OR_SURVEY,,true,NGR-02,Derived governed road name catalogue,SHARED_REFERENCE
NG-RD-CAND-000123,NG-NAM-ROA-000123,Moorsend Avenue,REGIONAL,PLACE,RESERVED_REFERENCE,UNMAPPED_PENDING_CONSTRUCTION_OR_SURVEY,,true,NGR-02,Derived governed road name catalogue,SHARED_REFERENCE
NG-RD-CAND-000124,NG-NAM-ROA-000124,Ferncross Lane,RURAL,PLACE,RESERVED_REFERENCE,UNMAPPED_PENDING_CONSTRUCTION_OR_SURVEY,,true,NGR-02,Derived governed road name catalogue,SHARED_REFERENCE
NG-RD-CAND-000125,NG-NAM-ROA-000125,Lower Caelith Drive,ACCESS,PLACE,RESERVED_REFERENCE,UNMAPPED_PENDING_CONSTRUCTION_OR_SURVEY,,true,NGR-02,Derived governed road name catalogue,SHARED_REFERENCE
NG-RD-CAND-000126,NG-NAM-ROA-000126,Glen Kael Way,SERVICE,PLACE,RESERVED_REFERENCE,UNMAPPED_PENDING_CONSTRUCTION_OR_SURVEY,,true,NGR-02,Derived governed road name catalogue,SHARED_REFERENCE
NG-RD-CAND-000127,NG-NAM-ROA-000127,Passfield Boulevard,LOCAL,PLACE,RESERVED_REFERENCE,UNMAPPED_PENDING_CONSTRUCTION_OR_SURVEY,,true,NGR-02,Derived governed road name catalogue,SHARED_REFERENCE
NG-RD-CAND-000128,NG-NAM-ROA-000128,South Skeldrun Highway,MUNICIPAL,PLACE,RESERVED_REFERENCE,UNMAPPED_PENDING_CONSTRUCTION_OR_SURVEY,,true,NGR-02,Derived governed road name catalogue,SHARED_REFERENCE
NG-RD-CAND-000129,NG-NAM-ROA-000129,Icebrook Junction,DISTRICT,PLACE,RESERVED_REFERENCE,UNMAPPED_PENDING_CONSTRUCTION_OR_SURVEY,,true,NGR-02,Derived governed road name catalogue,SHARED_REFERENCE
NG-RD-CAND-000130,NG-NAM-ROA-000130,Mill Crag Crossing,REGIONAL,PLACE,RESERVED_REFERENCE,UNMAPPED_PENDING_CONSTRUCTION_OR_SURVEY,,true,NGR-02,Derived governed road name catalogue,SHARED_REFERENCE
NG-RD-CAND-000131,NG-NAM-ROA-000131,East Pinebarrow Road,RURAL,PLACE,RESERVED_REFERENCE,UNMAPPED_PENDING_CONSTRUCTION_OR_SURVEY,,true,NGR-02,Derived governed road name catalogue,SHARED_REFERENCE
NG-RD-CAND-000132,NG-NAM-ROA-000132,Woodcutters' Line Street,ACCESS,PLACE,RESERVED_REFERENCE,UNMAPPED_PENDING_CONSTRUCTION_OR_SURVEY,,true,NGR-02,Derived governed road name catalogue,SHARED_REFERENCE
NG-RD-CAND-000133,NG-NAM-ROA-000133,Briar Junction Avenue,SERVICE,PLACE,RESERVED_REFERENCE,UNMAPPED_PENDING_CONSTRUCTION_OR_SURVEY,,true,NGR-02,Derived governed road name catalogue,SHARED_REFERENCE
NG-RD-CAND-000134,NG-NAM-ROA-000134,Lower Aelgrove Lane,LOCAL,PLACE,RESERVED_REFERENCE,UNMAPPED_PENDING_CONSTRUCTION_OR_SURVEY,,true,NGR-02,Derived governed road name catalogue,SHARED_REFERENCE
NG-RD-CAND-000135,NG-NAM-ROA-000135,Aelgrove Fell Drive,MUNICIPAL,PLACE,RESERVED_REFERENCE,UNMAPPED_PENDING_CONSTRUCTION_OR_SURVEY,,true,NGR-02,Derived governed road name catalogue,SHARED_REFERENCE
NG-RD-CAND-000136,NG-NAM-ROA-000136,Upper Kaedur Way,DISTRICT,PLACE,RESERVED_REFERENCE,UNMAPPED_PENDING_CONSTRUCTION_OR_SURVEY,,true,NGR-02,Derived governed road name catalogue,SHARED_REFERENCE
NG-RD-CAND-000137,NG-NAM-ROA-000137,Kaedur Glen Boulevard,REGIONAL,PLACE,RESERVED_REFERENCE,UNMAPPED_PENDING_CONSTRUCTION_OR_SURVEY,,true,NGR-02,Derived governed road name catalogue,SHARED_REFERENCE
NG-RD-CAND-000138,NG-NAM-ROA-000138,East Østmark Highway,RURAL,PLACE,RESERVED_REFERENCE,UNMAPPED_PENDING_CONSTRUCTION_OR_SURVEY,,true,NGR-02,Derived governed road name catalogue,SHARED_REFERENCE
NG-RD-CAND-000139,NG-NAM-ROA-000139,Østmark Beck Junction,ACCESS,PLACE,RESERVED_REFERENCE,UNMAPPED_PENDING_CONSTRUCTION_OR_SURVEY,,true,NGR-02,Derived governed road name catalogue,SHARED_REFERENCE
NG-RD-CAND-000140,NG-NAM-ROA-000140,Old Valekirk Crossing,SERVICE,PLACE,RESERVED_REFERENCE,UNMAPPED_PENDING_CONSTRUCTION_OR_SURVEY,,true,NGR-02,Derived governed road name catalogue,SHARED_REFERENCE
NG-RD-CAND-000141,NG-NAM-ROA-000141,Valekirk Crag Road,LOCAL,PLACE,RESERVED_REFERENCE,UNMAPPED_PENDING_CONSTRUCTION_OR_SURVEY,,true,NGR-02,Derived governed road name catalogue,SHARED_REFERENCE
NG-RD-CAND-000142,NG-NAM-ROA-000142,South Snowmere Street,MUNICIPAL,PLACE,RESERVED_REFERENCE,UNMAPPED_PENDING_CONSTRUCTION_OR_SURVEY,,true,NGR-02,Derived governed road name catalogue,SHARED_REFERENCE
NG-RD-CAND-000143,NG-NAM-ROA-000143,Snowmere Pass Avenue,DISTRICT,PLACE,RESERVED_REFERENCE,UNMAPPED_PENDING_CONSTRUCTION_OR_SURVEY,,true,NGR-02,Derived governed road name catalogue,SHARED_REFERENCE
NG-RD-CAND-000144,NG-NAM-ROA-000144,Frostholm Moor Lane,REGIONAL,PLACE,RESERVED_REFERENCE,UNMAPPED_PENDING_CONSTRUCTION_OR_SURVEY,,true,NGR-02,Derived governed road name catalogue,SHARED_REFERENCE
NG-RD-CAND-000145,NG-NAM-ROA-000145,Frostholm Fold Drive,RURAL,PLACE,RESERVED_REFERENCE,UNMAPPED_PENDING_CONSTRUCTION_OR_SURVEY,,true,NGR-02,Derived governed road name catalogue,SHARED_REFERENCE
NG-RD-CAND-000146,NG-NAM-ROA-000146,North Trossfell Way,ACCESS,PLACE,RESERVED_REFERENCE,UNMAPPED_PENDING_CONSTRUCTION_OR_SURVEY,,true,NGR-02,Derived governed road name catalogue,SHARED_REFERENCE
NG-RD-CAND-000147,NG-NAM-ROA-000147,Trossfell Tor Boulevard,SERVICE,PLACE,RESERVED_REFERENCE,UNMAPPED_PENDING_CONSTRUCTION_OR_SURVEY,,true,NGR-02,Derived governed road name catalogue,SHARED_REFERENCE
NG-RD-CAND-000148,NG-NAM-ROA-000148,Birchpass Ridge Highway,LOCAL,PLACE,RESERVED_REFERENCE,UNMAPPED_PENDING_CONSTRUCTION_OR_SURVEY,,true,NGR-02,Derived governed road name catalogue,SHARED_REFERENCE
NG-RD-CAND-000149,NG-NAM-ROA-000149,Birchpass Tarn Junction,MUNICIPAL,PLACE,RESERVED_REFERENCE,UNMAPPED_PENDING_CONSTRUCTION_OR_SURVEY,,true,NGR-02,Derived governed road name catalogue,SHARED_REFERENCE
NG-RD-CAND-000150,NG-NAM-ROA-000150,West Ravencrag Crossing,DISTRICT,PLACE,RESERVED_REFERENCE,UNMAPPED_PENDING_CONSTRUCTION_OR_SURVEY,,true,NGR-02,Derived governed road name catalogue,SHARED_REFERENCE
NG-RD-CAND-000151,NG-NAM-ROA-000151,Ravencrag Pines Road,REGIONAL,PLACE,RESERVED_REFERENCE,UNMAPPED_PENDING_CONSTRUCTION_OR_SURVEY,,true,NGR-02,Derived governed road name catalogue,SHARED_REFERENCE
NG-RD-CAND-000152,NG-NAM-ROA-000152,Highmere Heath Street,RURAL,PLACE,RESERVED_REFERENCE,UNMAPPED_PENDING_CONSTRUCTION_OR_SURVEY,,true,NGR-02,Derived governed road name catalogue,SHARED_REFERENCE
NG-RD-CAND-000153,NG-NAM-ROA-000153,Highmere Stone Avenue,ACCESS,PLACE,RESERVED_REFERENCE,UNMAPPED_PENDING_CONSTRUCTION_OR_SURVEY,,true,NGR-02,Derived governed road name catalogue,SHARED_REFERENCE
NG-RD-CAND-000154,NG-NAM-ROA-000154,Lower Cedarwick Lane,SERVICE,PLACE,RESERVED_REFERENCE,UNMAPPED_PENDING_CONSTRUCTION_OR_SURVEY,,true,NGR-02,Derived governed road name catalogue,SHARED_REFERENCE
NG-RD-CAND-000155,NG-NAM-ROA-000155,Cedarwick Birch Drive,LOCAL,PLACE,RESERVED_REFERENCE,UNMAPPED_PENDING_CONSTRUCTION_OR_SURVEY,,true,NGR-02,Derived governed road name catalogue,SHARED_REFERENCE
NG-RD-CAND-000156,NG-NAM-ROA-000156,Bellpine Dale Way,MUNICIPAL,PLACE,RESERVED_REFERENCE,UNMAPPED_PENDING_CONSTRUCTION_OR_SURVEY,,true,NGR-02,Derived governed road name catalogue,SHARED_REFERENCE
NG-RD-CAND-000157,NG-NAM-ROA-000157,Bellpine Run Boulevard,DISTRICT,PLACE,RESERVED_REFERENCE,UNMAPPED_PENDING_CONSTRUCTION_OR_SURVEY,,true,NGR-02,Derived governed road name catalogue,SHARED_REFERENCE
NG-RD-CAND-000158,NG-NAM-ROA-000158,Upper Glenvar Highway,REGIONAL,PLACE,RESERVED_REFERENCE,UNMAPPED_PENDING_CONSTRUCTION_OR_SURVEY,,true,NGR-02,Derived governed road name catalogue,SHARED_REFERENCE
NG-RD-CAND-000159,NG-NAM-ROA-000159,Glenvar Cedar Junction,RURAL,PLACE,RESERVED_REFERENCE,UNMAPPED_PENDING_CONSTRUCTION_OR_SURVEY,,true,NGR-02,Derived governed road name catalogue,SHARED_REFERENCE
NG-RD-CAND-000160,NG-NAM-ROA-000160,Moorsend Barrow Crossing,ACCESS,PLACE,RESERVED_REFERENCE,UNMAPPED_PENDING_CONSTRUCTION_OR_SURVEY,,true,NGR-02,Derived governed road name catalogue,SHARED_REFERENCE
NG-RD-CAND-000161,NG-NAM-ROA-000161,Moorsend Brook Road,SERVICE,PLACE,RESERVED_REFERENCE,UNMAPPED_PENDING_CONSTRUCTION_OR_SURVEY,,true,NGR-02,Derived governed road name catalogue,SHARED_REFERENCE
NG-RD-CAND-000162,NG-NAM-ROA-000162,Ferncross Wood Street,LOCAL,PLACE,RESERVED_REFERENCE,UNMAPPED_PENDING_CONSTRUCTION_OR_SURVEY,,true,NGR-02,Derived governed road name catalogue,SHARED_REFERENCE
NG-RD-CAND-000163,NG-NAM-ROA-000163,Ferncross Brae Avenue,MUNICIPAL,PLACE,RESERVED_REFERENCE,UNMAPPED_PENDING_CONSTRUCTION_OR_SURVEY,,true,NGR-02,Derived governed road name catalogue,SHARED_REFERENCE
NG-RD-CAND-000164,NG-NAM-ROA-000164,Goat Bell Lane,DISTRICT,PLACE,RESERVED_REFERENCE,UNMAPPED_PENDING_CONSTRUCTION_OR_SURVEY,,true,NGR-02,Derived governed road name catalogue,SHARED_REFERENCE
NG-RD-CAND-000165,NG-NAM-ROA-000165,Highland Cross Drive,REGIONAL,PLACE,RESERVED_REFERENCE,UNMAPPED_PENDING_CONSTRUCTION_OR_SURVEY,,true,NGR-02,Derived governed road name catalogue,SHARED_REFERENCE
NG-RD-CAND-000166,NG-NAM-ROA-000166,Copper Stall Way,RURAL,PLACE,RESERVED_REFERENCE,UNMAPPED_PENDING_CONSTRUCTION_OR_SURVEY,,true,NGR-02,Derived governed road name catalogue,SHARED_REFERENCE
NG-RD-CAND-000167,NG-NAM-ROA-000167,Pass Market Boulevard,ACCESS,PLACE,RESERVED_REFERENCE,UNMAPPED_PENDING_CONSTRUCTION_OR_SURVEY,,true,NGR-02,Derived governed road name catalogue,SHARED_REFERENCE
NG-RD-CAND-000168,NG-NAM-ROA-000168,Wool Exchange Highway,SERVICE,PLACE,RESERVED_REFERENCE,UNMAPPED_PENDING_CONSTRUCTION_OR_SURVEY,,true,NGR-02,Derived governed road name catalogue,SHARED_REFERENCE
NG-RD-CAND-000169,NG-NAM-ROA-000169,Cloudworks Industrial Park Junction,LOCAL,PLACE,RESERVED_REFERENCE,UNMAPPED_PENDING_CONSTRUCTION_OR_SURVEY,,true,NGR-02,Derived governed road name catalogue,SHARED_REFERENCE
NG-RD-CAND-000170,NG-NAM-ROA-000170,Granite Rail Estate Crossing,MUNICIPAL,PLACE,RESERVED_REFERENCE,UNMAPPED_PENDING_CONSTRUCTION_OR_SURVEY,,true,NGR-02,Derived governed road name catalogue,SHARED_REFERENCE
NG-RD-CAND-000171,NG-NAM-ROA-000171,Cloudrest Road,DISTRICT,PLACE,RESERVED_REFERENCE,UNMAPPED_PENDING_CONSTRUCTION_OR_SURVEY,,true,NGR-02,Derived governed road name catalogue,SHARED_REFERENCE
NG-RD-CAND-000172,NG-NAM-ROA-000172,Alpine Lantern Street,REGIONAL,PLACE,RESERVED_REFERENCE,UNMAPPED_PENDING_CONSTRUCTION_OR_SURVEY,,true,NGR-02,Derived governed road name catalogue,SHARED_REFERENCE
NG-RD-CAND-000173,NG-NAM-ROA-000173,Vondara Avenue,RURAL,PLACE,RESERVED_REFERENCE,UNMAPPED_PENDING_CONSTRUCTION_OR_SURVEY,,true,NGR-03,Derived governed road name catalogue,SHARED_REFERENCE
NG-RD-CAND-000174,NG-NAM-ROA-000174,Greenbarrow Lane,ACCESS,PLACE,RESERVED_REFERENCE,UNMAPPED_PENDING_CONSTRUCTION_OR_SURVEY,,true,NGR-03,Derived governed road name catalogue,SHARED_REFERENCE
NG-RD-CAND-000175,NG-NAM-ROA-000175,Kestrel Plain Drive,SERVICE,PLACE,RESERVED_REFERENCE,UNMAPPED_PENDING_CONSTRUCTION_OR_SURVEY,,true,NGR-03,Derived governed road name catalogue,SHARED_REFERENCE
NG-RD-CAND-000176,NG-NAM-ROA-000176,Solmere Way,LOCAL,PLACE,RESERVED_REFERENCE,UNMAPPED_PENDING_CONSTRUCTION_OR_SURVEY,,true,NGR-03,Derived governed road name catalogue,SHARED_REFERENCE
NG-RD-CAND-000177,NG-NAM-ROA-000177,Vondara Central Boulevard,MUNICIPAL,PLACE,RESERVED_REFERENCE,UNMAPPED_PENDING_CONSTRUCTION_OR_SURVEY,,true,NGR-03,Derived governed road name catalogue,SHARED_REFERENCE
NG-RD-CAND-000178,NG-NAM-ROA-000178,Grain Exchange Highway,DISTRICT,PLACE,RESERVED_REFERENCE,UNMAPPED_PENDING_CONSTRUCTION_OR_SURVEY,,true,NGR-03,Derived governed road name catalogue,SHARED_REFERENCE
NG-RD-CAND-000179,NG-NAM-ROA-000179,Copperleaf Ward Junction,REGIONAL,PLACE,RESERVED_REFERENCE,UNMAPPED_PENDING_CONSTRUCTION_OR_SURVEY,,true,NGR-03,Derived governed road name catalogue,SHARED_REFERENCE
NG-RD-CAND-000180,NG-NAM-ROA-000180,Makers' Quarter Crossing,RURAL,PLACE,RESERVED_REFERENCE,UNMAPPED_PENDING_CONSTRUCTION_OR_SURVEY,,true,NGR-03,Derived governed road name catalogue,SHARED_REFERENCE
NG-RD-CAND-000181,NG-NAM-ROA-000181,East Viaduct Road,ACCESS,PLACE,RESERVED_REFERENCE,UNMAPPED_PENDING_CONSTRUCTION_OR_SURVEY,,true,NGR-03,Derived governed road name catalogue,SHARED_REFERENCE
NG-RD-CAND-000182,NG-NAM-ROA-000182,Old Granary Street,SERVICE,PLACE,RESERVED_REFERENCE,UNMAPPED_PENDING_CONSTRUCTION_OR_SURVEY,,true,NGR-03,Derived governed road name catalogue,SHARED_REFERENCE
NG-RD-CAND-000183,NG-NAM-ROA-000183,Innovation Loop Avenue,LOCAL,PLACE,RESERVED_REFERENCE,UNMAPPED_PENDING_CONSTRUCTION_OR_SURVEY,,true,NGR-03,Derived governed road name catalogue,SHARED_REFERENCE
NG-RD-CAND-000184,NG-NAM-ROA-000184,Grand Station Lane,MUNICIPAL,PLACE,RESERVED_REFERENCE,UNMAPPED_PENDING_CONSTRUCTION_OR_SURVEY,,true,NGR-03,Derived governed road name catalogue,SHARED_REFERENCE
NG-RD-CAND-000185,NG-NAM-ROA-000185,Meadowcrest Drive,DISTRICT,PLACE,RESERVED_REFERENCE,UNMAPPED_PENDING_CONSTRUCTION_OR_SURVEY,,true,NGR-03,Derived governed road name catalogue,SHARED_REFERENCE
NG-RD-CAND-000186,NG-NAM-ROA-000186,Kenwick Park Way,REGIONAL,PLACE,RESERVED_REFERENCE,UNMAPPED_PENDING_CONSTRUCTION_OR_SURVEY,,true,NGR-03,Derived governed road name catalogue,SHARED_REFERENCE
NG-RD-CAND-000187,NG-NAM-ROA-000187,Solara Fields Boulevard,RURAL,PLACE,RESERVED_REFERENCE,UNMAPPED_PENDING_CONSTRUCTION_OR_SURVEY,,true,NGR-03,Derived governed road name catalogue,SHARED_REFERENCE
NG-RD-CAND-000188,NG-NAM-ROA-000188,Vondel Grove Highway,ACCESS,PLACE,RESERVED_REFERENCE,UNMAPPED_PENDING_CONSTRUCTION_OR_SURVEY,,true,NGR-03,Derived governed road name catalogue,SHARED_REFERENCE
NG-RD-CAND-000189,NG-NAM-ROA-000189,Fairmead Junction,SERVICE,PLACE,RESERVED_REFERENCE,UNMAPPED_PENDING_CONSTRUCTION_OR_SURVEY,,true,NGR-03,Derived governed road name catalogue,SHARED_REFERENCE
NG-RD-CAND-000190,NG-NAM-ROA-000190,New Verona Crossing,LOCAL,PLACE,RESERVED_REFERENCE,UNMAPPED_PENDING_CONSTRUCTION_OR_SURVEY,,true,NGR-03,Derived governed road name catalogue,SHARED_REFERENCE
NG-RD-CAND-000191,NG-NAM-ROA-000191,Kaelstone Road,MUNICIPAL,PLACE,RESERVED_REFERENCE,UNMAPPED_PENDING_CONSTRUCTION_OR_SURVEY,,true,NGR-03,Derived governed road name catalogue,SHARED_REFERENCE
NG-RD-CAND-000192,NG-NAM-ROA-000192,Greenhaven Street,DISTRICT,PLACE,RESERVED_REFERENCE,UNMAPPED_PENDING_CONSTRUCTION_OR_SURVEY,,true,NGR-03,Derived governed road name catalogue,SHARED_REFERENCE
NG-RD-CAND-000193,NG-NAM-ROA-000193,Ashford Lane Avenue,REGIONAL,PLACE,RESERVED_REFERENCE,UNMAPPED_PENDING_CONSTRUCTION_OR_SURVEY,,true,NGR-03,Derived governed road name catalogue,SHARED_REFERENCE
NG-RD-CAND-000194,NG-NAM-ROA-000194,Juniper Rise Lane,RURAL,PLACE,RESERVED_REFERENCE,UNMAPPED_PENDING_CONSTRUCTION_OR_SURVEY,,true,NGR-03,Derived governed road name catalogue,SHARED_REFERENCE
NG-RD-CAND-000195,NG-NAM-ROA-000195,Eastmere Drive,ACCESS,PLACE,RESERVED_REFERENCE,UNMAPPED_PENDING_CONSTRUCTION_OR_SURVEY,,true,NGR-03,Derived governed road name catalogue,SHARED_REFERENCE
NG-RD-CAND-000196,NG-NAM-ROA-000196,Orchard Gate Way,SERVICE,PLACE,RESERVED_REFERENCE,UNMAPPED_PENDING_CONSTRUCTION_OR_SURVEY,,true,NGR-03,Derived governed road name catalogue,SHARED_REFERENCE
NG-RD-CAND-000197,NG-NAM-ROA-000197,Vondel Boulevard,LOCAL,PLACE,RESERVED_REFERENCE,UNMAPPED_PENDING_CONSTRUCTION_OR_SURVEY,,true,NGR-03,Derived governed road name catalogue,SHARED_REFERENCE
NG-RD-CAND-000198,NG-NAM-ROA-000198,Meadowrun Highway,MUNICIPAL,PLACE,RESERVED_REFERENCE,UNMAPPED_PENDING_CONSTRUCTION_OR_SURVEY,,true,NGR-03,Derived governed road name catalogue,SHARED_REFERENCE
NG-RD-CAND-000199,NG-NAM-ROA-000199,Grainford Junction,DISTRICT,PLACE,RESERVED_REFERENCE,UNMAPPED_PENDING_CONSTRUCTION_OR_SURVEY,,true,NGR-03,Derived governed road name catalogue,SHARED_REFERENCE
NG-RD-CAND-000200,NG-NAM-ROA-000200,Solhaven Crossing,REGIONAL,PLACE,RESERVED_REFERENCE,UNMAPPED_PENDING_CONSTRUCTION_OR_SURVEY,,true,NGR-03,Derived governed road name catalogue,SHARED_REFERENCE
NG-RD-CAND-000201,NG-NAM-ROA-000201,Amberfield Road,RURAL,PLACE,RESERVED_REFERENCE,UNMAPPED_PENDING_CONSTRUCTION_OR_SURVEY,,true,NGR-03,Derived governed road name catalogue,SHARED_REFERENCE
NG-RD-CAND-000202,NG-NAM-ROA-000202,Kestrel Street,ACCESS,PLACE,RESERVED_REFERENCE,UNMAPPED_PENDING_CONSTRUCTION_OR_SURVEY,,true,NGR-03,Derived governed road name catalogue,SHARED_REFERENCE
NG-RD-CAND-000203,NG-NAM-ROA-000203,Windcross Avenue,SERVICE,PLACE,RESERVED_REFERENCE,UNMAPPED_PENDING_CONSTRUCTION_OR_SURVEY,,true,NGR-03,Derived governed road name catalogue,SHARED_REFERENCE
NG-RD-CAND-000204,NG-NAM-ROA-000204,Talewood Lane,LOCAL,PLACE,RESERVED_REFERENCE,UNMAPPED_PENDING_CONSTRUCTION_OR_SURVEY,,true,NGR-03,Derived governed road name catalogue,SHARED_REFERENCE
NG-RD-CAND-000205,NG-NAM-ROA-000205,Broadacre Drive,MUNICIPAL,PLACE,RESERVED_REFERENCE,UNMAPPED_PENDING_CONSTRUCTION_OR_SURVEY,,true,NGR-03,Derived governed road name catalogue,SHARED_REFERENCE
NG-RD-CAND-000206,NG-NAM-ROA-000206,Eastbarrow Way,DISTRICT,PLACE,RESERVED_REFERENCE,UNMAPPED_PENDING_CONSTRUCTION_OR_SURVEY,,true,NGR-03,Derived governed road name catalogue,SHARED_REFERENCE
NG-RD-CAND-000207,NG-NAM-ROA-000207,Solvek Boulevard,REGIONAL,PLACE,RESERVED_REFERENCE,UNMAPPED_PENDING_CONSTRUCTION_OR_SURVEY,,true,NGR-03,Derived governed road name catalogue,SHARED_REFERENCE
NG-RD-CAND-000208,NG-NAM-ROA-000208,Ashkar Highway,RURAL,PLACE,RESERVED_REFERENCE,UNMAPPED_PENDING_CONSTRUCTION_OR_SURVEY,,true,NGR-03,Derived governed road name catalogue,SHARED_REFERENCE
NG-RD-CAND-000209,NG-NAM-ROA-000209,Harrowfield Junction,ACCESS,PLACE,RESERVED_REFERENCE,UNMAPPED_PENDING_CONSTRUCTION_OR_SURVEY,,true,NGR-03,Derived governed road name catalogue,SHARED_REFERENCE
NG-RD-CAND-000210,NG-NAM-ROA-000210,Cidergate Crossing,SERVICE,PLACE,RESERVED_REFERENCE,UNMAPPED_PENDING_CONSTRUCTION_OR_SURVEY,,true,NGR-03,Derived governed road name catalogue,SHARED_REFERENCE
NG-RD-CAND-000211,NG-NAM-ROA-000211,Westervale Road,LOCAL,PLACE,RESERVED_REFERENCE,UNMAPPED_PENDING_CONSTRUCTION_OR_SURVEY,,true,NGR-03,Derived governed road name catalogue,SHARED_REFERENCE
NG-RD-CAND-000212,NG-NAM-ROA-000212,Vondel Junction Street,MUNICIPAL,PLACE,RESERVED_REFERENCE,UNMAPPED_PENDING_CONSTRUCTION_OR_SURVEY,,true,NGR-03,Derived governed road name catalogue,SHARED_REFERENCE
NG-RD-CAND-000213,NG-NAM-ROA-000213,Meadow Junction Avenue,DISTRICT,PLACE,RESERVED_REFERENCE,UNMAPPED_PENDING_CONSTRUCTION_OR_SURVEY,,true,NGR-03,Derived governed road name catalogue,SHARED_REFERENCE
NG-RD-CAND-000214,NG-NAM-ROA-000214,Grainview Lane,REGIONAL,PLACE,RESERVED_REFERENCE,UNMAPPED_PENDING_CONSTRUCTION_OR_SURVEY,,true,NGR-03,Derived governed road name catalogue,SHARED_REFERENCE
NG-RD-CAND-000215,NG-NAM-ROA-000215,Kestrel East Drive,RURAL,PLACE,RESERVED_REFERENCE,UNMAPPED_PENDING_CONSTRUCTION_OR_SURVEY,,true,NGR-03,Derived governed road name catalogue,SHARED_REFERENCE
NG-RD-CAND-000216,NG-NAM-ROA-000216,Windmill Row Way,ACCESS,PLACE,RESERVED_REFERENCE,UNMAPPED_PENDING_CONSTRUCTION_OR_SURVEY,,true,NGR-03,Derived governed road name catalogue,SHARED_REFERENCE
NG-RD-CAND-000217,NG-NAM-ROA-000217,Broadacre South Boulevard,SERVICE,PLACE,RESERVED_REFERENCE,UNMAPPED_PENDING_CONSTRUCTION_OR_SURVEY,,true,NGR-03,Derived governed road name catalogue,SHARED_REFERENCE
NG-RD-CAND-000218,NG-NAM-ROA-000218,Solmere Gate Highway,LOCAL,PLACE,RESERVED_REFERENCE,UNMAPPED_PENDING_CONSTRUCTION_OR_SURVEY,,true,NGR-03,Derived governed road name catalogue,SHARED_REFERENCE
NG-RD-CAND-000219,NG-NAM-ROA-000219,Ashkar Cross Junction,MUNICIPAL,PLACE,RESERVED_REFERENCE,UNMAPPED_PENDING_CONSTRUCTION_OR_SURVEY,,true,NGR-03,Derived governed road name catalogue,SHARED_REFERENCE
NG-RD-CAND-000220,NG-NAM-ROA-000220,Cider Station Crossing,DISTRICT,PLACE,RESERVED_REFERENCE,UNMAPPED_PENDING_CONSTRUCTION_OR_SURVEY,,true,NGR-03,Derived governed road name catalogue,SHARED_REFERENCE
NG-RD-CAND-000221,NG-NAM-ROA-000221,Lower Vondel Road,REGIONAL,PLACE,RESERVED_REFERENCE,UNMAPPED_PENDING_CONSTRUCTION_OR_SURVEY,,true,NGR-03,Derived governed road name catalogue,SHARED_REFERENCE
NG-RD-CAND-000222,NG-NAM-ROA-000222,Vondel Fields Street,RURAL,PLACE,RESERVED_REFERENCE,UNMAPPED_PENDING_CONSTRUCTION_OR_SURVEY,,true,NGR-03,Derived governed road name catalogue,SHARED_REFERENCE
NG-RD-CAND-000223,NG-NAM-ROA-000223,Upper Meadowrun Avenue,ACCESS,PLACE,RESERVED_REFERENCE,UNMAPPED_PENDING_CONSTRUCTION_OR_SURVEY,,true,NGR-03,Derived governed road name catalogue,SHARED_REFERENCE
NG-RD-CAND-000224,NG-NAM-ROA-000224,Meadowrun Grove Lane,SERVICE,PLACE,RESERVED_REFERENCE,UNMAPPED_PENDING_CONSTRUCTION_OR_SURVEY,,true,NGR-03,Derived governed road name catalogue,SHARED_REFERENCE
NG-RD-CAND-000225,NG-NAM-ROA-000225,East Grainford Drive,LOCAL,PLACE,RESERVED_REFERENCE,UNMAPPED_PENDING_CONSTRUCTION_OR_SURVEY,,true,NGR-03,Derived governed road name catalogue,SHARED_REFERENCE
NG-RD-CAND-000226,NG-NAM-ROA-000226,Grainford Farm Way,MUNICIPAL,PLACE,RESERVED_REFERENCE,UNMAPPED_PENDING_CONSTRUCTION_OR_SURVEY,,true,NGR-03,Derived governed road name catalogue,SHARED_REFERENCE
NG-RD-CAND-000227,NG-NAM-ROA-000227,Old Solhaven Boulevard,DISTRICT,PLACE,RESERVED_REFERENCE,UNMAPPED_PENDING_CONSTRUCTION_OR_SURVEY,,true,NGR-03,Derived governed road name catalogue,SHARED_REFERENCE
NG-RD-CAND-000228,NG-NAM-ROA-000228,Solhaven Cross Highway,REGIONAL,PLACE,RESERVED_REFERENCE,UNMAPPED_PENDING_CONSTRUCTION_OR_SURVEY,,true,NGR-03,Derived governed road name catalogue,SHARED_REFERENCE
NG-RD-CAND-000229,NG-NAM-ROA-000229,South Amberfield Junction,RURAL,PLACE,RESERVED_REFERENCE,UNMAPPED_PENDING_CONSTRUCTION_OR_SURVEY,,true,NGR-03,Derived governed road name catalogue,SHARED_REFERENCE
NG-RD-CAND-000230,NG-NAM-ROA-000230,Amberfield Plain Crossing,ACCESS,PLACE,RESERVED_REFERENCE,UNMAPPED_PENDING_CONSTRUCTION_OR_SURVEY,,true,NGR-03,Derived governed road name catalogue,SHARED_REFERENCE
NG-RD-CAND-000231,NG-NAM-ROA-000231,Kestrel Orchard Road,SERVICE,PLACE,RESERVED_REFERENCE,UNMAPPED_PENDING_CONSTRUCTION_OR_SURVEY,,true,NGR-03,Derived governed road name catalogue,SHARED_REFERENCE
NG-RD-CAND-000232,NG-NAM-ROA-000232,Kestrel Mill Street,LOCAL,PLACE,RESERVED_REFERENCE,UNMAPPED_PENDING_CONSTRUCTION_OR_SURVEY,,true,NGR-03,Derived governed road name catalogue,SHARED_REFERENCE
NG-RD-CAND-000233,NG-NAM-ROA-000233,North Windcross Avenue,MUNICIPAL,PLACE,RESERVED_REFERENCE,UNMAPPED_PENDING_CONSTRUCTION_OR_SURVEY,,true,NGR-03,Derived governed road name catalogue,SHARED_REFERENCE
NG-RD-CAND-000234,NG-NAM-ROA-000234,Windcross Acres Lane,DISTRICT,PLACE,RESERVED_REFERENCE,UNMAPPED_PENDING_CONSTRUCTION_OR_SURVEY,,true,NGR-03,Derived governed road name catalogue,SHARED_REFERENCE
NG-RD-CAND-000235,NG-NAM-ROA-000235,Talewood Meadow Drive,REGIONAL,PLACE,RESERVED_REFERENCE,UNMAPPED_PENDING_CONSTRUCTION_OR_SURVEY,,true,NGR-03,Derived governed road name catalogue,SHARED_REFERENCE
NG-RD-CAND-000236,NG-NAM-ROA-000236,Talewood Gate Way,RURAL,PLACE,RESERVED_REFERENCE,UNMAPPED_PENDING_CONSTRUCTION_OR_SURVEY,,true,NGR-03,Derived governed road name catalogue,SHARED_REFERENCE
NG-RD-CAND-000237,NG-NAM-ROA-000237,West Broadacre Boulevard,ACCESS,PLACE,RESERVED_REFERENCE,UNMAPPED_PENDING_CONSTRUCTION_OR_SURVEY,,true,NGR-03,Derived governed road name catalogue,SHARED_REFERENCE
NG-RD-CAND-000238,NG-NAM-ROA-000238,Broadacre Granary Highway,SERVICE,PLACE,RESERVED_REFERENCE,UNMAPPED_PENDING_CONSTRUCTION_OR_SURVEY,,true,NGR-03,Derived governed road name catalogue,SHARED_REFERENCE
NG-RD-CAND-000239,NG-NAM-ROA-000239,Eastbarrow Ridge Junction,LOCAL,PLACE,RESERVED_REFERENCE,UNMAPPED_PENDING_CONSTRUCTION_OR_SURVEY,,true,NGR-03,Derived governed road name catalogue,SHARED_REFERENCE
NG-RD-CAND-000240,NG-NAM-ROA-000240,Eastbarrow Silo Crossing,MUNICIPAL,PLACE,RESERVED_REFERENCE,UNMAPPED_PENDING_CONSTRUCTION_OR_SURVEY,,true,NGR-03,Derived governed road name catalogue,SHARED_REFERENCE
NG-RD-CAND-000241,NG-NAM-ROA-000241,Lower Solvek Road,DISTRICT,PLACE,RESERVED_REFERENCE,UNMAPPED_PENDING_CONSTRUCTION_OR_SURVEY,,true,NGR-03,Derived governed road name catalogue,SHARED_REFERENCE
NG-RD-CAND-000242,NG-NAM-ROA-000242,Solvek Brook Street,REGIONAL,PLACE,RESERVED_REFERENCE,UNMAPPED_PENDING_CONSTRUCTION_OR_SURVEY,,true,NGR-03,Derived governed road name catalogue,SHARED_REFERENCE
NG-RD-CAND-000243,NG-NAM-ROA-000243,Ashkar Vineyard Avenue,RURAL,PLACE,RESERVED_REFERENCE,UNMAPPED_PENDING_CONSTRUCTION_OR_SURVEY,,true,NGR-03,Derived governed road name catalogue,SHARED_REFERENCE
NG-RD-CAND-000244,NG-NAM-ROA-000244,Ashkar Lane Lane,ACCESS,PLACE,RESERVED_REFERENCE,UNMAPPED_PENDING_CONSTRUCTION_OR_SURVEY,,true,NGR-03,Derived governed road name catalogue,SHARED_REFERENCE
NG-RD-CAND-000245,NG-NAM-ROA-000245,Upper Harrowfield Drive,SERVICE,PLACE,RESERVED_REFERENCE,UNMAPPED_PENDING_CONSTRUCTION_OR_SURVEY,,true,NGR-03,Derived governed road name catalogue,SHARED_REFERENCE
NG-RD-CAND-000246,NG-NAM-ROA-000246,Harrowfield Homestead Way,LOCAL,PLACE,RESERVED_REFERENCE,UNMAPPED_PENDING_CONSTRUCTION_OR_SURVEY,,true,NGR-03,Derived governed road name catalogue,SHARED_REFERENCE
NG-RD-CAND-000247,NG-NAM-ROA-000247,Cidergate Cider Field Boulevard,MUNICIPAL,PLACE,RESERVED_REFERENCE,UNMAPPED_PENDING_CONSTRUCTION_OR_SURVEY,,true,NGR-03,Derived governed road name catalogue,SHARED_REFERENCE
NG-RD-CAND-000248,NG-NAM-ROA-000248,Cidergate Hill Highway,DISTRICT,PLACE,RESERVED_REFERENCE,UNMAPPED_PENDING_CONSTRUCTION_OR_SURVEY,,true,NGR-03,Derived governed road name catalogue,SHARED_REFERENCE
NG-RD-CAND-000249,NG-NAM-ROA-000249,Westervale Vale Junction,REGIONAL,PLACE,RESERVED_REFERENCE,UNMAPPED_PENDING_CONSTRUCTION_OR_SURVEY,,true,NGR-03,Derived governed road name catalogue,SHARED_REFERENCE
NG-RD-CAND-000250,NG-NAM-ROA-000250,Westervale Station Crossing,RURAL,PLACE,RESERVED_REFERENCE,UNMAPPED_PENDING_CONSTRUCTION_OR_SURVEY,,true,NGR-03,Derived governed road name catalogue,SHARED_REFERENCE
NG-RD-CAND-000251,NG-NAM-ROA-000251,Harvest Cross Road,ACCESS,PLACE,RESERVED_REFERENCE,UNMAPPED_PENDING_CONSTRUCTION_OR_SURVEY,,true,NGR-03,Derived governed road name catalogue,SHARED_REFERENCE
NG-RD-CAND-000252,NG-NAM-ROA-000252,Millers' Gate Street,SERVICE,PLACE,RESERVED_REFERENCE,UNMAPPED_PENDING_CONSTRUCTION_OR_SURVEY,,true,NGR-03,Derived governed road name catalogue,SHARED_REFERENCE
NG-RD-CAND-000253,NG-NAM-ROA-000253,Kestrel Market Avenue,LOCAL,PLACE,RESERVED_REFERENCE,UNMAPPED_PENDING_CONSTRUCTION_OR_SURVEY,,true,NGR-03,Derived governed road name catalogue,SHARED_REFERENCE
NG-RD-CAND-000254,NG-NAM-ROA-000254,Orchard Exchange Lane,MUNICIPAL,PLACE,RESERVED_REFERENCE,UNMAPPED_PENDING_CONSTRUCTION_OR_SURVEY,,true,NGR-03,Derived governed road name catalogue,SHARED_REFERENCE
NG-RD-CAND-000255,NG-NAM-ROA-000255,Old Silo Drive,DISTRICT,PLACE,RESERVED_REFERENCE,UNMAPPED_PENDING_CONSTRUCTION_OR_SURVEY,,true,NGR-03,Derived governed road name catalogue,SHARED_REFERENCE
NG-RD-CAND-000256,NG-NAM-ROA-000256,Vondara AgroTech Park Way,REGIONAL,PLACE,RESERVED_REFERENCE,UNMAPPED_PENDING_CONSTRUCTION_OR_SURVEY,,true,NGR-03,Derived governed road name catalogue,SHARED_REFERENCE
NG-RD-CAND-000257,NG-NAM-ROA-000257,Kestrel Freight Estate Boulevard,RURAL,PLACE,RESERVED_REFERENCE,UNMAPPED_PENDING_CONSTRUCTION_OR_SURVEY,,true,NGR-03,Derived governed road name catalogue,SHARED_REFERENCE
NG-RD-CAND-000258,NG-NAM-ROA-000258,Silvermere Highway,ACCESS,PLACE,RESERVED_REFERENCE,UNMAPPED_PENDING_CONSTRUCTION_OR_SURVEY,,true,NGR-04,Derived governed road name catalogue,SHARED_REFERENCE
NG-RD-CAND-000259,NG-NAM-ROA-000259,Nyandor Junction,SERVICE,PLACE,RESERVED_REFERENCE,UNMAPPED_PENDING_CONSTRUCTION_OR_SURVEY,,true,NGR-04,Derived governed road name catalogue,SHARED_REFERENCE
NG-RD-CAND-000260,NG-NAM-ROA-000260,Reedhaven Crossing,LOCAL,PLACE,RESERVED_REFERENCE,UNMAPPED_PENDING_CONSTRUCTION_OR_SURVEY,,true,NGR-04,Derived governed road name catalogue,SHARED_REFERENCE
NG-RD-CAND-000261,NG-NAM-ROA-000261,Lakemarch Road,MUNICIPAL,PLACE,RESERVED_REFERENCE,UNMAPPED_PENDING_CONSTRUCTION_OR_SURVEY,,true,NGR-04,Derived governed road name catalogue,SHARED_REFERENCE
NG-RD-CAND-000262,NG-NAM-ROA-000262,Silvermere Central Street,DISTRICT,PLACE,RESERVED_REFERENCE,UNMAPPED_PENDING_CONSTRUCTION_OR_SURVEY,,true,NGR-04,Derived governed road name catalogue,SHARED_REFERENCE
NG-RD-CAND-000263,NG-NAM-ROA-000263,Lakefront Exchange Avenue,REGIONAL,PLACE,RESERVED_REFERENCE,UNMAPPED_PENDING_CONSTRUCTION_OR_SURVEY,,true,NGR-04,Derived governed road name catalogue,SHARED_REFERENCE
NG-RD-CAND-000264,NG-NAM-ROA-000264,Reedbank Ward Lane,RURAL,PLACE,RESERVED_REFERENCE,UNMAPPED_PENDING_CONSTRUCTION_OR_SURVEY,,true,NGR-04,Derived governed road name catalogue,SHARED_REFERENCE
NG-RD-CAND-000265,NG-NAM-ROA-000265,Canal Quarter Drive,ACCESS,PLACE,RESERVED_REFERENCE,UNMAPPED_PENDING_CONSTRUCTION_OR_SURVEY,,true,NGR-04,Derived governed road name catalogue,SHARED_REFERENCE
NG-RD-CAND-000266,NG-NAM-ROA-000266,Old Ferry Way,SERVICE,PLACE,RESERVED_REFERENCE,UNMAPPED_PENDING_CONSTRUCTION_OR_SURVEY,,true,NGR-04,Derived governed road name catalogue,SHARED_REFERENCE
NG-RD-CAND-000267,NG-NAM-ROA-000267,Civic Isles Boulevard,LOCAL,PLACE,RESERVED_REFERENCE,UNMAPPED_PENDING_CONSTRUCTION_OR_SURVEY,,true,NGR-04,Derived governed road name catalogue,SHARED_REFERENCE
NG-RD-CAND-000268,NG-NAM-ROA-000268,Museum Reach Highway,MUNICIPAL,PLACE,RESERVED_REFERENCE,UNMAPPED_PENDING_CONSTRUCTION_OR_SURVEY,,true,NGR-04,Derived governed road name catalogue,SHARED_REFERENCE
NG-RD-CAND-000269,NG-NAM-ROA-000269,West Quays Junction,DISTRICT,PLACE,RESERVED_REFERENCE,UNMAPPED_PENDING_CONSTRUCTION_OR_SURVEY,,true,NGR-04,Derived governed road name catalogue,SHARED_REFERENCE
NG-RD-CAND-000270,NG-NAM-ROA-000270,Bluewater Crossing,REGIONAL,PLACE,RESERVED_REFERENCE,UNMAPPED_PENDING_CONSTRUCTION_OR_SURVEY,,true,NGR-04,Derived governed road name catalogue,SHARED_REFERENCE
NG-RD-CAND-000271,NG-NAM-ROA-000271,Nyarin Gardens Road,RURAL,PLACE,RESERVED_REFERENCE,UNMAPPED_PENDING_CONSTRUCTION_OR_SURVEY,,true,NGR-04,Derived governed road name catalogue,SHARED_REFERENCE
NG-RD-CAND-000272,NG-NAM-ROA-000272,Heron Park Street,ACCESS,PLACE,RESERVED_REFERENCE,UNMAPPED_PENDING_CONSTRUCTION_OR_SURVEY,,true,NGR-04,Derived governed road name catalogue,SHARED_REFERENCE
NG-RD-CAND-000273,NG-NAM-ROA-000273,Willowmere Avenue,SERVICE,PLACE,RESERVED_REFERENCE,UNMAPPED_PENDING_CONSTRUCTION_OR_SURVEY,,true,NGR-04,Derived governed road name catalogue,SHARED_REFERENCE
NG-RD-CAND-000274,NG-NAM-ROA-000274,Canalview Lane,LOCAL,PLACE,RESERVED_REFERENCE,UNMAPPED_PENDING_CONSTRUCTION_OR_SURVEY,,true,NGR-04,Derived governed road name catalogue,SHARED_REFERENCE
NG-RD-CAND-000275,NG-NAM-ROA-000275,Lakeside North Drive,MUNICIPAL,PLACE,RESERVED_REFERENCE,UNMAPPED_PENDING_CONSTRUCTION_OR_SURVEY,,true,NGR-04,Derived governed road name catalogue,SHARED_REFERENCE
NG-RD-CAND-000276,NG-NAM-ROA-000276,Pearlbank Way,DISTRICT,PLACE,RESERVED_REFERENCE,UNMAPPED_PENDING_CONSTRUCTION_OR_SURVEY,,true,NGR-04,Derived governed road name catalogue,SHARED_REFERENCE
NG-RD-CAND-000277,NG-NAM-ROA-000277,Mistral Court Boulevard,REGIONAL,PLACE,RESERVED_REFERENCE,UNMAPPED_PENDING_CONSTRUCTION_OR_SURVEY,,true,NGR-04,Derived governed road name catalogue,SHARED_REFERENCE
NG-RD-CAND-000278,NG-NAM-ROA-000278,Fenwick Highway,RURAL,PLACE,RESERVED_REFERENCE,UNMAPPED_PENDING_CONSTRUCTION_OR_SURVEY,,true,NGR-04,Derived governed road name catalogue,SHARED_REFERENCE
NG-RD-CAND-000279,NG-NAM-ROA-000279,Riverglass Junction,ACCESS,PLACE,RESERVED_REFERENCE,UNMAPPED_PENDING_CONSTRUCTION_OR_SURVEY,,true,NGR-04,Derived governed road name catalogue,SHARED_REFERENCE
NG-RD-CAND-000280,NG-NAM-ROA-000280,New Delft Crossing,SERVICE,PLACE,RESERVED_REFERENCE,UNMAPPED_PENDING_CONSTRUCTION_OR_SURVEY,,true,NGR-04,Derived governed road name catalogue,SHARED_REFERENCE
NG-RD-CAND-000281,NG-NAM-ROA-000281,Sedgefield Road,LOCAL,PLACE,RESERVED_REFERENCE,UNMAPPED_PENDING_CONSTRUCTION_OR_SURVEY,,true,NGR-04,Derived governed road name catalogue,SHARED_REFERENCE
NG-RD-CAND-000282,NG-NAM-ROA-000282,Nyarin Street,MUNICIPAL,PLACE,RESERVED_REFERENCE,UNMAPPED_PENDING_CONSTRUCTION_OR_SURVEY,,true,NGR-04,Derived governed road name catalogue,SHARED_REFERENCE
NG-RD-CAND-000283,NG-NAM-ROA-000283,Nyondar Avenue,DISTRICT,PLACE,RESERVED_REFERENCE,UNMAPPED_PENDING_CONSTRUCTION_OR_SURVEY,,true,NGR-04,Derived governed road name catalogue,SHARED_REFERENCE
NG-RD-CAND-000284,NG-NAM-ROA-000284,Nyavora Lane,REGIONAL,PLACE,RESERVED_REFERENCE,UNMAPPED_PENDING_CONSTRUCTION_OR_SURVEY,,true,NGR-04,Derived governed road name catalogue,SHARED_REFERENCE
NG-RD-CAND-000285,NG-NAM-ROA-000285,Osprey Bend Drive,RURAL,PLACE,RESERVED_REFERENCE,UNMAPPED_PENDING_CONSTRUCTION_OR_SURVEY,,true,NGR-04,Derived governed road name catalogue,SHARED_REFERENCE
NG-RD-CAND-000286,NG-NAM-ROA-000286,Pelican Reach Way,ACCESS,PLACE,RESERVED_REFERENCE,UNMAPPED_PENDING_CONSTRUCTION_OR_SURVEY,,true,NGR-04,Derived governed road name catalogue,SHARED_REFERENCE
NG-RD-CAND-000287,NG-NAM-ROA-000287,Fenmere Boulevard,SERVICE,PLACE,RESERVED_REFERENCE,UNMAPPED_PENDING_CONSTRUCTION_OR_SURVEY,,true,NGR-04,Derived governed road name catalogue,SHARED_REFERENCE
NG-RD-CAND-000288,NG-NAM-ROA-000288,Lotus Ford Highway,LOCAL,PLACE,RESERVED_REFERENCE,UNMAPPED_PENDING_CONSTRUCTION_OR_SURVEY,,true,NGR-04,Derived governed road name catalogue,SHARED_REFERENCE
NG-RD-CAND-000289,NG-NAM-ROA-000289,Rivermist Junction,MUNICIPAL,PLACE,RESERVED_REFERENCE,UNMAPPED_PENDING_CONSTRUCTION_OR_SURVEY,,true,NGR-04,Derived governed road name catalogue,SHARED_REFERENCE
NG-RD-CAND-000290,NG-NAM-ROA-000290,Heronfall Crossing,DISTRICT,PLACE,RESERVED_REFERENCE,UNMAPPED_PENDING_CONSTRUCTION_OR_SURVEY,,true,NGR-04,Derived governed road name catalogue,SHARED_REFERENCE
NG-RD-CAND-000291,NG-NAM-ROA-000291,Delftwater Road,REGIONAL,PLACE,RESERVED_REFERENCE,UNMAPPED_PENDING_CONSTRUCTION_OR_SURVEY,,true,NGR-04,Derived governed road name catalogue,SHARED_REFERENCE
NG-RD-CAND-000292,NG-NAM-ROA-000292,Bluehaven Street,RURAL,PLACE,RESERVED_REFERENCE,UNMAPPED_PENDING_CONSTRUCTION_OR_SURVEY,,true,NGR-04,Derived governed road name catalogue,SHARED_REFERENCE
NG-RD-CAND-000293,NG-NAM-ROA-000293,Lowwater Avenue,ACCESS,PLACE,RESERVED_REFERENCE,UNMAPPED_PENDING_CONSTRUCTION_OR_SURVEY,,true,NGR-04,Derived governed road name catalogue,SHARED_REFERENCE
NG-RD-CAND-000294,NG-NAM-ROA-000294,Canalford Lane,SERVICE,PLACE,RESERVED_REFERENCE,UNMAPPED_PENDING_CONSTRUCTION_OR_SURVEY,,true,NGR-04,Derived governed road name catalogue,SHARED_REFERENCE
NG-RD-CAND-000295,NG-NAM-ROA-000295,Brinewell Drive,LOCAL,PLACE,RESERVED_REFERENCE,UNMAPPED_PENDING_CONSTRUCTION_OR_SURVEY,,true,NGR-04,Derived governed road name catalogue,SHARED_REFERENCE
NG-RD-CAND-000296,NG-NAM-ROA-000296,Willow Quay Way,MUNICIPAL,PLACE,RESERVED_REFERENCE,UNMAPPED_PENDING_CONSTRUCTION_OR_SURVEY,,true,NGR-04,Derived governed road name catalogue,SHARED_REFERENCE
NG-RD-CAND-000297,NG-NAM-ROA-000297,Nyandor Landing Boulevard,DISTRICT,PLACE,RESERVED_REFERENCE,UNMAPPED_PENDING_CONSTRUCTION_OR_SURVEY,,true,NGR-04,Derived governed road name catalogue,SHARED_REFERENCE
NG-RD-CAND-000298,NG-NAM-ROA-000298,Reedline Highway,REGIONAL,PLACE,RESERVED_REFERENCE,UNMAPPED_PENDING_CONSTRUCTION_OR_SURVEY,,true,NGR-04,Derived governed road name catalogue,SHARED_REFERENCE
NG-RD-CAND-000299,NG-NAM-ROA-000299,Nyan Cross Junction,RURAL,PLACE,RESERVED_REFERENCE,UNMAPPED_PENDING_CONSTRUCTION_OR_SURVEY,,true,NGR-04,Derived governed road name catalogue,SHARED_REFERENCE
NG-RD-CAND-000300,NG-NAM-ROA-000300,South Reedhaven Crossing,ACCESS,PLACE,RESERVED_REFERENCE,UNMAPPED_PENDING_CONSTRUCTION_OR_SURVEY,,true,NGR-04,Derived governed road name catalogue,SHARED_REFERENCE
NG-RD-CAND-000301,NG-NAM-ROA-000301,Lotus Junction Road,SERVICE,PLACE,RESERVED_REFERENCE,UNMAPPED_PENDING_CONSTRUCTION_OR_SURVEY,,true,NGR-04,Derived governed road name catalogue,SHARED_REFERENCE
NG-RD-CAND-000302,NG-NAM-ROA-000302,Heron Steps Street,LOCAL,PLACE,RESERVED_REFERENCE,UNMAPPED_PENDING_CONSTRUCTION_OR_SURVEY,,true,NGR-04,Derived governed road name catalogue,SHARED_REFERENCE
NG-RD-CAND-000303,NG-NAM-ROA-000303,Lakemarch East Avenue,MUNICIPAL,PLACE,RESERVED_REFERENCE,UNMAPPED_PENDING_CONSTRUCTION_OR_SURVEY,,true,NGR-04,Derived governed road name catalogue,SHARED_REFERENCE
NG-RD-CAND-000304,NG-NAM-ROA-000304,Lowwater Bend Lane,DISTRICT,PLACE,RESERVED_REFERENCE,UNMAPPED_PENDING_CONSTRUCTION_OR_SURVEY,,true,NGR-04,Derived governed road name catalogue,SHARED_REFERENCE
NG-RD-CAND-000305,NG-NAM-ROA-000305,Canal End Drive,REGIONAL,PLACE,RESERVED_REFERENCE,UNMAPPED_PENDING_CONSTRUCTION_OR_SURVEY,,true,NGR-04,Derived governed road name catalogue,SHARED_REFERENCE
NG-RD-CAND-000306,NG-NAM-ROA-000306,Upper Nyarin Way,RURAL,PLACE,RESERVED_REFERENCE,UNMAPPED_PENDING_CONSTRUCTION_OR_SURVEY,,true,NGR-04,Derived governed road name catalogue,SHARED_REFERENCE
NG-RD-CAND-000307,NG-NAM-ROA-000307,Nyarin Landing Boulevard,ACCESS,PLACE,RESERVED_REFERENCE,UNMAPPED_PENDING_CONSTRUCTION_OR_SURVEY,,true,NGR-04,Derived governed road name catalogue,SHARED_REFERENCE
NG-RD-CAND-000308,NG-NAM-ROA-000308,Lower Nyondar Highway,SERVICE,PLACE,RESERVED_REFERENCE,UNMAPPED_PENDING_CONSTRUCTION_OR_SURVEY,,true,NGR-04,Derived governed road name catalogue,SHARED_REFERENCE
NG-RD-CAND-000309,NG-NAM-ROA-000309,Nyondar Reed Junction,LOCAL,PLACE,RESERVED_REFERENCE,UNMAPPED_PENDING_CONSTRUCTION_OR_SURVEY,,true,NGR-04,Derived governed road name catalogue,SHARED_REFERENCE
NG-RD-CAND-000310,NG-NAM-ROA-000310,Old Nyavora Crossing,MUNICIPAL,PLACE,RESERVED_REFERENCE,UNMAPPED_PENDING_CONSTRUCTION_OR_SURVEY,,true,NGR-04,Derived governed road name catalogue,SHARED_REFERENCE
NG-RD-CAND-000311,NG-NAM-ROA-000311,Nyavora Bank Road,DISTRICT,PLACE,RESERVED_REFERENCE,UNMAPPED_PENDING_CONSTRUCTION_OR_SURVEY,,true,NGR-04,Derived governed road name catalogue,SHARED_REFERENCE
NG-RD-CAND-000312,NG-NAM-ROA-000312,East Osprey Bend Street,REGIONAL,PLACE,RESERVED_REFERENCE,UNMAPPED_PENDING_CONSTRUCTION_OR_SURVEY,,true,NGR-04,Derived governed road name catalogue,SHARED_REFERENCE
NG-RD-CAND-000313,NG-NAM-ROA-000313,Osprey Bend Ford Avenue,RURAL,PLACE,RESERVED_REFERENCE,UNMAPPED_PENDING_CONSTRUCTION_OR_SURVEY,,true,NGR-04,Derived governed road name catalogue,SHARED_REFERENCE
NG-RD-CAND-000314,NG-NAM-ROA-000314,South Pelican Reach Lane,ACCESS,PLACE,RESERVED_REFERENCE,UNMAPPED_PENDING_CONSTRUCTION_OR_SURVEY,,true,NGR-04,Derived governed road name catalogue,SHARED_REFERENCE
NG-RD-CAND-000315,NG-NAM-ROA-000315,Pelican Reach Marsh Drive,SERVICE,PLACE,RESERVED_REFERENCE,UNMAPPED_PENDING_CONSTRUCTION_OR_SURVEY,,true,NGR-04,Derived governed road name catalogue,SHARED_REFERENCE
NG-RD-CAND-000316,NG-NAM-ROA-000316,Fenmere Fen Way,LOCAL,PLACE,RESERVED_REFERENCE,UNMAPPED_PENDING_CONSTRUCTION_OR_SURVEY,,true,NGR-04,Derived governed road name catalogue,SHARED_REFERENCE
NG-RD-CAND-000317,NG-NAM-ROA-000317,Fenmere Pools Boulevard,MUNICIPAL,PLACE,RESERVED_REFERENCE,UNMAPPED_PENDING_CONSTRUCTION_OR_SURVEY,,true,NGR-04,Derived governed road name catalogue,SHARED_REFERENCE
NG-RD-CAND-000318,NG-NAM-ROA-000318,North Lotus Ford Highway,DISTRICT,PLACE,RESERVED_REFERENCE,UNMAPPED_PENDING_CONSTRUCTION_OR_SURVEY,,true,NGR-04,Derived governed road name catalogue,SHARED_REFERENCE
NG-RD-CAND-000319,NG-NAM-ROA-000319,Lotus Ford Channel Junction,REGIONAL,PLACE,RESERVED_REFERENCE,UNMAPPED_PENDING_CONSTRUCTION_OR_SURVEY,,true,NGR-04,Derived governed road name catalogue,SHARED_REFERENCE
NG-RD-CAND-000320,NG-NAM-ROA-000320,Rivermist Water Crossing,RURAL,PLACE,RESERVED_REFERENCE,UNMAPPED_PENDING_CONSTRUCTION_OR_SURVEY,,true,NGR-04,Derived governed road name catalogue,SHARED_REFERENCE
NG-RD-CAND-000321,NG-NAM-ROA-000321,Rivermist Bend Road,ACCESS,PLACE,RESERVED_REFERENCE,UNMAPPED_PENDING_CONSTRUCTION_OR_SURVEY,,true,NGR-04,Derived governed road name catalogue,SHARED_REFERENCE
NG-RD-CAND-000322,NG-NAM-ROA-000322,West Heronfall Street,SERVICE,PLACE,RESERVED_REFERENCE,UNMAPPED_PENDING_CONSTRUCTION_OR_SURVEY,,true,NGR-04,Derived governed road name catalogue,SHARED_REFERENCE
NG-RD-CAND-000323,NG-NAM-ROA-000323,Heronfall Wetlands Avenue,LOCAL,PLACE,RESERVED_REFERENCE,UNMAPPED_PENDING_CONSTRUCTION_OR_SURVEY,,true,NGR-04,Derived governed road name catalogue,SHARED_REFERENCE
NG-RD-CAND-000324,NG-NAM-ROA-000324,Delftwater Bay Lane,MUNICIPAL,PLACE,RESERVED_REFERENCE,UNMAPPED_PENDING_CONSTRUCTION_OR_SURVEY,,true,NGR-04,Derived governed road name catalogue,SHARED_REFERENCE
NG-RD-CAND-000325,NG-NAM-ROA-000325,Delftwater Shoal Drive,DISTRICT,PLACE,RESERVED_REFERENCE,UNMAPPED_PENDING_CONSTRUCTION_OR_SURVEY,,true,NGR-04,Derived governed road name catalogue,SHARED_REFERENCE
NG-RD-CAND-000326,NG-NAM-ROA-000326,Upper Bluehaven Way,REGIONAL,PLACE,RESERVED_REFERENCE,UNMAPPED_PENDING_CONSTRUCTION_OR_SURVEY,,true,NGR-04,Derived governed road name catalogue,SHARED_REFERENCE
NG-RD-CAND-000327,NG-NAM-ROA-000327,Bluehaven Creek Boulevard,RURAL,PLACE,RESERVED_REFERENCE,UNMAPPED_PENDING_CONSTRUCTION_OR_SURVEY,,true,NGR-04,Derived governed road name catalogue,SHARED_REFERENCE
NG-RD-CAND-000328,NG-NAM-ROA-000328,Lowwater Lagoon Highway,ACCESS,PLACE,RESERVED_REFERENCE,UNMAPPED_PENDING_CONSTRUCTION_OR_SURVEY,,true,NGR-04,Derived governed road name catalogue,SHARED_REFERENCE
NG-RD-CAND-000329,NG-NAM-ROA-000329,Lowwater Bank Junction,SERVICE,PLACE,RESERVED_REFERENCE,UNMAPPED_PENDING_CONSTRUCTION_OR_SURVEY,,true,NGR-04,Derived governed road name catalogue,SHARED_REFERENCE
NG-RD-CAND-000330,NG-NAM-ROA-000330,Lower Canalford Crossing,LOCAL,PLACE,RESERVED_REFERENCE,UNMAPPED_PENDING_CONSTRUCTION_OR_SURVEY,,true,NGR-04,Derived governed road name catalogue,SHARED_REFERENCE
NG-RD-CAND-000331,NG-NAM-ROA-000331,Canalford Ferry Road,MUNICIPAL,PLACE,RESERVED_REFERENCE,UNMAPPED_PENDING_CONSTRUCTION_OR_SURVEY,,true,NGR-04,Derived governed road name catalogue,SHARED_REFERENCE
NG-RD-CAND-000332,NG-NAM-ROA-000332,Brinewell Springs Street,DISTRICT,PLACE,RESERVED_REFERENCE,UNMAPPED_PENDING_CONSTRUCTION_OR_SURVEY,,true,NGR-04,Derived governed road name catalogue,SHARED_REFERENCE
NG-RD-CAND-000333,NG-NAM-ROA-000333,Brinewell Quay Avenue,REGIONAL,PLACE,RESERVED_REFERENCE,UNMAPPED_PENDING_CONSTRUCTION_OR_SURVEY,,true,NGR-04,Derived governed road name catalogue,SHARED_REFERENCE
NG-RD-CAND-000334,NG-NAM-ROA-000334,Willow Quay Gardens Lane,RURAL,PLACE,RESERVED_REFERENCE,UNMAPPED_PENDING_CONSTRUCTION_OR_SURVEY,,true,NGR-04,Derived governed road name catalogue,SHARED_REFERENCE
NG-RD-CAND-000335,NG-NAM-ROA-000335,Willow Quay Reach Drive,ACCESS,PLACE,RESERVED_REFERENCE,UNMAPPED_PENDING_CONSTRUCTION_OR_SURVEY,,true,NGR-04,Derived governed road name catalogue,SHARED_REFERENCE
NG-RD-CAND-000336,NG-NAM-ROA-000336,Fisher's Bell Way,SERVICE,PLACE,RESERVED_REFERENCE,UNMAPPED_PENDING_CONSTRUCTION_OR_SURVEY,,true,NGR-04,Derived governed road name catalogue,SHARED_REFERENCE
NG-RD-CAND-000337,NG-NAM-ROA-000337,Reed Market Boulevard,LOCAL,PLACE,RESERVED_REFERENCE,UNMAPPED_PENDING_CONSTRUCTION_OR_SURVEY,,true,NGR-04,Derived governed road name catalogue,SHARED_REFERENCE
NG-RD-CAND-000338,NG-NAM-ROA-000338,Ferry Cross Highway,MUNICIPAL,PLACE,RESERVED_REFERENCE,UNMAPPED_PENDING_CONSTRUCTION_OR_SURVEY,,true,NGR-04,Derived governed road name catalogue,SHARED_REFERENCE
NG-RD-CAND-000339,NG-NAM-ROA-000339,Lotus Exchange Junction,DISTRICT,PLACE,RESERVED_REFERENCE,UNMAPPED_PENDING_CONSTRUCTION_OR_SURVEY,,true,NGR-04,Derived governed road name catalogue,SHARED_REFERENCE
NG-RD-CAND-000340,NG-NAM-ROA-000340,Basin Gate Crossing,REGIONAL,PLACE,RESERVED_REFERENCE,UNMAPPED_PENDING_CONSTRUCTION_OR_SURVEY,,true,NGR-04,Derived governed road name catalogue,SHARED_REFERENCE
NG-RD-CAND-000341,NG-NAM-ROA-000341,Lakeport Works Road,RURAL,PLACE,RESERVED_REFERENCE,UNMAPPED_PENDING_CONSTRUCTION_OR_SURVEY,,true,NGR-04,Derived governed road name catalogue,SHARED_REFERENCE
NG-RD-CAND-000342,NG-NAM-ROA-000342,Reedbank Cold-Chain Park Street,ACCESS,PLACE,RESERVED_REFERENCE,UNMAPPED_PENDING_CONSTRUCTION_OR_SURVEY,,true,NGR-04,Derived governed road name catalogue,SHARED_REFERENCE
NG-RD-CAND-000343,NG-NAM-ROA-000343,Lotus Shore Avenue,SERVICE,PLACE,RESERVED_REFERENCE,UNMAPPED_PENDING_CONSTRUCTION_OR_SURVEY,,true,NGR-04,Derived governed road name catalogue,SHARED_REFERENCE
NG-RD-CAND-000344,NG-NAM-ROA-000344,Mirror Lake Lane,LOCAL,PLACE,RESERVED_REFERENCE,UNMAPPED_PENDING_CONSTRUCTION_OR_SURVEY,,true,NGR-04,Derived governed road name catalogue,SHARED_REFERENCE
NG-RD-CAND-000345,NG-NAM-ROA-000345,Heron Isle Drive,MUNICIPAL,PLACE,RESERVED_REFERENCE,UNMAPPED_PENDING_CONSTRUCTION_OR_SURVEY,,true,NGR-04,Derived governed road name catalogue,SHARED_REFERENCE
NG-RD-CAND-000346,NG-NAM-ROA-000346,Tekharo Way,DISTRICT,PLACE,RESERVED_REFERENCE,UNMAPPED_PENDING_CONSTRUCTION_OR_SURVEY,,true,NGR-05,Derived governed road name catalogue,SHARED_REFERENCE
NG-RD-CAND-000347,NG-NAM-ROA-000347,Canopy Reach Boulevard,REGIONAL,PLACE,RESERVED_REFERENCE,UNMAPPED_PENDING_CONSTRUCTION_OR_SURVEY,,true,NGR-05,Derived governed road name catalogue,SHARED_REFERENCE
NG-RD-CAND-000348,NG-NAM-ROA-000348,Ashara Highway,RURAL,PLACE,RESERVED_REFERENCE,UNMAPPED_PENDING_CONSTRUCTION_OR_SURVEY,,true,NGR-05,Derived governed road name catalogue,SHARED_REFERENCE
NG-RD-CAND-000349,NG-NAM-ROA-000349,Mossbridge Junction,ACCESS,PLACE,RESERVED_REFERENCE,UNMAPPED_PENDING_CONSTRUCTION_OR_SURVEY,,true,NGR-05,Derived governed road name catalogue,SHARED_REFERENCE
NG-RD-CAND-000350,NG-NAM-ROA-000350,Tekharo Central Crossing,SERVICE,PLACE,RESERVED_REFERENCE,UNMAPPED_PENDING_CONSTRUCTION_OR_SURVEY,,true,NGR-05,Derived governed road name catalogue,SHARED_REFERENCE
NG-RD-CAND-000351,NG-NAM-ROA-000351,Canopy Exchange Road,LOCAL,PLACE,RESERVED_REFERENCE,UNMAPPED_PENDING_CONSTRUCTION_OR_SURVEY,,true,NGR-05,Derived governed road name catalogue,SHARED_REFERENCE
NG-RD-CAND-000352,NG-NAM-ROA-000352,Research Grove Street,MUNICIPAL,PLACE,RESERVED_REFERENCE,UNMAPPED_PENDING_CONSTRUCTION_OR_SURVEY,,true,NGR-05,Derived governed road name catalogue,SHARED_REFERENCE
NG-RD-CAND-000353,NG-NAM-ROA-000353,River Gate Avenue,DISTRICT,PLACE,RESERVED_REFERENCE,UNMAPPED_PENDING_CONSTRUCTION_OR_SURVEY,,true,NGR-05,Derived governed road name catalogue,SHARED_REFERENCE
NG-RD-CAND-000354,NG-NAM-ROA-000354,Old Timber Lane,REGIONAL,PLACE,RESERVED_REFERENCE,UNMAPPED_PENDING_CONSTRUCTION_OR_SURVEY,,true,NGR-05,Derived governed road name catalogue,SHARED_REFERENCE
NG-RD-CAND-000355,NG-NAM-ROA-000355,Botanical Ward Drive,RURAL,PLACE,RESERVED_REFERENCE,UNMAPPED_PENDING_CONSTRUCTION_OR_SURVEY,,true,NGR-05,Derived governed road name catalogue,SHARED_REFERENCE
NG-RD-CAND-000356,NG-NAM-ROA-000356,East Tram Way,ACCESS,PLACE,RESERVED_REFERENCE,UNMAPPED_PENDING_CONSTRUCTION_OR_SURVEY,,true,NGR-05,Derived governed road name catalogue,SHARED_REFERENCE
NG-RD-CAND-000357,NG-NAM-ROA-000357,Rainmarket Boulevard,SERVICE,PLACE,RESERVED_REFERENCE,UNMAPPED_PENDING_CONSTRUCTION_OR_SURVEY,,true,NGR-05,Derived governed road name catalogue,SHARED_REFERENCE
NG-RD-CAND-000358,NG-NAM-ROA-000358,Fernhaven Highway,LOCAL,PLACE,RESERVED_REFERENCE,UNMAPPED_PENDING_CONSTRUCTION_OR_SURVEY,,true,NGR-05,Derived governed road name catalogue,SHARED_REFERENCE
NG-RD-CAND-000359,NG-NAM-ROA-000359,Ashtek Gardens Junction,MUNICIPAL,PLACE,RESERVED_REFERENCE,UNMAPPED_PENDING_CONSTRUCTION_OR_SURVEY,,true,NGR-05,Derived governed road name catalogue,SHARED_REFERENCE
NG-RD-CAND-000360,NG-NAM-ROA-000360,Mossvale Crossing,DISTRICT,PLACE,RESERVED_REFERENCE,UNMAPPED_PENDING_CONSTRUCTION_OR_SURVEY,,true,NGR-05,Derived governed road name catalogue,SHARED_REFERENCE
NG-RD-CAND-000361,NG-NAM-ROA-000361,Greenvault Road,REGIONAL,PLACE,RESERVED_REFERENCE,UNMAPPED_PENDING_CONSTRUCTION_OR_SURVEY,,true,NGR-05,Derived governed road name catalogue,SHARED_REFERENCE
NG-RD-CAND-000362,NG-NAM-ROA-000362,Orchid Rise Street,RURAL,PLACE,RESERVED_REFERENCE,UNMAPPED_PENDING_CONSTRUCTION_OR_SURVEY,,true,NGR-05,Derived governed road name catalogue,SHARED_REFERENCE
NG-RD-CAND-000363,NG-NAM-ROA-000363,New Kyoto Avenue,ACCESS,PLACE,RESERVED_REFERENCE,UNMAPPED_PENDING_CONSTRUCTION_OR_SURVEY,,true,NGR-05,Derived governed road name catalogue,SHARED_REFERENCE
NG-RD-CAND-000364,NG-NAM-ROA-000364,Vinebridge Lane,SERVICE,PLACE,RESERVED_REFERENCE,UNMAPPED_PENDING_CONSTRUCTION_OR_SURVEY,,true,NGR-05,Derived governed road name catalogue,SHARED_REFERENCE
NG-RD-CAND-000365,NG-NAM-ROA-000365,Cedar Mist Drive,LOCAL,PLACE,RESERVED_REFERENCE,UNMAPPED_PENDING_CONSTRUCTION_OR_SURVEY,,true,NGR-05,Derived governed road name catalogue,SHARED_REFERENCE
NG-RD-CAND-000366,NG-NAM-ROA-000366,Tekkan Heights Way,MUNICIPAL,PLACE,RESERVED_REFERENCE,UNMAPPED_PENDING_CONSTRUCTION_OR_SURVEY,,true,NGR-05,Derived governed road name catalogue,SHARED_REFERENCE
NG-RD-CAND-000367,NG-NAM-ROA-000367,Rainshadow Boulevard,DISTRICT,PLACE,RESERVED_REFERENCE,UNMAPPED_PENDING_CONSTRUCTION_OR_SURVEY,,true,NGR-05,Derived governed road name catalogue,SHARED_REFERENCE
NG-RD-CAND-000368,NG-NAM-ROA-000368,Brookmoss Highway,REGIONAL,PLACE,RESERVED_REFERENCE,UNMAPPED_PENDING_CONSTRUCTION_OR_SURVEY,,true,NGR-05,Derived governed road name catalogue,SHARED_REFERENCE
NG-RD-CAND-000369,NG-NAM-ROA-000369,Lantern Grove Junction,RURAL,PLACE,RESERVED_REFERENCE,UNMAPPED_PENDING_CONSTRUCTION_OR_SURVEY,,true,NGR-05,Derived governed road name catalogue,SHARED_REFERENCE
NG-RD-CAND-000370,NG-NAM-ROA-000370,Fernfall Crossing,ACCESS,PLACE,RESERVED_REFERENCE,UNMAPPED_PENDING_CONSTRUCTION_OR_SURVEY,,true,NGR-05,Derived governed road name catalogue,SHARED_REFERENCE
NG-RD-CAND-000371,NG-NAM-ROA-000371,Rainsong Road,SERVICE,PLACE,RESERVED_REFERENCE,UNMAPPED_PENDING_CONSTRUCTION_OR_SURVEY,,true,NGR-05,Derived governed road name catalogue,SHARED_REFERENCE
NG-RD-CAND-000372,NG-NAM-ROA-000372,Cedar Run Street,LOCAL,PLACE,RESERVED_REFERENCE,UNMAPPED_PENDING_CONSTRUCTION_OR_SURVEY,,true,NGR-05,Derived governed road name catalogue,SHARED_REFERENCE
NG-RD-CAND-000373,NG-NAM-ROA-000373,Canopy Ford Avenue,MUNICIPAL,PLACE,RESERVED_REFERENCE,UNMAPPED_PENDING_CONSTRUCTION_OR_SURVEY,,true,NGR-05,Derived governed road name catalogue,SHARED_REFERENCE
NG-RD-CAND-000374,NG-NAM-ROA-000374,Jadefall Lane,DISTRICT,PLACE,RESERVED_REFERENCE,UNMAPPED_PENDING_CONSTRUCTION_OR_SURVEY,,true,NGR-05,Derived governed road name catalogue,SHARED_REFERENCE
NG-RD-CAND-000375,NG-NAM-ROA-000375,Tekkena Drive,REGIONAL,PLACE,RESERVED_REFERENCE,UNMAPPED_PENDING_CONSTRUCTION_OR_SURVEY,,true,NGR-05,Derived governed road name catalogue,SHARED_REFERENCE
NG-RD-CAND-000376,NG-NAM-ROA-000376,Ashvale Way,RURAL,PLACE,RESERVED_REFERENCE,UNMAPPED_PENDING_CONSTRUCTION_OR_SURVEY,,true,NGR-05,Derived governed road name catalogue,SHARED_REFERENCE
NG-RD-CAND-000377,NG-NAM-ROA-000377,Riverbloom Boulevard,ACCESS,PLACE,RESERVED_REFERENCE,UNMAPPED_PENDING_CONSTRUCTION_OR_SURVEY,,true,NGR-05,Derived governed road name catalogue,SHARED_REFERENCE
NG-RD-CAND-000378,NG-NAM-ROA-000378,Marula Gate Highway,SERVICE,PLACE,RESERVED_REFERENCE,UNMAPPED_PENDING_CONSTRUCTION_OR_SURVEY,,true,NGR-05,Derived governed road name catalogue,SHARED_REFERENCE
NG-RD-CAND-000379,NG-NAM-ROA-000379,Nembri Junction,LOCAL,PLACE,RESERVED_REFERENCE,UNMAPPED_PENDING_CONSTRUCTION_OR_SURVEY,,true,NGR-05,Derived governed road name catalogue,SHARED_REFERENCE
NG-RD-CAND-000380,NG-NAM-ROA-000380,Mosswick Crossing,MUNICIPAL,PLACE,RESERVED_REFERENCE,UNMAPPED_PENDING_CONSTRUCTION_OR_SURVEY,,true,NGR-05,Derived governed road name catalogue,SHARED_REFERENCE
NG-RD-CAND-000381,NG-NAM-ROA-000381,Brookfern Road,DISTRICT,PLACE,RESERVED_REFERENCE,UNMAPPED_PENDING_CONSTRUCTION_OR_SURVEY,,true,NGR-05,Derived governed road name catalogue,SHARED_REFERENCE
NG-RD-CAND-000382,NG-NAM-ROA-000382,Wildorchid Street,REGIONAL,PLACE,RESERVED_REFERENCE,UNMAPPED_PENDING_CONSTRUCTION_OR_SURVEY,,true,NGR-05,Derived governed road name catalogue,SHARED_REFERENCE
NG-RD-CAND-000383,NG-NAM-ROA-000383,Greenmantle Avenue,RURAL,PLACE,RESERVED_REFERENCE,UNMAPPED_PENDING_CONSTRUCTION_OR_SURVEY,,true,NGR-05,Derived governed road name catalogue,SHARED_REFERENCE
NG-RD-CAND-000384,NG-NAM-ROA-000384,Timberwell Lane,ACCESS,PLACE,RESERVED_REFERENCE,UNMAPPED_PENDING_CONSTRUCTION_OR_SURVEY,,true,NGR-05,Derived governed road name catalogue,SHARED_REFERENCE
NG-RD-CAND-000385,NG-NAM-ROA-000385,Canopy Lower Drive,SERVICE,PLACE,RESERVED_REFERENCE,UNMAPPED_PENDING_CONSTRUCTION_OR_SURVEY,,true,NGR-05,Derived governed road name catalogue,SHARED_REFERENCE
NG-RD-CAND-000386,NG-NAM-ROA-000386,Rainsong Junction Way,LOCAL,PLACE,RESERVED_REFERENCE,UNMAPPED_PENDING_CONSTRUCTION_OR_SURVEY,,true,NGR-05,Derived governed road name catalogue,SHARED_REFERENCE
NG-RD-CAND-000387,NG-NAM-ROA-000387,Cedar Clearing Boulevard,MUNICIPAL,PLACE,RESERVED_REFERENCE,UNMAPPED_PENDING_CONSTRUCTION_OR_SURVEY,,true,NGR-05,Derived governed road name catalogue,SHARED_REFERENCE
NG-RD-CAND-000388,NG-NAM-ROA-000388,Ashara East Highway,DISTRICT,PLACE,RESERVED_REFERENCE,UNMAPPED_PENDING_CONSTRUCTION_OR_SURVEY,,true,NGR-05,Derived governed road name catalogue,SHARED_REFERENCE
NG-RD-CAND-000389,NG-NAM-ROA-000389,Tekkan Row Junction,REGIONAL,PLACE,RESERVED_REFERENCE,UNMAPPED_PENDING_CONSTRUCTION_OR_SURVEY,,true,NGR-05,Derived governed road name catalogue,SHARED_REFERENCE
NG-RD-CAND-000390,NG-NAM-ROA-000390,Marula Crossing Crossing,RURAL,PLACE,RESERVED_REFERENCE,UNMAPPED_PENDING_CONSTRUCTION_OR_SURVEY,,true,NGR-05,Derived governed road name catalogue,SHARED_REFERENCE
NG-RD-CAND-000391,NG-NAM-ROA-000391,Mossbridge South Road,ACCESS,PLACE,RESERVED_REFERENCE,UNMAPPED_PENDING_CONSTRUCTION_OR_SURVEY,,true,NGR-05,Derived governed road name catalogue,SHARED_REFERENCE
NG-RD-CAND-000392,NG-NAM-ROA-000392,Fernline Street,SERVICE,PLACE,RESERVED_REFERENCE,UNMAPPED_PENDING_CONSTRUCTION_OR_SURVEY,,true,NGR-05,Derived governed road name catalogue,SHARED_REFERENCE
NG-RD-CAND-000393,NG-NAM-ROA-000393,Timber Camp Avenue,LOCAL,PLACE,RESERVED_REFERENCE,UNMAPPED_PENDING_CONSTRUCTION_OR_SURVEY,,true,NGR-05,Derived governed road name catalogue,SHARED_REFERENCE
NG-RD-CAND-000394,NG-NAM-ROA-000394,Upper Fernfall Lane,MUNICIPAL,PLACE,RESERVED_REFERENCE,UNMAPPED_PENDING_CONSTRUCTION_OR_SURVEY,,true,NGR-05,Derived governed road name catalogue,SHARED_REFERENCE
NG-RD-CAND-000395,NG-NAM-ROA-000395,Fernfall Grove Drive,DISTRICT,PLACE,RESERVED_REFERENCE,UNMAPPED_PENDING_CONSTRUCTION_OR_SURVEY,,true,NGR-05,Derived governed road name catalogue,SHARED_REFERENCE
NG-RD-CAND-000396,NG-NAM-ROA-000396,Lower Rainsong Way,REGIONAL,PLACE,RESERVED_REFERENCE,UNMAPPED_PENDING_CONSTRUCTION_OR_SURVEY,,true,NGR-05,Derived governed road name catalogue,SHARED_REFERENCE
NG-RD-CAND-000397,NG-NAM-ROA-000397,Rainsong Clearing Boulevard,RURAL,PLACE,RESERVED_REFERENCE,UNMAPPED_PENDING_CONSTRUCTION_OR_SURVEY,,true,NGR-05,Derived governed road name catalogue,SHARED_REFERENCE
NG-RD-CAND-000398,NG-NAM-ROA-000398,East Cedar Run Highway,ACCESS,PLACE,RESERVED_REFERENCE,UNMAPPED_PENDING_CONSTRUCTION_OR_SURVEY,,true,NGR-05,Derived governed road name catalogue,SHARED_REFERENCE
NG-RD-CAND-000399,NG-NAM-ROA-000399,Cedar Run River Junction,SERVICE,PLACE,RESERVED_REFERENCE,UNMAPPED_PENDING_CONSTRUCTION_OR_SURVEY,,true,NGR-05,Derived governed road name catalogue,SHARED_REFERENCE
NG-RD-CAND-000400,NG-NAM-ROA-000400,Old Canopy Ford Crossing,LOCAL,PLACE,RESERVED_REFERENCE,UNMAPPED_PENDING_CONSTRUCTION_OR_SURVEY,,true,NGR-05,Derived governed road name catalogue,SHARED_REFERENCE
NG-RD-CAND-000401,NG-NAM-ROA-000401,Canopy Ford Canopy Road,MUNICIPAL,PLACE,RESERVED_REFERENCE,UNMAPPED_PENDING_CONSTRUCTION_OR_SURVEY,,true,NGR-05,Derived governed road name catalogue,SHARED_REFERENCE
NG-RD-CAND-000402,NG-NAM-ROA-000402,South Jadefall Street,DISTRICT,PLACE,RESERVED_REFERENCE,UNMAPPED_PENDING_CONSTRUCTION_OR_SURVEY,,true,NGR-05,Derived governed road name catalogue,SHARED_REFERENCE
NG-RD-CAND-000403,NG-NAM-ROA-000403,Jadefall Falls Avenue,REGIONAL,PLACE,RESERVED_REFERENCE,UNMAPPED_PENDING_CONSTRUCTION_OR_SURVEY,,true,NGR-05,Derived governed road name catalogue,SHARED_REFERENCE
NG-RD-CAND-000404,NG-NAM-ROA-000404,Tekkena Fern Lane,RURAL,PLACE,RESERVED_REFERENCE,UNMAPPED_PENDING_CONSTRUCTION_OR_SURVEY,,true,NGR-05,Derived governed road name catalogue,SHARED_REFERENCE
NG-RD-CAND-000405,NG-NAM-ROA-000405,Tekkena Shade Drive,ACCESS,PLACE,RESERVED_REFERENCE,UNMAPPED_PENDING_CONSTRUCTION_OR_SURVEY,,true,NGR-05,Derived governed road name catalogue,SHARED_REFERENCE
NG-RD-CAND-000406,NG-NAM-ROA-000406,North Ashvale Way,SERVICE,PLACE,RESERVED_REFERENCE,UNMAPPED_PENDING_CONSTRUCTION_OR_SURVEY,,true,NGR-05,Derived governed road name catalogue,SHARED_REFERENCE
NG-RD-CAND-000407,NG-NAM-ROA-000407,Ashvale Bloom Boulevard,LOCAL,PLACE,RESERVED_REFERENCE,UNMAPPED_PENDING_CONSTRUCTION_OR_SURVEY,,true,NGR-05,Derived governed road name catalogue,SHARED_REFERENCE
NG-RD-CAND-000408,NG-NAM-ROA-000408,Riverbloom Vine Highway,MUNICIPAL,PLACE,RESERVED_REFERENCE,UNMAPPED_PENDING_CONSTRUCTION_OR_SURVEY,,true,NGR-05,Derived governed road name catalogue,SHARED_REFERENCE
NG-RD-CAND-000409,NG-NAM-ROA-000409,Riverbloom Ford Junction,DISTRICT,PLACE,RESERVED_REFERENCE,UNMAPPED_PENDING_CONSTRUCTION_OR_SURVEY,,true,NGR-05,Derived governed road name catalogue,SHARED_REFERENCE
NG-RD-CAND-000410,NG-NAM-ROA-000410,West Marula Gate Crossing,REGIONAL,PLACE,RESERVED_REFERENCE,UNMAPPED_PENDING_CONSTRUCTION_OR_SURVEY,,true,NGR-05,Derived governed road name catalogue,SHARED_REFERENCE
NG-RD-CAND-000411,NG-NAM-ROA-000411,Marula Gate Rain Road,RURAL,PLACE,RESERVED_REFERENCE,UNMAPPED_PENDING_CONSTRUCTION_OR_SURVEY,,true,NGR-05,Derived governed road name catalogue,SHARED_REFERENCE
NG-RD-CAND-000412,NG-NAM-ROA-000412,Nembri Orchid Street,ACCESS,PLACE,RESERVED_REFERENCE,UNMAPPED_PENDING_CONSTRUCTION_OR_SURVEY,,true,NGR-05,Derived governed road name catalogue,SHARED_REFERENCE
NG-RD-CAND-000413,NG-NAM-ROA-000413,Nembri Bend Avenue,SERVICE,PLACE,RESERVED_REFERENCE,UNMAPPED_PENDING_CONSTRUCTION_OR_SURVEY,,true,NGR-05,Derived governed road name catalogue,SHARED_REFERENCE
NG-RD-CAND-000414,NG-NAM-ROA-000414,Upper Mosswick Lane,LOCAL,PLACE,RESERVED_REFERENCE,UNMAPPED_PENDING_CONSTRUCTION_OR_SURVEY,,true,NGR-05,Derived governed road name catalogue,SHARED_REFERENCE
NG-RD-CAND-000415,NG-NAM-ROA-000415,Mosswick Moss Drive,MUNICIPAL,PLACE,RESERVED_REFERENCE,UNMAPPED_PENDING_CONSTRUCTION_OR_SURVEY,,true,NGR-05,Derived governed road name catalogue,SHARED_REFERENCE
NG-RD-CAND-000416,NG-NAM-ROA-000416,Brookfern Timber Way,DISTRICT,PLACE,RESERVED_REFERENCE,UNMAPPED_PENDING_CONSTRUCTION_OR_SURVEY,,true,NGR-05,Derived governed road name catalogue,SHARED_REFERENCE
NG-RD-CAND-000417,NG-NAM-ROA-000417,Brookfern Run Boulevard,REGIONAL,PLACE,RESERVED_REFERENCE,UNMAPPED_PENDING_CONSTRUCTION_OR_SURVEY,,true,NGR-05,Derived governed road name catalogue,SHARED_REFERENCE
NG-RD-CAND-000418,NG-NAM-ROA-000418,Lower Wildorchid Highway,RURAL,PLACE,RESERVED_REFERENCE,UNMAPPED_PENDING_CONSTRUCTION_OR_SURVEY,,true,NGR-05,Derived governed road name catalogue,SHARED_REFERENCE
NG-RD-CAND-000419,NG-NAM-ROA-000419,Wildorchid Palm Junction,ACCESS,PLACE,RESERVED_REFERENCE,UNMAPPED_PENDING_CONSTRUCTION_OR_SURVEY,,true,NGR-05,Derived governed road name catalogue,SHARED_REFERENCE
NG-RD-CAND-000420,NG-NAM-ROA-000420,Greenmantle Cedar Crossing,SERVICE,PLACE,RESERVED_REFERENCE,UNMAPPED_PENDING_CONSTRUCTION_OR_SURVEY,,true,NGR-05,Derived governed road name catalogue,SHARED_REFERENCE
NG-RD-CAND-000421,NG-NAM-ROA-000421,Greenmantle Glade Road,LOCAL,PLACE,RESERVED_REFERENCE,UNMAPPED_PENDING_CONSTRUCTION_OR_SURVEY,,true,NGR-05,Derived governed road name catalogue,SHARED_REFERENCE
NG-RD-CAND-000422,NG-NAM-ROA-000422,Timberwell Brook Street,MUNICIPAL,PLACE,RESERVED_REFERENCE,UNMAPPED_PENDING_CONSTRUCTION_OR_SURVEY,,true,NGR-05,Derived governed road name catalogue,SHARED_REFERENCE
NG-RD-CAND-000423,NG-NAM-ROA-000423,Timberwell Hollow Avenue,DISTRICT,PLACE,RESERVED_REFERENCE,UNMAPPED_PENDING_CONSTRUCTION_OR_SURVEY,,true,NGR-05,Derived governed road name catalogue,SHARED_REFERENCE
NG-RD-CAND-000424,NG-NAM-ROA-000424,Rain Drum Lane,REGIONAL,PLACE,RESERVED_REFERENCE,UNMAPPED_PENDING_CONSTRUCTION_OR_SURVEY,,true,NGR-05,Derived governed road name catalogue,SHARED_REFERENCE
NG-RD-CAND-000425,NG-NAM-ROA-000425,Canopy Market Drive,RURAL,PLACE,RESERVED_REFERENCE,UNMAPPED_PENDING_CONSTRUCTION_OR_SURVEY,,true,NGR-05,Derived governed road name catalogue,SHARED_REFERENCE
NG-RD-CAND-000426,NG-NAM-ROA-000426,River Basket Way,ACCESS,PLACE,RESERVED_REFERENCE,UNMAPPED_PENDING_CONSTRUCTION_OR_SURVEY,,true,NGR-05,Derived governed road name catalogue,SHARED_REFERENCE
NG-RD-CAND-000427,NG-NAM-ROA-000427,Marula Exchange Boulevard,SERVICE,PLACE,RESERVED_REFERENCE,UNMAPPED_PENDING_CONSTRUCTION_OR_SURVEY,,true,NGR-05,Derived governed road name catalogue,SHARED_REFERENCE
NG-RD-CAND-000428,NG-NAM-ROA-000428,Timber Cross Highway,LOCAL,PLACE,RESERVED_REFERENCE,UNMAPPED_PENDING_CONSTRUCTION_OR_SURVEY,,true,NGR-05,Derived governed road name catalogue,SHARED_REFERENCE
NG-RD-CAND-000429,NG-NAM-ROA-000429,Tekharo BioWorks Campus Junction,MUNICIPAL,PLACE,RESERVED_REFERENCE,UNMAPPED_PENDING_CONSTRUCTION_OR_SURVEY,,true,NGR-05,Derived governed road name catalogue,SHARED_REFERENCE
NG-RD-CAND-000430,NG-NAM-ROA-000430,Timberloop Industrial Estate Crossing,DISTRICT,PLACE,RESERVED_REFERENCE,UNMAPPED_PENDING_CONSTRUCTION_OR_SURVEY,,true,NGR-05,Derived governed road name catalogue,SHARED_REFERENCE
NG-RD-CAND-000431,NG-NAM-ROA-000431,Emerald Canopy Road,REGIONAL,PLACE,RESERVED_REFERENCE,UNMAPPED_PENDING_CONSTRUCTION_OR_SURVEY,,true,NGR-05,Derived governed road name catalogue,SHARED_REFERENCE
NG-RD-CAND-000432,NG-NAM-ROA-000432,Redhaven Street,RURAL,PLACE,RESERVED_REFERENCE,UNMAPPED_PENDING_CONSTRUCTION_OR_SURVEY,,true,NGR-06,Derived governed road name catalogue,SHARED_REFERENCE
NG-RD-CAND-000433,NG-NAM-ROA-000433,Zarqen Avenue,ACCESS,PLACE,RESERVED_REFERENCE,UNMAPPED_PENDING_CONSTRUCTION_OR_SURVEY,,true,NGR-06,Derived governed road name catalogue,SHARED_REFERENCE
NG-RD-CAND-000434,NG-NAM-ROA-000434,Dustmere Lane,SERVICE,PLACE,RESERVED_REFERENCE,UNMAPPED_PENDING_CONSTRUCTION_OR_SURVEY,,true,NGR-06,Derived governed road name catalogue,SHARED_REFERENCE
NG-RD-CAND-000435,NG-NAM-ROA-000435,Sunward Drive,LOCAL,PLACE,RESERVED_REFERENCE,UNMAPPED_PENDING_CONSTRUCTION_OR_SURVEY,,true,NGR-06,Derived governed road name catalogue,SHARED_REFERENCE
NG-RD-CAND-000436,NG-NAM-ROA-000436,Redhaven Central Way,MUNICIPAL,PLACE,RESERVED_REFERENCE,UNMAPPED_PENDING_CONSTRUCTION_OR_SURVEY,,true,NGR-06,Derived governed road name catalogue,SHARED_REFERENCE
NG-RD-CAND-000437,NG-NAM-ROA-000437,Caravan Exchange Boulevard,DISTRICT,PLACE,RESERVED_REFERENCE,UNMAPPED_PENDING_CONSTRUCTION_OR_SURVEY,,true,NGR-06,Derived governed road name catalogue,SHARED_REFERENCE
NG-RD-CAND-000438,NG-NAM-ROA-000438,Solar Ward Highway,REGIONAL,PLACE,RESERVED_REFERENCE,UNMAPPED_PENDING_CONSTRUCTION_OR_SURVEY,,true,NGR-06,Derived governed road name catalogue,SHARED_REFERENCE
NG-RD-CAND-000439,NG-NAM-ROA-000439,Railhead Junction,RURAL,PLACE,RESERVED_REFERENCE,UNMAPPED_PENDING_CONSTRUCTION_OR_SURVEY,,true,NGR-06,Derived governed road name catalogue,SHARED_REFERENCE
NG-RD-CAND-000440,NG-NAM-ROA-000440,Old Wells Crossing,ACCESS,PLACE,RESERVED_REFERENCE,UNMAPPED_PENDING_CONSTRUCTION_OR_SURVEY,,true,NGR-06,Derived governed road name catalogue,SHARED_REFERENCE
NG-RD-CAND-000441,NG-NAM-ROA-000441,South Bazaar Road,SERVICE,PLACE,RESERVED_REFERENCE,UNMAPPED_PENDING_CONSTRUCTION_OR_SURVEY,,true,NGR-06,Derived governed road name catalogue,SHARED_REFERENCE
NG-RD-CAND-000442,NG-NAM-ROA-000442,Civic Mesa Street,LOCAL,PLACE,RESERVED_REFERENCE,UNMAPPED_PENDING_CONSTRUCTION_OR_SURVEY,,true,NGR-06,Derived governed road name catalogue,SHARED_REFERENCE
NG-RD-CAND-000443,NG-NAM-ROA-000443,Copper Dunes Avenue,MUNICIPAL,PLACE,RESERVED_REFERENCE,UNMAPPED_PENDING_CONSTRUCTION_OR_SURVEY,,true,NGR-06,Derived governed road name catalogue,SHARED_REFERENCE
NG-RD-CAND-000444,NG-NAM-ROA-000444,Suncrest Lane,DISTRICT,PLACE,RESERVED_REFERENCE,UNMAPPED_PENDING_CONSTRUCTION_OR_SURVEY,,true,NGR-06,Derived governed road name catalogue,SHARED_REFERENCE
NG-RD-CAND-000445,NG-NAM-ROA-000445,Amber Fields Drive,REGIONAL,PLACE,RESERVED_REFERENCE,UNMAPPED_PENDING_CONSTRUCTION_OR_SURVEY,,true,NGR-06,Derived governed road name catalogue,SHARED_REFERENCE
NG-RD-CAND-000446,NG-NAM-ROA-000446,Baric Gardens Way,RURAL,PLACE,RESERVED_REFERENCE,UNMAPPED_PENDING_CONSTRUCTION_OR_SURVEY,,true,NGR-06,Derived governed road name catalogue,SHARED_REFERENCE
NG-RD-CAND-000447,NG-NAM-ROA-000447,Marrowgate Boulevard,ACCESS,PLACE,RESERVED_REFERENCE,UNMAPPED_PENDING_CONSTRUCTION_OR_SURVEY,,true,NGR-06,Derived governed road name catalogue,SHARED_REFERENCE
NG-RD-CAND-000448,NG-NAM-ROA-000448,Oasis Park Highway,SERVICE,PLACE,RESERVED_REFERENCE,UNMAPPED_PENDING_CONSTRUCTION_OR_SURVEY,,true,NGR-06,Derived governed road name catalogue,SHARED_REFERENCE
NG-RD-CAND-000449,NG-NAM-ROA-000449,Gulfview Junction,LOCAL,PLACE,RESERVED_REFERENCE,UNMAPPED_PENDING_CONSTRUCTION_OR_SURVEY,,true,NGR-06,Derived governed road name catalogue,SHARED_REFERENCE
NG-RD-CAND-000450,NG-NAM-ROA-000450,Acacia Ridge Crossing,MUNICIPAL,PLACE,RESERVED_REFERENCE,UNMAPPED_PENDING_CONSTRUCTION_OR_SURVEY,,true,NGR-06,Derived governed road name catalogue,SHARED_REFERENCE
NG-RD-CAND-000451,NG-NAM-ROA-000451,Dustrose Road,DISTRICT,PLACE,RESERVED_REFERENCE,UNMAPPED_PENDING_CONSTRUCTION_OR_SURVEY,,true,NGR-06,Derived governed road name catalogue,SHARED_REFERENCE
NG-RD-CAND-000452,NG-NAM-ROA-000452,Falcon Heath Street,REGIONAL,PLACE,RESERVED_REFERENCE,UNMAPPED_PENDING_CONSTRUCTION_OR_SURVEY,,true,NGR-06,Derived governed road name catalogue,SHARED_REFERENCE
NG-RD-CAND-000453,NG-NAM-ROA-000453,Zarqa Heights Avenue,RURAL,PLACE,RESERVED_REFERENCE,UNMAPPED_PENDING_CONSTRUCTION_OR_SURVEY,,true,NGR-06,Derived governed road name catalogue,SHARED_REFERENCE
NG-RD-CAND-000454,NG-NAM-ROA-000454,Suncourt Lane,ACCESS,PLACE,RESERVED_REFERENCE,UNMAPPED_PENDING_CONSTRUCTION_OR_SURVEY,,true,NGR-06,Derived governed road name catalogue,SHARED_REFERENCE
NG-RD-CAND-000455,NG-NAM-ROA-000455,Redstone Vale Drive,SERVICE,PLACE,RESERVED_REFERENCE,UNMAPPED_PENDING_CONSTRUCTION_OR_SURVEY,,true,NGR-06,Derived governed road name catalogue,SHARED_REFERENCE
NG-RD-CAND-000456,NG-NAM-ROA-000456,Barazen Way,LOCAL,PLACE,RESERVED_REFERENCE,UNMAPPED_PENDING_CONSTRUCTION_OR_SURVEY,,true,NGR-06,Derived governed road name catalogue,SHARED_REFERENCE
NG-RD-CAND-000457,NG-NAM-ROA-000457,Mareva Boulevard,MUNICIPAL,PLACE,RESERVED_REFERENCE,UNMAPPED_PENDING_CONSTRUCTION_OR_SURVEY,,true,NGR-06,Derived governed road name catalogue,SHARED_REFERENCE
NG-RD-CAND-000458,NG-NAM-ROA-000458,Khelar Highway,DISTRICT,PLACE,RESERVED_REFERENCE,UNMAPPED_PENDING_CONSTRUCTION_OR_SURVEY,,true,NGR-06,Derived governed road name catalogue,SHARED_REFERENCE
NG-RD-CAND-000459,NG-NAM-ROA-000459,Caravan Well Junction,REGIONAL,PLACE,RESERVED_REFERENCE,UNMAPPED_PENDING_CONSTRUCTION_OR_SURVEY,,true,NGR-06,Derived governed road name catalogue,SHARED_REFERENCE
NG-RD-CAND-000460,NG-NAM-ROA-000460,Sirocco Crossing,RURAL,PLACE,RESERVED_REFERENCE,UNMAPPED_PENDING_CONSTRUCTION_OR_SURVEY,,true,NGR-06,Derived governed road name catalogue,SHARED_REFERENCE
NG-RD-CAND-000461,NG-NAM-ROA-000461,Dustrun Road,ACCESS,PLACE,RESERVED_REFERENCE,UNMAPPED_PENDING_CONSTRUCTION_OR_SURVEY,,true,NGR-06,Derived governed road name catalogue,SHARED_REFERENCE
NG-RD-CAND-000462,NG-NAM-ROA-000462,Saltwick Street,SERVICE,PLACE,RESERVED_REFERENCE,UNMAPPED_PENDING_CONSTRUCTION_OR_SURVEY,,true,NGR-06,Derived governed road name catalogue,SHARED_REFERENCE
NG-RD-CAND-000463,NG-NAM-ROA-000463,Thornfield Avenue,LOCAL,PLACE,RESERVED_REFERENCE,UNMAPPED_PENDING_CONSTRUCTION_OR_SURVEY,,true,NGR-06,Derived governed road name catalogue,SHARED_REFERENCE
NG-RD-CAND-000464,NG-NAM-ROA-000464,Rookwell Lane,MUNICIPAL,PLACE,RESERVED_REFERENCE,UNMAPPED_PENDING_CONSTRUCTION_OR_SURVEY,,true,NGR-06,Derived governed road name catalogue,SHARED_REFERENCE
NG-RD-CAND-000465,NG-NAM-ROA-000465,Grey Dune Drive,DISTRICT,PLACE,RESERVED_REFERENCE,UNMAPPED_PENDING_CONSTRUCTION_OR_SURVEY,,true,NGR-06,Derived governed road name catalogue,SHARED_REFERENCE
NG-RD-CAND-000466,NG-NAM-ROA-000466,Solmarch Way,REGIONAL,PLACE,RESERVED_REFERENCE,UNMAPPED_PENDING_CONSTRUCTION_OR_SURVEY,,true,NGR-06,Derived governed road name catalogue,SHARED_REFERENCE
NG-RD-CAND-000467,NG-NAM-ROA-000467,Golden Step Boulevard,RURAL,PLACE,RESERVED_REFERENCE,UNMAPPED_PENDING_CONSTRUCTION_OR_SURVEY,,true,NGR-06,Derived governed road name catalogue,SHARED_REFERENCE
NG-RD-CAND-000468,NG-NAM-ROA-000468,Mirasol Highway,ACCESS,PLACE,RESERVED_REFERENCE,UNMAPPED_PENDING_CONSTRUCTION_OR_SURVEY,,true,NGR-06,Derived governed road name catalogue,SHARED_REFERENCE
NG-RD-CAND-000469,NG-NAM-ROA-000469,East Oasis Junction,SERVICE,PLACE,RESERVED_REFERENCE,UNMAPPED_PENDING_CONSTRUCTION_OR_SURVEY,,true,NGR-06,Derived governed road name catalogue,SHARED_REFERENCE
NG-RD-CAND-000470,NG-NAM-ROA-000470,Cinder Plain Crossing,LOCAL,PLACE,RESERVED_REFERENCE,UNMAPPED_PENDING_CONSTRUCTION_OR_SURVEY,,true,NGR-06,Derived governed road name catalogue,SHARED_REFERENCE
NG-RD-CAND-000471,NG-NAM-ROA-000471,Zarqen South Road,MUNICIPAL,PLACE,RESERVED_REFERENCE,UNMAPPED_PENDING_CONSTRUCTION_OR_SURVEY,,true,NGR-06,Derived governed road name catalogue,SHARED_REFERENCE
NG-RD-CAND-000472,NG-NAM-ROA-000472,Baric Cross Street,DISTRICT,PLACE,RESERVED_REFERENCE,UNMAPPED_PENDING_CONSTRUCTION_OR_SURVEY,,true,NGR-06,Derived governed road name catalogue,SHARED_REFERENCE
NG-RD-CAND-000473,NG-NAM-ROA-000473,Camel Bell Avenue,REGIONAL,PLACE,RESERVED_REFERENCE,UNMAPPED_PENDING_CONSTRUCTION_OR_SURVEY,,true,NGR-06,Derived governed road name catalogue,SHARED_REFERENCE
NG-RD-CAND-000474,NG-NAM-ROA-000474,Dustmere East Lane,RURAL,PLACE,RESERVED_REFERENCE,UNMAPPED_PENDING_CONSTRUCTION_OR_SURVEY,,true,NGR-06,Derived governed road name catalogue,SHARED_REFERENCE
NG-RD-CAND-000475,NG-NAM-ROA-000475,Saltpan Row Drive,ACCESS,PLACE,RESERVED_REFERENCE,UNMAPPED_PENDING_CONSTRUCTION_OR_SURVEY,,true,NGR-06,Derived governed road name catalogue,SHARED_REFERENCE
NG-RD-CAND-000476,NG-NAM-ROA-000476,Thorn Junction Way,SERVICE,PLACE,RESERVED_REFERENCE,UNMAPPED_PENDING_CONSTRUCTION_OR_SURVEY,,true,NGR-06,Derived governed road name catalogue,SHARED_REFERENCE
NG-RD-CAND-000477,NG-NAM-ROA-000477,Sunward Gate Boulevard,LOCAL,PLACE,RESERVED_REFERENCE,UNMAPPED_PENDING_CONSTRUCTION_OR_SURVEY,,true,NGR-06,Derived governed road name catalogue,SHARED_REFERENCE
NG-RD-CAND-000478,NG-NAM-ROA-000478,Oasis Line Highway,MUNICIPAL,PLACE,RESERVED_REFERENCE,UNMAPPED_PENDING_CONSTRUCTION_OR_SURVEY,,true,NGR-06,Derived governed road name catalogue,SHARED_REFERENCE
NG-RD-CAND-000479,NG-NAM-ROA-000479,Cinder Camp Junction,DISTRICT,PLACE,RESERVED_REFERENCE,UNMAPPED_PENDING_CONSTRUCTION_OR_SURVEY,,true,NGR-06,Derived governed road name catalogue,SHARED_REFERENCE
NG-RD-CAND-000480,NG-NAM-ROA-000480,Lower Barazen Crossing,REGIONAL,PLACE,RESERVED_REFERENCE,UNMAPPED_PENDING_CONSTRUCTION_OR_SURVEY,,true,NGR-06,Derived governed road name catalogue,SHARED_REFERENCE
NG-RD-CAND-000481,NG-NAM-ROA-000481,Barazen Wells Road,RURAL,PLACE,RESERVED_REFERENCE,UNMAPPED_PENDING_CONSTRUCTION_OR_SURVEY,,true,NGR-06,Derived governed road name catalogue,SHARED_REFERENCE
NG-RD-CAND-000482,NG-NAM-ROA-000482,Upper Mareva Street,ACCESS,PLACE,RESERVED_REFERENCE,UNMAPPED_PENDING_CONSTRUCTION_OR_SURVEY,,true,NGR-06,Derived governed road name catalogue,SHARED_REFERENCE
NG-RD-CAND-000483,NG-NAM-ROA-000483,Mareva Dunes Avenue,SERVICE,PLACE,RESERVED_REFERENCE,UNMAPPED_PENDING_CONSTRUCTION_OR_SURVEY,,true,NGR-06,Derived governed road name catalogue,SHARED_REFERENCE
NG-RD-CAND-000484,NG-NAM-ROA-000484,East Khelar Lane,LOCAL,PLACE,RESERVED_REFERENCE,UNMAPPED_PENDING_CONSTRUCTION_OR_SURVEY,,true,NGR-06,Derived governed road name catalogue,SHARED_REFERENCE
NG-RD-CAND-000485,NG-NAM-ROA-000485,Khelar Camp Drive,MUNICIPAL,PLACE,RESERVED_REFERENCE,UNMAPPED_PENDING_CONSTRUCTION_OR_SURVEY,,true,NGR-06,Derived governed road name catalogue,SHARED_REFERENCE
NG-RD-CAND-000486,NG-NAM-ROA-000486,Old Caravan Well Way,DISTRICT,PLACE,RESERVED_REFERENCE,UNMAPPED_PENDING_CONSTRUCTION_OR_SURVEY,,true,NGR-06,Derived governed road name catalogue,SHARED_REFERENCE
NG-RD-CAND-000487,NG-NAM-ROA-000487,Caravan Well Plain Boulevard,REGIONAL,PLACE,RESERVED_REFERENCE,UNMAPPED_PENDING_CONSTRUCTION_OR_SURVEY,,true,NGR-06,Derived governed road name catalogue,SHARED_REFERENCE
NG-RD-CAND-000488,NG-NAM-ROA-000488,South Sirocco Highway,RURAL,PLACE,RESERVED_REFERENCE,UNMAPPED_PENDING_CONSTRUCTION_OR_SURVEY,,true,NGR-06,Derived governed road name catalogue,SHARED_REFERENCE
NG-RD-CAND-000489,NG-NAM-ROA-000489,Sirocco Oasis Junction,ACCESS,PLACE,RESERVED_REFERENCE,UNMAPPED_PENDING_CONSTRUCTION_OR_SURVEY,,true,NGR-06,Derived governed road name catalogue,SHARED_REFERENCE
NG-RD-CAND-000490,NG-NAM-ROA-000490,Dustrun Ridge Crossing,SERVICE,PLACE,RESERVED_REFERENCE,UNMAPPED_PENDING_CONSTRUCTION_OR_SURVEY,,true,NGR-06,Derived governed road name catalogue,SHARED_REFERENCE
NG-RD-CAND-000491,NG-NAM-ROA-000491,Dustrun Thorn Road,LOCAL,PLACE,RESERVED_REFERENCE,UNMAPPED_PENDING_CONSTRUCTION_OR_SURVEY,,true,NGR-06,Derived governed road name catalogue,SHARED_REFERENCE
NG-RD-CAND-000492,NG-NAM-ROA-000492,North Saltwick Street,MUNICIPAL,PLACE,RESERVED_REFERENCE,UNMAPPED_PENDING_CONSTRUCTION_OR_SURVEY,,true,NGR-06,Derived governed road name catalogue,SHARED_REFERENCE
NG-RD-CAND-000493,NG-NAM-ROA-000493,Saltwick Corral Avenue,DISTRICT,PLACE,RESERVED_REFERENCE,UNMAPPED_PENDING_CONSTRUCTION_OR_SURVEY,,true,NGR-06,Derived governed road name catalogue,SHARED_REFERENCE
NG-RD-CAND-000494,NG-NAM-ROA-000494,Thornfield Salt Lane,REGIONAL,PLACE,RESERVED_REFERENCE,UNMAPPED_PENDING_CONSTRUCTION_OR_SURVEY,,true,NGR-06,Derived governed road name catalogue,SHARED_REFERENCE
NG-RD-CAND-000495,NG-NAM-ROA-000495,Thornfield End Drive,RURAL,PLACE,RESERVED_REFERENCE,UNMAPPED_PENDING_CONSTRUCTION_OR_SURVEY,,true,NGR-06,Derived governed road name catalogue,SHARED_REFERENCE
NG-RD-CAND-000496,NG-NAM-ROA-000496,West Rookwell Way,ACCESS,PLACE,RESERVED_REFERENCE,UNMAPPED_PENDING_CONSTRUCTION_OR_SURVEY,,true,NGR-06,Derived governed road name catalogue,SHARED_REFERENCE
NG-RD-CAND-000497,NG-NAM-ROA-000497,Rookwell Acacia Boulevard,SERVICE,PLACE,RESERVED_REFERENCE,UNMAPPED_PENDING_CONSTRUCTION_OR_SURVEY,,true,NGR-06,Derived governed road name catalogue,SHARED_REFERENCE
NG-RD-CAND-000498,NG-NAM-ROA-000498,Grey Dune Mesa Highway,LOCAL,PLACE,RESERVED_REFERENCE,UNMAPPED_PENDING_CONSTRUCTION_OR_SURVEY,,true,NGR-06,Derived governed road name catalogue,SHARED_REFERENCE
NG-RD-CAND-000499,NG-NAM-ROA-000499,Grey Dune Well Junction,MUNICIPAL,PLACE,RESERVED_REFERENCE,UNMAPPED_PENDING_CONSTRUCTION_OR_SURVEY,,true,NGR-06,Derived governed road name catalogue,SHARED_REFERENCE
NG-RD-CAND-000500,NG-NAM-ROA-000500,Lower Solmarch Crossing,DISTRICT,PLACE,RESERVED_REFERENCE,UNMAPPED_PENDING_CONSTRUCTION_OR_SURVEY,,true,NGR-06,Derived governed road name catalogue,SHARED_REFERENCE
NG-RD-CAND-000501,NG-NAM-ROA-000501,Solmarch Dust Road,REGIONAL,PLACE,RESERVED_REFERENCE,UNMAPPED_PENDING_CONSTRUCTION_OR_SURVEY,,true,NGR-06,Derived governed road name catalogue,SHARED_REFERENCE
NG-RD-CAND-000502,NG-NAM-ROA-000502,Golden Step Sun Street,RURAL,PLACE,RESERVED_REFERENCE,UNMAPPED_PENDING_CONSTRUCTION_OR_SURVEY,,true,NGR-06,Derived governed road name catalogue,SHARED_REFERENCE
NG-RD-CAND-000503,NG-NAM-ROA-000503,Golden Step Cross Avenue,ACCESS,PLACE,RESERVED_REFERENCE,UNMAPPED_PENDING_CONSTRUCTION_OR_SURVEY,,true,NGR-06,Derived governed road name catalogue,SHARED_REFERENCE
NG-RD-CAND-000504,NG-NAM-ROA-000504,Upper Mirasol Lane,SERVICE,PLACE,RESERVED_REFERENCE,UNMAPPED_PENDING_CONSTRUCTION_OR_SURVEY,,true,NGR-06,Derived governed road name catalogue,SHARED_REFERENCE
NG-RD-CAND-000505,NG-NAM-ROA-000505,Mirasol Ember Drive,LOCAL,PLACE,RESERVED_REFERENCE,UNMAPPED_PENDING_CONSTRUCTION_OR_SURVEY,,true,NGR-06,Derived governed road name catalogue,SHARED_REFERENCE
NG-RD-CAND-000506,NG-NAM-ROA-000506,East Oasis Step Way,MUNICIPAL,PLACE,RESERVED_REFERENCE,UNMAPPED_PENDING_CONSTRUCTION_OR_SURVEY,,true,NGR-06,Derived governed road name catalogue,SHARED_REFERENCE
NG-RD-CAND-000507,NG-NAM-ROA-000507,East Oasis Hollow Boulevard,DISTRICT,PLACE,RESERVED_REFERENCE,UNMAPPED_PENDING_CONSTRUCTION_OR_SURVEY,,true,NGR-06,Derived governed road name catalogue,SHARED_REFERENCE
NG-RD-CAND-000508,NG-NAM-ROA-000508,Cinder Plain Cinder Highway,REGIONAL,PLACE,RESERVED_REFERENCE,UNMAPPED_PENDING_CONSTRUCTION_OR_SURVEY,,true,NGR-06,Derived governed road name catalogue,SHARED_REFERENCE
NG-RD-CAND-000509,NG-NAM-ROA-000509,Cinder Plain Reach Junction,RURAL,PLACE,RESERVED_REFERENCE,UNMAPPED_PENDING_CONSTRUCTION_OR_SURVEY,,true,NGR-06,Derived governed road name catalogue,SHARED_REFERENCE
NG-RD-CAND-000510,NG-NAM-ROA-000510,Red Basket Crossing,ACCESS,PLACE,RESERVED_REFERENCE,UNMAPPED_PENDING_CONSTRUCTION_OR_SURVEY,,true,NGR-06,Derived governed road name catalogue,SHARED_REFERENCE
NG-RD-CAND-000511,NG-NAM-ROA-000511,Caravan Cross Road,SERVICE,PLACE,RESERVED_REFERENCE,UNMAPPED_PENDING_CONSTRUCTION_OR_SURVEY,,true,NGR-06,Derived governed road name catalogue,SHARED_REFERENCE
NG-RD-CAND-000512,NG-NAM-ROA-000512,Salt Market Street,LOCAL,PLACE,RESERVED_REFERENCE,UNMAPPED_PENDING_CONSTRUCTION_OR_SURVEY,,true,NGR-06,Derived governed road name catalogue,SHARED_REFERENCE
NG-RD-CAND-000513,NG-NAM-ROA-000513,Sunward Exchange Avenue,MUNICIPAL,PLACE,RESERVED_REFERENCE,UNMAPPED_PENDING_CONSTRUCTION_OR_SURVEY,,true,NGR-06,Derived governed road name catalogue,SHARED_REFERENCE
NG-RD-CAND-000514,NG-NAM-ROA-000514,Wells End Lane,DISTRICT,PLACE,RESERVED_REFERENCE,UNMAPPED_PENDING_CONSTRUCTION_OR_SURVEY,,true,NGR-06,Derived governed road name catalogue,SHARED_REFERENCE
NG-RD-CAND-000515,NG-NAM-ROA-000515,Solar Foundry Zone Drive,REGIONAL,PLACE,RESERVED_REFERENCE,UNMAPPED_PENDING_CONSTRUCTION_OR_SURVEY,,true,NGR-06,Derived governed road name catalogue,SHARED_REFERENCE
NG-RD-CAND-000516,NG-NAM-ROA-000516,Redhaven Dryport Estate Way,RURAL,PLACE,RESERVED_REFERENCE,UNMAPPED_PENDING_CONSTRUCTION_OR_SURVEY,,true,NGR-06,Derived governed road name catalogue,SHARED_REFERENCE
NG-RD-CAND-000517,NG-NAM-ROA-000517,Sun Dune Boulevard,ACCESS,PLACE,RESERVED_REFERENCE,UNMAPPED_PENDING_CONSTRUCTION_OR_SURVEY,,true,NGR-06,Derived governed road name catalogue,SHARED_REFERENCE
NG-RD-CAND-000518,NG-NAM-ROA-000518,Lysora Highway,SERVICE,PLACE,RESERVED_REFERENCE,UNMAPPED_PENDING_CONSTRUCTION_OR_SURVEY,,true,NGR-07,Derived governed road name catalogue,SHARED_REFERENCE
NG-RD-CAND-000519,NG-NAM-ROA-000519,Coral Bay Junction,LOCAL,PLACE,RESERVED_REFERENCE,UNMAPPED_PENDING_CONSTRUCTION_OR_SURVEY,,true,NGR-07,Derived governed road name catalogue,SHARED_REFERENCE
NG-RD-CAND-000520,NG-NAM-ROA-000520,El-Maren Crossing,MUNICIPAL,PLACE,RESERVED_REFERENCE,UNMAPPED_PENDING_CONSTRUCTION_OR_SURVEY,,true,NGR-07,Derived governed road name catalogue,SHARED_REFERENCE
NG-RD-CAND-000521,NG-NAM-ROA-000521,Seacliff Road,DISTRICT,PLACE,RESERVED_REFERENCE,UNMAPPED_PENDING_CONSTRUCTION_OR_SURVEY,,true,NGR-07,Derived governed road name catalogue,SHARED_REFERENCE
NG-RD-CAND-000522,NG-NAM-ROA-000522,Lysora Central Street,REGIONAL,PLACE,RESERVED_REFERENCE,UNMAPPED_PENDING_CONSTRUCTION_OR_SURVEY,,true,NGR-07,Derived governed road name catalogue,SHARED_REFERENCE
NG-RD-CAND-000523,NG-NAM-ROA-000523,Coral Exchange Avenue,RURAL,PLACE,RESERVED_REFERENCE,UNMAPPED_PENDING_CONSTRUCTION_OR_SURVEY,,true,NGR-07,Derived governed road name catalogue,SHARED_REFERENCE
NG-RD-CAND-000524,NG-NAM-ROA-000524,Old Harbour Lane,ACCESS,PLACE,RESERVED_REFERENCE,UNMAPPED_PENDING_CONSTRUCTION_OR_SURVEY,,true,NGR-07,Derived governed road name catalogue,SHARED_REFERENCE
NG-RD-CAND-000525,NG-NAM-ROA-000525,Artisans' Quay Drive,SERVICE,PLACE,RESERVED_REFERENCE,UNMAPPED_PENDING_CONSTRUCTION_OR_SURVEY,,true,NGR-07,Derived governed road name catalogue,SHARED_REFERENCE
NG-RD-CAND-000526,NG-NAM-ROA-000526,Crescent Beach Way,LOCAL,PLACE,RESERVED_REFERENCE,UNMAPPED_PENDING_CONSTRUCTION_OR_SURVEY,,true,NGR-07,Derived governed road name catalogue,SHARED_REFERENCE
NG-RD-CAND-000527,NG-NAM-ROA-000527,Embassy Shore Boulevard,MUNICIPAL,PLACE,RESERVED_REFERENCE,UNMAPPED_PENDING_CONSTRUCTION_OR_SURVEY,,true,NGR-07,Derived governed road name catalogue,SHARED_REFERENCE
NG-RD-CAND-000528,NG-NAM-ROA-000528,Marina Ward Highway,DISTRICT,PLACE,RESERVED_REFERENCE,UNMAPPED_PENDING_CONSTRUCTION_OR_SURVEY,,true,NGR-07,Derived governed road name catalogue,SHARED_REFERENCE
NG-RD-CAND-000529,NG-NAM-ROA-000529,Lighthouse Hill Junction,REGIONAL,PLACE,RESERVED_REFERENCE,UNMAPPED_PENDING_CONSTRUCTION_OR_SURVEY,,true,NGR-07,Derived governed road name catalogue,SHARED_REFERENCE
NG-RD-CAND-000530,NG-NAM-ROA-000530,Lysoran Heights Crossing,RURAL,PLACE,RESERVED_REFERENCE,UNMAPPED_PENDING_CONSTRUCTION_OR_SURVEY,,true,NGR-07,Derived governed road name catalogue,SHARED_REFERENCE
NG-RD-CAND-000531,NG-NAM-ROA-000531,Seabreeze Road,ACCESS,PLACE,RESERVED_REFERENCE,UNMAPPED_PENDING_CONSTRUCTION_OR_SURVEY,,true,NGR-07,Derived governed road name catalogue,SHARED_REFERENCE
NG-RD-CAND-000532,NG-NAM-ROA-000532,Coral Gardens Street,SERVICE,PLACE,RESERVED_REFERENCE,UNMAPPED_PENDING_CONSTRUCTION_OR_SURVEY,,true,NGR-07,Derived governed road name catalogue,SHARED_REFERENCE
NG-RD-CAND-000533,NG-NAM-ROA-000533,Azure Park Avenue,LOCAL,PLACE,RESERVED_REFERENCE,UNMAPPED_PENDING_CONSTRUCTION_OR_SURVEY,,true,NGR-07,Derived governed road name catalogue,SHARED_REFERENCE
NG-RD-CAND-000534,NG-NAM-ROA-000534,New Marseille Lane,MUNICIPAL,PLACE,RESERVED_REFERENCE,UNMAPPED_PENDING_CONSTRUCTION_OR_SURVEY,,true,NGR-07,Derived governed road name catalogue,SHARED_REFERENCE
NG-RD-CAND-000535,NG-NAM-ROA-000535,Palm Court Drive,DISTRICT,PLACE,RESERVED_REFERENCE,UNMAPPED_PENDING_CONSTRUCTION_OR_SURVEY,,true,NGR-07,Derived governed road name catalogue,SHARED_REFERENCE
NG-RD-CAND-000536,NG-NAM-ROA-000536,Elmarin Way,REGIONAL,PLACE,RESERVED_REFERENCE,UNMAPPED_PENDING_CONSTRUCTION_OR_SURVEY,,true,NGR-07,Derived governed road name catalogue,SHARED_REFERENCE
NG-RD-CAND-000537,NG-NAM-ROA-000537,Tidewell Boulevard,RURAL,PLACE,RESERVED_REFERENCE,UNMAPPED_PENDING_CONSTRUCTION_OR_SURVEY,,true,NGR-07,Derived governed road name catalogue,SHARED_REFERENCE
NG-RD-CAND-000538,NG-NAM-ROA-000538,Casuarina Rise Highway,ACCESS,PLACE,RESERVED_REFERENCE,UNMAPPED_PENDING_CONSTRUCTION_OR_SURVEY,,true,NGR-07,Derived governed road name catalogue,SHARED_REFERENCE
NG-RD-CAND-000539,NG-NAM-ROA-000539,Moriah Beach Junction,SERVICE,PLACE,RESERVED_REFERENCE,UNMAPPED_PENDING_CONSTRUCTION_OR_SURVEY,,true,NGR-07,Derived governed road name catalogue,SHARED_REFERENCE
NG-RD-CAND-000540,NG-NAM-ROA-000540,Sunreef Crossing,LOCAL,PLACE,RESERVED_REFERENCE,UNMAPPED_PENDING_CONSTRUCTION_OR_SURVEY,,true,NGR-07,Derived governed road name catalogue,SHARED_REFERENCE
NG-RD-CAND-000541,NG-NAM-ROA-000541,Whitecap Road,MUNICIPAL,PLACE,RESERVED_REFERENCE,UNMAPPED_PENDING_CONSTRUCTION_OR_SURVEY,,true,NGR-07,Derived governed road name catalogue,SHARED_REFERENCE
NG-RD-CAND-000542,NG-NAM-ROA-000542,Azura Street,DISTRICT,PLACE,RESERVED_REFERENCE,UNMAPPED_PENDING_CONSTRUCTION_OR_SURVEY,,true,NGR-07,Derived governed road name catalogue,SHARED_REFERENCE
NG-RD-CAND-000543,NG-NAM-ROA-000543,Lysaven Avenue,REGIONAL,PLACE,RESERVED_REFERENCE,UNMAPPED_PENDING_CONSTRUCTION_OR_SURVEY,,true,NGR-07,Derived governed road name catalogue,SHARED_REFERENCE
NG-RD-CAND-000544,NG-NAM-ROA-000544,Reefcross Lane,RURAL,PLACE,RESERVED_REFERENCE,UNMAPPED_PENDING_CONSTRUCTION_OR_SURVEY,,true,NGR-07,Derived governed road name catalogue,SHARED_REFERENCE
NG-RD-CAND-000545,NG-NAM-ROA-000545,Bellamar Drive,ACCESS,PLACE,RESERVED_REFERENCE,UNMAPPED_PENDING_CONSTRUCTION_OR_SURVEY,,true,NGR-07,Derived governed road name catalogue,SHARED_REFERENCE
NG-RD-CAND-000546,NG-NAM-ROA-000546,Seaglass Way,SERVICE,PLACE,RESERVED_REFERENCE,UNMAPPED_PENDING_CONSTRUCTION_OR_SURVEY,,true,NGR-07,Derived governed road name catalogue,SHARED_REFERENCE
NG-RD-CAND-000547,NG-NAM-ROA-000547,Marenya Boulevard,LOCAL,PLACE,RESERVED_REFERENCE,UNMAPPED_PENDING_CONSTRUCTION_OR_SURVEY,,true,NGR-07,Derived governed road name catalogue,SHARED_REFERENCE
NG-RD-CAND-000548,NG-NAM-ROA-000548,Marenza Highway,MUNICIPAL,PLACE,RESERVED_REFERENCE,UNMAPPED_PENDING_CONSTRUCTION_OR_SURVEY,,true,NGR-07,Derived governed road name catalogue,SHARED_REFERENCE
NG-RD-CAND-000549,NG-NAM-ROA-000549,Pearlstrand Junction,DISTRICT,PLACE,RESERVED_REFERENCE,UNMAPPED_PENDING_CONSTRUCTION_OR_SURVEY,,true,NGR-07,Derived governed road name catalogue,SHARED_REFERENCE
NG-RD-CAND-000550,NG-NAM-ROA-000550,Suncove Crossing,REGIONAL,PLACE,RESERVED_REFERENCE,UNMAPPED_PENDING_CONSTRUCTION_OR_SURVEY,,true,NGR-07,Derived governed road name catalogue,SHARED_REFERENCE
NG-RD-CAND-000551,NG-NAM-ROA-000551,Mistral Bay Road,RURAL,PLACE,RESERVED_REFERENCE,UNMAPPED_PENDING_CONSTRUCTION_OR_SURVEY,,true,NGR-07,Derived governed road name catalogue,SHARED_REFERENCE
NG-RD-CAND-000552,NG-NAM-ROA-000552,Cliffhaven Street,ACCESS,PLACE,RESERVED_REFERENCE,UNMAPPED_PENDING_CONSTRUCTION_OR_SURVEY,,true,NGR-07,Derived governed road name catalogue,SHARED_REFERENCE
NG-RD-CAND-000553,NG-NAM-ROA-000553,Coralstep Avenue,SERVICE,PLACE,RESERVED_REFERENCE,UNMAPPED_PENDING_CONSTRUCTION_OR_SURVEY,,true,NGR-07,Derived governed road name catalogue,SHARED_REFERENCE
NG-RD-CAND-000554,NG-NAM-ROA-000554,Windport Lane,LOCAL,PLACE,RESERVED_REFERENCE,UNMAPPED_PENDING_CONSTRUCTION_OR_SURVEY,,true,NGR-07,Derived governed road name catalogue,SHARED_REFERENCE
NG-RD-CAND-000555,NG-NAM-ROA-000555,White Dune Drive,MUNICIPAL,PLACE,RESERVED_REFERENCE,UNMAPPED_PENDING_CONSTRUCTION_OR_SURVEY,,true,NGR-07,Derived governed road name catalogue,SHARED_REFERENCE
NG-RD-CAND-000556,NG-NAM-ROA-000556,Blue Cape Way,DISTRICT,PLACE,RESERVED_REFERENCE,UNMAPPED_PENDING_CONSTRUCTION_OR_SURVEY,,true,NGR-07,Derived governed road name catalogue,SHARED_REFERENCE
NG-RD-CAND-000557,NG-NAM-ROA-000557,Coral Bay East Boulevard,REGIONAL,PLACE,RESERVED_REFERENCE,UNMAPPED_PENDING_CONSTRUCTION_OR_SURVEY,,true,NGR-07,Derived governed road name catalogue,SHARED_REFERENCE
NG-RD-CAND-000558,NG-NAM-ROA-000558,Azura Point Highway,RURAL,PLACE,RESERVED_REFERENCE,UNMAPPED_PENDING_CONSTRUCTION_OR_SURVEY,,true,NGR-07,Derived governed road name catalogue,SHARED_REFERENCE
NG-RD-CAND-000559,NG-NAM-ROA-000559,Reefline Junction,ACCESS,PLACE,RESERVED_REFERENCE,UNMAPPED_PENDING_CONSTRUCTION_OR_SURVEY,,true,NGR-07,Derived governed road name catalogue,SHARED_REFERENCE
NG-RD-CAND-000560,NG-NAM-ROA-000560,El-Maren South Crossing,SERVICE,PLACE,RESERVED_REFERENCE,UNMAPPED_PENDING_CONSTRUCTION_OR_SURVEY,,true,NGR-07,Derived governed road name catalogue,SHARED_REFERENCE
NG-RD-CAND-000561,NG-NAM-ROA-000561,Marenya Cross Road,LOCAL,PLACE,RESERVED_REFERENCE,UNMAPPED_PENDING_CONSTRUCTION_OR_SURVEY,,true,NGR-07,Derived governed road name catalogue,SHARED_REFERENCE
NG-RD-CAND-000562,NG-NAM-ROA-000562,Pearl Row Street,MUNICIPAL,PLACE,RESERVED_REFERENCE,UNMAPPED_PENDING_CONSTRUCTION_OR_SURVEY,,true,NGR-07,Derived governed road name catalogue,SHARED_REFERENCE
NG-RD-CAND-000563,NG-NAM-ROA-000563,Seacliff Lower Avenue,DISTRICT,PLACE,RESERVED_REFERENCE,UNMAPPED_PENDING_CONSTRUCTION_OR_SURVEY,,true,NGR-07,Derived governed road name catalogue,SHARED_REFERENCE
NG-RD-CAND-000564,NG-NAM-ROA-000564,Windport Gate Lane,REGIONAL,PLACE,RESERVED_REFERENCE,UNMAPPED_PENDING_CONSTRUCTION_OR_SURVEY,,true,NGR-07,Derived governed road name catalogue,SHARED_REFERENCE
NG-RD-CAND-000565,NG-NAM-ROA-000565,Blue Cape End Drive,RURAL,PLACE,RESERVED_REFERENCE,UNMAPPED_PENDING_CONSTRUCTION_OR_SURVEY,,true,NGR-07,Derived governed road name catalogue,SHARED_REFERENCE
NG-RD-CAND-000566,NG-NAM-ROA-000566,Old Azura Way,ACCESS,PLACE,RESERVED_REFERENCE,UNMAPPED_PENDING_CONSTRUCTION_OR_SURVEY,,true,NGR-07,Derived governed road name catalogue,SHARED_REFERENCE
NG-RD-CAND-000567,NG-NAM-ROA-000567,Azura Cove Boulevard,SERVICE,PLACE,RESERVED_REFERENCE,UNMAPPED_PENDING_CONSTRUCTION_OR_SURVEY,,true,NGR-07,Derived governed road name catalogue,SHARED_REFERENCE
NG-RD-CAND-000568,NG-NAM-ROA-000568,Upper Lysaven Highway,LOCAL,PLACE,RESERVED_REFERENCE,UNMAPPED_PENDING_CONSTRUCTION_OR_SURVEY,,true,NGR-07,Derived governed road name catalogue,SHARED_REFERENCE
NG-RD-CAND-000569,NG-NAM-ROA-000569,Lysaven Beach Junction,MUNICIPAL,PLACE,RESERVED_REFERENCE,UNMAPPED_PENDING_CONSTRUCTION_OR_SURVEY,,true,NGR-07,Derived governed road name catalogue,SHARED_REFERENCE
NG-RD-CAND-000570,NG-NAM-ROA-000570,East Reefcross Crossing,DISTRICT,PLACE,RESERVED_REFERENCE,UNMAPPED_PENDING_CONSTRUCTION_OR_SURVEY,,true,NGR-07,Derived governed road name catalogue,SHARED_REFERENCE
NG-RD-CAND-000571,NG-NAM-ROA-000571,Reefcross Palm Road,REGIONAL,PLACE,RESERVED_REFERENCE,UNMAPPED_PENDING_CONSTRUCTION_OR_SURVEY,,true,NGR-07,Derived governed road name catalogue,SHARED_REFERENCE
NG-RD-CAND-000572,NG-NAM-ROA-000572,Lower Bellamar Street,RURAL,PLACE,RESERVED_REFERENCE,UNMAPPED_PENDING_CONSTRUCTION_OR_SURVEY,,true,NGR-07,Derived governed road name catalogue,SHARED_REFERENCE
NG-RD-CAND-000573,NG-NAM-ROA-000573,Bellamar Creek Avenue,ACCESS,PLACE,RESERVED_REFERENCE,UNMAPPED_PENDING_CONSTRUCTION_OR_SURVEY,,true,NGR-07,Derived governed road name catalogue,SHARED_REFERENCE
NG-RD-CAND-000574,NG-NAM-ROA-000574,South Seaglass Lane,SERVICE,PLACE,RESERVED_REFERENCE,UNMAPPED_PENDING_CONSTRUCTION_OR_SURVEY,,true,NGR-07,Derived governed road name catalogue,SHARED_REFERENCE
NG-RD-CAND-000575,NG-NAM-ROA-000575,Seaglass Point Drive,LOCAL,PLACE,RESERVED_REFERENCE,UNMAPPED_PENDING_CONSTRUCTION_OR_SURVEY,,true,NGR-07,Derived governed road name catalogue,SHARED_REFERENCE
NG-RD-CAND-000576,NG-NAM-ROA-000576,Marenya Strand Way,MUNICIPAL,PLACE,RESERVED_REFERENCE,UNMAPPED_PENDING_CONSTRUCTION_OR_SURVEY,,true,NGR-07,Derived governed road name catalogue,SHARED_REFERENCE
NG-RD-CAND-000577,NG-NAM-ROA-000577,Marenya Reef Boulevard,DISTRICT,PLACE,RESERVED_REFERENCE,UNMAPPED_PENDING_CONSTRUCTION_OR_SURVEY,,true,NGR-07,Derived governed road name catalogue,SHARED_REFERENCE
NG-RD-CAND-000578,NG-NAM-ROA-000578,North Marenza Highway,REGIONAL,PLACE,RESERVED_REFERENCE,UNMAPPED_PENDING_CONSTRUCTION_OR_SURVEY,,true,NGR-07,Derived governed road name catalogue,SHARED_REFERENCE
NG-RD-CAND-000579,NG-NAM-ROA-000579,Marenza Bay Junction,RURAL,PLACE,RESERVED_REFERENCE,UNMAPPED_PENDING_CONSTRUCTION_OR_SURVEY,,true,NGR-07,Derived governed road name catalogue,SHARED_REFERENCE
NG-RD-CAND-000580,NG-NAM-ROA-000580,Pearlstrand Lagoon Crossing,ACCESS,PLACE,RESERVED_REFERENCE,UNMAPPED_PENDING_CONSTRUCTION_OR_SURVEY,,true,NGR-07,Derived governed road name catalogue,SHARED_REFERENCE
NG-RD-CAND-000581,NG-NAM-ROA-000581,Pearlstrand Walk Road,SERVICE,PLACE,RESERVED_REFERENCE,UNMAPPED_PENDING_CONSTRUCTION_OR_SURVEY,,true,NGR-07,Derived governed road name catalogue,SHARED_REFERENCE
NG-RD-CAND-000582,NG-NAM-ROA-000582,West Suncove Street,LOCAL,PLACE,RESERVED_REFERENCE,UNMAPPED_PENDING_CONSTRUCTION_OR_SURVEY,,true,NGR-07,Derived governed road name catalogue,SHARED_REFERENCE
NG-RD-CAND-000583,NG-NAM-ROA-000583,Suncove Shore Avenue,MUNICIPAL,PLACE,RESERVED_REFERENCE,UNMAPPED_PENDING_CONSTRUCTION_OR_SURVEY,,true,NGR-07,Derived governed road name catalogue,SHARED_REFERENCE
NG-RD-CAND-000584,NG-NAM-ROA-000584,Mistral Bay Dune Lane,DISTRICT,PLACE,RESERVED_REFERENCE,UNMAPPED_PENDING_CONSTRUCTION_OR_SURVEY,,true,NGR-07,Derived governed road name catalogue,SHARED_REFERENCE
NG-RD-CAND-000585,NG-NAM-ROA-000585,Mistral Bay Harbour Drive,REGIONAL,PLACE,RESERVED_REFERENCE,UNMAPPED_PENDING_CONSTRUCTION_OR_SURVEY,,true,NGR-07,Derived governed road name catalogue,SHARED_REFERENCE
NG-RD-CAND-000586,NG-NAM-ROA-000586,Old Cliffhaven Way,RURAL,PLACE,RESERVED_REFERENCE,UNMAPPED_PENDING_CONSTRUCTION_OR_SURVEY,,true,NGR-07,Derived governed road name catalogue,SHARED_REFERENCE
NG-RD-CAND-000587,NG-NAM-ROA-000587,Cliffhaven Cape Boulevard,ACCESS,PLACE,RESERVED_REFERENCE,UNMAPPED_PENDING_CONSTRUCTION_OR_SURVEY,,true,NGR-07,Derived governed road name catalogue,SHARED_REFERENCE
NG-RD-CAND-000588,NG-NAM-ROA-000588,Coralstep Coral Highway,SERVICE,PLACE,RESERVED_REFERENCE,UNMAPPED_PENDING_CONSTRUCTION_OR_SURVEY,,true,NGR-07,Derived governed road name catalogue,SHARED_REFERENCE
NG-RD-CAND-000589,NG-NAM-ROA-000589,Coralstep Rest Junction,LOCAL,PLACE,RESERVED_REFERENCE,UNMAPPED_PENDING_CONSTRUCTION_OR_SURVEY,,true,NGR-07,Derived governed road name catalogue,SHARED_REFERENCE
NG-RD-CAND-000590,NG-NAM-ROA-000590,Upper Windport Crossing,MUNICIPAL,PLACE,RESERVED_REFERENCE,UNMAPPED_PENDING_CONSTRUCTION_OR_SURVEY,,true,NGR-07,Derived governed road name catalogue,SHARED_REFERENCE
NG-RD-CAND-000591,NG-NAM-ROA-000591,Windport Cliff Road,DISTRICT,PLACE,RESERVED_REFERENCE,UNMAPPED_PENDING_CONSTRUCTION_OR_SURVEY,,true,NGR-07,Derived governed road name catalogue,SHARED_REFERENCE
NG-RD-CAND-000592,NG-NAM-ROA-000592,White Dune Wind Street,REGIONAL,PLACE,RESERVED_REFERENCE,UNMAPPED_PENDING_CONSTRUCTION_OR_SURVEY,,true,NGR-07,Derived governed road name catalogue,SHARED_REFERENCE
NG-RD-CAND-000593,NG-NAM-ROA-000593,White Dune Terrace Avenue,RURAL,PLACE,RESERVED_REFERENCE,UNMAPPED_PENDING_CONSTRUCTION_OR_SURVEY,,true,NGR-07,Derived governed road name catalogue,SHARED_REFERENCE
NG-RD-CAND-000594,NG-NAM-ROA-000594,Blue Cape Sail Lane,ACCESS,PLACE,RESERVED_REFERENCE,UNMAPPED_PENDING_CONSTRUCTION_OR_SURVEY,,true,NGR-07,Derived governed road name catalogue,SHARED_REFERENCE
NG-RD-CAND-000595,NG-NAM-ROA-000595,Blue Cape Sands Drive,SERVICE,PLACE,RESERVED_REFERENCE,UNMAPPED_PENDING_CONSTRUCTION_OR_SURVEY,,true,NGR-07,Derived governed road name catalogue,SHARED_REFERENCE
NG-RD-CAND-000596,NG-NAM-ROA-000596,Palm Basket Way,LOCAL,PLACE,RESERVED_REFERENCE,UNMAPPED_PENDING_CONSTRUCTION_OR_SURVEY,,true,NGR-07,Derived governed road name catalogue,SHARED_REFERENCE
NG-RD-CAND-000597,NG-NAM-ROA-000597,Coral Market Boulevard,MUNICIPAL,PLACE,RESERVED_REFERENCE,UNMAPPED_PENDING_CONSTRUCTION_OR_SURVEY,,true,NGR-07,Derived governed road name catalogue,SHARED_REFERENCE
NG-RD-CAND-000598,NG-NAM-ROA-000598,Tide Cross Highway,DISTRICT,PLACE,RESERVED_REFERENCE,UNMAPPED_PENDING_CONSTRUCTION_OR_SURVEY,,true,NGR-07,Derived governed road name catalogue,SHARED_REFERENCE
NG-RD-CAND-000599,NG-NAM-ROA-000599,Pearl Exchange Junction,REGIONAL,PLACE,RESERVED_REFERENCE,UNMAPPED_PENDING_CONSTRUCTION_OR_SURVEY,,true,NGR-07,Derived governed road name catalogue,SHARED_REFERENCE
NG-RD-CAND-000600,NG-NAM-ROA-000600,Sailmakers' Gate Crossing,RURAL,PLACE,RESERVED_REFERENCE,UNMAPPED_PENDING_CONSTRUCTION_OR_SURVEY,,true,NGR-07,Derived governed road name catalogue,SHARED_REFERENCE
NG-RD-CAND-000601,NG-NAM-ROA-000601,BlueHarbor Trade Park Road,ACCESS,PLACE,RESERVED_REFERENCE,UNMAPPED_PENDING_CONSTRUCTION_OR_SURVEY,,true,NGR-07,Derived governed road name catalogue,SHARED_REFERENCE
NG-RD-CAND-000602,NG-NAM-ROA-000602,Coral Foods Estate Street,SERVICE,PLACE,RESERVED_REFERENCE,UNMAPPED_PENDING_CONSTRUCTION_OR_SURVEY,,true,NGR-07,Derived governed road name catalogue,SHARED_REFERENCE
NG-RD-CAND-000603,NG-NAM-ROA-000603,Merava Bay Avenue,LOCAL,PLACE,RESERVED_REFERENCE,UNMAPPED_PENDING_CONSTRUCTION_OR_SURVEY,,true,NGR-07,Derived governed road name catalogue,SHARED_REFERENCE
NG-RD-CAND-000604,NG-NAM-ROA-000604,Azure Palms Lane,MUNICIPAL,PLACE,RESERVED_REFERENCE,UNMAPPED_PENDING_CONSTRUCTION_OR_SURVEY,,true,NGR-07,Derived governed road name catalogue,SHARED_REFERENCE
NG-RD-CAND-000605,NG-NAM-ROA-000605,Crescent Reef Drive,DISTRICT,PLACE,RESERVED_REFERENCE,UNMAPPED_PENDING_CONSTRUCTION_OR_SURVEY,,true,NGR-07,Derived governed road name catalogue,SHARED_REFERENCE
NG-RD-CAND-000606,NG-NAM-ROA-000606,Lysara Key Way,REGIONAL,PLACE,RESERVED_REFERENCE,UNMAPPED_PENDING_CONSTRUCTION_OR_SURVEY,,true,NGR-07,Derived governed road name catalogue,SHARED_REFERENCE
NG-RD-CAND-000607,NG-NAM-ROA-000607,Bellamar Isle Boulevard,RURAL,PLACE,RESERVED_REFERENCE,UNMAPPED_PENDING_CONSTRUCTION_OR_SURVEY,,true,NGR-07,Derived governed road name catalogue,SHARED_REFERENCE
NG-RD-CAND-000608,NG-NAM-ROA-000608,White Sail Island Highway,ACCESS,PLACE,RESERVED_REFERENCE,UNMAPPED_PENDING_CONSTRUCTION_OR_SURVEY,,true,NGR-07,Derived governed road name catalogue,SHARED_REFERENCE
NG-RD-CAND-000609,NG-NAM-ROA-000609,Port Meridian Junction,SERVICE,PLACE,RESERVED_REFERENCE,UNMAPPED_PENDING_CONSTRUCTION_OR_SURVEY,,true,NGR-08,Derived governed road name catalogue,SHARED_REFERENCE
NG-RD-CAND-000610,NG-NAM-ROA-000610,Sabarin Crossing,LOCAL,PLACE,RESERVED_REFERENCE,UNMAPPED_PENDING_CONSTRUCTION_OR_SURVEY,,true,NGR-08,Derived governed road name catalogue,SHARED_REFERENCE
NG-RD-CAND-000611,NG-NAM-ROA-000611,Tidecross Road,MUNICIPAL,PLACE,RESERVED_REFERENCE,UNMAPPED_PENDING_CONSTRUCTION_OR_SURVEY,,true,NGR-08,Derived governed road name catalogue,SHARED_REFERENCE
NG-RD-CAND-000612,NG-NAM-ROA-000612,New Moriah Street,DISTRICT,PLACE,RESERVED_REFERENCE,UNMAPPED_PENDING_CONSTRUCTION_OR_SURVEY,,true,NGR-08,Derived governed road name catalogue,SHARED_REFERENCE
NG-RD-CAND-000613,NG-NAM-ROA-000613,Meridian Central Avenue,REGIONAL,PLACE,RESERVED_REFERENCE,UNMAPPED_PENDING_CONSTRUCTION_OR_SURVEY,,true,NGR-08,Derived governed road name catalogue,SHARED_REFERENCE
NG-RD-CAND-000614,NG-NAM-ROA-000614,Docklands Lane,RURAL,PLACE,RESERVED_REFERENCE,UNMAPPED_PENDING_CONSTRUCTION_OR_SURVEY,,true,NGR-08,Derived governed road name catalogue,SHARED_REFERENCE
NG-RD-CAND-000615,NG-NAM-ROA-000615,Customs Quarter Drive,ACCESS,PLACE,RESERVED_REFERENCE,UNMAPPED_PENDING_CONSTRUCTION_OR_SURVEY,,true,NGR-08,Derived governed road name catalogue,SHARED_REFERENCE
NG-RD-CAND-000616,NG-NAM-ROA-000616,Gulf Exchange Way,SERVICE,PLACE,RESERVED_REFERENCE,UNMAPPED_PENDING_CONSTRUCTION_OR_SURVEY,,true,NGR-08,Derived governed road name catalogue,SHARED_REFERENCE
NG-RD-CAND-000617,NG-NAM-ROA-000617,Old Shipyard Boulevard,LOCAL,PLACE,RESERVED_REFERENCE,UNMAPPED_PENDING_CONSTRUCTION_OR_SURVEY,,true,NGR-08,Derived governed road name catalogue,SHARED_REFERENCE
NG-RD-CAND-000618,NG-NAM-ROA-000618,Freeport Ward Highway,MUNICIPAL,PLACE,RESERVED_REFERENCE,UNMAPPED_PENDING_CONSTRUCTION_OR_SURVEY,,true,NGR-08,Derived governed road name catalogue,SHARED_REFERENCE
NG-RD-CAND-000619,NG-NAM-ROA-000619,Harbor Nine Junction,DISTRICT,PLACE,RESERVED_REFERENCE,UNMAPPED_PENDING_CONSTRUCTION_OR_SURVEY,,true,NGR-08,Derived governed road name catalogue,SHARED_REFERENCE
NG-RD-CAND-000620,NG-NAM-ROA-000620,East Terminal Crossing,REGIONAL,PLACE,RESERVED_REFERENCE,UNMAPPED_PENDING_CONSTRUCTION_OR_SURVEY,,true,NGR-08,Derived governed road name catalogue,SHARED_REFERENCE
NG-RD-CAND-000621,NG-NAM-ROA-000621,Sabarin Heights Road,RURAL,PLACE,RESERVED_REFERENCE,UNMAPPED_PENDING_CONSTRUCTION_OR_SURVEY,,true,NGR-08,Derived governed road name catalogue,SHARED_REFERENCE
NG-RD-CAND-000622,NG-NAM-ROA-000622,Anchor Park Street,ACCESS,PLACE,RESERVED_REFERENCE,UNMAPPED_PENDING_CONSTRUCTION_OR_SURVEY,,true,NGR-08,Derived governed road name catalogue,SHARED_REFERENCE
NG-RD-CAND-000623,NG-NAM-ROA-000623,Tidegate Avenue,SERVICE,PLACE,RESERVED_REFERENCE,UNMAPPED_PENDING_CONSTRUCTION_OR_SURVEY,,true,NGR-08,Derived governed road name catalogue,SHARED_REFERENCE
NG-RD-CAND-000624,NG-NAM-ROA-000624,New Lisbon Lane,LOCAL,PLACE,RESERVED_REFERENCE,UNMAPPED_PENDING_CONSTRUCTION_OR_SURVEY,,true,NGR-08,Derived governed road name catalogue,SHARED_REFERENCE
NG-RD-CAND-000625,NG-NAM-ROA-000625,Mariner's Rest Drive,MUNICIPAL,PLACE,RESERVED_REFERENCE,UNMAPPED_PENDING_CONSTRUCTION_OR_SURVEY,,true,NGR-08,Derived governed road name catalogue,SHARED_REFERENCE
NG-RD-CAND-000626,NG-NAM-ROA-000626,Saltmeadow Way,DISTRICT,PLACE,RESERVED_REFERENCE,UNMAPPED_PENDING_CONSTRUCTION_OR_SURVEY,,true,NGR-08,Derived governed road name catalogue,SHARED_REFERENCE
NG-RD-CAND-000627,NG-NAM-ROA-000627,Moriah Gardens Boulevard,REGIONAL,PLACE,RESERVED_REFERENCE,UNMAPPED_PENDING_CONSTRUCTION_OR_SURVEY,,true,NGR-08,Derived governed road name catalogue,SHARED_REFERENCE
NG-RD-CAND-000628,NG-NAM-ROA-000628,Southpoint Highway,RURAL,PLACE,RESERVED_REFERENCE,UNMAPPED_PENDING_CONSTRUCTION_OR_SURVEY,,true,NGR-08,Derived governed road name catalogue,SHARED_REFERENCE
NG-RD-CAND-000629,NG-NAM-ROA-000629,Pelican Bay Junction,ACCESS,PLACE,RESERVED_REFERENCE,UNMAPPED_PENDING_CONSTRUCTION_OR_SURVEY,,true,NGR-08,Derived governed road name catalogue,SHARED_REFERENCE
NG-RD-CAND-000630,NG-NAM-ROA-000630,Trosshaven Crossing,SERVICE,PLACE,RESERVED_REFERENCE,UNMAPPED_PENDING_CONSTRUCTION_OR_SURVEY,,true,NGR-08,Derived governed road name catalogue,SHARED_REFERENCE
NG-RD-CAND-000631,NG-NAM-ROA-000631,Beacon Ridge Road,LOCAL,PLACE,RESERVED_REFERENCE,UNMAPPED_PENDING_CONSTRUCTION_OR_SURVEY,,true,NGR-08,Derived governed road name catalogue,SHARED_REFERENCE
NG-RD-CAND-000632,NG-NAM-ROA-000632,Estuary View Street,MUNICIPAL,PLACE,RESERVED_REFERENCE,UNMAPPED_PENDING_CONSTRUCTION_OR_SURVEY,,true,NGR-08,Derived governed road name catalogue,SHARED_REFERENCE
NG-RD-CAND-000633,NG-NAM-ROA-000633,Sabara Avenue,DISTRICT,PLACE,RESERVED_REFERENCE,UNMAPPED_PENDING_CONSTRUCTION_OR_SURVEY,,true,NGR-08,Derived governed road name catalogue,SHARED_REFERENCE
NG-RD-CAND-000634,NG-NAM-ROA-000634,Sabhira Lane,REGIONAL,PLACE,RESERVED_REFERENCE,UNMAPPED_PENDING_CONSTRUCTION_OR_SURVEY,,true,NGR-08,Derived governed road name catalogue,SHARED_REFERENCE
NG-RD-CAND-000635,NG-NAM-ROA-000635,Gulfstone Drive,RURAL,PLACE,RESERVED_REFERENCE,UNMAPPED_PENDING_CONSTRUCTION_OR_SURVEY,,true,NGR-08,Derived governed road name catalogue,SHARED_REFERENCE
NG-RD-CAND-000636,NG-NAM-ROA-000636,Moriah Port Way,ACCESS,PLACE,RESERVED_REFERENCE,UNMAPPED_PENDING_CONSTRUCTION_OR_SURVEY,,true,NGR-08,Derived governed road name catalogue,SHARED_REFERENCE
NG-RD-CAND-000637,NG-NAM-ROA-000637,Varekh Boulevard,SERVICE,PLACE,RESERVED_REFERENCE,UNMAPPED_PENDING_CONSTRUCTION_OR_SURVEY,,true,NGR-08,Derived governed road name catalogue,SHARED_REFERENCE
NG-RD-CAND-000638,NG-NAM-ROA-000638,Saltcross Highway,LOCAL,PLACE,RESERVED_REFERENCE,UNMAPPED_PENDING_CONSTRUCTION_OR_SURVEY,,true,NGR-08,Derived governed road name catalogue,SHARED_REFERENCE
NG-RD-CAND-000639,NG-NAM-ROA-000639,Estuary Ford Junction,MUNICIPAL,PLACE,RESERVED_REFERENCE,UNMAPPED_PENDING_CONSTRUCTION_OR_SURVEY,,true,NGR-08,Derived governed road name catalogue,SHARED_REFERENCE
NG-RD-CAND-000640,NG-NAM-ROA-000640,Tidelock Crossing,DISTRICT,PLACE,RESERVED_REFERENCE,UNMAPPED_PENDING_CONSTRUCTION_OR_SURVEY,,true,NGR-08,Derived governed road name catalogue,SHARED_REFERENCE
NG-RD-CAND-000641,NG-NAM-ROA-000641,Cormorant Bay Road,REGIONAL,PLACE,RESERVED_REFERENCE,UNMAPPED_PENDING_CONSTRUCTION_OR_SURVEY,,true,NGR-08,Derived governed road name catalogue,SHARED_REFERENCE
NG-RD-CAND-000642,NG-NAM-ROA-000642,Mangrove End Street,RURAL,PLACE,RESERVED_REFERENCE,UNMAPPED_PENDING_CONSTRUCTION_OR_SURVEY,,true,NGR-08,Derived governed road name catalogue,SHARED_REFERENCE
NG-RD-CAND-000643,NG-NAM-ROA-000643,El Mora Avenue,ACCESS,PLACE,RESERVED_REFERENCE,UNMAPPED_PENDING_CONSTRUCTION_OR_SURVEY,,true,NGR-08,Derived governed road name catalogue,SHARED_REFERENCE
NG-RD-CAND-000644,NG-NAM-ROA-000644,Trossport Lane,SERVICE,PLACE,RESERVED_REFERENCE,UNMAPPED_PENDING_CONSTRUCTION_OR_SURVEY,,true,NGR-08,Derived governed road name catalogue,SHARED_REFERENCE
NG-RD-CAND-000645,NG-NAM-ROA-000645,Varnmouth Drive,LOCAL,PLACE,RESERVED_REFERENCE,UNMAPPED_PENDING_CONSTRUCTION_OR_SURVEY,,true,NGR-08,Derived governed road name catalogue,SHARED_REFERENCE
NG-RD-CAND-000646,NG-NAM-ROA-000646,Beacon Wells Way,MUNICIPAL,PLACE,RESERVED_REFERENCE,UNMAPPED_PENDING_CONSTRUCTION_OR_SURVEY,,true,NGR-08,Derived governed road name catalogue,SHARED_REFERENCE
NG-RD-CAND-000647,NG-NAM-ROA-000647,Crescent Gulf Boulevard,DISTRICT,PLACE,RESERVED_REFERENCE,UNMAPPED_PENDING_CONSTRUCTION_OR_SURVEY,,true,NGR-08,Derived governed road name catalogue,SHARED_REFERENCE
NG-RD-CAND-000648,NG-NAM-ROA-000648,Sabarin East Highway,REGIONAL,PLACE,RESERVED_REFERENCE,UNMAPPED_PENDING_CONSTRUCTION_OR_SURVEY,,true,NGR-08,Derived governed road name catalogue,SHARED_REFERENCE
NG-RD-CAND-000649,NG-NAM-ROA-000649,Sabara Wharf Junction,RURAL,PLACE,RESERVED_REFERENCE,UNMAPPED_PENDING_CONSTRUCTION_OR_SURVEY,,true,NGR-08,Derived governed road name catalogue,SHARED_REFERENCE
NG-RD-CAND-000650,NG-NAM-ROA-000650,Gulf Junction Crossing,ACCESS,PLACE,RESERVED_REFERENCE,UNMAPPED_PENDING_CONSTRUCTION_OR_SURVEY,,true,NGR-08,Derived governed road name catalogue,SHARED_REFERENCE
NG-RD-CAND-000651,NG-NAM-ROA-000651,Tidecross South Road,SERVICE,PLACE,RESERVED_REFERENCE,UNMAPPED_PENDING_CONSTRUCTION_OR_SURVEY,,true,NGR-08,Derived governed road name catalogue,SHARED_REFERENCE
NG-RD-CAND-000652,NG-NAM-ROA-000652,Tidelock Row Street,LOCAL,PLACE,RESERVED_REFERENCE,UNMAPPED_PENDING_CONSTRUCTION_OR_SURVEY,,true,NGR-08,Derived governed road name catalogue,SHARED_REFERENCE
NG-RD-CAND-000653,NG-NAM-ROA-000653,Mangrove Gate Avenue,MUNICIPAL,PLACE,RESERVED_REFERENCE,UNMAPPED_PENDING_CONSTRUCTION_OR_SURVEY,,true,NGR-08,Derived governed road name catalogue,SHARED_REFERENCE
NG-RD-CAND-000654,NG-NAM-ROA-000654,New Moriah North Lane,DISTRICT,PLACE,RESERVED_REFERENCE,UNMAPPED_PENDING_CONSTRUCTION_OR_SURVEY,,true,NGR-08,Derived governed road name catalogue,SHARED_REFERENCE
NG-RD-CAND-000655,NG-NAM-ROA-000655,Tross Line Drive,REGIONAL,PLACE,RESERVED_REFERENCE,UNMAPPED_PENDING_CONSTRUCTION_OR_SURVEY,,true,NGR-08,Derived governed road name catalogue,SHARED_REFERENCE
NG-RD-CAND-000656,NG-NAM-ROA-000656,Beacon Cross Way,RURAL,PLACE,RESERVED_REFERENCE,UNMAPPED_PENDING_CONSTRUCTION_OR_SURVEY,,true,NGR-08,Derived governed road name catalogue,SHARED_REFERENCE
NG-RD-CAND-000657,NG-NAM-ROA-000657,Old Sabara Boulevard,ACCESS,PLACE,RESERVED_REFERENCE,UNMAPPED_PENDING_CONSTRUCTION_OR_SURVEY,,true,NGR-08,Derived governed road name catalogue,SHARED_REFERENCE
NG-RD-CAND-000658,NG-NAM-ROA-000658,Sabara Quay Highway,SERVICE,PLACE,RESERVED_REFERENCE,UNMAPPED_PENDING_CONSTRUCTION_OR_SURVEY,,true,NGR-08,Derived governed road name catalogue,SHARED_REFERENCE
NG-RD-CAND-000659,NG-NAM-ROA-000659,Upper Sabhira Junction,LOCAL,PLACE,RESERVED_REFERENCE,UNMAPPED_PENDING_CONSTRUCTION_OR_SURVEY,,true,NGR-08,Derived governed road name catalogue,SHARED_REFERENCE
NG-RD-CAND-000660,NG-NAM-ROA-000660,Sabhira Creek Crossing,MUNICIPAL,PLACE,RESERVED_REFERENCE,UNMAPPED_PENDING_CONSTRUCTION_OR_SURVEY,,true,NGR-08,Derived governed road name catalogue,SHARED_REFERENCE
NG-RD-CAND-000661,NG-NAM-ROA-000661,East Gulfstone Road,DISTRICT,PLACE,RESERVED_REFERENCE,UNMAPPED_PENDING_CONSTRUCTION_OR_SURVEY,,true,NGR-08,Derived governed road name catalogue,SHARED_REFERENCE
NG-RD-CAND-000662,NG-NAM-ROA-000662,Gulfstone Reach Street,REGIONAL,PLACE,RESERVED_REFERENCE,UNMAPPED_PENDING_CONSTRUCTION_OR_SURVEY,,true,NGR-08,Derived governed road name catalogue,SHARED_REFERENCE
NG-RD-CAND-000663,NG-NAM-ROA-000663,Lower Moriah Port Avenue,RURAL,PLACE,RESERVED_REFERENCE,UNMAPPED_PENDING_CONSTRUCTION_OR_SURVEY,,true,NGR-08,Derived governed road name catalogue,SHARED_REFERENCE
NG-RD-CAND-000664,NG-NAM-ROA-000664,Moriah Port Salt Lane,ACCESS,PLACE,RESERVED_REFERENCE,UNMAPPED_PENDING_CONSTRUCTION_OR_SURVEY,,true,NGR-08,Derived governed road name catalogue,SHARED_REFERENCE
NG-RD-CAND-000665,NG-NAM-ROA-000665,South Varekh Drive,SERVICE,PLACE,RESERVED_REFERENCE,UNMAPPED_PENDING_CONSTRUCTION_OR_SURVEY,,true,NGR-08,Derived governed road name catalogue,SHARED_REFERENCE
NG-RD-CAND-000666,NG-NAM-ROA-000666,Varekh Point Way,LOCAL,PLACE,RESERVED_REFERENCE,UNMAPPED_PENDING_CONSTRUCTION_OR_SURVEY,,true,NGR-08,Derived governed road name catalogue,SHARED_REFERENCE
NG-RD-CAND-000667,NG-NAM-ROA-000667,Saltcross Dock Boulevard,MUNICIPAL,PLACE,RESERVED_REFERENCE,UNMAPPED_PENDING_CONSTRUCTION_OR_SURVEY,,true,NGR-08,Derived governed road name catalogue,SHARED_REFERENCE
NG-RD-CAND-000668,NG-NAM-ROA-000668,Saltcross Flats Highway,DISTRICT,PLACE,RESERVED_REFERENCE,UNMAPPED_PENDING_CONSTRUCTION_OR_SURVEY,,true,NGR-08,Derived governed road name catalogue,SHARED_REFERENCE
NG-RD-CAND-000669,NG-NAM-ROA-000669,North Estuary Ford Junction,REGIONAL,PLACE,RESERVED_REFERENCE,UNMAPPED_PENDING_CONSTRUCTION_OR_SURVEY,,true,NGR-08,Derived governed road name catalogue,SHARED_REFERENCE
NG-RD-CAND-000670,NG-NAM-ROA-000670,Estuary Ford Estuary Crossing,RURAL,PLACE,RESERVED_REFERENCE,UNMAPPED_PENDING_CONSTRUCTION_OR_SURVEY,,true,NGR-08,Derived governed road name catalogue,SHARED_REFERENCE
NG-RD-CAND-000671,NG-NAM-ROA-000671,Tidelock Lock Road,ACCESS,PLACE,RESERVED_REFERENCE,UNMAPPED_PENDING_CONSTRUCTION_OR_SURVEY,,true,NGR-08,Derived governed road name catalogue,SHARED_REFERENCE
NG-RD-CAND-000672,NG-NAM-ROA-000672,Tidelock Bank Street,SERVICE,PLACE,RESERVED_REFERENCE,UNMAPPED_PENDING_CONSTRUCTION_OR_SURVEY,,true,NGR-08,Derived governed road name catalogue,SHARED_REFERENCE
NG-RD-CAND-000673,NG-NAM-ROA-000673,West Cormorant Bay Avenue,LOCAL,PLACE,RESERVED_REFERENCE,UNMAPPED_PENDING_CONSTRUCTION_OR_SURVEY,,true,NGR-08,Derived governed road name catalogue,SHARED_REFERENCE
NG-RD-CAND-000674,NG-NAM-ROA-000674,Cormorant Bay Mangrove Lane,MUNICIPAL,PLACE,RESERVED_REFERENCE,UNMAPPED_PENDING_CONSTRUCTION_OR_SURVEY,,true,NGR-08,Derived governed road name catalogue,SHARED_REFERENCE
NG-RD-CAND-000675,NG-NAM-ROA-000675,Mangrove End Anchorage Drive,DISTRICT,PLACE,RESERVED_REFERENCE,UNMAPPED_PENDING_CONSTRUCTION_OR_SURVEY,,true,NGR-08,Derived governed road name catalogue,SHARED_REFERENCE
NG-RD-CAND-000676,NG-NAM-ROA-000676,Mangrove End Bend Way,REGIONAL,PLACE,RESERVED_REFERENCE,UNMAPPED_PENDING_CONSTRUCTION_OR_SURVEY,,true,NGR-08,Derived governed road name catalogue,SHARED_REFERENCE
NG-RD-CAND-000677,NG-NAM-ROA-000677,Old El Mora Boulevard,RURAL,PLACE,RESERVED_REFERENCE,UNMAPPED_PENDING_CONSTRUCTION_OR_SURVEY,,true,NGR-08,Derived governed road name catalogue,SHARED_REFERENCE
NG-RD-CAND-000678,NG-NAM-ROA-000678,El Mora Gulf Highway,ACCESS,PLACE,RESERVED_REFERENCE,UNMAPPED_PENDING_CONSTRUCTION_OR_SURVEY,,true,NGR-08,Derived governed road name catalogue,SHARED_REFERENCE
NG-RD-CAND-000679,NG-NAM-ROA-000679,Trossport Jetty Junction,SERVICE,PLACE,RESERVED_REFERENCE,UNMAPPED_PENDING_CONSTRUCTION_OR_SURVEY,,true,NGR-08,Derived governed road name catalogue,SHARED_REFERENCE
NG-RD-CAND-000680,NG-NAM-ROA-000680,Trossport Inlet Crossing,LOCAL,PLACE,RESERVED_REFERENCE,UNMAPPED_PENDING_CONSTRUCTION_OR_SURVEY,,true,NGR-08,Derived governed road name catalogue,SHARED_REFERENCE
NG-RD-CAND-000681,NG-NAM-ROA-000681,Upper Varnmouth Road,MUNICIPAL,PLACE,RESERVED_REFERENCE,UNMAPPED_PENDING_CONSTRUCTION_OR_SURVEY,,true,NGR-08,Derived governed road name catalogue,SHARED_REFERENCE
NG-RD-CAND-000682,NG-NAM-ROA-000682,Varnmouth Reach Street,DISTRICT,PLACE,RESERVED_REFERENCE,UNMAPPED_PENDING_CONSTRUCTION_OR_SURVEY,,true,NGR-08,Derived governed road name catalogue,SHARED_REFERENCE
NG-RD-CAND-000683,NG-NAM-ROA-000683,Beacon Wells North Avenue,REGIONAL,PLACE,RESERVED_REFERENCE,UNMAPPED_PENDING_CONSTRUCTION_OR_SURVEY,,true,NGR-08,Derived governed road name catalogue,SHARED_REFERENCE
NG-RD-CAND-000684,NG-NAM-ROA-000684,Beacon Wells Shore Lane,RURAL,PLACE,RESERVED_REFERENCE,UNMAPPED_PENDING_CONSTRUCTION_OR_SURVEY,,true,NGR-08,Derived governed road name catalogue,SHARED_REFERENCE
NG-RD-CAND-000685,NG-NAM-ROA-000685,Crescent Gulf Sands Drive,ACCESS,PLACE,RESERVED_REFERENCE,UNMAPPED_PENDING_CONSTRUCTION_OR_SURVEY,,true,NGR-08,Derived governed road name catalogue,SHARED_REFERENCE
NG-RD-CAND-000686,NG-NAM-ROA-000686,Crescent Gulf Yard Way,SERVICE,PLACE,RESERVED_REFERENCE,UNMAPPED_PENDING_CONSTRUCTION_OR_SURVEY,,true,NGR-08,Derived governed road name catalogue,SHARED_REFERENCE
NG-RD-CAND-000687,NG-NAM-ROA-000687,Spice Basket Boulevard,LOCAL,PLACE,RESERVED_REFERENCE,UNMAPPED_PENDING_CONSTRUCTION_OR_SURVEY,,true,NGR-08,Derived governed road name catalogue,SHARED_REFERENCE
NG-RD-CAND-000688,NG-NAM-ROA-000688,Gulf Market Highway,MUNICIPAL,PLACE,RESERVED_REFERENCE,UNMAPPED_PENDING_CONSTRUCTION_OR_SURVEY,,true,NGR-08,Derived governed road name catalogue,SHARED_REFERENCE
NG-RD-CAND-000689,NG-NAM-ROA-000689,Anchor Exchange Junction,DISTRICT,PLACE,RESERVED_REFERENCE,UNMAPPED_PENDING_CONSTRUCTION_OR_SURVEY,,true,NGR-08,Derived governed road name catalogue,SHARED_REFERENCE
NG-RD-CAND-000690,NG-NAM-ROA-000690,Mangrove Cross Crossing,REGIONAL,PLACE,RESERVED_REFERENCE,UNMAPPED_PENDING_CONSTRUCTION_OR_SURVEY,,true,NGR-08,Derived governed road name catalogue,SHARED_REFERENCE
NG-RD-CAND-000691,NG-NAM-ROA-000691,Customs Gate Road,RURAL,PLACE,RESERVED_REFERENCE,UNMAPPED_PENDING_CONSTRUCTION_OR_SURVEY,,true,NGR-08,Derived governed road name catalogue,SHARED_REFERENCE
NG-RD-CAND-000692,NG-NAM-ROA-000692,Meridian Free Zone Street,ACCESS,PLACE,RESERVED_REFERENCE,UNMAPPED_PENDING_CONSTRUCTION_OR_SURVEY,,true,NGR-08,Derived governed road name catalogue,SHARED_REFERENCE
NG-RD-CAND-000693,NG-NAM-ROA-000693,Gulf Shipworks Estate Avenue,SERVICE,PLACE,RESERVED_REFERENCE,UNMAPPED_PENDING_CONSTRUCTION_OR_SURVEY,,true,NGR-08,Derived governed road name catalogue,SHARED_REFERENCE
NG-RD-CAND-000694,NG-NAM-ROA-000694,Pearl Estuary Lane,LOCAL,PLACE,RESERVED_REFERENCE,UNMAPPED_PENDING_CONSTRUCTION_OR_SURVEY,,true,NGR-08,Derived governed road name catalogue,SHARED_REFERENCE
NG-RD-CAND-000695,NG-NAM-ROA-000695,Mariner's Key Drive,MUNICIPAL,PLACE,RESERVED_REFERENCE,UNMAPPED_PENDING_CONSTRUCTION_OR_SURVEY,,true,NGR-08,Derived governed road name catalogue,SHARED_REFERENCE
NG-RD-CAND-000696,NG-NAM-ROA-000696,Saffron Coast Way,DISTRICT,PLACE,RESERVED_REFERENCE,UNMAPPED_PENDING_CONSTRUCTION_OR_SURVEY,,true,NGR-08,Derived governed road name catalogue,SHARED_REFERENCE
NG-RD-CAND-000697,NG-NAM-ROA-000697,Moriah Key Boulevard,REGIONAL,PLACE,RESERVED_REFERENCE,UNMAPPED_PENDING_CONSTRUCTION_OR_SURVEY,,true,NGR-08,Derived governed road name catalogue,SHARED_REFERENCE
NG-RD-CAND-000698,NG-NAM-ROA-000698,Tross Isle Highway,RURAL,PLACE,RESERVED_REFERENCE,UNMAPPED_PENDING_CONSTRUCTION_OR_SURVEY,,true,NGR-08,Derived governed road name catalogue,SHARED_REFERENCE
NG-RD-CAND-000699,NG-NAM-ROA-000699,Pelican Key Junction,ACCESS,PLACE,RESERVED_REFERENCE,UNMAPPED_PENDING_CONSTRUCTION_OR_SURVEY,,true,NGR-08,Derived governed road name catalogue,SHARED_REFERENCE
NG-RD-CAND-000700,NG-NAM-ROA-000700,Meridian Island Crossing,SERVICE,PLACE,RESERVED_REFERENCE,UNMAPPED_PENDING_CONSTRUCTION_OR_SURVEY,,true,NGR-08,Derived governed road name catalogue,SHARED_REFERENCE
NG-RD-CAND-000701,NG-NAM-ROA-000701,City of Eight Roads Road,LOCAL,NICKNAME,RESERVED_REFERENCE,UNMAPPED_PENDING_CONSTRUCTION_OR_SURVEY,,true,NGR-01,Derived governed road name catalogue,SHARED_REFERENCE
NG-RD-CAND-000702,NG-NAM-ROA-000702,Little Canada Street,MUNICIPAL,NICKNAME,RESERVED_REFERENCE,UNMAPPED_PENDING_CONSTRUCTION_OR_SURVEY,,true,NGR-01,Derived governed road name catalogue,SHARED_REFERENCE
NG-RD-CAND-000703,NG-NAM-ROA-000703,Little Boston Avenue,DISTRICT,NICKNAME,RESERVED_REFERENCE,UNMAPPED_PENDING_CONSTRUCTION_OR_SURVEY,,true,NGR-01,Derived governed road name catalogue,SHARED_REFERENCE
NG-RD-CAND-000704,NG-NAM-ROA-000704,New Seoul Lane,REGIONAL,NICKNAME,RESERVED_REFERENCE,UNMAPPED_PENDING_CONSTRUCTION_OR_SURVEY,,true,NGR-01,Derived governed road name catalogue,SHARED_REFERENCE
NG-RD-CAND-000705,NG-NAM-ROA-000705,Cloud City Drive,RURAL,NICKNAME,RESERVED_REFERENCE,UNMAPPED_PENDING_CONSTRUCTION_OR_SURVEY,,true,NGR-02,Derived governed road name catalogue,SHARED_REFERENCE
NG-RD-CAND-000706,NG-NAM-ROA-000706,Little Zurich Way,ACCESS,NICKNAME,RESERVED_REFERENCE,UNMAPPED_PENDING_CONSTRUCTION_OR_SURVEY,,true,NGR-02,Derived governed road name catalogue,SHARED_REFERENCE
NG-RD-CAND-000707,NG-NAM-ROA-000707,Apple Country Boulevard,SERVICE,NICKNAME,RESERVED_REFERENCE,UNMAPPED_PENDING_CONSTRUCTION_OR_SURVEY,,true,NGR-02,Derived governed road name catalogue,SHARED_REFERENCE
NG-RD-CAND-000708,NG-NAM-ROA-000708,The Balcony Highway,LOCAL,NICKNAME,RESERVED_REFERENCE,UNMAPPED_PENDING_CONSTRUCTION_OR_SURVEY,,true,NGR-02,Derived governed road name catalogue,SHARED_REFERENCE
NG-RD-CAND-000709,NG-NAM-ROA-000709,Ski Village Junction,MUNICIPAL,NICKNAME,RESERVED_REFERENCE,UNMAPPED_PENDING_CONSTRUCTION_OR_SURVEY,,true,NGR-02,Derived governed road name catalogue,SHARED_REFERENCE
NG-RD-CAND-000710,NG-NAM-ROA-000710,The Granary Crossing,DISTRICT,NICKNAME,RESERVED_REFERENCE,UNMAPPED_PENDING_CONSTRUCTION_OR_SURVEY,,true,NGR-03,Derived governed road name catalogue,SHARED_REFERENCE
NG-RD-CAND-000711,NG-NAM-ROA-000711,The Grain Box Road,REGIONAL,NICKNAME,RESERVED_REFERENCE,UNMAPPED_PENDING_CONSTRUCTION_OR_SURVEY,,true,NGR-03,Derived governed road name catalogue,SHARED_REFERENCE
NG-RD-CAND-000712,NG-NAM-ROA-000712,Little Shenzhen Street,RURAL,NICKNAME,RESERVED_REFERENCE,UNMAPPED_PENDING_CONSTRUCTION_OR_SURVEY,,true,NGR-03,Derived governed road name catalogue,SHARED_REFERENCE
NG-RD-CAND-000713,NG-NAM-ROA-000713,Little Italy Avenue,ACCESS,NICKNAME,RESERVED_REFERENCE,UNMAPPED_PENDING_CONSTRUCTION_OR_SURVEY,,true,NGR-03,Derived governed road name catalogue,SHARED_REFERENCE
NG-RD-CAND-000714,NG-NAM-ROA-000714,The Mirror Lane,SERVICE,NICKNAME,RESERVED_REFERENCE,UNMAPPED_PENDING_CONSTRUCTION_OR_SURVEY,,true,NGR-04,Derived governed road name catalogue,SHARED_REFERENCE
NG-RD-CAND-000715,NG-NAM-ROA-000715,Little Amsterdam Drive,LOCAL,NICKNAME,RESERVED_REFERENCE,UNMAPPED_PENDING_CONSTRUCTION_OR_SURVEY,,true,NGR-04,Derived governed road name catalogue,SHARED_REFERENCE
NG-RD-CAND-000716,NG-NAM-ROA-000716,Reed City Way,MUNICIPAL,NICKNAME,RESERVED_REFERENCE,UNMAPPED_PENDING_CONSTRUCTION_OR_SURVEY,,true,NGR-04,Derived governed road name catalogue,SHARED_REFERENCE
NG-RD-CAND-000717,NG-NAM-ROA-000717,Lotus Bay Boulevard,DISTRICT,NICKNAME,RESERVED_REFERENCE,UNMAPPED_PENDING_CONSTRUCTION_OR_SURVEY,,true,NGR-04,Derived governed road name catalogue,SHARED_REFERENCE
NG-RD-CAND-000718,NG-NAM-ROA-000718,Glasswater Highway,REGIONAL,NICKNAME,RESERVED_REFERENCE,UNMAPPED_PENDING_CONSTRUCTION_OR_SURVEY,,true,NGR-04,Derived governed road name catalogue,SHARED_REFERENCE
NG-RD-CAND-000719,NG-NAM-ROA-000719,Bird Island Junction,RURAL,NICKNAME,RESERVED_REFERENCE,UNMAPPED_PENDING_CONSTRUCTION_OR_SURVEY,,true,NGR-04,Derived governed road name catalogue,SHARED_REFERENCE
NG-RD-CAND-000720,NG-NAM-ROA-000720,Green Crown Crossing,ACCESS,NICKNAME,RESERVED_REFERENCE,UNMAPPED_PENDING_CONSTRUCTION_OR_SURVEY,,true,NGR-05,Derived governed road name catalogue,SHARED_REFERENCE
NG-RD-CAND-000721,NG-NAM-ROA-000721,Lab City Road,SERVICE,NICKNAME,RESERVED_REFERENCE,UNMAPPED_PENDING_CONSTRUCTION_OR_SURVEY,,true,NGR-05,Derived governed road name catalogue,SHARED_REFERENCE
NG-RD-CAND-000722,NG-NAM-ROA-000722,Sakura Town Street,LOCAL,NICKNAME,RESERVED_REFERENCE,UNMAPPED_PENDING_CONSTRUCTION_OR_SURVEY,,true,NGR-05,Derived governed road name catalogue,SHARED_REFERENCE
NG-RD-CAND-000723,NG-NAM-ROA-000723,Green Cathedral Avenue,MUNICIPAL,NICKNAME,RESERVED_REFERENCE,UNMAPPED_PENDING_CONSTRUCTION_OR_SURVEY,,true,NGR-05,Derived governed road name catalogue,SHARED_REFERENCE
NG-RD-CAND-000724,NG-NAM-ROA-000724,Sun City Lane,DISTRICT,NICKNAME,RESERVED_REFERENCE,UNMAPPED_PENDING_CONSTRUCTION_OR_SURVEY,,true,NGR-06,Derived governed road name catalogue,SHARED_REFERENCE
NG-RD-CAND-000725,NG-NAM-ROA-000725,The Brightside Drive,REGIONAL,NICKNAME,RESERVED_REFERENCE,UNMAPPED_PENDING_CONSTRUCTION_OR_SURVEY,,true,NGR-06,Derived governed road name catalogue,SHARED_REFERENCE
NG-RD-CAND-000726,NG-NAM-ROA-000726,Little Dubai Way,RURAL,NICKNAME,RESERVED_REFERENCE,UNMAPPED_PENDING_CONSTRUCTION_OR_SURVEY,,true,NGR-06,Derived governed road name catalogue,SHARED_REFERENCE
NG-RD-CAND-000727,NG-NAM-ROA-000727,The Red Mile Boulevard,ACCESS,NICKNAME,RESERVED_REFERENCE,UNMAPPED_PENDING_CONSTRUCTION_OR_SURVEY,,true,NGR-06,Derived governed road name catalogue,SHARED_REFERENCE
NG-RD-CAND-000728,NG-NAM-ROA-000728,Golden Camp Highway,SERVICE,NICKNAME,RESERVED_REFERENCE,UNMAPPED_PENDING_CONSTRUCTION_OR_SURVEY,,true,NGR-06,Derived governed road name catalogue,SHARED_REFERENCE
NG-RD-CAND-000729,NG-NAM-ROA-000729,Pearl of the East Junction,LOCAL,NICKNAME,RESERVED_REFERENCE,UNMAPPED_PENDING_CONSTRUCTION_OR_SURVEY,,true,NGR-07,Derived governed road name catalogue,SHARED_REFERENCE
NG-RD-CAND-000730,NG-NAM-ROA-000730,The Canvas Crossing,MUNICIPAL,NICKNAME,RESERVED_REFERENCE,UNMAPPED_PENDING_CONSTRUCTION_OR_SURVEY,,true,NGR-07,Derived governed road name catalogue,SHARED_REFERENCE
NG-RD-CAND-000731,NG-NAM-ROA-000731,Nordic Row Road,DISTRICT,NICKNAME,RESERVED_REFERENCE,UNMAPPED_PENDING_CONSTRUCTION_OR_SURVEY,,true,NGR-07,Derived governed road name catalogue,SHARED_REFERENCE
NG-RD-CAND-000732,NG-NAM-ROA-000732,Little France Street,REGIONAL,NICKNAME,RESERVED_REFERENCE,UNMAPPED_PENDING_CONSTRUCTION_OR_SURVEY,,true,NGR-07,Derived governed road name catalogue,SHARED_REFERENCE
NG-RD-CAND-000733,NG-NAM-ROA-000733,Honeymoon Coast Avenue,RURAL,NICKNAME,RESERVED_REFERENCE,UNMAPPED_PENDING_CONSTRUCTION_OR_SURVEY,,true,NGR-07,Derived governed road name catalogue,SHARED_REFERENCE
NG-RD-CAND-000734,NG-NAM-ROA-000734,The Blue Strip Lane,ACCESS,NICKNAME,RESERVED_REFERENCE,UNMAPPED_PENDING_CONSTRUCTION_OR_SURVEY,,true,NGR-07,Derived governed road name catalogue,SHARED_REFERENCE
NG-RD-CAND-000735,NG-NAM-ROA-000735,Divers' Crescent Drive,SERVICE,NICKNAME,RESERVED_REFERENCE,UNMAPPED_PENDING_CONSTRUCTION_OR_SURVEY,,true,NGR-07,Derived governed road name catalogue,SHARED_REFERENCE
NG-RD-CAND-000736,NG-NAM-ROA-000736,Writers' Island Way,LOCAL,NICKNAME,RESERVED_REFERENCE,UNMAPPED_PENDING_CONSTRUCTION_OR_SURVEY,,true,NGR-07,Derived governed road name catalogue,SHARED_REFERENCE
NG-RD-CAND-000737,NG-NAM-ROA-000737,The Bell Boulevard,MUNICIPAL,NICKNAME,RESERVED_REFERENCE,UNMAPPED_PENDING_CONSTRUCTION_OR_SURVEY,,true,NGR-07,Derived governed road name catalogue,SHARED_REFERENCE
NG-RD-CAND-000738,NG-NAM-ROA-000738,Sail Isle Highway,DISTRICT,NICKNAME,RESERVED_REFERENCE,UNMAPPED_PENDING_CONSTRUCTION_OR_SURVEY,,true,NGR-07,Derived governed road name catalogue,SHARED_REFERENCE
NG-RD-CAND-000739,NG-NAM-ROA-000739,Gateway Gulf Junction,REGIONAL,NICKNAME,RESERVED_REFERENCE,UNMAPPED_PENDING_CONSTRUCTION_OR_SURVEY,,true,NGR-08,Derived governed road name catalogue,SHARED_REFERENCE
NG-RD-CAND-000740,NG-NAM-ROA-000740,The Docks Crossing,RURAL,NICKNAME,RESERVED_REFERENCE,UNMAPPED_PENDING_CONSTRUCTION_OR_SURVEY,,true,NGR-08,Derived governed road name catalogue,SHARED_REFERENCE
NG-RD-CAND-000741,NG-NAM-ROA-000741,The Nine Road,ACCESS,NICKNAME,RESERVED_REFERENCE,UNMAPPED_PENDING_CONSTRUCTION_OR_SURVEY,,true,NGR-08,Derived governed road name catalogue,SHARED_REFERENCE
NG-RD-CAND-000742,NG-NAM-ROA-000742,Little Mumbai Street,SERVICE,NICKNAME,RESERVED_REFERENCE,UNMAPPED_PENDING_CONSTRUCTION_OR_SURVEY,,true,NGR-08,Derived governed road name catalogue,SHARED_REFERENCE
NG-RD-CAND-000743,NG-NAM-ROA-000743,Little Portugal Avenue,LOCAL,NICKNAME,RESERVED_REFERENCE,UNMAPPED_PENDING_CONSTRUCTION_OR_SURVEY,,true,NGR-08,Derived governed road name catalogue,SHARED_REFERENCE
NG-RD-CAND-000744,NG-NAM-ROA-000744,The Pearl Lane,MUNICIPAL,NICKNAME,RESERVED_REFERENCE,UNMAPPED_PENDING_CONSTRUCTION_OR_SURVEY,,true,NGR-08,Derived governed road name catalogue,SHARED_REFERENCE
NG-RD-CAND-000745,NG-NAM-ROA-000745,Sailors' Rest Drive,DISTRICT,NICKNAME,RESERVED_REFERENCE,UNMAPPED_PENDING_CONSTRUCTION_OR_SURVEY,,true,NGR-08,Derived governed road name catalogue,SHARED_REFERENCE
NG-RD-CAND-000746,NG-NAM-ROA-000746,Spice Coast Way,REGIONAL,NICKNAME,RESERVED_REFERENCE,UNMAPPED_PENDING_CONSTRUCTION_OR_SURVEY,,true,NGR-08,Derived governed road name catalogue,SHARED_REFERENCE
NG-RD-CAND-000747,NG-NAM-ROA-000747,Spice Island Boulevard,RURAL,NICKNAME,RESERVED_REFERENCE,UNMAPPED_PENDING_CONSTRUCTION_OR_SURVEY,,true,NGR-08,Derived governed road name catalogue,SHARED_REFERENCE
NG-RD-CAND-000748,NG-NAM-ROA-000748,Northman's Key Highway,ACCESS,NICKNAME,RESERVED_REFERENCE,UNMAPPED_PENDING_CONSTRUCTION_OR_SURVEY,,true,NGR-08,Derived governed road name catalogue,SHARED_REFERENCE
NG-RD-CAND-000749,NG-NAM-ROA-000749,Pelican Rock Junction,SERVICE,NICKNAME,RESERVED_REFERENCE,UNMAPPED_PENDING_CONSTRUCTION_OR_SURVEY,,true,NGR-08,Derived governed road name catalogue,SHARED_REFERENCE
NG-RD-CAND-000750,NG-NAM-ROA-000750,Freeport Isle Crossing,LOCAL,NICKNAME,RESERVED_REFERENCE,UNMAPPED_PENDING_CONSTRUCTION_OR_SURVEY,,true,NGR-08,Derived governed road name catalogue,SHARED_REFERENCE
NG-RD-CAND-000751,NG-NAM-ROA-000751,Aaron Road,MUNICIPAL,PERSON_GIVEN,RESERVED_REFERENCE,UNMAPPED_PENDING_CONSTRUCTION_OR_SURVEY,,true,,Derived governed road name catalogue,SHARED_REFERENCE
NG-RD-CAND-000752,NG-NAM-ROA-000752,Albie Street,DISTRICT,PERSON_GIVEN,RESERVED_REFERENCE,UNMAPPED_PENDING_CONSTRUCTION_OR_SURVEY,,true,,Derived governed road name catalogue,SHARED_REFERENCE
NG-RD-CAND-000753,NG-NAM-ROA-000753,Alexander Avenue,REGIONAL,PERSON_GIVEN,RESERVED_REFERENCE,UNMAPPED_PENDING_CONSTRUCTION_OR_SURVEY,,true,,Derived governed road name catalogue,SHARED_REFERENCE
NG-RD-CAND-000754,NG-NAM-ROA-000754,Alfie Lane,RURAL,PERSON_GIVEN,RESERVED_REFERENCE,UNMAPPED_PENDING_CONSTRUCTION_OR_SURVEY,,true,,Derived governed road name catalogue,SHARED_REFERENCE
NG-RD-CAND-000755,NG-NAM-ROA-000755,Alfieanna Drive,ACCESS,PERSON_GIVEN,RESERVED_REFERENCE,UNMAPPED_PENDING_CONSTRUCTION_OR_SURVEY,,true,,Derived governed road name catalogue,SHARED_REFERENCE
NG-RD-CAND-000756,NG-NAM-ROA-000756,Alfieanne Way,SERVICE,PERSON_GIVEN,RESERVED_REFERENCE,UNMAPPED_PENDING_CONSTRUCTION_OR_SURVEY,,true,,Derived governed road name catalogue,SHARED_REFERENCE
NG-RD-CAND-000757,NG-NAM-ROA-000757,Alfiebel Boulevard,LOCAL,PERSON_GIVEN,RESERVED_REFERENCE,UNMAPPED_PENDING_CONSTRUCTION_OR_SURVEY,,true,,Derived governed road name catalogue,SHARED_REFERENCE
NG-RD-CAND-000758,NG-NAM-ROA-000758,Alfiebeth Highway,MUNICIPAL,PERSON_GIVEN,RESERVED_REFERENCE,UNMAPPED_PENDING_CONSTRUCTION_OR_SURVEY,,true,,Derived governed road name catalogue,SHARED_REFERENCE
NG-RD-CAND-000759,NG-NAM-ROA-000759,Alfiedan Junction,DISTRICT,PERSON_GIVEN,RESERVED_REFERENCE,UNMAPPED_PENDING_CONSTRUCTION_OR_SURVEY,,true,,Derived governed road name catalogue,SHARED_REFERENCE
NG-RD-CAND-000760,NG-NAM-ROA-000760,Alfiejo Crossing,REGIONAL,PERSON_GIVEN,RESERVED_REFERENCE,UNMAPPED_PENDING_CONSTRUCTION_OR_SURVEY,,true,,Derived governed road name catalogue,SHARED_REFERENCE
NG-RD-CAND-000761,NG-NAM-ROA-000761,Alfielee Road,RURAL,PERSON_GIVEN,RESERVED_REFERENCE,UNMAPPED_PENDING_CONSTRUCTION_OR_SURVEY,,true,,Derived governed road name catalogue,SHARED_REFERENCE
NG-RD-CAND-000762,NG-NAM-ROA-000762,Alfielyn Street,ACCESS,PERSON_GIVEN,RESERVED_REFERENCE,UNMAPPED_PENDING_CONSTRUCTION_OR_SURVEY,,true,,Derived governed road name catalogue,SHARED_REFERENCE
NG-RD-CAND-000763,NG-NAM-ROA-000763,Alfiemae Avenue,SERVICE,PERSON_GIVEN,RESERVED_REFERENCE,UNMAPPED_PENDING_CONSTRUCTION_OR_SURVEY,,true,,Derived governed road name catalogue,SHARED_REFERENCE
NG-RD-CAND-000764,NG-NAM-ROA-000764,Alfieray Lane,LOCAL,PERSON_GIVEN,RESERVED_REFERENCE,UNMAPPED_PENDING_CONSTRUCTION_OR_SURVEY,,true,,Derived governed road name catalogue,SHARED_REFERENCE
NG-RD-CAND-000765,NG-NAM-ROA-000765,Alfierose Drive,MUNICIPAL,PERSON_GIVEN,RESERVED_REFERENCE,UNMAPPED_PENDING_CONSTRUCTION_OR_SURVEY,,true,,Derived governed road name catalogue,SHARED_REFERENCE
NG-RD-CAND-000766,NG-NAM-ROA-000766,Alfieton Way,DISTRICT,PERSON_GIVEN,RESERVED_REFERENCE,UNMAPPED_PENDING_CONSTRUCTION_OR_SURVEY,,true,,Derived governed road name catalogue,SHARED_REFERENCE
NG-RD-CAND-000767,NG-NAM-ROA-000767,Andrew Boulevard,REGIONAL,PERSON_GIVEN,RESERVED_REFERENCE,UNMAPPED_PENDING_CONSTRUCTION_OR_SURVEY,,true,,Derived governed road name catalogue,SHARED_REFERENCE
NG-RD-CAND-000768,NG-NAM-ROA-000768,Anthony Highway,RURAL,PERSON_GIVEN,RESERVED_REFERENCE,UNMAPPED_PENDING_CONSTRUCTION_OR_SURVEY,,true,,Derived governed road name catalogue,SHARED_REFERENCE
NG-RD-CAND-000769,NG-NAM-ROA-000769,Archie Junction,ACCESS,PERSON_GIVEN,RESERVED_REFERENCE,UNMAPPED_PENDING_CONSTRUCTION_OR_SURVEY,,true,,Derived governed road name catalogue,SHARED_REFERENCE
NG-RD-CAND-000770,NG-NAM-ROA-000770,Archieanna Crossing,SERVICE,PERSON_GIVEN,RESERVED_REFERENCE,UNMAPPED_PENDING_CONSTRUCTION_OR_SURVEY,,true,,Derived governed road name catalogue,SHARED_REFERENCE
NG-RD-CAND-000771,NG-NAM-ROA-000771,Archieanne Road,LOCAL,PERSON_GIVEN,RESERVED_REFERENCE,UNMAPPED_PENDING_CONSTRUCTION_OR_SURVEY,,true,,Derived governed road name catalogue,SHARED_REFERENCE
NG-RD-CAND-000772,NG-NAM-ROA-000772,Archiebel Street,MUNICIPAL,PERSON_GIVEN,RESERVED_REFERENCE,UNMAPPED_PENDING_CONSTRUCTION_OR_SURVEY,,true,,Derived governed road name catalogue,SHARED_REFERENCE
NG-RD-CAND-000773,NG-NAM-ROA-000773,Archiebeth Avenue,DISTRICT,PERSON_GIVEN,RESERVED_REFERENCE,UNMAPPED_PENDING_CONSTRUCTION_OR_SURVEY,,true,,Derived governed road name catalogue,SHARED_REFERENCE
NG-RD-CAND-000774,NG-NAM-ROA-000774,Archiedan Lane,REGIONAL,PERSON_GIVEN,RESERVED_REFERENCE,UNMAPPED_PENDING_CONSTRUCTION_OR_SURVEY,,true,,Derived governed road name catalogue,SHARED_REFERENCE
NG-RD-CAND-000775,NG-NAM-ROA-000775,Archiejo Drive,RURAL,PERSON_GIVEN,RESERVED_REFERENCE,UNMAPPED_PENDING_CONSTRUCTION_OR_SURVEY,,true,,Derived governed road name catalogue,SHARED_REFERENCE
NG-RD-CAND-000776,NG-NAM-ROA-000776,Archielee Way,ACCESS,PERSON_GIVEN,RESERVED_REFERENCE,UNMAPPED_PENDING_CONSTRUCTION_OR_SURVEY,,true,,Derived governed road name catalogue,SHARED_REFERENCE
NG-RD-CAND-000777,NG-NAM-ROA-000777,Archielyn Boulevard,SERVICE,PERSON_GIVEN,RESERVED_REFERENCE,UNMAPPED_PENDING_CONSTRUCTION_OR_SURVEY,,true,,Derived governed road name catalogue,SHARED_REFERENCE
NG-RD-CAND-000778,NG-NAM-ROA-000778,Archiemae Highway,LOCAL,PERSON_GIVEN,RESERVED_REFERENCE,UNMAPPED_PENDING_CONSTRUCTION_OR_SURVEY,,true,,Derived governed road name catalogue,SHARED_REFERENCE
NG-RD-CAND-000779,NG-NAM-ROA-000779,Archieray Junction,MUNICIPAL,PERSON_GIVEN,RESERVED_REFERENCE,UNMAPPED_PENDING_CONSTRUCTION_OR_SURVEY,,true,,Derived governed road name catalogue,SHARED_REFERENCE
NG-RD-CAND-000780,NG-NAM-ROA-000780,Archierose Crossing,DISTRICT,PERSON_GIVEN,RESERVED_REFERENCE,UNMAPPED_PENDING_CONSTRUCTION_OR_SURVEY,,true,,Derived governed road name catalogue,SHARED_REFERENCE
NG-RD-CAND-000781,NG-NAM-ROA-000781,Archieton Road,REGIONAL,PERSON_GIVEN,RESERVED_REFERENCE,UNMAPPED_PENDING_CONSTRUCTION_OR_SURVEY,,true,,Derived governed road name catalogue,SHARED_REFERENCE
NG-RD-CAND-000782,NG-NAM-ROA-000782,Arlo Street,RURAL,PERSON_GIVEN,RESERVED_REFERENCE,UNMAPPED_PENDING_CONSTRUCTION_OR_SURVEY,,true,,Derived governed road name catalogue,SHARED_REFERENCE
NG-RD-CAND-000783,NG-NAM-ROA-000783,Arthur Avenue,ACCESS,PERSON_GIVEN,RESERVED_REFERENCE,UNMAPPED_PENDING_CONSTRUCTION_OR_SURVEY,,true,,Derived governed road name catalogue,SHARED_REFERENCE
NG-RD-CAND-000784,NG-NAM-ROA-000784,Austin Lane,SERVICE,PERSON_GIVEN,RESERVED_REFERENCE,UNMAPPED_PENDING_CONSTRUCTION_OR_SURVEY,,true,,Derived governed road name catalogue,SHARED_REFERENCE
NG-RD-CAND-000785,NG-NAM-ROA-000785,Austinanna Drive,LOCAL,PERSON_GIVEN,RESERVED_REFERENCE,UNMAPPED_PENDING_CONSTRUCTION_OR_SURVEY,,true,,Derived governed road name catalogue,SHARED_REFERENCE
NG-RD-CAND-000786,NG-NAM-ROA-000786,Austinanne Way,MUNICIPAL,PERSON_GIVEN,RESERVED_REFERENCE,UNMAPPED_PENDING_CONSTRUCTION_OR_SURVEY,,true,,Derived governed road name catalogue,SHARED_REFERENCE
NG-RD-CAND-000787,NG-NAM-ROA-000787,Austinbel Boulevard,DISTRICT,PERSON_GIVEN,RESERVED_REFERENCE,UNMAPPED_PENDING_CONSTRUCTION_OR_SURVEY,,true,,Derived governed road name catalogue,SHARED_REFERENCE
NG-RD-CAND-000788,NG-NAM-ROA-000788,Austinbeth Highway,REGIONAL,PERSON_GIVEN,RESERVED_REFERENCE,UNMAPPED_PENDING_CONSTRUCTION_OR_SURVEY,,true,,Derived governed road name catalogue,SHARED_REFERENCE
NG-RD-CAND-000789,NG-NAM-ROA-000789,Austindan Junction,RURAL,PERSON_GIVEN,RESERVED_REFERENCE,UNMAPPED_PENDING_CONSTRUCTION_OR_SURVEY,,true,,Derived governed road name catalogue,SHARED_REFERENCE
NG-RD-CAND-000790,NG-NAM-ROA-000790,Austinjo Crossing,ACCESS,PERSON_GIVEN,RESERVED_REFERENCE,UNMAPPED_PENDING_CONSTRUCTION_OR_SURVEY,,true,,Derived governed road name catalogue,SHARED_REFERENCE
NG-RD-CAND-000791,NG-NAM-ROA-000791,Austinlee Road,SERVICE,PERSON_GIVEN,RESERVED_REFERENCE,UNMAPPED_PENDING_CONSTRUCTION_OR_SURVEY,,true,,Derived governed road name catalogue,SHARED_REFERENCE
NG-RD-CAND-000792,NG-NAM-ROA-000792,Austinlyn Street,LOCAL,PERSON_GIVEN,RESERVED_REFERENCE,UNMAPPED_PENDING_CONSTRUCTION_OR_SURVEY,,true,,Derived governed road name catalogue,SHARED_REFERENCE
NG-RD-CAND-000793,NG-NAM-ROA-000793,Austinmae Avenue,MUNICIPAL,PERSON_GIVEN,RESERVED_REFERENCE,UNMAPPED_PENDING_CONSTRUCTION_OR_SURVEY,,true,,Derived governed road name catalogue,SHARED_REFERENCE
NG-RD-CAND-000794,NG-NAM-ROA-000794,Austinray Lane,DISTRICT,PERSON_GIVEN,RESERVED_REFERENCE,UNMAPPED_PENDING_CONSTRUCTION_OR_SURVEY,,true,,Derived governed road name catalogue,SHARED_REFERENCE
NG-RD-CAND-000795,NG-NAM-ROA-000795,Austinrose Drive,REGIONAL,PERSON_GIVEN,RESERVED_REFERENCE,UNMAPPED_PENDING_CONSTRUCTION_OR_SURVEY,,true,,Derived governed road name catalogue,SHARED_REFERENCE
NG-RD-CAND-000796,NG-NAM-ROA-000796,Austinton Way,RURAL,PERSON_GIVEN,RESERVED_REFERENCE,UNMAPPED_PENDING_CONSTRUCTION_OR_SURVEY,,true,,Derived governed road name catalogue,SHARED_REFERENCE
NG-RD-CAND-000797,NG-NAM-ROA-000797,Benjamin Boulevard,ACCESS,PERSON_GIVEN,RESERVED_REFERENCE,UNMAPPED_PENDING_CONSTRUCTION_OR_SURVEY,,true,,Derived governed road name catalogue,SHARED_REFERENCE
NG-RD-CAND-000798,NG-NAM-ROA-000798,Bobby Highway,SERVICE,PERSON_GIVEN,RESERVED_REFERENCE,UNMAPPED_PENDING_CONSTRUCTION_OR_SURVEY,,true,,Derived governed road name catalogue,SHARED_REFERENCE
NG-RD-CAND-000799,NG-NAM-ROA-000799,Bradley Junction,LOCAL,PERSON_GIVEN,RESERVED_REFERENCE,UNMAPPED_PENDING_CONSTRUCTION_OR_SURVEY,,true,,Derived governed road name catalogue,SHARED_REFERENCE
NG-RD-CAND-000800,NG-NAM-ROA-000800,Bradleyanna Crossing,MUNICIPAL,PERSON_GIVEN,RESERVED_REFERENCE,UNMAPPED_PENDING_CONSTRUCTION_OR_SURVEY,,true,,Derived governed road name catalogue,SHARED_REFERENCE
NG-RD-CAND-000801,NG-NAM-ROA-000801,Bradleyanne Road,DISTRICT,PERSON_GIVEN,RESERVED_REFERENCE,UNMAPPED_PENDING_CONSTRUCTION_OR_SURVEY,,true,,Derived governed road name catalogue,SHARED_REFERENCE
NG-RD-CAND-000802,NG-NAM-ROA-000802,Bradleybel Street,REGIONAL,PERSON_GIVEN,RESERVED_REFERENCE,UNMAPPED_PENDING_CONSTRUCTION_OR_SURVEY,,true,,Derived governed road name catalogue,SHARED_REFERENCE
NG-RD-CAND-000803,NG-NAM-ROA-000803,Bradleybeth Avenue,RURAL,PERSON_GIVEN,RESERVED_REFERENCE,UNMAPPED_PENDING_CONSTRUCTION_OR_SURVEY,,true,,Derived governed road name catalogue,SHARED_REFERENCE
NG-RD-CAND-000804,NG-NAM-ROA-000804,Bradleydan Lane,ACCESS,PERSON_GIVEN,RESERVED_REFERENCE,UNMAPPED_PENDING_CONSTRUCTION_OR_SURVEY,,true,,Derived governed road name catalogue,SHARED_REFERENCE
NG-RD-CAND-000805,NG-NAM-ROA-000805,Bradleyjo Drive,SERVICE,PERSON_GIVEN,RESERVED_REFERENCE,UNMAPPED_PENDING_CONSTRUCTION_OR_SURVEY,,true,,Derived governed road name catalogue,SHARED_REFERENCE
NG-RD-CAND-000806,NG-NAM-ROA-000806,Bradleylee Way,LOCAL,PERSON_GIVEN,RESERVED_REFERENCE,UNMAPPED_PENDING_CONSTRUCTION_OR_SURVEY,,true,,Derived governed road name catalogue,SHARED_REFERENCE
NG-RD-CAND-000807,NG-NAM-ROA-000807,Bradleylyn Boulevard,MUNICIPAL,PERSON_GIVEN,RESERVED_REFERENCE,UNMAPPED_PENDING_CONSTRUCTION_OR_SURVEY,,true,,Derived governed road name catalogue,SHARED_REFERENCE
NG-RD-CAND-000808,NG-NAM-ROA-000808,Bradleymae Highway,DISTRICT,PERSON_GIVEN,RESERVED_REFERENCE,UNMAPPED_PENDING_CONSTRUCTION_OR_SURVEY,,true,,Derived governed road name catalogue,SHARED_REFERENCE
NG-RD-CAND-000809,NG-NAM-ROA-000809,Bradleyray Junction,REGIONAL,PERSON_GIVEN,RESERVED_REFERENCE,UNMAPPED_PENDING_CONSTRUCTION_OR_SURVEY,,true,,Derived governed road name catalogue,SHARED_REFERENCE
NG-RD-CAND-000810,NG-NAM-ROA-000810,Bradleyrose Crossing,RURAL,PERSON_GIVEN,RESERVED_REFERENCE,UNMAPPED_PENDING_CONSTRUCTION_OR_SURVEY,,true,,Derived governed road name catalogue,SHARED_REFERENCE
NG-RD-CAND-000811,NG-NAM-ROA-000811,Bradleyton Road,ACCESS,PERSON_GIVEN,RESERVED_REFERENCE,UNMAPPED_PENDING_CONSTRUCTION_OR_SURVEY,,true,,Derived governed road name catalogue,SHARED_REFERENCE
NG-RD-CAND-000812,NG-NAM-ROA-000812,Brandon Street,SERVICE,PERSON_GIVEN,RESERVED_REFERENCE,UNMAPPED_PENDING_CONSTRUCTION_OR_SURVEY,,true,,Derived governed road name catalogue,SHARED_REFERENCE
NG-RD-CAND-000813,NG-NAM-ROA-000813,Brandonanna Avenue,LOCAL,PERSON_GIVEN,RESERVED_REFERENCE,UNMAPPED_PENDING_CONSTRUCTION_OR_SURVEY,,true,,Derived governed road name catalogue,SHARED_REFERENCE
NG-RD-CAND-000814,NG-NAM-ROA-000814,Brandonanne Lane,MUNICIPAL,PERSON_GIVEN,RESERVED_REFERENCE,UNMAPPED_PENDING_CONSTRUCTION_OR_SURVEY,,true,,Derived governed road name catalogue,SHARED_REFERENCE
NG-RD-CAND-000815,NG-NAM-ROA-000815,Brandonbel Drive,DISTRICT,PERSON_GIVEN,RESERVED_REFERENCE,UNMAPPED_PENDING_CONSTRUCTION_OR_SURVEY,,true,,Derived governed road name catalogue,SHARED_REFERENCE
NG-RD-CAND-000816,NG-NAM-ROA-000816,Brandonbeth Way,REGIONAL,PERSON_GIVEN,RESERVED_REFERENCE,UNMAPPED_PENDING_CONSTRUCTION_OR_SURVEY,,true,,Derived governed road name catalogue,SHARED_REFERENCE
NG-RD-CAND-000817,NG-NAM-ROA-000817,Brandondan Boulevard,RURAL,PERSON_GIVEN,RESERVED_REFERENCE,UNMAPPED_PENDING_CONSTRUCTION_OR_SURVEY,,true,,Derived governed road name catalogue,SHARED_REFERENCE
NG-RD-CAND-000818,NG-NAM-ROA-000818,Brandonjo Highway,ACCESS,PERSON_GIVEN,RESERVED_REFERENCE,UNMAPPED_PENDING_CONSTRUCTION_OR_SURVEY,,true,,Derived governed road name catalogue,SHARED_REFERENCE
NG-RD-CAND-000819,NG-NAM-ROA-000819,Brandonlee Junction,SERVICE,PERSON_GIVEN,RESERVED_REFERENCE,UNMAPPED_PENDING_CONSTRUCTION_OR_SURVEY,,true,,Derived governed road name catalogue,SHARED_REFERENCE
NG-RD-CAND-000820,NG-NAM-ROA-000820,Brandonlyn Crossing,LOCAL,PERSON_GIVEN,RESERVED_REFERENCE,UNMAPPED_PENDING_CONSTRUCTION_OR_SURVEY,,true,,Derived governed road name catalogue,SHARED_REFERENCE
NG-RD-CAND-000821,NG-NAM-ROA-000821,Brandonmae Road,MUNICIPAL,PERSON_GIVEN,RESERVED_REFERENCE,UNMAPPED_PENDING_CONSTRUCTION_OR_SURVEY,,true,,Derived governed road name catalogue,SHARED_REFERENCE
NG-RD-CAND-000822,NG-NAM-ROA-000822,Brandonray Street,DISTRICT,PERSON_GIVEN,RESERVED_REFERENCE,UNMAPPED_PENDING_CONSTRUCTION_OR_SURVEY,,true,,Derived governed road name catalogue,SHARED_REFERENCE
NG-RD-CAND-000823,NG-NAM-ROA-000823,Brandonrose Avenue,REGIONAL,PERSON_GIVEN,RESERVED_REFERENCE,UNMAPPED_PENDING_CONSTRUCTION_OR_SURVEY,,true,,Derived governed road name catalogue,SHARED_REFERENCE
NG-RD-CAND-000824,NG-NAM-ROA-000824,Brandonton Lane,RURAL,PERSON_GIVEN,RESERVED_REFERENCE,UNMAPPED_PENDING_CONSTRUCTION_OR_SURVEY,,true,,Derived governed road name catalogue,SHARED_REFERENCE
NG-RD-CAND-000825,NG-NAM-ROA-000825,Caleb Drive,ACCESS,PERSON_GIVEN,RESERVED_REFERENCE,UNMAPPED_PENDING_CONSTRUCTION_OR_SURVEY,,true,,Derived governed road name catalogue,SHARED_REFERENCE
NG-RD-CAND-000826,NG-NAM-ROA-000826,Calebanna Way,SERVICE,PERSON_GIVEN,RESERVED_REFERENCE,UNMAPPED_PENDING_CONSTRUCTION_OR_SURVEY,,true,,Derived governed road name catalogue,SHARED_REFERENCE
NG-RD-CAND-000827,NG-NAM-ROA-000827,Calebanne Boulevard,LOCAL,PERSON_GIVEN,RESERVED_REFERENCE,UNMAPPED_PENDING_CONSTRUCTION_OR_SURVEY,,true,,Derived governed road name catalogue,SHARED_REFERENCE
NG-RD-CAND-000828,NG-NAM-ROA-000828,Calebbel Highway,MUNICIPAL,PERSON_GIVEN,RESERVED_REFERENCE,UNMAPPED_PENDING_CONSTRUCTION_OR_SURVEY,,true,,Derived governed road name catalogue,SHARED_REFERENCE
NG-RD-CAND-000829,NG-NAM-ROA-000829,Calebbeth Junction,DISTRICT,PERSON_GIVEN,RESERVED_REFERENCE,UNMAPPED_PENDING_CONSTRUCTION_OR_SURVEY,,true,,Derived governed road name catalogue,SHARED_REFERENCE
NG-RD-CAND-000830,NG-NAM-ROA-000830,Calebdan Crossing,REGIONAL,PERSON_GIVEN,RESERVED_REFERENCE,UNMAPPED_PENDING_CONSTRUCTION_OR_SURVEY,,true,,Derived governed road name catalogue,SHARED_REFERENCE
NG-RD-CAND-000831,NG-NAM-ROA-000831,Bregach Road,RURAL,PERSON_SURNAME,RESERVED_REFERENCE,UNMAPPED_PENDING_CONSTRUCTION_OR_SURVEY,,true,,Derived governed road name catalogue,SHARED_REFERENCE
NG-RD-CAND-000832,NG-NAM-ROA-000832,Bregar Street,ACCESS,PERSON_SURNAME,RESERVED_REFERENCE,UNMAPPED_PENDING_CONSTRUCTION_OR_SURVEY,,true,,Derived governed road name catalogue,SHARED_REFERENCE
NG-RD-CAND-000833,NG-NAM-ROA-000833,Bregath Avenue,SERVICE,PERSON_SURNAME,RESERVED_REFERENCE,UNMAPPED_PENDING_CONSTRUCTION_OR_SURVEY,,true,,Derived governed road name catalogue,SHARED_REFERENCE
NG-RD-CAND-000834,NG-NAM-ROA-000834,Bregax Lane,LOCAL,PERSON_SURNAME,RESERVED_REFERENCE,UNMAPPED_PENDING_CONSTRUCTION_OR_SURVEY,,true,,Derived governed road name catalogue,SHARED_REFERENCE
NG-RD-CAND-000835,NG-NAM-ROA-000835,Bregburg Drive,MUNICIPAL,PERSON_SURNAME,RESERVED_REFERENCE,UNMAPPED_PENDING_CONSTRUCTION_OR_SURVEY,,true,,Derived governed road name catalogue,SHARED_REFERENCE
NG-RD-CAND-000836,NG-NAM-ROA-000836,Bregen Way,DISTRICT,PERSON_SURNAME,RESERVED_REFERENCE,UNMAPPED_PENDING_CONSTRUCTION_OR_SURVEY,,true,,Derived governed road name catalogue,SHARED_REFERENCE
NG-RD-CAND-000837,NG-NAM-ROA-000837,Breger Boulevard,REGIONAL,PERSON_SURNAME,RESERVED_REFERENCE,UNMAPPED_PENDING_CONSTRUCTION_OR_SURVEY,,true,,Derived governed road name catalogue,SHARED_REFERENCE
NG-RD-CAND-000838,NG-NAM-ROA-000838,Bregic Highway,RURAL,PERSON_SURNAME,RESERVED_REFERENCE,UNMAPPED_PENDING_CONSTRUCTION_OR_SURVEY,,true,,Derived governed road name catalogue,SHARED_REFERENCE
NG-RD-CAND-000839,NG-NAM-ROA-000839,Bregoff Junction,ACCESS,PERSON_SURNAME,RESERVED_REFERENCE,UNMAPPED_PENDING_CONSTRUCTION_OR_SURVEY,,true,,Derived governed road name catalogue,SHARED_REFERENCE
NG-RD-CAND-000840,NG-NAM-ROA-000840,Bregog Crossing,SERVICE,PERSON_SURNAME,RESERVED_REFERENCE,UNMAPPED_PENDING_CONSTRUCTION_OR_SURVEY,,true,,Derived governed road name catalogue,SHARED_REFERENCE
NG-RD-CAND-000841,NG-NAM-ROA-000841,Bregond Road,LOCAL,PERSON_SURNAME,RESERVED_REFERENCE,UNMAPPED_PENDING_CONSTRUCTION_OR_SURVEY,,true,,Derived governed road name catalogue,SHARED_REFERENCE
NG-RD-CAND-000842,NG-NAM-ROA-000842,Bregor Street,MUNICIPAL,PERSON_SURNAME,RESERVED_REFERENCE,UNMAPPED_PENDING_CONSTRUCTION_OR_SURVEY,,true,,Derived governed road name catalogue,SHARED_REFERENCE
NG-RD-CAND-000843,NG-NAM-ROA-000843,Bregov Avenue,DISTRICT,PERSON_SURNAME,RESERVED_REFERENCE,UNMAPPED_PENDING_CONSTRUCTION_OR_SURVEY,,true,,Derived governed road name catalogue,SHARED_REFERENCE
NG-RD-CAND-000844,NG-NAM-ROA-000844,Bregstein Lane,REGIONAL,PERSON_SURNAME,RESERVED_REFERENCE,UNMAPPED_PENDING_CONSTRUCTION_OR_SURVEY,,true,,Derived governed road name catalogue,SHARED_REFERENCE
NG-RD-CAND-000845,NG-NAM-ROA-000845,Bregus Drive,RURAL,PERSON_SURNAME,RESERVED_REFERENCE,UNMAPPED_PENDING_CONSTRUCTION_OR_SURVEY,,true,,Derived governed road name catalogue,SHARED_REFERENCE
NG-RD-CAND-000846,NG-NAM-ROA-000846,Breg斯特 Way,ACCESS,PERSON_SURNAME,RESERVED_REFERENCE,UNMAPPED_PENDING_CONSTRUCTION_OR_SURVEY,,true,,Derived governed road name catalogue,SHARED_REFERENCE
NG-RD-CAND-000847,NG-NAM-ROA-000847,Draugach Boulevard,SERVICE,PERSON_SURNAME,RESERVED_REFERENCE,UNMAPPED_PENDING_CONSTRUCTION_OR_SURVEY,,true,,Derived governed road name catalogue,SHARED_REFERENCE
NG-RD-CAND-000848,NG-NAM-ROA-000848,Draugar Highway,LOCAL,PERSON_SURNAME,RESERVED_REFERENCE,UNMAPPED_PENDING_CONSTRUCTION_OR_SURVEY,,true,,Derived governed road name catalogue,SHARED_REFERENCE
NG-RD-CAND-000849,NG-NAM-ROA-000849,Draugath Junction,MUNICIPAL,PERSON_SURNAME,RESERVED_REFERENCE,UNMAPPED_PENDING_CONSTRUCTION_OR_SURVEY,,true,,Derived governed road name catalogue,SHARED_REFERENCE
NG-RD-CAND-000850,NG-NAM-ROA-000850,Draugax Crossing,DISTRICT,PERSON_SURNAME,RESERVED_REFERENCE,UNMAPPED_PENDING_CONSTRUCTION_OR_SURVEY,,true,,Derived governed road name catalogue,SHARED_REFERENCE
NG-RD-CAND-000851,NG-NAM-ROA-000851,Draugburg Road,REGIONAL,PERSON_SURNAME,RESERVED_REFERENCE,UNMAPPED_PENDING_CONSTRUCTION_OR_SURVEY,,true,,Derived governed road name catalogue,SHARED_REFERENCE
NG-RD-CAND-000852,NG-NAM-ROA-000852,Draugen Street,RURAL,PERSON_SURNAME,RESERVED_REFERENCE,UNMAPPED_PENDING_CONSTRUCTION_OR_SURVEY,,true,,Derived governed road name catalogue,SHARED_REFERENCE
NG-RD-CAND-000853,NG-NAM-ROA-000853,Drauger Avenue,ACCESS,PERSON_SURNAME,RESERVED_REFERENCE,UNMAPPED_PENDING_CONSTRUCTION_OR_SURVEY,,true,,Derived governed road name catalogue,SHARED_REFERENCE
NG-RD-CAND-000854,NG-NAM-ROA-000854,Draugic Lane,SERVICE,PERSON_SURNAME,RESERVED_REFERENCE,UNMAPPED_PENDING_CONSTRUCTION_OR_SURVEY,,true,,Derived governed road name catalogue,SHARED_REFERENCE
NG-RD-CAND-000855,NG-NAM-ROA-000855,Draugoff Drive,LOCAL,PERSON_SURNAME,RESERVED_REFERENCE,UNMAPPED_PENDING_CONSTRUCTION_OR_SURVEY,,true,,Derived governed road name catalogue,SHARED_REFERENCE
NG-RD-CAND-000856,NG-NAM-ROA-000856,Draugog Way,MUNICIPAL,PERSON_SURNAME,RESERVED_REFERENCE,UNMAPPED_PENDING_CONSTRUCTION_OR_SURVEY,,true,,Derived governed road name catalogue,SHARED_REFERENCE
NG-RD-CAND-000857,NG-NAM-ROA-000857,Draugond Boulevard,DISTRICT,PERSON_SURNAME,RESERVED_REFERENCE,UNMAPPED_PENDING_CONSTRUCTION_OR_SURVEY,,true,,Derived governed road name catalogue,SHARED_REFERENCE
NG-RD-CAND-000858,NG-NAM-ROA-000858,Draugor Highway,REGIONAL,PERSON_SURNAME,RESERVED_REFERENCE,UNMAPPED_PENDING_CONSTRUCTION_OR_SURVEY,,true,,Derived governed road name catalogue,SHARED_REFERENCE
NG-RD-CAND-000859,NG-NAM-ROA-000859,Draugov Junction,RURAL,PERSON_SURNAME,RESERVED_REFERENCE,UNMAPPED_PENDING_CONSTRUCTION_OR_SURVEY,,true,,Derived governed road name catalogue,SHARED_REFERENCE
NG-RD-CAND-000860,NG-NAM-ROA-000860,Draugstein Crossing,ACCESS,PERSON_SURNAME,RESERVED_REFERENCE,UNMAPPED_PENDING_CONSTRUCTION_OR_SURVEY,,true,,Derived governed road name catalogue,SHARED_REFERENCE
NG-RD-CAND-000861,NG-NAM-ROA-000861,Draugus Road,SERVICE,PERSON_SURNAME,RESERVED_REFERENCE,UNMAPPED_PENDING_CONSTRUCTION_OR_SURVEY,,true,,Derived governed road name catalogue,SHARED_REFERENCE
NG-RD-CAND-000862,NG-NAM-ROA-000862,Draug斯特 Street,LOCAL,PERSON_SURNAME,RESERVED_REFERENCE,UNMAPPED_PENDING_CONSTRUCTION_OR_SURVEY,,true,,Derived governed road name catalogue,SHARED_REFERENCE
NG-RD-CAND-000863,NG-NAM-ROA-000863,Gundach Avenue,MUNICIPAL,PERSON_SURNAME,RESERVED_REFERENCE,UNMAPPED_PENDING_CONSTRUCTION_OR_SURVEY,,true,,Derived governed road name catalogue,SHARED_REFERENCE
NG-RD-CAND-000864,NG-NAM-ROA-000864,Gundar Lane,DISTRICT,PERSON_SURNAME,RESERVED_REFERENCE,UNMAPPED_PENDING_CONSTRUCTION_OR_SURVEY,,true,,Derived governed road name catalogue,SHARED_REFERENCE
NG-RD-CAND-000865,NG-NAM-ROA-000865,Gundath Drive,REGIONAL,PERSON_SURNAME,RESERVED_REFERENCE,UNMAPPED_PENDING_CONSTRUCTION_OR_SURVEY,,true,,Derived governed road name catalogue,SHARED_REFERENCE
NG-RD-CAND-000866,NG-NAM-ROA-000866,Gundax Way,RURAL,PERSON_SURNAME,RESERVED_REFERENCE,UNMAPPED_PENDING_CONSTRUCTION_OR_SURVEY,,true,,Derived governed road name catalogue,SHARED_REFERENCE
NG-RD-CAND-000867,NG-NAM-ROA-000867,Gundburg Boulevard,ACCESS,PERSON_SURNAME,RESERVED_REFERENCE,UNMAPPED_PENDING_CONSTRUCTION_OR_SURVEY,,true,,Derived governed road name catalogue,SHARED_REFERENCE
NG-RD-CAND-000868,NG-NAM-ROA-000868,Gunden Highway,SERVICE,PERSON_SURNAME,RESERVED_REFERENCE,UNMAPPED_PENDING_CONSTRUCTION_OR_SURVEY,,true,,Derived governed road name catalogue,SHARED_REFERENCE
NG-RD-CAND-000869,NG-NAM-ROA-000869,Gunder Junction,LOCAL,PERSON_SURNAME,RESERVED_REFERENCE,UNMAPPED_PENDING_CONSTRUCTION_OR_SURVEY,,true,,Derived governed road name catalogue,SHARED_REFERENCE
NG-RD-CAND-000870,NG-NAM-ROA-000870,Gundic Crossing,MUNICIPAL,PERSON_SURNAME,RESERVED_REFERENCE,UNMAPPED_PENDING_CONSTRUCTION_OR_SURVEY,,true,,Derived governed road name catalogue,SHARED_REFERENCE
NG-RD-CAND-000871,NG-NAM-ROA-000871,Gundoff Road,DISTRICT,PERSON_SURNAME,RESERVED_REFERENCE,UNMAPPED_PENDING_CONSTRUCTION_OR_SURVEY,,true,,Derived governed road name catalogue,SHARED_REFERENCE
NG-RD-CAND-000872,NG-NAM-ROA-000872,Gundog Street,REGIONAL,PERSON_SURNAME,RESERVED_REFERENCE,UNMAPPED_PENDING_CONSTRUCTION_OR_SURVEY,,true,,Derived governed road name catalogue,SHARED_REFERENCE
NG-RD-CAND-000873,NG-NAM-ROA-000873,Gundond Avenue,RURAL,PERSON_SURNAME,RESERVED_REFERENCE,UNMAPPED_PENDING_CONSTRUCTION_OR_SURVEY,,true,,Derived governed road name catalogue,SHARED_REFERENCE
NG-RD-CAND-000874,NG-NAM-ROA-000874,Gundor Lane,ACCESS,PERSON_SURNAME,RESERVED_REFERENCE,UNMAPPED_PENDING_CONSTRUCTION_OR_SURVEY,,true,,Derived governed road name catalogue,SHARED_REFERENCE
NG-RD-CAND-000875,NG-NAM-ROA-000875,Gundov Drive,SERVICE,PERSON_SURNAME,RESERVED_REFERENCE,UNMAPPED_PENDING_CONSTRUCTION_OR_SURVEY,,true,,Derived governed road name catalogue,SHARED_REFERENCE
NG-RD-CAND-000876,NG-NAM-ROA-000876,Gundstein Way,LOCAL,PERSON_SURNAME,RESERVED_REFERENCE,UNMAPPED_PENDING_CONSTRUCTION_OR_SURVEY,,true,,Derived governed road name catalogue,SHARED_REFERENCE
NG-RD-CAND-000877,NG-NAM-ROA-000877,Gundus Boulevard,MUNICIPAL,PERSON_SURNAME,RESERVED_REFERENCE,UNMAPPED_PENDING_CONSTRUCTION_OR_SURVEY,,true,,Derived governed road name catalogue,SHARED_REFERENCE
NG-RD-CAND-000878,NG-NAM-ROA-000878,Gund斯特 Highway,DISTRICT,PERSON_SURNAME,RESERVED_REFERENCE,UNMAPPED_PENDING_CONSTRUCTION_OR_SURVEY,,true,,Derived governed road name catalogue,SHARED_REFERENCE
NG-RD-CAND-000879,NG-NAM-ROA-000879,Krossach Junction,REGIONAL,PERSON_SURNAME,RESERVED_REFERENCE,UNMAPPED_PENDING_CONSTRUCTION_OR_SURVEY,,true,,Derived governed road name catalogue,SHARED_REFERENCE
NG-RD-CAND-000880,NG-NAM-ROA-000880,Krossar Crossing,RURAL,PERSON_SURNAME,RESERVED_REFERENCE,UNMAPPED_PENDING_CONSTRUCTION_OR_SURVEY,,true,,Derived governed road name catalogue,SHARED_REFERENCE
NG-RD-CAND-000881,NG-NAM-ROA-000881,Krossath Road,ACCESS,PERSON_SURNAME,RESERVED_REFERENCE,UNMAPPED_PENDING_CONSTRUCTION_OR_SURVEY,,true,,Derived governed road name catalogue,SHARED_REFERENCE
NG-RD-CAND-000882,NG-NAM-ROA-000882,Krossax Street,SERVICE,PERSON_SURNAME,RESERVED_REFERENCE,UNMAPPED_PENDING_CONSTRUCTION_OR_SURVEY,,true,,Derived governed road name catalogue,SHARED_REFERENCE
NG-RD-CAND-000883,NG-NAM-ROA-000883,Krossburg Avenue,LOCAL,PERSON_SURNAME,RESERVED_REFERENCE,UNMAPPED_PENDING_CONSTRUCTION_OR_SURVEY,,true,,Derived governed road name catalogue,SHARED_REFERENCE
NG-RD-CAND-000884,NG-NAM-ROA-000884,Krossen Lane,MUNICIPAL,PERSON_SURNAME,RESERVED_REFERENCE,UNMAPPED_PENDING_CONSTRUCTION_OR_SURVEY,,true,,Derived governed road name catalogue,SHARED_REFERENCE
NG-RD-CAND-000885,NG-NAM-ROA-000885,Krosser Drive,DISTRICT,PERSON_SURNAME,RESERVED_REFERENCE,UNMAPPED_PENDING_CONSTRUCTION_OR_SURVEY,,true,,Derived governed road name catalogue,SHARED_REFERENCE
NG-RD-CAND-000886,NG-NAM-ROA-000886,Krossic Way,REGIONAL,PERSON_SURNAME,RESERVED_REFERENCE,UNMAPPED_PENDING_CONSTRUCTION_OR_SURVEY,,true,,Derived governed road name catalogue,SHARED_REFERENCE
NG-RD-CAND-000887,NG-NAM-ROA-000887,Krossoff Boulevard,RURAL,PERSON_SURNAME,RESERVED_REFERENCE,UNMAPPED_PENDING_CONSTRUCTION_OR_SURVEY,,true,,Derived governed road name catalogue,SHARED_REFERENCE
NG-RD-CAND-000888,NG-NAM-ROA-000888,Krossog Highway,ACCESS,PERSON_SURNAME,RESERVED_REFERENCE,UNMAPPED_PENDING_CONSTRUCTION_OR_SURVEY,,true,,Derived governed road name catalogue,SHARED_REFERENCE
NG-RD-CAND-000889,NG-NAM-ROA-000889,Krossond Junction,SERVICE,PERSON_SURNAME,RESERVED_REFERENCE,UNMAPPED_PENDING_CONSTRUCTION_OR_SURVEY,,true,,Derived governed road name catalogue,SHARED_REFERENCE
NG-RD-CAND-000890,NG-NAM-ROA-000890,Krossor Crossing,LOCAL,PERSON_SURNAME,RESERVED_REFERENCE,UNMAPPED_PENDING_CONSTRUCTION_OR_SURVEY,,true,,Derived governed road name catalogue,SHARED_REFERENCE
NG-RD-CAND-000891,NG-NAM-ROA-000891,Krossov Road,MUNICIPAL,PERSON_SURNAME,RESERVED_REFERENCE,UNMAPPED_PENDING_CONSTRUCTION_OR_SURVEY,,true,,Derived governed road name catalogue,SHARED_REFERENCE
NG-RD-CAND-000892,NG-NAM-ROA-000892,Krossstein Street,DISTRICT,PERSON_SURNAME,RESERVED_REFERENCE,UNMAPPED_PENDING_CONSTRUCTION_OR_SURVEY,,true,,Derived governed road name catalogue,SHARED_REFERENCE
NG-RD-CAND-000893,NG-NAM-ROA-000893,Krossus Avenue,REGIONAL,PERSON_SURNAME,RESERVED_REFERENCE,UNMAPPED_PENDING_CONSTRUCTION_OR_SURVEY,,true,,Derived governed road name catalogue,SHARED_REFERENCE
NG-RD-CAND-000894,NG-NAM-ROA-000894,Kross斯特 Lane,RURAL,PERSON_SURNAME,RESERVED_REFERENCE,UNMAPPED_PENDING_CONSTRUCTION_OR_SURVEY,,true,,Derived governed road name catalogue,SHARED_REFERENCE
NG-RD-CAND-000895,NG-NAM-ROA-000895,Varnach Drive,ACCESS,PERSON_SURNAME,RESERVED_REFERENCE,UNMAPPED_PENDING_CONSTRUCTION_OR_SURVEY,,true,,Derived governed road name catalogue,SHARED_REFERENCE
NG-RD-CAND-000896,NG-NAM-ROA-000896,Varnar Way,SERVICE,PERSON_SURNAME,RESERVED_REFERENCE,UNMAPPED_PENDING_CONSTRUCTION_OR_SURVEY,,true,,Derived governed road name catalogue,SHARED_REFERENCE
NG-RD-CAND-000897,NG-NAM-ROA-000897,Varnath Boulevard,LOCAL,PERSON_SURNAME,RESERVED_REFERENCE,UNMAPPED_PENDING_CONSTRUCTION_OR_SURVEY,,true,,Derived governed road name catalogue,SHARED_REFERENCE
NG-RD-CAND-000898,NG-NAM-ROA-000898,Varnax Highway,MUNICIPAL,PERSON_SURNAME,RESERVED_REFERENCE,UNMAPPED_PENDING_CONSTRUCTION_OR_SURVEY,,true,,Derived governed road name catalogue,SHARED_REFERENCE
NG-RD-CAND-000899,NG-NAM-ROA-000899,Varnburg Junction,DISTRICT,PERSON_SURNAME,RESERVED_REFERENCE,UNMAPPED_PENDING_CONSTRUCTION_OR_SURVEY,,true,,Derived governed road name catalogue,SHARED_REFERENCE
NG-RD-CAND-000900,NG-NAM-ROA-000900,Varnen Crossing,REGIONAL,PERSON_SURNAME,RESERVED_REFERENCE,UNMAPPED_PENDING_CONSTRUCTION_OR_SURVEY,,true,,Derived governed road name catalogue,SHARED_REFERENCE
