spatial_cell_id,spatial_point_id,centre_longitude,centre_latitude,nominal_west_longitude,nominal_east_longitude,nominal_south_latitude,nominal_north_latitude,nominal_spacing_degrees,major_grid_id,sovereign_part_id,reference_role,geometry_authority,feature_construction_allowed,derivation_basis,runtime_effect_scope
NG-SCELL-000001,NG-SPT-000001,35.14,-7.507467,34.93,35.35,-7.717467,-7.297467,0.42,NG-MGRID-04-03,NG-SOV-PART-000001,ENVIRONMENTAL_SAMPLE_RENDER_FOOTPRINT,DERIVED_REFERENCE_NOT_PHYSICAL_FEATURE_BOUNDARY,false,terrain standard render-plan uses 0.42 degree sample spacing,SHARED_REFERENCE
NG-SCELL-000002,NG-SPT-000002,35.56,-7.507467,35.35,35.77,-7.717467,-7.297467,0.42,NG-MGRID-04-03,NG-SOV-PART-000001,ENVIRONMENTAL_SAMPLE_RENDER_FOOTPRINT,DERIVED_REFERENCE_NOT_PHYSICAL_FEATURE_BOUNDARY,false,terrain standard render-plan uses 0.42 degree sample spacing,SHARED_REFERENCE
NG-SCELL-000003,NG-SPT-000003,35.98,-7.507467,35.77,36.19,-7.717467,-7.297467,0.42,NG-MGRID-04-03,NG-SOV-PART-000001,ENVIRONMENTAL_SAMPLE_RENDER_FOOTPRINT,DERIVED_REFERENCE_NOT_PHYSICAL_FEATURE_BOUNDARY,false,terrain standard render-plan uses 0.42 degree sample spacing,SHARED_REFERENCE
NG-SCELL-000004,NG-SPT-000004,36.4,-7.507467,36.19,36.61,-7.717467,-7.297467,0.42,NG-MGRID-04-03,NG-SOV-PART-000001,ENVIRONMENTAL_SAMPLE_RENDER_FOOTPRINT,DERIVED_REFERENCE_NOT_PHYSICAL_FEATURE_BOUNDARY,false,terrain standard render-plan uses 0.42 degree sample spacing,SHARED_REFERENCE
NG-SCELL-000005,NG-SPT-000005,36.82,-7.507467,36.61,37.03,-7.717467,-7.297467,0.42,NG-MGRID-04-03,NG-SOV-PART-000001,ENVIRONMENTAL_SAMPLE_RENDER_FOOTPRINT,DERIVED_REFERENCE_NOT_PHYSICAL_FEATURE_BOUNDARY,false,terrain standard render-plan uses 0.42 degree sample spacing,SHARED_REFERENCE
NG-SCELL-000006,NG-SPT-000006,37.24,-7.507467,37.03,37.45,-7.717467,-7.297467,0.42,NG-MGRID-04-03,NG-SOV-PART-000001,ENVIRONMENTAL_SAMPLE_RENDER_FOOTPRINT,DERIVED_REFERENCE_NOT_PHYSICAL_FEATURE_BOUNDARY,false,terrain standard render-plan uses 0.42 degree sample spacing,SHARED_REFERENCE
NG-SCELL-000007,NG-SPT-000007,37.66,-7.507467,37.45,37.87,-7.717467,-7.297467,0.42,NG-MGRID-04-03,NG-SOV-PART-000001,ENVIRONMENTAL_SAMPLE_RENDER_FOOTPRINT,DERIVED_REFERENCE_NOT_PHYSICAL_FEATURE_BOUNDARY,false,terrain standard render-plan uses 0.42 degree sample spacing,SHARED_REFERENCE
NG-SCELL-000008,NG-SPT-000008,38.08,-7.507467,37.87,38.29,-7.717467,-7.297467,0.42,NG-MGRID-04-03,NG-SOV-PART-000001,ENVIRONMENTAL_SAMPLE_RENDER_FOOTPRINT,DERIVED_REFERENCE_NOT_PHYSICAL_FEATURE_BOUNDARY,false,terrain standard render-plan uses 0.42 degree sample spacing,SHARED_REFERENCE
NG-SCELL-000009,NG-SPT-000009,38.5,-7.507467,38.29,38.71,-7.717467,-7.297467,0.42,NG-MGRID-04-03,NG-SOV-PART-000001,ENVIRONMENTAL_SAMPLE_RENDER_FOOTPRINT,DERIVED_REFERENCE_NOT_PHYSICAL_FEATURE_BOUNDARY,false,terrain standard render-plan uses 0.42 degree sample spacing,SHARED_REFERENCE
NG-SCELL-000010,NG-SPT-000010,33.46,-7.087467,33.25,33.67,-7.297467,-6.877467,0.42,NG-MGRID-04-02,NG-SOV-PART-000001,ENVIRONMENTAL_SAMPLE_RENDER_FOOTPRINT,DERIVED_REFERENCE_NOT_PHYSICAL_FEATURE_BOUNDARY,false,terrain standard render-plan uses 0.42 degree sample spacing,SHARED_REFERENCE
NG-SCELL-000011,NG-SPT-000011,33.88,-7.087467,33.67,34.09,-7.297467,-6.877467,0.42,NG-MGRID-04-02,NG-SOV-PART-000001,ENVIRONMENTAL_SAMPLE_RENDER_FOOTPRINT,DERIVED_REFERENCE_NOT_PHYSICAL_FEATURE_BOUNDARY,false,terrain standard render-plan uses 0.42 degree sample spacing,SHARED_REFERENCE
NG-SCELL-000012,NG-SPT-000012,34.3,-7.087467,34.09,34.51,-7.297467,-6.877467,0.42,NG-MGRID-04-02,NG-SOV-PART-000001,ENVIRONMENTAL_SAMPLE_RENDER_FOOTPRINT,DERIVED_REFERENCE_NOT_PHYSICAL_FEATURE_BOUNDARY,false,terrain standard render-plan uses 0.42 degree sample spacing,SHARED_REFERENCE
NG-SCELL-000013,NG-SPT-000013,34.72,-7.087467,34.51,34.93,-7.297467,-6.877467,0.42,NG-MGRID-04-02,NG-SOV-PART-000001,ENVIRONMENTAL_SAMPLE_RENDER_FOOTPRINT,DERIVED_REFERENCE_NOT_PHYSICAL_FEATURE_BOUNDARY,false,terrain standard render-plan uses 0.42 degree sample spacing,SHARED_REFERENCE
NG-SCELL-000014,NG-SPT-000014,35.14,-7.087467,34.93,35.35,-7.297467,-6.877467,0.42,NG-MGRID-04-03,NG-SOV-PART-000001,ENVIRONMENTAL_SAMPLE_RENDER_FOOTPRINT,DERIVED_REFERENCE_NOT_PHYSICAL_FEATURE_BOUNDARY,false,terrain standard render-plan uses 0.42 degree sample spacing,SHARED_REFERENCE
NG-SCELL-000015,NG-SPT-000015,35.56,-7.087467,35.35,35.77,-7.297467,-6.877467,0.42,NG-MGRID-04-03,NG-SOV-PART-000001,ENVIRONMENTAL_SAMPLE_RENDER_FOOTPRINT,DERIVED_REFERENCE_NOT_PHYSICAL_FEATURE_BOUNDARY,false,terrain standard render-plan uses 0.42 degree sample spacing,SHARED_REFERENCE
NG-SCELL-000016,NG-SPT-000016,35.98,-7.087467,35.77,36.19,-7.297467,-6.877467,0.42,NG-MGRID-04-03,NG-SOV-PART-000001,ENVIRONMENTAL_SAMPLE_RENDER_FOOTPRINT,DERIVED_REFERENCE_NOT_PHYSICAL_FEATURE_BOUNDARY,false,terrain standard render-plan uses 0.42 degree sample spacing,SHARED_REFERENCE
NG-SCELL-000017,NG-SPT-000017,36.4,-7.087467,36.19,36.61,-7.297467,-6.877467,0.42,NG-MGRID-04-03,NG-SOV-PART-000001,ENVIRONMENTAL_SAMPLE_RENDER_FOOTPRINT,DERIVED_REFERENCE_NOT_PHYSICAL_FEATURE_BOUNDARY,false,terrain standard render-plan uses 0.42 degree sample spacing,SHARED_REFERENCE
NG-SCELL-000018,NG-SPT-000018,36.82,-7.087467,36.61,37.03,-7.297467,-6.877467,0.42,NG-MGRID-04-03,NG-SOV-PART-000001,ENVIRONMENTAL_SAMPLE_RENDER_FOOTPRINT,DERIVED_REFERENCE_NOT_PHYSICAL_FEATURE_BOUNDARY,false,terrain standard render-plan uses 0.42 degree sample spacing,SHARED_REFERENCE
NG-SCELL-000019,NG-SPT-000019,37.24,-7.087467,37.03,37.45,-7.297467,-6.877467,0.42,NG-MGRID-04-03,NG-SOV-PART-000001,ENVIRONMENTAL_SAMPLE_RENDER_FOOTPRINT,DERIVED_REFERENCE_NOT_PHYSICAL_FEATURE_BOUNDARY,false,terrain standard render-plan uses 0.42 degree sample spacing,SHARED_REFERENCE
NG-SCELL-000020,NG-SPT-000020,37.66,-7.087467,37.45,37.87,-7.297467,-6.877467,0.42,NG-MGRID-04-03,NG-SOV-PART-000001,ENVIRONMENTAL_SAMPLE_RENDER_FOOTPRINT,DERIVED_REFERENCE_NOT_PHYSICAL_FEATURE_BOUNDARY,false,terrain standard render-plan uses 0.42 degree sample spacing,SHARED_REFERENCE
NG-SCELL-000021,NG-SPT-000021,38.08,-7.087467,37.87,38.29,-7.297467,-6.877467,0.42,NG-MGRID-04-03,NG-SOV-PART-000001,ENVIRONMENTAL_SAMPLE_RENDER_FOOTPRINT,DERIVED_REFERENCE_NOT_PHYSICAL_FEATURE_BOUNDARY,false,terrain standard render-plan uses 0.42 degree sample spacing,SHARED_REFERENCE
NG-SCELL-000022,NG-SPT-000022,38.5,-7.087467,38.29,38.71,-7.297467,-6.877467,0.42,NG-MGRID-04-03,NG-SOV-PART-000001,ENVIRONMENTAL_SAMPLE_RENDER_FOOTPRINT,DERIVED_REFERENCE_NOT_PHYSICAL_FEATURE_BOUNDARY,false,terrain standard render-plan uses 0.42 degree sample spacing,SHARED_REFERENCE
NG-SCELL-000023,NG-SPT-000023,38.92,-7.087467,38.71,39.13,-7.297467,-6.877467,0.42,NG-MGRID-04-03,NG-SOV-PART-000001,ENVIRONMENTAL_SAMPLE_RENDER_FOOTPRINT,DERIVED_REFERENCE_NOT_PHYSICAL_FEATURE_BOUNDARY,false,terrain standard render-plan uses 0.42 degree sample spacing,SHARED_REFERENCE
NG-SCELL-000024,NG-SPT-000024,39.34,-7.087467,39.13,39.55,-7.297467,-6.877467,0.42,NG-MGRID-04-03,NG-SOV-PART-000001,ENVIRONMENTAL_SAMPLE_RENDER_FOOTPRINT,DERIVED_REFERENCE_NOT_PHYSICAL_FEATURE_BOUNDARY,false,terrain standard render-plan uses 0.42 degree sample spacing,SHARED_REFERENCE
NG-SCELL-000025,NG-SPT-000025,39.76,-7.087467,39.55,39.97,-7.297467,-6.877467,0.42,NG-MGRID-04-03,NG-SOV-PART-000001,ENVIRONMENTAL_SAMPLE_RENDER_FOOTPRINT,DERIVED_REFERENCE_NOT_PHYSICAL_FEATURE_BOUNDARY,false,terrain standard render-plan uses 0.42 degree sample spacing,SHARED_REFERENCE
NG-SCELL-000026,NG-SPT-000026,40.18,-7.087467,39.97,40.39,-7.297467,-6.877467,0.42,NG-MGRID-04-04,NG-SOV-PART-000001,ENVIRONMENTAL_SAMPLE_RENDER_FOOTPRINT,DERIVED_REFERENCE_NOT_PHYSICAL_FEATURE_BOUNDARY,false,terrain standard render-plan uses 0.42 degree sample spacing,SHARED_REFERENCE
NG-SCELL-000027,NG-SPT-000027,32.2,-6.667467,31.99,32.41,-6.877467,-6.457467,0.42,NG-MGRID-04-02,NG-SOV-PART-000001,ENVIRONMENTAL_SAMPLE_RENDER_FOOTPRINT,DERIVED_REFERENCE_NOT_PHYSICAL_FEATURE_BOUNDARY,false,terrain standard render-plan uses 0.42 degree sample spacing,SHARED_REFERENCE
NG-SCELL-000028,NG-SPT-000028,32.62,-6.667467,32.41,32.83,-6.877467,-6.457467,0.42,NG-MGRID-04-02,NG-SOV-PART-000001,ENVIRONMENTAL_SAMPLE_RENDER_FOOTPRINT,DERIVED_REFERENCE_NOT_PHYSICAL_FEATURE_BOUNDARY,false,terrain standard render-plan uses 0.42 degree sample spacing,SHARED_REFERENCE
NG-SCELL-000029,NG-SPT-000029,33.04,-6.667467,32.83,33.25,-6.877467,-6.457467,0.42,NG-MGRID-04-02,NG-SOV-PART-000001,ENVIRONMENTAL_SAMPLE_RENDER_FOOTPRINT,DERIVED_REFERENCE_NOT_PHYSICAL_FEATURE_BOUNDARY,false,terrain standard render-plan uses 0.42 degree sample spacing,SHARED_REFERENCE
NG-SCELL-000030,NG-SPT-000030,33.46,-6.667467,33.25,33.67,-6.877467,-6.457467,0.42,NG-MGRID-04-02,NG-SOV-PART-000001,ENVIRONMENTAL_SAMPLE_RENDER_FOOTPRINT,DERIVED_REFERENCE_NOT_PHYSICAL_FEATURE_BOUNDARY,false,terrain standard render-plan uses 0.42 degree sample spacing,SHARED_REFERENCE
NG-SCELL-000031,NG-SPT-000031,33.88,-6.667467,33.67,34.09,-6.877467,-6.457467,0.42,NG-MGRID-04-02,NG-SOV-PART-000001,ENVIRONMENTAL_SAMPLE_RENDER_FOOTPRINT,DERIVED_REFERENCE_NOT_PHYSICAL_FEATURE_BOUNDARY,false,terrain standard render-plan uses 0.42 degree sample spacing,SHARED_REFERENCE
NG-SCELL-000032,NG-SPT-000032,34.3,-6.667467,34.09,34.51,-6.877467,-6.457467,0.42,NG-MGRID-04-02,NG-SOV-PART-000001,ENVIRONMENTAL_SAMPLE_RENDER_FOOTPRINT,DERIVED_REFERENCE_NOT_PHYSICAL_FEATURE_BOUNDARY,false,terrain standard render-plan uses 0.42 degree sample spacing,SHARED_REFERENCE
NG-SCELL-000033,NG-SPT-000033,34.72,-6.667467,34.51,34.93,-6.877467,-6.457467,0.42,NG-MGRID-04-02,NG-SOV-PART-000001,ENVIRONMENTAL_SAMPLE_RENDER_FOOTPRINT,DERIVED_REFERENCE_NOT_PHYSICAL_FEATURE_BOUNDARY,false,terrain standard render-plan uses 0.42 degree sample spacing,SHARED_REFERENCE
NG-SCELL-000034,NG-SPT-000034,35.14,-6.667467,34.93,35.35,-6.877467,-6.457467,0.42,NG-MGRID-04-03,NG-SOV-PART-000001,ENVIRONMENTAL_SAMPLE_RENDER_FOOTPRINT,DERIVED_REFERENCE_NOT_PHYSICAL_FEATURE_BOUNDARY,false,terrain standard render-plan uses 0.42 degree sample spacing,SHARED_REFERENCE
NG-SCELL-000035,NG-SPT-000035,35.56,-6.667467,35.35,35.77,-6.877467,-6.457467,0.42,NG-MGRID-04-03,NG-SOV-PART-000001,ENVIRONMENTAL_SAMPLE_RENDER_FOOTPRINT,DERIVED_REFERENCE_NOT_PHYSICAL_FEATURE_BOUNDARY,false,terrain standard render-plan uses 0.42 degree sample spacing,SHARED_REFERENCE
NG-SCELL-000036,NG-SPT-000036,35.98,-6.667467,35.77,36.19,-6.877467,-6.457467,0.42,NG-MGRID-04-03,NG-SOV-PART-000001,ENVIRONMENTAL_SAMPLE_RENDER_FOOTPRINT,DERIVED_REFERENCE_NOT_PHYSICAL_FEATURE_BOUNDARY,false,terrain standard render-plan uses 0.42 degree sample spacing,SHARED_REFERENCE
NG-SCELL-000037,NG-SPT-000037,36.4,-6.667467,36.19,36.61,-6.877467,-6.457467,0.42,NG-MGRID-04-03,NG-SOV-PART-000001,ENVIRONMENTAL_SAMPLE_RENDER_FOOTPRINT,DERIVED_REFERENCE_NOT_PHYSICAL_FEATURE_BOUNDARY,false,terrain standard render-plan uses 0.42 degree sample spacing,SHARED_REFERENCE
NG-SCELL-000038,NG-SPT-000038,36.82,-6.667467,36.61,37.03,-6.877467,-6.457467,0.42,NG-MGRID-04-03,NG-SOV-PART-000001,ENVIRONMENTAL_SAMPLE_RENDER_FOOTPRINT,DERIVED_REFERENCE_NOT_PHYSICAL_FEATURE_BOUNDARY,false,terrain standard render-plan uses 0.42 degree sample spacing,SHARED_REFERENCE
NG-SCELL-000039,NG-SPT-000039,37.24,-6.667467,37.03,37.45,-6.877467,-6.457467,0.42,NG-MGRID-04-03,NG-SOV-PART-000001,ENVIRONMENTAL_SAMPLE_RENDER_FOOTPRINT,DERIVED_REFERENCE_NOT_PHYSICAL_FEATURE_BOUNDARY,false,terrain standard render-plan uses 0.42 degree sample spacing,SHARED_REFERENCE
NG-SCELL-000040,NG-SPT-000040,37.66,-6.667467,37.45,37.87,-6.877467,-6.457467,0.42,NG-MGRID-04-03,NG-SOV-PART-000001,ENVIRONMENTAL_SAMPLE_RENDER_FOOTPRINT,DERIVED_REFERENCE_NOT_PHYSICAL_FEATURE_BOUNDARY,false,terrain standard render-plan uses 0.42 degree sample spacing,SHARED_REFERENCE
NG-SCELL-000041,NG-SPT-000041,38.08,-6.667467,37.87,38.29,-6.877467,-6.457467,0.42,NG-MGRID-04-03,NG-SOV-PART-000001,ENVIRONMENTAL_SAMPLE_RENDER_FOOTPRINT,DERIVED_REFERENCE_NOT_PHYSICAL_FEATURE_BOUNDARY,false,terrain standard render-plan uses 0.42 degree sample spacing,SHARED_REFERENCE
NG-SCELL-000042,NG-SPT-000042,38.5,-6.667467,38.29,38.71,-6.877467,-6.457467,0.42,NG-MGRID-04-03,NG-SOV-PART-000001,ENVIRONMENTAL_SAMPLE_RENDER_FOOTPRINT,DERIVED_REFERENCE_NOT_PHYSICAL_FEATURE_BOUNDARY,false,terrain standard render-plan uses 0.42 degree sample spacing,SHARED_REFERENCE
NG-SCELL-000043,NG-SPT-000043,38.92,-6.667467,38.71,39.13,-6.877467,-6.457467,0.42,NG-MGRID-04-03,NG-SOV-PART-000001,ENVIRONMENTAL_SAMPLE_RENDER_FOOTPRINT,DERIVED_REFERENCE_NOT_PHYSICAL_FEATURE_BOUNDARY,false,terrain standard render-plan uses 0.42 degree sample spacing,SHARED_REFERENCE
NG-SCELL-000044,NG-SPT-000044,39.34,-6.667467,39.13,39.55,-6.877467,-6.457467,0.42,NG-MGRID-04-03,NG-SOV-PART-000001,ENVIRONMENTAL_SAMPLE_RENDER_FOOTPRINT,DERIVED_REFERENCE_NOT_PHYSICAL_FEATURE_BOUNDARY,false,terrain standard render-plan uses 0.42 degree sample spacing,SHARED_REFERENCE
NG-SCELL-000045,NG-SPT-000045,39.76,-6.667467,39.55,39.97,-6.877467,-6.457467,0.42,NG-MGRID-04-03,NG-SOV-PART-000001,ENVIRONMENTAL_SAMPLE_RENDER_FOOTPRINT,DERIVED_REFERENCE_NOT_PHYSICAL_FEATURE_BOUNDARY,false,terrain standard render-plan uses 0.42 degree sample spacing,SHARED_REFERENCE
NG-SCELL-000046,NG-SPT-000046,40.18,-6.667467,39.97,40.39,-6.877467,-6.457467,0.42,NG-MGRID-04-04,NG-SOV-PART-000001,ENVIRONMENTAL_SAMPLE_RENDER_FOOTPRINT,DERIVED_REFERENCE_NOT_PHYSICAL_FEATURE_BOUNDARY,false,terrain standard render-plan uses 0.42 degree sample spacing,SHARED_REFERENCE
NG-SCELL-000047,NG-SPT-000047,40.6,-6.667467,40.39,40.81,-6.877467,-6.457467,0.42,NG-MGRID-04-04,NG-SOV-PART-000001,ENVIRONMENTAL_SAMPLE_RENDER_FOOTPRINT,DERIVED_REFERENCE_NOT_PHYSICAL_FEATURE_BOUNDARY,false,terrain standard render-plan uses 0.42 degree sample spacing,SHARED_REFERENCE
NG-SCELL-000048,NG-SPT-000048,31.36,-6.247467,31.15,31.57,-6.457467,-6.037467,0.42,NG-MGRID-04-02,NG-SOV-PART-000001,ENVIRONMENTAL_SAMPLE_RENDER_FOOTPRINT,DERIVED_REFERENCE_NOT_PHYSICAL_FEATURE_BOUNDARY,false,terrain standard render-plan uses 0.42 degree sample spacing,SHARED_REFERENCE
NG-SCELL-000049,NG-SPT-000049,31.78,-6.247467,31.57,31.99,-6.457467,-6.037467,0.42,NG-MGRID-04-02,NG-SOV-PART-000001,ENVIRONMENTAL_SAMPLE_RENDER_FOOTPRINT,DERIVED_REFERENCE_NOT_PHYSICAL_FEATURE_BOUNDARY,false,terrain standard render-plan uses 0.42 degree sample spacing,SHARED_REFERENCE
NG-SCELL-000050,NG-SPT-000050,32.2,-6.247467,31.99,32.41,-6.457467,-6.037467,0.42,NG-MGRID-04-02,NG-SOV-PART-000001,ENVIRONMENTAL_SAMPLE_RENDER_FOOTPRINT,DERIVED_REFERENCE_NOT_PHYSICAL_FEATURE_BOUNDARY,false,terrain standard render-plan uses 0.42 degree sample spacing,SHARED_REFERENCE
NG-SCELL-000051,NG-SPT-000051,32.62,-6.247467,32.41,32.83,-6.457467,-6.037467,0.42,NG-MGRID-04-02,NG-SOV-PART-000001,ENVIRONMENTAL_SAMPLE_RENDER_FOOTPRINT,DERIVED_REFERENCE_NOT_PHYSICAL_FEATURE_BOUNDARY,false,terrain standard render-plan uses 0.42 degree sample spacing,SHARED_REFERENCE
NG-SCELL-000052,NG-SPT-000052,33.04,-6.247467,32.83,33.25,-6.457467,-6.037467,0.42,NG-MGRID-04-02,NG-SOV-PART-000001,ENVIRONMENTAL_SAMPLE_RENDER_FOOTPRINT,DERIVED_REFERENCE_NOT_PHYSICAL_FEATURE_BOUNDARY,false,terrain standard render-plan uses 0.42 degree sample spacing,SHARED_REFERENCE
NG-SCELL-000053,NG-SPT-000053,33.46,-6.247467,33.25,33.67,-6.457467,-6.037467,0.42,NG-MGRID-04-02,NG-SOV-PART-000001,ENVIRONMENTAL_SAMPLE_RENDER_FOOTPRINT,DERIVED_REFERENCE_NOT_PHYSICAL_FEATURE_BOUNDARY,false,terrain standard render-plan uses 0.42 degree sample spacing,SHARED_REFERENCE
NG-SCELL-000054,NG-SPT-000054,33.88,-6.247467,33.67,34.09,-6.457467,-6.037467,0.42,NG-MGRID-04-02,NG-SOV-PART-000001,ENVIRONMENTAL_SAMPLE_RENDER_FOOTPRINT,DERIVED_REFERENCE_NOT_PHYSICAL_FEATURE_BOUNDARY,false,terrain standard render-plan uses 0.42 degree sample spacing,SHARED_REFERENCE
NG-SCELL-000055,NG-SPT-000055,34.3,-6.247467,34.09,34.51,-6.457467,-6.037467,0.42,NG-MGRID-04-02,NG-SOV-PART-000001,ENVIRONMENTAL_SAMPLE_RENDER_FOOTPRINT,DERIVED_REFERENCE_NOT_PHYSICAL_FEATURE_BOUNDARY,false,terrain standard render-plan uses 0.42 degree sample spacing,SHARED_REFERENCE
NG-SCELL-000056,NG-SPT-000056,34.72,-6.247467,34.51,34.93,-6.457467,-6.037467,0.42,NG-MGRID-04-02,NG-SOV-PART-000001,ENVIRONMENTAL_SAMPLE_RENDER_FOOTPRINT,DERIVED_REFERENCE_NOT_PHYSICAL_FEATURE_BOUNDARY,false,terrain standard render-plan uses 0.42 degree sample spacing,SHARED_REFERENCE
NG-SCELL-000057,NG-SPT-000057,35.14,-6.247467,34.93,35.35,-6.457467,-6.037467,0.42,NG-MGRID-04-03,NG-SOV-PART-000001,ENVIRONMENTAL_SAMPLE_RENDER_FOOTPRINT,DERIVED_REFERENCE_NOT_PHYSICAL_FEATURE_BOUNDARY,false,terrain standard render-plan uses 0.42 degree sample spacing,SHARED_REFERENCE
NG-SCELL-000058,NG-SPT-000058,35.56,-6.247467,35.35,35.77,-6.457467,-6.037467,0.42,NG-MGRID-04-03,NG-SOV-PART-000001,ENVIRONMENTAL_SAMPLE_RENDER_FOOTPRINT,DERIVED_REFERENCE_NOT_PHYSICAL_FEATURE_BOUNDARY,false,terrain standard render-plan uses 0.42 degree sample spacing,SHARED_REFERENCE
NG-SCELL-000059,NG-SPT-000059,35.98,-6.247467,35.77,36.19,-6.457467,-6.037467,0.42,NG-MGRID-04-03,NG-SOV-PART-000001,ENVIRONMENTAL_SAMPLE_RENDER_FOOTPRINT,DERIVED_REFERENCE_NOT_PHYSICAL_FEATURE_BOUNDARY,false,terrain standard render-plan uses 0.42 degree sample spacing,SHARED_REFERENCE
NG-SCELL-000060,NG-SPT-000060,36.4,-6.247467,36.19,36.61,-6.457467,-6.037467,0.42,NG-MGRID-04-03,NG-SOV-PART-000001,ENVIRONMENTAL_SAMPLE_RENDER_FOOTPRINT,DERIVED_REFERENCE_NOT_PHYSICAL_FEATURE_BOUNDARY,false,terrain standard render-plan uses 0.42 degree sample spacing,SHARED_REFERENCE
NG-SCELL-000061,NG-SPT-000061,36.82,-6.247467,36.61,37.03,-6.457467,-6.037467,0.42,NG-MGRID-04-03,NG-SOV-PART-000001,ENVIRONMENTAL_SAMPLE_RENDER_FOOTPRINT,DERIVED_REFERENCE_NOT_PHYSICAL_FEATURE_BOUNDARY,false,terrain standard render-plan uses 0.42 degree sample spacing,SHARED_REFERENCE
NG-SCELL-000062,NG-SPT-000062,37.24,-6.247467,37.03,37.45,-6.457467,-6.037467,0.42,NG-MGRID-04-03,NG-SOV-PART-000001,ENVIRONMENTAL_SAMPLE_RENDER_FOOTPRINT,DERIVED_REFERENCE_NOT_PHYSICAL_FEATURE_BOUNDARY,false,terrain standard render-plan uses 0.42 degree sample spacing,SHARED_REFERENCE
NG-SCELL-000063,NG-SPT-000063,37.66,-6.247467,37.45,37.87,-6.457467,-6.037467,0.42,NG-MGRID-04-03,NG-SOV-PART-000001,ENVIRONMENTAL_SAMPLE_RENDER_FOOTPRINT,DERIVED_REFERENCE_NOT_PHYSICAL_FEATURE_BOUNDARY,false,terrain standard render-plan uses 0.42 degree sample spacing,SHARED_REFERENCE
NG-SCELL-000064,NG-SPT-000064,38.08,-6.247467,37.87,38.29,-6.457467,-6.037467,0.42,NG-MGRID-04-03,NG-SOV-PART-000001,ENVIRONMENTAL_SAMPLE_RENDER_FOOTPRINT,DERIVED_REFERENCE_NOT_PHYSICAL_FEATURE_BOUNDARY,false,terrain standard render-plan uses 0.42 degree sample spacing,SHARED_REFERENCE
NG-SCELL-000065,NG-SPT-000065,38.5,-6.247467,38.29,38.71,-6.457467,-6.037467,0.42,NG-MGRID-04-03,NG-SOV-PART-000001,ENVIRONMENTAL_SAMPLE_RENDER_FOOTPRINT,DERIVED_REFERENCE_NOT_PHYSICAL_FEATURE_BOUNDARY,false,terrain standard render-plan uses 0.42 degree sample spacing,SHARED_REFERENCE
NG-SCELL-000066,NG-SPT-000066,38.92,-6.247467,38.71,39.13,-6.457467,-6.037467,0.42,NG-MGRID-04-03,NG-SOV-PART-000001,ENVIRONMENTAL_SAMPLE_RENDER_FOOTPRINT,DERIVED_REFERENCE_NOT_PHYSICAL_FEATURE_BOUNDARY,false,terrain standard render-plan uses 0.42 degree sample spacing,SHARED_REFERENCE
NG-SCELL-000067,NG-SPT-000067,39.34,-6.247467,39.13,39.55,-6.457467,-6.037467,0.42,NG-MGRID-04-03,NG-SOV-PART-000001,ENVIRONMENTAL_SAMPLE_RENDER_FOOTPRINT,DERIVED_REFERENCE_NOT_PHYSICAL_FEATURE_BOUNDARY,false,terrain standard render-plan uses 0.42 degree sample spacing,SHARED_REFERENCE
NG-SCELL-000068,NG-SPT-000068,39.76,-6.247467,39.55,39.97,-6.457467,-6.037467,0.42,NG-MGRID-04-03,NG-SOV-PART-000001,ENVIRONMENTAL_SAMPLE_RENDER_FOOTPRINT,DERIVED_REFERENCE_NOT_PHYSICAL_FEATURE_BOUNDARY,false,terrain standard render-plan uses 0.42 degree sample spacing,SHARED_REFERENCE
NG-SCELL-000069,NG-SPT-000069,40.18,-6.247467,39.97,40.39,-6.457467,-6.037467,0.42,NG-MGRID-04-04,NG-SOV-PART-000001,ENVIRONMENTAL_SAMPLE_RENDER_FOOTPRINT,DERIVED_REFERENCE_NOT_PHYSICAL_FEATURE_BOUNDARY,false,terrain standard render-plan uses 0.42 degree sample spacing,SHARED_REFERENCE
NG-SCELL-000070,NG-SPT-000070,40.6,-6.247467,40.39,40.81,-6.457467,-6.037467,0.42,NG-MGRID-04-04,NG-SOV-PART-000001,ENVIRONMENTAL_SAMPLE_RENDER_FOOTPRINT,DERIVED_REFERENCE_NOT_PHYSICAL_FEATURE_BOUNDARY,false,terrain standard render-plan uses 0.42 degree sample spacing,SHARED_REFERENCE
NG-SCELL-000071,NG-SPT-000071,41.02,-6.247467,40.81,41.23,-6.457467,-6.037467,0.42,NG-MGRID-04-04,NG-SOV-PART-000001,ENVIRONMENTAL_SAMPLE_RENDER_FOOTPRINT,DERIVED_REFERENCE_NOT_PHYSICAL_FEATURE_BOUNDARY,false,terrain standard render-plan uses 0.42 degree sample spacing,SHARED_REFERENCE
NG-SCELL-000072,NG-SPT-000072,41.44,-6.247467,41.23,41.65,-6.457467,-6.037467,0.42,NG-MGRID-04-04,NG-SOV-PART-000001,ENVIRONMENTAL_SAMPLE_RENDER_FOOTPRINT,DERIVED_REFERENCE_NOT_PHYSICAL_FEATURE_BOUNDARY,false,terrain standard render-plan uses 0.42 degree sample spacing,SHARED_REFERENCE
NG-SCELL-000073,NG-SPT-000073,30.52,-5.827467,30.31,30.73,-6.037467,-5.617467,0.42,NG-MGRID-04-02,NG-SOV-PART-000001,ENVIRONMENTAL_SAMPLE_RENDER_FOOTPRINT,DERIVED_REFERENCE_NOT_PHYSICAL_FEATURE_BOUNDARY,false,terrain standard render-plan uses 0.42 degree sample spacing,SHARED_REFERENCE
NG-SCELL-000074,NG-SPT-000074,30.94,-5.827467,30.73,31.15,-6.037467,-5.617467,0.42,NG-MGRID-04-02,NG-SOV-PART-000001,ENVIRONMENTAL_SAMPLE_RENDER_FOOTPRINT,DERIVED_REFERENCE_NOT_PHYSICAL_FEATURE_BOUNDARY,false,terrain standard render-plan uses 0.42 degree sample spacing,SHARED_REFERENCE
NG-SCELL-000075,NG-SPT-000075,31.36,-5.827467,31.15,31.57,-6.037467,-5.617467,0.42,NG-MGRID-04-02,NG-SOV-PART-000001,ENVIRONMENTAL_SAMPLE_RENDER_FOOTPRINT,DERIVED_REFERENCE_NOT_PHYSICAL_FEATURE_BOUNDARY,false,terrain standard render-plan uses 0.42 degree sample spacing,SHARED_REFERENCE
NG-SCELL-000076,NG-SPT-000076,31.78,-5.827467,31.57,31.99,-6.037467,-5.617467,0.42,NG-MGRID-04-02,NG-SOV-PART-000001,ENVIRONMENTAL_SAMPLE_RENDER_FOOTPRINT,DERIVED_REFERENCE_NOT_PHYSICAL_FEATURE_BOUNDARY,false,terrain standard render-plan uses 0.42 degree sample spacing,SHARED_REFERENCE
NG-SCELL-000077,NG-SPT-000077,32.2,-5.827467,31.99,32.41,-6.037467,-5.617467,0.42,NG-MGRID-04-02,NG-SOV-PART-000001,ENVIRONMENTAL_SAMPLE_RENDER_FOOTPRINT,DERIVED_REFERENCE_NOT_PHYSICAL_FEATURE_BOUNDARY,false,terrain standard render-plan uses 0.42 degree sample spacing,SHARED_REFERENCE
NG-SCELL-000078,NG-SPT-000078,32.62,-5.827467,32.41,32.83,-6.037467,-5.617467,0.42,NG-MGRID-04-02,NG-SOV-PART-000001,ENVIRONMENTAL_SAMPLE_RENDER_FOOTPRINT,DERIVED_REFERENCE_NOT_PHYSICAL_FEATURE_BOUNDARY,false,terrain standard render-plan uses 0.42 degree sample spacing,SHARED_REFERENCE
NG-SCELL-000079,NG-SPT-000079,33.04,-5.827467,32.83,33.25,-6.037467,-5.617467,0.42,NG-MGRID-04-02,NG-SOV-PART-000001,ENVIRONMENTAL_SAMPLE_RENDER_FOOTPRINT,DERIVED_REFERENCE_NOT_PHYSICAL_FEATURE_BOUNDARY,false,terrain standard render-plan uses 0.42 degree sample spacing,SHARED_REFERENCE
NG-SCELL-000080,NG-SPT-000080,33.46,-5.827467,33.25,33.67,-6.037467,-5.617467,0.42,NG-MGRID-04-02,NG-SOV-PART-000001,ENVIRONMENTAL_SAMPLE_RENDER_FOOTPRINT,DERIVED_REFERENCE_NOT_PHYSICAL_FEATURE_BOUNDARY,false,terrain standard render-plan uses 0.42 degree sample spacing,SHARED_REFERENCE
NG-SCELL-000081,NG-SPT-000081,33.88,-5.827467,33.67,34.09,-6.037467,-5.617467,0.42,NG-MGRID-04-02,NG-SOV-PART-000001,ENVIRONMENTAL_SAMPLE_RENDER_FOOTPRINT,DERIVED_REFERENCE_NOT_PHYSICAL_FEATURE_BOUNDARY,false,terrain standard render-plan uses 0.42 degree sample spacing,SHARED_REFERENCE
NG-SCELL-000082,NG-SPT-000082,34.3,-5.827467,34.09,34.51,-6.037467,-5.617467,0.42,NG-MGRID-04-02,NG-SOV-PART-000001,ENVIRONMENTAL_SAMPLE_RENDER_FOOTPRINT,DERIVED_REFERENCE_NOT_PHYSICAL_FEATURE_BOUNDARY,false,terrain standard render-plan uses 0.42 degree sample spacing,SHARED_REFERENCE
NG-SCELL-000083,NG-SPT-000083,34.72,-5.827467,34.51,34.93,-6.037467,-5.617467,0.42,NG-MGRID-04-02,NG-SOV-PART-000001,ENVIRONMENTAL_SAMPLE_RENDER_FOOTPRINT,DERIVED_REFERENCE_NOT_PHYSICAL_FEATURE_BOUNDARY,false,terrain standard render-plan uses 0.42 degree sample spacing,SHARED_REFERENCE
NG-SCELL-000084,NG-SPT-000084,35.14,-5.827467,34.93,35.35,-6.037467,-5.617467,0.42,NG-MGRID-04-03,NG-SOV-PART-000001,ENVIRONMENTAL_SAMPLE_RENDER_FOOTPRINT,DERIVED_REFERENCE_NOT_PHYSICAL_FEATURE_BOUNDARY,false,terrain standard render-plan uses 0.42 degree sample spacing,SHARED_REFERENCE
NG-SCELL-000085,NG-SPT-000085,35.56,-5.827467,35.35,35.77,-6.037467,-5.617467,0.42,NG-MGRID-04-03,NG-SOV-PART-000001,ENVIRONMENTAL_SAMPLE_RENDER_FOOTPRINT,DERIVED_REFERENCE_NOT_PHYSICAL_FEATURE_BOUNDARY,false,terrain standard render-plan uses 0.42 degree sample spacing,SHARED_REFERENCE
NG-SCELL-000086,NG-SPT-000086,35.98,-5.827467,35.77,36.19,-6.037467,-5.617467,0.42,NG-MGRID-04-03,NG-SOV-PART-000001,ENVIRONMENTAL_SAMPLE_RENDER_FOOTPRINT,DERIVED_REFERENCE_NOT_PHYSICAL_FEATURE_BOUNDARY,false,terrain standard render-plan uses 0.42 degree sample spacing,SHARED_REFERENCE
NG-SCELL-000087,NG-SPT-000087,36.4,-5.827467,36.19,36.61,-6.037467,-5.617467,0.42,NG-MGRID-04-03,NG-SOV-PART-000001,ENVIRONMENTAL_SAMPLE_RENDER_FOOTPRINT,DERIVED_REFERENCE_NOT_PHYSICAL_FEATURE_BOUNDARY,false,terrain standard render-plan uses 0.42 degree sample spacing,SHARED_REFERENCE
NG-SCELL-000088,NG-SPT-000088,36.82,-5.827467,36.61,37.03,-6.037467,-5.617467,0.42,NG-MGRID-04-03,NG-SOV-PART-000001,ENVIRONMENTAL_SAMPLE_RENDER_FOOTPRINT,DERIVED_REFERENCE_NOT_PHYSICAL_FEATURE_BOUNDARY,false,terrain standard render-plan uses 0.42 degree sample spacing,SHARED_REFERENCE
NG-SCELL-000089,NG-SPT-000089,37.24,-5.827467,37.03,37.45,-6.037467,-5.617467,0.42,NG-MGRID-04-03,NG-SOV-PART-000001,ENVIRONMENTAL_SAMPLE_RENDER_FOOTPRINT,DERIVED_REFERENCE_NOT_PHYSICAL_FEATURE_BOUNDARY,false,terrain standard render-plan uses 0.42 degree sample spacing,SHARED_REFERENCE
NG-SCELL-000090,NG-SPT-000090,37.66,-5.827467,37.45,37.87,-6.037467,-5.617467,0.42,NG-MGRID-04-03,NG-SOV-PART-000001,ENVIRONMENTAL_SAMPLE_RENDER_FOOTPRINT,DERIVED_REFERENCE_NOT_PHYSICAL_FEATURE_BOUNDARY,false,terrain standard render-plan uses 0.42 degree sample spacing,SHARED_REFERENCE
NG-SCELL-000091,NG-SPT-000091,38.08,-5.827467,37.87,38.29,-6.037467,-5.617467,0.42,NG-MGRID-04-03,NG-SOV-PART-000001,ENVIRONMENTAL_SAMPLE_RENDER_FOOTPRINT,DERIVED_REFERENCE_NOT_PHYSICAL_FEATURE_BOUNDARY,false,terrain standard render-plan uses 0.42 degree sample spacing,SHARED_REFERENCE
NG-SCELL-000092,NG-SPT-000092,38.5,-5.827467,38.29,38.71,-6.037467,-5.617467,0.42,NG-MGRID-04-03,NG-SOV-PART-000001,ENVIRONMENTAL_SAMPLE_RENDER_FOOTPRINT,DERIVED_REFERENCE_NOT_PHYSICAL_FEATURE_BOUNDARY,false,terrain standard render-plan uses 0.42 degree sample spacing,SHARED_REFERENCE
NG-SCELL-000093,NG-SPT-000093,38.92,-5.827467,38.71,39.13,-6.037467,-5.617467,0.42,NG-MGRID-04-03,NG-SOV-PART-000001,ENVIRONMENTAL_SAMPLE_RENDER_FOOTPRINT,DERIVED_REFERENCE_NOT_PHYSICAL_FEATURE_BOUNDARY,false,terrain standard render-plan uses 0.42 degree sample spacing,SHARED_REFERENCE
NG-SCELL-000094,NG-SPT-000094,39.34,-5.827467,39.13,39.55,-6.037467,-5.617467,0.42,NG-MGRID-04-03,NG-SOV-PART-000001,ENVIRONMENTAL_SAMPLE_RENDER_FOOTPRINT,DERIVED_REFERENCE_NOT_PHYSICAL_FEATURE_BOUNDARY,false,terrain standard render-plan uses 0.42 degree sample spacing,SHARED_REFERENCE
NG-SCELL-000095,NG-SPT-000095,39.76,-5.827467,39.55,39.97,-6.037467,-5.617467,0.42,NG-MGRID-04-03,NG-SOV-PART-000001,ENVIRONMENTAL_SAMPLE_RENDER_FOOTPRINT,DERIVED_REFERENCE_NOT_PHYSICAL_FEATURE_BOUNDARY,false,terrain standard render-plan uses 0.42 degree sample spacing,SHARED_REFERENCE
NG-SCELL-000096,NG-SPT-000096,40.18,-5.827467,39.97,40.39,-6.037467,-5.617467,0.42,NG-MGRID-04-04,NG-SOV-PART-000001,ENVIRONMENTAL_SAMPLE_RENDER_FOOTPRINT,DERIVED_REFERENCE_NOT_PHYSICAL_FEATURE_BOUNDARY,false,terrain standard render-plan uses 0.42 degree sample spacing,SHARED_REFERENCE
NG-SCELL-000097,NG-SPT-000097,40.6,-5.827467,40.39,40.81,-6.037467,-5.617467,0.42,NG-MGRID-04-04,NG-SOV-PART-000001,ENVIRONMENTAL_SAMPLE_RENDER_FOOTPRINT,DERIVED_REFERENCE_NOT_PHYSICAL_FEATURE_BOUNDARY,false,terrain standard render-plan uses 0.42 degree sample spacing,SHARED_REFERENCE
NG-SCELL-000098,NG-SPT-000098,41.02,-5.827467,40.81,41.23,-6.037467,-5.617467,0.42,NG-MGRID-04-04,NG-SOV-PART-000001,ENVIRONMENTAL_SAMPLE_RENDER_FOOTPRINT,DERIVED_REFERENCE_NOT_PHYSICAL_FEATURE_BOUNDARY,false,terrain standard render-plan uses 0.42 degree sample spacing,SHARED_REFERENCE
NG-SCELL-000099,NG-SPT-000099,41.44,-5.827467,41.23,41.65,-6.037467,-5.617467,0.42,NG-MGRID-04-04,NG-SOV-PART-000001,ENVIRONMENTAL_SAMPLE_RENDER_FOOTPRINT,DERIVED_REFERENCE_NOT_PHYSICAL_FEATURE_BOUNDARY,false,terrain standard render-plan uses 0.42 degree sample spacing,SHARED_REFERENCE
NG-SCELL-000100,NG-SPT-000100,41.86,-5.827467,41.65,42.07,-6.037467,-5.617467,0.42,NG-MGRID-04-04,NG-SOV-PART-000001,ENVIRONMENTAL_SAMPLE_RENDER_FOOTPRINT,DERIVED_REFERENCE_NOT_PHYSICAL_FEATURE_BOUNDARY,false,terrain standard render-plan uses 0.42 degree sample spacing,SHARED_REFERENCE
NG-SCELL-000101,NG-SPT-000101,30.1,-5.407467,29.89,30.31,-5.617467,-5.197467,0.42,NG-MGRID-04-02,NG-SOV-PART-000001,ENVIRONMENTAL_SAMPLE_RENDER_FOOTPRINT,DERIVED_REFERENCE_NOT_PHYSICAL_FEATURE_BOUNDARY,false,terrain standard render-plan uses 0.42 degree sample spacing,SHARED_REFERENCE
NG-SCELL-000102,NG-SPT-000102,30.52,-5.407467,30.31,30.73,-5.617467,-5.197467,0.42,NG-MGRID-04-02,NG-SOV-PART-000001,ENVIRONMENTAL_SAMPLE_RENDER_FOOTPRINT,DERIVED_REFERENCE_NOT_PHYSICAL_FEATURE_BOUNDARY,false,terrain standard render-plan uses 0.42 degree sample spacing,SHARED_REFERENCE
NG-SCELL-000103,NG-SPT-000103,30.94,-5.407467,30.73,31.15,-5.617467,-5.197467,0.42,NG-MGRID-04-02,NG-SOV-PART-000001,ENVIRONMENTAL_SAMPLE_RENDER_FOOTPRINT,DERIVED_REFERENCE_NOT_PHYSICAL_FEATURE_BOUNDARY,false,terrain standard render-plan uses 0.42 degree sample spacing,SHARED_REFERENCE
NG-SCELL-000104,NG-SPT-000104,31.36,-5.407467,31.15,31.57,-5.617467,-5.197467,0.42,NG-MGRID-04-02,NG-SOV-PART-000001,ENVIRONMENTAL_SAMPLE_RENDER_FOOTPRINT,DERIVED_REFERENCE_NOT_PHYSICAL_FEATURE_BOUNDARY,false,terrain standard render-plan uses 0.42 degree sample spacing,SHARED_REFERENCE
NG-SCELL-000105,NG-SPT-000105,31.78,-5.407467,31.57,31.99,-5.617467,-5.197467,0.42,NG-MGRID-04-02,NG-SOV-PART-000001,ENVIRONMENTAL_SAMPLE_RENDER_FOOTPRINT,DERIVED_REFERENCE_NOT_PHYSICAL_FEATURE_BOUNDARY,false,terrain standard render-plan uses 0.42 degree sample spacing,SHARED_REFERENCE
NG-SCELL-000106,NG-SPT-000106,32.2,-5.407467,31.99,32.41,-5.617467,-5.197467,0.42,NG-MGRID-04-02,NG-SOV-PART-000001,ENVIRONMENTAL_SAMPLE_RENDER_FOOTPRINT,DERIVED_REFERENCE_NOT_PHYSICAL_FEATURE_BOUNDARY,false,terrain standard render-plan uses 0.42 degree sample spacing,SHARED_REFERENCE
NG-SCELL-000107,NG-SPT-000107,32.62,-5.407467,32.41,32.83,-5.617467,-5.197467,0.42,NG-MGRID-04-02,NG-SOV-PART-000001,ENVIRONMENTAL_SAMPLE_RENDER_FOOTPRINT,DERIVED_REFERENCE_NOT_PHYSICAL_FEATURE_BOUNDARY,false,terrain standard render-plan uses 0.42 degree sample spacing,SHARED_REFERENCE
NG-SCELL-000108,NG-SPT-000108,33.04,-5.407467,32.83,33.25,-5.617467,-5.197467,0.42,NG-MGRID-04-02,NG-SOV-PART-000001,ENVIRONMENTAL_SAMPLE_RENDER_FOOTPRINT,DERIVED_REFERENCE_NOT_PHYSICAL_FEATURE_BOUNDARY,false,terrain standard render-plan uses 0.42 degree sample spacing,SHARED_REFERENCE
NG-SCELL-000109,NG-SPT-000109,33.46,-5.407467,33.25,33.67,-5.617467,-5.197467,0.42,NG-MGRID-04-02,NG-SOV-PART-000001,ENVIRONMENTAL_SAMPLE_RENDER_FOOTPRINT,DERIVED_REFERENCE_NOT_PHYSICAL_FEATURE_BOUNDARY,false,terrain standard render-plan uses 0.42 degree sample spacing,SHARED_REFERENCE
NG-SCELL-000110,NG-SPT-000110,33.88,-5.407467,33.67,34.09,-5.617467,-5.197467,0.42,NG-MGRID-04-02,NG-SOV-PART-000001,ENVIRONMENTAL_SAMPLE_RENDER_FOOTPRINT,DERIVED_REFERENCE_NOT_PHYSICAL_FEATURE_BOUNDARY,false,terrain standard render-plan uses 0.42 degree sample spacing,SHARED_REFERENCE
NG-SCELL-000111,NG-SPT-000111,34.3,-5.407467,34.09,34.51,-5.617467,-5.197467,0.42,NG-MGRID-04-02,NG-SOV-PART-000001,ENVIRONMENTAL_SAMPLE_RENDER_FOOTPRINT,DERIVED_REFERENCE_NOT_PHYSICAL_FEATURE_BOUNDARY,false,terrain standard render-plan uses 0.42 degree sample spacing,SHARED_REFERENCE
NG-SCELL-000112,NG-SPT-000112,34.72,-5.407467,34.51,34.93,-5.617467,-5.197467,0.42,NG-MGRID-04-02,NG-SOV-PART-000001,ENVIRONMENTAL_SAMPLE_RENDER_FOOTPRINT,DERIVED_REFERENCE_NOT_PHYSICAL_FEATURE_BOUNDARY,false,terrain standard render-plan uses 0.42 degree sample spacing,SHARED_REFERENCE
NG-SCELL-000113,NG-SPT-000113,35.14,-5.407467,34.93,35.35,-5.617467,-5.197467,0.42,NG-MGRID-04-03,NG-SOV-PART-000001,ENVIRONMENTAL_SAMPLE_RENDER_FOOTPRINT,DERIVED_REFERENCE_NOT_PHYSICAL_FEATURE_BOUNDARY,false,terrain standard render-plan uses 0.42 degree sample spacing,SHARED_REFERENCE
NG-SCELL-000114,NG-SPT-000114,35.56,-5.407467,35.35,35.77,-5.617467,-5.197467,0.42,NG-MGRID-04-03,NG-SOV-PART-000001,ENVIRONMENTAL_SAMPLE_RENDER_FOOTPRINT,DERIVED_REFERENCE_NOT_PHYSICAL_FEATURE_BOUNDARY,false,terrain standard render-plan uses 0.42 degree sample spacing,SHARED_REFERENCE
NG-SCELL-000115,NG-SPT-000115,35.98,-5.407467,35.77,36.19,-5.617467,-5.197467,0.42,NG-MGRID-04-03,NG-SOV-PART-000001,ENVIRONMENTAL_SAMPLE_RENDER_FOOTPRINT,DERIVED_REFERENCE_NOT_PHYSICAL_FEATURE_BOUNDARY,false,terrain standard render-plan uses 0.42 degree sample spacing,SHARED_REFERENCE
NG-SCELL-000116,NG-SPT-000116,36.4,-5.407467,36.19,36.61,-5.617467,-5.197467,0.42,NG-MGRID-04-03,NG-SOV-PART-000001,ENVIRONMENTAL_SAMPLE_RENDER_FOOTPRINT,DERIVED_REFERENCE_NOT_PHYSICAL_FEATURE_BOUNDARY,false,terrain standard render-plan uses 0.42 degree sample spacing,SHARED_REFERENCE
NG-SCELL-000117,NG-SPT-000117,36.82,-5.407467,36.61,37.03,-5.617467,-5.197467,0.42,NG-MGRID-04-03,NG-SOV-PART-000001,ENVIRONMENTAL_SAMPLE_RENDER_FOOTPRINT,DERIVED_REFERENCE_NOT_PHYSICAL_FEATURE_BOUNDARY,false,terrain standard render-plan uses 0.42 degree sample spacing,SHARED_REFERENCE
NG-SCELL-000118,NG-SPT-000118,37.24,-5.407467,37.03,37.45,-5.617467,-5.197467,0.42,NG-MGRID-04-03,NG-SOV-PART-000001,ENVIRONMENTAL_SAMPLE_RENDER_FOOTPRINT,DERIVED_REFERENCE_NOT_PHYSICAL_FEATURE_BOUNDARY,false,terrain standard render-plan uses 0.42 degree sample spacing,SHARED_REFERENCE
NG-SCELL-000119,NG-SPT-000119,37.66,-5.407467,37.45,37.87,-5.617467,-5.197467,0.42,NG-MGRID-04-03,NG-SOV-PART-000001,ENVIRONMENTAL_SAMPLE_RENDER_FOOTPRINT,DERIVED_REFERENCE_NOT_PHYSICAL_FEATURE_BOUNDARY,false,terrain standard render-plan uses 0.42 degree sample spacing,SHARED_REFERENCE
NG-SCELL-000120,NG-SPT-000120,38.08,-5.407467,37.87,38.29,-5.617467,-5.197467,0.42,NG-MGRID-04-03,NG-SOV-PART-000001,ENVIRONMENTAL_SAMPLE_RENDER_FOOTPRINT,DERIVED_REFERENCE_NOT_PHYSICAL_FEATURE_BOUNDARY,false,terrain standard render-plan uses 0.42 degree sample spacing,SHARED_REFERENCE
NG-SCELL-000121,NG-SPT-000121,38.5,-5.407467,38.29,38.71,-5.617467,-5.197467,0.42,NG-MGRID-04-03,NG-SOV-PART-000001,ENVIRONMENTAL_SAMPLE_RENDER_FOOTPRINT,DERIVED_REFERENCE_NOT_PHYSICAL_FEATURE_BOUNDARY,false,terrain standard render-plan uses 0.42 degree sample spacing,SHARED_REFERENCE
NG-SCELL-000122,NG-SPT-000122,38.92,-5.407467,38.71,39.13,-5.617467,-5.197467,0.42,NG-MGRID-04-03,NG-SOV-PART-000001,ENVIRONMENTAL_SAMPLE_RENDER_FOOTPRINT,DERIVED_REFERENCE_NOT_PHYSICAL_FEATURE_BOUNDARY,false,terrain standard render-plan uses 0.42 degree sample spacing,SHARED_REFERENCE
NG-SCELL-000123,NG-SPT-000123,39.34,-5.407467,39.13,39.55,-5.617467,-5.197467,0.42,NG-MGRID-04-03,NG-SOV-PART-000001,ENVIRONMENTAL_SAMPLE_RENDER_FOOTPRINT,DERIVED_REFERENCE_NOT_PHYSICAL_FEATURE_BOUNDARY,false,terrain standard render-plan uses 0.42 degree sample spacing,SHARED_REFERENCE
NG-SCELL-000124,NG-SPT-000124,39.76,-5.407467,39.55,39.97,-5.617467,-5.197467,0.42,NG-MGRID-04-03,NG-SOV-PART-000001,ENVIRONMENTAL_SAMPLE_RENDER_FOOTPRINT,DERIVED_REFERENCE_NOT_PHYSICAL_FEATURE_BOUNDARY,false,terrain standard render-plan uses 0.42 degree sample spacing,SHARED_REFERENCE
NG-SCELL-000125,NG-SPT-000125,40.18,-5.407467,39.97,40.39,-5.617467,-5.197467,0.42,NG-MGRID-04-04,NG-SOV-PART-000001,ENVIRONMENTAL_SAMPLE_RENDER_FOOTPRINT,DERIVED_REFERENCE_NOT_PHYSICAL_FEATURE_BOUNDARY,false,terrain standard render-plan uses 0.42 degree sample spacing,SHARED_REFERENCE
NG-SCELL-000126,NG-SPT-000126,40.6,-5.407467,40.39,40.81,-5.617467,-5.197467,0.42,NG-MGRID-04-04,NG-SOV-PART-000001,ENVIRONMENTAL_SAMPLE_RENDER_FOOTPRINT,DERIVED_REFERENCE_NOT_PHYSICAL_FEATURE_BOUNDARY,false,terrain standard render-plan uses 0.42 degree sample spacing,SHARED_REFERENCE
NG-SCELL-000127,NG-SPT-000127,41.02,-5.407467,40.81,41.23,-5.617467,-5.197467,0.42,NG-MGRID-04-04,NG-SOV-PART-000001,ENVIRONMENTAL_SAMPLE_RENDER_FOOTPRINT,DERIVED_REFERENCE_NOT_PHYSICAL_FEATURE_BOUNDARY,false,terrain standard render-plan uses 0.42 degree sample spacing,SHARED_REFERENCE
NG-SCELL-000128,NG-SPT-000128,41.44,-5.407467,41.23,41.65,-5.617467,-5.197467,0.42,NG-MGRID-04-04,NG-SOV-PART-000001,ENVIRONMENTAL_SAMPLE_RENDER_FOOTPRINT,DERIVED_REFERENCE_NOT_PHYSICAL_FEATURE_BOUNDARY,false,terrain standard render-plan uses 0.42 degree sample spacing,SHARED_REFERENCE
NG-SCELL-000129,NG-SPT-000129,41.86,-5.407467,41.65,42.07,-5.617467,-5.197467,0.42,NG-MGRID-04-04,NG-SOV-PART-000001,ENVIRONMENTAL_SAMPLE_RENDER_FOOTPRINT,DERIVED_REFERENCE_NOT_PHYSICAL_FEATURE_BOUNDARY,false,terrain standard render-plan uses 0.42 degree sample spacing,SHARED_REFERENCE
NG-SCELL-000130,NG-SPT-000130,42.28,-5.407467,42.07,42.49,-5.617467,-5.197467,0.42,NG-MGRID-04-04,NG-SOV-PART-000001,ENVIRONMENTAL_SAMPLE_RENDER_FOOTPRINT,DERIVED_REFERENCE_NOT_PHYSICAL_FEATURE_BOUNDARY,false,terrain standard render-plan uses 0.42 degree sample spacing,SHARED_REFERENCE
NG-SCELL-000131,NG-SPT-000131,43.54,-5.407467,43.33,43.75,-5.617467,-5.197467,0.42,NG-MGRID-04-04,NG-SOV-PART-000006,ENVIRONMENTAL_SAMPLE_RENDER_FOOTPRINT,DERIVED_REFERENCE_NOT_PHYSICAL_FEATURE_BOUNDARY,false,terrain standard render-plan uses 0.42 degree sample spacing,SHARED_REFERENCE
NG-SCELL-000132,NG-SPT-000132,30.1,-4.987467,29.89,30.31,-5.197467,-4.777467,0.42,NG-MGRID-03-02,NG-SOV-PART-000001,ENVIRONMENTAL_SAMPLE_RENDER_FOOTPRINT,DERIVED_REFERENCE_NOT_PHYSICAL_FEATURE_BOUNDARY,false,terrain standard render-plan uses 0.42 degree sample spacing,SHARED_REFERENCE
NG-SCELL-000133,NG-SPT-000133,30.52,-4.987467,30.31,30.73,-5.197467,-4.777467,0.42,NG-MGRID-03-02,NG-SOV-PART-000001,ENVIRONMENTAL_SAMPLE_RENDER_FOOTPRINT,DERIVED_REFERENCE_NOT_PHYSICAL_FEATURE_BOUNDARY,false,terrain standard render-plan uses 0.42 degree sample spacing,SHARED_REFERENCE
NG-SCELL-000134,NG-SPT-000134,30.94,-4.987467,30.73,31.15,-5.197467,-4.777467,0.42,NG-MGRID-03-02,NG-SOV-PART-000001,ENVIRONMENTAL_SAMPLE_RENDER_FOOTPRINT,DERIVED_REFERENCE_NOT_PHYSICAL_FEATURE_BOUNDARY,false,terrain standard render-plan uses 0.42 degree sample spacing,SHARED_REFERENCE
NG-SCELL-000135,NG-SPT-000135,31.36,-4.987467,31.15,31.57,-5.197467,-4.777467,0.42,NG-MGRID-03-02,NG-SOV-PART-000001,ENVIRONMENTAL_SAMPLE_RENDER_FOOTPRINT,DERIVED_REFERENCE_NOT_PHYSICAL_FEATURE_BOUNDARY,false,terrain standard render-plan uses 0.42 degree sample spacing,SHARED_REFERENCE
NG-SCELL-000136,NG-SPT-000136,31.78,-4.987467,31.57,31.99,-5.197467,-4.777467,0.42,NG-MGRID-03-02,NG-SOV-PART-000001,ENVIRONMENTAL_SAMPLE_RENDER_FOOTPRINT,DERIVED_REFERENCE_NOT_PHYSICAL_FEATURE_BOUNDARY,false,terrain standard render-plan uses 0.42 degree sample spacing,SHARED_REFERENCE
NG-SCELL-000137,NG-SPT-000137,32.2,-4.987467,31.99,32.41,-5.197467,-4.777467,0.42,NG-MGRID-03-02,NG-SOV-PART-000001,ENVIRONMENTAL_SAMPLE_RENDER_FOOTPRINT,DERIVED_REFERENCE_NOT_PHYSICAL_FEATURE_BOUNDARY,false,terrain standard render-plan uses 0.42 degree sample spacing,SHARED_REFERENCE
NG-SCELL-000138,NG-SPT-000138,32.62,-4.987467,32.41,32.83,-5.197467,-4.777467,0.42,NG-MGRID-03-02,NG-SOV-PART-000001,ENVIRONMENTAL_SAMPLE_RENDER_FOOTPRINT,DERIVED_REFERENCE_NOT_PHYSICAL_FEATURE_BOUNDARY,false,terrain standard render-plan uses 0.42 degree sample spacing,SHARED_REFERENCE
NG-SCELL-000139,NG-SPT-000139,33.04,-4.987467,32.83,33.25,-5.197467,-4.777467,0.42,NG-MGRID-03-02,NG-SOV-PART-000001,ENVIRONMENTAL_SAMPLE_RENDER_FOOTPRINT,DERIVED_REFERENCE_NOT_PHYSICAL_FEATURE_BOUNDARY,false,terrain standard render-plan uses 0.42 degree sample spacing,SHARED_REFERENCE
NG-SCELL-000140,NG-SPT-000140,33.46,-4.987467,33.25,33.67,-5.197467,-4.777467,0.42,NG-MGRID-03-02,NG-SOV-PART-000001,ENVIRONMENTAL_SAMPLE_RENDER_FOOTPRINT,DERIVED_REFERENCE_NOT_PHYSICAL_FEATURE_BOUNDARY,false,terrain standard render-plan uses 0.42 degree sample spacing,SHARED_REFERENCE
NG-SCELL-000141,NG-SPT-000141,33.88,-4.987467,33.67,34.09,-5.197467,-4.777467,0.42,NG-MGRID-03-02,NG-SOV-PART-000001,ENVIRONMENTAL_SAMPLE_RENDER_FOOTPRINT,DERIVED_REFERENCE_NOT_PHYSICAL_FEATURE_BOUNDARY,false,terrain standard render-plan uses 0.42 degree sample spacing,SHARED_REFERENCE
NG-SCELL-000142,NG-SPT-000142,34.3,-4.987467,34.09,34.51,-5.197467,-4.777467,0.42,NG-MGRID-03-02,NG-SOV-PART-000001,ENVIRONMENTAL_SAMPLE_RENDER_FOOTPRINT,DERIVED_REFERENCE_NOT_PHYSICAL_FEATURE_BOUNDARY,false,terrain standard render-plan uses 0.42 degree sample spacing,SHARED_REFERENCE
NG-SCELL-000143,NG-SPT-000143,34.72,-4.987467,34.51,34.93,-5.197467,-4.777467,0.42,NG-MGRID-03-02,NG-SOV-PART-000001,ENVIRONMENTAL_SAMPLE_RENDER_FOOTPRINT,DERIVED_REFERENCE_NOT_PHYSICAL_FEATURE_BOUNDARY,false,terrain standard render-plan uses 0.42 degree sample spacing,SHARED_REFERENCE
NG-SCELL-000144,NG-SPT-000144,35.14,-4.987467,34.93,35.35,-5.197467,-4.777467,0.42,NG-MGRID-03-03,NG-SOV-PART-000001,ENVIRONMENTAL_SAMPLE_RENDER_FOOTPRINT,DERIVED_REFERENCE_NOT_PHYSICAL_FEATURE_BOUNDARY,false,terrain standard render-plan uses 0.42 degree sample spacing,SHARED_REFERENCE
NG-SCELL-000145,NG-SPT-000145,35.56,-4.987467,35.35,35.77,-5.197467,-4.777467,0.42,NG-MGRID-03-03,NG-SOV-PART-000001,ENVIRONMENTAL_SAMPLE_RENDER_FOOTPRINT,DERIVED_REFERENCE_NOT_PHYSICAL_FEATURE_BOUNDARY,false,terrain standard render-plan uses 0.42 degree sample spacing,SHARED_REFERENCE
NG-SCELL-000146,NG-SPT-000146,35.98,-4.987467,35.77,36.19,-5.197467,-4.777467,0.42,NG-MGRID-03-03,NG-SOV-PART-000001,ENVIRONMENTAL_SAMPLE_RENDER_FOOTPRINT,DERIVED_REFERENCE_NOT_PHYSICAL_FEATURE_BOUNDARY,false,terrain standard render-plan uses 0.42 degree sample spacing,SHARED_REFERENCE
NG-SCELL-000147,NG-SPT-000147,36.4,-4.987467,36.19,36.61,-5.197467,-4.777467,0.42,NG-MGRID-03-03,NG-SOV-PART-000001,ENVIRONMENTAL_SAMPLE_RENDER_FOOTPRINT,DERIVED_REFERENCE_NOT_PHYSICAL_FEATURE_BOUNDARY,false,terrain standard render-plan uses 0.42 degree sample spacing,SHARED_REFERENCE
NG-SCELL-000148,NG-SPT-000148,36.82,-4.987467,36.61,37.03,-5.197467,-4.777467,0.42,NG-MGRID-03-03,NG-SOV-PART-000001,ENVIRONMENTAL_SAMPLE_RENDER_FOOTPRINT,DERIVED_REFERENCE_NOT_PHYSICAL_FEATURE_BOUNDARY,false,terrain standard render-plan uses 0.42 degree sample spacing,SHARED_REFERENCE
NG-SCELL-000149,NG-SPT-000149,37.24,-4.987467,37.03,37.45,-5.197467,-4.777467,0.42,NG-MGRID-03-03,NG-SOV-PART-000001,ENVIRONMENTAL_SAMPLE_RENDER_FOOTPRINT,DERIVED_REFERENCE_NOT_PHYSICAL_FEATURE_BOUNDARY,false,terrain standard render-plan uses 0.42 degree sample spacing,SHARED_REFERENCE
NG-SCELL-000150,NG-SPT-000150,37.66,-4.987467,37.45,37.87,-5.197467,-4.777467,0.42,NG-MGRID-03-03,NG-SOV-PART-000001,ENVIRONMENTAL_SAMPLE_RENDER_FOOTPRINT,DERIVED_REFERENCE_NOT_PHYSICAL_FEATURE_BOUNDARY,false,terrain standard render-plan uses 0.42 degree sample spacing,SHARED_REFERENCE
NG-SCELL-000151,NG-SPT-000151,38.08,-4.987467,37.87,38.29,-5.197467,-4.777467,0.42,NG-MGRID-03-03,NG-SOV-PART-000001,ENVIRONMENTAL_SAMPLE_RENDER_FOOTPRINT,DERIVED_REFERENCE_NOT_PHYSICAL_FEATURE_BOUNDARY,false,terrain standard render-plan uses 0.42 degree sample spacing,SHARED_REFERENCE
NG-SCELL-000152,NG-SPT-000152,38.5,-4.987467,38.29,38.71,-5.197467,-4.777467,0.42,NG-MGRID-03-03,NG-SOV-PART-000001,ENVIRONMENTAL_SAMPLE_RENDER_FOOTPRINT,DERIVED_REFERENCE_NOT_PHYSICAL_FEATURE_BOUNDARY,false,terrain standard render-plan uses 0.42 degree sample spacing,SHARED_REFERENCE
NG-SCELL-000153,NG-SPT-000153,38.92,-4.987467,38.71,39.13,-5.197467,-4.777467,0.42,NG-MGRID-03-03,NG-SOV-PART-000001,ENVIRONMENTAL_SAMPLE_RENDER_FOOTPRINT,DERIVED_REFERENCE_NOT_PHYSICAL_FEATURE_BOUNDARY,false,terrain standard render-plan uses 0.42 degree sample spacing,SHARED_REFERENCE
NG-SCELL-000154,NG-SPT-000154,39.34,-4.987467,39.13,39.55,-5.197467,-4.777467,0.42,NG-MGRID-03-03,NG-SOV-PART-000001,ENVIRONMENTAL_SAMPLE_RENDER_FOOTPRINT,DERIVED_REFERENCE_NOT_PHYSICAL_FEATURE_BOUNDARY,false,terrain standard render-plan uses 0.42 degree sample spacing,SHARED_REFERENCE
NG-SCELL-000155,NG-SPT-000155,39.76,-4.987467,39.55,39.97,-5.197467,-4.777467,0.42,NG-MGRID-03-03,NG-SOV-PART-000001,ENVIRONMENTAL_SAMPLE_RENDER_FOOTPRINT,DERIVED_REFERENCE_NOT_PHYSICAL_FEATURE_BOUNDARY,false,terrain standard render-plan uses 0.42 degree sample spacing,SHARED_REFERENCE
NG-SCELL-000156,NG-SPT-000156,40.18,-4.987467,39.97,40.39,-5.197467,-4.777467,0.42,NG-MGRID-03-04,NG-SOV-PART-000001,ENVIRONMENTAL_SAMPLE_RENDER_FOOTPRINT,DERIVED_REFERENCE_NOT_PHYSICAL_FEATURE_BOUNDARY,false,terrain standard render-plan uses 0.42 degree sample spacing,SHARED_REFERENCE
NG-SCELL-000157,NG-SPT-000157,40.6,-4.987467,40.39,40.81,-5.197467,-4.777467,0.42,NG-MGRID-03-04,NG-SOV-PART-000001,ENVIRONMENTAL_SAMPLE_RENDER_FOOTPRINT,DERIVED_REFERENCE_NOT_PHYSICAL_FEATURE_BOUNDARY,false,terrain standard render-plan uses 0.42 degree sample spacing,SHARED_REFERENCE
NG-SCELL-000158,NG-SPT-000158,41.02,-4.987467,40.81,41.23,-5.197467,-4.777467,0.42,NG-MGRID-03-04,NG-SOV-PART-000001,ENVIRONMENTAL_SAMPLE_RENDER_FOOTPRINT,DERIVED_REFERENCE_NOT_PHYSICAL_FEATURE_BOUNDARY,false,terrain standard render-plan uses 0.42 degree sample spacing,SHARED_REFERENCE
NG-SCELL-000159,NG-SPT-000159,41.44,-4.987467,41.23,41.65,-5.197467,-4.777467,0.42,NG-MGRID-03-04,NG-SOV-PART-000001,ENVIRONMENTAL_SAMPLE_RENDER_FOOTPRINT,DERIVED_REFERENCE_NOT_PHYSICAL_FEATURE_BOUNDARY,false,terrain standard render-plan uses 0.42 degree sample spacing,SHARED_REFERENCE
NG-SCELL-000160,NG-SPT-000160,41.86,-4.987467,41.65,42.07,-5.197467,-4.777467,0.42,NG-MGRID-03-04,NG-SOV-PART-000001,ENVIRONMENTAL_SAMPLE_RENDER_FOOTPRINT,DERIVED_REFERENCE_NOT_PHYSICAL_FEATURE_BOUNDARY,false,terrain standard render-plan uses 0.42 degree sample spacing,SHARED_REFERENCE
NG-SCELL-000161,NG-SPT-000161,42.28,-4.987467,42.07,42.49,-5.197467,-4.777467,0.42,NG-MGRID-03-04,NG-SOV-PART-000001,ENVIRONMENTAL_SAMPLE_RENDER_FOOTPRINT,DERIVED_REFERENCE_NOT_PHYSICAL_FEATURE_BOUNDARY,false,terrain standard render-plan uses 0.42 degree sample spacing,SHARED_REFERENCE
NG-SCELL-000162,NG-SPT-000162,42.7,-4.987467,42.49,42.91,-5.197467,-4.777467,0.42,NG-MGRID-03-04,NG-SOV-PART-000001,ENVIRONMENTAL_SAMPLE_RENDER_FOOTPRINT,DERIVED_REFERENCE_NOT_PHYSICAL_FEATURE_BOUNDARY,false,terrain standard render-plan uses 0.42 degree sample spacing,SHARED_REFERENCE
NG-SCELL-000163,NG-SPT-000163,30.1,-4.567467,29.89,30.31,-4.777467,-4.357467,0.42,NG-MGRID-03-02,NG-SOV-PART-000001,ENVIRONMENTAL_SAMPLE_RENDER_FOOTPRINT,DERIVED_REFERENCE_NOT_PHYSICAL_FEATURE_BOUNDARY,false,terrain standard render-plan uses 0.42 degree sample spacing,SHARED_REFERENCE
NG-SCELL-000164,NG-SPT-000164,30.52,-4.567467,30.31,30.73,-4.777467,-4.357467,0.42,NG-MGRID-03-02,NG-SOV-PART-000001,ENVIRONMENTAL_SAMPLE_RENDER_FOOTPRINT,DERIVED_REFERENCE_NOT_PHYSICAL_FEATURE_BOUNDARY,false,terrain standard render-plan uses 0.42 degree sample spacing,SHARED_REFERENCE
NG-SCELL-000165,NG-SPT-000165,30.94,-4.567467,30.73,31.15,-4.777467,-4.357467,0.42,NG-MGRID-03-02,NG-SOV-PART-000001,ENVIRONMENTAL_SAMPLE_RENDER_FOOTPRINT,DERIVED_REFERENCE_NOT_PHYSICAL_FEATURE_BOUNDARY,false,terrain standard render-plan uses 0.42 degree sample spacing,SHARED_REFERENCE
NG-SCELL-000166,NG-SPT-000166,31.36,-4.567467,31.15,31.57,-4.777467,-4.357467,0.42,NG-MGRID-03-02,NG-SOV-PART-000001,ENVIRONMENTAL_SAMPLE_RENDER_FOOTPRINT,DERIVED_REFERENCE_NOT_PHYSICAL_FEATURE_BOUNDARY,false,terrain standard render-plan uses 0.42 degree sample spacing,SHARED_REFERENCE
NG-SCELL-000167,NG-SPT-000167,31.78,-4.567467,31.57,31.99,-4.777467,-4.357467,0.42,NG-MGRID-03-02,NG-SOV-PART-000001,ENVIRONMENTAL_SAMPLE_RENDER_FOOTPRINT,DERIVED_REFERENCE_NOT_PHYSICAL_FEATURE_BOUNDARY,false,terrain standard render-plan uses 0.42 degree sample spacing,SHARED_REFERENCE
NG-SCELL-000168,NG-SPT-000168,32.2,-4.567467,31.99,32.41,-4.777467,-4.357467,0.42,NG-MGRID-03-02,NG-SOV-PART-000001,ENVIRONMENTAL_SAMPLE_RENDER_FOOTPRINT,DERIVED_REFERENCE_NOT_PHYSICAL_FEATURE_BOUNDARY,false,terrain standard render-plan uses 0.42 degree sample spacing,SHARED_REFERENCE
NG-SCELL-000169,NG-SPT-000169,32.62,-4.567467,32.41,32.83,-4.777467,-4.357467,0.42,NG-MGRID-03-02,NG-SOV-PART-000001,ENVIRONMENTAL_SAMPLE_RENDER_FOOTPRINT,DERIVED_REFERENCE_NOT_PHYSICAL_FEATURE_BOUNDARY,false,terrain standard render-plan uses 0.42 degree sample spacing,SHARED_REFERENCE
NG-SCELL-000170,NG-SPT-000170,33.04,-4.567467,32.83,33.25,-4.777467,-4.357467,0.42,NG-MGRID-03-02,NG-SOV-PART-000001,ENVIRONMENTAL_SAMPLE_RENDER_FOOTPRINT,DERIVED_REFERENCE_NOT_PHYSICAL_FEATURE_BOUNDARY,false,terrain standard render-plan uses 0.42 degree sample spacing,SHARED_REFERENCE
NG-SCELL-000171,NG-SPT-000171,33.46,-4.567467,33.25,33.67,-4.777467,-4.357467,0.42,NG-MGRID-03-02,NG-SOV-PART-000001,ENVIRONMENTAL_SAMPLE_RENDER_FOOTPRINT,DERIVED_REFERENCE_NOT_PHYSICAL_FEATURE_BOUNDARY,false,terrain standard render-plan uses 0.42 degree sample spacing,SHARED_REFERENCE
NG-SCELL-000172,NG-SPT-000172,33.88,-4.567467,33.67,34.09,-4.777467,-4.357467,0.42,NG-MGRID-03-02,NG-SOV-PART-000001,ENVIRONMENTAL_SAMPLE_RENDER_FOOTPRINT,DERIVED_REFERENCE_NOT_PHYSICAL_FEATURE_BOUNDARY,false,terrain standard render-plan uses 0.42 degree sample spacing,SHARED_REFERENCE
NG-SCELL-000173,NG-SPT-000173,34.3,-4.567467,34.09,34.51,-4.777467,-4.357467,0.42,NG-MGRID-03-02,NG-SOV-PART-000001,ENVIRONMENTAL_SAMPLE_RENDER_FOOTPRINT,DERIVED_REFERENCE_NOT_PHYSICAL_FEATURE_BOUNDARY,false,terrain standard render-plan uses 0.42 degree sample spacing,SHARED_REFERENCE
NG-SCELL-000174,NG-SPT-000174,34.72,-4.567467,34.51,34.93,-4.777467,-4.357467,0.42,NG-MGRID-03-02,NG-SOV-PART-000001,ENVIRONMENTAL_SAMPLE_RENDER_FOOTPRINT,DERIVED_REFERENCE_NOT_PHYSICAL_FEATURE_BOUNDARY,false,terrain standard render-plan uses 0.42 degree sample spacing,SHARED_REFERENCE
NG-SCELL-000175,NG-SPT-000175,35.14,-4.567467,34.93,35.35,-4.777467,-4.357467,0.42,NG-MGRID-03-03,NG-SOV-PART-000001,ENVIRONMENTAL_SAMPLE_RENDER_FOOTPRINT,DERIVED_REFERENCE_NOT_PHYSICAL_FEATURE_BOUNDARY,false,terrain standard render-plan uses 0.42 degree sample spacing,SHARED_REFERENCE
NG-SCELL-000176,NG-SPT-000176,35.56,-4.567467,35.35,35.77,-4.777467,-4.357467,0.42,NG-MGRID-03-03,NG-SOV-PART-000001,ENVIRONMENTAL_SAMPLE_RENDER_FOOTPRINT,DERIVED_REFERENCE_NOT_PHYSICAL_FEATURE_BOUNDARY,false,terrain standard render-plan uses 0.42 degree sample spacing,SHARED_REFERENCE
NG-SCELL-000177,NG-SPT-000177,35.98,-4.567467,35.77,36.19,-4.777467,-4.357467,0.42,NG-MGRID-03-03,NG-SOV-PART-000001,ENVIRONMENTAL_SAMPLE_RENDER_FOOTPRINT,DERIVED_REFERENCE_NOT_PHYSICAL_FEATURE_BOUNDARY,false,terrain standard render-plan uses 0.42 degree sample spacing,SHARED_REFERENCE
NG-SCELL-000178,NG-SPT-000178,36.4,-4.567467,36.19,36.61,-4.777467,-4.357467,0.42,NG-MGRID-03-03,NG-SOV-PART-000001,ENVIRONMENTAL_SAMPLE_RENDER_FOOTPRINT,DERIVED_REFERENCE_NOT_PHYSICAL_FEATURE_BOUNDARY,false,terrain standard render-plan uses 0.42 degree sample spacing,SHARED_REFERENCE
NG-SCELL-000179,NG-SPT-000179,36.82,-4.567467,36.61,37.03,-4.777467,-4.357467,0.42,NG-MGRID-03-03,NG-SOV-PART-000001,ENVIRONMENTAL_SAMPLE_RENDER_FOOTPRINT,DERIVED_REFERENCE_NOT_PHYSICAL_FEATURE_BOUNDARY,false,terrain standard render-plan uses 0.42 degree sample spacing,SHARED_REFERENCE
NG-SCELL-000180,NG-SPT-000180,37.24,-4.567467,37.03,37.45,-4.777467,-4.357467,0.42,NG-MGRID-03-03,NG-SOV-PART-000001,ENVIRONMENTAL_SAMPLE_RENDER_FOOTPRINT,DERIVED_REFERENCE_NOT_PHYSICAL_FEATURE_BOUNDARY,false,terrain standard render-plan uses 0.42 degree sample spacing,SHARED_REFERENCE
NG-SCELL-000181,NG-SPT-000181,37.66,-4.567467,37.45,37.87,-4.777467,-4.357467,0.42,NG-MGRID-03-03,NG-SOV-PART-000001,ENVIRONMENTAL_SAMPLE_RENDER_FOOTPRINT,DERIVED_REFERENCE_NOT_PHYSICAL_FEATURE_BOUNDARY,false,terrain standard render-plan uses 0.42 degree sample spacing,SHARED_REFERENCE
NG-SCELL-000182,NG-SPT-000182,38.08,-4.567467,37.87,38.29,-4.777467,-4.357467,0.42,NG-MGRID-03-03,NG-SOV-PART-000001,ENVIRONMENTAL_SAMPLE_RENDER_FOOTPRINT,DERIVED_REFERENCE_NOT_PHYSICAL_FEATURE_BOUNDARY,false,terrain standard render-plan uses 0.42 degree sample spacing,SHARED_REFERENCE
NG-SCELL-000183,NG-SPT-000183,38.5,-4.567467,38.29,38.71,-4.777467,-4.357467,0.42,NG-MGRID-03-03,NG-SOV-PART-000001,ENVIRONMENTAL_SAMPLE_RENDER_FOOTPRINT,DERIVED_REFERENCE_NOT_PHYSICAL_FEATURE_BOUNDARY,false,terrain standard render-plan uses 0.42 degree sample spacing,SHARED_REFERENCE
NG-SCELL-000184,NG-SPT-000184,38.92,-4.567467,38.71,39.13,-4.777467,-4.357467,0.42,NG-MGRID-03-03,NG-SOV-PART-000001,ENVIRONMENTAL_SAMPLE_RENDER_FOOTPRINT,DERIVED_REFERENCE_NOT_PHYSICAL_FEATURE_BOUNDARY,false,terrain standard render-plan uses 0.42 degree sample spacing,SHARED_REFERENCE
NG-SCELL-000185,NG-SPT-000185,39.34,-4.567467,39.13,39.55,-4.777467,-4.357467,0.42,NG-MGRID-03-03,NG-SOV-PART-000001,ENVIRONMENTAL_SAMPLE_RENDER_FOOTPRINT,DERIVED_REFERENCE_NOT_PHYSICAL_FEATURE_BOUNDARY,false,terrain standard render-plan uses 0.42 degree sample spacing,SHARED_REFERENCE
NG-SCELL-000186,NG-SPT-000186,39.76,-4.567467,39.55,39.97,-4.777467,-4.357467,0.42,NG-MGRID-03-03,NG-SOV-PART-000001,ENVIRONMENTAL_SAMPLE_RENDER_FOOTPRINT,DERIVED_REFERENCE_NOT_PHYSICAL_FEATURE_BOUNDARY,false,terrain standard render-plan uses 0.42 degree sample spacing,SHARED_REFERENCE
NG-SCELL-000187,NG-SPT-000187,40.18,-4.567467,39.97,40.39,-4.777467,-4.357467,0.42,NG-MGRID-03-04,NG-SOV-PART-000001,ENVIRONMENTAL_SAMPLE_RENDER_FOOTPRINT,DERIVED_REFERENCE_NOT_PHYSICAL_FEATURE_BOUNDARY,false,terrain standard render-plan uses 0.42 degree sample spacing,SHARED_REFERENCE
NG-SCELL-000188,NG-SPT-000188,40.6,-4.567467,40.39,40.81,-4.777467,-4.357467,0.42,NG-MGRID-03-04,NG-SOV-PART-000001,ENVIRONMENTAL_SAMPLE_RENDER_FOOTPRINT,DERIVED_REFERENCE_NOT_PHYSICAL_FEATURE_BOUNDARY,false,terrain standard render-plan uses 0.42 degree sample spacing,SHARED_REFERENCE
NG-SCELL-000189,NG-SPT-000189,41.02,-4.567467,40.81,41.23,-4.777467,-4.357467,0.42,NG-MGRID-03-04,NG-SOV-PART-000001,ENVIRONMENTAL_SAMPLE_RENDER_FOOTPRINT,DERIVED_REFERENCE_NOT_PHYSICAL_FEATURE_BOUNDARY,false,terrain standard render-plan uses 0.42 degree sample spacing,SHARED_REFERENCE
NG-SCELL-000190,NG-SPT-000190,41.44,-4.567467,41.23,41.65,-4.777467,-4.357467,0.42,NG-MGRID-03-04,NG-SOV-PART-000001,ENVIRONMENTAL_SAMPLE_RENDER_FOOTPRINT,DERIVED_REFERENCE_NOT_PHYSICAL_FEATURE_BOUNDARY,false,terrain standard render-plan uses 0.42 degree sample spacing,SHARED_REFERENCE
NG-SCELL-000191,NG-SPT-000191,41.86,-4.567467,41.65,42.07,-4.777467,-4.357467,0.42,NG-MGRID-03-04,NG-SOV-PART-000001,ENVIRONMENTAL_SAMPLE_RENDER_FOOTPRINT,DERIVED_REFERENCE_NOT_PHYSICAL_FEATURE_BOUNDARY,false,terrain standard render-plan uses 0.42 degree sample spacing,SHARED_REFERENCE
NG-SCELL-000192,NG-SPT-000192,42.28,-4.567467,42.07,42.49,-4.777467,-4.357467,0.42,NG-MGRID-03-04,NG-SOV-PART-000001,ENVIRONMENTAL_SAMPLE_RENDER_FOOTPRINT,DERIVED_REFERENCE_NOT_PHYSICAL_FEATURE_BOUNDARY,false,terrain standard render-plan uses 0.42 degree sample spacing,SHARED_REFERENCE
NG-SCELL-000193,NG-SPT-000193,42.7,-4.567467,42.49,42.91,-4.777467,-4.357467,0.42,NG-MGRID-03-04,NG-SOV-PART-000001,ENVIRONMENTAL_SAMPLE_RENDER_FOOTPRINT,DERIVED_REFERENCE_NOT_PHYSICAL_FEATURE_BOUNDARY,false,terrain standard render-plan uses 0.42 degree sample spacing,SHARED_REFERENCE
NG-SCELL-000194,NG-SPT-000194,43.12,-4.567467,42.91,43.33,-4.777467,-4.357467,0.42,NG-MGRID-03-04,NG-SOV-PART-000001,ENVIRONMENTAL_SAMPLE_RENDER_FOOTPRINT,DERIVED_REFERENCE_NOT_PHYSICAL_FEATURE_BOUNDARY,false,terrain standard render-plan uses 0.42 degree sample spacing,SHARED_REFERENCE
NG-SCELL-000195,NG-SPT-000195,29.68,-4.147467,29.47,29.89,-4.357467,-3.937467,0.42,NG-MGRID-03-01,NG-SOV-PART-000001,ENVIRONMENTAL_SAMPLE_RENDER_FOOTPRINT,DERIVED_REFERENCE_NOT_PHYSICAL_FEATURE_BOUNDARY,false,terrain standard render-plan uses 0.42 degree sample spacing,SHARED_REFERENCE
NG-SCELL-000196,NG-SPT-000196,30.1,-4.147467,29.89,30.31,-4.357467,-3.937467,0.42,NG-MGRID-03-02,NG-SOV-PART-000001,ENVIRONMENTAL_SAMPLE_RENDER_FOOTPRINT,DERIVED_REFERENCE_NOT_PHYSICAL_FEATURE_BOUNDARY,false,terrain standard render-plan uses 0.42 degree sample spacing,SHARED_REFERENCE
NG-SCELL-000197,NG-SPT-000197,30.52,-4.147467,30.31,30.73,-4.357467,-3.937467,0.42,NG-MGRID-03-02,NG-SOV-PART-000001,ENVIRONMENTAL_SAMPLE_RENDER_FOOTPRINT,DERIVED_REFERENCE_NOT_PHYSICAL_FEATURE_BOUNDARY,false,terrain standard render-plan uses 0.42 degree sample spacing,SHARED_REFERENCE
NG-SCELL-000198,NG-SPT-000198,30.94,-4.147467,30.73,31.15,-4.357467,-3.937467,0.42,NG-MGRID-03-02,NG-SOV-PART-000001,ENVIRONMENTAL_SAMPLE_RENDER_FOOTPRINT,DERIVED_REFERENCE_NOT_PHYSICAL_FEATURE_BOUNDARY,false,terrain standard render-plan uses 0.42 degree sample spacing,SHARED_REFERENCE
NG-SCELL-000199,NG-SPT-000199,31.36,-4.147467,31.15,31.57,-4.357467,-3.937467,0.42,NG-MGRID-03-02,NG-SOV-PART-000001,ENVIRONMENTAL_SAMPLE_RENDER_FOOTPRINT,DERIVED_REFERENCE_NOT_PHYSICAL_FEATURE_BOUNDARY,false,terrain standard render-plan uses 0.42 degree sample spacing,SHARED_REFERENCE
NG-SCELL-000200,NG-SPT-000200,31.78,-4.147467,31.57,31.99,-4.357467,-3.937467,0.42,NG-MGRID-03-02,NG-SOV-PART-000001,ENVIRONMENTAL_SAMPLE_RENDER_FOOTPRINT,DERIVED_REFERENCE_NOT_PHYSICAL_FEATURE_BOUNDARY,false,terrain standard render-plan uses 0.42 degree sample spacing,SHARED_REFERENCE
NG-SCELL-000201,NG-SPT-000201,32.2,-4.147467,31.99,32.41,-4.357467,-3.937467,0.42,NG-MGRID-03-02,NG-SOV-PART-000001,ENVIRONMENTAL_SAMPLE_RENDER_FOOTPRINT,DERIVED_REFERENCE_NOT_PHYSICAL_FEATURE_BOUNDARY,false,terrain standard render-plan uses 0.42 degree sample spacing,SHARED_REFERENCE
NG-SCELL-000202,NG-SPT-000202,32.62,-4.147467,32.41,32.83,-4.357467,-3.937467,0.42,NG-MGRID-03-02,NG-SOV-PART-000001,ENVIRONMENTAL_SAMPLE_RENDER_FOOTPRINT,DERIVED_REFERENCE_NOT_PHYSICAL_FEATURE_BOUNDARY,false,terrain standard render-plan uses 0.42 degree sample spacing,SHARED_REFERENCE
NG-SCELL-000203,NG-SPT-000203,33.04,-4.147467,32.83,33.25,-4.357467,-3.937467,0.42,NG-MGRID-03-02,NG-SOV-PART-000001,ENVIRONMENTAL_SAMPLE_RENDER_FOOTPRINT,DERIVED_REFERENCE_NOT_PHYSICAL_FEATURE_BOUNDARY,false,terrain standard render-plan uses 0.42 degree sample spacing,SHARED_REFERENCE
NG-SCELL-000204,NG-SPT-000204,33.46,-4.147467,33.25,33.67,-4.357467,-3.937467,0.42,NG-MGRID-03-02,NG-SOV-PART-000001,ENVIRONMENTAL_SAMPLE_RENDER_FOOTPRINT,DERIVED_REFERENCE_NOT_PHYSICAL_FEATURE_BOUNDARY,false,terrain standard render-plan uses 0.42 degree sample spacing,SHARED_REFERENCE
NG-SCELL-000205,NG-SPT-000205,33.88,-4.147467,33.67,34.09,-4.357467,-3.937467,0.42,NG-MGRID-03-02,NG-SOV-PART-000001,ENVIRONMENTAL_SAMPLE_RENDER_FOOTPRINT,DERIVED_REFERENCE_NOT_PHYSICAL_FEATURE_BOUNDARY,false,terrain standard render-plan uses 0.42 degree sample spacing,SHARED_REFERENCE
NG-SCELL-000206,NG-SPT-000206,34.3,-4.147467,34.09,34.51,-4.357467,-3.937467,0.42,NG-MGRID-03-02,NG-SOV-PART-000001,ENVIRONMENTAL_SAMPLE_RENDER_FOOTPRINT,DERIVED_REFERENCE_NOT_PHYSICAL_FEATURE_BOUNDARY,false,terrain standard render-plan uses 0.42 degree sample spacing,SHARED_REFERENCE
NG-SCELL-000207,NG-SPT-000207,34.72,-4.147467,34.51,34.93,-4.357467,-3.937467,0.42,NG-MGRID-03-02,NG-SOV-PART-000001,ENVIRONMENTAL_SAMPLE_RENDER_FOOTPRINT,DERIVED_REFERENCE_NOT_PHYSICAL_FEATURE_BOUNDARY,false,terrain standard render-plan uses 0.42 degree sample spacing,SHARED_REFERENCE
NG-SCELL-000208,NG-SPT-000208,35.14,-4.147467,34.93,35.35,-4.357467,-3.937467,0.42,NG-MGRID-03-03,NG-SOV-PART-000001,ENVIRONMENTAL_SAMPLE_RENDER_FOOTPRINT,DERIVED_REFERENCE_NOT_PHYSICAL_FEATURE_BOUNDARY,false,terrain standard render-plan uses 0.42 degree sample spacing,SHARED_REFERENCE
NG-SCELL-000209,NG-SPT-000209,35.56,-4.147467,35.35,35.77,-4.357467,-3.937467,0.42,NG-MGRID-03-03,NG-SOV-PART-000001,ENVIRONMENTAL_SAMPLE_RENDER_FOOTPRINT,DERIVED_REFERENCE_NOT_PHYSICAL_FEATURE_BOUNDARY,false,terrain standard render-plan uses 0.42 degree sample spacing,SHARED_REFERENCE
NG-SCELL-000210,NG-SPT-000210,35.98,-4.147467,35.77,36.19,-4.357467,-3.937467,0.42,NG-MGRID-03-03,NG-SOV-PART-000001,ENVIRONMENTAL_SAMPLE_RENDER_FOOTPRINT,DERIVED_REFERENCE_NOT_PHYSICAL_FEATURE_BOUNDARY,false,terrain standard render-plan uses 0.42 degree sample spacing,SHARED_REFERENCE
NG-SCELL-000211,NG-SPT-000211,36.4,-4.147467,36.19,36.61,-4.357467,-3.937467,0.42,NG-MGRID-03-03,NG-SOV-PART-000001,ENVIRONMENTAL_SAMPLE_RENDER_FOOTPRINT,DERIVED_REFERENCE_NOT_PHYSICAL_FEATURE_BOUNDARY,false,terrain standard render-plan uses 0.42 degree sample spacing,SHARED_REFERENCE
NG-SCELL-000212,NG-SPT-000212,36.82,-4.147467,36.61,37.03,-4.357467,-3.937467,0.42,NG-MGRID-03-03,NG-SOV-PART-000001,ENVIRONMENTAL_SAMPLE_RENDER_FOOTPRINT,DERIVED_REFERENCE_NOT_PHYSICAL_FEATURE_BOUNDARY,false,terrain standard render-plan uses 0.42 degree sample spacing,SHARED_REFERENCE
NG-SCELL-000213,NG-SPT-000213,37.24,-4.147467,37.03,37.45,-4.357467,-3.937467,0.42,NG-MGRID-03-03,NG-SOV-PART-000001,ENVIRONMENTAL_SAMPLE_RENDER_FOOTPRINT,DERIVED_REFERENCE_NOT_PHYSICAL_FEATURE_BOUNDARY,false,terrain standard render-plan uses 0.42 degree sample spacing,SHARED_REFERENCE
NG-SCELL-000214,NG-SPT-000214,37.66,-4.147467,37.45,37.87,-4.357467,-3.937467,0.42,NG-MGRID-03-03,NG-SOV-PART-000001,ENVIRONMENTAL_SAMPLE_RENDER_FOOTPRINT,DERIVED_REFERENCE_NOT_PHYSICAL_FEATURE_BOUNDARY,false,terrain standard render-plan uses 0.42 degree sample spacing,SHARED_REFERENCE
NG-SCELL-000215,NG-SPT-000215,38.08,-4.147467,37.87,38.29,-4.357467,-3.937467,0.42,NG-MGRID-03-03,NG-SOV-PART-000001,ENVIRONMENTAL_SAMPLE_RENDER_FOOTPRINT,DERIVED_REFERENCE_NOT_PHYSICAL_FEATURE_BOUNDARY,false,terrain standard render-plan uses 0.42 degree sample spacing,SHARED_REFERENCE
NG-SCELL-000216,NG-SPT-000216,38.5,-4.147467,38.29,38.71,-4.357467,-3.937467,0.42,NG-MGRID-03-03,NG-SOV-PART-000001,ENVIRONMENTAL_SAMPLE_RENDER_FOOTPRINT,DERIVED_REFERENCE_NOT_PHYSICAL_FEATURE_BOUNDARY,false,terrain standard render-plan uses 0.42 degree sample spacing,SHARED_REFERENCE
NG-SCELL-000217,NG-SPT-000217,38.92,-4.147467,38.71,39.13,-4.357467,-3.937467,0.42,NG-MGRID-03-03,NG-SOV-PART-000001,ENVIRONMENTAL_SAMPLE_RENDER_FOOTPRINT,DERIVED_REFERENCE_NOT_PHYSICAL_FEATURE_BOUNDARY,false,terrain standard render-plan uses 0.42 degree sample spacing,SHARED_REFERENCE
NG-SCELL-000218,NG-SPT-000218,39.34,-4.147467,39.13,39.55,-4.357467,-3.937467,0.42,NG-MGRID-03-03,NG-SOV-PART-000001,ENVIRONMENTAL_SAMPLE_RENDER_FOOTPRINT,DERIVED_REFERENCE_NOT_PHYSICAL_FEATURE_BOUNDARY,false,terrain standard render-plan uses 0.42 degree sample spacing,SHARED_REFERENCE
NG-SCELL-000219,NG-SPT-000219,39.76,-4.147467,39.55,39.97,-4.357467,-3.937467,0.42,NG-MGRID-03-03,NG-SOV-PART-000001,ENVIRONMENTAL_SAMPLE_RENDER_FOOTPRINT,DERIVED_REFERENCE_NOT_PHYSICAL_FEATURE_BOUNDARY,false,terrain standard render-plan uses 0.42 degree sample spacing,SHARED_REFERENCE
NG-SCELL-000220,NG-SPT-000220,40.18,-4.147467,39.97,40.39,-4.357467,-3.937467,0.42,NG-MGRID-03-04,NG-SOV-PART-000001,ENVIRONMENTAL_SAMPLE_RENDER_FOOTPRINT,DERIVED_REFERENCE_NOT_PHYSICAL_FEATURE_BOUNDARY,false,terrain standard render-plan uses 0.42 degree sample spacing,SHARED_REFERENCE
NG-SCELL-000221,NG-SPT-000221,40.6,-4.147467,40.39,40.81,-4.357467,-3.937467,0.42,NG-MGRID-03-04,NG-SOV-PART-000001,ENVIRONMENTAL_SAMPLE_RENDER_FOOTPRINT,DERIVED_REFERENCE_NOT_PHYSICAL_FEATURE_BOUNDARY,false,terrain standard render-plan uses 0.42 degree sample spacing,SHARED_REFERENCE
NG-SCELL-000222,NG-SPT-000222,41.02,-4.147467,40.81,41.23,-4.357467,-3.937467,0.42,NG-MGRID-03-04,NG-SOV-PART-000001,ENVIRONMENTAL_SAMPLE_RENDER_FOOTPRINT,DERIVED_REFERENCE_NOT_PHYSICAL_FEATURE_BOUNDARY,false,terrain standard render-plan uses 0.42 degree sample spacing,SHARED_REFERENCE
NG-SCELL-000223,NG-SPT-000223,41.44,-4.147467,41.23,41.65,-4.357467,-3.937467,0.42,NG-MGRID-03-04,NG-SOV-PART-000001,ENVIRONMENTAL_SAMPLE_RENDER_FOOTPRINT,DERIVED_REFERENCE_NOT_PHYSICAL_FEATURE_BOUNDARY,false,terrain standard render-plan uses 0.42 degree sample spacing,SHARED_REFERENCE
NG-SCELL-000224,NG-SPT-000224,41.86,-4.147467,41.65,42.07,-4.357467,-3.937467,0.42,NG-MGRID-03-04,NG-SOV-PART-000001,ENVIRONMENTAL_SAMPLE_RENDER_FOOTPRINT,DERIVED_REFERENCE_NOT_PHYSICAL_FEATURE_BOUNDARY,false,terrain standard render-plan uses 0.42 degree sample spacing,SHARED_REFERENCE
NG-SCELL-000225,NG-SPT-000225,42.28,-4.147467,42.07,42.49,-4.357467,-3.937467,0.42,NG-MGRID-03-04,NG-SOV-PART-000001,ENVIRONMENTAL_SAMPLE_RENDER_FOOTPRINT,DERIVED_REFERENCE_NOT_PHYSICAL_FEATURE_BOUNDARY,false,terrain standard render-plan uses 0.42 degree sample spacing,SHARED_REFERENCE
NG-SCELL-000226,NG-SPT-000226,42.7,-4.147467,42.49,42.91,-4.357467,-3.937467,0.42,NG-MGRID-03-04,NG-SOV-PART-000001,ENVIRONMENTAL_SAMPLE_RENDER_FOOTPRINT,DERIVED_REFERENCE_NOT_PHYSICAL_FEATURE_BOUNDARY,false,terrain standard render-plan uses 0.42 degree sample spacing,SHARED_REFERENCE
NG-SCELL-000227,NG-SPT-000227,43.12,-4.147467,42.91,43.33,-4.357467,-3.937467,0.42,NG-MGRID-03-04,NG-SOV-PART-000001,ENVIRONMENTAL_SAMPLE_RENDER_FOOTPRINT,DERIVED_REFERENCE_NOT_PHYSICAL_FEATURE_BOUNDARY,false,terrain standard render-plan uses 0.42 degree sample spacing,SHARED_REFERENCE
NG-SCELL-000228,NG-SPT-000228,44.38,-4.147467,44.17,44.59,-4.357467,-3.937467,0.42,NG-MGRID-03-04,NG-SOV-PART-000005,ENVIRONMENTAL_SAMPLE_RENDER_FOOTPRINT,DERIVED_REFERENCE_NOT_PHYSICAL_FEATURE_BOUNDARY,false,terrain standard render-plan uses 0.42 degree sample spacing,SHARED_REFERENCE
NG-SCELL-000229,NG-SPT-000229,29.68,-3.727467,29.47,29.89,-3.937467,-3.517467,0.42,NG-MGRID-03-01,NG-SOV-PART-000001,ENVIRONMENTAL_SAMPLE_RENDER_FOOTPRINT,DERIVED_REFERENCE_NOT_PHYSICAL_FEATURE_BOUNDARY,false,terrain standard render-plan uses 0.42 degree sample spacing,SHARED_REFERENCE
NG-SCELL-000230,NG-SPT-000230,30.1,-3.727467,29.89,30.31,-3.937467,-3.517467,0.42,NG-MGRID-03-02,NG-SOV-PART-000001,ENVIRONMENTAL_SAMPLE_RENDER_FOOTPRINT,DERIVED_REFERENCE_NOT_PHYSICAL_FEATURE_BOUNDARY,false,terrain standard render-plan uses 0.42 degree sample spacing,SHARED_REFERENCE
NG-SCELL-000231,NG-SPT-000231,30.52,-3.727467,30.31,30.73,-3.937467,-3.517467,0.42,NG-MGRID-03-02,NG-SOV-PART-000001,ENVIRONMENTAL_SAMPLE_RENDER_FOOTPRINT,DERIVED_REFERENCE_NOT_PHYSICAL_FEATURE_BOUNDARY,false,terrain standard render-plan uses 0.42 degree sample spacing,SHARED_REFERENCE
NG-SCELL-000232,NG-SPT-000232,30.94,-3.727467,30.73,31.15,-3.937467,-3.517467,0.42,NG-MGRID-03-02,NG-SOV-PART-000001,ENVIRONMENTAL_SAMPLE_RENDER_FOOTPRINT,DERIVED_REFERENCE_NOT_PHYSICAL_FEATURE_BOUNDARY,false,terrain standard render-plan uses 0.42 degree sample spacing,SHARED_REFERENCE
NG-SCELL-000233,NG-SPT-000233,31.36,-3.727467,31.15,31.57,-3.937467,-3.517467,0.42,NG-MGRID-03-02,NG-SOV-PART-000001,ENVIRONMENTAL_SAMPLE_RENDER_FOOTPRINT,DERIVED_REFERENCE_NOT_PHYSICAL_FEATURE_BOUNDARY,false,terrain standard render-plan uses 0.42 degree sample spacing,SHARED_REFERENCE
NG-SCELL-000234,NG-SPT-000234,31.78,-3.727467,31.57,31.99,-3.937467,-3.517467,0.42,NG-MGRID-03-02,NG-SOV-PART-000001,ENVIRONMENTAL_SAMPLE_RENDER_FOOTPRINT,DERIVED_REFERENCE_NOT_PHYSICAL_FEATURE_BOUNDARY,false,terrain standard render-plan uses 0.42 degree sample spacing,SHARED_REFERENCE
NG-SCELL-000235,NG-SPT-000235,32.2,-3.727467,31.99,32.41,-3.937467,-3.517467,0.42,NG-MGRID-03-02,NG-SOV-PART-000001,ENVIRONMENTAL_SAMPLE_RENDER_FOOTPRINT,DERIVED_REFERENCE_NOT_PHYSICAL_FEATURE_BOUNDARY,false,terrain standard render-plan uses 0.42 degree sample spacing,SHARED_REFERENCE
NG-SCELL-000236,NG-SPT-000236,32.62,-3.727467,32.41,32.83,-3.937467,-3.517467,0.42,NG-MGRID-03-02,NG-SOV-PART-000001,ENVIRONMENTAL_SAMPLE_RENDER_FOOTPRINT,DERIVED_REFERENCE_NOT_PHYSICAL_FEATURE_BOUNDARY,false,terrain standard render-plan uses 0.42 degree sample spacing,SHARED_REFERENCE
NG-SCELL-000237,NG-SPT-000237,33.04,-3.727467,32.83,33.25,-3.937467,-3.517467,0.42,NG-MGRID-03-02,NG-SOV-PART-000001,ENVIRONMENTAL_SAMPLE_RENDER_FOOTPRINT,DERIVED_REFERENCE_NOT_PHYSICAL_FEATURE_BOUNDARY,false,terrain standard render-plan uses 0.42 degree sample spacing,SHARED_REFERENCE
NG-SCELL-000238,NG-SPT-000238,33.46,-3.727467,33.25,33.67,-3.937467,-3.517467,0.42,NG-MGRID-03-02,NG-SOV-PART-000001,ENVIRONMENTAL_SAMPLE_RENDER_FOOTPRINT,DERIVED_REFERENCE_NOT_PHYSICAL_FEATURE_BOUNDARY,false,terrain standard render-plan uses 0.42 degree sample spacing,SHARED_REFERENCE
NG-SCELL-000239,NG-SPT-000239,33.88,-3.727467,33.67,34.09,-3.937467,-3.517467,0.42,NG-MGRID-03-02,NG-SOV-PART-000001,ENVIRONMENTAL_SAMPLE_RENDER_FOOTPRINT,DERIVED_REFERENCE_NOT_PHYSICAL_FEATURE_BOUNDARY,false,terrain standard render-plan uses 0.42 degree sample spacing,SHARED_REFERENCE
NG-SCELL-000240,NG-SPT-000240,34.3,-3.727467,34.09,34.51,-3.937467,-3.517467,0.42,NG-MGRID-03-02,NG-SOV-PART-000001,ENVIRONMENTAL_SAMPLE_RENDER_FOOTPRINT,DERIVED_REFERENCE_NOT_PHYSICAL_FEATURE_BOUNDARY,false,terrain standard render-plan uses 0.42 degree sample spacing,SHARED_REFERENCE
NG-SCELL-000241,NG-SPT-000241,34.72,-3.727467,34.51,34.93,-3.937467,-3.517467,0.42,NG-MGRID-03-02,NG-SOV-PART-000001,ENVIRONMENTAL_SAMPLE_RENDER_FOOTPRINT,DERIVED_REFERENCE_NOT_PHYSICAL_FEATURE_BOUNDARY,false,terrain standard render-plan uses 0.42 degree sample spacing,SHARED_REFERENCE
NG-SCELL-000242,NG-SPT-000242,35.14,-3.727467,34.93,35.35,-3.937467,-3.517467,0.42,NG-MGRID-03-03,NG-SOV-PART-000001,ENVIRONMENTAL_SAMPLE_RENDER_FOOTPRINT,DERIVED_REFERENCE_NOT_PHYSICAL_FEATURE_BOUNDARY,false,terrain standard render-plan uses 0.42 degree sample spacing,SHARED_REFERENCE
NG-SCELL-000243,NG-SPT-000243,35.56,-3.727467,35.35,35.77,-3.937467,-3.517467,0.42,NG-MGRID-03-03,NG-SOV-PART-000001,ENVIRONMENTAL_SAMPLE_RENDER_FOOTPRINT,DERIVED_REFERENCE_NOT_PHYSICAL_FEATURE_BOUNDARY,false,terrain standard render-plan uses 0.42 degree sample spacing,SHARED_REFERENCE
NG-SCELL-000244,NG-SPT-000244,35.98,-3.727467,35.77,36.19,-3.937467,-3.517467,0.42,NG-MGRID-03-03,NG-SOV-PART-000001,ENVIRONMENTAL_SAMPLE_RENDER_FOOTPRINT,DERIVED_REFERENCE_NOT_PHYSICAL_FEATURE_BOUNDARY,false,terrain standard render-plan uses 0.42 degree sample spacing,SHARED_REFERENCE
NG-SCELL-000245,NG-SPT-000245,36.4,-3.727467,36.19,36.61,-3.937467,-3.517467,0.42,NG-MGRID-03-03,NG-SOV-PART-000001,ENVIRONMENTAL_SAMPLE_RENDER_FOOTPRINT,DERIVED_REFERENCE_NOT_PHYSICAL_FEATURE_BOUNDARY,false,terrain standard render-plan uses 0.42 degree sample spacing,SHARED_REFERENCE
NG-SCELL-000246,NG-SPT-000246,36.82,-3.727467,36.61,37.03,-3.937467,-3.517467,0.42,NG-MGRID-03-03,NG-SOV-PART-000001,ENVIRONMENTAL_SAMPLE_RENDER_FOOTPRINT,DERIVED_REFERENCE_NOT_PHYSICAL_FEATURE_BOUNDARY,false,terrain standard render-plan uses 0.42 degree sample spacing,SHARED_REFERENCE
NG-SCELL-000247,NG-SPT-000247,37.24,-3.727467,37.03,37.45,-3.937467,-3.517467,0.42,NG-MGRID-03-03,NG-SOV-PART-000001,ENVIRONMENTAL_SAMPLE_RENDER_FOOTPRINT,DERIVED_REFERENCE_NOT_PHYSICAL_FEATURE_BOUNDARY,false,terrain standard render-plan uses 0.42 degree sample spacing,SHARED_REFERENCE
NG-SCELL-000248,NG-SPT-000248,37.66,-3.727467,37.45,37.87,-3.937467,-3.517467,0.42,NG-MGRID-03-03,NG-SOV-PART-000001,ENVIRONMENTAL_SAMPLE_RENDER_FOOTPRINT,DERIVED_REFERENCE_NOT_PHYSICAL_FEATURE_BOUNDARY,false,terrain standard render-plan uses 0.42 degree sample spacing,SHARED_REFERENCE
NG-SCELL-000249,NG-SPT-000249,38.08,-3.727467,37.87,38.29,-3.937467,-3.517467,0.42,NG-MGRID-03-03,NG-SOV-PART-000001,ENVIRONMENTAL_SAMPLE_RENDER_FOOTPRINT,DERIVED_REFERENCE_NOT_PHYSICAL_FEATURE_BOUNDARY,false,terrain standard render-plan uses 0.42 degree sample spacing,SHARED_REFERENCE
NG-SCELL-000250,NG-SPT-000250,38.5,-3.727467,38.29,38.71,-3.937467,-3.517467,0.42,NG-MGRID-03-03,NG-SOV-PART-000001,ENVIRONMENTAL_SAMPLE_RENDER_FOOTPRINT,DERIVED_REFERENCE_NOT_PHYSICAL_FEATURE_BOUNDARY,false,terrain standard render-plan uses 0.42 degree sample spacing,SHARED_REFERENCE
NG-SCELL-000251,NG-SPT-000251,38.92,-3.727467,38.71,39.13,-3.937467,-3.517467,0.42,NG-MGRID-03-03,NG-SOV-PART-000001,ENVIRONMENTAL_SAMPLE_RENDER_FOOTPRINT,DERIVED_REFERENCE_NOT_PHYSICAL_FEATURE_BOUNDARY,false,terrain standard render-plan uses 0.42 degree sample spacing,SHARED_REFERENCE
NG-SCELL-000252,NG-SPT-000252,39.34,-3.727467,39.13,39.55,-3.937467,-3.517467,0.42,NG-MGRID-03-03,NG-SOV-PART-000001,ENVIRONMENTAL_SAMPLE_RENDER_FOOTPRINT,DERIVED_REFERENCE_NOT_PHYSICAL_FEATURE_BOUNDARY,false,terrain standard render-plan uses 0.42 degree sample spacing,SHARED_REFERENCE
NG-SCELL-000253,NG-SPT-000253,39.76,-3.727467,39.55,39.97,-3.937467,-3.517467,0.42,NG-MGRID-03-03,NG-SOV-PART-000001,ENVIRONMENTAL_SAMPLE_RENDER_FOOTPRINT,DERIVED_REFERENCE_NOT_PHYSICAL_FEATURE_BOUNDARY,false,terrain standard render-plan uses 0.42 degree sample spacing,SHARED_REFERENCE
NG-SCELL-000254,NG-SPT-000254,40.18,-3.727467,39.97,40.39,-3.937467,-3.517467,0.42,NG-MGRID-03-04,NG-SOV-PART-000001,ENVIRONMENTAL_SAMPLE_RENDER_FOOTPRINT,DERIVED_REFERENCE_NOT_PHYSICAL_FEATURE_BOUNDARY,false,terrain standard render-plan uses 0.42 degree sample spacing,SHARED_REFERENCE
NG-SCELL-000255,NG-SPT-000255,40.6,-3.727467,40.39,40.81,-3.937467,-3.517467,0.42,NG-MGRID-03-04,NG-SOV-PART-000001,ENVIRONMENTAL_SAMPLE_RENDER_FOOTPRINT,DERIVED_REFERENCE_NOT_PHYSICAL_FEATURE_BOUNDARY,false,terrain standard render-plan uses 0.42 degree sample spacing,SHARED_REFERENCE
NG-SCELL-000256,NG-SPT-000256,41.02,-3.727467,40.81,41.23,-3.937467,-3.517467,0.42,NG-MGRID-03-04,NG-SOV-PART-000001,ENVIRONMENTAL_SAMPLE_RENDER_FOOTPRINT,DERIVED_REFERENCE_NOT_PHYSICAL_FEATURE_BOUNDARY,false,terrain standard render-plan uses 0.42 degree sample spacing,SHARED_REFERENCE
NG-SCELL-000257,NG-SPT-000257,41.44,-3.727467,41.23,41.65,-3.937467,-3.517467,0.42,NG-MGRID-03-04,NG-SOV-PART-000001,ENVIRONMENTAL_SAMPLE_RENDER_FOOTPRINT,DERIVED_REFERENCE_NOT_PHYSICAL_FEATURE_BOUNDARY,false,terrain standard render-plan uses 0.42 degree sample spacing,SHARED_REFERENCE
NG-SCELL-000258,NG-SPT-000258,41.86,-3.727467,41.65,42.07,-3.937467,-3.517467,0.42,NG-MGRID-03-04,NG-SOV-PART-000001,ENVIRONMENTAL_SAMPLE_RENDER_FOOTPRINT,DERIVED_REFERENCE_NOT_PHYSICAL_FEATURE_BOUNDARY,false,terrain standard render-plan uses 0.42 degree sample spacing,SHARED_REFERENCE
NG-SCELL-000259,NG-SPT-000259,42.28,-3.727467,42.07,42.49,-3.937467,-3.517467,0.42,NG-MGRID-03-04,NG-SOV-PART-000001,ENVIRONMENTAL_SAMPLE_RENDER_FOOTPRINT,DERIVED_REFERENCE_NOT_PHYSICAL_FEATURE_BOUNDARY,false,terrain standard render-plan uses 0.42 degree sample spacing,SHARED_REFERENCE
NG-SCELL-000260,NG-SPT-000260,42.7,-3.727467,42.49,42.91,-3.937467,-3.517467,0.42,NG-MGRID-03-04,NG-SOV-PART-000001,ENVIRONMENTAL_SAMPLE_RENDER_FOOTPRINT,DERIVED_REFERENCE_NOT_PHYSICAL_FEATURE_BOUNDARY,false,terrain standard render-plan uses 0.42 degree sample spacing,SHARED_REFERENCE
NG-SCELL-000261,NG-SPT-000261,43.12,-3.727467,42.91,43.33,-3.937467,-3.517467,0.42,NG-MGRID-03-04,NG-SOV-PART-000001,ENVIRONMENTAL_SAMPLE_RENDER_FOOTPRINT,DERIVED_REFERENCE_NOT_PHYSICAL_FEATURE_BOUNDARY,false,terrain standard render-plan uses 0.42 degree sample spacing,SHARED_REFERENCE
NG-SCELL-000262,NG-SPT-000262,43.54,-3.727467,43.33,43.75,-3.937467,-3.517467,0.42,NG-MGRID-03-04,NG-SOV-PART-000001,ENVIRONMENTAL_SAMPLE_RENDER_FOOTPRINT,DERIVED_REFERENCE_NOT_PHYSICAL_FEATURE_BOUNDARY,false,terrain standard render-plan uses 0.42 degree sample spacing,SHARED_REFERENCE
NG-SCELL-000263,NG-SPT-000263,44.38,-3.727467,44.17,44.59,-3.937467,-3.517467,0.42,NG-MGRID-03-04,NG-SOV-PART-000005,ENVIRONMENTAL_SAMPLE_RENDER_FOOTPRINT,DERIVED_REFERENCE_NOT_PHYSICAL_FEATURE_BOUNDARY,false,terrain standard render-plan uses 0.42 degree sample spacing,SHARED_REFERENCE
NG-SCELL-000264,NG-SPT-000264,29.68,-3.307467,29.47,29.89,-3.517467,-3.097467,0.42,NG-MGRID-03-01,NG-SOV-PART-000001,ENVIRONMENTAL_SAMPLE_RENDER_FOOTPRINT,DERIVED_REFERENCE_NOT_PHYSICAL_FEATURE_BOUNDARY,false,terrain standard render-plan uses 0.42 degree sample spacing,SHARED_REFERENCE
NG-SCELL-000265,NG-SPT-000265,30.1,-3.307467,29.89,30.31,-3.517467,-3.097467,0.42,NG-MGRID-03-02,NG-SOV-PART-000001,ENVIRONMENTAL_SAMPLE_RENDER_FOOTPRINT,DERIVED_REFERENCE_NOT_PHYSICAL_FEATURE_BOUNDARY,false,terrain standard render-plan uses 0.42 degree sample spacing,SHARED_REFERENCE
NG-SCELL-000266,NG-SPT-000266,30.52,-3.307467,30.31,30.73,-3.517467,-3.097467,0.42,NG-MGRID-03-02,NG-SOV-PART-000001,ENVIRONMENTAL_SAMPLE_RENDER_FOOTPRINT,DERIVED_REFERENCE_NOT_PHYSICAL_FEATURE_BOUNDARY,false,terrain standard render-plan uses 0.42 degree sample spacing,SHARED_REFERENCE
NG-SCELL-000267,NG-SPT-000267,30.94,-3.307467,30.73,31.15,-3.517467,-3.097467,0.42,NG-MGRID-03-02,NG-SOV-PART-000001,ENVIRONMENTAL_SAMPLE_RENDER_FOOTPRINT,DERIVED_REFERENCE_NOT_PHYSICAL_FEATURE_BOUNDARY,false,terrain standard render-plan uses 0.42 degree sample spacing,SHARED_REFERENCE
NG-SCELL-000268,NG-SPT-000268,31.36,-3.307467,31.15,31.57,-3.517467,-3.097467,0.42,NG-MGRID-03-02,NG-SOV-PART-000001,ENVIRONMENTAL_SAMPLE_RENDER_FOOTPRINT,DERIVED_REFERENCE_NOT_PHYSICAL_FEATURE_BOUNDARY,false,terrain standard render-plan uses 0.42 degree sample spacing,SHARED_REFERENCE
NG-SCELL-000269,NG-SPT-000269,31.78,-3.307467,31.57,31.99,-3.517467,-3.097467,0.42,NG-MGRID-03-02,NG-SOV-PART-000001,ENVIRONMENTAL_SAMPLE_RENDER_FOOTPRINT,DERIVED_REFERENCE_NOT_PHYSICAL_FEATURE_BOUNDARY,false,terrain standard render-plan uses 0.42 degree sample spacing,SHARED_REFERENCE
NG-SCELL-000270,NG-SPT-000270,32.2,-3.307467,31.99,32.41,-3.517467,-3.097467,0.42,NG-MGRID-03-02,NG-SOV-PART-000001,ENVIRONMENTAL_SAMPLE_RENDER_FOOTPRINT,DERIVED_REFERENCE_NOT_PHYSICAL_FEATURE_BOUNDARY,false,terrain standard render-plan uses 0.42 degree sample spacing,SHARED_REFERENCE
NG-SCELL-000271,NG-SPT-000271,32.62,-3.307467,32.41,32.83,-3.517467,-3.097467,0.42,NG-MGRID-03-02,NG-SOV-PART-000001,ENVIRONMENTAL_SAMPLE_RENDER_FOOTPRINT,DERIVED_REFERENCE_NOT_PHYSICAL_FEATURE_BOUNDARY,false,terrain standard render-plan uses 0.42 degree sample spacing,SHARED_REFERENCE
NG-SCELL-000272,NG-SPT-000272,33.04,-3.307467,32.83,33.25,-3.517467,-3.097467,0.42,NG-MGRID-03-02,NG-SOV-PART-000001,ENVIRONMENTAL_SAMPLE_RENDER_FOOTPRINT,DERIVED_REFERENCE_NOT_PHYSICAL_FEATURE_BOUNDARY,false,terrain standard render-plan uses 0.42 degree sample spacing,SHARED_REFERENCE
NG-SCELL-000273,NG-SPT-000273,33.46,-3.307467,33.25,33.67,-3.517467,-3.097467,0.42,NG-MGRID-03-02,NG-SOV-PART-000001,ENVIRONMENTAL_SAMPLE_RENDER_FOOTPRINT,DERIVED_REFERENCE_NOT_PHYSICAL_FEATURE_BOUNDARY,false,terrain standard render-plan uses 0.42 degree sample spacing,SHARED_REFERENCE
NG-SCELL-000274,NG-SPT-000274,33.88,-3.307467,33.67,34.09,-3.517467,-3.097467,0.42,NG-MGRID-03-02,NG-SOV-PART-000001,ENVIRONMENTAL_SAMPLE_RENDER_FOOTPRINT,DERIVED_REFERENCE_NOT_PHYSICAL_FEATURE_BOUNDARY,false,terrain standard render-plan uses 0.42 degree sample spacing,SHARED_REFERENCE
NG-SCELL-000275,NG-SPT-000275,34.3,-3.307467,34.09,34.51,-3.517467,-3.097467,0.42,NG-MGRID-03-02,NG-SOV-PART-000001,ENVIRONMENTAL_SAMPLE_RENDER_FOOTPRINT,DERIVED_REFERENCE_NOT_PHYSICAL_FEATURE_BOUNDARY,false,terrain standard render-plan uses 0.42 degree sample spacing,SHARED_REFERENCE
NG-SCELL-000276,NG-SPT-000276,34.72,-3.307467,34.51,34.93,-3.517467,-3.097467,0.42,NG-MGRID-03-02,NG-SOV-PART-000001,ENVIRONMENTAL_SAMPLE_RENDER_FOOTPRINT,DERIVED_REFERENCE_NOT_PHYSICAL_FEATURE_BOUNDARY,false,terrain standard render-plan uses 0.42 degree sample spacing,SHARED_REFERENCE
NG-SCELL-000277,NG-SPT-000277,35.14,-3.307467,34.93,35.35,-3.517467,-3.097467,0.42,NG-MGRID-03-03,NG-SOV-PART-000001,ENVIRONMENTAL_SAMPLE_RENDER_FOOTPRINT,DERIVED_REFERENCE_NOT_PHYSICAL_FEATURE_BOUNDARY,false,terrain standard render-plan uses 0.42 degree sample spacing,SHARED_REFERENCE
NG-SCELL-000278,NG-SPT-000278,35.56,-3.307467,35.35,35.77,-3.517467,-3.097467,0.42,NG-MGRID-03-03,NG-SOV-PART-000001,ENVIRONMENTAL_SAMPLE_RENDER_FOOTPRINT,DERIVED_REFERENCE_NOT_PHYSICAL_FEATURE_BOUNDARY,false,terrain standard render-plan uses 0.42 degree sample spacing,SHARED_REFERENCE
NG-SCELL-000279,NG-SPT-000279,35.98,-3.307467,35.77,36.19,-3.517467,-3.097467,0.42,NG-MGRID-03-03,NG-SOV-PART-000001,ENVIRONMENTAL_SAMPLE_RENDER_FOOTPRINT,DERIVED_REFERENCE_NOT_PHYSICAL_FEATURE_BOUNDARY,false,terrain standard render-plan uses 0.42 degree sample spacing,SHARED_REFERENCE
NG-SCELL-000280,NG-SPT-000280,36.4,-3.307467,36.19,36.61,-3.517467,-3.097467,0.42,NG-MGRID-03-03,NG-SOV-PART-000001,ENVIRONMENTAL_SAMPLE_RENDER_FOOTPRINT,DERIVED_REFERENCE_NOT_PHYSICAL_FEATURE_BOUNDARY,false,terrain standard render-plan uses 0.42 degree sample spacing,SHARED_REFERENCE
NG-SCELL-000281,NG-SPT-000281,36.82,-3.307467,36.61,37.03,-3.517467,-3.097467,0.42,NG-MGRID-03-03,NG-SOV-PART-000001,ENVIRONMENTAL_SAMPLE_RENDER_FOOTPRINT,DERIVED_REFERENCE_NOT_PHYSICAL_FEATURE_BOUNDARY,false,terrain standard render-plan uses 0.42 degree sample spacing,SHARED_REFERENCE
NG-SCELL-000282,NG-SPT-000282,37.24,-3.307467,37.03,37.45,-3.517467,-3.097467,0.42,NG-MGRID-03-03,NG-SOV-PART-000001,ENVIRONMENTAL_SAMPLE_RENDER_FOOTPRINT,DERIVED_REFERENCE_NOT_PHYSICAL_FEATURE_BOUNDARY,false,terrain standard render-plan uses 0.42 degree sample spacing,SHARED_REFERENCE
NG-SCELL-000283,NG-SPT-000283,37.66,-3.307467,37.45,37.87,-3.517467,-3.097467,0.42,NG-MGRID-03-03,NG-SOV-PART-000001,ENVIRONMENTAL_SAMPLE_RENDER_FOOTPRINT,DERIVED_REFERENCE_NOT_PHYSICAL_FEATURE_BOUNDARY,false,terrain standard render-plan uses 0.42 degree sample spacing,SHARED_REFERENCE
NG-SCELL-000284,NG-SPT-000284,38.08,-3.307467,37.87,38.29,-3.517467,-3.097467,0.42,NG-MGRID-03-03,NG-SOV-PART-000001,ENVIRONMENTAL_SAMPLE_RENDER_FOOTPRINT,DERIVED_REFERENCE_NOT_PHYSICAL_FEATURE_BOUNDARY,false,terrain standard render-plan uses 0.42 degree sample spacing,SHARED_REFERENCE
NG-SCELL-000285,NG-SPT-000285,38.5,-3.307467,38.29,38.71,-3.517467,-3.097467,0.42,NG-MGRID-03-03,NG-SOV-PART-000001,ENVIRONMENTAL_SAMPLE_RENDER_FOOTPRINT,DERIVED_REFERENCE_NOT_PHYSICAL_FEATURE_BOUNDARY,false,terrain standard render-plan uses 0.42 degree sample spacing,SHARED_REFERENCE
NG-SCELL-000286,NG-SPT-000286,38.92,-3.307467,38.71,39.13,-3.517467,-3.097467,0.42,NG-MGRID-03-03,NG-SOV-PART-000001,ENVIRONMENTAL_SAMPLE_RENDER_FOOTPRINT,DERIVED_REFERENCE_NOT_PHYSICAL_FEATURE_BOUNDARY,false,terrain standard render-plan uses 0.42 degree sample spacing,SHARED_REFERENCE
NG-SCELL-000287,NG-SPT-000287,39.34,-3.307467,39.13,39.55,-3.517467,-3.097467,0.42,NG-MGRID-03-03,NG-SOV-PART-000001,ENVIRONMENTAL_SAMPLE_RENDER_FOOTPRINT,DERIVED_REFERENCE_NOT_PHYSICAL_FEATURE_BOUNDARY,false,terrain standard render-plan uses 0.42 degree sample spacing,SHARED_REFERENCE
NG-SCELL-000288,NG-SPT-000288,39.76,-3.307467,39.55,39.97,-3.517467,-3.097467,0.42,NG-MGRID-03-03,NG-SOV-PART-000001,ENVIRONMENTAL_SAMPLE_RENDER_FOOTPRINT,DERIVED_REFERENCE_NOT_PHYSICAL_FEATURE_BOUNDARY,false,terrain standard render-plan uses 0.42 degree sample spacing,SHARED_REFERENCE
NG-SCELL-000289,NG-SPT-000289,40.18,-3.307467,39.97,40.39,-3.517467,-3.097467,0.42,NG-MGRID-03-04,NG-SOV-PART-000001,ENVIRONMENTAL_SAMPLE_RENDER_FOOTPRINT,DERIVED_REFERENCE_NOT_PHYSICAL_FEATURE_BOUNDARY,false,terrain standard render-plan uses 0.42 degree sample spacing,SHARED_REFERENCE
NG-SCELL-000290,NG-SPT-000290,40.6,-3.307467,40.39,40.81,-3.517467,-3.097467,0.42,NG-MGRID-03-04,NG-SOV-PART-000001,ENVIRONMENTAL_SAMPLE_RENDER_FOOTPRINT,DERIVED_REFERENCE_NOT_PHYSICAL_FEATURE_BOUNDARY,false,terrain standard render-plan uses 0.42 degree sample spacing,SHARED_REFERENCE
NG-SCELL-000291,NG-SPT-000291,41.02,-3.307467,40.81,41.23,-3.517467,-3.097467,0.42,NG-MGRID-03-04,NG-SOV-PART-000001,ENVIRONMENTAL_SAMPLE_RENDER_FOOTPRINT,DERIVED_REFERENCE_NOT_PHYSICAL_FEATURE_BOUNDARY,false,terrain standard render-plan uses 0.42 degree sample spacing,SHARED_REFERENCE
NG-SCELL-000292,NG-SPT-000292,41.44,-3.307467,41.23,41.65,-3.517467,-3.097467,0.42,NG-MGRID-03-04,NG-SOV-PART-000001,ENVIRONMENTAL_SAMPLE_RENDER_FOOTPRINT,DERIVED_REFERENCE_NOT_PHYSICAL_FEATURE_BOUNDARY,false,terrain standard render-plan uses 0.42 degree sample spacing,SHARED_REFERENCE
NG-SCELL-000293,NG-SPT-000293,41.86,-3.307467,41.65,42.07,-3.517467,-3.097467,0.42,NG-MGRID-03-04,NG-SOV-PART-000001,ENVIRONMENTAL_SAMPLE_RENDER_FOOTPRINT,DERIVED_REFERENCE_NOT_PHYSICAL_FEATURE_BOUNDARY,false,terrain standard render-plan uses 0.42 degree sample spacing,SHARED_REFERENCE
NG-SCELL-000294,NG-SPT-000294,42.28,-3.307467,42.07,42.49,-3.517467,-3.097467,0.42,NG-MGRID-03-04,NG-SOV-PART-000001,ENVIRONMENTAL_SAMPLE_RENDER_FOOTPRINT,DERIVED_REFERENCE_NOT_PHYSICAL_FEATURE_BOUNDARY,false,terrain standard render-plan uses 0.42 degree sample spacing,SHARED_REFERENCE
NG-SCELL-000295,NG-SPT-000295,42.7,-3.307467,42.49,42.91,-3.517467,-3.097467,0.42,NG-MGRID-03-04,NG-SOV-PART-000001,ENVIRONMENTAL_SAMPLE_RENDER_FOOTPRINT,DERIVED_REFERENCE_NOT_PHYSICAL_FEATURE_BOUNDARY,false,terrain standard render-plan uses 0.42 degree sample spacing,SHARED_REFERENCE
NG-SCELL-000296,NG-SPT-000296,43.12,-3.307467,42.91,43.33,-3.517467,-3.097467,0.42,NG-MGRID-03-04,NG-SOV-PART-000001,ENVIRONMENTAL_SAMPLE_RENDER_FOOTPRINT,DERIVED_REFERENCE_NOT_PHYSICAL_FEATURE_BOUNDARY,false,terrain standard render-plan uses 0.42 degree sample spacing,SHARED_REFERENCE
NG-SCELL-000297,NG-SPT-000297,43.54,-3.307467,43.33,43.75,-3.517467,-3.097467,0.42,NG-MGRID-03-04,NG-SOV-PART-000001,ENVIRONMENTAL_SAMPLE_RENDER_FOOTPRINT,DERIVED_REFERENCE_NOT_PHYSICAL_FEATURE_BOUNDARY,false,terrain standard render-plan uses 0.42 degree sample spacing,SHARED_REFERENCE
NG-SCELL-000298,NG-SPT-000298,43.96,-3.307467,43.75,44.17,-3.517467,-3.097467,0.42,NG-MGRID-03-04,NG-SOV-PART-000001,ENVIRONMENTAL_SAMPLE_RENDER_FOOTPRINT,DERIVED_REFERENCE_NOT_PHYSICAL_FEATURE_BOUNDARY,false,terrain standard render-plan uses 0.42 degree sample spacing,SHARED_REFERENCE
NG-SCELL-000299,NG-SPT-000299,29.68,-2.887467,29.47,29.89,-3.097467,-2.677467,0.42,NG-MGRID-03-01,NG-SOV-PART-000001,ENVIRONMENTAL_SAMPLE_RENDER_FOOTPRINT,DERIVED_REFERENCE_NOT_PHYSICAL_FEATURE_BOUNDARY,false,terrain standard render-plan uses 0.42 degree sample spacing,SHARED_REFERENCE
NG-SCELL-000300,NG-SPT-000300,30.1,-2.887467,29.89,30.31,-3.097467,-2.677467,0.42,NG-MGRID-03-02,NG-SOV-PART-000001,ENVIRONMENTAL_SAMPLE_RENDER_FOOTPRINT,DERIVED_REFERENCE_NOT_PHYSICAL_FEATURE_BOUNDARY,false,terrain standard render-plan uses 0.42 degree sample spacing,SHARED_REFERENCE
NG-SCELL-000301,NG-SPT-000301,30.52,-2.887467,30.31,30.73,-3.097467,-2.677467,0.42,NG-MGRID-03-02,NG-SOV-PART-000001,ENVIRONMENTAL_SAMPLE_RENDER_FOOTPRINT,DERIVED_REFERENCE_NOT_PHYSICAL_FEATURE_BOUNDARY,false,terrain standard render-plan uses 0.42 degree sample spacing,SHARED_REFERENCE
NG-SCELL-000302,NG-SPT-000302,30.94,-2.887467,30.73,31.15,-3.097467,-2.677467,0.42,NG-MGRID-03-02,NG-SOV-PART-000001,ENVIRONMENTAL_SAMPLE_RENDER_FOOTPRINT,DERIVED_REFERENCE_NOT_PHYSICAL_FEATURE_BOUNDARY,false,terrain standard render-plan uses 0.42 degree sample spacing,SHARED_REFERENCE
NG-SCELL-000303,NG-SPT-000303,31.36,-2.887467,31.15,31.57,-3.097467,-2.677467,0.42,NG-MGRID-03-02,NG-SOV-PART-000001,ENVIRONMENTAL_SAMPLE_RENDER_FOOTPRINT,DERIVED_REFERENCE_NOT_PHYSICAL_FEATURE_BOUNDARY,false,terrain standard render-plan uses 0.42 degree sample spacing,SHARED_REFERENCE
NG-SCELL-000304,NG-SPT-000304,31.78,-2.887467,31.57,31.99,-3.097467,-2.677467,0.42,NG-MGRID-03-02,NG-SOV-PART-000001,ENVIRONMENTAL_SAMPLE_RENDER_FOOTPRINT,DERIVED_REFERENCE_NOT_PHYSICAL_FEATURE_BOUNDARY,false,terrain standard render-plan uses 0.42 degree sample spacing,SHARED_REFERENCE
NG-SCELL-000305,NG-SPT-000305,32.2,-2.887467,31.99,32.41,-3.097467,-2.677467,0.42,NG-MGRID-03-02,NG-SOV-PART-000001,ENVIRONMENTAL_SAMPLE_RENDER_FOOTPRINT,DERIVED_REFERENCE_NOT_PHYSICAL_FEATURE_BOUNDARY,false,terrain standard render-plan uses 0.42 degree sample spacing,SHARED_REFERENCE
NG-SCELL-000306,NG-SPT-000306,32.62,-2.887467,32.41,32.83,-3.097467,-2.677467,0.42,NG-MGRID-03-02,NG-SOV-PART-000001,ENVIRONMENTAL_SAMPLE_RENDER_FOOTPRINT,DERIVED_REFERENCE_NOT_PHYSICAL_FEATURE_BOUNDARY,false,terrain standard render-plan uses 0.42 degree sample spacing,SHARED_REFERENCE
NG-SCELL-000307,NG-SPT-000307,33.04,-2.887467,32.83,33.25,-3.097467,-2.677467,0.42,NG-MGRID-03-02,NG-SOV-PART-000001,ENVIRONMENTAL_SAMPLE_RENDER_FOOTPRINT,DERIVED_REFERENCE_NOT_PHYSICAL_FEATURE_BOUNDARY,false,terrain standard render-plan uses 0.42 degree sample spacing,SHARED_REFERENCE
NG-SCELL-000308,NG-SPT-000308,33.46,-2.887467,33.25,33.67,-3.097467,-2.677467,0.42,NG-MGRID-03-02,NG-SOV-PART-000001,ENVIRONMENTAL_SAMPLE_RENDER_FOOTPRINT,DERIVED_REFERENCE_NOT_PHYSICAL_FEATURE_BOUNDARY,false,terrain standard render-plan uses 0.42 degree sample spacing,SHARED_REFERENCE
NG-SCELL-000309,NG-SPT-000309,33.88,-2.887467,33.67,34.09,-3.097467,-2.677467,0.42,NG-MGRID-03-02,NG-SOV-PART-000001,ENVIRONMENTAL_SAMPLE_RENDER_FOOTPRINT,DERIVED_REFERENCE_NOT_PHYSICAL_FEATURE_BOUNDARY,false,terrain standard render-plan uses 0.42 degree sample spacing,SHARED_REFERENCE
NG-SCELL-000310,NG-SPT-000310,34.3,-2.887467,34.09,34.51,-3.097467,-2.677467,0.42,NG-MGRID-03-02,NG-SOV-PART-000001,ENVIRONMENTAL_SAMPLE_RENDER_FOOTPRINT,DERIVED_REFERENCE_NOT_PHYSICAL_FEATURE_BOUNDARY,false,terrain standard render-plan uses 0.42 degree sample spacing,SHARED_REFERENCE
NG-SCELL-000311,NG-SPT-000311,34.72,-2.887467,34.51,34.93,-3.097467,-2.677467,0.42,NG-MGRID-03-02,NG-SOV-PART-000001,ENVIRONMENTAL_SAMPLE_RENDER_FOOTPRINT,DERIVED_REFERENCE_NOT_PHYSICAL_FEATURE_BOUNDARY,false,terrain standard render-plan uses 0.42 degree sample spacing,SHARED_REFERENCE
NG-SCELL-000312,NG-SPT-000312,35.14,-2.887467,34.93,35.35,-3.097467,-2.677467,0.42,NG-MGRID-03-03,NG-SOV-PART-000001,ENVIRONMENTAL_SAMPLE_RENDER_FOOTPRINT,DERIVED_REFERENCE_NOT_PHYSICAL_FEATURE_BOUNDARY,false,terrain standard render-plan uses 0.42 degree sample spacing,SHARED_REFERENCE
NG-SCELL-000313,NG-SPT-000313,35.56,-2.887467,35.35,35.77,-3.097467,-2.677467,0.42,NG-MGRID-03-03,NG-SOV-PART-000001,ENVIRONMENTAL_SAMPLE_RENDER_FOOTPRINT,DERIVED_REFERENCE_NOT_PHYSICAL_FEATURE_BOUNDARY,false,terrain standard render-plan uses 0.42 degree sample spacing,SHARED_REFERENCE
NG-SCELL-000314,NG-SPT-000314,35.98,-2.887467,35.77,36.19,-3.097467,-2.677467,0.42,NG-MGRID-03-03,NG-SOV-PART-000001,ENVIRONMENTAL_SAMPLE_RENDER_FOOTPRINT,DERIVED_REFERENCE_NOT_PHYSICAL_FEATURE_BOUNDARY,false,terrain standard render-plan uses 0.42 degree sample spacing,SHARED_REFERENCE
NG-SCELL-000315,NG-SPT-000315,36.4,-2.887467,36.19,36.61,-3.097467,-2.677467,0.42,NG-MGRID-03-03,NG-SOV-PART-000001,ENVIRONMENTAL_SAMPLE_RENDER_FOOTPRINT,DERIVED_REFERENCE_NOT_PHYSICAL_FEATURE_BOUNDARY,false,terrain standard render-plan uses 0.42 degree sample spacing,SHARED_REFERENCE
NG-SCELL-000316,NG-SPT-000316,36.82,-2.887467,36.61,37.03,-3.097467,-2.677467,0.42,NG-MGRID-03-03,NG-SOV-PART-000001,ENVIRONMENTAL_SAMPLE_RENDER_FOOTPRINT,DERIVED_REFERENCE_NOT_PHYSICAL_FEATURE_BOUNDARY,false,terrain standard render-plan uses 0.42 degree sample spacing,SHARED_REFERENCE
NG-SCELL-000317,NG-SPT-000317,37.24,-2.887467,37.03,37.45,-3.097467,-2.677467,0.42,NG-MGRID-03-03,NG-SOV-PART-000001,ENVIRONMENTAL_SAMPLE_RENDER_FOOTPRINT,DERIVED_REFERENCE_NOT_PHYSICAL_FEATURE_BOUNDARY,false,terrain standard render-plan uses 0.42 degree sample spacing,SHARED_REFERENCE
NG-SCELL-000318,NG-SPT-000318,37.66,-2.887467,37.45,37.87,-3.097467,-2.677467,0.42,NG-MGRID-03-03,NG-SOV-PART-000001,ENVIRONMENTAL_SAMPLE_RENDER_FOOTPRINT,DERIVED_REFERENCE_NOT_PHYSICAL_FEATURE_BOUNDARY,false,terrain standard render-plan uses 0.42 degree sample spacing,SHARED_REFERENCE
NG-SCELL-000319,NG-SPT-000319,38.08,-2.887467,37.87,38.29,-3.097467,-2.677467,0.42,NG-MGRID-03-03,NG-SOV-PART-000001,ENVIRONMENTAL_SAMPLE_RENDER_FOOTPRINT,DERIVED_REFERENCE_NOT_PHYSICAL_FEATURE_BOUNDARY,false,terrain standard render-plan uses 0.42 degree sample spacing,SHARED_REFERENCE
NG-SCELL-000320,NG-SPT-000320,38.5,-2.887467,38.29,38.71,-3.097467,-2.677467,0.42,NG-MGRID-03-03,NG-SOV-PART-000001,ENVIRONMENTAL_SAMPLE_RENDER_FOOTPRINT,DERIVED_REFERENCE_NOT_PHYSICAL_FEATURE_BOUNDARY,false,terrain standard render-plan uses 0.42 degree sample spacing,SHARED_REFERENCE
NG-SCELL-000321,NG-SPT-000321,38.92,-2.887467,38.71,39.13,-3.097467,-2.677467,0.42,NG-MGRID-03-03,NG-SOV-PART-000001,ENVIRONMENTAL_SAMPLE_RENDER_FOOTPRINT,DERIVED_REFERENCE_NOT_PHYSICAL_FEATURE_BOUNDARY,false,terrain standard render-plan uses 0.42 degree sample spacing,SHARED_REFERENCE
NG-SCELL-000322,NG-SPT-000322,39.34,-2.887467,39.13,39.55,-3.097467,-2.677467,0.42,NG-MGRID-03-03,NG-SOV-PART-000001,ENVIRONMENTAL_SAMPLE_RENDER_FOOTPRINT,DERIVED_REFERENCE_NOT_PHYSICAL_FEATURE_BOUNDARY,false,terrain standard render-plan uses 0.42 degree sample spacing,SHARED_REFERENCE
NG-SCELL-000323,NG-SPT-000323,39.76,-2.887467,39.55,39.97,-3.097467,-2.677467,0.42,NG-MGRID-03-03,NG-SOV-PART-000001,ENVIRONMENTAL_SAMPLE_RENDER_FOOTPRINT,DERIVED_REFERENCE_NOT_PHYSICAL_FEATURE_BOUNDARY,false,terrain standard render-plan uses 0.42 degree sample spacing,SHARED_REFERENCE
NG-SCELL-000324,NG-SPT-000324,40.18,-2.887467,39.97,40.39,-3.097467,-2.677467,0.42,NG-MGRID-03-04,NG-SOV-PART-000001,ENVIRONMENTAL_SAMPLE_RENDER_FOOTPRINT,DERIVED_REFERENCE_NOT_PHYSICAL_FEATURE_BOUNDARY,false,terrain standard render-plan uses 0.42 degree sample spacing,SHARED_REFERENCE
NG-SCELL-000325,NG-SPT-000325,40.6,-2.887467,40.39,40.81,-3.097467,-2.677467,0.42,NG-MGRID-03-04,NG-SOV-PART-000001,ENVIRONMENTAL_SAMPLE_RENDER_FOOTPRINT,DERIVED_REFERENCE_NOT_PHYSICAL_FEATURE_BOUNDARY,false,terrain standard render-plan uses 0.42 degree sample spacing,SHARED_REFERENCE
NG-SCELL-000326,NG-SPT-000326,41.02,-2.887467,40.81,41.23,-3.097467,-2.677467,0.42,NG-MGRID-03-04,NG-SOV-PART-000001,ENVIRONMENTAL_SAMPLE_RENDER_FOOTPRINT,DERIVED_REFERENCE_NOT_PHYSICAL_FEATURE_BOUNDARY,false,terrain standard render-plan uses 0.42 degree sample spacing,SHARED_REFERENCE
NG-SCELL-000327,NG-SPT-000327,41.44,-2.887467,41.23,41.65,-3.097467,-2.677467,0.42,NG-MGRID-03-04,NG-SOV-PART-000001,ENVIRONMENTAL_SAMPLE_RENDER_FOOTPRINT,DERIVED_REFERENCE_NOT_PHYSICAL_FEATURE_BOUNDARY,false,terrain standard render-plan uses 0.42 degree sample spacing,SHARED_REFERENCE
NG-SCELL-000328,NG-SPT-000328,41.86,-2.887467,41.65,42.07,-3.097467,-2.677467,0.42,NG-MGRID-03-04,NG-SOV-PART-000001,ENVIRONMENTAL_SAMPLE_RENDER_FOOTPRINT,DERIVED_REFERENCE_NOT_PHYSICAL_FEATURE_BOUNDARY,false,terrain standard render-plan uses 0.42 degree sample spacing,SHARED_REFERENCE
NG-SCELL-000329,NG-SPT-000329,42.28,-2.887467,42.07,42.49,-3.097467,-2.677467,0.42,NG-MGRID-03-04,NG-SOV-PART-000001,ENVIRONMENTAL_SAMPLE_RENDER_FOOTPRINT,DERIVED_REFERENCE_NOT_PHYSICAL_FEATURE_BOUNDARY,false,terrain standard render-plan uses 0.42 degree sample spacing,SHARED_REFERENCE
NG-SCELL-000330,NG-SPT-000330,42.7,-2.887467,42.49,42.91,-3.097467,-2.677467,0.42,NG-MGRID-03-04,NG-SOV-PART-000001,ENVIRONMENTAL_SAMPLE_RENDER_FOOTPRINT,DERIVED_REFERENCE_NOT_PHYSICAL_FEATURE_BOUNDARY,false,terrain standard render-plan uses 0.42 degree sample spacing,SHARED_REFERENCE
NG-SCELL-000331,NG-SPT-000331,43.12,-2.887467,42.91,43.33,-3.097467,-2.677467,0.42,NG-MGRID-03-04,NG-SOV-PART-000001,ENVIRONMENTAL_SAMPLE_RENDER_FOOTPRINT,DERIVED_REFERENCE_NOT_PHYSICAL_FEATURE_BOUNDARY,false,terrain standard render-plan uses 0.42 degree sample spacing,SHARED_REFERENCE
NG-SCELL-000332,NG-SPT-000332,43.54,-2.887467,43.33,43.75,-3.097467,-2.677467,0.42,NG-MGRID-03-04,NG-SOV-PART-000001,ENVIRONMENTAL_SAMPLE_RENDER_FOOTPRINT,DERIVED_REFERENCE_NOT_PHYSICAL_FEATURE_BOUNDARY,false,terrain standard render-plan uses 0.42 degree sample spacing,SHARED_REFERENCE
NG-SCELL-000333,NG-SPT-000333,29.68,-2.467467,29.47,29.89,-2.677467,-2.257467,0.42,NG-MGRID-03-01,NG-SOV-PART-000001,ENVIRONMENTAL_SAMPLE_RENDER_FOOTPRINT,DERIVED_REFERENCE_NOT_PHYSICAL_FEATURE_BOUNDARY,false,terrain standard render-plan uses 0.42 degree sample spacing,SHARED_REFERENCE
NG-SCELL-000334,NG-SPT-000334,30.1,-2.467467,29.89,30.31,-2.677467,-2.257467,0.42,NG-MGRID-03-02,NG-SOV-PART-000001,ENVIRONMENTAL_SAMPLE_RENDER_FOOTPRINT,DERIVED_REFERENCE_NOT_PHYSICAL_FEATURE_BOUNDARY,false,terrain standard render-plan uses 0.42 degree sample spacing,SHARED_REFERENCE
NG-SCELL-000335,NG-SPT-000335,30.52,-2.467467,30.31,30.73,-2.677467,-2.257467,0.42,NG-MGRID-03-02,NG-SOV-PART-000001,ENVIRONMENTAL_SAMPLE_RENDER_FOOTPRINT,DERIVED_REFERENCE_NOT_PHYSICAL_FEATURE_BOUNDARY,false,terrain standard render-plan uses 0.42 degree sample spacing,SHARED_REFERENCE
NG-SCELL-000336,NG-SPT-000336,30.94,-2.467467,30.73,31.15,-2.677467,-2.257467,0.42,NG-MGRID-03-02,NG-SOV-PART-000001,ENVIRONMENTAL_SAMPLE_RENDER_FOOTPRINT,DERIVED_REFERENCE_NOT_PHYSICAL_FEATURE_BOUNDARY,false,terrain standard render-plan uses 0.42 degree sample spacing,SHARED_REFERENCE
NG-SCELL-000337,NG-SPT-000337,31.36,-2.467467,31.15,31.57,-2.677467,-2.257467,0.42,NG-MGRID-03-02,NG-SOV-PART-000001,ENVIRONMENTAL_SAMPLE_RENDER_FOOTPRINT,DERIVED_REFERENCE_NOT_PHYSICAL_FEATURE_BOUNDARY,false,terrain standard render-plan uses 0.42 degree sample spacing,SHARED_REFERENCE
NG-SCELL-000338,NG-SPT-000338,31.78,-2.467467,31.57,31.99,-2.677467,-2.257467,0.42,NG-MGRID-03-02,NG-SOV-PART-000001,ENVIRONMENTAL_SAMPLE_RENDER_FOOTPRINT,DERIVED_REFERENCE_NOT_PHYSICAL_FEATURE_BOUNDARY,false,terrain standard render-plan uses 0.42 degree sample spacing,SHARED_REFERENCE
NG-SCELL-000339,NG-SPT-000339,32.2,-2.467467,31.99,32.41,-2.677467,-2.257467,0.42,NG-MGRID-03-02,NG-SOV-PART-000001,ENVIRONMENTAL_SAMPLE_RENDER_FOOTPRINT,DERIVED_REFERENCE_NOT_PHYSICAL_FEATURE_BOUNDARY,false,terrain standard render-plan uses 0.42 degree sample spacing,SHARED_REFERENCE
NG-SCELL-000340,NG-SPT-000340,32.62,-2.467467,32.41,32.83,-2.677467,-2.257467,0.42,NG-MGRID-03-02,NG-SOV-PART-000001,ENVIRONMENTAL_SAMPLE_RENDER_FOOTPRINT,DERIVED_REFERENCE_NOT_PHYSICAL_FEATURE_BOUNDARY,false,terrain standard render-plan uses 0.42 degree sample spacing,SHARED_REFERENCE
NG-SCELL-000341,NG-SPT-000341,33.04,-2.467467,32.83,33.25,-2.677467,-2.257467,0.42,NG-MGRID-03-02,NG-SOV-PART-000001,ENVIRONMENTAL_SAMPLE_RENDER_FOOTPRINT,DERIVED_REFERENCE_NOT_PHYSICAL_FEATURE_BOUNDARY,false,terrain standard render-plan uses 0.42 degree sample spacing,SHARED_REFERENCE
NG-SCELL-000342,NG-SPT-000342,33.46,-2.467467,33.25,33.67,-2.677467,-2.257467,0.42,NG-MGRID-03-02,NG-SOV-PART-000001,ENVIRONMENTAL_SAMPLE_RENDER_FOOTPRINT,DERIVED_REFERENCE_NOT_PHYSICAL_FEATURE_BOUNDARY,false,terrain standard render-plan uses 0.42 degree sample spacing,SHARED_REFERENCE
NG-SCELL-000343,NG-SPT-000343,33.88,-2.467467,33.67,34.09,-2.677467,-2.257467,0.42,NG-MGRID-03-02,NG-SOV-PART-000001,ENVIRONMENTAL_SAMPLE_RENDER_FOOTPRINT,DERIVED_REFERENCE_NOT_PHYSICAL_FEATURE_BOUNDARY,false,terrain standard render-plan uses 0.42 degree sample spacing,SHARED_REFERENCE
NG-SCELL-000344,NG-SPT-000344,34.3,-2.467467,34.09,34.51,-2.677467,-2.257467,0.42,NG-MGRID-03-02,NG-SOV-PART-000001,ENVIRONMENTAL_SAMPLE_RENDER_FOOTPRINT,DERIVED_REFERENCE_NOT_PHYSICAL_FEATURE_BOUNDARY,false,terrain standard render-plan uses 0.42 degree sample spacing,SHARED_REFERENCE
NG-SCELL-000345,NG-SPT-000345,34.72,-2.467467,34.51,34.93,-2.677467,-2.257467,0.42,NG-MGRID-03-02,NG-SOV-PART-000001,ENVIRONMENTAL_SAMPLE_RENDER_FOOTPRINT,DERIVED_REFERENCE_NOT_PHYSICAL_FEATURE_BOUNDARY,false,terrain standard render-plan uses 0.42 degree sample spacing,SHARED_REFERENCE
NG-SCELL-000346,NG-SPT-000346,35.14,-2.467467,34.93,35.35,-2.677467,-2.257467,0.42,NG-MGRID-03-03,NG-SOV-PART-000001,ENVIRONMENTAL_SAMPLE_RENDER_FOOTPRINT,DERIVED_REFERENCE_NOT_PHYSICAL_FEATURE_BOUNDARY,false,terrain standard render-plan uses 0.42 degree sample spacing,SHARED_REFERENCE
NG-SCELL-000347,NG-SPT-000347,35.56,-2.467467,35.35,35.77,-2.677467,-2.257467,0.42,NG-MGRID-03-03,NG-SOV-PART-000001,ENVIRONMENTAL_SAMPLE_RENDER_FOOTPRINT,DERIVED_REFERENCE_NOT_PHYSICAL_FEATURE_BOUNDARY,false,terrain standard render-plan uses 0.42 degree sample spacing,SHARED_REFERENCE
NG-SCELL-000348,NG-SPT-000348,35.98,-2.467467,35.77,36.19,-2.677467,-2.257467,0.42,NG-MGRID-03-03,NG-SOV-PART-000001,ENVIRONMENTAL_SAMPLE_RENDER_FOOTPRINT,DERIVED_REFERENCE_NOT_PHYSICAL_FEATURE_BOUNDARY,false,terrain standard render-plan uses 0.42 degree sample spacing,SHARED_REFERENCE
NG-SCELL-000349,NG-SPT-000349,36.4,-2.467467,36.19,36.61,-2.677467,-2.257467,0.42,NG-MGRID-03-03,NG-SOV-PART-000001,ENVIRONMENTAL_SAMPLE_RENDER_FOOTPRINT,DERIVED_REFERENCE_NOT_PHYSICAL_FEATURE_BOUNDARY,false,terrain standard render-plan uses 0.42 degree sample spacing,SHARED_REFERENCE
NG-SCELL-000350,NG-SPT-000350,36.82,-2.467467,36.61,37.03,-2.677467,-2.257467,0.42,NG-MGRID-03-03,NG-SOV-PART-000001,ENVIRONMENTAL_SAMPLE_RENDER_FOOTPRINT,DERIVED_REFERENCE_NOT_PHYSICAL_FEATURE_BOUNDARY,false,terrain standard render-plan uses 0.42 degree sample spacing,SHARED_REFERENCE
NG-SCELL-000351,NG-SPT-000351,37.24,-2.467467,37.03,37.45,-2.677467,-2.257467,0.42,NG-MGRID-03-03,NG-SOV-PART-000001,ENVIRONMENTAL_SAMPLE_RENDER_FOOTPRINT,DERIVED_REFERENCE_NOT_PHYSICAL_FEATURE_BOUNDARY,false,terrain standard render-plan uses 0.42 degree sample spacing,SHARED_REFERENCE
NG-SCELL-000352,NG-SPT-000352,37.66,-2.467467,37.45,37.87,-2.677467,-2.257467,0.42,NG-MGRID-03-03,NG-SOV-PART-000001,ENVIRONMENTAL_SAMPLE_RENDER_FOOTPRINT,DERIVED_REFERENCE_NOT_PHYSICAL_FEATURE_BOUNDARY,false,terrain standard render-plan uses 0.42 degree sample spacing,SHARED_REFERENCE
NG-SCELL-000353,NG-SPT-000353,38.08,-2.467467,37.87,38.29,-2.677467,-2.257467,0.42,NG-MGRID-03-03,NG-SOV-PART-000001,ENVIRONMENTAL_SAMPLE_RENDER_FOOTPRINT,DERIVED_REFERENCE_NOT_PHYSICAL_FEATURE_BOUNDARY,false,terrain standard render-plan uses 0.42 degree sample spacing,SHARED_REFERENCE
NG-SCELL-000354,NG-SPT-000354,38.5,-2.467467,38.29,38.71,-2.677467,-2.257467,0.42,NG-MGRID-03-03,NG-SOV-PART-000001,ENVIRONMENTAL_SAMPLE_RENDER_FOOTPRINT,DERIVED_REFERENCE_NOT_PHYSICAL_FEATURE_BOUNDARY,false,terrain standard render-plan uses 0.42 degree sample spacing,SHARED_REFERENCE
NG-SCELL-000355,NG-SPT-000355,38.92,-2.467467,38.71,39.13,-2.677467,-2.257467,0.42,NG-MGRID-03-03,NG-SOV-PART-000001,ENVIRONMENTAL_SAMPLE_RENDER_FOOTPRINT,DERIVED_REFERENCE_NOT_PHYSICAL_FEATURE_BOUNDARY,false,terrain standard render-plan uses 0.42 degree sample spacing,SHARED_REFERENCE
NG-SCELL-000356,NG-SPT-000356,39.34,-2.467467,39.13,39.55,-2.677467,-2.257467,0.42,NG-MGRID-03-03,NG-SOV-PART-000001,ENVIRONMENTAL_SAMPLE_RENDER_FOOTPRINT,DERIVED_REFERENCE_NOT_PHYSICAL_FEATURE_BOUNDARY,false,terrain standard render-plan uses 0.42 degree sample spacing,SHARED_REFERENCE
NG-SCELL-000357,NG-SPT-000357,39.76,-2.467467,39.55,39.97,-2.677467,-2.257467,0.42,NG-MGRID-03-03,NG-SOV-PART-000001,ENVIRONMENTAL_SAMPLE_RENDER_FOOTPRINT,DERIVED_REFERENCE_NOT_PHYSICAL_FEATURE_BOUNDARY,false,terrain standard render-plan uses 0.42 degree sample spacing,SHARED_REFERENCE
NG-SCELL-000358,NG-SPT-000358,40.18,-2.467467,39.97,40.39,-2.677467,-2.257467,0.42,NG-MGRID-03-04,NG-SOV-PART-000001,ENVIRONMENTAL_SAMPLE_RENDER_FOOTPRINT,DERIVED_REFERENCE_NOT_PHYSICAL_FEATURE_BOUNDARY,false,terrain standard render-plan uses 0.42 degree sample spacing,SHARED_REFERENCE
NG-SCELL-000359,NG-SPT-000359,40.6,-2.467467,40.39,40.81,-2.677467,-2.257467,0.42,NG-MGRID-03-04,NG-SOV-PART-000001,ENVIRONMENTAL_SAMPLE_RENDER_FOOTPRINT,DERIVED_REFERENCE_NOT_PHYSICAL_FEATURE_BOUNDARY,false,terrain standard render-plan uses 0.42 degree sample spacing,SHARED_REFERENCE
NG-SCELL-000360,NG-SPT-000360,41.02,-2.467467,40.81,41.23,-2.677467,-2.257467,0.42,NG-MGRID-03-04,NG-SOV-PART-000001,ENVIRONMENTAL_SAMPLE_RENDER_FOOTPRINT,DERIVED_REFERENCE_NOT_PHYSICAL_FEATURE_BOUNDARY,false,terrain standard render-plan uses 0.42 degree sample spacing,SHARED_REFERENCE
NG-SCELL-000361,NG-SPT-000361,41.44,-2.467467,41.23,41.65,-2.677467,-2.257467,0.42,NG-MGRID-03-04,NG-SOV-PART-000001,ENVIRONMENTAL_SAMPLE_RENDER_FOOTPRINT,DERIVED_REFERENCE_NOT_PHYSICAL_FEATURE_BOUNDARY,false,terrain standard render-plan uses 0.42 degree sample spacing,SHARED_REFERENCE
NG-SCELL-000362,NG-SPT-000362,41.86,-2.467467,41.65,42.07,-2.677467,-2.257467,0.42,NG-MGRID-03-04,NG-SOV-PART-000001,ENVIRONMENTAL_SAMPLE_RENDER_FOOTPRINT,DERIVED_REFERENCE_NOT_PHYSICAL_FEATURE_BOUNDARY,false,terrain standard render-plan uses 0.42 degree sample spacing,SHARED_REFERENCE
NG-SCELL-000363,NG-SPT-000363,42.28,-2.467467,42.07,42.49,-2.677467,-2.257467,0.42,NG-MGRID-03-04,NG-SOV-PART-000001,ENVIRONMENTAL_SAMPLE_RENDER_FOOTPRINT,DERIVED_REFERENCE_NOT_PHYSICAL_FEATURE_BOUNDARY,false,terrain standard render-plan uses 0.42 degree sample spacing,SHARED_REFERENCE
NG-SCELL-000364,NG-SPT-000364,42.7,-2.467467,42.49,42.91,-2.677467,-2.257467,0.42,NG-MGRID-03-04,NG-SOV-PART-000001,ENVIRONMENTAL_SAMPLE_RENDER_FOOTPRINT,DERIVED_REFERENCE_NOT_PHYSICAL_FEATURE_BOUNDARY,false,terrain standard render-plan uses 0.42 degree sample spacing,SHARED_REFERENCE
NG-SCELL-000365,NG-SPT-000365,43.12,-2.467467,42.91,43.33,-2.677467,-2.257467,0.42,NG-MGRID-03-04,NG-SOV-PART-000001,ENVIRONMENTAL_SAMPLE_RENDER_FOOTPRINT,DERIVED_REFERENCE_NOT_PHYSICAL_FEATURE_BOUNDARY,false,terrain standard render-plan uses 0.42 degree sample spacing,SHARED_REFERENCE
NG-SCELL-000366,NG-SPT-000366,43.54,-2.467467,43.33,43.75,-2.677467,-2.257467,0.42,NG-MGRID-03-04,NG-SOV-PART-000001,ENVIRONMENTAL_SAMPLE_RENDER_FOOTPRINT,DERIVED_REFERENCE_NOT_PHYSICAL_FEATURE_BOUNDARY,false,terrain standard render-plan uses 0.42 degree sample spacing,SHARED_REFERENCE
NG-SCELL-000367,NG-SPT-000367,29.26,-2.047467,29.05,29.47,-2.257467,-1.837467,0.42,NG-MGRID-03-01,NG-SOV-PART-000001,ENVIRONMENTAL_SAMPLE_RENDER_FOOTPRINT,DERIVED_REFERENCE_NOT_PHYSICAL_FEATURE_BOUNDARY,false,terrain standard render-plan uses 0.42 degree sample spacing,SHARED_REFERENCE
NG-SCELL-000368,NG-SPT-000368,29.68,-2.047467,29.47,29.89,-2.257467,-1.837467,0.42,NG-MGRID-03-01,NG-SOV-PART-000001,ENVIRONMENTAL_SAMPLE_RENDER_FOOTPRINT,DERIVED_REFERENCE_NOT_PHYSICAL_FEATURE_BOUNDARY,false,terrain standard render-plan uses 0.42 degree sample spacing,SHARED_REFERENCE
NG-SCELL-000369,NG-SPT-000369,30.1,-2.047467,29.89,30.31,-2.257467,-1.837467,0.42,NG-MGRID-03-02,NG-SOV-PART-000001,ENVIRONMENTAL_SAMPLE_RENDER_FOOTPRINT,DERIVED_REFERENCE_NOT_PHYSICAL_FEATURE_BOUNDARY,false,terrain standard render-plan uses 0.42 degree sample spacing,SHARED_REFERENCE
NG-SCELL-000370,NG-SPT-000370,30.52,-2.047467,30.31,30.73,-2.257467,-1.837467,0.42,NG-MGRID-03-02,NG-SOV-PART-000001,ENVIRONMENTAL_SAMPLE_RENDER_FOOTPRINT,DERIVED_REFERENCE_NOT_PHYSICAL_FEATURE_BOUNDARY,false,terrain standard render-plan uses 0.42 degree sample spacing,SHARED_REFERENCE
NG-SCELL-000371,NG-SPT-000371,30.94,-2.047467,30.73,31.15,-2.257467,-1.837467,0.42,NG-MGRID-03-02,NG-SOV-PART-000001,ENVIRONMENTAL_SAMPLE_RENDER_FOOTPRINT,DERIVED_REFERENCE_NOT_PHYSICAL_FEATURE_BOUNDARY,false,terrain standard render-plan uses 0.42 degree sample spacing,SHARED_REFERENCE
NG-SCELL-000372,NG-SPT-000372,31.36,-2.047467,31.15,31.57,-2.257467,-1.837467,0.42,NG-MGRID-03-02,NG-SOV-PART-000001,ENVIRONMENTAL_SAMPLE_RENDER_FOOTPRINT,DERIVED_REFERENCE_NOT_PHYSICAL_FEATURE_BOUNDARY,false,terrain standard render-plan uses 0.42 degree sample spacing,SHARED_REFERENCE
NG-SCELL-000373,NG-SPT-000373,31.78,-2.047467,31.57,31.99,-2.257467,-1.837467,0.42,NG-MGRID-03-02,NG-SOV-PART-000001,ENVIRONMENTAL_SAMPLE_RENDER_FOOTPRINT,DERIVED_REFERENCE_NOT_PHYSICAL_FEATURE_BOUNDARY,false,terrain standard render-plan uses 0.42 degree sample spacing,SHARED_REFERENCE
NG-SCELL-000374,NG-SPT-000374,32.2,-2.047467,31.99,32.41,-2.257467,-1.837467,0.42,NG-MGRID-03-02,NG-SOV-PART-000001,ENVIRONMENTAL_SAMPLE_RENDER_FOOTPRINT,DERIVED_REFERENCE_NOT_PHYSICAL_FEATURE_BOUNDARY,false,terrain standard render-plan uses 0.42 degree sample spacing,SHARED_REFERENCE
NG-SCELL-000375,NG-SPT-000375,32.62,-2.047467,32.41,32.83,-2.257467,-1.837467,0.42,NG-MGRID-03-02,NG-SOV-PART-000001,ENVIRONMENTAL_SAMPLE_RENDER_FOOTPRINT,DERIVED_REFERENCE_NOT_PHYSICAL_FEATURE_BOUNDARY,false,terrain standard render-plan uses 0.42 degree sample spacing,SHARED_REFERENCE
NG-SCELL-000376,NG-SPT-000376,33.04,-2.047467,32.83,33.25,-2.257467,-1.837467,0.42,NG-MGRID-03-02,NG-SOV-PART-000001,ENVIRONMENTAL_SAMPLE_RENDER_FOOTPRINT,DERIVED_REFERENCE_NOT_PHYSICAL_FEATURE_BOUNDARY,false,terrain standard render-plan uses 0.42 degree sample spacing,SHARED_REFERENCE
NG-SCELL-000377,NG-SPT-000377,33.46,-2.047467,33.25,33.67,-2.257467,-1.837467,0.42,NG-MGRID-03-02,NG-SOV-PART-000001,ENVIRONMENTAL_SAMPLE_RENDER_FOOTPRINT,DERIVED_REFERENCE_NOT_PHYSICAL_FEATURE_BOUNDARY,false,terrain standard render-plan uses 0.42 degree sample spacing,SHARED_REFERENCE
NG-SCELL-000378,NG-SPT-000378,33.88,-2.047467,33.67,34.09,-2.257467,-1.837467,0.42,NG-MGRID-03-02,NG-SOV-PART-000001,ENVIRONMENTAL_SAMPLE_RENDER_FOOTPRINT,DERIVED_REFERENCE_NOT_PHYSICAL_FEATURE_BOUNDARY,false,terrain standard render-plan uses 0.42 degree sample spacing,SHARED_REFERENCE
NG-SCELL-000379,NG-SPT-000379,34.3,-2.047467,34.09,34.51,-2.257467,-1.837467,0.42,NG-MGRID-03-02,NG-SOV-PART-000001,ENVIRONMENTAL_SAMPLE_RENDER_FOOTPRINT,DERIVED_REFERENCE_NOT_PHYSICAL_FEATURE_BOUNDARY,false,terrain standard render-plan uses 0.42 degree sample spacing,SHARED_REFERENCE
NG-SCELL-000380,NG-SPT-000380,34.72,-2.047467,34.51,34.93,-2.257467,-1.837467,0.42,NG-MGRID-03-02,NG-SOV-PART-000001,ENVIRONMENTAL_SAMPLE_RENDER_FOOTPRINT,DERIVED_REFERENCE_NOT_PHYSICAL_FEATURE_BOUNDARY,false,terrain standard render-plan uses 0.42 degree sample spacing,SHARED_REFERENCE
NG-SCELL-000381,NG-SPT-000381,35.14,-2.047467,34.93,35.35,-2.257467,-1.837467,0.42,NG-MGRID-03-03,NG-SOV-PART-000001,ENVIRONMENTAL_SAMPLE_RENDER_FOOTPRINT,DERIVED_REFERENCE_NOT_PHYSICAL_FEATURE_BOUNDARY,false,terrain standard render-plan uses 0.42 degree sample spacing,SHARED_REFERENCE
NG-SCELL-000382,NG-SPT-000382,35.56,-2.047467,35.35,35.77,-2.257467,-1.837467,0.42,NG-MGRID-03-03,NG-SOV-PART-000001,ENVIRONMENTAL_SAMPLE_RENDER_FOOTPRINT,DERIVED_REFERENCE_NOT_PHYSICAL_FEATURE_BOUNDARY,false,terrain standard render-plan uses 0.42 degree sample spacing,SHARED_REFERENCE
NG-SCELL-000383,NG-SPT-000383,35.98,-2.047467,35.77,36.19,-2.257467,-1.837467,0.42,NG-MGRID-03-03,NG-SOV-PART-000001,ENVIRONMENTAL_SAMPLE_RENDER_FOOTPRINT,DERIVED_REFERENCE_NOT_PHYSICAL_FEATURE_BOUNDARY,false,terrain standard render-plan uses 0.42 degree sample spacing,SHARED_REFERENCE
NG-SCELL-000384,NG-SPT-000384,36.4,-2.047467,36.19,36.61,-2.257467,-1.837467,0.42,NG-MGRID-03-03,NG-SOV-PART-000001,ENVIRONMENTAL_SAMPLE_RENDER_FOOTPRINT,DERIVED_REFERENCE_NOT_PHYSICAL_FEATURE_BOUNDARY,false,terrain standard render-plan uses 0.42 degree sample spacing,SHARED_REFERENCE
NG-SCELL-000385,NG-SPT-000385,36.82,-2.047467,36.61,37.03,-2.257467,-1.837467,0.42,NG-MGRID-03-03,NG-SOV-PART-000001,ENVIRONMENTAL_SAMPLE_RENDER_FOOTPRINT,DERIVED_REFERENCE_NOT_PHYSICAL_FEATURE_BOUNDARY,false,terrain standard render-plan uses 0.42 degree sample spacing,SHARED_REFERENCE
NG-SCELL-000386,NG-SPT-000386,37.24,-2.047467,37.03,37.45,-2.257467,-1.837467,0.42,NG-MGRID-03-03,NG-SOV-PART-000001,ENVIRONMENTAL_SAMPLE_RENDER_FOOTPRINT,DERIVED_REFERENCE_NOT_PHYSICAL_FEATURE_BOUNDARY,false,terrain standard render-plan uses 0.42 degree sample spacing,SHARED_REFERENCE
NG-SCELL-000387,NG-SPT-000387,37.66,-2.047467,37.45,37.87,-2.257467,-1.837467,0.42,NG-MGRID-03-03,NG-SOV-PART-000001,ENVIRONMENTAL_SAMPLE_RENDER_FOOTPRINT,DERIVED_REFERENCE_NOT_PHYSICAL_FEATURE_BOUNDARY,false,terrain standard render-plan uses 0.42 degree sample spacing,SHARED_REFERENCE
NG-SCELL-000388,NG-SPT-000388,38.08,-2.047467,37.87,38.29,-2.257467,-1.837467,0.42,NG-MGRID-03-03,NG-SOV-PART-000001,ENVIRONMENTAL_SAMPLE_RENDER_FOOTPRINT,DERIVED_REFERENCE_NOT_PHYSICAL_FEATURE_BOUNDARY,false,terrain standard render-plan uses 0.42 degree sample spacing,SHARED_REFERENCE
NG-SCELL-000389,NG-SPT-000389,38.5,-2.047467,38.29,38.71,-2.257467,-1.837467,0.42,NG-MGRID-03-03,NG-SOV-PART-000001,ENVIRONMENTAL_SAMPLE_RENDER_FOOTPRINT,DERIVED_REFERENCE_NOT_PHYSICAL_FEATURE_BOUNDARY,false,terrain standard render-plan uses 0.42 degree sample spacing,SHARED_REFERENCE
NG-SCELL-000390,NG-SPT-000390,38.92,-2.047467,38.71,39.13,-2.257467,-1.837467,0.42,NG-MGRID-03-03,NG-SOV-PART-000001,ENVIRONMENTAL_SAMPLE_RENDER_FOOTPRINT,DERIVED_REFERENCE_NOT_PHYSICAL_FEATURE_BOUNDARY,false,terrain standard render-plan uses 0.42 degree sample spacing,SHARED_REFERENCE
NG-SCELL-000391,NG-SPT-000391,39.34,-2.047467,39.13,39.55,-2.257467,-1.837467,0.42,NG-MGRID-03-03,NG-SOV-PART-000001,ENVIRONMENTAL_SAMPLE_RENDER_FOOTPRINT,DERIVED_REFERENCE_NOT_PHYSICAL_FEATURE_BOUNDARY,false,terrain standard render-plan uses 0.42 degree sample spacing,SHARED_REFERENCE
NG-SCELL-000392,NG-SPT-000392,39.76,-2.047467,39.55,39.97,-2.257467,-1.837467,0.42,NG-MGRID-03-03,NG-SOV-PART-000001,ENVIRONMENTAL_SAMPLE_RENDER_FOOTPRINT,DERIVED_REFERENCE_NOT_PHYSICAL_FEATURE_BOUNDARY,false,terrain standard render-plan uses 0.42 degree sample spacing,SHARED_REFERENCE
NG-SCELL-000393,NG-SPT-000393,40.18,-2.047467,39.97,40.39,-2.257467,-1.837467,0.42,NG-MGRID-03-04,NG-SOV-PART-000001,ENVIRONMENTAL_SAMPLE_RENDER_FOOTPRINT,DERIVED_REFERENCE_NOT_PHYSICAL_FEATURE_BOUNDARY,false,terrain standard render-plan uses 0.42 degree sample spacing,SHARED_REFERENCE
NG-SCELL-000394,NG-SPT-000394,40.6,-2.047467,40.39,40.81,-2.257467,-1.837467,0.42,NG-MGRID-03-04,NG-SOV-PART-000001,ENVIRONMENTAL_SAMPLE_RENDER_FOOTPRINT,DERIVED_REFERENCE_NOT_PHYSICAL_FEATURE_BOUNDARY,false,terrain standard render-plan uses 0.42 degree sample spacing,SHARED_REFERENCE
NG-SCELL-000395,NG-SPT-000395,41.02,-2.047467,40.81,41.23,-2.257467,-1.837467,0.42,NG-MGRID-03-04,NG-SOV-PART-000001,ENVIRONMENTAL_SAMPLE_RENDER_FOOTPRINT,DERIVED_REFERENCE_NOT_PHYSICAL_FEATURE_BOUNDARY,false,terrain standard render-plan uses 0.42 degree sample spacing,SHARED_REFERENCE
NG-SCELL-000396,NG-SPT-000396,41.44,-2.047467,41.23,41.65,-2.257467,-1.837467,0.42,NG-MGRID-03-04,NG-SOV-PART-000001,ENVIRONMENTAL_SAMPLE_RENDER_FOOTPRINT,DERIVED_REFERENCE_NOT_PHYSICAL_FEATURE_BOUNDARY,false,terrain standard render-plan uses 0.42 degree sample spacing,SHARED_REFERENCE
NG-SCELL-000397,NG-SPT-000397,41.86,-2.047467,41.65,42.07,-2.257467,-1.837467,0.42,NG-MGRID-03-04,NG-SOV-PART-000001,ENVIRONMENTAL_SAMPLE_RENDER_FOOTPRINT,DERIVED_REFERENCE_NOT_PHYSICAL_FEATURE_BOUNDARY,false,terrain standard render-plan uses 0.42 degree sample spacing,SHARED_REFERENCE
NG-SCELL-000398,NG-SPT-000398,42.28,-2.047467,42.07,42.49,-2.257467,-1.837467,0.42,NG-MGRID-03-04,NG-SOV-PART-000001,ENVIRONMENTAL_SAMPLE_RENDER_FOOTPRINT,DERIVED_REFERENCE_NOT_PHYSICAL_FEATURE_BOUNDARY,false,terrain standard render-plan uses 0.42 degree sample spacing,SHARED_REFERENCE
NG-SCELL-000399,NG-SPT-000399,42.7,-2.047467,42.49,42.91,-2.257467,-1.837467,0.42,NG-MGRID-03-04,NG-SOV-PART-000001,ENVIRONMENTAL_SAMPLE_RENDER_FOOTPRINT,DERIVED_REFERENCE_NOT_PHYSICAL_FEATURE_BOUNDARY,false,terrain standard render-plan uses 0.42 degree sample spacing,SHARED_REFERENCE
NG-SCELL-000400,NG-SPT-000400,43.12,-2.047467,42.91,43.33,-2.257467,-1.837467,0.42,NG-MGRID-03-04,NG-SOV-PART-000001,ENVIRONMENTAL_SAMPLE_RENDER_FOOTPRINT,DERIVED_REFERENCE_NOT_PHYSICAL_FEATURE_BOUNDARY,false,terrain standard render-plan uses 0.42 degree sample spacing,SHARED_REFERENCE
NG-SCELL-000401,NG-SPT-000401,43.54,-2.047467,43.33,43.75,-2.257467,-1.837467,0.42,NG-MGRID-03-04,NG-SOV-PART-000001,ENVIRONMENTAL_SAMPLE_RENDER_FOOTPRINT,DERIVED_REFERENCE_NOT_PHYSICAL_FEATURE_BOUNDARY,false,terrain standard render-plan uses 0.42 degree sample spacing,SHARED_REFERENCE
NG-SCELL-000402,NG-SPT-000402,29.26,-1.627467,29.05,29.47,-1.837467,-1.417467,0.42,NG-MGRID-03-01,NG-SOV-PART-000001,ENVIRONMENTAL_SAMPLE_RENDER_FOOTPRINT,DERIVED_REFERENCE_NOT_PHYSICAL_FEATURE_BOUNDARY,false,terrain standard render-plan uses 0.42 degree sample spacing,SHARED_REFERENCE
NG-SCELL-000403,NG-SPT-000403,29.68,-1.627467,29.47,29.89,-1.837467,-1.417467,0.42,NG-MGRID-03-01,NG-SOV-PART-000001,ENVIRONMENTAL_SAMPLE_RENDER_FOOTPRINT,DERIVED_REFERENCE_NOT_PHYSICAL_FEATURE_BOUNDARY,false,terrain standard render-plan uses 0.42 degree sample spacing,SHARED_REFERENCE
NG-SCELL-000404,NG-SPT-000404,30.1,-1.627467,29.89,30.31,-1.837467,-1.417467,0.42,NG-MGRID-03-02,NG-SOV-PART-000001,ENVIRONMENTAL_SAMPLE_RENDER_FOOTPRINT,DERIVED_REFERENCE_NOT_PHYSICAL_FEATURE_BOUNDARY,false,terrain standard render-plan uses 0.42 degree sample spacing,SHARED_REFERENCE
NG-SCELL-000405,NG-SPT-000405,30.52,-1.627467,30.31,30.73,-1.837467,-1.417467,0.42,NG-MGRID-03-02,NG-SOV-PART-000001,ENVIRONMENTAL_SAMPLE_RENDER_FOOTPRINT,DERIVED_REFERENCE_NOT_PHYSICAL_FEATURE_BOUNDARY,false,terrain standard render-plan uses 0.42 degree sample spacing,SHARED_REFERENCE
NG-SCELL-000406,NG-SPT-000406,30.94,-1.627467,30.73,31.15,-1.837467,-1.417467,0.42,NG-MGRID-03-02,NG-SOV-PART-000001,ENVIRONMENTAL_SAMPLE_RENDER_FOOTPRINT,DERIVED_REFERENCE_NOT_PHYSICAL_FEATURE_BOUNDARY,false,terrain standard render-plan uses 0.42 degree sample spacing,SHARED_REFERENCE
NG-SCELL-000407,NG-SPT-000407,31.36,-1.627467,31.15,31.57,-1.837467,-1.417467,0.42,NG-MGRID-03-02,NG-SOV-PART-000001,ENVIRONMENTAL_SAMPLE_RENDER_FOOTPRINT,DERIVED_REFERENCE_NOT_PHYSICAL_FEATURE_BOUNDARY,false,terrain standard render-plan uses 0.42 degree sample spacing,SHARED_REFERENCE
NG-SCELL-000408,NG-SPT-000408,31.78,-1.627467,31.57,31.99,-1.837467,-1.417467,0.42,NG-MGRID-03-02,NG-SOV-PART-000001,ENVIRONMENTAL_SAMPLE_RENDER_FOOTPRINT,DERIVED_REFERENCE_NOT_PHYSICAL_FEATURE_BOUNDARY,false,terrain standard render-plan uses 0.42 degree sample spacing,SHARED_REFERENCE
NG-SCELL-000409,NG-SPT-000409,32.2,-1.627467,31.99,32.41,-1.837467,-1.417467,0.42,NG-MGRID-03-02,NG-SOV-PART-000001,ENVIRONMENTAL_SAMPLE_RENDER_FOOTPRINT,DERIVED_REFERENCE_NOT_PHYSICAL_FEATURE_BOUNDARY,false,terrain standard render-plan uses 0.42 degree sample spacing,SHARED_REFERENCE
NG-SCELL-000410,NG-SPT-000410,32.62,-1.627467,32.41,32.83,-1.837467,-1.417467,0.42,NG-MGRID-03-02,NG-SOV-PART-000001,ENVIRONMENTAL_SAMPLE_RENDER_FOOTPRINT,DERIVED_REFERENCE_NOT_PHYSICAL_FEATURE_BOUNDARY,false,terrain standard render-plan uses 0.42 degree sample spacing,SHARED_REFERENCE
NG-SCELL-000411,NG-SPT-000411,33.04,-1.627467,32.83,33.25,-1.837467,-1.417467,0.42,NG-MGRID-03-02,NG-SOV-PART-000001,ENVIRONMENTAL_SAMPLE_RENDER_FOOTPRINT,DERIVED_REFERENCE_NOT_PHYSICAL_FEATURE_BOUNDARY,false,terrain standard render-plan uses 0.42 degree sample spacing,SHARED_REFERENCE
NG-SCELL-000412,NG-SPT-000412,33.46,-1.627467,33.25,33.67,-1.837467,-1.417467,0.42,NG-MGRID-03-02,NG-SOV-PART-000001,ENVIRONMENTAL_SAMPLE_RENDER_FOOTPRINT,DERIVED_REFERENCE_NOT_PHYSICAL_FEATURE_BOUNDARY,false,terrain standard render-plan uses 0.42 degree sample spacing,SHARED_REFERENCE
NG-SCELL-000413,NG-SPT-000413,33.88,-1.627467,33.67,34.09,-1.837467,-1.417467,0.42,NG-MGRID-03-02,NG-SOV-PART-000001,ENVIRONMENTAL_SAMPLE_RENDER_FOOTPRINT,DERIVED_REFERENCE_NOT_PHYSICAL_FEATURE_BOUNDARY,false,terrain standard render-plan uses 0.42 degree sample spacing,SHARED_REFERENCE
NG-SCELL-000414,NG-SPT-000414,34.3,-1.627467,34.09,34.51,-1.837467,-1.417467,0.42,NG-MGRID-03-02,NG-SOV-PART-000001,ENVIRONMENTAL_SAMPLE_RENDER_FOOTPRINT,DERIVED_REFERENCE_NOT_PHYSICAL_FEATURE_BOUNDARY,false,terrain standard render-plan uses 0.42 degree sample spacing,SHARED_REFERENCE
NG-SCELL-000415,NG-SPT-000415,34.72,-1.627467,34.51,34.93,-1.837467,-1.417467,0.42,NG-MGRID-03-02,NG-SOV-PART-000001,ENVIRONMENTAL_SAMPLE_RENDER_FOOTPRINT,DERIVED_REFERENCE_NOT_PHYSICAL_FEATURE_BOUNDARY,false,terrain standard render-plan uses 0.42 degree sample spacing,SHARED_REFERENCE
NG-SCELL-000416,NG-SPT-000416,35.14,-1.627467,34.93,35.35,-1.837467,-1.417467,0.42,NG-MGRID-03-03,NG-SOV-PART-000001,ENVIRONMENTAL_SAMPLE_RENDER_FOOTPRINT,DERIVED_REFERENCE_NOT_PHYSICAL_FEATURE_BOUNDARY,false,terrain standard render-plan uses 0.42 degree sample spacing,SHARED_REFERENCE
NG-SCELL-000417,NG-SPT-000417,35.56,-1.627467,35.35,35.77,-1.837467,-1.417467,0.42,NG-MGRID-03-03,NG-SOV-PART-000001,ENVIRONMENTAL_SAMPLE_RENDER_FOOTPRINT,DERIVED_REFERENCE_NOT_PHYSICAL_FEATURE_BOUNDARY,false,terrain standard render-plan uses 0.42 degree sample spacing,SHARED_REFERENCE
NG-SCELL-000418,NG-SPT-000418,35.98,-1.627467,35.77,36.19,-1.837467,-1.417467,0.42,NG-MGRID-03-03,NG-SOV-PART-000001,ENVIRONMENTAL_SAMPLE_RENDER_FOOTPRINT,DERIVED_REFERENCE_NOT_PHYSICAL_FEATURE_BOUNDARY,false,terrain standard render-plan uses 0.42 degree sample spacing,SHARED_REFERENCE
NG-SCELL-000419,NG-SPT-000419,36.4,-1.627467,36.19,36.61,-1.837467,-1.417467,0.42,NG-MGRID-03-03,NG-SOV-PART-000001,ENVIRONMENTAL_SAMPLE_RENDER_FOOTPRINT,DERIVED_REFERENCE_NOT_PHYSICAL_FEATURE_BOUNDARY,false,terrain standard render-plan uses 0.42 degree sample spacing,SHARED_REFERENCE
NG-SCELL-000420,NG-SPT-000420,36.82,-1.627467,36.61,37.03,-1.837467,-1.417467,0.42,NG-MGRID-03-03,NG-SOV-PART-000001,ENVIRONMENTAL_SAMPLE_RENDER_FOOTPRINT,DERIVED_REFERENCE_NOT_PHYSICAL_FEATURE_BOUNDARY,false,terrain standard render-plan uses 0.42 degree sample spacing,SHARED_REFERENCE
NG-SCELL-000421,NG-SPT-000421,37.24,-1.627467,37.03,37.45,-1.837467,-1.417467,0.42,NG-MGRID-03-03,NG-SOV-PART-000001,ENVIRONMENTAL_SAMPLE_RENDER_FOOTPRINT,DERIVED_REFERENCE_NOT_PHYSICAL_FEATURE_BOUNDARY,false,terrain standard render-plan uses 0.42 degree sample spacing,SHARED_REFERENCE
NG-SCELL-000422,NG-SPT-000422,37.66,-1.627467,37.45,37.87,-1.837467,-1.417467,0.42,NG-MGRID-03-03,NG-SOV-PART-000001,ENVIRONMENTAL_SAMPLE_RENDER_FOOTPRINT,DERIVED_REFERENCE_NOT_PHYSICAL_FEATURE_BOUNDARY,false,terrain standard render-plan uses 0.42 degree sample spacing,SHARED_REFERENCE
NG-SCELL-000423,NG-SPT-000423,38.08,-1.627467,37.87,38.29,-1.837467,-1.417467,0.42,NG-MGRID-03-03,NG-SOV-PART-000001,ENVIRONMENTAL_SAMPLE_RENDER_FOOTPRINT,DERIVED_REFERENCE_NOT_PHYSICAL_FEATURE_BOUNDARY,false,terrain standard render-plan uses 0.42 degree sample spacing,SHARED_REFERENCE
NG-SCELL-000424,NG-SPT-000424,38.5,-1.627467,38.29,38.71,-1.837467,-1.417467,0.42,NG-MGRID-03-03,NG-SOV-PART-000001,ENVIRONMENTAL_SAMPLE_RENDER_FOOTPRINT,DERIVED_REFERENCE_NOT_PHYSICAL_FEATURE_BOUNDARY,false,terrain standard render-plan uses 0.42 degree sample spacing,SHARED_REFERENCE
NG-SCELL-000425,NG-SPT-000425,38.92,-1.627467,38.71,39.13,-1.837467,-1.417467,0.42,NG-MGRID-03-03,NG-SOV-PART-000001,ENVIRONMENTAL_SAMPLE_RENDER_FOOTPRINT,DERIVED_REFERENCE_NOT_PHYSICAL_FEATURE_BOUNDARY,false,terrain standard render-plan uses 0.42 degree sample spacing,SHARED_REFERENCE
NG-SCELL-000426,NG-SPT-000426,39.34,-1.627467,39.13,39.55,-1.837467,-1.417467,0.42,NG-MGRID-03-03,NG-SOV-PART-000001,ENVIRONMENTAL_SAMPLE_RENDER_FOOTPRINT,DERIVED_REFERENCE_NOT_PHYSICAL_FEATURE_BOUNDARY,false,terrain standard render-plan uses 0.42 degree sample spacing,SHARED_REFERENCE
NG-SCELL-000427,NG-SPT-000427,39.76,-1.627467,39.55,39.97,-1.837467,-1.417467,0.42,NG-MGRID-03-03,NG-SOV-PART-000001,ENVIRONMENTAL_SAMPLE_RENDER_FOOTPRINT,DERIVED_REFERENCE_NOT_PHYSICAL_FEATURE_BOUNDARY,false,terrain standard render-plan uses 0.42 degree sample spacing,SHARED_REFERENCE
NG-SCELL-000428,NG-SPT-000428,40.18,-1.627467,39.97,40.39,-1.837467,-1.417467,0.42,NG-MGRID-03-04,NG-SOV-PART-000001,ENVIRONMENTAL_SAMPLE_RENDER_FOOTPRINT,DERIVED_REFERENCE_NOT_PHYSICAL_FEATURE_BOUNDARY,false,terrain standard render-plan uses 0.42 degree sample spacing,SHARED_REFERENCE
NG-SCELL-000429,NG-SPT-000429,40.6,-1.627467,40.39,40.81,-1.837467,-1.417467,0.42,NG-MGRID-03-04,NG-SOV-PART-000001,ENVIRONMENTAL_SAMPLE_RENDER_FOOTPRINT,DERIVED_REFERENCE_NOT_PHYSICAL_FEATURE_BOUNDARY,false,terrain standard render-plan uses 0.42 degree sample spacing,SHARED_REFERENCE
NG-SCELL-000430,NG-SPT-000430,41.02,-1.627467,40.81,41.23,-1.837467,-1.417467,0.42,NG-MGRID-03-04,NG-SOV-PART-000001,ENVIRONMENTAL_SAMPLE_RENDER_FOOTPRINT,DERIVED_REFERENCE_NOT_PHYSICAL_FEATURE_BOUNDARY,false,terrain standard render-plan uses 0.42 degree sample spacing,SHARED_REFERENCE
NG-SCELL-000431,NG-SPT-000431,41.44,-1.627467,41.23,41.65,-1.837467,-1.417467,0.42,NG-MGRID-03-04,NG-SOV-PART-000001,ENVIRONMENTAL_SAMPLE_RENDER_FOOTPRINT,DERIVED_REFERENCE_NOT_PHYSICAL_FEATURE_BOUNDARY,false,terrain standard render-plan uses 0.42 degree sample spacing,SHARED_REFERENCE
NG-SCELL-000432,NG-SPT-000432,41.86,-1.627467,41.65,42.07,-1.837467,-1.417467,0.42,NG-MGRID-03-04,NG-SOV-PART-000001,ENVIRONMENTAL_SAMPLE_RENDER_FOOTPRINT,DERIVED_REFERENCE_NOT_PHYSICAL_FEATURE_BOUNDARY,false,terrain standard render-plan uses 0.42 degree sample spacing,SHARED_REFERENCE
NG-SCELL-000433,NG-SPT-000433,42.28,-1.627467,42.07,42.49,-1.837467,-1.417467,0.42,NG-MGRID-03-04,NG-SOV-PART-000001,ENVIRONMENTAL_SAMPLE_RENDER_FOOTPRINT,DERIVED_REFERENCE_NOT_PHYSICAL_FEATURE_BOUNDARY,false,terrain standard render-plan uses 0.42 degree sample spacing,SHARED_REFERENCE
NG-SCELL-000434,NG-SPT-000434,42.7,-1.627467,42.49,42.91,-1.837467,-1.417467,0.42,NG-MGRID-03-04,NG-SOV-PART-000001,ENVIRONMENTAL_SAMPLE_RENDER_FOOTPRINT,DERIVED_REFERENCE_NOT_PHYSICAL_FEATURE_BOUNDARY,false,terrain standard render-plan uses 0.42 degree sample spacing,SHARED_REFERENCE
NG-SCELL-000435,NG-SPT-000435,43.12,-1.627467,42.91,43.33,-1.837467,-1.417467,0.42,NG-MGRID-03-04,NG-SOV-PART-000001,ENVIRONMENTAL_SAMPLE_RENDER_FOOTPRINT,DERIVED_REFERENCE_NOT_PHYSICAL_FEATURE_BOUNDARY,false,terrain standard render-plan uses 0.42 degree sample spacing,SHARED_REFERENCE
NG-SCELL-000436,NG-SPT-000436,44.38,-1.627467,44.17,44.59,-1.837467,-1.417467,0.42,NG-MGRID-03-04,NG-SOV-PART-000004,ENVIRONMENTAL_SAMPLE_RENDER_FOOTPRINT,DERIVED_REFERENCE_NOT_PHYSICAL_FEATURE_BOUNDARY,false,terrain standard render-plan uses 0.42 degree sample spacing,SHARED_REFERENCE
NG-SCELL-000437,NG-SPT-000437,29.26,-1.207467,29.05,29.47,-1.417467,-0.997467,0.42,NG-MGRID-03-01,NG-SOV-PART-000001,ENVIRONMENTAL_SAMPLE_RENDER_FOOTPRINT,DERIVED_REFERENCE_NOT_PHYSICAL_FEATURE_BOUNDARY,false,terrain standard render-plan uses 0.42 degree sample spacing,SHARED_REFERENCE
NG-SCELL-000438,NG-SPT-000438,29.68,-1.207467,29.47,29.89,-1.417467,-0.997467,0.42,NG-MGRID-03-01,NG-SOV-PART-000001,ENVIRONMENTAL_SAMPLE_RENDER_FOOTPRINT,DERIVED_REFERENCE_NOT_PHYSICAL_FEATURE_BOUNDARY,false,terrain standard render-plan uses 0.42 degree sample spacing,SHARED_REFERENCE
NG-SCELL-000439,NG-SPT-000439,30.1,-1.207467,29.89,30.31,-1.417467,-0.997467,0.42,NG-MGRID-03-02,NG-SOV-PART-000001,ENVIRONMENTAL_SAMPLE_RENDER_FOOTPRINT,DERIVED_REFERENCE_NOT_PHYSICAL_FEATURE_BOUNDARY,false,terrain standard render-plan uses 0.42 degree sample spacing,SHARED_REFERENCE
NG-SCELL-000440,NG-SPT-000440,30.52,-1.207467,30.31,30.73,-1.417467,-0.997467,0.42,NG-MGRID-03-02,NG-SOV-PART-000001,ENVIRONMENTAL_SAMPLE_RENDER_FOOTPRINT,DERIVED_REFERENCE_NOT_PHYSICAL_FEATURE_BOUNDARY,false,terrain standard render-plan uses 0.42 degree sample spacing,SHARED_REFERENCE
NG-SCELL-000441,NG-SPT-000441,30.94,-1.207467,30.73,31.15,-1.417467,-0.997467,0.42,NG-MGRID-03-02,NG-SOV-PART-000001,ENVIRONMENTAL_SAMPLE_RENDER_FOOTPRINT,DERIVED_REFERENCE_NOT_PHYSICAL_FEATURE_BOUNDARY,false,terrain standard render-plan uses 0.42 degree sample spacing,SHARED_REFERENCE
NG-SCELL-000442,NG-SPT-000442,31.36,-1.207467,31.15,31.57,-1.417467,-0.997467,0.42,NG-MGRID-03-02,NG-SOV-PART-000001,ENVIRONMENTAL_SAMPLE_RENDER_FOOTPRINT,DERIVED_REFERENCE_NOT_PHYSICAL_FEATURE_BOUNDARY,false,terrain standard render-plan uses 0.42 degree sample spacing,SHARED_REFERENCE
NG-SCELL-000443,NG-SPT-000443,31.78,-1.207467,31.57,31.99,-1.417467,-0.997467,0.42,NG-MGRID-03-02,NG-SOV-PART-000001,ENVIRONMENTAL_SAMPLE_RENDER_FOOTPRINT,DERIVED_REFERENCE_NOT_PHYSICAL_FEATURE_BOUNDARY,false,terrain standard render-plan uses 0.42 degree sample spacing,SHARED_REFERENCE
NG-SCELL-000444,NG-SPT-000444,32.2,-1.207467,31.99,32.41,-1.417467,-0.997467,0.42,NG-MGRID-03-02,NG-SOV-PART-000001,ENVIRONMENTAL_SAMPLE_RENDER_FOOTPRINT,DERIVED_REFERENCE_NOT_PHYSICAL_FEATURE_BOUNDARY,false,terrain standard render-plan uses 0.42 degree sample spacing,SHARED_REFERENCE
NG-SCELL-000445,NG-SPT-000445,32.62,-1.207467,32.41,32.83,-1.417467,-0.997467,0.42,NG-MGRID-03-02,NG-SOV-PART-000001,ENVIRONMENTAL_SAMPLE_RENDER_FOOTPRINT,DERIVED_REFERENCE_NOT_PHYSICAL_FEATURE_BOUNDARY,false,terrain standard render-plan uses 0.42 degree sample spacing,SHARED_REFERENCE
NG-SCELL-000446,NG-SPT-000446,33.04,-1.207467,32.83,33.25,-1.417467,-0.997467,0.42,NG-MGRID-03-02,NG-SOV-PART-000001,ENVIRONMENTAL_SAMPLE_RENDER_FOOTPRINT,DERIVED_REFERENCE_NOT_PHYSICAL_FEATURE_BOUNDARY,false,terrain standard render-plan uses 0.42 degree sample spacing,SHARED_REFERENCE
NG-SCELL-000447,NG-SPT-000447,33.46,-1.207467,33.25,33.67,-1.417467,-0.997467,0.42,NG-MGRID-03-02,NG-SOV-PART-000001,ENVIRONMENTAL_SAMPLE_RENDER_FOOTPRINT,DERIVED_REFERENCE_NOT_PHYSICAL_FEATURE_BOUNDARY,false,terrain standard render-plan uses 0.42 degree sample spacing,SHARED_REFERENCE
NG-SCELL-000448,NG-SPT-000448,33.88,-1.207467,33.67,34.09,-1.417467,-0.997467,0.42,NG-MGRID-03-02,NG-SOV-PART-000001,ENVIRONMENTAL_SAMPLE_RENDER_FOOTPRINT,DERIVED_REFERENCE_NOT_PHYSICAL_FEATURE_BOUNDARY,false,terrain standard render-plan uses 0.42 degree sample spacing,SHARED_REFERENCE
NG-SCELL-000449,NG-SPT-000449,34.3,-1.207467,34.09,34.51,-1.417467,-0.997467,0.42,NG-MGRID-03-02,NG-SOV-PART-000001,ENVIRONMENTAL_SAMPLE_RENDER_FOOTPRINT,DERIVED_REFERENCE_NOT_PHYSICAL_FEATURE_BOUNDARY,false,terrain standard render-plan uses 0.42 degree sample spacing,SHARED_REFERENCE
NG-SCELL-000450,NG-SPT-000450,34.72,-1.207467,34.51,34.93,-1.417467,-0.997467,0.42,NG-MGRID-03-02,NG-SOV-PART-000001,ENVIRONMENTAL_SAMPLE_RENDER_FOOTPRINT,DERIVED_REFERENCE_NOT_PHYSICAL_FEATURE_BOUNDARY,false,terrain standard render-plan uses 0.42 degree sample spacing,SHARED_REFERENCE
NG-SCELL-000451,NG-SPT-000451,35.14,-1.207467,34.93,35.35,-1.417467,-0.997467,0.42,NG-MGRID-03-03,NG-SOV-PART-000001,ENVIRONMENTAL_SAMPLE_RENDER_FOOTPRINT,DERIVED_REFERENCE_NOT_PHYSICAL_FEATURE_BOUNDARY,false,terrain standard render-plan uses 0.42 degree sample spacing,SHARED_REFERENCE
NG-SCELL-000452,NG-SPT-000452,35.56,-1.207467,35.35,35.77,-1.417467,-0.997467,0.42,NG-MGRID-03-03,NG-SOV-PART-000001,ENVIRONMENTAL_SAMPLE_RENDER_FOOTPRINT,DERIVED_REFERENCE_NOT_PHYSICAL_FEATURE_BOUNDARY,false,terrain standard render-plan uses 0.42 degree sample spacing,SHARED_REFERENCE
NG-SCELL-000453,NG-SPT-000453,35.98,-1.207467,35.77,36.19,-1.417467,-0.997467,0.42,NG-MGRID-03-03,NG-SOV-PART-000001,ENVIRONMENTAL_SAMPLE_RENDER_FOOTPRINT,DERIVED_REFERENCE_NOT_PHYSICAL_FEATURE_BOUNDARY,false,terrain standard render-plan uses 0.42 degree sample spacing,SHARED_REFERENCE
NG-SCELL-000454,NG-SPT-000454,36.4,-1.207467,36.19,36.61,-1.417467,-0.997467,0.42,NG-MGRID-03-03,NG-SOV-PART-000001,ENVIRONMENTAL_SAMPLE_RENDER_FOOTPRINT,DERIVED_REFERENCE_NOT_PHYSICAL_FEATURE_BOUNDARY,false,terrain standard render-plan uses 0.42 degree sample spacing,SHARED_REFERENCE
NG-SCELL-000455,NG-SPT-000455,36.82,-1.207467,36.61,37.03,-1.417467,-0.997467,0.42,NG-MGRID-03-03,NG-SOV-PART-000001,ENVIRONMENTAL_SAMPLE_RENDER_FOOTPRINT,DERIVED_REFERENCE_NOT_PHYSICAL_FEATURE_BOUNDARY,false,terrain standard render-plan uses 0.42 degree sample spacing,SHARED_REFERENCE
NG-SCELL-000456,NG-SPT-000456,37.24,-1.207467,37.03,37.45,-1.417467,-0.997467,0.42,NG-MGRID-03-03,NG-SOV-PART-000001,ENVIRONMENTAL_SAMPLE_RENDER_FOOTPRINT,DERIVED_REFERENCE_NOT_PHYSICAL_FEATURE_BOUNDARY,false,terrain standard render-plan uses 0.42 degree sample spacing,SHARED_REFERENCE
NG-SCELL-000457,NG-SPT-000457,37.66,-1.207467,37.45,37.87,-1.417467,-0.997467,0.42,NG-MGRID-03-03,NG-SOV-PART-000001,ENVIRONMENTAL_SAMPLE_RENDER_FOOTPRINT,DERIVED_REFERENCE_NOT_PHYSICAL_FEATURE_BOUNDARY,false,terrain standard render-plan uses 0.42 degree sample spacing,SHARED_REFERENCE
NG-SCELL-000458,NG-SPT-000458,38.08,-1.207467,37.87,38.29,-1.417467,-0.997467,0.42,NG-MGRID-03-03,NG-SOV-PART-000001,ENVIRONMENTAL_SAMPLE_RENDER_FOOTPRINT,DERIVED_REFERENCE_NOT_PHYSICAL_FEATURE_BOUNDARY,false,terrain standard render-plan uses 0.42 degree sample spacing,SHARED_REFERENCE
NG-SCELL-000459,NG-SPT-000459,38.5,-1.207467,38.29,38.71,-1.417467,-0.997467,0.42,NG-MGRID-03-03,NG-SOV-PART-000001,ENVIRONMENTAL_SAMPLE_RENDER_FOOTPRINT,DERIVED_REFERENCE_NOT_PHYSICAL_FEATURE_BOUNDARY,false,terrain standard render-plan uses 0.42 degree sample spacing,SHARED_REFERENCE
NG-SCELL-000460,NG-SPT-000460,38.92,-1.207467,38.71,39.13,-1.417467,-0.997467,0.42,NG-MGRID-03-03,NG-SOV-PART-000001,ENVIRONMENTAL_SAMPLE_RENDER_FOOTPRINT,DERIVED_REFERENCE_NOT_PHYSICAL_FEATURE_BOUNDARY,false,terrain standard render-plan uses 0.42 degree sample spacing,SHARED_REFERENCE
NG-SCELL-000461,NG-SPT-000461,39.34,-1.207467,39.13,39.55,-1.417467,-0.997467,0.42,NG-MGRID-03-03,NG-SOV-PART-000001,ENVIRONMENTAL_SAMPLE_RENDER_FOOTPRINT,DERIVED_REFERENCE_NOT_PHYSICAL_FEATURE_BOUNDARY,false,terrain standard render-plan uses 0.42 degree sample spacing,SHARED_REFERENCE
NG-SCELL-000462,NG-SPT-000462,39.76,-1.207467,39.55,39.97,-1.417467,-0.997467,0.42,NG-MGRID-03-03,NG-SOV-PART-000001,ENVIRONMENTAL_SAMPLE_RENDER_FOOTPRINT,DERIVED_REFERENCE_NOT_PHYSICAL_FEATURE_BOUNDARY,false,terrain standard render-plan uses 0.42 degree sample spacing,SHARED_REFERENCE
NG-SCELL-000463,NG-SPT-000463,40.18,-1.207467,39.97,40.39,-1.417467,-0.997467,0.42,NG-MGRID-03-04,NG-SOV-PART-000001,ENVIRONMENTAL_SAMPLE_RENDER_FOOTPRINT,DERIVED_REFERENCE_NOT_PHYSICAL_FEATURE_BOUNDARY,false,terrain standard render-plan uses 0.42 degree sample spacing,SHARED_REFERENCE
NG-SCELL-000464,NG-SPT-000464,40.6,-1.207467,40.39,40.81,-1.417467,-0.997467,0.42,NG-MGRID-03-04,NG-SOV-PART-000001,ENVIRONMENTAL_SAMPLE_RENDER_FOOTPRINT,DERIVED_REFERENCE_NOT_PHYSICAL_FEATURE_BOUNDARY,false,terrain standard render-plan uses 0.42 degree sample spacing,SHARED_REFERENCE
NG-SCELL-000465,NG-SPT-000465,41.02,-1.207467,40.81,41.23,-1.417467,-0.997467,0.42,NG-MGRID-03-04,NG-SOV-PART-000001,ENVIRONMENTAL_SAMPLE_RENDER_FOOTPRINT,DERIVED_REFERENCE_NOT_PHYSICAL_FEATURE_BOUNDARY,false,terrain standard render-plan uses 0.42 degree sample spacing,SHARED_REFERENCE
NG-SCELL-000466,NG-SPT-000466,41.44,-1.207467,41.23,41.65,-1.417467,-0.997467,0.42,NG-MGRID-03-04,NG-SOV-PART-000001,ENVIRONMENTAL_SAMPLE_RENDER_FOOTPRINT,DERIVED_REFERENCE_NOT_PHYSICAL_FEATURE_BOUNDARY,false,terrain standard render-plan uses 0.42 degree sample spacing,SHARED_REFERENCE
NG-SCELL-000467,NG-SPT-000467,41.86,-1.207467,41.65,42.07,-1.417467,-0.997467,0.42,NG-MGRID-03-04,NG-SOV-PART-000001,ENVIRONMENTAL_SAMPLE_RENDER_FOOTPRINT,DERIVED_REFERENCE_NOT_PHYSICAL_FEATURE_BOUNDARY,false,terrain standard render-plan uses 0.42 degree sample spacing,SHARED_REFERENCE
NG-SCELL-000468,NG-SPT-000468,42.28,-1.207467,42.07,42.49,-1.417467,-0.997467,0.42,NG-MGRID-03-04,NG-SOV-PART-000001,ENVIRONMENTAL_SAMPLE_RENDER_FOOTPRINT,DERIVED_REFERENCE_NOT_PHYSICAL_FEATURE_BOUNDARY,false,terrain standard render-plan uses 0.42 degree sample spacing,SHARED_REFERENCE
NG-SCELL-000469,NG-SPT-000469,42.7,-1.207467,42.49,42.91,-1.417467,-0.997467,0.42,NG-MGRID-03-04,NG-SOV-PART-000001,ENVIRONMENTAL_SAMPLE_RENDER_FOOTPRINT,DERIVED_REFERENCE_NOT_PHYSICAL_FEATURE_BOUNDARY,false,terrain standard render-plan uses 0.42 degree sample spacing,SHARED_REFERENCE
NG-SCELL-000470,NG-SPT-000470,43.12,-1.207467,42.91,43.33,-1.417467,-0.997467,0.42,NG-MGRID-03-04,NG-SOV-PART-000001,ENVIRONMENTAL_SAMPLE_RENDER_FOOTPRINT,DERIVED_REFERENCE_NOT_PHYSICAL_FEATURE_BOUNDARY,false,terrain standard render-plan uses 0.42 degree sample spacing,SHARED_REFERENCE
NG-SCELL-000471,NG-SPT-000471,29.26,-0.787467,29.05,29.47,-0.997467,-0.577467,0.42,NG-MGRID-03-01,NG-SOV-PART-000001,ENVIRONMENTAL_SAMPLE_RENDER_FOOTPRINT,DERIVED_REFERENCE_NOT_PHYSICAL_FEATURE_BOUNDARY,false,terrain standard render-plan uses 0.42 degree sample spacing,SHARED_REFERENCE
NG-SCELL-000472,NG-SPT-000472,29.68,-0.787467,29.47,29.89,-0.997467,-0.577467,0.42,NG-MGRID-03-01,NG-SOV-PART-000001,ENVIRONMENTAL_SAMPLE_RENDER_FOOTPRINT,DERIVED_REFERENCE_NOT_PHYSICAL_FEATURE_BOUNDARY,false,terrain standard render-plan uses 0.42 degree sample spacing,SHARED_REFERENCE
NG-SCELL-000473,NG-SPT-000473,30.1,-0.787467,29.89,30.31,-0.997467,-0.577467,0.42,NG-MGRID-03-02,NG-SOV-PART-000001,ENVIRONMENTAL_SAMPLE_RENDER_FOOTPRINT,DERIVED_REFERENCE_NOT_PHYSICAL_FEATURE_BOUNDARY,false,terrain standard render-plan uses 0.42 degree sample spacing,SHARED_REFERENCE
NG-SCELL-000474,NG-SPT-000474,30.52,-0.787467,30.31,30.73,-0.997467,-0.577467,0.42,NG-MGRID-03-02,NG-SOV-PART-000001,ENVIRONMENTAL_SAMPLE_RENDER_FOOTPRINT,DERIVED_REFERENCE_NOT_PHYSICAL_FEATURE_BOUNDARY,false,terrain standard render-plan uses 0.42 degree sample spacing,SHARED_REFERENCE
NG-SCELL-000475,NG-SPT-000475,30.94,-0.787467,30.73,31.15,-0.997467,-0.577467,0.42,NG-MGRID-03-02,NG-SOV-PART-000001,ENVIRONMENTAL_SAMPLE_RENDER_FOOTPRINT,DERIVED_REFERENCE_NOT_PHYSICAL_FEATURE_BOUNDARY,false,terrain standard render-plan uses 0.42 degree sample spacing,SHARED_REFERENCE
NG-SCELL-000476,NG-SPT-000476,31.36,-0.787467,31.15,31.57,-0.997467,-0.577467,0.42,NG-MGRID-03-02,NG-SOV-PART-000001,ENVIRONMENTAL_SAMPLE_RENDER_FOOTPRINT,DERIVED_REFERENCE_NOT_PHYSICAL_FEATURE_BOUNDARY,false,terrain standard render-plan uses 0.42 degree sample spacing,SHARED_REFERENCE
NG-SCELL-000477,NG-SPT-000477,31.78,-0.787467,31.57,31.99,-0.997467,-0.577467,0.42,NG-MGRID-03-02,NG-SOV-PART-000001,ENVIRONMENTAL_SAMPLE_RENDER_FOOTPRINT,DERIVED_REFERENCE_NOT_PHYSICAL_FEATURE_BOUNDARY,false,terrain standard render-plan uses 0.42 degree sample spacing,SHARED_REFERENCE
NG-SCELL-000478,NG-SPT-000478,32.2,-0.787467,31.99,32.41,-0.997467,-0.577467,0.42,NG-MGRID-03-02,NG-SOV-PART-000001,ENVIRONMENTAL_SAMPLE_RENDER_FOOTPRINT,DERIVED_REFERENCE_NOT_PHYSICAL_FEATURE_BOUNDARY,false,terrain standard render-plan uses 0.42 degree sample spacing,SHARED_REFERENCE
NG-SCELL-000479,NG-SPT-000479,32.62,-0.787467,32.41,32.83,-0.997467,-0.577467,0.42,NG-MGRID-03-02,NG-SOV-PART-000001,ENVIRONMENTAL_SAMPLE_RENDER_FOOTPRINT,DERIVED_REFERENCE_NOT_PHYSICAL_FEATURE_BOUNDARY,false,terrain standard render-plan uses 0.42 degree sample spacing,SHARED_REFERENCE
NG-SCELL-000480,NG-SPT-000480,33.04,-0.787467,32.83,33.25,-0.997467,-0.577467,0.42,NG-MGRID-03-02,NG-SOV-PART-000001,ENVIRONMENTAL_SAMPLE_RENDER_FOOTPRINT,DERIVED_REFERENCE_NOT_PHYSICAL_FEATURE_BOUNDARY,false,terrain standard render-plan uses 0.42 degree sample spacing,SHARED_REFERENCE
NG-SCELL-000481,NG-SPT-000481,33.46,-0.787467,33.25,33.67,-0.997467,-0.577467,0.42,NG-MGRID-03-02,NG-SOV-PART-000001,ENVIRONMENTAL_SAMPLE_RENDER_FOOTPRINT,DERIVED_REFERENCE_NOT_PHYSICAL_FEATURE_BOUNDARY,false,terrain standard render-plan uses 0.42 degree sample spacing,SHARED_REFERENCE
NG-SCELL-000482,NG-SPT-000482,33.88,-0.787467,33.67,34.09,-0.997467,-0.577467,0.42,NG-MGRID-03-02,NG-SOV-PART-000001,ENVIRONMENTAL_SAMPLE_RENDER_FOOTPRINT,DERIVED_REFERENCE_NOT_PHYSICAL_FEATURE_BOUNDARY,false,terrain standard render-plan uses 0.42 degree sample spacing,SHARED_REFERENCE
NG-SCELL-000483,NG-SPT-000483,34.3,-0.787467,34.09,34.51,-0.997467,-0.577467,0.42,NG-MGRID-03-02,NG-SOV-PART-000001,ENVIRONMENTAL_SAMPLE_RENDER_FOOTPRINT,DERIVED_REFERENCE_NOT_PHYSICAL_FEATURE_BOUNDARY,false,terrain standard render-plan uses 0.42 degree sample spacing,SHARED_REFERENCE
NG-SCELL-000484,NG-SPT-000484,34.72,-0.787467,34.51,34.93,-0.997467,-0.577467,0.42,NG-MGRID-03-02,NG-SOV-PART-000001,ENVIRONMENTAL_SAMPLE_RENDER_FOOTPRINT,DERIVED_REFERENCE_NOT_PHYSICAL_FEATURE_BOUNDARY,false,terrain standard render-plan uses 0.42 degree sample spacing,SHARED_REFERENCE
NG-SCELL-000485,NG-SPT-000485,35.14,-0.787467,34.93,35.35,-0.997467,-0.577467,0.42,NG-MGRID-03-03,NG-SOV-PART-000001,ENVIRONMENTAL_SAMPLE_RENDER_FOOTPRINT,DERIVED_REFERENCE_NOT_PHYSICAL_FEATURE_BOUNDARY,false,terrain standard render-plan uses 0.42 degree sample spacing,SHARED_REFERENCE
NG-SCELL-000486,NG-SPT-000486,35.56,-0.787467,35.35,35.77,-0.997467,-0.577467,0.42,NG-MGRID-03-03,NG-SOV-PART-000001,ENVIRONMENTAL_SAMPLE_RENDER_FOOTPRINT,DERIVED_REFERENCE_NOT_PHYSICAL_FEATURE_BOUNDARY,false,terrain standard render-plan uses 0.42 degree sample spacing,SHARED_REFERENCE
NG-SCELL-000487,NG-SPT-000487,35.98,-0.787467,35.77,36.19,-0.997467,-0.577467,0.42,NG-MGRID-03-03,NG-SOV-PART-000001,ENVIRONMENTAL_SAMPLE_RENDER_FOOTPRINT,DERIVED_REFERENCE_NOT_PHYSICAL_FEATURE_BOUNDARY,false,terrain standard render-plan uses 0.42 degree sample spacing,SHARED_REFERENCE
NG-SCELL-000488,NG-SPT-000488,36.4,-0.787467,36.19,36.61,-0.997467,-0.577467,0.42,NG-MGRID-03-03,NG-SOV-PART-000001,ENVIRONMENTAL_SAMPLE_RENDER_FOOTPRINT,DERIVED_REFERENCE_NOT_PHYSICAL_FEATURE_BOUNDARY,false,terrain standard render-plan uses 0.42 degree sample spacing,SHARED_REFERENCE
NG-SCELL-000489,NG-SPT-000489,36.82,-0.787467,36.61,37.03,-0.997467,-0.577467,0.42,NG-MGRID-03-03,NG-SOV-PART-000001,ENVIRONMENTAL_SAMPLE_RENDER_FOOTPRINT,DERIVED_REFERENCE_NOT_PHYSICAL_FEATURE_BOUNDARY,false,terrain standard render-plan uses 0.42 degree sample spacing,SHARED_REFERENCE
NG-SCELL-000490,NG-SPT-000490,37.24,-0.787467,37.03,37.45,-0.997467,-0.577467,0.42,NG-MGRID-03-03,NG-SOV-PART-000001,ENVIRONMENTAL_SAMPLE_RENDER_FOOTPRINT,DERIVED_REFERENCE_NOT_PHYSICAL_FEATURE_BOUNDARY,false,terrain standard render-plan uses 0.42 degree sample spacing,SHARED_REFERENCE
NG-SCELL-000491,NG-SPT-000491,37.66,-0.787467,37.45,37.87,-0.997467,-0.577467,0.42,NG-MGRID-03-03,NG-SOV-PART-000001,ENVIRONMENTAL_SAMPLE_RENDER_FOOTPRINT,DERIVED_REFERENCE_NOT_PHYSICAL_FEATURE_BOUNDARY,false,terrain standard render-plan uses 0.42 degree sample spacing,SHARED_REFERENCE
NG-SCELL-000492,NG-SPT-000492,38.08,-0.787467,37.87,38.29,-0.997467,-0.577467,0.42,NG-MGRID-03-03,NG-SOV-PART-000001,ENVIRONMENTAL_SAMPLE_RENDER_FOOTPRINT,DERIVED_REFERENCE_NOT_PHYSICAL_FEATURE_BOUNDARY,false,terrain standard render-plan uses 0.42 degree sample spacing,SHARED_REFERENCE
NG-SCELL-000493,NG-SPT-000493,38.5,-0.787467,38.29,38.71,-0.997467,-0.577467,0.42,NG-MGRID-03-03,NG-SOV-PART-000001,ENVIRONMENTAL_SAMPLE_RENDER_FOOTPRINT,DERIVED_REFERENCE_NOT_PHYSICAL_FEATURE_BOUNDARY,false,terrain standard render-plan uses 0.42 degree sample spacing,SHARED_REFERENCE
NG-SCELL-000494,NG-SPT-000494,38.92,-0.787467,38.71,39.13,-0.997467,-0.577467,0.42,NG-MGRID-03-03,NG-SOV-PART-000001,ENVIRONMENTAL_SAMPLE_RENDER_FOOTPRINT,DERIVED_REFERENCE_NOT_PHYSICAL_FEATURE_BOUNDARY,false,terrain standard render-plan uses 0.42 degree sample spacing,SHARED_REFERENCE
NG-SCELL-000495,NG-SPT-000495,39.34,-0.787467,39.13,39.55,-0.997467,-0.577467,0.42,NG-MGRID-03-03,NG-SOV-PART-000001,ENVIRONMENTAL_SAMPLE_RENDER_FOOTPRINT,DERIVED_REFERENCE_NOT_PHYSICAL_FEATURE_BOUNDARY,false,terrain standard render-plan uses 0.42 degree sample spacing,SHARED_REFERENCE
NG-SCELL-000496,NG-SPT-000496,39.76,-0.787467,39.55,39.97,-0.997467,-0.577467,0.42,NG-MGRID-03-03,NG-SOV-PART-000001,ENVIRONMENTAL_SAMPLE_RENDER_FOOTPRINT,DERIVED_REFERENCE_NOT_PHYSICAL_FEATURE_BOUNDARY,false,terrain standard render-plan uses 0.42 degree sample spacing,SHARED_REFERENCE
NG-SCELL-000497,NG-SPT-000497,40.18,-0.787467,39.97,40.39,-0.997467,-0.577467,0.42,NG-MGRID-03-04,NG-SOV-PART-000001,ENVIRONMENTAL_SAMPLE_RENDER_FOOTPRINT,DERIVED_REFERENCE_NOT_PHYSICAL_FEATURE_BOUNDARY,false,terrain standard render-plan uses 0.42 degree sample spacing,SHARED_REFERENCE
NG-SCELL-000498,NG-SPT-000498,40.6,-0.787467,40.39,40.81,-0.997467,-0.577467,0.42,NG-MGRID-03-04,NG-SOV-PART-000001,ENVIRONMENTAL_SAMPLE_RENDER_FOOTPRINT,DERIVED_REFERENCE_NOT_PHYSICAL_FEATURE_BOUNDARY,false,terrain standard render-plan uses 0.42 degree sample spacing,SHARED_REFERENCE
NG-SCELL-000499,NG-SPT-000499,41.02,-0.787467,40.81,41.23,-0.997467,-0.577467,0.42,NG-MGRID-03-04,NG-SOV-PART-000001,ENVIRONMENTAL_SAMPLE_RENDER_FOOTPRINT,DERIVED_REFERENCE_NOT_PHYSICAL_FEATURE_BOUNDARY,false,terrain standard render-plan uses 0.42 degree sample spacing,SHARED_REFERENCE
NG-SCELL-000500,NG-SPT-000500,41.44,-0.787467,41.23,41.65,-0.997467,-0.577467,0.42,NG-MGRID-03-04,NG-SOV-PART-000001,ENVIRONMENTAL_SAMPLE_RENDER_FOOTPRINT,DERIVED_REFERENCE_NOT_PHYSICAL_FEATURE_BOUNDARY,false,terrain standard render-plan uses 0.42 degree sample spacing,SHARED_REFERENCE
NG-SCELL-000501,NG-SPT-000501,41.86,-0.787467,41.65,42.07,-0.997467,-0.577467,0.42,NG-MGRID-03-04,NG-SOV-PART-000001,ENVIRONMENTAL_SAMPLE_RENDER_FOOTPRINT,DERIVED_REFERENCE_NOT_PHYSICAL_FEATURE_BOUNDARY,false,terrain standard render-plan uses 0.42 degree sample spacing,SHARED_REFERENCE
NG-SCELL-000502,NG-SPT-000502,42.28,-0.787467,42.07,42.49,-0.997467,-0.577467,0.42,NG-MGRID-03-04,NG-SOV-PART-000001,ENVIRONMENTAL_SAMPLE_RENDER_FOOTPRINT,DERIVED_REFERENCE_NOT_PHYSICAL_FEATURE_BOUNDARY,false,terrain standard render-plan uses 0.42 degree sample spacing,SHARED_REFERENCE
NG-SCELL-000503,NG-SPT-000503,42.7,-0.787467,42.49,42.91,-0.997467,-0.577467,0.42,NG-MGRID-03-04,NG-SOV-PART-000001,ENVIRONMENTAL_SAMPLE_RENDER_FOOTPRINT,DERIVED_REFERENCE_NOT_PHYSICAL_FEATURE_BOUNDARY,false,terrain standard render-plan uses 0.42 degree sample spacing,SHARED_REFERENCE
NG-SCELL-000504,NG-SPT-000504,43.12,-0.787467,42.91,43.33,-0.997467,-0.577467,0.42,NG-MGRID-03-04,NG-SOV-PART-000001,ENVIRONMENTAL_SAMPLE_RENDER_FOOTPRINT,DERIVED_REFERENCE_NOT_PHYSICAL_FEATURE_BOUNDARY,false,terrain standard render-plan uses 0.42 degree sample spacing,SHARED_REFERENCE
NG-SCELL-000505,NG-SPT-000505,43.54,-0.787467,43.33,43.75,-0.997467,-0.577467,0.42,NG-MGRID-03-04,NG-SOV-PART-000001,ENVIRONMENTAL_SAMPLE_RENDER_FOOTPRINT,DERIVED_REFERENCE_NOT_PHYSICAL_FEATURE_BOUNDARY,false,terrain standard render-plan uses 0.42 degree sample spacing,SHARED_REFERENCE
NG-SCELL-000506,NG-SPT-000506,29.26,-0.367467,29.05,29.47,-0.577467,-0.157467,0.42,NG-MGRID-03-01,NG-SOV-PART-000001,ENVIRONMENTAL_SAMPLE_RENDER_FOOTPRINT,DERIVED_REFERENCE_NOT_PHYSICAL_FEATURE_BOUNDARY,false,terrain standard render-plan uses 0.42 degree sample spacing,SHARED_REFERENCE
NG-SCELL-000507,NG-SPT-000507,29.68,-0.367467,29.47,29.89,-0.577467,-0.157467,0.42,NG-MGRID-03-01,NG-SOV-PART-000001,ENVIRONMENTAL_SAMPLE_RENDER_FOOTPRINT,DERIVED_REFERENCE_NOT_PHYSICAL_FEATURE_BOUNDARY,false,terrain standard render-plan uses 0.42 degree sample spacing,SHARED_REFERENCE
NG-SCELL-000508,NG-SPT-000508,30.1,-0.367467,29.89,30.31,-0.577467,-0.157467,0.42,NG-MGRID-03-02,NG-SOV-PART-000001,ENVIRONMENTAL_SAMPLE_RENDER_FOOTPRINT,DERIVED_REFERENCE_NOT_PHYSICAL_FEATURE_BOUNDARY,false,terrain standard render-plan uses 0.42 degree sample spacing,SHARED_REFERENCE
NG-SCELL-000509,NG-SPT-000509,30.52,-0.367467,30.31,30.73,-0.577467,-0.157467,0.42,NG-MGRID-03-02,NG-SOV-PART-000001,ENVIRONMENTAL_SAMPLE_RENDER_FOOTPRINT,DERIVED_REFERENCE_NOT_PHYSICAL_FEATURE_BOUNDARY,false,terrain standard render-plan uses 0.42 degree sample spacing,SHARED_REFERENCE
NG-SCELL-000510,NG-SPT-000510,30.94,-0.367467,30.73,31.15,-0.577467,-0.157467,0.42,NG-MGRID-03-02,NG-SOV-PART-000001,ENVIRONMENTAL_SAMPLE_RENDER_FOOTPRINT,DERIVED_REFERENCE_NOT_PHYSICAL_FEATURE_BOUNDARY,false,terrain standard render-plan uses 0.42 degree sample spacing,SHARED_REFERENCE
NG-SCELL-000511,NG-SPT-000511,31.36,-0.367467,31.15,31.57,-0.577467,-0.157467,0.42,NG-MGRID-03-02,NG-SOV-PART-000001,ENVIRONMENTAL_SAMPLE_RENDER_FOOTPRINT,DERIVED_REFERENCE_NOT_PHYSICAL_FEATURE_BOUNDARY,false,terrain standard render-plan uses 0.42 degree sample spacing,SHARED_REFERENCE
NG-SCELL-000512,NG-SPT-000512,31.78,-0.367467,31.57,31.99,-0.577467,-0.157467,0.42,NG-MGRID-03-02,NG-SOV-PART-000001,ENVIRONMENTAL_SAMPLE_RENDER_FOOTPRINT,DERIVED_REFERENCE_NOT_PHYSICAL_FEATURE_BOUNDARY,false,terrain standard render-plan uses 0.42 degree sample spacing,SHARED_REFERENCE
NG-SCELL-000513,NG-SPT-000513,32.2,-0.367467,31.99,32.41,-0.577467,-0.157467,0.42,NG-MGRID-03-02,NG-SOV-PART-000001,ENVIRONMENTAL_SAMPLE_RENDER_FOOTPRINT,DERIVED_REFERENCE_NOT_PHYSICAL_FEATURE_BOUNDARY,false,terrain standard render-plan uses 0.42 degree sample spacing,SHARED_REFERENCE
NG-SCELL-000514,NG-SPT-000514,32.62,-0.367467,32.41,32.83,-0.577467,-0.157467,0.42,NG-MGRID-03-02,NG-SOV-PART-000001,ENVIRONMENTAL_SAMPLE_RENDER_FOOTPRINT,DERIVED_REFERENCE_NOT_PHYSICAL_FEATURE_BOUNDARY,false,terrain standard render-plan uses 0.42 degree sample spacing,SHARED_REFERENCE
NG-SCELL-000515,NG-SPT-000515,33.04,-0.367467,32.83,33.25,-0.577467,-0.157467,0.42,NG-MGRID-03-02,NG-SOV-PART-000001,ENVIRONMENTAL_SAMPLE_RENDER_FOOTPRINT,DERIVED_REFERENCE_NOT_PHYSICAL_FEATURE_BOUNDARY,false,terrain standard render-plan uses 0.42 degree sample spacing,SHARED_REFERENCE
NG-SCELL-000516,NG-SPT-000516,33.46,-0.367467,33.25,33.67,-0.577467,-0.157467,0.42,NG-MGRID-03-02,NG-SOV-PART-000001,ENVIRONMENTAL_SAMPLE_RENDER_FOOTPRINT,DERIVED_REFERENCE_NOT_PHYSICAL_FEATURE_BOUNDARY,false,terrain standard render-plan uses 0.42 degree sample spacing,SHARED_REFERENCE
NG-SCELL-000517,NG-SPT-000517,33.88,-0.367467,33.67,34.09,-0.577467,-0.157467,0.42,NG-MGRID-03-02,NG-SOV-PART-000001,ENVIRONMENTAL_SAMPLE_RENDER_FOOTPRINT,DERIVED_REFERENCE_NOT_PHYSICAL_FEATURE_BOUNDARY,false,terrain standard render-plan uses 0.42 degree sample spacing,SHARED_REFERENCE
NG-SCELL-000518,NG-SPT-000518,34.3,-0.367467,34.09,34.51,-0.577467,-0.157467,0.42,NG-MGRID-03-02,NG-SOV-PART-000001,ENVIRONMENTAL_SAMPLE_RENDER_FOOTPRINT,DERIVED_REFERENCE_NOT_PHYSICAL_FEATURE_BOUNDARY,false,terrain standard render-plan uses 0.42 degree sample spacing,SHARED_REFERENCE
NG-SCELL-000519,NG-SPT-000519,34.72,-0.367467,34.51,34.93,-0.577467,-0.157467,0.42,NG-MGRID-03-02,NG-SOV-PART-000001,ENVIRONMENTAL_SAMPLE_RENDER_FOOTPRINT,DERIVED_REFERENCE_NOT_PHYSICAL_FEATURE_BOUNDARY,false,terrain standard render-plan uses 0.42 degree sample spacing,SHARED_REFERENCE
NG-SCELL-000520,NG-SPT-000520,35.14,-0.367467,34.93,35.35,-0.577467,-0.157467,0.42,NG-MGRID-03-03,NG-SOV-PART-000001,ENVIRONMENTAL_SAMPLE_RENDER_FOOTPRINT,DERIVED_REFERENCE_NOT_PHYSICAL_FEATURE_BOUNDARY,false,terrain standard render-plan uses 0.42 degree sample spacing,SHARED_REFERENCE
NG-SCELL-000521,NG-SPT-000521,35.56,-0.367467,35.35,35.77,-0.577467,-0.157467,0.42,NG-MGRID-03-03,NG-SOV-PART-000001,ENVIRONMENTAL_SAMPLE_RENDER_FOOTPRINT,DERIVED_REFERENCE_NOT_PHYSICAL_FEATURE_BOUNDARY,false,terrain standard render-plan uses 0.42 degree sample spacing,SHARED_REFERENCE
NG-SCELL-000522,NG-SPT-000522,35.98,-0.367467,35.77,36.19,-0.577467,-0.157467,0.42,NG-MGRID-03-03,NG-SOV-PART-000001,ENVIRONMENTAL_SAMPLE_RENDER_FOOTPRINT,DERIVED_REFERENCE_NOT_PHYSICAL_FEATURE_BOUNDARY,false,terrain standard render-plan uses 0.42 degree sample spacing,SHARED_REFERENCE
NG-SCELL-000523,NG-SPT-000523,36.4,-0.367467,36.19,36.61,-0.577467,-0.157467,0.42,NG-MGRID-03-03,NG-SOV-PART-000001,ENVIRONMENTAL_SAMPLE_RENDER_FOOTPRINT,DERIVED_REFERENCE_NOT_PHYSICAL_FEATURE_BOUNDARY,false,terrain standard render-plan uses 0.42 degree sample spacing,SHARED_REFERENCE
NG-SCELL-000524,NG-SPT-000524,36.82,-0.367467,36.61,37.03,-0.577467,-0.157467,0.42,NG-MGRID-03-03,NG-SOV-PART-000001,ENVIRONMENTAL_SAMPLE_RENDER_FOOTPRINT,DERIVED_REFERENCE_NOT_PHYSICAL_FEATURE_BOUNDARY,false,terrain standard render-plan uses 0.42 degree sample spacing,SHARED_REFERENCE
NG-SCELL-000525,NG-SPT-000525,37.24,-0.367467,37.03,37.45,-0.577467,-0.157467,0.42,NG-MGRID-03-03,NG-SOV-PART-000001,ENVIRONMENTAL_SAMPLE_RENDER_FOOTPRINT,DERIVED_REFERENCE_NOT_PHYSICAL_FEATURE_BOUNDARY,false,terrain standard render-plan uses 0.42 degree sample spacing,SHARED_REFERENCE
NG-SCELL-000526,NG-SPT-000526,37.66,-0.367467,37.45,37.87,-0.577467,-0.157467,0.42,NG-MGRID-03-03,NG-SOV-PART-000001,ENVIRONMENTAL_SAMPLE_RENDER_FOOTPRINT,DERIVED_REFERENCE_NOT_PHYSICAL_FEATURE_BOUNDARY,false,terrain standard render-plan uses 0.42 degree sample spacing,SHARED_REFERENCE
NG-SCELL-000527,NG-SPT-000527,38.08,-0.367467,37.87,38.29,-0.577467,-0.157467,0.42,NG-MGRID-03-03,NG-SOV-PART-000001,ENVIRONMENTAL_SAMPLE_RENDER_FOOTPRINT,DERIVED_REFERENCE_NOT_PHYSICAL_FEATURE_BOUNDARY,false,terrain standard render-plan uses 0.42 degree sample spacing,SHARED_REFERENCE
NG-SCELL-000528,NG-SPT-000528,38.5,-0.367467,38.29,38.71,-0.577467,-0.157467,0.42,NG-MGRID-03-03,NG-SOV-PART-000001,ENVIRONMENTAL_SAMPLE_RENDER_FOOTPRINT,DERIVED_REFERENCE_NOT_PHYSICAL_FEATURE_BOUNDARY,false,terrain standard render-plan uses 0.42 degree sample spacing,SHARED_REFERENCE
NG-SCELL-000529,NG-SPT-000529,38.92,-0.367467,38.71,39.13,-0.577467,-0.157467,0.42,NG-MGRID-03-03,NG-SOV-PART-000001,ENVIRONMENTAL_SAMPLE_RENDER_FOOTPRINT,DERIVED_REFERENCE_NOT_PHYSICAL_FEATURE_BOUNDARY,false,terrain standard render-plan uses 0.42 degree sample spacing,SHARED_REFERENCE
NG-SCELL-000530,NG-SPT-000530,39.34,-0.367467,39.13,39.55,-0.577467,-0.157467,0.42,NG-MGRID-03-03,NG-SOV-PART-000001,ENVIRONMENTAL_SAMPLE_RENDER_FOOTPRINT,DERIVED_REFERENCE_NOT_PHYSICAL_FEATURE_BOUNDARY,false,terrain standard render-plan uses 0.42 degree sample spacing,SHARED_REFERENCE
NG-SCELL-000531,NG-SPT-000531,39.76,-0.367467,39.55,39.97,-0.577467,-0.157467,0.42,NG-MGRID-03-03,NG-SOV-PART-000001,ENVIRONMENTAL_SAMPLE_RENDER_FOOTPRINT,DERIVED_REFERENCE_NOT_PHYSICAL_FEATURE_BOUNDARY,false,terrain standard render-plan uses 0.42 degree sample spacing,SHARED_REFERENCE
NG-SCELL-000532,NG-SPT-000532,40.18,-0.367467,39.97,40.39,-0.577467,-0.157467,0.42,NG-MGRID-03-04,NG-SOV-PART-000001,ENVIRONMENTAL_SAMPLE_RENDER_FOOTPRINT,DERIVED_REFERENCE_NOT_PHYSICAL_FEATURE_BOUNDARY,false,terrain standard render-plan uses 0.42 degree sample spacing,SHARED_REFERENCE
NG-SCELL-000533,NG-SPT-000533,40.6,-0.367467,40.39,40.81,-0.577467,-0.157467,0.42,NG-MGRID-03-04,NG-SOV-PART-000001,ENVIRONMENTAL_SAMPLE_RENDER_FOOTPRINT,DERIVED_REFERENCE_NOT_PHYSICAL_FEATURE_BOUNDARY,false,terrain standard render-plan uses 0.42 degree sample spacing,SHARED_REFERENCE
NG-SCELL-000534,NG-SPT-000534,41.02,-0.367467,40.81,41.23,-0.577467,-0.157467,0.42,NG-MGRID-03-04,NG-SOV-PART-000001,ENVIRONMENTAL_SAMPLE_RENDER_FOOTPRINT,DERIVED_REFERENCE_NOT_PHYSICAL_FEATURE_BOUNDARY,false,terrain standard render-plan uses 0.42 degree sample spacing,SHARED_REFERENCE
NG-SCELL-000535,NG-SPT-000535,41.44,-0.367467,41.23,41.65,-0.577467,-0.157467,0.42,NG-MGRID-03-04,NG-SOV-PART-000001,ENVIRONMENTAL_SAMPLE_RENDER_FOOTPRINT,DERIVED_REFERENCE_NOT_PHYSICAL_FEATURE_BOUNDARY,false,terrain standard render-plan uses 0.42 degree sample spacing,SHARED_REFERENCE
NG-SCELL-000536,NG-SPT-000536,41.86,-0.367467,41.65,42.07,-0.577467,-0.157467,0.42,NG-MGRID-03-04,NG-SOV-PART-000001,ENVIRONMENTAL_SAMPLE_RENDER_FOOTPRINT,DERIVED_REFERENCE_NOT_PHYSICAL_FEATURE_BOUNDARY,false,terrain standard render-plan uses 0.42 degree sample spacing,SHARED_REFERENCE
NG-SCELL-000537,NG-SPT-000537,42.28,-0.367467,42.07,42.49,-0.577467,-0.157467,0.42,NG-MGRID-03-04,NG-SOV-PART-000001,ENVIRONMENTAL_SAMPLE_RENDER_FOOTPRINT,DERIVED_REFERENCE_NOT_PHYSICAL_FEATURE_BOUNDARY,false,terrain standard render-plan uses 0.42 degree sample spacing,SHARED_REFERENCE
NG-SCELL-000538,NG-SPT-000538,42.7,-0.367467,42.49,42.91,-0.577467,-0.157467,0.42,NG-MGRID-03-04,NG-SOV-PART-000001,ENVIRONMENTAL_SAMPLE_RENDER_FOOTPRINT,DERIVED_REFERENCE_NOT_PHYSICAL_FEATURE_BOUNDARY,false,terrain standard render-plan uses 0.42 degree sample spacing,SHARED_REFERENCE
NG-SCELL-000539,NG-SPT-000539,43.12,-0.367467,42.91,43.33,-0.577467,-0.157467,0.42,NG-MGRID-03-04,NG-SOV-PART-000001,ENVIRONMENTAL_SAMPLE_RENDER_FOOTPRINT,DERIVED_REFERENCE_NOT_PHYSICAL_FEATURE_BOUNDARY,false,terrain standard render-plan uses 0.42 degree sample spacing,SHARED_REFERENCE
NG-SCELL-000540,NG-SPT-000540,43.54,-0.367467,43.33,43.75,-0.577467,-0.157467,0.42,NG-MGRID-03-04,NG-SOV-PART-000001,ENVIRONMENTAL_SAMPLE_RENDER_FOOTPRINT,DERIVED_REFERENCE_NOT_PHYSICAL_FEATURE_BOUNDARY,false,terrain standard render-plan uses 0.42 degree sample spacing,SHARED_REFERENCE
NG-SCELL-000541,NG-SPT-000541,29.26,0.052533,29.05,29.47,-0.157467,0.262533,0.42,NG-MGRID-02-01,NG-SOV-PART-000001,ENVIRONMENTAL_SAMPLE_RENDER_FOOTPRINT,DERIVED_REFERENCE_NOT_PHYSICAL_FEATURE_BOUNDARY,false,terrain standard render-plan uses 0.42 degree sample spacing,SHARED_REFERENCE
NG-SCELL-000542,NG-SPT-000542,29.68,0.052533,29.47,29.89,-0.157467,0.262533,0.42,NG-MGRID-02-01,NG-SOV-PART-000001,ENVIRONMENTAL_SAMPLE_RENDER_FOOTPRINT,DERIVED_REFERENCE_NOT_PHYSICAL_FEATURE_BOUNDARY,false,terrain standard render-plan uses 0.42 degree sample spacing,SHARED_REFERENCE
NG-SCELL-000543,NG-SPT-000543,30.1,0.052533,29.89,30.31,-0.157467,0.262533,0.42,NG-MGRID-02-02,NG-SOV-PART-000001,ENVIRONMENTAL_SAMPLE_RENDER_FOOTPRINT,DERIVED_REFERENCE_NOT_PHYSICAL_FEATURE_BOUNDARY,false,terrain standard render-plan uses 0.42 degree sample spacing,SHARED_REFERENCE
NG-SCELL-000544,NG-SPT-000544,30.52,0.052533,30.31,30.73,-0.157467,0.262533,0.42,NG-MGRID-02-02,NG-SOV-PART-000001,ENVIRONMENTAL_SAMPLE_RENDER_FOOTPRINT,DERIVED_REFERENCE_NOT_PHYSICAL_FEATURE_BOUNDARY,false,terrain standard render-plan uses 0.42 degree sample spacing,SHARED_REFERENCE
NG-SCELL-000545,NG-SPT-000545,30.94,0.052533,30.73,31.15,-0.157467,0.262533,0.42,NG-MGRID-02-02,NG-SOV-PART-000001,ENVIRONMENTAL_SAMPLE_RENDER_FOOTPRINT,DERIVED_REFERENCE_NOT_PHYSICAL_FEATURE_BOUNDARY,false,terrain standard render-plan uses 0.42 degree sample spacing,SHARED_REFERENCE
NG-SCELL-000546,NG-SPT-000546,31.36,0.052533,31.15,31.57,-0.157467,0.262533,0.42,NG-MGRID-02-02,NG-SOV-PART-000001,ENVIRONMENTAL_SAMPLE_RENDER_FOOTPRINT,DERIVED_REFERENCE_NOT_PHYSICAL_FEATURE_BOUNDARY,false,terrain standard render-plan uses 0.42 degree sample spacing,SHARED_REFERENCE
NG-SCELL-000547,NG-SPT-000547,31.78,0.052533,31.57,31.99,-0.157467,0.262533,0.42,NG-MGRID-02-02,NG-SOV-PART-000001,ENVIRONMENTAL_SAMPLE_RENDER_FOOTPRINT,DERIVED_REFERENCE_NOT_PHYSICAL_FEATURE_BOUNDARY,false,terrain standard render-plan uses 0.42 degree sample spacing,SHARED_REFERENCE
NG-SCELL-000548,NG-SPT-000548,32.2,0.052533,31.99,32.41,-0.157467,0.262533,0.42,NG-MGRID-02-02,NG-SOV-PART-000001,ENVIRONMENTAL_SAMPLE_RENDER_FOOTPRINT,DERIVED_REFERENCE_NOT_PHYSICAL_FEATURE_BOUNDARY,false,terrain standard render-plan uses 0.42 degree sample spacing,SHARED_REFERENCE
NG-SCELL-000549,NG-SPT-000549,32.62,0.052533,32.41,32.83,-0.157467,0.262533,0.42,NG-MGRID-02-02,NG-SOV-PART-000001,ENVIRONMENTAL_SAMPLE_RENDER_FOOTPRINT,DERIVED_REFERENCE_NOT_PHYSICAL_FEATURE_BOUNDARY,false,terrain standard render-plan uses 0.42 degree sample spacing,SHARED_REFERENCE
NG-SCELL-000550,NG-SPT-000550,33.04,0.052533,32.83,33.25,-0.157467,0.262533,0.42,NG-MGRID-02-02,NG-SOV-PART-000001,ENVIRONMENTAL_SAMPLE_RENDER_FOOTPRINT,DERIVED_REFERENCE_NOT_PHYSICAL_FEATURE_BOUNDARY,false,terrain standard render-plan uses 0.42 degree sample spacing,SHARED_REFERENCE
NG-SCELL-000551,NG-SPT-000551,33.46,0.052533,33.25,33.67,-0.157467,0.262533,0.42,NG-MGRID-02-02,NG-SOV-PART-000001,ENVIRONMENTAL_SAMPLE_RENDER_FOOTPRINT,DERIVED_REFERENCE_NOT_PHYSICAL_FEATURE_BOUNDARY,false,terrain standard render-plan uses 0.42 degree sample spacing,SHARED_REFERENCE
NG-SCELL-000552,NG-SPT-000552,33.88,0.052533,33.67,34.09,-0.157467,0.262533,0.42,NG-MGRID-02-02,NG-SOV-PART-000001,ENVIRONMENTAL_SAMPLE_RENDER_FOOTPRINT,DERIVED_REFERENCE_NOT_PHYSICAL_FEATURE_BOUNDARY,false,terrain standard render-plan uses 0.42 degree sample spacing,SHARED_REFERENCE
NG-SCELL-000553,NG-SPT-000553,34.3,0.052533,34.09,34.51,-0.157467,0.262533,0.42,NG-MGRID-02-02,NG-SOV-PART-000001,ENVIRONMENTAL_SAMPLE_RENDER_FOOTPRINT,DERIVED_REFERENCE_NOT_PHYSICAL_FEATURE_BOUNDARY,false,terrain standard render-plan uses 0.42 degree sample spacing,SHARED_REFERENCE
NG-SCELL-000554,NG-SPT-000554,34.72,0.052533,34.51,34.93,-0.157467,0.262533,0.42,NG-MGRID-02-02,NG-SOV-PART-000001,ENVIRONMENTAL_SAMPLE_RENDER_FOOTPRINT,DERIVED_REFERENCE_NOT_PHYSICAL_FEATURE_BOUNDARY,false,terrain standard render-plan uses 0.42 degree sample spacing,SHARED_REFERENCE
NG-SCELL-000555,NG-SPT-000555,35.14,0.052533,34.93,35.35,-0.157467,0.262533,0.42,NG-MGRID-02-03,NG-SOV-PART-000001,ENVIRONMENTAL_SAMPLE_RENDER_FOOTPRINT,DERIVED_REFERENCE_NOT_PHYSICAL_FEATURE_BOUNDARY,false,terrain standard render-plan uses 0.42 degree sample spacing,SHARED_REFERENCE
NG-SCELL-000556,NG-SPT-000556,35.56,0.052533,35.35,35.77,-0.157467,0.262533,0.42,NG-MGRID-02-03,NG-SOV-PART-000001,ENVIRONMENTAL_SAMPLE_RENDER_FOOTPRINT,DERIVED_REFERENCE_NOT_PHYSICAL_FEATURE_BOUNDARY,false,terrain standard render-plan uses 0.42 degree sample spacing,SHARED_REFERENCE
NG-SCELL-000557,NG-SPT-000557,35.98,0.052533,35.77,36.19,-0.157467,0.262533,0.42,NG-MGRID-02-03,NG-SOV-PART-000001,ENVIRONMENTAL_SAMPLE_RENDER_FOOTPRINT,DERIVED_REFERENCE_NOT_PHYSICAL_FEATURE_BOUNDARY,false,terrain standard render-plan uses 0.42 degree sample spacing,SHARED_REFERENCE
NG-SCELL-000558,NG-SPT-000558,36.4,0.052533,36.19,36.61,-0.157467,0.262533,0.42,NG-MGRID-02-03,NG-SOV-PART-000001,ENVIRONMENTAL_SAMPLE_RENDER_FOOTPRINT,DERIVED_REFERENCE_NOT_PHYSICAL_FEATURE_BOUNDARY,false,terrain standard render-plan uses 0.42 degree sample spacing,SHARED_REFERENCE
NG-SCELL-000559,NG-SPT-000559,36.82,0.052533,36.61,37.03,-0.157467,0.262533,0.42,NG-MGRID-02-03,NG-SOV-PART-000001,ENVIRONMENTAL_SAMPLE_RENDER_FOOTPRINT,DERIVED_REFERENCE_NOT_PHYSICAL_FEATURE_BOUNDARY,false,terrain standard render-plan uses 0.42 degree sample spacing,SHARED_REFERENCE
NG-SCELL-000560,NG-SPT-000560,37.24,0.052533,37.03,37.45,-0.157467,0.262533,0.42,NG-MGRID-02-03,NG-SOV-PART-000001,ENVIRONMENTAL_SAMPLE_RENDER_FOOTPRINT,DERIVED_REFERENCE_NOT_PHYSICAL_FEATURE_BOUNDARY,false,terrain standard render-plan uses 0.42 degree sample spacing,SHARED_REFERENCE
NG-SCELL-000561,NG-SPT-000561,37.66,0.052533,37.45,37.87,-0.157467,0.262533,0.42,NG-MGRID-02-03,NG-SOV-PART-000001,ENVIRONMENTAL_SAMPLE_RENDER_FOOTPRINT,DERIVED_REFERENCE_NOT_PHYSICAL_FEATURE_BOUNDARY,false,terrain standard render-plan uses 0.42 degree sample spacing,SHARED_REFERENCE
NG-SCELL-000562,NG-SPT-000562,38.08,0.052533,37.87,38.29,-0.157467,0.262533,0.42,NG-MGRID-02-03,NG-SOV-PART-000001,ENVIRONMENTAL_SAMPLE_RENDER_FOOTPRINT,DERIVED_REFERENCE_NOT_PHYSICAL_FEATURE_BOUNDARY,false,terrain standard render-plan uses 0.42 degree sample spacing,SHARED_REFERENCE
NG-SCELL-000563,NG-SPT-000563,38.5,0.052533,38.29,38.71,-0.157467,0.262533,0.42,NG-MGRID-02-03,NG-SOV-PART-000001,ENVIRONMENTAL_SAMPLE_RENDER_FOOTPRINT,DERIVED_REFERENCE_NOT_PHYSICAL_FEATURE_BOUNDARY,false,terrain standard render-plan uses 0.42 degree sample spacing,SHARED_REFERENCE
NG-SCELL-000564,NG-SPT-000564,38.92,0.052533,38.71,39.13,-0.157467,0.262533,0.42,NG-MGRID-02-03,NG-SOV-PART-000001,ENVIRONMENTAL_SAMPLE_RENDER_FOOTPRINT,DERIVED_REFERENCE_NOT_PHYSICAL_FEATURE_BOUNDARY,false,terrain standard render-plan uses 0.42 degree sample spacing,SHARED_REFERENCE
NG-SCELL-000565,NG-SPT-000565,39.34,0.052533,39.13,39.55,-0.157467,0.262533,0.42,NG-MGRID-02-03,NG-SOV-PART-000001,ENVIRONMENTAL_SAMPLE_RENDER_FOOTPRINT,DERIVED_REFERENCE_NOT_PHYSICAL_FEATURE_BOUNDARY,false,terrain standard render-plan uses 0.42 degree sample spacing,SHARED_REFERENCE
NG-SCELL-000566,NG-SPT-000566,39.76,0.052533,39.55,39.97,-0.157467,0.262533,0.42,NG-MGRID-02-03,NG-SOV-PART-000001,ENVIRONMENTAL_SAMPLE_RENDER_FOOTPRINT,DERIVED_REFERENCE_NOT_PHYSICAL_FEATURE_BOUNDARY,false,terrain standard render-plan uses 0.42 degree sample spacing,SHARED_REFERENCE
NG-SCELL-000567,NG-SPT-000567,40.18,0.052533,39.97,40.39,-0.157467,0.262533,0.42,NG-MGRID-02-04,NG-SOV-PART-000001,ENVIRONMENTAL_SAMPLE_RENDER_FOOTPRINT,DERIVED_REFERENCE_NOT_PHYSICAL_FEATURE_BOUNDARY,false,terrain standard render-plan uses 0.42 degree sample spacing,SHARED_REFERENCE
NG-SCELL-000568,NG-SPT-000568,40.6,0.052533,40.39,40.81,-0.157467,0.262533,0.42,NG-MGRID-02-04,NG-SOV-PART-000001,ENVIRONMENTAL_SAMPLE_RENDER_FOOTPRINT,DERIVED_REFERENCE_NOT_PHYSICAL_FEATURE_BOUNDARY,false,terrain standard render-plan uses 0.42 degree sample spacing,SHARED_REFERENCE
NG-SCELL-000569,NG-SPT-000569,41.02,0.052533,40.81,41.23,-0.157467,0.262533,0.42,NG-MGRID-02-04,NG-SOV-PART-000001,ENVIRONMENTAL_SAMPLE_RENDER_FOOTPRINT,DERIVED_REFERENCE_NOT_PHYSICAL_FEATURE_BOUNDARY,false,terrain standard render-plan uses 0.42 degree sample spacing,SHARED_REFERENCE
NG-SCELL-000570,NG-SPT-000570,41.44,0.052533,41.23,41.65,-0.157467,0.262533,0.42,NG-MGRID-02-04,NG-SOV-PART-000001,ENVIRONMENTAL_SAMPLE_RENDER_FOOTPRINT,DERIVED_REFERENCE_NOT_PHYSICAL_FEATURE_BOUNDARY,false,terrain standard render-plan uses 0.42 degree sample spacing,SHARED_REFERENCE
NG-SCELL-000571,NG-SPT-000571,41.86,0.052533,41.65,42.07,-0.157467,0.262533,0.42,NG-MGRID-02-04,NG-SOV-PART-000001,ENVIRONMENTAL_SAMPLE_RENDER_FOOTPRINT,DERIVED_REFERENCE_NOT_PHYSICAL_FEATURE_BOUNDARY,false,terrain standard render-plan uses 0.42 degree sample spacing,SHARED_REFERENCE
NG-SCELL-000572,NG-SPT-000572,42.28,0.052533,42.07,42.49,-0.157467,0.262533,0.42,NG-MGRID-02-04,NG-SOV-PART-000001,ENVIRONMENTAL_SAMPLE_RENDER_FOOTPRINT,DERIVED_REFERENCE_NOT_PHYSICAL_FEATURE_BOUNDARY,false,terrain standard render-plan uses 0.42 degree sample spacing,SHARED_REFERENCE
NG-SCELL-000573,NG-SPT-000573,42.7,0.052533,42.49,42.91,-0.157467,0.262533,0.42,NG-MGRID-02-04,NG-SOV-PART-000001,ENVIRONMENTAL_SAMPLE_RENDER_FOOTPRINT,DERIVED_REFERENCE_NOT_PHYSICAL_FEATURE_BOUNDARY,false,terrain standard render-plan uses 0.42 degree sample spacing,SHARED_REFERENCE
NG-SCELL-000574,NG-SPT-000574,43.12,0.052533,42.91,43.33,-0.157467,0.262533,0.42,NG-MGRID-02-04,NG-SOV-PART-000001,ENVIRONMENTAL_SAMPLE_RENDER_FOOTPRINT,DERIVED_REFERENCE_NOT_PHYSICAL_FEATURE_BOUNDARY,false,terrain standard render-plan uses 0.42 degree sample spacing,SHARED_REFERENCE
NG-SCELL-000575,NG-SPT-000575,43.54,0.052533,43.33,43.75,-0.157467,0.262533,0.42,NG-MGRID-02-04,NG-SOV-PART-000001,ENVIRONMENTAL_SAMPLE_RENDER_FOOTPRINT,DERIVED_REFERENCE_NOT_PHYSICAL_FEATURE_BOUNDARY,false,terrain standard render-plan uses 0.42 degree sample spacing,SHARED_REFERENCE
NG-SCELL-000576,NG-SPT-000576,43.96,0.052533,43.75,44.17,-0.157467,0.262533,0.42,NG-MGRID-02-04,NG-SOV-PART-000001,ENVIRONMENTAL_SAMPLE_RENDER_FOOTPRINT,DERIVED_REFERENCE_NOT_PHYSICAL_FEATURE_BOUNDARY,false,terrain standard render-plan uses 0.42 degree sample spacing,SHARED_REFERENCE
NG-SCELL-000577,NG-SPT-000577,29.26,0.472533,29.05,29.47,0.262533,0.682533,0.42,NG-MGRID-02-01,NG-SOV-PART-000001,ENVIRONMENTAL_SAMPLE_RENDER_FOOTPRINT,DERIVED_REFERENCE_NOT_PHYSICAL_FEATURE_BOUNDARY,false,terrain standard render-plan uses 0.42 degree sample spacing,SHARED_REFERENCE
NG-SCELL-000578,NG-SPT-000578,29.68,0.472533,29.47,29.89,0.262533,0.682533,0.42,NG-MGRID-02-01,NG-SOV-PART-000001,ENVIRONMENTAL_SAMPLE_RENDER_FOOTPRINT,DERIVED_REFERENCE_NOT_PHYSICAL_FEATURE_BOUNDARY,false,terrain standard render-plan uses 0.42 degree sample spacing,SHARED_REFERENCE
NG-SCELL-000579,NG-SPT-000579,30.1,0.472533,29.89,30.31,0.262533,0.682533,0.42,NG-MGRID-02-02,NG-SOV-PART-000001,ENVIRONMENTAL_SAMPLE_RENDER_FOOTPRINT,DERIVED_REFERENCE_NOT_PHYSICAL_FEATURE_BOUNDARY,false,terrain standard render-plan uses 0.42 degree sample spacing,SHARED_REFERENCE
NG-SCELL-000580,NG-SPT-000580,30.52,0.472533,30.31,30.73,0.262533,0.682533,0.42,NG-MGRID-02-02,NG-SOV-PART-000001,ENVIRONMENTAL_SAMPLE_RENDER_FOOTPRINT,DERIVED_REFERENCE_NOT_PHYSICAL_FEATURE_BOUNDARY,false,terrain standard render-plan uses 0.42 degree sample spacing,SHARED_REFERENCE
NG-SCELL-000581,NG-SPT-000581,30.94,0.472533,30.73,31.15,0.262533,0.682533,0.42,NG-MGRID-02-02,NG-SOV-PART-000001,ENVIRONMENTAL_SAMPLE_RENDER_FOOTPRINT,DERIVED_REFERENCE_NOT_PHYSICAL_FEATURE_BOUNDARY,false,terrain standard render-plan uses 0.42 degree sample spacing,SHARED_REFERENCE
NG-SCELL-000582,NG-SPT-000582,31.36,0.472533,31.15,31.57,0.262533,0.682533,0.42,NG-MGRID-02-02,NG-SOV-PART-000001,ENVIRONMENTAL_SAMPLE_RENDER_FOOTPRINT,DERIVED_REFERENCE_NOT_PHYSICAL_FEATURE_BOUNDARY,false,terrain standard render-plan uses 0.42 degree sample spacing,SHARED_REFERENCE
NG-SCELL-000583,NG-SPT-000583,31.78,0.472533,31.57,31.99,0.262533,0.682533,0.42,NG-MGRID-02-02,NG-SOV-PART-000001,ENVIRONMENTAL_SAMPLE_RENDER_FOOTPRINT,DERIVED_REFERENCE_NOT_PHYSICAL_FEATURE_BOUNDARY,false,terrain standard render-plan uses 0.42 degree sample spacing,SHARED_REFERENCE
NG-SCELL-000584,NG-SPT-000584,32.2,0.472533,31.99,32.41,0.262533,0.682533,0.42,NG-MGRID-02-02,NG-SOV-PART-000001,ENVIRONMENTAL_SAMPLE_RENDER_FOOTPRINT,DERIVED_REFERENCE_NOT_PHYSICAL_FEATURE_BOUNDARY,false,terrain standard render-plan uses 0.42 degree sample spacing,SHARED_REFERENCE
NG-SCELL-000585,NG-SPT-000585,32.62,0.472533,32.41,32.83,0.262533,0.682533,0.42,NG-MGRID-02-02,NG-SOV-PART-000001,ENVIRONMENTAL_SAMPLE_RENDER_FOOTPRINT,DERIVED_REFERENCE_NOT_PHYSICAL_FEATURE_BOUNDARY,false,terrain standard render-plan uses 0.42 degree sample spacing,SHARED_REFERENCE
NG-SCELL-000586,NG-SPT-000586,33.04,0.472533,32.83,33.25,0.262533,0.682533,0.42,NG-MGRID-02-02,NG-SOV-PART-000001,ENVIRONMENTAL_SAMPLE_RENDER_FOOTPRINT,DERIVED_REFERENCE_NOT_PHYSICAL_FEATURE_BOUNDARY,false,terrain standard render-plan uses 0.42 degree sample spacing,SHARED_REFERENCE
NG-SCELL-000587,NG-SPT-000587,33.46,0.472533,33.25,33.67,0.262533,0.682533,0.42,NG-MGRID-02-02,NG-SOV-PART-000001,ENVIRONMENTAL_SAMPLE_RENDER_FOOTPRINT,DERIVED_REFERENCE_NOT_PHYSICAL_FEATURE_BOUNDARY,false,terrain standard render-plan uses 0.42 degree sample spacing,SHARED_REFERENCE
NG-SCELL-000588,NG-SPT-000588,33.88,0.472533,33.67,34.09,0.262533,0.682533,0.42,NG-MGRID-02-02,NG-SOV-PART-000001,ENVIRONMENTAL_SAMPLE_RENDER_FOOTPRINT,DERIVED_REFERENCE_NOT_PHYSICAL_FEATURE_BOUNDARY,false,terrain standard render-plan uses 0.42 degree sample spacing,SHARED_REFERENCE
NG-SCELL-000589,NG-SPT-000589,34.3,0.472533,34.09,34.51,0.262533,0.682533,0.42,NG-MGRID-02-02,NG-SOV-PART-000001,ENVIRONMENTAL_SAMPLE_RENDER_FOOTPRINT,DERIVED_REFERENCE_NOT_PHYSICAL_FEATURE_BOUNDARY,false,terrain standard render-plan uses 0.42 degree sample spacing,SHARED_REFERENCE
NG-SCELL-000590,NG-SPT-000590,34.72,0.472533,34.51,34.93,0.262533,0.682533,0.42,NG-MGRID-02-02,NG-SOV-PART-000001,ENVIRONMENTAL_SAMPLE_RENDER_FOOTPRINT,DERIVED_REFERENCE_NOT_PHYSICAL_FEATURE_BOUNDARY,false,terrain standard render-plan uses 0.42 degree sample spacing,SHARED_REFERENCE
NG-SCELL-000591,NG-SPT-000591,35.14,0.472533,34.93,35.35,0.262533,0.682533,0.42,NG-MGRID-02-03,NG-SOV-PART-000001,ENVIRONMENTAL_SAMPLE_RENDER_FOOTPRINT,DERIVED_REFERENCE_NOT_PHYSICAL_FEATURE_BOUNDARY,false,terrain standard render-plan uses 0.42 degree sample spacing,SHARED_REFERENCE
NG-SCELL-000592,NG-SPT-000592,35.56,0.472533,35.35,35.77,0.262533,0.682533,0.42,NG-MGRID-02-03,NG-SOV-PART-000001,ENVIRONMENTAL_SAMPLE_RENDER_FOOTPRINT,DERIVED_REFERENCE_NOT_PHYSICAL_FEATURE_BOUNDARY,false,terrain standard render-plan uses 0.42 degree sample spacing,SHARED_REFERENCE
NG-SCELL-000593,NG-SPT-000593,35.98,0.472533,35.77,36.19,0.262533,0.682533,0.42,NG-MGRID-02-03,NG-SOV-PART-000001,ENVIRONMENTAL_SAMPLE_RENDER_FOOTPRINT,DERIVED_REFERENCE_NOT_PHYSICAL_FEATURE_BOUNDARY,false,terrain standard render-plan uses 0.42 degree sample spacing,SHARED_REFERENCE
NG-SCELL-000594,NG-SPT-000594,36.4,0.472533,36.19,36.61,0.262533,0.682533,0.42,NG-MGRID-02-03,NG-SOV-PART-000001,ENVIRONMENTAL_SAMPLE_RENDER_FOOTPRINT,DERIVED_REFERENCE_NOT_PHYSICAL_FEATURE_BOUNDARY,false,terrain standard render-plan uses 0.42 degree sample spacing,SHARED_REFERENCE
NG-SCELL-000595,NG-SPT-000595,36.82,0.472533,36.61,37.03,0.262533,0.682533,0.42,NG-MGRID-02-03,NG-SOV-PART-000001,ENVIRONMENTAL_SAMPLE_RENDER_FOOTPRINT,DERIVED_REFERENCE_NOT_PHYSICAL_FEATURE_BOUNDARY,false,terrain standard render-plan uses 0.42 degree sample spacing,SHARED_REFERENCE
NG-SCELL-000596,NG-SPT-000596,37.24,0.472533,37.03,37.45,0.262533,0.682533,0.42,NG-MGRID-02-03,NG-SOV-PART-000001,ENVIRONMENTAL_SAMPLE_RENDER_FOOTPRINT,DERIVED_REFERENCE_NOT_PHYSICAL_FEATURE_BOUNDARY,false,terrain standard render-plan uses 0.42 degree sample spacing,SHARED_REFERENCE
NG-SCELL-000597,NG-SPT-000597,37.66,0.472533,37.45,37.87,0.262533,0.682533,0.42,NG-MGRID-02-03,NG-SOV-PART-000001,ENVIRONMENTAL_SAMPLE_RENDER_FOOTPRINT,DERIVED_REFERENCE_NOT_PHYSICAL_FEATURE_BOUNDARY,false,terrain standard render-plan uses 0.42 degree sample spacing,SHARED_REFERENCE
NG-SCELL-000598,NG-SPT-000598,38.08,0.472533,37.87,38.29,0.262533,0.682533,0.42,NG-MGRID-02-03,NG-SOV-PART-000001,ENVIRONMENTAL_SAMPLE_RENDER_FOOTPRINT,DERIVED_REFERENCE_NOT_PHYSICAL_FEATURE_BOUNDARY,false,terrain standard render-plan uses 0.42 degree sample spacing,SHARED_REFERENCE
NG-SCELL-000599,NG-SPT-000599,38.5,0.472533,38.29,38.71,0.262533,0.682533,0.42,NG-MGRID-02-03,NG-SOV-PART-000001,ENVIRONMENTAL_SAMPLE_RENDER_FOOTPRINT,DERIVED_REFERENCE_NOT_PHYSICAL_FEATURE_BOUNDARY,false,terrain standard render-plan uses 0.42 degree sample spacing,SHARED_REFERENCE
NG-SCELL-000600,NG-SPT-000600,38.92,0.472533,38.71,39.13,0.262533,0.682533,0.42,NG-MGRID-02-03,NG-SOV-PART-000001,ENVIRONMENTAL_SAMPLE_RENDER_FOOTPRINT,DERIVED_REFERENCE_NOT_PHYSICAL_FEATURE_BOUNDARY,false,terrain standard render-plan uses 0.42 degree sample spacing,SHARED_REFERENCE
NG-SCELL-000601,NG-SPT-000601,39.34,0.472533,39.13,39.55,0.262533,0.682533,0.42,NG-MGRID-02-03,NG-SOV-PART-000001,ENVIRONMENTAL_SAMPLE_RENDER_FOOTPRINT,DERIVED_REFERENCE_NOT_PHYSICAL_FEATURE_BOUNDARY,false,terrain standard render-plan uses 0.42 degree sample spacing,SHARED_REFERENCE
NG-SCELL-000602,NG-SPT-000602,39.76,0.472533,39.55,39.97,0.262533,0.682533,0.42,NG-MGRID-02-03,NG-SOV-PART-000001,ENVIRONMENTAL_SAMPLE_RENDER_FOOTPRINT,DERIVED_REFERENCE_NOT_PHYSICAL_FEATURE_BOUNDARY,false,terrain standard render-plan uses 0.42 degree sample spacing,SHARED_REFERENCE
NG-SCELL-000603,NG-SPT-000603,40.18,0.472533,39.97,40.39,0.262533,0.682533,0.42,NG-MGRID-02-04,NG-SOV-PART-000001,ENVIRONMENTAL_SAMPLE_RENDER_FOOTPRINT,DERIVED_REFERENCE_NOT_PHYSICAL_FEATURE_BOUNDARY,false,terrain standard render-plan uses 0.42 degree sample spacing,SHARED_REFERENCE
NG-SCELL-000604,NG-SPT-000604,40.6,0.472533,40.39,40.81,0.262533,0.682533,0.42,NG-MGRID-02-04,NG-SOV-PART-000001,ENVIRONMENTAL_SAMPLE_RENDER_FOOTPRINT,DERIVED_REFERENCE_NOT_PHYSICAL_FEATURE_BOUNDARY,false,terrain standard render-plan uses 0.42 degree sample spacing,SHARED_REFERENCE
NG-SCELL-000605,NG-SPT-000605,41.02,0.472533,40.81,41.23,0.262533,0.682533,0.42,NG-MGRID-02-04,NG-SOV-PART-000001,ENVIRONMENTAL_SAMPLE_RENDER_FOOTPRINT,DERIVED_REFERENCE_NOT_PHYSICAL_FEATURE_BOUNDARY,false,terrain standard render-plan uses 0.42 degree sample spacing,SHARED_REFERENCE
NG-SCELL-000606,NG-SPT-000606,41.44,0.472533,41.23,41.65,0.262533,0.682533,0.42,NG-MGRID-02-04,NG-SOV-PART-000001,ENVIRONMENTAL_SAMPLE_RENDER_FOOTPRINT,DERIVED_REFERENCE_NOT_PHYSICAL_FEATURE_BOUNDARY,false,terrain standard render-plan uses 0.42 degree sample spacing,SHARED_REFERENCE
NG-SCELL-000607,NG-SPT-000607,41.86,0.472533,41.65,42.07,0.262533,0.682533,0.42,NG-MGRID-02-04,NG-SOV-PART-000001,ENVIRONMENTAL_SAMPLE_RENDER_FOOTPRINT,DERIVED_REFERENCE_NOT_PHYSICAL_FEATURE_BOUNDARY,false,terrain standard render-plan uses 0.42 degree sample spacing,SHARED_REFERENCE
NG-SCELL-000608,NG-SPT-000608,42.28,0.472533,42.07,42.49,0.262533,0.682533,0.42,NG-MGRID-02-04,NG-SOV-PART-000001,ENVIRONMENTAL_SAMPLE_RENDER_FOOTPRINT,DERIVED_REFERENCE_NOT_PHYSICAL_FEATURE_BOUNDARY,false,terrain standard render-plan uses 0.42 degree sample spacing,SHARED_REFERENCE
NG-SCELL-000609,NG-SPT-000609,42.7,0.472533,42.49,42.91,0.262533,0.682533,0.42,NG-MGRID-02-04,NG-SOV-PART-000001,ENVIRONMENTAL_SAMPLE_RENDER_FOOTPRINT,DERIVED_REFERENCE_NOT_PHYSICAL_FEATURE_BOUNDARY,false,terrain standard render-plan uses 0.42 degree sample spacing,SHARED_REFERENCE
NG-SCELL-000610,NG-SPT-000610,43.12,0.472533,42.91,43.33,0.262533,0.682533,0.42,NG-MGRID-02-04,NG-SOV-PART-000001,ENVIRONMENTAL_SAMPLE_RENDER_FOOTPRINT,DERIVED_REFERENCE_NOT_PHYSICAL_FEATURE_BOUNDARY,false,terrain standard render-plan uses 0.42 degree sample spacing,SHARED_REFERENCE
NG-SCELL-000611,NG-SPT-000611,43.54,0.472533,43.33,43.75,0.262533,0.682533,0.42,NG-MGRID-02-04,NG-SOV-PART-000001,ENVIRONMENTAL_SAMPLE_RENDER_FOOTPRINT,DERIVED_REFERENCE_NOT_PHYSICAL_FEATURE_BOUNDARY,false,terrain standard render-plan uses 0.42 degree sample spacing,SHARED_REFERENCE
NG-SCELL-000612,NG-SPT-000612,29.26,0.892533,29.05,29.47,0.682533,1.102533,0.42,NG-MGRID-02-01,NG-SOV-PART-000001,ENVIRONMENTAL_SAMPLE_RENDER_FOOTPRINT,DERIVED_REFERENCE_NOT_PHYSICAL_FEATURE_BOUNDARY,false,terrain standard render-plan uses 0.42 degree sample spacing,SHARED_REFERENCE
NG-SCELL-000613,NG-SPT-000613,29.68,0.892533,29.47,29.89,0.682533,1.102533,0.42,NG-MGRID-02-01,NG-SOV-PART-000001,ENVIRONMENTAL_SAMPLE_RENDER_FOOTPRINT,DERIVED_REFERENCE_NOT_PHYSICAL_FEATURE_BOUNDARY,false,terrain standard render-plan uses 0.42 degree sample spacing,SHARED_REFERENCE
NG-SCELL-000614,NG-SPT-000614,30.1,0.892533,29.89,30.31,0.682533,1.102533,0.42,NG-MGRID-02-02,NG-SOV-PART-000001,ENVIRONMENTAL_SAMPLE_RENDER_FOOTPRINT,DERIVED_REFERENCE_NOT_PHYSICAL_FEATURE_BOUNDARY,false,terrain standard render-plan uses 0.42 degree sample spacing,SHARED_REFERENCE
NG-SCELL-000615,NG-SPT-000615,30.52,0.892533,30.31,30.73,0.682533,1.102533,0.42,NG-MGRID-02-02,NG-SOV-PART-000001,ENVIRONMENTAL_SAMPLE_RENDER_FOOTPRINT,DERIVED_REFERENCE_NOT_PHYSICAL_FEATURE_BOUNDARY,false,terrain standard render-plan uses 0.42 degree sample spacing,SHARED_REFERENCE
NG-SCELL-000616,NG-SPT-000616,30.94,0.892533,30.73,31.15,0.682533,1.102533,0.42,NG-MGRID-02-02,NG-SOV-PART-000001,ENVIRONMENTAL_SAMPLE_RENDER_FOOTPRINT,DERIVED_REFERENCE_NOT_PHYSICAL_FEATURE_BOUNDARY,false,terrain standard render-plan uses 0.42 degree sample spacing,SHARED_REFERENCE
NG-SCELL-000617,NG-SPT-000617,31.36,0.892533,31.15,31.57,0.682533,1.102533,0.42,NG-MGRID-02-02,NG-SOV-PART-000001,ENVIRONMENTAL_SAMPLE_RENDER_FOOTPRINT,DERIVED_REFERENCE_NOT_PHYSICAL_FEATURE_BOUNDARY,false,terrain standard render-plan uses 0.42 degree sample spacing,SHARED_REFERENCE
NG-SCELL-000618,NG-SPT-000618,31.78,0.892533,31.57,31.99,0.682533,1.102533,0.42,NG-MGRID-02-02,NG-SOV-PART-000001,ENVIRONMENTAL_SAMPLE_RENDER_FOOTPRINT,DERIVED_REFERENCE_NOT_PHYSICAL_FEATURE_BOUNDARY,false,terrain standard render-plan uses 0.42 degree sample spacing,SHARED_REFERENCE
NG-SCELL-000619,NG-SPT-000619,32.2,0.892533,31.99,32.41,0.682533,1.102533,0.42,NG-MGRID-02-02,NG-SOV-PART-000001,ENVIRONMENTAL_SAMPLE_RENDER_FOOTPRINT,DERIVED_REFERENCE_NOT_PHYSICAL_FEATURE_BOUNDARY,false,terrain standard render-plan uses 0.42 degree sample spacing,SHARED_REFERENCE
NG-SCELL-000620,NG-SPT-000620,32.62,0.892533,32.41,32.83,0.682533,1.102533,0.42,NG-MGRID-02-02,NG-SOV-PART-000001,ENVIRONMENTAL_SAMPLE_RENDER_FOOTPRINT,DERIVED_REFERENCE_NOT_PHYSICAL_FEATURE_BOUNDARY,false,terrain standard render-plan uses 0.42 degree sample spacing,SHARED_REFERENCE
NG-SCELL-000621,NG-SPT-000621,33.04,0.892533,32.83,33.25,0.682533,1.102533,0.42,NG-MGRID-02-02,NG-SOV-PART-000001,ENVIRONMENTAL_SAMPLE_RENDER_FOOTPRINT,DERIVED_REFERENCE_NOT_PHYSICAL_FEATURE_BOUNDARY,false,terrain standard render-plan uses 0.42 degree sample spacing,SHARED_REFERENCE
NG-SCELL-000622,NG-SPT-000622,33.46,0.892533,33.25,33.67,0.682533,1.102533,0.42,NG-MGRID-02-02,NG-SOV-PART-000001,ENVIRONMENTAL_SAMPLE_RENDER_FOOTPRINT,DERIVED_REFERENCE_NOT_PHYSICAL_FEATURE_BOUNDARY,false,terrain standard render-plan uses 0.42 degree sample spacing,SHARED_REFERENCE
NG-SCELL-000623,NG-SPT-000623,33.88,0.892533,33.67,34.09,0.682533,1.102533,0.42,NG-MGRID-02-02,NG-SOV-PART-000001,ENVIRONMENTAL_SAMPLE_RENDER_FOOTPRINT,DERIVED_REFERENCE_NOT_PHYSICAL_FEATURE_BOUNDARY,false,terrain standard render-plan uses 0.42 degree sample spacing,SHARED_REFERENCE
NG-SCELL-000624,NG-SPT-000624,34.3,0.892533,34.09,34.51,0.682533,1.102533,0.42,NG-MGRID-02-02,NG-SOV-PART-000001,ENVIRONMENTAL_SAMPLE_RENDER_FOOTPRINT,DERIVED_REFERENCE_NOT_PHYSICAL_FEATURE_BOUNDARY,false,terrain standard render-plan uses 0.42 degree sample spacing,SHARED_REFERENCE
NG-SCELL-000625,NG-SPT-000625,34.72,0.892533,34.51,34.93,0.682533,1.102533,0.42,NG-MGRID-02-02,NG-SOV-PART-000001,ENVIRONMENTAL_SAMPLE_RENDER_FOOTPRINT,DERIVED_REFERENCE_NOT_PHYSICAL_FEATURE_BOUNDARY,false,terrain standard render-plan uses 0.42 degree sample spacing,SHARED_REFERENCE
NG-SCELL-000626,NG-SPT-000626,35.14,0.892533,34.93,35.35,0.682533,1.102533,0.42,NG-MGRID-02-03,NG-SOV-PART-000001,ENVIRONMENTAL_SAMPLE_RENDER_FOOTPRINT,DERIVED_REFERENCE_NOT_PHYSICAL_FEATURE_BOUNDARY,false,terrain standard render-plan uses 0.42 degree sample spacing,SHARED_REFERENCE
NG-SCELL-000627,NG-SPT-000627,35.56,0.892533,35.35,35.77,0.682533,1.102533,0.42,NG-MGRID-02-03,NG-SOV-PART-000001,ENVIRONMENTAL_SAMPLE_RENDER_FOOTPRINT,DERIVED_REFERENCE_NOT_PHYSICAL_FEATURE_BOUNDARY,false,terrain standard render-plan uses 0.42 degree sample spacing,SHARED_REFERENCE
NG-SCELL-000628,NG-SPT-000628,35.98,0.892533,35.77,36.19,0.682533,1.102533,0.42,NG-MGRID-02-03,NG-SOV-PART-000001,ENVIRONMENTAL_SAMPLE_RENDER_FOOTPRINT,DERIVED_REFERENCE_NOT_PHYSICAL_FEATURE_BOUNDARY,false,terrain standard render-plan uses 0.42 degree sample spacing,SHARED_REFERENCE
NG-SCELL-000629,NG-SPT-000629,36.4,0.892533,36.19,36.61,0.682533,1.102533,0.42,NG-MGRID-02-03,NG-SOV-PART-000001,ENVIRONMENTAL_SAMPLE_RENDER_FOOTPRINT,DERIVED_REFERENCE_NOT_PHYSICAL_FEATURE_BOUNDARY,false,terrain standard render-plan uses 0.42 degree sample spacing,SHARED_REFERENCE
NG-SCELL-000630,NG-SPT-000630,36.82,0.892533,36.61,37.03,0.682533,1.102533,0.42,NG-MGRID-02-03,NG-SOV-PART-000001,ENVIRONMENTAL_SAMPLE_RENDER_FOOTPRINT,DERIVED_REFERENCE_NOT_PHYSICAL_FEATURE_BOUNDARY,false,terrain standard render-plan uses 0.42 degree sample spacing,SHARED_REFERENCE
NG-SCELL-000631,NG-SPT-000631,37.24,0.892533,37.03,37.45,0.682533,1.102533,0.42,NG-MGRID-02-03,NG-SOV-PART-000001,ENVIRONMENTAL_SAMPLE_RENDER_FOOTPRINT,DERIVED_REFERENCE_NOT_PHYSICAL_FEATURE_BOUNDARY,false,terrain standard render-plan uses 0.42 degree sample spacing,SHARED_REFERENCE
NG-SCELL-000632,NG-SPT-000632,37.66,0.892533,37.45,37.87,0.682533,1.102533,0.42,NG-MGRID-02-03,NG-SOV-PART-000001,ENVIRONMENTAL_SAMPLE_RENDER_FOOTPRINT,DERIVED_REFERENCE_NOT_PHYSICAL_FEATURE_BOUNDARY,false,terrain standard render-plan uses 0.42 degree sample spacing,SHARED_REFERENCE
NG-SCELL-000633,NG-SPT-000633,38.08,0.892533,37.87,38.29,0.682533,1.102533,0.42,NG-MGRID-02-03,NG-SOV-PART-000001,ENVIRONMENTAL_SAMPLE_RENDER_FOOTPRINT,DERIVED_REFERENCE_NOT_PHYSICAL_FEATURE_BOUNDARY,false,terrain standard render-plan uses 0.42 degree sample spacing,SHARED_REFERENCE
NG-SCELL-000634,NG-SPT-000634,38.5,0.892533,38.29,38.71,0.682533,1.102533,0.42,NG-MGRID-02-03,NG-SOV-PART-000001,ENVIRONMENTAL_SAMPLE_RENDER_FOOTPRINT,DERIVED_REFERENCE_NOT_PHYSICAL_FEATURE_BOUNDARY,false,terrain standard render-plan uses 0.42 degree sample spacing,SHARED_REFERENCE
NG-SCELL-000635,NG-SPT-000635,38.92,0.892533,38.71,39.13,0.682533,1.102533,0.42,NG-MGRID-02-03,NG-SOV-PART-000001,ENVIRONMENTAL_SAMPLE_RENDER_FOOTPRINT,DERIVED_REFERENCE_NOT_PHYSICAL_FEATURE_BOUNDARY,false,terrain standard render-plan uses 0.42 degree sample spacing,SHARED_REFERENCE
NG-SCELL-000636,NG-SPT-000636,39.34,0.892533,39.13,39.55,0.682533,1.102533,0.42,NG-MGRID-02-03,NG-SOV-PART-000001,ENVIRONMENTAL_SAMPLE_RENDER_FOOTPRINT,DERIVED_REFERENCE_NOT_PHYSICAL_FEATURE_BOUNDARY,false,terrain standard render-plan uses 0.42 degree sample spacing,SHARED_REFERENCE
NG-SCELL-000637,NG-SPT-000637,39.76,0.892533,39.55,39.97,0.682533,1.102533,0.42,NG-MGRID-02-03,NG-SOV-PART-000001,ENVIRONMENTAL_SAMPLE_RENDER_FOOTPRINT,DERIVED_REFERENCE_NOT_PHYSICAL_FEATURE_BOUNDARY,false,terrain standard render-plan uses 0.42 degree sample spacing,SHARED_REFERENCE
NG-SCELL-000638,NG-SPT-000638,40.18,0.892533,39.97,40.39,0.682533,1.102533,0.42,NG-MGRID-02-04,NG-SOV-PART-000001,ENVIRONMENTAL_SAMPLE_RENDER_FOOTPRINT,DERIVED_REFERENCE_NOT_PHYSICAL_FEATURE_BOUNDARY,false,terrain standard render-plan uses 0.42 degree sample spacing,SHARED_REFERENCE
NG-SCELL-000639,NG-SPT-000639,40.6,0.892533,40.39,40.81,0.682533,1.102533,0.42,NG-MGRID-02-04,NG-SOV-PART-000001,ENVIRONMENTAL_SAMPLE_RENDER_FOOTPRINT,DERIVED_REFERENCE_NOT_PHYSICAL_FEATURE_BOUNDARY,false,terrain standard render-plan uses 0.42 degree sample spacing,SHARED_REFERENCE
NG-SCELL-000640,NG-SPT-000640,41.02,0.892533,40.81,41.23,0.682533,1.102533,0.42,NG-MGRID-02-04,NG-SOV-PART-000001,ENVIRONMENTAL_SAMPLE_RENDER_FOOTPRINT,DERIVED_REFERENCE_NOT_PHYSICAL_FEATURE_BOUNDARY,false,terrain standard render-plan uses 0.42 degree sample spacing,SHARED_REFERENCE
NG-SCELL-000641,NG-SPT-000641,41.44,0.892533,41.23,41.65,0.682533,1.102533,0.42,NG-MGRID-02-04,NG-SOV-PART-000001,ENVIRONMENTAL_SAMPLE_RENDER_FOOTPRINT,DERIVED_REFERENCE_NOT_PHYSICAL_FEATURE_BOUNDARY,false,terrain standard render-plan uses 0.42 degree sample spacing,SHARED_REFERENCE
NG-SCELL-000642,NG-SPT-000642,41.86,0.892533,41.65,42.07,0.682533,1.102533,0.42,NG-MGRID-02-04,NG-SOV-PART-000001,ENVIRONMENTAL_SAMPLE_RENDER_FOOTPRINT,DERIVED_REFERENCE_NOT_PHYSICAL_FEATURE_BOUNDARY,false,terrain standard render-plan uses 0.42 degree sample spacing,SHARED_REFERENCE
NG-SCELL-000643,NG-SPT-000643,42.28,0.892533,42.07,42.49,0.682533,1.102533,0.42,NG-MGRID-02-04,NG-SOV-PART-000001,ENVIRONMENTAL_SAMPLE_RENDER_FOOTPRINT,DERIVED_REFERENCE_NOT_PHYSICAL_FEATURE_BOUNDARY,false,terrain standard render-plan uses 0.42 degree sample spacing,SHARED_REFERENCE
NG-SCELL-000644,NG-SPT-000644,42.7,0.892533,42.49,42.91,0.682533,1.102533,0.42,NG-MGRID-02-04,NG-SOV-PART-000001,ENVIRONMENTAL_SAMPLE_RENDER_FOOTPRINT,DERIVED_REFERENCE_NOT_PHYSICAL_FEATURE_BOUNDARY,false,terrain standard render-plan uses 0.42 degree sample spacing,SHARED_REFERENCE
NG-SCELL-000645,NG-SPT-000645,43.12,0.892533,42.91,43.33,0.682533,1.102533,0.42,NG-MGRID-02-04,NG-SOV-PART-000001,ENVIRONMENTAL_SAMPLE_RENDER_FOOTPRINT,DERIVED_REFERENCE_NOT_PHYSICAL_FEATURE_BOUNDARY,false,terrain standard render-plan uses 0.42 degree sample spacing,SHARED_REFERENCE
NG-SCELL-000646,NG-SPT-000646,29.26,1.312533,29.05,29.47,1.102533,1.522533,0.42,NG-MGRID-02-01,NG-SOV-PART-000001,ENVIRONMENTAL_SAMPLE_RENDER_FOOTPRINT,DERIVED_REFERENCE_NOT_PHYSICAL_FEATURE_BOUNDARY,false,terrain standard render-plan uses 0.42 degree sample spacing,SHARED_REFERENCE
NG-SCELL-000647,NG-SPT-000647,29.68,1.312533,29.47,29.89,1.102533,1.522533,0.42,NG-MGRID-02-01,NG-SOV-PART-000001,ENVIRONMENTAL_SAMPLE_RENDER_FOOTPRINT,DERIVED_REFERENCE_NOT_PHYSICAL_FEATURE_BOUNDARY,false,terrain standard render-plan uses 0.42 degree sample spacing,SHARED_REFERENCE
NG-SCELL-000648,NG-SPT-000648,30.1,1.312533,29.89,30.31,1.102533,1.522533,0.42,NG-MGRID-02-02,NG-SOV-PART-000001,ENVIRONMENTAL_SAMPLE_RENDER_FOOTPRINT,DERIVED_REFERENCE_NOT_PHYSICAL_FEATURE_BOUNDARY,false,terrain standard render-plan uses 0.42 degree sample spacing,SHARED_REFERENCE
NG-SCELL-000649,NG-SPT-000649,30.52,1.312533,30.31,30.73,1.102533,1.522533,0.42,NG-MGRID-02-02,NG-SOV-PART-000001,ENVIRONMENTAL_SAMPLE_RENDER_FOOTPRINT,DERIVED_REFERENCE_NOT_PHYSICAL_FEATURE_BOUNDARY,false,terrain standard render-plan uses 0.42 degree sample spacing,SHARED_REFERENCE
NG-SCELL-000650,NG-SPT-000650,30.94,1.312533,30.73,31.15,1.102533,1.522533,0.42,NG-MGRID-02-02,NG-SOV-PART-000001,ENVIRONMENTAL_SAMPLE_RENDER_FOOTPRINT,DERIVED_REFERENCE_NOT_PHYSICAL_FEATURE_BOUNDARY,false,terrain standard render-plan uses 0.42 degree sample spacing,SHARED_REFERENCE
NG-SCELL-000651,NG-SPT-000651,31.36,1.312533,31.15,31.57,1.102533,1.522533,0.42,NG-MGRID-02-02,NG-SOV-PART-000001,ENVIRONMENTAL_SAMPLE_RENDER_FOOTPRINT,DERIVED_REFERENCE_NOT_PHYSICAL_FEATURE_BOUNDARY,false,terrain standard render-plan uses 0.42 degree sample spacing,SHARED_REFERENCE
NG-SCELL-000652,NG-SPT-000652,31.78,1.312533,31.57,31.99,1.102533,1.522533,0.42,NG-MGRID-02-02,NG-SOV-PART-000001,ENVIRONMENTAL_SAMPLE_RENDER_FOOTPRINT,DERIVED_REFERENCE_NOT_PHYSICAL_FEATURE_BOUNDARY,false,terrain standard render-plan uses 0.42 degree sample spacing,SHARED_REFERENCE
NG-SCELL-000653,NG-SPT-000653,32.2,1.312533,31.99,32.41,1.102533,1.522533,0.42,NG-MGRID-02-02,NG-SOV-PART-000001,ENVIRONMENTAL_SAMPLE_RENDER_FOOTPRINT,DERIVED_REFERENCE_NOT_PHYSICAL_FEATURE_BOUNDARY,false,terrain standard render-plan uses 0.42 degree sample spacing,SHARED_REFERENCE
NG-SCELL-000654,NG-SPT-000654,32.62,1.312533,32.41,32.83,1.102533,1.522533,0.42,NG-MGRID-02-02,NG-SOV-PART-000001,ENVIRONMENTAL_SAMPLE_RENDER_FOOTPRINT,DERIVED_REFERENCE_NOT_PHYSICAL_FEATURE_BOUNDARY,false,terrain standard render-plan uses 0.42 degree sample spacing,SHARED_REFERENCE
NG-SCELL-000655,NG-SPT-000655,33.04,1.312533,32.83,33.25,1.102533,1.522533,0.42,NG-MGRID-02-02,NG-SOV-PART-000001,ENVIRONMENTAL_SAMPLE_RENDER_FOOTPRINT,DERIVED_REFERENCE_NOT_PHYSICAL_FEATURE_BOUNDARY,false,terrain standard render-plan uses 0.42 degree sample spacing,SHARED_REFERENCE
NG-SCELL-000656,NG-SPT-000656,33.46,1.312533,33.25,33.67,1.102533,1.522533,0.42,NG-MGRID-02-02,NG-SOV-PART-000001,ENVIRONMENTAL_SAMPLE_RENDER_FOOTPRINT,DERIVED_REFERENCE_NOT_PHYSICAL_FEATURE_BOUNDARY,false,terrain standard render-plan uses 0.42 degree sample spacing,SHARED_REFERENCE
NG-SCELL-000657,NG-SPT-000657,33.88,1.312533,33.67,34.09,1.102533,1.522533,0.42,NG-MGRID-02-02,NG-SOV-PART-000001,ENVIRONMENTAL_SAMPLE_RENDER_FOOTPRINT,DERIVED_REFERENCE_NOT_PHYSICAL_FEATURE_BOUNDARY,false,terrain standard render-plan uses 0.42 degree sample spacing,SHARED_REFERENCE
NG-SCELL-000658,NG-SPT-000658,34.3,1.312533,34.09,34.51,1.102533,1.522533,0.42,NG-MGRID-02-02,NG-SOV-PART-000001,ENVIRONMENTAL_SAMPLE_RENDER_FOOTPRINT,DERIVED_REFERENCE_NOT_PHYSICAL_FEATURE_BOUNDARY,false,terrain standard render-plan uses 0.42 degree sample spacing,SHARED_REFERENCE
NG-SCELL-000659,NG-SPT-000659,34.72,1.312533,34.51,34.93,1.102533,1.522533,0.42,NG-MGRID-02-02,NG-SOV-PART-000001,ENVIRONMENTAL_SAMPLE_RENDER_FOOTPRINT,DERIVED_REFERENCE_NOT_PHYSICAL_FEATURE_BOUNDARY,false,terrain standard render-plan uses 0.42 degree sample spacing,SHARED_REFERENCE
NG-SCELL-000660,NG-SPT-000660,35.14,1.312533,34.93,35.35,1.102533,1.522533,0.42,NG-MGRID-02-03,NG-SOV-PART-000001,ENVIRONMENTAL_SAMPLE_RENDER_FOOTPRINT,DERIVED_REFERENCE_NOT_PHYSICAL_FEATURE_BOUNDARY,false,terrain standard render-plan uses 0.42 degree sample spacing,SHARED_REFERENCE
NG-SCELL-000661,NG-SPT-000661,35.56,1.312533,35.35,35.77,1.102533,1.522533,0.42,NG-MGRID-02-03,NG-SOV-PART-000001,ENVIRONMENTAL_SAMPLE_RENDER_FOOTPRINT,DERIVED_REFERENCE_NOT_PHYSICAL_FEATURE_BOUNDARY,false,terrain standard render-plan uses 0.42 degree sample spacing,SHARED_REFERENCE
NG-SCELL-000662,NG-SPT-000662,35.98,1.312533,35.77,36.19,1.102533,1.522533,0.42,NG-MGRID-02-03,NG-SOV-PART-000001,ENVIRONMENTAL_SAMPLE_RENDER_FOOTPRINT,DERIVED_REFERENCE_NOT_PHYSICAL_FEATURE_BOUNDARY,false,terrain standard render-plan uses 0.42 degree sample spacing,SHARED_REFERENCE
NG-SCELL-000663,NG-SPT-000663,36.4,1.312533,36.19,36.61,1.102533,1.522533,0.42,NG-MGRID-02-03,NG-SOV-PART-000001,ENVIRONMENTAL_SAMPLE_RENDER_FOOTPRINT,DERIVED_REFERENCE_NOT_PHYSICAL_FEATURE_BOUNDARY,false,terrain standard render-plan uses 0.42 degree sample spacing,SHARED_REFERENCE
NG-SCELL-000664,NG-SPT-000664,36.82,1.312533,36.61,37.03,1.102533,1.522533,0.42,NG-MGRID-02-03,NG-SOV-PART-000001,ENVIRONMENTAL_SAMPLE_RENDER_FOOTPRINT,DERIVED_REFERENCE_NOT_PHYSICAL_FEATURE_BOUNDARY,false,terrain standard render-plan uses 0.42 degree sample spacing,SHARED_REFERENCE
NG-SCELL-000665,NG-SPT-000665,37.24,1.312533,37.03,37.45,1.102533,1.522533,0.42,NG-MGRID-02-03,NG-SOV-PART-000001,ENVIRONMENTAL_SAMPLE_RENDER_FOOTPRINT,DERIVED_REFERENCE_NOT_PHYSICAL_FEATURE_BOUNDARY,false,terrain standard render-plan uses 0.42 degree sample spacing,SHARED_REFERENCE
NG-SCELL-000666,NG-SPT-000666,37.66,1.312533,37.45,37.87,1.102533,1.522533,0.42,NG-MGRID-02-03,NG-SOV-PART-000001,ENVIRONMENTAL_SAMPLE_RENDER_FOOTPRINT,DERIVED_REFERENCE_NOT_PHYSICAL_FEATURE_BOUNDARY,false,terrain standard render-plan uses 0.42 degree sample spacing,SHARED_REFERENCE
NG-SCELL-000667,NG-SPT-000667,38.08,1.312533,37.87,38.29,1.102533,1.522533,0.42,NG-MGRID-02-03,NG-SOV-PART-000001,ENVIRONMENTAL_SAMPLE_RENDER_FOOTPRINT,DERIVED_REFERENCE_NOT_PHYSICAL_FEATURE_BOUNDARY,false,terrain standard render-plan uses 0.42 degree sample spacing,SHARED_REFERENCE
NG-SCELL-000668,NG-SPT-000668,38.5,1.312533,38.29,38.71,1.102533,1.522533,0.42,NG-MGRID-02-03,NG-SOV-PART-000001,ENVIRONMENTAL_SAMPLE_RENDER_FOOTPRINT,DERIVED_REFERENCE_NOT_PHYSICAL_FEATURE_BOUNDARY,false,terrain standard render-plan uses 0.42 degree sample spacing,SHARED_REFERENCE
NG-SCELL-000669,NG-SPT-000669,38.92,1.312533,38.71,39.13,1.102533,1.522533,0.42,NG-MGRID-02-03,NG-SOV-PART-000001,ENVIRONMENTAL_SAMPLE_RENDER_FOOTPRINT,DERIVED_REFERENCE_NOT_PHYSICAL_FEATURE_BOUNDARY,false,terrain standard render-plan uses 0.42 degree sample spacing,SHARED_REFERENCE
NG-SCELL-000670,NG-SPT-000670,39.34,1.312533,39.13,39.55,1.102533,1.522533,0.42,NG-MGRID-02-03,NG-SOV-PART-000001,ENVIRONMENTAL_SAMPLE_RENDER_FOOTPRINT,DERIVED_REFERENCE_NOT_PHYSICAL_FEATURE_BOUNDARY,false,terrain standard render-plan uses 0.42 degree sample spacing,SHARED_REFERENCE
NG-SCELL-000671,NG-SPT-000671,39.76,1.312533,39.55,39.97,1.102533,1.522533,0.42,NG-MGRID-02-03,NG-SOV-PART-000001,ENVIRONMENTAL_SAMPLE_RENDER_FOOTPRINT,DERIVED_REFERENCE_NOT_PHYSICAL_FEATURE_BOUNDARY,false,terrain standard render-plan uses 0.42 degree sample spacing,SHARED_REFERENCE
NG-SCELL-000672,NG-SPT-000672,40.18,1.312533,39.97,40.39,1.102533,1.522533,0.42,NG-MGRID-02-04,NG-SOV-PART-000001,ENVIRONMENTAL_SAMPLE_RENDER_FOOTPRINT,DERIVED_REFERENCE_NOT_PHYSICAL_FEATURE_BOUNDARY,false,terrain standard render-plan uses 0.42 degree sample spacing,SHARED_REFERENCE
NG-SCELL-000673,NG-SPT-000673,40.6,1.312533,40.39,40.81,1.102533,1.522533,0.42,NG-MGRID-02-04,NG-SOV-PART-000001,ENVIRONMENTAL_SAMPLE_RENDER_FOOTPRINT,DERIVED_REFERENCE_NOT_PHYSICAL_FEATURE_BOUNDARY,false,terrain standard render-plan uses 0.42 degree sample spacing,SHARED_REFERENCE
NG-SCELL-000674,NG-SPT-000674,41.02,1.312533,40.81,41.23,1.102533,1.522533,0.42,NG-MGRID-02-04,NG-SOV-PART-000001,ENVIRONMENTAL_SAMPLE_RENDER_FOOTPRINT,DERIVED_REFERENCE_NOT_PHYSICAL_FEATURE_BOUNDARY,false,terrain standard render-plan uses 0.42 degree sample spacing,SHARED_REFERENCE
NG-SCELL-000675,NG-SPT-000675,41.44,1.312533,41.23,41.65,1.102533,1.522533,0.42,NG-MGRID-02-04,NG-SOV-PART-000001,ENVIRONMENTAL_SAMPLE_RENDER_FOOTPRINT,DERIVED_REFERENCE_NOT_PHYSICAL_FEATURE_BOUNDARY,false,terrain standard render-plan uses 0.42 degree sample spacing,SHARED_REFERENCE
NG-SCELL-000676,NG-SPT-000676,41.86,1.312533,41.65,42.07,1.102533,1.522533,0.42,NG-MGRID-02-04,NG-SOV-PART-000001,ENVIRONMENTAL_SAMPLE_RENDER_FOOTPRINT,DERIVED_REFERENCE_NOT_PHYSICAL_FEATURE_BOUNDARY,false,terrain standard render-plan uses 0.42 degree sample spacing,SHARED_REFERENCE
NG-SCELL-000677,NG-SPT-000677,42.28,1.312533,42.07,42.49,1.102533,1.522533,0.42,NG-MGRID-02-04,NG-SOV-PART-000001,ENVIRONMENTAL_SAMPLE_RENDER_FOOTPRINT,DERIVED_REFERENCE_NOT_PHYSICAL_FEATURE_BOUNDARY,false,terrain standard render-plan uses 0.42 degree sample spacing,SHARED_REFERENCE
NG-SCELL-000678,NG-SPT-000678,42.7,1.312533,42.49,42.91,1.102533,1.522533,0.42,NG-MGRID-02-04,NG-SOV-PART-000001,ENVIRONMENTAL_SAMPLE_RENDER_FOOTPRINT,DERIVED_REFERENCE_NOT_PHYSICAL_FEATURE_BOUNDARY,false,terrain standard render-plan uses 0.42 degree sample spacing,SHARED_REFERENCE
NG-SCELL-000679,NG-SPT-000679,43.12,1.312533,42.91,43.33,1.102533,1.522533,0.42,NG-MGRID-02-04,NG-SOV-PART-000001,ENVIRONMENTAL_SAMPLE_RENDER_FOOTPRINT,DERIVED_REFERENCE_NOT_PHYSICAL_FEATURE_BOUNDARY,false,terrain standard render-plan uses 0.42 degree sample spacing,SHARED_REFERENCE
NG-SCELL-000680,NG-SPT-000680,29.26,1.732533,29.05,29.47,1.522533,1.942533,0.42,NG-MGRID-02-01,NG-SOV-PART-000001,ENVIRONMENTAL_SAMPLE_RENDER_FOOTPRINT,DERIVED_REFERENCE_NOT_PHYSICAL_FEATURE_BOUNDARY,false,terrain standard render-plan uses 0.42 degree sample spacing,SHARED_REFERENCE
NG-SCELL-000681,NG-SPT-000681,29.68,1.732533,29.47,29.89,1.522533,1.942533,0.42,NG-MGRID-02-01,NG-SOV-PART-000001,ENVIRONMENTAL_SAMPLE_RENDER_FOOTPRINT,DERIVED_REFERENCE_NOT_PHYSICAL_FEATURE_BOUNDARY,false,terrain standard render-plan uses 0.42 degree sample spacing,SHARED_REFERENCE
NG-SCELL-000682,NG-SPT-000682,30.1,1.732533,29.89,30.31,1.522533,1.942533,0.42,NG-MGRID-02-02,NG-SOV-PART-000001,ENVIRONMENTAL_SAMPLE_RENDER_FOOTPRINT,DERIVED_REFERENCE_NOT_PHYSICAL_FEATURE_BOUNDARY,false,terrain standard render-plan uses 0.42 degree sample spacing,SHARED_REFERENCE
NG-SCELL-000683,NG-SPT-000683,30.52,1.732533,30.31,30.73,1.522533,1.942533,0.42,NG-MGRID-02-02,NG-SOV-PART-000001,ENVIRONMENTAL_SAMPLE_RENDER_FOOTPRINT,DERIVED_REFERENCE_NOT_PHYSICAL_FEATURE_BOUNDARY,false,terrain standard render-plan uses 0.42 degree sample spacing,SHARED_REFERENCE
NG-SCELL-000684,NG-SPT-000684,30.94,1.732533,30.73,31.15,1.522533,1.942533,0.42,NG-MGRID-02-02,NG-SOV-PART-000001,ENVIRONMENTAL_SAMPLE_RENDER_FOOTPRINT,DERIVED_REFERENCE_NOT_PHYSICAL_FEATURE_BOUNDARY,false,terrain standard render-plan uses 0.42 degree sample spacing,SHARED_REFERENCE
NG-SCELL-000685,NG-SPT-000685,31.36,1.732533,31.15,31.57,1.522533,1.942533,0.42,NG-MGRID-02-02,NG-SOV-PART-000001,ENVIRONMENTAL_SAMPLE_RENDER_FOOTPRINT,DERIVED_REFERENCE_NOT_PHYSICAL_FEATURE_BOUNDARY,false,terrain standard render-plan uses 0.42 degree sample spacing,SHARED_REFERENCE
NG-SCELL-000686,NG-SPT-000686,31.78,1.732533,31.57,31.99,1.522533,1.942533,0.42,NG-MGRID-02-02,NG-SOV-PART-000001,ENVIRONMENTAL_SAMPLE_RENDER_FOOTPRINT,DERIVED_REFERENCE_NOT_PHYSICAL_FEATURE_BOUNDARY,false,terrain standard render-plan uses 0.42 degree sample spacing,SHARED_REFERENCE
NG-SCELL-000687,NG-SPT-000687,32.2,1.732533,31.99,32.41,1.522533,1.942533,0.42,NG-MGRID-02-02,NG-SOV-PART-000001,ENVIRONMENTAL_SAMPLE_RENDER_FOOTPRINT,DERIVED_REFERENCE_NOT_PHYSICAL_FEATURE_BOUNDARY,false,terrain standard render-plan uses 0.42 degree sample spacing,SHARED_REFERENCE
NG-SCELL-000688,NG-SPT-000688,32.62,1.732533,32.41,32.83,1.522533,1.942533,0.42,NG-MGRID-02-02,NG-SOV-PART-000001,ENVIRONMENTAL_SAMPLE_RENDER_FOOTPRINT,DERIVED_REFERENCE_NOT_PHYSICAL_FEATURE_BOUNDARY,false,terrain standard render-plan uses 0.42 degree sample spacing,SHARED_REFERENCE
NG-SCELL-000689,NG-SPT-000689,33.04,1.732533,32.83,33.25,1.522533,1.942533,0.42,NG-MGRID-02-02,NG-SOV-PART-000001,ENVIRONMENTAL_SAMPLE_RENDER_FOOTPRINT,DERIVED_REFERENCE_NOT_PHYSICAL_FEATURE_BOUNDARY,false,terrain standard render-plan uses 0.42 degree sample spacing,SHARED_REFERENCE
NG-SCELL-000690,NG-SPT-000690,33.46,1.732533,33.25,33.67,1.522533,1.942533,0.42,NG-MGRID-02-02,NG-SOV-PART-000001,ENVIRONMENTAL_SAMPLE_RENDER_FOOTPRINT,DERIVED_REFERENCE_NOT_PHYSICAL_FEATURE_BOUNDARY,false,terrain standard render-plan uses 0.42 degree sample spacing,SHARED_REFERENCE
NG-SCELL-000691,NG-SPT-000691,33.88,1.732533,33.67,34.09,1.522533,1.942533,0.42,NG-MGRID-02-02,NG-SOV-PART-000001,ENVIRONMENTAL_SAMPLE_RENDER_FOOTPRINT,DERIVED_REFERENCE_NOT_PHYSICAL_FEATURE_BOUNDARY,false,terrain standard render-plan uses 0.42 degree sample spacing,SHARED_REFERENCE
NG-SCELL-000692,NG-SPT-000692,34.3,1.732533,34.09,34.51,1.522533,1.942533,0.42,NG-MGRID-02-02,NG-SOV-PART-000001,ENVIRONMENTAL_SAMPLE_RENDER_FOOTPRINT,DERIVED_REFERENCE_NOT_PHYSICAL_FEATURE_BOUNDARY,false,terrain standard render-plan uses 0.42 degree sample spacing,SHARED_REFERENCE
NG-SCELL-000693,NG-SPT-000693,34.72,1.732533,34.51,34.93,1.522533,1.942533,0.42,NG-MGRID-02-02,NG-SOV-PART-000001,ENVIRONMENTAL_SAMPLE_RENDER_FOOTPRINT,DERIVED_REFERENCE_NOT_PHYSICAL_FEATURE_BOUNDARY,false,terrain standard render-plan uses 0.42 degree sample spacing,SHARED_REFERENCE
NG-SCELL-000694,NG-SPT-000694,35.14,1.732533,34.93,35.35,1.522533,1.942533,0.42,NG-MGRID-02-03,NG-SOV-PART-000001,ENVIRONMENTAL_SAMPLE_RENDER_FOOTPRINT,DERIVED_REFERENCE_NOT_PHYSICAL_FEATURE_BOUNDARY,false,terrain standard render-plan uses 0.42 degree sample spacing,SHARED_REFERENCE
NG-SCELL-000695,NG-SPT-000695,35.56,1.732533,35.35,35.77,1.522533,1.942533,0.42,NG-MGRID-02-03,NG-SOV-PART-000001,ENVIRONMENTAL_SAMPLE_RENDER_FOOTPRINT,DERIVED_REFERENCE_NOT_PHYSICAL_FEATURE_BOUNDARY,false,terrain standard render-plan uses 0.42 degree sample spacing,SHARED_REFERENCE
NG-SCELL-000696,NG-SPT-000696,35.98,1.732533,35.77,36.19,1.522533,1.942533,0.42,NG-MGRID-02-03,NG-SOV-PART-000001,ENVIRONMENTAL_SAMPLE_RENDER_FOOTPRINT,DERIVED_REFERENCE_NOT_PHYSICAL_FEATURE_BOUNDARY,false,terrain standard render-plan uses 0.42 degree sample spacing,SHARED_REFERENCE
NG-SCELL-000697,NG-SPT-000697,36.4,1.732533,36.19,36.61,1.522533,1.942533,0.42,NG-MGRID-02-03,NG-SOV-PART-000001,ENVIRONMENTAL_SAMPLE_RENDER_FOOTPRINT,DERIVED_REFERENCE_NOT_PHYSICAL_FEATURE_BOUNDARY,false,terrain standard render-plan uses 0.42 degree sample spacing,SHARED_REFERENCE
NG-SCELL-000698,NG-SPT-000698,36.82,1.732533,36.61,37.03,1.522533,1.942533,0.42,NG-MGRID-02-03,NG-SOV-PART-000001,ENVIRONMENTAL_SAMPLE_RENDER_FOOTPRINT,DERIVED_REFERENCE_NOT_PHYSICAL_FEATURE_BOUNDARY,false,terrain standard render-plan uses 0.42 degree sample spacing,SHARED_REFERENCE
NG-SCELL-000699,NG-SPT-000699,37.24,1.732533,37.03,37.45,1.522533,1.942533,0.42,NG-MGRID-02-03,NG-SOV-PART-000001,ENVIRONMENTAL_SAMPLE_RENDER_FOOTPRINT,DERIVED_REFERENCE_NOT_PHYSICAL_FEATURE_BOUNDARY,false,terrain standard render-plan uses 0.42 degree sample spacing,SHARED_REFERENCE
NG-SCELL-000700,NG-SPT-000700,37.66,1.732533,37.45,37.87,1.522533,1.942533,0.42,NG-MGRID-02-03,NG-SOV-PART-000001,ENVIRONMENTAL_SAMPLE_RENDER_FOOTPRINT,DERIVED_REFERENCE_NOT_PHYSICAL_FEATURE_BOUNDARY,false,terrain standard render-plan uses 0.42 degree sample spacing,SHARED_REFERENCE
NG-SCELL-000701,NG-SPT-000701,38.08,1.732533,37.87,38.29,1.522533,1.942533,0.42,NG-MGRID-02-03,NG-SOV-PART-000001,ENVIRONMENTAL_SAMPLE_RENDER_FOOTPRINT,DERIVED_REFERENCE_NOT_PHYSICAL_FEATURE_BOUNDARY,false,terrain standard render-plan uses 0.42 degree sample spacing,SHARED_REFERENCE
NG-SCELL-000702,NG-SPT-000702,38.5,1.732533,38.29,38.71,1.522533,1.942533,0.42,NG-MGRID-02-03,NG-SOV-PART-000001,ENVIRONMENTAL_SAMPLE_RENDER_FOOTPRINT,DERIVED_REFERENCE_NOT_PHYSICAL_FEATURE_BOUNDARY,false,terrain standard render-plan uses 0.42 degree sample spacing,SHARED_REFERENCE
NG-SCELL-000703,NG-SPT-000703,38.92,1.732533,38.71,39.13,1.522533,1.942533,0.42,NG-MGRID-02-03,NG-SOV-PART-000001,ENVIRONMENTAL_SAMPLE_RENDER_FOOTPRINT,DERIVED_REFERENCE_NOT_PHYSICAL_FEATURE_BOUNDARY,false,terrain standard render-plan uses 0.42 degree sample spacing,SHARED_REFERENCE
NG-SCELL-000704,NG-SPT-000704,39.34,1.732533,39.13,39.55,1.522533,1.942533,0.42,NG-MGRID-02-03,NG-SOV-PART-000001,ENVIRONMENTAL_SAMPLE_RENDER_FOOTPRINT,DERIVED_REFERENCE_NOT_PHYSICAL_FEATURE_BOUNDARY,false,terrain standard render-plan uses 0.42 degree sample spacing,SHARED_REFERENCE
NG-SCELL-000705,NG-SPT-000705,39.76,1.732533,39.55,39.97,1.522533,1.942533,0.42,NG-MGRID-02-03,NG-SOV-PART-000001,ENVIRONMENTAL_SAMPLE_RENDER_FOOTPRINT,DERIVED_REFERENCE_NOT_PHYSICAL_FEATURE_BOUNDARY,false,terrain standard render-plan uses 0.42 degree sample spacing,SHARED_REFERENCE
NG-SCELL-000706,NG-SPT-000706,40.18,1.732533,39.97,40.39,1.522533,1.942533,0.42,NG-MGRID-02-04,NG-SOV-PART-000001,ENVIRONMENTAL_SAMPLE_RENDER_FOOTPRINT,DERIVED_REFERENCE_NOT_PHYSICAL_FEATURE_BOUNDARY,false,terrain standard render-plan uses 0.42 degree sample spacing,SHARED_REFERENCE
NG-SCELL-000707,NG-SPT-000707,40.6,1.732533,40.39,40.81,1.522533,1.942533,0.42,NG-MGRID-02-04,NG-SOV-PART-000001,ENVIRONMENTAL_SAMPLE_RENDER_FOOTPRINT,DERIVED_REFERENCE_NOT_PHYSICAL_FEATURE_BOUNDARY,false,terrain standard render-plan uses 0.42 degree sample spacing,SHARED_REFERENCE
NG-SCELL-000708,NG-SPT-000708,41.02,1.732533,40.81,41.23,1.522533,1.942533,0.42,NG-MGRID-02-04,NG-SOV-PART-000001,ENVIRONMENTAL_SAMPLE_RENDER_FOOTPRINT,DERIVED_REFERENCE_NOT_PHYSICAL_FEATURE_BOUNDARY,false,terrain standard render-plan uses 0.42 degree sample spacing,SHARED_REFERENCE
NG-SCELL-000709,NG-SPT-000709,41.44,1.732533,41.23,41.65,1.522533,1.942533,0.42,NG-MGRID-02-04,NG-SOV-PART-000001,ENVIRONMENTAL_SAMPLE_RENDER_FOOTPRINT,DERIVED_REFERENCE_NOT_PHYSICAL_FEATURE_BOUNDARY,false,terrain standard render-plan uses 0.42 degree sample spacing,SHARED_REFERENCE
NG-SCELL-000710,NG-SPT-000710,41.86,1.732533,41.65,42.07,1.522533,1.942533,0.42,NG-MGRID-02-04,NG-SOV-PART-000001,ENVIRONMENTAL_SAMPLE_RENDER_FOOTPRINT,DERIVED_REFERENCE_NOT_PHYSICAL_FEATURE_BOUNDARY,false,terrain standard render-plan uses 0.42 degree sample spacing,SHARED_REFERENCE
NG-SCELL-000711,NG-SPT-000711,42.28,1.732533,42.07,42.49,1.522533,1.942533,0.42,NG-MGRID-02-04,NG-SOV-PART-000001,ENVIRONMENTAL_SAMPLE_RENDER_FOOTPRINT,DERIVED_REFERENCE_NOT_PHYSICAL_FEATURE_BOUNDARY,false,terrain standard render-plan uses 0.42 degree sample spacing,SHARED_REFERENCE
NG-SCELL-000712,NG-SPT-000712,42.7,1.732533,42.49,42.91,1.522533,1.942533,0.42,NG-MGRID-02-04,NG-SOV-PART-000001,ENVIRONMENTAL_SAMPLE_RENDER_FOOTPRINT,DERIVED_REFERENCE_NOT_PHYSICAL_FEATURE_BOUNDARY,false,terrain standard render-plan uses 0.42 degree sample spacing,SHARED_REFERENCE
NG-SCELL-000713,NG-SPT-000713,43.12,1.732533,42.91,43.33,1.522533,1.942533,0.42,NG-MGRID-02-04,NG-SOV-PART-000001,ENVIRONMENTAL_SAMPLE_RENDER_FOOTPRINT,DERIVED_REFERENCE_NOT_PHYSICAL_FEATURE_BOUNDARY,false,terrain standard render-plan uses 0.42 degree sample spacing,SHARED_REFERENCE
NG-SCELL-000714,NG-SPT-000714,43.54,1.732533,43.33,43.75,1.522533,1.942533,0.42,NG-MGRID-02-04,NG-SOV-PART-000001,ENVIRONMENTAL_SAMPLE_RENDER_FOOTPRINT,DERIVED_REFERENCE_NOT_PHYSICAL_FEATURE_BOUNDARY,false,terrain standard render-plan uses 0.42 degree sample spacing,SHARED_REFERENCE
NG-SCELL-000715,NG-SPT-000715,29.68,2.152533,29.47,29.89,1.942533,2.362533,0.42,NG-MGRID-02-01,NG-SOV-PART-000001,ENVIRONMENTAL_SAMPLE_RENDER_FOOTPRINT,DERIVED_REFERENCE_NOT_PHYSICAL_FEATURE_BOUNDARY,false,terrain standard render-plan uses 0.42 degree sample spacing,SHARED_REFERENCE
NG-SCELL-000716,NG-SPT-000716,30.1,2.152533,29.89,30.31,1.942533,2.362533,0.42,NG-MGRID-02-02,NG-SOV-PART-000001,ENVIRONMENTAL_SAMPLE_RENDER_FOOTPRINT,DERIVED_REFERENCE_NOT_PHYSICAL_FEATURE_BOUNDARY,false,terrain standard render-plan uses 0.42 degree sample spacing,SHARED_REFERENCE
NG-SCELL-000717,NG-SPT-000717,30.52,2.152533,30.31,30.73,1.942533,2.362533,0.42,NG-MGRID-02-02,NG-SOV-PART-000001,ENVIRONMENTAL_SAMPLE_RENDER_FOOTPRINT,DERIVED_REFERENCE_NOT_PHYSICAL_FEATURE_BOUNDARY,false,terrain standard render-plan uses 0.42 degree sample spacing,SHARED_REFERENCE
NG-SCELL-000718,NG-SPT-000718,30.94,2.152533,30.73,31.15,1.942533,2.362533,0.42,NG-MGRID-02-02,NG-SOV-PART-000001,ENVIRONMENTAL_SAMPLE_RENDER_FOOTPRINT,DERIVED_REFERENCE_NOT_PHYSICAL_FEATURE_BOUNDARY,false,terrain standard render-plan uses 0.42 degree sample spacing,SHARED_REFERENCE
NG-SCELL-000719,NG-SPT-000719,31.36,2.152533,31.15,31.57,1.942533,2.362533,0.42,NG-MGRID-02-02,NG-SOV-PART-000001,ENVIRONMENTAL_SAMPLE_RENDER_FOOTPRINT,DERIVED_REFERENCE_NOT_PHYSICAL_FEATURE_BOUNDARY,false,terrain standard render-plan uses 0.42 degree sample spacing,SHARED_REFERENCE
NG-SCELL-000720,NG-SPT-000720,31.78,2.152533,31.57,31.99,1.942533,2.362533,0.42,NG-MGRID-02-02,NG-SOV-PART-000001,ENVIRONMENTAL_SAMPLE_RENDER_FOOTPRINT,DERIVED_REFERENCE_NOT_PHYSICAL_FEATURE_BOUNDARY,false,terrain standard render-plan uses 0.42 degree sample spacing,SHARED_REFERENCE
NG-SCELL-000721,NG-SPT-000721,32.2,2.152533,31.99,32.41,1.942533,2.362533,0.42,NG-MGRID-02-02,NG-SOV-PART-000001,ENVIRONMENTAL_SAMPLE_RENDER_FOOTPRINT,DERIVED_REFERENCE_NOT_PHYSICAL_FEATURE_BOUNDARY,false,terrain standard render-plan uses 0.42 degree sample spacing,SHARED_REFERENCE
NG-SCELL-000722,NG-SPT-000722,32.62,2.152533,32.41,32.83,1.942533,2.362533,0.42,NG-MGRID-02-02,NG-SOV-PART-000001,ENVIRONMENTAL_SAMPLE_RENDER_FOOTPRINT,DERIVED_REFERENCE_NOT_PHYSICAL_FEATURE_BOUNDARY,false,terrain standard render-plan uses 0.42 degree sample spacing,SHARED_REFERENCE
NG-SCELL-000723,NG-SPT-000723,33.04,2.152533,32.83,33.25,1.942533,2.362533,0.42,NG-MGRID-02-02,NG-SOV-PART-000001,ENVIRONMENTAL_SAMPLE_RENDER_FOOTPRINT,DERIVED_REFERENCE_NOT_PHYSICAL_FEATURE_BOUNDARY,false,terrain standard render-plan uses 0.42 degree sample spacing,SHARED_REFERENCE
NG-SCELL-000724,NG-SPT-000724,33.46,2.152533,33.25,33.67,1.942533,2.362533,0.42,NG-MGRID-02-02,NG-SOV-PART-000001,ENVIRONMENTAL_SAMPLE_RENDER_FOOTPRINT,DERIVED_REFERENCE_NOT_PHYSICAL_FEATURE_BOUNDARY,false,terrain standard render-plan uses 0.42 degree sample spacing,SHARED_REFERENCE
NG-SCELL-000725,NG-SPT-000725,33.88,2.152533,33.67,34.09,1.942533,2.362533,0.42,NG-MGRID-02-02,NG-SOV-PART-000001,ENVIRONMENTAL_SAMPLE_RENDER_FOOTPRINT,DERIVED_REFERENCE_NOT_PHYSICAL_FEATURE_BOUNDARY,false,terrain standard render-plan uses 0.42 degree sample spacing,SHARED_REFERENCE
NG-SCELL-000726,NG-SPT-000726,34.3,2.152533,34.09,34.51,1.942533,2.362533,0.42,NG-MGRID-02-02,NG-SOV-PART-000001,ENVIRONMENTAL_SAMPLE_RENDER_FOOTPRINT,DERIVED_REFERENCE_NOT_PHYSICAL_FEATURE_BOUNDARY,false,terrain standard render-plan uses 0.42 degree sample spacing,SHARED_REFERENCE
NG-SCELL-000727,NG-SPT-000727,34.72,2.152533,34.51,34.93,1.942533,2.362533,0.42,NG-MGRID-02-02,NG-SOV-PART-000001,ENVIRONMENTAL_SAMPLE_RENDER_FOOTPRINT,DERIVED_REFERENCE_NOT_PHYSICAL_FEATURE_BOUNDARY,false,terrain standard render-plan uses 0.42 degree sample spacing,SHARED_REFERENCE
NG-SCELL-000728,NG-SPT-000728,35.14,2.152533,34.93,35.35,1.942533,2.362533,0.42,NG-MGRID-02-03,NG-SOV-PART-000001,ENVIRONMENTAL_SAMPLE_RENDER_FOOTPRINT,DERIVED_REFERENCE_NOT_PHYSICAL_FEATURE_BOUNDARY,false,terrain standard render-plan uses 0.42 degree sample spacing,SHARED_REFERENCE
NG-SCELL-000729,NG-SPT-000729,35.56,2.152533,35.35,35.77,1.942533,2.362533,0.42,NG-MGRID-02-03,NG-SOV-PART-000001,ENVIRONMENTAL_SAMPLE_RENDER_FOOTPRINT,DERIVED_REFERENCE_NOT_PHYSICAL_FEATURE_BOUNDARY,false,terrain standard render-plan uses 0.42 degree sample spacing,SHARED_REFERENCE
NG-SCELL-000730,NG-SPT-000730,35.98,2.152533,35.77,36.19,1.942533,2.362533,0.42,NG-MGRID-02-03,NG-SOV-PART-000001,ENVIRONMENTAL_SAMPLE_RENDER_FOOTPRINT,DERIVED_REFERENCE_NOT_PHYSICAL_FEATURE_BOUNDARY,false,terrain standard render-plan uses 0.42 degree sample spacing,SHARED_REFERENCE
NG-SCELL-000731,NG-SPT-000731,36.4,2.152533,36.19,36.61,1.942533,2.362533,0.42,NG-MGRID-02-03,NG-SOV-PART-000001,ENVIRONMENTAL_SAMPLE_RENDER_FOOTPRINT,DERIVED_REFERENCE_NOT_PHYSICAL_FEATURE_BOUNDARY,false,terrain standard render-plan uses 0.42 degree sample spacing,SHARED_REFERENCE
NG-SCELL-000732,NG-SPT-000732,36.82,2.152533,36.61,37.03,1.942533,2.362533,0.42,NG-MGRID-02-03,NG-SOV-PART-000001,ENVIRONMENTAL_SAMPLE_RENDER_FOOTPRINT,DERIVED_REFERENCE_NOT_PHYSICAL_FEATURE_BOUNDARY,false,terrain standard render-plan uses 0.42 degree sample spacing,SHARED_REFERENCE
NG-SCELL-000733,NG-SPT-000733,37.24,2.152533,37.03,37.45,1.942533,2.362533,0.42,NG-MGRID-02-03,NG-SOV-PART-000001,ENVIRONMENTAL_SAMPLE_RENDER_FOOTPRINT,DERIVED_REFERENCE_NOT_PHYSICAL_FEATURE_BOUNDARY,false,terrain standard render-plan uses 0.42 degree sample spacing,SHARED_REFERENCE
NG-SCELL-000734,NG-SPT-000734,37.66,2.152533,37.45,37.87,1.942533,2.362533,0.42,NG-MGRID-02-03,NG-SOV-PART-000001,ENVIRONMENTAL_SAMPLE_RENDER_FOOTPRINT,DERIVED_REFERENCE_NOT_PHYSICAL_FEATURE_BOUNDARY,false,terrain standard render-plan uses 0.42 degree sample spacing,SHARED_REFERENCE
NG-SCELL-000735,NG-SPT-000735,38.08,2.152533,37.87,38.29,1.942533,2.362533,0.42,NG-MGRID-02-03,NG-SOV-PART-000001,ENVIRONMENTAL_SAMPLE_RENDER_FOOTPRINT,DERIVED_REFERENCE_NOT_PHYSICAL_FEATURE_BOUNDARY,false,terrain standard render-plan uses 0.42 degree sample spacing,SHARED_REFERENCE
NG-SCELL-000736,NG-SPT-000736,38.5,2.152533,38.29,38.71,1.942533,2.362533,0.42,NG-MGRID-02-03,NG-SOV-PART-000001,ENVIRONMENTAL_SAMPLE_RENDER_FOOTPRINT,DERIVED_REFERENCE_NOT_PHYSICAL_FEATURE_BOUNDARY,false,terrain standard render-plan uses 0.42 degree sample spacing,SHARED_REFERENCE
NG-SCELL-000737,NG-SPT-000737,38.92,2.152533,38.71,39.13,1.942533,2.362533,0.42,NG-MGRID-02-03,NG-SOV-PART-000001,ENVIRONMENTAL_SAMPLE_RENDER_FOOTPRINT,DERIVED_REFERENCE_NOT_PHYSICAL_FEATURE_BOUNDARY,false,terrain standard render-plan uses 0.42 degree sample spacing,SHARED_REFERENCE
NG-SCELL-000738,NG-SPT-000738,39.34,2.152533,39.13,39.55,1.942533,2.362533,0.42,NG-MGRID-02-03,NG-SOV-PART-000001,ENVIRONMENTAL_SAMPLE_RENDER_FOOTPRINT,DERIVED_REFERENCE_NOT_PHYSICAL_FEATURE_BOUNDARY,false,terrain standard render-plan uses 0.42 degree sample spacing,SHARED_REFERENCE
NG-SCELL-000739,NG-SPT-000739,39.76,2.152533,39.55,39.97,1.942533,2.362533,0.42,NG-MGRID-02-03,NG-SOV-PART-000001,ENVIRONMENTAL_SAMPLE_RENDER_FOOTPRINT,DERIVED_REFERENCE_NOT_PHYSICAL_FEATURE_BOUNDARY,false,terrain standard render-plan uses 0.42 degree sample spacing,SHARED_REFERENCE
NG-SCELL-000740,NG-SPT-000740,40.18,2.152533,39.97,40.39,1.942533,2.362533,0.42,NG-MGRID-02-04,NG-SOV-PART-000001,ENVIRONMENTAL_SAMPLE_RENDER_FOOTPRINT,DERIVED_REFERENCE_NOT_PHYSICAL_FEATURE_BOUNDARY,false,terrain standard render-plan uses 0.42 degree sample spacing,SHARED_REFERENCE
NG-SCELL-000741,NG-SPT-000741,40.6,2.152533,40.39,40.81,1.942533,2.362533,0.42,NG-MGRID-02-04,NG-SOV-PART-000001,ENVIRONMENTAL_SAMPLE_RENDER_FOOTPRINT,DERIVED_REFERENCE_NOT_PHYSICAL_FEATURE_BOUNDARY,false,terrain standard render-plan uses 0.42 degree sample spacing,SHARED_REFERENCE
NG-SCELL-000742,NG-SPT-000742,41.02,2.152533,40.81,41.23,1.942533,2.362533,0.42,NG-MGRID-02-04,NG-SOV-PART-000001,ENVIRONMENTAL_SAMPLE_RENDER_FOOTPRINT,DERIVED_REFERENCE_NOT_PHYSICAL_FEATURE_BOUNDARY,false,terrain standard render-plan uses 0.42 degree sample spacing,SHARED_REFERENCE
NG-SCELL-000743,NG-SPT-000743,41.44,2.152533,41.23,41.65,1.942533,2.362533,0.42,NG-MGRID-02-04,NG-SOV-PART-000001,ENVIRONMENTAL_SAMPLE_RENDER_FOOTPRINT,DERIVED_REFERENCE_NOT_PHYSICAL_FEATURE_BOUNDARY,false,terrain standard render-plan uses 0.42 degree sample spacing,SHARED_REFERENCE
NG-SCELL-000744,NG-SPT-000744,41.86,2.152533,41.65,42.07,1.942533,2.362533,0.42,NG-MGRID-02-04,NG-SOV-PART-000001,ENVIRONMENTAL_SAMPLE_RENDER_FOOTPRINT,DERIVED_REFERENCE_NOT_PHYSICAL_FEATURE_BOUNDARY,false,terrain standard render-plan uses 0.42 degree sample spacing,SHARED_REFERENCE
NG-SCELL-000745,NG-SPT-000745,42.28,2.152533,42.07,42.49,1.942533,2.362533,0.42,NG-MGRID-02-04,NG-SOV-PART-000001,ENVIRONMENTAL_SAMPLE_RENDER_FOOTPRINT,DERIVED_REFERENCE_NOT_PHYSICAL_FEATURE_BOUNDARY,false,terrain standard render-plan uses 0.42 degree sample spacing,SHARED_REFERENCE
NG-SCELL-000746,NG-SPT-000746,42.7,2.152533,42.49,42.91,1.942533,2.362533,0.42,NG-MGRID-02-04,NG-SOV-PART-000001,ENVIRONMENTAL_SAMPLE_RENDER_FOOTPRINT,DERIVED_REFERENCE_NOT_PHYSICAL_FEATURE_BOUNDARY,false,terrain standard render-plan uses 0.42 degree sample spacing,SHARED_REFERENCE
NG-SCELL-000747,NG-SPT-000747,43.12,2.152533,42.91,43.33,1.942533,2.362533,0.42,NG-MGRID-02-04,NG-SOV-PART-000001,ENVIRONMENTAL_SAMPLE_RENDER_FOOTPRINT,DERIVED_REFERENCE_NOT_PHYSICAL_FEATURE_BOUNDARY,false,terrain standard render-plan uses 0.42 degree sample spacing,SHARED_REFERENCE
NG-SCELL-000748,NG-SPT-000748,43.54,2.152533,43.33,43.75,1.942533,2.362533,0.42,NG-MGRID-02-04,NG-SOV-PART-000001,ENVIRONMENTAL_SAMPLE_RENDER_FOOTPRINT,DERIVED_REFERENCE_NOT_PHYSICAL_FEATURE_BOUNDARY,false,terrain standard render-plan uses 0.42 degree sample spacing,SHARED_REFERENCE
NG-SCELL-000749,NG-SPT-000749,43.96,2.152533,43.75,44.17,1.942533,2.362533,0.42,NG-MGRID-02-04,NG-SOV-PART-000001,ENVIRONMENTAL_SAMPLE_RENDER_FOOTPRINT,DERIVED_REFERENCE_NOT_PHYSICAL_FEATURE_BOUNDARY,false,terrain standard render-plan uses 0.42 degree sample spacing,SHARED_REFERENCE
NG-SCELL-000750,NG-SPT-000750,29.68,2.572533,29.47,29.89,2.362533,2.782533,0.42,NG-MGRID-02-01,NG-SOV-PART-000001,ENVIRONMENTAL_SAMPLE_RENDER_FOOTPRINT,DERIVED_REFERENCE_NOT_PHYSICAL_FEATURE_BOUNDARY,false,terrain standard render-plan uses 0.42 degree sample spacing,SHARED_REFERENCE
NG-SCELL-000751,NG-SPT-000751,30.1,2.572533,29.89,30.31,2.362533,2.782533,0.42,NG-MGRID-02-02,NG-SOV-PART-000001,ENVIRONMENTAL_SAMPLE_RENDER_FOOTPRINT,DERIVED_REFERENCE_NOT_PHYSICAL_FEATURE_BOUNDARY,false,terrain standard render-plan uses 0.42 degree sample spacing,SHARED_REFERENCE
NG-SCELL-000752,NG-SPT-000752,30.52,2.572533,30.31,30.73,2.362533,2.782533,0.42,NG-MGRID-02-02,NG-SOV-PART-000001,ENVIRONMENTAL_SAMPLE_RENDER_FOOTPRINT,DERIVED_REFERENCE_NOT_PHYSICAL_FEATURE_BOUNDARY,false,terrain standard render-plan uses 0.42 degree sample spacing,SHARED_REFERENCE
NG-SCELL-000753,NG-SPT-000753,30.94,2.572533,30.73,31.15,2.362533,2.782533,0.42,NG-MGRID-02-02,NG-SOV-PART-000001,ENVIRONMENTAL_SAMPLE_RENDER_FOOTPRINT,DERIVED_REFERENCE_NOT_PHYSICAL_FEATURE_BOUNDARY,false,terrain standard render-plan uses 0.42 degree sample spacing,SHARED_REFERENCE
NG-SCELL-000754,NG-SPT-000754,31.36,2.572533,31.15,31.57,2.362533,2.782533,0.42,NG-MGRID-02-02,NG-SOV-PART-000001,ENVIRONMENTAL_SAMPLE_RENDER_FOOTPRINT,DERIVED_REFERENCE_NOT_PHYSICAL_FEATURE_BOUNDARY,false,terrain standard render-plan uses 0.42 degree sample spacing,SHARED_REFERENCE
NG-SCELL-000755,NG-SPT-000755,31.78,2.572533,31.57,31.99,2.362533,2.782533,0.42,NG-MGRID-02-02,NG-SOV-PART-000001,ENVIRONMENTAL_SAMPLE_RENDER_FOOTPRINT,DERIVED_REFERENCE_NOT_PHYSICAL_FEATURE_BOUNDARY,false,terrain standard render-plan uses 0.42 degree sample spacing,SHARED_REFERENCE
NG-SCELL-000756,NG-SPT-000756,32.2,2.572533,31.99,32.41,2.362533,2.782533,0.42,NG-MGRID-02-02,NG-SOV-PART-000001,ENVIRONMENTAL_SAMPLE_RENDER_FOOTPRINT,DERIVED_REFERENCE_NOT_PHYSICAL_FEATURE_BOUNDARY,false,terrain standard render-plan uses 0.42 degree sample spacing,SHARED_REFERENCE
NG-SCELL-000757,NG-SPT-000757,32.62,2.572533,32.41,32.83,2.362533,2.782533,0.42,NG-MGRID-02-02,NG-SOV-PART-000001,ENVIRONMENTAL_SAMPLE_RENDER_FOOTPRINT,DERIVED_REFERENCE_NOT_PHYSICAL_FEATURE_BOUNDARY,false,terrain standard render-plan uses 0.42 degree sample spacing,SHARED_REFERENCE
NG-SCELL-000758,NG-SPT-000758,33.04,2.572533,32.83,33.25,2.362533,2.782533,0.42,NG-MGRID-02-02,NG-SOV-PART-000001,ENVIRONMENTAL_SAMPLE_RENDER_FOOTPRINT,DERIVED_REFERENCE_NOT_PHYSICAL_FEATURE_BOUNDARY,false,terrain standard render-plan uses 0.42 degree sample spacing,SHARED_REFERENCE
NG-SCELL-000759,NG-SPT-000759,33.46,2.572533,33.25,33.67,2.362533,2.782533,0.42,NG-MGRID-02-02,NG-SOV-PART-000001,ENVIRONMENTAL_SAMPLE_RENDER_FOOTPRINT,DERIVED_REFERENCE_NOT_PHYSICAL_FEATURE_BOUNDARY,false,terrain standard render-plan uses 0.42 degree sample spacing,SHARED_REFERENCE
NG-SCELL-000760,NG-SPT-000760,33.88,2.572533,33.67,34.09,2.362533,2.782533,0.42,NG-MGRID-02-02,NG-SOV-PART-000001,ENVIRONMENTAL_SAMPLE_RENDER_FOOTPRINT,DERIVED_REFERENCE_NOT_PHYSICAL_FEATURE_BOUNDARY,false,terrain standard render-plan uses 0.42 degree sample spacing,SHARED_REFERENCE
NG-SCELL-000761,NG-SPT-000761,34.3,2.572533,34.09,34.51,2.362533,2.782533,0.42,NG-MGRID-02-02,NG-SOV-PART-000001,ENVIRONMENTAL_SAMPLE_RENDER_FOOTPRINT,DERIVED_REFERENCE_NOT_PHYSICAL_FEATURE_BOUNDARY,false,terrain standard render-plan uses 0.42 degree sample spacing,SHARED_REFERENCE
NG-SCELL-000762,NG-SPT-000762,34.72,2.572533,34.51,34.93,2.362533,2.782533,0.42,NG-MGRID-02-02,NG-SOV-PART-000001,ENVIRONMENTAL_SAMPLE_RENDER_FOOTPRINT,DERIVED_REFERENCE_NOT_PHYSICAL_FEATURE_BOUNDARY,false,terrain standard render-plan uses 0.42 degree sample spacing,SHARED_REFERENCE
NG-SCELL-000763,NG-SPT-000763,35.14,2.572533,34.93,35.35,2.362533,2.782533,0.42,NG-MGRID-02-03,NG-SOV-PART-000001,ENVIRONMENTAL_SAMPLE_RENDER_FOOTPRINT,DERIVED_REFERENCE_NOT_PHYSICAL_FEATURE_BOUNDARY,false,terrain standard render-plan uses 0.42 degree sample spacing,SHARED_REFERENCE
NG-SCELL-000764,NG-SPT-000764,35.56,2.572533,35.35,35.77,2.362533,2.782533,0.42,NG-MGRID-02-03,NG-SOV-PART-000001,ENVIRONMENTAL_SAMPLE_RENDER_FOOTPRINT,DERIVED_REFERENCE_NOT_PHYSICAL_FEATURE_BOUNDARY,false,terrain standard render-plan uses 0.42 degree sample spacing,SHARED_REFERENCE
NG-SCELL-000765,NG-SPT-000765,35.98,2.572533,35.77,36.19,2.362533,2.782533,0.42,NG-MGRID-02-03,NG-SOV-PART-000001,ENVIRONMENTAL_SAMPLE_RENDER_FOOTPRINT,DERIVED_REFERENCE_NOT_PHYSICAL_FEATURE_BOUNDARY,false,terrain standard render-plan uses 0.42 degree sample spacing,SHARED_REFERENCE
NG-SCELL-000766,NG-SPT-000766,36.4,2.572533,36.19,36.61,2.362533,2.782533,0.42,NG-MGRID-02-03,NG-SOV-PART-000001,ENVIRONMENTAL_SAMPLE_RENDER_FOOTPRINT,DERIVED_REFERENCE_NOT_PHYSICAL_FEATURE_BOUNDARY,false,terrain standard render-plan uses 0.42 degree sample spacing,SHARED_REFERENCE
NG-SCELL-000767,NG-SPT-000767,36.82,2.572533,36.61,37.03,2.362533,2.782533,0.42,NG-MGRID-02-03,NG-SOV-PART-000001,ENVIRONMENTAL_SAMPLE_RENDER_FOOTPRINT,DERIVED_REFERENCE_NOT_PHYSICAL_FEATURE_BOUNDARY,false,terrain standard render-plan uses 0.42 degree sample spacing,SHARED_REFERENCE
NG-SCELL-000768,NG-SPT-000768,37.24,2.572533,37.03,37.45,2.362533,2.782533,0.42,NG-MGRID-02-03,NG-SOV-PART-000001,ENVIRONMENTAL_SAMPLE_RENDER_FOOTPRINT,DERIVED_REFERENCE_NOT_PHYSICAL_FEATURE_BOUNDARY,false,terrain standard render-plan uses 0.42 degree sample spacing,SHARED_REFERENCE
NG-SCELL-000769,NG-SPT-000769,37.66,2.572533,37.45,37.87,2.362533,2.782533,0.42,NG-MGRID-02-03,NG-SOV-PART-000001,ENVIRONMENTAL_SAMPLE_RENDER_FOOTPRINT,DERIVED_REFERENCE_NOT_PHYSICAL_FEATURE_BOUNDARY,false,terrain standard render-plan uses 0.42 degree sample spacing,SHARED_REFERENCE
NG-SCELL-000770,NG-SPT-000770,38.08,2.572533,37.87,38.29,2.362533,2.782533,0.42,NG-MGRID-02-03,NG-SOV-PART-000001,ENVIRONMENTAL_SAMPLE_RENDER_FOOTPRINT,DERIVED_REFERENCE_NOT_PHYSICAL_FEATURE_BOUNDARY,false,terrain standard render-plan uses 0.42 degree sample spacing,SHARED_REFERENCE
NG-SCELL-000771,NG-SPT-000771,38.5,2.572533,38.29,38.71,2.362533,2.782533,0.42,NG-MGRID-02-03,NG-SOV-PART-000001,ENVIRONMENTAL_SAMPLE_RENDER_FOOTPRINT,DERIVED_REFERENCE_NOT_PHYSICAL_FEATURE_BOUNDARY,false,terrain standard render-plan uses 0.42 degree sample spacing,SHARED_REFERENCE
NG-SCELL-000772,NG-SPT-000772,38.92,2.572533,38.71,39.13,2.362533,2.782533,0.42,NG-MGRID-02-03,NG-SOV-PART-000001,ENVIRONMENTAL_SAMPLE_RENDER_FOOTPRINT,DERIVED_REFERENCE_NOT_PHYSICAL_FEATURE_BOUNDARY,false,terrain standard render-plan uses 0.42 degree sample spacing,SHARED_REFERENCE
NG-SCELL-000773,NG-SPT-000773,39.34,2.572533,39.13,39.55,2.362533,2.782533,0.42,NG-MGRID-02-03,NG-SOV-PART-000001,ENVIRONMENTAL_SAMPLE_RENDER_FOOTPRINT,DERIVED_REFERENCE_NOT_PHYSICAL_FEATURE_BOUNDARY,false,terrain standard render-plan uses 0.42 degree sample spacing,SHARED_REFERENCE
NG-SCELL-000774,NG-SPT-000774,39.76,2.572533,39.55,39.97,2.362533,2.782533,0.42,NG-MGRID-02-03,NG-SOV-PART-000001,ENVIRONMENTAL_SAMPLE_RENDER_FOOTPRINT,DERIVED_REFERENCE_NOT_PHYSICAL_FEATURE_BOUNDARY,false,terrain standard render-plan uses 0.42 degree sample spacing,SHARED_REFERENCE
NG-SCELL-000775,NG-SPT-000775,40.18,2.572533,39.97,40.39,2.362533,2.782533,0.42,NG-MGRID-02-04,NG-SOV-PART-000001,ENVIRONMENTAL_SAMPLE_RENDER_FOOTPRINT,DERIVED_REFERENCE_NOT_PHYSICAL_FEATURE_BOUNDARY,false,terrain standard render-plan uses 0.42 degree sample spacing,SHARED_REFERENCE
NG-SCELL-000776,NG-SPT-000776,40.6,2.572533,40.39,40.81,2.362533,2.782533,0.42,NG-MGRID-02-04,NG-SOV-PART-000001,ENVIRONMENTAL_SAMPLE_RENDER_FOOTPRINT,DERIVED_REFERENCE_NOT_PHYSICAL_FEATURE_BOUNDARY,false,terrain standard render-plan uses 0.42 degree sample spacing,SHARED_REFERENCE
NG-SCELL-000777,NG-SPT-000777,41.02,2.572533,40.81,41.23,2.362533,2.782533,0.42,NG-MGRID-02-04,NG-SOV-PART-000001,ENVIRONMENTAL_SAMPLE_RENDER_FOOTPRINT,DERIVED_REFERENCE_NOT_PHYSICAL_FEATURE_BOUNDARY,false,terrain standard render-plan uses 0.42 degree sample spacing,SHARED_REFERENCE
NG-SCELL-000778,NG-SPT-000778,41.44,2.572533,41.23,41.65,2.362533,2.782533,0.42,NG-MGRID-02-04,NG-SOV-PART-000001,ENVIRONMENTAL_SAMPLE_RENDER_FOOTPRINT,DERIVED_REFERENCE_NOT_PHYSICAL_FEATURE_BOUNDARY,false,terrain standard render-plan uses 0.42 degree sample spacing,SHARED_REFERENCE
NG-SCELL-000779,NG-SPT-000779,41.86,2.572533,41.65,42.07,2.362533,2.782533,0.42,NG-MGRID-02-04,NG-SOV-PART-000001,ENVIRONMENTAL_SAMPLE_RENDER_FOOTPRINT,DERIVED_REFERENCE_NOT_PHYSICAL_FEATURE_BOUNDARY,false,terrain standard render-plan uses 0.42 degree sample spacing,SHARED_REFERENCE
NG-SCELL-000780,NG-SPT-000780,42.28,2.572533,42.07,42.49,2.362533,2.782533,0.42,NG-MGRID-02-04,NG-SOV-PART-000001,ENVIRONMENTAL_SAMPLE_RENDER_FOOTPRINT,DERIVED_REFERENCE_NOT_PHYSICAL_FEATURE_BOUNDARY,false,terrain standard render-plan uses 0.42 degree sample spacing,SHARED_REFERENCE
NG-SCELL-000781,NG-SPT-000781,42.7,2.572533,42.49,42.91,2.362533,2.782533,0.42,NG-MGRID-02-04,NG-SOV-PART-000001,ENVIRONMENTAL_SAMPLE_RENDER_FOOTPRINT,DERIVED_REFERENCE_NOT_PHYSICAL_FEATURE_BOUNDARY,false,terrain standard render-plan uses 0.42 degree sample spacing,SHARED_REFERENCE
NG-SCELL-000782,NG-SPT-000782,43.12,2.572533,42.91,43.33,2.362533,2.782533,0.42,NG-MGRID-02-04,NG-SOV-PART-000001,ENVIRONMENTAL_SAMPLE_RENDER_FOOTPRINT,DERIVED_REFERENCE_NOT_PHYSICAL_FEATURE_BOUNDARY,false,terrain standard render-plan uses 0.42 degree sample spacing,SHARED_REFERENCE
NG-SCELL-000783,NG-SPT-000783,43.54,2.572533,43.33,43.75,2.362533,2.782533,0.42,NG-MGRID-02-04,NG-SOV-PART-000001,ENVIRONMENTAL_SAMPLE_RENDER_FOOTPRINT,DERIVED_REFERENCE_NOT_PHYSICAL_FEATURE_BOUNDARY,false,terrain standard render-plan uses 0.42 degree sample spacing,SHARED_REFERENCE
NG-SCELL-000784,NG-SPT-000784,43.96,2.572533,43.75,44.17,2.362533,2.782533,0.42,NG-MGRID-02-04,NG-SOV-PART-000001,ENVIRONMENTAL_SAMPLE_RENDER_FOOTPRINT,DERIVED_REFERENCE_NOT_PHYSICAL_FEATURE_BOUNDARY,false,terrain standard render-plan uses 0.42 degree sample spacing,SHARED_REFERENCE
NG-SCELL-000785,NG-SPT-000785,29.68,2.992533,29.47,29.89,2.782533,3.202533,0.42,NG-MGRID-02-01,NG-SOV-PART-000001,ENVIRONMENTAL_SAMPLE_RENDER_FOOTPRINT,DERIVED_REFERENCE_NOT_PHYSICAL_FEATURE_BOUNDARY,false,terrain standard render-plan uses 0.42 degree sample spacing,SHARED_REFERENCE
NG-SCELL-000786,NG-SPT-000786,30.1,2.992533,29.89,30.31,2.782533,3.202533,0.42,NG-MGRID-02-02,NG-SOV-PART-000001,ENVIRONMENTAL_SAMPLE_RENDER_FOOTPRINT,DERIVED_REFERENCE_NOT_PHYSICAL_FEATURE_BOUNDARY,false,terrain standard render-plan uses 0.42 degree sample spacing,SHARED_REFERENCE
NG-SCELL-000787,NG-SPT-000787,30.52,2.992533,30.31,30.73,2.782533,3.202533,0.42,NG-MGRID-02-02,NG-SOV-PART-000001,ENVIRONMENTAL_SAMPLE_RENDER_FOOTPRINT,DERIVED_REFERENCE_NOT_PHYSICAL_FEATURE_BOUNDARY,false,terrain standard render-plan uses 0.42 degree sample spacing,SHARED_REFERENCE
NG-SCELL-000788,NG-SPT-000788,30.94,2.992533,30.73,31.15,2.782533,3.202533,0.42,NG-MGRID-02-02,NG-SOV-PART-000001,ENVIRONMENTAL_SAMPLE_RENDER_FOOTPRINT,DERIVED_REFERENCE_NOT_PHYSICAL_FEATURE_BOUNDARY,false,terrain standard render-plan uses 0.42 degree sample spacing,SHARED_REFERENCE
NG-SCELL-000789,NG-SPT-000789,31.36,2.992533,31.15,31.57,2.782533,3.202533,0.42,NG-MGRID-02-02,NG-SOV-PART-000001,ENVIRONMENTAL_SAMPLE_RENDER_FOOTPRINT,DERIVED_REFERENCE_NOT_PHYSICAL_FEATURE_BOUNDARY,false,terrain standard render-plan uses 0.42 degree sample spacing,SHARED_REFERENCE
NG-SCELL-000790,NG-SPT-000790,31.78,2.992533,31.57,31.99,2.782533,3.202533,0.42,NG-MGRID-02-02,NG-SOV-PART-000001,ENVIRONMENTAL_SAMPLE_RENDER_FOOTPRINT,DERIVED_REFERENCE_NOT_PHYSICAL_FEATURE_BOUNDARY,false,terrain standard render-plan uses 0.42 degree sample spacing,SHARED_REFERENCE
NG-SCELL-000791,NG-SPT-000791,32.2,2.992533,31.99,32.41,2.782533,3.202533,0.42,NG-MGRID-02-02,NG-SOV-PART-000001,ENVIRONMENTAL_SAMPLE_RENDER_FOOTPRINT,DERIVED_REFERENCE_NOT_PHYSICAL_FEATURE_BOUNDARY,false,terrain standard render-plan uses 0.42 degree sample spacing,SHARED_REFERENCE
NG-SCELL-000792,NG-SPT-000792,32.62,2.992533,32.41,32.83,2.782533,3.202533,0.42,NG-MGRID-02-02,NG-SOV-PART-000001,ENVIRONMENTAL_SAMPLE_RENDER_FOOTPRINT,DERIVED_REFERENCE_NOT_PHYSICAL_FEATURE_BOUNDARY,false,terrain standard render-plan uses 0.42 degree sample spacing,SHARED_REFERENCE
NG-SCELL-000793,NG-SPT-000793,33.04,2.992533,32.83,33.25,2.782533,3.202533,0.42,NG-MGRID-02-02,NG-SOV-PART-000001,ENVIRONMENTAL_SAMPLE_RENDER_FOOTPRINT,DERIVED_REFERENCE_NOT_PHYSICAL_FEATURE_BOUNDARY,false,terrain standard render-plan uses 0.42 degree sample spacing,SHARED_REFERENCE
NG-SCELL-000794,NG-SPT-000794,33.46,2.992533,33.25,33.67,2.782533,3.202533,0.42,NG-MGRID-02-02,NG-SOV-PART-000001,ENVIRONMENTAL_SAMPLE_RENDER_FOOTPRINT,DERIVED_REFERENCE_NOT_PHYSICAL_FEATURE_BOUNDARY,false,terrain standard render-plan uses 0.42 degree sample spacing,SHARED_REFERENCE
NG-SCELL-000795,NG-SPT-000795,33.88,2.992533,33.67,34.09,2.782533,3.202533,0.42,NG-MGRID-02-02,NG-SOV-PART-000001,ENVIRONMENTAL_SAMPLE_RENDER_FOOTPRINT,DERIVED_REFERENCE_NOT_PHYSICAL_FEATURE_BOUNDARY,false,terrain standard render-plan uses 0.42 degree sample spacing,SHARED_REFERENCE
NG-SCELL-000796,NG-SPT-000796,34.3,2.992533,34.09,34.51,2.782533,3.202533,0.42,NG-MGRID-02-02,NG-SOV-PART-000001,ENVIRONMENTAL_SAMPLE_RENDER_FOOTPRINT,DERIVED_REFERENCE_NOT_PHYSICAL_FEATURE_BOUNDARY,false,terrain standard render-plan uses 0.42 degree sample spacing,SHARED_REFERENCE
NG-SCELL-000797,NG-SPT-000797,34.72,2.992533,34.51,34.93,2.782533,3.202533,0.42,NG-MGRID-02-02,NG-SOV-PART-000001,ENVIRONMENTAL_SAMPLE_RENDER_FOOTPRINT,DERIVED_REFERENCE_NOT_PHYSICAL_FEATURE_BOUNDARY,false,terrain standard render-plan uses 0.42 degree sample spacing,SHARED_REFERENCE
NG-SCELL-000798,NG-SPT-000798,35.14,2.992533,34.93,35.35,2.782533,3.202533,0.42,NG-MGRID-02-03,NG-SOV-PART-000001,ENVIRONMENTAL_SAMPLE_RENDER_FOOTPRINT,DERIVED_REFERENCE_NOT_PHYSICAL_FEATURE_BOUNDARY,false,terrain standard render-plan uses 0.42 degree sample spacing,SHARED_REFERENCE
NG-SCELL-000799,NG-SPT-000799,35.56,2.992533,35.35,35.77,2.782533,3.202533,0.42,NG-MGRID-02-03,NG-SOV-PART-000001,ENVIRONMENTAL_SAMPLE_RENDER_FOOTPRINT,DERIVED_REFERENCE_NOT_PHYSICAL_FEATURE_BOUNDARY,false,terrain standard render-plan uses 0.42 degree sample spacing,SHARED_REFERENCE
NG-SCELL-000800,NG-SPT-000800,35.98,2.992533,35.77,36.19,2.782533,3.202533,0.42,NG-MGRID-02-03,NG-SOV-PART-000001,ENVIRONMENTAL_SAMPLE_RENDER_FOOTPRINT,DERIVED_REFERENCE_NOT_PHYSICAL_FEATURE_BOUNDARY,false,terrain standard render-plan uses 0.42 degree sample spacing,SHARED_REFERENCE
NG-SCELL-000801,NG-SPT-000801,36.4,2.992533,36.19,36.61,2.782533,3.202533,0.42,NG-MGRID-02-03,NG-SOV-PART-000001,ENVIRONMENTAL_SAMPLE_RENDER_FOOTPRINT,DERIVED_REFERENCE_NOT_PHYSICAL_FEATURE_BOUNDARY,false,terrain standard render-plan uses 0.42 degree sample spacing,SHARED_REFERENCE
NG-SCELL-000802,NG-SPT-000802,36.82,2.992533,36.61,37.03,2.782533,3.202533,0.42,NG-MGRID-02-03,NG-SOV-PART-000001,ENVIRONMENTAL_SAMPLE_RENDER_FOOTPRINT,DERIVED_REFERENCE_NOT_PHYSICAL_FEATURE_BOUNDARY,false,terrain standard render-plan uses 0.42 degree sample spacing,SHARED_REFERENCE
NG-SCELL-000803,NG-SPT-000803,37.24,2.992533,37.03,37.45,2.782533,3.202533,0.42,NG-MGRID-02-03,NG-SOV-PART-000001,ENVIRONMENTAL_SAMPLE_RENDER_FOOTPRINT,DERIVED_REFERENCE_NOT_PHYSICAL_FEATURE_BOUNDARY,false,terrain standard render-plan uses 0.42 degree sample spacing,SHARED_REFERENCE
NG-SCELL-000804,NG-SPT-000804,37.66,2.992533,37.45,37.87,2.782533,3.202533,0.42,NG-MGRID-02-03,NG-SOV-PART-000001,ENVIRONMENTAL_SAMPLE_RENDER_FOOTPRINT,DERIVED_REFERENCE_NOT_PHYSICAL_FEATURE_BOUNDARY,false,terrain standard render-plan uses 0.42 degree sample spacing,SHARED_REFERENCE
NG-SCELL-000805,NG-SPT-000805,38.08,2.992533,37.87,38.29,2.782533,3.202533,0.42,NG-MGRID-02-03,NG-SOV-PART-000001,ENVIRONMENTAL_SAMPLE_RENDER_FOOTPRINT,DERIVED_REFERENCE_NOT_PHYSICAL_FEATURE_BOUNDARY,false,terrain standard render-plan uses 0.42 degree sample spacing,SHARED_REFERENCE
NG-SCELL-000806,NG-SPT-000806,38.5,2.992533,38.29,38.71,2.782533,3.202533,0.42,NG-MGRID-02-03,NG-SOV-PART-000001,ENVIRONMENTAL_SAMPLE_RENDER_FOOTPRINT,DERIVED_REFERENCE_NOT_PHYSICAL_FEATURE_BOUNDARY,false,terrain standard render-plan uses 0.42 degree sample spacing,SHARED_REFERENCE
NG-SCELL-000807,NG-SPT-000807,38.92,2.992533,38.71,39.13,2.782533,3.202533,0.42,NG-MGRID-02-03,NG-SOV-PART-000001,ENVIRONMENTAL_SAMPLE_RENDER_FOOTPRINT,DERIVED_REFERENCE_NOT_PHYSICAL_FEATURE_BOUNDARY,false,terrain standard render-plan uses 0.42 degree sample spacing,SHARED_REFERENCE
NG-SCELL-000808,NG-SPT-000808,39.34,2.992533,39.13,39.55,2.782533,3.202533,0.42,NG-MGRID-02-03,NG-SOV-PART-000001,ENVIRONMENTAL_SAMPLE_RENDER_FOOTPRINT,DERIVED_REFERENCE_NOT_PHYSICAL_FEATURE_BOUNDARY,false,terrain standard render-plan uses 0.42 degree sample spacing,SHARED_REFERENCE
NG-SCELL-000809,NG-SPT-000809,39.76,2.992533,39.55,39.97,2.782533,3.202533,0.42,NG-MGRID-02-03,NG-SOV-PART-000001,ENVIRONMENTAL_SAMPLE_RENDER_FOOTPRINT,DERIVED_REFERENCE_NOT_PHYSICAL_FEATURE_BOUNDARY,false,terrain standard render-plan uses 0.42 degree sample spacing,SHARED_REFERENCE
NG-SCELL-000810,NG-SPT-000810,40.18,2.992533,39.97,40.39,2.782533,3.202533,0.42,NG-MGRID-02-04,NG-SOV-PART-000001,ENVIRONMENTAL_SAMPLE_RENDER_FOOTPRINT,DERIVED_REFERENCE_NOT_PHYSICAL_FEATURE_BOUNDARY,false,terrain standard render-plan uses 0.42 degree sample spacing,SHARED_REFERENCE
NG-SCELL-000811,NG-SPT-000811,40.6,2.992533,40.39,40.81,2.782533,3.202533,0.42,NG-MGRID-02-04,NG-SOV-PART-000001,ENVIRONMENTAL_SAMPLE_RENDER_FOOTPRINT,DERIVED_REFERENCE_NOT_PHYSICAL_FEATURE_BOUNDARY,false,terrain standard render-plan uses 0.42 degree sample spacing,SHARED_REFERENCE
NG-SCELL-000812,NG-SPT-000812,41.02,2.992533,40.81,41.23,2.782533,3.202533,0.42,NG-MGRID-02-04,NG-SOV-PART-000001,ENVIRONMENTAL_SAMPLE_RENDER_FOOTPRINT,DERIVED_REFERENCE_NOT_PHYSICAL_FEATURE_BOUNDARY,false,terrain standard render-plan uses 0.42 degree sample spacing,SHARED_REFERENCE
NG-SCELL-000813,NG-SPT-000813,41.44,2.992533,41.23,41.65,2.782533,3.202533,0.42,NG-MGRID-02-04,NG-SOV-PART-000001,ENVIRONMENTAL_SAMPLE_RENDER_FOOTPRINT,DERIVED_REFERENCE_NOT_PHYSICAL_FEATURE_BOUNDARY,false,terrain standard render-plan uses 0.42 degree sample spacing,SHARED_REFERENCE
NG-SCELL-000814,NG-SPT-000814,41.86,2.992533,41.65,42.07,2.782533,3.202533,0.42,NG-MGRID-02-04,NG-SOV-PART-000001,ENVIRONMENTAL_SAMPLE_RENDER_FOOTPRINT,DERIVED_REFERENCE_NOT_PHYSICAL_FEATURE_BOUNDARY,false,terrain standard render-plan uses 0.42 degree sample spacing,SHARED_REFERENCE
NG-SCELL-000815,NG-SPT-000815,42.28,2.992533,42.07,42.49,2.782533,3.202533,0.42,NG-MGRID-02-04,NG-SOV-PART-000001,ENVIRONMENTAL_SAMPLE_RENDER_FOOTPRINT,DERIVED_REFERENCE_NOT_PHYSICAL_FEATURE_BOUNDARY,false,terrain standard render-plan uses 0.42 degree sample spacing,SHARED_REFERENCE
NG-SCELL-000816,NG-SPT-000816,42.7,2.992533,42.49,42.91,2.782533,3.202533,0.42,NG-MGRID-02-04,NG-SOV-PART-000001,ENVIRONMENTAL_SAMPLE_RENDER_FOOTPRINT,DERIVED_REFERENCE_NOT_PHYSICAL_FEATURE_BOUNDARY,false,terrain standard render-plan uses 0.42 degree sample spacing,SHARED_REFERENCE
NG-SCELL-000817,NG-SPT-000817,43.12,2.992533,42.91,43.33,2.782533,3.202533,0.42,NG-MGRID-02-04,NG-SOV-PART-000001,ENVIRONMENTAL_SAMPLE_RENDER_FOOTPRINT,DERIVED_REFERENCE_NOT_PHYSICAL_FEATURE_BOUNDARY,false,terrain standard render-plan uses 0.42 degree sample spacing,SHARED_REFERENCE
NG-SCELL-000818,NG-SPT-000818,43.54,2.992533,43.33,43.75,2.782533,3.202533,0.42,NG-MGRID-02-04,NG-SOV-PART-000001,ENVIRONMENTAL_SAMPLE_RENDER_FOOTPRINT,DERIVED_REFERENCE_NOT_PHYSICAL_FEATURE_BOUNDARY,false,terrain standard render-plan uses 0.42 degree sample spacing,SHARED_REFERENCE
NG-SCELL-000819,NG-SPT-000819,43.96,2.992533,43.75,44.17,2.782533,3.202533,0.42,NG-MGRID-02-04,NG-SOV-PART-000001,ENVIRONMENTAL_SAMPLE_RENDER_FOOTPRINT,DERIVED_REFERENCE_NOT_PHYSICAL_FEATURE_BOUNDARY,false,terrain standard render-plan uses 0.42 degree sample spacing,SHARED_REFERENCE
NG-SCELL-000820,NG-SPT-000820,29.68,3.412533,29.47,29.89,3.202533,3.622533,0.42,NG-MGRID-02-01,NG-SOV-PART-000001,ENVIRONMENTAL_SAMPLE_RENDER_FOOTPRINT,DERIVED_REFERENCE_NOT_PHYSICAL_FEATURE_BOUNDARY,false,terrain standard render-plan uses 0.42 degree sample spacing,SHARED_REFERENCE
NG-SCELL-000821,NG-SPT-000821,30.1,3.412533,29.89,30.31,3.202533,3.622533,0.42,NG-MGRID-02-02,NG-SOV-PART-000001,ENVIRONMENTAL_SAMPLE_RENDER_FOOTPRINT,DERIVED_REFERENCE_NOT_PHYSICAL_FEATURE_BOUNDARY,false,terrain standard render-plan uses 0.42 degree sample spacing,SHARED_REFERENCE
NG-SCELL-000822,NG-SPT-000822,30.52,3.412533,30.31,30.73,3.202533,3.622533,0.42,NG-MGRID-02-02,NG-SOV-PART-000001,ENVIRONMENTAL_SAMPLE_RENDER_FOOTPRINT,DERIVED_REFERENCE_NOT_PHYSICAL_FEATURE_BOUNDARY,false,terrain standard render-plan uses 0.42 degree sample spacing,SHARED_REFERENCE
NG-SCELL-000823,NG-SPT-000823,30.94,3.412533,30.73,31.15,3.202533,3.622533,0.42,NG-MGRID-02-02,NG-SOV-PART-000001,ENVIRONMENTAL_SAMPLE_RENDER_FOOTPRINT,DERIVED_REFERENCE_NOT_PHYSICAL_FEATURE_BOUNDARY,false,terrain standard render-plan uses 0.42 degree sample spacing,SHARED_REFERENCE
NG-SCELL-000824,NG-SPT-000824,31.36,3.412533,31.15,31.57,3.202533,3.622533,0.42,NG-MGRID-02-02,NG-SOV-PART-000001,ENVIRONMENTAL_SAMPLE_RENDER_FOOTPRINT,DERIVED_REFERENCE_NOT_PHYSICAL_FEATURE_BOUNDARY,false,terrain standard render-plan uses 0.42 degree sample spacing,SHARED_REFERENCE
NG-SCELL-000825,NG-SPT-000825,31.78,3.412533,31.57,31.99,3.202533,3.622533,0.42,NG-MGRID-02-02,NG-SOV-PART-000001,ENVIRONMENTAL_SAMPLE_RENDER_FOOTPRINT,DERIVED_REFERENCE_NOT_PHYSICAL_FEATURE_BOUNDARY,false,terrain standard render-plan uses 0.42 degree sample spacing,SHARED_REFERENCE
NG-SCELL-000826,NG-SPT-000826,32.2,3.412533,31.99,32.41,3.202533,3.622533,0.42,NG-MGRID-02-02,NG-SOV-PART-000001,ENVIRONMENTAL_SAMPLE_RENDER_FOOTPRINT,DERIVED_REFERENCE_NOT_PHYSICAL_FEATURE_BOUNDARY,false,terrain standard render-plan uses 0.42 degree sample spacing,SHARED_REFERENCE
NG-SCELL-000827,NG-SPT-000827,32.62,3.412533,32.41,32.83,3.202533,3.622533,0.42,NG-MGRID-02-02,NG-SOV-PART-000001,ENVIRONMENTAL_SAMPLE_RENDER_FOOTPRINT,DERIVED_REFERENCE_NOT_PHYSICAL_FEATURE_BOUNDARY,false,terrain standard render-plan uses 0.42 degree sample spacing,SHARED_REFERENCE
NG-SCELL-000828,NG-SPT-000828,33.04,3.412533,32.83,33.25,3.202533,3.622533,0.42,NG-MGRID-02-02,NG-SOV-PART-000001,ENVIRONMENTAL_SAMPLE_RENDER_FOOTPRINT,DERIVED_REFERENCE_NOT_PHYSICAL_FEATURE_BOUNDARY,false,terrain standard render-plan uses 0.42 degree sample spacing,SHARED_REFERENCE
NG-SCELL-000829,NG-SPT-000829,33.46,3.412533,33.25,33.67,3.202533,3.622533,0.42,NG-MGRID-02-02,NG-SOV-PART-000001,ENVIRONMENTAL_SAMPLE_RENDER_FOOTPRINT,DERIVED_REFERENCE_NOT_PHYSICAL_FEATURE_BOUNDARY,false,terrain standard render-plan uses 0.42 degree sample spacing,SHARED_REFERENCE
NG-SCELL-000830,NG-SPT-000830,33.88,3.412533,33.67,34.09,3.202533,3.622533,0.42,NG-MGRID-02-02,NG-SOV-PART-000001,ENVIRONMENTAL_SAMPLE_RENDER_FOOTPRINT,DERIVED_REFERENCE_NOT_PHYSICAL_FEATURE_BOUNDARY,false,terrain standard render-plan uses 0.42 degree sample spacing,SHARED_REFERENCE
NG-SCELL-000831,NG-SPT-000831,34.3,3.412533,34.09,34.51,3.202533,3.622533,0.42,NG-MGRID-02-02,NG-SOV-PART-000001,ENVIRONMENTAL_SAMPLE_RENDER_FOOTPRINT,DERIVED_REFERENCE_NOT_PHYSICAL_FEATURE_BOUNDARY,false,terrain standard render-plan uses 0.42 degree sample spacing,SHARED_REFERENCE
NG-SCELL-000832,NG-SPT-000832,34.72,3.412533,34.51,34.93,3.202533,3.622533,0.42,NG-MGRID-02-02,NG-SOV-PART-000001,ENVIRONMENTAL_SAMPLE_RENDER_FOOTPRINT,DERIVED_REFERENCE_NOT_PHYSICAL_FEATURE_BOUNDARY,false,terrain standard render-plan uses 0.42 degree sample spacing,SHARED_REFERENCE
NG-SCELL-000833,NG-SPT-000833,35.14,3.412533,34.93,35.35,3.202533,3.622533,0.42,NG-MGRID-02-03,NG-SOV-PART-000001,ENVIRONMENTAL_SAMPLE_RENDER_FOOTPRINT,DERIVED_REFERENCE_NOT_PHYSICAL_FEATURE_BOUNDARY,false,terrain standard render-plan uses 0.42 degree sample spacing,SHARED_REFERENCE
NG-SCELL-000834,NG-SPT-000834,35.56,3.412533,35.35,35.77,3.202533,3.622533,0.42,NG-MGRID-02-03,NG-SOV-PART-000001,ENVIRONMENTAL_SAMPLE_RENDER_FOOTPRINT,DERIVED_REFERENCE_NOT_PHYSICAL_FEATURE_BOUNDARY,false,terrain standard render-plan uses 0.42 degree sample spacing,SHARED_REFERENCE
NG-SCELL-000835,NG-SPT-000835,35.98,3.412533,35.77,36.19,3.202533,3.622533,0.42,NG-MGRID-02-03,NG-SOV-PART-000001,ENVIRONMENTAL_SAMPLE_RENDER_FOOTPRINT,DERIVED_REFERENCE_NOT_PHYSICAL_FEATURE_BOUNDARY,false,terrain standard render-plan uses 0.42 degree sample spacing,SHARED_REFERENCE
NG-SCELL-000836,NG-SPT-000836,36.4,3.412533,36.19,36.61,3.202533,3.622533,0.42,NG-MGRID-02-03,NG-SOV-PART-000001,ENVIRONMENTAL_SAMPLE_RENDER_FOOTPRINT,DERIVED_REFERENCE_NOT_PHYSICAL_FEATURE_BOUNDARY,false,terrain standard render-plan uses 0.42 degree sample spacing,SHARED_REFERENCE
NG-SCELL-000837,NG-SPT-000837,36.82,3.412533,36.61,37.03,3.202533,3.622533,0.42,NG-MGRID-02-03,NG-SOV-PART-000001,ENVIRONMENTAL_SAMPLE_RENDER_FOOTPRINT,DERIVED_REFERENCE_NOT_PHYSICAL_FEATURE_BOUNDARY,false,terrain standard render-plan uses 0.42 degree sample spacing,SHARED_REFERENCE
NG-SCELL-000838,NG-SPT-000838,37.24,3.412533,37.03,37.45,3.202533,3.622533,0.42,NG-MGRID-02-03,NG-SOV-PART-000001,ENVIRONMENTAL_SAMPLE_RENDER_FOOTPRINT,DERIVED_REFERENCE_NOT_PHYSICAL_FEATURE_BOUNDARY,false,terrain standard render-plan uses 0.42 degree sample spacing,SHARED_REFERENCE
NG-SCELL-000839,NG-SPT-000839,37.66,3.412533,37.45,37.87,3.202533,3.622533,0.42,NG-MGRID-02-03,NG-SOV-PART-000001,ENVIRONMENTAL_SAMPLE_RENDER_FOOTPRINT,DERIVED_REFERENCE_NOT_PHYSICAL_FEATURE_BOUNDARY,false,terrain standard render-plan uses 0.42 degree sample spacing,SHARED_REFERENCE
NG-SCELL-000840,NG-SPT-000840,38.08,3.412533,37.87,38.29,3.202533,3.622533,0.42,NG-MGRID-02-03,NG-SOV-PART-000001,ENVIRONMENTAL_SAMPLE_RENDER_FOOTPRINT,DERIVED_REFERENCE_NOT_PHYSICAL_FEATURE_BOUNDARY,false,terrain standard render-plan uses 0.42 degree sample spacing,SHARED_REFERENCE
NG-SCELL-000841,NG-SPT-000841,38.5,3.412533,38.29,38.71,3.202533,3.622533,0.42,NG-MGRID-02-03,NG-SOV-PART-000001,ENVIRONMENTAL_SAMPLE_RENDER_FOOTPRINT,DERIVED_REFERENCE_NOT_PHYSICAL_FEATURE_BOUNDARY,false,terrain standard render-plan uses 0.42 degree sample spacing,SHARED_REFERENCE
NG-SCELL-000842,NG-SPT-000842,38.92,3.412533,38.71,39.13,3.202533,3.622533,0.42,NG-MGRID-02-03,NG-SOV-PART-000001,ENVIRONMENTAL_SAMPLE_RENDER_FOOTPRINT,DERIVED_REFERENCE_NOT_PHYSICAL_FEATURE_BOUNDARY,false,terrain standard render-plan uses 0.42 degree sample spacing,SHARED_REFERENCE
NG-SCELL-000843,NG-SPT-000843,39.34,3.412533,39.13,39.55,3.202533,3.622533,0.42,NG-MGRID-02-03,NG-SOV-PART-000001,ENVIRONMENTAL_SAMPLE_RENDER_FOOTPRINT,DERIVED_REFERENCE_NOT_PHYSICAL_FEATURE_BOUNDARY,false,terrain standard render-plan uses 0.42 degree sample spacing,SHARED_REFERENCE
NG-SCELL-000844,NG-SPT-000844,39.76,3.412533,39.55,39.97,3.202533,3.622533,0.42,NG-MGRID-02-03,NG-SOV-PART-000001,ENVIRONMENTAL_SAMPLE_RENDER_FOOTPRINT,DERIVED_REFERENCE_NOT_PHYSICAL_FEATURE_BOUNDARY,false,terrain standard render-plan uses 0.42 degree sample spacing,SHARED_REFERENCE
NG-SCELL-000845,NG-SPT-000845,40.18,3.412533,39.97,40.39,3.202533,3.622533,0.42,NG-MGRID-02-04,NG-SOV-PART-000001,ENVIRONMENTAL_SAMPLE_RENDER_FOOTPRINT,DERIVED_REFERENCE_NOT_PHYSICAL_FEATURE_BOUNDARY,false,terrain standard render-plan uses 0.42 degree sample spacing,SHARED_REFERENCE
NG-SCELL-000846,NG-SPT-000846,40.6,3.412533,40.39,40.81,3.202533,3.622533,0.42,NG-MGRID-02-04,NG-SOV-PART-000001,ENVIRONMENTAL_SAMPLE_RENDER_FOOTPRINT,DERIVED_REFERENCE_NOT_PHYSICAL_FEATURE_BOUNDARY,false,terrain standard render-plan uses 0.42 degree sample spacing,SHARED_REFERENCE
NG-SCELL-000847,NG-SPT-000847,41.02,3.412533,40.81,41.23,3.202533,3.622533,0.42,NG-MGRID-02-04,NG-SOV-PART-000001,ENVIRONMENTAL_SAMPLE_RENDER_FOOTPRINT,DERIVED_REFERENCE_NOT_PHYSICAL_FEATURE_BOUNDARY,false,terrain standard render-plan uses 0.42 degree sample spacing,SHARED_REFERENCE
NG-SCELL-000848,NG-SPT-000848,41.44,3.412533,41.23,41.65,3.202533,3.622533,0.42,NG-MGRID-02-04,NG-SOV-PART-000001,ENVIRONMENTAL_SAMPLE_RENDER_FOOTPRINT,DERIVED_REFERENCE_NOT_PHYSICAL_FEATURE_BOUNDARY,false,terrain standard render-plan uses 0.42 degree sample spacing,SHARED_REFERENCE
NG-SCELL-000849,NG-SPT-000849,41.86,3.412533,41.65,42.07,3.202533,3.622533,0.42,NG-MGRID-02-04,NG-SOV-PART-000001,ENVIRONMENTAL_SAMPLE_RENDER_FOOTPRINT,DERIVED_REFERENCE_NOT_PHYSICAL_FEATURE_BOUNDARY,false,terrain standard render-plan uses 0.42 degree sample spacing,SHARED_REFERENCE
NG-SCELL-000850,NG-SPT-000850,42.28,3.412533,42.07,42.49,3.202533,3.622533,0.42,NG-MGRID-02-04,NG-SOV-PART-000001,ENVIRONMENTAL_SAMPLE_RENDER_FOOTPRINT,DERIVED_REFERENCE_NOT_PHYSICAL_FEATURE_BOUNDARY,false,terrain standard render-plan uses 0.42 degree sample spacing,SHARED_REFERENCE
NG-SCELL-000851,NG-SPT-000851,42.7,3.412533,42.49,42.91,3.202533,3.622533,0.42,NG-MGRID-02-04,NG-SOV-PART-000001,ENVIRONMENTAL_SAMPLE_RENDER_FOOTPRINT,DERIVED_REFERENCE_NOT_PHYSICAL_FEATURE_BOUNDARY,false,terrain standard render-plan uses 0.42 degree sample spacing,SHARED_REFERENCE
NG-SCELL-000852,NG-SPT-000852,43.12,3.412533,42.91,43.33,3.202533,3.622533,0.42,NG-MGRID-02-04,NG-SOV-PART-000001,ENVIRONMENTAL_SAMPLE_RENDER_FOOTPRINT,DERIVED_REFERENCE_NOT_PHYSICAL_FEATURE_BOUNDARY,false,terrain standard render-plan uses 0.42 degree sample spacing,SHARED_REFERENCE
NG-SCELL-000853,NG-SPT-000853,43.54,3.412533,43.33,43.75,3.202533,3.622533,0.42,NG-MGRID-02-04,NG-SOV-PART-000001,ENVIRONMENTAL_SAMPLE_RENDER_FOOTPRINT,DERIVED_REFERENCE_NOT_PHYSICAL_FEATURE_BOUNDARY,false,terrain standard render-plan uses 0.42 degree sample spacing,SHARED_REFERENCE
NG-SCELL-000854,NG-SPT-000854,29.68,3.832533,29.47,29.89,3.622533,4.042533,0.42,NG-MGRID-02-01,NG-SOV-PART-000001,ENVIRONMENTAL_SAMPLE_RENDER_FOOTPRINT,DERIVED_REFERENCE_NOT_PHYSICAL_FEATURE_BOUNDARY,false,terrain standard render-plan uses 0.42 degree sample spacing,SHARED_REFERENCE
NG-SCELL-000855,NG-SPT-000855,30.1,3.832533,29.89,30.31,3.622533,4.042533,0.42,NG-MGRID-02-02,NG-SOV-PART-000001,ENVIRONMENTAL_SAMPLE_RENDER_FOOTPRINT,DERIVED_REFERENCE_NOT_PHYSICAL_FEATURE_BOUNDARY,false,terrain standard render-plan uses 0.42 degree sample spacing,SHARED_REFERENCE
NG-SCELL-000856,NG-SPT-000856,30.52,3.832533,30.31,30.73,3.622533,4.042533,0.42,NG-MGRID-02-02,NG-SOV-PART-000001,ENVIRONMENTAL_SAMPLE_RENDER_FOOTPRINT,DERIVED_REFERENCE_NOT_PHYSICAL_FEATURE_BOUNDARY,false,terrain standard render-plan uses 0.42 degree sample spacing,SHARED_REFERENCE
NG-SCELL-000857,NG-SPT-000857,30.94,3.832533,30.73,31.15,3.622533,4.042533,0.42,NG-MGRID-02-02,NG-SOV-PART-000001,ENVIRONMENTAL_SAMPLE_RENDER_FOOTPRINT,DERIVED_REFERENCE_NOT_PHYSICAL_FEATURE_BOUNDARY,false,terrain standard render-plan uses 0.42 degree sample spacing,SHARED_REFERENCE
NG-SCELL-000858,NG-SPT-000858,31.36,3.832533,31.15,31.57,3.622533,4.042533,0.42,NG-MGRID-02-02,NG-SOV-PART-000001,ENVIRONMENTAL_SAMPLE_RENDER_FOOTPRINT,DERIVED_REFERENCE_NOT_PHYSICAL_FEATURE_BOUNDARY,false,terrain standard render-plan uses 0.42 degree sample spacing,SHARED_REFERENCE
NG-SCELL-000859,NG-SPT-000859,31.78,3.832533,31.57,31.99,3.622533,4.042533,0.42,NG-MGRID-02-02,NG-SOV-PART-000001,ENVIRONMENTAL_SAMPLE_RENDER_FOOTPRINT,DERIVED_REFERENCE_NOT_PHYSICAL_FEATURE_BOUNDARY,false,terrain standard render-plan uses 0.42 degree sample spacing,SHARED_REFERENCE
NG-SCELL-000860,NG-SPT-000860,32.2,3.832533,31.99,32.41,3.622533,4.042533,0.42,NG-MGRID-02-02,NG-SOV-PART-000001,ENVIRONMENTAL_SAMPLE_RENDER_FOOTPRINT,DERIVED_REFERENCE_NOT_PHYSICAL_FEATURE_BOUNDARY,false,terrain standard render-plan uses 0.42 degree sample spacing,SHARED_REFERENCE
NG-SCELL-000861,NG-SPT-000861,32.62,3.832533,32.41,32.83,3.622533,4.042533,0.42,NG-MGRID-02-02,NG-SOV-PART-000001,ENVIRONMENTAL_SAMPLE_RENDER_FOOTPRINT,DERIVED_REFERENCE_NOT_PHYSICAL_FEATURE_BOUNDARY,false,terrain standard render-plan uses 0.42 degree sample spacing,SHARED_REFERENCE
NG-SCELL-000862,NG-SPT-000862,33.04,3.832533,32.83,33.25,3.622533,4.042533,0.42,NG-MGRID-02-02,NG-SOV-PART-000001,ENVIRONMENTAL_SAMPLE_RENDER_FOOTPRINT,DERIVED_REFERENCE_NOT_PHYSICAL_FEATURE_BOUNDARY,false,terrain standard render-plan uses 0.42 degree sample spacing,SHARED_REFERENCE
NG-SCELL-000863,NG-SPT-000863,33.46,3.832533,33.25,33.67,3.622533,4.042533,0.42,NG-MGRID-02-02,NG-SOV-PART-000001,ENVIRONMENTAL_SAMPLE_RENDER_FOOTPRINT,DERIVED_REFERENCE_NOT_PHYSICAL_FEATURE_BOUNDARY,false,terrain standard render-plan uses 0.42 degree sample spacing,SHARED_REFERENCE
NG-SCELL-000864,NG-SPT-000864,33.88,3.832533,33.67,34.09,3.622533,4.042533,0.42,NG-MGRID-02-02,NG-SOV-PART-000001,ENVIRONMENTAL_SAMPLE_RENDER_FOOTPRINT,DERIVED_REFERENCE_NOT_PHYSICAL_FEATURE_BOUNDARY,false,terrain standard render-plan uses 0.42 degree sample spacing,SHARED_REFERENCE
NG-SCELL-000865,NG-SPT-000865,34.3,3.832533,34.09,34.51,3.622533,4.042533,0.42,NG-MGRID-02-02,NG-SOV-PART-000001,ENVIRONMENTAL_SAMPLE_RENDER_FOOTPRINT,DERIVED_REFERENCE_NOT_PHYSICAL_FEATURE_BOUNDARY,false,terrain standard render-plan uses 0.42 degree sample spacing,SHARED_REFERENCE
NG-SCELL-000866,NG-SPT-000866,34.72,3.832533,34.51,34.93,3.622533,4.042533,0.42,NG-MGRID-02-02,NG-SOV-PART-000001,ENVIRONMENTAL_SAMPLE_RENDER_FOOTPRINT,DERIVED_REFERENCE_NOT_PHYSICAL_FEATURE_BOUNDARY,false,terrain standard render-plan uses 0.42 degree sample spacing,SHARED_REFERENCE
NG-SCELL-000867,NG-SPT-000867,35.14,3.832533,34.93,35.35,3.622533,4.042533,0.42,NG-MGRID-02-03,NG-SOV-PART-000001,ENVIRONMENTAL_SAMPLE_RENDER_FOOTPRINT,DERIVED_REFERENCE_NOT_PHYSICAL_FEATURE_BOUNDARY,false,terrain standard render-plan uses 0.42 degree sample spacing,SHARED_REFERENCE
NG-SCELL-000868,NG-SPT-000868,35.56,3.832533,35.35,35.77,3.622533,4.042533,0.42,NG-MGRID-02-03,NG-SOV-PART-000001,ENVIRONMENTAL_SAMPLE_RENDER_FOOTPRINT,DERIVED_REFERENCE_NOT_PHYSICAL_FEATURE_BOUNDARY,false,terrain standard render-plan uses 0.42 degree sample spacing,SHARED_REFERENCE
NG-SCELL-000869,NG-SPT-000869,35.98,3.832533,35.77,36.19,3.622533,4.042533,0.42,NG-MGRID-02-03,NG-SOV-PART-000001,ENVIRONMENTAL_SAMPLE_RENDER_FOOTPRINT,DERIVED_REFERENCE_NOT_PHYSICAL_FEATURE_BOUNDARY,false,terrain standard render-plan uses 0.42 degree sample spacing,SHARED_REFERENCE
NG-SCELL-000870,NG-SPT-000870,36.4,3.832533,36.19,36.61,3.622533,4.042533,0.42,NG-MGRID-02-03,NG-SOV-PART-000001,ENVIRONMENTAL_SAMPLE_RENDER_FOOTPRINT,DERIVED_REFERENCE_NOT_PHYSICAL_FEATURE_BOUNDARY,false,terrain standard render-plan uses 0.42 degree sample spacing,SHARED_REFERENCE
NG-SCELL-000871,NG-SPT-000871,36.82,3.832533,36.61,37.03,3.622533,4.042533,0.42,NG-MGRID-02-03,NG-SOV-PART-000001,ENVIRONMENTAL_SAMPLE_RENDER_FOOTPRINT,DERIVED_REFERENCE_NOT_PHYSICAL_FEATURE_BOUNDARY,false,terrain standard render-plan uses 0.42 degree sample spacing,SHARED_REFERENCE
NG-SCELL-000872,NG-SPT-000872,37.24,3.832533,37.03,37.45,3.622533,4.042533,0.42,NG-MGRID-02-03,NG-SOV-PART-000001,ENVIRONMENTAL_SAMPLE_RENDER_FOOTPRINT,DERIVED_REFERENCE_NOT_PHYSICAL_FEATURE_BOUNDARY,false,terrain standard render-plan uses 0.42 degree sample spacing,SHARED_REFERENCE
NG-SCELL-000873,NG-SPT-000873,37.66,3.832533,37.45,37.87,3.622533,4.042533,0.42,NG-MGRID-02-03,NG-SOV-PART-000001,ENVIRONMENTAL_SAMPLE_RENDER_FOOTPRINT,DERIVED_REFERENCE_NOT_PHYSICAL_FEATURE_BOUNDARY,false,terrain standard render-plan uses 0.42 degree sample spacing,SHARED_REFERENCE
NG-SCELL-000874,NG-SPT-000874,38.08,3.832533,37.87,38.29,3.622533,4.042533,0.42,NG-MGRID-02-03,NG-SOV-PART-000001,ENVIRONMENTAL_SAMPLE_RENDER_FOOTPRINT,DERIVED_REFERENCE_NOT_PHYSICAL_FEATURE_BOUNDARY,false,terrain standard render-plan uses 0.42 degree sample spacing,SHARED_REFERENCE
NG-SCELL-000875,NG-SPT-000875,38.5,3.832533,38.29,38.71,3.622533,4.042533,0.42,NG-MGRID-02-03,NG-SOV-PART-000001,ENVIRONMENTAL_SAMPLE_RENDER_FOOTPRINT,DERIVED_REFERENCE_NOT_PHYSICAL_FEATURE_BOUNDARY,false,terrain standard render-plan uses 0.42 degree sample spacing,SHARED_REFERENCE
NG-SCELL-000876,NG-SPT-000876,38.92,3.832533,38.71,39.13,3.622533,4.042533,0.42,NG-MGRID-02-03,NG-SOV-PART-000001,ENVIRONMENTAL_SAMPLE_RENDER_FOOTPRINT,DERIVED_REFERENCE_NOT_PHYSICAL_FEATURE_BOUNDARY,false,terrain standard render-plan uses 0.42 degree sample spacing,SHARED_REFERENCE
NG-SCELL-000877,NG-SPT-000877,39.34,3.832533,39.13,39.55,3.622533,4.042533,0.42,NG-MGRID-02-03,NG-SOV-PART-000001,ENVIRONMENTAL_SAMPLE_RENDER_FOOTPRINT,DERIVED_REFERENCE_NOT_PHYSICAL_FEATURE_BOUNDARY,false,terrain standard render-plan uses 0.42 degree sample spacing,SHARED_REFERENCE
NG-SCELL-000878,NG-SPT-000878,39.76,3.832533,39.55,39.97,3.622533,4.042533,0.42,NG-MGRID-02-03,NG-SOV-PART-000001,ENVIRONMENTAL_SAMPLE_RENDER_FOOTPRINT,DERIVED_REFERENCE_NOT_PHYSICAL_FEATURE_BOUNDARY,false,terrain standard render-plan uses 0.42 degree sample spacing,SHARED_REFERENCE
NG-SCELL-000879,NG-SPT-000879,40.18,3.832533,39.97,40.39,3.622533,4.042533,0.42,NG-MGRID-02-04,NG-SOV-PART-000001,ENVIRONMENTAL_SAMPLE_RENDER_FOOTPRINT,DERIVED_REFERENCE_NOT_PHYSICAL_FEATURE_BOUNDARY,false,terrain standard render-plan uses 0.42 degree sample spacing,SHARED_REFERENCE
NG-SCELL-000880,NG-SPT-000880,40.6,3.832533,40.39,40.81,3.622533,4.042533,0.42,NG-MGRID-02-04,NG-SOV-PART-000001,ENVIRONMENTAL_SAMPLE_RENDER_FOOTPRINT,DERIVED_REFERENCE_NOT_PHYSICAL_FEATURE_BOUNDARY,false,terrain standard render-plan uses 0.42 degree sample spacing,SHARED_REFERENCE
NG-SCELL-000881,NG-SPT-000881,41.02,3.832533,40.81,41.23,3.622533,4.042533,0.42,NG-MGRID-02-04,NG-SOV-PART-000001,ENVIRONMENTAL_SAMPLE_RENDER_FOOTPRINT,DERIVED_REFERENCE_NOT_PHYSICAL_FEATURE_BOUNDARY,false,terrain standard render-plan uses 0.42 degree sample spacing,SHARED_REFERENCE
NG-SCELL-000882,NG-SPT-000882,41.44,3.832533,41.23,41.65,3.622533,4.042533,0.42,NG-MGRID-02-04,NG-SOV-PART-000001,ENVIRONMENTAL_SAMPLE_RENDER_FOOTPRINT,DERIVED_REFERENCE_NOT_PHYSICAL_FEATURE_BOUNDARY,false,terrain standard render-plan uses 0.42 degree sample spacing,SHARED_REFERENCE
NG-SCELL-000883,NG-SPT-000883,41.86,3.832533,41.65,42.07,3.622533,4.042533,0.42,NG-MGRID-02-04,NG-SOV-PART-000001,ENVIRONMENTAL_SAMPLE_RENDER_FOOTPRINT,DERIVED_REFERENCE_NOT_PHYSICAL_FEATURE_BOUNDARY,false,terrain standard render-plan uses 0.42 degree sample spacing,SHARED_REFERENCE
NG-SCELL-000884,NG-SPT-000884,42.28,3.832533,42.07,42.49,3.622533,4.042533,0.42,NG-MGRID-02-04,NG-SOV-PART-000001,ENVIRONMENTAL_SAMPLE_RENDER_FOOTPRINT,DERIVED_REFERENCE_NOT_PHYSICAL_FEATURE_BOUNDARY,false,terrain standard render-plan uses 0.42 degree sample spacing,SHARED_REFERENCE
NG-SCELL-000885,NG-SPT-000885,42.7,3.832533,42.49,42.91,3.622533,4.042533,0.42,NG-MGRID-02-04,NG-SOV-PART-000001,ENVIRONMENTAL_SAMPLE_RENDER_FOOTPRINT,DERIVED_REFERENCE_NOT_PHYSICAL_FEATURE_BOUNDARY,false,terrain standard render-plan uses 0.42 degree sample spacing,SHARED_REFERENCE
NG-SCELL-000886,NG-SPT-000886,43.12,3.832533,42.91,43.33,3.622533,4.042533,0.42,NG-MGRID-02-04,NG-SOV-PART-000001,ENVIRONMENTAL_SAMPLE_RENDER_FOOTPRINT,DERIVED_REFERENCE_NOT_PHYSICAL_FEATURE_BOUNDARY,false,terrain standard render-plan uses 0.42 degree sample spacing,SHARED_REFERENCE
NG-SCELL-000887,NG-SPT-000887,44.62,3.95,44.41,44.83,3.74,4.16,0.42,NG-MGRID-02-04,NG-SOV-PART-000003,ENVIRONMENTAL_SAMPLE_RENDER_FOOTPRINT,DERIVED_REFERENCE_NOT_PHYSICAL_FEATURE_BOUNDARY,false,terrain standard render-plan uses 0.42 degree sample spacing,SHARED_REFERENCE
NG-SCELL-000888,NG-SPT-000888,30.1,4.252533,29.89,30.31,4.042533,4.462533,0.42,NG-MGRID-02-02,NG-SOV-PART-000001,ENVIRONMENTAL_SAMPLE_RENDER_FOOTPRINT,DERIVED_REFERENCE_NOT_PHYSICAL_FEATURE_BOUNDARY,false,terrain standard render-plan uses 0.42 degree sample spacing,SHARED_REFERENCE
NG-SCELL-000889,NG-SPT-000889,30.52,4.252533,30.31,30.73,4.042533,4.462533,0.42,NG-MGRID-02-02,NG-SOV-PART-000001,ENVIRONMENTAL_SAMPLE_RENDER_FOOTPRINT,DERIVED_REFERENCE_NOT_PHYSICAL_FEATURE_BOUNDARY,false,terrain standard render-plan uses 0.42 degree sample spacing,SHARED_REFERENCE
NG-SCELL-000890,NG-SPT-000890,30.94,4.252533,30.73,31.15,4.042533,4.462533,0.42,NG-MGRID-02-02,NG-SOV-PART-000001,ENVIRONMENTAL_SAMPLE_RENDER_FOOTPRINT,DERIVED_REFERENCE_NOT_PHYSICAL_FEATURE_BOUNDARY,false,terrain standard render-plan uses 0.42 degree sample spacing,SHARED_REFERENCE
NG-SCELL-000891,NG-SPT-000891,31.36,4.252533,31.15,31.57,4.042533,4.462533,0.42,NG-MGRID-02-02,NG-SOV-PART-000001,ENVIRONMENTAL_SAMPLE_RENDER_FOOTPRINT,DERIVED_REFERENCE_NOT_PHYSICAL_FEATURE_BOUNDARY,false,terrain standard render-plan uses 0.42 degree sample spacing,SHARED_REFERENCE
NG-SCELL-000892,NG-SPT-000892,31.78,4.252533,31.57,31.99,4.042533,4.462533,0.42,NG-MGRID-02-02,NG-SOV-PART-000001,ENVIRONMENTAL_SAMPLE_RENDER_FOOTPRINT,DERIVED_REFERENCE_NOT_PHYSICAL_FEATURE_BOUNDARY,false,terrain standard render-plan uses 0.42 degree sample spacing,SHARED_REFERENCE
NG-SCELL-000893,NG-SPT-000893,32.2,4.252533,31.99,32.41,4.042533,4.462533,0.42,NG-MGRID-02-02,NG-SOV-PART-000001,ENVIRONMENTAL_SAMPLE_RENDER_FOOTPRINT,DERIVED_REFERENCE_NOT_PHYSICAL_FEATURE_BOUNDARY,false,terrain standard render-plan uses 0.42 degree sample spacing,SHARED_REFERENCE
NG-SCELL-000894,NG-SPT-000894,32.62,4.252533,32.41,32.83,4.042533,4.462533,0.42,NG-MGRID-02-02,NG-SOV-PART-000001,ENVIRONMENTAL_SAMPLE_RENDER_FOOTPRINT,DERIVED_REFERENCE_NOT_PHYSICAL_FEATURE_BOUNDARY,false,terrain standard render-plan uses 0.42 degree sample spacing,SHARED_REFERENCE
NG-SCELL-000895,NG-SPT-000895,33.04,4.252533,32.83,33.25,4.042533,4.462533,0.42,NG-MGRID-02-02,NG-SOV-PART-000001,ENVIRONMENTAL_SAMPLE_RENDER_FOOTPRINT,DERIVED_REFERENCE_NOT_PHYSICAL_FEATURE_BOUNDARY,false,terrain standard render-plan uses 0.42 degree sample spacing,SHARED_REFERENCE
NG-SCELL-000896,NG-SPT-000896,33.46,4.252533,33.25,33.67,4.042533,4.462533,0.42,NG-MGRID-02-02,NG-SOV-PART-000001,ENVIRONMENTAL_SAMPLE_RENDER_FOOTPRINT,DERIVED_REFERENCE_NOT_PHYSICAL_FEATURE_BOUNDARY,false,terrain standard render-plan uses 0.42 degree sample spacing,SHARED_REFERENCE
NG-SCELL-000897,NG-SPT-000897,33.88,4.252533,33.67,34.09,4.042533,4.462533,0.42,NG-MGRID-02-02,NG-SOV-PART-000001,ENVIRONMENTAL_SAMPLE_RENDER_FOOTPRINT,DERIVED_REFERENCE_NOT_PHYSICAL_FEATURE_BOUNDARY,false,terrain standard render-plan uses 0.42 degree sample spacing,SHARED_REFERENCE
NG-SCELL-000898,NG-SPT-000898,34.3,4.252533,34.09,34.51,4.042533,4.462533,0.42,NG-MGRID-02-02,NG-SOV-PART-000001,ENVIRONMENTAL_SAMPLE_RENDER_FOOTPRINT,DERIVED_REFERENCE_NOT_PHYSICAL_FEATURE_BOUNDARY,false,terrain standard render-plan uses 0.42 degree sample spacing,SHARED_REFERENCE
NG-SCELL-000899,NG-SPT-000899,34.72,4.252533,34.51,34.93,4.042533,4.462533,0.42,NG-MGRID-02-02,NG-SOV-PART-000001,ENVIRONMENTAL_SAMPLE_RENDER_FOOTPRINT,DERIVED_REFERENCE_NOT_PHYSICAL_FEATURE_BOUNDARY,false,terrain standard render-plan uses 0.42 degree sample spacing,SHARED_REFERENCE
NG-SCELL-000900,NG-SPT-000900,35.14,4.252533,34.93,35.35,4.042533,4.462533,0.42,NG-MGRID-02-03,NG-SOV-PART-000001,ENVIRONMENTAL_SAMPLE_RENDER_FOOTPRINT,DERIVED_REFERENCE_NOT_PHYSICAL_FEATURE_BOUNDARY,false,terrain standard render-plan uses 0.42 degree sample spacing,SHARED_REFERENCE
NG-SCELL-000901,NG-SPT-000901,35.56,4.252533,35.35,35.77,4.042533,4.462533,0.42,NG-MGRID-02-03,NG-SOV-PART-000001,ENVIRONMENTAL_SAMPLE_RENDER_FOOTPRINT,DERIVED_REFERENCE_NOT_PHYSICAL_FEATURE_BOUNDARY,false,terrain standard render-plan uses 0.42 degree sample spacing,SHARED_REFERENCE
NG-SCELL-000902,NG-SPT-000902,35.98,4.252533,35.77,36.19,4.042533,4.462533,0.42,NG-MGRID-02-03,NG-SOV-PART-000001,ENVIRONMENTAL_SAMPLE_RENDER_FOOTPRINT,DERIVED_REFERENCE_NOT_PHYSICAL_FEATURE_BOUNDARY,false,terrain standard render-plan uses 0.42 degree sample spacing,SHARED_REFERENCE
NG-SCELL-000903,NG-SPT-000903,36.4,4.252533,36.19,36.61,4.042533,4.462533,0.42,NG-MGRID-02-03,NG-SOV-PART-000001,ENVIRONMENTAL_SAMPLE_RENDER_FOOTPRINT,DERIVED_REFERENCE_NOT_PHYSICAL_FEATURE_BOUNDARY,false,terrain standard render-plan uses 0.42 degree sample spacing,SHARED_REFERENCE
NG-SCELL-000904,NG-SPT-000904,36.82,4.252533,36.61,37.03,4.042533,4.462533,0.42,NG-MGRID-02-03,NG-SOV-PART-000001,ENVIRONMENTAL_SAMPLE_RENDER_FOOTPRINT,DERIVED_REFERENCE_NOT_PHYSICAL_FEATURE_BOUNDARY,false,terrain standard render-plan uses 0.42 degree sample spacing,SHARED_REFERENCE
NG-SCELL-000905,NG-SPT-000905,37.24,4.252533,37.03,37.45,4.042533,4.462533,0.42,NG-MGRID-02-03,NG-SOV-PART-000001,ENVIRONMENTAL_SAMPLE_RENDER_FOOTPRINT,DERIVED_REFERENCE_NOT_PHYSICAL_FEATURE_BOUNDARY,false,terrain standard render-plan uses 0.42 degree sample spacing,SHARED_REFERENCE
NG-SCELL-000906,NG-SPT-000906,37.66,4.252533,37.45,37.87,4.042533,4.462533,0.42,NG-MGRID-02-03,NG-SOV-PART-000001,ENVIRONMENTAL_SAMPLE_RENDER_FOOTPRINT,DERIVED_REFERENCE_NOT_PHYSICAL_FEATURE_BOUNDARY,false,terrain standard render-plan uses 0.42 degree sample spacing,SHARED_REFERENCE
NG-SCELL-000907,NG-SPT-000907,38.08,4.252533,37.87,38.29,4.042533,4.462533,0.42,NG-MGRID-02-03,NG-SOV-PART-000001,ENVIRONMENTAL_SAMPLE_RENDER_FOOTPRINT,DERIVED_REFERENCE_NOT_PHYSICAL_FEATURE_BOUNDARY,false,terrain standard render-plan uses 0.42 degree sample spacing,SHARED_REFERENCE
NG-SCELL-000908,NG-SPT-000908,38.5,4.252533,38.29,38.71,4.042533,4.462533,0.42,NG-MGRID-02-03,NG-SOV-PART-000001,ENVIRONMENTAL_SAMPLE_RENDER_FOOTPRINT,DERIVED_REFERENCE_NOT_PHYSICAL_FEATURE_BOUNDARY,false,terrain standard render-plan uses 0.42 degree sample spacing,SHARED_REFERENCE
NG-SCELL-000909,NG-SPT-000909,38.92,4.252533,38.71,39.13,4.042533,4.462533,0.42,NG-MGRID-02-03,NG-SOV-PART-000001,ENVIRONMENTAL_SAMPLE_RENDER_FOOTPRINT,DERIVED_REFERENCE_NOT_PHYSICAL_FEATURE_BOUNDARY,false,terrain standard render-plan uses 0.42 degree sample spacing,SHARED_REFERENCE
NG-SCELL-000910,NG-SPT-000910,39.34,4.252533,39.13,39.55,4.042533,4.462533,0.42,NG-MGRID-02-03,NG-SOV-PART-000001,ENVIRONMENTAL_SAMPLE_RENDER_FOOTPRINT,DERIVED_REFERENCE_NOT_PHYSICAL_FEATURE_BOUNDARY,false,terrain standard render-plan uses 0.42 degree sample spacing,SHARED_REFERENCE
NG-SCELL-000911,NG-SPT-000911,39.76,4.252533,39.55,39.97,4.042533,4.462533,0.42,NG-MGRID-02-03,NG-SOV-PART-000001,ENVIRONMENTAL_SAMPLE_RENDER_FOOTPRINT,DERIVED_REFERENCE_NOT_PHYSICAL_FEATURE_BOUNDARY,false,terrain standard render-plan uses 0.42 degree sample spacing,SHARED_REFERENCE
NG-SCELL-000912,NG-SPT-000912,40.18,4.252533,39.97,40.39,4.042533,4.462533,0.42,NG-MGRID-02-04,NG-SOV-PART-000001,ENVIRONMENTAL_SAMPLE_RENDER_FOOTPRINT,DERIVED_REFERENCE_NOT_PHYSICAL_FEATURE_BOUNDARY,false,terrain standard render-plan uses 0.42 degree sample spacing,SHARED_REFERENCE
NG-SCELL-000913,NG-SPT-000913,40.6,4.252533,40.39,40.81,4.042533,4.462533,0.42,NG-MGRID-02-04,NG-SOV-PART-000001,ENVIRONMENTAL_SAMPLE_RENDER_FOOTPRINT,DERIVED_REFERENCE_NOT_PHYSICAL_FEATURE_BOUNDARY,false,terrain standard render-plan uses 0.42 degree sample spacing,SHARED_REFERENCE
NG-SCELL-000914,NG-SPT-000914,41.02,4.252533,40.81,41.23,4.042533,4.462533,0.42,NG-MGRID-02-04,NG-SOV-PART-000001,ENVIRONMENTAL_SAMPLE_RENDER_FOOTPRINT,DERIVED_REFERENCE_NOT_PHYSICAL_FEATURE_BOUNDARY,false,terrain standard render-plan uses 0.42 degree sample spacing,SHARED_REFERENCE
NG-SCELL-000915,NG-SPT-000915,41.44,4.252533,41.23,41.65,4.042533,4.462533,0.42,NG-MGRID-02-04,NG-SOV-PART-000001,ENVIRONMENTAL_SAMPLE_RENDER_FOOTPRINT,DERIVED_REFERENCE_NOT_PHYSICAL_FEATURE_BOUNDARY,false,terrain standard render-plan uses 0.42 degree sample spacing,SHARED_REFERENCE
NG-SCELL-000916,NG-SPT-000916,41.86,4.252533,41.65,42.07,4.042533,4.462533,0.42,NG-MGRID-02-04,NG-SOV-PART-000001,ENVIRONMENTAL_SAMPLE_RENDER_FOOTPRINT,DERIVED_REFERENCE_NOT_PHYSICAL_FEATURE_BOUNDARY,false,terrain standard render-plan uses 0.42 degree sample spacing,SHARED_REFERENCE
NG-SCELL-000917,NG-SPT-000917,42.28,4.252533,42.07,42.49,4.042533,4.462533,0.42,NG-MGRID-02-04,NG-SOV-PART-000001,ENVIRONMENTAL_SAMPLE_RENDER_FOOTPRINT,DERIVED_REFERENCE_NOT_PHYSICAL_FEATURE_BOUNDARY,false,terrain standard render-plan uses 0.42 degree sample spacing,SHARED_REFERENCE
NG-SCELL-000918,NG-SPT-000918,42.7,4.252533,42.49,42.91,4.042533,4.462533,0.42,NG-MGRID-02-04,NG-SOV-PART-000001,ENVIRONMENTAL_SAMPLE_RENDER_FOOTPRINT,DERIVED_REFERENCE_NOT_PHYSICAL_FEATURE_BOUNDARY,false,terrain standard render-plan uses 0.42 degree sample spacing,SHARED_REFERENCE
NG-SCELL-000919,NG-SPT-000919,43.12,4.252533,42.91,43.33,4.042533,4.462533,0.42,NG-MGRID-02-04,NG-SOV-PART-000001,ENVIRONMENTAL_SAMPLE_RENDER_FOOTPRINT,DERIVED_REFERENCE_NOT_PHYSICAL_FEATURE_BOUNDARY,false,terrain standard render-plan uses 0.42 degree sample spacing,SHARED_REFERENCE
NG-SCELL-000920,NG-SPT-000920,30.1,4.672533,29.89,30.31,4.462533,4.882533,0.42,NG-MGRID-02-02,NG-SOV-PART-000001,ENVIRONMENTAL_SAMPLE_RENDER_FOOTPRINT,DERIVED_REFERENCE_NOT_PHYSICAL_FEATURE_BOUNDARY,false,terrain standard render-plan uses 0.42 degree sample spacing,SHARED_REFERENCE
NG-SCELL-000921,NG-SPT-000921,30.52,4.672533,30.31,30.73,4.462533,4.882533,0.42,NG-MGRID-02-02,NG-SOV-PART-000001,ENVIRONMENTAL_SAMPLE_RENDER_FOOTPRINT,DERIVED_REFERENCE_NOT_PHYSICAL_FEATURE_BOUNDARY,false,terrain standard render-plan uses 0.42 degree sample spacing,SHARED_REFERENCE
NG-SCELL-000922,NG-SPT-000922,30.94,4.672533,30.73,31.15,4.462533,4.882533,0.42,NG-MGRID-02-02,NG-SOV-PART-000001,ENVIRONMENTAL_SAMPLE_RENDER_FOOTPRINT,DERIVED_REFERENCE_NOT_PHYSICAL_FEATURE_BOUNDARY,false,terrain standard render-plan uses 0.42 degree sample spacing,SHARED_REFERENCE
NG-SCELL-000923,NG-SPT-000923,31.36,4.672533,31.15,31.57,4.462533,4.882533,0.42,NG-MGRID-02-02,NG-SOV-PART-000001,ENVIRONMENTAL_SAMPLE_RENDER_FOOTPRINT,DERIVED_REFERENCE_NOT_PHYSICAL_FEATURE_BOUNDARY,false,terrain standard render-plan uses 0.42 degree sample spacing,SHARED_REFERENCE
NG-SCELL-000924,NG-SPT-000924,31.78,4.672533,31.57,31.99,4.462533,4.882533,0.42,NG-MGRID-02-02,NG-SOV-PART-000001,ENVIRONMENTAL_SAMPLE_RENDER_FOOTPRINT,DERIVED_REFERENCE_NOT_PHYSICAL_FEATURE_BOUNDARY,false,terrain standard render-plan uses 0.42 degree sample spacing,SHARED_REFERENCE
NG-SCELL-000925,NG-SPT-000925,32.2,4.672533,31.99,32.41,4.462533,4.882533,0.42,NG-MGRID-02-02,NG-SOV-PART-000001,ENVIRONMENTAL_SAMPLE_RENDER_FOOTPRINT,DERIVED_REFERENCE_NOT_PHYSICAL_FEATURE_BOUNDARY,false,terrain standard render-plan uses 0.42 degree sample spacing,SHARED_REFERENCE
NG-SCELL-000926,NG-SPT-000926,32.62,4.672533,32.41,32.83,4.462533,4.882533,0.42,NG-MGRID-02-02,NG-SOV-PART-000001,ENVIRONMENTAL_SAMPLE_RENDER_FOOTPRINT,DERIVED_REFERENCE_NOT_PHYSICAL_FEATURE_BOUNDARY,false,terrain standard render-plan uses 0.42 degree sample spacing,SHARED_REFERENCE
NG-SCELL-000927,NG-SPT-000927,33.04,4.672533,32.83,33.25,4.462533,4.882533,0.42,NG-MGRID-02-02,NG-SOV-PART-000001,ENVIRONMENTAL_SAMPLE_RENDER_FOOTPRINT,DERIVED_REFERENCE_NOT_PHYSICAL_FEATURE_BOUNDARY,false,terrain standard render-plan uses 0.42 degree sample spacing,SHARED_REFERENCE
NG-SCELL-000928,NG-SPT-000928,33.46,4.672533,33.25,33.67,4.462533,4.882533,0.42,NG-MGRID-02-02,NG-SOV-PART-000001,ENVIRONMENTAL_SAMPLE_RENDER_FOOTPRINT,DERIVED_REFERENCE_NOT_PHYSICAL_FEATURE_BOUNDARY,false,terrain standard render-plan uses 0.42 degree sample spacing,SHARED_REFERENCE
NG-SCELL-000929,NG-SPT-000929,33.88,4.672533,33.67,34.09,4.462533,4.882533,0.42,NG-MGRID-02-02,NG-SOV-PART-000001,ENVIRONMENTAL_SAMPLE_RENDER_FOOTPRINT,DERIVED_REFERENCE_NOT_PHYSICAL_FEATURE_BOUNDARY,false,terrain standard render-plan uses 0.42 degree sample spacing,SHARED_REFERENCE
NG-SCELL-000930,NG-SPT-000930,34.3,4.672533,34.09,34.51,4.462533,4.882533,0.42,NG-MGRID-02-02,NG-SOV-PART-000001,ENVIRONMENTAL_SAMPLE_RENDER_FOOTPRINT,DERIVED_REFERENCE_NOT_PHYSICAL_FEATURE_BOUNDARY,false,terrain standard render-plan uses 0.42 degree sample spacing,SHARED_REFERENCE
NG-SCELL-000931,NG-SPT-000931,34.72,4.672533,34.51,34.93,4.462533,4.882533,0.42,NG-MGRID-02-02,NG-SOV-PART-000001,ENVIRONMENTAL_SAMPLE_RENDER_FOOTPRINT,DERIVED_REFERENCE_NOT_PHYSICAL_FEATURE_BOUNDARY,false,terrain standard render-plan uses 0.42 degree sample spacing,SHARED_REFERENCE
NG-SCELL-000932,NG-SPT-000932,35.14,4.672533,34.93,35.35,4.462533,4.882533,0.42,NG-MGRID-02-03,NG-SOV-PART-000001,ENVIRONMENTAL_SAMPLE_RENDER_FOOTPRINT,DERIVED_REFERENCE_NOT_PHYSICAL_FEATURE_BOUNDARY,false,terrain standard render-plan uses 0.42 degree sample spacing,SHARED_REFERENCE
NG-SCELL-000933,NG-SPT-000933,35.56,4.672533,35.35,35.77,4.462533,4.882533,0.42,NG-MGRID-02-03,NG-SOV-PART-000001,ENVIRONMENTAL_SAMPLE_RENDER_FOOTPRINT,DERIVED_REFERENCE_NOT_PHYSICAL_FEATURE_BOUNDARY,false,terrain standard render-plan uses 0.42 degree sample spacing,SHARED_REFERENCE
NG-SCELL-000934,NG-SPT-000934,35.98,4.672533,35.77,36.19,4.462533,4.882533,0.42,NG-MGRID-02-03,NG-SOV-PART-000001,ENVIRONMENTAL_SAMPLE_RENDER_FOOTPRINT,DERIVED_REFERENCE_NOT_PHYSICAL_FEATURE_BOUNDARY,false,terrain standard render-plan uses 0.42 degree sample spacing,SHARED_REFERENCE
NG-SCELL-000935,NG-SPT-000935,36.4,4.672533,36.19,36.61,4.462533,4.882533,0.42,NG-MGRID-02-03,NG-SOV-PART-000001,ENVIRONMENTAL_SAMPLE_RENDER_FOOTPRINT,DERIVED_REFERENCE_NOT_PHYSICAL_FEATURE_BOUNDARY,false,terrain standard render-plan uses 0.42 degree sample spacing,SHARED_REFERENCE
NG-SCELL-000936,NG-SPT-000936,36.82,4.672533,36.61,37.03,4.462533,4.882533,0.42,NG-MGRID-02-03,NG-SOV-PART-000001,ENVIRONMENTAL_SAMPLE_RENDER_FOOTPRINT,DERIVED_REFERENCE_NOT_PHYSICAL_FEATURE_BOUNDARY,false,terrain standard render-plan uses 0.42 degree sample spacing,SHARED_REFERENCE
NG-SCELL-000937,NG-SPT-000937,37.24,4.672533,37.03,37.45,4.462533,4.882533,0.42,NG-MGRID-02-03,NG-SOV-PART-000001,ENVIRONMENTAL_SAMPLE_RENDER_FOOTPRINT,DERIVED_REFERENCE_NOT_PHYSICAL_FEATURE_BOUNDARY,false,terrain standard render-plan uses 0.42 degree sample spacing,SHARED_REFERENCE
NG-SCELL-000938,NG-SPT-000938,37.66,4.672533,37.45,37.87,4.462533,4.882533,0.42,NG-MGRID-02-03,NG-SOV-PART-000001,ENVIRONMENTAL_SAMPLE_RENDER_FOOTPRINT,DERIVED_REFERENCE_NOT_PHYSICAL_FEATURE_BOUNDARY,false,terrain standard render-plan uses 0.42 degree sample spacing,SHARED_REFERENCE
NG-SCELL-000939,NG-SPT-000939,38.08,4.672533,37.87,38.29,4.462533,4.882533,0.42,NG-MGRID-02-03,NG-SOV-PART-000001,ENVIRONMENTAL_SAMPLE_RENDER_FOOTPRINT,DERIVED_REFERENCE_NOT_PHYSICAL_FEATURE_BOUNDARY,false,terrain standard render-plan uses 0.42 degree sample spacing,SHARED_REFERENCE
NG-SCELL-000940,NG-SPT-000940,38.5,4.672533,38.29,38.71,4.462533,4.882533,0.42,NG-MGRID-02-03,NG-SOV-PART-000001,ENVIRONMENTAL_SAMPLE_RENDER_FOOTPRINT,DERIVED_REFERENCE_NOT_PHYSICAL_FEATURE_BOUNDARY,false,terrain standard render-plan uses 0.42 degree sample spacing,SHARED_REFERENCE
NG-SCELL-000941,NG-SPT-000941,38.92,4.672533,38.71,39.13,4.462533,4.882533,0.42,NG-MGRID-02-03,NG-SOV-PART-000001,ENVIRONMENTAL_SAMPLE_RENDER_FOOTPRINT,DERIVED_REFERENCE_NOT_PHYSICAL_FEATURE_BOUNDARY,false,terrain standard render-plan uses 0.42 degree sample spacing,SHARED_REFERENCE
NG-SCELL-000942,NG-SPT-000942,39.34,4.672533,39.13,39.55,4.462533,4.882533,0.42,NG-MGRID-02-03,NG-SOV-PART-000001,ENVIRONMENTAL_SAMPLE_RENDER_FOOTPRINT,DERIVED_REFERENCE_NOT_PHYSICAL_FEATURE_BOUNDARY,false,terrain standard render-plan uses 0.42 degree sample spacing,SHARED_REFERENCE
NG-SCELL-000943,NG-SPT-000943,39.76,4.672533,39.55,39.97,4.462533,4.882533,0.42,NG-MGRID-02-03,NG-SOV-PART-000001,ENVIRONMENTAL_SAMPLE_RENDER_FOOTPRINT,DERIVED_REFERENCE_NOT_PHYSICAL_FEATURE_BOUNDARY,false,terrain standard render-plan uses 0.42 degree sample spacing,SHARED_REFERENCE
NG-SCELL-000944,NG-SPT-000944,40.18,4.672533,39.97,40.39,4.462533,4.882533,0.42,NG-MGRID-02-04,NG-SOV-PART-000001,ENVIRONMENTAL_SAMPLE_RENDER_FOOTPRINT,DERIVED_REFERENCE_NOT_PHYSICAL_FEATURE_BOUNDARY,false,terrain standard render-plan uses 0.42 degree sample spacing,SHARED_REFERENCE
NG-SCELL-000945,NG-SPT-000945,40.6,4.672533,40.39,40.81,4.462533,4.882533,0.42,NG-MGRID-02-04,NG-SOV-PART-000001,ENVIRONMENTAL_SAMPLE_RENDER_FOOTPRINT,DERIVED_REFERENCE_NOT_PHYSICAL_FEATURE_BOUNDARY,false,terrain standard render-plan uses 0.42 degree sample spacing,SHARED_REFERENCE
NG-SCELL-000946,NG-SPT-000946,41.02,4.672533,40.81,41.23,4.462533,4.882533,0.42,NG-MGRID-02-04,NG-SOV-PART-000001,ENVIRONMENTAL_SAMPLE_RENDER_FOOTPRINT,DERIVED_REFERENCE_NOT_PHYSICAL_FEATURE_BOUNDARY,false,terrain standard render-plan uses 0.42 degree sample spacing,SHARED_REFERENCE
NG-SCELL-000947,NG-SPT-000947,41.44,4.672533,41.23,41.65,4.462533,4.882533,0.42,NG-MGRID-02-04,NG-SOV-PART-000001,ENVIRONMENTAL_SAMPLE_RENDER_FOOTPRINT,DERIVED_REFERENCE_NOT_PHYSICAL_FEATURE_BOUNDARY,false,terrain standard render-plan uses 0.42 degree sample spacing,SHARED_REFERENCE
NG-SCELL-000948,NG-SPT-000948,41.86,4.672533,41.65,42.07,4.462533,4.882533,0.42,NG-MGRID-02-04,NG-SOV-PART-000001,ENVIRONMENTAL_SAMPLE_RENDER_FOOTPRINT,DERIVED_REFERENCE_NOT_PHYSICAL_FEATURE_BOUNDARY,false,terrain standard render-plan uses 0.42 degree sample spacing,SHARED_REFERENCE
NG-SCELL-000949,NG-SPT-000949,42.28,4.672533,42.07,42.49,4.462533,4.882533,0.42,NG-MGRID-02-04,NG-SOV-PART-000001,ENVIRONMENTAL_SAMPLE_RENDER_FOOTPRINT,DERIVED_REFERENCE_NOT_PHYSICAL_FEATURE_BOUNDARY,false,terrain standard render-plan uses 0.42 degree sample spacing,SHARED_REFERENCE
NG-SCELL-000950,NG-SPT-000950,44.38,4.672533,44.17,44.59,4.462533,4.882533,0.42,NG-MGRID-02-04,NG-SOV-PART-000002,ENVIRONMENTAL_SAMPLE_RENDER_FOOTPRINT,DERIVED_REFERENCE_NOT_PHYSICAL_FEATURE_BOUNDARY,false,terrain standard render-plan uses 0.42 degree sample spacing,SHARED_REFERENCE
NG-SCELL-000951,NG-SPT-000951,30.1,5.092533,29.89,30.31,4.882533,5.302533,0.42,NG-MGRID-01-02,NG-SOV-PART-000001,ENVIRONMENTAL_SAMPLE_RENDER_FOOTPRINT,DERIVED_REFERENCE_NOT_PHYSICAL_FEATURE_BOUNDARY,false,terrain standard render-plan uses 0.42 degree sample spacing,SHARED_REFERENCE
NG-SCELL-000952,NG-SPT-000952,30.52,5.092533,30.31,30.73,4.882533,5.302533,0.42,NG-MGRID-01-02,NG-SOV-PART-000001,ENVIRONMENTAL_SAMPLE_RENDER_FOOTPRINT,DERIVED_REFERENCE_NOT_PHYSICAL_FEATURE_BOUNDARY,false,terrain standard render-plan uses 0.42 degree sample spacing,SHARED_REFERENCE
NG-SCELL-000953,NG-SPT-000953,30.94,5.092533,30.73,31.15,4.882533,5.302533,0.42,NG-MGRID-01-02,NG-SOV-PART-000001,ENVIRONMENTAL_SAMPLE_RENDER_FOOTPRINT,DERIVED_REFERENCE_NOT_PHYSICAL_FEATURE_BOUNDARY,false,terrain standard render-plan uses 0.42 degree sample spacing,SHARED_REFERENCE
NG-SCELL-000954,NG-SPT-000954,31.36,5.092533,31.15,31.57,4.882533,5.302533,0.42,NG-MGRID-01-02,NG-SOV-PART-000001,ENVIRONMENTAL_SAMPLE_RENDER_FOOTPRINT,DERIVED_REFERENCE_NOT_PHYSICAL_FEATURE_BOUNDARY,false,terrain standard render-plan uses 0.42 degree sample spacing,SHARED_REFERENCE
NG-SCELL-000955,NG-SPT-000955,31.78,5.092533,31.57,31.99,4.882533,5.302533,0.42,NG-MGRID-01-02,NG-SOV-PART-000001,ENVIRONMENTAL_SAMPLE_RENDER_FOOTPRINT,DERIVED_REFERENCE_NOT_PHYSICAL_FEATURE_BOUNDARY,false,terrain standard render-plan uses 0.42 degree sample spacing,SHARED_REFERENCE
NG-SCELL-000956,NG-SPT-000956,32.2,5.092533,31.99,32.41,4.882533,5.302533,0.42,NG-MGRID-01-02,NG-SOV-PART-000001,ENVIRONMENTAL_SAMPLE_RENDER_FOOTPRINT,DERIVED_REFERENCE_NOT_PHYSICAL_FEATURE_BOUNDARY,false,terrain standard render-plan uses 0.42 degree sample spacing,SHARED_REFERENCE
NG-SCELL-000957,NG-SPT-000957,32.62,5.092533,32.41,32.83,4.882533,5.302533,0.42,NG-MGRID-01-02,NG-SOV-PART-000001,ENVIRONMENTAL_SAMPLE_RENDER_FOOTPRINT,DERIVED_REFERENCE_NOT_PHYSICAL_FEATURE_BOUNDARY,false,terrain standard render-plan uses 0.42 degree sample spacing,SHARED_REFERENCE
NG-SCELL-000958,NG-SPT-000958,33.04,5.092533,32.83,33.25,4.882533,5.302533,0.42,NG-MGRID-01-02,NG-SOV-PART-000001,ENVIRONMENTAL_SAMPLE_RENDER_FOOTPRINT,DERIVED_REFERENCE_NOT_PHYSICAL_FEATURE_BOUNDARY,false,terrain standard render-plan uses 0.42 degree sample spacing,SHARED_REFERENCE
NG-SCELL-000959,NG-SPT-000959,33.46,5.092533,33.25,33.67,4.882533,5.302533,0.42,NG-MGRID-01-02,NG-SOV-PART-000001,ENVIRONMENTAL_SAMPLE_RENDER_FOOTPRINT,DERIVED_REFERENCE_NOT_PHYSICAL_FEATURE_BOUNDARY,false,terrain standard render-plan uses 0.42 degree sample spacing,SHARED_REFERENCE
NG-SCELL-000960,NG-SPT-000960,33.88,5.092533,33.67,34.09,4.882533,5.302533,0.42,NG-MGRID-01-02,NG-SOV-PART-000001,ENVIRONMENTAL_SAMPLE_RENDER_FOOTPRINT,DERIVED_REFERENCE_NOT_PHYSICAL_FEATURE_BOUNDARY,false,terrain standard render-plan uses 0.42 degree sample spacing,SHARED_REFERENCE
NG-SCELL-000961,NG-SPT-000961,34.3,5.092533,34.09,34.51,4.882533,5.302533,0.42,NG-MGRID-01-02,NG-SOV-PART-000001,ENVIRONMENTAL_SAMPLE_RENDER_FOOTPRINT,DERIVED_REFERENCE_NOT_PHYSICAL_FEATURE_BOUNDARY,false,terrain standard render-plan uses 0.42 degree sample spacing,SHARED_REFERENCE
NG-SCELL-000962,NG-SPT-000962,34.72,5.092533,34.51,34.93,4.882533,5.302533,0.42,NG-MGRID-01-02,NG-SOV-PART-000001,ENVIRONMENTAL_SAMPLE_RENDER_FOOTPRINT,DERIVED_REFERENCE_NOT_PHYSICAL_FEATURE_BOUNDARY,false,terrain standard render-plan uses 0.42 degree sample spacing,SHARED_REFERENCE
NG-SCELL-000963,NG-SPT-000963,35.14,5.092533,34.93,35.35,4.882533,5.302533,0.42,NG-MGRID-01-03,NG-SOV-PART-000001,ENVIRONMENTAL_SAMPLE_RENDER_FOOTPRINT,DERIVED_REFERENCE_NOT_PHYSICAL_FEATURE_BOUNDARY,false,terrain standard render-plan uses 0.42 degree sample spacing,SHARED_REFERENCE
NG-SCELL-000964,NG-SPT-000964,35.56,5.092533,35.35,35.77,4.882533,5.302533,0.42,NG-MGRID-01-03,NG-SOV-PART-000001,ENVIRONMENTAL_SAMPLE_RENDER_FOOTPRINT,DERIVED_REFERENCE_NOT_PHYSICAL_FEATURE_BOUNDARY,false,terrain standard render-plan uses 0.42 degree sample spacing,SHARED_REFERENCE
NG-SCELL-000965,NG-SPT-000965,35.98,5.092533,35.77,36.19,4.882533,5.302533,0.42,NG-MGRID-01-03,NG-SOV-PART-000001,ENVIRONMENTAL_SAMPLE_RENDER_FOOTPRINT,DERIVED_REFERENCE_NOT_PHYSICAL_FEATURE_BOUNDARY,false,terrain standard render-plan uses 0.42 degree sample spacing,SHARED_REFERENCE
NG-SCELL-000966,NG-SPT-000966,36.4,5.092533,36.19,36.61,4.882533,5.302533,0.42,NG-MGRID-01-03,NG-SOV-PART-000001,ENVIRONMENTAL_SAMPLE_RENDER_FOOTPRINT,DERIVED_REFERENCE_NOT_PHYSICAL_FEATURE_BOUNDARY,false,terrain standard render-plan uses 0.42 degree sample spacing,SHARED_REFERENCE
NG-SCELL-000967,NG-SPT-000967,36.82,5.092533,36.61,37.03,4.882533,5.302533,0.42,NG-MGRID-01-03,NG-SOV-PART-000001,ENVIRONMENTAL_SAMPLE_RENDER_FOOTPRINT,DERIVED_REFERENCE_NOT_PHYSICAL_FEATURE_BOUNDARY,false,terrain standard render-plan uses 0.42 degree sample spacing,SHARED_REFERENCE
NG-SCELL-000968,NG-SPT-000968,37.24,5.092533,37.03,37.45,4.882533,5.302533,0.42,NG-MGRID-01-03,NG-SOV-PART-000001,ENVIRONMENTAL_SAMPLE_RENDER_FOOTPRINT,DERIVED_REFERENCE_NOT_PHYSICAL_FEATURE_BOUNDARY,false,terrain standard render-plan uses 0.42 degree sample spacing,SHARED_REFERENCE
NG-SCELL-000969,NG-SPT-000969,37.66,5.092533,37.45,37.87,4.882533,5.302533,0.42,NG-MGRID-01-03,NG-SOV-PART-000001,ENVIRONMENTAL_SAMPLE_RENDER_FOOTPRINT,DERIVED_REFERENCE_NOT_PHYSICAL_FEATURE_BOUNDARY,false,terrain standard render-plan uses 0.42 degree sample spacing,SHARED_REFERENCE
NG-SCELL-000970,NG-SPT-000970,38.08,5.092533,37.87,38.29,4.882533,5.302533,0.42,NG-MGRID-01-03,NG-SOV-PART-000001,ENVIRONMENTAL_SAMPLE_RENDER_FOOTPRINT,DERIVED_REFERENCE_NOT_PHYSICAL_FEATURE_BOUNDARY,false,terrain standard render-plan uses 0.42 degree sample spacing,SHARED_REFERENCE
NG-SCELL-000971,NG-SPT-000971,38.5,5.092533,38.29,38.71,4.882533,5.302533,0.42,NG-MGRID-01-03,NG-SOV-PART-000001,ENVIRONMENTAL_SAMPLE_RENDER_FOOTPRINT,DERIVED_REFERENCE_NOT_PHYSICAL_FEATURE_BOUNDARY,false,terrain standard render-plan uses 0.42 degree sample spacing,SHARED_REFERENCE
NG-SCELL-000972,NG-SPT-000972,38.92,5.092533,38.71,39.13,4.882533,5.302533,0.42,NG-MGRID-01-03,NG-SOV-PART-000001,ENVIRONMENTAL_SAMPLE_RENDER_FOOTPRINT,DERIVED_REFERENCE_NOT_PHYSICAL_FEATURE_BOUNDARY,false,terrain standard render-plan uses 0.42 degree sample spacing,SHARED_REFERENCE
NG-SCELL-000973,NG-SPT-000973,39.34,5.092533,39.13,39.55,4.882533,5.302533,0.42,NG-MGRID-01-03,NG-SOV-PART-000001,ENVIRONMENTAL_SAMPLE_RENDER_FOOTPRINT,DERIVED_REFERENCE_NOT_PHYSICAL_FEATURE_BOUNDARY,false,terrain standard render-plan uses 0.42 degree sample spacing,SHARED_REFERENCE
NG-SCELL-000974,NG-SPT-000974,39.76,5.092533,39.55,39.97,4.882533,5.302533,0.42,NG-MGRID-01-03,NG-SOV-PART-000001,ENVIRONMENTAL_SAMPLE_RENDER_FOOTPRINT,DERIVED_REFERENCE_NOT_PHYSICAL_FEATURE_BOUNDARY,false,terrain standard render-plan uses 0.42 degree sample spacing,SHARED_REFERENCE
NG-SCELL-000975,NG-SPT-000975,40.18,5.092533,39.97,40.39,4.882533,5.302533,0.42,NG-MGRID-01-04,NG-SOV-PART-000001,ENVIRONMENTAL_SAMPLE_RENDER_FOOTPRINT,DERIVED_REFERENCE_NOT_PHYSICAL_FEATURE_BOUNDARY,false,terrain standard render-plan uses 0.42 degree sample spacing,SHARED_REFERENCE
NG-SCELL-000976,NG-SPT-000976,40.6,5.092533,40.39,40.81,4.882533,5.302533,0.42,NG-MGRID-01-04,NG-SOV-PART-000001,ENVIRONMENTAL_SAMPLE_RENDER_FOOTPRINT,DERIVED_REFERENCE_NOT_PHYSICAL_FEATURE_BOUNDARY,false,terrain standard render-plan uses 0.42 degree sample spacing,SHARED_REFERENCE
NG-SCELL-000977,NG-SPT-000977,41.02,5.092533,40.81,41.23,4.882533,5.302533,0.42,NG-MGRID-01-04,NG-SOV-PART-000001,ENVIRONMENTAL_SAMPLE_RENDER_FOOTPRINT,DERIVED_REFERENCE_NOT_PHYSICAL_FEATURE_BOUNDARY,false,terrain standard render-plan uses 0.42 degree sample spacing,SHARED_REFERENCE
NG-SCELL-000978,NG-SPT-000978,41.44,5.092533,41.23,41.65,4.882533,5.302533,0.42,NG-MGRID-01-04,NG-SOV-PART-000001,ENVIRONMENTAL_SAMPLE_RENDER_FOOTPRINT,DERIVED_REFERENCE_NOT_PHYSICAL_FEATURE_BOUNDARY,false,terrain standard render-plan uses 0.42 degree sample spacing,SHARED_REFERENCE
NG-SCELL-000979,NG-SPT-000979,41.86,5.092533,41.65,42.07,4.882533,5.302533,0.42,NG-MGRID-01-04,NG-SOV-PART-000001,ENVIRONMENTAL_SAMPLE_RENDER_FOOTPRINT,DERIVED_REFERENCE_NOT_PHYSICAL_FEATURE_BOUNDARY,false,terrain standard render-plan uses 0.42 degree sample spacing,SHARED_REFERENCE
NG-SCELL-000980,NG-SPT-000980,44.38,5.092533,44.17,44.59,4.882533,5.302533,0.42,NG-MGRID-01-04,NG-SOV-PART-000002,ENVIRONMENTAL_SAMPLE_RENDER_FOOTPRINT,DERIVED_REFERENCE_NOT_PHYSICAL_FEATURE_BOUNDARY,false,terrain standard render-plan uses 0.42 degree sample spacing,SHARED_REFERENCE
NG-SCELL-000981,NG-SPT-000981,30.52,5.512533,30.31,30.73,5.302533,5.722533,0.42,NG-MGRID-01-02,NG-SOV-PART-000001,ENVIRONMENTAL_SAMPLE_RENDER_FOOTPRINT,DERIVED_REFERENCE_NOT_PHYSICAL_FEATURE_BOUNDARY,false,terrain standard render-plan uses 0.42 degree sample spacing,SHARED_REFERENCE
NG-SCELL-000982,NG-SPT-000982,30.94,5.512533,30.73,31.15,5.302533,5.722533,0.42,NG-MGRID-01-02,NG-SOV-PART-000001,ENVIRONMENTAL_SAMPLE_RENDER_FOOTPRINT,DERIVED_REFERENCE_NOT_PHYSICAL_FEATURE_BOUNDARY,false,terrain standard render-plan uses 0.42 degree sample spacing,SHARED_REFERENCE
NG-SCELL-000983,NG-SPT-000983,31.36,5.512533,31.15,31.57,5.302533,5.722533,0.42,NG-MGRID-01-02,NG-SOV-PART-000001,ENVIRONMENTAL_SAMPLE_RENDER_FOOTPRINT,DERIVED_REFERENCE_NOT_PHYSICAL_FEATURE_BOUNDARY,false,terrain standard render-plan uses 0.42 degree sample spacing,SHARED_REFERENCE
NG-SCELL-000984,NG-SPT-000984,31.78,5.512533,31.57,31.99,5.302533,5.722533,0.42,NG-MGRID-01-02,NG-SOV-PART-000001,ENVIRONMENTAL_SAMPLE_RENDER_FOOTPRINT,DERIVED_REFERENCE_NOT_PHYSICAL_FEATURE_BOUNDARY,false,terrain standard render-plan uses 0.42 degree sample spacing,SHARED_REFERENCE
NG-SCELL-000985,NG-SPT-000985,32.2,5.512533,31.99,32.41,5.302533,5.722533,0.42,NG-MGRID-01-02,NG-SOV-PART-000001,ENVIRONMENTAL_SAMPLE_RENDER_FOOTPRINT,DERIVED_REFERENCE_NOT_PHYSICAL_FEATURE_BOUNDARY,false,terrain standard render-plan uses 0.42 degree sample spacing,SHARED_REFERENCE
NG-SCELL-000986,NG-SPT-000986,32.62,5.512533,32.41,32.83,5.302533,5.722533,0.42,NG-MGRID-01-02,NG-SOV-PART-000001,ENVIRONMENTAL_SAMPLE_RENDER_FOOTPRINT,DERIVED_REFERENCE_NOT_PHYSICAL_FEATURE_BOUNDARY,false,terrain standard render-plan uses 0.42 degree sample spacing,SHARED_REFERENCE
NG-SCELL-000987,NG-SPT-000987,33.04,5.512533,32.83,33.25,5.302533,5.722533,0.42,NG-MGRID-01-02,NG-SOV-PART-000001,ENVIRONMENTAL_SAMPLE_RENDER_FOOTPRINT,DERIVED_REFERENCE_NOT_PHYSICAL_FEATURE_BOUNDARY,false,terrain standard render-plan uses 0.42 degree sample spacing,SHARED_REFERENCE
NG-SCELL-000988,NG-SPT-000988,33.46,5.512533,33.25,33.67,5.302533,5.722533,0.42,NG-MGRID-01-02,NG-SOV-PART-000001,ENVIRONMENTAL_SAMPLE_RENDER_FOOTPRINT,DERIVED_REFERENCE_NOT_PHYSICAL_FEATURE_BOUNDARY,false,terrain standard render-plan uses 0.42 degree sample spacing,SHARED_REFERENCE
NG-SCELL-000989,NG-SPT-000989,33.88,5.512533,33.67,34.09,5.302533,5.722533,0.42,NG-MGRID-01-02,NG-SOV-PART-000001,ENVIRONMENTAL_SAMPLE_RENDER_FOOTPRINT,DERIVED_REFERENCE_NOT_PHYSICAL_FEATURE_BOUNDARY,false,terrain standard render-plan uses 0.42 degree sample spacing,SHARED_REFERENCE
NG-SCELL-000990,NG-SPT-000990,34.3,5.512533,34.09,34.51,5.302533,5.722533,0.42,NG-MGRID-01-02,NG-SOV-PART-000001,ENVIRONMENTAL_SAMPLE_RENDER_FOOTPRINT,DERIVED_REFERENCE_NOT_PHYSICAL_FEATURE_BOUNDARY,false,terrain standard render-plan uses 0.42 degree sample spacing,SHARED_REFERENCE
NG-SCELL-000991,NG-SPT-000991,34.72,5.512533,34.51,34.93,5.302533,5.722533,0.42,NG-MGRID-01-02,NG-SOV-PART-000001,ENVIRONMENTAL_SAMPLE_RENDER_FOOTPRINT,DERIVED_REFERENCE_NOT_PHYSICAL_FEATURE_BOUNDARY,false,terrain standard render-plan uses 0.42 degree sample spacing,SHARED_REFERENCE
NG-SCELL-000992,NG-SPT-000992,35.14,5.512533,34.93,35.35,5.302533,5.722533,0.42,NG-MGRID-01-03,NG-SOV-PART-000001,ENVIRONMENTAL_SAMPLE_RENDER_FOOTPRINT,DERIVED_REFERENCE_NOT_PHYSICAL_FEATURE_BOUNDARY,false,terrain standard render-plan uses 0.42 degree sample spacing,SHARED_REFERENCE
NG-SCELL-000993,NG-SPT-000993,35.56,5.512533,35.35,35.77,5.302533,5.722533,0.42,NG-MGRID-01-03,NG-SOV-PART-000001,ENVIRONMENTAL_SAMPLE_RENDER_FOOTPRINT,DERIVED_REFERENCE_NOT_PHYSICAL_FEATURE_BOUNDARY,false,terrain standard render-plan uses 0.42 degree sample spacing,SHARED_REFERENCE
NG-SCELL-000994,NG-SPT-000994,35.98,5.512533,35.77,36.19,5.302533,5.722533,0.42,NG-MGRID-01-03,NG-SOV-PART-000001,ENVIRONMENTAL_SAMPLE_RENDER_FOOTPRINT,DERIVED_REFERENCE_NOT_PHYSICAL_FEATURE_BOUNDARY,false,terrain standard render-plan uses 0.42 degree sample spacing,SHARED_REFERENCE
NG-SCELL-000995,NG-SPT-000995,36.4,5.512533,36.19,36.61,5.302533,5.722533,0.42,NG-MGRID-01-03,NG-SOV-PART-000001,ENVIRONMENTAL_SAMPLE_RENDER_FOOTPRINT,DERIVED_REFERENCE_NOT_PHYSICAL_FEATURE_BOUNDARY,false,terrain standard render-plan uses 0.42 degree sample spacing,SHARED_REFERENCE
NG-SCELL-000996,NG-SPT-000996,36.82,5.512533,36.61,37.03,5.302533,5.722533,0.42,NG-MGRID-01-03,NG-SOV-PART-000001,ENVIRONMENTAL_SAMPLE_RENDER_FOOTPRINT,DERIVED_REFERENCE_NOT_PHYSICAL_FEATURE_BOUNDARY,false,terrain standard render-plan uses 0.42 degree sample spacing,SHARED_REFERENCE
NG-SCELL-000997,NG-SPT-000997,37.24,5.512533,37.03,37.45,5.302533,5.722533,0.42,NG-MGRID-01-03,NG-SOV-PART-000001,ENVIRONMENTAL_SAMPLE_RENDER_FOOTPRINT,DERIVED_REFERENCE_NOT_PHYSICAL_FEATURE_BOUNDARY,false,terrain standard render-plan uses 0.42 degree sample spacing,SHARED_REFERENCE
NG-SCELL-000998,NG-SPT-000998,37.66,5.512533,37.45,37.87,5.302533,5.722533,0.42,NG-MGRID-01-03,NG-SOV-PART-000001,ENVIRONMENTAL_SAMPLE_RENDER_FOOTPRINT,DERIVED_REFERENCE_NOT_PHYSICAL_FEATURE_BOUNDARY,false,terrain standard render-plan uses 0.42 degree sample spacing,SHARED_REFERENCE
NG-SCELL-000999,NG-SPT-000999,38.08,5.512533,37.87,38.29,5.302533,5.722533,0.42,NG-MGRID-01-03,NG-SOV-PART-000001,ENVIRONMENTAL_SAMPLE_RENDER_FOOTPRINT,DERIVED_REFERENCE_NOT_PHYSICAL_FEATURE_BOUNDARY,false,terrain standard render-plan uses 0.42 degree sample spacing,SHARED_REFERENCE
NG-SCELL-001000,NG-SPT-001000,38.5,5.512533,38.29,38.71,5.302533,5.722533,0.42,NG-MGRID-01-03,NG-SOV-PART-000001,ENVIRONMENTAL_SAMPLE_RENDER_FOOTPRINT,DERIVED_REFERENCE_NOT_PHYSICAL_FEATURE_BOUNDARY,false,terrain standard render-plan uses 0.42 degree sample spacing,SHARED_REFERENCE
NG-SCELL-001001,NG-SPT-001001,38.92,5.512533,38.71,39.13,5.302533,5.722533,0.42,NG-MGRID-01-03,NG-SOV-PART-000001,ENVIRONMENTAL_SAMPLE_RENDER_FOOTPRINT,DERIVED_REFERENCE_NOT_PHYSICAL_FEATURE_BOUNDARY,false,terrain standard render-plan uses 0.42 degree sample spacing,SHARED_REFERENCE
NG-SCELL-001002,NG-SPT-001002,39.34,5.512533,39.13,39.55,5.302533,5.722533,0.42,NG-MGRID-01-03,NG-SOV-PART-000001,ENVIRONMENTAL_SAMPLE_RENDER_FOOTPRINT,DERIVED_REFERENCE_NOT_PHYSICAL_FEATURE_BOUNDARY,false,terrain standard render-plan uses 0.42 degree sample spacing,SHARED_REFERENCE
NG-SCELL-001003,NG-SPT-001003,39.76,5.512533,39.55,39.97,5.302533,5.722533,0.42,NG-MGRID-01-03,NG-SOV-PART-000001,ENVIRONMENTAL_SAMPLE_RENDER_FOOTPRINT,DERIVED_REFERENCE_NOT_PHYSICAL_FEATURE_BOUNDARY,false,terrain standard render-plan uses 0.42 degree sample spacing,SHARED_REFERENCE
NG-SCELL-001004,NG-SPT-001004,40.18,5.512533,39.97,40.39,5.302533,5.722533,0.42,NG-MGRID-01-04,NG-SOV-PART-000001,ENVIRONMENTAL_SAMPLE_RENDER_FOOTPRINT,DERIVED_REFERENCE_NOT_PHYSICAL_FEATURE_BOUNDARY,false,terrain standard render-plan uses 0.42 degree sample spacing,SHARED_REFERENCE
NG-SCELL-001005,NG-SPT-001005,40.6,5.512533,40.39,40.81,5.302533,5.722533,0.42,NG-MGRID-01-04,NG-SOV-PART-000001,ENVIRONMENTAL_SAMPLE_RENDER_FOOTPRINT,DERIVED_REFERENCE_NOT_PHYSICAL_FEATURE_BOUNDARY,false,terrain standard render-plan uses 0.42 degree sample spacing,SHARED_REFERENCE
NG-SCELL-001006,NG-SPT-001006,41.02,5.512533,40.81,41.23,5.302533,5.722533,0.42,NG-MGRID-01-04,NG-SOV-PART-000001,ENVIRONMENTAL_SAMPLE_RENDER_FOOTPRINT,DERIVED_REFERENCE_NOT_PHYSICAL_FEATURE_BOUNDARY,false,terrain standard render-plan uses 0.42 degree sample spacing,SHARED_REFERENCE
NG-SCELL-001007,NG-SPT-001007,30.52,5.932533,30.31,30.73,5.722533,6.142533,0.42,NG-MGRID-01-02,NG-SOV-PART-000001,ENVIRONMENTAL_SAMPLE_RENDER_FOOTPRINT,DERIVED_REFERENCE_NOT_PHYSICAL_FEATURE_BOUNDARY,false,terrain standard render-plan uses 0.42 degree sample spacing,SHARED_REFERENCE
NG-SCELL-001008,NG-SPT-001008,30.94,5.932533,30.73,31.15,5.722533,6.142533,0.42,NG-MGRID-01-02,NG-SOV-PART-000001,ENVIRONMENTAL_SAMPLE_RENDER_FOOTPRINT,DERIVED_REFERENCE_NOT_PHYSICAL_FEATURE_BOUNDARY,false,terrain standard render-plan uses 0.42 degree sample spacing,SHARED_REFERENCE
NG-SCELL-001009,NG-SPT-001009,31.36,5.932533,31.15,31.57,5.722533,6.142533,0.42,NG-MGRID-01-02,NG-SOV-PART-000001,ENVIRONMENTAL_SAMPLE_RENDER_FOOTPRINT,DERIVED_REFERENCE_NOT_PHYSICAL_FEATURE_BOUNDARY,false,terrain standard render-plan uses 0.42 degree sample spacing,SHARED_REFERENCE
NG-SCELL-001010,NG-SPT-001010,31.78,5.932533,31.57,31.99,5.722533,6.142533,0.42,NG-MGRID-01-02,NG-SOV-PART-000001,ENVIRONMENTAL_SAMPLE_RENDER_FOOTPRINT,DERIVED_REFERENCE_NOT_PHYSICAL_FEATURE_BOUNDARY,false,terrain standard render-plan uses 0.42 degree sample spacing,SHARED_REFERENCE
NG-SCELL-001011,NG-SPT-001011,32.2,5.932533,31.99,32.41,5.722533,6.142533,0.42,NG-MGRID-01-02,NG-SOV-PART-000001,ENVIRONMENTAL_SAMPLE_RENDER_FOOTPRINT,DERIVED_REFERENCE_NOT_PHYSICAL_FEATURE_BOUNDARY,false,terrain standard render-plan uses 0.42 degree sample spacing,SHARED_REFERENCE
NG-SCELL-001012,NG-SPT-001012,32.62,5.932533,32.41,32.83,5.722533,6.142533,0.42,NG-MGRID-01-02,NG-SOV-PART-000001,ENVIRONMENTAL_SAMPLE_RENDER_FOOTPRINT,DERIVED_REFERENCE_NOT_PHYSICAL_FEATURE_BOUNDARY,false,terrain standard render-plan uses 0.42 degree sample spacing,SHARED_REFERENCE
NG-SCELL-001013,NG-SPT-001013,33.04,5.932533,32.83,33.25,5.722533,6.142533,0.42,NG-MGRID-01-02,NG-SOV-PART-000001,ENVIRONMENTAL_SAMPLE_RENDER_FOOTPRINT,DERIVED_REFERENCE_NOT_PHYSICAL_FEATURE_BOUNDARY,false,terrain standard render-plan uses 0.42 degree sample spacing,SHARED_REFERENCE
NG-SCELL-001014,NG-SPT-001014,33.46,5.932533,33.25,33.67,5.722533,6.142533,0.42,NG-MGRID-01-02,NG-SOV-PART-000001,ENVIRONMENTAL_SAMPLE_RENDER_FOOTPRINT,DERIVED_REFERENCE_NOT_PHYSICAL_FEATURE_BOUNDARY,false,terrain standard render-plan uses 0.42 degree sample spacing,SHARED_REFERENCE
NG-SCELL-001015,NG-SPT-001015,33.88,5.932533,33.67,34.09,5.722533,6.142533,0.42,NG-MGRID-01-02,NG-SOV-PART-000001,ENVIRONMENTAL_SAMPLE_RENDER_FOOTPRINT,DERIVED_REFERENCE_NOT_PHYSICAL_FEATURE_BOUNDARY,false,terrain standard render-plan uses 0.42 degree sample spacing,SHARED_REFERENCE
NG-SCELL-001016,NG-SPT-001016,34.3,5.932533,34.09,34.51,5.722533,6.142533,0.42,NG-MGRID-01-02,NG-SOV-PART-000001,ENVIRONMENTAL_SAMPLE_RENDER_FOOTPRINT,DERIVED_REFERENCE_NOT_PHYSICAL_FEATURE_BOUNDARY,false,terrain standard render-plan uses 0.42 degree sample spacing,SHARED_REFERENCE
NG-SCELL-001017,NG-SPT-001017,34.72,5.932533,34.51,34.93,5.722533,6.142533,0.42,NG-MGRID-01-02,NG-SOV-PART-000001,ENVIRONMENTAL_SAMPLE_RENDER_FOOTPRINT,DERIVED_REFERENCE_NOT_PHYSICAL_FEATURE_BOUNDARY,false,terrain standard render-plan uses 0.42 degree sample spacing,SHARED_REFERENCE
NG-SCELL-001018,NG-SPT-001018,35.14,5.932533,34.93,35.35,5.722533,6.142533,0.42,NG-MGRID-01-03,NG-SOV-PART-000001,ENVIRONMENTAL_SAMPLE_RENDER_FOOTPRINT,DERIVED_REFERENCE_NOT_PHYSICAL_FEATURE_BOUNDARY,false,terrain standard render-plan uses 0.42 degree sample spacing,SHARED_REFERENCE
NG-SCELL-001019,NG-SPT-001019,35.56,5.932533,35.35,35.77,5.722533,6.142533,0.42,NG-MGRID-01-03,NG-SOV-PART-000001,ENVIRONMENTAL_SAMPLE_RENDER_FOOTPRINT,DERIVED_REFERENCE_NOT_PHYSICAL_FEATURE_BOUNDARY,false,terrain standard render-plan uses 0.42 degree sample spacing,SHARED_REFERENCE
NG-SCELL-001020,NG-SPT-001020,35.98,5.932533,35.77,36.19,5.722533,6.142533,0.42,NG-MGRID-01-03,NG-SOV-PART-000001,ENVIRONMENTAL_SAMPLE_RENDER_FOOTPRINT,DERIVED_REFERENCE_NOT_PHYSICAL_FEATURE_BOUNDARY,false,terrain standard render-plan uses 0.42 degree sample spacing,SHARED_REFERENCE
NG-SCELL-001021,NG-SPT-001021,36.4,5.932533,36.19,36.61,5.722533,6.142533,0.42,NG-MGRID-01-03,NG-SOV-PART-000001,ENVIRONMENTAL_SAMPLE_RENDER_FOOTPRINT,DERIVED_REFERENCE_NOT_PHYSICAL_FEATURE_BOUNDARY,false,terrain standard render-plan uses 0.42 degree sample spacing,SHARED_REFERENCE
NG-SCELL-001022,NG-SPT-001022,36.82,5.932533,36.61,37.03,5.722533,6.142533,0.42,NG-MGRID-01-03,NG-SOV-PART-000001,ENVIRONMENTAL_SAMPLE_RENDER_FOOTPRINT,DERIVED_REFERENCE_NOT_PHYSICAL_FEATURE_BOUNDARY,false,terrain standard render-plan uses 0.42 degree sample spacing,SHARED_REFERENCE
NG-SCELL-001023,NG-SPT-001023,37.24,5.932533,37.03,37.45,5.722533,6.142533,0.42,NG-MGRID-01-03,NG-SOV-PART-000001,ENVIRONMENTAL_SAMPLE_RENDER_FOOTPRINT,DERIVED_REFERENCE_NOT_PHYSICAL_FEATURE_BOUNDARY,false,terrain standard render-plan uses 0.42 degree sample spacing,SHARED_REFERENCE
NG-SCELL-001024,NG-SPT-001024,37.66,5.932533,37.45,37.87,5.722533,6.142533,0.42,NG-MGRID-01-03,NG-SOV-PART-000001,ENVIRONMENTAL_SAMPLE_RENDER_FOOTPRINT,DERIVED_REFERENCE_NOT_PHYSICAL_FEATURE_BOUNDARY,false,terrain standard render-plan uses 0.42 degree sample spacing,SHARED_REFERENCE
NG-SCELL-001025,NG-SPT-001025,38.08,5.932533,37.87,38.29,5.722533,6.142533,0.42,NG-MGRID-01-03,NG-SOV-PART-000001,ENVIRONMENTAL_SAMPLE_RENDER_FOOTPRINT,DERIVED_REFERENCE_NOT_PHYSICAL_FEATURE_BOUNDARY,false,terrain standard render-plan uses 0.42 degree sample spacing,SHARED_REFERENCE
NG-SCELL-001026,NG-SPT-001026,38.5,5.932533,38.29,38.71,5.722533,6.142533,0.42,NG-MGRID-01-03,NG-SOV-PART-000001,ENVIRONMENTAL_SAMPLE_RENDER_FOOTPRINT,DERIVED_REFERENCE_NOT_PHYSICAL_FEATURE_BOUNDARY,false,terrain standard render-plan uses 0.42 degree sample spacing,SHARED_REFERENCE
NG-SCELL-001027,NG-SPT-001027,38.92,5.932533,38.71,39.13,5.722533,6.142533,0.42,NG-MGRID-01-03,NG-SOV-PART-000001,ENVIRONMENTAL_SAMPLE_RENDER_FOOTPRINT,DERIVED_REFERENCE_NOT_PHYSICAL_FEATURE_BOUNDARY,false,terrain standard render-plan uses 0.42 degree sample spacing,SHARED_REFERENCE
NG-SCELL-001028,NG-SPT-001028,39.34,5.932533,39.13,39.55,5.722533,6.142533,0.42,NG-MGRID-01-03,NG-SOV-PART-000001,ENVIRONMENTAL_SAMPLE_RENDER_FOOTPRINT,DERIVED_REFERENCE_NOT_PHYSICAL_FEATURE_BOUNDARY,false,terrain standard render-plan uses 0.42 degree sample spacing,SHARED_REFERENCE
NG-SCELL-001029,NG-SPT-001029,39.76,5.932533,39.55,39.97,5.722533,6.142533,0.42,NG-MGRID-01-03,NG-SOV-PART-000001,ENVIRONMENTAL_SAMPLE_RENDER_FOOTPRINT,DERIVED_REFERENCE_NOT_PHYSICAL_FEATURE_BOUNDARY,false,terrain standard render-plan uses 0.42 degree sample spacing,SHARED_REFERENCE
NG-SCELL-001030,NG-SPT-001030,40.18,5.932533,39.97,40.39,5.722533,6.142533,0.42,NG-MGRID-01-04,NG-SOV-PART-000001,ENVIRONMENTAL_SAMPLE_RENDER_FOOTPRINT,DERIVED_REFERENCE_NOT_PHYSICAL_FEATURE_BOUNDARY,false,terrain standard render-plan uses 0.42 degree sample spacing,SHARED_REFERENCE
NG-SCELL-001031,NG-SPT-001031,40.6,5.932533,40.39,40.81,5.722533,6.142533,0.42,NG-MGRID-01-04,NG-SOV-PART-000001,ENVIRONMENTAL_SAMPLE_RENDER_FOOTPRINT,DERIVED_REFERENCE_NOT_PHYSICAL_FEATURE_BOUNDARY,false,terrain standard render-plan uses 0.42 degree sample spacing,SHARED_REFERENCE
NG-SCELL-001032,NG-SPT-001032,41.02,5.932533,40.81,41.23,5.722533,6.142533,0.42,NG-MGRID-01-04,NG-SOV-PART-000001,ENVIRONMENTAL_SAMPLE_RENDER_FOOTPRINT,DERIVED_REFERENCE_NOT_PHYSICAL_FEATURE_BOUNDARY,false,terrain standard render-plan uses 0.42 degree sample spacing,SHARED_REFERENCE
NG-SCELL-001033,NG-SPT-001033,30.52,6.352533,30.31,30.73,6.142533,6.562533,0.42,NG-MGRID-01-02,NG-SOV-PART-000001,ENVIRONMENTAL_SAMPLE_RENDER_FOOTPRINT,DERIVED_REFERENCE_NOT_PHYSICAL_FEATURE_BOUNDARY,false,terrain standard render-plan uses 0.42 degree sample spacing,SHARED_REFERENCE
NG-SCELL-001034,NG-SPT-001034,30.94,6.352533,30.73,31.15,6.142533,6.562533,0.42,NG-MGRID-01-02,NG-SOV-PART-000001,ENVIRONMENTAL_SAMPLE_RENDER_FOOTPRINT,DERIVED_REFERENCE_NOT_PHYSICAL_FEATURE_BOUNDARY,false,terrain standard render-plan uses 0.42 degree sample spacing,SHARED_REFERENCE
NG-SCELL-001035,NG-SPT-001035,31.36,6.352533,31.15,31.57,6.142533,6.562533,0.42,NG-MGRID-01-02,NG-SOV-PART-000001,ENVIRONMENTAL_SAMPLE_RENDER_FOOTPRINT,DERIVED_REFERENCE_NOT_PHYSICAL_FEATURE_BOUNDARY,false,terrain standard render-plan uses 0.42 degree sample spacing,SHARED_REFERENCE
NG-SCELL-001036,NG-SPT-001036,31.78,6.352533,31.57,31.99,6.142533,6.562533,0.42,NG-MGRID-01-02,NG-SOV-PART-000001,ENVIRONMENTAL_SAMPLE_RENDER_FOOTPRINT,DERIVED_REFERENCE_NOT_PHYSICAL_FEATURE_BOUNDARY,false,terrain standard render-plan uses 0.42 degree sample spacing,SHARED_REFERENCE
NG-SCELL-001037,NG-SPT-001037,32.2,6.352533,31.99,32.41,6.142533,6.562533,0.42,NG-MGRID-01-02,NG-SOV-PART-000001,ENVIRONMENTAL_SAMPLE_RENDER_FOOTPRINT,DERIVED_REFERENCE_NOT_PHYSICAL_FEATURE_BOUNDARY,false,terrain standard render-plan uses 0.42 degree sample spacing,SHARED_REFERENCE
NG-SCELL-001038,NG-SPT-001038,32.62,6.352533,32.41,32.83,6.142533,6.562533,0.42,NG-MGRID-01-02,NG-SOV-PART-000001,ENVIRONMENTAL_SAMPLE_RENDER_FOOTPRINT,DERIVED_REFERENCE_NOT_PHYSICAL_FEATURE_BOUNDARY,false,terrain standard render-plan uses 0.42 degree sample spacing,SHARED_REFERENCE
NG-SCELL-001039,NG-SPT-001039,33.04,6.352533,32.83,33.25,6.142533,6.562533,0.42,NG-MGRID-01-02,NG-SOV-PART-000001,ENVIRONMENTAL_SAMPLE_RENDER_FOOTPRINT,DERIVED_REFERENCE_NOT_PHYSICAL_FEATURE_BOUNDARY,false,terrain standard render-plan uses 0.42 degree sample spacing,SHARED_REFERENCE
NG-SCELL-001040,NG-SPT-001040,33.46,6.352533,33.25,33.67,6.142533,6.562533,0.42,NG-MGRID-01-02,NG-SOV-PART-000001,ENVIRONMENTAL_SAMPLE_RENDER_FOOTPRINT,DERIVED_REFERENCE_NOT_PHYSICAL_FEATURE_BOUNDARY,false,terrain standard render-plan uses 0.42 degree sample spacing,SHARED_REFERENCE
NG-SCELL-001041,NG-SPT-001041,33.88,6.352533,33.67,34.09,6.142533,6.562533,0.42,NG-MGRID-01-02,NG-SOV-PART-000001,ENVIRONMENTAL_SAMPLE_RENDER_FOOTPRINT,DERIVED_REFERENCE_NOT_PHYSICAL_FEATURE_BOUNDARY,false,terrain standard render-plan uses 0.42 degree sample spacing,SHARED_REFERENCE
NG-SCELL-001042,NG-SPT-001042,34.3,6.352533,34.09,34.51,6.142533,6.562533,0.42,NG-MGRID-01-02,NG-SOV-PART-000001,ENVIRONMENTAL_SAMPLE_RENDER_FOOTPRINT,DERIVED_REFERENCE_NOT_PHYSICAL_FEATURE_BOUNDARY,false,terrain standard render-plan uses 0.42 degree sample spacing,SHARED_REFERENCE
NG-SCELL-001043,NG-SPT-001043,34.72,6.352533,34.51,34.93,6.142533,6.562533,0.42,NG-MGRID-01-02,NG-SOV-PART-000001,ENVIRONMENTAL_SAMPLE_RENDER_FOOTPRINT,DERIVED_REFERENCE_NOT_PHYSICAL_FEATURE_BOUNDARY,false,terrain standard render-plan uses 0.42 degree sample spacing,SHARED_REFERENCE
NG-SCELL-001044,NG-SPT-001044,35.14,6.352533,34.93,35.35,6.142533,6.562533,0.42,NG-MGRID-01-03,NG-SOV-PART-000001,ENVIRONMENTAL_SAMPLE_RENDER_FOOTPRINT,DERIVED_REFERENCE_NOT_PHYSICAL_FEATURE_BOUNDARY,false,terrain standard render-plan uses 0.42 degree sample spacing,SHARED_REFERENCE
NG-SCELL-001045,NG-SPT-001045,35.56,6.352533,35.35,35.77,6.142533,6.562533,0.42,NG-MGRID-01-03,NG-SOV-PART-000001,ENVIRONMENTAL_SAMPLE_RENDER_FOOTPRINT,DERIVED_REFERENCE_NOT_PHYSICAL_FEATURE_BOUNDARY,false,terrain standard render-plan uses 0.42 degree sample spacing,SHARED_REFERENCE
NG-SCELL-001046,NG-SPT-001046,35.98,6.352533,35.77,36.19,6.142533,6.562533,0.42,NG-MGRID-01-03,NG-SOV-PART-000001,ENVIRONMENTAL_SAMPLE_RENDER_FOOTPRINT,DERIVED_REFERENCE_NOT_PHYSICAL_FEATURE_BOUNDARY,false,terrain standard render-plan uses 0.42 degree sample spacing,SHARED_REFERENCE
NG-SCELL-001047,NG-SPT-001047,36.4,6.352533,36.19,36.61,6.142533,6.562533,0.42,NG-MGRID-01-03,NG-SOV-PART-000001,ENVIRONMENTAL_SAMPLE_RENDER_FOOTPRINT,DERIVED_REFERENCE_NOT_PHYSICAL_FEATURE_BOUNDARY,false,terrain standard render-plan uses 0.42 degree sample spacing,SHARED_REFERENCE
NG-SCELL-001048,NG-SPT-001048,36.82,6.352533,36.61,37.03,6.142533,6.562533,0.42,NG-MGRID-01-03,NG-SOV-PART-000001,ENVIRONMENTAL_SAMPLE_RENDER_FOOTPRINT,DERIVED_REFERENCE_NOT_PHYSICAL_FEATURE_BOUNDARY,false,terrain standard render-plan uses 0.42 degree sample spacing,SHARED_REFERENCE
NG-SCELL-001049,NG-SPT-001049,37.24,6.352533,37.03,37.45,6.142533,6.562533,0.42,NG-MGRID-01-03,NG-SOV-PART-000001,ENVIRONMENTAL_SAMPLE_RENDER_FOOTPRINT,DERIVED_REFERENCE_NOT_PHYSICAL_FEATURE_BOUNDARY,false,terrain standard render-plan uses 0.42 degree sample spacing,SHARED_REFERENCE
NG-SCELL-001050,NG-SPT-001050,37.66,6.352533,37.45,37.87,6.142533,6.562533,0.42,NG-MGRID-01-03,NG-SOV-PART-000001,ENVIRONMENTAL_SAMPLE_RENDER_FOOTPRINT,DERIVED_REFERENCE_NOT_PHYSICAL_FEATURE_BOUNDARY,false,terrain standard render-plan uses 0.42 degree sample spacing,SHARED_REFERENCE
NG-SCELL-001051,NG-SPT-001051,38.08,6.352533,37.87,38.29,6.142533,6.562533,0.42,NG-MGRID-01-03,NG-SOV-PART-000001,ENVIRONMENTAL_SAMPLE_RENDER_FOOTPRINT,DERIVED_REFERENCE_NOT_PHYSICAL_FEATURE_BOUNDARY,false,terrain standard render-plan uses 0.42 degree sample spacing,SHARED_REFERENCE
NG-SCELL-001052,NG-SPT-001052,38.5,6.352533,38.29,38.71,6.142533,6.562533,0.42,NG-MGRID-01-03,NG-SOV-PART-000001,ENVIRONMENTAL_SAMPLE_RENDER_FOOTPRINT,DERIVED_REFERENCE_NOT_PHYSICAL_FEATURE_BOUNDARY,false,terrain standard render-plan uses 0.42 degree sample spacing,SHARED_REFERENCE
NG-SCELL-001053,NG-SPT-001053,38.92,6.352533,38.71,39.13,6.142533,6.562533,0.42,NG-MGRID-01-03,NG-SOV-PART-000001,ENVIRONMENTAL_SAMPLE_RENDER_FOOTPRINT,DERIVED_REFERENCE_NOT_PHYSICAL_FEATURE_BOUNDARY,false,terrain standard render-plan uses 0.42 degree sample spacing,SHARED_REFERENCE
NG-SCELL-001054,NG-SPT-001054,39.34,6.352533,39.13,39.55,6.142533,6.562533,0.42,NG-MGRID-01-03,NG-SOV-PART-000001,ENVIRONMENTAL_SAMPLE_RENDER_FOOTPRINT,DERIVED_REFERENCE_NOT_PHYSICAL_FEATURE_BOUNDARY,false,terrain standard render-plan uses 0.42 degree sample spacing,SHARED_REFERENCE
NG-SCELL-001055,NG-SPT-001055,39.76,6.352533,39.55,39.97,6.142533,6.562533,0.42,NG-MGRID-01-03,NG-SOV-PART-000001,ENVIRONMENTAL_SAMPLE_RENDER_FOOTPRINT,DERIVED_REFERENCE_NOT_PHYSICAL_FEATURE_BOUNDARY,false,terrain standard render-plan uses 0.42 degree sample spacing,SHARED_REFERENCE
NG-SCELL-001056,NG-SPT-001056,40.18,6.352533,39.97,40.39,6.142533,6.562533,0.42,NG-MGRID-01-04,NG-SOV-PART-000001,ENVIRONMENTAL_SAMPLE_RENDER_FOOTPRINT,DERIVED_REFERENCE_NOT_PHYSICAL_FEATURE_BOUNDARY,false,terrain standard render-plan uses 0.42 degree sample spacing,SHARED_REFERENCE
NG-SCELL-001057,NG-SPT-001057,40.6,6.352533,40.39,40.81,6.142533,6.562533,0.42,NG-MGRID-01-04,NG-SOV-PART-000001,ENVIRONMENTAL_SAMPLE_RENDER_FOOTPRINT,DERIVED_REFERENCE_NOT_PHYSICAL_FEATURE_BOUNDARY,false,terrain standard render-plan uses 0.42 degree sample spacing,SHARED_REFERENCE
NG-SCELL-001058,NG-SPT-001058,31.36,6.772533,31.15,31.57,6.562533,6.982533,0.42,NG-MGRID-01-02,NG-SOV-PART-000001,ENVIRONMENTAL_SAMPLE_RENDER_FOOTPRINT,DERIVED_REFERENCE_NOT_PHYSICAL_FEATURE_BOUNDARY,false,terrain standard render-plan uses 0.42 degree sample spacing,SHARED_REFERENCE
NG-SCELL-001059,NG-SPT-001059,31.78,6.772533,31.57,31.99,6.562533,6.982533,0.42,NG-MGRID-01-02,NG-SOV-PART-000001,ENVIRONMENTAL_SAMPLE_RENDER_FOOTPRINT,DERIVED_REFERENCE_NOT_PHYSICAL_FEATURE_BOUNDARY,false,terrain standard render-plan uses 0.42 degree sample spacing,SHARED_REFERENCE
NG-SCELL-001060,NG-SPT-001060,32.2,6.772533,31.99,32.41,6.562533,6.982533,0.42,NG-MGRID-01-02,NG-SOV-PART-000001,ENVIRONMENTAL_SAMPLE_RENDER_FOOTPRINT,DERIVED_REFERENCE_NOT_PHYSICAL_FEATURE_BOUNDARY,false,terrain standard render-plan uses 0.42 degree sample spacing,SHARED_REFERENCE
NG-SCELL-001061,NG-SPT-001061,32.62,6.772533,32.41,32.83,6.562533,6.982533,0.42,NG-MGRID-01-02,NG-SOV-PART-000001,ENVIRONMENTAL_SAMPLE_RENDER_FOOTPRINT,DERIVED_REFERENCE_NOT_PHYSICAL_FEATURE_BOUNDARY,false,terrain standard render-plan uses 0.42 degree sample spacing,SHARED_REFERENCE
NG-SCELL-001062,NG-SPT-001062,33.04,6.772533,32.83,33.25,6.562533,6.982533,0.42,NG-MGRID-01-02,NG-SOV-PART-000001,ENVIRONMENTAL_SAMPLE_RENDER_FOOTPRINT,DERIVED_REFERENCE_NOT_PHYSICAL_FEATURE_BOUNDARY,false,terrain standard render-plan uses 0.42 degree sample spacing,SHARED_REFERENCE
NG-SCELL-001063,NG-SPT-001063,33.46,6.772533,33.25,33.67,6.562533,6.982533,0.42,NG-MGRID-01-02,NG-SOV-PART-000001,ENVIRONMENTAL_SAMPLE_RENDER_FOOTPRINT,DERIVED_REFERENCE_NOT_PHYSICAL_FEATURE_BOUNDARY,false,terrain standard render-plan uses 0.42 degree sample spacing,SHARED_REFERENCE
NG-SCELL-001064,NG-SPT-001064,33.88,6.772533,33.67,34.09,6.562533,6.982533,0.42,NG-MGRID-01-02,NG-SOV-PART-000001,ENVIRONMENTAL_SAMPLE_RENDER_FOOTPRINT,DERIVED_REFERENCE_NOT_PHYSICAL_FEATURE_BOUNDARY,false,terrain standard render-plan uses 0.42 degree sample spacing,SHARED_REFERENCE
NG-SCELL-001065,NG-SPT-001065,34.3,6.772533,34.09,34.51,6.562533,6.982533,0.42,NG-MGRID-01-02,NG-SOV-PART-000001,ENVIRONMENTAL_SAMPLE_RENDER_FOOTPRINT,DERIVED_REFERENCE_NOT_PHYSICAL_FEATURE_BOUNDARY,false,terrain standard render-plan uses 0.42 degree sample spacing,SHARED_REFERENCE
NG-SCELL-001066,NG-SPT-001066,34.72,6.772533,34.51,34.93,6.562533,6.982533,0.42,NG-MGRID-01-02,NG-SOV-PART-000001,ENVIRONMENTAL_SAMPLE_RENDER_FOOTPRINT,DERIVED_REFERENCE_NOT_PHYSICAL_FEATURE_BOUNDARY,false,terrain standard render-plan uses 0.42 degree sample spacing,SHARED_REFERENCE
NG-SCELL-001067,NG-SPT-001067,35.14,6.772533,34.93,35.35,6.562533,6.982533,0.42,NG-MGRID-01-03,NG-SOV-PART-000001,ENVIRONMENTAL_SAMPLE_RENDER_FOOTPRINT,DERIVED_REFERENCE_NOT_PHYSICAL_FEATURE_BOUNDARY,false,terrain standard render-plan uses 0.42 degree sample spacing,SHARED_REFERENCE
NG-SCELL-001068,NG-SPT-001068,35.56,6.772533,35.35,35.77,6.562533,6.982533,0.42,NG-MGRID-01-03,NG-SOV-PART-000001,ENVIRONMENTAL_SAMPLE_RENDER_FOOTPRINT,DERIVED_REFERENCE_NOT_PHYSICAL_FEATURE_BOUNDARY,false,terrain standard render-plan uses 0.42 degree sample spacing,SHARED_REFERENCE
NG-SCELL-001069,NG-SPT-001069,35.98,6.772533,35.77,36.19,6.562533,6.982533,0.42,NG-MGRID-01-03,NG-SOV-PART-000001,ENVIRONMENTAL_SAMPLE_RENDER_FOOTPRINT,DERIVED_REFERENCE_NOT_PHYSICAL_FEATURE_BOUNDARY,false,terrain standard render-plan uses 0.42 degree sample spacing,SHARED_REFERENCE
NG-SCELL-001070,NG-SPT-001070,36.4,6.772533,36.19,36.61,6.562533,6.982533,0.42,NG-MGRID-01-03,NG-SOV-PART-000001,ENVIRONMENTAL_SAMPLE_RENDER_FOOTPRINT,DERIVED_REFERENCE_NOT_PHYSICAL_FEATURE_BOUNDARY,false,terrain standard render-plan uses 0.42 degree sample spacing,SHARED_REFERENCE
NG-SCELL-001071,NG-SPT-001071,36.82,6.772533,36.61,37.03,6.562533,6.982533,0.42,NG-MGRID-01-03,NG-SOV-PART-000001,ENVIRONMENTAL_SAMPLE_RENDER_FOOTPRINT,DERIVED_REFERENCE_NOT_PHYSICAL_FEATURE_BOUNDARY,false,terrain standard render-plan uses 0.42 degree sample spacing,SHARED_REFERENCE
NG-SCELL-001072,NG-SPT-001072,37.24,6.772533,37.03,37.45,6.562533,6.982533,0.42,NG-MGRID-01-03,NG-SOV-PART-000001,ENVIRONMENTAL_SAMPLE_RENDER_FOOTPRINT,DERIVED_REFERENCE_NOT_PHYSICAL_FEATURE_BOUNDARY,false,terrain standard render-plan uses 0.42 degree sample spacing,SHARED_REFERENCE
NG-SCELL-001073,NG-SPT-001073,37.66,6.772533,37.45,37.87,6.562533,6.982533,0.42,NG-MGRID-01-03,NG-SOV-PART-000001,ENVIRONMENTAL_SAMPLE_RENDER_FOOTPRINT,DERIVED_REFERENCE_NOT_PHYSICAL_FEATURE_BOUNDARY,false,terrain standard render-plan uses 0.42 degree sample spacing,SHARED_REFERENCE
NG-SCELL-001074,NG-SPT-001074,38.08,6.772533,37.87,38.29,6.562533,6.982533,0.42,NG-MGRID-01-03,NG-SOV-PART-000001,ENVIRONMENTAL_SAMPLE_RENDER_FOOTPRINT,DERIVED_REFERENCE_NOT_PHYSICAL_FEATURE_BOUNDARY,false,terrain standard render-plan uses 0.42 degree sample spacing,SHARED_REFERENCE
NG-SCELL-001075,NG-SPT-001075,38.5,6.772533,38.29,38.71,6.562533,6.982533,0.42,NG-MGRID-01-03,NG-SOV-PART-000001,ENVIRONMENTAL_SAMPLE_RENDER_FOOTPRINT,DERIVED_REFERENCE_NOT_PHYSICAL_FEATURE_BOUNDARY,false,terrain standard render-plan uses 0.42 degree sample spacing,SHARED_REFERENCE
NG-SCELL-001076,NG-SPT-001076,38.92,6.772533,38.71,39.13,6.562533,6.982533,0.42,NG-MGRID-01-03,NG-SOV-PART-000001,ENVIRONMENTAL_SAMPLE_RENDER_FOOTPRINT,DERIVED_REFERENCE_NOT_PHYSICAL_FEATURE_BOUNDARY,false,terrain standard render-plan uses 0.42 degree sample spacing,SHARED_REFERENCE
NG-SCELL-001077,NG-SPT-001077,39.34,6.772533,39.13,39.55,6.562533,6.982533,0.42,NG-MGRID-01-03,NG-SOV-PART-000001,ENVIRONMENTAL_SAMPLE_RENDER_FOOTPRINT,DERIVED_REFERENCE_NOT_PHYSICAL_FEATURE_BOUNDARY,false,terrain standard render-plan uses 0.42 degree sample spacing,SHARED_REFERENCE
NG-SCELL-001078,NG-SPT-001078,39.76,6.772533,39.55,39.97,6.562533,6.982533,0.42,NG-MGRID-01-03,NG-SOV-PART-000001,ENVIRONMENTAL_SAMPLE_RENDER_FOOTPRINT,DERIVED_REFERENCE_NOT_PHYSICAL_FEATURE_BOUNDARY,false,terrain standard render-plan uses 0.42 degree sample spacing,SHARED_REFERENCE
NG-SCELL-001079,NG-SPT-001079,32.2,7.192533,31.99,32.41,6.982533,7.402533,0.42,NG-MGRID-01-02,NG-SOV-PART-000001,ENVIRONMENTAL_SAMPLE_RENDER_FOOTPRINT,DERIVED_REFERENCE_NOT_PHYSICAL_FEATURE_BOUNDARY,false,terrain standard render-plan uses 0.42 degree sample spacing,SHARED_REFERENCE
NG-SCELL-001080,NG-SPT-001080,32.62,7.192533,32.41,32.83,6.982533,7.402533,0.42,NG-MGRID-01-02,NG-SOV-PART-000001,ENVIRONMENTAL_SAMPLE_RENDER_FOOTPRINT,DERIVED_REFERENCE_NOT_PHYSICAL_FEATURE_BOUNDARY,false,terrain standard render-plan uses 0.42 degree sample spacing,SHARED_REFERENCE
NG-SCELL-001081,NG-SPT-001081,33.04,7.192533,32.83,33.25,6.982533,7.402533,0.42,NG-MGRID-01-02,NG-SOV-PART-000001,ENVIRONMENTAL_SAMPLE_RENDER_FOOTPRINT,DERIVED_REFERENCE_NOT_PHYSICAL_FEATURE_BOUNDARY,false,terrain standard render-plan uses 0.42 degree sample spacing,SHARED_REFERENCE
NG-SCELL-001082,NG-SPT-001082,33.46,7.192533,33.25,33.67,6.982533,7.402533,0.42,NG-MGRID-01-02,NG-SOV-PART-000001,ENVIRONMENTAL_SAMPLE_RENDER_FOOTPRINT,DERIVED_REFERENCE_NOT_PHYSICAL_FEATURE_BOUNDARY,false,terrain standard render-plan uses 0.42 degree sample spacing,SHARED_REFERENCE
NG-SCELL-001083,NG-SPT-001083,33.88,7.192533,33.67,34.09,6.982533,7.402533,0.42,NG-MGRID-01-02,NG-SOV-PART-000001,ENVIRONMENTAL_SAMPLE_RENDER_FOOTPRINT,DERIVED_REFERENCE_NOT_PHYSICAL_FEATURE_BOUNDARY,false,terrain standard render-plan uses 0.42 degree sample spacing,SHARED_REFERENCE
NG-SCELL-001084,NG-SPT-001084,34.3,7.192533,34.09,34.51,6.982533,7.402533,0.42,NG-MGRID-01-02,NG-SOV-PART-000001,ENVIRONMENTAL_SAMPLE_RENDER_FOOTPRINT,DERIVED_REFERENCE_NOT_PHYSICAL_FEATURE_BOUNDARY,false,terrain standard render-plan uses 0.42 degree sample spacing,SHARED_REFERENCE
NG-SCELL-001085,NG-SPT-001085,34.72,7.192533,34.51,34.93,6.982533,7.402533,0.42,NG-MGRID-01-02,NG-SOV-PART-000001,ENVIRONMENTAL_SAMPLE_RENDER_FOOTPRINT,DERIVED_REFERENCE_NOT_PHYSICAL_FEATURE_BOUNDARY,false,terrain standard render-plan uses 0.42 degree sample spacing,SHARED_REFERENCE
NG-SCELL-001086,NG-SPT-001086,35.14,7.192533,34.93,35.35,6.982533,7.402533,0.42,NG-MGRID-01-03,NG-SOV-PART-000001,ENVIRONMENTAL_SAMPLE_RENDER_FOOTPRINT,DERIVED_REFERENCE_NOT_PHYSICAL_FEATURE_BOUNDARY,false,terrain standard render-plan uses 0.42 degree sample spacing,SHARED_REFERENCE
NG-SCELL-001087,NG-SPT-001087,35.56,7.192533,35.35,35.77,6.982533,7.402533,0.42,NG-MGRID-01-03,NG-SOV-PART-000001,ENVIRONMENTAL_SAMPLE_RENDER_FOOTPRINT,DERIVED_REFERENCE_NOT_PHYSICAL_FEATURE_BOUNDARY,false,terrain standard render-plan uses 0.42 degree sample spacing,SHARED_REFERENCE
NG-SCELL-001088,NG-SPT-001088,35.98,7.192533,35.77,36.19,6.982533,7.402533,0.42,NG-MGRID-01-03,NG-SOV-PART-000001,ENVIRONMENTAL_SAMPLE_RENDER_FOOTPRINT,DERIVED_REFERENCE_NOT_PHYSICAL_FEATURE_BOUNDARY,false,terrain standard render-plan uses 0.42 degree sample spacing,SHARED_REFERENCE
NG-SCELL-001089,NG-SPT-001089,36.4,7.192533,36.19,36.61,6.982533,7.402533,0.42,NG-MGRID-01-03,NG-SOV-PART-000001,ENVIRONMENTAL_SAMPLE_RENDER_FOOTPRINT,DERIVED_REFERENCE_NOT_PHYSICAL_FEATURE_BOUNDARY,false,terrain standard render-plan uses 0.42 degree sample spacing,SHARED_REFERENCE
NG-SCELL-001090,NG-SPT-001090,36.82,7.192533,36.61,37.03,6.982533,7.402533,0.42,NG-MGRID-01-03,NG-SOV-PART-000001,ENVIRONMENTAL_SAMPLE_RENDER_FOOTPRINT,DERIVED_REFERENCE_NOT_PHYSICAL_FEATURE_BOUNDARY,false,terrain standard render-plan uses 0.42 degree sample spacing,SHARED_REFERENCE
NG-SCELL-001091,NG-SPT-001091,37.24,7.192533,37.03,37.45,6.982533,7.402533,0.42,NG-MGRID-01-03,NG-SOV-PART-000001,ENVIRONMENTAL_SAMPLE_RENDER_FOOTPRINT,DERIVED_REFERENCE_NOT_PHYSICAL_FEATURE_BOUNDARY,false,terrain standard render-plan uses 0.42 degree sample spacing,SHARED_REFERENCE
NG-SCELL-001092,NG-SPT-001092,37.66,7.192533,37.45,37.87,6.982533,7.402533,0.42,NG-MGRID-01-03,NG-SOV-PART-000001,ENVIRONMENTAL_SAMPLE_RENDER_FOOTPRINT,DERIVED_REFERENCE_NOT_PHYSICAL_FEATURE_BOUNDARY,false,terrain standard render-plan uses 0.42 degree sample spacing,SHARED_REFERENCE
NG-SCELL-001093,NG-SPT-001093,38.08,7.192533,37.87,38.29,6.982533,7.402533,0.42,NG-MGRID-01-03,NG-SOV-PART-000001,ENVIRONMENTAL_SAMPLE_RENDER_FOOTPRINT,DERIVED_REFERENCE_NOT_PHYSICAL_FEATURE_BOUNDARY,false,terrain standard render-plan uses 0.42 degree sample spacing,SHARED_REFERENCE
NG-SCELL-001094,NG-SPT-001094,38.5,7.192533,38.29,38.71,6.982533,7.402533,0.42,NG-MGRID-01-03,NG-SOV-PART-000001,ENVIRONMENTAL_SAMPLE_RENDER_FOOTPRINT,DERIVED_REFERENCE_NOT_PHYSICAL_FEATURE_BOUNDARY,false,terrain standard render-plan uses 0.42 degree sample spacing,SHARED_REFERENCE
NG-SCELL-001095,NG-SPT-001095,38.92,7.192533,38.71,39.13,6.982533,7.402533,0.42,NG-MGRID-01-03,NG-SOV-PART-000001,ENVIRONMENTAL_SAMPLE_RENDER_FOOTPRINT,DERIVED_REFERENCE_NOT_PHYSICAL_FEATURE_BOUNDARY,false,terrain standard render-plan uses 0.42 degree sample spacing,SHARED_REFERENCE
NG-SCELL-001096,NG-SPT-001096,33.88,7.612533,33.67,34.09,7.402533,7.822533,0.42,NG-MGRID-01-02,NG-SOV-PART-000001,ENVIRONMENTAL_SAMPLE_RENDER_FOOTPRINT,DERIVED_REFERENCE_NOT_PHYSICAL_FEATURE_BOUNDARY,false,terrain standard render-plan uses 0.42 degree sample spacing,SHARED_REFERENCE
NG-SCELL-001097,NG-SPT-001097,34.3,7.612533,34.09,34.51,7.402533,7.822533,0.42,NG-MGRID-01-02,NG-SOV-PART-000001,ENVIRONMENTAL_SAMPLE_RENDER_FOOTPRINT,DERIVED_REFERENCE_NOT_PHYSICAL_FEATURE_BOUNDARY,false,terrain standard render-plan uses 0.42 degree sample spacing,SHARED_REFERENCE
NG-SCELL-001098,NG-SPT-001098,34.72,7.612533,34.51,34.93,7.402533,7.822533,0.42,NG-MGRID-01-02,NG-SOV-PART-000001,ENVIRONMENTAL_SAMPLE_RENDER_FOOTPRINT,DERIVED_REFERENCE_NOT_PHYSICAL_FEATURE_BOUNDARY,false,terrain standard render-plan uses 0.42 degree sample spacing,SHARED_REFERENCE
NG-SCELL-001099,NG-SPT-001099,35.14,7.612533,34.93,35.35,7.402533,7.822533,0.42,NG-MGRID-01-03,NG-SOV-PART-000001,ENVIRONMENTAL_SAMPLE_RENDER_FOOTPRINT,DERIVED_REFERENCE_NOT_PHYSICAL_FEATURE_BOUNDARY,false,terrain standard render-plan uses 0.42 degree sample spacing,SHARED_REFERENCE
NG-SCELL-001100,NG-SPT-001100,35.56,7.612533,35.35,35.77,7.402533,7.822533,0.42,NG-MGRID-01-03,NG-SOV-PART-000001,ENVIRONMENTAL_SAMPLE_RENDER_FOOTPRINT,DERIVED_REFERENCE_NOT_PHYSICAL_FEATURE_BOUNDARY,false,terrain standard render-plan uses 0.42 degree sample spacing,SHARED_REFERENCE
NG-SCELL-001101,NG-SPT-001101,35.98,7.612533,35.77,36.19,7.402533,7.822533,0.42,NG-MGRID-01-03,NG-SOV-PART-000001,ENVIRONMENTAL_SAMPLE_RENDER_FOOTPRINT,DERIVED_REFERENCE_NOT_PHYSICAL_FEATURE_BOUNDARY,false,terrain standard render-plan uses 0.42 degree sample spacing,SHARED_REFERENCE
NG-SCELL-001102,NG-SPT-001102,36.4,7.612533,36.19,36.61,7.402533,7.822533,0.42,NG-MGRID-01-03,NG-SOV-PART-000001,ENVIRONMENTAL_SAMPLE_RENDER_FOOTPRINT,DERIVED_REFERENCE_NOT_PHYSICAL_FEATURE_BOUNDARY,false,terrain standard render-plan uses 0.42 degree sample spacing,SHARED_REFERENCE
NG-SCELL-001103,NG-SPT-001103,36.82,7.612533,36.61,37.03,7.402533,7.822533,0.42,NG-MGRID-01-03,NG-SOV-PART-000001,ENVIRONMENTAL_SAMPLE_RENDER_FOOTPRINT,DERIVED_REFERENCE_NOT_PHYSICAL_FEATURE_BOUNDARY,false,terrain standard render-plan uses 0.42 degree sample spacing,SHARED_REFERENCE
NG-SCELL-001104,NG-SPT-001104,37.24,7.612533,37.03,37.45,7.402533,7.822533,0.42,NG-MGRID-01-03,NG-SOV-PART-000001,ENVIRONMENTAL_SAMPLE_RENDER_FOOTPRINT,DERIVED_REFERENCE_NOT_PHYSICAL_FEATURE_BOUNDARY,false,terrain standard render-plan uses 0.42 degree sample spacing,SHARED_REFERENCE
