elevation_observation_id,spatial_point_id,longitude,latitude,elevation_m,elevation_datum_id,terrain_class,qualification_status,source_dataset_id,source_dataset_version,source_path_reference,source_sha256,runtime_effect_scope
NG-ELEV-OBS-000001,NG-SPT-000001,35.14,-7.507467,341,datum:novegeo:elevation:mean-sea-level,VALLEY,QUALIFIED,dataset:novegeo:terrain:elevation,1,data/novegeo/geography/terrain/qualified/novegeo_terrain_v001.json,f03d14ce483280aff6662dc808c840a14a4cd035fedd4fe87786649f326f001c,SHARED_REFERENCE
NG-ELEV-OBS-000002,NG-SPT-000002,35.56,-7.507467,349,datum:novegeo:elevation:mean-sea-level,VALLEY,QUALIFIED,dataset:novegeo:terrain:elevation,1,data/novegeo/geography/terrain/qualified/novegeo_terrain_v001.json,f03d14ce483280aff6662dc808c840a14a4cd035fedd4fe87786649f326f001c,SHARED_REFERENCE
NG-ELEV-OBS-000003,NG-SPT-000003,35.98,-7.507467,355,datum:novegeo:elevation:mean-sea-level,VALLEY,QUALIFIED,dataset:novegeo:terrain:elevation,1,data/novegeo/geography/terrain/qualified/novegeo_terrain_v001.json,f03d14ce483280aff6662dc808c840a14a4cd035fedd4fe87786649f326f001c,SHARED_REFERENCE
NG-ELEV-OBS-000004,NG-SPT-000004,36.4,-7.507467,360,datum:novegeo:elevation:mean-sea-level,VALLEY,QUALIFIED,dataset:novegeo:terrain:elevation,1,data/novegeo/geography/terrain/qualified/novegeo_terrain_v001.json,f03d14ce483280aff6662dc808c840a14a4cd035fedd4fe87786649f326f001c,SHARED_REFERENCE
NG-ELEV-OBS-000005,NG-SPT-000005,36.82,-7.507467,366,datum:novegeo:elevation:mean-sea-level,VALLEY,QUALIFIED,dataset:novegeo:terrain:elevation,1,data/novegeo/geography/terrain/qualified/novegeo_terrain_v001.json,f03d14ce483280aff6662dc808c840a14a4cd035fedd4fe87786649f326f001c,SHARED_REFERENCE
NG-ELEV-OBS-000006,NG-SPT-000006,37.24,-7.507467,373,datum:novegeo:elevation:mean-sea-level,VALLEY,QUALIFIED,dataset:novegeo:terrain:elevation,1,data/novegeo/geography/terrain/qualified/novegeo_terrain_v001.json,f03d14ce483280aff6662dc808c840a14a4cd035fedd4fe87786649f326f001c,SHARED_REFERENCE
NG-ELEV-OBS-000007,NG-SPT-000007,37.66,-7.507467,381,datum:novegeo:elevation:mean-sea-level,PLAIN,QUALIFIED,dataset:novegeo:terrain:elevation,1,data/novegeo/geography/terrain/qualified/novegeo_terrain_v001.json,f03d14ce483280aff6662dc808c840a14a4cd035fedd4fe87786649f326f001c,SHARED_REFERENCE
NG-ELEV-OBS-000008,NG-SPT-000008,38.08,-7.507467,387,datum:novegeo:elevation:mean-sea-level,PLAIN,QUALIFIED,dataset:novegeo:terrain:elevation,1,data/novegeo/geography/terrain/qualified/novegeo_terrain_v001.json,f03d14ce483280aff6662dc808c840a14a4cd035fedd4fe87786649f326f001c,SHARED_REFERENCE
NG-ELEV-OBS-000009,NG-SPT-000009,38.5,-7.507467,390,datum:novegeo:elevation:mean-sea-level,PLAIN,QUALIFIED,dataset:novegeo:terrain:elevation,1,data/novegeo/geography/terrain/qualified/novegeo_terrain_v001.json,f03d14ce483280aff6662dc808c840a14a4cd035fedd4fe87786649f326f001c,SHARED_REFERENCE
NG-ELEV-OBS-000010,NG-SPT-000010,33.46,-7.087467,334,datum:novegeo:elevation:mean-sea-level,PLAIN,QUALIFIED,dataset:novegeo:terrain:elevation,1,data/novegeo/geography/terrain/qualified/novegeo_terrain_v001.json,f03d14ce483280aff6662dc808c840a14a4cd035fedd4fe87786649f326f001c,SHARED_REFERENCE
NG-ELEV-OBS-000011,NG-SPT-000011,33.88,-7.087467,345,datum:novegeo:elevation:mean-sea-level,PLAIN,QUALIFIED,dataset:novegeo:terrain:elevation,1,data/novegeo/geography/terrain/qualified/novegeo_terrain_v001.json,f03d14ce483280aff6662dc808c840a14a4cd035fedd4fe87786649f326f001c,SHARED_REFERENCE
NG-ELEV-OBS-000012,NG-SPT-000012,34.3,-7.087467,359,datum:novegeo:elevation:mean-sea-level,PLAIN,QUALIFIED,dataset:novegeo:terrain:elevation,1,data/novegeo/geography/terrain/qualified/novegeo_terrain_v001.json,f03d14ce483280aff6662dc808c840a14a4cd035fedd4fe87786649f326f001c,SHARED_REFERENCE
NG-ELEV-OBS-000013,NG-SPT-000013,34.72,-7.087467,372,datum:novegeo:elevation:mean-sea-level,PLAIN,QUALIFIED,dataset:novegeo:terrain:elevation,1,data/novegeo/geography/terrain/qualified/novegeo_terrain_v001.json,f03d14ce483280aff6662dc808c840a14a4cd035fedd4fe87786649f326f001c,SHARED_REFERENCE
NG-ELEV-OBS-000014,NG-SPT-000014,35.14,-7.087467,385,datum:novegeo:elevation:mean-sea-level,VALLEY,QUALIFIED,dataset:novegeo:terrain:elevation,1,data/novegeo/geography/terrain/qualified/novegeo_terrain_v001.json,f03d14ce483280aff6662dc808c840a14a4cd035fedd4fe87786649f326f001c,SHARED_REFERENCE
NG-ELEV-OBS-000015,NG-SPT-000015,35.56,-7.087467,397,datum:novegeo:elevation:mean-sea-level,VALLEY,QUALIFIED,dataset:novegeo:terrain:elevation,1,data/novegeo/geography/terrain/qualified/novegeo_terrain_v001.json,f03d14ce483280aff6662dc808c840a14a4cd035fedd4fe87786649f326f001c,SHARED_REFERENCE
NG-ELEV-OBS-000016,NG-SPT-000016,35.98,-7.087467,409,datum:novegeo:elevation:mean-sea-level,VALLEY,QUALIFIED,dataset:novegeo:terrain:elevation,1,data/novegeo/geography/terrain/qualified/novegeo_terrain_v001.json,f03d14ce483280aff6662dc808c840a14a4cd035fedd4fe87786649f326f001c,SHARED_REFERENCE
NG-ELEV-OBS-000017,NG-SPT-000017,36.4,-7.087467,420,datum:novegeo:elevation:mean-sea-level,VALLEY,QUALIFIED,dataset:novegeo:terrain:elevation,1,data/novegeo/geography/terrain/qualified/novegeo_terrain_v001.json,f03d14ce483280aff6662dc808c840a14a4cd035fedd4fe87786649f326f001c,SHARED_REFERENCE
NG-ELEV-OBS-000018,NG-SPT-000018,36.82,-7.087467,432,datum:novegeo:elevation:mean-sea-level,VALLEY,QUALIFIED,dataset:novegeo:terrain:elevation,1,data/novegeo/geography/terrain/qualified/novegeo_terrain_v001.json,f03d14ce483280aff6662dc808c840a14a4cd035fedd4fe87786649f326f001c,SHARED_REFERENCE
NG-ELEV-OBS-000019,NG-SPT-000019,37.24,-7.087467,446,datum:novegeo:elevation:mean-sea-level,VALLEY,QUALIFIED,dataset:novegeo:terrain:elevation,1,data/novegeo/geography/terrain/qualified/novegeo_terrain_v001.json,f03d14ce483280aff6662dc808c840a14a4cd035fedd4fe87786649f326f001c,SHARED_REFERENCE
NG-ELEV-OBS-000020,NG-SPT-000020,37.66,-7.087467,460,datum:novegeo:elevation:mean-sea-level,PLAIN,QUALIFIED,dataset:novegeo:terrain:elevation,1,data/novegeo/geography/terrain/qualified/novegeo_terrain_v001.json,f03d14ce483280aff6662dc808c840a14a4cd035fedd4fe87786649f326f001c,SHARED_REFERENCE
NG-ELEV-OBS-000021,NG-SPT-000021,38.08,-7.087467,472,datum:novegeo:elevation:mean-sea-level,PLAIN,QUALIFIED,dataset:novegeo:terrain:elevation,1,data/novegeo/geography/terrain/qualified/novegeo_terrain_v001.json,f03d14ce483280aff6662dc808c840a14a4cd035fedd4fe87786649f326f001c,SHARED_REFERENCE
NG-ELEV-OBS-000022,NG-SPT-000022,38.5,-7.087467,478,datum:novegeo:elevation:mean-sea-level,PLAIN,QUALIFIED,dataset:novegeo:terrain:elevation,1,data/novegeo/geography/terrain/qualified/novegeo_terrain_v001.json,f03d14ce483280aff6662dc808c840a14a4cd035fedd4fe87786649f326f001c,SHARED_REFERENCE
NG-ELEV-OBS-000023,NG-SPT-000023,38.92,-7.087467,476,datum:novegeo:elevation:mean-sea-level,PLAIN,QUALIFIED,dataset:novegeo:terrain:elevation,1,data/novegeo/geography/terrain/qualified/novegeo_terrain_v001.json,f03d14ce483280aff6662dc808c840a14a4cd035fedd4fe87786649f326f001c,SHARED_REFERENCE
NG-ELEV-OBS-000024,NG-SPT-000024,39.34,-7.087467,466,datum:novegeo:elevation:mean-sea-level,PLAIN,QUALIFIED,dataset:novegeo:terrain:elevation,1,data/novegeo/geography/terrain/qualified/novegeo_terrain_v001.json,f03d14ce483280aff6662dc808c840a14a4cd035fedd4fe87786649f326f001c,SHARED_REFERENCE
NG-ELEV-OBS-000025,NG-SPT-000025,39.76,-7.087467,449,datum:novegeo:elevation:mean-sea-level,PLAIN,QUALIFIED,dataset:novegeo:terrain:elevation,1,data/novegeo/geography/terrain/qualified/novegeo_terrain_v001.json,f03d14ce483280aff6662dc808c840a14a4cd035fedd4fe87786649f326f001c,SHARED_REFERENCE
NG-ELEV-OBS-000026,NG-SPT-000026,40.18,-7.087467,427,datum:novegeo:elevation:mean-sea-level,PLAIN,QUALIFIED,dataset:novegeo:terrain:elevation,1,data/novegeo/geography/terrain/qualified/novegeo_terrain_v001.json,f03d14ce483280aff6662dc808c840a14a4cd035fedd4fe87786649f326f001c,SHARED_REFERENCE
NG-ELEV-OBS-000027,NG-SPT-000027,32.2,-6.667467,341,datum:novegeo:elevation:mean-sea-level,PLAIN,QUALIFIED,dataset:novegeo:terrain:elevation,1,data/novegeo/geography/terrain/qualified/novegeo_terrain_v001.json,f03d14ce483280aff6662dc808c840a14a4cd035fedd4fe87786649f326f001c,SHARED_REFERENCE
NG-ELEV-OBS-000028,NG-SPT-000028,32.62,-6.667467,349,datum:novegeo:elevation:mean-sea-level,PLAIN,QUALIFIED,dataset:novegeo:terrain:elevation,1,data/novegeo/geography/terrain/qualified/novegeo_terrain_v001.json,f03d14ce483280aff6662dc808c840a14a4cd035fedd4fe87786649f326f001c,SHARED_REFERENCE
NG-ELEV-OBS-000029,NG-SPT-000029,33.04,-6.667467,358,datum:novegeo:elevation:mean-sea-level,PLAIN,QUALIFIED,dataset:novegeo:terrain:elevation,1,data/novegeo/geography/terrain/qualified/novegeo_terrain_v001.json,f03d14ce483280aff6662dc808c840a14a4cd035fedd4fe87786649f326f001c,SHARED_REFERENCE
NG-ELEV-OBS-000030,NG-SPT-000030,33.46,-6.667467,369,datum:novegeo:elevation:mean-sea-level,PLAIN,QUALIFIED,dataset:novegeo:terrain:elevation,1,data/novegeo/geography/terrain/qualified/novegeo_terrain_v001.json,f03d14ce483280aff6662dc808c840a14a4cd035fedd4fe87786649f326f001c,SHARED_REFERENCE
NG-ELEV-OBS-000031,NG-SPT-000031,33.88,-6.667467,384,datum:novegeo:elevation:mean-sea-level,PLAIN,QUALIFIED,dataset:novegeo:terrain:elevation,1,data/novegeo/geography/terrain/qualified/novegeo_terrain_v001.json,f03d14ce483280aff6662dc808c840a14a4cd035fedd4fe87786649f326f001c,SHARED_REFERENCE
NG-ELEV-OBS-000032,NG-SPT-000032,34.3,-6.667467,403,datum:novegeo:elevation:mean-sea-level,PLAIN,QUALIFIED,dataset:novegeo:terrain:elevation,1,data/novegeo/geography/terrain/qualified/novegeo_terrain_v001.json,f03d14ce483280aff6662dc808c840a14a4cd035fedd4fe87786649f326f001c,SHARED_REFERENCE
NG-ELEV-OBS-000033,NG-SPT-000033,34.72,-6.667467,423,datum:novegeo:elevation:mean-sea-level,PLAIN,QUALIFIED,dataset:novegeo:terrain:elevation,1,data/novegeo/geography/terrain/qualified/novegeo_terrain_v001.json,f03d14ce483280aff6662dc808c840a14a4cd035fedd4fe87786649f326f001c,SHARED_REFERENCE
NG-ELEV-OBS-000034,NG-SPT-000034,35.14,-6.667467,444,datum:novegeo:elevation:mean-sea-level,PLAIN,QUALIFIED,dataset:novegeo:terrain:elevation,1,data/novegeo/geography/terrain/qualified/novegeo_terrain_v001.json,f03d14ce483280aff6662dc808c840a14a4cd035fedd4fe87786649f326f001c,SHARED_REFERENCE
NG-ELEV-OBS-000035,NG-SPT-000035,35.56,-6.667467,465,datum:novegeo:elevation:mean-sea-level,VALLEY,QUALIFIED,dataset:novegeo:terrain:elevation,1,data/novegeo/geography/terrain/qualified/novegeo_terrain_v001.json,f03d14ce483280aff6662dc808c840a14a4cd035fedd4fe87786649f326f001c,SHARED_REFERENCE
NG-ELEV-OBS-000036,NG-SPT-000036,35.98,-6.667467,485,datum:novegeo:elevation:mean-sea-level,VALLEY,QUALIFIED,dataset:novegeo:terrain:elevation,1,data/novegeo/geography/terrain/qualified/novegeo_terrain_v001.json,f03d14ce483280aff6662dc808c840a14a4cd035fedd4fe87786649f326f001c,SHARED_REFERENCE
NG-ELEV-OBS-000037,NG-SPT-000037,36.4,-6.667467,506,datum:novegeo:elevation:mean-sea-level,VALLEY,QUALIFIED,dataset:novegeo:terrain:elevation,1,data/novegeo/geography/terrain/qualified/novegeo_terrain_v001.json,f03d14ce483280aff6662dc808c840a14a4cd035fedd4fe87786649f326f001c,SHARED_REFERENCE
NG-ELEV-OBS-000038,NG-SPT-000038,36.82,-6.667467,528,datum:novegeo:elevation:mean-sea-level,VALLEY,QUALIFIED,dataset:novegeo:terrain:elevation,1,data/novegeo/geography/terrain/qualified/novegeo_terrain_v001.json,f03d14ce483280aff6662dc808c840a14a4cd035fedd4fe87786649f326f001c,SHARED_REFERENCE
NG-ELEV-OBS-000039,NG-SPT-000039,37.24,-6.667467,551,datum:novegeo:elevation:mean-sea-level,VALLEY,QUALIFIED,dataset:novegeo:terrain:elevation,1,data/novegeo/geography/terrain/qualified/novegeo_terrain_v001.json,f03d14ce483280aff6662dc808c840a14a4cd035fedd4fe87786649f326f001c,SHARED_REFERENCE
NG-ELEV-OBS-000040,NG-SPT-000040,37.66,-6.667467,573,datum:novegeo:elevation:mean-sea-level,PLAIN,QUALIFIED,dataset:novegeo:terrain:elevation,1,data/novegeo/geography/terrain/qualified/novegeo_terrain_v001.json,f03d14ce483280aff6662dc808c840a14a4cd035fedd4fe87786649f326f001c,SHARED_REFERENCE
NG-ELEV-OBS-000041,NG-SPT-000041,38.08,-6.667467,590,datum:novegeo:elevation:mean-sea-level,PLAIN,QUALIFIED,dataset:novegeo:terrain:elevation,1,data/novegeo/geography/terrain/qualified/novegeo_terrain_v001.json,f03d14ce483280aff6662dc808c840a14a4cd035fedd4fe87786649f326f001c,SHARED_REFERENCE
NG-ELEV-OBS-000042,NG-SPT-000042,38.5,-6.667467,599,datum:novegeo:elevation:mean-sea-level,PLAIN,QUALIFIED,dataset:novegeo:terrain:elevation,1,data/novegeo/geography/terrain/qualified/novegeo_terrain_v001.json,f03d14ce483280aff6662dc808c840a14a4cd035fedd4fe87786649f326f001c,SHARED_REFERENCE
NG-ELEV-OBS-000043,NG-SPT-000043,38.92,-6.667467,595,datum:novegeo:elevation:mean-sea-level,PLAIN,QUALIFIED,dataset:novegeo:terrain:elevation,1,data/novegeo/geography/terrain/qualified/novegeo_terrain_v001.json,f03d14ce483280aff6662dc808c840a14a4cd035fedd4fe87786649f326f001c,SHARED_REFERENCE
NG-ELEV-OBS-000044,NG-SPT-000044,39.34,-6.667467,580,datum:novegeo:elevation:mean-sea-level,PLAIN,QUALIFIED,dataset:novegeo:terrain:elevation,1,data/novegeo/geography/terrain/qualified/novegeo_terrain_v001.json,f03d14ce483280aff6662dc808c840a14a4cd035fedd4fe87786649f326f001c,SHARED_REFERENCE
NG-ELEV-OBS-000045,NG-SPT-000045,39.76,-6.667467,555,datum:novegeo:elevation:mean-sea-level,PLAIN,QUALIFIED,dataset:novegeo:terrain:elevation,1,data/novegeo/geography/terrain/qualified/novegeo_terrain_v001.json,f03d14ce483280aff6662dc808c840a14a4cd035fedd4fe87786649f326f001c,SHARED_REFERENCE
NG-ELEV-OBS-000046,NG-SPT-000046,40.18,-6.667467,523,datum:novegeo:elevation:mean-sea-level,PLAIN,QUALIFIED,dataset:novegeo:terrain:elevation,1,data/novegeo/geography/terrain/qualified/novegeo_terrain_v001.json,f03d14ce483280aff6662dc808c840a14a4cd035fedd4fe87786649f326f001c,SHARED_REFERENCE
NG-ELEV-OBS-000047,NG-SPT-000047,40.6,-6.667467,489,datum:novegeo:elevation:mean-sea-level,PLAIN,QUALIFIED,dataset:novegeo:terrain:elevation,1,data/novegeo/geography/terrain/qualified/novegeo_terrain_v001.json,f03d14ce483280aff6662dc808c840a14a4cd035fedd4fe87786649f326f001c,SHARED_REFERENCE
NG-ELEV-OBS-000048,NG-SPT-000048,31.36,-6.247467,358,datum:novegeo:elevation:mean-sea-level,PLAIN,QUALIFIED,dataset:novegeo:terrain:elevation,1,data/novegeo/geography/terrain/qualified/novegeo_terrain_v001.json,f03d14ce483280aff6662dc808c840a14a4cd035fedd4fe87786649f326f001c,SHARED_REFERENCE
NG-ELEV-OBS-000049,NG-SPT-000049,31.78,-6.247467,366,datum:novegeo:elevation:mean-sea-level,PLAIN,QUALIFIED,dataset:novegeo:terrain:elevation,1,data/novegeo/geography/terrain/qualified/novegeo_terrain_v001.json,f03d14ce483280aff6662dc808c840a14a4cd035fedd4fe87786649f326f001c,SHARED_REFERENCE
NG-ELEV-OBS-000050,NG-SPT-000050,32.2,-6.247467,372,datum:novegeo:elevation:mean-sea-level,PLAIN,QUALIFIED,dataset:novegeo:terrain:elevation,1,data/novegeo/geography/terrain/qualified/novegeo_terrain_v001.json,f03d14ce483280aff6662dc808c840a14a4cd035fedd4fe87786649f326f001c,SHARED_REFERENCE
NG-ELEV-OBS-000051,NG-SPT-000051,32.62,-6.247467,379,datum:novegeo:elevation:mean-sea-level,PLAIN,QUALIFIED,dataset:novegeo:terrain:elevation,1,data/novegeo/geography/terrain/qualified/novegeo_terrain_v001.json,f03d14ce483280aff6662dc808c840a14a4cd035fedd4fe87786649f326f001c,SHARED_REFERENCE
NG-ELEV-OBS-000052,NG-SPT-000052,33.04,-6.247467,390,datum:novegeo:elevation:mean-sea-level,PLAIN,QUALIFIED,dataset:novegeo:terrain:elevation,1,data/novegeo/geography/terrain/qualified/novegeo_terrain_v001.json,f03d14ce483280aff6662dc808c840a14a4cd035fedd4fe87786649f326f001c,SHARED_REFERENCE
NG-ELEV-OBS-000053,NG-SPT-000053,33.46,-6.247467,405,datum:novegeo:elevation:mean-sea-level,PLAIN,QUALIFIED,dataset:novegeo:terrain:elevation,1,data/novegeo/geography/terrain/qualified/novegeo_terrain_v001.json,f03d14ce483280aff6662dc808c840a14a4cd035fedd4fe87786649f326f001c,SHARED_REFERENCE
NG-ELEV-OBS-000054,NG-SPT-000054,33.88,-6.247467,426,datum:novegeo:elevation:mean-sea-level,PLAIN,QUALIFIED,dataset:novegeo:terrain:elevation,1,data/novegeo/geography/terrain/qualified/novegeo_terrain_v001.json,f03d14ce483280aff6662dc808c840a14a4cd035fedd4fe87786649f326f001c,SHARED_REFERENCE
NG-ELEV-OBS-000055,NG-SPT-000055,34.3,-6.247467,454,datum:novegeo:elevation:mean-sea-level,PLAIN,QUALIFIED,dataset:novegeo:terrain:elevation,1,data/novegeo/geography/terrain/qualified/novegeo_terrain_v001.json,f03d14ce483280aff6662dc808c840a14a4cd035fedd4fe87786649f326f001c,SHARED_REFERENCE
NG-ELEV-OBS-000056,NG-SPT-000056,34.72,-6.247467,486,datum:novegeo:elevation:mean-sea-level,PLAIN,QUALIFIED,dataset:novegeo:terrain:elevation,1,data/novegeo/geography/terrain/qualified/novegeo_terrain_v001.json,f03d14ce483280aff6662dc808c840a14a4cd035fedd4fe87786649f326f001c,SHARED_REFERENCE
NG-ELEV-OBS-000057,NG-SPT-000057,35.14,-6.247467,520,datum:novegeo:elevation:mean-sea-level,PLAIN,QUALIFIED,dataset:novegeo:terrain:elevation,1,data/novegeo/geography/terrain/qualified/novegeo_terrain_v001.json,f03d14ce483280aff6662dc808c840a14a4cd035fedd4fe87786649f326f001c,SHARED_REFERENCE
NG-ELEV-OBS-000058,NG-SPT-000058,35.56,-6.247467,555,datum:novegeo:elevation:mean-sea-level,VALLEY,QUALIFIED,dataset:novegeo:terrain:elevation,1,data/novegeo/geography/terrain/qualified/novegeo_terrain_v001.json,f03d14ce483280aff6662dc808c840a14a4cd035fedd4fe87786649f326f001c,SHARED_REFERENCE
NG-ELEV-OBS-000059,NG-SPT-000059,35.98,-6.247467,590,datum:novegeo:elevation:mean-sea-level,VALLEY,QUALIFIED,dataset:novegeo:terrain:elevation,1,data/novegeo/geography/terrain/qualified/novegeo_terrain_v001.json,f03d14ce483280aff6662dc808c840a14a4cd035fedd4fe87786649f326f001c,SHARED_REFERENCE
NG-ELEV-OBS-000060,NG-SPT-000060,36.4,-6.247467,624,datum:novegeo:elevation:mean-sea-level,VALLEY,QUALIFIED,dataset:novegeo:terrain:elevation,1,data/novegeo/geography/terrain/qualified/novegeo_terrain_v001.json,f03d14ce483280aff6662dc808c840a14a4cd035fedd4fe87786649f326f001c,SHARED_REFERENCE
NG-ELEV-OBS-000061,NG-SPT-000061,36.82,-6.247467,659,datum:novegeo:elevation:mean-sea-level,VALLEY,QUALIFIED,dataset:novegeo:terrain:elevation,1,data/novegeo/geography/terrain/qualified/novegeo_terrain_v001.json,f03d14ce483280aff6662dc808c840a14a4cd035fedd4fe87786649f326f001c,SHARED_REFERENCE
NG-ELEV-OBS-000062,NG-SPT-000062,37.24,-6.247467,694,datum:novegeo:elevation:mean-sea-level,VALLEY,QUALIFIED,dataset:novegeo:terrain:elevation,1,data/novegeo/geography/terrain/qualified/novegeo_terrain_v001.json,f03d14ce483280aff6662dc808c840a14a4cd035fedd4fe87786649f326f001c,SHARED_REFERENCE
NG-ELEV-OBS-000063,NG-SPT-000063,37.66,-6.247467,725,datum:novegeo:elevation:mean-sea-level,PLAIN,QUALIFIED,dataset:novegeo:terrain:elevation,1,data/novegeo/geography/terrain/qualified/novegeo_terrain_v001.json,f03d14ce483280aff6662dc808c840a14a4cd035fedd4fe87786649f326f001c,SHARED_REFERENCE
NG-ELEV-OBS-000064,NG-SPT-000064,38.08,-6.247467,749,datum:novegeo:elevation:mean-sea-level,PLAIN,QUALIFIED,dataset:novegeo:terrain:elevation,1,data/novegeo/geography/terrain/qualified/novegeo_terrain_v001.json,f03d14ce483280aff6662dc808c840a14a4cd035fedd4fe87786649f326f001c,SHARED_REFERENCE
NG-ELEV-OBS-000065,NG-SPT-000065,38.5,-6.247467,758,datum:novegeo:elevation:mean-sea-level,PLAIN,QUALIFIED,dataset:novegeo:terrain:elevation,1,data/novegeo/geography/terrain/qualified/novegeo_terrain_v001.json,f03d14ce483280aff6662dc808c840a14a4cd035fedd4fe87786649f326f001c,SHARED_REFERENCE
NG-ELEV-OBS-000066,NG-SPT-000066,38.92,-6.247467,749,datum:novegeo:elevation:mean-sea-level,PLAIN,QUALIFIED,dataset:novegeo:terrain:elevation,1,data/novegeo/geography/terrain/qualified/novegeo_terrain_v001.json,f03d14ce483280aff6662dc808c840a14a4cd035fedd4fe87786649f326f001c,SHARED_REFERENCE
NG-ELEV-OBS-000067,NG-SPT-000067,39.34,-6.247467,724,datum:novegeo:elevation:mean-sea-level,PLAIN,QUALIFIED,dataset:novegeo:terrain:elevation,1,data/novegeo/geography/terrain/qualified/novegeo_terrain_v001.json,f03d14ce483280aff6662dc808c840a14a4cd035fedd4fe87786649f326f001c,SHARED_REFERENCE
NG-ELEV-OBS-000068,NG-SPT-000068,39.76,-6.247467,685,datum:novegeo:elevation:mean-sea-level,PLAIN,QUALIFIED,dataset:novegeo:terrain:elevation,1,data/novegeo/geography/terrain/qualified/novegeo_terrain_v001.json,f03d14ce483280aff6662dc808c840a14a4cd035fedd4fe87786649f326f001c,SHARED_REFERENCE
NG-ELEV-OBS-000069,NG-SPT-000069,40.18,-6.247467,639,datum:novegeo:elevation:mean-sea-level,PLAIN,QUALIFIED,dataset:novegeo:terrain:elevation,1,data/novegeo/geography/terrain/qualified/novegeo_terrain_v001.json,f03d14ce483280aff6662dc808c840a14a4cd035fedd4fe87786649f326f001c,SHARED_REFERENCE
NG-ELEV-OBS-000070,NG-SPT-000070,40.6,-6.247467,589,datum:novegeo:elevation:mean-sea-level,PLAIN,QUALIFIED,dataset:novegeo:terrain:elevation,1,data/novegeo/geography/terrain/qualified/novegeo_terrain_v001.json,f03d14ce483280aff6662dc808c840a14a4cd035fedd4fe87786649f326f001c,SHARED_REFERENCE
NG-ELEV-OBS-000071,NG-SPT-000071,41.02,-6.247467,540,datum:novegeo:elevation:mean-sea-level,PLAIN,QUALIFIED,dataset:novegeo:terrain:elevation,1,data/novegeo/geography/terrain/qualified/novegeo_terrain_v001.json,f03d14ce483280aff6662dc808c840a14a4cd035fedd4fe87786649f326f001c,SHARED_REFERENCE
NG-ELEV-OBS-000072,NG-SPT-000072,41.44,-6.247467,494,datum:novegeo:elevation:mean-sea-level,PLAIN,QUALIFIED,dataset:novegeo:terrain:elevation,1,data/novegeo/geography/terrain/qualified/novegeo_terrain_v001.json,f03d14ce483280aff6662dc808c840a14a4cd035fedd4fe87786649f326f001c,SHARED_REFERENCE
NG-ELEV-OBS-000073,NG-SPT-000073,30.52,-5.827467,342,datum:novegeo:elevation:mean-sea-level,PLAIN,QUALIFIED,dataset:novegeo:terrain:elevation,1,data/novegeo/geography/terrain/qualified/novegeo_terrain_v001.json,f03d14ce483280aff6662dc808c840a14a4cd035fedd4fe87786649f326f001c,SHARED_REFERENCE
NG-ELEV-OBS-000074,NG-SPT-000074,30.94,-5.827467,377,datum:novegeo:elevation:mean-sea-level,PLAIN,QUALIFIED,dataset:novegeo:terrain:elevation,1,data/novegeo/geography/terrain/qualified/novegeo_terrain_v001.json,f03d14ce483280aff6662dc808c840a14a4cd035fedd4fe87786649f326f001c,SHARED_REFERENCE
NG-ELEV-OBS-000075,NG-SPT-000075,31.36,-5.827467,386,datum:novegeo:elevation:mean-sea-level,PLAIN,QUALIFIED,dataset:novegeo:terrain:elevation,1,data/novegeo/geography/terrain/qualified/novegeo_terrain_v001.json,f03d14ce483280aff6662dc808c840a14a4cd035fedd4fe87786649f326f001c,SHARED_REFERENCE
NG-ELEV-OBS-000076,NG-SPT-000076,31.78,-5.827467,391,datum:novegeo:elevation:mean-sea-level,PLAIN,QUALIFIED,dataset:novegeo:terrain:elevation,1,data/novegeo/geography/terrain/qualified/novegeo_terrain_v001.json,f03d14ce483280aff6662dc808c840a14a4cd035fedd4fe87786649f326f001c,SHARED_REFERENCE
NG-ELEV-OBS-000077,NG-SPT-000077,32.2,-5.827467,396,datum:novegeo:elevation:mean-sea-level,PLAIN,QUALIFIED,dataset:novegeo:terrain:elevation,1,data/novegeo/geography/terrain/qualified/novegeo_terrain_v001.json,f03d14ce483280aff6662dc808c840a14a4cd035fedd4fe87786649f326f001c,SHARED_REFERENCE
NG-ELEV-OBS-000078,NG-SPT-000078,32.62,-5.827467,403,datum:novegeo:elevation:mean-sea-level,PLAIN,QUALIFIED,dataset:novegeo:terrain:elevation,1,data/novegeo/geography/terrain/qualified/novegeo_terrain_v001.json,f03d14ce483280aff6662dc808c840a14a4cd035fedd4fe87786649f326f001c,SHARED_REFERENCE
NG-ELEV-OBS-000079,NG-SPT-000079,33.04,-5.827467,416,datum:novegeo:elevation:mean-sea-level,PLAIN,QUALIFIED,dataset:novegeo:terrain:elevation,1,data/novegeo/geography/terrain/qualified/novegeo_terrain_v001.json,f03d14ce483280aff6662dc808c840a14a4cd035fedd4fe87786649f326f001c,SHARED_REFERENCE
NG-ELEV-OBS-000080,NG-SPT-000080,33.46,-5.827467,438,datum:novegeo:elevation:mean-sea-level,PLAIN,QUALIFIED,dataset:novegeo:terrain:elevation,1,data/novegeo/geography/terrain/qualified/novegeo_terrain_v001.json,f03d14ce483280aff6662dc808c840a14a4cd035fedd4fe87786649f326f001c,SHARED_REFERENCE
NG-ELEV-OBS-000081,NG-SPT-000081,33.88,-5.827467,470,datum:novegeo:elevation:mean-sea-level,PLAIN,QUALIFIED,dataset:novegeo:terrain:elevation,1,data/novegeo/geography/terrain/qualified/novegeo_terrain_v001.json,f03d14ce483280aff6662dc808c840a14a4cd035fedd4fe87786649f326f001c,SHARED_REFERENCE
NG-ELEV-OBS-000082,NG-SPT-000082,34.3,-5.827467,512,datum:novegeo:elevation:mean-sea-level,PLAIN,QUALIFIED,dataset:novegeo:terrain:elevation,1,data/novegeo/geography/terrain/qualified/novegeo_terrain_v001.json,f03d14ce483280aff6662dc808c840a14a4cd035fedd4fe87786649f326f001c,SHARED_REFERENCE
NG-ELEV-OBS-000083,NG-SPT-000083,34.72,-5.827467,561,datum:novegeo:elevation:mean-sea-level,PLAIN,QUALIFIED,dataset:novegeo:terrain:elevation,1,data/novegeo/geography/terrain/qualified/novegeo_terrain_v001.json,f03d14ce483280aff6662dc808c840a14a4cd035fedd4fe87786649f326f001c,SHARED_REFERENCE
NG-ELEV-OBS-000084,NG-SPT-000084,35.14,-5.827467,614,datum:novegeo:elevation:mean-sea-level,PLAIN,QUALIFIED,dataset:novegeo:terrain:elevation,1,data/novegeo/geography/terrain/qualified/novegeo_terrain_v001.json,f03d14ce483280aff6662dc808c840a14a4cd035fedd4fe87786649f326f001c,SHARED_REFERENCE
NG-ELEV-OBS-000085,NG-SPT-000085,35.56,-5.827467,668,datum:novegeo:elevation:mean-sea-level,VALLEY,QUALIFIED,dataset:novegeo:terrain:elevation,1,data/novegeo/geography/terrain/qualified/novegeo_terrain_v001.json,f03d14ce483280aff6662dc808c840a14a4cd035fedd4fe87786649f326f001c,SHARED_REFERENCE
NG-ELEV-OBS-000086,NG-SPT-000086,35.98,-5.827467,722,datum:novegeo:elevation:mean-sea-level,VALLEY,QUALIFIED,dataset:novegeo:terrain:elevation,1,data/novegeo/geography/terrain/qualified/novegeo_terrain_v001.json,f03d14ce483280aff6662dc808c840a14a4cd035fedd4fe87786649f326f001c,SHARED_REFERENCE
NG-ELEV-OBS-000087,NG-SPT-000087,36.4,-5.827467,774,datum:novegeo:elevation:mean-sea-level,VALLEY,QUALIFIED,dataset:novegeo:terrain:elevation,1,data/novegeo/geography/terrain/qualified/novegeo_terrain_v001.json,f03d14ce483280aff6662dc808c840a14a4cd035fedd4fe87786649f326f001c,SHARED_REFERENCE
NG-ELEV-OBS-000088,NG-SPT-000088,36.82,-5.827467,826,datum:novegeo:elevation:mean-sea-level,VALLEY,QUALIFIED,dataset:novegeo:terrain:elevation,1,data/novegeo/geography/terrain/qualified/novegeo_terrain_v001.json,f03d14ce483280aff6662dc808c840a14a4cd035fedd4fe87786649f326f001c,SHARED_REFERENCE
NG-ELEV-OBS-000089,NG-SPT-000089,37.24,-5.827467,875,datum:novegeo:elevation:mean-sea-level,VALLEY,QUALIFIED,dataset:novegeo:terrain:elevation,1,data/novegeo/geography/terrain/qualified/novegeo_terrain_v001.json,f03d14ce483280aff6662dc808c840a14a4cd035fedd4fe87786649f326f001c,SHARED_REFERENCE
NG-ELEV-OBS-000090,NG-SPT-000090,37.66,-5.827467,918,datum:novegeo:elevation:mean-sea-level,VALLEY,QUALIFIED,dataset:novegeo:terrain:elevation,1,data/novegeo/geography/terrain/qualified/novegeo_terrain_v001.json,f03d14ce483280aff6662dc808c840a14a4cd035fedd4fe87786649f326f001c,SHARED_REFERENCE
NG-ELEV-OBS-000091,NG-SPT-000091,38.08,-5.827467,947,datum:novegeo:elevation:mean-sea-level,PLAIN,QUALIFIED,dataset:novegeo:terrain:elevation,1,data/novegeo/geography/terrain/qualified/novegeo_terrain_v001.json,f03d14ce483280aff6662dc808c840a14a4cd035fedd4fe87786649f326f001c,SHARED_REFERENCE
NG-ELEV-OBS-000092,NG-SPT-000092,38.5,-5.827467,955,datum:novegeo:elevation:mean-sea-level,PLAIN,QUALIFIED,dataset:novegeo:terrain:elevation,1,data/novegeo/geography/terrain/qualified/novegeo_terrain_v001.json,f03d14ce483280aff6662dc808c840a14a4cd035fedd4fe87786649f326f001c,SHARED_REFERENCE
NG-ELEV-OBS-000093,NG-SPT-000093,38.92,-5.827467,938,datum:novegeo:elevation:mean-sea-level,PLAIN,QUALIFIED,dataset:novegeo:terrain:elevation,1,data/novegeo/geography/terrain/qualified/novegeo_terrain_v001.json,f03d14ce483280aff6662dc808c840a14a4cd035fedd4fe87786649f326f001c,SHARED_REFERENCE
NG-ELEV-OBS-000094,NG-SPT-000094,39.34,-5.827467,899,datum:novegeo:elevation:mean-sea-level,PLAIN,QUALIFIED,dataset:novegeo:terrain:elevation,1,data/novegeo/geography/terrain/qualified/novegeo_terrain_v001.json,f03d14ce483280aff6662dc808c840a14a4cd035fedd4fe87786649f326f001c,SHARED_REFERENCE
NG-ELEV-OBS-000095,NG-SPT-000095,39.76,-5.827467,842,datum:novegeo:elevation:mean-sea-level,PLAIN,QUALIFIED,dataset:novegeo:terrain:elevation,1,data/novegeo/geography/terrain/qualified/novegeo_terrain_v001.json,f03d14ce483280aff6662dc808c840a14a4cd035fedd4fe87786649f326f001c,SHARED_REFERENCE
NG-ELEV-OBS-000096,NG-SPT-000096,40.18,-5.827467,775,datum:novegeo:elevation:mean-sea-level,PLAIN,QUALIFIED,dataset:novegeo:terrain:elevation,1,data/novegeo/geography/terrain/qualified/novegeo_terrain_v001.json,f03d14ce483280aff6662dc808c840a14a4cd035fedd4fe87786649f326f001c,SHARED_REFERENCE
NG-ELEV-OBS-000097,NG-SPT-000097,40.6,-5.827467,705,datum:novegeo:elevation:mean-sea-level,PLAIN,QUALIFIED,dataset:novegeo:terrain:elevation,1,data/novegeo/geography/terrain/qualified/novegeo_terrain_v001.json,f03d14ce483280aff6662dc808c840a14a4cd035fedd4fe87786649f326f001c,SHARED_REFERENCE
NG-ELEV-OBS-000098,NG-SPT-000098,41.02,-5.827467,637,datum:novegeo:elevation:mean-sea-level,PLAIN,QUALIFIED,dataset:novegeo:terrain:elevation,1,data/novegeo/geography/terrain/qualified/novegeo_terrain_v001.json,f03d14ce483280aff6662dc808c840a14a4cd035fedd4fe87786649f326f001c,SHARED_REFERENCE
NG-ELEV-OBS-000099,NG-SPT-000099,41.44,-5.827467,575,datum:novegeo:elevation:mean-sea-level,PLAIN,QUALIFIED,dataset:novegeo:terrain:elevation,1,data/novegeo/geography/terrain/qualified/novegeo_terrain_v001.json,f03d14ce483280aff6662dc808c840a14a4cd035fedd4fe87786649f326f001c,SHARED_REFERENCE
NG-ELEV-OBS-000100,NG-SPT-000100,41.86,-5.827467,519,datum:novegeo:elevation:mean-sea-level,PLAIN,QUALIFIED,dataset:novegeo:terrain:elevation,1,data/novegeo/geography/terrain/qualified/novegeo_terrain_v001.json,f03d14ce483280aff6662dc808c840a14a4cd035fedd4fe87786649f326f001c,SHARED_REFERENCE
NG-ELEV-OBS-000101,NG-SPT-000101,30.1,-5.407467,307,datum:novegeo:elevation:mean-sea-level,PLAIN,QUALIFIED,dataset:novegeo:terrain:elevation,1,data/novegeo/geography/terrain/qualified/novegeo_terrain_v001.json,f03d14ce483280aff6662dc808c840a14a4cd035fedd4fe87786649f326f001c,SHARED_REFERENCE
NG-ELEV-OBS-000102,NG-SPT-000102,30.52,-5.407467,346,datum:novegeo:elevation:mean-sea-level,PLAIN,QUALIFIED,dataset:novegeo:terrain:elevation,1,data/novegeo/geography/terrain/qualified/novegeo_terrain_v001.json,f03d14ce483280aff6662dc808c840a14a4cd035fedd4fe87786649f326f001c,SHARED_REFERENCE
NG-ELEV-OBS-000103,NG-SPT-000103,30.94,-5.407467,379,datum:novegeo:elevation:mean-sea-level,PLAIN,QUALIFIED,dataset:novegeo:terrain:elevation,1,data/novegeo/geography/terrain/qualified/novegeo_terrain_v001.json,f03d14ce483280aff6662dc808c840a14a4cd035fedd4fe87786649f326f001c,SHARED_REFERENCE
NG-ELEV-OBS-000104,NG-SPT-000104,31.36,-5.407467,391,datum:novegeo:elevation:mean-sea-level,PLAIN,QUALIFIED,dataset:novegeo:terrain:elevation,1,data/novegeo/geography/terrain/qualified/novegeo_terrain_v001.json,f03d14ce483280aff6662dc808c840a14a4cd035fedd4fe87786649f326f001c,SHARED_REFERENCE
NG-ELEV-OBS-000105,NG-SPT-000105,31.78,-5.407467,393,datum:novegeo:elevation:mean-sea-level,PLAIN,QUALIFIED,dataset:novegeo:terrain:elevation,1,data/novegeo/geography/terrain/qualified/novegeo_terrain_v001.json,f03d14ce483280aff6662dc808c840a14a4cd035fedd4fe87786649f326f001c,SHARED_REFERENCE
NG-ELEV-OBS-000106,NG-SPT-000106,32.2,-5.407467,395,datum:novegeo:elevation:mean-sea-level,PLAIN,QUALIFIED,dataset:novegeo:terrain:elevation,1,data/novegeo/geography/terrain/qualified/novegeo_terrain_v001.json,f03d14ce483280aff6662dc808c840a14a4cd035fedd4fe87786649f326f001c,SHARED_REFERENCE
NG-ELEV-OBS-000107,NG-SPT-000107,32.62,-5.407467,402,datum:novegeo:elevation:mean-sea-level,PLAIN,QUALIFIED,dataset:novegeo:terrain:elevation,1,data/novegeo/geography/terrain/qualified/novegeo_terrain_v001.json,f03d14ce483280aff6662dc808c840a14a4cd035fedd4fe87786649f326f001c,SHARED_REFERENCE
NG-ELEV-OBS-000108,NG-SPT-000108,33.04,-5.407467,420,datum:novegeo:elevation:mean-sea-level,PLAIN,QUALIFIED,dataset:novegeo:terrain:elevation,1,data/novegeo/geography/terrain/qualified/novegeo_terrain_v001.json,f03d14ce483280aff6662dc808c840a14a4cd035fedd4fe87786649f326f001c,SHARED_REFERENCE
NG-ELEV-OBS-000109,NG-SPT-000109,33.46,-5.407467,451,datum:novegeo:elevation:mean-sea-level,PLAIN,QUALIFIED,dataset:novegeo:terrain:elevation,1,data/novegeo/geography/terrain/qualified/novegeo_terrain_v001.json,f03d14ce483280aff6662dc808c840a14a4cd035fedd4fe87786649f326f001c,SHARED_REFERENCE
NG-ELEV-OBS-000110,NG-SPT-000110,33.88,-5.407467,497,datum:novegeo:elevation:mean-sea-level,PLAIN,QUALIFIED,dataset:novegeo:terrain:elevation,1,data/novegeo/geography/terrain/qualified/novegeo_terrain_v001.json,f03d14ce483280aff6662dc808c840a14a4cd035fedd4fe87786649f326f001c,SHARED_REFERENCE
NG-ELEV-OBS-000111,NG-SPT-000111,34.3,-5.407467,558,datum:novegeo:elevation:mean-sea-level,PLAIN,QUALIFIED,dataset:novegeo:terrain:elevation,1,data/novegeo/geography/terrain/qualified/novegeo_terrain_v001.json,f03d14ce483280aff6662dc808c840a14a4cd035fedd4fe87786649f326f001c,SHARED_REFERENCE
NG-ELEV-OBS-000112,NG-SPT-000112,34.72,-5.407467,629,datum:novegeo:elevation:mean-sea-level,PLAIN,QUALIFIED,dataset:novegeo:terrain:elevation,1,data/novegeo/geography/terrain/qualified/novegeo_terrain_v001.json,f03d14ce483280aff6662dc808c840a14a4cd035fedd4fe87786649f326f001c,SHARED_REFERENCE
NG-ELEV-OBS-000113,NG-SPT-000113,35.14,-5.407467,706,datum:novegeo:elevation:mean-sea-level,PLAIN,QUALIFIED,dataset:novegeo:terrain:elevation,1,data/novegeo/geography/terrain/qualified/novegeo_terrain_v001.json,f03d14ce483280aff6662dc808c840a14a4cd035fedd4fe87786649f326f001c,SHARED_REFERENCE
NG-ELEV-OBS-000114,NG-SPT-000114,35.56,-5.407467,784,datum:novegeo:elevation:mean-sea-level,PLAIN,QUALIFIED,dataset:novegeo:terrain:elevation,1,data/novegeo/geography/terrain/qualified/novegeo_terrain_v001.json,f03d14ce483280aff6662dc808c840a14a4cd035fedd4fe87786649f326f001c,SHARED_REFERENCE
NG-ELEV-OBS-000115,NG-SPT-000115,35.98,-5.407467,861,datum:novegeo:elevation:mean-sea-level,VALLEY,QUALIFIED,dataset:novegeo:terrain:elevation,1,data/novegeo/geography/terrain/qualified/novegeo_terrain_v001.json,f03d14ce483280aff6662dc808c840a14a4cd035fedd4fe87786649f326f001c,SHARED_REFERENCE
NG-ELEV-OBS-000116,NG-SPT-000116,36.4,-5.407467,935,datum:novegeo:elevation:mean-sea-level,VALLEY,QUALIFIED,dataset:novegeo:terrain:elevation,1,data/novegeo/geography/terrain/qualified/novegeo_terrain_v001.json,f03d14ce483280aff6662dc808c840a14a4cd035fedd4fe87786649f326f001c,SHARED_REFERENCE
NG-ELEV-OBS-000117,NG-SPT-000117,36.82,-5.407467,1006,datum:novegeo:elevation:mean-sea-level,VALLEY,QUALIFIED,dataset:novegeo:terrain:elevation,1,data/novegeo/geography/terrain/qualified/novegeo_terrain_v001.json,f03d14ce483280aff6662dc808c840a14a4cd035fedd4fe87786649f326f001c,SHARED_REFERENCE
NG-ELEV-OBS-000118,NG-SPT-000118,37.24,-5.407467,1071,datum:novegeo:elevation:mean-sea-level,PLATEAU,QUALIFIED,dataset:novegeo:terrain:elevation,1,data/novegeo/geography/terrain/qualified/novegeo_terrain_v001.json,f03d14ce483280aff6662dc808c840a14a4cd035fedd4fe87786649f326f001c,SHARED_REFERENCE
NG-ELEV-OBS-000119,NG-SPT-000119,37.66,-5.407467,1126,datum:novegeo:elevation:mean-sea-level,PLATEAU,QUALIFIED,dataset:novegeo:terrain:elevation,1,data/novegeo/geography/terrain/qualified/novegeo_terrain_v001.json,f03d14ce483280aff6662dc808c840a14a4cd035fedd4fe87786649f326f001c,SHARED_REFERENCE
NG-ELEV-OBS-000120,NG-SPT-000120,38.08,-5.407467,1160,datum:novegeo:elevation:mean-sea-level,PLATEAU,QUALIFIED,dataset:novegeo:terrain:elevation,1,data/novegeo/geography/terrain/qualified/novegeo_terrain_v001.json,f03d14ce483280aff6662dc808c840a14a4cd035fedd4fe87786649f326f001c,SHARED_REFERENCE
NG-ELEV-OBS-000121,NG-SPT-000121,38.5,-5.407467,1166,datum:novegeo:elevation:mean-sea-level,PLATEAU,QUALIFIED,dataset:novegeo:terrain:elevation,1,data/novegeo/geography/terrain/qualified/novegeo_terrain_v001.json,f03d14ce483280aff6662dc808c840a14a4cd035fedd4fe87786649f326f001c,SHARED_REFERENCE
NG-ELEV-OBS-000122,NG-SPT-000122,38.92,-5.407467,1139,datum:novegeo:elevation:mean-sea-level,PLATEAU,QUALIFIED,dataset:novegeo:terrain:elevation,1,data/novegeo/geography/terrain/qualified/novegeo_terrain_v001.json,f03d14ce483280aff6662dc808c840a14a4cd035fedd4fe87786649f326f001c,SHARED_REFERENCE
NG-ELEV-OBS-000123,NG-SPT-000123,39.34,-5.407467,1083,datum:novegeo:elevation:mean-sea-level,PLATEAU,QUALIFIED,dataset:novegeo:terrain:elevation,1,data/novegeo/geography/terrain/qualified/novegeo_terrain_v001.json,f03d14ce483280aff6662dc808c840a14a4cd035fedd4fe87786649f326f001c,SHARED_REFERENCE
NG-ELEV-OBS-000124,NG-SPT-000124,39.76,-5.407467,1003,datum:novegeo:elevation:mean-sea-level,PLAIN,QUALIFIED,dataset:novegeo:terrain:elevation,1,data/novegeo/geography/terrain/qualified/novegeo_terrain_v001.json,f03d14ce483280aff6662dc808c840a14a4cd035fedd4fe87786649f326f001c,SHARED_REFERENCE
NG-ELEV-OBS-000125,NG-SPT-000125,40.18,-5.407467,911,datum:novegeo:elevation:mean-sea-level,PLAIN,QUALIFIED,dataset:novegeo:terrain:elevation,1,data/novegeo/geography/terrain/qualified/novegeo_terrain_v001.json,f03d14ce483280aff6662dc808c840a14a4cd035fedd4fe87786649f326f001c,SHARED_REFERENCE
NG-ELEV-OBS-000126,NG-SPT-000126,40.6,-5.407467,817,datum:novegeo:elevation:mean-sea-level,PLAIN,QUALIFIED,dataset:novegeo:terrain:elevation,1,data/novegeo/geography/terrain/qualified/novegeo_terrain_v001.json,f03d14ce483280aff6662dc808c840a14a4cd035fedd4fe87786649f326f001c,SHARED_REFERENCE
NG-ELEV-OBS-000127,NG-SPT-000127,41.02,-5.407467,727,datum:novegeo:elevation:mean-sea-level,PLAIN,QUALIFIED,dataset:novegeo:terrain:elevation,1,data/novegeo/geography/terrain/qualified/novegeo_terrain_v001.json,f03d14ce483280aff6662dc808c840a14a4cd035fedd4fe87786649f326f001c,SHARED_REFERENCE
NG-ELEV-OBS-000128,NG-SPT-000128,41.44,-5.407467,646,datum:novegeo:elevation:mean-sea-level,PLAIN,QUALIFIED,dataset:novegeo:terrain:elevation,1,data/novegeo/geography/terrain/qualified/novegeo_terrain_v001.json,f03d14ce483280aff6662dc808c840a14a4cd035fedd4fe87786649f326f001c,SHARED_REFERENCE
NG-ELEV-OBS-000129,NG-SPT-000129,41.86,-5.407467,574,datum:novegeo:elevation:mean-sea-level,PLAIN,QUALIFIED,dataset:novegeo:terrain:elevation,1,data/novegeo/geography/terrain/qualified/novegeo_terrain_v001.json,f03d14ce483280aff6662dc808c840a14a4cd035fedd4fe87786649f326f001c,SHARED_REFERENCE
NG-ELEV-OBS-000130,NG-SPT-000130,42.28,-5.407467,511,datum:novegeo:elevation:mean-sea-level,PLAIN,QUALIFIED,dataset:novegeo:terrain:elevation,1,data/novegeo/geography/terrain/qualified/novegeo_terrain_v001.json,f03d14ce483280aff6662dc808c840a14a4cd035fedd4fe87786649f326f001c,SHARED_REFERENCE
NG-ELEV-OBS-000131,NG-SPT-000131,43.54,-5.407467,314,datum:novegeo:elevation:mean-sea-level,PLAIN,QUALIFIED,dataset:novegeo:terrain:elevation,1,data/novegeo/geography/terrain/qualified/novegeo_terrain_v001.json,f03d14ce483280aff6662dc808c840a14a4cd035fedd4fe87786649f326f001c,SHARED_REFERENCE
NG-ELEV-OBS-000132,NG-SPT-000132,30.1,-4.987467,308,datum:novegeo:elevation:mean-sea-level,PLAIN,QUALIFIED,dataset:novegeo:terrain:elevation,1,data/novegeo/geography/terrain/qualified/novegeo_terrain_v001.json,f03d14ce483280aff6662dc808c840a14a4cd035fedd4fe87786649f326f001c,SHARED_REFERENCE
NG-ELEV-OBS-000133,NG-SPT-000133,30.52,-4.987467,345,datum:novegeo:elevation:mean-sea-level,PLAIN,QUALIFIED,dataset:novegeo:terrain:elevation,1,data/novegeo/geography/terrain/qualified/novegeo_terrain_v001.json,f03d14ce483280aff6662dc808c840a14a4cd035fedd4fe87786649f326f001c,SHARED_REFERENCE
NG-ELEV-OBS-000134,NG-SPT-000134,30.94,-4.987467,373,datum:novegeo:elevation:mean-sea-level,PLAIN,QUALIFIED,dataset:novegeo:terrain:elevation,1,data/novegeo/geography/terrain/qualified/novegeo_terrain_v001.json,f03d14ce483280aff6662dc808c840a14a4cd035fedd4fe87786649f326f001c,SHARED_REFERENCE
NG-ELEV-OBS-000135,NG-SPT-000135,31.36,-4.987467,381,datum:novegeo:elevation:mean-sea-level,PLAIN,QUALIFIED,dataset:novegeo:terrain:elevation,1,data/novegeo/geography/terrain/qualified/novegeo_terrain_v001.json,f03d14ce483280aff6662dc808c840a14a4cd035fedd4fe87786649f326f001c,SHARED_REFERENCE
NG-ELEV-OBS-000136,NG-SPT-000136,31.78,-4.987467,377,datum:novegeo:elevation:mean-sea-level,PLAIN,QUALIFIED,dataset:novegeo:terrain:elevation,1,data/novegeo/geography/terrain/qualified/novegeo_terrain_v001.json,f03d14ce483280aff6662dc808c840a14a4cd035fedd4fe87786649f326f001c,SHARED_REFERENCE
NG-ELEV-OBS-000137,NG-SPT-000137,32.2,-4.987467,377,datum:novegeo:elevation:mean-sea-level,PLAIN,QUALIFIED,dataset:novegeo:terrain:elevation,1,data/novegeo/geography/terrain/qualified/novegeo_terrain_v001.json,f03d14ce483280aff6662dc808c840a14a4cd035fedd4fe87786649f326f001c,SHARED_REFERENCE
NG-ELEV-OBS-000138,NG-SPT-000138,32.62,-4.987467,385,datum:novegeo:elevation:mean-sea-level,PLAIN,QUALIFIED,dataset:novegeo:terrain:elevation,1,data/novegeo/geography/terrain/qualified/novegeo_terrain_v001.json,f03d14ce483280aff6662dc808c840a14a4cd035fedd4fe87786649f326f001c,SHARED_REFERENCE
NG-ELEV-OBS-000139,NG-SPT-000139,33.04,-4.987467,408,datum:novegeo:elevation:mean-sea-level,PLAIN,QUALIFIED,dataset:novegeo:terrain:elevation,1,data/novegeo/geography/terrain/qualified/novegeo_terrain_v001.json,f03d14ce483280aff6662dc808c840a14a4cd035fedd4fe87786649f326f001c,SHARED_REFERENCE
NG-ELEV-OBS-000140,NG-SPT-000140,33.46,-4.987467,451,datum:novegeo:elevation:mean-sea-level,PLAIN,QUALIFIED,dataset:novegeo:terrain:elevation,1,data/novegeo/geography/terrain/qualified/novegeo_terrain_v001.json,f03d14ce483280aff6662dc808c840a14a4cd035fedd4fe87786649f326f001c,SHARED_REFERENCE
NG-ELEV-OBS-000141,NG-SPT-000141,33.88,-4.987467,515,datum:novegeo:elevation:mean-sea-level,PLAIN,QUALIFIED,dataset:novegeo:terrain:elevation,1,data/novegeo/geography/terrain/qualified/novegeo_terrain_v001.json,f03d14ce483280aff6662dc808c840a14a4cd035fedd4fe87786649f326f001c,SHARED_REFERENCE
NG-ELEV-OBS-000142,NG-SPT-000142,34.3,-4.987467,597,datum:novegeo:elevation:mean-sea-level,PLAIN,QUALIFIED,dataset:novegeo:terrain:elevation,1,data/novegeo/geography/terrain/qualified/novegeo_terrain_v001.json,f03d14ce483280aff6662dc808c840a14a4cd035fedd4fe87786649f326f001c,SHARED_REFERENCE
NG-ELEV-OBS-000143,NG-SPT-000143,34.72,-4.987467,694,datum:novegeo:elevation:mean-sea-level,PLAIN,QUALIFIED,dataset:novegeo:terrain:elevation,1,data/novegeo/geography/terrain/qualified/novegeo_terrain_v001.json,f03d14ce483280aff6662dc808c840a14a4cd035fedd4fe87786649f326f001c,SHARED_REFERENCE
NG-ELEV-OBS-000144,NG-SPT-000144,35.14,-4.987467,798,datum:novegeo:elevation:mean-sea-level,PLAIN,QUALIFIED,dataset:novegeo:terrain:elevation,1,data/novegeo/geography/terrain/qualified/novegeo_terrain_v001.json,f03d14ce483280aff6662dc808c840a14a4cd035fedd4fe87786649f326f001c,SHARED_REFERENCE
NG-ELEV-OBS-000145,NG-SPT-000145,35.56,-4.987467,902,datum:novegeo:elevation:mean-sea-level,PLAIN,QUALIFIED,dataset:novegeo:terrain:elevation,1,data/novegeo/geography/terrain/qualified/novegeo_terrain_v001.json,f03d14ce483280aff6662dc808c840a14a4cd035fedd4fe87786649f326f001c,SHARED_REFERENCE
NG-ELEV-OBS-000146,NG-SPT-000146,35.98,-4.987467,1003,datum:novegeo:elevation:mean-sea-level,VALLEY,QUALIFIED,dataset:novegeo:terrain:elevation,1,data/novegeo/geography/terrain/qualified/novegeo_terrain_v001.json,f03d14ce483280aff6662dc808c840a14a4cd035fedd4fe87786649f326f001c,SHARED_REFERENCE
NG-ELEV-OBS-000147,NG-SPT-000147,36.4,-4.987467,1100,datum:novegeo:elevation:mean-sea-level,PLATEAU,QUALIFIED,dataset:novegeo:terrain:elevation,1,data/novegeo/geography/terrain/qualified/novegeo_terrain_v001.json,f03d14ce483280aff6662dc808c840a14a4cd035fedd4fe87786649f326f001c,SHARED_REFERENCE
NG-ELEV-OBS-000148,NG-SPT-000148,36.82,-4.987467,1191,datum:novegeo:elevation:mean-sea-level,PLATEAU,QUALIFIED,dataset:novegeo:terrain:elevation,1,data/novegeo/geography/terrain/qualified/novegeo_terrain_v001.json,f03d14ce483280aff6662dc808c840a14a4cd035fedd4fe87786649f326f001c,SHARED_REFERENCE
NG-ELEV-OBS-000149,NG-SPT-000149,37.24,-4.987467,1273,datum:novegeo:elevation:mean-sea-level,PLATEAU,QUALIFIED,dataset:novegeo:terrain:elevation,1,data/novegeo/geography/terrain/qualified/novegeo_terrain_v001.json,f03d14ce483280aff6662dc808c840a14a4cd035fedd4fe87786649f326f001c,SHARED_REFERENCE
NG-ELEV-OBS-000150,NG-SPT-000150,37.66,-4.987467,1340,datum:novegeo:elevation:mean-sea-level,PLATEAU,QUALIFIED,dataset:novegeo:terrain:elevation,1,data/novegeo/geography/terrain/qualified/novegeo_terrain_v001.json,f03d14ce483280aff6662dc808c840a14a4cd035fedd4fe87786649f326f001c,SHARED_REFERENCE
NG-ELEV-OBS-000151,NG-SPT-000151,38.08,-4.987467,1380,datum:novegeo:elevation:mean-sea-level,PLATEAU,QUALIFIED,dataset:novegeo:terrain:elevation,1,data/novegeo/geography/terrain/qualified/novegeo_terrain_v001.json,f03d14ce483280aff6662dc808c840a14a4cd035fedd4fe87786649f326f001c,SHARED_REFERENCE
NG-ELEV-OBS-000152,NG-SPT-000152,38.5,-4.987467,1384,datum:novegeo:elevation:mean-sea-level,PLATEAU,QUALIFIED,dataset:novegeo:terrain:elevation,1,data/novegeo/geography/terrain/qualified/novegeo_terrain_v001.json,f03d14ce483280aff6662dc808c840a14a4cd035fedd4fe87786649f326f001c,SHARED_REFERENCE
NG-ELEV-OBS-000153,NG-SPT-000153,38.92,-4.987467,1346,datum:novegeo:elevation:mean-sea-level,PLATEAU,QUALIFIED,dataset:novegeo:terrain:elevation,1,data/novegeo/geography/terrain/qualified/novegeo_terrain_v001.json,f03d14ce483280aff6662dc808c840a14a4cd035fedd4fe87786649f326f001c,SHARED_REFERENCE
NG-ELEV-OBS-000154,NG-SPT-000154,39.34,-4.987467,1270,datum:novegeo:elevation:mean-sea-level,PLATEAU,QUALIFIED,dataset:novegeo:terrain:elevation,1,data/novegeo/geography/terrain/qualified/novegeo_terrain_v001.json,f03d14ce483280aff6662dc808c840a14a4cd035fedd4fe87786649f326f001c,SHARED_REFERENCE
NG-ELEV-OBS-000155,NG-SPT-000155,39.76,-4.987467,1167,datum:novegeo:elevation:mean-sea-level,PLATEAU,QUALIFIED,dataset:novegeo:terrain:elevation,1,data/novegeo/geography/terrain/qualified/novegeo_terrain_v001.json,f03d14ce483280aff6662dc808c840a14a4cd035fedd4fe87786649f326f001c,SHARED_REFERENCE
NG-ELEV-OBS-000156,NG-SPT-000156,40.18,-4.987467,1048,datum:novegeo:elevation:mean-sea-level,PLAIN,QUALIFIED,dataset:novegeo:terrain:elevation,1,data/novegeo/geography/terrain/qualified/novegeo_terrain_v001.json,f03d14ce483280aff6662dc808c840a14a4cd035fedd4fe87786649f326f001c,SHARED_REFERENCE
NG-ELEV-OBS-000157,NG-SPT-000157,40.6,-4.987467,927,datum:novegeo:elevation:mean-sea-level,PLAIN,QUALIFIED,dataset:novegeo:terrain:elevation,1,data/novegeo/geography/terrain/qualified/novegeo_terrain_v001.json,f03d14ce483280aff6662dc808c840a14a4cd035fedd4fe87786649f326f001c,SHARED_REFERENCE
NG-ELEV-OBS-000158,NG-SPT-000158,41.02,-4.987467,814,datum:novegeo:elevation:mean-sea-level,PLAIN,QUALIFIED,dataset:novegeo:terrain:elevation,1,data/novegeo/geography/terrain/qualified/novegeo_terrain_v001.json,f03d14ce483280aff6662dc808c840a14a4cd035fedd4fe87786649f326f001c,SHARED_REFERENCE
NG-ELEV-OBS-000159,NG-SPT-000159,41.44,-4.987467,712,datum:novegeo:elevation:mean-sea-level,PLAIN,QUALIFIED,dataset:novegeo:terrain:elevation,1,data/novegeo/geography/terrain/qualified/novegeo_terrain_v001.json,f03d14ce483280aff6662dc808c840a14a4cd035fedd4fe87786649f326f001c,SHARED_REFERENCE
NG-ELEV-OBS-000160,NG-SPT-000160,41.86,-4.987467,623,datum:novegeo:elevation:mean-sea-level,PLAIN,QUALIFIED,dataset:novegeo:terrain:elevation,1,data/novegeo/geography/terrain/qualified/novegeo_terrain_v001.json,f03d14ce483280aff6662dc808c840a14a4cd035fedd4fe87786649f326f001c,SHARED_REFERENCE
NG-ELEV-OBS-000161,NG-SPT-000161,42.28,-4.987467,547,datum:novegeo:elevation:mean-sea-level,PLAIN,QUALIFIED,dataset:novegeo:terrain:elevation,1,data/novegeo/geography/terrain/qualified/novegeo_terrain_v001.json,f03d14ce483280aff6662dc808c840a14a4cd035fedd4fe87786649f326f001c,SHARED_REFERENCE
NG-ELEV-OBS-000162,NG-SPT-000162,42.7,-4.987467,480,datum:novegeo:elevation:mean-sea-level,PLAIN,QUALIFIED,dataset:novegeo:terrain:elevation,1,data/novegeo/geography/terrain/qualified/novegeo_terrain_v001.json,f03d14ce483280aff6662dc808c840a14a4cd035fedd4fe87786649f326f001c,SHARED_REFERENCE
NG-ELEV-OBS-000163,NG-SPT-000163,30.1,-4.567467,306,datum:novegeo:elevation:mean-sea-level,PLAIN,QUALIFIED,dataset:novegeo:terrain:elevation,1,data/novegeo/geography/terrain/qualified/novegeo_terrain_v001.json,f03d14ce483280aff6662dc808c840a14a4cd035fedd4fe87786649f326f001c,SHARED_REFERENCE
NG-ELEV-OBS-000164,NG-SPT-000164,30.52,-4.567467,339,datum:novegeo:elevation:mean-sea-level,PLAIN,QUALIFIED,dataset:novegeo:terrain:elevation,1,data/novegeo/geography/terrain/qualified/novegeo_terrain_v001.json,f03d14ce483280aff6662dc808c840a14a4cd035fedd4fe87786649f326f001c,SHARED_REFERENCE
NG-ELEV-OBS-000165,NG-SPT-000165,30.94,-4.567467,362,datum:novegeo:elevation:mean-sea-level,PLAIN,QUALIFIED,dataset:novegeo:terrain:elevation,1,data/novegeo/geography/terrain/qualified/novegeo_terrain_v001.json,f03d14ce483280aff6662dc808c840a14a4cd035fedd4fe87786649f326f001c,SHARED_REFERENCE
NG-ELEV-OBS-000166,NG-SPT-000166,31.36,-4.567467,364,datum:novegeo:elevation:mean-sea-level,PLAIN,QUALIFIED,dataset:novegeo:terrain:elevation,1,data/novegeo/geography/terrain/qualified/novegeo_terrain_v001.json,f03d14ce483280aff6662dc808c840a14a4cd035fedd4fe87786649f326f001c,SHARED_REFERENCE
NG-ELEV-OBS-000167,NG-SPT-000167,31.78,-4.567467,355,datum:novegeo:elevation:mean-sea-level,PLAIN,QUALIFIED,dataset:novegeo:terrain:elevation,1,data/novegeo/geography/terrain/qualified/novegeo_terrain_v001.json,f03d14ce483280aff6662dc808c840a14a4cd035fedd4fe87786649f326f001c,SHARED_REFERENCE
NG-ELEV-OBS-000168,NG-SPT-000168,32.2,-4.567467,351,datum:novegeo:elevation:mean-sea-level,PLAIN,QUALIFIED,dataset:novegeo:terrain:elevation,1,data/novegeo/geography/terrain/qualified/novegeo_terrain_v001.json,f03d14ce483280aff6662dc808c840a14a4cd035fedd4fe87786649f326f001c,SHARED_REFERENCE
NG-ELEV-OBS-000169,NG-SPT-000169,32.62,-4.567467,360,datum:novegeo:elevation:mean-sea-level,PLAIN,QUALIFIED,dataset:novegeo:terrain:elevation,1,data/novegeo/geography/terrain/qualified/novegeo_terrain_v001.json,f03d14ce483280aff6662dc808c840a14a4cd035fedd4fe87786649f326f001c,SHARED_REFERENCE
NG-ELEV-OBS-000170,NG-SPT-000170,33.04,-4.567467,390,datum:novegeo:elevation:mean-sea-level,PLAIN,QUALIFIED,dataset:novegeo:terrain:elevation,1,data/novegeo/geography/terrain/qualified/novegeo_terrain_v001.json,f03d14ce483280aff6662dc808c840a14a4cd035fedd4fe87786649f326f001c,SHARED_REFERENCE
NG-ELEV-OBS-000171,NG-SPT-000171,33.46,-4.567467,446,datum:novegeo:elevation:mean-sea-level,PLAIN,QUALIFIED,dataset:novegeo:terrain:elevation,1,data/novegeo/geography/terrain/qualified/novegeo_terrain_v001.json,f03d14ce483280aff6662dc808c840a14a4cd035fedd4fe87786649f326f001c,SHARED_REFERENCE
NG-ELEV-OBS-000172,NG-SPT-000172,33.88,-4.567467,528,datum:novegeo:elevation:mean-sea-level,PLAIN,QUALIFIED,dataset:novegeo:terrain:elevation,1,data/novegeo/geography/terrain/qualified/novegeo_terrain_v001.json,f03d14ce483280aff6662dc808c840a14a4cd035fedd4fe87786649f326f001c,SHARED_REFERENCE
NG-ELEV-OBS-000173,NG-SPT-000173,34.3,-4.567467,634,datum:novegeo:elevation:mean-sea-level,PLAIN,QUALIFIED,dataset:novegeo:terrain:elevation,1,data/novegeo/geography/terrain/qualified/novegeo_terrain_v001.json,f03d14ce483280aff6662dc808c840a14a4cd035fedd4fe87786649f326f001c,SHARED_REFERENCE
NG-ELEV-OBS-000174,NG-SPT-000174,34.72,-4.567467,757,datum:novegeo:elevation:mean-sea-level,PLAIN,QUALIFIED,dataset:novegeo:terrain:elevation,1,data/novegeo/geography/terrain/qualified/novegeo_terrain_v001.json,f03d14ce483280aff6662dc808c840a14a4cd035fedd4fe87786649f326f001c,SHARED_REFERENCE
NG-ELEV-OBS-000175,NG-SPT-000175,35.14,-4.567467,887,datum:novegeo:elevation:mean-sea-level,PLAIN,QUALIFIED,dataset:novegeo:terrain:elevation,1,data/novegeo/geography/terrain/qualified/novegeo_terrain_v001.json,f03d14ce483280aff6662dc808c840a14a4cd035fedd4fe87786649f326f001c,SHARED_REFERENCE
NG-ELEV-OBS-000176,NG-SPT-000176,35.56,-4.567467,1017,datum:novegeo:elevation:mean-sea-level,PLAIN,QUALIFIED,dataset:novegeo:terrain:elevation,1,data/novegeo/geography/terrain/qualified/novegeo_terrain_v001.json,f03d14ce483280aff6662dc808c840a14a4cd035fedd4fe87786649f326f001c,SHARED_REFERENCE
NG-ELEV-OBS-000177,NG-SPT-000177,35.98,-4.567467,1140,datum:novegeo:elevation:mean-sea-level,PLATEAU,QUALIFIED,dataset:novegeo:terrain:elevation,1,data/novegeo/geography/terrain/qualified/novegeo_terrain_v001.json,f03d14ce483280aff6662dc808c840a14a4cd035fedd4fe87786649f326f001c,SHARED_REFERENCE
NG-ELEV-OBS-000178,NG-SPT-000178,36.4,-4.567467,1256,datum:novegeo:elevation:mean-sea-level,PLATEAU,QUALIFIED,dataset:novegeo:terrain:elevation,1,data/novegeo/geography/terrain/qualified/novegeo_terrain_v001.json,f03d14ce483280aff6662dc808c840a14a4cd035fedd4fe87786649f326f001c,SHARED_REFERENCE
NG-ELEV-OBS-000179,NG-SPT-000179,36.82,-4.567467,1365,datum:novegeo:elevation:mean-sea-level,PLATEAU,QUALIFIED,dataset:novegeo:terrain:elevation,1,data/novegeo/geography/terrain/qualified/novegeo_terrain_v001.json,f03d14ce483280aff6662dc808c840a14a4cd035fedd4fe87786649f326f001c,SHARED_REFERENCE
NG-ELEV-OBS-000180,NG-SPT-000180,37.24,-4.567467,1463,datum:novegeo:elevation:mean-sea-level,PLATEAU,QUALIFIED,dataset:novegeo:terrain:elevation,1,data/novegeo/geography/terrain/qualified/novegeo_terrain_v001.json,f03d14ce483280aff6662dc808c840a14a4cd035fedd4fe87786649f326f001c,SHARED_REFERENCE
NG-ELEV-OBS-000181,NG-SPT-000181,37.66,-4.567467,1542,datum:novegeo:elevation:mean-sea-level,PLATEAU,QUALIFIED,dataset:novegeo:terrain:elevation,1,data/novegeo/geography/terrain/qualified/novegeo_terrain_v001.json,f03d14ce483280aff6662dc808c840a14a4cd035fedd4fe87786649f326f001c,SHARED_REFERENCE
NG-ELEV-OBS-000182,NG-SPT-000182,38.08,-4.567467,1589,datum:novegeo:elevation:mean-sea-level,PLATEAU,QUALIFIED,dataset:novegeo:terrain:elevation,1,data/novegeo/geography/terrain/qualified/novegeo_terrain_v001.json,f03d14ce483280aff6662dc808c840a14a4cd035fedd4fe87786649f326f001c,SHARED_REFERENCE
NG-ELEV-OBS-000183,NG-SPT-000183,38.5,-4.567467,1591,datum:novegeo:elevation:mean-sea-level,PLATEAU,QUALIFIED,dataset:novegeo:terrain:elevation,1,data/novegeo/geography/terrain/qualified/novegeo_terrain_v001.json,f03d14ce483280aff6662dc808c840a14a4cd035fedd4fe87786649f326f001c,SHARED_REFERENCE
NG-ELEV-OBS-000184,NG-SPT-000184,38.92,-4.567467,1544,datum:novegeo:elevation:mean-sea-level,PLATEAU,QUALIFIED,dataset:novegeo:terrain:elevation,1,data/novegeo/geography/terrain/qualified/novegeo_terrain_v001.json,f03d14ce483280aff6662dc808c840a14a4cd035fedd4fe87786649f326f001c,SHARED_REFERENCE
NG-ELEV-OBS-000185,NG-SPT-000185,39.34,-4.567467,1451,datum:novegeo:elevation:mean-sea-level,PLATEAU,QUALIFIED,dataset:novegeo:terrain:elevation,1,data/novegeo/geography/terrain/qualified/novegeo_terrain_v001.json,f03d14ce483280aff6662dc808c840a14a4cd035fedd4fe87786649f326f001c,SHARED_REFERENCE
NG-ELEV-OBS-000186,NG-SPT-000186,39.76,-4.567467,1325,datum:novegeo:elevation:mean-sea-level,PLATEAU,QUALIFIED,dataset:novegeo:terrain:elevation,1,data/novegeo/geography/terrain/qualified/novegeo_terrain_v001.json,f03d14ce483280aff6662dc808c840a14a4cd035fedd4fe87786649f326f001c,SHARED_REFERENCE
NG-ELEV-OBS-000187,NG-SPT-000187,40.18,-4.567467,1181,datum:novegeo:elevation:mean-sea-level,PLATEAU,QUALIFIED,dataset:novegeo:terrain:elevation,1,data/novegeo/geography/terrain/qualified/novegeo_terrain_v001.json,f03d14ce483280aff6662dc808c840a14a4cd035fedd4fe87786649f326f001c,SHARED_REFERENCE
NG-ELEV-OBS-000188,NG-SPT-000188,40.6,-4.567467,1035,datum:novegeo:elevation:mean-sea-level,PLAIN,QUALIFIED,dataset:novegeo:terrain:elevation,1,data/novegeo/geography/terrain/qualified/novegeo_terrain_v001.json,f03d14ce483280aff6662dc808c840a14a4cd035fedd4fe87786649f326f001c,SHARED_REFERENCE
NG-ELEV-OBS-000189,NG-SPT-000189,41.02,-4.567467,898,datum:novegeo:elevation:mean-sea-level,PLAIN,QUALIFIED,dataset:novegeo:terrain:elevation,1,data/novegeo/geography/terrain/qualified/novegeo_terrain_v001.json,f03d14ce483280aff6662dc808c840a14a4cd035fedd4fe87786649f326f001c,SHARED_REFERENCE
NG-ELEV-OBS-000190,NG-SPT-000190,41.44,-4.567467,776,datum:novegeo:elevation:mean-sea-level,PLAIN,QUALIFIED,dataset:novegeo:terrain:elevation,1,data/novegeo/geography/terrain/qualified/novegeo_terrain_v001.json,f03d14ce483280aff6662dc808c840a14a4cd035fedd4fe87786649f326f001c,SHARED_REFERENCE
NG-ELEV-OBS-000191,NG-SPT-000191,41.86,-4.567467,671,datum:novegeo:elevation:mean-sea-level,PLAIN,QUALIFIED,dataset:novegeo:terrain:elevation,1,data/novegeo/geography/terrain/qualified/novegeo_terrain_v001.json,f03d14ce483280aff6662dc808c840a14a4cd035fedd4fe87786649f326f001c,SHARED_REFERENCE
NG-ELEV-OBS-000192,NG-SPT-000192,42.28,-4.567467,582,datum:novegeo:elevation:mean-sea-level,PLAIN,QUALIFIED,dataset:novegeo:terrain:elevation,1,data/novegeo/geography/terrain/qualified/novegeo_terrain_v001.json,f03d14ce483280aff6662dc808c840a14a4cd035fedd4fe87786649f326f001c,SHARED_REFERENCE
NG-ELEV-OBS-000193,NG-SPT-000193,42.7,-4.567467,505,datum:novegeo:elevation:mean-sea-level,PLAIN,QUALIFIED,dataset:novegeo:terrain:elevation,1,data/novegeo/geography/terrain/qualified/novegeo_terrain_v001.json,f03d14ce483280aff6662dc808c840a14a4cd035fedd4fe87786649f326f001c,SHARED_REFERENCE
NG-ELEV-OBS-000194,NG-SPT-000194,43.12,-4.567467,419,datum:novegeo:elevation:mean-sea-level,PLAIN,QUALIFIED,dataset:novegeo:terrain:elevation,1,data/novegeo/geography/terrain/qualified/novegeo_terrain_v001.json,f03d14ce483280aff6662dc808c840a14a4cd035fedd4fe87786649f326f001c,SHARED_REFERENCE
NG-ELEV-OBS-000195,NG-SPT-000195,29.68,-4.147467,262,datum:novegeo:elevation:mean-sea-level,PLAIN,QUALIFIED,dataset:novegeo:terrain:elevation,1,data/novegeo/geography/terrain/qualified/novegeo_terrain_v001.json,f03d14ce483280aff6662dc808c840a14a4cd035fedd4fe87786649f326f001c,SHARED_REFERENCE
NG-ELEV-OBS-000196,NG-SPT-000196,30.1,-4.147467,301,datum:novegeo:elevation:mean-sea-level,PLAIN,QUALIFIED,dataset:novegeo:terrain:elevation,1,data/novegeo/geography/terrain/qualified/novegeo_terrain_v001.json,f03d14ce483280aff6662dc808c840a14a4cd035fedd4fe87786649f326f001c,SHARED_REFERENCE
NG-ELEV-OBS-000197,NG-SPT-000197,30.52,-4.147467,330,datum:novegeo:elevation:mean-sea-level,PLAIN,QUALIFIED,dataset:novegeo:terrain:elevation,1,data/novegeo/geography/terrain/qualified/novegeo_terrain_v001.json,f03d14ce483280aff6662dc808c840a14a4cd035fedd4fe87786649f326f001c,SHARED_REFERENCE
NG-ELEV-OBS-000198,NG-SPT-000198,30.94,-4.147467,347,datum:novegeo:elevation:mean-sea-level,PLAIN,QUALIFIED,dataset:novegeo:terrain:elevation,1,data/novegeo/geography/terrain/qualified/novegeo_terrain_v001.json,f03d14ce483280aff6662dc808c840a14a4cd035fedd4fe87786649f326f001c,SHARED_REFERENCE
NG-ELEV-OBS-000199,NG-SPT-000199,31.36,-4.147467,343,datum:novegeo:elevation:mean-sea-level,PLAIN,QUALIFIED,dataset:novegeo:terrain:elevation,1,data/novegeo/geography/terrain/qualified/novegeo_terrain_v001.json,f03d14ce483280aff6662dc808c840a14a4cd035fedd4fe87786649f326f001c,SHARED_REFERENCE
NG-ELEV-OBS-000200,NG-SPT-000200,31.78,-4.147467,329,datum:novegeo:elevation:mean-sea-level,PLAIN,QUALIFIED,dataset:novegeo:terrain:elevation,1,data/novegeo/geography/terrain/qualified/novegeo_terrain_v001.json,f03d14ce483280aff6662dc808c840a14a4cd035fedd4fe87786649f326f001c,SHARED_REFERENCE
NG-ELEV-OBS-000201,NG-SPT-000201,32.2,-4.147467,322,datum:novegeo:elevation:mean-sea-level,PLAIN,QUALIFIED,dataset:novegeo:terrain:elevation,1,data/novegeo/geography/terrain/qualified/novegeo_terrain_v001.json,f03d14ce483280aff6662dc808c840a14a4cd035fedd4fe87786649f326f001c,SHARED_REFERENCE
NG-ELEV-OBS-000202,NG-SPT-000202,32.62,-4.147467,333,datum:novegeo:elevation:mean-sea-level,PLAIN,QUALIFIED,dataset:novegeo:terrain:elevation,1,data/novegeo/geography/terrain/qualified/novegeo_terrain_v001.json,f03d14ce483280aff6662dc808c840a14a4cd035fedd4fe87786649f326f001c,SHARED_REFERENCE
NG-ELEV-OBS-000203,NG-SPT-000203,33.04,-4.147467,370,datum:novegeo:elevation:mean-sea-level,PLAIN,QUALIFIED,dataset:novegeo:terrain:elevation,1,data/novegeo/geography/terrain/qualified/novegeo_terrain_v001.json,f03d14ce483280aff6662dc808c840a14a4cd035fedd4fe87786649f326f001c,SHARED_REFERENCE
NG-ELEV-OBS-000204,NG-SPT-000204,33.46,-4.147467,439,datum:novegeo:elevation:mean-sea-level,PLAIN,QUALIFIED,dataset:novegeo:terrain:elevation,1,data/novegeo/geography/terrain/qualified/novegeo_terrain_v001.json,f03d14ce483280aff6662dc808c840a14a4cd035fedd4fe87786649f326f001c,SHARED_REFERENCE
NG-ELEV-OBS-000205,NG-SPT-000205,33.88,-4.147467,540,datum:novegeo:elevation:mean-sea-level,PLAIN,QUALIFIED,dataset:novegeo:terrain:elevation,1,data/novegeo/geography/terrain/qualified/novegeo_terrain_v001.json,f03d14ce483280aff6662dc808c840a14a4cd035fedd4fe87786649f326f001c,SHARED_REFERENCE
NG-ELEV-OBS-000206,NG-SPT-000206,34.3,-4.147467,668,datum:novegeo:elevation:mean-sea-level,PLAIN,QUALIFIED,dataset:novegeo:terrain:elevation,1,data/novegeo/geography/terrain/qualified/novegeo_terrain_v001.json,f03d14ce483280aff6662dc808c840a14a4cd035fedd4fe87786649f326f001c,SHARED_REFERENCE
NG-ELEV-OBS-000207,NG-SPT-000207,34.72,-4.147467,813,datum:novegeo:elevation:mean-sea-level,PLAIN,QUALIFIED,dataset:novegeo:terrain:elevation,1,data/novegeo/geography/terrain/qualified/novegeo_terrain_v001.json,f03d14ce483280aff6662dc808c840a14a4cd035fedd4fe87786649f326f001c,SHARED_REFERENCE
NG-ELEV-OBS-000208,NG-SPT-000208,35.14,-4.147467,966,datum:novegeo:elevation:mean-sea-level,PLAIN,QUALIFIED,dataset:novegeo:terrain:elevation,1,data/novegeo/geography/terrain/qualified/novegeo_terrain_v001.json,f03d14ce483280aff6662dc808c840a14a4cd035fedd4fe87786649f326f001c,SHARED_REFERENCE
NG-ELEV-OBS-000209,NG-SPT-000209,35.56,-4.147467,1115,datum:novegeo:elevation:mean-sea-level,PLATEAU,QUALIFIED,dataset:novegeo:terrain:elevation,1,data/novegeo/geography/terrain/qualified/novegeo_terrain_v001.json,f03d14ce483280aff6662dc808c840a14a4cd035fedd4fe87786649f326f001c,SHARED_REFERENCE
NG-ELEV-OBS-000210,NG-SPT-000210,35.98,-4.147467,1254,datum:novegeo:elevation:mean-sea-level,PLATEAU,QUALIFIED,dataset:novegeo:terrain:elevation,1,data/novegeo/geography/terrain/qualified/novegeo_terrain_v001.json,f03d14ce483280aff6662dc808c840a14a4cd035fedd4fe87786649f326f001c,SHARED_REFERENCE
NG-ELEV-OBS-000211,NG-SPT-000211,36.4,-4.147467,1384,datum:novegeo:elevation:mean-sea-level,PLATEAU,QUALIFIED,dataset:novegeo:terrain:elevation,1,data/novegeo/geography/terrain/qualified/novegeo_terrain_v001.json,f03d14ce483280aff6662dc808c840a14a4cd035fedd4fe87786649f326f001c,SHARED_REFERENCE
NG-ELEV-OBS-000212,NG-SPT-000212,36.82,-4.147467,1505,datum:novegeo:elevation:mean-sea-level,PLATEAU,QUALIFIED,dataset:novegeo:terrain:elevation,1,data/novegeo/geography/terrain/qualified/novegeo_terrain_v001.json,f03d14ce483280aff6662dc808c840a14a4cd035fedd4fe87786649f326f001c,SHARED_REFERENCE
NG-ELEV-OBS-000213,NG-SPT-000213,37.24,-4.147467,1614,datum:novegeo:elevation:mean-sea-level,PLATEAU,QUALIFIED,dataset:novegeo:terrain:elevation,1,data/novegeo/geography/terrain/qualified/novegeo_terrain_v001.json,f03d14ce483280aff6662dc808c840a14a4cd035fedd4fe87786649f326f001c,SHARED_REFERENCE
NG-ELEV-OBS-000214,NG-SPT-000214,37.66,-4.147467,1704,datum:novegeo:elevation:mean-sea-level,PLATEAU,QUALIFIED,dataset:novegeo:terrain:elevation,1,data/novegeo/geography/terrain/qualified/novegeo_terrain_v001.json,f03d14ce483280aff6662dc808c840a14a4cd035fedd4fe87786649f326f001c,SHARED_REFERENCE
NG-ELEV-OBS-000215,NG-SPT-000215,38.08,-4.147467,1757,datum:novegeo:elevation:mean-sea-level,PLATEAU,QUALIFIED,dataset:novegeo:terrain:elevation,1,data/novegeo/geography/terrain/qualified/novegeo_terrain_v001.json,f03d14ce483280aff6662dc808c840a14a4cd035fedd4fe87786649f326f001c,SHARED_REFERENCE
NG-ELEV-OBS-000216,NG-SPT-000216,38.5,-4.147467,1762,datum:novegeo:elevation:mean-sea-level,PLATEAU,QUALIFIED,dataset:novegeo:terrain:elevation,1,data/novegeo/geography/terrain/qualified/novegeo_terrain_v001.json,f03d14ce483280aff6662dc808c840a14a4cd035fedd4fe87786649f326f001c,SHARED_REFERENCE
NG-ELEV-OBS-000217,NG-SPT-000217,38.92,-4.147467,1709,datum:novegeo:elevation:mean-sea-level,PLATEAU,QUALIFIED,dataset:novegeo:terrain:elevation,1,data/novegeo/geography/terrain/qualified/novegeo_terrain_v001.json,f03d14ce483280aff6662dc808c840a14a4cd035fedd4fe87786649f326f001c,SHARED_REFERENCE
NG-ELEV-OBS-000218,NG-SPT-000218,39.34,-4.147467,1604,datum:novegeo:elevation:mean-sea-level,PLATEAU,QUALIFIED,dataset:novegeo:terrain:elevation,1,data/novegeo/geography/terrain/qualified/novegeo_terrain_v001.json,f03d14ce483280aff6662dc808c840a14a4cd035fedd4fe87786649f326f001c,SHARED_REFERENCE
NG-ELEV-OBS-000219,NG-SPT-000219,39.76,-4.147467,1460,datum:novegeo:elevation:mean-sea-level,PLATEAU,QUALIFIED,dataset:novegeo:terrain:elevation,1,data/novegeo/geography/terrain/qualified/novegeo_terrain_v001.json,f03d14ce483280aff6662dc808c840a14a4cd035fedd4fe87786649f326f001c,SHARED_REFERENCE
NG-ELEV-OBS-000220,NG-SPT-000220,40.18,-4.147467,1296,datum:novegeo:elevation:mean-sea-level,PLATEAU,QUALIFIED,dataset:novegeo:terrain:elevation,1,data/novegeo/geography/terrain/qualified/novegeo_terrain_v001.json,f03d14ce483280aff6662dc808c840a14a4cd035fedd4fe87786649f326f001c,SHARED_REFERENCE
NG-ELEV-OBS-000221,NG-SPT-000221,40.6,-4.147467,1129,datum:novegeo:elevation:mean-sea-level,PLATEAU,QUALIFIED,dataset:novegeo:terrain:elevation,1,data/novegeo/geography/terrain/qualified/novegeo_terrain_v001.json,f03d14ce483280aff6662dc808c840a14a4cd035fedd4fe87786649f326f001c,SHARED_REFERENCE
NG-ELEV-OBS-000222,NG-SPT-000222,41.02,-4.147467,973,datum:novegeo:elevation:mean-sea-level,PLAIN,QUALIFIED,dataset:novegeo:terrain:elevation,1,data/novegeo/geography/terrain/qualified/novegeo_terrain_v001.json,f03d14ce483280aff6662dc808c840a14a4cd035fedd4fe87786649f326f001c,SHARED_REFERENCE
NG-ELEV-OBS-000223,NG-SPT-000223,41.44,-4.147467,834,datum:novegeo:elevation:mean-sea-level,PLAIN,QUALIFIED,dataset:novegeo:terrain:elevation,1,data/novegeo/geography/terrain/qualified/novegeo_terrain_v001.json,f03d14ce483280aff6662dc808c840a14a4cd035fedd4fe87786649f326f001c,SHARED_REFERENCE
NG-ELEV-OBS-000224,NG-SPT-000224,41.86,-4.147467,715,datum:novegeo:elevation:mean-sea-level,PLAIN,QUALIFIED,dataset:novegeo:terrain:elevation,1,data/novegeo/geography/terrain/qualified/novegeo_terrain_v001.json,f03d14ce483280aff6662dc808c840a14a4cd035fedd4fe87786649f326f001c,SHARED_REFERENCE
NG-ELEV-OBS-000225,NG-SPT-000225,42.28,-4.147467,614,datum:novegeo:elevation:mean-sea-level,PLAIN,QUALIFIED,dataset:novegeo:terrain:elevation,1,data/novegeo/geography/terrain/qualified/novegeo_terrain_v001.json,f03d14ce483280aff6662dc808c840a14a4cd035fedd4fe87786649f326f001c,SHARED_REFERENCE
NG-ELEV-OBS-000226,NG-SPT-000226,42.7,-4.147467,529,datum:novegeo:elevation:mean-sea-level,PLAIN,QUALIFIED,dataset:novegeo:terrain:elevation,1,data/novegeo/geography/terrain/qualified/novegeo_terrain_v001.json,f03d14ce483280aff6662dc808c840a14a4cd035fedd4fe87786649f326f001c,SHARED_REFERENCE
NG-ELEV-OBS-000227,NG-SPT-000227,43.12,-4.147467,436,datum:novegeo:elevation:mean-sea-level,PLAIN,QUALIFIED,dataset:novegeo:terrain:elevation,1,data/novegeo/geography/terrain/qualified/novegeo_terrain_v001.json,f03d14ce483280aff6662dc808c840a14a4cd035fedd4fe87786649f326f001c,SHARED_REFERENCE
NG-ELEV-OBS-000228,NG-SPT-000228,44.38,-4.147467,192,datum:novegeo:elevation:mean-sea-level,PLAIN,QUALIFIED,dataset:novegeo:terrain:elevation,1,data/novegeo/geography/terrain/qualified/novegeo_terrain_v001.json,f03d14ce483280aff6662dc808c840a14a4cd035fedd4fe87786649f326f001c,SHARED_REFERENCE
NG-ELEV-OBS-000229,NG-SPT-000229,29.68,-3.727467,259,datum:novegeo:elevation:mean-sea-level,PLAIN,QUALIFIED,dataset:novegeo:terrain:elevation,1,data/novegeo/geography/terrain/qualified/novegeo_terrain_v001.json,f03d14ce483280aff6662dc808c840a14a4cd035fedd4fe87786649f326f001c,SHARED_REFERENCE
NG-ELEV-OBS-000230,NG-SPT-000230,30.1,-3.727467,296,datum:novegeo:elevation:mean-sea-level,PLAIN,QUALIFIED,dataset:novegeo:terrain:elevation,1,data/novegeo/geography/terrain/qualified/novegeo_terrain_v001.json,f03d14ce483280aff6662dc808c840a14a4cd035fedd4fe87786649f326f001c,SHARED_REFERENCE
NG-ELEV-OBS-000231,NG-SPT-000231,30.52,-3.727467,320,datum:novegeo:elevation:mean-sea-level,PLAIN,QUALIFIED,dataset:novegeo:terrain:elevation,1,data/novegeo/geography/terrain/qualified/novegeo_terrain_v001.json,f03d14ce483280aff6662dc808c840a14a4cd035fedd4fe87786649f326f001c,SHARED_REFERENCE
NG-ELEV-OBS-000232,NG-SPT-000232,30.94,-3.727467,333,datum:novegeo:elevation:mean-sea-level,PLAIN,QUALIFIED,dataset:novegeo:terrain:elevation,1,data/novegeo/geography/terrain/qualified/novegeo_terrain_v001.json,f03d14ce483280aff6662dc808c840a14a4cd035fedd4fe87786649f326f001c,SHARED_REFERENCE
NG-ELEV-OBS-000233,NG-SPT-000233,31.36,-3.727467,325,datum:novegeo:elevation:mean-sea-level,PLAIN,QUALIFIED,dataset:novegeo:terrain:elevation,1,data/novegeo/geography/terrain/qualified/novegeo_terrain_v001.json,f03d14ce483280aff6662dc808c840a14a4cd035fedd4fe87786649f326f001c,SHARED_REFERENCE
NG-ELEV-OBS-000234,NG-SPT-000234,31.78,-3.727467,307,datum:novegeo:elevation:mean-sea-level,PLAIN,QUALIFIED,dataset:novegeo:terrain:elevation,1,data/novegeo/geography/terrain/qualified/novegeo_terrain_v001.json,f03d14ce483280aff6662dc808c840a14a4cd035fedd4fe87786649f326f001c,SHARED_REFERENCE
NG-ELEV-OBS-000235,NG-SPT-000235,32.2,-3.727467,300,datum:novegeo:elevation:mean-sea-level,PLAIN,QUALIFIED,dataset:novegeo:terrain:elevation,1,data/novegeo/geography/terrain/qualified/novegeo_terrain_v001.json,f03d14ce483280aff6662dc808c840a14a4cd035fedd4fe87786649f326f001c,SHARED_REFERENCE
NG-ELEV-OBS-000236,NG-SPT-000236,32.62,-3.727467,314,datum:novegeo:elevation:mean-sea-level,PLAIN,QUALIFIED,dataset:novegeo:terrain:elevation,1,data/novegeo/geography/terrain/qualified/novegeo_terrain_v001.json,f03d14ce483280aff6662dc808c840a14a4cd035fedd4fe87786649f326f001c,SHARED_REFERENCE
NG-ELEV-OBS-000237,NG-SPT-000237,33.04,-3.727467,358,datum:novegeo:elevation:mean-sea-level,PLAIN,QUALIFIED,dataset:novegeo:terrain:elevation,1,data/novegeo/geography/terrain/qualified/novegeo_terrain_v001.json,f03d14ce483280aff6662dc808c840a14a4cd035fedd4fe87786649f326f001c,SHARED_REFERENCE
NG-ELEV-OBS-000238,NG-SPT-000238,33.46,-3.727467,439,datum:novegeo:elevation:mean-sea-level,PLAIN,QUALIFIED,dataset:novegeo:terrain:elevation,1,data/novegeo/geography/terrain/qualified/novegeo_terrain_v001.json,f03d14ce483280aff6662dc808c840a14a4cd035fedd4fe87786649f326f001c,SHARED_REFERENCE
NG-ELEV-OBS-000239,NG-SPT-000239,33.88,-3.727467,556,datum:novegeo:elevation:mean-sea-level,PLAIN,QUALIFIED,dataset:novegeo:terrain:elevation,1,data/novegeo/geography/terrain/qualified/novegeo_terrain_v001.json,f03d14ce483280aff6662dc808c840a14a4cd035fedd4fe87786649f326f001c,SHARED_REFERENCE
NG-ELEV-OBS-000240,NG-SPT-000240,34.3,-3.727467,701,datum:novegeo:elevation:mean-sea-level,PLAIN,QUALIFIED,dataset:novegeo:terrain:elevation,1,data/novegeo/geography/terrain/qualified/novegeo_terrain_v001.json,f03d14ce483280aff6662dc808c840a14a4cd035fedd4fe87786649f326f001c,SHARED_REFERENCE
NG-ELEV-OBS-000241,NG-SPT-000241,34.72,-3.727467,863,datum:novegeo:elevation:mean-sea-level,PLAIN,QUALIFIED,dataset:novegeo:terrain:elevation,1,data/novegeo/geography/terrain/qualified/novegeo_terrain_v001.json,f03d14ce483280aff6662dc808c840a14a4cd035fedd4fe87786649f326f001c,SHARED_REFERENCE
NG-ELEV-OBS-000242,NG-SPT-000242,35.14,-3.727467,1029,datum:novegeo:elevation:mean-sea-level,PLAIN,QUALIFIED,dataset:novegeo:terrain:elevation,1,data/novegeo/geography/terrain/qualified/novegeo_terrain_v001.json,f03d14ce483280aff6662dc808c840a14a4cd035fedd4fe87786649f326f001c,SHARED_REFERENCE
NG-ELEV-OBS-000243,NG-SPT-000243,35.56,-3.727467,1187,datum:novegeo:elevation:mean-sea-level,PLATEAU,QUALIFIED,dataset:novegeo:terrain:elevation,1,data/novegeo/geography/terrain/qualified/novegeo_terrain_v001.json,f03d14ce483280aff6662dc808c840a14a4cd035fedd4fe87786649f326f001c,SHARED_REFERENCE
NG-ELEV-OBS-000244,NG-SPT-000244,35.98,-3.727467,1333,datum:novegeo:elevation:mean-sea-level,PLATEAU,QUALIFIED,dataset:novegeo:terrain:elevation,1,data/novegeo/geography/terrain/qualified/novegeo_terrain_v001.json,f03d14ce483280aff6662dc808c840a14a4cd035fedd4fe87786649f326f001c,SHARED_REFERENCE
NG-ELEV-OBS-000245,NG-SPT-000245,36.4,-3.727467,1466,datum:novegeo:elevation:mean-sea-level,PLATEAU,QUALIFIED,dataset:novegeo:terrain:elevation,1,data/novegeo/geography/terrain/qualified/novegeo_terrain_v001.json,f03d14ce483280aff6662dc808c840a14a4cd035fedd4fe87786649f326f001c,SHARED_REFERENCE
NG-ELEV-OBS-000246,NG-SPT-000246,36.82,-3.727467,1590,datum:novegeo:elevation:mean-sea-level,PLATEAU,QUALIFIED,dataset:novegeo:terrain:elevation,1,data/novegeo/geography/terrain/qualified/novegeo_terrain_v001.json,f03d14ce483280aff6662dc808c840a14a4cd035fedd4fe87786649f326f001c,SHARED_REFERENCE
NG-ELEV-OBS-000247,NG-SPT-000247,37.24,-3.727467,1705,datum:novegeo:elevation:mean-sea-level,PLATEAU,QUALIFIED,dataset:novegeo:terrain:elevation,1,data/novegeo/geography/terrain/qualified/novegeo_terrain_v001.json,f03d14ce483280aff6662dc808c840a14a4cd035fedd4fe87786649f326f001c,SHARED_REFERENCE
NG-ELEV-OBS-000248,NG-SPT-000248,37.66,-3.727467,1802,datum:novegeo:elevation:mean-sea-level,PLATEAU,QUALIFIED,dataset:novegeo:terrain:elevation,1,data/novegeo/geography/terrain/qualified/novegeo_terrain_v001.json,f03d14ce483280aff6662dc808c840a14a4cd035fedd4fe87786649f326f001c,SHARED_REFERENCE
NG-ELEV-OBS-000249,NG-SPT-000249,38.08,-3.727467,1864,datum:novegeo:elevation:mean-sea-level,MOUNTAIN,QUALIFIED,dataset:novegeo:terrain:elevation,1,data/novegeo/geography/terrain/qualified/novegeo_terrain_v001.json,f03d14ce483280aff6662dc808c840a14a4cd035fedd4fe87786649f326f001c,SHARED_REFERENCE
NG-ELEV-OBS-000250,NG-SPT-000250,38.5,-3.727467,1873,datum:novegeo:elevation:mean-sea-level,MOUNTAIN,QUALIFIED,dataset:novegeo:terrain:elevation,1,data/novegeo/geography/terrain/qualified/novegeo_terrain_v001.json,f03d14ce483280aff6662dc808c840a14a4cd035fedd4fe87786649f326f001c,SHARED_REFERENCE
NG-ELEV-OBS-000251,NG-SPT-000251,38.92,-3.727467,1822,datum:novegeo:elevation:mean-sea-level,PLATEAU,QUALIFIED,dataset:novegeo:terrain:elevation,1,data/novegeo/geography/terrain/qualified/novegeo_terrain_v001.json,f03d14ce483280aff6662dc808c840a14a4cd035fedd4fe87786649f326f001c,SHARED_REFERENCE
NG-ELEV-OBS-000252,NG-SPT-000252,39.34,-3.727467,1712,datum:novegeo:elevation:mean-sea-level,PLATEAU,QUALIFIED,dataset:novegeo:terrain:elevation,1,data/novegeo/geography/terrain/qualified/novegeo_terrain_v001.json,f03d14ce483280aff6662dc808c840a14a4cd035fedd4fe87786649f326f001c,SHARED_REFERENCE
NG-ELEV-OBS-000253,NG-SPT-000253,39.76,-3.727467,1559,datum:novegeo:elevation:mean-sea-level,PLATEAU,QUALIFIED,dataset:novegeo:terrain:elevation,1,data/novegeo/geography/terrain/qualified/novegeo_terrain_v001.json,f03d14ce483280aff6662dc808c840a14a4cd035fedd4fe87786649f326f001c,SHARED_REFERENCE
NG-ELEV-OBS-000254,NG-SPT-000254,40.18,-3.727467,1383,datum:novegeo:elevation:mean-sea-level,PLATEAU,QUALIFIED,dataset:novegeo:terrain:elevation,1,data/novegeo/geography/terrain/qualified/novegeo_terrain_v001.json,f03d14ce483280aff6662dc808c840a14a4cd035fedd4fe87786649f326f001c,SHARED_REFERENCE
NG-ELEV-OBS-000255,NG-SPT-000255,40.6,-3.727467,1203,datum:novegeo:elevation:mean-sea-level,PLATEAU,QUALIFIED,dataset:novegeo:terrain:elevation,1,data/novegeo/geography/terrain/qualified/novegeo_terrain_v001.json,f03d14ce483280aff6662dc808c840a14a4cd035fedd4fe87786649f326f001c,SHARED_REFERENCE
NG-ELEV-OBS-000256,NG-SPT-000256,41.02,-3.727467,1033,datum:novegeo:elevation:mean-sea-level,PLAIN,QUALIFIED,dataset:novegeo:terrain:elevation,1,data/novegeo/geography/terrain/qualified/novegeo_terrain_v001.json,f03d14ce483280aff6662dc808c840a14a4cd035fedd4fe87786649f326f001c,SHARED_REFERENCE
NG-ELEV-OBS-000257,NG-SPT-000257,41.44,-3.727467,882,datum:novegeo:elevation:mean-sea-level,PLAIN,QUALIFIED,dataset:novegeo:terrain:elevation,1,data/novegeo/geography/terrain/qualified/novegeo_terrain_v001.json,f03d14ce483280aff6662dc808c840a14a4cd035fedd4fe87786649f326f001c,SHARED_REFERENCE
NG-ELEV-OBS-000258,NG-SPT-000258,41.86,-3.727467,753,datum:novegeo:elevation:mean-sea-level,PLAIN,QUALIFIED,dataset:novegeo:terrain:elevation,1,data/novegeo/geography/terrain/qualified/novegeo_terrain_v001.json,f03d14ce483280aff6662dc808c840a14a4cd035fedd4fe87786649f326f001c,SHARED_REFERENCE
NG-ELEV-OBS-000259,NG-SPT-000259,42.28,-3.727467,643,datum:novegeo:elevation:mean-sea-level,PLAIN,QUALIFIED,dataset:novegeo:terrain:elevation,1,data/novegeo/geography/terrain/qualified/novegeo_terrain_v001.json,f03d14ce483280aff6662dc808c840a14a4cd035fedd4fe87786649f326f001c,SHARED_REFERENCE
NG-ELEV-OBS-000260,NG-SPT-000260,42.7,-3.727467,551,datum:novegeo:elevation:mean-sea-level,PLAIN,QUALIFIED,dataset:novegeo:terrain:elevation,1,data/novegeo/geography/terrain/qualified/novegeo_terrain_v001.json,f03d14ce483280aff6662dc808c840a14a4cd035fedd4fe87786649f326f001c,SHARED_REFERENCE
NG-ELEV-OBS-000261,NG-SPT-000261,43.12,-3.727467,452,datum:novegeo:elevation:mean-sea-level,PLAIN,QUALIFIED,dataset:novegeo:terrain:elevation,1,data/novegeo/geography/terrain/qualified/novegeo_terrain_v001.json,f03d14ce483280aff6662dc808c840a14a4cd035fedd4fe87786649f326f001c,SHARED_REFERENCE
NG-ELEV-OBS-000262,NG-SPT-000262,43.54,-3.727467,360,datum:novegeo:elevation:mean-sea-level,PLAIN,QUALIFIED,dataset:novegeo:terrain:elevation,1,data/novegeo/geography/terrain/qualified/novegeo_terrain_v001.json,f03d14ce483280aff6662dc808c840a14a4cd035fedd4fe87786649f326f001c,SHARED_REFERENCE
NG-ELEV-OBS-000263,NG-SPT-000263,44.38,-3.727467,198,datum:novegeo:elevation:mean-sea-level,PLAIN,QUALIFIED,dataset:novegeo:terrain:elevation,1,data/novegeo/geography/terrain/qualified/novegeo_terrain_v001.json,f03d14ce483280aff6662dc808c840a14a4cd035fedd4fe87786649f326f001c,SHARED_REFERENCE
NG-ELEV-OBS-000264,NG-SPT-000264,29.68,-3.307467,256,datum:novegeo:elevation:mean-sea-level,PLAIN,QUALIFIED,dataset:novegeo:terrain:elevation,1,data/novegeo/geography/terrain/qualified/novegeo_terrain_v001.json,f03d14ce483280aff6662dc808c840a14a4cd035fedd4fe87786649f326f001c,SHARED_REFERENCE
NG-ELEV-OBS-000265,NG-SPT-000265,30.1,-3.307467,292,datum:novegeo:elevation:mean-sea-level,PLAIN,QUALIFIED,dataset:novegeo:terrain:elevation,1,data/novegeo/geography/terrain/qualified/novegeo_terrain_v001.json,f03d14ce483280aff6662dc808c840a14a4cd035fedd4fe87786649f326f001c,SHARED_REFERENCE
NG-ELEV-OBS-000266,NG-SPT-000266,30.52,-3.307467,314,datum:novegeo:elevation:mean-sea-level,PLAIN,QUALIFIED,dataset:novegeo:terrain:elevation,1,data/novegeo/geography/terrain/qualified/novegeo_terrain_v001.json,f03d14ce483280aff6662dc808c840a14a4cd035fedd4fe87786649f326f001c,SHARED_REFERENCE
NG-ELEV-OBS-000267,NG-SPT-000267,30.94,-3.307467,326,datum:novegeo:elevation:mean-sea-level,PLAIN,QUALIFIED,dataset:novegeo:terrain:elevation,1,data/novegeo/geography/terrain/qualified/novegeo_terrain_v001.json,f03d14ce483280aff6662dc808c840a14a4cd035fedd4fe87786649f326f001c,SHARED_REFERENCE
NG-ELEV-OBS-000268,NG-SPT-000268,31.36,-3.307467,316,datum:novegeo:elevation:mean-sea-level,PLAIN,QUALIFIED,dataset:novegeo:terrain:elevation,1,data/novegeo/geography/terrain/qualified/novegeo_terrain_v001.json,f03d14ce483280aff6662dc808c840a14a4cd035fedd4fe87786649f326f001c,SHARED_REFERENCE
NG-ELEV-OBS-000269,NG-SPT-000269,31.78,-3.307467,298,datum:novegeo:elevation:mean-sea-level,PLAIN,QUALIFIED,dataset:novegeo:terrain:elevation,1,data/novegeo/geography/terrain/qualified/novegeo_terrain_v001.json,f03d14ce483280aff6662dc808c840a14a4cd035fedd4fe87786649f326f001c,SHARED_REFERENCE
NG-ELEV-OBS-000270,NG-SPT-000270,32.2,-3.307467,293,datum:novegeo:elevation:mean-sea-level,PLAIN,QUALIFIED,dataset:novegeo:terrain:elevation,1,data/novegeo/geography/terrain/qualified/novegeo_terrain_v001.json,f03d14ce483280aff6662dc808c840a14a4cd035fedd4fe87786649f326f001c,SHARED_REFERENCE
NG-ELEV-OBS-000271,NG-SPT-000271,32.62,-3.307467,313,datum:novegeo:elevation:mean-sea-level,PLAIN,QUALIFIED,dataset:novegeo:terrain:elevation,1,data/novegeo/geography/terrain/qualified/novegeo_terrain_v001.json,f03d14ce483280aff6662dc808c840a14a4cd035fedd4fe87786649f326f001c,SHARED_REFERENCE
NG-ELEV-OBS-000272,NG-SPT-000272,33.04,-3.307467,366,datum:novegeo:elevation:mean-sea-level,PLAIN,QUALIFIED,dataset:novegeo:terrain:elevation,1,data/novegeo/geography/terrain/qualified/novegeo_terrain_v001.json,f03d14ce483280aff6662dc808c840a14a4cd035fedd4fe87786649f326f001c,SHARED_REFERENCE
NG-ELEV-OBS-000273,NG-SPT-000273,33.46,-3.307467,457,datum:novegeo:elevation:mean-sea-level,PLAIN,QUALIFIED,dataset:novegeo:terrain:elevation,1,data/novegeo/geography/terrain/qualified/novegeo_terrain_v001.json,f03d14ce483280aff6662dc808c840a14a4cd035fedd4fe87786649f326f001c,SHARED_REFERENCE
NG-ELEV-OBS-000274,NG-SPT-000274,33.88,-3.307467,586,datum:novegeo:elevation:mean-sea-level,PLAIN,QUALIFIED,dataset:novegeo:terrain:elevation,1,data/novegeo/geography/terrain/qualified/novegeo_terrain_v001.json,f03d14ce483280aff6662dc808c840a14a4cd035fedd4fe87786649f326f001c,SHARED_REFERENCE
NG-ELEV-OBS-000275,NG-SPT-000275,34.3,-3.307467,742,datum:novegeo:elevation:mean-sea-level,PLAIN,QUALIFIED,dataset:novegeo:terrain:elevation,1,data/novegeo/geography/terrain/qualified/novegeo_terrain_v001.json,f03d14ce483280aff6662dc808c840a14a4cd035fedd4fe87786649f326f001c,SHARED_REFERENCE
NG-ELEV-OBS-000276,NG-SPT-000276,34.72,-3.307467,911,datum:novegeo:elevation:mean-sea-level,PLAIN,QUALIFIED,dataset:novegeo:terrain:elevation,1,data/novegeo/geography/terrain/qualified/novegeo_terrain_v001.json,f03d14ce483280aff6662dc808c840a14a4cd035fedd4fe87786649f326f001c,SHARED_REFERENCE
NG-ELEV-OBS-000277,NG-SPT-000277,35.14,-3.307467,1079,datum:novegeo:elevation:mean-sea-level,PLATEAU,QUALIFIED,dataset:novegeo:terrain:elevation,1,data/novegeo/geography/terrain/qualified/novegeo_terrain_v001.json,f03d14ce483280aff6662dc808c840a14a4cd035fedd4fe87786649f326f001c,SHARED_REFERENCE
NG-ELEV-OBS-000278,NG-SPT-000278,35.56,-3.307467,1234,datum:novegeo:elevation:mean-sea-level,PLATEAU,QUALIFIED,dataset:novegeo:terrain:elevation,1,data/novegeo/geography/terrain/qualified/novegeo_terrain_v001.json,f03d14ce483280aff6662dc808c840a14a4cd035fedd4fe87786649f326f001c,SHARED_REFERENCE
NG-ELEV-OBS-000279,NG-SPT-000279,35.98,-3.307467,1371,datum:novegeo:elevation:mean-sea-level,PLATEAU,QUALIFIED,dataset:novegeo:terrain:elevation,1,data/novegeo/geography/terrain/qualified/novegeo_terrain_v001.json,f03d14ce483280aff6662dc808c840a14a4cd035fedd4fe87786649f326f001c,SHARED_REFERENCE
NG-ELEV-OBS-000280,NG-SPT-000280,36.4,-3.307467,1495,datum:novegeo:elevation:mean-sea-level,PLATEAU,QUALIFIED,dataset:novegeo:terrain:elevation,1,data/novegeo/geography/terrain/qualified/novegeo_terrain_v001.json,f03d14ce483280aff6662dc808c840a14a4cd035fedd4fe87786649f326f001c,SHARED_REFERENCE
NG-ELEV-OBS-000281,NG-SPT-000281,36.82,-3.307467,1612,datum:novegeo:elevation:mean-sea-level,PLATEAU,QUALIFIED,dataset:novegeo:terrain:elevation,1,data/novegeo/geography/terrain/qualified/novegeo_terrain_v001.json,f03d14ce483280aff6662dc808c840a14a4cd035fedd4fe87786649f326f001c,SHARED_REFERENCE
NG-ELEV-OBS-000282,NG-SPT-000282,37.24,-3.307467,1726,datum:novegeo:elevation:mean-sea-level,PLATEAU,QUALIFIED,dataset:novegeo:terrain:elevation,1,data/novegeo/geography/terrain/qualified/novegeo_terrain_v001.json,f03d14ce483280aff6662dc808c840a14a4cd035fedd4fe87786649f326f001c,SHARED_REFERENCE
NG-ELEV-OBS-000283,NG-SPT-000283,37.66,-3.307467,1827,datum:novegeo:elevation:mean-sea-level,PLATEAU,QUALIFIED,dataset:novegeo:terrain:elevation,1,data/novegeo/geography/terrain/qualified/novegeo_terrain_v001.json,f03d14ce483280aff6662dc808c840a14a4cd035fedd4fe87786649f326f001c,SHARED_REFERENCE
NG-ELEV-OBS-000284,NG-SPT-000284,38.08,-3.307467,1896,datum:novegeo:elevation:mean-sea-level,MOUNTAIN,QUALIFIED,dataset:novegeo:terrain:elevation,1,data/novegeo/geography/terrain/qualified/novegeo_terrain_v001.json,f03d14ce483280aff6662dc808c840a14a4cd035fedd4fe87786649f326f001c,SHARED_REFERENCE
NG-ELEV-OBS-000285,NG-SPT-000285,38.5,-3.307467,1916,datum:novegeo:elevation:mean-sea-level,MOUNTAIN,QUALIFIED,dataset:novegeo:terrain:elevation,1,data/novegeo/geography/terrain/qualified/novegeo_terrain_v001.json,f03d14ce483280aff6662dc808c840a14a4cd035fedd4fe87786649f326f001c,SHARED_REFERENCE
NG-ELEV-OBS-000286,NG-SPT-000286,38.92,-3.307467,1872,datum:novegeo:elevation:mean-sea-level,MOUNTAIN,QUALIFIED,dataset:novegeo:terrain:elevation,1,data/novegeo/geography/terrain/qualified/novegeo_terrain_v001.json,f03d14ce483280aff6662dc808c840a14a4cd035fedd4fe87786649f326f001c,SHARED_REFERENCE
NG-ELEV-OBS-000287,NG-SPT-000287,39.34,-3.307467,1767,datum:novegeo:elevation:mean-sea-level,PLATEAU,QUALIFIED,dataset:novegeo:terrain:elevation,1,data/novegeo/geography/terrain/qualified/novegeo_terrain_v001.json,f03d14ce483280aff6662dc808c840a14a4cd035fedd4fe87786649f326f001c,SHARED_REFERENCE
NG-ELEV-OBS-000288,NG-SPT-000288,39.76,-3.307467,1615,datum:novegeo:elevation:mean-sea-level,PLATEAU,QUALIFIED,dataset:novegeo:terrain:elevation,1,data/novegeo/geography/terrain/qualified/novegeo_terrain_v001.json,f03d14ce483280aff6662dc808c840a14a4cd035fedd4fe87786649f326f001c,SHARED_REFERENCE
NG-ELEV-OBS-000289,NG-SPT-000289,40.18,-3.307467,1436,datum:novegeo:elevation:mean-sea-level,PLATEAU,QUALIFIED,dataset:novegeo:terrain:elevation,1,data/novegeo/geography/terrain/qualified/novegeo_terrain_v001.json,f03d14ce483280aff6662dc808c840a14a4cd035fedd4fe87786649f326f001c,SHARED_REFERENCE
NG-ELEV-OBS-000290,NG-SPT-000290,40.6,-3.307467,1251,datum:novegeo:elevation:mean-sea-level,PLATEAU,QUALIFIED,dataset:novegeo:terrain:elevation,1,data/novegeo/geography/terrain/qualified/novegeo_terrain_v001.json,f03d14ce483280aff6662dc808c840a14a4cd035fedd4fe87786649f326f001c,SHARED_REFERENCE
NG-ELEV-OBS-000291,NG-SPT-000291,41.02,-3.307467,1076,datum:novegeo:elevation:mean-sea-level,PLATEAU,QUALIFIED,dataset:novegeo:terrain:elevation,1,data/novegeo/geography/terrain/qualified/novegeo_terrain_v001.json,f03d14ce483280aff6662dc808c840a14a4cd035fedd4fe87786649f326f001c,SHARED_REFERENCE
NG-ELEV-OBS-000292,NG-SPT-000292,41.44,-3.307467,919,datum:novegeo:elevation:mean-sea-level,PLAIN,QUALIFIED,dataset:novegeo:terrain:elevation,1,data/novegeo/geography/terrain/qualified/novegeo_terrain_v001.json,f03d14ce483280aff6662dc808c840a14a4cd035fedd4fe87786649f326f001c,SHARED_REFERENCE
NG-ELEV-OBS-000293,NG-SPT-000293,41.86,-3.307467,783,datum:novegeo:elevation:mean-sea-level,PLAIN,QUALIFIED,dataset:novegeo:terrain:elevation,1,data/novegeo/geography/terrain/qualified/novegeo_terrain_v001.json,f03d14ce483280aff6662dc808c840a14a4cd035fedd4fe87786649f326f001c,SHARED_REFERENCE
NG-ELEV-OBS-000294,NG-SPT-000294,42.28,-3.307467,669,datum:novegeo:elevation:mean-sea-level,PLAIN,QUALIFIED,dataset:novegeo:terrain:elevation,1,data/novegeo/geography/terrain/qualified/novegeo_terrain_v001.json,f03d14ce483280aff6662dc808c840a14a4cd035fedd4fe87786649f326f001c,SHARED_REFERENCE
NG-ELEV-OBS-000295,NG-SPT-000295,42.7,-3.307467,571,datum:novegeo:elevation:mean-sea-level,PLAIN,QUALIFIED,dataset:novegeo:terrain:elevation,1,data/novegeo/geography/terrain/qualified/novegeo_terrain_v001.json,f03d14ce483280aff6662dc808c840a14a4cd035fedd4fe87786649f326f001c,SHARED_REFERENCE
NG-ELEV-OBS-000296,NG-SPT-000296,43.12,-3.307467,469,datum:novegeo:elevation:mean-sea-level,PLAIN,QUALIFIED,dataset:novegeo:terrain:elevation,1,data/novegeo/geography/terrain/qualified/novegeo_terrain_v001.json,f03d14ce483280aff6662dc808c840a14a4cd035fedd4fe87786649f326f001c,SHARED_REFERENCE
NG-ELEV-OBS-000297,NG-SPT-000297,43.54,-3.307467,373,datum:novegeo:elevation:mean-sea-level,PLAIN,QUALIFIED,dataset:novegeo:terrain:elevation,1,data/novegeo/geography/terrain/qualified/novegeo_terrain_v001.json,f03d14ce483280aff6662dc808c840a14a4cd035fedd4fe87786649f326f001c,SHARED_REFERENCE
NG-ELEV-OBS-000298,NG-SPT-000298,43.96,-3.307467,286,datum:novegeo:elevation:mean-sea-level,PLAIN,QUALIFIED,dataset:novegeo:terrain:elevation,1,data/novegeo/geography/terrain/qualified/novegeo_terrain_v001.json,f03d14ce483280aff6662dc808c840a14a4cd035fedd4fe87786649f326f001c,SHARED_REFERENCE
NG-ELEV-OBS-000299,NG-SPT-000299,29.68,-2.887467,255,datum:novegeo:elevation:mean-sea-level,PLAIN,QUALIFIED,dataset:novegeo:terrain:elevation,1,data/novegeo/geography/terrain/qualified/novegeo_terrain_v001.json,f03d14ce483280aff6662dc808c840a14a4cd035fedd4fe87786649f326f001c,SHARED_REFERENCE
NG-ELEV-OBS-000300,NG-SPT-000300,30.1,-2.887467,291,datum:novegeo:elevation:mean-sea-level,PLAIN,QUALIFIED,dataset:novegeo:terrain:elevation,1,data/novegeo/geography/terrain/qualified/novegeo_terrain_v001.json,f03d14ce483280aff6662dc808c840a14a4cd035fedd4fe87786649f326f001c,SHARED_REFERENCE
NG-ELEV-OBS-000301,NG-SPT-000301,30.52,-2.887467,315,datum:novegeo:elevation:mean-sea-level,PLAIN,QUALIFIED,dataset:novegeo:terrain:elevation,1,data/novegeo/geography/terrain/qualified/novegeo_terrain_v001.json,f03d14ce483280aff6662dc808c840a14a4cd035fedd4fe87786649f326f001c,SHARED_REFERENCE
NG-ELEV-OBS-000302,NG-SPT-000302,30.94,-2.887467,328,datum:novegeo:elevation:mean-sea-level,PLAIN,QUALIFIED,dataset:novegeo:terrain:elevation,1,data/novegeo/geography/terrain/qualified/novegeo_terrain_v001.json,f03d14ce483280aff6662dc808c840a14a4cd035fedd4fe87786649f326f001c,SHARED_REFERENCE
NG-ELEV-OBS-000303,NG-SPT-000303,31.36,-2.887467,322,datum:novegeo:elevation:mean-sea-level,PLAIN,QUALIFIED,dataset:novegeo:terrain:elevation,1,data/novegeo/geography/terrain/qualified/novegeo_terrain_v001.json,f03d14ce483280aff6662dc808c840a14a4cd035fedd4fe87786649f326f001c,SHARED_REFERENCE
NG-ELEV-OBS-000304,NG-SPT-000304,31.78,-2.887467,310,datum:novegeo:elevation:mean-sea-level,PLAIN,QUALIFIED,dataset:novegeo:terrain:elevation,1,data/novegeo/geography/terrain/qualified/novegeo_terrain_v001.json,f03d14ce483280aff6662dc808c840a14a4cd035fedd4fe87786649f326f001c,SHARED_REFERENCE
NG-ELEV-OBS-000305,NG-SPT-000305,32.2,-2.887467,313,datum:novegeo:elevation:mean-sea-level,PLAIN,QUALIFIED,dataset:novegeo:terrain:elevation,1,data/novegeo/geography/terrain/qualified/novegeo_terrain_v001.json,f03d14ce483280aff6662dc808c840a14a4cd035fedd4fe87786649f326f001c,SHARED_REFERENCE
NG-ELEV-OBS-000306,NG-SPT-000306,32.62,-2.887467,341,datum:novegeo:elevation:mean-sea-level,PLAIN,QUALIFIED,dataset:novegeo:terrain:elevation,1,data/novegeo/geography/terrain/qualified/novegeo_terrain_v001.json,f03d14ce483280aff6662dc808c840a14a4cd035fedd4fe87786649f326f001c,SHARED_REFERENCE
NG-ELEV-OBS-000307,NG-SPT-000307,33.04,-2.887467,404,datum:novegeo:elevation:mean-sea-level,PLAIN,QUALIFIED,dataset:novegeo:terrain:elevation,1,data/novegeo/geography/terrain/qualified/novegeo_terrain_v001.json,f03d14ce483280aff6662dc808c840a14a4cd035fedd4fe87786649f326f001c,SHARED_REFERENCE
NG-ELEV-OBS-000308,NG-SPT-000308,33.46,-2.887467,505,datum:novegeo:elevation:mean-sea-level,PLAIN,QUALIFIED,dataset:novegeo:terrain:elevation,1,data/novegeo/geography/terrain/qualified/novegeo_terrain_v001.json,f03d14ce483280aff6662dc808c840a14a4cd035fedd4fe87786649f326f001c,SHARED_REFERENCE
NG-ELEV-OBS-000309,NG-SPT-000309,33.88,-2.887467,640,datum:novegeo:elevation:mean-sea-level,PLAIN,QUALIFIED,dataset:novegeo:terrain:elevation,1,data/novegeo/geography/terrain/qualified/novegeo_terrain_v001.json,f03d14ce483280aff6662dc808c840a14a4cd035fedd4fe87786649f326f001c,SHARED_REFERENCE
NG-ELEV-OBS-000310,NG-SPT-000310,34.3,-2.887467,799,datum:novegeo:elevation:mean-sea-level,PLAIN,QUALIFIED,dataset:novegeo:terrain:elevation,1,data/novegeo/geography/terrain/qualified/novegeo_terrain_v001.json,f03d14ce483280aff6662dc808c840a14a4cd035fedd4fe87786649f326f001c,SHARED_REFERENCE
NG-ELEV-OBS-000311,NG-SPT-000311,34.72,-2.887467,966,datum:novegeo:elevation:mean-sea-level,PLAIN,QUALIFIED,dataset:novegeo:terrain:elevation,1,data/novegeo/geography/terrain/qualified/novegeo_terrain_v001.json,f03d14ce483280aff6662dc808c840a14a4cd035fedd4fe87786649f326f001c,SHARED_REFERENCE
NG-ELEV-OBS-000312,NG-SPT-000312,35.14,-2.887467,1123,datum:novegeo:elevation:mean-sea-level,PLATEAU,QUALIFIED,dataset:novegeo:terrain:elevation,1,data/novegeo/geography/terrain/qualified/novegeo_terrain_v001.json,f03d14ce483280aff6662dc808c840a14a4cd035fedd4fe87786649f326f001c,SHARED_REFERENCE
NG-ELEV-OBS-000313,NG-SPT-000313,35.56,-2.887467,1260,datum:novegeo:elevation:mean-sea-level,PLATEAU,QUALIFIED,dataset:novegeo:terrain:elevation,1,data/novegeo/geography/terrain/qualified/novegeo_terrain_v001.json,f03d14ce483280aff6662dc808c840a14a4cd035fedd4fe87786649f326f001c,SHARED_REFERENCE
NG-ELEV-OBS-000314,NG-SPT-000314,35.98,-2.887467,1375,datum:novegeo:elevation:mean-sea-level,PLATEAU,QUALIFIED,dataset:novegeo:terrain:elevation,1,data/novegeo/geography/terrain/qualified/novegeo_terrain_v001.json,f03d14ce483280aff6662dc808c840a14a4cd035fedd4fe87786649f326f001c,SHARED_REFERENCE
NG-ELEV-OBS-000315,NG-SPT-000315,36.4,-2.887467,1477,datum:novegeo:elevation:mean-sea-level,PLATEAU,QUALIFIED,dataset:novegeo:terrain:elevation,1,data/novegeo/geography/terrain/qualified/novegeo_terrain_v001.json,f03d14ce483280aff6662dc808c840a14a4cd035fedd4fe87786649f326f001c,SHARED_REFERENCE
NG-ELEV-OBS-000316,NG-SPT-000316,36.82,-2.887467,1577,datum:novegeo:elevation:mean-sea-level,PLATEAU,QUALIFIED,dataset:novegeo:terrain:elevation,1,data/novegeo/geography/terrain/qualified/novegeo_terrain_v001.json,f03d14ce483280aff6662dc808c840a14a4cd035fedd4fe87786649f326f001c,SHARED_REFERENCE
NG-ELEV-OBS-000317,NG-SPT-000317,37.24,-2.887467,1681,datum:novegeo:elevation:mean-sea-level,PLATEAU,QUALIFIED,dataset:novegeo:terrain:elevation,1,data/novegeo/geography/terrain/qualified/novegeo_terrain_v001.json,f03d14ce483280aff6662dc808c840a14a4cd035fedd4fe87786649f326f001c,SHARED_REFERENCE
NG-ELEV-OBS-000318,NG-SPT-000318,37.66,-2.887467,1781,datum:novegeo:elevation:mean-sea-level,PLATEAU,QUALIFIED,dataset:novegeo:terrain:elevation,1,data/novegeo/geography/terrain/qualified/novegeo_terrain_v001.json,f03d14ce483280aff6662dc808c840a14a4cd035fedd4fe87786649f326f001c,SHARED_REFERENCE
NG-ELEV-OBS-000319,NG-SPT-000319,38.08,-2.887467,1859,datum:novegeo:elevation:mean-sea-level,MOUNTAIN,QUALIFIED,dataset:novegeo:terrain:elevation,1,data/novegeo/geography/terrain/qualified/novegeo_terrain_v001.json,f03d14ce483280aff6662dc808c840a14a4cd035fedd4fe87786649f326f001c,SHARED_REFERENCE
NG-ELEV-OBS-000320,NG-SPT-000320,38.5,-2.887467,1891,datum:novegeo:elevation:mean-sea-level,MOUNTAIN,QUALIFIED,dataset:novegeo:terrain:elevation,1,data/novegeo/geography/terrain/qualified/novegeo_terrain_v001.json,f03d14ce483280aff6662dc808c840a14a4cd035fedd4fe87786649f326f001c,SHARED_REFERENCE
NG-ELEV-OBS-000321,NG-SPT-000321,38.92,-2.887467,1862,datum:novegeo:elevation:mean-sea-level,MOUNTAIN,QUALIFIED,dataset:novegeo:terrain:elevation,1,data/novegeo/geography/terrain/qualified/novegeo_terrain_v001.json,f03d14ce483280aff6662dc808c840a14a4cd035fedd4fe87786649f326f001c,SHARED_REFERENCE
NG-ELEV-OBS-000322,NG-SPT-000322,39.34,-2.887467,1770,datum:novegeo:elevation:mean-sea-level,PLATEAU,QUALIFIED,dataset:novegeo:terrain:elevation,1,data/novegeo/geography/terrain/qualified/novegeo_terrain_v001.json,f03d14ce483280aff6662dc808c840a14a4cd035fedd4fe87786649f326f001c,SHARED_REFERENCE
NG-ELEV-OBS-000323,NG-SPT-000323,39.76,-2.887467,1629,datum:novegeo:elevation:mean-sea-level,PLATEAU,QUALIFIED,dataset:novegeo:terrain:elevation,1,data/novegeo/geography/terrain/qualified/novegeo_terrain_v001.json,f03d14ce483280aff6662dc808c840a14a4cd035fedd4fe87786649f326f001c,SHARED_REFERENCE
NG-ELEV-OBS-000324,NG-SPT-000324,40.18,-2.887467,1457,datum:novegeo:elevation:mean-sea-level,PLATEAU,QUALIFIED,dataset:novegeo:terrain:elevation,1,data/novegeo/geography/terrain/qualified/novegeo_terrain_v001.json,f03d14ce483280aff6662dc808c840a14a4cd035fedd4fe87786649f326f001c,SHARED_REFERENCE
NG-ELEV-OBS-000325,NG-SPT-000325,40.6,-2.887467,1277,datum:novegeo:elevation:mean-sea-level,PLATEAU,QUALIFIED,dataset:novegeo:terrain:elevation,1,data/novegeo/geography/terrain/qualified/novegeo_terrain_v001.json,f03d14ce483280aff6662dc808c840a14a4cd035fedd4fe87786649f326f001c,SHARED_REFERENCE
NG-ELEV-OBS-000326,NG-SPT-000326,41.02,-2.887467,1103,datum:novegeo:elevation:mean-sea-level,PLATEAU,QUALIFIED,dataset:novegeo:terrain:elevation,1,data/novegeo/geography/terrain/qualified/novegeo_terrain_v001.json,f03d14ce483280aff6662dc808c840a14a4cd035fedd4fe87786649f326f001c,SHARED_REFERENCE
NG-ELEV-OBS-000327,NG-SPT-000327,41.44,-2.887467,946,datum:novegeo:elevation:mean-sea-level,PLAIN,QUALIFIED,dataset:novegeo:terrain:elevation,1,data/novegeo/geography/terrain/qualified/novegeo_terrain_v001.json,f03d14ce483280aff6662dc808c840a14a4cd035fedd4fe87786649f326f001c,SHARED_REFERENCE
NG-ELEV-OBS-000328,NG-SPT-000328,41.86,-2.887467,809,datum:novegeo:elevation:mean-sea-level,PLAIN,QUALIFIED,dataset:novegeo:terrain:elevation,1,data/novegeo/geography/terrain/qualified/novegeo_terrain_v001.json,f03d14ce483280aff6662dc808c840a14a4cd035fedd4fe87786649f326f001c,SHARED_REFERENCE
NG-ELEV-OBS-000329,NG-SPT-000329,42.28,-2.887467,691,datum:novegeo:elevation:mean-sea-level,PLAIN,QUALIFIED,dataset:novegeo:terrain:elevation,1,data/novegeo/geography/terrain/qualified/novegeo_terrain_v001.json,f03d14ce483280aff6662dc808c840a14a4cd035fedd4fe87786649f326f001c,SHARED_REFERENCE
NG-ELEV-OBS-000330,NG-SPT-000330,42.7,-2.887467,591,datum:novegeo:elevation:mean-sea-level,PLAIN,QUALIFIED,dataset:novegeo:terrain:elevation,1,data/novegeo/geography/terrain/qualified/novegeo_terrain_v001.json,f03d14ce483280aff6662dc808c840a14a4cd035fedd4fe87786649f326f001c,SHARED_REFERENCE
NG-ELEV-OBS-000331,NG-SPT-000331,43.12,-2.887467,485,datum:novegeo:elevation:mean-sea-level,PLAIN,QUALIFIED,dataset:novegeo:terrain:elevation,1,data/novegeo/geography/terrain/qualified/novegeo_terrain_v001.json,f03d14ce483280aff6662dc808c840a14a4cd035fedd4fe87786649f326f001c,SHARED_REFERENCE
NG-ELEV-OBS-000332,NG-SPT-000332,43.54,-2.887467,387,datum:novegeo:elevation:mean-sea-level,PLAIN,QUALIFIED,dataset:novegeo:terrain:elevation,1,data/novegeo/geography/terrain/qualified/novegeo_terrain_v001.json,f03d14ce483280aff6662dc808c840a14a4cd035fedd4fe87786649f326f001c,SHARED_REFERENCE
NG-ELEV-OBS-000333,NG-SPT-000333,29.68,-2.467467,256,datum:novegeo:elevation:mean-sea-level,PLAIN,QUALIFIED,dataset:novegeo:terrain:elevation,1,data/novegeo/geography/terrain/qualified/novegeo_terrain_v001.json,f03d14ce483280aff6662dc808c840a14a4cd035fedd4fe87786649f326f001c,SHARED_REFERENCE
NG-ELEV-OBS-000334,NG-SPT-000334,30.1,-2.467467,295,datum:novegeo:elevation:mean-sea-level,PLAIN,QUALIFIED,dataset:novegeo:terrain:elevation,1,data/novegeo/geography/terrain/qualified/novegeo_terrain_v001.json,f03d14ce483280aff6662dc808c840a14a4cd035fedd4fe87786649f326f001c,SHARED_REFERENCE
NG-ELEV-OBS-000335,NG-SPT-000335,30.52,-2.467467,323,datum:novegeo:elevation:mean-sea-level,PLAIN,QUALIFIED,dataset:novegeo:terrain:elevation,1,data/novegeo/geography/terrain/qualified/novegeo_terrain_v001.json,f03d14ce483280aff6662dc808c840a14a4cd035fedd4fe87786649f326f001c,SHARED_REFERENCE
NG-ELEV-OBS-000336,NG-SPT-000336,30.94,-2.467467,345,datum:novegeo:elevation:mean-sea-level,PLAIN,QUALIFIED,dataset:novegeo:terrain:elevation,1,data/novegeo/geography/terrain/qualified/novegeo_terrain_v001.json,f03d14ce483280aff6662dc808c840a14a4cd035fedd4fe87786649f326f001c,SHARED_REFERENCE
NG-ELEV-OBS-000337,NG-SPT-000337,31.36,-2.467467,348,datum:novegeo:elevation:mean-sea-level,PLAIN,QUALIFIED,dataset:novegeo:terrain:elevation,1,data/novegeo/geography/terrain/qualified/novegeo_terrain_v001.json,f03d14ce483280aff6662dc808c840a14a4cd035fedd4fe87786649f326f001c,SHARED_REFERENCE
NG-ELEV-OBS-000338,NG-SPT-000338,31.78,-2.467467,349,datum:novegeo:elevation:mean-sea-level,PLAIN,QUALIFIED,dataset:novegeo:terrain:elevation,1,data/novegeo/geography/terrain/qualified/novegeo_terrain_v001.json,f03d14ce483280aff6662dc808c840a14a4cd035fedd4fe87786649f326f001c,SHARED_REFERENCE
NG-ELEV-OBS-000339,NG-SPT-000339,32.2,-2.467467,365,datum:novegeo:elevation:mean-sea-level,PLAIN,QUALIFIED,dataset:novegeo:terrain:elevation,1,data/novegeo/geography/terrain/qualified/novegeo_terrain_v001.json,f03d14ce483280aff6662dc808c840a14a4cd035fedd4fe87786649f326f001c,SHARED_REFERENCE
NG-ELEV-OBS-000340,NG-SPT-000340,32.62,-2.467467,407,datum:novegeo:elevation:mean-sea-level,PLAIN,QUALIFIED,dataset:novegeo:terrain:elevation,1,data/novegeo/geography/terrain/qualified/novegeo_terrain_v001.json,f03d14ce483280aff6662dc808c840a14a4cd035fedd4fe87786649f326f001c,SHARED_REFERENCE
NG-ELEV-OBS-000341,NG-SPT-000341,33.04,-2.467467,482,datum:novegeo:elevation:mean-sea-level,PLAIN,QUALIFIED,dataset:novegeo:terrain:elevation,1,data/novegeo/geography/terrain/qualified/novegeo_terrain_v001.json,f03d14ce483280aff6662dc808c840a14a4cd035fedd4fe87786649f326f001c,SHARED_REFERENCE
NG-ELEV-OBS-000342,NG-SPT-000342,33.46,-2.467467,592,datum:novegeo:elevation:mean-sea-level,PLAIN,QUALIFIED,dataset:novegeo:terrain:elevation,1,data/novegeo/geography/terrain/qualified/novegeo_terrain_v001.json,f03d14ce483280aff6662dc808c840a14a4cd035fedd4fe87786649f326f001c,SHARED_REFERENCE
NG-ELEV-OBS-000343,NG-SPT-000343,33.88,-2.467467,730,datum:novegeo:elevation:mean-sea-level,PLAIN,QUALIFIED,dataset:novegeo:terrain:elevation,1,data/novegeo/geography/terrain/qualified/novegeo_terrain_v001.json,f03d14ce483280aff6662dc808c840a14a4cd035fedd4fe87786649f326f001c,SHARED_REFERENCE
NG-ELEV-OBS-000344,NG-SPT-000344,34.3,-2.467467,885,datum:novegeo:elevation:mean-sea-level,PLAIN,QUALIFIED,dataset:novegeo:terrain:elevation,1,data/novegeo/geography/terrain/qualified/novegeo_terrain_v001.json,f03d14ce483280aff6662dc808c840a14a4cd035fedd4fe87786649f326f001c,SHARED_REFERENCE
NG-ELEV-OBS-000345,NG-SPT-000345,34.72,-2.467467,1038,datum:novegeo:elevation:mean-sea-level,PLAIN,QUALIFIED,dataset:novegeo:terrain:elevation,1,data/novegeo/geography/terrain/qualified/novegeo_terrain_v001.json,f03d14ce483280aff6662dc808c840a14a4cd035fedd4fe87786649f326f001c,SHARED_REFERENCE
NG-ELEV-OBS-000346,NG-SPT-000346,35.14,-2.467467,1174,datum:novegeo:elevation:mean-sea-level,PLATEAU,QUALIFIED,dataset:novegeo:terrain:elevation,1,data/novegeo/geography/terrain/qualified/novegeo_terrain_v001.json,f03d14ce483280aff6662dc808c840a14a4cd035fedd4fe87786649f326f001c,SHARED_REFERENCE
NG-ELEV-OBS-000347,NG-SPT-000347,35.56,-2.467467,1281,datum:novegeo:elevation:mean-sea-level,PLATEAU,QUALIFIED,dataset:novegeo:terrain:elevation,1,data/novegeo/geography/terrain/qualified/novegeo_terrain_v001.json,f03d14ce483280aff6662dc808c840a14a4cd035fedd4fe87786649f326f001c,SHARED_REFERENCE
NG-ELEV-OBS-000348,NG-SPT-000348,35.98,-2.467467,1362,datum:novegeo:elevation:mean-sea-level,PLATEAU,QUALIFIED,dataset:novegeo:terrain:elevation,1,data/novegeo/geography/terrain/qualified/novegeo_terrain_v001.json,f03d14ce483280aff6662dc808c840a14a4cd035fedd4fe87786649f326f001c,SHARED_REFERENCE
NG-ELEV-OBS-000349,NG-SPT-000349,36.4,-2.467467,1430,datum:novegeo:elevation:mean-sea-level,PLATEAU,QUALIFIED,dataset:novegeo:terrain:elevation,1,data/novegeo/geography/terrain/qualified/novegeo_terrain_v001.json,f03d14ce483280aff6662dc808c840a14a4cd035fedd4fe87786649f326f001c,SHARED_REFERENCE
NG-ELEV-OBS-000350,NG-SPT-000350,36.82,-2.467467,1503,datum:novegeo:elevation:mean-sea-level,PLATEAU,QUALIFIED,dataset:novegeo:terrain:elevation,1,data/novegeo/geography/terrain/qualified/novegeo_terrain_v001.json,f03d14ce483280aff6662dc808c840a14a4cd035fedd4fe87786649f326f001c,SHARED_REFERENCE
NG-ELEV-OBS-000351,NG-SPT-000351,37.24,-2.467467,1590,datum:novegeo:elevation:mean-sea-level,PLATEAU,QUALIFIED,dataset:novegeo:terrain:elevation,1,data/novegeo/geography/terrain/qualified/novegeo_terrain_v001.json,f03d14ce483280aff6662dc808c840a14a4cd035fedd4fe87786649f326f001c,SHARED_REFERENCE
NG-ELEV-OBS-000352,NG-SPT-000352,37.66,-2.467467,1686,datum:novegeo:elevation:mean-sea-level,PLATEAU,QUALIFIED,dataset:novegeo:terrain:elevation,1,data/novegeo/geography/terrain/qualified/novegeo_terrain_v001.json,f03d14ce483280aff6662dc808c840a14a4cd035fedd4fe87786649f326f001c,SHARED_REFERENCE
NG-ELEV-OBS-000353,NG-SPT-000353,38.08,-2.467467,1771,datum:novegeo:elevation:mean-sea-level,PLATEAU,QUALIFIED,dataset:novegeo:terrain:elevation,1,data/novegeo/geography/terrain/qualified/novegeo_terrain_v001.json,f03d14ce483280aff6662dc808c840a14a4cd035fedd4fe87786649f326f001c,SHARED_REFERENCE
NG-ELEV-OBS-000354,NG-SPT-000354,38.5,-2.467467,1818,datum:novegeo:elevation:mean-sea-level,PLATEAU,QUALIFIED,dataset:novegeo:terrain:elevation,1,data/novegeo/geography/terrain/qualified/novegeo_terrain_v001.json,f03d14ce483280aff6662dc808c840a14a4cd035fedd4fe87786649f326f001c,SHARED_REFERENCE
NG-ELEV-OBS-000355,NG-SPT-000355,38.92,-2.467467,1808,datum:novegeo:elevation:mean-sea-level,PLATEAU,QUALIFIED,dataset:novegeo:terrain:elevation,1,data/novegeo/geography/terrain/qualified/novegeo_terrain_v001.json,f03d14ce483280aff6662dc808c840a14a4cd035fedd4fe87786649f326f001c,SHARED_REFERENCE
NG-ELEV-OBS-000356,NG-SPT-000356,39.34,-2.467467,1736,datum:novegeo:elevation:mean-sea-level,PLATEAU,QUALIFIED,dataset:novegeo:terrain:elevation,1,data/novegeo/geography/terrain/qualified/novegeo_terrain_v001.json,f03d14ce483280aff6662dc808c840a14a4cd035fedd4fe87786649f326f001c,SHARED_REFERENCE
NG-ELEV-OBS-000357,NG-SPT-000357,39.76,-2.467467,1612,datum:novegeo:elevation:mean-sea-level,PLATEAU,QUALIFIED,dataset:novegeo:terrain:elevation,1,data/novegeo/geography/terrain/qualified/novegeo_terrain_v001.json,f03d14ce483280aff6662dc808c840a14a4cd035fedd4fe87786649f326f001c,SHARED_REFERENCE
NG-ELEV-OBS-000358,NG-SPT-000358,40.18,-2.467467,1455,datum:novegeo:elevation:mean-sea-level,PLATEAU,QUALIFIED,dataset:novegeo:terrain:elevation,1,data/novegeo/geography/terrain/qualified/novegeo_terrain_v001.json,f03d14ce483280aff6662dc808c840a14a4cd035fedd4fe87786649f326f001c,SHARED_REFERENCE
NG-ELEV-OBS-000359,NG-SPT-000359,40.6,-2.467467,1286,datum:novegeo:elevation:mean-sea-level,PLATEAU,QUALIFIED,dataset:novegeo:terrain:elevation,1,data/novegeo/geography/terrain/qualified/novegeo_terrain_v001.json,f03d14ce483280aff6662dc808c840a14a4cd035fedd4fe87786649f326f001c,SHARED_REFERENCE
NG-ELEV-OBS-000360,NG-SPT-000360,41.02,-2.467467,1120,datum:novegeo:elevation:mean-sea-level,PLATEAU,QUALIFIED,dataset:novegeo:terrain:elevation,1,data/novegeo/geography/terrain/qualified/novegeo_terrain_v001.json,f03d14ce483280aff6662dc808c840a14a4cd035fedd4fe87786649f326f001c,SHARED_REFERENCE
NG-ELEV-OBS-000361,NG-SPT-000361,41.44,-2.467467,967,datum:novegeo:elevation:mean-sea-level,PLAIN,QUALIFIED,dataset:novegeo:terrain:elevation,1,data/novegeo/geography/terrain/qualified/novegeo_terrain_v001.json,f03d14ce483280aff6662dc808c840a14a4cd035fedd4fe87786649f326f001c,SHARED_REFERENCE
NG-ELEV-OBS-000362,NG-SPT-000362,41.86,-2.467467,831,datum:novegeo:elevation:mean-sea-level,PLAIN,QUALIFIED,dataset:novegeo:terrain:elevation,1,data/novegeo/geography/terrain/qualified/novegeo_terrain_v001.json,f03d14ce483280aff6662dc808c840a14a4cd035fedd4fe87786649f326f001c,SHARED_REFERENCE
NG-ELEV-OBS-000363,NG-SPT-000363,42.28,-2.467467,713,datum:novegeo:elevation:mean-sea-level,PLAIN,QUALIFIED,dataset:novegeo:terrain:elevation,1,data/novegeo/geography/terrain/qualified/novegeo_terrain_v001.json,f03d14ce483280aff6662dc808c840a14a4cd035fedd4fe87786649f326f001c,SHARED_REFERENCE
NG-ELEV-OBS-000364,NG-SPT-000364,42.7,-2.467467,611,datum:novegeo:elevation:mean-sea-level,PLAIN,QUALIFIED,dataset:novegeo:terrain:elevation,1,data/novegeo/geography/terrain/qualified/novegeo_terrain_v001.json,f03d14ce483280aff6662dc808c840a14a4cd035fedd4fe87786649f326f001c,SHARED_REFERENCE
NG-ELEV-OBS-000365,NG-SPT-000365,43.12,-2.467467,503,datum:novegeo:elevation:mean-sea-level,PLAIN,QUALIFIED,dataset:novegeo:terrain:elevation,1,data/novegeo/geography/terrain/qualified/novegeo_terrain_v001.json,f03d14ce483280aff6662dc808c840a14a4cd035fedd4fe87786649f326f001c,SHARED_REFERENCE
NG-ELEV-OBS-000366,NG-SPT-000366,43.54,-2.467467,403,datum:novegeo:elevation:mean-sea-level,PLAIN,QUALIFIED,dataset:novegeo:terrain:elevation,1,data/novegeo/geography/terrain/qualified/novegeo_terrain_v001.json,f03d14ce483280aff6662dc808c840a14a4cd035fedd4fe87786649f326f001c,SHARED_REFERENCE
NG-ELEV-OBS-000367,NG-SPT-000367,29.26,-2.047467,211,datum:novegeo:elevation:mean-sea-level,PLAIN,QUALIFIED,dataset:novegeo:terrain:elevation,1,data/novegeo/geography/terrain/qualified/novegeo_terrain_v001.json,f03d14ce483280aff6662dc808c840a14a4cd035fedd4fe87786649f326f001c,SHARED_REFERENCE
NG-ELEV-OBS-000368,NG-SPT-000368,29.68,-2.047467,260,datum:novegeo:elevation:mean-sea-level,PLAIN,QUALIFIED,dataset:novegeo:terrain:elevation,1,data/novegeo/geography/terrain/qualified/novegeo_terrain_v001.json,f03d14ce483280aff6662dc808c840a14a4cd035fedd4fe87786649f326f001c,SHARED_REFERENCE
NG-ELEV-OBS-000369,NG-SPT-000369,30.1,-2.047467,303,datum:novegeo:elevation:mean-sea-level,PLAIN,QUALIFIED,dataset:novegeo:terrain:elevation,1,data/novegeo/geography/terrain/qualified/novegeo_terrain_v001.json,f03d14ce483280aff6662dc808c840a14a4cd035fedd4fe87786649f326f001c,SHARED_REFERENCE
NG-ELEV-OBS-000370,NG-SPT-000370,30.52,-2.047467,341,datum:novegeo:elevation:mean-sea-level,PLAIN,QUALIFIED,dataset:novegeo:terrain:elevation,1,data/novegeo/geography/terrain/qualified/novegeo_terrain_v001.json,f03d14ce483280aff6662dc808c840a14a4cd035fedd4fe87786649f326f001c,SHARED_REFERENCE
NG-ELEV-OBS-000371,NG-SPT-000371,30.94,-2.047467,375,datum:novegeo:elevation:mean-sea-level,PLAIN,QUALIFIED,dataset:novegeo:terrain:elevation,1,data/novegeo/geography/terrain/qualified/novegeo_terrain_v001.json,f03d14ce483280aff6662dc808c840a14a4cd035fedd4fe87786649f326f001c,SHARED_REFERENCE
NG-ELEV-OBS-000372,NG-SPT-000372,31.36,-2.047467,395,datum:novegeo:elevation:mean-sea-level,PLAIN,QUALIFIED,dataset:novegeo:terrain:elevation,1,data/novegeo/geography/terrain/qualified/novegeo_terrain_v001.json,f03d14ce483280aff6662dc808c840a14a4cd035fedd4fe87786649f326f001c,SHARED_REFERENCE
NG-ELEV-OBS-000373,NG-SPT-000373,31.78,-2.047467,414,datum:novegeo:elevation:mean-sea-level,PLAIN,QUALIFIED,dataset:novegeo:terrain:elevation,1,data/novegeo/geography/terrain/qualified/novegeo_terrain_v001.json,f03d14ce483280aff6662dc808c840a14a4cd035fedd4fe87786649f326f001c,SHARED_REFERENCE
NG-ELEV-OBS-000374,NG-SPT-000374,32.2,-2.047467,451,datum:novegeo:elevation:mean-sea-level,PLAIN,QUALIFIED,dataset:novegeo:terrain:elevation,1,data/novegeo/geography/terrain/qualified/novegeo_terrain_v001.json,f03d14ce483280aff6662dc808c840a14a4cd035fedd4fe87786649f326f001c,SHARED_REFERENCE
NG-ELEV-OBS-000375,NG-SPT-000375,32.62,-2.047467,511,datum:novegeo:elevation:mean-sea-level,PLAIN,QUALIFIED,dataset:novegeo:terrain:elevation,1,data/novegeo/geography/terrain/qualified/novegeo_terrain_v001.json,f03d14ce483280aff6662dc808c840a14a4cd035fedd4fe87786649f326f001c,SHARED_REFERENCE
NG-ELEV-OBS-000376,NG-SPT-000376,33.04,-2.047467,602,datum:novegeo:elevation:mean-sea-level,PLAIN,QUALIFIED,dataset:novegeo:terrain:elevation,1,data/novegeo/geography/terrain/qualified/novegeo_terrain_v001.json,f03d14ce483280aff6662dc808c840a14a4cd035fedd4fe87786649f326f001c,SHARED_REFERENCE
NG-ELEV-OBS-000377,NG-SPT-000377,33.46,-2.047467,721,datum:novegeo:elevation:mean-sea-level,PLAIN,QUALIFIED,dataset:novegeo:terrain:elevation,1,data/novegeo/geography/terrain/qualified/novegeo_terrain_v001.json,f03d14ce483280aff6662dc808c840a14a4cd035fedd4fe87786649f326f001c,SHARED_REFERENCE
NG-ELEV-OBS-000378,NG-SPT-000378,33.88,-2.047467,861,datum:novegeo:elevation:mean-sea-level,PLAIN,QUALIFIED,dataset:novegeo:terrain:elevation,1,data/novegeo/geography/terrain/qualified/novegeo_terrain_v001.json,f03d14ce483280aff6662dc808c840a14a4cd035fedd4fe87786649f326f001c,SHARED_REFERENCE
NG-ELEV-OBS-000379,NG-SPT-000379,34.3,-2.047467,1006,datum:novegeo:elevation:mean-sea-level,PLAIN,QUALIFIED,dataset:novegeo:terrain:elevation,1,data/novegeo/geography/terrain/qualified/novegeo_terrain_v001.json,f03d14ce483280aff6662dc808c840a14a4cd035fedd4fe87786649f326f001c,SHARED_REFERENCE
NG-ELEV-OBS-000380,NG-SPT-000380,34.72,-2.047467,1140,datum:novegeo:elevation:mean-sea-level,PLATEAU,QUALIFIED,dataset:novegeo:terrain:elevation,1,data/novegeo/geography/terrain/qualified/novegeo_terrain_v001.json,f03d14ce483280aff6662dc808c840a14a4cd035fedd4fe87786649f326f001c,SHARED_REFERENCE
NG-ELEV-OBS-000381,NG-SPT-000381,35.14,-2.047467,1245,datum:novegeo:elevation:mean-sea-level,PLATEAU,QUALIFIED,dataset:novegeo:terrain:elevation,1,data/novegeo/geography/terrain/qualified/novegeo_terrain_v001.json,f03d14ce483280aff6662dc808c840a14a4cd035fedd4fe87786649f326f001c,SHARED_REFERENCE
NG-ELEV-OBS-000382,NG-SPT-000382,35.56,-2.047467,1314,datum:novegeo:elevation:mean-sea-level,PLATEAU,QUALIFIED,dataset:novegeo:terrain:elevation,1,data/novegeo/geography/terrain/qualified/novegeo_terrain_v001.json,f03d14ce483280aff6662dc808c840a14a4cd035fedd4fe87786649f326f001c,SHARED_REFERENCE
NG-ELEV-OBS-000383,NG-SPT-000383,35.98,-2.047467,1352,datum:novegeo:elevation:mean-sea-level,PLATEAU,QUALIFIED,dataset:novegeo:terrain:elevation,1,data/novegeo/geography/terrain/qualified/novegeo_terrain_v001.json,f03d14ce483280aff6662dc808c840a14a4cd035fedd4fe87786649f326f001c,SHARED_REFERENCE
NG-ELEV-OBS-000384,NG-SPT-000384,36.4,-2.047467,1379,datum:novegeo:elevation:mean-sea-level,PLATEAU,QUALIFIED,dataset:novegeo:terrain:elevation,1,data/novegeo/geography/terrain/qualified/novegeo_terrain_v001.json,f03d14ce483280aff6662dc808c840a14a4cd035fedd4fe87786649f326f001c,SHARED_REFERENCE
NG-ELEV-OBS-000385,NG-SPT-000385,36.82,-2.047467,1417,datum:novegeo:elevation:mean-sea-level,PLATEAU,QUALIFIED,dataset:novegeo:terrain:elevation,1,data/novegeo/geography/terrain/qualified/novegeo_terrain_v001.json,f03d14ce483280aff6662dc808c840a14a4cd035fedd4fe87786649f326f001c,SHARED_REFERENCE
NG-ELEV-OBS-000386,NG-SPT-000386,37.24,-2.047467,1482,datum:novegeo:elevation:mean-sea-level,PLATEAU,QUALIFIED,dataset:novegeo:terrain:elevation,1,data/novegeo/geography/terrain/qualified/novegeo_terrain_v001.json,f03d14ce483280aff6662dc808c840a14a4cd035fedd4fe87786649f326f001c,SHARED_REFERENCE
NG-ELEV-OBS-000387,NG-SPT-000387,37.66,-2.047467,1569,datum:novegeo:elevation:mean-sea-level,PLATEAU,QUALIFIED,dataset:novegeo:terrain:elevation,1,data/novegeo/geography/terrain/qualified/novegeo_terrain_v001.json,f03d14ce483280aff6662dc808c840a14a4cd035fedd4fe87786649f326f001c,SHARED_REFERENCE
NG-ELEV-OBS-000388,NG-SPT-000388,38.08,-2.047467,1659,datum:novegeo:elevation:mean-sea-level,PLATEAU,QUALIFIED,dataset:novegeo:terrain:elevation,1,data/novegeo/geography/terrain/qualified/novegeo_terrain_v001.json,f03d14ce483280aff6662dc808c840a14a4cd035fedd4fe87786649f326f001c,SHARED_REFERENCE
NG-ELEV-OBS-000389,NG-SPT-000389,38.5,-2.047467,1721,datum:novegeo:elevation:mean-sea-level,PLATEAU,QUALIFIED,dataset:novegeo:terrain:elevation,1,data/novegeo/geography/terrain/qualified/novegeo_terrain_v001.json,f03d14ce483280aff6662dc808c840a14a4cd035fedd4fe87786649f326f001c,SHARED_REFERENCE
NG-ELEV-OBS-000390,NG-SPT-000390,38.92,-2.047467,1731,datum:novegeo:elevation:mean-sea-level,PLATEAU,QUALIFIED,dataset:novegeo:terrain:elevation,1,data/novegeo/geography/terrain/qualified/novegeo_terrain_v001.json,f03d14ce483280aff6662dc808c840a14a4cd035fedd4fe87786649f326f001c,SHARED_REFERENCE
NG-ELEV-OBS-000391,NG-SPT-000391,39.34,-2.047467,1682,datum:novegeo:elevation:mean-sea-level,PLATEAU,QUALIFIED,dataset:novegeo:terrain:elevation,1,data/novegeo/geography/terrain/qualified/novegeo_terrain_v001.json,f03d14ce483280aff6662dc808c840a14a4cd035fedd4fe87786649f326f001c,SHARED_REFERENCE
NG-ELEV-OBS-000392,NG-SPT-000392,39.76,-2.047467,1580,datum:novegeo:elevation:mean-sea-level,PLATEAU,QUALIFIED,dataset:novegeo:terrain:elevation,1,data/novegeo/geography/terrain/qualified/novegeo_terrain_v001.json,f03d14ce483280aff6662dc808c840a14a4cd035fedd4fe87786649f326f001c,SHARED_REFERENCE
NG-ELEV-OBS-000393,NG-SPT-000393,40.18,-2.047467,1443,datum:novegeo:elevation:mean-sea-level,PLATEAU,QUALIFIED,dataset:novegeo:terrain:elevation,1,data/novegeo/geography/terrain/qualified/novegeo_terrain_v001.json,f03d14ce483280aff6662dc808c840a14a4cd035fedd4fe87786649f326f001c,SHARED_REFERENCE
NG-ELEV-OBS-000394,NG-SPT-000394,40.6,-2.047467,1288,datum:novegeo:elevation:mean-sea-level,PLATEAU,QUALIFIED,dataset:novegeo:terrain:elevation,1,data/novegeo/geography/terrain/qualified/novegeo_terrain_v001.json,f03d14ce483280aff6662dc808c840a14a4cd035fedd4fe87786649f326f001c,SHARED_REFERENCE
NG-ELEV-OBS-000395,NG-SPT-000395,41.02,-2.047467,1133,datum:novegeo:elevation:mean-sea-level,PLATEAU,QUALIFIED,dataset:novegeo:terrain:elevation,1,data/novegeo/geography/terrain/qualified/novegeo_terrain_v001.json,f03d14ce483280aff6662dc808c840a14a4cd035fedd4fe87786649f326f001c,SHARED_REFERENCE
NG-ELEV-OBS-000396,NG-SPT-000396,41.44,-2.047467,986,datum:novegeo:elevation:mean-sea-level,PLAIN,QUALIFIED,dataset:novegeo:terrain:elevation,1,data/novegeo/geography/terrain/qualified/novegeo_terrain_v001.json,f03d14ce483280aff6662dc808c840a14a4cd035fedd4fe87786649f326f001c,SHARED_REFERENCE
NG-ELEV-OBS-000397,NG-SPT-000397,41.86,-2.047467,853,datum:novegeo:elevation:mean-sea-level,PLAIN,QUALIFIED,dataset:novegeo:terrain:elevation,1,data/novegeo/geography/terrain/qualified/novegeo_terrain_v001.json,f03d14ce483280aff6662dc808c840a14a4cd035fedd4fe87786649f326f001c,SHARED_REFERENCE
NG-ELEV-OBS-000398,NG-SPT-000398,42.28,-2.047467,735,datum:novegeo:elevation:mean-sea-level,PLAIN,QUALIFIED,dataset:novegeo:terrain:elevation,1,data/novegeo/geography/terrain/qualified/novegeo_terrain_v001.json,f03d14ce483280aff6662dc808c840a14a4cd035fedd4fe87786649f326f001c,SHARED_REFERENCE
NG-ELEV-OBS-000399,NG-SPT-000399,42.7,-2.047467,632,datum:novegeo:elevation:mean-sea-level,PLAIN,QUALIFIED,dataset:novegeo:terrain:elevation,1,data/novegeo/geography/terrain/qualified/novegeo_terrain_v001.json,f03d14ce483280aff6662dc808c840a14a4cd035fedd4fe87786649f326f001c,SHARED_REFERENCE
NG-ELEV-OBS-000400,NG-SPT-000400,43.12,-2.047467,522,datum:novegeo:elevation:mean-sea-level,PLAIN,QUALIFIED,dataset:novegeo:terrain:elevation,1,data/novegeo/geography/terrain/qualified/novegeo_terrain_v001.json,f03d14ce483280aff6662dc808c840a14a4cd035fedd4fe87786649f326f001c,SHARED_REFERENCE
NG-ELEV-OBS-000401,NG-SPT-000401,43.54,-2.047467,421,datum:novegeo:elevation:mean-sea-level,PLAIN,QUALIFIED,dataset:novegeo:terrain:elevation,1,data/novegeo/geography/terrain/qualified/novegeo_terrain_v001.json,f03d14ce483280aff6662dc808c840a14a4cd035fedd4fe87786649f326f001c,SHARED_REFERENCE
NG-ELEV-OBS-000402,NG-SPT-000402,29.26,-1.627467,214,datum:novegeo:elevation:mean-sea-level,PLAIN,QUALIFIED,dataset:novegeo:terrain:elevation,1,data/novegeo/geography/terrain/qualified/novegeo_terrain_v001.json,f03d14ce483280aff6662dc808c840a14a4cd035fedd4fe87786649f326f001c,SHARED_REFERENCE
NG-ELEV-OBS-000403,NG-SPT-000403,29.68,-1.627467,266,datum:novegeo:elevation:mean-sea-level,PLAIN,QUALIFIED,dataset:novegeo:terrain:elevation,1,data/novegeo/geography/terrain/qualified/novegeo_terrain_v001.json,f03d14ce483280aff6662dc808c840a14a4cd035fedd4fe87786649f326f001c,SHARED_REFERENCE
NG-ELEV-OBS-000404,NG-SPT-000404,30.1,-1.627467,317,datum:novegeo:elevation:mean-sea-level,PLAIN,QUALIFIED,dataset:novegeo:terrain:elevation,1,data/novegeo/geography/terrain/qualified/novegeo_terrain_v001.json,f03d14ce483280aff6662dc808c840a14a4cd035fedd4fe87786649f326f001c,SHARED_REFERENCE
NG-ELEV-OBS-000405,NG-SPT-000405,30.52,-1.627467,366,datum:novegeo:elevation:mean-sea-level,PLAIN,QUALIFIED,dataset:novegeo:terrain:elevation,1,data/novegeo/geography/terrain/qualified/novegeo_terrain_v001.json,f03d14ce483280aff6662dc808c840a14a4cd035fedd4fe87786649f326f001c,SHARED_REFERENCE
NG-ELEV-OBS-000406,NG-SPT-000406,30.94,-1.627467,417,datum:novegeo:elevation:mean-sea-level,PLAIN,QUALIFIED,dataset:novegeo:terrain:elevation,1,data/novegeo/geography/terrain/qualified/novegeo_terrain_v001.json,f03d14ce483280aff6662dc808c840a14a4cd035fedd4fe87786649f326f001c,SHARED_REFERENCE
NG-ELEV-OBS-000407,NG-SPT-000407,31.36,-1.627467,459,datum:novegeo:elevation:mean-sea-level,PLAIN,QUALIFIED,dataset:novegeo:terrain:elevation,1,data/novegeo/geography/terrain/qualified/novegeo_terrain_v001.json,f03d14ce483280aff6662dc808c840a14a4cd035fedd4fe87786649f326f001c,SHARED_REFERENCE
NG-ELEV-OBS-000408,NG-SPT-000408,31.78,-1.627467,503,datum:novegeo:elevation:mean-sea-level,PLAIN,QUALIFIED,dataset:novegeo:terrain:elevation,1,data/novegeo/geography/terrain/qualified/novegeo_terrain_v001.json,f03d14ce483280aff6662dc808c840a14a4cd035fedd4fe87786649f326f001c,SHARED_REFERENCE
NG-ELEV-OBS-000409,NG-SPT-000409,32.2,-1.627467,566,datum:novegeo:elevation:mean-sea-level,PLAIN,QUALIFIED,dataset:novegeo:terrain:elevation,1,data/novegeo/geography/terrain/qualified/novegeo_terrain_v001.json,f03d14ce483280aff6662dc808c840a14a4cd035fedd4fe87786649f326f001c,SHARED_REFERENCE
NG-ELEV-OBS-000410,NG-SPT-000410,32.62,-1.627467,651,datum:novegeo:elevation:mean-sea-level,PLAIN,QUALIFIED,dataset:novegeo:terrain:elevation,1,data/novegeo/geography/terrain/qualified/novegeo_terrain_v001.json,f03d14ce483280aff6662dc808c840a14a4cd035fedd4fe87786649f326f001c,SHARED_REFERENCE
NG-ELEV-OBS-000411,NG-SPT-000411,33.04,-1.627467,761,datum:novegeo:elevation:mean-sea-level,PLAIN,QUALIFIED,dataset:novegeo:terrain:elevation,1,data/novegeo/geography/terrain/qualified/novegeo_terrain_v001.json,f03d14ce483280aff6662dc808c840a14a4cd035fedd4fe87786649f326f001c,SHARED_REFERENCE
NG-ELEV-OBS-000412,NG-SPT-000412,33.46,-1.627467,891,datum:novegeo:elevation:mean-sea-level,PLAIN,QUALIFIED,dataset:novegeo:terrain:elevation,1,data/novegeo/geography/terrain/qualified/novegeo_terrain_v001.json,f03d14ce483280aff6662dc808c840a14a4cd035fedd4fe87786649f326f001c,SHARED_REFERENCE
NG-ELEV-OBS-000413,NG-SPT-000413,33.88,-1.627467,1032,datum:novegeo:elevation:mean-sea-level,PLAIN,QUALIFIED,dataset:novegeo:terrain:elevation,1,data/novegeo/geography/terrain/qualified/novegeo_terrain_v001.json,f03d14ce483280aff6662dc808c840a14a4cd035fedd4fe87786649f326f001c,SHARED_REFERENCE
NG-ELEV-OBS-000414,NG-SPT-000414,34.3,-1.627467,1166,datum:novegeo:elevation:mean-sea-level,PLATEAU,QUALIFIED,dataset:novegeo:terrain:elevation,1,data/novegeo/geography/terrain/qualified/novegeo_terrain_v001.json,f03d14ce483280aff6662dc808c840a14a4cd035fedd4fe87786649f326f001c,SHARED_REFERENCE
NG-ELEV-OBS-000415,NG-SPT-000415,34.72,-1.627467,1277,datum:novegeo:elevation:mean-sea-level,PLATEAU,QUALIFIED,dataset:novegeo:terrain:elevation,1,data/novegeo/geography/terrain/qualified/novegeo_terrain_v001.json,f03d14ce483280aff6662dc808c840a14a4cd035fedd4fe87786649f326f001c,SHARED_REFERENCE
NG-ELEV-OBS-000416,NG-SPT-000416,35.14,-1.627467,1348,datum:novegeo:elevation:mean-sea-level,PLATEAU,QUALIFIED,dataset:novegeo:terrain:elevation,1,data/novegeo/geography/terrain/qualified/novegeo_terrain_v001.json,f03d14ce483280aff6662dc808c840a14a4cd035fedd4fe87786649f326f001c,SHARED_REFERENCE
NG-ELEV-OBS-000417,NG-SPT-000417,35.56,-1.627467,1374,datum:novegeo:elevation:mean-sea-level,PLATEAU,QUALIFIED,dataset:novegeo:terrain:elevation,1,data/novegeo/geography/terrain/qualified/novegeo_terrain_v001.json,f03d14ce483280aff6662dc808c840a14a4cd035fedd4fe87786649f326f001c,SHARED_REFERENCE
NG-ELEV-OBS-000418,NG-SPT-000418,35.98,-1.627467,1366,datum:novegeo:elevation:mean-sea-level,PLATEAU,QUALIFIED,dataset:novegeo:terrain:elevation,1,data/novegeo/geography/terrain/qualified/novegeo_terrain_v001.json,f03d14ce483280aff6662dc808c840a14a4cd035fedd4fe87786649f326f001c,SHARED_REFERENCE
NG-ELEV-OBS-000419,NG-SPT-000419,36.4,-1.627467,1347,datum:novegeo:elevation:mean-sea-level,PLATEAU,QUALIFIED,dataset:novegeo:terrain:elevation,1,data/novegeo/geography/terrain/qualified/novegeo_terrain_v001.json,f03d14ce483280aff6662dc808c840a14a4cd035fedd4fe87786649f326f001c,SHARED_REFERENCE
NG-ELEV-OBS-000420,NG-SPT-000420,36.82,-1.627467,1347,datum:novegeo:elevation:mean-sea-level,PLATEAU,QUALIFIED,dataset:novegeo:terrain:elevation,1,data/novegeo/geography/terrain/qualified/novegeo_terrain_v001.json,f03d14ce483280aff6662dc808c840a14a4cd035fedd4fe87786649f326f001c,SHARED_REFERENCE
NG-ELEV-OBS-000421,NG-SPT-000421,37.24,-1.627467,1385,datum:novegeo:elevation:mean-sea-level,PLATEAU,QUALIFIED,dataset:novegeo:terrain:elevation,1,data/novegeo/geography/terrain/qualified/novegeo_terrain_v001.json,f03d14ce483280aff6662dc808c840a14a4cd035fedd4fe87786649f326f001c,SHARED_REFERENCE
NG-ELEV-OBS-000422,NG-SPT-000422,37.66,-1.627467,1461,datum:novegeo:elevation:mean-sea-level,PLATEAU,QUALIFIED,dataset:novegeo:terrain:elevation,1,data/novegeo/geography/terrain/qualified/novegeo_terrain_v001.json,f03d14ce483280aff6662dc808c840a14a4cd035fedd4fe87786649f326f001c,SHARED_REFERENCE
NG-ELEV-OBS-000423,NG-SPT-000423,38.08,-1.627467,1552,datum:novegeo:elevation:mean-sea-level,PLATEAU,QUALIFIED,dataset:novegeo:terrain:elevation,1,data/novegeo/geography/terrain/qualified/novegeo_terrain_v001.json,f03d14ce483280aff6662dc808c840a14a4cd035fedd4fe87786649f326f001c,SHARED_REFERENCE
NG-ELEV-OBS-000424,NG-SPT-000424,38.5,-1.627467,1626,datum:novegeo:elevation:mean-sea-level,PLATEAU,QUALIFIED,dataset:novegeo:terrain:elevation,1,data/novegeo/geography/terrain/qualified/novegeo_terrain_v001.json,f03d14ce483280aff6662dc808c840a14a4cd035fedd4fe87786649f326f001c,SHARED_REFERENCE
NG-ELEV-OBS-000425,NG-SPT-000425,38.92,-1.627467,1656,datum:novegeo:elevation:mean-sea-level,PLATEAU,QUALIFIED,dataset:novegeo:terrain:elevation,1,data/novegeo/geography/terrain/qualified/novegeo_terrain_v001.json,f03d14ce483280aff6662dc808c840a14a4cd035fedd4fe87786649f326f001c,SHARED_REFERENCE
NG-ELEV-OBS-000426,NG-SPT-000426,39.34,-1.627467,1629,datum:novegeo:elevation:mean-sea-level,PLATEAU,QUALIFIED,dataset:novegeo:terrain:elevation,1,data/novegeo/geography/terrain/qualified/novegeo_terrain_v001.json,f03d14ce483280aff6662dc808c840a14a4cd035fedd4fe87786649f326f001c,SHARED_REFERENCE
NG-ELEV-OBS-000427,NG-SPT-000427,39.76,-1.627467,1549,datum:novegeo:elevation:mean-sea-level,PLATEAU,QUALIFIED,dataset:novegeo:terrain:elevation,1,data/novegeo/geography/terrain/qualified/novegeo_terrain_v001.json,f03d14ce483280aff6662dc808c840a14a4cd035fedd4fe87786649f326f001c,SHARED_REFERENCE
NG-ELEV-OBS-000428,NG-SPT-000428,40.18,-1.627467,1431,datum:novegeo:elevation:mean-sea-level,PLATEAU,QUALIFIED,dataset:novegeo:terrain:elevation,1,data/novegeo/geography/terrain/qualified/novegeo_terrain_v001.json,f03d14ce483280aff6662dc808c840a14a4cd035fedd4fe87786649f326f001c,SHARED_REFERENCE
NG-ELEV-OBS-000429,NG-SPT-000429,40.6,-1.627467,1293,datum:novegeo:elevation:mean-sea-level,PLATEAU,QUALIFIED,dataset:novegeo:terrain:elevation,1,data/novegeo/geography/terrain/qualified/novegeo_terrain_v001.json,f03d14ce483280aff6662dc808c840a14a4cd035fedd4fe87786649f326f001c,SHARED_REFERENCE
NG-ELEV-OBS-000430,NG-SPT-000430,41.02,-1.627467,1148,datum:novegeo:elevation:mean-sea-level,PLATEAU,QUALIFIED,dataset:novegeo:terrain:elevation,1,data/novegeo/geography/terrain/qualified/novegeo_terrain_v001.json,f03d14ce483280aff6662dc808c840a14a4cd035fedd4fe87786649f326f001c,SHARED_REFERENCE
NG-ELEV-OBS-000431,NG-SPT-000431,41.44,-1.627467,1008,datum:novegeo:elevation:mean-sea-level,PLAIN,QUALIFIED,dataset:novegeo:terrain:elevation,1,data/novegeo/geography/terrain/qualified/novegeo_terrain_v001.json,f03d14ce483280aff6662dc808c840a14a4cd035fedd4fe87786649f326f001c,SHARED_REFERENCE
NG-ELEV-OBS-000432,NG-SPT-000432,41.86,-1.627467,878,datum:novegeo:elevation:mean-sea-level,PLAIN,QUALIFIED,dataset:novegeo:terrain:elevation,1,data/novegeo/geography/terrain/qualified/novegeo_terrain_v001.json,f03d14ce483280aff6662dc808c840a14a4cd035fedd4fe87786649f326f001c,SHARED_REFERENCE
NG-ELEV-OBS-000433,NG-SPT-000433,42.28,-1.627467,761,datum:novegeo:elevation:mean-sea-level,PLAIN,QUALIFIED,dataset:novegeo:terrain:elevation,1,data/novegeo/geography/terrain/qualified/novegeo_terrain_v001.json,f03d14ce483280aff6662dc808c840a14a4cd035fedd4fe87786649f326f001c,SHARED_REFERENCE
NG-ELEV-OBS-000434,NG-SPT-000434,42.7,-1.627467,656,datum:novegeo:elevation:mean-sea-level,PLAIN,QUALIFIED,dataset:novegeo:terrain:elevation,1,data/novegeo/geography/terrain/qualified/novegeo_terrain_v001.json,f03d14ce483280aff6662dc808c840a14a4cd035fedd4fe87786649f326f001c,SHARED_REFERENCE
NG-ELEV-OBS-000435,NG-SPT-000435,43.12,-1.627467,544,datum:novegeo:elevation:mean-sea-level,PLAIN,QUALIFIED,dataset:novegeo:terrain:elevation,1,data/novegeo/geography/terrain/qualified/novegeo_terrain_v001.json,f03d14ce483280aff6662dc808c840a14a4cd035fedd4fe87786649f326f001c,SHARED_REFERENCE
NG-ELEV-OBS-000436,NG-SPT-000436,44.38,-1.627467,262,datum:novegeo:elevation:mean-sea-level,PLAIN,QUALIFIED,dataset:novegeo:terrain:elevation,1,data/novegeo/geography/terrain/qualified/novegeo_terrain_v001.json,f03d14ce483280aff6662dc808c840a14a4cd035fedd4fe87786649f326f001c,SHARED_REFERENCE
NG-ELEV-OBS-000437,NG-SPT-000437,29.26,-1.207467,217,datum:novegeo:elevation:mean-sea-level,PLAIN,QUALIFIED,dataset:novegeo:terrain:elevation,1,data/novegeo/geography/terrain/qualified/novegeo_terrain_v001.json,f03d14ce483280aff6662dc808c840a14a4cd035fedd4fe87786649f326f001c,SHARED_REFERENCE
NG-ELEV-OBS-000438,NG-SPT-000438,29.68,-1.207467,273,datum:novegeo:elevation:mean-sea-level,PLAIN,QUALIFIED,dataset:novegeo:terrain:elevation,1,data/novegeo/geography/terrain/qualified/novegeo_terrain_v001.json,f03d14ce483280aff6662dc808c840a14a4cd035fedd4fe87786649f326f001c,SHARED_REFERENCE
NG-ELEV-OBS-000439,NG-SPT-000439,30.1,-1.207467,333,datum:novegeo:elevation:mean-sea-level,PLAIN,QUALIFIED,dataset:novegeo:terrain:elevation,1,data/novegeo/geography/terrain/qualified/novegeo_terrain_v001.json,f03d14ce483280aff6662dc808c840a14a4cd035fedd4fe87786649f326f001c,SHARED_REFERENCE
NG-ELEV-OBS-000440,NG-SPT-000440,30.52,-1.207467,396,datum:novegeo:elevation:mean-sea-level,PLAIN,QUALIFIED,dataset:novegeo:terrain:elevation,1,data/novegeo/geography/terrain/qualified/novegeo_terrain_v001.json,f03d14ce483280aff6662dc808c840a14a4cd035fedd4fe87786649f326f001c,SHARED_REFERENCE
NG-ELEV-OBS-000441,NG-SPT-000441,30.94,-1.207467,467,datum:novegeo:elevation:mean-sea-level,PLAIN,QUALIFIED,dataset:novegeo:terrain:elevation,1,data/novegeo/geography/terrain/qualified/novegeo_terrain_v001.json,f03d14ce483280aff6662dc808c840a14a4cd035fedd4fe87786649f326f001c,SHARED_REFERENCE
NG-ELEV-OBS-000442,NG-SPT-000442,31.36,-1.207467,534,datum:novegeo:elevation:mean-sea-level,PLAIN,QUALIFIED,dataset:novegeo:terrain:elevation,1,data/novegeo/geography/terrain/qualified/novegeo_terrain_v001.json,f03d14ce483280aff6662dc808c840a14a4cd035fedd4fe87786649f326f001c,SHARED_REFERENCE
NG-ELEV-OBS-000443,NG-SPT-000443,31.78,-1.207467,609,datum:novegeo:elevation:mean-sea-level,PLAIN,QUALIFIED,dataset:novegeo:terrain:elevation,1,data/novegeo/geography/terrain/qualified/novegeo_terrain_v001.json,f03d14ce483280aff6662dc808c840a14a4cd035fedd4fe87786649f326f001c,SHARED_REFERENCE
NG-ELEV-OBS-000444,NG-SPT-000444,32.2,-1.207467,702,datum:novegeo:elevation:mean-sea-level,PLAIN,QUALIFIED,dataset:novegeo:terrain:elevation,1,data/novegeo/geography/terrain/qualified/novegeo_terrain_v001.json,f03d14ce483280aff6662dc808c840a14a4cd035fedd4fe87786649f326f001c,SHARED_REFERENCE
NG-ELEV-OBS-000445,NG-SPT-000445,32.62,-1.207467,816,datum:novegeo:elevation:mean-sea-level,PLAIN,QUALIFIED,dataset:novegeo:terrain:elevation,1,data/novegeo/geography/terrain/qualified/novegeo_terrain_v001.json,f03d14ce483280aff6662dc808c840a14a4cd035fedd4fe87786649f326f001c,SHARED_REFERENCE
NG-ELEV-OBS-000446,NG-SPT-000446,33.04,-1.207467,949,datum:novegeo:elevation:mean-sea-level,PLAIN,QUALIFIED,dataset:novegeo:terrain:elevation,1,data/novegeo/geography/terrain/qualified/novegeo_terrain_v001.json,f03d14ce483280aff6662dc808c840a14a4cd035fedd4fe87786649f326f001c,SHARED_REFERENCE
NG-ELEV-OBS-000447,NG-SPT-000447,33.46,-1.207467,1093,datum:novegeo:elevation:mean-sea-level,PLATEAU,QUALIFIED,dataset:novegeo:terrain:elevation,1,data/novegeo/geography/terrain/qualified/novegeo_terrain_v001.json,f03d14ce483280aff6662dc808c840a14a4cd035fedd4fe87786649f326f001c,SHARED_REFERENCE
NG-ELEV-OBS-000448,NG-SPT-000448,33.88,-1.207467,1237,datum:novegeo:elevation:mean-sea-level,PLATEAU,QUALIFIED,dataset:novegeo:terrain:elevation,1,data/novegeo/geography/terrain/qualified/novegeo_terrain_v001.json,f03d14ce483280aff6662dc808c840a14a4cd035fedd4fe87786649f326f001c,SHARED_REFERENCE
NG-ELEV-OBS-000449,NG-SPT-000449,34.3,-1.207467,1362,datum:novegeo:elevation:mean-sea-level,PLATEAU,QUALIFIED,dataset:novegeo:terrain:elevation,1,data/novegeo/geography/terrain/qualified/novegeo_terrain_v001.json,f03d14ce483280aff6662dc808c840a14a4cd035fedd4fe87786649f326f001c,SHARED_REFERENCE
NG-ELEV-OBS-000450,NG-SPT-000450,34.72,-1.207467,1450,datum:novegeo:elevation:mean-sea-level,PLATEAU,QUALIFIED,dataset:novegeo:terrain:elevation,1,data/novegeo/geography/terrain/qualified/novegeo_terrain_v001.json,f03d14ce483280aff6662dc808c840a14a4cd035fedd4fe87786649f326f001c,SHARED_REFERENCE
NG-ELEV-OBS-000451,NG-SPT-000451,35.14,-1.207467,1488,datum:novegeo:elevation:mean-sea-level,PLATEAU,QUALIFIED,dataset:novegeo:terrain:elevation,1,data/novegeo/geography/terrain/qualified/novegeo_terrain_v001.json,f03d14ce483280aff6662dc808c840a14a4cd035fedd4fe87786649f326f001c,SHARED_REFERENCE
NG-ELEV-OBS-000452,NG-SPT-000452,35.56,-1.207467,1471,datum:novegeo:elevation:mean-sea-level,PLATEAU,QUALIFIED,dataset:novegeo:terrain:elevation,1,data/novegeo/geography/terrain/qualified/novegeo_terrain_v001.json,f03d14ce483280aff6662dc808c840a14a4cd035fedd4fe87786649f326f001c,SHARED_REFERENCE
NG-ELEV-OBS-000453,NG-SPT-000453,35.98,-1.207467,1416,datum:novegeo:elevation:mean-sea-level,PLATEAU,QUALIFIED,dataset:novegeo:terrain:elevation,1,data/novegeo/geography/terrain/qualified/novegeo_terrain_v001.json,f03d14ce483280aff6662dc808c840a14a4cd035fedd4fe87786649f326f001c,SHARED_REFERENCE
NG-ELEV-OBS-000454,NG-SPT-000454,36.4,-1.207467,1352,datum:novegeo:elevation:mean-sea-level,PLATEAU,QUALIFIED,dataset:novegeo:terrain:elevation,1,data/novegeo/geography/terrain/qualified/novegeo_terrain_v001.json,f03d14ce483280aff6662dc808c840a14a4cd035fedd4fe87786649f326f001c,SHARED_REFERENCE
NG-ELEV-OBS-000455,NG-SPT-000455,36.82,-1.207467,1312,datum:novegeo:elevation:mean-sea-level,PLATEAU,QUALIFIED,dataset:novegeo:terrain:elevation,1,data/novegeo/geography/terrain/qualified/novegeo_terrain_v001.json,f03d14ce483280aff6662dc808c840a14a4cd035fedd4fe87786649f326f001c,SHARED_REFERENCE
NG-ELEV-OBS-000456,NG-SPT-000456,37.24,-1.207467,1322,datum:novegeo:elevation:mean-sea-level,PLATEAU,QUALIFIED,dataset:novegeo:terrain:elevation,1,data/novegeo/geography/terrain/qualified/novegeo_terrain_v001.json,f03d14ce483280aff6662dc808c840a14a4cd035fedd4fe87786649f326f001c,SHARED_REFERENCE
NG-ELEV-OBS-000457,NG-SPT-000457,37.66,-1.207467,1383,datum:novegeo:elevation:mean-sea-level,PLATEAU,QUALIFIED,dataset:novegeo:terrain:elevation,1,data/novegeo/geography/terrain/qualified/novegeo_terrain_v001.json,f03d14ce483280aff6662dc808c840a14a4cd035fedd4fe87786649f326f001c,SHARED_REFERENCE
NG-ELEV-OBS-000458,NG-SPT-000458,38.08,-1.207467,1472,datum:novegeo:elevation:mean-sea-level,PLATEAU,QUALIFIED,dataset:novegeo:terrain:elevation,1,data/novegeo/geography/terrain/qualified/novegeo_terrain_v001.json,f03d14ce483280aff6662dc808c840a14a4cd035fedd4fe87786649f326f001c,SHARED_REFERENCE
NG-ELEV-OBS-000459,NG-SPT-000459,38.5,-1.207467,1554,datum:novegeo:elevation:mean-sea-level,PLATEAU,QUALIFIED,dataset:novegeo:terrain:elevation,1,data/novegeo/geography/terrain/qualified/novegeo_terrain_v001.json,f03d14ce483280aff6662dc808c840a14a4cd035fedd4fe87786649f326f001c,SHARED_REFERENCE
NG-ELEV-OBS-000460,NG-SPT-000460,38.92,-1.207467,1600,datum:novegeo:elevation:mean-sea-level,PLATEAU,QUALIFIED,dataset:novegeo:terrain:elevation,1,data/novegeo/geography/terrain/qualified/novegeo_terrain_v001.json,f03d14ce483280aff6662dc808c840a14a4cd035fedd4fe87786649f326f001c,SHARED_REFERENCE
NG-ELEV-OBS-000461,NG-SPT-000461,39.34,-1.207467,1592,datum:novegeo:elevation:mean-sea-level,PLATEAU,QUALIFIED,dataset:novegeo:terrain:elevation,1,data/novegeo/geography/terrain/qualified/novegeo_terrain_v001.json,f03d14ce483280aff6662dc808c840a14a4cd035fedd4fe87786649f326f001c,SHARED_REFERENCE
NG-ELEV-OBS-000462,NG-SPT-000462,39.76,-1.207467,1532,datum:novegeo:elevation:mean-sea-level,PLATEAU,QUALIFIED,dataset:novegeo:terrain:elevation,1,data/novegeo/geography/terrain/qualified/novegeo_terrain_v001.json,f03d14ce483280aff6662dc808c840a14a4cd035fedd4fe87786649f326f001c,SHARED_REFERENCE
NG-ELEV-OBS-000463,NG-SPT-000463,40.18,-1.207467,1432,datum:novegeo:elevation:mean-sea-level,PLATEAU,QUALIFIED,dataset:novegeo:terrain:elevation,1,data/novegeo/geography/terrain/qualified/novegeo_terrain_v001.json,f03d14ce483280aff6662dc808c840a14a4cd035fedd4fe87786649f326f001c,SHARED_REFERENCE
NG-ELEV-OBS-000464,NG-SPT-000464,40.6,-1.207467,1307,datum:novegeo:elevation:mean-sea-level,PLATEAU,QUALIFIED,dataset:novegeo:terrain:elevation,1,data/novegeo/geography/terrain/qualified/novegeo_terrain_v001.json,f03d14ce483280aff6662dc808c840a14a4cd035fedd4fe87786649f326f001c,SHARED_REFERENCE
NG-ELEV-OBS-000465,NG-SPT-000465,41.02,-1.207467,1172,datum:novegeo:elevation:mean-sea-level,PLATEAU,QUALIFIED,dataset:novegeo:terrain:elevation,1,data/novegeo/geography/terrain/qualified/novegeo_terrain_v001.json,f03d14ce483280aff6662dc808c840a14a4cd035fedd4fe87786649f326f001c,SHARED_REFERENCE
NG-ELEV-OBS-000466,NG-SPT-000466,41.44,-1.207467,1037,datum:novegeo:elevation:mean-sea-level,PLAIN,QUALIFIED,dataset:novegeo:terrain:elevation,1,data/novegeo/geography/terrain/qualified/novegeo_terrain_v001.json,f03d14ce483280aff6662dc808c840a14a4cd035fedd4fe87786649f326f001c,SHARED_REFERENCE
NG-ELEV-OBS-000467,NG-SPT-000467,41.86,-1.207467,909,datum:novegeo:elevation:mean-sea-level,PLAIN,QUALIFIED,dataset:novegeo:terrain:elevation,1,data/novegeo/geography/terrain/qualified/novegeo_terrain_v001.json,f03d14ce483280aff6662dc808c840a14a4cd035fedd4fe87786649f326f001c,SHARED_REFERENCE
NG-ELEV-OBS-000468,NG-SPT-000468,42.28,-1.207467,790,datum:novegeo:elevation:mean-sea-level,PLAIN,QUALIFIED,dataset:novegeo:terrain:elevation,1,data/novegeo/geography/terrain/qualified/novegeo_terrain_v001.json,f03d14ce483280aff6662dc808c840a14a4cd035fedd4fe87786649f326f001c,SHARED_REFERENCE
NG-ELEV-OBS-000469,NG-SPT-000469,42.7,-1.207467,683,datum:novegeo:elevation:mean-sea-level,PLAIN,QUALIFIED,dataset:novegeo:terrain:elevation,1,data/novegeo/geography/terrain/qualified/novegeo_terrain_v001.json,f03d14ce483280aff6662dc808c840a14a4cd035fedd4fe87786649f326f001c,SHARED_REFERENCE
NG-ELEV-OBS-000470,NG-SPT-000470,43.12,-1.207467,568,datum:novegeo:elevation:mean-sea-level,PLAIN,QUALIFIED,dataset:novegeo:terrain:elevation,1,data/novegeo/geography/terrain/qualified/novegeo_terrain_v001.json,f03d14ce483280aff6662dc808c840a14a4cd035fedd4fe87786649f326f001c,SHARED_REFERENCE
NG-ELEV-OBS-000471,NG-SPT-000471,29.26,-0.787467,221,datum:novegeo:elevation:mean-sea-level,PLAIN,QUALIFIED,dataset:novegeo:terrain:elevation,1,data/novegeo/geography/terrain/qualified/novegeo_terrain_v001.json,f03d14ce483280aff6662dc808c840a14a4cd035fedd4fe87786649f326f001c,SHARED_REFERENCE
NG-ELEV-OBS-000472,NG-SPT-000472,29.68,-0.787467,281,datum:novegeo:elevation:mean-sea-level,PLAIN,QUALIFIED,dataset:novegeo:terrain:elevation,1,data/novegeo/geography/terrain/qualified/novegeo_terrain_v001.json,f03d14ce483280aff6662dc808c840a14a4cd035fedd4fe87786649f326f001c,SHARED_REFERENCE
NG-ELEV-OBS-000473,NG-SPT-000473,30.1,-0.787467,349,datum:novegeo:elevation:mean-sea-level,PLAIN,QUALIFIED,dataset:novegeo:terrain:elevation,1,data/novegeo/geography/terrain/qualified/novegeo_terrain_v001.json,f03d14ce483280aff6662dc808c840a14a4cd035fedd4fe87786649f326f001c,SHARED_REFERENCE
NG-ELEV-OBS-000474,NG-SPT-000474,30.52,-0.787467,428,datum:novegeo:elevation:mean-sea-level,PLAIN,QUALIFIED,dataset:novegeo:terrain:elevation,1,data/novegeo/geography/terrain/qualified/novegeo_terrain_v001.json,f03d14ce483280aff6662dc808c840a14a4cd035fedd4fe87786649f326f001c,SHARED_REFERENCE
NG-ELEV-OBS-000475,NG-SPT-000475,30.94,-0.787467,520,datum:novegeo:elevation:mean-sea-level,PLAIN,QUALIFIED,dataset:novegeo:terrain:elevation,1,data/novegeo/geography/terrain/qualified/novegeo_terrain_v001.json,f03d14ce483280aff6662dc808c840a14a4cd035fedd4fe87786649f326f001c,SHARED_REFERENCE
NG-ELEV-OBS-000476,NG-SPT-000476,31.36,-0.787467,615,datum:novegeo:elevation:mean-sea-level,PLAIN,QUALIFIED,dataset:novegeo:terrain:elevation,1,data/novegeo/geography/terrain/qualified/novegeo_terrain_v001.json,f03d14ce483280aff6662dc808c840a14a4cd035fedd4fe87786649f326f001c,SHARED_REFERENCE
NG-ELEV-OBS-000477,NG-SPT-000477,31.78,-0.787467,721,datum:novegeo:elevation:mean-sea-level,PLAIN,QUALIFIED,dataset:novegeo:terrain:elevation,1,data/novegeo/geography/terrain/qualified/novegeo_terrain_v001.json,f03d14ce483280aff6662dc808c840a14a4cd035fedd4fe87786649f326f001c,SHARED_REFERENCE
NG-ELEV-OBS-000478,NG-SPT-000478,32.2,-0.787467,848,datum:novegeo:elevation:mean-sea-level,PLAIN,QUALIFIED,dataset:novegeo:terrain:elevation,1,data/novegeo/geography/terrain/qualified/novegeo_terrain_v001.json,f03d14ce483280aff6662dc808c840a14a4cd035fedd4fe87786649f326f001c,SHARED_REFERENCE
NG-ELEV-OBS-000479,NG-SPT-000479,32.62,-0.787467,995,datum:novegeo:elevation:mean-sea-level,PLAIN,QUALIFIED,dataset:novegeo:terrain:elevation,1,data/novegeo/geography/terrain/qualified/novegeo_terrain_v001.json,f03d14ce483280aff6662dc808c840a14a4cd035fedd4fe87786649f326f001c,SHARED_REFERENCE
NG-ELEV-OBS-000480,NG-SPT-000480,33.04,-0.787467,1154,datum:novegeo:elevation:mean-sea-level,PLATEAU,QUALIFIED,dataset:novegeo:terrain:elevation,1,data/novegeo/geography/terrain/qualified/novegeo_terrain_v001.json,f03d14ce483280aff6662dc808c840a14a4cd035fedd4fe87786649f326f001c,SHARED_REFERENCE
NG-ELEV-OBS-000481,NG-SPT-000481,33.46,-0.787467,1316,datum:novegeo:elevation:mean-sea-level,PLATEAU,QUALIFIED,dataset:novegeo:terrain:elevation,1,data/novegeo/geography/terrain/qualified/novegeo_terrain_v001.json,f03d14ce483280aff6662dc808c840a14a4cd035fedd4fe87786649f326f001c,SHARED_REFERENCE
NG-ELEV-OBS-000482,NG-SPT-000482,33.88,-0.787467,1466,datum:novegeo:elevation:mean-sea-level,PLATEAU,QUALIFIED,dataset:novegeo:terrain:elevation,1,data/novegeo/geography/terrain/qualified/novegeo_terrain_v001.json,f03d14ce483280aff6662dc808c840a14a4cd035fedd4fe87786649f326f001c,SHARED_REFERENCE
NG-ELEV-OBS-000483,NG-SPT-000483,34.3,-0.787467,1585,datum:novegeo:elevation:mean-sea-level,PLATEAU,QUALIFIED,dataset:novegeo:terrain:elevation,1,data/novegeo/geography/terrain/qualified/novegeo_terrain_v001.json,f03d14ce483280aff6662dc808c840a14a4cd035fedd4fe87786649f326f001c,SHARED_REFERENCE
NG-ELEV-OBS-000484,NG-SPT-000484,34.72,-0.787467,1654,datum:novegeo:elevation:mean-sea-level,PLATEAU,QUALIFIED,dataset:novegeo:terrain:elevation,1,data/novegeo/geography/terrain/qualified/novegeo_terrain_v001.json,f03d14ce483280aff6662dc808c840a14a4cd035fedd4fe87786649f326f001c,SHARED_REFERENCE
NG-ELEV-OBS-000485,NG-SPT-000485,35.14,-0.787467,1661,datum:novegeo:elevation:mean-sea-level,PLATEAU,QUALIFIED,dataset:novegeo:terrain:elevation,1,data/novegeo/geography/terrain/qualified/novegeo_terrain_v001.json,f03d14ce483280aff6662dc808c840a14a4cd035fedd4fe87786649f326f001c,SHARED_REFERENCE
NG-ELEV-OBS-000486,NG-SPT-000486,35.56,-0.787467,1607,datum:novegeo:elevation:mean-sea-level,PLATEAU,QUALIFIED,dataset:novegeo:terrain:elevation,1,data/novegeo/geography/terrain/qualified/novegeo_terrain_v001.json,f03d14ce483280aff6662dc808c840a14a4cd035fedd4fe87786649f326f001c,SHARED_REFERENCE
NG-ELEV-OBS-000487,NG-SPT-000487,35.98,-0.787467,1508,datum:novegeo:elevation:mean-sea-level,PLATEAU,QUALIFIED,dataset:novegeo:terrain:elevation,1,data/novegeo/geography/terrain/qualified/novegeo_terrain_v001.json,f03d14ce483280aff6662dc808c840a14a4cd035fedd4fe87786649f326f001c,SHARED_REFERENCE
NG-ELEV-OBS-000488,NG-SPT-000488,36.4,-0.787467,1401,datum:novegeo:elevation:mean-sea-level,PLATEAU,QUALIFIED,dataset:novegeo:terrain:elevation,1,data/novegeo/geography/terrain/qualified/novegeo_terrain_v001.json,f03d14ce483280aff6662dc808c840a14a4cd035fedd4fe87786649f326f001c,SHARED_REFERENCE
NG-ELEV-OBS-000489,NG-SPT-000489,36.82,-0.787467,1323,datum:novegeo:elevation:mean-sea-level,PLATEAU,QUALIFIED,dataset:novegeo:terrain:elevation,1,data/novegeo/geography/terrain/qualified/novegeo_terrain_v001.json,f03d14ce483280aff6662dc808c840a14a4cd035fedd4fe87786649f326f001c,SHARED_REFERENCE
NG-ELEV-OBS-000490,NG-SPT-000490,37.24,-0.787467,1304,datum:novegeo:elevation:mean-sea-level,PLATEAU,QUALIFIED,dataset:novegeo:terrain:elevation,1,data/novegeo/geography/terrain/qualified/novegeo_terrain_v001.json,f03d14ce483280aff6662dc808c840a14a4cd035fedd4fe87786649f326f001c,SHARED_REFERENCE
NG-ELEV-OBS-000491,NG-SPT-000491,37.66,-0.787467,1347,datum:novegeo:elevation:mean-sea-level,PLATEAU,QUALIFIED,dataset:novegeo:terrain:elevation,1,data/novegeo/geography/terrain/qualified/novegeo_terrain_v001.json,f03d14ce483280aff6662dc808c840a14a4cd035fedd4fe87786649f326f001c,SHARED_REFERENCE
NG-ELEV-OBS-000492,NG-SPT-000492,38.08,-0.787467,1429,datum:novegeo:elevation:mean-sea-level,PLATEAU,QUALIFIED,dataset:novegeo:terrain:elevation,1,data/novegeo/geography/terrain/qualified/novegeo_terrain_v001.json,f03d14ce483280aff6662dc808c840a14a4cd035fedd4fe87786649f326f001c,SHARED_REFERENCE
NG-ELEV-OBS-000493,NG-SPT-000493,38.5,-0.787467,1515,datum:novegeo:elevation:mean-sea-level,PLATEAU,QUALIFIED,dataset:novegeo:terrain:elevation,1,data/novegeo/geography/terrain/qualified/novegeo_terrain_v001.json,f03d14ce483280aff6662dc808c840a14a4cd035fedd4fe87786649f326f001c,SHARED_REFERENCE
NG-ELEV-OBS-000494,NG-SPT-000494,38.92,-0.787467,1571,datum:novegeo:elevation:mean-sea-level,PLATEAU,QUALIFIED,dataset:novegeo:terrain:elevation,1,data/novegeo/geography/terrain/qualified/novegeo_terrain_v001.json,f03d14ce483280aff6662dc808c840a14a4cd035fedd4fe87786649f326f001c,SHARED_REFERENCE
NG-ELEV-OBS-000495,NG-SPT-000495,39.34,-0.787467,1578,datum:novegeo:elevation:mean-sea-level,PLATEAU,QUALIFIED,dataset:novegeo:terrain:elevation,1,data/novegeo/geography/terrain/qualified/novegeo_terrain_v001.json,f03d14ce483280aff6662dc808c840a14a4cd035fedd4fe87786649f326f001c,SHARED_REFERENCE
NG-ELEV-OBS-000496,NG-SPT-000496,39.76,-0.787467,1533,datum:novegeo:elevation:mean-sea-level,PLATEAU,QUALIFIED,dataset:novegeo:terrain:elevation,1,data/novegeo/geography/terrain/qualified/novegeo_terrain_v001.json,f03d14ce483280aff6662dc808c840a14a4cd035fedd4fe87786649f326f001c,SHARED_REFERENCE
NG-ELEV-OBS-000497,NG-SPT-000497,40.18,-0.787467,1447,datum:novegeo:elevation:mean-sea-level,PLATEAU,QUALIFIED,dataset:novegeo:terrain:elevation,1,data/novegeo/geography/terrain/qualified/novegeo_terrain_v001.json,f03d14ce483280aff6662dc808c840a14a4cd035fedd4fe87786649f326f001c,SHARED_REFERENCE
NG-ELEV-OBS-000498,NG-SPT-000498,40.6,-0.787467,1333,datum:novegeo:elevation:mean-sea-level,PLATEAU,QUALIFIED,dataset:novegeo:terrain:elevation,1,data/novegeo/geography/terrain/qualified/novegeo_terrain_v001.json,f03d14ce483280aff6662dc808c840a14a4cd035fedd4fe87786649f326f001c,SHARED_REFERENCE
NG-ELEV-OBS-000499,NG-SPT-000499,41.02,-0.787467,1205,datum:novegeo:elevation:mean-sea-level,PLATEAU,QUALIFIED,dataset:novegeo:terrain:elevation,1,data/novegeo/geography/terrain/qualified/novegeo_terrain_v001.json,f03d14ce483280aff6662dc808c840a14a4cd035fedd4fe87786649f326f001c,SHARED_REFERENCE
NG-ELEV-OBS-000500,NG-SPT-000500,41.44,-0.787467,1074,datum:novegeo:elevation:mean-sea-level,PLATEAU,QUALIFIED,dataset:novegeo:terrain:elevation,1,data/novegeo/geography/terrain/qualified/novegeo_terrain_v001.json,f03d14ce483280aff6662dc808c840a14a4cd035fedd4fe87786649f326f001c,SHARED_REFERENCE
NG-ELEV-OBS-000501,NG-SPT-000501,41.86,-0.787467,945,datum:novegeo:elevation:mean-sea-level,PLAIN,QUALIFIED,dataset:novegeo:terrain:elevation,1,data/novegeo/geography/terrain/qualified/novegeo_terrain_v001.json,f03d14ce483280aff6662dc808c840a14a4cd035fedd4fe87786649f326f001c,SHARED_REFERENCE
NG-ELEV-OBS-000502,NG-SPT-000502,42.28,-0.787467,823,datum:novegeo:elevation:mean-sea-level,PLAIN,QUALIFIED,dataset:novegeo:terrain:elevation,1,data/novegeo/geography/terrain/qualified/novegeo_terrain_v001.json,f03d14ce483280aff6662dc808c840a14a4cd035fedd4fe87786649f326f001c,SHARED_REFERENCE
NG-ELEV-OBS-000503,NG-SPT-000503,42.7,-0.787467,711,datum:novegeo:elevation:mean-sea-level,PLAIN,QUALIFIED,dataset:novegeo:terrain:elevation,1,data/novegeo/geography/terrain/qualified/novegeo_terrain_v001.json,f03d14ce483280aff6662dc808c840a14a4cd035fedd4fe87786649f326f001c,SHARED_REFERENCE
NG-ELEV-OBS-000504,NG-SPT-000504,43.12,-0.787467,592,datum:novegeo:elevation:mean-sea-level,PLAIN,QUALIFIED,dataset:novegeo:terrain:elevation,1,data/novegeo/geography/terrain/qualified/novegeo_terrain_v001.json,f03d14ce483280aff6662dc808c840a14a4cd035fedd4fe87786649f326f001c,SHARED_REFERENCE
NG-ELEV-OBS-000505,NG-SPT-000505,43.54,-0.787467,482,datum:novegeo:elevation:mean-sea-level,PLAIN,QUALIFIED,dataset:novegeo:terrain:elevation,1,data/novegeo/geography/terrain/qualified/novegeo_terrain_v001.json,f03d14ce483280aff6662dc808c840a14a4cd035fedd4fe87786649f326f001c,SHARED_REFERENCE
NG-ELEV-OBS-000506,NG-SPT-000506,29.26,-0.367467,224,datum:novegeo:elevation:mean-sea-level,PLAIN,QUALIFIED,dataset:novegeo:terrain:elevation,1,data/novegeo/geography/terrain/qualified/novegeo_terrain_v001.json,f03d14ce483280aff6662dc808c840a14a4cd035fedd4fe87786649f326f001c,SHARED_REFERENCE
NG-ELEV-OBS-000507,NG-SPT-000507,29.68,-0.367467,288,datum:novegeo:elevation:mean-sea-level,PLAIN,QUALIFIED,dataset:novegeo:terrain:elevation,1,data/novegeo/geography/terrain/qualified/novegeo_terrain_v001.json,f03d14ce483280aff6662dc808c840a14a4cd035fedd4fe87786649f326f001c,SHARED_REFERENCE
NG-ELEV-OBS-000508,NG-SPT-000508,30.1,-0.367467,365,datum:novegeo:elevation:mean-sea-level,PLAIN,QUALIFIED,dataset:novegeo:terrain:elevation,1,data/novegeo/geography/terrain/qualified/novegeo_terrain_v001.json,f03d14ce483280aff6662dc808c840a14a4cd035fedd4fe87786649f326f001c,SHARED_REFERENCE
NG-ELEV-OBS-000509,NG-SPT-000509,30.52,-0.367467,459,datum:novegeo:elevation:mean-sea-level,PLAIN,QUALIFIED,dataset:novegeo:terrain:elevation,1,data/novegeo/geography/terrain/qualified/novegeo_terrain_v001.json,f03d14ce483280aff6662dc808c840a14a4cd035fedd4fe87786649f326f001c,SHARED_REFERENCE
NG-ELEV-OBS-000510,NG-SPT-000510,30.94,-0.367467,573,datum:novegeo:elevation:mean-sea-level,PLAIN,QUALIFIED,dataset:novegeo:terrain:elevation,1,data/novegeo/geography/terrain/qualified/novegeo_terrain_v001.json,f03d14ce483280aff6662dc808c840a14a4cd035fedd4fe87786649f326f001c,SHARED_REFERENCE
NG-ELEV-OBS-000511,NG-SPT-000511,31.36,-0.367467,695,datum:novegeo:elevation:mean-sea-level,PLAIN,QUALIFIED,dataset:novegeo:terrain:elevation,1,data/novegeo/geography/terrain/qualified/novegeo_terrain_v001.json,f03d14ce483280aff6662dc808c840a14a4cd035fedd4fe87786649f326f001c,SHARED_REFERENCE
NG-ELEV-OBS-000512,NG-SPT-000512,31.78,-0.367467,834,datum:novegeo:elevation:mean-sea-level,PLAIN,QUALIFIED,dataset:novegeo:terrain:elevation,1,data/novegeo/geography/terrain/qualified/novegeo_terrain_v001.json,f03d14ce483280aff6662dc808c840a14a4cd035fedd4fe87786649f326f001c,SHARED_REFERENCE
NG-ELEV-OBS-000513,NG-SPT-000513,32.2,-0.367467,995,datum:novegeo:elevation:mean-sea-level,PLAIN,QUALIFIED,dataset:novegeo:terrain:elevation,1,data/novegeo/geography/terrain/qualified/novegeo_terrain_v001.json,f03d14ce483280aff6662dc808c840a14a4cd035fedd4fe87786649f326f001c,SHARED_REFERENCE
NG-ELEV-OBS-000514,NG-SPT-000514,32.62,-0.367467,1175,datum:novegeo:elevation:mean-sea-level,PLATEAU,QUALIFIED,dataset:novegeo:terrain:elevation,1,data/novegeo/geography/terrain/qualified/novegeo_terrain_v001.json,f03d14ce483280aff6662dc808c840a14a4cd035fedd4fe87786649f326f001c,SHARED_REFERENCE
NG-ELEV-OBS-000515,NG-SPT-000515,33.04,-0.367467,1363,datum:novegeo:elevation:mean-sea-level,PLATEAU,QUALIFIED,dataset:novegeo:terrain:elevation,1,data/novegeo/geography/terrain/qualified/novegeo_terrain_v001.json,f03d14ce483280aff6662dc808c840a14a4cd035fedd4fe87786649f326f001c,SHARED_REFERENCE
NG-ELEV-OBS-000516,NG-SPT-000516,33.46,-0.367467,1546,datum:novegeo:elevation:mean-sea-level,PLATEAU,QUALIFIED,dataset:novegeo:terrain:elevation,1,data/novegeo/geography/terrain/qualified/novegeo_terrain_v001.json,f03d14ce483280aff6662dc808c840a14a4cd035fedd4fe87786649f326f001c,SHARED_REFERENCE
NG-ELEV-OBS-000517,NG-SPT-000517,33.88,-0.367467,1706,datum:novegeo:elevation:mean-sea-level,PLATEAU,QUALIFIED,dataset:novegeo:terrain:elevation,1,data/novegeo/geography/terrain/qualified/novegeo_terrain_v001.json,f03d14ce483280aff6662dc808c840a14a4cd035fedd4fe87786649f326f001c,SHARED_REFERENCE
NG-ELEV-OBS-000518,NG-SPT-000518,34.3,-0.367467,1822,datum:novegeo:elevation:mean-sea-level,PLATEAU,QUALIFIED,dataset:novegeo:terrain:elevation,1,data/novegeo/geography/terrain/qualified/novegeo_terrain_v001.json,f03d14ce483280aff6662dc808c840a14a4cd035fedd4fe87786649f326f001c,SHARED_REFERENCE
NG-ELEV-OBS-000519,NG-SPT-000519,34.72,-0.367467,1877,datum:novegeo:elevation:mean-sea-level,MOUNTAIN,QUALIFIED,dataset:novegeo:terrain:elevation,1,data/novegeo/geography/terrain/qualified/novegeo_terrain_v001.json,f03d14ce483280aff6662dc808c840a14a4cd035fedd4fe87786649f326f001c,SHARED_REFERENCE
NG-ELEV-OBS-000520,NG-SPT-000520,35.14,-0.367467,1860,datum:novegeo:elevation:mean-sea-level,MOUNTAIN,QUALIFIED,dataset:novegeo:terrain:elevation,1,data/novegeo/geography/terrain/qualified/novegeo_terrain_v001.json,f03d14ce483280aff6662dc808c840a14a4cd035fedd4fe87786649f326f001c,SHARED_REFERENCE
NG-ELEV-OBS-000521,NG-SPT-000521,35.56,-0.367467,1772,datum:novegeo:elevation:mean-sea-level,PLATEAU,QUALIFIED,dataset:novegeo:terrain:elevation,1,data/novegeo/geography/terrain/qualified/novegeo_terrain_v001.json,f03d14ce483280aff6662dc808c840a14a4cd035fedd4fe87786649f326f001c,SHARED_REFERENCE
NG-ELEV-OBS-000522,NG-SPT-000522,35.98,-0.367467,1636,datum:novegeo:elevation:mean-sea-level,PLATEAU,QUALIFIED,dataset:novegeo:terrain:elevation,1,data/novegeo/geography/terrain/qualified/novegeo_terrain_v001.json,f03d14ce483280aff6662dc808c840a14a4cd035fedd4fe87786649f326f001c,SHARED_REFERENCE
NG-ELEV-OBS-000523,NG-SPT-000523,36.4,-0.367467,1489,datum:novegeo:elevation:mean-sea-level,PLATEAU,QUALIFIED,dataset:novegeo:terrain:elevation,1,data/novegeo/geography/terrain/qualified/novegeo_terrain_v001.json,f03d14ce483280aff6662dc808c840a14a4cd035fedd4fe87786649f326f001c,SHARED_REFERENCE
NG-ELEV-OBS-000524,NG-SPT-000524,36.82,-0.367467,1377,datum:novegeo:elevation:mean-sea-level,PLATEAU,QUALIFIED,dataset:novegeo:terrain:elevation,1,data/novegeo/geography/terrain/qualified/novegeo_terrain_v001.json,f03d14ce483280aff6662dc808c840a14a4cd035fedd4fe87786649f326f001c,SHARED_REFERENCE
NG-ELEV-OBS-000525,NG-SPT-000525,37.24,-0.367467,1329,datum:novegeo:elevation:mean-sea-level,PLATEAU,QUALIFIED,dataset:novegeo:terrain:elevation,1,data/novegeo/geography/terrain/qualified/novegeo_terrain_v001.json,f03d14ce483280aff6662dc808c840a14a4cd035fedd4fe87786649f326f001c,SHARED_REFERENCE
NG-ELEV-OBS-000526,NG-SPT-000526,37.66,-0.367467,1352,datum:novegeo:elevation:mean-sea-level,PLATEAU,QUALIFIED,dataset:novegeo:terrain:elevation,1,data/novegeo/geography/terrain/qualified/novegeo_terrain_v001.json,f03d14ce483280aff6662dc808c840a14a4cd035fedd4fe87786649f326f001c,SHARED_REFERENCE
NG-ELEV-OBS-000527,NG-SPT-000527,38.08,-0.367467,1424,datum:novegeo:elevation:mean-sea-level,PLATEAU,QUALIFIED,dataset:novegeo:terrain:elevation,1,data/novegeo/geography/terrain/qualified/novegeo_terrain_v001.json,f03d14ce483280aff6662dc808c840a14a4cd035fedd4fe87786649f326f001c,SHARED_REFERENCE
NG-ELEV-OBS-000528,NG-SPT-000528,38.5,-0.367467,1508,datum:novegeo:elevation:mean-sea-level,PLATEAU,QUALIFIED,dataset:novegeo:terrain:elevation,1,data/novegeo/geography/terrain/qualified/novegeo_terrain_v001.json,f03d14ce483280aff6662dc808c840a14a4cd035fedd4fe87786649f326f001c,SHARED_REFERENCE
NG-ELEV-OBS-000529,NG-SPT-000529,38.92,-0.367467,1569,datum:novegeo:elevation:mean-sea-level,PLATEAU,QUALIFIED,dataset:novegeo:terrain:elevation,1,data/novegeo/geography/terrain/qualified/novegeo_terrain_v001.json,f03d14ce483280aff6662dc808c840a14a4cd035fedd4fe87786649f326f001c,SHARED_REFERENCE
NG-ELEV-OBS-000530,NG-SPT-000530,39.34,-0.367467,1585,datum:novegeo:elevation:mean-sea-level,PLATEAU,QUALIFIED,dataset:novegeo:terrain:elevation,1,data/novegeo/geography/terrain/qualified/novegeo_terrain_v001.json,f03d14ce483280aff6662dc808c840a14a4cd035fedd4fe87786649f326f001c,SHARED_REFERENCE
NG-ELEV-OBS-000531,NG-SPT-000531,39.76,-0.367467,1552,datum:novegeo:elevation:mean-sea-level,PLATEAU,QUALIFIED,dataset:novegeo:terrain:elevation,1,data/novegeo/geography/terrain/qualified/novegeo_terrain_v001.json,f03d14ce483280aff6662dc808c840a14a4cd035fedd4fe87786649f326f001c,SHARED_REFERENCE
NG-ELEV-OBS-000532,NG-SPT-000532,40.18,-0.367467,1476,datum:novegeo:elevation:mean-sea-level,PLATEAU,QUALIFIED,dataset:novegeo:terrain:elevation,1,data/novegeo/geography/terrain/qualified/novegeo_terrain_v001.json,f03d14ce483280aff6662dc808c840a14a4cd035fedd4fe87786649f326f001c,SHARED_REFERENCE
NG-ELEV-OBS-000533,NG-SPT-000533,40.6,-0.367467,1371,datum:novegeo:elevation:mean-sea-level,PLATEAU,QUALIFIED,dataset:novegeo:terrain:elevation,1,data/novegeo/geography/terrain/qualified/novegeo_terrain_v001.json,f03d14ce483280aff6662dc808c840a14a4cd035fedd4fe87786649f326f001c,SHARED_REFERENCE
NG-ELEV-OBS-000534,NG-SPT-000534,41.02,-0.367467,1248,datum:novegeo:elevation:mean-sea-level,PLATEAU,QUALIFIED,dataset:novegeo:terrain:elevation,1,data/novegeo/geography/terrain/qualified/novegeo_terrain_v001.json,f03d14ce483280aff6662dc808c840a14a4cd035fedd4fe87786649f326f001c,SHARED_REFERENCE
NG-ELEV-OBS-000535,NG-SPT-000535,41.44,-0.367467,1117,datum:novegeo:elevation:mean-sea-level,PLATEAU,QUALIFIED,dataset:novegeo:terrain:elevation,1,data/novegeo/geography/terrain/qualified/novegeo_terrain_v001.json,f03d14ce483280aff6662dc808c840a14a4cd035fedd4fe87786649f326f001c,SHARED_REFERENCE
NG-ELEV-OBS-000536,NG-SPT-000536,41.86,-0.367467,985,datum:novegeo:elevation:mean-sea-level,PLAIN,QUALIFIED,dataset:novegeo:terrain:elevation,1,data/novegeo/geography/terrain/qualified/novegeo_terrain_v001.json,f03d14ce483280aff6662dc808c840a14a4cd035fedd4fe87786649f326f001c,SHARED_REFERENCE
NG-ELEV-OBS-000537,NG-SPT-000537,42.28,-0.367467,859,datum:novegeo:elevation:mean-sea-level,PLAIN,QUALIFIED,dataset:novegeo:terrain:elevation,1,data/novegeo/geography/terrain/qualified/novegeo_terrain_v001.json,f03d14ce483280aff6662dc808c840a14a4cd035fedd4fe87786649f326f001c,SHARED_REFERENCE
NG-ELEV-OBS-000538,NG-SPT-000538,42.7,-0.367467,742,datum:novegeo:elevation:mean-sea-level,PLAIN,QUALIFIED,dataset:novegeo:terrain:elevation,1,data/novegeo/geography/terrain/qualified/novegeo_terrain_v001.json,f03d14ce483280aff6662dc808c840a14a4cd035fedd4fe87786649f326f001c,SHARED_REFERENCE
NG-ELEV-OBS-000539,NG-SPT-000539,43.12,-0.367467,617,datum:novegeo:elevation:mean-sea-level,PLAIN,QUALIFIED,dataset:novegeo:terrain:elevation,1,data/novegeo/geography/terrain/qualified/novegeo_terrain_v001.json,f03d14ce483280aff6662dc808c840a14a4cd035fedd4fe87786649f326f001c,SHARED_REFERENCE
NG-ELEV-OBS-000540,NG-SPT-000540,43.54,-0.367467,503,datum:novegeo:elevation:mean-sea-level,PLAIN,QUALIFIED,dataset:novegeo:terrain:elevation,1,data/novegeo/geography/terrain/qualified/novegeo_terrain_v001.json,f03d14ce483280aff6662dc808c840a14a4cd035fedd4fe87786649f326f001c,SHARED_REFERENCE
NG-ELEV-OBS-000541,NG-SPT-000541,29.26,0.052533,226,datum:novegeo:elevation:mean-sea-level,PLAIN,QUALIFIED,dataset:novegeo:terrain:elevation,1,data/novegeo/geography/terrain/qualified/novegeo_terrain_v001.json,f03d14ce483280aff6662dc808c840a14a4cd035fedd4fe87786649f326f001c,SHARED_REFERENCE
NG-ELEV-OBS-000542,NG-SPT-000542,29.68,0.052533,293,datum:novegeo:elevation:mean-sea-level,PLAIN,QUALIFIED,dataset:novegeo:terrain:elevation,1,data/novegeo/geography/terrain/qualified/novegeo_terrain_v001.json,f03d14ce483280aff6662dc808c840a14a4cd035fedd4fe87786649f326f001c,SHARED_REFERENCE
NG-ELEV-OBS-000543,NG-SPT-000543,30.1,0.052533,379,datum:novegeo:elevation:mean-sea-level,PLAIN,QUALIFIED,dataset:novegeo:terrain:elevation,1,data/novegeo/geography/terrain/qualified/novegeo_terrain_v001.json,f03d14ce483280aff6662dc808c840a14a4cd035fedd4fe87786649f326f001c,SHARED_REFERENCE
NG-ELEV-OBS-000544,NG-SPT-000544,30.52,0.052533,486,datum:novegeo:elevation:mean-sea-level,PLAIN,QUALIFIED,dataset:novegeo:terrain:elevation,1,data/novegeo/geography/terrain/qualified/novegeo_terrain_v001.json,f03d14ce483280aff6662dc808c840a14a4cd035fedd4fe87786649f326f001c,SHARED_REFERENCE
NG-ELEV-OBS-000545,NG-SPT-000545,30.94,0.052533,620,datum:novegeo:elevation:mean-sea-level,PLAIN,QUALIFIED,dataset:novegeo:terrain:elevation,1,data/novegeo/geography/terrain/qualified/novegeo_terrain_v001.json,f03d14ce483280aff6662dc808c840a14a4cd035fedd4fe87786649f326f001c,SHARED_REFERENCE
NG-ELEV-OBS-000546,NG-SPT-000546,31.36,0.052533,769,datum:novegeo:elevation:mean-sea-level,PLAIN,QUALIFIED,dataset:novegeo:terrain:elevation,1,data/novegeo/geography/terrain/qualified/novegeo_terrain_v001.json,f03d14ce483280aff6662dc808c840a14a4cd035fedd4fe87786649f326f001c,SHARED_REFERENCE
NG-ELEV-OBS-000547,NG-SPT-000547,31.78,0.052533,939,datum:novegeo:elevation:mean-sea-level,PLAIN,QUALIFIED,dataset:novegeo:terrain:elevation,1,data/novegeo/geography/terrain/qualified/novegeo_terrain_v001.json,f03d14ce483280aff6662dc808c840a14a4cd035fedd4fe87786649f326f001c,SHARED_REFERENCE
NG-ELEV-OBS-000548,NG-SPT-000548,32.2,0.052533,1134,datum:novegeo:elevation:mean-sea-level,PLATEAU,QUALIFIED,dataset:novegeo:terrain:elevation,1,data/novegeo/geography/terrain/qualified/novegeo_terrain_v001.json,f03d14ce483280aff6662dc808c840a14a4cd035fedd4fe87786649f326f001c,SHARED_REFERENCE
NG-ELEV-OBS-000549,NG-SPT-000549,32.62,0.052533,1347,datum:novegeo:elevation:mean-sea-level,PLATEAU,QUALIFIED,dataset:novegeo:terrain:elevation,1,data/novegeo/geography/terrain/qualified/novegeo_terrain_v001.json,f03d14ce483280aff6662dc808c840a14a4cd035fedd4fe87786649f326f001c,SHARED_REFERENCE
NG-ELEV-OBS-000550,NG-SPT-000550,33.04,0.052533,1565,datum:novegeo:elevation:mean-sea-level,PLATEAU,QUALIFIED,dataset:novegeo:terrain:elevation,1,data/novegeo/geography/terrain/qualified/novegeo_terrain_v001.json,f03d14ce483280aff6662dc808c840a14a4cd035fedd4fe87786649f326f001c,SHARED_REFERENCE
NG-ELEV-OBS-000551,NG-SPT-000551,33.46,0.052533,1770,datum:novegeo:elevation:mean-sea-level,PLATEAU,QUALIFIED,dataset:novegeo:terrain:elevation,1,data/novegeo/geography/terrain/qualified/novegeo_terrain_v001.json,f03d14ce483280aff6662dc808c840a14a4cd035fedd4fe87786649f326f001c,SHARED_REFERENCE
NG-ELEV-OBS-000552,NG-SPT-000552,33.88,0.052533,1942,datum:novegeo:elevation:mean-sea-level,MOUNTAIN,QUALIFIED,dataset:novegeo:terrain:elevation,1,data/novegeo/geography/terrain/qualified/novegeo_terrain_v001.json,f03d14ce483280aff6662dc808c840a14a4cd035fedd4fe87786649f326f001c,SHARED_REFERENCE
NG-ELEV-OBS-000553,NG-SPT-000553,34.3,0.052533,2060,datum:novegeo:elevation:mean-sea-level,MOUNTAIN,QUALIFIED,dataset:novegeo:terrain:elevation,1,data/novegeo/geography/terrain/qualified/novegeo_terrain_v001.json,f03d14ce483280aff6662dc808c840a14a4cd035fedd4fe87786649f326f001c,SHARED_REFERENCE
NG-ELEV-OBS-000554,NG-SPT-000554,34.72,0.052533,2105,datum:novegeo:elevation:mean-sea-level,MOUNTAIN,QUALIFIED,dataset:novegeo:terrain:elevation,1,data/novegeo/geography/terrain/qualified/novegeo_terrain_v001.json,f03d14ce483280aff6662dc808c840a14a4cd035fedd4fe87786649f326f001c,SHARED_REFERENCE
NG-ELEV-OBS-000555,NG-SPT-000555,35.14,0.052533,2068,datum:novegeo:elevation:mean-sea-level,MOUNTAIN,QUALIFIED,dataset:novegeo:terrain:elevation,1,data/novegeo/geography/terrain/qualified/novegeo_terrain_v001.json,f03d14ce483280aff6662dc808c840a14a4cd035fedd4fe87786649f326f001c,SHARED_REFERENCE
NG-ELEV-OBS-000556,NG-SPT-000556,35.56,0.052533,1953,datum:novegeo:elevation:mean-sea-level,MOUNTAIN,QUALIFIED,dataset:novegeo:terrain:elevation,1,data/novegeo/geography/terrain/qualified/novegeo_terrain_v001.json,f03d14ce483280aff6662dc808c840a14a4cd035fedd4fe87786649f326f001c,SHARED_REFERENCE
NG-ELEV-OBS-000557,NG-SPT-000557,35.98,0.052533,1784,datum:novegeo:elevation:mean-sea-level,PLATEAU,QUALIFIED,dataset:novegeo:terrain:elevation,1,data/novegeo/geography/terrain/qualified/novegeo_terrain_v001.json,f03d14ce483280aff6662dc808c840a14a4cd035fedd4fe87786649f326f001c,SHARED_REFERENCE
NG-ELEV-OBS-000558,NG-SPT-000558,36.4,0.052533,1604,datum:novegeo:elevation:mean-sea-level,PLATEAU,QUALIFIED,dataset:novegeo:terrain:elevation,1,data/novegeo/geography/terrain/qualified/novegeo_terrain_v001.json,f03d14ce483280aff6662dc808c840a14a4cd035fedd4fe87786649f326f001c,SHARED_REFERENCE
NG-ELEV-OBS-000559,NG-SPT-000559,36.82,0.052533,1460,datum:novegeo:elevation:mean-sea-level,PLATEAU,QUALIFIED,dataset:novegeo:terrain:elevation,1,data/novegeo/geography/terrain/qualified/novegeo_terrain_v001.json,f03d14ce483280aff6662dc808c840a14a4cd035fedd4fe87786649f326f001c,SHARED_REFERENCE
NG-ELEV-OBS-000560,NG-SPT-000560,37.24,0.052533,1384,datum:novegeo:elevation:mean-sea-level,PLATEAU,QUALIFIED,dataset:novegeo:terrain:elevation,1,data/novegeo/geography/terrain/qualified/novegeo_terrain_v001.json,f03d14ce483280aff6662dc808c840a14a4cd035fedd4fe87786649f326f001c,SHARED_REFERENCE
NG-ELEV-OBS-000561,NG-SPT-000561,37.66,0.052533,1385,datum:novegeo:elevation:mean-sea-level,PLATEAU,QUALIFIED,dataset:novegeo:terrain:elevation,1,data/novegeo/geography/terrain/qualified/novegeo_terrain_v001.json,f03d14ce483280aff6662dc808c840a14a4cd035fedd4fe87786649f326f001c,SHARED_REFERENCE
NG-ELEV-OBS-000562,NG-SPT-000562,38.08,0.052533,1443,datum:novegeo:elevation:mean-sea-level,PLATEAU,QUALIFIED,dataset:novegeo:terrain:elevation,1,data/novegeo/geography/terrain/qualified/novegeo_terrain_v001.json,f03d14ce483280aff6662dc808c840a14a4cd035fedd4fe87786649f326f001c,SHARED_REFERENCE
NG-ELEV-OBS-000563,NG-SPT-000563,38.5,0.052533,1521,datum:novegeo:elevation:mean-sea-level,PLATEAU,QUALIFIED,dataset:novegeo:terrain:elevation,1,data/novegeo/geography/terrain/qualified/novegeo_terrain_v001.json,f03d14ce483280aff6662dc808c840a14a4cd035fedd4fe87786649f326f001c,SHARED_REFERENCE
NG-ELEV-OBS-000564,NG-SPT-000564,38.92,0.052533,1583,datum:novegeo:elevation:mean-sea-level,PLATEAU,QUALIFIED,dataset:novegeo:terrain:elevation,1,data/novegeo/geography/terrain/qualified/novegeo_terrain_v001.json,f03d14ce483280aff6662dc808c840a14a4cd035fedd4fe87786649f326f001c,SHARED_REFERENCE
NG-ELEV-OBS-000565,NG-SPT-000565,39.34,0.052533,1606,datum:novegeo:elevation:mean-sea-level,PLATEAU,QUALIFIED,dataset:novegeo:terrain:elevation,1,data/novegeo/geography/terrain/qualified/novegeo_terrain_v001.json,f03d14ce483280aff6662dc808c840a14a4cd035fedd4fe87786649f326f001c,SHARED_REFERENCE
NG-ELEV-OBS-000566,NG-SPT-000566,39.76,0.052533,1581,datum:novegeo:elevation:mean-sea-level,PLATEAU,QUALIFIED,dataset:novegeo:terrain:elevation,1,data/novegeo/geography/terrain/qualified/novegeo_terrain_v001.json,f03d14ce483280aff6662dc808c840a14a4cd035fedd4fe87786649f326f001c,SHARED_REFERENCE
NG-ELEV-OBS-000567,NG-SPT-000567,40.18,0.052533,1515,datum:novegeo:elevation:mean-sea-level,PLATEAU,QUALIFIED,dataset:novegeo:terrain:elevation,1,data/novegeo/geography/terrain/qualified/novegeo_terrain_v001.json,f03d14ce483280aff6662dc808c840a14a4cd035fedd4fe87786649f326f001c,SHARED_REFERENCE
NG-ELEV-OBS-000568,NG-SPT-000568,40.6,0.052533,1417,datum:novegeo:elevation:mean-sea-level,PLATEAU,QUALIFIED,dataset:novegeo:terrain:elevation,1,data/novegeo/geography/terrain/qualified/novegeo_terrain_v001.json,f03d14ce483280aff6662dc808c840a14a4cd035fedd4fe87786649f326f001c,SHARED_REFERENCE
NG-ELEV-OBS-000569,NG-SPT-000569,41.02,0.052533,1298,datum:novegeo:elevation:mean-sea-level,PLATEAU,QUALIFIED,dataset:novegeo:terrain:elevation,1,data/novegeo/geography/terrain/qualified/novegeo_terrain_v001.json,f03d14ce483280aff6662dc808c840a14a4cd035fedd4fe87786649f326f001c,SHARED_REFERENCE
NG-ELEV-OBS-000570,NG-SPT-000570,41.44,0.052533,1166,datum:novegeo:elevation:mean-sea-level,PLATEAU,QUALIFIED,dataset:novegeo:terrain:elevation,1,data/novegeo/geography/terrain/qualified/novegeo_terrain_v001.json,f03d14ce483280aff6662dc808c840a14a4cd035fedd4fe87786649f326f001c,SHARED_REFERENCE
NG-ELEV-OBS-000571,NG-SPT-000571,41.86,0.052533,1030,datum:novegeo:elevation:mean-sea-level,PLAIN,QUALIFIED,dataset:novegeo:terrain:elevation,1,data/novegeo/geography/terrain/qualified/novegeo_terrain_v001.json,f03d14ce483280aff6662dc808c840a14a4cd035fedd4fe87786649f326f001c,SHARED_REFERENCE
NG-ELEV-OBS-000572,NG-SPT-000572,42.28,0.052533,897,datum:novegeo:elevation:mean-sea-level,PLAIN,QUALIFIED,dataset:novegeo:terrain:elevation,1,data/novegeo/geography/terrain/qualified/novegeo_terrain_v001.json,f03d14ce483280aff6662dc808c840a14a4cd035fedd4fe87786649f326f001c,SHARED_REFERENCE
NG-ELEV-OBS-000573,NG-SPT-000573,42.7,0.052533,773,datum:novegeo:elevation:mean-sea-level,PLAIN,QUALIFIED,dataset:novegeo:terrain:elevation,1,data/novegeo/geography/terrain/qualified/novegeo_terrain_v001.json,f03d14ce483280aff6662dc808c840a14a4cd035fedd4fe87786649f326f001c,SHARED_REFERENCE
NG-ELEV-OBS-000574,NG-SPT-000574,43.12,0.052533,642,datum:novegeo:elevation:mean-sea-level,PLAIN,QUALIFIED,dataset:novegeo:terrain:elevation,1,data/novegeo/geography/terrain/qualified/novegeo_terrain_v001.json,f03d14ce483280aff6662dc808c840a14a4cd035fedd4fe87786649f326f001c,SHARED_REFERENCE
NG-ELEV-OBS-000575,NG-SPT-000575,43.54,0.052533,523,datum:novegeo:elevation:mean-sea-level,PLAIN,QUALIFIED,dataset:novegeo:terrain:elevation,1,data/novegeo/geography/terrain/qualified/novegeo_terrain_v001.json,f03d14ce483280aff6662dc808c840a14a4cd035fedd4fe87786649f326f001c,SHARED_REFERENCE
NG-ELEV-OBS-000576,NG-SPT-000576,43.96,0.052533,420,datum:novegeo:elevation:mean-sea-level,PLAIN,QUALIFIED,dataset:novegeo:terrain:elevation,1,data/novegeo/geography/terrain/qualified/novegeo_terrain_v001.json,f03d14ce483280aff6662dc808c840a14a4cd035fedd4fe87786649f326f001c,SHARED_REFERENCE
NG-ELEV-OBS-000577,NG-SPT-000577,29.26,0.472533,227,datum:novegeo:elevation:mean-sea-level,PLAIN,QUALIFIED,dataset:novegeo:terrain:elevation,1,data/novegeo/geography/terrain/qualified/novegeo_terrain_v001.json,f03d14ce483280aff6662dc808c840a14a4cd035fedd4fe87786649f326f001c,SHARED_REFERENCE
NG-ELEV-OBS-000578,NG-SPT-000578,29.68,0.472533,297,datum:novegeo:elevation:mean-sea-level,PLAIN,QUALIFIED,dataset:novegeo:terrain:elevation,1,data/novegeo/geography/terrain/qualified/novegeo_terrain_v001.json,f03d14ce483280aff6662dc808c840a14a4cd035fedd4fe87786649f326f001c,SHARED_REFERENCE
NG-ELEV-OBS-000579,NG-SPT-000579,30.1,0.472533,389,datum:novegeo:elevation:mean-sea-level,PLAIN,QUALIFIED,dataset:novegeo:terrain:elevation,1,data/novegeo/geography/terrain/qualified/novegeo_terrain_v001.json,f03d14ce483280aff6662dc808c840a14a4cd035fedd4fe87786649f326f001c,SHARED_REFERENCE
NG-ELEV-OBS-000580,NG-SPT-000580,30.52,0.472533,508,datum:novegeo:elevation:mean-sea-level,PLAIN,QUALIFIED,dataset:novegeo:terrain:elevation,1,data/novegeo/geography/terrain/qualified/novegeo_terrain_v001.json,f03d14ce483280aff6662dc808c840a14a4cd035fedd4fe87786649f326f001c,SHARED_REFERENCE
NG-ELEV-OBS-000581,NG-SPT-000581,30.94,0.472533,660,datum:novegeo:elevation:mean-sea-level,PLAIN,QUALIFIED,dataset:novegeo:terrain:elevation,1,data/novegeo/geography/terrain/qualified/novegeo_terrain_v001.json,f03d14ce483280aff6662dc808c840a14a4cd035fedd4fe87786649f326f001c,SHARED_REFERENCE
NG-ELEV-OBS-000582,NG-SPT-000582,31.36,0.472533,833,datum:novegeo:elevation:mean-sea-level,PLAIN,QUALIFIED,dataset:novegeo:terrain:elevation,1,data/novegeo/geography/terrain/qualified/novegeo_terrain_v001.json,f03d14ce483280aff6662dc808c840a14a4cd035fedd4fe87786649f326f001c,SHARED_REFERENCE
NG-ELEV-OBS-000583,NG-SPT-000583,31.78,0.472533,1031,datum:novegeo:elevation:mean-sea-level,PLAIN,QUALIFIED,dataset:novegeo:terrain:elevation,1,data/novegeo/geography/terrain/qualified/novegeo_terrain_v001.json,f03d14ce483280aff6662dc808c840a14a4cd035fedd4fe87786649f326f001c,SHARED_REFERENCE
NG-ELEV-OBS-000584,NG-SPT-000584,32.2,0.472533,1257,datum:novegeo:elevation:mean-sea-level,PLATEAU,QUALIFIED,dataset:novegeo:terrain:elevation,1,data/novegeo/geography/terrain/qualified/novegeo_terrain_v001.json,f03d14ce483280aff6662dc808c840a14a4cd035fedd4fe87786649f326f001c,SHARED_REFERENCE
NG-ELEV-OBS-000585,NG-SPT-000585,32.62,0.472533,1501,datum:novegeo:elevation:mean-sea-level,PLATEAU,QUALIFIED,dataset:novegeo:terrain:elevation,1,data/novegeo/geography/terrain/qualified/novegeo_terrain_v001.json,f03d14ce483280aff6662dc808c840a14a4cd035fedd4fe87786649f326f001c,SHARED_REFERENCE
NG-ELEV-OBS-000586,NG-SPT-000586,33.04,0.472533,1747,datum:novegeo:elevation:mean-sea-level,PLATEAU,QUALIFIED,dataset:novegeo:terrain:elevation,1,data/novegeo/geography/terrain/qualified/novegeo_terrain_v001.json,f03d14ce483280aff6662dc808c840a14a4cd035fedd4fe87786649f326f001c,SHARED_REFERENCE
NG-ELEV-OBS-000587,NG-SPT-000587,33.46,0.472533,1974,datum:novegeo:elevation:mean-sea-level,MOUNTAIN,QUALIFIED,dataset:novegeo:terrain:elevation,1,data/novegeo/geography/terrain/qualified/novegeo_terrain_v001.json,f03d14ce483280aff6662dc808c840a14a4cd035fedd4fe87786649f326f001c,SHARED_REFERENCE
NG-ELEV-OBS-000588,NG-SPT-000588,33.88,0.472533,2159,datum:novegeo:elevation:mean-sea-level,MOUNTAIN,QUALIFIED,dataset:novegeo:terrain:elevation,1,data/novegeo/geography/terrain/qualified/novegeo_terrain_v001.json,f03d14ce483280aff6662dc808c840a14a4cd035fedd4fe87786649f326f001c,SHARED_REFERENCE
NG-ELEV-OBS-000589,NG-SPT-000589,34.3,0.472533,2281,datum:novegeo:elevation:mean-sea-level,MOUNTAIN,QUALIFIED,dataset:novegeo:terrain:elevation,1,data/novegeo/geography/terrain/qualified/novegeo_terrain_v001.json,f03d14ce483280aff6662dc808c840a14a4cd035fedd4fe87786649f326f001c,SHARED_REFERENCE
NG-ELEV-OBS-000590,NG-SPT-000590,34.72,0.472533,2320,datum:novegeo:elevation:mean-sea-level,MOUNTAIN,QUALIFIED,dataset:novegeo:terrain:elevation,1,data/novegeo/geography/terrain/qualified/novegeo_terrain_v001.json,f03d14ce483280aff6662dc808c840a14a4cd035fedd4fe87786649f326f001c,SHARED_REFERENCE
NG-ELEV-OBS-000591,NG-SPT-000591,35.14,0.472533,2268,datum:novegeo:elevation:mean-sea-level,MOUNTAIN,QUALIFIED,dataset:novegeo:terrain:elevation,1,data/novegeo/geography/terrain/qualified/novegeo_terrain_v001.json,f03d14ce483280aff6662dc808c840a14a4cd035fedd4fe87786649f326f001c,SHARED_REFERENCE
NG-ELEV-OBS-000592,NG-SPT-000592,35.56,0.472533,2131,datum:novegeo:elevation:mean-sea-level,MOUNTAIN,QUALIFIED,dataset:novegeo:terrain:elevation,1,data/novegeo/geography/terrain/qualified/novegeo_terrain_v001.json,f03d14ce483280aff6662dc808c840a14a4cd035fedd4fe87786649f326f001c,SHARED_REFERENCE
NG-ELEV-OBS-000593,NG-SPT-000593,35.98,0.472533,1936,datum:novegeo:elevation:mean-sea-level,MOUNTAIN,QUALIFIED,dataset:novegeo:terrain:elevation,1,data/novegeo/geography/terrain/qualified/novegeo_terrain_v001.json,f03d14ce483280aff6662dc808c840a14a4cd035fedd4fe87786649f326f001c,SHARED_REFERENCE
NG-ELEV-OBS-000594,NG-SPT-000594,36.4,0.472533,1728,datum:novegeo:elevation:mean-sea-level,PLATEAU,QUALIFIED,dataset:novegeo:terrain:elevation,1,data/novegeo/geography/terrain/qualified/novegeo_terrain_v001.json,f03d14ce483280aff6662dc808c840a14a4cd035fedd4fe87786649f326f001c,SHARED_REFERENCE
NG-ELEV-OBS-000595,NG-SPT-000595,36.82,0.472533,1554,datum:novegeo:elevation:mean-sea-level,PLATEAU,QUALIFIED,dataset:novegeo:terrain:elevation,1,data/novegeo/geography/terrain/qualified/novegeo_terrain_v001.json,f03d14ce483280aff6662dc808c840a14a4cd035fedd4fe87786649f326f001c,SHARED_REFERENCE
NG-ELEV-OBS-000596,NG-SPT-000596,37.24,0.472533,1452,datum:novegeo:elevation:mean-sea-level,PLATEAU,QUALIFIED,dataset:novegeo:terrain:elevation,1,data/novegeo/geography/terrain/qualified/novegeo_terrain_v001.json,f03d14ce483280aff6662dc808c840a14a4cd035fedd4fe87786649f326f001c,SHARED_REFERENCE
NG-ELEV-OBS-000597,NG-SPT-000597,37.66,0.472533,1431,datum:novegeo:elevation:mean-sea-level,PLATEAU,QUALIFIED,dataset:novegeo:terrain:elevation,1,data/novegeo/geography/terrain/qualified/novegeo_terrain_v001.json,f03d14ce483280aff6662dc808c840a14a4cd035fedd4fe87786649f326f001c,SHARED_REFERENCE
NG-ELEV-OBS-000598,NG-SPT-000598,38.08,0.472533,1473,datum:novegeo:elevation:mean-sea-level,PLATEAU,QUALIFIED,dataset:novegeo:terrain:elevation,1,data/novegeo/geography/terrain/qualified/novegeo_terrain_v001.json,f03d14ce483280aff6662dc808c840a14a4cd035fedd4fe87786649f326f001c,SHARED_REFERENCE
NG-ELEV-OBS-000599,NG-SPT-000599,38.5,0.472533,1542,datum:novegeo:elevation:mean-sea-level,PLATEAU,QUALIFIED,dataset:novegeo:terrain:elevation,1,data/novegeo/geography/terrain/qualified/novegeo_terrain_v001.json,f03d14ce483280aff6662dc808c840a14a4cd035fedd4fe87786649f326f001c,SHARED_REFERENCE
NG-ELEV-OBS-000600,NG-SPT-000600,38.92,0.472533,1603,datum:novegeo:elevation:mean-sea-level,PLATEAU,QUALIFIED,dataset:novegeo:terrain:elevation,1,data/novegeo/geography/terrain/qualified/novegeo_terrain_v001.json,f03d14ce483280aff6662dc808c840a14a4cd035fedd4fe87786649f326f001c,SHARED_REFERENCE
NG-ELEV-OBS-000601,NG-SPT-000601,39.34,0.472533,1630,datum:novegeo:elevation:mean-sea-level,PLATEAU,QUALIFIED,dataset:novegeo:terrain:elevation,1,data/novegeo/geography/terrain/qualified/novegeo_terrain_v001.json,f03d14ce483280aff6662dc808c840a14a4cd035fedd4fe87786649f326f001c,SHARED_REFERENCE
NG-ELEV-OBS-000602,NG-SPT-000602,39.76,0.472533,1614,datum:novegeo:elevation:mean-sea-level,PLATEAU,QUALIFIED,dataset:novegeo:terrain:elevation,1,data/novegeo/geography/terrain/qualified/novegeo_terrain_v001.json,f03d14ce483280aff6662dc808c840a14a4cd035fedd4fe87786649f326f001c,SHARED_REFERENCE
NG-ELEV-OBS-000603,NG-SPT-000603,40.18,0.472533,1557,datum:novegeo:elevation:mean-sea-level,PLATEAU,QUALIFIED,dataset:novegeo:terrain:elevation,1,data/novegeo/geography/terrain/qualified/novegeo_terrain_v001.json,f03d14ce483280aff6662dc808c840a14a4cd035fedd4fe87786649f326f001c,SHARED_REFERENCE
NG-ELEV-OBS-000604,NG-SPT-000604,40.6,0.472533,1467,datum:novegeo:elevation:mean-sea-level,PLATEAU,QUALIFIED,dataset:novegeo:terrain:elevation,1,data/novegeo/geography/terrain/qualified/novegeo_terrain_v001.json,f03d14ce483280aff6662dc808c840a14a4cd035fedd4fe87786649f326f001c,SHARED_REFERENCE
NG-ELEV-OBS-000605,NG-SPT-000605,41.02,0.472533,1352,datum:novegeo:elevation:mean-sea-level,PLATEAU,QUALIFIED,dataset:novegeo:terrain:elevation,1,data/novegeo/geography/terrain/qualified/novegeo_terrain_v001.json,f03d14ce483280aff6662dc808c840a14a4cd035fedd4fe87786649f326f001c,SHARED_REFERENCE
NG-ELEV-OBS-000606,NG-SPT-000606,41.44,0.472533,1219,datum:novegeo:elevation:mean-sea-level,PLATEAU,QUALIFIED,dataset:novegeo:terrain:elevation,1,data/novegeo/geography/terrain/qualified/novegeo_terrain_v001.json,f03d14ce483280aff6662dc808c840a14a4cd035fedd4fe87786649f326f001c,SHARED_REFERENCE
NG-ELEV-OBS-000607,NG-SPT-000607,41.86,0.472533,1079,datum:novegeo:elevation:mean-sea-level,PLATEAU,QUALIFIED,dataset:novegeo:terrain:elevation,1,data/novegeo/geography/terrain/qualified/novegeo_terrain_v001.json,f03d14ce483280aff6662dc808c840a14a4cd035fedd4fe87786649f326f001c,SHARED_REFERENCE
NG-ELEV-OBS-000608,NG-SPT-000608,42.28,0.472533,938,datum:novegeo:elevation:mean-sea-level,PLAIN,QUALIFIED,dataset:novegeo:terrain:elevation,1,data/novegeo/geography/terrain/qualified/novegeo_terrain_v001.json,f03d14ce483280aff6662dc808c840a14a4cd035fedd4fe87786649f326f001c,SHARED_REFERENCE
NG-ELEV-OBS-000609,NG-SPT-000609,42.7,0.472533,805,datum:novegeo:elevation:mean-sea-level,PLAIN,QUALIFIED,dataset:novegeo:terrain:elevation,1,data/novegeo/geography/terrain/qualified/novegeo_terrain_v001.json,f03d14ce483280aff6662dc808c840a14a4cd035fedd4fe87786649f326f001c,SHARED_REFERENCE
NG-ELEV-OBS-000610,NG-SPT-000610,43.12,0.472533,665,datum:novegeo:elevation:mean-sea-level,PLAIN,QUALIFIED,dataset:novegeo:terrain:elevation,1,data/novegeo/geography/terrain/qualified/novegeo_terrain_v001.json,f03d14ce483280aff6662dc808c840a14a4cd035fedd4fe87786649f326f001c,SHARED_REFERENCE
NG-ELEV-OBS-000611,NG-SPT-000611,43.54,0.472533,541,datum:novegeo:elevation:mean-sea-level,PLAIN,QUALIFIED,dataset:novegeo:terrain:elevation,1,data/novegeo/geography/terrain/qualified/novegeo_terrain_v001.json,f03d14ce483280aff6662dc808c840a14a4cd035fedd4fe87786649f326f001c,SHARED_REFERENCE
NG-ELEV-OBS-000612,NG-SPT-000612,29.26,0.892533,226,datum:novegeo:elevation:mean-sea-level,PLAIN,QUALIFIED,dataset:novegeo:terrain:elevation,1,data/novegeo/geography/terrain/qualified/novegeo_terrain_v001.json,f03d14ce483280aff6662dc808c840a14a4cd035fedd4fe87786649f326f001c,SHARED_REFERENCE
NG-ELEV-OBS-000613,NG-SPT-000613,29.68,0.892533,298,datum:novegeo:elevation:mean-sea-level,PLAIN,QUALIFIED,dataset:novegeo:terrain:elevation,1,data/novegeo/geography/terrain/qualified/novegeo_terrain_v001.json,f03d14ce483280aff6662dc808c840a14a4cd035fedd4fe87786649f326f001c,SHARED_REFERENCE
NG-ELEV-OBS-000614,NG-SPT-000614,30.1,0.892533,395,datum:novegeo:elevation:mean-sea-level,PLAIN,QUALIFIED,dataset:novegeo:terrain:elevation,1,data/novegeo/geography/terrain/qualified/novegeo_terrain_v001.json,f03d14ce483280aff6662dc808c840a14a4cd035fedd4fe87786649f326f001c,SHARED_REFERENCE
NG-ELEV-OBS-000615,NG-SPT-000615,30.52,0.892533,525,datum:novegeo:elevation:mean-sea-level,PLAIN,QUALIFIED,dataset:novegeo:terrain:elevation,1,data/novegeo/geography/terrain/qualified/novegeo_terrain_v001.json,f03d14ce483280aff6662dc808c840a14a4cd035fedd4fe87786649f326f001c,SHARED_REFERENCE
NG-ELEV-OBS-000616,NG-SPT-000616,30.94,0.892533,691,datum:novegeo:elevation:mean-sea-level,PLAIN,QUALIFIED,dataset:novegeo:terrain:elevation,1,data/novegeo/geography/terrain/qualified/novegeo_terrain_v001.json,f03d14ce483280aff6662dc808c840a14a4cd035fedd4fe87786649f326f001c,SHARED_REFERENCE
NG-ELEV-OBS-000617,NG-SPT-000617,31.36,0.892533,884,datum:novegeo:elevation:mean-sea-level,PLAIN,QUALIFIED,dataset:novegeo:terrain:elevation,1,data/novegeo/geography/terrain/qualified/novegeo_terrain_v001.json,f03d14ce483280aff6662dc808c840a14a4cd035fedd4fe87786649f326f001c,SHARED_REFERENCE
NG-ELEV-OBS-000618,NG-SPT-000618,31.78,0.892533,1106,datum:novegeo:elevation:mean-sea-level,PLATEAU,QUALIFIED,dataset:novegeo:terrain:elevation,1,data/novegeo/geography/terrain/qualified/novegeo_terrain_v001.json,f03d14ce483280aff6662dc808c840a14a4cd035fedd4fe87786649f326f001c,SHARED_REFERENCE
NG-ELEV-OBS-000619,NG-SPT-000619,32.2,0.892533,1359,datum:novegeo:elevation:mean-sea-level,PLATEAU,QUALIFIED,dataset:novegeo:terrain:elevation,1,data/novegeo/geography/terrain/qualified/novegeo_terrain_v001.json,f03d14ce483280aff6662dc808c840a14a4cd035fedd4fe87786649f326f001c,SHARED_REFERENCE
NG-ELEV-OBS-000620,NG-SPT-000620,32.62,0.892533,1630,datum:novegeo:elevation:mean-sea-level,PLATEAU,QUALIFIED,dataset:novegeo:terrain:elevation,1,data/novegeo/geography/terrain/qualified/novegeo_terrain_v001.json,f03d14ce483280aff6662dc808c840a14a4cd035fedd4fe87786649f326f001c,SHARED_REFERENCE
NG-ELEV-OBS-000621,NG-SPT-000621,33.04,0.892533,1901,datum:novegeo:elevation:mean-sea-level,MOUNTAIN,QUALIFIED,dataset:novegeo:terrain:elevation,1,data/novegeo/geography/terrain/qualified/novegeo_terrain_v001.json,f03d14ce483280aff6662dc808c840a14a4cd035fedd4fe87786649f326f001c,SHARED_REFERENCE
NG-ELEV-OBS-000622,NG-SPT-000622,33.46,0.892533,2147,datum:novegeo:elevation:mean-sea-level,MOUNTAIN,QUALIFIED,dataset:novegeo:terrain:elevation,1,data/novegeo/geography/terrain/qualified/novegeo_terrain_v001.json,f03d14ce483280aff6662dc808c840a14a4cd035fedd4fe87786649f326f001c,SHARED_REFERENCE
NG-ELEV-OBS-000623,NG-SPT-000623,33.88,0.892533,2346,datum:novegeo:elevation:mean-sea-level,MOUNTAIN,QUALIFIED,dataset:novegeo:terrain:elevation,1,data/novegeo/geography/terrain/qualified/novegeo_terrain_v001.json,f03d14ce483280aff6662dc808c840a14a4cd035fedd4fe87786649f326f001c,SHARED_REFERENCE
NG-ELEV-OBS-000624,NG-SPT-000624,34.3,0.892533,2472,datum:novegeo:elevation:mean-sea-level,MOUNTAIN,QUALIFIED,dataset:novegeo:terrain:elevation,1,data/novegeo/geography/terrain/qualified/novegeo_terrain_v001.json,f03d14ce483280aff6662dc808c840a14a4cd035fedd4fe87786649f326f001c,SHARED_REFERENCE
NG-ELEV-OBS-000625,NG-SPT-000625,34.72,0.892533,2508,datum:novegeo:elevation:mean-sea-level,MOUNTAIN,QUALIFIED,dataset:novegeo:terrain:elevation,1,data/novegeo/geography/terrain/qualified/novegeo_terrain_v001.json,f03d14ce483280aff6662dc808c840a14a4cd035fedd4fe87786649f326f001c,SHARED_REFERENCE
NG-ELEV-OBS-000626,NG-SPT-000626,35.14,0.892533,2444,datum:novegeo:elevation:mean-sea-level,MOUNTAIN,QUALIFIED,dataset:novegeo:terrain:elevation,1,data/novegeo/geography/terrain/qualified/novegeo_terrain_v001.json,f03d14ce483280aff6662dc808c840a14a4cd035fedd4fe87786649f326f001c,SHARED_REFERENCE
NG-ELEV-OBS-000627,NG-SPT-000627,35.56,0.892533,2290,datum:novegeo:elevation:mean-sea-level,MOUNTAIN,QUALIFIED,dataset:novegeo:terrain:elevation,1,data/novegeo/geography/terrain/qualified/novegeo_terrain_v001.json,f03d14ce483280aff6662dc808c840a14a4cd035fedd4fe87786649f326f001c,SHARED_REFERENCE
NG-ELEV-OBS-000628,NG-SPT-000628,35.98,0.892533,2073,datum:novegeo:elevation:mean-sea-level,MOUNTAIN,QUALIFIED,dataset:novegeo:terrain:elevation,1,data/novegeo/geography/terrain/qualified/novegeo_terrain_v001.json,f03d14ce483280aff6662dc808c840a14a4cd035fedd4fe87786649f326f001c,SHARED_REFERENCE
NG-ELEV-OBS-000629,NG-SPT-000629,36.4,0.892533,1840,datum:novegeo:elevation:mean-sea-level,PLATEAU,QUALIFIED,dataset:novegeo:terrain:elevation,1,data/novegeo/geography/terrain/qualified/novegeo_terrain_v001.json,f03d14ce483280aff6662dc808c840a14a4cd035fedd4fe87786649f326f001c,SHARED_REFERENCE
NG-ELEV-OBS-000630,NG-SPT-000630,36.82,0.892533,1641,datum:novegeo:elevation:mean-sea-level,PLATEAU,QUALIFIED,dataset:novegeo:terrain:elevation,1,data/novegeo/geography/terrain/qualified/novegeo_terrain_v001.json,f03d14ce483280aff6662dc808c840a14a4cd035fedd4fe87786649f326f001c,SHARED_REFERENCE
NG-ELEV-OBS-000631,NG-SPT-000631,37.24,0.892533,1514,datum:novegeo:elevation:mean-sea-level,PLATEAU,QUALIFIED,dataset:novegeo:terrain:elevation,1,data/novegeo/geography/terrain/qualified/novegeo_terrain_v001.json,f03d14ce483280aff6662dc808c840a14a4cd035fedd4fe87786649f326f001c,SHARED_REFERENCE
NG-ELEV-OBS-000632,NG-SPT-000632,37.66,0.892533,1471,datum:novegeo:elevation:mean-sea-level,PLATEAU,QUALIFIED,dataset:novegeo:terrain:elevation,1,data/novegeo/geography/terrain/qualified/novegeo_terrain_v001.json,f03d14ce483280aff6662dc808c840a14a4cd035fedd4fe87786649f326f001c,SHARED_REFERENCE
NG-ELEV-OBS-000633,NG-SPT-000633,38.08,0.892533,1496,datum:novegeo:elevation:mean-sea-level,PLATEAU,QUALIFIED,dataset:novegeo:terrain:elevation,1,data/novegeo/geography/terrain/qualified/novegeo_terrain_v001.json,f03d14ce483280aff6662dc808c840a14a4cd035fedd4fe87786649f326f001c,SHARED_REFERENCE
NG-ELEV-OBS-000634,NG-SPT-000634,38.5,0.892533,1555,datum:novegeo:elevation:mean-sea-level,PLATEAU,QUALIFIED,dataset:novegeo:terrain:elevation,1,data/novegeo/geography/terrain/qualified/novegeo_terrain_v001.json,f03d14ce483280aff6662dc808c840a14a4cd035fedd4fe87786649f326f001c,SHARED_REFERENCE
NG-ELEV-OBS-000635,NG-SPT-000635,38.92,0.892533,1614,datum:novegeo:elevation:mean-sea-level,PLATEAU,QUALIFIED,dataset:novegeo:terrain:elevation,1,data/novegeo/geography/terrain/qualified/novegeo_terrain_v001.json,f03d14ce483280aff6662dc808c840a14a4cd035fedd4fe87786649f326f001c,SHARED_REFERENCE
NG-ELEV-OBS-000636,NG-SPT-000636,39.34,0.892533,1646,datum:novegeo:elevation:mean-sea-level,PLATEAU,QUALIFIED,dataset:novegeo:terrain:elevation,1,data/novegeo/geography/terrain/qualified/novegeo_terrain_v001.json,f03d14ce483280aff6662dc808c840a14a4cd035fedd4fe87786649f326f001c,SHARED_REFERENCE
NG-ELEV-OBS-000637,NG-SPT-000637,39.76,0.892533,1641,datum:novegeo:elevation:mean-sea-level,PLATEAU,QUALIFIED,dataset:novegeo:terrain:elevation,1,data/novegeo/geography/terrain/qualified/novegeo_terrain_v001.json,f03d14ce483280aff6662dc808c840a14a4cd035fedd4fe87786649f326f001c,SHARED_REFERENCE
NG-ELEV-OBS-000638,NG-SPT-000638,40.18,0.892533,1597,datum:novegeo:elevation:mean-sea-level,PLATEAU,QUALIFIED,dataset:novegeo:terrain:elevation,1,data/novegeo/geography/terrain/qualified/novegeo_terrain_v001.json,f03d14ce483280aff6662dc808c840a14a4cd035fedd4fe87786649f326f001c,SHARED_REFERENCE
NG-ELEV-OBS-000639,NG-SPT-000639,40.6,0.892533,1517,datum:novegeo:elevation:mean-sea-level,PLATEAU,QUALIFIED,dataset:novegeo:terrain:elevation,1,data/novegeo/geography/terrain/qualified/novegeo_terrain_v001.json,f03d14ce483280aff6662dc808c840a14a4cd035fedd4fe87786649f326f001c,SHARED_REFERENCE
NG-ELEV-OBS-000640,NG-SPT-000640,41.02,0.892533,1407,datum:novegeo:elevation:mean-sea-level,PLATEAU,QUALIFIED,dataset:novegeo:terrain:elevation,1,data/novegeo/geography/terrain/qualified/novegeo_terrain_v001.json,f03d14ce483280aff6662dc808c840a14a4cd035fedd4fe87786649f326f001c,SHARED_REFERENCE
NG-ELEV-OBS-000641,NG-SPT-000641,41.44,0.892533,1275,datum:novegeo:elevation:mean-sea-level,PLATEAU,QUALIFIED,dataset:novegeo:terrain:elevation,1,data/novegeo/geography/terrain/qualified/novegeo_terrain_v001.json,f03d14ce483280aff6662dc808c840a14a4cd035fedd4fe87786649f326f001c,SHARED_REFERENCE
NG-ELEV-OBS-000642,NG-SPT-000642,41.86,0.892533,1129,datum:novegeo:elevation:mean-sea-level,PLATEAU,QUALIFIED,dataset:novegeo:terrain:elevation,1,data/novegeo/geography/terrain/qualified/novegeo_terrain_v001.json,f03d14ce483280aff6662dc808c840a14a4cd035fedd4fe87786649f326f001c,SHARED_REFERENCE
NG-ELEV-OBS-000643,NG-SPT-000643,42.28,0.892533,980,datum:novegeo:elevation:mean-sea-level,PLAIN,QUALIFIED,dataset:novegeo:terrain:elevation,1,data/novegeo/geography/terrain/qualified/novegeo_terrain_v001.json,f03d14ce483280aff6662dc808c840a14a4cd035fedd4fe87786649f326f001c,SHARED_REFERENCE
NG-ELEV-OBS-000644,NG-SPT-000644,42.7,0.892533,836,datum:novegeo:elevation:mean-sea-level,PLAIN,QUALIFIED,dataset:novegeo:terrain:elevation,1,data/novegeo/geography/terrain/qualified/novegeo_terrain_v001.json,f03d14ce483280aff6662dc808c840a14a4cd035fedd4fe87786649f326f001c,SHARED_REFERENCE
NG-ELEV-OBS-000645,NG-SPT-000645,43.12,0.892533,688,datum:novegeo:elevation:mean-sea-level,PLAIN,QUALIFIED,dataset:novegeo:terrain:elevation,1,data/novegeo/geography/terrain/qualified/novegeo_terrain_v001.json,f03d14ce483280aff6662dc808c840a14a4cd035fedd4fe87786649f326f001c,SHARED_REFERENCE
NG-ELEV-OBS-000646,NG-SPT-000646,29.26,1.312533,225,datum:novegeo:elevation:mean-sea-level,PLAIN,QUALIFIED,dataset:novegeo:terrain:elevation,1,data/novegeo/geography/terrain/qualified/novegeo_terrain_v001.json,f03d14ce483280aff6662dc808c840a14a4cd035fedd4fe87786649f326f001c,SHARED_REFERENCE
NG-ELEV-OBS-000647,NG-SPT-000647,29.68,1.312533,297,datum:novegeo:elevation:mean-sea-level,PLAIN,QUALIFIED,dataset:novegeo:terrain:elevation,1,data/novegeo/geography/terrain/qualified/novegeo_terrain_v001.json,f03d14ce483280aff6662dc808c840a14a4cd035fedd4fe87786649f326f001c,SHARED_REFERENCE
NG-ELEV-OBS-000648,NG-SPT-000648,30.1,1.312533,397,datum:novegeo:elevation:mean-sea-level,PLAIN,QUALIFIED,dataset:novegeo:terrain:elevation,1,data/novegeo/geography/terrain/qualified/novegeo_terrain_v001.json,f03d14ce483280aff6662dc808c840a14a4cd035fedd4fe87786649f326f001c,SHARED_REFERENCE
NG-ELEV-OBS-000649,NG-SPT-000649,30.52,1.312533,534,datum:novegeo:elevation:mean-sea-level,PLAIN,QUALIFIED,dataset:novegeo:terrain:elevation,1,data/novegeo/geography/terrain/qualified/novegeo_terrain_v001.json,f03d14ce483280aff6662dc808c840a14a4cd035fedd4fe87786649f326f001c,SHARED_REFERENCE
NG-ELEV-OBS-000650,NG-SPT-000650,30.94,1.312533,712,datum:novegeo:elevation:mean-sea-level,PLAIN,QUALIFIED,dataset:novegeo:terrain:elevation,1,data/novegeo/geography/terrain/qualified/novegeo_terrain_v001.json,f03d14ce483280aff6662dc808c840a14a4cd035fedd4fe87786649f326f001c,SHARED_REFERENCE
NG-ELEV-OBS-000651,NG-SPT-000651,31.36,1.312533,920,datum:novegeo:elevation:mean-sea-level,PLAIN,QUALIFIED,dataset:novegeo:terrain:elevation,1,data/novegeo/geography/terrain/qualified/novegeo_terrain_v001.json,f03d14ce483280aff6662dc808c840a14a4cd035fedd4fe87786649f326f001c,SHARED_REFERENCE
NG-ELEV-OBS-000652,NG-SPT-000652,31.78,1.312533,1161,datum:novegeo:elevation:mean-sea-level,PLATEAU,QUALIFIED,dataset:novegeo:terrain:elevation,1,data/novegeo/geography/terrain/qualified/novegeo_terrain_v001.json,f03d14ce483280aff6662dc808c840a14a4cd035fedd4fe87786649f326f001c,SHARED_REFERENCE
NG-ELEV-OBS-000653,NG-SPT-000653,32.2,1.312533,1436,datum:novegeo:elevation:mean-sea-level,PLATEAU,QUALIFIED,dataset:novegeo:terrain:elevation,1,data/novegeo/geography/terrain/qualified/novegeo_terrain_v001.json,f03d14ce483280aff6662dc808c840a14a4cd035fedd4fe87786649f326f001c,SHARED_REFERENCE
NG-ELEV-OBS-000654,NG-SPT-000654,32.62,1.312533,1729,datum:novegeo:elevation:mean-sea-level,PLATEAU,QUALIFIED,dataset:novegeo:terrain:elevation,1,data/novegeo/geography/terrain/qualified/novegeo_terrain_v001.json,f03d14ce483280aff6662dc808c840a14a4cd035fedd4fe87786649f326f001c,SHARED_REFERENCE
NG-ELEV-OBS-000655,NG-SPT-000655,33.04,1.312533,2019,datum:novegeo:elevation:mean-sea-level,MOUNTAIN,QUALIFIED,dataset:novegeo:terrain:elevation,1,data/novegeo/geography/terrain/qualified/novegeo_terrain_v001.json,f03d14ce483280aff6662dc808c840a14a4cd035fedd4fe87786649f326f001c,SHARED_REFERENCE
NG-ELEV-OBS-000656,NG-SPT-000656,33.46,1.312533,2282,datum:novegeo:elevation:mean-sea-level,MOUNTAIN,QUALIFIED,dataset:novegeo:terrain:elevation,1,data/novegeo/geography/terrain/qualified/novegeo_terrain_v001.json,f03d14ce483280aff6662dc808c840a14a4cd035fedd4fe87786649f326f001c,SHARED_REFERENCE
NG-ELEV-OBS-000657,NG-SPT-000657,33.88,1.312533,2491,datum:novegeo:elevation:mean-sea-level,MOUNTAIN,QUALIFIED,dataset:novegeo:terrain:elevation,1,data/novegeo/geography/terrain/qualified/novegeo_terrain_v001.json,f03d14ce483280aff6662dc808c840a14a4cd035fedd4fe87786649f326f001c,SHARED_REFERENCE
NG-ELEV-OBS-000658,NG-SPT-000658,34.3,1.312533,2620,datum:novegeo:elevation:mean-sea-level,MOUNTAIN,QUALIFIED,dataset:novegeo:terrain:elevation,1,data/novegeo/geography/terrain/qualified/novegeo_terrain_v001.json,f03d14ce483280aff6662dc808c840a14a4cd035fedd4fe87786649f326f001c,SHARED_REFERENCE
NG-ELEV-OBS-000659,NG-SPT-000659,34.72,1.312533,2653,datum:novegeo:elevation:mean-sea-level,MOUNTAIN,QUALIFIED,dataset:novegeo:terrain:elevation,1,data/novegeo/geography/terrain/qualified/novegeo_terrain_v001.json,f03d14ce483280aff6662dc808c840a14a4cd035fedd4fe87786649f326f001c,SHARED_REFERENCE
NG-ELEV-OBS-000660,NG-SPT-000660,35.14,1.312533,2580,datum:novegeo:elevation:mean-sea-level,MOUNTAIN,QUALIFIED,dataset:novegeo:terrain:elevation,1,data/novegeo/geography/terrain/qualified/novegeo_terrain_v001.json,f03d14ce483280aff6662dc808c840a14a4cd035fedd4fe87786649f326f001c,SHARED_REFERENCE
NG-ELEV-OBS-000661,NG-SPT-000661,35.56,1.312533,2412,datum:novegeo:elevation:mean-sea-level,MOUNTAIN,QUALIFIED,dataset:novegeo:terrain:elevation,1,data/novegeo/geography/terrain/qualified/novegeo_terrain_v001.json,f03d14ce483280aff6662dc808c840a14a4cd035fedd4fe87786649f326f001c,SHARED_REFERENCE
NG-ELEV-OBS-000662,NG-SPT-000662,35.98,1.312533,2178,datum:novegeo:elevation:mean-sea-level,MOUNTAIN,QUALIFIED,dataset:novegeo:terrain:elevation,1,data/novegeo/geography/terrain/qualified/novegeo_terrain_v001.json,f03d14ce483280aff6662dc808c840a14a4cd035fedd4fe87786649f326f001c,SHARED_REFERENCE
NG-ELEV-OBS-000663,NG-SPT-000663,36.4,1.312533,1926,datum:novegeo:elevation:mean-sea-level,MOUNTAIN,QUALIFIED,dataset:novegeo:terrain:elevation,1,data/novegeo/geography/terrain/qualified/novegeo_terrain_v001.json,f03d14ce483280aff6662dc808c840a14a4cd035fedd4fe87786649f326f001c,SHARED_REFERENCE
NG-ELEV-OBS-000664,NG-SPT-000664,36.82,1.312533,1705,datum:novegeo:elevation:mean-sea-level,PLATEAU,QUALIFIED,dataset:novegeo:terrain:elevation,1,data/novegeo/geography/terrain/qualified/novegeo_terrain_v001.json,f03d14ce483280aff6662dc808c840a14a4cd035fedd4fe87786649f326f001c,SHARED_REFERENCE
NG-ELEV-OBS-000665,NG-SPT-000665,37.24,1.312533,1556,datum:novegeo:elevation:mean-sea-level,PLATEAU,QUALIFIED,dataset:novegeo:terrain:elevation,1,data/novegeo/geography/terrain/qualified/novegeo_terrain_v001.json,f03d14ce483280aff6662dc808c840a14a4cd035fedd4fe87786649f326f001c,SHARED_REFERENCE
NG-ELEV-OBS-000666,NG-SPT-000666,37.66,1.312533,1492,datum:novegeo:elevation:mean-sea-level,PLATEAU,QUALIFIED,dataset:novegeo:terrain:elevation,1,data/novegeo/geography/terrain/qualified/novegeo_terrain_v001.json,f03d14ce483280aff6662dc808c840a14a4cd035fedd4fe87786649f326f001c,SHARED_REFERENCE
NG-ELEV-OBS-000667,NG-SPT-000667,38.08,1.312533,1500,datum:novegeo:elevation:mean-sea-level,PLATEAU,QUALIFIED,dataset:novegeo:terrain:elevation,1,data/novegeo/geography/terrain/qualified/novegeo_terrain_v001.json,f03d14ce483280aff6662dc808c840a14a4cd035fedd4fe87786649f326f001c,SHARED_REFERENCE
NG-ELEV-OBS-000668,NG-SPT-000668,38.5,1.312533,1550,datum:novegeo:elevation:mean-sea-level,PLATEAU,QUALIFIED,dataset:novegeo:terrain:elevation,1,data/novegeo/geography/terrain/qualified/novegeo_terrain_v001.json,f03d14ce483280aff6662dc808c840a14a4cd035fedd4fe87786649f326f001c,SHARED_REFERENCE
NG-ELEV-OBS-000669,NG-SPT-000669,38.92,1.312533,1608,datum:novegeo:elevation:mean-sea-level,PLATEAU,QUALIFIED,dataset:novegeo:terrain:elevation,1,data/novegeo/geography/terrain/qualified/novegeo_terrain_v001.json,f03d14ce483280aff6662dc808c840a14a4cd035fedd4fe87786649f326f001c,SHARED_REFERENCE
NG-ELEV-OBS-000670,NG-SPT-000670,39.34,1.312533,1648,datum:novegeo:elevation:mean-sea-level,PLATEAU,QUALIFIED,dataset:novegeo:terrain:elevation,1,data/novegeo/geography/terrain/qualified/novegeo_terrain_v001.json,f03d14ce483280aff6662dc808c840a14a4cd035fedd4fe87786649f326f001c,SHARED_REFERENCE
NG-ELEV-OBS-000671,NG-SPT-000671,39.76,1.312533,1656,datum:novegeo:elevation:mean-sea-level,PLATEAU,QUALIFIED,dataset:novegeo:terrain:elevation,1,data/novegeo/geography/terrain/qualified/novegeo_terrain_v001.json,f03d14ce483280aff6662dc808c840a14a4cd035fedd4fe87786649f326f001c,SHARED_REFERENCE
NG-ELEV-OBS-000672,NG-SPT-000672,40.18,1.312533,1627,datum:novegeo:elevation:mean-sea-level,PLATEAU,QUALIFIED,dataset:novegeo:terrain:elevation,1,data/novegeo/geography/terrain/qualified/novegeo_terrain_v001.json,f03d14ce483280aff6662dc808c840a14a4cd035fedd4fe87786649f326f001c,SHARED_REFERENCE
NG-ELEV-OBS-000673,NG-SPT-000673,40.6,1.312533,1561,datum:novegeo:elevation:mean-sea-level,PLATEAU,QUALIFIED,dataset:novegeo:terrain:elevation,1,data/novegeo/geography/terrain/qualified/novegeo_terrain_v001.json,f03d14ce483280aff6662dc808c840a14a4cd035fedd4fe87786649f326f001c,SHARED_REFERENCE
NG-ELEV-OBS-000674,NG-SPT-000674,41.02,1.312533,1460,datum:novegeo:elevation:mean-sea-level,PLATEAU,QUALIFIED,dataset:novegeo:terrain:elevation,1,data/novegeo/geography/terrain/qualified/novegeo_terrain_v001.json,f03d14ce483280aff6662dc808c840a14a4cd035fedd4fe87786649f326f001c,SHARED_REFERENCE
NG-ELEV-OBS-000675,NG-SPT-000675,41.44,1.312533,1330,datum:novegeo:elevation:mean-sea-level,PLATEAU,QUALIFIED,dataset:novegeo:terrain:elevation,1,data/novegeo/geography/terrain/qualified/novegeo_terrain_v001.json,f03d14ce483280aff6662dc808c840a14a4cd035fedd4fe87786649f326f001c,SHARED_REFERENCE
NG-ELEV-OBS-000676,NG-SPT-000676,41.86,1.312533,1180,datum:novegeo:elevation:mean-sea-level,PLATEAU,QUALIFIED,dataset:novegeo:terrain:elevation,1,data/novegeo/geography/terrain/qualified/novegeo_terrain_v001.json,f03d14ce483280aff6662dc808c840a14a4cd035fedd4fe87786649f326f001c,SHARED_REFERENCE
NG-ELEV-OBS-000677,NG-SPT-000677,42.28,1.312533,1021,datum:novegeo:elevation:mean-sea-level,PLAIN,QUALIFIED,dataset:novegeo:terrain:elevation,1,data/novegeo/geography/terrain/qualified/novegeo_terrain_v001.json,f03d14ce483280aff6662dc808c840a14a4cd035fedd4fe87786649f326f001c,SHARED_REFERENCE
NG-ELEV-OBS-000678,NG-SPT-000678,42.7,1.312533,867,datum:novegeo:elevation:mean-sea-level,PLAIN,QUALIFIED,dataset:novegeo:terrain:elevation,1,data/novegeo/geography/terrain/qualified/novegeo_terrain_v001.json,f03d14ce483280aff6662dc808c840a14a4cd035fedd4fe87786649f326f001c,SHARED_REFERENCE
NG-ELEV-OBS-000679,NG-SPT-000679,43.12,1.312533,708,datum:novegeo:elevation:mean-sea-level,PLAIN,QUALIFIED,dataset:novegeo:terrain:elevation,1,data/novegeo/geography/terrain/qualified/novegeo_terrain_v001.json,f03d14ce483280aff6662dc808c840a14a4cd035fedd4fe87786649f326f001c,SHARED_REFERENCE
NG-ELEV-OBS-000680,NG-SPT-000680,29.26,1.732533,222,datum:novegeo:elevation:mean-sea-level,PLAIN,QUALIFIED,dataset:novegeo:terrain:elevation,1,data/novegeo/geography/terrain/qualified/novegeo_terrain_v001.json,f03d14ce483280aff6662dc808c840a14a4cd035fedd4fe87786649f326f001c,SHARED_REFERENCE
NG-ELEV-OBS-000681,NG-SPT-000681,29.68,1.732533,293,datum:novegeo:elevation:mean-sea-level,PLAIN,QUALIFIED,dataset:novegeo:terrain:elevation,1,data/novegeo/geography/terrain/qualified/novegeo_terrain_v001.json,f03d14ce483280aff6662dc808c840a14a4cd035fedd4fe87786649f326f001c,SHARED_REFERENCE
NG-ELEV-OBS-000682,NG-SPT-000682,30.1,1.732533,395,datum:novegeo:elevation:mean-sea-level,PLAIN,QUALIFIED,dataset:novegeo:terrain:elevation,1,data/novegeo/geography/terrain/qualified/novegeo_terrain_v001.json,f03d14ce483280aff6662dc808c840a14a4cd035fedd4fe87786649f326f001c,SHARED_REFERENCE
NG-ELEV-OBS-000683,NG-SPT-000683,30.52,1.732533,536,datum:novegeo:elevation:mean-sea-level,PLAIN,QUALIFIED,dataset:novegeo:terrain:elevation,1,data/novegeo/geography/terrain/qualified/novegeo_terrain_v001.json,f03d14ce483280aff6662dc808c840a14a4cd035fedd4fe87786649f326f001c,SHARED_REFERENCE
NG-ELEV-OBS-000684,NG-SPT-000684,30.94,1.732533,721,datum:novegeo:elevation:mean-sea-level,PLAIN,QUALIFIED,dataset:novegeo:terrain:elevation,1,data/novegeo/geography/terrain/qualified/novegeo_terrain_v001.json,f03d14ce483280aff6662dc808c840a14a4cd035fedd4fe87786649f326f001c,SHARED_REFERENCE
NG-ELEV-OBS-000685,NG-SPT-000685,31.36,1.732533,940,datum:novegeo:elevation:mean-sea-level,PLAIN,QUALIFIED,dataset:novegeo:terrain:elevation,1,data/novegeo/geography/terrain/qualified/novegeo_terrain_v001.json,f03d14ce483280aff6662dc808c840a14a4cd035fedd4fe87786649f326f001c,SHARED_REFERENCE
NG-ELEV-OBS-000686,NG-SPT-000686,31.78,1.732533,1195,datum:novegeo:elevation:mean-sea-level,PLATEAU,QUALIFIED,dataset:novegeo:terrain:elevation,1,data/novegeo/geography/terrain/qualified/novegeo_terrain_v001.json,f03d14ce483280aff6662dc808c840a14a4cd035fedd4fe87786649f326f001c,SHARED_REFERENCE
NG-ELEV-OBS-000687,NG-SPT-000687,32.2,1.732533,1484,datum:novegeo:elevation:mean-sea-level,PLATEAU,QUALIFIED,dataset:novegeo:terrain:elevation,1,data/novegeo/geography/terrain/qualified/novegeo_terrain_v001.json,f03d14ce483280aff6662dc808c840a14a4cd035fedd4fe87786649f326f001c,SHARED_REFERENCE
NG-ELEV-OBS-000688,NG-SPT-000688,32.62,1.732533,1792,datum:novegeo:elevation:mean-sea-level,PLATEAU,QUALIFIED,dataset:novegeo:terrain:elevation,1,data/novegeo/geography/terrain/qualified/novegeo_terrain_v001.json,f03d14ce483280aff6662dc808c840a14a4cd035fedd4fe87786649f326f001c,SHARED_REFERENCE
NG-ELEV-OBS-000689,NG-SPT-000689,33.04,1.732533,2096,datum:novegeo:elevation:mean-sea-level,MOUNTAIN,QUALIFIED,dataset:novegeo:terrain:elevation,1,data/novegeo/geography/terrain/qualified/novegeo_terrain_v001.json,f03d14ce483280aff6662dc808c840a14a4cd035fedd4fe87786649f326f001c,SHARED_REFERENCE
NG-ELEV-OBS-000690,NG-SPT-000690,33.46,1.732533,2370,datum:novegeo:elevation:mean-sea-level,MOUNTAIN,QUALIFIED,dataset:novegeo:terrain:elevation,1,data/novegeo/geography/terrain/qualified/novegeo_terrain_v001.json,f03d14ce483280aff6662dc808c840a14a4cd035fedd4fe87786649f326f001c,SHARED_REFERENCE
NG-ELEV-OBS-000691,NG-SPT-000691,33.88,1.732533,2585,datum:novegeo:elevation:mean-sea-level,MOUNTAIN,QUALIFIED,dataset:novegeo:terrain:elevation,1,data/novegeo/geography/terrain/qualified/novegeo_terrain_v001.json,f03d14ce483280aff6662dc808c840a14a4cd035fedd4fe87786649f326f001c,SHARED_REFERENCE
NG-ELEV-OBS-000692,NG-SPT-000692,34.3,1.732533,2716,datum:novegeo:elevation:mean-sea-level,MOUNTAIN,QUALIFIED,dataset:novegeo:terrain:elevation,1,data/novegeo/geography/terrain/qualified/novegeo_terrain_v001.json,f03d14ce483280aff6662dc808c840a14a4cd035fedd4fe87786649f326f001c,SHARED_REFERENCE
NG-ELEV-OBS-000693,NG-SPT-000693,34.72,1.732533,2745,datum:novegeo:elevation:mean-sea-level,MOUNTAIN,QUALIFIED,dataset:novegeo:terrain:elevation,1,data/novegeo/geography/terrain/qualified/novegeo_terrain_v001.json,f03d14ce483280aff6662dc808c840a14a4cd035fedd4fe87786649f326f001c,SHARED_REFERENCE
NG-ELEV-OBS-000694,NG-SPT-000694,35.14,1.732533,2665,datum:novegeo:elevation:mean-sea-level,MOUNTAIN,QUALIFIED,dataset:novegeo:terrain:elevation,1,data/novegeo/geography/terrain/qualified/novegeo_terrain_v001.json,f03d14ce483280aff6662dc808c840a14a4cd035fedd4fe87786649f326f001c,SHARED_REFERENCE
NG-ELEV-OBS-000695,NG-SPT-000695,35.56,1.732533,2487,datum:novegeo:elevation:mean-sea-level,MOUNTAIN,QUALIFIED,dataset:novegeo:terrain:elevation,1,data/novegeo/geography/terrain/qualified/novegeo_terrain_v001.json,f03d14ce483280aff6662dc808c840a14a4cd035fedd4fe87786649f326f001c,SHARED_REFERENCE
NG-ELEV-OBS-000696,NG-SPT-000696,35.98,1.732533,2241,datum:novegeo:elevation:mean-sea-level,MOUNTAIN,QUALIFIED,dataset:novegeo:terrain:elevation,1,data/novegeo/geography/terrain/qualified/novegeo_terrain_v001.json,f03d14ce483280aff6662dc808c840a14a4cd035fedd4fe87786649f326f001c,SHARED_REFERENCE
NG-ELEV-OBS-000697,NG-SPT-000697,36.4,1.732533,1973,datum:novegeo:elevation:mean-sea-level,MOUNTAIN,QUALIFIED,dataset:novegeo:terrain:elevation,1,data/novegeo/geography/terrain/qualified/novegeo_terrain_v001.json,f03d14ce483280aff6662dc808c840a14a4cd035fedd4fe87786649f326f001c,SHARED_REFERENCE
NG-ELEV-OBS-000698,NG-SPT-000698,36.82,1.732533,1735,datum:novegeo:elevation:mean-sea-level,PLATEAU,QUALIFIED,dataset:novegeo:terrain:elevation,1,data/novegeo/geography/terrain/qualified/novegeo_terrain_v001.json,f03d14ce483280aff6662dc808c840a14a4cd035fedd4fe87786649f326f001c,SHARED_REFERENCE
NG-ELEV-OBS-000699,NG-SPT-000699,37.24,1.732533,1567,datum:novegeo:elevation:mean-sea-level,PLATEAU,QUALIFIED,dataset:novegeo:terrain:elevation,1,data/novegeo/geography/terrain/qualified/novegeo_terrain_v001.json,f03d14ce483280aff6662dc808c840a14a4cd035fedd4fe87786649f326f001c,SHARED_REFERENCE
NG-ELEV-OBS-000700,NG-SPT-000700,37.66,1.732533,1485,datum:novegeo:elevation:mean-sea-level,PLATEAU,QUALIFIED,dataset:novegeo:terrain:elevation,1,data/novegeo/geography/terrain/qualified/novegeo_terrain_v001.json,f03d14ce483280aff6662dc808c840a14a4cd035fedd4fe87786649f326f001c,SHARED_REFERENCE
NG-ELEV-OBS-000701,NG-SPT-000701,38.08,1.732533,1478,datum:novegeo:elevation:mean-sea-level,PLATEAU,QUALIFIED,dataset:novegeo:terrain:elevation,1,data/novegeo/geography/terrain/qualified/novegeo_terrain_v001.json,f03d14ce483280aff6662dc808c840a14a4cd035fedd4fe87786649f326f001c,SHARED_REFERENCE
NG-ELEV-OBS-000702,NG-SPT-000702,38.5,1.732533,1519,datum:novegeo:elevation:mean-sea-level,PLATEAU,QUALIFIED,dataset:novegeo:terrain:elevation,1,data/novegeo/geography/terrain/qualified/novegeo_terrain_v001.json,f03d14ce483280aff6662dc808c840a14a4cd035fedd4fe87786649f326f001c,SHARED_REFERENCE
NG-ELEV-OBS-000703,NG-SPT-000703,38.92,1.732533,1578,datum:novegeo:elevation:mean-sea-level,PLATEAU,QUALIFIED,dataset:novegeo:terrain:elevation,1,data/novegeo/geography/terrain/qualified/novegeo_terrain_v001.json,f03d14ce483280aff6662dc808c840a14a4cd035fedd4fe87786649f326f001c,SHARED_REFERENCE
NG-ELEV-OBS-000704,NG-SPT-000704,39.34,1.732533,1628,datum:novegeo:elevation:mean-sea-level,PLATEAU,QUALIFIED,dataset:novegeo:terrain:elevation,1,data/novegeo/geography/terrain/qualified/novegeo_terrain_v001.json,f03d14ce483280aff6662dc808c840a14a4cd035fedd4fe87786649f326f001c,SHARED_REFERENCE
NG-ELEV-OBS-000705,NG-SPT-000705,39.76,1.732533,1653,datum:novegeo:elevation:mean-sea-level,PLATEAU,QUALIFIED,dataset:novegeo:terrain:elevation,1,data/novegeo/geography/terrain/qualified/novegeo_terrain_v001.json,f03d14ce483280aff6662dc808c840a14a4cd035fedd4fe87786649f326f001c,SHARED_REFERENCE
NG-ELEV-OBS-000706,NG-SPT-000706,40.18,1.732533,1643,datum:novegeo:elevation:mean-sea-level,PLATEAU,QUALIFIED,dataset:novegeo:terrain:elevation,1,data/novegeo/geography/terrain/qualified/novegeo_terrain_v001.json,f03d14ce483280aff6662dc808c840a14a4cd035fedd4fe87786649f326f001c,SHARED_REFERENCE
NG-ELEV-OBS-000707,NG-SPT-000707,40.6,1.732533,1594,datum:novegeo:elevation:mean-sea-level,PLATEAU,QUALIFIED,dataset:novegeo:terrain:elevation,1,data/novegeo/geography/terrain/qualified/novegeo_terrain_v001.json,f03d14ce483280aff6662dc808c840a14a4cd035fedd4fe87786649f326f001c,SHARED_REFERENCE
NG-ELEV-OBS-000708,NG-SPT-000708,41.02,1.732533,1505,datum:novegeo:elevation:mean-sea-level,PLATEAU,QUALIFIED,dataset:novegeo:terrain:elevation,1,data/novegeo/geography/terrain/qualified/novegeo_terrain_v001.json,f03d14ce483280aff6662dc808c840a14a4cd035fedd4fe87786649f326f001c,SHARED_REFERENCE
NG-ELEV-OBS-000709,NG-SPT-000709,41.44,1.732533,1379,datum:novegeo:elevation:mean-sea-level,PLATEAU,QUALIFIED,dataset:novegeo:terrain:elevation,1,data/novegeo/geography/terrain/qualified/novegeo_terrain_v001.json,f03d14ce483280aff6662dc808c840a14a4cd035fedd4fe87786649f326f001c,SHARED_REFERENCE
NG-ELEV-OBS-000710,NG-SPT-000710,41.86,1.732533,1225,datum:novegeo:elevation:mean-sea-level,PLATEAU,QUALIFIED,dataset:novegeo:terrain:elevation,1,data/novegeo/geography/terrain/qualified/novegeo_terrain_v001.json,f03d14ce483280aff6662dc808c840a14a4cd035fedd4fe87786649f326f001c,SHARED_REFERENCE
NG-ELEV-OBS-000711,NG-SPT-000711,42.28,1.732533,1058,datum:novegeo:elevation:mean-sea-level,PLATEAU,QUALIFIED,dataset:novegeo:terrain:elevation,1,data/novegeo/geography/terrain/qualified/novegeo_terrain_v001.json,f03d14ce483280aff6662dc808c840a14a4cd035fedd4fe87786649f326f001c,SHARED_REFERENCE
NG-ELEV-OBS-000712,NG-SPT-000712,42.7,1.732533,894,datum:novegeo:elevation:mean-sea-level,PLAIN,QUALIFIED,dataset:novegeo:terrain:elevation,1,data/novegeo/geography/terrain/qualified/novegeo_terrain_v001.json,f03d14ce483280aff6662dc808c840a14a4cd035fedd4fe87786649f326f001c,SHARED_REFERENCE
NG-ELEV-OBS-000713,NG-SPT-000713,43.12,1.732533,725,datum:novegeo:elevation:mean-sea-level,PLAIN,QUALIFIED,dataset:novegeo:terrain:elevation,1,data/novegeo/geography/terrain/qualified/novegeo_terrain_v001.json,f03d14ce483280aff6662dc808c840a14a4cd035fedd4fe87786649f326f001c,SHARED_REFERENCE
NG-ELEV-OBS-000714,NG-SPT-000714,43.54,1.732533,579,datum:novegeo:elevation:mean-sea-level,PLAIN,QUALIFIED,dataset:novegeo:terrain:elevation,1,data/novegeo/geography/terrain/qualified/novegeo_terrain_v001.json,f03d14ce483280aff6662dc808c840a14a4cd035fedd4fe87786649f326f001c,SHARED_REFERENCE
NG-ELEV-OBS-000715,NG-SPT-000715,29.68,2.152533,286,datum:novegeo:elevation:mean-sea-level,PLAIN,QUALIFIED,dataset:novegeo:terrain:elevation,1,data/novegeo/geography/terrain/qualified/novegeo_terrain_v001.json,f03d14ce483280aff6662dc808c840a14a4cd035fedd4fe87786649f326f001c,SHARED_REFERENCE
NG-ELEV-OBS-000716,NG-SPT-000716,30.1,2.152533,388,datum:novegeo:elevation:mean-sea-level,PLAIN,QUALIFIED,dataset:novegeo:terrain:elevation,1,data/novegeo/geography/terrain/qualified/novegeo_terrain_v001.json,f03d14ce483280aff6662dc808c840a14a4cd035fedd4fe87786649f326f001c,SHARED_REFERENCE
NG-ELEV-OBS-000717,NG-SPT-000717,30.52,2.152533,530,datum:novegeo:elevation:mean-sea-level,PLAIN,QUALIFIED,dataset:novegeo:terrain:elevation,1,data/novegeo/geography/terrain/qualified/novegeo_terrain_v001.json,f03d14ce483280aff6662dc808c840a14a4cd035fedd4fe87786649f326f001c,SHARED_REFERENCE
NG-ELEV-OBS-000718,NG-SPT-000718,30.94,2.152533,719,datum:novegeo:elevation:mean-sea-level,PLAIN,QUALIFIED,dataset:novegeo:terrain:elevation,1,data/novegeo/geography/terrain/qualified/novegeo_terrain_v001.json,f03d14ce483280aff6662dc808c840a14a4cd035fedd4fe87786649f326f001c,SHARED_REFERENCE
NG-ELEV-OBS-000719,NG-SPT-000719,31.36,2.152533,943,datum:novegeo:elevation:mean-sea-level,PLAIN,QUALIFIED,dataset:novegeo:terrain:elevation,1,data/novegeo/geography/terrain/qualified/novegeo_terrain_v001.json,f03d14ce483280aff6662dc808c840a14a4cd035fedd4fe87786649f326f001c,SHARED_REFERENCE
NG-ELEV-OBS-000720,NG-SPT-000720,31.78,2.152533,1205,datum:novegeo:elevation:mean-sea-level,PLATEAU,QUALIFIED,dataset:novegeo:terrain:elevation,1,data/novegeo/geography/terrain/qualified/novegeo_terrain_v001.json,f03d14ce483280aff6662dc808c840a14a4cd035fedd4fe87786649f326f001c,SHARED_REFERENCE
NG-ELEV-OBS-000721,NG-SPT-000721,32.2,2.152533,1502,datum:novegeo:elevation:mean-sea-level,PLATEAU,QUALIFIED,dataset:novegeo:terrain:elevation,1,data/novegeo/geography/terrain/qualified/novegeo_terrain_v001.json,f03d14ce483280aff6662dc808c840a14a4cd035fedd4fe87786649f326f001c,SHARED_REFERENCE
NG-ELEV-OBS-000722,NG-SPT-000722,32.62,2.152533,1818,datum:novegeo:elevation:mean-sea-level,PLATEAU,QUALIFIED,dataset:novegeo:terrain:elevation,1,data/novegeo/geography/terrain/qualified/novegeo_terrain_v001.json,f03d14ce483280aff6662dc808c840a14a4cd035fedd4fe87786649f326f001c,SHARED_REFERENCE
NG-ELEV-OBS-000723,NG-SPT-000723,33.04,2.152533,2129,datum:novegeo:elevation:mean-sea-level,MOUNTAIN,QUALIFIED,dataset:novegeo:terrain:elevation,1,data/novegeo/geography/terrain/qualified/novegeo_terrain_v001.json,f03d14ce483280aff6662dc808c840a14a4cd035fedd4fe87786649f326f001c,SHARED_REFERENCE
NG-ELEV-OBS-000724,NG-SPT-000724,33.46,2.152533,2407,datum:novegeo:elevation:mean-sea-level,MOUNTAIN,QUALIFIED,dataset:novegeo:terrain:elevation,1,data/novegeo/geography/terrain/qualified/novegeo_terrain_v001.json,f03d14ce483280aff6662dc808c840a14a4cd035fedd4fe87786649f326f001c,SHARED_REFERENCE
NG-ELEV-OBS-000725,NG-SPT-000725,33.88,2.152533,2623,datum:novegeo:elevation:mean-sea-level,MOUNTAIN,QUALIFIED,dataset:novegeo:terrain:elevation,1,data/novegeo/geography/terrain/qualified/novegeo_terrain_v001.json,f03d14ce483280aff6662dc808c840a14a4cd035fedd4fe87786649f326f001c,SHARED_REFERENCE
NG-ELEV-OBS-000726,NG-SPT-000726,34.3,2.152533,2753,datum:novegeo:elevation:mean-sea-level,MOUNTAIN,QUALIFIED,dataset:novegeo:terrain:elevation,1,data/novegeo/geography/terrain/qualified/novegeo_terrain_v001.json,f03d14ce483280aff6662dc808c840a14a4cd035fedd4fe87786649f326f001c,SHARED_REFERENCE
NG-ELEV-OBS-000727,NG-SPT-000727,34.72,2.152533,2778,datum:novegeo:elevation:mean-sea-level,MOUNTAIN,QUALIFIED,dataset:novegeo:terrain:elevation,1,data/novegeo/geography/terrain/qualified/novegeo_terrain_v001.json,f03d14ce483280aff6662dc808c840a14a4cd035fedd4fe87786649f326f001c,SHARED_REFERENCE
NG-ELEV-OBS-000728,NG-SPT-000728,35.14,2.152533,2693,datum:novegeo:elevation:mean-sea-level,MOUNTAIN,QUALIFIED,dataset:novegeo:terrain:elevation,1,data/novegeo/geography/terrain/qualified/novegeo_terrain_v001.json,f03d14ce483280aff6662dc808c840a14a4cd035fedd4fe87786649f326f001c,SHARED_REFERENCE
NG-ELEV-OBS-000729,NG-SPT-000729,35.56,2.152533,2508,datum:novegeo:elevation:mean-sea-level,MOUNTAIN,QUALIFIED,dataset:novegeo:terrain:elevation,1,data/novegeo/geography/terrain/qualified/novegeo_terrain_v001.json,f03d14ce483280aff6662dc808c840a14a4cd035fedd4fe87786649f326f001c,SHARED_REFERENCE
NG-ELEV-OBS-000730,NG-SPT-000730,35.98,2.152533,2254,datum:novegeo:elevation:mean-sea-level,MOUNTAIN,QUALIFIED,dataset:novegeo:terrain:elevation,1,data/novegeo/geography/terrain/qualified/novegeo_terrain_v001.json,f03d14ce483280aff6662dc808c840a14a4cd035fedd4fe87786649f326f001c,SHARED_REFERENCE
NG-ELEV-OBS-000731,NG-SPT-000731,36.4,2.152533,1977,datum:novegeo:elevation:mean-sea-level,MOUNTAIN,QUALIFIED,dataset:novegeo:terrain:elevation,1,data/novegeo/geography/terrain/qualified/novegeo_terrain_v001.json,f03d14ce483280aff6662dc808c840a14a4cd035fedd4fe87786649f326f001c,SHARED_REFERENCE
NG-ELEV-OBS-000732,NG-SPT-000732,36.82,2.152533,1727,datum:novegeo:elevation:mean-sea-level,PLATEAU,QUALIFIED,dataset:novegeo:terrain:elevation,1,data/novegeo/geography/terrain/qualified/novegeo_terrain_v001.json,f03d14ce483280aff6662dc808c840a14a4cd035fedd4fe87786649f326f001c,SHARED_REFERENCE
NG-ELEV-OBS-000733,NG-SPT-000733,37.24,2.152533,1544,datum:novegeo:elevation:mean-sea-level,PLATEAU,QUALIFIED,dataset:novegeo:terrain:elevation,1,data/novegeo/geography/terrain/qualified/novegeo_terrain_v001.json,f03d14ce483280aff6662dc808c840a14a4cd035fedd4fe87786649f326f001c,SHARED_REFERENCE
NG-ELEV-OBS-000734,NG-SPT-000734,37.66,2.152533,1446,datum:novegeo:elevation:mean-sea-level,PLATEAU,QUALIFIED,dataset:novegeo:terrain:elevation,1,data/novegeo/geography/terrain/qualified/novegeo_terrain_v001.json,f03d14ce483280aff6662dc808c840a14a4cd035fedd4fe87786649f326f001c,SHARED_REFERENCE
NG-ELEV-OBS-000735,NG-SPT-000735,38.08,2.152533,1427,datum:novegeo:elevation:mean-sea-level,PLATEAU,QUALIFIED,dataset:novegeo:terrain:elevation,1,data/novegeo/geography/terrain/qualified/novegeo_terrain_v001.json,f03d14ce483280aff6662dc808c840a14a4cd035fedd4fe87786649f326f001c,SHARED_REFERENCE
NG-ELEV-OBS-000736,NG-SPT-000736,38.5,2.152533,1462,datum:novegeo:elevation:mean-sea-level,PLATEAU,QUALIFIED,dataset:novegeo:terrain:elevation,1,data/novegeo/geography/terrain/qualified/novegeo_terrain_v001.json,f03d14ce483280aff6662dc808c840a14a4cd035fedd4fe87786649f326f001c,SHARED_REFERENCE
NG-ELEV-OBS-000737,NG-SPT-000737,38.92,2.152533,1522,datum:novegeo:elevation:mean-sea-level,PLATEAU,QUALIFIED,dataset:novegeo:terrain:elevation,1,data/novegeo/geography/terrain/qualified/novegeo_terrain_v001.json,f03d14ce483280aff6662dc808c840a14a4cd035fedd4fe87786649f326f001c,SHARED_REFERENCE
NG-ELEV-OBS-000738,NG-SPT-000738,39.34,2.152533,1583,datum:novegeo:elevation:mean-sea-level,PLATEAU,QUALIFIED,dataset:novegeo:terrain:elevation,1,data/novegeo/geography/terrain/qualified/novegeo_terrain_v001.json,f03d14ce483280aff6662dc808c840a14a4cd035fedd4fe87786649f326f001c,SHARED_REFERENCE
NG-ELEV-OBS-000739,NG-SPT-000739,39.76,2.152533,1626,datum:novegeo:elevation:mean-sea-level,PLATEAU,QUALIFIED,dataset:novegeo:terrain:elevation,1,data/novegeo/geography/terrain/qualified/novegeo_terrain_v001.json,f03d14ce483280aff6662dc808c840a14a4cd035fedd4fe87786649f326f001c,SHARED_REFERENCE
NG-ELEV-OBS-000740,NG-SPT-000740,40.18,2.152533,1638,datum:novegeo:elevation:mean-sea-level,PLATEAU,QUALIFIED,dataset:novegeo:terrain:elevation,1,data/novegeo/geography/terrain/qualified/novegeo_terrain_v001.json,f03d14ce483280aff6662dc808c840a14a4cd035fedd4fe87786649f326f001c,SHARED_REFERENCE
NG-ELEV-OBS-000741,NG-SPT-000741,40.6,2.152533,1608,datum:novegeo:elevation:mean-sea-level,PLATEAU,QUALIFIED,dataset:novegeo:terrain:elevation,1,data/novegeo/geography/terrain/qualified/novegeo_terrain_v001.json,f03d14ce483280aff6662dc808c840a14a4cd035fedd4fe87786649f326f001c,SHARED_REFERENCE
NG-ELEV-OBS-000742,NG-SPT-000742,41.02,2.152533,1533,datum:novegeo:elevation:mean-sea-level,PLATEAU,QUALIFIED,dataset:novegeo:terrain:elevation,1,data/novegeo/geography/terrain/qualified/novegeo_terrain_v001.json,f03d14ce483280aff6662dc808c840a14a4cd035fedd4fe87786649f326f001c,SHARED_REFERENCE
NG-ELEV-OBS-000743,NG-SPT-000743,41.44,2.152533,1413,datum:novegeo:elevation:mean-sea-level,PLATEAU,QUALIFIED,dataset:novegeo:terrain:elevation,1,data/novegeo/geography/terrain/qualified/novegeo_terrain_v001.json,f03d14ce483280aff6662dc808c840a14a4cd035fedd4fe87786649f326f001c,SHARED_REFERENCE
NG-ELEV-OBS-000744,NG-SPT-000744,41.86,2.152533,1259,datum:novegeo:elevation:mean-sea-level,PLATEAU,QUALIFIED,dataset:novegeo:terrain:elevation,1,data/novegeo/geography/terrain/qualified/novegeo_terrain_v001.json,f03d14ce483280aff6662dc808c840a14a4cd035fedd4fe87786649f326f001c,SHARED_REFERENCE
NG-ELEV-OBS-000745,NG-SPT-000745,42.28,2.152533,1086,datum:novegeo:elevation:mean-sea-level,PLATEAU,QUALIFIED,dataset:novegeo:terrain:elevation,1,data/novegeo/geography/terrain/qualified/novegeo_terrain_v001.json,f03d14ce483280aff6662dc808c840a14a4cd035fedd4fe87786649f326f001c,SHARED_REFERENCE
NG-ELEV-OBS-000746,NG-SPT-000746,42.7,2.152533,913,datum:novegeo:elevation:mean-sea-level,PLAIN,QUALIFIED,dataset:novegeo:terrain:elevation,1,data/novegeo/geography/terrain/qualified/novegeo_terrain_v001.json,f03d14ce483280aff6662dc808c840a14a4cd035fedd4fe87786649f326f001c,SHARED_REFERENCE
NG-ELEV-OBS-000747,NG-SPT-000747,43.12,2.152533,736,datum:novegeo:elevation:mean-sea-level,PLAIN,QUALIFIED,dataset:novegeo:terrain:elevation,1,data/novegeo/geography/terrain/qualified/novegeo_terrain_v001.json,f03d14ce483280aff6662dc808c840a14a4cd035fedd4fe87786649f326f001c,SHARED_REFERENCE
NG-ELEV-OBS-000748,NG-SPT-000748,43.54,2.152533,583,datum:novegeo:elevation:mean-sea-level,PLAIN,QUALIFIED,dataset:novegeo:terrain:elevation,1,data/novegeo/geography/terrain/qualified/novegeo_terrain_v001.json,f03d14ce483280aff6662dc808c840a14a4cd035fedd4fe87786649f326f001c,SHARED_REFERENCE
NG-ELEV-OBS-000749,NG-SPT-000749,43.96,2.152533,462,datum:novegeo:elevation:mean-sea-level,PLAIN,QUALIFIED,dataset:novegeo:terrain:elevation,1,data/novegeo/geography/terrain/qualified/novegeo_terrain_v001.json,f03d14ce483280aff6662dc808c840a14a4cd035fedd4fe87786649f326f001c,SHARED_REFERENCE
NG-ELEV-OBS-000750,NG-SPT-000750,29.68,2.572533,277,datum:novegeo:elevation:mean-sea-level,PLAIN,QUALIFIED,dataset:novegeo:terrain:elevation,1,data/novegeo/geography/terrain/qualified/novegeo_terrain_v001.json,f03d14ce483280aff6662dc808c840a14a4cd035fedd4fe87786649f326f001c,SHARED_REFERENCE
NG-ELEV-OBS-000751,NG-SPT-000751,30.1,2.572533,377,datum:novegeo:elevation:mean-sea-level,PLAIN,QUALIFIED,dataset:novegeo:terrain:elevation,1,data/novegeo/geography/terrain/qualified/novegeo_terrain_v001.json,f03d14ce483280aff6662dc808c840a14a4cd035fedd4fe87786649f326f001c,SHARED_REFERENCE
NG-ELEV-OBS-000752,NG-SPT-000752,30.52,2.572533,517,datum:novegeo:elevation:mean-sea-level,PLAIN,QUALIFIED,dataset:novegeo:terrain:elevation,1,data/novegeo/geography/terrain/qualified/novegeo_terrain_v001.json,f03d14ce483280aff6662dc808c840a14a4cd035fedd4fe87786649f326f001c,SHARED_REFERENCE
NG-ELEV-OBS-000753,NG-SPT-000753,30.94,2.572533,705,datum:novegeo:elevation:mean-sea-level,PLAIN,QUALIFIED,dataset:novegeo:terrain:elevation,1,data/novegeo/geography/terrain/qualified/novegeo_terrain_v001.json,f03d14ce483280aff6662dc808c840a14a4cd035fedd4fe87786649f326f001c,SHARED_REFERENCE
NG-ELEV-OBS-000754,NG-SPT-000754,31.36,2.572533,929,datum:novegeo:elevation:mean-sea-level,PLAIN,QUALIFIED,dataset:novegeo:terrain:elevation,1,data/novegeo/geography/terrain/qualified/novegeo_terrain_v001.json,f03d14ce483280aff6662dc808c840a14a4cd035fedd4fe87786649f326f001c,SHARED_REFERENCE
NG-ELEV-OBS-000755,NG-SPT-000755,31.78,2.572533,1191,datum:novegeo:elevation:mean-sea-level,PLATEAU,QUALIFIED,dataset:novegeo:terrain:elevation,1,data/novegeo/geography/terrain/qualified/novegeo_terrain_v001.json,f03d14ce483280aff6662dc808c840a14a4cd035fedd4fe87786649f326f001c,SHARED_REFERENCE
NG-ELEV-OBS-000756,NG-SPT-000756,32.2,2.572533,1489,datum:novegeo:elevation:mean-sea-level,PLATEAU,QUALIFIED,dataset:novegeo:terrain:elevation,1,data/novegeo/geography/terrain/qualified/novegeo_terrain_v001.json,f03d14ce483280aff6662dc808c840a14a4cd035fedd4fe87786649f326f001c,SHARED_REFERENCE
NG-ELEV-OBS-000757,NG-SPT-000757,32.62,2.572533,1805,datum:novegeo:elevation:mean-sea-level,PLATEAU,QUALIFIED,dataset:novegeo:terrain:elevation,1,data/novegeo/geography/terrain/qualified/novegeo_terrain_v001.json,f03d14ce483280aff6662dc808c840a14a4cd035fedd4fe87786649f326f001c,SHARED_REFERENCE
NG-ELEV-OBS-000758,NG-SPT-000758,33.04,2.572533,2115,datum:novegeo:elevation:mean-sea-level,MOUNTAIN,QUALIFIED,dataset:novegeo:terrain:elevation,1,data/novegeo/geography/terrain/qualified/novegeo_terrain_v001.json,f03d14ce483280aff6662dc808c840a14a4cd035fedd4fe87786649f326f001c,SHARED_REFERENCE
NG-ELEV-OBS-000759,NG-SPT-000759,33.46,2.572533,2391,datum:novegeo:elevation:mean-sea-level,MOUNTAIN,QUALIFIED,dataset:novegeo:terrain:elevation,1,data/novegeo/geography/terrain/qualified/novegeo_terrain_v001.json,f03d14ce483280aff6662dc808c840a14a4cd035fedd4fe87786649f326f001c,SHARED_REFERENCE
NG-ELEV-OBS-000760,NG-SPT-000760,33.88,2.572533,2604,datum:novegeo:elevation:mean-sea-level,MOUNTAIN,QUALIFIED,dataset:novegeo:terrain:elevation,1,data/novegeo/geography/terrain/qualified/novegeo_terrain_v001.json,f03d14ce483280aff6662dc808c840a14a4cd035fedd4fe87786649f326f001c,SHARED_REFERENCE
NG-ELEV-OBS-000761,NG-SPT-000761,34.3,2.572533,2730,datum:novegeo:elevation:mean-sea-level,MOUNTAIN,QUALIFIED,dataset:novegeo:terrain:elevation,1,data/novegeo/geography/terrain/qualified/novegeo_terrain_v001.json,f03d14ce483280aff6662dc808c840a14a4cd035fedd4fe87786649f326f001c,SHARED_REFERENCE
NG-ELEV-OBS-000762,NG-SPT-000762,34.72,2.572533,2750,datum:novegeo:elevation:mean-sea-level,MOUNTAIN,QUALIFIED,dataset:novegeo:terrain:elevation,1,data/novegeo/geography/terrain/qualified/novegeo_terrain_v001.json,f03d14ce483280aff6662dc808c840a14a4cd035fedd4fe87786649f326f001c,SHARED_REFERENCE
NG-ELEV-OBS-000763,NG-SPT-000763,35.14,2.572533,2661,datum:novegeo:elevation:mean-sea-level,MOUNTAIN,QUALIFIED,dataset:novegeo:terrain:elevation,1,data/novegeo/geography/terrain/qualified/novegeo_terrain_v001.json,f03d14ce483280aff6662dc808c840a14a4cd035fedd4fe87786649f326f001c,SHARED_REFERENCE
NG-ELEV-OBS-000764,NG-SPT-000764,35.56,2.572533,2473,datum:novegeo:elevation:mean-sea-level,MOUNTAIN,QUALIFIED,dataset:novegeo:terrain:elevation,1,data/novegeo/geography/terrain/qualified/novegeo_terrain_v001.json,f03d14ce483280aff6662dc808c840a14a4cd035fedd4fe87786649f326f001c,SHARED_REFERENCE
NG-ELEV-OBS-000765,NG-SPT-000765,35.98,2.572533,2217,datum:novegeo:elevation:mean-sea-level,MOUNTAIN,QUALIFIED,dataset:novegeo:terrain:elevation,1,data/novegeo/geography/terrain/qualified/novegeo_terrain_v001.json,f03d14ce483280aff6662dc808c840a14a4cd035fedd4fe87786649f326f001c,SHARED_REFERENCE
NG-ELEV-OBS-000766,NG-SPT-000766,36.4,2.572533,1936,datum:novegeo:elevation:mean-sea-level,MOUNTAIN,QUALIFIED,dataset:novegeo:terrain:elevation,1,data/novegeo/geography/terrain/qualified/novegeo_terrain_v001.json,f03d14ce483280aff6662dc808c840a14a4cd035fedd4fe87786649f326f001c,SHARED_REFERENCE
NG-ELEV-OBS-000767,NG-SPT-000767,36.82,2.572533,1680,datum:novegeo:elevation:mean-sea-level,PLATEAU,QUALIFIED,dataset:novegeo:terrain:elevation,1,data/novegeo/geography/terrain/qualified/novegeo_terrain_v001.json,f03d14ce483280aff6662dc808c840a14a4cd035fedd4fe87786649f326f001c,SHARED_REFERENCE
NG-ELEV-OBS-000768,NG-SPT-000768,37.24,2.572533,1488,datum:novegeo:elevation:mean-sea-level,PLATEAU,QUALIFIED,dataset:novegeo:terrain:elevation,1,data/novegeo/geography/terrain/qualified/novegeo_terrain_v001.json,f03d14ce483280aff6662dc808c840a14a4cd035fedd4fe87786649f326f001c,SHARED_REFERENCE
NG-ELEV-OBS-000769,NG-SPT-000769,37.66,2.572533,1379,datum:novegeo:elevation:mean-sea-level,PLATEAU,QUALIFIED,dataset:novegeo:terrain:elevation,1,data/novegeo/geography/terrain/qualified/novegeo_terrain_v001.json,f03d14ce483280aff6662dc808c840a14a4cd035fedd4fe87786649f326f001c,SHARED_REFERENCE
NG-ELEV-OBS-000770,NG-SPT-000770,38.08,2.572533,1348,datum:novegeo:elevation:mean-sea-level,PLATEAU,QUALIFIED,dataset:novegeo:terrain:elevation,1,data/novegeo/geography/terrain/qualified/novegeo_terrain_v001.json,f03d14ce483280aff6662dc808c840a14a4cd035fedd4fe87786649f326f001c,SHARED_REFERENCE
NG-ELEV-OBS-000771,NG-SPT-000771,38.5,2.572533,1377,datum:novegeo:elevation:mean-sea-level,PLATEAU,QUALIFIED,dataset:novegeo:terrain:elevation,1,data/novegeo/geography/terrain/qualified/novegeo_terrain_v001.json,f03d14ce483280aff6662dc808c840a14a4cd035fedd4fe87786649f326f001c,SHARED_REFERENCE
NG-ELEV-OBS-000772,NG-SPT-000772,38.92,2.572533,1440,datum:novegeo:elevation:mean-sea-level,PLATEAU,QUALIFIED,dataset:novegeo:terrain:elevation,1,data/novegeo/geography/terrain/qualified/novegeo_terrain_v001.json,f03d14ce483280aff6662dc808c840a14a4cd035fedd4fe87786649f326f001c,SHARED_REFERENCE
NG-ELEV-OBS-000773,NG-SPT-000773,39.34,2.572533,1512,datum:novegeo:elevation:mean-sea-level,PLATEAU,QUALIFIED,dataset:novegeo:terrain:elevation,1,data/novegeo/geography/terrain/qualified/novegeo_terrain_v001.json,f03d14ce483280aff6662dc808c840a14a4cd035fedd4fe87786649f326f001c,SHARED_REFERENCE
NG-ELEV-OBS-000774,NG-SPT-000774,39.76,2.572533,1573,datum:novegeo:elevation:mean-sea-level,PLATEAU,QUALIFIED,dataset:novegeo:terrain:elevation,1,data/novegeo/geography/terrain/qualified/novegeo_terrain_v001.json,f03d14ce483280aff6662dc808c840a14a4cd035fedd4fe87786649f326f001c,SHARED_REFERENCE
NG-ELEV-OBS-000775,NG-SPT-000775,40.18,2.572533,1605,datum:novegeo:elevation:mean-sea-level,PLATEAU,QUALIFIED,dataset:novegeo:terrain:elevation,1,data/novegeo/geography/terrain/qualified/novegeo_terrain_v001.json,f03d14ce483280aff6662dc808c840a14a4cd035fedd4fe87786649f326f001c,SHARED_REFERENCE
NG-ELEV-OBS-000776,NG-SPT-000776,40.6,2.572533,1595,datum:novegeo:elevation:mean-sea-level,PLATEAU,QUALIFIED,dataset:novegeo:terrain:elevation,1,data/novegeo/geography/terrain/qualified/novegeo_terrain_v001.json,f03d14ce483280aff6662dc808c840a14a4cd035fedd4fe87786649f326f001c,SHARED_REFERENCE
NG-ELEV-OBS-000777,NG-SPT-000777,41.02,2.572533,1535,datum:novegeo:elevation:mean-sea-level,PLATEAU,QUALIFIED,dataset:novegeo:terrain:elevation,1,data/novegeo/geography/terrain/qualified/novegeo_terrain_v001.json,f03d14ce483280aff6662dc808c840a14a4cd035fedd4fe87786649f326f001c,SHARED_REFERENCE
NG-ELEV-OBS-000778,NG-SPT-000778,41.44,2.572533,1424,datum:novegeo:elevation:mean-sea-level,PLATEAU,QUALIFIED,dataset:novegeo:terrain:elevation,1,data/novegeo/geography/terrain/qualified/novegeo_terrain_v001.json,f03d14ce483280aff6662dc808c840a14a4cd035fedd4fe87786649f326f001c,SHARED_REFERENCE
NG-ELEV-OBS-000779,NG-SPT-000779,41.86,2.572533,1272,datum:novegeo:elevation:mean-sea-level,PLATEAU,QUALIFIED,dataset:novegeo:terrain:elevation,1,data/novegeo/geography/terrain/qualified/novegeo_terrain_v001.json,f03d14ce483280aff6662dc808c840a14a4cd035fedd4fe87786649f326f001c,SHARED_REFERENCE
NG-ELEV-OBS-000780,NG-SPT-000780,42.28,2.572533,1097,datum:novegeo:elevation:mean-sea-level,PLATEAU,QUALIFIED,dataset:novegeo:terrain:elevation,1,data/novegeo/geography/terrain/qualified/novegeo_terrain_v001.json,f03d14ce483280aff6662dc808c840a14a4cd035fedd4fe87786649f326f001c,SHARED_REFERENCE
NG-ELEV-OBS-000781,NG-SPT-000781,42.7,2.572533,918,datum:novegeo:elevation:mean-sea-level,PLAIN,QUALIFIED,dataset:novegeo:terrain:elevation,1,data/novegeo/geography/terrain/qualified/novegeo_terrain_v001.json,f03d14ce483280aff6662dc808c840a14a4cd035fedd4fe87786649f326f001c,SHARED_REFERENCE
NG-ELEV-OBS-000782,NG-SPT-000782,43.12,2.572533,736,datum:novegeo:elevation:mean-sea-level,PLAIN,QUALIFIED,dataset:novegeo:terrain:elevation,1,data/novegeo/geography/terrain/qualified/novegeo_terrain_v001.json,f03d14ce483280aff6662dc808c840a14a4cd035fedd4fe87786649f326f001c,SHARED_REFERENCE
NG-ELEV-OBS-000783,NG-SPT-000783,43.54,2.572533,579,datum:novegeo:elevation:mean-sea-level,PLAIN,QUALIFIED,dataset:novegeo:terrain:elevation,1,data/novegeo/geography/terrain/qualified/novegeo_terrain_v001.json,f03d14ce483280aff6662dc808c840a14a4cd035fedd4fe87786649f326f001c,SHARED_REFERENCE
NG-ELEV-OBS-000784,NG-SPT-000784,43.96,2.572533,457,datum:novegeo:elevation:mean-sea-level,PLAIN,QUALIFIED,dataset:novegeo:terrain:elevation,1,data/novegeo/geography/terrain/qualified/novegeo_terrain_v001.json,f03d14ce483280aff6662dc808c840a14a4cd035fedd4fe87786649f326f001c,SHARED_REFERENCE
NG-ELEV-OBS-000785,NG-SPT-000785,29.68,2.992533,266,datum:novegeo:elevation:mean-sea-level,PLAIN,QUALIFIED,dataset:novegeo:terrain:elevation,1,data/novegeo/geography/terrain/qualified/novegeo_terrain_v001.json,f03d14ce483280aff6662dc808c840a14a4cd035fedd4fe87786649f326f001c,SHARED_REFERENCE
NG-ELEV-OBS-000786,NG-SPT-000786,30.1,2.992533,361,datum:novegeo:elevation:mean-sea-level,PLAIN,QUALIFIED,dataset:novegeo:terrain:elevation,1,data/novegeo/geography/terrain/qualified/novegeo_terrain_v001.json,f03d14ce483280aff6662dc808c840a14a4cd035fedd4fe87786649f326f001c,SHARED_REFERENCE
NG-ELEV-OBS-000787,NG-SPT-000787,30.52,2.992533,497,datum:novegeo:elevation:mean-sea-level,PLAIN,QUALIFIED,dataset:novegeo:terrain:elevation,1,data/novegeo/geography/terrain/qualified/novegeo_terrain_v001.json,f03d14ce483280aff6662dc808c840a14a4cd035fedd4fe87786649f326f001c,SHARED_REFERENCE
NG-ELEV-OBS-000788,NG-SPT-000788,30.94,2.992533,680,datum:novegeo:elevation:mean-sea-level,PLAIN,QUALIFIED,dataset:novegeo:terrain:elevation,1,data/novegeo/geography/terrain/qualified/novegeo_terrain_v001.json,f03d14ce483280aff6662dc808c840a14a4cd035fedd4fe87786649f326f001c,SHARED_REFERENCE
NG-ELEV-OBS-000789,NG-SPT-000789,31.36,2.992533,899,datum:novegeo:elevation:mean-sea-level,PLAIN,QUALIFIED,dataset:novegeo:terrain:elevation,1,data/novegeo/geography/terrain/qualified/novegeo_terrain_v001.json,f03d14ce483280aff6662dc808c840a14a4cd035fedd4fe87786649f326f001c,SHARED_REFERENCE
NG-ELEV-OBS-000790,NG-SPT-000790,31.78,2.992533,1154,datum:novegeo:elevation:mean-sea-level,PLATEAU,QUALIFIED,dataset:novegeo:terrain:elevation,1,data/novegeo/geography/terrain/qualified/novegeo_terrain_v001.json,f03d14ce483280aff6662dc808c840a14a4cd035fedd4fe87786649f326f001c,SHARED_REFERENCE
NG-ELEV-OBS-000791,NG-SPT-000791,32.2,2.992533,1445,datum:novegeo:elevation:mean-sea-level,PLATEAU,QUALIFIED,dataset:novegeo:terrain:elevation,1,data/novegeo/geography/terrain/qualified/novegeo_terrain_v001.json,f03d14ce483280aff6662dc808c840a14a4cd035fedd4fe87786649f326f001c,SHARED_REFERENCE
NG-ELEV-OBS-000792,NG-SPT-000792,32.62,2.992533,1753,datum:novegeo:elevation:mean-sea-level,PLATEAU,QUALIFIED,dataset:novegeo:terrain:elevation,1,data/novegeo/geography/terrain/qualified/novegeo_terrain_v001.json,f03d14ce483280aff6662dc808c840a14a4cd035fedd4fe87786649f326f001c,SHARED_REFERENCE
NG-ELEV-OBS-000793,NG-SPT-000793,33.04,2.992533,2055,datum:novegeo:elevation:mean-sea-level,MOUNTAIN,QUALIFIED,dataset:novegeo:terrain:elevation,1,data/novegeo/geography/terrain/qualified/novegeo_terrain_v001.json,f03d14ce483280aff6662dc808c840a14a4cd035fedd4fe87786649f326f001c,SHARED_REFERENCE
NG-ELEV-OBS-000794,NG-SPT-000794,33.46,2.992533,2323,datum:novegeo:elevation:mean-sea-level,MOUNTAIN,QUALIFIED,dataset:novegeo:terrain:elevation,1,data/novegeo/geography/terrain/qualified/novegeo_terrain_v001.json,f03d14ce483280aff6662dc808c840a14a4cd035fedd4fe87786649f326f001c,SHARED_REFERENCE
NG-ELEV-OBS-000795,NG-SPT-000795,33.88,2.992533,2528,datum:novegeo:elevation:mean-sea-level,MOUNTAIN,QUALIFIED,dataset:novegeo:terrain:elevation,1,data/novegeo/geography/terrain/qualified/novegeo_terrain_v001.json,f03d14ce483280aff6662dc808c840a14a4cd035fedd4fe87786649f326f001c,SHARED_REFERENCE
NG-ELEV-OBS-000796,NG-SPT-000796,34.3,2.992533,2647,datum:novegeo:elevation:mean-sea-level,MOUNTAIN,QUALIFIED,dataset:novegeo:terrain:elevation,1,data/novegeo/geography/terrain/qualified/novegeo_terrain_v001.json,f03d14ce483280aff6662dc808c840a14a4cd035fedd4fe87786649f326f001c,SHARED_REFERENCE
NG-ELEV-OBS-000797,NG-SPT-000797,34.72,2.992533,2663,datum:novegeo:elevation:mean-sea-level,MOUNTAIN,QUALIFIED,dataset:novegeo:terrain:elevation,1,data/novegeo/geography/terrain/qualified/novegeo_terrain_v001.json,f03d14ce483280aff6662dc808c840a14a4cd035fedd4fe87786649f326f001c,SHARED_REFERENCE
NG-ELEV-OBS-000798,NG-SPT-000798,35.14,2.992533,2572,datum:novegeo:elevation:mean-sea-level,MOUNTAIN,QUALIFIED,dataset:novegeo:terrain:elevation,1,data/novegeo/geography/terrain/qualified/novegeo_terrain_v001.json,f03d14ce483280aff6662dc808c840a14a4cd035fedd4fe87786649f326f001c,SHARED_REFERENCE
NG-ELEV-OBS-000799,NG-SPT-000799,35.56,2.992533,2386,datum:novegeo:elevation:mean-sea-level,MOUNTAIN,QUALIFIED,dataset:novegeo:terrain:elevation,1,data/novegeo/geography/terrain/qualified/novegeo_terrain_v001.json,f03d14ce483280aff6662dc808c840a14a4cd035fedd4fe87786649f326f001c,SHARED_REFERENCE
NG-ELEV-OBS-000800,NG-SPT-000800,35.98,2.992533,2133,datum:novegeo:elevation:mean-sea-level,MOUNTAIN,QUALIFIED,dataset:novegeo:terrain:elevation,1,data/novegeo/geography/terrain/qualified/novegeo_terrain_v001.json,f03d14ce483280aff6662dc808c840a14a4cd035fedd4fe87786649f326f001c,SHARED_REFERENCE
NG-ELEV-OBS-000801,NG-SPT-000801,36.4,2.992533,1856,datum:novegeo:elevation:mean-sea-level,MOUNTAIN,QUALIFIED,dataset:novegeo:terrain:elevation,1,data/novegeo/geography/terrain/qualified/novegeo_terrain_v001.json,f03d14ce483280aff6662dc808c840a14a4cd035fedd4fe87786649f326f001c,SHARED_REFERENCE
NG-ELEV-OBS-000802,NG-SPT-000802,36.82,2.992533,1600,datum:novegeo:elevation:mean-sea-level,PLATEAU,QUALIFIED,dataset:novegeo:terrain:elevation,1,data/novegeo/geography/terrain/qualified/novegeo_terrain_v001.json,f03d14ce483280aff6662dc808c840a14a4cd035fedd4fe87786649f326f001c,SHARED_REFERENCE
NG-ELEV-OBS-000803,NG-SPT-000803,37.24,2.992533,1403,datum:novegeo:elevation:mean-sea-level,PLATEAU,QUALIFIED,dataset:novegeo:terrain:elevation,1,data/novegeo/geography/terrain/qualified/novegeo_terrain_v001.json,f03d14ce483280aff6662dc808c840a14a4cd035fedd4fe87786649f326f001c,SHARED_REFERENCE
NG-ELEV-OBS-000804,NG-SPT-000804,37.66,2.992533,1286,datum:novegeo:elevation:mean-sea-level,PLATEAU,QUALIFIED,dataset:novegeo:terrain:elevation,1,data/novegeo/geography/terrain/qualified/novegeo_terrain_v001.json,f03d14ce483280aff6662dc808c840a14a4cd035fedd4fe87786649f326f001c,SHARED_REFERENCE
NG-ELEV-OBS-000805,NG-SPT-000805,38.08,2.992533,1247,datum:novegeo:elevation:mean-sea-level,PLATEAU,QUALIFIED,dataset:novegeo:terrain:elevation,1,data/novegeo/geography/terrain/qualified/novegeo_terrain_v001.json,f03d14ce483280aff6662dc808c840a14a4cd035fedd4fe87786649f326f001c,SHARED_REFERENCE
NG-ELEV-OBS-000806,NG-SPT-000806,38.5,2.992533,1271,datum:novegeo:elevation:mean-sea-level,PLATEAU,QUALIFIED,dataset:novegeo:terrain:elevation,1,data/novegeo/geography/terrain/qualified/novegeo_terrain_v001.json,f03d14ce483280aff6662dc808c840a14a4cd035fedd4fe87786649f326f001c,SHARED_REFERENCE
NG-ELEV-OBS-000807,NG-SPT-000807,38.92,2.992533,1334,datum:novegeo:elevation:mean-sea-level,PLATEAU,QUALIFIED,dataset:novegeo:terrain:elevation,1,data/novegeo/geography/terrain/qualified/novegeo_terrain_v001.json,f03d14ce483280aff6662dc808c840a14a4cd035fedd4fe87786649f326f001c,SHARED_REFERENCE
NG-ELEV-OBS-000808,NG-SPT-000808,39.34,2.992533,1414,datum:novegeo:elevation:mean-sea-level,PLATEAU,QUALIFIED,dataset:novegeo:terrain:elevation,1,data/novegeo/geography/terrain/qualified/novegeo_terrain_v001.json,f03d14ce483280aff6662dc808c840a14a4cd035fedd4fe87786649f326f001c,SHARED_REFERENCE
NG-ELEV-OBS-000809,NG-SPT-000809,39.76,2.992533,1489,datum:novegeo:elevation:mean-sea-level,PLATEAU,QUALIFIED,dataset:novegeo:terrain:elevation,1,data/novegeo/geography/terrain/qualified/novegeo_terrain_v001.json,f03d14ce483280aff6662dc808c840a14a4cd035fedd4fe87786649f326f001c,SHARED_REFERENCE
NG-ELEV-OBS-000810,NG-SPT-000810,40.18,2.992533,1539,datum:novegeo:elevation:mean-sea-level,PLATEAU,QUALIFIED,dataset:novegeo:terrain:elevation,1,data/novegeo/geography/terrain/qualified/novegeo_terrain_v001.json,f03d14ce483280aff6662dc808c840a14a4cd035fedd4fe87786649f326f001c,SHARED_REFERENCE
NG-ELEV-OBS-000811,NG-SPT-000811,40.6,2.992533,1547,datum:novegeo:elevation:mean-sea-level,PLATEAU,QUALIFIED,dataset:novegeo:terrain:elevation,1,data/novegeo/geography/terrain/qualified/novegeo_terrain_v001.json,f03d14ce483280aff6662dc808c840a14a4cd035fedd4fe87786649f326f001c,SHARED_REFERENCE
NG-ELEV-OBS-000812,NG-SPT-000812,41.02,2.992533,1502,datum:novegeo:elevation:mean-sea-level,PLATEAU,QUALIFIED,dataset:novegeo:terrain:elevation,1,data/novegeo/geography/terrain/qualified/novegeo_terrain_v001.json,f03d14ce483280aff6662dc808c840a14a4cd035fedd4fe87786649f326f001c,SHARED_REFERENCE
NG-ELEV-OBS-000813,NG-SPT-000813,41.44,2.992533,1401,datum:novegeo:elevation:mean-sea-level,PLATEAU,QUALIFIED,dataset:novegeo:terrain:elevation,1,data/novegeo/geography/terrain/qualified/novegeo_terrain_v001.json,f03d14ce483280aff6662dc808c840a14a4cd035fedd4fe87786649f326f001c,SHARED_REFERENCE
NG-ELEV-OBS-000814,NG-SPT-000814,41.86,2.992533,1256,datum:novegeo:elevation:mean-sea-level,PLATEAU,QUALIFIED,dataset:novegeo:terrain:elevation,1,data/novegeo/geography/terrain/qualified/novegeo_terrain_v001.json,f03d14ce483280aff6662dc808c840a14a4cd035fedd4fe87786649f326f001c,SHARED_REFERENCE
NG-ELEV-OBS-000815,NG-SPT-000815,42.28,2.992533,1082,datum:novegeo:elevation:mean-sea-level,PLATEAU,QUALIFIED,dataset:novegeo:terrain:elevation,1,data/novegeo/geography/terrain/qualified/novegeo_terrain_v001.json,f03d14ce483280aff6662dc808c840a14a4cd035fedd4fe87786649f326f001c,SHARED_REFERENCE
NG-ELEV-OBS-000816,NG-SPT-000816,42.7,2.992533,904,datum:novegeo:elevation:mean-sea-level,PLAIN,QUALIFIED,dataset:novegeo:terrain:elevation,1,data/novegeo/geography/terrain/qualified/novegeo_terrain_v001.json,f03d14ce483280aff6662dc808c840a14a4cd035fedd4fe87786649f326f001c,SHARED_REFERENCE
NG-ELEV-OBS-000817,NG-SPT-000817,43.12,2.992533,722,datum:novegeo:elevation:mean-sea-level,PLAIN,QUALIFIED,dataset:novegeo:terrain:elevation,1,data/novegeo/geography/terrain/qualified/novegeo_terrain_v001.json,f03d14ce483280aff6662dc808c840a14a4cd035fedd4fe87786649f326f001c,SHARED_REFERENCE
NG-ELEV-OBS-000818,NG-SPT-000818,43.54,2.992533,566,datum:novegeo:elevation:mean-sea-level,PLAIN,QUALIFIED,dataset:novegeo:terrain:elevation,1,data/novegeo/geography/terrain/qualified/novegeo_terrain_v001.json,f03d14ce483280aff6662dc808c840a14a4cd035fedd4fe87786649f326f001c,SHARED_REFERENCE
NG-ELEV-OBS-000819,NG-SPT-000819,43.96,2.992533,445,datum:novegeo:elevation:mean-sea-level,PLAIN,QUALIFIED,dataset:novegeo:terrain:elevation,1,data/novegeo/geography/terrain/qualified/novegeo_terrain_v001.json,f03d14ce483280aff6662dc808c840a14a4cd035fedd4fe87786649f326f001c,SHARED_REFERENCE
NG-ELEV-OBS-000820,NG-SPT-000820,29.68,3.412533,254,datum:novegeo:elevation:mean-sea-level,PLAIN,QUALIFIED,dataset:novegeo:terrain:elevation,1,data/novegeo/geography/terrain/qualified/novegeo_terrain_v001.json,f03d14ce483280aff6662dc808c840a14a4cd035fedd4fe87786649f326f001c,SHARED_REFERENCE
NG-ELEV-OBS-000821,NG-SPT-000821,30.1,3.412533,343,datum:novegeo:elevation:mean-sea-level,PLAIN,QUALIFIED,dataset:novegeo:terrain:elevation,1,data/novegeo/geography/terrain/qualified/novegeo_terrain_v001.json,f03d14ce483280aff6662dc808c840a14a4cd035fedd4fe87786649f326f001c,SHARED_REFERENCE
NG-ELEV-OBS-000822,NG-SPT-000822,30.52,3.412533,471,datum:novegeo:elevation:mean-sea-level,PLAIN,QUALIFIED,dataset:novegeo:terrain:elevation,1,data/novegeo/geography/terrain/qualified/novegeo_terrain_v001.json,f03d14ce483280aff6662dc808c840a14a4cd035fedd4fe87786649f326f001c,SHARED_REFERENCE
NG-ELEV-OBS-000823,NG-SPT-000823,30.94,3.412533,646,datum:novegeo:elevation:mean-sea-level,PLAIN,QUALIFIED,dataset:novegeo:terrain:elevation,1,data/novegeo/geography/terrain/qualified/novegeo_terrain_v001.json,f03d14ce483280aff6662dc808c840a14a4cd035fedd4fe87786649f326f001c,SHARED_REFERENCE
NG-ELEV-OBS-000824,NG-SPT-000824,31.36,3.412533,853,datum:novegeo:elevation:mean-sea-level,PLAIN,QUALIFIED,dataset:novegeo:terrain:elevation,1,data/novegeo/geography/terrain/qualified/novegeo_terrain_v001.json,f03d14ce483280aff6662dc808c840a14a4cd035fedd4fe87786649f326f001c,SHARED_REFERENCE
NG-ELEV-OBS-000825,NG-SPT-000825,31.78,3.412533,1097,datum:novegeo:elevation:mean-sea-level,PLATEAU,QUALIFIED,dataset:novegeo:terrain:elevation,1,data/novegeo/geography/terrain/qualified/novegeo_terrain_v001.json,f03d14ce483280aff6662dc808c840a14a4cd035fedd4fe87786649f326f001c,SHARED_REFERENCE
NG-ELEV-OBS-000826,NG-SPT-000826,32.2,3.412533,1374,datum:novegeo:elevation:mean-sea-level,PLATEAU,QUALIFIED,dataset:novegeo:terrain:elevation,1,data/novegeo/geography/terrain/qualified/novegeo_terrain_v001.json,f03d14ce483280aff6662dc808c840a14a4cd035fedd4fe87786649f326f001c,SHARED_REFERENCE
NG-ELEV-OBS-000827,NG-SPT-000827,32.62,3.412533,1668,datum:novegeo:elevation:mean-sea-level,PLATEAU,QUALIFIED,dataset:novegeo:terrain:elevation,1,data/novegeo/geography/terrain/qualified/novegeo_terrain_v001.json,f03d14ce483280aff6662dc808c840a14a4cd035fedd4fe87786649f326f001c,SHARED_REFERENCE
NG-ELEV-OBS-000828,NG-SPT-000828,33.04,3.412533,1955,datum:novegeo:elevation:mean-sea-level,MOUNTAIN,QUALIFIED,dataset:novegeo:terrain:elevation,1,data/novegeo/geography/terrain/qualified/novegeo_terrain_v001.json,f03d14ce483280aff6662dc808c840a14a4cd035fedd4fe87786649f326f001c,SHARED_REFERENCE
NG-ELEV-OBS-000829,NG-SPT-000829,33.46,3.412533,2209,datum:novegeo:elevation:mean-sea-level,MOUNTAIN,QUALIFIED,dataset:novegeo:terrain:elevation,1,data/novegeo/geography/terrain/qualified/novegeo_terrain_v001.json,f03d14ce483280aff6662dc808c840a14a4cd035fedd4fe87786649f326f001c,SHARED_REFERENCE
NG-ELEV-OBS-000830,NG-SPT-000830,33.88,3.412533,2402,datum:novegeo:elevation:mean-sea-level,MOUNTAIN,QUALIFIED,dataset:novegeo:terrain:elevation,1,data/novegeo/geography/terrain/qualified/novegeo_terrain_v001.json,f03d14ce483280aff6662dc808c840a14a4cd035fedd4fe87786649f326f001c,SHARED_REFERENCE
NG-ELEV-OBS-000831,NG-SPT-000831,34.3,3.412533,2512,datum:novegeo:elevation:mean-sea-level,MOUNTAIN,QUALIFIED,dataset:novegeo:terrain:elevation,1,data/novegeo/geography/terrain/qualified/novegeo_terrain_v001.json,f03d14ce483280aff6662dc808c840a14a4cd035fedd4fe87786649f326f001c,SHARED_REFERENCE
NG-ELEV-OBS-000832,NG-SPT-000832,34.72,3.412533,2524,datum:novegeo:elevation:mean-sea-level,MOUNTAIN,QUALIFIED,dataset:novegeo:terrain:elevation,1,data/novegeo/geography/terrain/qualified/novegeo_terrain_v001.json,f03d14ce483280aff6662dc808c840a14a4cd035fedd4fe87786649f326f001c,SHARED_REFERENCE
NG-ELEV-OBS-000833,NG-SPT-000833,35.14,3.412533,2434,datum:novegeo:elevation:mean-sea-level,MOUNTAIN,QUALIFIED,dataset:novegeo:terrain:elevation,1,data/novegeo/geography/terrain/qualified/novegeo_terrain_v001.json,f03d14ce483280aff6662dc808c840a14a4cd035fedd4fe87786649f326f001c,SHARED_REFERENCE
NG-ELEV-OBS-000834,NG-SPT-000834,35.56,3.412533,2253,datum:novegeo:elevation:mean-sea-level,MOUNTAIN,QUALIFIED,dataset:novegeo:terrain:elevation,1,data/novegeo/geography/terrain/qualified/novegeo_terrain_v001.json,f03d14ce483280aff6662dc808c840a14a4cd035fedd4fe87786649f326f001c,SHARED_REFERENCE
NG-ELEV-OBS-000835,NG-SPT-000835,35.98,3.412533,2009,datum:novegeo:elevation:mean-sea-level,MOUNTAIN,QUALIFIED,dataset:novegeo:terrain:elevation,1,data/novegeo/geography/terrain/qualified/novegeo_terrain_v001.json,f03d14ce483280aff6662dc808c840a14a4cd035fedd4fe87786649f326f001c,SHARED_REFERENCE
NG-ELEV-OBS-000836,NG-SPT-000836,36.4,3.412533,1741,datum:novegeo:elevation:mean-sea-level,PLATEAU,QUALIFIED,dataset:novegeo:terrain:elevation,1,data/novegeo/geography/terrain/qualified/novegeo_terrain_v001.json,f03d14ce483280aff6662dc808c840a14a4cd035fedd4fe87786649f326f001c,SHARED_REFERENCE
NG-ELEV-OBS-000837,NG-SPT-000837,36.82,3.412533,1491,datum:novegeo:elevation:mean-sea-level,PLATEAU,QUALIFIED,dataset:novegeo:terrain:elevation,1,data/novegeo/geography/terrain/qualified/novegeo_terrain_v001.json,f03d14ce483280aff6662dc808c840a14a4cd035fedd4fe87786649f326f001c,SHARED_REFERENCE
NG-ELEV-OBS-000838,NG-SPT-000838,37.24,3.412533,1296,datum:novegeo:elevation:mean-sea-level,PLATEAU,QUALIFIED,dataset:novegeo:terrain:elevation,1,data/novegeo/geography/terrain/qualified/novegeo_terrain_v001.json,f03d14ce483280aff6662dc808c840a14a4cd035fedd4fe87786649f326f001c,SHARED_REFERENCE
NG-ELEV-OBS-000839,NG-SPT-000839,37.66,3.412533,1175,datum:novegeo:elevation:mean-sea-level,PLATEAU,QUALIFIED,dataset:novegeo:terrain:elevation,1,data/novegeo/geography/terrain/qualified/novegeo_terrain_v001.json,f03d14ce483280aff6662dc808c840a14a4cd035fedd4fe87786649f326f001c,SHARED_REFERENCE
NG-ELEV-OBS-000840,NG-SPT-000840,38.08,3.412533,1129,datum:novegeo:elevation:mean-sea-level,PLATEAU,QUALIFIED,dataset:novegeo:terrain:elevation,1,data/novegeo/geography/terrain/qualified/novegeo_terrain_v001.json,f03d14ce483280aff6662dc808c840a14a4cd035fedd4fe87786649f326f001c,SHARED_REFERENCE
NG-ELEV-OBS-000841,NG-SPT-000841,38.5,3.412533,1147,datum:novegeo:elevation:mean-sea-level,PLATEAU,QUALIFIED,dataset:novegeo:terrain:elevation,1,data/novegeo/geography/terrain/qualified/novegeo_terrain_v001.json,f03d14ce483280aff6662dc808c840a14a4cd035fedd4fe87786649f326f001c,SHARED_REFERENCE
NG-ELEV-OBS-000842,NG-SPT-000842,38.92,3.412533,1208,datum:novegeo:elevation:mean-sea-level,PLATEAU,QUALIFIED,dataset:novegeo:terrain:elevation,1,data/novegeo/geography/terrain/qualified/novegeo_terrain_v001.json,f03d14ce483280aff6662dc808c840a14a4cd035fedd4fe87786649f326f001c,SHARED_REFERENCE
NG-ELEV-OBS-000843,NG-SPT-000843,39.34,3.412533,1291,datum:novegeo:elevation:mean-sea-level,PLATEAU,QUALIFIED,dataset:novegeo:terrain:elevation,1,data/novegeo/geography/terrain/qualified/novegeo_terrain_v001.json,f03d14ce483280aff6662dc808c840a14a4cd035fedd4fe87786649f326f001c,SHARED_REFERENCE
NG-ELEV-OBS-000844,NG-SPT-000844,39.76,3.412533,1374,datum:novegeo:elevation:mean-sea-level,PLATEAU,QUALIFIED,dataset:novegeo:terrain:elevation,1,data/novegeo/geography/terrain/qualified/novegeo_terrain_v001.json,f03d14ce483280aff6662dc808c840a14a4cd035fedd4fe87786649f326f001c,SHARED_REFERENCE
NG-ELEV-OBS-000845,NG-SPT-000845,40.18,3.412533,1436,datum:novegeo:elevation:mean-sea-level,PLATEAU,QUALIFIED,dataset:novegeo:terrain:elevation,1,data/novegeo/geography/terrain/qualified/novegeo_terrain_v001.json,f03d14ce483280aff6662dc808c840a14a4cd035fedd4fe87786649f326f001c,SHARED_REFERENCE
NG-ELEV-OBS-000846,NG-SPT-000846,40.6,3.412533,1458,datum:novegeo:elevation:mean-sea-level,PLATEAU,QUALIFIED,dataset:novegeo:terrain:elevation,1,data/novegeo/geography/terrain/qualified/novegeo_terrain_v001.json,f03d14ce483280aff6662dc808c840a14a4cd035fedd4fe87786649f326f001c,SHARED_REFERENCE
NG-ELEV-OBS-000847,NG-SPT-000847,41.02,3.412533,1426,datum:novegeo:elevation:mean-sea-level,PLATEAU,QUALIFIED,dataset:novegeo:terrain:elevation,1,data/novegeo/geography/terrain/qualified/novegeo_terrain_v001.json,f03d14ce483280aff6662dc808c840a14a4cd035fedd4fe87786649f326f001c,SHARED_REFERENCE
NG-ELEV-OBS-000848,NG-SPT-000848,41.44,3.412533,1338,datum:novegeo:elevation:mean-sea-level,PLATEAU,QUALIFIED,dataset:novegeo:terrain:elevation,1,data/novegeo/geography/terrain/qualified/novegeo_terrain_v001.json,f03d14ce483280aff6662dc808c840a14a4cd035fedd4fe87786649f326f001c,SHARED_REFERENCE
NG-ELEV-OBS-000849,NG-SPT-000849,41.86,3.412533,1202,datum:novegeo:elevation:mean-sea-level,PLATEAU,QUALIFIED,dataset:novegeo:terrain:elevation,1,data/novegeo/geography/terrain/qualified/novegeo_terrain_v001.json,f03d14ce483280aff6662dc808c840a14a4cd035fedd4fe87786649f326f001c,SHARED_REFERENCE
NG-ELEV-OBS-000850,NG-SPT-000850,42.28,3.412533,1038,datum:novegeo:elevation:mean-sea-level,PLAIN,QUALIFIED,dataset:novegeo:terrain:elevation,1,data/novegeo/geography/terrain/qualified/novegeo_terrain_v001.json,f03d14ce483280aff6662dc808c840a14a4cd035fedd4fe87786649f326f001c,SHARED_REFERENCE
NG-ELEV-OBS-000851,NG-SPT-000851,42.7,3.412533,867,datum:novegeo:elevation:mean-sea-level,PLAIN,QUALIFIED,dataset:novegeo:terrain:elevation,1,data/novegeo/geography/terrain/qualified/novegeo_terrain_v001.json,f03d14ce483280aff6662dc808c840a14a4cd035fedd4fe87786649f326f001c,SHARED_REFERENCE
NG-ELEV-OBS-000852,NG-SPT-000852,43.12,3.412533,691,datum:novegeo:elevation:mean-sea-level,PLAIN,QUALIFIED,dataset:novegeo:terrain:elevation,1,data/novegeo/geography/terrain/qualified/novegeo_terrain_v001.json,f03d14ce483280aff6662dc808c840a14a4cd035fedd4fe87786649f326f001c,SHARED_REFERENCE
NG-ELEV-OBS-000853,NG-SPT-000853,43.54,3.412533,541,datum:novegeo:elevation:mean-sea-level,PLAIN,QUALIFIED,dataset:novegeo:terrain:elevation,1,data/novegeo/geography/terrain/qualified/novegeo_terrain_v001.json,f03d14ce483280aff6662dc808c840a14a4cd035fedd4fe87786649f326f001c,SHARED_REFERENCE
NG-ELEV-OBS-000854,NG-SPT-000854,29.68,3.832533,240,datum:novegeo:elevation:mean-sea-level,PLAIN,QUALIFIED,dataset:novegeo:terrain:elevation,1,data/novegeo/geography/terrain/qualified/novegeo_terrain_v001.json,f03d14ce483280aff6662dc808c840a14a4cd035fedd4fe87786649f326f001c,SHARED_REFERENCE
NG-ELEV-OBS-000855,NG-SPT-000855,30.1,3.832533,322,datum:novegeo:elevation:mean-sea-level,PLAIN,QUALIFIED,dataset:novegeo:terrain:elevation,1,data/novegeo/geography/terrain/qualified/novegeo_terrain_v001.json,f03d14ce483280aff6662dc808c840a14a4cd035fedd4fe87786649f326f001c,SHARED_REFERENCE
NG-ELEV-OBS-000856,NG-SPT-000856,30.52,3.832533,441,datum:novegeo:elevation:mean-sea-level,PLAIN,QUALIFIED,dataset:novegeo:terrain:elevation,1,data/novegeo/geography/terrain/qualified/novegeo_terrain_v001.json,f03d14ce483280aff6662dc808c840a14a4cd035fedd4fe87786649f326f001c,SHARED_REFERENCE
NG-ELEV-OBS-000857,NG-SPT-000857,30.94,3.832533,603,datum:novegeo:elevation:mean-sea-level,PLAIN,QUALIFIED,dataset:novegeo:terrain:elevation,1,data/novegeo/geography/terrain/qualified/novegeo_terrain_v001.json,f03d14ce483280aff6662dc808c840a14a4cd035fedd4fe87786649f326f001c,SHARED_REFERENCE
NG-ELEV-OBS-000858,NG-SPT-000858,31.36,3.832533,796,datum:novegeo:elevation:mean-sea-level,PLAIN,QUALIFIED,dataset:novegeo:terrain:elevation,1,data/novegeo/geography/terrain/qualified/novegeo_terrain_v001.json,f03d14ce483280aff6662dc808c840a14a4cd035fedd4fe87786649f326f001c,SHARED_REFERENCE
NG-ELEV-OBS-000859,NG-SPT-000859,31.78,3.832533,1022,datum:novegeo:elevation:mean-sea-level,PLAIN,QUALIFIED,dataset:novegeo:terrain:elevation,1,data/novegeo/geography/terrain/qualified/novegeo_terrain_v001.json,f03d14ce483280aff6662dc808c840a14a4cd035fedd4fe87786649f326f001c,SHARED_REFERENCE
NG-ELEV-OBS-000860,NG-SPT-000860,32.2,3.832533,1280,datum:novegeo:elevation:mean-sea-level,PLATEAU,QUALIFIED,dataset:novegeo:terrain:elevation,1,data/novegeo/geography/terrain/qualified/novegeo_terrain_v001.json,f03d14ce483280aff6662dc808c840a14a4cd035fedd4fe87786649f326f001c,SHARED_REFERENCE
NG-ELEV-OBS-000861,NG-SPT-000861,32.62,3.832533,1553,datum:novegeo:elevation:mean-sea-level,PLATEAU,QUALIFIED,dataset:novegeo:terrain:elevation,1,data/novegeo/geography/terrain/qualified/novegeo_terrain_v001.json,f03d14ce483280aff6662dc808c840a14a4cd035fedd4fe87786649f326f001c,SHARED_REFERENCE
NG-ELEV-OBS-000862,NG-SPT-000862,33.04,3.832533,1820,datum:novegeo:elevation:mean-sea-level,PLATEAU,QUALIFIED,dataset:novegeo:terrain:elevation,1,data/novegeo/geography/terrain/qualified/novegeo_terrain_v001.json,f03d14ce483280aff6662dc808c840a14a4cd035fedd4fe87786649f326f001c,SHARED_REFERENCE
NG-ELEV-OBS-000863,NG-SPT-000863,33.46,3.832533,2055,datum:novegeo:elevation:mean-sea-level,MOUNTAIN,QUALIFIED,dataset:novegeo:terrain:elevation,1,data/novegeo/geography/terrain/qualified/novegeo_terrain_v001.json,f03d14ce483280aff6662dc808c840a14a4cd035fedd4fe87786649f326f001c,SHARED_REFERENCE
NG-ELEV-OBS-000864,NG-SPT-000864,33.88,3.832533,2233,datum:novegeo:elevation:mean-sea-level,MOUNTAIN,QUALIFIED,dataset:novegeo:terrain:elevation,1,data/novegeo/geography/terrain/qualified/novegeo_terrain_v001.json,f03d14ce483280aff6662dc808c840a14a4cd035fedd4fe87786649f326f001c,SHARED_REFERENCE
NG-ELEV-OBS-000865,NG-SPT-000865,34.3,3.832533,2333,datum:novegeo:elevation:mean-sea-level,MOUNTAIN,QUALIFIED,dataset:novegeo:terrain:elevation,1,data/novegeo/geography/terrain/qualified/novegeo_terrain_v001.json,f03d14ce483280aff6662dc808c840a14a4cd035fedd4fe87786649f326f001c,SHARED_REFERENCE
NG-ELEV-OBS-000866,NG-SPT-000866,34.72,3.832533,2341,datum:novegeo:elevation:mean-sea-level,MOUNTAIN,QUALIFIED,dataset:novegeo:terrain:elevation,1,data/novegeo/geography/terrain/qualified/novegeo_terrain_v001.json,f03d14ce483280aff6662dc808c840a14a4cd035fedd4fe87786649f326f001c,SHARED_REFERENCE
NG-ELEV-OBS-000867,NG-SPT-000867,35.14,3.832533,2254,datum:novegeo:elevation:mean-sea-level,MOUNTAIN,QUALIFIED,dataset:novegeo:terrain:elevation,1,data/novegeo/geography/terrain/qualified/novegeo_terrain_v001.json,f03d14ce483280aff6662dc808c840a14a4cd035fedd4fe87786649f326f001c,SHARED_REFERENCE
NG-ELEV-OBS-000868,NG-SPT-000868,35.56,3.832533,2084,datum:novegeo:elevation:mean-sea-level,MOUNTAIN,QUALIFIED,dataset:novegeo:terrain:elevation,1,data/novegeo/geography/terrain/qualified/novegeo_terrain_v001.json,f03d14ce483280aff6662dc808c840a14a4cd035fedd4fe87786649f326f001c,SHARED_REFERENCE
NG-ELEV-OBS-000869,NG-SPT-000869,35.98,3.832533,1854,datum:novegeo:elevation:mean-sea-level,MOUNTAIN,QUALIFIED,dataset:novegeo:terrain:elevation,1,data/novegeo/geography/terrain/qualified/novegeo_terrain_v001.json,f03d14ce483280aff6662dc808c840a14a4cd035fedd4fe87786649f326f001c,SHARED_REFERENCE
NG-ELEV-OBS-000870,NG-SPT-000870,36.4,3.832533,1601,datum:novegeo:elevation:mean-sea-level,PLATEAU,QUALIFIED,dataset:novegeo:terrain:elevation,1,data/novegeo/geography/terrain/qualified/novegeo_terrain_v001.json,f03d14ce483280aff6662dc808c840a14a4cd035fedd4fe87786649f326f001c,SHARED_REFERENCE
NG-ELEV-OBS-000871,NG-SPT-000871,36.82,3.832533,1363,datum:novegeo:elevation:mean-sea-level,PLATEAU,QUALIFIED,dataset:novegeo:terrain:elevation,1,data/novegeo/geography/terrain/qualified/novegeo_terrain_v001.json,f03d14ce483280aff6662dc808c840a14a4cd035fedd4fe87786649f326f001c,SHARED_REFERENCE
NG-ELEV-OBS-000872,NG-SPT-000872,37.24,3.832533,1174,datum:novegeo:elevation:mean-sea-level,PLATEAU,QUALIFIED,dataset:novegeo:terrain:elevation,1,data/novegeo/geography/terrain/qualified/novegeo_terrain_v001.json,f03d14ce483280aff6662dc808c840a14a4cd035fedd4fe87786649f326f001c,SHARED_REFERENCE
NG-ELEV-OBS-000873,NG-SPT-000873,37.66,3.832533,1052,datum:novegeo:elevation:mean-sea-level,PLATEAU,QUALIFIED,dataset:novegeo:terrain:elevation,1,data/novegeo/geography/terrain/qualified/novegeo_terrain_v001.json,f03d14ce483280aff6662dc808c840a14a4cd035fedd4fe87786649f326f001c,SHARED_REFERENCE
NG-ELEV-OBS-000874,NG-SPT-000874,38.08,3.832533,1002,datum:novegeo:elevation:mean-sea-level,PLAIN,QUALIFIED,dataset:novegeo:terrain:elevation,1,data/novegeo/geography/terrain/qualified/novegeo_terrain_v001.json,f03d14ce483280aff6662dc808c840a14a4cd035fedd4fe87786649f326f001c,SHARED_REFERENCE
NG-ELEV-OBS-000875,NG-SPT-000875,38.5,3.832533,1012,datum:novegeo:elevation:mean-sea-level,PLAIN,QUALIFIED,dataset:novegeo:terrain:elevation,1,data/novegeo/geography/terrain/qualified/novegeo_terrain_v001.json,f03d14ce483280aff6662dc808c840a14a4cd035fedd4fe87786649f326f001c,SHARED_REFERENCE
NG-ELEV-OBS-000876,NG-SPT-000876,38.92,3.832533,1067,datum:novegeo:elevation:mean-sea-level,PLATEAU,QUALIFIED,dataset:novegeo:terrain:elevation,1,data/novegeo/geography/terrain/qualified/novegeo_terrain_v001.json,f03d14ce483280aff6662dc808c840a14a4cd035fedd4fe87786649f326f001c,SHARED_REFERENCE
NG-ELEV-OBS-000877,NG-SPT-000877,39.34,3.832533,1147,datum:novegeo:elevation:mean-sea-level,PLATEAU,QUALIFIED,dataset:novegeo:terrain:elevation,1,data/novegeo/geography/terrain/qualified/novegeo_terrain_v001.json,f03d14ce483280aff6662dc808c840a14a4cd035fedd4fe87786649f326f001c,SHARED_REFERENCE
NG-ELEV-OBS-000878,NG-SPT-000878,39.76,3.832533,1231,datum:novegeo:elevation:mean-sea-level,PLATEAU,QUALIFIED,dataset:novegeo:terrain:elevation,1,data/novegeo/geography/terrain/qualified/novegeo_terrain_v001.json,f03d14ce483280aff6662dc808c840a14a4cd035fedd4fe87786649f326f001c,SHARED_REFERENCE
NG-ELEV-OBS-000879,NG-SPT-000879,40.18,3.832533,1298,datum:novegeo:elevation:mean-sea-level,PLATEAU,QUALIFIED,dataset:novegeo:terrain:elevation,1,data/novegeo/geography/terrain/qualified/novegeo_terrain_v001.json,f03d14ce483280aff6662dc808c840a14a4cd035fedd4fe87786649f326f001c,SHARED_REFERENCE
NG-ELEV-OBS-000880,NG-SPT-000880,40.6,3.832533,1328,datum:novegeo:elevation:mean-sea-level,PLATEAU,QUALIFIED,dataset:novegeo:terrain:elevation,1,data/novegeo/geography/terrain/qualified/novegeo_terrain_v001.json,f03d14ce483280aff6662dc808c840a14a4cd035fedd4fe87786649f326f001c,SHARED_REFERENCE
NG-ELEV-OBS-000881,NG-SPT-000881,41.02,3.832533,1308,datum:novegeo:elevation:mean-sea-level,PLATEAU,QUALIFIED,dataset:novegeo:terrain:elevation,1,data/novegeo/geography/terrain/qualified/novegeo_terrain_v001.json,f03d14ce483280aff6662dc808c840a14a4cd035fedd4fe87786649f326f001c,SHARED_REFERENCE
NG-ELEV-OBS-000882,NG-SPT-000882,41.44,3.832533,1233,datum:novegeo:elevation:mean-sea-level,PLATEAU,QUALIFIED,dataset:novegeo:terrain:elevation,1,data/novegeo/geography/terrain/qualified/novegeo_terrain_v001.json,f03d14ce483280aff6662dc808c840a14a4cd035fedd4fe87786649f326f001c,SHARED_REFERENCE
NG-ELEV-OBS-000883,NG-SPT-000883,41.86,3.832533,1112,datum:novegeo:elevation:mean-sea-level,PLATEAU,QUALIFIED,dataset:novegeo:terrain:elevation,1,data/novegeo/geography/terrain/qualified/novegeo_terrain_v001.json,f03d14ce483280aff6662dc808c840a14a4cd035fedd4fe87786649f326f001c,SHARED_REFERENCE
NG-ELEV-OBS-000884,NG-SPT-000884,42.28,3.832533,962,datum:novegeo:elevation:mean-sea-level,PLAIN,QUALIFIED,dataset:novegeo:terrain:elevation,1,data/novegeo/geography/terrain/qualified/novegeo_terrain_v001.json,f03d14ce483280aff6662dc808c840a14a4cd035fedd4fe87786649f326f001c,SHARED_REFERENCE
NG-ELEV-OBS-000885,NG-SPT-000885,42.7,3.832533,805,datum:novegeo:elevation:mean-sea-level,PLAIN,QUALIFIED,dataset:novegeo:terrain:elevation,1,data/novegeo/geography/terrain/qualified/novegeo_terrain_v001.json,f03d14ce483280aff6662dc808c840a14a4cd035fedd4fe87786649f326f001c,SHARED_REFERENCE
NG-ELEV-OBS-000886,NG-SPT-000886,43.12,3.832533,643,datum:novegeo:elevation:mean-sea-level,PLAIN,QUALIFIED,dataset:novegeo:terrain:elevation,1,data/novegeo/geography/terrain/qualified/novegeo_terrain_v001.json,f03d14ce483280aff6662dc808c840a14a4cd035fedd4fe87786649f326f001c,SHARED_REFERENCE
NG-ELEV-OBS-000887,NG-SPT-000887,44.62,3.95,73,datum:novegeo:elevation:mean-sea-level,PLAIN,QUALIFIED,dataset:novegeo:terrain:elevation,1,data/novegeo/geography/terrain/qualified/novegeo_terrain_v001.json,f03d14ce483280aff6662dc808c840a14a4cd035fedd4fe87786649f326f001c,SHARED_REFERENCE
NG-ELEV-OBS-000888,NG-SPT-000888,30.1,4.252533,299,datum:novegeo:elevation:mean-sea-level,PLAIN,QUALIFIED,dataset:novegeo:terrain:elevation,1,data/novegeo/geography/terrain/qualified/novegeo_terrain_v001.json,f03d14ce483280aff6662dc808c840a14a4cd035fedd4fe87786649f326f001c,SHARED_REFERENCE
NG-ELEV-OBS-000889,NG-SPT-000889,30.52,4.252533,407,datum:novegeo:elevation:mean-sea-level,PLAIN,QUALIFIED,dataset:novegeo:terrain:elevation,1,data/novegeo/geography/terrain/qualified/novegeo_terrain_v001.json,f03d14ce483280aff6662dc808c840a14a4cd035fedd4fe87786649f326f001c,SHARED_REFERENCE
NG-ELEV-OBS-000890,NG-SPT-000890,30.94,4.252533,555,datum:novegeo:elevation:mean-sea-level,PLAIN,QUALIFIED,dataset:novegeo:terrain:elevation,1,data/novegeo/geography/terrain/qualified/novegeo_terrain_v001.json,f03d14ce483280aff6662dc808c840a14a4cd035fedd4fe87786649f326f001c,SHARED_REFERENCE
NG-ELEV-OBS-000891,NG-SPT-000891,31.36,4.252533,730,datum:novegeo:elevation:mean-sea-level,PLAIN,QUALIFIED,dataset:novegeo:terrain:elevation,1,data/novegeo/geography/terrain/qualified/novegeo_terrain_v001.json,f03d14ce483280aff6662dc808c840a14a4cd035fedd4fe87786649f326f001c,SHARED_REFERENCE
NG-ELEV-OBS-000892,NG-SPT-000892,31.78,4.252533,935,datum:novegeo:elevation:mean-sea-level,PLAIN,QUALIFIED,dataset:novegeo:terrain:elevation,1,data/novegeo/geography/terrain/qualified/novegeo_terrain_v001.json,f03d14ce483280aff6662dc808c840a14a4cd035fedd4fe87786649f326f001c,SHARED_REFERENCE
NG-ELEV-OBS-000893,NG-SPT-000893,32.2,4.252533,1169,datum:novegeo:elevation:mean-sea-level,PLATEAU,QUALIFIED,dataset:novegeo:terrain:elevation,1,data/novegeo/geography/terrain/qualified/novegeo_terrain_v001.json,f03d14ce483280aff6662dc808c840a14a4cd035fedd4fe87786649f326f001c,SHARED_REFERENCE
NG-ELEV-OBS-000894,NG-SPT-000894,32.62,4.252533,1417,datum:novegeo:elevation:mean-sea-level,PLATEAU,QUALIFIED,dataset:novegeo:terrain:elevation,1,data/novegeo/geography/terrain/qualified/novegeo_terrain_v001.json,f03d14ce483280aff6662dc808c840a14a4cd035fedd4fe87786649f326f001c,SHARED_REFERENCE
NG-ELEV-OBS-000895,NG-SPT-000895,33.04,4.252533,1659,datum:novegeo:elevation:mean-sea-level,PLATEAU,QUALIFIED,dataset:novegeo:terrain:elevation,1,data/novegeo/geography/terrain/qualified/novegeo_terrain_v001.json,f03d14ce483280aff6662dc808c840a14a4cd035fedd4fe87786649f326f001c,SHARED_REFERENCE
NG-ELEV-OBS-000896,NG-SPT-000896,33.46,4.252533,1872,datum:novegeo:elevation:mean-sea-level,MOUNTAIN,QUALIFIED,dataset:novegeo:terrain:elevation,1,data/novegeo/geography/terrain/qualified/novegeo_terrain_v001.json,f03d14ce483280aff6662dc808c840a14a4cd035fedd4fe87786649f326f001c,SHARED_REFERENCE
NG-ELEV-OBS-000897,NG-SPT-000897,33.88,4.252533,2032,datum:novegeo:elevation:mean-sea-level,MOUNTAIN,QUALIFIED,dataset:novegeo:terrain:elevation,1,data/novegeo/geography/terrain/qualified/novegeo_terrain_v001.json,f03d14ce483280aff6662dc808c840a14a4cd035fedd4fe87786649f326f001c,SHARED_REFERENCE
NG-ELEV-OBS-000898,NG-SPT-000898,34.3,4.252533,2121,datum:novegeo:elevation:mean-sea-level,MOUNTAIN,QUALIFIED,dataset:novegeo:terrain:elevation,1,data/novegeo/geography/terrain/qualified/novegeo_terrain_v001.json,f03d14ce483280aff6662dc808c840a14a4cd035fedd4fe87786649f326f001c,SHARED_REFERENCE
NG-ELEV-OBS-000899,NG-SPT-000899,34.72,4.252533,2126,datum:novegeo:elevation:mean-sea-level,MOUNTAIN,QUALIFIED,dataset:novegeo:terrain:elevation,1,data/novegeo/geography/terrain/qualified/novegeo_terrain_v001.json,f03d14ce483280aff6662dc808c840a14a4cd035fedd4fe87786649f326f001c,SHARED_REFERENCE
NG-ELEV-OBS-000900,NG-SPT-000900,35.14,4.252533,2045,datum:novegeo:elevation:mean-sea-level,MOUNTAIN,QUALIFIED,dataset:novegeo:terrain:elevation,1,data/novegeo/geography/terrain/qualified/novegeo_terrain_v001.json,f03d14ce483280aff6662dc808c840a14a4cd035fedd4fe87786649f326f001c,SHARED_REFERENCE
NG-ELEV-OBS-000901,NG-SPT-000901,35.56,4.252533,1887,datum:novegeo:elevation:mean-sea-level,MOUNTAIN,QUALIFIED,dataset:novegeo:terrain:elevation,1,data/novegeo/geography/terrain/qualified/novegeo_terrain_v001.json,f03d14ce483280aff6662dc808c840a14a4cd035fedd4fe87786649f326f001c,SHARED_REFERENCE
NG-ELEV-OBS-000902,NG-SPT-000902,35.98,4.252533,1676,datum:novegeo:elevation:mean-sea-level,PLATEAU,QUALIFIED,dataset:novegeo:terrain:elevation,1,data/novegeo/geography/terrain/qualified/novegeo_terrain_v001.json,f03d14ce483280aff6662dc808c840a14a4cd035fedd4fe87786649f326f001c,SHARED_REFERENCE
NG-ELEV-OBS-000903,NG-SPT-000903,36.4,4.252533,1443,datum:novegeo:elevation:mean-sea-level,PLATEAU,QUALIFIED,dataset:novegeo:terrain:elevation,1,data/novegeo/geography/terrain/qualified/novegeo_terrain_v001.json,f03d14ce483280aff6662dc808c840a14a4cd035fedd4fe87786649f326f001c,SHARED_REFERENCE
NG-ELEV-OBS-000904,NG-SPT-000904,36.82,4.252533,1222,datum:novegeo:elevation:mean-sea-level,PLATEAU,QUALIFIED,dataset:novegeo:terrain:elevation,1,data/novegeo/geography/terrain/qualified/novegeo_terrain_v001.json,f03d14ce483280aff6662dc808c840a14a4cd035fedd4fe87786649f326f001c,SHARED_REFERENCE
NG-ELEV-OBS-000905,NG-SPT-000905,37.24,4.252533,1044,datum:novegeo:elevation:mean-sea-level,VALLEY,QUALIFIED,dataset:novegeo:terrain:elevation,1,data/novegeo/geography/terrain/qualified/novegeo_terrain_v001.json,f03d14ce483280aff6662dc808c840a14a4cd035fedd4fe87786649f326f001c,SHARED_REFERENCE
NG-ELEV-OBS-000906,NG-SPT-000906,37.66,4.252533,926,datum:novegeo:elevation:mean-sea-level,PLAIN,QUALIFIED,dataset:novegeo:terrain:elevation,1,data/novegeo/geography/terrain/qualified/novegeo_terrain_v001.json,f03d14ce483280aff6662dc808c840a14a4cd035fedd4fe87786649f326f001c,SHARED_REFERENCE
NG-ELEV-OBS-000907,NG-SPT-000907,38.08,4.252533,871,datum:novegeo:elevation:mean-sea-level,PLAIN,QUALIFIED,dataset:novegeo:terrain:elevation,1,data/novegeo/geography/terrain/qualified/novegeo_terrain_v001.json,f03d14ce483280aff6662dc808c840a14a4cd035fedd4fe87786649f326f001c,SHARED_REFERENCE
NG-ELEV-OBS-000908,NG-SPT-000908,38.5,4.252533,874,datum:novegeo:elevation:mean-sea-level,PLAIN,QUALIFIED,dataset:novegeo:terrain:elevation,1,data/novegeo/geography/terrain/qualified/novegeo_terrain_v001.json,f03d14ce483280aff6662dc808c840a14a4cd035fedd4fe87786649f326f001c,SHARED_REFERENCE
NG-ELEV-OBS-000909,NG-SPT-000909,38.92,4.252533,919,datum:novegeo:elevation:mean-sea-level,PLAIN,QUALIFIED,dataset:novegeo:terrain:elevation,1,data/novegeo/geography/terrain/qualified/novegeo_terrain_v001.json,f03d14ce483280aff6662dc808c840a14a4cd035fedd4fe87786649f326f001c,SHARED_REFERENCE
NG-ELEV-OBS-000910,NG-SPT-000910,39.34,4.252533,990,datum:novegeo:elevation:mean-sea-level,PLAIN,QUALIFIED,dataset:novegeo:terrain:elevation,1,data/novegeo/geography/terrain/qualified/novegeo_terrain_v001.json,f03d14ce483280aff6662dc808c840a14a4cd035fedd4fe87786649f326f001c,SHARED_REFERENCE
NG-ELEV-OBS-000911,NG-SPT-000911,39.76,4.252533,1069,datum:novegeo:elevation:mean-sea-level,PLATEAU,QUALIFIED,dataset:novegeo:terrain:elevation,1,data/novegeo/geography/terrain/qualified/novegeo_terrain_v001.json,f03d14ce483280aff6662dc808c840a14a4cd035fedd4fe87786649f326f001c,SHARED_REFERENCE
NG-ELEV-OBS-000912,NG-SPT-000912,40.18,4.252533,1134,datum:novegeo:elevation:mean-sea-level,PLATEAU,QUALIFIED,dataset:novegeo:terrain:elevation,1,data/novegeo/geography/terrain/qualified/novegeo_terrain_v001.json,f03d14ce483280aff6662dc808c840a14a4cd035fedd4fe87786649f326f001c,SHARED_REFERENCE
NG-ELEV-OBS-000913,NG-SPT-000913,40.6,4.252533,1167,datum:novegeo:elevation:mean-sea-level,PLATEAU,QUALIFIED,dataset:novegeo:terrain:elevation,1,data/novegeo/geography/terrain/qualified/novegeo_terrain_v001.json,f03d14ce483280aff6662dc808c840a14a4cd035fedd4fe87786649f326f001c,SHARED_REFERENCE
NG-ELEV-OBS-000914,NG-SPT-000914,41.02,4.252533,1155,datum:novegeo:elevation:mean-sea-level,PLATEAU,QUALIFIED,dataset:novegeo:terrain:elevation,1,data/novegeo/geography/terrain/qualified/novegeo_terrain_v001.json,f03d14ce483280aff6662dc808c840a14a4cd035fedd4fe87786649f326f001c,SHARED_REFERENCE
NG-ELEV-OBS-000915,NG-SPT-000915,41.44,4.252533,1094,datum:novegeo:elevation:mean-sea-level,PLATEAU,QUALIFIED,dataset:novegeo:terrain:elevation,1,data/novegeo/geography/terrain/qualified/novegeo_terrain_v001.json,f03d14ce483280aff6662dc808c840a14a4cd035fedd4fe87786649f326f001c,SHARED_REFERENCE
NG-ELEV-OBS-000916,NG-SPT-000916,41.86,4.252533,990,datum:novegeo:elevation:mean-sea-level,PLAIN,QUALIFIED,dataset:novegeo:terrain:elevation,1,data/novegeo/geography/terrain/qualified/novegeo_terrain_v001.json,f03d14ce483280aff6662dc808c840a14a4cd035fedd4fe87786649f326f001c,SHARED_REFERENCE
NG-ELEV-OBS-000917,NG-SPT-000917,42.28,4.252533,860,datum:novegeo:elevation:mean-sea-level,PLAIN,QUALIFIED,dataset:novegeo:terrain:elevation,1,data/novegeo/geography/terrain/qualified/novegeo_terrain_v001.json,f03d14ce483280aff6662dc808c840a14a4cd035fedd4fe87786649f326f001c,SHARED_REFERENCE
NG-ELEV-OBS-000918,NG-SPT-000918,42.7,4.252533,724,datum:novegeo:elevation:mean-sea-level,PLAIN,QUALIFIED,dataset:novegeo:terrain:elevation,1,data/novegeo/geography/terrain/qualified/novegeo_terrain_v001.json,f03d14ce483280aff6662dc808c840a14a4cd035fedd4fe87786649f326f001c,SHARED_REFERENCE
NG-ELEV-OBS-000919,NG-SPT-000919,43.12,4.252533,580,datum:novegeo:elevation:mean-sea-level,PLAIN,QUALIFIED,dataset:novegeo:terrain:elevation,1,data/novegeo/geography/terrain/qualified/novegeo_terrain_v001.json,f03d14ce483280aff6662dc808c840a14a4cd035fedd4fe87786649f326f001c,SHARED_REFERENCE
NG-ELEV-OBS-000920,NG-SPT-000920,30.1,4.672533,277,datum:novegeo:elevation:mean-sea-level,PLAIN,QUALIFIED,dataset:novegeo:terrain:elevation,1,data/novegeo/geography/terrain/qualified/novegeo_terrain_v001.json,f03d14ce483280aff6662dc808c840a14a4cd035fedd4fe87786649f326f001c,SHARED_REFERENCE
NG-ELEV-OBS-000921,NG-SPT-000921,30.52,4.672533,373,datum:novegeo:elevation:mean-sea-level,PLAIN,QUALIFIED,dataset:novegeo:terrain:elevation,1,data/novegeo/geography/terrain/qualified/novegeo_terrain_v001.json,f03d14ce483280aff6662dc808c840a14a4cd035fedd4fe87786649f326f001c,SHARED_REFERENCE
NG-ELEV-OBS-000922,NG-SPT-000922,30.94,4.672533,505,datum:novegeo:elevation:mean-sea-level,PLAIN,QUALIFIED,dataset:novegeo:terrain:elevation,1,data/novegeo/geography/terrain/qualified/novegeo_terrain_v001.json,f03d14ce483280aff6662dc808c840a14a4cd035fedd4fe87786649f326f001c,SHARED_REFERENCE
NG-ELEV-OBS-000923,NG-SPT-000923,31.36,4.672533,660,datum:novegeo:elevation:mean-sea-level,PLAIN,QUALIFIED,dataset:novegeo:terrain:elevation,1,data/novegeo/geography/terrain/qualified/novegeo_terrain_v001.json,f03d14ce483280aff6662dc808c840a14a4cd035fedd4fe87786649f326f001c,SHARED_REFERENCE
NG-ELEV-OBS-000924,NG-SPT-000924,31.78,4.672533,841,datum:novegeo:elevation:mean-sea-level,PLAIN,QUALIFIED,dataset:novegeo:terrain:elevation,1,data/novegeo/geography/terrain/qualified/novegeo_terrain_v001.json,f03d14ce483280aff6662dc808c840a14a4cd035fedd4fe87786649f326f001c,SHARED_REFERENCE
NG-ELEV-OBS-000925,NG-SPT-000925,32.2,4.672533,1048,datum:novegeo:elevation:mean-sea-level,PLAIN,QUALIFIED,dataset:novegeo:terrain:elevation,1,data/novegeo/geography/terrain/qualified/novegeo_terrain_v001.json,f03d14ce483280aff6662dc808c840a14a4cd035fedd4fe87786649f326f001c,SHARED_REFERENCE
NG-ELEV-OBS-000926,NG-SPT-000926,32.62,4.672533,1267,datum:novegeo:elevation:mean-sea-level,PLATEAU,QUALIFIED,dataset:novegeo:terrain:elevation,1,data/novegeo/geography/terrain/qualified/novegeo_terrain_v001.json,f03d14ce483280aff6662dc808c840a14a4cd035fedd4fe87786649f326f001c,SHARED_REFERENCE
NG-ELEV-OBS-000927,NG-SPT-000927,33.04,4.672533,1481,datum:novegeo:elevation:mean-sea-level,PLATEAU,QUALIFIED,dataset:novegeo:terrain:elevation,1,data/novegeo/geography/terrain/qualified/novegeo_terrain_v001.json,f03d14ce483280aff6662dc808c840a14a4cd035fedd4fe87786649f326f001c,SHARED_REFERENCE
NG-ELEV-OBS-000928,NG-SPT-000928,33.46,4.672533,1669,datum:novegeo:elevation:mean-sea-level,PLATEAU,QUALIFIED,dataset:novegeo:terrain:elevation,1,data/novegeo/geography/terrain/qualified/novegeo_terrain_v001.json,f03d14ce483280aff6662dc808c840a14a4cd035fedd4fe87786649f326f001c,SHARED_REFERENCE
NG-ELEV-OBS-000929,NG-SPT-000929,33.88,4.672533,1810,datum:novegeo:elevation:mean-sea-level,PLATEAU,QUALIFIED,dataset:novegeo:terrain:elevation,1,data/novegeo/geography/terrain/qualified/novegeo_terrain_v001.json,f03d14ce483280aff6662dc808c840a14a4cd035fedd4fe87786649f326f001c,SHARED_REFERENCE
NG-ELEV-OBS-000930,NG-SPT-000930,34.3,4.672533,1887,datum:novegeo:elevation:mean-sea-level,MOUNTAIN,QUALIFIED,dataset:novegeo:terrain:elevation,1,data/novegeo/geography/terrain/qualified/novegeo_terrain_v001.json,f03d14ce483280aff6662dc808c840a14a4cd035fedd4fe87786649f326f001c,SHARED_REFERENCE
NG-ELEV-OBS-000931,NG-SPT-000931,34.72,4.672533,1890,datum:novegeo:elevation:mean-sea-level,MOUNTAIN,QUALIFIED,dataset:novegeo:terrain:elevation,1,data/novegeo/geography/terrain/qualified/novegeo_terrain_v001.json,f03d14ce483280aff6662dc808c840a14a4cd035fedd4fe87786649f326f001c,SHARED_REFERENCE
NG-ELEV-OBS-000932,NG-SPT-000932,35.14,4.672533,1816,datum:novegeo:elevation:mean-sea-level,PLATEAU,QUALIFIED,dataset:novegeo:terrain:elevation,1,data/novegeo/geography/terrain/qualified/novegeo_terrain_v001.json,f03d14ce483280aff6662dc808c840a14a4cd035fedd4fe87786649f326f001c,SHARED_REFERENCE
NG-ELEV-OBS-000933,NG-SPT-000933,35.56,4.672533,1675,datum:novegeo:elevation:mean-sea-level,PLATEAU,QUALIFIED,dataset:novegeo:terrain:elevation,1,data/novegeo/geography/terrain/qualified/novegeo_terrain_v001.json,f03d14ce483280aff6662dc808c840a14a4cd035fedd4fe87786649f326f001c,SHARED_REFERENCE
NG-ELEV-OBS-000934,NG-SPT-000934,35.98,4.672533,1486,datum:novegeo:elevation:mean-sea-level,PLATEAU,QUALIFIED,dataset:novegeo:terrain:elevation,1,data/novegeo/geography/terrain/qualified/novegeo_terrain_v001.json,f03d14ce483280aff6662dc808c840a14a4cd035fedd4fe87786649f326f001c,SHARED_REFERENCE
NG-ELEV-OBS-000935,NG-SPT-000935,36.4,4.672533,1276,datum:novegeo:elevation:mean-sea-level,PLATEAU,QUALIFIED,dataset:novegeo:terrain:elevation,1,data/novegeo/geography/terrain/qualified/novegeo_terrain_v001.json,f03d14ce483280aff6662dc808c840a14a4cd035fedd4fe87786649f326f001c,SHARED_REFERENCE
NG-ELEV-OBS-000936,NG-SPT-000936,36.82,4.672533,1077,datum:novegeo:elevation:mean-sea-level,PLATEAU,QUALIFIED,dataset:novegeo:terrain:elevation,1,data/novegeo/geography/terrain/qualified/novegeo_terrain_v001.json,f03d14ce483280aff6662dc808c840a14a4cd035fedd4fe87786649f326f001c,SHARED_REFERENCE
NG-ELEV-OBS-000937,NG-SPT-000937,37.24,4.672533,913,datum:novegeo:elevation:mean-sea-level,VALLEY,QUALIFIED,dataset:novegeo:terrain:elevation,1,data/novegeo/geography/terrain/qualified/novegeo_terrain_v001.json,f03d14ce483280aff6662dc808c840a14a4cd035fedd4fe87786649f326f001c,SHARED_REFERENCE
NG-ELEV-OBS-000938,NG-SPT-000938,37.66,4.672533,800,datum:novegeo:elevation:mean-sea-level,PLAIN,QUALIFIED,dataset:novegeo:terrain:elevation,1,data/novegeo/geography/terrain/qualified/novegeo_terrain_v001.json,f03d14ce483280aff6662dc808c840a14a4cd035fedd4fe87786649f326f001c,SHARED_REFERENCE
NG-ELEV-OBS-000939,NG-SPT-000939,38.08,4.672533,744,datum:novegeo:elevation:mean-sea-level,PLAIN,QUALIFIED,dataset:novegeo:terrain:elevation,1,data/novegeo/geography/terrain/qualified/novegeo_terrain_v001.json,f03d14ce483280aff6662dc808c840a14a4cd035fedd4fe87786649f326f001c,SHARED_REFERENCE
NG-ELEV-OBS-000940,NG-SPT-000940,38.5,4.672533,738,datum:novegeo:elevation:mean-sea-level,PLAIN,QUALIFIED,dataset:novegeo:terrain:elevation,1,data/novegeo/geography/terrain/qualified/novegeo_terrain_v001.json,f03d14ce483280aff6662dc808c840a14a4cd035fedd4fe87786649f326f001c,SHARED_REFERENCE
NG-ELEV-OBS-000941,NG-SPT-000941,38.92,4.672533,771,datum:novegeo:elevation:mean-sea-level,PLAIN,QUALIFIED,dataset:novegeo:terrain:elevation,1,data/novegeo/geography/terrain/qualified/novegeo_terrain_v001.json,f03d14ce483280aff6662dc808c840a14a4cd035fedd4fe87786649f326f001c,SHARED_REFERENCE
NG-ELEV-OBS-000942,NG-SPT-000942,39.34,4.672533,830,datum:novegeo:elevation:mean-sea-level,PLAIN,QUALIFIED,dataset:novegeo:terrain:elevation,1,data/novegeo/geography/terrain/qualified/novegeo_terrain_v001.json,f03d14ce483280aff6662dc808c840a14a4cd035fedd4fe87786649f326f001c,SHARED_REFERENCE
NG-ELEV-OBS-000943,NG-SPT-000943,39.76,4.672533,896,datum:novegeo:elevation:mean-sea-level,PLAIN,QUALIFIED,dataset:novegeo:terrain:elevation,1,data/novegeo/geography/terrain/qualified/novegeo_terrain_v001.json,f03d14ce483280aff6662dc808c840a14a4cd035fedd4fe87786649f326f001c,SHARED_REFERENCE
NG-ELEV-OBS-000944,NG-SPT-000944,40.18,4.672533,954,datum:novegeo:elevation:mean-sea-level,PLAIN,QUALIFIED,dataset:novegeo:terrain:elevation,1,data/novegeo/geography/terrain/qualified/novegeo_terrain_v001.json,f03d14ce483280aff6662dc808c840a14a4cd035fedd4fe87786649f326f001c,SHARED_REFERENCE
NG-ELEV-OBS-000945,NG-SPT-000945,40.6,4.672533,986,datum:novegeo:elevation:mean-sea-level,PLAIN,QUALIFIED,dataset:novegeo:terrain:elevation,1,data/novegeo/geography/terrain/qualified/novegeo_terrain_v001.json,f03d14ce483280aff6662dc808c840a14a4cd035fedd4fe87786649f326f001c,SHARED_REFERENCE
NG-ELEV-OBS-000946,NG-SPT-000946,41.02,4.672533,980,datum:novegeo:elevation:mean-sea-level,PLAIN,QUALIFIED,dataset:novegeo:terrain:elevation,1,data/novegeo/geography/terrain/qualified/novegeo_terrain_v001.json,f03d14ce483280aff6662dc808c840a14a4cd035fedd4fe87786649f326f001c,SHARED_REFERENCE
NG-ELEV-OBS-000947,NG-SPT-000947,41.44,4.672533,932,datum:novegeo:elevation:mean-sea-level,PLAIN,QUALIFIED,dataset:novegeo:terrain:elevation,1,data/novegeo/geography/terrain/qualified/novegeo_terrain_v001.json,f03d14ce483280aff6662dc808c840a14a4cd035fedd4fe87786649f326f001c,SHARED_REFERENCE
NG-ELEV-OBS-000948,NG-SPT-000948,41.86,4.672533,848,datum:novegeo:elevation:mean-sea-level,PLAIN,QUALIFIED,dataset:novegeo:terrain:elevation,1,data/novegeo/geography/terrain/qualified/novegeo_terrain_v001.json,f03d14ce483280aff6662dc808c840a14a4cd035fedd4fe87786649f326f001c,SHARED_REFERENCE
NG-ELEV-OBS-000949,NG-SPT-000949,42.28,4.672533,741,datum:novegeo:elevation:mean-sea-level,PLAIN,QUALIFIED,dataset:novegeo:terrain:elevation,1,data/novegeo/geography/terrain/qualified/novegeo_terrain_v001.json,f03d14ce483280aff6662dc808c840a14a4cd035fedd4fe87786649f326f001c,SHARED_REFERENCE
NG-ELEV-OBS-000950,NG-SPT-000950,44.38,4.672533,282,datum:novegeo:elevation:mean-sea-level,PLAIN,QUALIFIED,dataset:novegeo:terrain:elevation,1,data/novegeo/geography/terrain/qualified/novegeo_terrain_v001.json,f03d14ce483280aff6662dc808c840a14a4cd035fedd4fe87786649f326f001c,SHARED_REFERENCE
NG-ELEV-OBS-000951,NG-SPT-000951,30.1,5.092533,257,datum:novegeo:elevation:mean-sea-level,PLAIN,QUALIFIED,dataset:novegeo:terrain:elevation,1,data/novegeo/geography/terrain/qualified/novegeo_terrain_v001.json,f03d14ce483280aff6662dc808c840a14a4cd035fedd4fe87786649f326f001c,SHARED_REFERENCE
NG-ELEV-OBS-000952,NG-SPT-000952,30.52,5.092533,340,datum:novegeo:elevation:mean-sea-level,PLAIN,QUALIFIED,dataset:novegeo:terrain:elevation,1,data/novegeo/geography/terrain/qualified/novegeo_terrain_v001.json,f03d14ce483280aff6662dc808c840a14a4cd035fedd4fe87786649f326f001c,SHARED_REFERENCE
NG-ELEV-OBS-000953,NG-SPT-000953,30.94,5.092533,455,datum:novegeo:elevation:mean-sea-level,PLAIN,QUALIFIED,dataset:novegeo:terrain:elevation,1,data/novegeo/geography/terrain/qualified/novegeo_terrain_v001.json,f03d14ce483280aff6662dc808c840a14a4cd035fedd4fe87786649f326f001c,SHARED_REFERENCE
NG-ELEV-OBS-000954,NG-SPT-000954,31.36,5.092533,589,datum:novegeo:elevation:mean-sea-level,PLAIN,QUALIFIED,dataset:novegeo:terrain:elevation,1,data/novegeo/geography/terrain/qualified/novegeo_terrain_v001.json,f03d14ce483280aff6662dc808c840a14a4cd035fedd4fe87786649f326f001c,SHARED_REFERENCE
NG-ELEV-OBS-000955,NG-SPT-000955,31.78,5.092533,744,datum:novegeo:elevation:mean-sea-level,PLAIN,QUALIFIED,dataset:novegeo:terrain:elevation,1,data/novegeo/geography/terrain/qualified/novegeo_terrain_v001.json,f03d14ce483280aff6662dc808c840a14a4cd035fedd4fe87786649f326f001c,SHARED_REFERENCE
NG-ELEV-OBS-000956,NG-SPT-000956,32.2,5.092533,922,datum:novegeo:elevation:mean-sea-level,PLAIN,QUALIFIED,dataset:novegeo:terrain:elevation,1,data/novegeo/geography/terrain/qualified/novegeo_terrain_v001.json,f03d14ce483280aff6662dc808c840a14a4cd035fedd4fe87786649f326f001c,SHARED_REFERENCE
NG-ELEV-OBS-000957,NG-SPT-000957,32.62,5.092533,1112,datum:novegeo:elevation:mean-sea-level,PLATEAU,QUALIFIED,dataset:novegeo:terrain:elevation,1,data/novegeo/geography/terrain/qualified/novegeo_terrain_v001.json,f03d14ce483280aff6662dc808c840a14a4cd035fedd4fe87786649f326f001c,SHARED_REFERENCE
NG-ELEV-OBS-000958,NG-SPT-000958,33.04,5.092533,1296,datum:novegeo:elevation:mean-sea-level,PLATEAU,QUALIFIED,dataset:novegeo:terrain:elevation,1,data/novegeo/geography/terrain/qualified/novegeo_terrain_v001.json,f03d14ce483280aff6662dc808c840a14a4cd035fedd4fe87786649f326f001c,SHARED_REFERENCE
NG-ELEV-OBS-000959,NG-SPT-000959,33.46,5.092533,1458,datum:novegeo:elevation:mean-sea-level,PLATEAU,QUALIFIED,dataset:novegeo:terrain:elevation,1,data/novegeo/geography/terrain/qualified/novegeo_terrain_v001.json,f03d14ce483280aff6662dc808c840a14a4cd035fedd4fe87786649f326f001c,SHARED_REFERENCE
NG-ELEV-OBS-000960,NG-SPT-000960,33.88,5.092533,1579,datum:novegeo:elevation:mean-sea-level,PLATEAU,QUALIFIED,dataset:novegeo:terrain:elevation,1,data/novegeo/geography/terrain/qualified/novegeo_terrain_v001.json,f03d14ce483280aff6662dc808c840a14a4cd035fedd4fe87786649f326f001c,SHARED_REFERENCE
NG-ELEV-OBS-000961,NG-SPT-000961,34.3,5.092533,1645,datum:novegeo:elevation:mean-sea-level,PLATEAU,QUALIFIED,dataset:novegeo:terrain:elevation,1,data/novegeo/geography/terrain/qualified/novegeo_terrain_v001.json,f03d14ce483280aff6662dc808c840a14a4cd035fedd4fe87786649f326f001c,SHARED_REFERENCE
NG-ELEV-OBS-000962,NG-SPT-000962,34.72,5.092533,1646,datum:novegeo:elevation:mean-sea-level,PLATEAU,QUALIFIED,dataset:novegeo:terrain:elevation,1,data/novegeo/geography/terrain/qualified/novegeo_terrain_v001.json,f03d14ce483280aff6662dc808c840a14a4cd035fedd4fe87786649f326f001c,SHARED_REFERENCE
NG-ELEV-OBS-000963,NG-SPT-000963,35.14,5.092533,1581,datum:novegeo:elevation:mean-sea-level,PLATEAU,QUALIFIED,dataset:novegeo:terrain:elevation,1,data/novegeo/geography/terrain/qualified/novegeo_terrain_v001.json,f03d14ce483280aff6662dc808c840a14a4cd035fedd4fe87786649f326f001c,SHARED_REFERENCE
NG-ELEV-OBS-000964,NG-SPT-000964,35.56,5.092533,1457,datum:novegeo:elevation:mean-sea-level,PLATEAU,QUALIFIED,dataset:novegeo:terrain:elevation,1,data/novegeo/geography/terrain/qualified/novegeo_terrain_v001.json,f03d14ce483280aff6662dc808c840a14a4cd035fedd4fe87786649f326f001c,SHARED_REFERENCE
NG-ELEV-OBS-000965,NG-SPT-000965,35.98,5.092533,1292,datum:novegeo:elevation:mean-sea-level,PLATEAU,QUALIFIED,dataset:novegeo:terrain:elevation,1,data/novegeo/geography/terrain/qualified/novegeo_terrain_v001.json,f03d14ce483280aff6662dc808c840a14a4cd035fedd4fe87786649f326f001c,SHARED_REFERENCE
NG-ELEV-OBS-000966,NG-SPT-000966,36.4,5.092533,1108,datum:novegeo:elevation:mean-sea-level,PLATEAU,QUALIFIED,dataset:novegeo:terrain:elevation,1,data/novegeo/geography/terrain/qualified/novegeo_terrain_v001.json,f03d14ce483280aff6662dc808c840a14a4cd035fedd4fe87786649f326f001c,SHARED_REFERENCE
NG-ELEV-OBS-000967,NG-SPT-000967,36.82,5.092533,932,datum:novegeo:elevation:mean-sea-level,VALLEY,QUALIFIED,dataset:novegeo:terrain:elevation,1,data/novegeo/geography/terrain/qualified/novegeo_terrain_v001.json,f03d14ce483280aff6662dc808c840a14a4cd035fedd4fe87786649f326f001c,SHARED_REFERENCE
NG-ELEV-OBS-000968,NG-SPT-000968,37.24,5.092533,785,datum:novegeo:elevation:mean-sea-level,PLAIN,QUALIFIED,dataset:novegeo:terrain:elevation,1,data/novegeo/geography/terrain/qualified/novegeo_terrain_v001.json,f03d14ce483280aff6662dc808c840a14a4cd035fedd4fe87786649f326f001c,SHARED_REFERENCE
NG-ELEV-OBS-000969,NG-SPT-000969,37.66,5.092533,681,datum:novegeo:elevation:mean-sea-level,PLAIN,QUALIFIED,dataset:novegeo:terrain:elevation,1,data/novegeo/geography/terrain/qualified/novegeo_terrain_v001.json,f03d14ce483280aff6662dc808c840a14a4cd035fedd4fe87786649f326f001c,SHARED_REFERENCE
NG-ELEV-OBS-000970,NG-SPT-000970,38.08,5.092533,624,datum:novegeo:elevation:mean-sea-level,PLAIN,QUALIFIED,dataset:novegeo:terrain:elevation,1,data/novegeo/geography/terrain/qualified/novegeo_terrain_v001.json,f03d14ce483280aff6662dc808c840a14a4cd035fedd4fe87786649f326f001c,SHARED_REFERENCE
NG-ELEV-OBS-000971,NG-SPT-000971,38.5,5.092533,611,datum:novegeo:elevation:mean-sea-level,PLAIN,QUALIFIED,dataset:novegeo:terrain:elevation,1,data/novegeo/geography/terrain/qualified/novegeo_terrain_v001.json,f03d14ce483280aff6662dc808c840a14a4cd035fedd4fe87786649f326f001c,SHARED_REFERENCE
NG-ELEV-OBS-000972,NG-SPT-000972,38.92,5.092533,632,datum:novegeo:elevation:mean-sea-level,PLAIN,QUALIFIED,dataset:novegeo:terrain:elevation,1,data/novegeo/geography/terrain/qualified/novegeo_terrain_v001.json,f03d14ce483280aff6662dc808c840a14a4cd035fedd4fe87786649f326f001c,SHARED_REFERENCE
NG-ELEV-OBS-000973,NG-SPT-000973,39.34,5.092533,675,datum:novegeo:elevation:mean-sea-level,PLAIN,QUALIFIED,dataset:novegeo:terrain:elevation,1,data/novegeo/geography/terrain/qualified/novegeo_terrain_v001.json,f03d14ce483280aff6662dc808c840a14a4cd035fedd4fe87786649f326f001c,SHARED_REFERENCE
NG-ELEV-OBS-000974,NG-SPT-000974,39.76,5.092533,727,datum:novegeo:elevation:mean-sea-level,PLAIN,QUALIFIED,dataset:novegeo:terrain:elevation,1,data/novegeo/geography/terrain/qualified/novegeo_terrain_v001.json,f03d14ce483280aff6662dc808c840a14a4cd035fedd4fe87786649f326f001c,SHARED_REFERENCE
NG-ELEV-OBS-000975,NG-SPT-000975,40.18,5.092533,774,datum:novegeo:elevation:mean-sea-level,PLAIN,QUALIFIED,dataset:novegeo:terrain:elevation,1,data/novegeo/geography/terrain/qualified/novegeo_terrain_v001.json,f03d14ce483280aff6662dc808c840a14a4cd035fedd4fe87786649f326f001c,SHARED_REFERENCE
NG-ELEV-OBS-000976,NG-SPT-000976,40.6,5.092533,801,datum:novegeo:elevation:mean-sea-level,PLAIN,QUALIFIED,dataset:novegeo:terrain:elevation,1,data/novegeo/geography/terrain/qualified/novegeo_terrain_v001.json,f03d14ce483280aff6662dc808c840a14a4cd035fedd4fe87786649f326f001c,SHARED_REFERENCE
NG-ELEV-OBS-000977,NG-SPT-000977,41.02,5.092533,799,datum:novegeo:elevation:mean-sea-level,PLAIN,QUALIFIED,dataset:novegeo:terrain:elevation,1,data/novegeo/geography/terrain/qualified/novegeo_terrain_v001.json,f03d14ce483280aff6662dc808c840a14a4cd035fedd4fe87786649f326f001c,SHARED_REFERENCE
NG-ELEV-OBS-000978,NG-SPT-000978,41.44,5.092533,763,datum:novegeo:elevation:mean-sea-level,PLAIN,QUALIFIED,dataset:novegeo:terrain:elevation,1,data/novegeo/geography/terrain/qualified/novegeo_terrain_v001.json,f03d14ce483280aff6662dc808c840a14a4cd035fedd4fe87786649f326f001c,SHARED_REFERENCE
NG-ELEV-OBS-000979,NG-SPT-000979,41.86,5.092533,699,datum:novegeo:elevation:mean-sea-level,PLAIN,QUALIFIED,dataset:novegeo:terrain:elevation,1,data/novegeo/geography/terrain/qualified/novegeo_terrain_v001.json,f03d14ce483280aff6662dc808c840a14a4cd035fedd4fe87786649f326f001c,SHARED_REFERENCE
NG-ELEV-OBS-000980,NG-SPT-000980,44.38,5.092533,258,datum:novegeo:elevation:mean-sea-level,PLAIN,QUALIFIED,dataset:novegeo:terrain:elevation,1,data/novegeo/geography/terrain/qualified/novegeo_terrain_v001.json,f03d14ce483280aff6662dc808c840a14a4cd035fedd4fe87786649f326f001c,SHARED_REFERENCE
NG-ELEV-OBS-000981,NG-SPT-000981,30.52,5.512533,310,datum:novegeo:elevation:mean-sea-level,PLAIN,QUALIFIED,dataset:novegeo:terrain:elevation,1,data/novegeo/geography/terrain/qualified/novegeo_terrain_v001.json,f03d14ce483280aff6662dc808c840a14a4cd035fedd4fe87786649f326f001c,SHARED_REFERENCE
NG-ELEV-OBS-000982,NG-SPT-000982,30.94,5.512533,408,datum:novegeo:elevation:mean-sea-level,PLAIN,QUALIFIED,dataset:novegeo:terrain:elevation,1,data/novegeo/geography/terrain/qualified/novegeo_terrain_v001.json,f03d14ce483280aff6662dc808c840a14a4cd035fedd4fe87786649f326f001c,SHARED_REFERENCE
NG-ELEV-OBS-000983,NG-SPT-000983,31.36,5.512533,520,datum:novegeo:elevation:mean-sea-level,PLAIN,QUALIFIED,dataset:novegeo:terrain:elevation,1,data/novegeo/geography/terrain/qualified/novegeo_terrain_v001.json,f03d14ce483280aff6662dc808c840a14a4cd035fedd4fe87786649f326f001c,SHARED_REFERENCE
NG-ELEV-OBS-000984,NG-SPT-000984,31.78,5.512533,650,datum:novegeo:elevation:mean-sea-level,PLAIN,QUALIFIED,dataset:novegeo:terrain:elevation,1,data/novegeo/geography/terrain/qualified/novegeo_terrain_v001.json,f03d14ce483280aff6662dc808c840a14a4cd035fedd4fe87786649f326f001c,SHARED_REFERENCE
NG-ELEV-OBS-000985,NG-SPT-000985,32.2,5.512533,800,datum:novegeo:elevation:mean-sea-level,PLAIN,QUALIFIED,dataset:novegeo:terrain:elevation,1,data/novegeo/geography/terrain/qualified/novegeo_terrain_v001.json,f03d14ce483280aff6662dc808c840a14a4cd035fedd4fe87786649f326f001c,SHARED_REFERENCE
NG-ELEV-OBS-000986,NG-SPT-000986,32.62,5.512533,959,datum:novegeo:elevation:mean-sea-level,PLAIN,QUALIFIED,dataset:novegeo:terrain:elevation,1,data/novegeo/geography/terrain/qualified/novegeo_terrain_v001.json,f03d14ce483280aff6662dc808c840a14a4cd035fedd4fe87786649f326f001c,SHARED_REFERENCE
NG-ELEV-OBS-000987,NG-SPT-000987,33.04,5.512533,1113,datum:novegeo:elevation:mean-sea-level,PLATEAU,QUALIFIED,dataset:novegeo:terrain:elevation,1,data/novegeo/geography/terrain/qualified/novegeo_terrain_v001.json,f03d14ce483280aff6662dc808c840a14a4cd035fedd4fe87786649f326f001c,SHARED_REFERENCE
NG-ELEV-OBS-000988,NG-SPT-000988,33.46,5.512533,1249,datum:novegeo:elevation:mean-sea-level,PLATEAU,QUALIFIED,dataset:novegeo:terrain:elevation,1,data/novegeo/geography/terrain/qualified/novegeo_terrain_v001.json,f03d14ce483280aff6662dc808c840a14a4cd035fedd4fe87786649f326f001c,SHARED_REFERENCE
NG-ELEV-OBS-000989,NG-SPT-000989,33.88,5.512533,1350,datum:novegeo:elevation:mean-sea-level,PLATEAU,QUALIFIED,dataset:novegeo:terrain:elevation,1,data/novegeo/geography/terrain/qualified/novegeo_terrain_v001.json,f03d14ce483280aff6662dc808c840a14a4cd035fedd4fe87786649f326f001c,SHARED_REFERENCE
NG-ELEV-OBS-000990,NG-SPT-000990,34.3,5.512533,1404,datum:novegeo:elevation:mean-sea-level,PLATEAU,QUALIFIED,dataset:novegeo:terrain:elevation,1,data/novegeo/geography/terrain/qualified/novegeo_terrain_v001.json,f03d14ce483280aff6662dc808c840a14a4cd035fedd4fe87786649f326f001c,SHARED_REFERENCE
NG-ELEV-OBS-000991,NG-SPT-000991,34.72,5.512533,1404,datum:novegeo:elevation:mean-sea-level,PLATEAU,QUALIFIED,dataset:novegeo:terrain:elevation,1,data/novegeo/geography/terrain/qualified/novegeo_terrain_v001.json,f03d14ce483280aff6662dc808c840a14a4cd035fedd4fe87786649f326f001c,SHARED_REFERENCE
NG-ELEV-OBS-000992,NG-SPT-000992,35.14,5.512533,1348,datum:novegeo:elevation:mean-sea-level,PLATEAU,QUALIFIED,dataset:novegeo:terrain:elevation,1,data/novegeo/geography/terrain/qualified/novegeo_terrain_v001.json,f03d14ce483280aff6662dc808c840a14a4cd035fedd4fe87786649f326f001c,SHARED_REFERENCE
NG-ELEV-OBS-000993,NG-SPT-000993,35.56,5.512533,1242,datum:novegeo:elevation:mean-sea-level,PLATEAU,QUALIFIED,dataset:novegeo:terrain:elevation,1,data/novegeo/geography/terrain/qualified/novegeo_terrain_v001.json,f03d14ce483280aff6662dc808c840a14a4cd035fedd4fe87786649f326f001c,SHARED_REFERENCE
NG-ELEV-OBS-000994,NG-SPT-000994,35.98,5.512533,1101,datum:novegeo:elevation:mean-sea-level,PLATEAU,QUALIFIED,dataset:novegeo:terrain:elevation,1,data/novegeo/geography/terrain/qualified/novegeo_terrain_v001.json,f03d14ce483280aff6662dc808c840a14a4cd035fedd4fe87786649f326f001c,SHARED_REFERENCE
NG-ELEV-OBS-000995,NG-SPT-000995,36.4,5.512533,944,datum:novegeo:elevation:mean-sea-level,VALLEY,QUALIFIED,dataset:novegeo:terrain:elevation,1,data/novegeo/geography/terrain/qualified/novegeo_terrain_v001.json,f03d14ce483280aff6662dc808c840a14a4cd035fedd4fe87786649f326f001c,SHARED_REFERENCE
NG-ELEV-OBS-000996,NG-SPT-000996,36.82,5.512533,793,datum:novegeo:elevation:mean-sea-level,VALLEY,QUALIFIED,dataset:novegeo:terrain:elevation,1,data/novegeo/geography/terrain/qualified/novegeo_terrain_v001.json,f03d14ce483280aff6662dc808c840a14a4cd035fedd4fe87786649f326f001c,SHARED_REFERENCE
NG-ELEV-OBS-000997,NG-SPT-000997,37.24,5.512533,664,datum:novegeo:elevation:mean-sea-level,PLAIN,QUALIFIED,dataset:novegeo:terrain:elevation,1,data/novegeo/geography/terrain/qualified/novegeo_terrain_v001.json,f03d14ce483280aff6662dc808c840a14a4cd035fedd4fe87786649f326f001c,SHARED_REFERENCE
NG-ELEV-OBS-000998,NG-SPT-000998,37.66,5.512533,571,datum:novegeo:elevation:mean-sea-level,PLAIN,QUALIFIED,dataset:novegeo:terrain:elevation,1,data/novegeo/geography/terrain/qualified/novegeo_terrain_v001.json,f03d14ce483280aff6662dc808c840a14a4cd035fedd4fe87786649f326f001c,SHARED_REFERENCE
NG-ELEV-OBS-000999,NG-SPT-000999,38.08,5.512533,516,datum:novegeo:elevation:mean-sea-level,PLAIN,QUALIFIED,dataset:novegeo:terrain:elevation,1,data/novegeo/geography/terrain/qualified/novegeo_terrain_v001.json,f03d14ce483280aff6662dc808c840a14a4cd035fedd4fe87786649f326f001c,SHARED_REFERENCE
NG-ELEV-OBS-001000,NG-SPT-001000,38.5,5.512533,497,datum:novegeo:elevation:mean-sea-level,PLAIN,QUALIFIED,dataset:novegeo:terrain:elevation,1,data/novegeo/geography/terrain/qualified/novegeo_terrain_v001.json,f03d14ce483280aff6662dc808c840a14a4cd035fedd4fe87786649f326f001c,SHARED_REFERENCE
NG-ELEV-OBS-001001,NG-SPT-001001,38.92,5.512533,506,datum:novegeo:elevation:mean-sea-level,PLAIN,QUALIFIED,dataset:novegeo:terrain:elevation,1,data/novegeo/geography/terrain/qualified/novegeo_terrain_v001.json,f03d14ce483280aff6662dc808c840a14a4cd035fedd4fe87786649f326f001c,SHARED_REFERENCE
NG-ELEV-OBS-001002,NG-SPT-001002,39.34,5.512533,535,datum:novegeo:elevation:mean-sea-level,PLAIN,QUALIFIED,dataset:novegeo:terrain:elevation,1,data/novegeo/geography/terrain/qualified/novegeo_terrain_v001.json,f03d14ce483280aff6662dc808c840a14a4cd035fedd4fe87786649f326f001c,SHARED_REFERENCE
NG-ELEV-OBS-001003,NG-SPT-001003,39.76,5.512533,573,datum:novegeo:elevation:mean-sea-level,PLAIN,QUALIFIED,dataset:novegeo:terrain:elevation,1,data/novegeo/geography/terrain/qualified/novegeo_terrain_v001.json,f03d14ce483280aff6662dc808c840a14a4cd035fedd4fe87786649f326f001c,SHARED_REFERENCE
NG-ELEV-OBS-001004,NG-SPT-001004,40.18,5.512533,608,datum:novegeo:elevation:mean-sea-level,PLAIN,QUALIFIED,dataset:novegeo:terrain:elevation,1,data/novegeo/geography/terrain/qualified/novegeo_terrain_v001.json,f03d14ce483280aff6662dc808c840a14a4cd035fedd4fe87786649f326f001c,SHARED_REFERENCE
NG-ELEV-OBS-001005,NG-SPT-001005,40.6,5.512533,629,datum:novegeo:elevation:mean-sea-level,PLAIN,QUALIFIED,dataset:novegeo:terrain:elevation,1,data/novegeo/geography/terrain/qualified/novegeo_terrain_v001.json,f03d14ce483280aff6662dc808c840a14a4cd035fedd4fe87786649f326f001c,SHARED_REFERENCE
NG-ELEV-OBS-001006,NG-SPT-001006,41.02,5.512533,629,datum:novegeo:elevation:mean-sea-level,PLAIN,QUALIFIED,dataset:novegeo:terrain:elevation,1,data/novegeo/geography/terrain/qualified/novegeo_terrain_v001.json,f03d14ce483280aff6662dc808c840a14a4cd035fedd4fe87786649f326f001c,SHARED_REFERENCE
NG-ELEV-OBS-001007,NG-SPT-001007,30.52,5.932533,284,datum:novegeo:elevation:mean-sea-level,PLAIN,QUALIFIED,dataset:novegeo:terrain:elevation,1,data/novegeo/geography/terrain/qualified/novegeo_terrain_v001.json,f03d14ce483280aff6662dc808c840a14a4cd035fedd4fe87786649f326f001c,SHARED_REFERENCE
NG-ELEV-OBS-001008,NG-SPT-001008,30.94,5.932533,366,datum:novegeo:elevation:mean-sea-level,PLAIN,QUALIFIED,dataset:novegeo:terrain:elevation,1,data/novegeo/geography/terrain/qualified/novegeo_terrain_v001.json,f03d14ce483280aff6662dc808c840a14a4cd035fedd4fe87786649f326f001c,SHARED_REFERENCE
NG-ELEV-OBS-001009,NG-SPT-001009,31.36,5.932533,452,datum:novegeo:elevation:mean-sea-level,PLAIN,QUALIFIED,dataset:novegeo:terrain:elevation,1,data/novegeo/geography/terrain/qualified/novegeo_terrain_v001.json,f03d14ce483280aff6662dc808c840a14a4cd035fedd4fe87786649f326f001c,SHARED_REFERENCE
NG-ELEV-OBS-001010,NG-SPT-001010,31.78,5.932533,557,datum:novegeo:elevation:mean-sea-level,PLAIN,QUALIFIED,dataset:novegeo:terrain:elevation,1,data/novegeo/geography/terrain/qualified/novegeo_terrain_v001.json,f03d14ce483280aff6662dc808c840a14a4cd035fedd4fe87786649f326f001c,SHARED_REFERENCE
NG-ELEV-OBS-001011,NG-SPT-001011,32.2,5.932533,679,datum:novegeo:elevation:mean-sea-level,PLAIN,QUALIFIED,dataset:novegeo:terrain:elevation,1,data/novegeo/geography/terrain/qualified/novegeo_terrain_v001.json,f03d14ce483280aff6662dc808c840a14a4cd035fedd4fe87786649f326f001c,SHARED_REFERENCE
NG-ELEV-OBS-001012,NG-SPT-001012,32.62,5.932533,808,datum:novegeo:elevation:mean-sea-level,PLAIN,QUALIFIED,dataset:novegeo:terrain:elevation,1,data/novegeo/geography/terrain/qualified/novegeo_terrain_v001.json,f03d14ce483280aff6662dc808c840a14a4cd035fedd4fe87786649f326f001c,SHARED_REFERENCE
NG-ELEV-OBS-001013,NG-SPT-001013,33.04,5.932533,934,datum:novegeo:elevation:mean-sea-level,PLAIN,QUALIFIED,dataset:novegeo:terrain:elevation,1,data/novegeo/geography/terrain/qualified/novegeo_terrain_v001.json,f03d14ce483280aff6662dc808c840a14a4cd035fedd4fe87786649f326f001c,SHARED_REFERENCE
NG-ELEV-OBS-001014,NG-SPT-001014,33.46,5.932533,1045,datum:novegeo:elevation:mean-sea-level,PLAIN,QUALIFIED,dataset:novegeo:terrain:elevation,1,data/novegeo/geography/terrain/qualified/novegeo_terrain_v001.json,f03d14ce483280aff6662dc808c840a14a4cd035fedd4fe87786649f326f001c,SHARED_REFERENCE
NG-ELEV-OBS-001015,NG-SPT-001015,33.88,5.932533,1127,datum:novegeo:elevation:mean-sea-level,PLATEAU,QUALIFIED,dataset:novegeo:terrain:elevation,1,data/novegeo/geography/terrain/qualified/novegeo_terrain_v001.json,f03d14ce483280aff6662dc808c840a14a4cd035fedd4fe87786649f326f001c,SHARED_REFERENCE
NG-ELEV-OBS-001016,NG-SPT-001016,34.3,5.932533,1170,datum:novegeo:elevation:mean-sea-level,PLATEAU,QUALIFIED,dataset:novegeo:terrain:elevation,1,data/novegeo/geography/terrain/qualified/novegeo_terrain_v001.json,f03d14ce483280aff6662dc808c840a14a4cd035fedd4fe87786649f326f001c,SHARED_REFERENCE
NG-ELEV-OBS-001017,NG-SPT-001017,34.72,5.932533,1168,datum:novegeo:elevation:mean-sea-level,PLATEAU,QUALIFIED,dataset:novegeo:terrain:elevation,1,data/novegeo/geography/terrain/qualified/novegeo_terrain_v001.json,f03d14ce483280aff6662dc808c840a14a4cd035fedd4fe87786649f326f001c,SHARED_REFERENCE
NG-ELEV-OBS-001018,NG-SPT-001018,35.14,5.932533,1120,datum:novegeo:elevation:mean-sea-level,PLATEAU,QUALIFIED,dataset:novegeo:terrain:elevation,1,data/novegeo/geography/terrain/qualified/novegeo_terrain_v001.json,f03d14ce483280aff6662dc808c840a14a4cd035fedd4fe87786649f326f001c,SHARED_REFERENCE
NG-ELEV-OBS-001019,NG-SPT-001019,35.56,5.932533,1032,datum:novegeo:elevation:mean-sea-level,VALLEY,QUALIFIED,dataset:novegeo:terrain:elevation,1,data/novegeo/geography/terrain/qualified/novegeo_terrain_v001.json,f03d14ce483280aff6662dc808c840a14a4cd035fedd4fe87786649f326f001c,SHARED_REFERENCE
NG-ELEV-OBS-001020,NG-SPT-001020,35.98,5.932533,915,datum:novegeo:elevation:mean-sea-level,VALLEY,QUALIFIED,dataset:novegeo:terrain:elevation,1,data/novegeo/geography/terrain/qualified/novegeo_terrain_v001.json,f03d14ce483280aff6662dc808c840a14a4cd035fedd4fe87786649f326f001c,SHARED_REFERENCE
NG-ELEV-OBS-001021,NG-SPT-001021,36.4,5.932533,784,datum:novegeo:elevation:mean-sea-level,VALLEY,QUALIFIED,dataset:novegeo:terrain:elevation,1,data/novegeo/geography/terrain/qualified/novegeo_terrain_v001.json,f03d14ce483280aff6662dc808c840a14a4cd035fedd4fe87786649f326f001c,SHARED_REFERENCE
NG-ELEV-OBS-001022,NG-SPT-001022,36.82,5.932533,657,datum:novegeo:elevation:mean-sea-level,VALLEY,QUALIFIED,dataset:novegeo:terrain:elevation,1,data/novegeo/geography/terrain/qualified/novegeo_terrain_v001.json,f03d14ce483280aff6662dc808c840a14a4cd035fedd4fe87786649f326f001c,SHARED_REFERENCE
NG-ELEV-OBS-001023,NG-SPT-001023,37.24,5.932533,548,datum:novegeo:elevation:mean-sea-level,PLAIN,QUALIFIED,dataset:novegeo:terrain:elevation,1,data/novegeo/geography/terrain/qualified/novegeo_terrain_v001.json,f03d14ce483280aff6662dc808c840a14a4cd035fedd4fe87786649f326f001c,SHARED_REFERENCE
NG-ELEV-OBS-001024,NG-SPT-001024,37.66,5.932533,467,datum:novegeo:elevation:mean-sea-level,PLAIN,QUALIFIED,dataset:novegeo:terrain:elevation,1,data/novegeo/geography/terrain/qualified/novegeo_terrain_v001.json,f03d14ce483280aff6662dc808c840a14a4cd035fedd4fe87786649f326f001c,SHARED_REFERENCE
NG-ELEV-OBS-001025,NG-SPT-001025,38.08,5.932533,416,datum:novegeo:elevation:mean-sea-level,PLAIN,QUALIFIED,dataset:novegeo:terrain:elevation,1,data/novegeo/geography/terrain/qualified/novegeo_terrain_v001.json,f03d14ce483280aff6662dc808c840a14a4cd035fedd4fe87786649f326f001c,SHARED_REFERENCE
NG-ELEV-OBS-001026,NG-SPT-001026,38.5,5.932533,394,datum:novegeo:elevation:mean-sea-level,PLAIN,QUALIFIED,dataset:novegeo:terrain:elevation,1,data/novegeo/geography/terrain/qualified/novegeo_terrain_v001.json,f03d14ce483280aff6662dc808c840a14a4cd035fedd4fe87786649f326f001c,SHARED_REFERENCE
NG-ELEV-OBS-001027,NG-SPT-001027,38.92,5.932533,394,datum:novegeo:elevation:mean-sea-level,PLAIN,QUALIFIED,dataset:novegeo:terrain:elevation,1,data/novegeo/geography/terrain/qualified/novegeo_terrain_v001.json,f03d14ce483280aff6662dc808c840a14a4cd035fedd4fe87786649f326f001c,SHARED_REFERENCE
NG-ELEV-OBS-001028,NG-SPT-001028,39.34,5.932533,411,datum:novegeo:elevation:mean-sea-level,PLAIN,QUALIFIED,dataset:novegeo:terrain:elevation,1,data/novegeo/geography/terrain/qualified/novegeo_terrain_v001.json,f03d14ce483280aff6662dc808c840a14a4cd035fedd4fe87786649f326f001c,SHARED_REFERENCE
NG-ELEV-OBS-001029,NG-SPT-001029,39.76,5.932533,436,datum:novegeo:elevation:mean-sea-level,PLAIN,QUALIFIED,dataset:novegeo:terrain:elevation,1,data/novegeo/geography/terrain/qualified/novegeo_terrain_v001.json,f03d14ce483280aff6662dc808c840a14a4cd035fedd4fe87786649f326f001c,SHARED_REFERENCE
NG-ELEV-OBS-001030,NG-SPT-001030,40.18,5.932533,460,datum:novegeo:elevation:mean-sea-level,PLAIN,QUALIFIED,dataset:novegeo:terrain:elevation,1,data/novegeo/geography/terrain/qualified/novegeo_terrain_v001.json,f03d14ce483280aff6662dc808c840a14a4cd035fedd4fe87786649f326f001c,SHARED_REFERENCE
NG-ELEV-OBS-001031,NG-SPT-001031,40.6,5.932533,476,datum:novegeo:elevation:mean-sea-level,PLAIN,QUALIFIED,dataset:novegeo:terrain:elevation,1,data/novegeo/geography/terrain/qualified/novegeo_terrain_v001.json,f03d14ce483280aff6662dc808c840a14a4cd035fedd4fe87786649f326f001c,SHARED_REFERENCE
NG-ELEV-OBS-001032,NG-SPT-001032,41.02,5.932533,477,datum:novegeo:elevation:mean-sea-level,PLAIN,QUALIFIED,dataset:novegeo:terrain:elevation,1,data/novegeo/geography/terrain/qualified/novegeo_terrain_v001.json,f03d14ce483280aff6662dc808c840a14a4cd035fedd4fe87786649f326f001c,SHARED_REFERENCE
NG-ELEV-OBS-001033,NG-SPT-001033,30.52,6.352533,262,datum:novegeo:elevation:mean-sea-level,PLAIN,QUALIFIED,dataset:novegeo:terrain:elevation,1,data/novegeo/geography/terrain/qualified/novegeo_terrain_v001.json,f03d14ce483280aff6662dc808c840a14a4cd035fedd4fe87786649f326f001c,SHARED_REFERENCE
NG-ELEV-OBS-001034,NG-SPT-001034,30.94,6.352533,310,datum:novegeo:elevation:mean-sea-level,PLAIN,QUALIFIED,dataset:novegeo:terrain:elevation,1,data/novegeo/geography/terrain/qualified/novegeo_terrain_v001.json,f03d14ce483280aff6662dc808c840a14a4cd035fedd4fe87786649f326f001c,SHARED_REFERENCE
NG-ELEV-OBS-001035,NG-SPT-001035,31.36,6.352533,375,datum:novegeo:elevation:mean-sea-level,PLAIN,QUALIFIED,dataset:novegeo:terrain:elevation,1,data/novegeo/geography/terrain/qualified/novegeo_terrain_v001.json,f03d14ce483280aff6662dc808c840a14a4cd035fedd4fe87786649f326f001c,SHARED_REFERENCE
NG-ELEV-OBS-001036,NG-SPT-001036,31.78,6.352533,457,datum:novegeo:elevation:mean-sea-level,PLAIN,QUALIFIED,dataset:novegeo:terrain:elevation,1,data/novegeo/geography/terrain/qualified/novegeo_terrain_v001.json,f03d14ce483280aff6662dc808c840a14a4cd035fedd4fe87786649f326f001c,SHARED_REFERENCE
NG-ELEV-OBS-001037,NG-SPT-001037,32.2,6.352533,552,datum:novegeo:elevation:mean-sea-level,PLAIN,QUALIFIED,dataset:novegeo:terrain:elevation,1,data/novegeo/geography/terrain/qualified/novegeo_terrain_v001.json,f03d14ce483280aff6662dc808c840a14a4cd035fedd4fe87786649f326f001c,SHARED_REFERENCE
NG-ELEV-OBS-001038,NG-SPT-001038,32.62,6.352533,654,datum:novegeo:elevation:mean-sea-level,PLAIN,QUALIFIED,dataset:novegeo:terrain:elevation,1,data/novegeo/geography/terrain/qualified/novegeo_terrain_v001.json,f03d14ce483280aff6662dc808c840a14a4cd035fedd4fe87786649f326f001c,SHARED_REFERENCE
NG-ELEV-OBS-001039,NG-SPT-001039,33.04,6.352533,753,datum:novegeo:elevation:mean-sea-level,PLAIN,QUALIFIED,dataset:novegeo:terrain:elevation,1,data/novegeo/geography/terrain/qualified/novegeo_terrain_v001.json,f03d14ce483280aff6662dc808c840a14a4cd035fedd4fe87786649f326f001c,SHARED_REFERENCE
NG-ELEV-OBS-001040,NG-SPT-001040,33.46,6.352533,840,datum:novegeo:elevation:mean-sea-level,PLAIN,QUALIFIED,dataset:novegeo:terrain:elevation,1,data/novegeo/geography/terrain/qualified/novegeo_terrain_v001.json,f03d14ce483280aff6662dc808c840a14a4cd035fedd4fe87786649f326f001c,SHARED_REFERENCE
NG-ELEV-OBS-001041,NG-SPT-001041,33.88,6.352533,904,datum:novegeo:elevation:mean-sea-level,PLAIN,QUALIFIED,dataset:novegeo:terrain:elevation,1,data/novegeo/geography/terrain/qualified/novegeo_terrain_v001.json,f03d14ce483280aff6662dc808c840a14a4cd035fedd4fe87786649f326f001c,SHARED_REFERENCE
NG-ELEV-OBS-001042,NG-SPT-001042,34.3,6.352533,937,datum:novegeo:elevation:mean-sea-level,PLAIN,QUALIFIED,dataset:novegeo:terrain:elevation,1,data/novegeo/geography/terrain/qualified/novegeo_terrain_v001.json,f03d14ce483280aff6662dc808c840a14a4cd035fedd4fe87786649f326f001c,SHARED_REFERENCE
NG-ELEV-OBS-001043,NG-SPT-001043,34.72,6.352533,934,datum:novegeo:elevation:mean-sea-level,PLAIN,QUALIFIED,dataset:novegeo:terrain:elevation,1,data/novegeo/geography/terrain/qualified/novegeo_terrain_v001.json,f03d14ce483280aff6662dc808c840a14a4cd035fedd4fe87786649f326f001c,SHARED_REFERENCE
NG-ELEV-OBS-001044,NG-SPT-001044,35.14,6.352533,894,datum:novegeo:elevation:mean-sea-level,VALLEY,QUALIFIED,dataset:novegeo:terrain:elevation,1,data/novegeo/geography/terrain/qualified/novegeo_terrain_v001.json,f03d14ce483280aff6662dc808c840a14a4cd035fedd4fe87786649f326f001c,SHARED_REFERENCE
NG-ELEV-OBS-001045,NG-SPT-001045,35.56,6.352533,821,datum:novegeo:elevation:mean-sea-level,VALLEY,QUALIFIED,dataset:novegeo:terrain:elevation,1,data/novegeo/geography/terrain/qualified/novegeo_terrain_v001.json,f03d14ce483280aff6662dc808c840a14a4cd035fedd4fe87786649f326f001c,SHARED_REFERENCE
NG-ELEV-OBS-001046,NG-SPT-001046,35.98,6.352533,726,datum:novegeo:elevation:mean-sea-level,VALLEY,QUALIFIED,dataset:novegeo:terrain:elevation,1,data/novegeo/geography/terrain/qualified/novegeo_terrain_v001.json,f03d14ce483280aff6662dc808c840a14a4cd035fedd4fe87786649f326f001c,SHARED_REFERENCE
NG-ELEV-OBS-001047,NG-SPT-001047,36.4,6.352533,620,datum:novegeo:elevation:mean-sea-level,VALLEY,QUALIFIED,dataset:novegeo:terrain:elevation,1,data/novegeo/geography/terrain/qualified/novegeo_terrain_v001.json,f03d14ce483280aff6662dc808c840a14a4cd035fedd4fe87786649f326f001c,SHARED_REFERENCE
NG-ELEV-OBS-001048,NG-SPT-001048,36.82,6.352533,516,datum:novegeo:elevation:mean-sea-level,VALLEY,QUALIFIED,dataset:novegeo:terrain:elevation,1,data/novegeo/geography/terrain/qualified/novegeo_terrain_v001.json,f03d14ce483280aff6662dc808c840a14a4cd035fedd4fe87786649f326f001c,SHARED_REFERENCE
NG-ELEV-OBS-001049,NG-SPT-001049,37.24,6.352533,426,datum:novegeo:elevation:mean-sea-level,PLAIN,QUALIFIED,dataset:novegeo:terrain:elevation,1,data/novegeo/geography/terrain/qualified/novegeo_terrain_v001.json,f03d14ce483280aff6662dc808c840a14a4cd035fedd4fe87786649f326f001c,SHARED_REFERENCE
NG-ELEV-OBS-001050,NG-SPT-001050,37.66,6.352533,358,datum:novegeo:elevation:mean-sea-level,PLAIN,QUALIFIED,dataset:novegeo:terrain:elevation,1,data/novegeo/geography/terrain/qualified/novegeo_terrain_v001.json,f03d14ce483280aff6662dc808c840a14a4cd035fedd4fe87786649f326f001c,SHARED_REFERENCE
NG-ELEV-OBS-001051,NG-SPT-001051,38.08,6.352533,313,datum:novegeo:elevation:mean-sea-level,PLAIN,QUALIFIED,dataset:novegeo:terrain:elevation,1,data/novegeo/geography/terrain/qualified/novegeo_terrain_v001.json,f03d14ce483280aff6662dc808c840a14a4cd035fedd4fe87786649f326f001c,SHARED_REFERENCE
NG-ELEV-OBS-001052,NG-SPT-001052,38.5,6.352533,290,datum:novegeo:elevation:mean-sea-level,PLAIN,QUALIFIED,dataset:novegeo:terrain:elevation,1,data/novegeo/geography/terrain/qualified/novegeo_terrain_v001.json,f03d14ce483280aff6662dc808c840a14a4cd035fedd4fe87786649f326f001c,SHARED_REFERENCE
NG-ELEV-OBS-001053,NG-SPT-001053,38.92,6.352533,286,datum:novegeo:elevation:mean-sea-level,PLAIN,QUALIFIED,dataset:novegeo:terrain:elevation,1,data/novegeo/geography/terrain/qualified/novegeo_terrain_v001.json,f03d14ce483280aff6662dc808c840a14a4cd035fedd4fe87786649f326f001c,SHARED_REFERENCE
NG-ELEV-OBS-001054,NG-SPT-001054,39.34,6.352533,294,datum:novegeo:elevation:mean-sea-level,PLAIN,QUALIFIED,dataset:novegeo:terrain:elevation,1,data/novegeo/geography/terrain/qualified/novegeo_terrain_v001.json,f03d14ce483280aff6662dc808c840a14a4cd035fedd4fe87786649f326f001c,SHARED_REFERENCE
NG-ELEV-OBS-001055,NG-SPT-001055,39.76,6.352533,309,datum:novegeo:elevation:mean-sea-level,PLAIN,QUALIFIED,dataset:novegeo:terrain:elevation,1,data/novegeo/geography/terrain/qualified/novegeo_terrain_v001.json,f03d14ce483280aff6662dc808c840a14a4cd035fedd4fe87786649f326f001c,SHARED_REFERENCE
NG-ELEV-OBS-001056,NG-SPT-001056,40.18,6.352533,325,datum:novegeo:elevation:mean-sea-level,PLAIN,QUALIFIED,dataset:novegeo:terrain:elevation,1,data/novegeo/geography/terrain/qualified/novegeo_terrain_v001.json,f03d14ce483280aff6662dc808c840a14a4cd035fedd4fe87786649f326f001c,SHARED_REFERENCE
NG-ELEV-OBS-001057,NG-SPT-001057,40.6,6.352533,336,datum:novegeo:elevation:mean-sea-level,PLAIN,QUALIFIED,dataset:novegeo:terrain:elevation,1,data/novegeo/geography/terrain/qualified/novegeo_terrain_v001.json,f03d14ce483280aff6662dc808c840a14a4cd035fedd4fe87786649f326f001c,SHARED_REFERENCE
NG-ELEV-OBS-001058,NG-SPT-001058,31.36,6.772533,307,datum:novegeo:elevation:mean-sea-level,PLAIN,QUALIFIED,dataset:novegeo:terrain:elevation,1,data/novegeo/geography/terrain/qualified/novegeo_terrain_v001.json,f03d14ce483280aff6662dc808c840a14a4cd035fedd4fe87786649f326f001c,SHARED_REFERENCE
NG-ELEV-OBS-001059,NG-SPT-001059,31.78,6.772533,368,datum:novegeo:elevation:mean-sea-level,PLAIN,QUALIFIED,dataset:novegeo:terrain:elevation,1,data/novegeo/geography/terrain/qualified/novegeo_terrain_v001.json,f03d14ce483280aff6662dc808c840a14a4cd035fedd4fe87786649f326f001c,SHARED_REFERENCE
NG-ELEV-OBS-001060,NG-SPT-001060,32.2,6.772533,440,datum:novegeo:elevation:mean-sea-level,PLAIN,QUALIFIED,dataset:novegeo:terrain:elevation,1,data/novegeo/geography/terrain/qualified/novegeo_terrain_v001.json,f03d14ce483280aff6662dc808c840a14a4cd035fedd4fe87786649f326f001c,SHARED_REFERENCE
NG-ELEV-OBS-001061,NG-SPT-001061,32.62,6.772533,517,datum:novegeo:elevation:mean-sea-level,PLAIN,QUALIFIED,dataset:novegeo:terrain:elevation,1,data/novegeo/geography/terrain/qualified/novegeo_terrain_v001.json,f03d14ce483280aff6662dc808c840a14a4cd035fedd4fe87786649f326f001c,SHARED_REFERENCE
NG-ELEV-OBS-001062,NG-SPT-001062,33.04,6.772533,592,datum:novegeo:elevation:mean-sea-level,PLAIN,QUALIFIED,dataset:novegeo:terrain:elevation,1,data/novegeo/geography/terrain/qualified/novegeo_terrain_v001.json,f03d14ce483280aff6662dc808c840a14a4cd035fedd4fe87786649f326f001c,SHARED_REFERENCE
NG-ELEV-OBS-001063,NG-SPT-001063,33.46,6.772533,657,datum:novegeo:elevation:mean-sea-level,PLAIN,QUALIFIED,dataset:novegeo:terrain:elevation,1,data/novegeo/geography/terrain/qualified/novegeo_terrain_v001.json,f03d14ce483280aff6662dc808c840a14a4cd035fedd4fe87786649f326f001c,SHARED_REFERENCE
NG-ELEV-OBS-001064,NG-SPT-001064,33.88,6.772533,704,datum:novegeo:elevation:mean-sea-level,PLAIN,QUALIFIED,dataset:novegeo:terrain:elevation,1,data/novegeo/geography/terrain/qualified/novegeo_terrain_v001.json,f03d14ce483280aff6662dc808c840a14a4cd035fedd4fe87786649f326f001c,SHARED_REFERENCE
NG-ELEV-OBS-001065,NG-SPT-001065,34.3,6.772533,727,datum:novegeo:elevation:mean-sea-level,PLAIN,QUALIFIED,dataset:novegeo:terrain:elevation,1,data/novegeo/geography/terrain/qualified/novegeo_terrain_v001.json,f03d14ce483280aff6662dc808c840a14a4cd035fedd4fe87786649f326f001c,SHARED_REFERENCE
NG-ELEV-OBS-001066,NG-SPT-001066,34.72,6.772533,722,datum:novegeo:elevation:mean-sea-level,PLAIN,QUALIFIED,dataset:novegeo:terrain:elevation,1,data/novegeo/geography/terrain/qualified/novegeo_terrain_v001.json,f03d14ce483280aff6662dc808c840a14a4cd035fedd4fe87786649f326f001c,SHARED_REFERENCE
NG-ELEV-OBS-001067,NG-SPT-001067,35.14,6.772533,689,datum:novegeo:elevation:mean-sea-level,VALLEY,QUALIFIED,dataset:novegeo:terrain:elevation,1,data/novegeo/geography/terrain/qualified/novegeo_terrain_v001.json,f03d14ce483280aff6662dc808c840a14a4cd035fedd4fe87786649f326f001c,SHARED_REFERENCE
NG-ELEV-OBS-001068,NG-SPT-001068,35.56,6.772533,630,datum:novegeo:elevation:mean-sea-level,VALLEY,QUALIFIED,dataset:novegeo:terrain:elevation,1,data/novegeo/geography/terrain/qualified/novegeo_terrain_v001.json,f03d14ce483280aff6662dc808c840a14a4cd035fedd4fe87786649f326f001c,SHARED_REFERENCE
NG-ELEV-OBS-001069,NG-SPT-001069,35.98,6.772533,554,datum:novegeo:elevation:mean-sea-level,VALLEY,QUALIFIED,dataset:novegeo:terrain:elevation,1,data/novegeo/geography/terrain/qualified/novegeo_terrain_v001.json,f03d14ce483280aff6662dc808c840a14a4cd035fedd4fe87786649f326f001c,SHARED_REFERENCE
NG-ELEV-OBS-001070,NG-SPT-001070,36.4,6.772533,470,datum:novegeo:elevation:mean-sea-level,VALLEY,QUALIFIED,dataset:novegeo:terrain:elevation,1,data/novegeo/geography/terrain/qualified/novegeo_terrain_v001.json,f03d14ce483280aff6662dc808c840a14a4cd035fedd4fe87786649f326f001c,SHARED_REFERENCE
NG-ELEV-OBS-001071,NG-SPT-001071,36.82,6.772533,387,datum:novegeo:elevation:mean-sea-level,VALLEY,QUALIFIED,dataset:novegeo:terrain:elevation,1,data/novegeo/geography/terrain/qualified/novegeo_terrain_v001.json,f03d14ce483280aff6662dc808c840a14a4cd035fedd4fe87786649f326f001c,SHARED_REFERENCE
NG-ELEV-OBS-001072,NG-SPT-001072,37.24,6.772533,316,datum:novegeo:elevation:mean-sea-level,PLAIN,QUALIFIED,dataset:novegeo:terrain:elevation,1,data/novegeo/geography/terrain/qualified/novegeo_terrain_v001.json,f03d14ce483280aff6662dc808c840a14a4cd035fedd4fe87786649f326f001c,SHARED_REFERENCE
NG-ELEV-OBS-001073,NG-SPT-001073,37.66,6.772533,261,datum:novegeo:elevation:mean-sea-level,PLAIN,QUALIFIED,dataset:novegeo:terrain:elevation,1,data/novegeo/geography/terrain/qualified/novegeo_terrain_v001.json,f03d14ce483280aff6662dc808c840a14a4cd035fedd4fe87786649f326f001c,SHARED_REFERENCE
NG-ELEV-OBS-001074,NG-SPT-001074,38.08,6.772533,223,datum:novegeo:elevation:mean-sea-level,PLAIN,QUALIFIED,dataset:novegeo:terrain:elevation,1,data/novegeo/geography/terrain/qualified/novegeo_terrain_v001.json,f03d14ce483280aff6662dc808c840a14a4cd035fedd4fe87786649f326f001c,SHARED_REFERENCE
NG-ELEV-OBS-001075,NG-SPT-001075,38.5,6.772533,203,datum:novegeo:elevation:mean-sea-level,PLAIN,QUALIFIED,dataset:novegeo:terrain:elevation,1,data/novegeo/geography/terrain/qualified/novegeo_terrain_v001.json,f03d14ce483280aff6662dc808c840a14a4cd035fedd4fe87786649f326f001c,SHARED_REFERENCE
NG-ELEV-OBS-001076,NG-SPT-001076,38.92,6.772533,196,datum:novegeo:elevation:mean-sea-level,PLAIN,QUALIFIED,dataset:novegeo:terrain:elevation,1,data/novegeo/geography/terrain/qualified/novegeo_terrain_v001.json,f03d14ce483280aff6662dc808c840a14a4cd035fedd4fe87786649f326f001c,SHARED_REFERENCE
NG-ELEV-OBS-001077,NG-SPT-001077,39.34,6.772533,200,datum:novegeo:elevation:mean-sea-level,PLAIN,QUALIFIED,dataset:novegeo:terrain:elevation,1,data/novegeo/geography/terrain/qualified/novegeo_terrain_v001.json,f03d14ce483280aff6662dc808c840a14a4cd035fedd4fe87786649f326f001c,SHARED_REFERENCE
NG-ELEV-OBS-001078,NG-SPT-001078,39.76,6.772533,209,datum:novegeo:elevation:mean-sea-level,PLAIN,QUALIFIED,dataset:novegeo:terrain:elevation,1,data/novegeo/geography/terrain/qualified/novegeo_terrain_v001.json,f03d14ce483280aff6662dc808c840a14a4cd035fedd4fe87786649f326f001c,SHARED_REFERENCE
NG-ELEV-OBS-001079,NG-SPT-001079,32.2,7.192533,343,datum:novegeo:elevation:mean-sea-level,PLAIN,QUALIFIED,dataset:novegeo:terrain:elevation,1,data/novegeo/geography/terrain/qualified/novegeo_terrain_v001.json,f03d14ce483280aff6662dc808c840a14a4cd035fedd4fe87786649f326f001c,SHARED_REFERENCE
NG-ELEV-OBS-001080,NG-SPT-001080,32.62,7.192533,398,datum:novegeo:elevation:mean-sea-level,PLAIN,QUALIFIED,dataset:novegeo:terrain:elevation,1,data/novegeo/geography/terrain/qualified/novegeo_terrain_v001.json,f03d14ce483280aff6662dc808c840a14a4cd035fedd4fe87786649f326f001c,SHARED_REFERENCE
NG-ELEV-OBS-001081,NG-SPT-001081,33.04,7.192533,451,datum:novegeo:elevation:mean-sea-level,PLAIN,QUALIFIED,dataset:novegeo:terrain:elevation,1,data/novegeo/geography/terrain/qualified/novegeo_terrain_v001.json,f03d14ce483280aff6662dc808c840a14a4cd035fedd4fe87786649f326f001c,SHARED_REFERENCE
NG-ELEV-OBS-001082,NG-SPT-001082,33.46,7.192533,497,datum:novegeo:elevation:mean-sea-level,PLAIN,QUALIFIED,dataset:novegeo:terrain:elevation,1,data/novegeo/geography/terrain/qualified/novegeo_terrain_v001.json,f03d14ce483280aff6662dc808c840a14a4cd035fedd4fe87786649f326f001c,SHARED_REFERENCE
NG-ELEV-OBS-001083,NG-SPT-001083,33.88,7.192533,529,datum:novegeo:elevation:mean-sea-level,PLAIN,QUALIFIED,dataset:novegeo:terrain:elevation,1,data/novegeo/geography/terrain/qualified/novegeo_terrain_v001.json,f03d14ce483280aff6662dc808c840a14a4cd035fedd4fe87786649f326f001c,SHARED_REFERENCE
NG-ELEV-OBS-001084,NG-SPT-001084,34.3,7.192533,543,datum:novegeo:elevation:mean-sea-level,PLAIN,QUALIFIED,dataset:novegeo:terrain:elevation,1,data/novegeo/geography/terrain/qualified/novegeo_terrain_v001.json,f03d14ce483280aff6662dc808c840a14a4cd035fedd4fe87786649f326f001c,SHARED_REFERENCE
NG-ELEV-OBS-001085,NG-SPT-001085,34.72,7.192533,536,datum:novegeo:elevation:mean-sea-level,PLAIN,QUALIFIED,dataset:novegeo:terrain:elevation,1,data/novegeo/geography/terrain/qualified/novegeo_terrain_v001.json,f03d14ce483280aff6662dc808c840a14a4cd035fedd4fe87786649f326f001c,SHARED_REFERENCE
NG-ELEV-OBS-001086,NG-SPT-001086,35.14,7.192533,508,datum:novegeo:elevation:mean-sea-level,VALLEY,QUALIFIED,dataset:novegeo:terrain:elevation,1,data/novegeo/geography/terrain/qualified/novegeo_terrain_v001.json,f03d14ce483280aff6662dc808c840a14a4cd035fedd4fe87786649f326f001c,SHARED_REFERENCE
NG-ELEV-OBS-001087,NG-SPT-001087,35.56,7.192533,461,datum:novegeo:elevation:mean-sea-level,VALLEY,QUALIFIED,dataset:novegeo:terrain:elevation,1,data/novegeo/geography/terrain/qualified/novegeo_terrain_v001.json,f03d14ce483280aff6662dc808c840a14a4cd035fedd4fe87786649f326f001c,SHARED_REFERENCE
NG-ELEV-OBS-001088,NG-SPT-001088,35.98,7.192533,401,datum:novegeo:elevation:mean-sea-level,VALLEY,QUALIFIED,dataset:novegeo:terrain:elevation,1,data/novegeo/geography/terrain/qualified/novegeo_terrain_v001.json,f03d14ce483280aff6662dc808c840a14a4cd035fedd4fe87786649f326f001c,SHARED_REFERENCE
NG-ELEV-OBS-001089,NG-SPT-001089,36.4,7.192533,336,datum:novegeo:elevation:mean-sea-level,VALLEY,QUALIFIED,dataset:novegeo:terrain:elevation,1,data/novegeo/geography/terrain/qualified/novegeo_terrain_v001.json,f03d14ce483280aff6662dc808c840a14a4cd035fedd4fe87786649f326f001c,SHARED_REFERENCE
NG-ELEV-OBS-001090,NG-SPT-001090,36.82,7.192533,272,datum:novegeo:elevation:mean-sea-level,VALLEY,QUALIFIED,dataset:novegeo:terrain:elevation,1,data/novegeo/geography/terrain/qualified/novegeo_terrain_v001.json,f03d14ce483280aff6662dc808c840a14a4cd035fedd4fe87786649f326f001c,SHARED_REFERENCE
NG-ELEV-OBS-001091,NG-SPT-001091,37.24,7.192533,217,datum:novegeo:elevation:mean-sea-level,PLAIN,QUALIFIED,dataset:novegeo:terrain:elevation,1,data/novegeo/geography/terrain/qualified/novegeo_terrain_v001.json,f03d14ce483280aff6662dc808c840a14a4cd035fedd4fe87786649f326f001c,SHARED_REFERENCE
NG-ELEV-OBS-001092,NG-SPT-001092,37.66,7.192533,175,datum:novegeo:elevation:mean-sea-level,PLAIN,QUALIFIED,dataset:novegeo:terrain:elevation,1,data/novegeo/geography/terrain/qualified/novegeo_terrain_v001.json,f03d14ce483280aff6662dc808c840a14a4cd035fedd4fe87786649f326f001c,SHARED_REFERENCE
NG-ELEV-OBS-001093,NG-SPT-001093,38.08,7.192533,146,datum:novegeo:elevation:mean-sea-level,PLAIN,QUALIFIED,dataset:novegeo:terrain:elevation,1,data/novegeo/geography/terrain/qualified/novegeo_terrain_v001.json,f03d14ce483280aff6662dc808c840a14a4cd035fedd4fe87786649f326f001c,SHARED_REFERENCE
NG-ELEV-OBS-001094,NG-SPT-001094,38.5,7.192533,130,datum:novegeo:elevation:mean-sea-level,PLAIN,QUALIFIED,dataset:novegeo:terrain:elevation,1,data/novegeo/geography/terrain/qualified/novegeo_terrain_v001.json,f03d14ce483280aff6662dc808c840a14a4cd035fedd4fe87786649f326f001c,SHARED_REFERENCE
NG-ELEV-OBS-001095,NG-SPT-001095,38.92,7.192533,125,datum:novegeo:elevation:mean-sea-level,PLAIN,QUALIFIED,dataset:novegeo:terrain:elevation,1,data/novegeo/geography/terrain/qualified/novegeo_terrain_v001.json,f03d14ce483280aff6662dc808c840a14a4cd035fedd4fe87786649f326f001c,SHARED_REFERENCE
NG-ELEV-OBS-001096,NG-SPT-001096,33.88,7.612533,380,datum:novegeo:elevation:mean-sea-level,PLAIN,QUALIFIED,dataset:novegeo:terrain:elevation,1,data/novegeo/geography/terrain/qualified/novegeo_terrain_v001.json,f03d14ce483280aff6662dc808c840a14a4cd035fedd4fe87786649f326f001c,SHARED_REFERENCE
NG-ELEV-OBS-001097,NG-SPT-001097,34.3,7.612533,385,datum:novegeo:elevation:mean-sea-level,PLAIN,QUALIFIED,dataset:novegeo:terrain:elevation,1,data/novegeo/geography/terrain/qualified/novegeo_terrain_v001.json,f03d14ce483280aff6662dc808c840a14a4cd035fedd4fe87786649f326f001c,SHARED_REFERENCE
NG-ELEV-OBS-001098,NG-SPT-001098,34.72,7.612533,376,datum:novegeo:elevation:mean-sea-level,PLAIN,QUALIFIED,dataset:novegeo:terrain:elevation,1,data/novegeo/geography/terrain/qualified/novegeo_terrain_v001.json,f03d14ce483280aff6662dc808c840a14a4cd035fedd4fe87786649f326f001c,SHARED_REFERENCE
NG-ELEV-OBS-001099,NG-SPT-001099,35.14,7.612533,351,datum:novegeo:elevation:mean-sea-level,VALLEY,QUALIFIED,dataset:novegeo:terrain:elevation,1,data/novegeo/geography/terrain/qualified/novegeo_terrain_v001.json,f03d14ce483280aff6662dc808c840a14a4cd035fedd4fe87786649f326f001c,SHARED_REFERENCE
NG-ELEV-OBS-001100,NG-SPT-001100,35.56,7.612533,314,datum:novegeo:elevation:mean-sea-level,VALLEY,QUALIFIED,dataset:novegeo:terrain:elevation,1,data/novegeo/geography/terrain/qualified/novegeo_terrain_v001.json,f03d14ce483280aff6662dc808c840a14a4cd035fedd4fe87786649f326f001c,SHARED_REFERENCE
NG-ELEV-OBS-001101,NG-SPT-001101,35.98,7.612533,267,datum:novegeo:elevation:mean-sea-level,VALLEY,QUALIFIED,dataset:novegeo:terrain:elevation,1,data/novegeo/geography/terrain/qualified/novegeo_terrain_v001.json,f03d14ce483280aff6662dc808c840a14a4cd035fedd4fe87786649f326f001c,SHARED_REFERENCE
NG-ELEV-OBS-001102,NG-SPT-001102,36.4,7.612533,217,datum:novegeo:elevation:mean-sea-level,VALLEY,QUALIFIED,dataset:novegeo:terrain:elevation,1,data/novegeo/geography/terrain/qualified/novegeo_terrain_v001.json,f03d14ce483280aff6662dc808c840a14a4cd035fedd4fe87786649f326f001c,SHARED_REFERENCE
NG-ELEV-OBS-001103,NG-SPT-001103,36.82,7.612533,170,datum:novegeo:elevation:mean-sea-level,VALLEY,QUALIFIED,dataset:novegeo:terrain:elevation,1,data/novegeo/geography/terrain/qualified/novegeo_terrain_v001.json,f03d14ce483280aff6662dc808c840a14a4cd035fedd4fe87786649f326f001c,SHARED_REFERENCE
NG-ELEV-OBS-001104,NG-SPT-001104,37.24,7.612533,130,datum:novegeo:elevation:mean-sea-level,PLAIN,QUALIFIED,dataset:novegeo:terrain:elevation,1,data/novegeo/geography/terrain/qualified/novegeo_terrain_v001.json,f03d14ce483280aff6662dc808c840a14a4cd035fedd4fe87786649f326f001c,SHARED_REFERENCE
