spatial_point_id,source_sample_sequence,longitude,latitude,crs_code,sovereign_part_id,major_grid_id,terrain_observation_available,climate_observation_id,vegetation_cell_id,elevation_m,terrain_class,point_role,source_dataset_id,source_dataset_version,source_path_reference,source_sha256,runtime_effect_scope
NG-SPT-000001,1,35.14,-7.507467,EPSG:4326,NG-SOV-PART-000001,NG-MGRID-04-03,true,NG-CLIM-OBS-000001,vegetation:novegeo:cell:000001,341,VALLEY,ENVIRONMENTAL_REFERENCE_SAMPLE_POINT,dataset:novegeo:terrain:elevation,1,data/novegeo/geography/terrain/qualified/novegeo_terrain_v001.json,f03d14ce483280aff6662dc808c840a14a4cd035fedd4fe87786649f326f001c,SHARED_REFERENCE
NG-SPT-000002,2,35.56,-7.507467,EPSG:4326,NG-SOV-PART-000001,NG-MGRID-04-03,true,,,349,VALLEY,ENVIRONMENTAL_REFERENCE_SAMPLE_POINT,dataset:novegeo:terrain:elevation,1,data/novegeo/geography/terrain/qualified/novegeo_terrain_v001.json,f03d14ce483280aff6662dc808c840a14a4cd035fedd4fe87786649f326f001c,SHARED_REFERENCE
NG-SPT-000003,3,35.98,-7.507467,EPSG:4326,NG-SOV-PART-000001,NG-MGRID-04-03,true,,,355,VALLEY,ENVIRONMENTAL_REFERENCE_SAMPLE_POINT,dataset:novegeo:terrain:elevation,1,data/novegeo/geography/terrain/qualified/novegeo_terrain_v001.json,f03d14ce483280aff6662dc808c840a14a4cd035fedd4fe87786649f326f001c,SHARED_REFERENCE
NG-SPT-000004,4,36.4,-7.507467,EPSG:4326,NG-SOV-PART-000001,NG-MGRID-04-03,true,,,360,VALLEY,ENVIRONMENTAL_REFERENCE_SAMPLE_POINT,dataset:novegeo:terrain:elevation,1,data/novegeo/geography/terrain/qualified/novegeo_terrain_v001.json,f03d14ce483280aff6662dc808c840a14a4cd035fedd4fe87786649f326f001c,SHARED_REFERENCE
NG-SPT-000005,5,36.82,-7.507467,EPSG:4326,NG-SOV-PART-000001,NG-MGRID-04-03,true,NG-CLIM-OBS-000002,vegetation:novegeo:cell:000002,366,VALLEY,ENVIRONMENTAL_REFERENCE_SAMPLE_POINT,dataset:novegeo:terrain:elevation,1,data/novegeo/geography/terrain/qualified/novegeo_terrain_v001.json,f03d14ce483280aff6662dc808c840a14a4cd035fedd4fe87786649f326f001c,SHARED_REFERENCE
NG-SPT-000006,6,37.24,-7.507467,EPSG:4326,NG-SOV-PART-000001,NG-MGRID-04-03,true,,,373,VALLEY,ENVIRONMENTAL_REFERENCE_SAMPLE_POINT,dataset:novegeo:terrain:elevation,1,data/novegeo/geography/terrain/qualified/novegeo_terrain_v001.json,f03d14ce483280aff6662dc808c840a14a4cd035fedd4fe87786649f326f001c,SHARED_REFERENCE
NG-SPT-000007,7,37.66,-7.507467,EPSG:4326,NG-SOV-PART-000001,NG-MGRID-04-03,true,,,381,PLAIN,ENVIRONMENTAL_REFERENCE_SAMPLE_POINT,dataset:novegeo:terrain:elevation,1,data/novegeo/geography/terrain/qualified/novegeo_terrain_v001.json,f03d14ce483280aff6662dc808c840a14a4cd035fedd4fe87786649f326f001c,SHARED_REFERENCE
NG-SPT-000008,8,38.08,-7.507467,EPSG:4326,NG-SOV-PART-000001,NG-MGRID-04-03,true,,,387,PLAIN,ENVIRONMENTAL_REFERENCE_SAMPLE_POINT,dataset:novegeo:terrain:elevation,1,data/novegeo/geography/terrain/qualified/novegeo_terrain_v001.json,f03d14ce483280aff6662dc808c840a14a4cd035fedd4fe87786649f326f001c,SHARED_REFERENCE
NG-SPT-000009,9,38.5,-7.507467,EPSG:4326,NG-SOV-PART-000001,NG-MGRID-04-03,true,NG-CLIM-OBS-000003,vegetation:novegeo:cell:000003,390,PLAIN,ENVIRONMENTAL_REFERENCE_SAMPLE_POINT,dataset:novegeo:terrain:elevation,1,data/novegeo/geography/terrain/qualified/novegeo_terrain_v001.json,f03d14ce483280aff6662dc808c840a14a4cd035fedd4fe87786649f326f001c,SHARED_REFERENCE
NG-SPT-000010,10,33.46,-7.087467,EPSG:4326,NG-SOV-PART-000001,NG-MGRID-04-02,true,,,334,PLAIN,ENVIRONMENTAL_REFERENCE_SAMPLE_POINT,dataset:novegeo:terrain:elevation,1,data/novegeo/geography/terrain/qualified/novegeo_terrain_v001.json,f03d14ce483280aff6662dc808c840a14a4cd035fedd4fe87786649f326f001c,SHARED_REFERENCE
NG-SPT-000011,11,33.88,-7.087467,EPSG:4326,NG-SOV-PART-000001,NG-MGRID-04-02,true,,,345,PLAIN,ENVIRONMENTAL_REFERENCE_SAMPLE_POINT,dataset:novegeo:terrain:elevation,1,data/novegeo/geography/terrain/qualified/novegeo_terrain_v001.json,f03d14ce483280aff6662dc808c840a14a4cd035fedd4fe87786649f326f001c,SHARED_REFERENCE
NG-SPT-000012,12,34.3,-7.087467,EPSG:4326,NG-SOV-PART-000001,NG-MGRID-04-02,true,,,359,PLAIN,ENVIRONMENTAL_REFERENCE_SAMPLE_POINT,dataset:novegeo:terrain:elevation,1,data/novegeo/geography/terrain/qualified/novegeo_terrain_v001.json,f03d14ce483280aff6662dc808c840a14a4cd035fedd4fe87786649f326f001c,SHARED_REFERENCE
NG-SPT-000013,13,34.72,-7.087467,EPSG:4326,NG-SOV-PART-000001,NG-MGRID-04-02,true,NG-CLIM-OBS-000004,vegetation:novegeo:cell:000004,372,PLAIN,ENVIRONMENTAL_REFERENCE_SAMPLE_POINT,dataset:novegeo:terrain:elevation,1,data/novegeo/geography/terrain/qualified/novegeo_terrain_v001.json,f03d14ce483280aff6662dc808c840a14a4cd035fedd4fe87786649f326f001c,SHARED_REFERENCE
NG-SPT-000014,14,35.14,-7.087467,EPSG:4326,NG-SOV-PART-000001,NG-MGRID-04-03,true,,,385,VALLEY,ENVIRONMENTAL_REFERENCE_SAMPLE_POINT,dataset:novegeo:terrain:elevation,1,data/novegeo/geography/terrain/qualified/novegeo_terrain_v001.json,f03d14ce483280aff6662dc808c840a14a4cd035fedd4fe87786649f326f001c,SHARED_REFERENCE
NG-SPT-000015,15,35.56,-7.087467,EPSG:4326,NG-SOV-PART-000001,NG-MGRID-04-03,true,,,397,VALLEY,ENVIRONMENTAL_REFERENCE_SAMPLE_POINT,dataset:novegeo:terrain:elevation,1,data/novegeo/geography/terrain/qualified/novegeo_terrain_v001.json,f03d14ce483280aff6662dc808c840a14a4cd035fedd4fe87786649f326f001c,SHARED_REFERENCE
NG-SPT-000016,16,35.98,-7.087467,EPSG:4326,NG-SOV-PART-000001,NG-MGRID-04-03,true,,,409,VALLEY,ENVIRONMENTAL_REFERENCE_SAMPLE_POINT,dataset:novegeo:terrain:elevation,1,data/novegeo/geography/terrain/qualified/novegeo_terrain_v001.json,f03d14ce483280aff6662dc808c840a14a4cd035fedd4fe87786649f326f001c,SHARED_REFERENCE
NG-SPT-000017,17,36.4,-7.087467,EPSG:4326,NG-SOV-PART-000001,NG-MGRID-04-03,true,NG-CLIM-OBS-000005,vegetation:novegeo:cell:000005,420,VALLEY,ENVIRONMENTAL_REFERENCE_SAMPLE_POINT,dataset:novegeo:terrain:elevation,1,data/novegeo/geography/terrain/qualified/novegeo_terrain_v001.json,f03d14ce483280aff6662dc808c840a14a4cd035fedd4fe87786649f326f001c,SHARED_REFERENCE
NG-SPT-000018,18,36.82,-7.087467,EPSG:4326,NG-SOV-PART-000001,NG-MGRID-04-03,true,,,432,VALLEY,ENVIRONMENTAL_REFERENCE_SAMPLE_POINT,dataset:novegeo:terrain:elevation,1,data/novegeo/geography/terrain/qualified/novegeo_terrain_v001.json,f03d14ce483280aff6662dc808c840a14a4cd035fedd4fe87786649f326f001c,SHARED_REFERENCE
NG-SPT-000019,19,37.24,-7.087467,EPSG:4326,NG-SOV-PART-000001,NG-MGRID-04-03,true,,,446,VALLEY,ENVIRONMENTAL_REFERENCE_SAMPLE_POINT,dataset:novegeo:terrain:elevation,1,data/novegeo/geography/terrain/qualified/novegeo_terrain_v001.json,f03d14ce483280aff6662dc808c840a14a4cd035fedd4fe87786649f326f001c,SHARED_REFERENCE
NG-SPT-000020,20,37.66,-7.087467,EPSG:4326,NG-SOV-PART-000001,NG-MGRID-04-03,true,,,460,PLAIN,ENVIRONMENTAL_REFERENCE_SAMPLE_POINT,dataset:novegeo:terrain:elevation,1,data/novegeo/geography/terrain/qualified/novegeo_terrain_v001.json,f03d14ce483280aff6662dc808c840a14a4cd035fedd4fe87786649f326f001c,SHARED_REFERENCE
NG-SPT-000021,21,38.08,-7.087467,EPSG:4326,NG-SOV-PART-000001,NG-MGRID-04-03,true,NG-CLIM-OBS-000006,vegetation:novegeo:cell:000006,472,PLAIN,ENVIRONMENTAL_REFERENCE_SAMPLE_POINT,dataset:novegeo:terrain:elevation,1,data/novegeo/geography/terrain/qualified/novegeo_terrain_v001.json,f03d14ce483280aff6662dc808c840a14a4cd035fedd4fe87786649f326f001c,SHARED_REFERENCE
NG-SPT-000022,22,38.5,-7.087467,EPSG:4326,NG-SOV-PART-000001,NG-MGRID-04-03,true,,,478,PLAIN,ENVIRONMENTAL_REFERENCE_SAMPLE_POINT,dataset:novegeo:terrain:elevation,1,data/novegeo/geography/terrain/qualified/novegeo_terrain_v001.json,f03d14ce483280aff6662dc808c840a14a4cd035fedd4fe87786649f326f001c,SHARED_REFERENCE
NG-SPT-000023,23,38.92,-7.087467,EPSG:4326,NG-SOV-PART-000001,NG-MGRID-04-03,true,,,476,PLAIN,ENVIRONMENTAL_REFERENCE_SAMPLE_POINT,dataset:novegeo:terrain:elevation,1,data/novegeo/geography/terrain/qualified/novegeo_terrain_v001.json,f03d14ce483280aff6662dc808c840a14a4cd035fedd4fe87786649f326f001c,SHARED_REFERENCE
NG-SPT-000024,24,39.34,-7.087467,EPSG:4326,NG-SOV-PART-000001,NG-MGRID-04-03,true,,,466,PLAIN,ENVIRONMENTAL_REFERENCE_SAMPLE_POINT,dataset:novegeo:terrain:elevation,1,data/novegeo/geography/terrain/qualified/novegeo_terrain_v001.json,f03d14ce483280aff6662dc808c840a14a4cd035fedd4fe87786649f326f001c,SHARED_REFERENCE
NG-SPT-000025,25,39.76,-7.087467,EPSG:4326,NG-SOV-PART-000001,NG-MGRID-04-03,true,NG-CLIM-OBS-000007,vegetation:novegeo:cell:000007,449,PLAIN,ENVIRONMENTAL_REFERENCE_SAMPLE_POINT,dataset:novegeo:terrain:elevation,1,data/novegeo/geography/terrain/qualified/novegeo_terrain_v001.json,f03d14ce483280aff6662dc808c840a14a4cd035fedd4fe87786649f326f001c,SHARED_REFERENCE
NG-SPT-000026,26,40.18,-7.087467,EPSG:4326,NG-SOV-PART-000001,NG-MGRID-04-04,true,,,427,PLAIN,ENVIRONMENTAL_REFERENCE_SAMPLE_POINT,dataset:novegeo:terrain:elevation,1,data/novegeo/geography/terrain/qualified/novegeo_terrain_v001.json,f03d14ce483280aff6662dc808c840a14a4cd035fedd4fe87786649f326f001c,SHARED_REFERENCE
NG-SPT-000027,27,32.2,-6.667467,EPSG:4326,NG-SOV-PART-000001,NG-MGRID-04-02,true,,,341,PLAIN,ENVIRONMENTAL_REFERENCE_SAMPLE_POINT,dataset:novegeo:terrain:elevation,1,data/novegeo/geography/terrain/qualified/novegeo_terrain_v001.json,f03d14ce483280aff6662dc808c840a14a4cd035fedd4fe87786649f326f001c,SHARED_REFERENCE
NG-SPT-000028,28,32.62,-6.667467,EPSG:4326,NG-SOV-PART-000001,NG-MGRID-04-02,true,,,349,PLAIN,ENVIRONMENTAL_REFERENCE_SAMPLE_POINT,dataset:novegeo:terrain:elevation,1,data/novegeo/geography/terrain/qualified/novegeo_terrain_v001.json,f03d14ce483280aff6662dc808c840a14a4cd035fedd4fe87786649f326f001c,SHARED_REFERENCE
NG-SPT-000029,29,33.04,-6.667467,EPSG:4326,NG-SOV-PART-000001,NG-MGRID-04-02,true,NG-CLIM-OBS-000008,vegetation:novegeo:cell:000008,358,PLAIN,ENVIRONMENTAL_REFERENCE_SAMPLE_POINT,dataset:novegeo:terrain:elevation,1,data/novegeo/geography/terrain/qualified/novegeo_terrain_v001.json,f03d14ce483280aff6662dc808c840a14a4cd035fedd4fe87786649f326f001c,SHARED_REFERENCE
NG-SPT-000030,30,33.46,-6.667467,EPSG:4326,NG-SOV-PART-000001,NG-MGRID-04-02,true,,,369,PLAIN,ENVIRONMENTAL_REFERENCE_SAMPLE_POINT,dataset:novegeo:terrain:elevation,1,data/novegeo/geography/terrain/qualified/novegeo_terrain_v001.json,f03d14ce483280aff6662dc808c840a14a4cd035fedd4fe87786649f326f001c,SHARED_REFERENCE
NG-SPT-000031,31,33.88,-6.667467,EPSG:4326,NG-SOV-PART-000001,NG-MGRID-04-02,true,,,384,PLAIN,ENVIRONMENTAL_REFERENCE_SAMPLE_POINT,dataset:novegeo:terrain:elevation,1,data/novegeo/geography/terrain/qualified/novegeo_terrain_v001.json,f03d14ce483280aff6662dc808c840a14a4cd035fedd4fe87786649f326f001c,SHARED_REFERENCE
NG-SPT-000032,32,34.3,-6.667467,EPSG:4326,NG-SOV-PART-000001,NG-MGRID-04-02,true,,,403,PLAIN,ENVIRONMENTAL_REFERENCE_SAMPLE_POINT,dataset:novegeo:terrain:elevation,1,data/novegeo/geography/terrain/qualified/novegeo_terrain_v001.json,f03d14ce483280aff6662dc808c840a14a4cd035fedd4fe87786649f326f001c,SHARED_REFERENCE
NG-SPT-000033,33,34.72,-6.667467,EPSG:4326,NG-SOV-PART-000001,NG-MGRID-04-02,true,NG-CLIM-OBS-000009,vegetation:novegeo:cell:000009,423,PLAIN,ENVIRONMENTAL_REFERENCE_SAMPLE_POINT,dataset:novegeo:terrain:elevation,1,data/novegeo/geography/terrain/qualified/novegeo_terrain_v001.json,f03d14ce483280aff6662dc808c840a14a4cd035fedd4fe87786649f326f001c,SHARED_REFERENCE
NG-SPT-000034,34,35.14,-6.667467,EPSG:4326,NG-SOV-PART-000001,NG-MGRID-04-03,true,,,444,PLAIN,ENVIRONMENTAL_REFERENCE_SAMPLE_POINT,dataset:novegeo:terrain:elevation,1,data/novegeo/geography/terrain/qualified/novegeo_terrain_v001.json,f03d14ce483280aff6662dc808c840a14a4cd035fedd4fe87786649f326f001c,SHARED_REFERENCE
NG-SPT-000035,35,35.56,-6.667467,EPSG:4326,NG-SOV-PART-000001,NG-MGRID-04-03,true,,,465,VALLEY,ENVIRONMENTAL_REFERENCE_SAMPLE_POINT,dataset:novegeo:terrain:elevation,1,data/novegeo/geography/terrain/qualified/novegeo_terrain_v001.json,f03d14ce483280aff6662dc808c840a14a4cd035fedd4fe87786649f326f001c,SHARED_REFERENCE
NG-SPT-000036,36,35.98,-6.667467,EPSG:4326,NG-SOV-PART-000001,NG-MGRID-04-03,true,,,485,VALLEY,ENVIRONMENTAL_REFERENCE_SAMPLE_POINT,dataset:novegeo:terrain:elevation,1,data/novegeo/geography/terrain/qualified/novegeo_terrain_v001.json,f03d14ce483280aff6662dc808c840a14a4cd035fedd4fe87786649f326f001c,SHARED_REFERENCE
NG-SPT-000037,37,36.4,-6.667467,EPSG:4326,NG-SOV-PART-000001,NG-MGRID-04-03,true,NG-CLIM-OBS-000010,vegetation:novegeo:cell:000010,506,VALLEY,ENVIRONMENTAL_REFERENCE_SAMPLE_POINT,dataset:novegeo:terrain:elevation,1,data/novegeo/geography/terrain/qualified/novegeo_terrain_v001.json,f03d14ce483280aff6662dc808c840a14a4cd035fedd4fe87786649f326f001c,SHARED_REFERENCE
NG-SPT-000038,38,36.82,-6.667467,EPSG:4326,NG-SOV-PART-000001,NG-MGRID-04-03,true,,,528,VALLEY,ENVIRONMENTAL_REFERENCE_SAMPLE_POINT,dataset:novegeo:terrain:elevation,1,data/novegeo/geography/terrain/qualified/novegeo_terrain_v001.json,f03d14ce483280aff6662dc808c840a14a4cd035fedd4fe87786649f326f001c,SHARED_REFERENCE
NG-SPT-000039,39,37.24,-6.667467,EPSG:4326,NG-SOV-PART-000001,NG-MGRID-04-03,true,,,551,VALLEY,ENVIRONMENTAL_REFERENCE_SAMPLE_POINT,dataset:novegeo:terrain:elevation,1,data/novegeo/geography/terrain/qualified/novegeo_terrain_v001.json,f03d14ce483280aff6662dc808c840a14a4cd035fedd4fe87786649f326f001c,SHARED_REFERENCE
NG-SPT-000040,40,37.66,-6.667467,EPSG:4326,NG-SOV-PART-000001,NG-MGRID-04-03,true,,,573,PLAIN,ENVIRONMENTAL_REFERENCE_SAMPLE_POINT,dataset:novegeo:terrain:elevation,1,data/novegeo/geography/terrain/qualified/novegeo_terrain_v001.json,f03d14ce483280aff6662dc808c840a14a4cd035fedd4fe87786649f326f001c,SHARED_REFERENCE
NG-SPT-000041,41,38.08,-6.667467,EPSG:4326,NG-SOV-PART-000001,NG-MGRID-04-03,true,NG-CLIM-OBS-000011,vegetation:novegeo:cell:000011,590,PLAIN,ENVIRONMENTAL_REFERENCE_SAMPLE_POINT,dataset:novegeo:terrain:elevation,1,data/novegeo/geography/terrain/qualified/novegeo_terrain_v001.json,f03d14ce483280aff6662dc808c840a14a4cd035fedd4fe87786649f326f001c,SHARED_REFERENCE
NG-SPT-000042,42,38.5,-6.667467,EPSG:4326,NG-SOV-PART-000001,NG-MGRID-04-03,true,,,599,PLAIN,ENVIRONMENTAL_REFERENCE_SAMPLE_POINT,dataset:novegeo:terrain:elevation,1,data/novegeo/geography/terrain/qualified/novegeo_terrain_v001.json,f03d14ce483280aff6662dc808c840a14a4cd035fedd4fe87786649f326f001c,SHARED_REFERENCE
NG-SPT-000043,43,38.92,-6.667467,EPSG:4326,NG-SOV-PART-000001,NG-MGRID-04-03,true,,,595,PLAIN,ENVIRONMENTAL_REFERENCE_SAMPLE_POINT,dataset:novegeo:terrain:elevation,1,data/novegeo/geography/terrain/qualified/novegeo_terrain_v001.json,f03d14ce483280aff6662dc808c840a14a4cd035fedd4fe87786649f326f001c,SHARED_REFERENCE
NG-SPT-000044,44,39.34,-6.667467,EPSG:4326,NG-SOV-PART-000001,NG-MGRID-04-03,true,,,580,PLAIN,ENVIRONMENTAL_REFERENCE_SAMPLE_POINT,dataset:novegeo:terrain:elevation,1,data/novegeo/geography/terrain/qualified/novegeo_terrain_v001.json,f03d14ce483280aff6662dc808c840a14a4cd035fedd4fe87786649f326f001c,SHARED_REFERENCE
NG-SPT-000045,45,39.76,-6.667467,EPSG:4326,NG-SOV-PART-000001,NG-MGRID-04-03,true,NG-CLIM-OBS-000012,vegetation:novegeo:cell:000012,555,PLAIN,ENVIRONMENTAL_REFERENCE_SAMPLE_POINT,dataset:novegeo:terrain:elevation,1,data/novegeo/geography/terrain/qualified/novegeo_terrain_v001.json,f03d14ce483280aff6662dc808c840a14a4cd035fedd4fe87786649f326f001c,SHARED_REFERENCE
NG-SPT-000046,46,40.18,-6.667467,EPSG:4326,NG-SOV-PART-000001,NG-MGRID-04-04,true,,,523,PLAIN,ENVIRONMENTAL_REFERENCE_SAMPLE_POINT,dataset:novegeo:terrain:elevation,1,data/novegeo/geography/terrain/qualified/novegeo_terrain_v001.json,f03d14ce483280aff6662dc808c840a14a4cd035fedd4fe87786649f326f001c,SHARED_REFERENCE
NG-SPT-000047,47,40.6,-6.667467,EPSG:4326,NG-SOV-PART-000001,NG-MGRID-04-04,true,,,489,PLAIN,ENVIRONMENTAL_REFERENCE_SAMPLE_POINT,dataset:novegeo:terrain:elevation,1,data/novegeo/geography/terrain/qualified/novegeo_terrain_v001.json,f03d14ce483280aff6662dc808c840a14a4cd035fedd4fe87786649f326f001c,SHARED_REFERENCE
NG-SPT-000048,48,31.36,-6.247467,EPSG:4326,NG-SOV-PART-000001,NG-MGRID-04-02,true,,,358,PLAIN,ENVIRONMENTAL_REFERENCE_SAMPLE_POINT,dataset:novegeo:terrain:elevation,1,data/novegeo/geography/terrain/qualified/novegeo_terrain_v001.json,f03d14ce483280aff6662dc808c840a14a4cd035fedd4fe87786649f326f001c,SHARED_REFERENCE
NG-SPT-000049,49,31.78,-6.247467,EPSG:4326,NG-SOV-PART-000001,NG-MGRID-04-02,true,NG-CLIM-OBS-000013,vegetation:novegeo:cell:000013,366,PLAIN,ENVIRONMENTAL_REFERENCE_SAMPLE_POINT,dataset:novegeo:terrain:elevation,1,data/novegeo/geography/terrain/qualified/novegeo_terrain_v001.json,f03d14ce483280aff6662dc808c840a14a4cd035fedd4fe87786649f326f001c,SHARED_REFERENCE
NG-SPT-000050,50,32.2,-6.247467,EPSG:4326,NG-SOV-PART-000001,NG-MGRID-04-02,true,,,372,PLAIN,ENVIRONMENTAL_REFERENCE_SAMPLE_POINT,dataset:novegeo:terrain:elevation,1,data/novegeo/geography/terrain/qualified/novegeo_terrain_v001.json,f03d14ce483280aff6662dc808c840a14a4cd035fedd4fe87786649f326f001c,SHARED_REFERENCE
NG-SPT-000051,51,32.62,-6.247467,EPSG:4326,NG-SOV-PART-000001,NG-MGRID-04-02,true,,,379,PLAIN,ENVIRONMENTAL_REFERENCE_SAMPLE_POINT,dataset:novegeo:terrain:elevation,1,data/novegeo/geography/terrain/qualified/novegeo_terrain_v001.json,f03d14ce483280aff6662dc808c840a14a4cd035fedd4fe87786649f326f001c,SHARED_REFERENCE
NG-SPT-000052,52,33.04,-6.247467,EPSG:4326,NG-SOV-PART-000001,NG-MGRID-04-02,true,,,390,PLAIN,ENVIRONMENTAL_REFERENCE_SAMPLE_POINT,dataset:novegeo:terrain:elevation,1,data/novegeo/geography/terrain/qualified/novegeo_terrain_v001.json,f03d14ce483280aff6662dc808c840a14a4cd035fedd4fe87786649f326f001c,SHARED_REFERENCE
NG-SPT-000053,53,33.46,-6.247467,EPSG:4326,NG-SOV-PART-000001,NG-MGRID-04-02,true,NG-CLIM-OBS-000014,vegetation:novegeo:cell:000014,405,PLAIN,ENVIRONMENTAL_REFERENCE_SAMPLE_POINT,dataset:novegeo:terrain:elevation,1,data/novegeo/geography/terrain/qualified/novegeo_terrain_v001.json,f03d14ce483280aff6662dc808c840a14a4cd035fedd4fe87786649f326f001c,SHARED_REFERENCE
NG-SPT-000054,54,33.88,-6.247467,EPSG:4326,NG-SOV-PART-000001,NG-MGRID-04-02,true,,,426,PLAIN,ENVIRONMENTAL_REFERENCE_SAMPLE_POINT,dataset:novegeo:terrain:elevation,1,data/novegeo/geography/terrain/qualified/novegeo_terrain_v001.json,f03d14ce483280aff6662dc808c840a14a4cd035fedd4fe87786649f326f001c,SHARED_REFERENCE
NG-SPT-000055,55,34.3,-6.247467,EPSG:4326,NG-SOV-PART-000001,NG-MGRID-04-02,true,,,454,PLAIN,ENVIRONMENTAL_REFERENCE_SAMPLE_POINT,dataset:novegeo:terrain:elevation,1,data/novegeo/geography/terrain/qualified/novegeo_terrain_v001.json,f03d14ce483280aff6662dc808c840a14a4cd035fedd4fe87786649f326f001c,SHARED_REFERENCE
NG-SPT-000056,56,34.72,-6.247467,EPSG:4326,NG-SOV-PART-000001,NG-MGRID-04-02,true,,,486,PLAIN,ENVIRONMENTAL_REFERENCE_SAMPLE_POINT,dataset:novegeo:terrain:elevation,1,data/novegeo/geography/terrain/qualified/novegeo_terrain_v001.json,f03d14ce483280aff6662dc808c840a14a4cd035fedd4fe87786649f326f001c,SHARED_REFERENCE
NG-SPT-000057,57,35.14,-6.247467,EPSG:4326,NG-SOV-PART-000001,NG-MGRID-04-03,true,NG-CLIM-OBS-000015,vegetation:novegeo:cell:000015,520,PLAIN,ENVIRONMENTAL_REFERENCE_SAMPLE_POINT,dataset:novegeo:terrain:elevation,1,data/novegeo/geography/terrain/qualified/novegeo_terrain_v001.json,f03d14ce483280aff6662dc808c840a14a4cd035fedd4fe87786649f326f001c,SHARED_REFERENCE
NG-SPT-000058,58,35.56,-6.247467,EPSG:4326,NG-SOV-PART-000001,NG-MGRID-04-03,true,,,555,VALLEY,ENVIRONMENTAL_REFERENCE_SAMPLE_POINT,dataset:novegeo:terrain:elevation,1,data/novegeo/geography/terrain/qualified/novegeo_terrain_v001.json,f03d14ce483280aff6662dc808c840a14a4cd035fedd4fe87786649f326f001c,SHARED_REFERENCE
NG-SPT-000059,59,35.98,-6.247467,EPSG:4326,NG-SOV-PART-000001,NG-MGRID-04-03,true,,,590,VALLEY,ENVIRONMENTAL_REFERENCE_SAMPLE_POINT,dataset:novegeo:terrain:elevation,1,data/novegeo/geography/terrain/qualified/novegeo_terrain_v001.json,f03d14ce483280aff6662dc808c840a14a4cd035fedd4fe87786649f326f001c,SHARED_REFERENCE
NG-SPT-000060,60,36.4,-6.247467,EPSG:4326,NG-SOV-PART-000001,NG-MGRID-04-03,true,,,624,VALLEY,ENVIRONMENTAL_REFERENCE_SAMPLE_POINT,dataset:novegeo:terrain:elevation,1,data/novegeo/geography/terrain/qualified/novegeo_terrain_v001.json,f03d14ce483280aff6662dc808c840a14a4cd035fedd4fe87786649f326f001c,SHARED_REFERENCE
NG-SPT-000061,61,36.82,-6.247467,EPSG:4326,NG-SOV-PART-000001,NG-MGRID-04-03,true,NG-CLIM-OBS-000016,vegetation:novegeo:cell:000016,659,VALLEY,ENVIRONMENTAL_REFERENCE_SAMPLE_POINT,dataset:novegeo:terrain:elevation,1,data/novegeo/geography/terrain/qualified/novegeo_terrain_v001.json,f03d14ce483280aff6662dc808c840a14a4cd035fedd4fe87786649f326f001c,SHARED_REFERENCE
NG-SPT-000062,62,37.24,-6.247467,EPSG:4326,NG-SOV-PART-000001,NG-MGRID-04-03,true,,,694,VALLEY,ENVIRONMENTAL_REFERENCE_SAMPLE_POINT,dataset:novegeo:terrain:elevation,1,data/novegeo/geography/terrain/qualified/novegeo_terrain_v001.json,f03d14ce483280aff6662dc808c840a14a4cd035fedd4fe87786649f326f001c,SHARED_REFERENCE
NG-SPT-000063,63,37.66,-6.247467,EPSG:4326,NG-SOV-PART-000001,NG-MGRID-04-03,true,,,725,PLAIN,ENVIRONMENTAL_REFERENCE_SAMPLE_POINT,dataset:novegeo:terrain:elevation,1,data/novegeo/geography/terrain/qualified/novegeo_terrain_v001.json,f03d14ce483280aff6662dc808c840a14a4cd035fedd4fe87786649f326f001c,SHARED_REFERENCE
NG-SPT-000064,64,38.08,-6.247467,EPSG:4326,NG-SOV-PART-000001,NG-MGRID-04-03,true,,,749,PLAIN,ENVIRONMENTAL_REFERENCE_SAMPLE_POINT,dataset:novegeo:terrain:elevation,1,data/novegeo/geography/terrain/qualified/novegeo_terrain_v001.json,f03d14ce483280aff6662dc808c840a14a4cd035fedd4fe87786649f326f001c,SHARED_REFERENCE
NG-SPT-000065,65,38.5,-6.247467,EPSG:4326,NG-SOV-PART-000001,NG-MGRID-04-03,true,NG-CLIM-OBS-000017,vegetation:novegeo:cell:000017,758,PLAIN,ENVIRONMENTAL_REFERENCE_SAMPLE_POINT,dataset:novegeo:terrain:elevation,1,data/novegeo/geography/terrain/qualified/novegeo_terrain_v001.json,f03d14ce483280aff6662dc808c840a14a4cd035fedd4fe87786649f326f001c,SHARED_REFERENCE
NG-SPT-000066,66,38.92,-6.247467,EPSG:4326,NG-SOV-PART-000001,NG-MGRID-04-03,true,,,749,PLAIN,ENVIRONMENTAL_REFERENCE_SAMPLE_POINT,dataset:novegeo:terrain:elevation,1,data/novegeo/geography/terrain/qualified/novegeo_terrain_v001.json,f03d14ce483280aff6662dc808c840a14a4cd035fedd4fe87786649f326f001c,SHARED_REFERENCE
NG-SPT-000067,67,39.34,-6.247467,EPSG:4326,NG-SOV-PART-000001,NG-MGRID-04-03,true,,,724,PLAIN,ENVIRONMENTAL_REFERENCE_SAMPLE_POINT,dataset:novegeo:terrain:elevation,1,data/novegeo/geography/terrain/qualified/novegeo_terrain_v001.json,f03d14ce483280aff6662dc808c840a14a4cd035fedd4fe87786649f326f001c,SHARED_REFERENCE
NG-SPT-000068,68,39.76,-6.247467,EPSG:4326,NG-SOV-PART-000001,NG-MGRID-04-03,true,,,685,PLAIN,ENVIRONMENTAL_REFERENCE_SAMPLE_POINT,dataset:novegeo:terrain:elevation,1,data/novegeo/geography/terrain/qualified/novegeo_terrain_v001.json,f03d14ce483280aff6662dc808c840a14a4cd035fedd4fe87786649f326f001c,SHARED_REFERENCE
NG-SPT-000069,69,40.18,-6.247467,EPSG:4326,NG-SOV-PART-000001,NG-MGRID-04-04,true,NG-CLIM-OBS-000018,vegetation:novegeo:cell:000018,639,PLAIN,ENVIRONMENTAL_REFERENCE_SAMPLE_POINT,dataset:novegeo:terrain:elevation,1,data/novegeo/geography/terrain/qualified/novegeo_terrain_v001.json,f03d14ce483280aff6662dc808c840a14a4cd035fedd4fe87786649f326f001c,SHARED_REFERENCE
NG-SPT-000070,70,40.6,-6.247467,EPSG:4326,NG-SOV-PART-000001,NG-MGRID-04-04,true,,,589,PLAIN,ENVIRONMENTAL_REFERENCE_SAMPLE_POINT,dataset:novegeo:terrain:elevation,1,data/novegeo/geography/terrain/qualified/novegeo_terrain_v001.json,f03d14ce483280aff6662dc808c840a14a4cd035fedd4fe87786649f326f001c,SHARED_REFERENCE
NG-SPT-000071,71,41.02,-6.247467,EPSG:4326,NG-SOV-PART-000001,NG-MGRID-04-04,true,,,540,PLAIN,ENVIRONMENTAL_REFERENCE_SAMPLE_POINT,dataset:novegeo:terrain:elevation,1,data/novegeo/geography/terrain/qualified/novegeo_terrain_v001.json,f03d14ce483280aff6662dc808c840a14a4cd035fedd4fe87786649f326f001c,SHARED_REFERENCE
NG-SPT-000072,72,41.44,-6.247467,EPSG:4326,NG-SOV-PART-000001,NG-MGRID-04-04,true,,,494,PLAIN,ENVIRONMENTAL_REFERENCE_SAMPLE_POINT,dataset:novegeo:terrain:elevation,1,data/novegeo/geography/terrain/qualified/novegeo_terrain_v001.json,f03d14ce483280aff6662dc808c840a14a4cd035fedd4fe87786649f326f001c,SHARED_REFERENCE
NG-SPT-000073,73,30.52,-5.827467,EPSG:4326,NG-SOV-PART-000001,NG-MGRID-04-02,true,NG-CLIM-OBS-000019,vegetation:novegeo:cell:000019,342,PLAIN,ENVIRONMENTAL_REFERENCE_SAMPLE_POINT,dataset:novegeo:terrain:elevation,1,data/novegeo/geography/terrain/qualified/novegeo_terrain_v001.json,f03d14ce483280aff6662dc808c840a14a4cd035fedd4fe87786649f326f001c,SHARED_REFERENCE
NG-SPT-000074,74,30.94,-5.827467,EPSG:4326,NG-SOV-PART-000001,NG-MGRID-04-02,true,,,377,PLAIN,ENVIRONMENTAL_REFERENCE_SAMPLE_POINT,dataset:novegeo:terrain:elevation,1,data/novegeo/geography/terrain/qualified/novegeo_terrain_v001.json,f03d14ce483280aff6662dc808c840a14a4cd035fedd4fe87786649f326f001c,SHARED_REFERENCE
NG-SPT-000075,75,31.36,-5.827467,EPSG:4326,NG-SOV-PART-000001,NG-MGRID-04-02,true,,,386,PLAIN,ENVIRONMENTAL_REFERENCE_SAMPLE_POINT,dataset:novegeo:terrain:elevation,1,data/novegeo/geography/terrain/qualified/novegeo_terrain_v001.json,f03d14ce483280aff6662dc808c840a14a4cd035fedd4fe87786649f326f001c,SHARED_REFERENCE
NG-SPT-000076,76,31.78,-5.827467,EPSG:4326,NG-SOV-PART-000001,NG-MGRID-04-02,true,,,391,PLAIN,ENVIRONMENTAL_REFERENCE_SAMPLE_POINT,dataset:novegeo:terrain:elevation,1,data/novegeo/geography/terrain/qualified/novegeo_terrain_v001.json,f03d14ce483280aff6662dc808c840a14a4cd035fedd4fe87786649f326f001c,SHARED_REFERENCE
NG-SPT-000077,77,32.2,-5.827467,EPSG:4326,NG-SOV-PART-000001,NG-MGRID-04-02,true,NG-CLIM-OBS-000020,vegetation:novegeo:cell:000020,396,PLAIN,ENVIRONMENTAL_REFERENCE_SAMPLE_POINT,dataset:novegeo:terrain:elevation,1,data/novegeo/geography/terrain/qualified/novegeo_terrain_v001.json,f03d14ce483280aff6662dc808c840a14a4cd035fedd4fe87786649f326f001c,SHARED_REFERENCE
NG-SPT-000078,78,32.62,-5.827467,EPSG:4326,NG-SOV-PART-000001,NG-MGRID-04-02,true,,,403,PLAIN,ENVIRONMENTAL_REFERENCE_SAMPLE_POINT,dataset:novegeo:terrain:elevation,1,data/novegeo/geography/terrain/qualified/novegeo_terrain_v001.json,f03d14ce483280aff6662dc808c840a14a4cd035fedd4fe87786649f326f001c,SHARED_REFERENCE
NG-SPT-000079,79,33.04,-5.827467,EPSG:4326,NG-SOV-PART-000001,NG-MGRID-04-02,true,,,416,PLAIN,ENVIRONMENTAL_REFERENCE_SAMPLE_POINT,dataset:novegeo:terrain:elevation,1,data/novegeo/geography/terrain/qualified/novegeo_terrain_v001.json,f03d14ce483280aff6662dc808c840a14a4cd035fedd4fe87786649f326f001c,SHARED_REFERENCE
NG-SPT-000080,80,33.46,-5.827467,EPSG:4326,NG-SOV-PART-000001,NG-MGRID-04-02,true,,,438,PLAIN,ENVIRONMENTAL_REFERENCE_SAMPLE_POINT,dataset:novegeo:terrain:elevation,1,data/novegeo/geography/terrain/qualified/novegeo_terrain_v001.json,f03d14ce483280aff6662dc808c840a14a4cd035fedd4fe87786649f326f001c,SHARED_REFERENCE
NG-SPT-000081,81,33.88,-5.827467,EPSG:4326,NG-SOV-PART-000001,NG-MGRID-04-02,true,NG-CLIM-OBS-000021,vegetation:novegeo:cell:000021,470,PLAIN,ENVIRONMENTAL_REFERENCE_SAMPLE_POINT,dataset:novegeo:terrain:elevation,1,data/novegeo/geography/terrain/qualified/novegeo_terrain_v001.json,f03d14ce483280aff6662dc808c840a14a4cd035fedd4fe87786649f326f001c,SHARED_REFERENCE
NG-SPT-000082,82,34.3,-5.827467,EPSG:4326,NG-SOV-PART-000001,NG-MGRID-04-02,true,,,512,PLAIN,ENVIRONMENTAL_REFERENCE_SAMPLE_POINT,dataset:novegeo:terrain:elevation,1,data/novegeo/geography/terrain/qualified/novegeo_terrain_v001.json,f03d14ce483280aff6662dc808c840a14a4cd035fedd4fe87786649f326f001c,SHARED_REFERENCE
NG-SPT-000083,83,34.72,-5.827467,EPSG:4326,NG-SOV-PART-000001,NG-MGRID-04-02,true,,,561,PLAIN,ENVIRONMENTAL_REFERENCE_SAMPLE_POINT,dataset:novegeo:terrain:elevation,1,data/novegeo/geography/terrain/qualified/novegeo_terrain_v001.json,f03d14ce483280aff6662dc808c840a14a4cd035fedd4fe87786649f326f001c,SHARED_REFERENCE
NG-SPT-000084,84,35.14,-5.827467,EPSG:4326,NG-SOV-PART-000001,NG-MGRID-04-03,true,,,614,PLAIN,ENVIRONMENTAL_REFERENCE_SAMPLE_POINT,dataset:novegeo:terrain:elevation,1,data/novegeo/geography/terrain/qualified/novegeo_terrain_v001.json,f03d14ce483280aff6662dc808c840a14a4cd035fedd4fe87786649f326f001c,SHARED_REFERENCE
NG-SPT-000085,85,35.56,-5.827467,EPSG:4326,NG-SOV-PART-000001,NG-MGRID-04-03,true,NG-CLIM-OBS-000022,vegetation:novegeo:cell:000022,668,VALLEY,ENVIRONMENTAL_REFERENCE_SAMPLE_POINT,dataset:novegeo:terrain:elevation,1,data/novegeo/geography/terrain/qualified/novegeo_terrain_v001.json,f03d14ce483280aff6662dc808c840a14a4cd035fedd4fe87786649f326f001c,SHARED_REFERENCE
NG-SPT-000086,86,35.98,-5.827467,EPSG:4326,NG-SOV-PART-000001,NG-MGRID-04-03,true,,,722,VALLEY,ENVIRONMENTAL_REFERENCE_SAMPLE_POINT,dataset:novegeo:terrain:elevation,1,data/novegeo/geography/terrain/qualified/novegeo_terrain_v001.json,f03d14ce483280aff6662dc808c840a14a4cd035fedd4fe87786649f326f001c,SHARED_REFERENCE
NG-SPT-000087,87,36.4,-5.827467,EPSG:4326,NG-SOV-PART-000001,NG-MGRID-04-03,true,,,774,VALLEY,ENVIRONMENTAL_REFERENCE_SAMPLE_POINT,dataset:novegeo:terrain:elevation,1,data/novegeo/geography/terrain/qualified/novegeo_terrain_v001.json,f03d14ce483280aff6662dc808c840a14a4cd035fedd4fe87786649f326f001c,SHARED_REFERENCE
NG-SPT-000088,88,36.82,-5.827467,EPSG:4326,NG-SOV-PART-000001,NG-MGRID-04-03,true,,,826,VALLEY,ENVIRONMENTAL_REFERENCE_SAMPLE_POINT,dataset:novegeo:terrain:elevation,1,data/novegeo/geography/terrain/qualified/novegeo_terrain_v001.json,f03d14ce483280aff6662dc808c840a14a4cd035fedd4fe87786649f326f001c,SHARED_REFERENCE
NG-SPT-000089,89,37.24,-5.827467,EPSG:4326,NG-SOV-PART-000001,NG-MGRID-04-03,true,NG-CLIM-OBS-000023,vegetation:novegeo:cell:000023,875,VALLEY,ENVIRONMENTAL_REFERENCE_SAMPLE_POINT,dataset:novegeo:terrain:elevation,1,data/novegeo/geography/terrain/qualified/novegeo_terrain_v001.json,f03d14ce483280aff6662dc808c840a14a4cd035fedd4fe87786649f326f001c,SHARED_REFERENCE
NG-SPT-000090,90,37.66,-5.827467,EPSG:4326,NG-SOV-PART-000001,NG-MGRID-04-03,true,,,918,VALLEY,ENVIRONMENTAL_REFERENCE_SAMPLE_POINT,dataset:novegeo:terrain:elevation,1,data/novegeo/geography/terrain/qualified/novegeo_terrain_v001.json,f03d14ce483280aff6662dc808c840a14a4cd035fedd4fe87786649f326f001c,SHARED_REFERENCE
NG-SPT-000091,91,38.08,-5.827467,EPSG:4326,NG-SOV-PART-000001,NG-MGRID-04-03,true,,,947,PLAIN,ENVIRONMENTAL_REFERENCE_SAMPLE_POINT,dataset:novegeo:terrain:elevation,1,data/novegeo/geography/terrain/qualified/novegeo_terrain_v001.json,f03d14ce483280aff6662dc808c840a14a4cd035fedd4fe87786649f326f001c,SHARED_REFERENCE
NG-SPT-000092,92,38.5,-5.827467,EPSG:4326,NG-SOV-PART-000001,NG-MGRID-04-03,true,,,955,PLAIN,ENVIRONMENTAL_REFERENCE_SAMPLE_POINT,dataset:novegeo:terrain:elevation,1,data/novegeo/geography/terrain/qualified/novegeo_terrain_v001.json,f03d14ce483280aff6662dc808c840a14a4cd035fedd4fe87786649f326f001c,SHARED_REFERENCE
NG-SPT-000093,93,38.92,-5.827467,EPSG:4326,NG-SOV-PART-000001,NG-MGRID-04-03,true,NG-CLIM-OBS-000024,vegetation:novegeo:cell:000024,938,PLAIN,ENVIRONMENTAL_REFERENCE_SAMPLE_POINT,dataset:novegeo:terrain:elevation,1,data/novegeo/geography/terrain/qualified/novegeo_terrain_v001.json,f03d14ce483280aff6662dc808c840a14a4cd035fedd4fe87786649f326f001c,SHARED_REFERENCE
NG-SPT-000094,94,39.34,-5.827467,EPSG:4326,NG-SOV-PART-000001,NG-MGRID-04-03,true,,,899,PLAIN,ENVIRONMENTAL_REFERENCE_SAMPLE_POINT,dataset:novegeo:terrain:elevation,1,data/novegeo/geography/terrain/qualified/novegeo_terrain_v001.json,f03d14ce483280aff6662dc808c840a14a4cd035fedd4fe87786649f326f001c,SHARED_REFERENCE
NG-SPT-000095,95,39.76,-5.827467,EPSG:4326,NG-SOV-PART-000001,NG-MGRID-04-03,true,,,842,PLAIN,ENVIRONMENTAL_REFERENCE_SAMPLE_POINT,dataset:novegeo:terrain:elevation,1,data/novegeo/geography/terrain/qualified/novegeo_terrain_v001.json,f03d14ce483280aff6662dc808c840a14a4cd035fedd4fe87786649f326f001c,SHARED_REFERENCE
NG-SPT-000096,96,40.18,-5.827467,EPSG:4326,NG-SOV-PART-000001,NG-MGRID-04-04,true,,,775,PLAIN,ENVIRONMENTAL_REFERENCE_SAMPLE_POINT,dataset:novegeo:terrain:elevation,1,data/novegeo/geography/terrain/qualified/novegeo_terrain_v001.json,f03d14ce483280aff6662dc808c840a14a4cd035fedd4fe87786649f326f001c,SHARED_REFERENCE
NG-SPT-000097,97,40.6,-5.827467,EPSG:4326,NG-SOV-PART-000001,NG-MGRID-04-04,true,NG-CLIM-OBS-000025,vegetation:novegeo:cell:000025,705,PLAIN,ENVIRONMENTAL_REFERENCE_SAMPLE_POINT,dataset:novegeo:terrain:elevation,1,data/novegeo/geography/terrain/qualified/novegeo_terrain_v001.json,f03d14ce483280aff6662dc808c840a14a4cd035fedd4fe87786649f326f001c,SHARED_REFERENCE
NG-SPT-000098,98,41.02,-5.827467,EPSG:4326,NG-SOV-PART-000001,NG-MGRID-04-04,true,,,637,PLAIN,ENVIRONMENTAL_REFERENCE_SAMPLE_POINT,dataset:novegeo:terrain:elevation,1,data/novegeo/geography/terrain/qualified/novegeo_terrain_v001.json,f03d14ce483280aff6662dc808c840a14a4cd035fedd4fe87786649f326f001c,SHARED_REFERENCE
NG-SPT-000099,99,41.44,-5.827467,EPSG:4326,NG-SOV-PART-000001,NG-MGRID-04-04,true,,,575,PLAIN,ENVIRONMENTAL_REFERENCE_SAMPLE_POINT,dataset:novegeo:terrain:elevation,1,data/novegeo/geography/terrain/qualified/novegeo_terrain_v001.json,f03d14ce483280aff6662dc808c840a14a4cd035fedd4fe87786649f326f001c,SHARED_REFERENCE
NG-SPT-000100,100,41.86,-5.827467,EPSG:4326,NG-SOV-PART-000001,NG-MGRID-04-04,true,,,519,PLAIN,ENVIRONMENTAL_REFERENCE_SAMPLE_POINT,dataset:novegeo:terrain:elevation,1,data/novegeo/geography/terrain/qualified/novegeo_terrain_v001.json,f03d14ce483280aff6662dc808c840a14a4cd035fedd4fe87786649f326f001c,SHARED_REFERENCE
NG-SPT-000101,101,30.1,-5.407467,EPSG:4326,NG-SOV-PART-000001,NG-MGRID-04-02,true,NG-CLIM-OBS-000026,vegetation:novegeo:cell:000026,307,PLAIN,ENVIRONMENTAL_REFERENCE_SAMPLE_POINT,dataset:novegeo:terrain:elevation,1,data/novegeo/geography/terrain/qualified/novegeo_terrain_v001.json,f03d14ce483280aff6662dc808c840a14a4cd035fedd4fe87786649f326f001c,SHARED_REFERENCE
NG-SPT-000102,102,30.52,-5.407467,EPSG:4326,NG-SOV-PART-000001,NG-MGRID-04-02,true,,,346,PLAIN,ENVIRONMENTAL_REFERENCE_SAMPLE_POINT,dataset:novegeo:terrain:elevation,1,data/novegeo/geography/terrain/qualified/novegeo_terrain_v001.json,f03d14ce483280aff6662dc808c840a14a4cd035fedd4fe87786649f326f001c,SHARED_REFERENCE
NG-SPT-000103,103,30.94,-5.407467,EPSG:4326,NG-SOV-PART-000001,NG-MGRID-04-02,true,,,379,PLAIN,ENVIRONMENTAL_REFERENCE_SAMPLE_POINT,dataset:novegeo:terrain:elevation,1,data/novegeo/geography/terrain/qualified/novegeo_terrain_v001.json,f03d14ce483280aff6662dc808c840a14a4cd035fedd4fe87786649f326f001c,SHARED_REFERENCE
NG-SPT-000104,104,31.36,-5.407467,EPSG:4326,NG-SOV-PART-000001,NG-MGRID-04-02,true,,,391,PLAIN,ENVIRONMENTAL_REFERENCE_SAMPLE_POINT,dataset:novegeo:terrain:elevation,1,data/novegeo/geography/terrain/qualified/novegeo_terrain_v001.json,f03d14ce483280aff6662dc808c840a14a4cd035fedd4fe87786649f326f001c,SHARED_REFERENCE
NG-SPT-000105,105,31.78,-5.407467,EPSG:4326,NG-SOV-PART-000001,NG-MGRID-04-02,true,NG-CLIM-OBS-000027,vegetation:novegeo:cell:000027,393,PLAIN,ENVIRONMENTAL_REFERENCE_SAMPLE_POINT,dataset:novegeo:terrain:elevation,1,data/novegeo/geography/terrain/qualified/novegeo_terrain_v001.json,f03d14ce483280aff6662dc808c840a14a4cd035fedd4fe87786649f326f001c,SHARED_REFERENCE
NG-SPT-000106,106,32.2,-5.407467,EPSG:4326,NG-SOV-PART-000001,NG-MGRID-04-02,true,,,395,PLAIN,ENVIRONMENTAL_REFERENCE_SAMPLE_POINT,dataset:novegeo:terrain:elevation,1,data/novegeo/geography/terrain/qualified/novegeo_terrain_v001.json,f03d14ce483280aff6662dc808c840a14a4cd035fedd4fe87786649f326f001c,SHARED_REFERENCE
NG-SPT-000107,107,32.62,-5.407467,EPSG:4326,NG-SOV-PART-000001,NG-MGRID-04-02,true,,,402,PLAIN,ENVIRONMENTAL_REFERENCE_SAMPLE_POINT,dataset:novegeo:terrain:elevation,1,data/novegeo/geography/terrain/qualified/novegeo_terrain_v001.json,f03d14ce483280aff6662dc808c840a14a4cd035fedd4fe87786649f326f001c,SHARED_REFERENCE
NG-SPT-000108,108,33.04,-5.407467,EPSG:4326,NG-SOV-PART-000001,NG-MGRID-04-02,true,,,420,PLAIN,ENVIRONMENTAL_REFERENCE_SAMPLE_POINT,dataset:novegeo:terrain:elevation,1,data/novegeo/geography/terrain/qualified/novegeo_terrain_v001.json,f03d14ce483280aff6662dc808c840a14a4cd035fedd4fe87786649f326f001c,SHARED_REFERENCE
NG-SPT-000109,109,33.46,-5.407467,EPSG:4326,NG-SOV-PART-000001,NG-MGRID-04-02,true,NG-CLIM-OBS-000028,vegetation:novegeo:cell:000028,451,PLAIN,ENVIRONMENTAL_REFERENCE_SAMPLE_POINT,dataset:novegeo:terrain:elevation,1,data/novegeo/geography/terrain/qualified/novegeo_terrain_v001.json,f03d14ce483280aff6662dc808c840a14a4cd035fedd4fe87786649f326f001c,SHARED_REFERENCE
NG-SPT-000110,110,33.88,-5.407467,EPSG:4326,NG-SOV-PART-000001,NG-MGRID-04-02,true,,,497,PLAIN,ENVIRONMENTAL_REFERENCE_SAMPLE_POINT,dataset:novegeo:terrain:elevation,1,data/novegeo/geography/terrain/qualified/novegeo_terrain_v001.json,f03d14ce483280aff6662dc808c840a14a4cd035fedd4fe87786649f326f001c,SHARED_REFERENCE
NG-SPT-000111,111,34.3,-5.407467,EPSG:4326,NG-SOV-PART-000001,NG-MGRID-04-02,true,,,558,PLAIN,ENVIRONMENTAL_REFERENCE_SAMPLE_POINT,dataset:novegeo:terrain:elevation,1,data/novegeo/geography/terrain/qualified/novegeo_terrain_v001.json,f03d14ce483280aff6662dc808c840a14a4cd035fedd4fe87786649f326f001c,SHARED_REFERENCE
NG-SPT-000112,112,34.72,-5.407467,EPSG:4326,NG-SOV-PART-000001,NG-MGRID-04-02,true,,,629,PLAIN,ENVIRONMENTAL_REFERENCE_SAMPLE_POINT,dataset:novegeo:terrain:elevation,1,data/novegeo/geography/terrain/qualified/novegeo_terrain_v001.json,f03d14ce483280aff6662dc808c840a14a4cd035fedd4fe87786649f326f001c,SHARED_REFERENCE
NG-SPT-000113,113,35.14,-5.407467,EPSG:4326,NG-SOV-PART-000001,NG-MGRID-04-03,true,NG-CLIM-OBS-000029,vegetation:novegeo:cell:000029,706,PLAIN,ENVIRONMENTAL_REFERENCE_SAMPLE_POINT,dataset:novegeo:terrain:elevation,1,data/novegeo/geography/terrain/qualified/novegeo_terrain_v001.json,f03d14ce483280aff6662dc808c840a14a4cd035fedd4fe87786649f326f001c,SHARED_REFERENCE
NG-SPT-000114,114,35.56,-5.407467,EPSG:4326,NG-SOV-PART-000001,NG-MGRID-04-03,true,,,784,PLAIN,ENVIRONMENTAL_REFERENCE_SAMPLE_POINT,dataset:novegeo:terrain:elevation,1,data/novegeo/geography/terrain/qualified/novegeo_terrain_v001.json,f03d14ce483280aff6662dc808c840a14a4cd035fedd4fe87786649f326f001c,SHARED_REFERENCE
NG-SPT-000115,115,35.98,-5.407467,EPSG:4326,NG-SOV-PART-000001,NG-MGRID-04-03,true,,,861,VALLEY,ENVIRONMENTAL_REFERENCE_SAMPLE_POINT,dataset:novegeo:terrain:elevation,1,data/novegeo/geography/terrain/qualified/novegeo_terrain_v001.json,f03d14ce483280aff6662dc808c840a14a4cd035fedd4fe87786649f326f001c,SHARED_REFERENCE
NG-SPT-000116,116,36.4,-5.407467,EPSG:4326,NG-SOV-PART-000001,NG-MGRID-04-03,true,,,935,VALLEY,ENVIRONMENTAL_REFERENCE_SAMPLE_POINT,dataset:novegeo:terrain:elevation,1,data/novegeo/geography/terrain/qualified/novegeo_terrain_v001.json,f03d14ce483280aff6662dc808c840a14a4cd035fedd4fe87786649f326f001c,SHARED_REFERENCE
NG-SPT-000117,117,36.82,-5.407467,EPSG:4326,NG-SOV-PART-000001,NG-MGRID-04-03,true,NG-CLIM-OBS-000030,vegetation:novegeo:cell:000030,1006,VALLEY,ENVIRONMENTAL_REFERENCE_SAMPLE_POINT,dataset:novegeo:terrain:elevation,1,data/novegeo/geography/terrain/qualified/novegeo_terrain_v001.json,f03d14ce483280aff6662dc808c840a14a4cd035fedd4fe87786649f326f001c,SHARED_REFERENCE
NG-SPT-000118,118,37.24,-5.407467,EPSG:4326,NG-SOV-PART-000001,NG-MGRID-04-03,true,,,1071,PLATEAU,ENVIRONMENTAL_REFERENCE_SAMPLE_POINT,dataset:novegeo:terrain:elevation,1,data/novegeo/geography/terrain/qualified/novegeo_terrain_v001.json,f03d14ce483280aff6662dc808c840a14a4cd035fedd4fe87786649f326f001c,SHARED_REFERENCE
NG-SPT-000119,119,37.66,-5.407467,EPSG:4326,NG-SOV-PART-000001,NG-MGRID-04-03,true,,,1126,PLATEAU,ENVIRONMENTAL_REFERENCE_SAMPLE_POINT,dataset:novegeo:terrain:elevation,1,data/novegeo/geography/terrain/qualified/novegeo_terrain_v001.json,f03d14ce483280aff6662dc808c840a14a4cd035fedd4fe87786649f326f001c,SHARED_REFERENCE
NG-SPT-000120,120,38.08,-5.407467,EPSG:4326,NG-SOV-PART-000001,NG-MGRID-04-03,true,,,1160,PLATEAU,ENVIRONMENTAL_REFERENCE_SAMPLE_POINT,dataset:novegeo:terrain:elevation,1,data/novegeo/geography/terrain/qualified/novegeo_terrain_v001.json,f03d14ce483280aff6662dc808c840a14a4cd035fedd4fe87786649f326f001c,SHARED_REFERENCE
NG-SPT-000121,121,38.5,-5.407467,EPSG:4326,NG-SOV-PART-000001,NG-MGRID-04-03,true,NG-CLIM-OBS-000031,vegetation:novegeo:cell:000031,1166,PLATEAU,ENVIRONMENTAL_REFERENCE_SAMPLE_POINT,dataset:novegeo:terrain:elevation,1,data/novegeo/geography/terrain/qualified/novegeo_terrain_v001.json,f03d14ce483280aff6662dc808c840a14a4cd035fedd4fe87786649f326f001c,SHARED_REFERENCE
NG-SPT-000122,122,38.92,-5.407467,EPSG:4326,NG-SOV-PART-000001,NG-MGRID-04-03,true,,,1139,PLATEAU,ENVIRONMENTAL_REFERENCE_SAMPLE_POINT,dataset:novegeo:terrain:elevation,1,data/novegeo/geography/terrain/qualified/novegeo_terrain_v001.json,f03d14ce483280aff6662dc808c840a14a4cd035fedd4fe87786649f326f001c,SHARED_REFERENCE
NG-SPT-000123,123,39.34,-5.407467,EPSG:4326,NG-SOV-PART-000001,NG-MGRID-04-03,true,,,1083,PLATEAU,ENVIRONMENTAL_REFERENCE_SAMPLE_POINT,dataset:novegeo:terrain:elevation,1,data/novegeo/geography/terrain/qualified/novegeo_terrain_v001.json,f03d14ce483280aff6662dc808c840a14a4cd035fedd4fe87786649f326f001c,SHARED_REFERENCE
NG-SPT-000124,124,39.76,-5.407467,EPSG:4326,NG-SOV-PART-000001,NG-MGRID-04-03,true,,,1003,PLAIN,ENVIRONMENTAL_REFERENCE_SAMPLE_POINT,dataset:novegeo:terrain:elevation,1,data/novegeo/geography/terrain/qualified/novegeo_terrain_v001.json,f03d14ce483280aff6662dc808c840a14a4cd035fedd4fe87786649f326f001c,SHARED_REFERENCE
NG-SPT-000125,125,40.18,-5.407467,EPSG:4326,NG-SOV-PART-000001,NG-MGRID-04-04,true,NG-CLIM-OBS-000032,vegetation:novegeo:cell:000032,911,PLAIN,ENVIRONMENTAL_REFERENCE_SAMPLE_POINT,dataset:novegeo:terrain:elevation,1,data/novegeo/geography/terrain/qualified/novegeo_terrain_v001.json,f03d14ce483280aff6662dc808c840a14a4cd035fedd4fe87786649f326f001c,SHARED_REFERENCE
NG-SPT-000126,126,40.6,-5.407467,EPSG:4326,NG-SOV-PART-000001,NG-MGRID-04-04,true,,,817,PLAIN,ENVIRONMENTAL_REFERENCE_SAMPLE_POINT,dataset:novegeo:terrain:elevation,1,data/novegeo/geography/terrain/qualified/novegeo_terrain_v001.json,f03d14ce483280aff6662dc808c840a14a4cd035fedd4fe87786649f326f001c,SHARED_REFERENCE
NG-SPT-000127,127,41.02,-5.407467,EPSG:4326,NG-SOV-PART-000001,NG-MGRID-04-04,true,,,727,PLAIN,ENVIRONMENTAL_REFERENCE_SAMPLE_POINT,dataset:novegeo:terrain:elevation,1,data/novegeo/geography/terrain/qualified/novegeo_terrain_v001.json,f03d14ce483280aff6662dc808c840a14a4cd035fedd4fe87786649f326f001c,SHARED_REFERENCE
NG-SPT-000128,128,41.44,-5.407467,EPSG:4326,NG-SOV-PART-000001,NG-MGRID-04-04,true,,,646,PLAIN,ENVIRONMENTAL_REFERENCE_SAMPLE_POINT,dataset:novegeo:terrain:elevation,1,data/novegeo/geography/terrain/qualified/novegeo_terrain_v001.json,f03d14ce483280aff6662dc808c840a14a4cd035fedd4fe87786649f326f001c,SHARED_REFERENCE
NG-SPT-000129,129,41.86,-5.407467,EPSG:4326,NG-SOV-PART-000001,NG-MGRID-04-04,true,NG-CLIM-OBS-000033,vegetation:novegeo:cell:000033,574,PLAIN,ENVIRONMENTAL_REFERENCE_SAMPLE_POINT,dataset:novegeo:terrain:elevation,1,data/novegeo/geography/terrain/qualified/novegeo_terrain_v001.json,f03d14ce483280aff6662dc808c840a14a4cd035fedd4fe87786649f326f001c,SHARED_REFERENCE
NG-SPT-000130,130,42.28,-5.407467,EPSG:4326,NG-SOV-PART-000001,NG-MGRID-04-04,true,,,511,PLAIN,ENVIRONMENTAL_REFERENCE_SAMPLE_POINT,dataset:novegeo:terrain:elevation,1,data/novegeo/geography/terrain/qualified/novegeo_terrain_v001.json,f03d14ce483280aff6662dc808c840a14a4cd035fedd4fe87786649f326f001c,SHARED_REFERENCE
NG-SPT-000131,131,43.54,-5.407467,EPSG:4326,NG-SOV-PART-000006,NG-MGRID-04-04,true,,,314,PLAIN,ENVIRONMENTAL_REFERENCE_SAMPLE_POINT,dataset:novegeo:terrain:elevation,1,data/novegeo/geography/terrain/qualified/novegeo_terrain_v001.json,f03d14ce483280aff6662dc808c840a14a4cd035fedd4fe87786649f326f001c,SHARED_REFERENCE
NG-SPT-000132,132,30.1,-4.987467,EPSG:4326,NG-SOV-PART-000001,NG-MGRID-03-02,true,,,308,PLAIN,ENVIRONMENTAL_REFERENCE_SAMPLE_POINT,dataset:novegeo:terrain:elevation,1,data/novegeo/geography/terrain/qualified/novegeo_terrain_v001.json,f03d14ce483280aff6662dc808c840a14a4cd035fedd4fe87786649f326f001c,SHARED_REFERENCE
NG-SPT-000133,133,30.52,-4.987467,EPSG:4326,NG-SOV-PART-000001,NG-MGRID-03-02,true,NG-CLIM-OBS-000034,vegetation:novegeo:cell:000034,345,PLAIN,ENVIRONMENTAL_REFERENCE_SAMPLE_POINT,dataset:novegeo:terrain:elevation,1,data/novegeo/geography/terrain/qualified/novegeo_terrain_v001.json,f03d14ce483280aff6662dc808c840a14a4cd035fedd4fe87786649f326f001c,SHARED_REFERENCE
NG-SPT-000134,134,30.94,-4.987467,EPSG:4326,NG-SOV-PART-000001,NG-MGRID-03-02,true,,,373,PLAIN,ENVIRONMENTAL_REFERENCE_SAMPLE_POINT,dataset:novegeo:terrain:elevation,1,data/novegeo/geography/terrain/qualified/novegeo_terrain_v001.json,f03d14ce483280aff6662dc808c840a14a4cd035fedd4fe87786649f326f001c,SHARED_REFERENCE
NG-SPT-000135,135,31.36,-4.987467,EPSG:4326,NG-SOV-PART-000001,NG-MGRID-03-02,true,,,381,PLAIN,ENVIRONMENTAL_REFERENCE_SAMPLE_POINT,dataset:novegeo:terrain:elevation,1,data/novegeo/geography/terrain/qualified/novegeo_terrain_v001.json,f03d14ce483280aff6662dc808c840a14a4cd035fedd4fe87786649f326f001c,SHARED_REFERENCE
NG-SPT-000136,136,31.78,-4.987467,EPSG:4326,NG-SOV-PART-000001,NG-MGRID-03-02,true,,,377,PLAIN,ENVIRONMENTAL_REFERENCE_SAMPLE_POINT,dataset:novegeo:terrain:elevation,1,data/novegeo/geography/terrain/qualified/novegeo_terrain_v001.json,f03d14ce483280aff6662dc808c840a14a4cd035fedd4fe87786649f326f001c,SHARED_REFERENCE
NG-SPT-000137,137,32.2,-4.987467,EPSG:4326,NG-SOV-PART-000001,NG-MGRID-03-02,true,NG-CLIM-OBS-000035,vegetation:novegeo:cell:000035,377,PLAIN,ENVIRONMENTAL_REFERENCE_SAMPLE_POINT,dataset:novegeo:terrain:elevation,1,data/novegeo/geography/terrain/qualified/novegeo_terrain_v001.json,f03d14ce483280aff6662dc808c840a14a4cd035fedd4fe87786649f326f001c,SHARED_REFERENCE
NG-SPT-000138,138,32.62,-4.987467,EPSG:4326,NG-SOV-PART-000001,NG-MGRID-03-02,true,,,385,PLAIN,ENVIRONMENTAL_REFERENCE_SAMPLE_POINT,dataset:novegeo:terrain:elevation,1,data/novegeo/geography/terrain/qualified/novegeo_terrain_v001.json,f03d14ce483280aff6662dc808c840a14a4cd035fedd4fe87786649f326f001c,SHARED_REFERENCE
NG-SPT-000139,139,33.04,-4.987467,EPSG:4326,NG-SOV-PART-000001,NG-MGRID-03-02,true,,,408,PLAIN,ENVIRONMENTAL_REFERENCE_SAMPLE_POINT,dataset:novegeo:terrain:elevation,1,data/novegeo/geography/terrain/qualified/novegeo_terrain_v001.json,f03d14ce483280aff6662dc808c840a14a4cd035fedd4fe87786649f326f001c,SHARED_REFERENCE
NG-SPT-000140,140,33.46,-4.987467,EPSG:4326,NG-SOV-PART-000001,NG-MGRID-03-02,true,,,451,PLAIN,ENVIRONMENTAL_REFERENCE_SAMPLE_POINT,dataset:novegeo:terrain:elevation,1,data/novegeo/geography/terrain/qualified/novegeo_terrain_v001.json,f03d14ce483280aff6662dc808c840a14a4cd035fedd4fe87786649f326f001c,SHARED_REFERENCE
NG-SPT-000141,141,33.88,-4.987467,EPSG:4326,NG-SOV-PART-000001,NG-MGRID-03-02,true,NG-CLIM-OBS-000036,vegetation:novegeo:cell:000036,515,PLAIN,ENVIRONMENTAL_REFERENCE_SAMPLE_POINT,dataset:novegeo:terrain:elevation,1,data/novegeo/geography/terrain/qualified/novegeo_terrain_v001.json,f03d14ce483280aff6662dc808c840a14a4cd035fedd4fe87786649f326f001c,SHARED_REFERENCE
NG-SPT-000142,142,34.3,-4.987467,EPSG:4326,NG-SOV-PART-000001,NG-MGRID-03-02,true,,,597,PLAIN,ENVIRONMENTAL_REFERENCE_SAMPLE_POINT,dataset:novegeo:terrain:elevation,1,data/novegeo/geography/terrain/qualified/novegeo_terrain_v001.json,f03d14ce483280aff6662dc808c840a14a4cd035fedd4fe87786649f326f001c,SHARED_REFERENCE
NG-SPT-000143,143,34.72,-4.987467,EPSG:4326,NG-SOV-PART-000001,NG-MGRID-03-02,true,,,694,PLAIN,ENVIRONMENTAL_REFERENCE_SAMPLE_POINT,dataset:novegeo:terrain:elevation,1,data/novegeo/geography/terrain/qualified/novegeo_terrain_v001.json,f03d14ce483280aff6662dc808c840a14a4cd035fedd4fe87786649f326f001c,SHARED_REFERENCE
NG-SPT-000144,144,35.14,-4.987467,EPSG:4326,NG-SOV-PART-000001,NG-MGRID-03-03,true,,,798,PLAIN,ENVIRONMENTAL_REFERENCE_SAMPLE_POINT,dataset:novegeo:terrain:elevation,1,data/novegeo/geography/terrain/qualified/novegeo_terrain_v001.json,f03d14ce483280aff6662dc808c840a14a4cd035fedd4fe87786649f326f001c,SHARED_REFERENCE
NG-SPT-000145,145,35.56,-4.987467,EPSG:4326,NG-SOV-PART-000001,NG-MGRID-03-03,true,NG-CLIM-OBS-000037,vegetation:novegeo:cell:000037,902,PLAIN,ENVIRONMENTAL_REFERENCE_SAMPLE_POINT,dataset:novegeo:terrain:elevation,1,data/novegeo/geography/terrain/qualified/novegeo_terrain_v001.json,f03d14ce483280aff6662dc808c840a14a4cd035fedd4fe87786649f326f001c,SHARED_REFERENCE
NG-SPT-000146,146,35.98,-4.987467,EPSG:4326,NG-SOV-PART-000001,NG-MGRID-03-03,true,,,1003,VALLEY,ENVIRONMENTAL_REFERENCE_SAMPLE_POINT,dataset:novegeo:terrain:elevation,1,data/novegeo/geography/terrain/qualified/novegeo_terrain_v001.json,f03d14ce483280aff6662dc808c840a14a4cd035fedd4fe87786649f326f001c,SHARED_REFERENCE
NG-SPT-000147,147,36.4,-4.987467,EPSG:4326,NG-SOV-PART-000001,NG-MGRID-03-03,true,,,1100,PLATEAU,ENVIRONMENTAL_REFERENCE_SAMPLE_POINT,dataset:novegeo:terrain:elevation,1,data/novegeo/geography/terrain/qualified/novegeo_terrain_v001.json,f03d14ce483280aff6662dc808c840a14a4cd035fedd4fe87786649f326f001c,SHARED_REFERENCE
NG-SPT-000148,148,36.82,-4.987467,EPSG:4326,NG-SOV-PART-000001,NG-MGRID-03-03,true,,,1191,PLATEAU,ENVIRONMENTAL_REFERENCE_SAMPLE_POINT,dataset:novegeo:terrain:elevation,1,data/novegeo/geography/terrain/qualified/novegeo_terrain_v001.json,f03d14ce483280aff6662dc808c840a14a4cd035fedd4fe87786649f326f001c,SHARED_REFERENCE
NG-SPT-000149,149,37.24,-4.987467,EPSG:4326,NG-SOV-PART-000001,NG-MGRID-03-03,true,NG-CLIM-OBS-000038,vegetation:novegeo:cell:000038,1273,PLATEAU,ENVIRONMENTAL_REFERENCE_SAMPLE_POINT,dataset:novegeo:terrain:elevation,1,data/novegeo/geography/terrain/qualified/novegeo_terrain_v001.json,f03d14ce483280aff6662dc808c840a14a4cd035fedd4fe87786649f326f001c,SHARED_REFERENCE
NG-SPT-000150,150,37.66,-4.987467,EPSG:4326,NG-SOV-PART-000001,NG-MGRID-03-03,true,,,1340,PLATEAU,ENVIRONMENTAL_REFERENCE_SAMPLE_POINT,dataset:novegeo:terrain:elevation,1,data/novegeo/geography/terrain/qualified/novegeo_terrain_v001.json,f03d14ce483280aff6662dc808c840a14a4cd035fedd4fe87786649f326f001c,SHARED_REFERENCE
NG-SPT-000151,151,38.08,-4.987467,EPSG:4326,NG-SOV-PART-000001,NG-MGRID-03-03,true,,,1380,PLATEAU,ENVIRONMENTAL_REFERENCE_SAMPLE_POINT,dataset:novegeo:terrain:elevation,1,data/novegeo/geography/terrain/qualified/novegeo_terrain_v001.json,f03d14ce483280aff6662dc808c840a14a4cd035fedd4fe87786649f326f001c,SHARED_REFERENCE
NG-SPT-000152,152,38.5,-4.987467,EPSG:4326,NG-SOV-PART-000001,NG-MGRID-03-03,true,,,1384,PLATEAU,ENVIRONMENTAL_REFERENCE_SAMPLE_POINT,dataset:novegeo:terrain:elevation,1,data/novegeo/geography/terrain/qualified/novegeo_terrain_v001.json,f03d14ce483280aff6662dc808c840a14a4cd035fedd4fe87786649f326f001c,SHARED_REFERENCE
NG-SPT-000153,153,38.92,-4.987467,EPSG:4326,NG-SOV-PART-000001,NG-MGRID-03-03,true,NG-CLIM-OBS-000039,vegetation:novegeo:cell:000039,1346,PLATEAU,ENVIRONMENTAL_REFERENCE_SAMPLE_POINT,dataset:novegeo:terrain:elevation,1,data/novegeo/geography/terrain/qualified/novegeo_terrain_v001.json,f03d14ce483280aff6662dc808c840a14a4cd035fedd4fe87786649f326f001c,SHARED_REFERENCE
NG-SPT-000154,154,39.34,-4.987467,EPSG:4326,NG-SOV-PART-000001,NG-MGRID-03-03,true,,,1270,PLATEAU,ENVIRONMENTAL_REFERENCE_SAMPLE_POINT,dataset:novegeo:terrain:elevation,1,data/novegeo/geography/terrain/qualified/novegeo_terrain_v001.json,f03d14ce483280aff6662dc808c840a14a4cd035fedd4fe87786649f326f001c,SHARED_REFERENCE
NG-SPT-000155,155,39.76,-4.987467,EPSG:4326,NG-SOV-PART-000001,NG-MGRID-03-03,true,,,1167,PLATEAU,ENVIRONMENTAL_REFERENCE_SAMPLE_POINT,dataset:novegeo:terrain:elevation,1,data/novegeo/geography/terrain/qualified/novegeo_terrain_v001.json,f03d14ce483280aff6662dc808c840a14a4cd035fedd4fe87786649f326f001c,SHARED_REFERENCE
NG-SPT-000156,156,40.18,-4.987467,EPSG:4326,NG-SOV-PART-000001,NG-MGRID-03-04,true,,,1048,PLAIN,ENVIRONMENTAL_REFERENCE_SAMPLE_POINT,dataset:novegeo:terrain:elevation,1,data/novegeo/geography/terrain/qualified/novegeo_terrain_v001.json,f03d14ce483280aff6662dc808c840a14a4cd035fedd4fe87786649f326f001c,SHARED_REFERENCE
NG-SPT-000157,157,40.6,-4.987467,EPSG:4326,NG-SOV-PART-000001,NG-MGRID-03-04,true,NG-CLIM-OBS-000040,vegetation:novegeo:cell:000040,927,PLAIN,ENVIRONMENTAL_REFERENCE_SAMPLE_POINT,dataset:novegeo:terrain:elevation,1,data/novegeo/geography/terrain/qualified/novegeo_terrain_v001.json,f03d14ce483280aff6662dc808c840a14a4cd035fedd4fe87786649f326f001c,SHARED_REFERENCE
NG-SPT-000158,158,41.02,-4.987467,EPSG:4326,NG-SOV-PART-000001,NG-MGRID-03-04,true,,,814,PLAIN,ENVIRONMENTAL_REFERENCE_SAMPLE_POINT,dataset:novegeo:terrain:elevation,1,data/novegeo/geography/terrain/qualified/novegeo_terrain_v001.json,f03d14ce483280aff6662dc808c840a14a4cd035fedd4fe87786649f326f001c,SHARED_REFERENCE
NG-SPT-000159,159,41.44,-4.987467,EPSG:4326,NG-SOV-PART-000001,NG-MGRID-03-04,true,,,712,PLAIN,ENVIRONMENTAL_REFERENCE_SAMPLE_POINT,dataset:novegeo:terrain:elevation,1,data/novegeo/geography/terrain/qualified/novegeo_terrain_v001.json,f03d14ce483280aff6662dc808c840a14a4cd035fedd4fe87786649f326f001c,SHARED_REFERENCE
NG-SPT-000160,160,41.86,-4.987467,EPSG:4326,NG-SOV-PART-000001,NG-MGRID-03-04,true,,,623,PLAIN,ENVIRONMENTAL_REFERENCE_SAMPLE_POINT,dataset:novegeo:terrain:elevation,1,data/novegeo/geography/terrain/qualified/novegeo_terrain_v001.json,f03d14ce483280aff6662dc808c840a14a4cd035fedd4fe87786649f326f001c,SHARED_REFERENCE
NG-SPT-000161,161,42.28,-4.987467,EPSG:4326,NG-SOV-PART-000001,NG-MGRID-03-04,true,NG-CLIM-OBS-000041,vegetation:novegeo:cell:000041,547,PLAIN,ENVIRONMENTAL_REFERENCE_SAMPLE_POINT,dataset:novegeo:terrain:elevation,1,data/novegeo/geography/terrain/qualified/novegeo_terrain_v001.json,f03d14ce483280aff6662dc808c840a14a4cd035fedd4fe87786649f326f001c,SHARED_REFERENCE
NG-SPT-000162,162,42.7,-4.987467,EPSG:4326,NG-SOV-PART-000001,NG-MGRID-03-04,true,,,480,PLAIN,ENVIRONMENTAL_REFERENCE_SAMPLE_POINT,dataset:novegeo:terrain:elevation,1,data/novegeo/geography/terrain/qualified/novegeo_terrain_v001.json,f03d14ce483280aff6662dc808c840a14a4cd035fedd4fe87786649f326f001c,SHARED_REFERENCE
NG-SPT-000163,163,30.1,-4.567467,EPSG:4326,NG-SOV-PART-000001,NG-MGRID-03-02,true,,,306,PLAIN,ENVIRONMENTAL_REFERENCE_SAMPLE_POINT,dataset:novegeo:terrain:elevation,1,data/novegeo/geography/terrain/qualified/novegeo_terrain_v001.json,f03d14ce483280aff6662dc808c840a14a4cd035fedd4fe87786649f326f001c,SHARED_REFERENCE
NG-SPT-000164,164,30.52,-4.567467,EPSG:4326,NG-SOV-PART-000001,NG-MGRID-03-02,true,,,339,PLAIN,ENVIRONMENTAL_REFERENCE_SAMPLE_POINT,dataset:novegeo:terrain:elevation,1,data/novegeo/geography/terrain/qualified/novegeo_terrain_v001.json,f03d14ce483280aff6662dc808c840a14a4cd035fedd4fe87786649f326f001c,SHARED_REFERENCE
NG-SPT-000165,165,30.94,-4.567467,EPSG:4326,NG-SOV-PART-000001,NG-MGRID-03-02,true,NG-CLIM-OBS-000042,vegetation:novegeo:cell:000042,362,PLAIN,ENVIRONMENTAL_REFERENCE_SAMPLE_POINT,dataset:novegeo:terrain:elevation,1,data/novegeo/geography/terrain/qualified/novegeo_terrain_v001.json,f03d14ce483280aff6662dc808c840a14a4cd035fedd4fe87786649f326f001c,SHARED_REFERENCE
NG-SPT-000166,166,31.36,-4.567467,EPSG:4326,NG-SOV-PART-000001,NG-MGRID-03-02,true,,,364,PLAIN,ENVIRONMENTAL_REFERENCE_SAMPLE_POINT,dataset:novegeo:terrain:elevation,1,data/novegeo/geography/terrain/qualified/novegeo_terrain_v001.json,f03d14ce483280aff6662dc808c840a14a4cd035fedd4fe87786649f326f001c,SHARED_REFERENCE
NG-SPT-000167,167,31.78,-4.567467,EPSG:4326,NG-SOV-PART-000001,NG-MGRID-03-02,true,,,355,PLAIN,ENVIRONMENTAL_REFERENCE_SAMPLE_POINT,dataset:novegeo:terrain:elevation,1,data/novegeo/geography/terrain/qualified/novegeo_terrain_v001.json,f03d14ce483280aff6662dc808c840a14a4cd035fedd4fe87786649f326f001c,SHARED_REFERENCE
NG-SPT-000168,168,32.2,-4.567467,EPSG:4326,NG-SOV-PART-000001,NG-MGRID-03-02,true,,,351,PLAIN,ENVIRONMENTAL_REFERENCE_SAMPLE_POINT,dataset:novegeo:terrain:elevation,1,data/novegeo/geography/terrain/qualified/novegeo_terrain_v001.json,f03d14ce483280aff6662dc808c840a14a4cd035fedd4fe87786649f326f001c,SHARED_REFERENCE
NG-SPT-000169,169,32.62,-4.567467,EPSG:4326,NG-SOV-PART-000001,NG-MGRID-03-02,true,NG-CLIM-OBS-000043,vegetation:novegeo:cell:000043,360,PLAIN,ENVIRONMENTAL_REFERENCE_SAMPLE_POINT,dataset:novegeo:terrain:elevation,1,data/novegeo/geography/terrain/qualified/novegeo_terrain_v001.json,f03d14ce483280aff6662dc808c840a14a4cd035fedd4fe87786649f326f001c,SHARED_REFERENCE
NG-SPT-000170,170,33.04,-4.567467,EPSG:4326,NG-SOV-PART-000001,NG-MGRID-03-02,true,,,390,PLAIN,ENVIRONMENTAL_REFERENCE_SAMPLE_POINT,dataset:novegeo:terrain:elevation,1,data/novegeo/geography/terrain/qualified/novegeo_terrain_v001.json,f03d14ce483280aff6662dc808c840a14a4cd035fedd4fe87786649f326f001c,SHARED_REFERENCE
NG-SPT-000171,171,33.46,-4.567467,EPSG:4326,NG-SOV-PART-000001,NG-MGRID-03-02,true,,,446,PLAIN,ENVIRONMENTAL_REFERENCE_SAMPLE_POINT,dataset:novegeo:terrain:elevation,1,data/novegeo/geography/terrain/qualified/novegeo_terrain_v001.json,f03d14ce483280aff6662dc808c840a14a4cd035fedd4fe87786649f326f001c,SHARED_REFERENCE
NG-SPT-000172,172,33.88,-4.567467,EPSG:4326,NG-SOV-PART-000001,NG-MGRID-03-02,true,,,528,PLAIN,ENVIRONMENTAL_REFERENCE_SAMPLE_POINT,dataset:novegeo:terrain:elevation,1,data/novegeo/geography/terrain/qualified/novegeo_terrain_v001.json,f03d14ce483280aff6662dc808c840a14a4cd035fedd4fe87786649f326f001c,SHARED_REFERENCE
NG-SPT-000173,173,34.3,-4.567467,EPSG:4326,NG-SOV-PART-000001,NG-MGRID-03-02,true,NG-CLIM-OBS-000044,vegetation:novegeo:cell:000044,634,PLAIN,ENVIRONMENTAL_REFERENCE_SAMPLE_POINT,dataset:novegeo:terrain:elevation,1,data/novegeo/geography/terrain/qualified/novegeo_terrain_v001.json,f03d14ce483280aff6662dc808c840a14a4cd035fedd4fe87786649f326f001c,SHARED_REFERENCE
NG-SPT-000174,174,34.72,-4.567467,EPSG:4326,NG-SOV-PART-000001,NG-MGRID-03-02,true,,,757,PLAIN,ENVIRONMENTAL_REFERENCE_SAMPLE_POINT,dataset:novegeo:terrain:elevation,1,data/novegeo/geography/terrain/qualified/novegeo_terrain_v001.json,f03d14ce483280aff6662dc808c840a14a4cd035fedd4fe87786649f326f001c,SHARED_REFERENCE
NG-SPT-000175,175,35.14,-4.567467,EPSG:4326,NG-SOV-PART-000001,NG-MGRID-03-03,true,,,887,PLAIN,ENVIRONMENTAL_REFERENCE_SAMPLE_POINT,dataset:novegeo:terrain:elevation,1,data/novegeo/geography/terrain/qualified/novegeo_terrain_v001.json,f03d14ce483280aff6662dc808c840a14a4cd035fedd4fe87786649f326f001c,SHARED_REFERENCE
NG-SPT-000176,176,35.56,-4.567467,EPSG:4326,NG-SOV-PART-000001,NG-MGRID-03-03,true,,,1017,PLAIN,ENVIRONMENTAL_REFERENCE_SAMPLE_POINT,dataset:novegeo:terrain:elevation,1,data/novegeo/geography/terrain/qualified/novegeo_terrain_v001.json,f03d14ce483280aff6662dc808c840a14a4cd035fedd4fe87786649f326f001c,SHARED_REFERENCE
NG-SPT-000177,177,35.98,-4.567467,EPSG:4326,NG-SOV-PART-000001,NG-MGRID-03-03,true,NG-CLIM-OBS-000045,vegetation:novegeo:cell:000045,1140,PLATEAU,ENVIRONMENTAL_REFERENCE_SAMPLE_POINT,dataset:novegeo:terrain:elevation,1,data/novegeo/geography/terrain/qualified/novegeo_terrain_v001.json,f03d14ce483280aff6662dc808c840a14a4cd035fedd4fe87786649f326f001c,SHARED_REFERENCE
NG-SPT-000178,178,36.4,-4.567467,EPSG:4326,NG-SOV-PART-000001,NG-MGRID-03-03,true,,,1256,PLATEAU,ENVIRONMENTAL_REFERENCE_SAMPLE_POINT,dataset:novegeo:terrain:elevation,1,data/novegeo/geography/terrain/qualified/novegeo_terrain_v001.json,f03d14ce483280aff6662dc808c840a14a4cd035fedd4fe87786649f326f001c,SHARED_REFERENCE
NG-SPT-000179,179,36.82,-4.567467,EPSG:4326,NG-SOV-PART-000001,NG-MGRID-03-03,true,,,1365,PLATEAU,ENVIRONMENTAL_REFERENCE_SAMPLE_POINT,dataset:novegeo:terrain:elevation,1,data/novegeo/geography/terrain/qualified/novegeo_terrain_v001.json,f03d14ce483280aff6662dc808c840a14a4cd035fedd4fe87786649f326f001c,SHARED_REFERENCE
NG-SPT-000180,180,37.24,-4.567467,EPSG:4326,NG-SOV-PART-000001,NG-MGRID-03-03,true,,,1463,PLATEAU,ENVIRONMENTAL_REFERENCE_SAMPLE_POINT,dataset:novegeo:terrain:elevation,1,data/novegeo/geography/terrain/qualified/novegeo_terrain_v001.json,f03d14ce483280aff6662dc808c840a14a4cd035fedd4fe87786649f326f001c,SHARED_REFERENCE
NG-SPT-000181,181,37.66,-4.567467,EPSG:4326,NG-SOV-PART-000001,NG-MGRID-03-03,true,NG-CLIM-OBS-000046,vegetation:novegeo:cell:000046,1542,PLATEAU,ENVIRONMENTAL_REFERENCE_SAMPLE_POINT,dataset:novegeo:terrain:elevation,1,data/novegeo/geography/terrain/qualified/novegeo_terrain_v001.json,f03d14ce483280aff6662dc808c840a14a4cd035fedd4fe87786649f326f001c,SHARED_REFERENCE
NG-SPT-000182,182,38.08,-4.567467,EPSG:4326,NG-SOV-PART-000001,NG-MGRID-03-03,true,,,1589,PLATEAU,ENVIRONMENTAL_REFERENCE_SAMPLE_POINT,dataset:novegeo:terrain:elevation,1,data/novegeo/geography/terrain/qualified/novegeo_terrain_v001.json,f03d14ce483280aff6662dc808c840a14a4cd035fedd4fe87786649f326f001c,SHARED_REFERENCE
NG-SPT-000183,183,38.5,-4.567467,EPSG:4326,NG-SOV-PART-000001,NG-MGRID-03-03,true,,,1591,PLATEAU,ENVIRONMENTAL_REFERENCE_SAMPLE_POINT,dataset:novegeo:terrain:elevation,1,data/novegeo/geography/terrain/qualified/novegeo_terrain_v001.json,f03d14ce483280aff6662dc808c840a14a4cd035fedd4fe87786649f326f001c,SHARED_REFERENCE
NG-SPT-000184,184,38.92,-4.567467,EPSG:4326,NG-SOV-PART-000001,NG-MGRID-03-03,true,,,1544,PLATEAU,ENVIRONMENTAL_REFERENCE_SAMPLE_POINT,dataset:novegeo:terrain:elevation,1,data/novegeo/geography/terrain/qualified/novegeo_terrain_v001.json,f03d14ce483280aff6662dc808c840a14a4cd035fedd4fe87786649f326f001c,SHARED_REFERENCE
NG-SPT-000185,185,39.34,-4.567467,EPSG:4326,NG-SOV-PART-000001,NG-MGRID-03-03,true,NG-CLIM-OBS-000047,vegetation:novegeo:cell:000047,1451,PLATEAU,ENVIRONMENTAL_REFERENCE_SAMPLE_POINT,dataset:novegeo:terrain:elevation,1,data/novegeo/geography/terrain/qualified/novegeo_terrain_v001.json,f03d14ce483280aff6662dc808c840a14a4cd035fedd4fe87786649f326f001c,SHARED_REFERENCE
NG-SPT-000186,186,39.76,-4.567467,EPSG:4326,NG-SOV-PART-000001,NG-MGRID-03-03,true,,,1325,PLATEAU,ENVIRONMENTAL_REFERENCE_SAMPLE_POINT,dataset:novegeo:terrain:elevation,1,data/novegeo/geography/terrain/qualified/novegeo_terrain_v001.json,f03d14ce483280aff6662dc808c840a14a4cd035fedd4fe87786649f326f001c,SHARED_REFERENCE
NG-SPT-000187,187,40.18,-4.567467,EPSG:4326,NG-SOV-PART-000001,NG-MGRID-03-04,true,,,1181,PLATEAU,ENVIRONMENTAL_REFERENCE_SAMPLE_POINT,dataset:novegeo:terrain:elevation,1,data/novegeo/geography/terrain/qualified/novegeo_terrain_v001.json,f03d14ce483280aff6662dc808c840a14a4cd035fedd4fe87786649f326f001c,SHARED_REFERENCE
NG-SPT-000188,188,40.6,-4.567467,EPSG:4326,NG-SOV-PART-000001,NG-MGRID-03-04,true,,,1035,PLAIN,ENVIRONMENTAL_REFERENCE_SAMPLE_POINT,dataset:novegeo:terrain:elevation,1,data/novegeo/geography/terrain/qualified/novegeo_terrain_v001.json,f03d14ce483280aff6662dc808c840a14a4cd035fedd4fe87786649f326f001c,SHARED_REFERENCE
NG-SPT-000189,189,41.02,-4.567467,EPSG:4326,NG-SOV-PART-000001,NG-MGRID-03-04,true,NG-CLIM-OBS-000048,vegetation:novegeo:cell:000048,898,PLAIN,ENVIRONMENTAL_REFERENCE_SAMPLE_POINT,dataset:novegeo:terrain:elevation,1,data/novegeo/geography/terrain/qualified/novegeo_terrain_v001.json,f03d14ce483280aff6662dc808c840a14a4cd035fedd4fe87786649f326f001c,SHARED_REFERENCE
NG-SPT-000190,190,41.44,-4.567467,EPSG:4326,NG-SOV-PART-000001,NG-MGRID-03-04,true,,,776,PLAIN,ENVIRONMENTAL_REFERENCE_SAMPLE_POINT,dataset:novegeo:terrain:elevation,1,data/novegeo/geography/terrain/qualified/novegeo_terrain_v001.json,f03d14ce483280aff6662dc808c840a14a4cd035fedd4fe87786649f326f001c,SHARED_REFERENCE
NG-SPT-000191,191,41.86,-4.567467,EPSG:4326,NG-SOV-PART-000001,NG-MGRID-03-04,true,,,671,PLAIN,ENVIRONMENTAL_REFERENCE_SAMPLE_POINT,dataset:novegeo:terrain:elevation,1,data/novegeo/geography/terrain/qualified/novegeo_terrain_v001.json,f03d14ce483280aff6662dc808c840a14a4cd035fedd4fe87786649f326f001c,SHARED_REFERENCE
NG-SPT-000192,192,42.28,-4.567467,EPSG:4326,NG-SOV-PART-000001,NG-MGRID-03-04,true,,,582,PLAIN,ENVIRONMENTAL_REFERENCE_SAMPLE_POINT,dataset:novegeo:terrain:elevation,1,data/novegeo/geography/terrain/qualified/novegeo_terrain_v001.json,f03d14ce483280aff6662dc808c840a14a4cd035fedd4fe87786649f326f001c,SHARED_REFERENCE
NG-SPT-000193,193,42.7,-4.567467,EPSG:4326,NG-SOV-PART-000001,NG-MGRID-03-04,true,NG-CLIM-OBS-000049,vegetation:novegeo:cell:000049,505,PLAIN,ENVIRONMENTAL_REFERENCE_SAMPLE_POINT,dataset:novegeo:terrain:elevation,1,data/novegeo/geography/terrain/qualified/novegeo_terrain_v001.json,f03d14ce483280aff6662dc808c840a14a4cd035fedd4fe87786649f326f001c,SHARED_REFERENCE
NG-SPT-000194,194,43.12,-4.567467,EPSG:4326,NG-SOV-PART-000001,NG-MGRID-03-04,true,,,419,PLAIN,ENVIRONMENTAL_REFERENCE_SAMPLE_POINT,dataset:novegeo:terrain:elevation,1,data/novegeo/geography/terrain/qualified/novegeo_terrain_v001.json,f03d14ce483280aff6662dc808c840a14a4cd035fedd4fe87786649f326f001c,SHARED_REFERENCE
NG-SPT-000195,195,29.68,-4.147467,EPSG:4326,NG-SOV-PART-000001,NG-MGRID-03-01,true,,,262,PLAIN,ENVIRONMENTAL_REFERENCE_SAMPLE_POINT,dataset:novegeo:terrain:elevation,1,data/novegeo/geography/terrain/qualified/novegeo_terrain_v001.json,f03d14ce483280aff6662dc808c840a14a4cd035fedd4fe87786649f326f001c,SHARED_REFERENCE
NG-SPT-000196,196,30.1,-4.147467,EPSG:4326,NG-SOV-PART-000001,NG-MGRID-03-02,true,,,301,PLAIN,ENVIRONMENTAL_REFERENCE_SAMPLE_POINT,dataset:novegeo:terrain:elevation,1,data/novegeo/geography/terrain/qualified/novegeo_terrain_v001.json,f03d14ce483280aff6662dc808c840a14a4cd035fedd4fe87786649f326f001c,SHARED_REFERENCE
NG-SPT-000197,197,30.52,-4.147467,EPSG:4326,NG-SOV-PART-000001,NG-MGRID-03-02,true,NG-CLIM-OBS-000050,vegetation:novegeo:cell:000050,330,PLAIN,ENVIRONMENTAL_REFERENCE_SAMPLE_POINT,dataset:novegeo:terrain:elevation,1,data/novegeo/geography/terrain/qualified/novegeo_terrain_v001.json,f03d14ce483280aff6662dc808c840a14a4cd035fedd4fe87786649f326f001c,SHARED_REFERENCE
NG-SPT-000198,198,30.94,-4.147467,EPSG:4326,NG-SOV-PART-000001,NG-MGRID-03-02,true,,,347,PLAIN,ENVIRONMENTAL_REFERENCE_SAMPLE_POINT,dataset:novegeo:terrain:elevation,1,data/novegeo/geography/terrain/qualified/novegeo_terrain_v001.json,f03d14ce483280aff6662dc808c840a14a4cd035fedd4fe87786649f326f001c,SHARED_REFERENCE
NG-SPT-000199,199,31.36,-4.147467,EPSG:4326,NG-SOV-PART-000001,NG-MGRID-03-02,true,,,343,PLAIN,ENVIRONMENTAL_REFERENCE_SAMPLE_POINT,dataset:novegeo:terrain:elevation,1,data/novegeo/geography/terrain/qualified/novegeo_terrain_v001.json,f03d14ce483280aff6662dc808c840a14a4cd035fedd4fe87786649f326f001c,SHARED_REFERENCE
NG-SPT-000200,200,31.78,-4.147467,EPSG:4326,NG-SOV-PART-000001,NG-MGRID-03-02,true,,,329,PLAIN,ENVIRONMENTAL_REFERENCE_SAMPLE_POINT,dataset:novegeo:terrain:elevation,1,data/novegeo/geography/terrain/qualified/novegeo_terrain_v001.json,f03d14ce483280aff6662dc808c840a14a4cd035fedd4fe87786649f326f001c,SHARED_REFERENCE
NG-SPT-000201,201,32.2,-4.147467,EPSG:4326,NG-SOV-PART-000001,NG-MGRID-03-02,true,NG-CLIM-OBS-000051,vegetation:novegeo:cell:000051,322,PLAIN,ENVIRONMENTAL_REFERENCE_SAMPLE_POINT,dataset:novegeo:terrain:elevation,1,data/novegeo/geography/terrain/qualified/novegeo_terrain_v001.json,f03d14ce483280aff6662dc808c840a14a4cd035fedd4fe87786649f326f001c,SHARED_REFERENCE
NG-SPT-000202,202,32.62,-4.147467,EPSG:4326,NG-SOV-PART-000001,NG-MGRID-03-02,true,,,333,PLAIN,ENVIRONMENTAL_REFERENCE_SAMPLE_POINT,dataset:novegeo:terrain:elevation,1,data/novegeo/geography/terrain/qualified/novegeo_terrain_v001.json,f03d14ce483280aff6662dc808c840a14a4cd035fedd4fe87786649f326f001c,SHARED_REFERENCE
NG-SPT-000203,203,33.04,-4.147467,EPSG:4326,NG-SOV-PART-000001,NG-MGRID-03-02,true,,,370,PLAIN,ENVIRONMENTAL_REFERENCE_SAMPLE_POINT,dataset:novegeo:terrain:elevation,1,data/novegeo/geography/terrain/qualified/novegeo_terrain_v001.json,f03d14ce483280aff6662dc808c840a14a4cd035fedd4fe87786649f326f001c,SHARED_REFERENCE
NG-SPT-000204,204,33.46,-4.147467,EPSG:4326,NG-SOV-PART-000001,NG-MGRID-03-02,true,,,439,PLAIN,ENVIRONMENTAL_REFERENCE_SAMPLE_POINT,dataset:novegeo:terrain:elevation,1,data/novegeo/geography/terrain/qualified/novegeo_terrain_v001.json,f03d14ce483280aff6662dc808c840a14a4cd035fedd4fe87786649f326f001c,SHARED_REFERENCE
NG-SPT-000205,205,33.88,-4.147467,EPSG:4326,NG-SOV-PART-000001,NG-MGRID-03-02,true,NG-CLIM-OBS-000052,vegetation:novegeo:cell:000052,540,PLAIN,ENVIRONMENTAL_REFERENCE_SAMPLE_POINT,dataset:novegeo:terrain:elevation,1,data/novegeo/geography/terrain/qualified/novegeo_terrain_v001.json,f03d14ce483280aff6662dc808c840a14a4cd035fedd4fe87786649f326f001c,SHARED_REFERENCE
NG-SPT-000206,206,34.3,-4.147467,EPSG:4326,NG-SOV-PART-000001,NG-MGRID-03-02,true,,,668,PLAIN,ENVIRONMENTAL_REFERENCE_SAMPLE_POINT,dataset:novegeo:terrain:elevation,1,data/novegeo/geography/terrain/qualified/novegeo_terrain_v001.json,f03d14ce483280aff6662dc808c840a14a4cd035fedd4fe87786649f326f001c,SHARED_REFERENCE
NG-SPT-000207,207,34.72,-4.147467,EPSG:4326,NG-SOV-PART-000001,NG-MGRID-03-02,true,,,813,PLAIN,ENVIRONMENTAL_REFERENCE_SAMPLE_POINT,dataset:novegeo:terrain:elevation,1,data/novegeo/geography/terrain/qualified/novegeo_terrain_v001.json,f03d14ce483280aff6662dc808c840a14a4cd035fedd4fe87786649f326f001c,SHARED_REFERENCE
NG-SPT-000208,208,35.14,-4.147467,EPSG:4326,NG-SOV-PART-000001,NG-MGRID-03-03,true,,,966,PLAIN,ENVIRONMENTAL_REFERENCE_SAMPLE_POINT,dataset:novegeo:terrain:elevation,1,data/novegeo/geography/terrain/qualified/novegeo_terrain_v001.json,f03d14ce483280aff6662dc808c840a14a4cd035fedd4fe87786649f326f001c,SHARED_REFERENCE
NG-SPT-000209,209,35.56,-4.147467,EPSG:4326,NG-SOV-PART-000001,NG-MGRID-03-03,true,NG-CLIM-OBS-000053,vegetation:novegeo:cell:000053,1115,PLATEAU,ENVIRONMENTAL_REFERENCE_SAMPLE_POINT,dataset:novegeo:terrain:elevation,1,data/novegeo/geography/terrain/qualified/novegeo_terrain_v001.json,f03d14ce483280aff6662dc808c840a14a4cd035fedd4fe87786649f326f001c,SHARED_REFERENCE
NG-SPT-000210,210,35.98,-4.147467,EPSG:4326,NG-SOV-PART-000001,NG-MGRID-03-03,true,,,1254,PLATEAU,ENVIRONMENTAL_REFERENCE_SAMPLE_POINT,dataset:novegeo:terrain:elevation,1,data/novegeo/geography/terrain/qualified/novegeo_terrain_v001.json,f03d14ce483280aff6662dc808c840a14a4cd035fedd4fe87786649f326f001c,SHARED_REFERENCE
NG-SPT-000211,211,36.4,-4.147467,EPSG:4326,NG-SOV-PART-000001,NG-MGRID-03-03,true,,,1384,PLATEAU,ENVIRONMENTAL_REFERENCE_SAMPLE_POINT,dataset:novegeo:terrain:elevation,1,data/novegeo/geography/terrain/qualified/novegeo_terrain_v001.json,f03d14ce483280aff6662dc808c840a14a4cd035fedd4fe87786649f326f001c,SHARED_REFERENCE
NG-SPT-000212,212,36.82,-4.147467,EPSG:4326,NG-SOV-PART-000001,NG-MGRID-03-03,true,,,1505,PLATEAU,ENVIRONMENTAL_REFERENCE_SAMPLE_POINT,dataset:novegeo:terrain:elevation,1,data/novegeo/geography/terrain/qualified/novegeo_terrain_v001.json,f03d14ce483280aff6662dc808c840a14a4cd035fedd4fe87786649f326f001c,SHARED_REFERENCE
NG-SPT-000213,213,37.24,-4.147467,EPSG:4326,NG-SOV-PART-000001,NG-MGRID-03-03,true,NG-CLIM-OBS-000054,vegetation:novegeo:cell:000054,1614,PLATEAU,ENVIRONMENTAL_REFERENCE_SAMPLE_POINT,dataset:novegeo:terrain:elevation,1,data/novegeo/geography/terrain/qualified/novegeo_terrain_v001.json,f03d14ce483280aff6662dc808c840a14a4cd035fedd4fe87786649f326f001c,SHARED_REFERENCE
NG-SPT-000214,214,37.66,-4.147467,EPSG:4326,NG-SOV-PART-000001,NG-MGRID-03-03,true,,,1704,PLATEAU,ENVIRONMENTAL_REFERENCE_SAMPLE_POINT,dataset:novegeo:terrain:elevation,1,data/novegeo/geography/terrain/qualified/novegeo_terrain_v001.json,f03d14ce483280aff6662dc808c840a14a4cd035fedd4fe87786649f326f001c,SHARED_REFERENCE
NG-SPT-000215,215,38.08,-4.147467,EPSG:4326,NG-SOV-PART-000001,NG-MGRID-03-03,true,,,1757,PLATEAU,ENVIRONMENTAL_REFERENCE_SAMPLE_POINT,dataset:novegeo:terrain:elevation,1,data/novegeo/geography/terrain/qualified/novegeo_terrain_v001.json,f03d14ce483280aff6662dc808c840a14a4cd035fedd4fe87786649f326f001c,SHARED_REFERENCE
NG-SPT-000216,216,38.5,-4.147467,EPSG:4326,NG-SOV-PART-000001,NG-MGRID-03-03,true,,,1762,PLATEAU,ENVIRONMENTAL_REFERENCE_SAMPLE_POINT,dataset:novegeo:terrain:elevation,1,data/novegeo/geography/terrain/qualified/novegeo_terrain_v001.json,f03d14ce483280aff6662dc808c840a14a4cd035fedd4fe87786649f326f001c,SHARED_REFERENCE
NG-SPT-000217,217,38.92,-4.147467,EPSG:4326,NG-SOV-PART-000001,NG-MGRID-03-03,true,NG-CLIM-OBS-000055,vegetation:novegeo:cell:000055,1709,PLATEAU,ENVIRONMENTAL_REFERENCE_SAMPLE_POINT,dataset:novegeo:terrain:elevation,1,data/novegeo/geography/terrain/qualified/novegeo_terrain_v001.json,f03d14ce483280aff6662dc808c840a14a4cd035fedd4fe87786649f326f001c,SHARED_REFERENCE
NG-SPT-000218,218,39.34,-4.147467,EPSG:4326,NG-SOV-PART-000001,NG-MGRID-03-03,true,,,1604,PLATEAU,ENVIRONMENTAL_REFERENCE_SAMPLE_POINT,dataset:novegeo:terrain:elevation,1,data/novegeo/geography/terrain/qualified/novegeo_terrain_v001.json,f03d14ce483280aff6662dc808c840a14a4cd035fedd4fe87786649f326f001c,SHARED_REFERENCE
NG-SPT-000219,219,39.76,-4.147467,EPSG:4326,NG-SOV-PART-000001,NG-MGRID-03-03,true,,,1460,PLATEAU,ENVIRONMENTAL_REFERENCE_SAMPLE_POINT,dataset:novegeo:terrain:elevation,1,data/novegeo/geography/terrain/qualified/novegeo_terrain_v001.json,f03d14ce483280aff6662dc808c840a14a4cd035fedd4fe87786649f326f001c,SHARED_REFERENCE
NG-SPT-000220,220,40.18,-4.147467,EPSG:4326,NG-SOV-PART-000001,NG-MGRID-03-04,true,,,1296,PLATEAU,ENVIRONMENTAL_REFERENCE_SAMPLE_POINT,dataset:novegeo:terrain:elevation,1,data/novegeo/geography/terrain/qualified/novegeo_terrain_v001.json,f03d14ce483280aff6662dc808c840a14a4cd035fedd4fe87786649f326f001c,SHARED_REFERENCE
NG-SPT-000221,221,40.6,-4.147467,EPSG:4326,NG-SOV-PART-000001,NG-MGRID-03-04,true,NG-CLIM-OBS-000056,vegetation:novegeo:cell:000056,1129,PLATEAU,ENVIRONMENTAL_REFERENCE_SAMPLE_POINT,dataset:novegeo:terrain:elevation,1,data/novegeo/geography/terrain/qualified/novegeo_terrain_v001.json,f03d14ce483280aff6662dc808c840a14a4cd035fedd4fe87786649f326f001c,SHARED_REFERENCE
NG-SPT-000222,222,41.02,-4.147467,EPSG:4326,NG-SOV-PART-000001,NG-MGRID-03-04,true,,,973,PLAIN,ENVIRONMENTAL_REFERENCE_SAMPLE_POINT,dataset:novegeo:terrain:elevation,1,data/novegeo/geography/terrain/qualified/novegeo_terrain_v001.json,f03d14ce483280aff6662dc808c840a14a4cd035fedd4fe87786649f326f001c,SHARED_REFERENCE
NG-SPT-000223,223,41.44,-4.147467,EPSG:4326,NG-SOV-PART-000001,NG-MGRID-03-04,true,,,834,PLAIN,ENVIRONMENTAL_REFERENCE_SAMPLE_POINT,dataset:novegeo:terrain:elevation,1,data/novegeo/geography/terrain/qualified/novegeo_terrain_v001.json,f03d14ce483280aff6662dc808c840a14a4cd035fedd4fe87786649f326f001c,SHARED_REFERENCE
NG-SPT-000224,224,41.86,-4.147467,EPSG:4326,NG-SOV-PART-000001,NG-MGRID-03-04,true,,,715,PLAIN,ENVIRONMENTAL_REFERENCE_SAMPLE_POINT,dataset:novegeo:terrain:elevation,1,data/novegeo/geography/terrain/qualified/novegeo_terrain_v001.json,f03d14ce483280aff6662dc808c840a14a4cd035fedd4fe87786649f326f001c,SHARED_REFERENCE
NG-SPT-000225,225,42.28,-4.147467,EPSG:4326,NG-SOV-PART-000001,NG-MGRID-03-04,true,NG-CLIM-OBS-000057,vegetation:novegeo:cell:000057,614,PLAIN,ENVIRONMENTAL_REFERENCE_SAMPLE_POINT,dataset:novegeo:terrain:elevation,1,data/novegeo/geography/terrain/qualified/novegeo_terrain_v001.json,f03d14ce483280aff6662dc808c840a14a4cd035fedd4fe87786649f326f001c,SHARED_REFERENCE
NG-SPT-000226,226,42.7,-4.147467,EPSG:4326,NG-SOV-PART-000001,NG-MGRID-03-04,true,,,529,PLAIN,ENVIRONMENTAL_REFERENCE_SAMPLE_POINT,dataset:novegeo:terrain:elevation,1,data/novegeo/geography/terrain/qualified/novegeo_terrain_v001.json,f03d14ce483280aff6662dc808c840a14a4cd035fedd4fe87786649f326f001c,SHARED_REFERENCE
NG-SPT-000227,227,43.12,-4.147467,EPSG:4326,NG-SOV-PART-000001,NG-MGRID-03-04,true,,,436,PLAIN,ENVIRONMENTAL_REFERENCE_SAMPLE_POINT,dataset:novegeo:terrain:elevation,1,data/novegeo/geography/terrain/qualified/novegeo_terrain_v001.json,f03d14ce483280aff6662dc808c840a14a4cd035fedd4fe87786649f326f001c,SHARED_REFERENCE
NG-SPT-000228,228,44.38,-4.147467,EPSG:4326,NG-SOV-PART-000005,NG-MGRID-03-04,true,,,192,PLAIN,ENVIRONMENTAL_REFERENCE_SAMPLE_POINT,dataset:novegeo:terrain:elevation,1,data/novegeo/geography/terrain/qualified/novegeo_terrain_v001.json,f03d14ce483280aff6662dc808c840a14a4cd035fedd4fe87786649f326f001c,SHARED_REFERENCE
NG-SPT-000229,229,29.68,-3.727467,EPSG:4326,NG-SOV-PART-000001,NG-MGRID-03-01,true,NG-CLIM-OBS-000058,vegetation:novegeo:cell:000058,259,PLAIN,ENVIRONMENTAL_REFERENCE_SAMPLE_POINT,dataset:novegeo:terrain:elevation,1,data/novegeo/geography/terrain/qualified/novegeo_terrain_v001.json,f03d14ce483280aff6662dc808c840a14a4cd035fedd4fe87786649f326f001c,SHARED_REFERENCE
NG-SPT-000230,230,30.1,-3.727467,EPSG:4326,NG-SOV-PART-000001,NG-MGRID-03-02,true,,,296,PLAIN,ENVIRONMENTAL_REFERENCE_SAMPLE_POINT,dataset:novegeo:terrain:elevation,1,data/novegeo/geography/terrain/qualified/novegeo_terrain_v001.json,f03d14ce483280aff6662dc808c840a14a4cd035fedd4fe87786649f326f001c,SHARED_REFERENCE
NG-SPT-000231,231,30.52,-3.727467,EPSG:4326,NG-SOV-PART-000001,NG-MGRID-03-02,true,,,320,PLAIN,ENVIRONMENTAL_REFERENCE_SAMPLE_POINT,dataset:novegeo:terrain:elevation,1,data/novegeo/geography/terrain/qualified/novegeo_terrain_v001.json,f03d14ce483280aff6662dc808c840a14a4cd035fedd4fe87786649f326f001c,SHARED_REFERENCE
NG-SPT-000232,232,30.94,-3.727467,EPSG:4326,NG-SOV-PART-000001,NG-MGRID-03-02,true,,,333,PLAIN,ENVIRONMENTAL_REFERENCE_SAMPLE_POINT,dataset:novegeo:terrain:elevation,1,data/novegeo/geography/terrain/qualified/novegeo_terrain_v001.json,f03d14ce483280aff6662dc808c840a14a4cd035fedd4fe87786649f326f001c,SHARED_REFERENCE
NG-SPT-000233,233,31.36,-3.727467,EPSG:4326,NG-SOV-PART-000001,NG-MGRID-03-02,true,NG-CLIM-OBS-000059,vegetation:novegeo:cell:000059,325,PLAIN,ENVIRONMENTAL_REFERENCE_SAMPLE_POINT,dataset:novegeo:terrain:elevation,1,data/novegeo/geography/terrain/qualified/novegeo_terrain_v001.json,f03d14ce483280aff6662dc808c840a14a4cd035fedd4fe87786649f326f001c,SHARED_REFERENCE
NG-SPT-000234,234,31.78,-3.727467,EPSG:4326,NG-SOV-PART-000001,NG-MGRID-03-02,true,,,307,PLAIN,ENVIRONMENTAL_REFERENCE_SAMPLE_POINT,dataset:novegeo:terrain:elevation,1,data/novegeo/geography/terrain/qualified/novegeo_terrain_v001.json,f03d14ce483280aff6662dc808c840a14a4cd035fedd4fe87786649f326f001c,SHARED_REFERENCE
NG-SPT-000235,235,32.2,-3.727467,EPSG:4326,NG-SOV-PART-000001,NG-MGRID-03-02,true,,,300,PLAIN,ENVIRONMENTAL_REFERENCE_SAMPLE_POINT,dataset:novegeo:terrain:elevation,1,data/novegeo/geography/terrain/qualified/novegeo_terrain_v001.json,f03d14ce483280aff6662dc808c840a14a4cd035fedd4fe87786649f326f001c,SHARED_REFERENCE
NG-SPT-000236,236,32.62,-3.727467,EPSG:4326,NG-SOV-PART-000001,NG-MGRID-03-02,true,,,314,PLAIN,ENVIRONMENTAL_REFERENCE_SAMPLE_POINT,dataset:novegeo:terrain:elevation,1,data/novegeo/geography/terrain/qualified/novegeo_terrain_v001.json,f03d14ce483280aff6662dc808c840a14a4cd035fedd4fe87786649f326f001c,SHARED_REFERENCE
NG-SPT-000237,237,33.04,-3.727467,EPSG:4326,NG-SOV-PART-000001,NG-MGRID-03-02,true,NG-CLIM-OBS-000060,vegetation:novegeo:cell:000060,358,PLAIN,ENVIRONMENTAL_REFERENCE_SAMPLE_POINT,dataset:novegeo:terrain:elevation,1,data/novegeo/geography/terrain/qualified/novegeo_terrain_v001.json,f03d14ce483280aff6662dc808c840a14a4cd035fedd4fe87786649f326f001c,SHARED_REFERENCE
NG-SPT-000238,238,33.46,-3.727467,EPSG:4326,NG-SOV-PART-000001,NG-MGRID-03-02,true,,,439,PLAIN,ENVIRONMENTAL_REFERENCE_SAMPLE_POINT,dataset:novegeo:terrain:elevation,1,data/novegeo/geography/terrain/qualified/novegeo_terrain_v001.json,f03d14ce483280aff6662dc808c840a14a4cd035fedd4fe87786649f326f001c,SHARED_REFERENCE
NG-SPT-000239,239,33.88,-3.727467,EPSG:4326,NG-SOV-PART-000001,NG-MGRID-03-02,true,,,556,PLAIN,ENVIRONMENTAL_REFERENCE_SAMPLE_POINT,dataset:novegeo:terrain:elevation,1,data/novegeo/geography/terrain/qualified/novegeo_terrain_v001.json,f03d14ce483280aff6662dc808c840a14a4cd035fedd4fe87786649f326f001c,SHARED_REFERENCE
NG-SPT-000240,240,34.3,-3.727467,EPSG:4326,NG-SOV-PART-000001,NG-MGRID-03-02,true,,,701,PLAIN,ENVIRONMENTAL_REFERENCE_SAMPLE_POINT,dataset:novegeo:terrain:elevation,1,data/novegeo/geography/terrain/qualified/novegeo_terrain_v001.json,f03d14ce483280aff6662dc808c840a14a4cd035fedd4fe87786649f326f001c,SHARED_REFERENCE
NG-SPT-000241,241,34.72,-3.727467,EPSG:4326,NG-SOV-PART-000001,NG-MGRID-03-02,true,NG-CLIM-OBS-000061,vegetation:novegeo:cell:000061,863,PLAIN,ENVIRONMENTAL_REFERENCE_SAMPLE_POINT,dataset:novegeo:terrain:elevation,1,data/novegeo/geography/terrain/qualified/novegeo_terrain_v001.json,f03d14ce483280aff6662dc808c840a14a4cd035fedd4fe87786649f326f001c,SHARED_REFERENCE
NG-SPT-000242,242,35.14,-3.727467,EPSG:4326,NG-SOV-PART-000001,NG-MGRID-03-03,true,,,1029,PLAIN,ENVIRONMENTAL_REFERENCE_SAMPLE_POINT,dataset:novegeo:terrain:elevation,1,data/novegeo/geography/terrain/qualified/novegeo_terrain_v001.json,f03d14ce483280aff6662dc808c840a14a4cd035fedd4fe87786649f326f001c,SHARED_REFERENCE
NG-SPT-000243,243,35.56,-3.727467,EPSG:4326,NG-SOV-PART-000001,NG-MGRID-03-03,true,,,1187,PLATEAU,ENVIRONMENTAL_REFERENCE_SAMPLE_POINT,dataset:novegeo:terrain:elevation,1,data/novegeo/geography/terrain/qualified/novegeo_terrain_v001.json,f03d14ce483280aff6662dc808c840a14a4cd035fedd4fe87786649f326f001c,SHARED_REFERENCE
NG-SPT-000244,244,35.98,-3.727467,EPSG:4326,NG-SOV-PART-000001,NG-MGRID-03-03,true,,,1333,PLATEAU,ENVIRONMENTAL_REFERENCE_SAMPLE_POINT,dataset:novegeo:terrain:elevation,1,data/novegeo/geography/terrain/qualified/novegeo_terrain_v001.json,f03d14ce483280aff6662dc808c840a14a4cd035fedd4fe87786649f326f001c,SHARED_REFERENCE
NG-SPT-000245,245,36.4,-3.727467,EPSG:4326,NG-SOV-PART-000001,NG-MGRID-03-03,true,NG-CLIM-OBS-000062,vegetation:novegeo:cell:000062,1466,PLATEAU,ENVIRONMENTAL_REFERENCE_SAMPLE_POINT,dataset:novegeo:terrain:elevation,1,data/novegeo/geography/terrain/qualified/novegeo_terrain_v001.json,f03d14ce483280aff6662dc808c840a14a4cd035fedd4fe87786649f326f001c,SHARED_REFERENCE
NG-SPT-000246,246,36.82,-3.727467,EPSG:4326,NG-SOV-PART-000001,NG-MGRID-03-03,true,,,1590,PLATEAU,ENVIRONMENTAL_REFERENCE_SAMPLE_POINT,dataset:novegeo:terrain:elevation,1,data/novegeo/geography/terrain/qualified/novegeo_terrain_v001.json,f03d14ce483280aff6662dc808c840a14a4cd035fedd4fe87786649f326f001c,SHARED_REFERENCE
NG-SPT-000247,247,37.24,-3.727467,EPSG:4326,NG-SOV-PART-000001,NG-MGRID-03-03,true,,,1705,PLATEAU,ENVIRONMENTAL_REFERENCE_SAMPLE_POINT,dataset:novegeo:terrain:elevation,1,data/novegeo/geography/terrain/qualified/novegeo_terrain_v001.json,f03d14ce483280aff6662dc808c840a14a4cd035fedd4fe87786649f326f001c,SHARED_REFERENCE
NG-SPT-000248,248,37.66,-3.727467,EPSG:4326,NG-SOV-PART-000001,NG-MGRID-03-03,true,,,1802,PLATEAU,ENVIRONMENTAL_REFERENCE_SAMPLE_POINT,dataset:novegeo:terrain:elevation,1,data/novegeo/geography/terrain/qualified/novegeo_terrain_v001.json,f03d14ce483280aff6662dc808c840a14a4cd035fedd4fe87786649f326f001c,SHARED_REFERENCE
NG-SPT-000249,249,38.08,-3.727467,EPSG:4326,NG-SOV-PART-000001,NG-MGRID-03-03,true,NG-CLIM-OBS-000063,vegetation:novegeo:cell:000063,1864,MOUNTAIN,ENVIRONMENTAL_REFERENCE_SAMPLE_POINT,dataset:novegeo:terrain:elevation,1,data/novegeo/geography/terrain/qualified/novegeo_terrain_v001.json,f03d14ce483280aff6662dc808c840a14a4cd035fedd4fe87786649f326f001c,SHARED_REFERENCE
NG-SPT-000250,250,38.5,-3.727467,EPSG:4326,NG-SOV-PART-000001,NG-MGRID-03-03,true,,,1873,MOUNTAIN,ENVIRONMENTAL_REFERENCE_SAMPLE_POINT,dataset:novegeo:terrain:elevation,1,data/novegeo/geography/terrain/qualified/novegeo_terrain_v001.json,f03d14ce483280aff6662dc808c840a14a4cd035fedd4fe87786649f326f001c,SHARED_REFERENCE
NG-SPT-000251,251,38.92,-3.727467,EPSG:4326,NG-SOV-PART-000001,NG-MGRID-03-03,true,,,1822,PLATEAU,ENVIRONMENTAL_REFERENCE_SAMPLE_POINT,dataset:novegeo:terrain:elevation,1,data/novegeo/geography/terrain/qualified/novegeo_terrain_v001.json,f03d14ce483280aff6662dc808c840a14a4cd035fedd4fe87786649f326f001c,SHARED_REFERENCE
NG-SPT-000252,252,39.34,-3.727467,EPSG:4326,NG-SOV-PART-000001,NG-MGRID-03-03,true,,,1712,PLATEAU,ENVIRONMENTAL_REFERENCE_SAMPLE_POINT,dataset:novegeo:terrain:elevation,1,data/novegeo/geography/terrain/qualified/novegeo_terrain_v001.json,f03d14ce483280aff6662dc808c840a14a4cd035fedd4fe87786649f326f001c,SHARED_REFERENCE
NG-SPT-000253,253,39.76,-3.727467,EPSG:4326,NG-SOV-PART-000001,NG-MGRID-03-03,true,NG-CLIM-OBS-000064,vegetation:novegeo:cell:000064,1559,PLATEAU,ENVIRONMENTAL_REFERENCE_SAMPLE_POINT,dataset:novegeo:terrain:elevation,1,data/novegeo/geography/terrain/qualified/novegeo_terrain_v001.json,f03d14ce483280aff6662dc808c840a14a4cd035fedd4fe87786649f326f001c,SHARED_REFERENCE
NG-SPT-000254,254,40.18,-3.727467,EPSG:4326,NG-SOV-PART-000001,NG-MGRID-03-04,true,,,1383,PLATEAU,ENVIRONMENTAL_REFERENCE_SAMPLE_POINT,dataset:novegeo:terrain:elevation,1,data/novegeo/geography/terrain/qualified/novegeo_terrain_v001.json,f03d14ce483280aff6662dc808c840a14a4cd035fedd4fe87786649f326f001c,SHARED_REFERENCE
NG-SPT-000255,255,40.6,-3.727467,EPSG:4326,NG-SOV-PART-000001,NG-MGRID-03-04,true,,,1203,PLATEAU,ENVIRONMENTAL_REFERENCE_SAMPLE_POINT,dataset:novegeo:terrain:elevation,1,data/novegeo/geography/terrain/qualified/novegeo_terrain_v001.json,f03d14ce483280aff6662dc808c840a14a4cd035fedd4fe87786649f326f001c,SHARED_REFERENCE
NG-SPT-000256,256,41.02,-3.727467,EPSG:4326,NG-SOV-PART-000001,NG-MGRID-03-04,true,,,1033,PLAIN,ENVIRONMENTAL_REFERENCE_SAMPLE_POINT,dataset:novegeo:terrain:elevation,1,data/novegeo/geography/terrain/qualified/novegeo_terrain_v001.json,f03d14ce483280aff6662dc808c840a14a4cd035fedd4fe87786649f326f001c,SHARED_REFERENCE
NG-SPT-000257,257,41.44,-3.727467,EPSG:4326,NG-SOV-PART-000001,NG-MGRID-03-04,true,NG-CLIM-OBS-000065,vegetation:novegeo:cell:000065,882,PLAIN,ENVIRONMENTAL_REFERENCE_SAMPLE_POINT,dataset:novegeo:terrain:elevation,1,data/novegeo/geography/terrain/qualified/novegeo_terrain_v001.json,f03d14ce483280aff6662dc808c840a14a4cd035fedd4fe87786649f326f001c,SHARED_REFERENCE
NG-SPT-000258,258,41.86,-3.727467,EPSG:4326,NG-SOV-PART-000001,NG-MGRID-03-04,true,,,753,PLAIN,ENVIRONMENTAL_REFERENCE_SAMPLE_POINT,dataset:novegeo:terrain:elevation,1,data/novegeo/geography/terrain/qualified/novegeo_terrain_v001.json,f03d14ce483280aff6662dc808c840a14a4cd035fedd4fe87786649f326f001c,SHARED_REFERENCE
NG-SPT-000259,259,42.28,-3.727467,EPSG:4326,NG-SOV-PART-000001,NG-MGRID-03-04,true,,,643,PLAIN,ENVIRONMENTAL_REFERENCE_SAMPLE_POINT,dataset:novegeo:terrain:elevation,1,data/novegeo/geography/terrain/qualified/novegeo_terrain_v001.json,f03d14ce483280aff6662dc808c840a14a4cd035fedd4fe87786649f326f001c,SHARED_REFERENCE
NG-SPT-000260,260,42.7,-3.727467,EPSG:4326,NG-SOV-PART-000001,NG-MGRID-03-04,true,,,551,PLAIN,ENVIRONMENTAL_REFERENCE_SAMPLE_POINT,dataset:novegeo:terrain:elevation,1,data/novegeo/geography/terrain/qualified/novegeo_terrain_v001.json,f03d14ce483280aff6662dc808c840a14a4cd035fedd4fe87786649f326f001c,SHARED_REFERENCE
NG-SPT-000261,261,43.12,-3.727467,EPSG:4326,NG-SOV-PART-000001,NG-MGRID-03-04,true,NG-CLIM-OBS-000066,vegetation:novegeo:cell:000066,452,PLAIN,ENVIRONMENTAL_REFERENCE_SAMPLE_POINT,dataset:novegeo:terrain:elevation,1,data/novegeo/geography/terrain/qualified/novegeo_terrain_v001.json,f03d14ce483280aff6662dc808c840a14a4cd035fedd4fe87786649f326f001c,SHARED_REFERENCE
NG-SPT-000262,262,43.54,-3.727467,EPSG:4326,NG-SOV-PART-000001,NG-MGRID-03-04,true,,,360,PLAIN,ENVIRONMENTAL_REFERENCE_SAMPLE_POINT,dataset:novegeo:terrain:elevation,1,data/novegeo/geography/terrain/qualified/novegeo_terrain_v001.json,f03d14ce483280aff6662dc808c840a14a4cd035fedd4fe87786649f326f001c,SHARED_REFERENCE
NG-SPT-000263,263,44.38,-3.727467,EPSG:4326,NG-SOV-PART-000005,NG-MGRID-03-04,true,,,198,PLAIN,ENVIRONMENTAL_REFERENCE_SAMPLE_POINT,dataset:novegeo:terrain:elevation,1,data/novegeo/geography/terrain/qualified/novegeo_terrain_v001.json,f03d14ce483280aff6662dc808c840a14a4cd035fedd4fe87786649f326f001c,SHARED_REFERENCE
NG-SPT-000264,264,29.68,-3.307467,EPSG:4326,NG-SOV-PART-000001,NG-MGRID-03-01,true,,,256,PLAIN,ENVIRONMENTAL_REFERENCE_SAMPLE_POINT,dataset:novegeo:terrain:elevation,1,data/novegeo/geography/terrain/qualified/novegeo_terrain_v001.json,f03d14ce483280aff6662dc808c840a14a4cd035fedd4fe87786649f326f001c,SHARED_REFERENCE
NG-SPT-000265,265,30.1,-3.307467,EPSG:4326,NG-SOV-PART-000001,NG-MGRID-03-02,true,NG-CLIM-OBS-000067,vegetation:novegeo:cell:000067,292,PLAIN,ENVIRONMENTAL_REFERENCE_SAMPLE_POINT,dataset:novegeo:terrain:elevation,1,data/novegeo/geography/terrain/qualified/novegeo_terrain_v001.json,f03d14ce483280aff6662dc808c840a14a4cd035fedd4fe87786649f326f001c,SHARED_REFERENCE
NG-SPT-000266,266,30.52,-3.307467,EPSG:4326,NG-SOV-PART-000001,NG-MGRID-03-02,true,,,314,PLAIN,ENVIRONMENTAL_REFERENCE_SAMPLE_POINT,dataset:novegeo:terrain:elevation,1,data/novegeo/geography/terrain/qualified/novegeo_terrain_v001.json,f03d14ce483280aff6662dc808c840a14a4cd035fedd4fe87786649f326f001c,SHARED_REFERENCE
NG-SPT-000267,267,30.94,-3.307467,EPSG:4326,NG-SOV-PART-000001,NG-MGRID-03-02,true,,,326,PLAIN,ENVIRONMENTAL_REFERENCE_SAMPLE_POINT,dataset:novegeo:terrain:elevation,1,data/novegeo/geography/terrain/qualified/novegeo_terrain_v001.json,f03d14ce483280aff6662dc808c840a14a4cd035fedd4fe87786649f326f001c,SHARED_REFERENCE
NG-SPT-000268,268,31.36,-3.307467,EPSG:4326,NG-SOV-PART-000001,NG-MGRID-03-02,true,,,316,PLAIN,ENVIRONMENTAL_REFERENCE_SAMPLE_POINT,dataset:novegeo:terrain:elevation,1,data/novegeo/geography/terrain/qualified/novegeo_terrain_v001.json,f03d14ce483280aff6662dc808c840a14a4cd035fedd4fe87786649f326f001c,SHARED_REFERENCE
NG-SPT-000269,269,31.78,-3.307467,EPSG:4326,NG-SOV-PART-000001,NG-MGRID-03-02,true,NG-CLIM-OBS-000068,vegetation:novegeo:cell:000068,298,PLAIN,ENVIRONMENTAL_REFERENCE_SAMPLE_POINT,dataset:novegeo:terrain:elevation,1,data/novegeo/geography/terrain/qualified/novegeo_terrain_v001.json,f03d14ce483280aff6662dc808c840a14a4cd035fedd4fe87786649f326f001c,SHARED_REFERENCE
NG-SPT-000270,270,32.2,-3.307467,EPSG:4326,NG-SOV-PART-000001,NG-MGRID-03-02,true,,,293,PLAIN,ENVIRONMENTAL_REFERENCE_SAMPLE_POINT,dataset:novegeo:terrain:elevation,1,data/novegeo/geography/terrain/qualified/novegeo_terrain_v001.json,f03d14ce483280aff6662dc808c840a14a4cd035fedd4fe87786649f326f001c,SHARED_REFERENCE
NG-SPT-000271,271,32.62,-3.307467,EPSG:4326,NG-SOV-PART-000001,NG-MGRID-03-02,true,,,313,PLAIN,ENVIRONMENTAL_REFERENCE_SAMPLE_POINT,dataset:novegeo:terrain:elevation,1,data/novegeo/geography/terrain/qualified/novegeo_terrain_v001.json,f03d14ce483280aff6662dc808c840a14a4cd035fedd4fe87786649f326f001c,SHARED_REFERENCE
NG-SPT-000272,272,33.04,-3.307467,EPSG:4326,NG-SOV-PART-000001,NG-MGRID-03-02,true,,,366,PLAIN,ENVIRONMENTAL_REFERENCE_SAMPLE_POINT,dataset:novegeo:terrain:elevation,1,data/novegeo/geography/terrain/qualified/novegeo_terrain_v001.json,f03d14ce483280aff6662dc808c840a14a4cd035fedd4fe87786649f326f001c,SHARED_REFERENCE
NG-SPT-000273,273,33.46,-3.307467,EPSG:4326,NG-SOV-PART-000001,NG-MGRID-03-02,true,NG-CLIM-OBS-000069,vegetation:novegeo:cell:000069,457,PLAIN,ENVIRONMENTAL_REFERENCE_SAMPLE_POINT,dataset:novegeo:terrain:elevation,1,data/novegeo/geography/terrain/qualified/novegeo_terrain_v001.json,f03d14ce483280aff6662dc808c840a14a4cd035fedd4fe87786649f326f001c,SHARED_REFERENCE
NG-SPT-000274,274,33.88,-3.307467,EPSG:4326,NG-SOV-PART-000001,NG-MGRID-03-02,true,,,586,PLAIN,ENVIRONMENTAL_REFERENCE_SAMPLE_POINT,dataset:novegeo:terrain:elevation,1,data/novegeo/geography/terrain/qualified/novegeo_terrain_v001.json,f03d14ce483280aff6662dc808c840a14a4cd035fedd4fe87786649f326f001c,SHARED_REFERENCE
NG-SPT-000275,275,34.3,-3.307467,EPSG:4326,NG-SOV-PART-000001,NG-MGRID-03-02,true,,,742,PLAIN,ENVIRONMENTAL_REFERENCE_SAMPLE_POINT,dataset:novegeo:terrain:elevation,1,data/novegeo/geography/terrain/qualified/novegeo_terrain_v001.json,f03d14ce483280aff6662dc808c840a14a4cd035fedd4fe87786649f326f001c,SHARED_REFERENCE
NG-SPT-000276,276,34.72,-3.307467,EPSG:4326,NG-SOV-PART-000001,NG-MGRID-03-02,true,,,911,PLAIN,ENVIRONMENTAL_REFERENCE_SAMPLE_POINT,dataset:novegeo:terrain:elevation,1,data/novegeo/geography/terrain/qualified/novegeo_terrain_v001.json,f03d14ce483280aff6662dc808c840a14a4cd035fedd4fe87786649f326f001c,SHARED_REFERENCE
NG-SPT-000277,277,35.14,-3.307467,EPSG:4326,NG-SOV-PART-000001,NG-MGRID-03-03,true,NG-CLIM-OBS-000070,vegetation:novegeo:cell:000070,1079,PLATEAU,ENVIRONMENTAL_REFERENCE_SAMPLE_POINT,dataset:novegeo:terrain:elevation,1,data/novegeo/geography/terrain/qualified/novegeo_terrain_v001.json,f03d14ce483280aff6662dc808c840a14a4cd035fedd4fe87786649f326f001c,SHARED_REFERENCE
NG-SPT-000278,278,35.56,-3.307467,EPSG:4326,NG-SOV-PART-000001,NG-MGRID-03-03,true,,,1234,PLATEAU,ENVIRONMENTAL_REFERENCE_SAMPLE_POINT,dataset:novegeo:terrain:elevation,1,data/novegeo/geography/terrain/qualified/novegeo_terrain_v001.json,f03d14ce483280aff6662dc808c840a14a4cd035fedd4fe87786649f326f001c,SHARED_REFERENCE
NG-SPT-000279,279,35.98,-3.307467,EPSG:4326,NG-SOV-PART-000001,NG-MGRID-03-03,true,,,1371,PLATEAU,ENVIRONMENTAL_REFERENCE_SAMPLE_POINT,dataset:novegeo:terrain:elevation,1,data/novegeo/geography/terrain/qualified/novegeo_terrain_v001.json,f03d14ce483280aff6662dc808c840a14a4cd035fedd4fe87786649f326f001c,SHARED_REFERENCE
NG-SPT-000280,280,36.4,-3.307467,EPSG:4326,NG-SOV-PART-000001,NG-MGRID-03-03,true,,,1495,PLATEAU,ENVIRONMENTAL_REFERENCE_SAMPLE_POINT,dataset:novegeo:terrain:elevation,1,data/novegeo/geography/terrain/qualified/novegeo_terrain_v001.json,f03d14ce483280aff6662dc808c840a14a4cd035fedd4fe87786649f326f001c,SHARED_REFERENCE
NG-SPT-000281,281,36.82,-3.307467,EPSG:4326,NG-SOV-PART-000001,NG-MGRID-03-03,true,NG-CLIM-OBS-000071,vegetation:novegeo:cell:000071,1612,PLATEAU,ENVIRONMENTAL_REFERENCE_SAMPLE_POINT,dataset:novegeo:terrain:elevation,1,data/novegeo/geography/terrain/qualified/novegeo_terrain_v001.json,f03d14ce483280aff6662dc808c840a14a4cd035fedd4fe87786649f326f001c,SHARED_REFERENCE
NG-SPT-000282,282,37.24,-3.307467,EPSG:4326,NG-SOV-PART-000001,NG-MGRID-03-03,true,,,1726,PLATEAU,ENVIRONMENTAL_REFERENCE_SAMPLE_POINT,dataset:novegeo:terrain:elevation,1,data/novegeo/geography/terrain/qualified/novegeo_terrain_v001.json,f03d14ce483280aff6662dc808c840a14a4cd035fedd4fe87786649f326f001c,SHARED_REFERENCE
NG-SPT-000283,283,37.66,-3.307467,EPSG:4326,NG-SOV-PART-000001,NG-MGRID-03-03,true,,,1827,PLATEAU,ENVIRONMENTAL_REFERENCE_SAMPLE_POINT,dataset:novegeo:terrain:elevation,1,data/novegeo/geography/terrain/qualified/novegeo_terrain_v001.json,f03d14ce483280aff6662dc808c840a14a4cd035fedd4fe87786649f326f001c,SHARED_REFERENCE
NG-SPT-000284,284,38.08,-3.307467,EPSG:4326,NG-SOV-PART-000001,NG-MGRID-03-03,true,,,1896,MOUNTAIN,ENVIRONMENTAL_REFERENCE_SAMPLE_POINT,dataset:novegeo:terrain:elevation,1,data/novegeo/geography/terrain/qualified/novegeo_terrain_v001.json,f03d14ce483280aff6662dc808c840a14a4cd035fedd4fe87786649f326f001c,SHARED_REFERENCE
NG-SPT-000285,285,38.5,-3.307467,EPSG:4326,NG-SOV-PART-000001,NG-MGRID-03-03,true,NG-CLIM-OBS-000072,vegetation:novegeo:cell:000072,1916,MOUNTAIN,ENVIRONMENTAL_REFERENCE_SAMPLE_POINT,dataset:novegeo:terrain:elevation,1,data/novegeo/geography/terrain/qualified/novegeo_terrain_v001.json,f03d14ce483280aff6662dc808c840a14a4cd035fedd4fe87786649f326f001c,SHARED_REFERENCE
NG-SPT-000286,286,38.92,-3.307467,EPSG:4326,NG-SOV-PART-000001,NG-MGRID-03-03,true,,,1872,MOUNTAIN,ENVIRONMENTAL_REFERENCE_SAMPLE_POINT,dataset:novegeo:terrain:elevation,1,data/novegeo/geography/terrain/qualified/novegeo_terrain_v001.json,f03d14ce483280aff6662dc808c840a14a4cd035fedd4fe87786649f326f001c,SHARED_REFERENCE
NG-SPT-000287,287,39.34,-3.307467,EPSG:4326,NG-SOV-PART-000001,NG-MGRID-03-03,true,,,1767,PLATEAU,ENVIRONMENTAL_REFERENCE_SAMPLE_POINT,dataset:novegeo:terrain:elevation,1,data/novegeo/geography/terrain/qualified/novegeo_terrain_v001.json,f03d14ce483280aff6662dc808c840a14a4cd035fedd4fe87786649f326f001c,SHARED_REFERENCE
NG-SPT-000288,288,39.76,-3.307467,EPSG:4326,NG-SOV-PART-000001,NG-MGRID-03-03,true,,,1615,PLATEAU,ENVIRONMENTAL_REFERENCE_SAMPLE_POINT,dataset:novegeo:terrain:elevation,1,data/novegeo/geography/terrain/qualified/novegeo_terrain_v001.json,f03d14ce483280aff6662dc808c840a14a4cd035fedd4fe87786649f326f001c,SHARED_REFERENCE
NG-SPT-000289,289,40.18,-3.307467,EPSG:4326,NG-SOV-PART-000001,NG-MGRID-03-04,true,NG-CLIM-OBS-000073,vegetation:novegeo:cell:000073,1436,PLATEAU,ENVIRONMENTAL_REFERENCE_SAMPLE_POINT,dataset:novegeo:terrain:elevation,1,data/novegeo/geography/terrain/qualified/novegeo_terrain_v001.json,f03d14ce483280aff6662dc808c840a14a4cd035fedd4fe87786649f326f001c,SHARED_REFERENCE
NG-SPT-000290,290,40.6,-3.307467,EPSG:4326,NG-SOV-PART-000001,NG-MGRID-03-04,true,,,1251,PLATEAU,ENVIRONMENTAL_REFERENCE_SAMPLE_POINT,dataset:novegeo:terrain:elevation,1,data/novegeo/geography/terrain/qualified/novegeo_terrain_v001.json,f03d14ce483280aff6662dc808c840a14a4cd035fedd4fe87786649f326f001c,SHARED_REFERENCE
NG-SPT-000291,291,41.02,-3.307467,EPSG:4326,NG-SOV-PART-000001,NG-MGRID-03-04,true,,,1076,PLATEAU,ENVIRONMENTAL_REFERENCE_SAMPLE_POINT,dataset:novegeo:terrain:elevation,1,data/novegeo/geography/terrain/qualified/novegeo_terrain_v001.json,f03d14ce483280aff6662dc808c840a14a4cd035fedd4fe87786649f326f001c,SHARED_REFERENCE
NG-SPT-000292,292,41.44,-3.307467,EPSG:4326,NG-SOV-PART-000001,NG-MGRID-03-04,true,,,919,PLAIN,ENVIRONMENTAL_REFERENCE_SAMPLE_POINT,dataset:novegeo:terrain:elevation,1,data/novegeo/geography/terrain/qualified/novegeo_terrain_v001.json,f03d14ce483280aff6662dc808c840a14a4cd035fedd4fe87786649f326f001c,SHARED_REFERENCE
NG-SPT-000293,293,41.86,-3.307467,EPSG:4326,NG-SOV-PART-000001,NG-MGRID-03-04,true,NG-CLIM-OBS-000074,vegetation:novegeo:cell:000074,783,PLAIN,ENVIRONMENTAL_REFERENCE_SAMPLE_POINT,dataset:novegeo:terrain:elevation,1,data/novegeo/geography/terrain/qualified/novegeo_terrain_v001.json,f03d14ce483280aff6662dc808c840a14a4cd035fedd4fe87786649f326f001c,SHARED_REFERENCE
NG-SPT-000294,294,42.28,-3.307467,EPSG:4326,NG-SOV-PART-000001,NG-MGRID-03-04,true,,,669,PLAIN,ENVIRONMENTAL_REFERENCE_SAMPLE_POINT,dataset:novegeo:terrain:elevation,1,data/novegeo/geography/terrain/qualified/novegeo_terrain_v001.json,f03d14ce483280aff6662dc808c840a14a4cd035fedd4fe87786649f326f001c,SHARED_REFERENCE
NG-SPT-000295,295,42.7,-3.307467,EPSG:4326,NG-SOV-PART-000001,NG-MGRID-03-04,true,,,571,PLAIN,ENVIRONMENTAL_REFERENCE_SAMPLE_POINT,dataset:novegeo:terrain:elevation,1,data/novegeo/geography/terrain/qualified/novegeo_terrain_v001.json,f03d14ce483280aff6662dc808c840a14a4cd035fedd4fe87786649f326f001c,SHARED_REFERENCE
NG-SPT-000296,296,43.12,-3.307467,EPSG:4326,NG-SOV-PART-000001,NG-MGRID-03-04,true,,,469,PLAIN,ENVIRONMENTAL_REFERENCE_SAMPLE_POINT,dataset:novegeo:terrain:elevation,1,data/novegeo/geography/terrain/qualified/novegeo_terrain_v001.json,f03d14ce483280aff6662dc808c840a14a4cd035fedd4fe87786649f326f001c,SHARED_REFERENCE
NG-SPT-000297,297,43.54,-3.307467,EPSG:4326,NG-SOV-PART-000001,NG-MGRID-03-04,true,NG-CLIM-OBS-000075,vegetation:novegeo:cell:000075,373,PLAIN,ENVIRONMENTAL_REFERENCE_SAMPLE_POINT,dataset:novegeo:terrain:elevation,1,data/novegeo/geography/terrain/qualified/novegeo_terrain_v001.json,f03d14ce483280aff6662dc808c840a14a4cd035fedd4fe87786649f326f001c,SHARED_REFERENCE
NG-SPT-000298,298,43.96,-3.307467,EPSG:4326,NG-SOV-PART-000001,NG-MGRID-03-04,true,,,286,PLAIN,ENVIRONMENTAL_REFERENCE_SAMPLE_POINT,dataset:novegeo:terrain:elevation,1,data/novegeo/geography/terrain/qualified/novegeo_terrain_v001.json,f03d14ce483280aff6662dc808c840a14a4cd035fedd4fe87786649f326f001c,SHARED_REFERENCE
NG-SPT-000299,299,29.68,-2.887467,EPSG:4326,NG-SOV-PART-000001,NG-MGRID-03-01,true,,,255,PLAIN,ENVIRONMENTAL_REFERENCE_SAMPLE_POINT,dataset:novegeo:terrain:elevation,1,data/novegeo/geography/terrain/qualified/novegeo_terrain_v001.json,f03d14ce483280aff6662dc808c840a14a4cd035fedd4fe87786649f326f001c,SHARED_REFERENCE
NG-SPT-000300,300,30.1,-2.887467,EPSG:4326,NG-SOV-PART-000001,NG-MGRID-03-02,true,,,291,PLAIN,ENVIRONMENTAL_REFERENCE_SAMPLE_POINT,dataset:novegeo:terrain:elevation,1,data/novegeo/geography/terrain/qualified/novegeo_terrain_v001.json,f03d14ce483280aff6662dc808c840a14a4cd035fedd4fe87786649f326f001c,SHARED_REFERENCE
NG-SPT-000301,301,30.52,-2.887467,EPSG:4326,NG-SOV-PART-000001,NG-MGRID-03-02,true,NG-CLIM-OBS-000076,vegetation:novegeo:cell:000076,315,PLAIN,ENVIRONMENTAL_REFERENCE_SAMPLE_POINT,dataset:novegeo:terrain:elevation,1,data/novegeo/geography/terrain/qualified/novegeo_terrain_v001.json,f03d14ce483280aff6662dc808c840a14a4cd035fedd4fe87786649f326f001c,SHARED_REFERENCE
NG-SPT-000302,302,30.94,-2.887467,EPSG:4326,NG-SOV-PART-000001,NG-MGRID-03-02,true,,,328,PLAIN,ENVIRONMENTAL_REFERENCE_SAMPLE_POINT,dataset:novegeo:terrain:elevation,1,data/novegeo/geography/terrain/qualified/novegeo_terrain_v001.json,f03d14ce483280aff6662dc808c840a14a4cd035fedd4fe87786649f326f001c,SHARED_REFERENCE
NG-SPT-000303,303,31.36,-2.887467,EPSG:4326,NG-SOV-PART-000001,NG-MGRID-03-02,true,,,322,PLAIN,ENVIRONMENTAL_REFERENCE_SAMPLE_POINT,dataset:novegeo:terrain:elevation,1,data/novegeo/geography/terrain/qualified/novegeo_terrain_v001.json,f03d14ce483280aff6662dc808c840a14a4cd035fedd4fe87786649f326f001c,SHARED_REFERENCE
NG-SPT-000304,304,31.78,-2.887467,EPSG:4326,NG-SOV-PART-000001,NG-MGRID-03-02,true,,,310,PLAIN,ENVIRONMENTAL_REFERENCE_SAMPLE_POINT,dataset:novegeo:terrain:elevation,1,data/novegeo/geography/terrain/qualified/novegeo_terrain_v001.json,f03d14ce483280aff6662dc808c840a14a4cd035fedd4fe87786649f326f001c,SHARED_REFERENCE
NG-SPT-000305,305,32.2,-2.887467,EPSG:4326,NG-SOV-PART-000001,NG-MGRID-03-02,true,NG-CLIM-OBS-000077,vegetation:novegeo:cell:000077,313,PLAIN,ENVIRONMENTAL_REFERENCE_SAMPLE_POINT,dataset:novegeo:terrain:elevation,1,data/novegeo/geography/terrain/qualified/novegeo_terrain_v001.json,f03d14ce483280aff6662dc808c840a14a4cd035fedd4fe87786649f326f001c,SHARED_REFERENCE
NG-SPT-000306,306,32.62,-2.887467,EPSG:4326,NG-SOV-PART-000001,NG-MGRID-03-02,true,,,341,PLAIN,ENVIRONMENTAL_REFERENCE_SAMPLE_POINT,dataset:novegeo:terrain:elevation,1,data/novegeo/geography/terrain/qualified/novegeo_terrain_v001.json,f03d14ce483280aff6662dc808c840a14a4cd035fedd4fe87786649f326f001c,SHARED_REFERENCE
NG-SPT-000307,307,33.04,-2.887467,EPSG:4326,NG-SOV-PART-000001,NG-MGRID-03-02,true,,,404,PLAIN,ENVIRONMENTAL_REFERENCE_SAMPLE_POINT,dataset:novegeo:terrain:elevation,1,data/novegeo/geography/terrain/qualified/novegeo_terrain_v001.json,f03d14ce483280aff6662dc808c840a14a4cd035fedd4fe87786649f326f001c,SHARED_REFERENCE
NG-SPT-000308,308,33.46,-2.887467,EPSG:4326,NG-SOV-PART-000001,NG-MGRID-03-02,true,,,505,PLAIN,ENVIRONMENTAL_REFERENCE_SAMPLE_POINT,dataset:novegeo:terrain:elevation,1,data/novegeo/geography/terrain/qualified/novegeo_terrain_v001.json,f03d14ce483280aff6662dc808c840a14a4cd035fedd4fe87786649f326f001c,SHARED_REFERENCE
NG-SPT-000309,309,33.88,-2.887467,EPSG:4326,NG-SOV-PART-000001,NG-MGRID-03-02,true,NG-CLIM-OBS-000078,vegetation:novegeo:cell:000078,640,PLAIN,ENVIRONMENTAL_REFERENCE_SAMPLE_POINT,dataset:novegeo:terrain:elevation,1,data/novegeo/geography/terrain/qualified/novegeo_terrain_v001.json,f03d14ce483280aff6662dc808c840a14a4cd035fedd4fe87786649f326f001c,SHARED_REFERENCE
NG-SPT-000310,310,34.3,-2.887467,EPSG:4326,NG-SOV-PART-000001,NG-MGRID-03-02,true,,,799,PLAIN,ENVIRONMENTAL_REFERENCE_SAMPLE_POINT,dataset:novegeo:terrain:elevation,1,data/novegeo/geography/terrain/qualified/novegeo_terrain_v001.json,f03d14ce483280aff6662dc808c840a14a4cd035fedd4fe87786649f326f001c,SHARED_REFERENCE
NG-SPT-000311,311,34.72,-2.887467,EPSG:4326,NG-SOV-PART-000001,NG-MGRID-03-02,true,,,966,PLAIN,ENVIRONMENTAL_REFERENCE_SAMPLE_POINT,dataset:novegeo:terrain:elevation,1,data/novegeo/geography/terrain/qualified/novegeo_terrain_v001.json,f03d14ce483280aff6662dc808c840a14a4cd035fedd4fe87786649f326f001c,SHARED_REFERENCE
NG-SPT-000312,312,35.14,-2.887467,EPSG:4326,NG-SOV-PART-000001,NG-MGRID-03-03,true,,,1123,PLATEAU,ENVIRONMENTAL_REFERENCE_SAMPLE_POINT,dataset:novegeo:terrain:elevation,1,data/novegeo/geography/terrain/qualified/novegeo_terrain_v001.json,f03d14ce483280aff6662dc808c840a14a4cd035fedd4fe87786649f326f001c,SHARED_REFERENCE
NG-SPT-000313,313,35.56,-2.887467,EPSG:4326,NG-SOV-PART-000001,NG-MGRID-03-03,true,NG-CLIM-OBS-000079,vegetation:novegeo:cell:000079,1260,PLATEAU,ENVIRONMENTAL_REFERENCE_SAMPLE_POINT,dataset:novegeo:terrain:elevation,1,data/novegeo/geography/terrain/qualified/novegeo_terrain_v001.json,f03d14ce483280aff6662dc808c840a14a4cd035fedd4fe87786649f326f001c,SHARED_REFERENCE
NG-SPT-000314,314,35.98,-2.887467,EPSG:4326,NG-SOV-PART-000001,NG-MGRID-03-03,true,,,1375,PLATEAU,ENVIRONMENTAL_REFERENCE_SAMPLE_POINT,dataset:novegeo:terrain:elevation,1,data/novegeo/geography/terrain/qualified/novegeo_terrain_v001.json,f03d14ce483280aff6662dc808c840a14a4cd035fedd4fe87786649f326f001c,SHARED_REFERENCE
NG-SPT-000315,315,36.4,-2.887467,EPSG:4326,NG-SOV-PART-000001,NG-MGRID-03-03,true,,,1477,PLATEAU,ENVIRONMENTAL_REFERENCE_SAMPLE_POINT,dataset:novegeo:terrain:elevation,1,data/novegeo/geography/terrain/qualified/novegeo_terrain_v001.json,f03d14ce483280aff6662dc808c840a14a4cd035fedd4fe87786649f326f001c,SHARED_REFERENCE
NG-SPT-000316,316,36.82,-2.887467,EPSG:4326,NG-SOV-PART-000001,NG-MGRID-03-03,true,,,1577,PLATEAU,ENVIRONMENTAL_REFERENCE_SAMPLE_POINT,dataset:novegeo:terrain:elevation,1,data/novegeo/geography/terrain/qualified/novegeo_terrain_v001.json,f03d14ce483280aff6662dc808c840a14a4cd035fedd4fe87786649f326f001c,SHARED_REFERENCE
NG-SPT-000317,317,37.24,-2.887467,EPSG:4326,NG-SOV-PART-000001,NG-MGRID-03-03,true,NG-CLIM-OBS-000080,vegetation:novegeo:cell:000080,1681,PLATEAU,ENVIRONMENTAL_REFERENCE_SAMPLE_POINT,dataset:novegeo:terrain:elevation,1,data/novegeo/geography/terrain/qualified/novegeo_terrain_v001.json,f03d14ce483280aff6662dc808c840a14a4cd035fedd4fe87786649f326f001c,SHARED_REFERENCE
NG-SPT-000318,318,37.66,-2.887467,EPSG:4326,NG-SOV-PART-000001,NG-MGRID-03-03,true,,,1781,PLATEAU,ENVIRONMENTAL_REFERENCE_SAMPLE_POINT,dataset:novegeo:terrain:elevation,1,data/novegeo/geography/terrain/qualified/novegeo_terrain_v001.json,f03d14ce483280aff6662dc808c840a14a4cd035fedd4fe87786649f326f001c,SHARED_REFERENCE
NG-SPT-000319,319,38.08,-2.887467,EPSG:4326,NG-SOV-PART-000001,NG-MGRID-03-03,true,,,1859,MOUNTAIN,ENVIRONMENTAL_REFERENCE_SAMPLE_POINT,dataset:novegeo:terrain:elevation,1,data/novegeo/geography/terrain/qualified/novegeo_terrain_v001.json,f03d14ce483280aff6662dc808c840a14a4cd035fedd4fe87786649f326f001c,SHARED_REFERENCE
NG-SPT-000320,320,38.5,-2.887467,EPSG:4326,NG-SOV-PART-000001,NG-MGRID-03-03,true,,,1891,MOUNTAIN,ENVIRONMENTAL_REFERENCE_SAMPLE_POINT,dataset:novegeo:terrain:elevation,1,data/novegeo/geography/terrain/qualified/novegeo_terrain_v001.json,f03d14ce483280aff6662dc808c840a14a4cd035fedd4fe87786649f326f001c,SHARED_REFERENCE
NG-SPT-000321,321,38.92,-2.887467,EPSG:4326,NG-SOV-PART-000001,NG-MGRID-03-03,true,NG-CLIM-OBS-000081,vegetation:novegeo:cell:000081,1862,MOUNTAIN,ENVIRONMENTAL_REFERENCE_SAMPLE_POINT,dataset:novegeo:terrain:elevation,1,data/novegeo/geography/terrain/qualified/novegeo_terrain_v001.json,f03d14ce483280aff6662dc808c840a14a4cd035fedd4fe87786649f326f001c,SHARED_REFERENCE
NG-SPT-000322,322,39.34,-2.887467,EPSG:4326,NG-SOV-PART-000001,NG-MGRID-03-03,true,,,1770,PLATEAU,ENVIRONMENTAL_REFERENCE_SAMPLE_POINT,dataset:novegeo:terrain:elevation,1,data/novegeo/geography/terrain/qualified/novegeo_terrain_v001.json,f03d14ce483280aff6662dc808c840a14a4cd035fedd4fe87786649f326f001c,SHARED_REFERENCE
NG-SPT-000323,323,39.76,-2.887467,EPSG:4326,NG-SOV-PART-000001,NG-MGRID-03-03,true,,,1629,PLATEAU,ENVIRONMENTAL_REFERENCE_SAMPLE_POINT,dataset:novegeo:terrain:elevation,1,data/novegeo/geography/terrain/qualified/novegeo_terrain_v001.json,f03d14ce483280aff6662dc808c840a14a4cd035fedd4fe87786649f326f001c,SHARED_REFERENCE
NG-SPT-000324,324,40.18,-2.887467,EPSG:4326,NG-SOV-PART-000001,NG-MGRID-03-04,true,,,1457,PLATEAU,ENVIRONMENTAL_REFERENCE_SAMPLE_POINT,dataset:novegeo:terrain:elevation,1,data/novegeo/geography/terrain/qualified/novegeo_terrain_v001.json,f03d14ce483280aff6662dc808c840a14a4cd035fedd4fe87786649f326f001c,SHARED_REFERENCE
NG-SPT-000325,325,40.6,-2.887467,EPSG:4326,NG-SOV-PART-000001,NG-MGRID-03-04,true,NG-CLIM-OBS-000082,vegetation:novegeo:cell:000082,1277,PLATEAU,ENVIRONMENTAL_REFERENCE_SAMPLE_POINT,dataset:novegeo:terrain:elevation,1,data/novegeo/geography/terrain/qualified/novegeo_terrain_v001.json,f03d14ce483280aff6662dc808c840a14a4cd035fedd4fe87786649f326f001c,SHARED_REFERENCE
NG-SPT-000326,326,41.02,-2.887467,EPSG:4326,NG-SOV-PART-000001,NG-MGRID-03-04,true,,,1103,PLATEAU,ENVIRONMENTAL_REFERENCE_SAMPLE_POINT,dataset:novegeo:terrain:elevation,1,data/novegeo/geography/terrain/qualified/novegeo_terrain_v001.json,f03d14ce483280aff6662dc808c840a14a4cd035fedd4fe87786649f326f001c,SHARED_REFERENCE
NG-SPT-000327,327,41.44,-2.887467,EPSG:4326,NG-SOV-PART-000001,NG-MGRID-03-04,true,,,946,PLAIN,ENVIRONMENTAL_REFERENCE_SAMPLE_POINT,dataset:novegeo:terrain:elevation,1,data/novegeo/geography/terrain/qualified/novegeo_terrain_v001.json,f03d14ce483280aff6662dc808c840a14a4cd035fedd4fe87786649f326f001c,SHARED_REFERENCE
NG-SPT-000328,328,41.86,-2.887467,EPSG:4326,NG-SOV-PART-000001,NG-MGRID-03-04,true,,,809,PLAIN,ENVIRONMENTAL_REFERENCE_SAMPLE_POINT,dataset:novegeo:terrain:elevation,1,data/novegeo/geography/terrain/qualified/novegeo_terrain_v001.json,f03d14ce483280aff6662dc808c840a14a4cd035fedd4fe87786649f326f001c,SHARED_REFERENCE
NG-SPT-000329,329,42.28,-2.887467,EPSG:4326,NG-SOV-PART-000001,NG-MGRID-03-04,true,NG-CLIM-OBS-000083,vegetation:novegeo:cell:000083,691,PLAIN,ENVIRONMENTAL_REFERENCE_SAMPLE_POINT,dataset:novegeo:terrain:elevation,1,data/novegeo/geography/terrain/qualified/novegeo_terrain_v001.json,f03d14ce483280aff6662dc808c840a14a4cd035fedd4fe87786649f326f001c,SHARED_REFERENCE
NG-SPT-000330,330,42.7,-2.887467,EPSG:4326,NG-SOV-PART-000001,NG-MGRID-03-04,true,,,591,PLAIN,ENVIRONMENTAL_REFERENCE_SAMPLE_POINT,dataset:novegeo:terrain:elevation,1,data/novegeo/geography/terrain/qualified/novegeo_terrain_v001.json,f03d14ce483280aff6662dc808c840a14a4cd035fedd4fe87786649f326f001c,SHARED_REFERENCE
NG-SPT-000331,331,43.12,-2.887467,EPSG:4326,NG-SOV-PART-000001,NG-MGRID-03-04,true,,,485,PLAIN,ENVIRONMENTAL_REFERENCE_SAMPLE_POINT,dataset:novegeo:terrain:elevation,1,data/novegeo/geography/terrain/qualified/novegeo_terrain_v001.json,f03d14ce483280aff6662dc808c840a14a4cd035fedd4fe87786649f326f001c,SHARED_REFERENCE
NG-SPT-000332,332,43.54,-2.887467,EPSG:4326,NG-SOV-PART-000001,NG-MGRID-03-04,true,,,387,PLAIN,ENVIRONMENTAL_REFERENCE_SAMPLE_POINT,dataset:novegeo:terrain:elevation,1,data/novegeo/geography/terrain/qualified/novegeo_terrain_v001.json,f03d14ce483280aff6662dc808c840a14a4cd035fedd4fe87786649f326f001c,SHARED_REFERENCE
NG-SPT-000333,333,29.68,-2.467467,EPSG:4326,NG-SOV-PART-000001,NG-MGRID-03-01,true,NG-CLIM-OBS-000084,vegetation:novegeo:cell:000084,256,PLAIN,ENVIRONMENTAL_REFERENCE_SAMPLE_POINT,dataset:novegeo:terrain:elevation,1,data/novegeo/geography/terrain/qualified/novegeo_terrain_v001.json,f03d14ce483280aff6662dc808c840a14a4cd035fedd4fe87786649f326f001c,SHARED_REFERENCE
NG-SPT-000334,334,30.1,-2.467467,EPSG:4326,NG-SOV-PART-000001,NG-MGRID-03-02,true,,,295,PLAIN,ENVIRONMENTAL_REFERENCE_SAMPLE_POINT,dataset:novegeo:terrain:elevation,1,data/novegeo/geography/terrain/qualified/novegeo_terrain_v001.json,f03d14ce483280aff6662dc808c840a14a4cd035fedd4fe87786649f326f001c,SHARED_REFERENCE
NG-SPT-000335,335,30.52,-2.467467,EPSG:4326,NG-SOV-PART-000001,NG-MGRID-03-02,true,,,323,PLAIN,ENVIRONMENTAL_REFERENCE_SAMPLE_POINT,dataset:novegeo:terrain:elevation,1,data/novegeo/geography/terrain/qualified/novegeo_terrain_v001.json,f03d14ce483280aff6662dc808c840a14a4cd035fedd4fe87786649f326f001c,SHARED_REFERENCE
NG-SPT-000336,336,30.94,-2.467467,EPSG:4326,NG-SOV-PART-000001,NG-MGRID-03-02,true,,,345,PLAIN,ENVIRONMENTAL_REFERENCE_SAMPLE_POINT,dataset:novegeo:terrain:elevation,1,data/novegeo/geography/terrain/qualified/novegeo_terrain_v001.json,f03d14ce483280aff6662dc808c840a14a4cd035fedd4fe87786649f326f001c,SHARED_REFERENCE
NG-SPT-000337,337,31.36,-2.467467,EPSG:4326,NG-SOV-PART-000001,NG-MGRID-03-02,true,NG-CLIM-OBS-000085,vegetation:novegeo:cell:000085,348,PLAIN,ENVIRONMENTAL_REFERENCE_SAMPLE_POINT,dataset:novegeo:terrain:elevation,1,data/novegeo/geography/terrain/qualified/novegeo_terrain_v001.json,f03d14ce483280aff6662dc808c840a14a4cd035fedd4fe87786649f326f001c,SHARED_REFERENCE
NG-SPT-000338,338,31.78,-2.467467,EPSG:4326,NG-SOV-PART-000001,NG-MGRID-03-02,true,,,349,PLAIN,ENVIRONMENTAL_REFERENCE_SAMPLE_POINT,dataset:novegeo:terrain:elevation,1,data/novegeo/geography/terrain/qualified/novegeo_terrain_v001.json,f03d14ce483280aff6662dc808c840a14a4cd035fedd4fe87786649f326f001c,SHARED_REFERENCE
NG-SPT-000339,339,32.2,-2.467467,EPSG:4326,NG-SOV-PART-000001,NG-MGRID-03-02,true,,,365,PLAIN,ENVIRONMENTAL_REFERENCE_SAMPLE_POINT,dataset:novegeo:terrain:elevation,1,data/novegeo/geography/terrain/qualified/novegeo_terrain_v001.json,f03d14ce483280aff6662dc808c840a14a4cd035fedd4fe87786649f326f001c,SHARED_REFERENCE
NG-SPT-000340,340,32.62,-2.467467,EPSG:4326,NG-SOV-PART-000001,NG-MGRID-03-02,true,,,407,PLAIN,ENVIRONMENTAL_REFERENCE_SAMPLE_POINT,dataset:novegeo:terrain:elevation,1,data/novegeo/geography/terrain/qualified/novegeo_terrain_v001.json,f03d14ce483280aff6662dc808c840a14a4cd035fedd4fe87786649f326f001c,SHARED_REFERENCE
NG-SPT-000341,341,33.04,-2.467467,EPSG:4326,NG-SOV-PART-000001,NG-MGRID-03-02,true,NG-CLIM-OBS-000086,vegetation:novegeo:cell:000086,482,PLAIN,ENVIRONMENTAL_REFERENCE_SAMPLE_POINT,dataset:novegeo:terrain:elevation,1,data/novegeo/geography/terrain/qualified/novegeo_terrain_v001.json,f03d14ce483280aff6662dc808c840a14a4cd035fedd4fe87786649f326f001c,SHARED_REFERENCE
NG-SPT-000342,342,33.46,-2.467467,EPSG:4326,NG-SOV-PART-000001,NG-MGRID-03-02,true,,,592,PLAIN,ENVIRONMENTAL_REFERENCE_SAMPLE_POINT,dataset:novegeo:terrain:elevation,1,data/novegeo/geography/terrain/qualified/novegeo_terrain_v001.json,f03d14ce483280aff6662dc808c840a14a4cd035fedd4fe87786649f326f001c,SHARED_REFERENCE
NG-SPT-000343,343,33.88,-2.467467,EPSG:4326,NG-SOV-PART-000001,NG-MGRID-03-02,true,,,730,PLAIN,ENVIRONMENTAL_REFERENCE_SAMPLE_POINT,dataset:novegeo:terrain:elevation,1,data/novegeo/geography/terrain/qualified/novegeo_terrain_v001.json,f03d14ce483280aff6662dc808c840a14a4cd035fedd4fe87786649f326f001c,SHARED_REFERENCE
NG-SPT-000344,344,34.3,-2.467467,EPSG:4326,NG-SOV-PART-000001,NG-MGRID-03-02,true,,,885,PLAIN,ENVIRONMENTAL_REFERENCE_SAMPLE_POINT,dataset:novegeo:terrain:elevation,1,data/novegeo/geography/terrain/qualified/novegeo_terrain_v001.json,f03d14ce483280aff6662dc808c840a14a4cd035fedd4fe87786649f326f001c,SHARED_REFERENCE
NG-SPT-000345,345,34.72,-2.467467,EPSG:4326,NG-SOV-PART-000001,NG-MGRID-03-02,true,NG-CLIM-OBS-000087,vegetation:novegeo:cell:000087,1038,PLAIN,ENVIRONMENTAL_REFERENCE_SAMPLE_POINT,dataset:novegeo:terrain:elevation,1,data/novegeo/geography/terrain/qualified/novegeo_terrain_v001.json,f03d14ce483280aff6662dc808c840a14a4cd035fedd4fe87786649f326f001c,SHARED_REFERENCE
NG-SPT-000346,346,35.14,-2.467467,EPSG:4326,NG-SOV-PART-000001,NG-MGRID-03-03,true,,,1174,PLATEAU,ENVIRONMENTAL_REFERENCE_SAMPLE_POINT,dataset:novegeo:terrain:elevation,1,data/novegeo/geography/terrain/qualified/novegeo_terrain_v001.json,f03d14ce483280aff6662dc808c840a14a4cd035fedd4fe87786649f326f001c,SHARED_REFERENCE
NG-SPT-000347,347,35.56,-2.467467,EPSG:4326,NG-SOV-PART-000001,NG-MGRID-03-03,true,,,1281,PLATEAU,ENVIRONMENTAL_REFERENCE_SAMPLE_POINT,dataset:novegeo:terrain:elevation,1,data/novegeo/geography/terrain/qualified/novegeo_terrain_v001.json,f03d14ce483280aff6662dc808c840a14a4cd035fedd4fe87786649f326f001c,SHARED_REFERENCE
NG-SPT-000348,348,35.98,-2.467467,EPSG:4326,NG-SOV-PART-000001,NG-MGRID-03-03,true,,,1362,PLATEAU,ENVIRONMENTAL_REFERENCE_SAMPLE_POINT,dataset:novegeo:terrain:elevation,1,data/novegeo/geography/terrain/qualified/novegeo_terrain_v001.json,f03d14ce483280aff6662dc808c840a14a4cd035fedd4fe87786649f326f001c,SHARED_REFERENCE
NG-SPT-000349,349,36.4,-2.467467,EPSG:4326,NG-SOV-PART-000001,NG-MGRID-03-03,true,NG-CLIM-OBS-000088,vegetation:novegeo:cell:000088,1430,PLATEAU,ENVIRONMENTAL_REFERENCE_SAMPLE_POINT,dataset:novegeo:terrain:elevation,1,data/novegeo/geography/terrain/qualified/novegeo_terrain_v001.json,f03d14ce483280aff6662dc808c840a14a4cd035fedd4fe87786649f326f001c,SHARED_REFERENCE
NG-SPT-000350,350,36.82,-2.467467,EPSG:4326,NG-SOV-PART-000001,NG-MGRID-03-03,true,,,1503,PLATEAU,ENVIRONMENTAL_REFERENCE_SAMPLE_POINT,dataset:novegeo:terrain:elevation,1,data/novegeo/geography/terrain/qualified/novegeo_terrain_v001.json,f03d14ce483280aff6662dc808c840a14a4cd035fedd4fe87786649f326f001c,SHARED_REFERENCE
NG-SPT-000351,351,37.24,-2.467467,EPSG:4326,NG-SOV-PART-000001,NG-MGRID-03-03,true,,,1590,PLATEAU,ENVIRONMENTAL_REFERENCE_SAMPLE_POINT,dataset:novegeo:terrain:elevation,1,data/novegeo/geography/terrain/qualified/novegeo_terrain_v001.json,f03d14ce483280aff6662dc808c840a14a4cd035fedd4fe87786649f326f001c,SHARED_REFERENCE
NG-SPT-000352,352,37.66,-2.467467,EPSG:4326,NG-SOV-PART-000001,NG-MGRID-03-03,true,,,1686,PLATEAU,ENVIRONMENTAL_REFERENCE_SAMPLE_POINT,dataset:novegeo:terrain:elevation,1,data/novegeo/geography/terrain/qualified/novegeo_terrain_v001.json,f03d14ce483280aff6662dc808c840a14a4cd035fedd4fe87786649f326f001c,SHARED_REFERENCE
NG-SPT-000353,353,38.08,-2.467467,EPSG:4326,NG-SOV-PART-000001,NG-MGRID-03-03,true,NG-CLIM-OBS-000089,vegetation:novegeo:cell:000089,1771,PLATEAU,ENVIRONMENTAL_REFERENCE_SAMPLE_POINT,dataset:novegeo:terrain:elevation,1,data/novegeo/geography/terrain/qualified/novegeo_terrain_v001.json,f03d14ce483280aff6662dc808c840a14a4cd035fedd4fe87786649f326f001c,SHARED_REFERENCE
NG-SPT-000354,354,38.5,-2.467467,EPSG:4326,NG-SOV-PART-000001,NG-MGRID-03-03,true,,,1818,PLATEAU,ENVIRONMENTAL_REFERENCE_SAMPLE_POINT,dataset:novegeo:terrain:elevation,1,data/novegeo/geography/terrain/qualified/novegeo_terrain_v001.json,f03d14ce483280aff6662dc808c840a14a4cd035fedd4fe87786649f326f001c,SHARED_REFERENCE
NG-SPT-000355,355,38.92,-2.467467,EPSG:4326,NG-SOV-PART-000001,NG-MGRID-03-03,true,,,1808,PLATEAU,ENVIRONMENTAL_REFERENCE_SAMPLE_POINT,dataset:novegeo:terrain:elevation,1,data/novegeo/geography/terrain/qualified/novegeo_terrain_v001.json,f03d14ce483280aff6662dc808c840a14a4cd035fedd4fe87786649f326f001c,SHARED_REFERENCE
NG-SPT-000356,356,39.34,-2.467467,EPSG:4326,NG-SOV-PART-000001,NG-MGRID-03-03,true,,,1736,PLATEAU,ENVIRONMENTAL_REFERENCE_SAMPLE_POINT,dataset:novegeo:terrain:elevation,1,data/novegeo/geography/terrain/qualified/novegeo_terrain_v001.json,f03d14ce483280aff6662dc808c840a14a4cd035fedd4fe87786649f326f001c,SHARED_REFERENCE
NG-SPT-000357,357,39.76,-2.467467,EPSG:4326,NG-SOV-PART-000001,NG-MGRID-03-03,true,NG-CLIM-OBS-000090,vegetation:novegeo:cell:000090,1612,PLATEAU,ENVIRONMENTAL_REFERENCE_SAMPLE_POINT,dataset:novegeo:terrain:elevation,1,data/novegeo/geography/terrain/qualified/novegeo_terrain_v001.json,f03d14ce483280aff6662dc808c840a14a4cd035fedd4fe87786649f326f001c,SHARED_REFERENCE
NG-SPT-000358,358,40.18,-2.467467,EPSG:4326,NG-SOV-PART-000001,NG-MGRID-03-04,true,,,1455,PLATEAU,ENVIRONMENTAL_REFERENCE_SAMPLE_POINT,dataset:novegeo:terrain:elevation,1,data/novegeo/geography/terrain/qualified/novegeo_terrain_v001.json,f03d14ce483280aff6662dc808c840a14a4cd035fedd4fe87786649f326f001c,SHARED_REFERENCE
NG-SPT-000359,359,40.6,-2.467467,EPSG:4326,NG-SOV-PART-000001,NG-MGRID-03-04,true,,,1286,PLATEAU,ENVIRONMENTAL_REFERENCE_SAMPLE_POINT,dataset:novegeo:terrain:elevation,1,data/novegeo/geography/terrain/qualified/novegeo_terrain_v001.json,f03d14ce483280aff6662dc808c840a14a4cd035fedd4fe87786649f326f001c,SHARED_REFERENCE
NG-SPT-000360,360,41.02,-2.467467,EPSG:4326,NG-SOV-PART-000001,NG-MGRID-03-04,true,,,1120,PLATEAU,ENVIRONMENTAL_REFERENCE_SAMPLE_POINT,dataset:novegeo:terrain:elevation,1,data/novegeo/geography/terrain/qualified/novegeo_terrain_v001.json,f03d14ce483280aff6662dc808c840a14a4cd035fedd4fe87786649f326f001c,SHARED_REFERENCE
NG-SPT-000361,361,41.44,-2.467467,EPSG:4326,NG-SOV-PART-000001,NG-MGRID-03-04,true,NG-CLIM-OBS-000091,vegetation:novegeo:cell:000091,967,PLAIN,ENVIRONMENTAL_REFERENCE_SAMPLE_POINT,dataset:novegeo:terrain:elevation,1,data/novegeo/geography/terrain/qualified/novegeo_terrain_v001.json,f03d14ce483280aff6662dc808c840a14a4cd035fedd4fe87786649f326f001c,SHARED_REFERENCE
NG-SPT-000362,362,41.86,-2.467467,EPSG:4326,NG-SOV-PART-000001,NG-MGRID-03-04,true,,,831,PLAIN,ENVIRONMENTAL_REFERENCE_SAMPLE_POINT,dataset:novegeo:terrain:elevation,1,data/novegeo/geography/terrain/qualified/novegeo_terrain_v001.json,f03d14ce483280aff6662dc808c840a14a4cd035fedd4fe87786649f326f001c,SHARED_REFERENCE
NG-SPT-000363,363,42.28,-2.467467,EPSG:4326,NG-SOV-PART-000001,NG-MGRID-03-04,true,,,713,PLAIN,ENVIRONMENTAL_REFERENCE_SAMPLE_POINT,dataset:novegeo:terrain:elevation,1,data/novegeo/geography/terrain/qualified/novegeo_terrain_v001.json,f03d14ce483280aff6662dc808c840a14a4cd035fedd4fe87786649f326f001c,SHARED_REFERENCE
NG-SPT-000364,364,42.7,-2.467467,EPSG:4326,NG-SOV-PART-000001,NG-MGRID-03-04,true,,,611,PLAIN,ENVIRONMENTAL_REFERENCE_SAMPLE_POINT,dataset:novegeo:terrain:elevation,1,data/novegeo/geography/terrain/qualified/novegeo_terrain_v001.json,f03d14ce483280aff6662dc808c840a14a4cd035fedd4fe87786649f326f001c,SHARED_REFERENCE
NG-SPT-000365,365,43.12,-2.467467,EPSG:4326,NG-SOV-PART-000001,NG-MGRID-03-04,true,NG-CLIM-OBS-000092,vegetation:novegeo:cell:000092,503,PLAIN,ENVIRONMENTAL_REFERENCE_SAMPLE_POINT,dataset:novegeo:terrain:elevation,1,data/novegeo/geography/terrain/qualified/novegeo_terrain_v001.json,f03d14ce483280aff6662dc808c840a14a4cd035fedd4fe87786649f326f001c,SHARED_REFERENCE
NG-SPT-000366,366,43.54,-2.467467,EPSG:4326,NG-SOV-PART-000001,NG-MGRID-03-04,true,,,403,PLAIN,ENVIRONMENTAL_REFERENCE_SAMPLE_POINT,dataset:novegeo:terrain:elevation,1,data/novegeo/geography/terrain/qualified/novegeo_terrain_v001.json,f03d14ce483280aff6662dc808c840a14a4cd035fedd4fe87786649f326f001c,SHARED_REFERENCE
NG-SPT-000367,367,29.26,-2.047467,EPSG:4326,NG-SOV-PART-000001,NG-MGRID-03-01,true,,,211,PLAIN,ENVIRONMENTAL_REFERENCE_SAMPLE_POINT,dataset:novegeo:terrain:elevation,1,data/novegeo/geography/terrain/qualified/novegeo_terrain_v001.json,f03d14ce483280aff6662dc808c840a14a4cd035fedd4fe87786649f326f001c,SHARED_REFERENCE
NG-SPT-000368,368,29.68,-2.047467,EPSG:4326,NG-SOV-PART-000001,NG-MGRID-03-01,true,,,260,PLAIN,ENVIRONMENTAL_REFERENCE_SAMPLE_POINT,dataset:novegeo:terrain:elevation,1,data/novegeo/geography/terrain/qualified/novegeo_terrain_v001.json,f03d14ce483280aff6662dc808c840a14a4cd035fedd4fe87786649f326f001c,SHARED_REFERENCE
NG-SPT-000369,369,30.1,-2.047467,EPSG:4326,NG-SOV-PART-000001,NG-MGRID-03-02,true,NG-CLIM-OBS-000093,vegetation:novegeo:cell:000093,303,PLAIN,ENVIRONMENTAL_REFERENCE_SAMPLE_POINT,dataset:novegeo:terrain:elevation,1,data/novegeo/geography/terrain/qualified/novegeo_terrain_v001.json,f03d14ce483280aff6662dc808c840a14a4cd035fedd4fe87786649f326f001c,SHARED_REFERENCE
NG-SPT-000370,370,30.52,-2.047467,EPSG:4326,NG-SOV-PART-000001,NG-MGRID-03-02,true,,,341,PLAIN,ENVIRONMENTAL_REFERENCE_SAMPLE_POINT,dataset:novegeo:terrain:elevation,1,data/novegeo/geography/terrain/qualified/novegeo_terrain_v001.json,f03d14ce483280aff6662dc808c840a14a4cd035fedd4fe87786649f326f001c,SHARED_REFERENCE
NG-SPT-000371,371,30.94,-2.047467,EPSG:4326,NG-SOV-PART-000001,NG-MGRID-03-02,true,,,375,PLAIN,ENVIRONMENTAL_REFERENCE_SAMPLE_POINT,dataset:novegeo:terrain:elevation,1,data/novegeo/geography/terrain/qualified/novegeo_terrain_v001.json,f03d14ce483280aff6662dc808c840a14a4cd035fedd4fe87786649f326f001c,SHARED_REFERENCE
NG-SPT-000372,372,31.36,-2.047467,EPSG:4326,NG-SOV-PART-000001,NG-MGRID-03-02,true,,,395,PLAIN,ENVIRONMENTAL_REFERENCE_SAMPLE_POINT,dataset:novegeo:terrain:elevation,1,data/novegeo/geography/terrain/qualified/novegeo_terrain_v001.json,f03d14ce483280aff6662dc808c840a14a4cd035fedd4fe87786649f326f001c,SHARED_REFERENCE
NG-SPT-000373,373,31.78,-2.047467,EPSG:4326,NG-SOV-PART-000001,NG-MGRID-03-02,true,NG-CLIM-OBS-000094,vegetation:novegeo:cell:000094,414,PLAIN,ENVIRONMENTAL_REFERENCE_SAMPLE_POINT,dataset:novegeo:terrain:elevation,1,data/novegeo/geography/terrain/qualified/novegeo_terrain_v001.json,f03d14ce483280aff6662dc808c840a14a4cd035fedd4fe87786649f326f001c,SHARED_REFERENCE
NG-SPT-000374,374,32.2,-2.047467,EPSG:4326,NG-SOV-PART-000001,NG-MGRID-03-02,true,,,451,PLAIN,ENVIRONMENTAL_REFERENCE_SAMPLE_POINT,dataset:novegeo:terrain:elevation,1,data/novegeo/geography/terrain/qualified/novegeo_terrain_v001.json,f03d14ce483280aff6662dc808c840a14a4cd035fedd4fe87786649f326f001c,SHARED_REFERENCE
NG-SPT-000375,375,32.62,-2.047467,EPSG:4326,NG-SOV-PART-000001,NG-MGRID-03-02,true,,,511,PLAIN,ENVIRONMENTAL_REFERENCE_SAMPLE_POINT,dataset:novegeo:terrain:elevation,1,data/novegeo/geography/terrain/qualified/novegeo_terrain_v001.json,f03d14ce483280aff6662dc808c840a14a4cd035fedd4fe87786649f326f001c,SHARED_REFERENCE
NG-SPT-000376,376,33.04,-2.047467,EPSG:4326,NG-SOV-PART-000001,NG-MGRID-03-02,true,,,602,PLAIN,ENVIRONMENTAL_REFERENCE_SAMPLE_POINT,dataset:novegeo:terrain:elevation,1,data/novegeo/geography/terrain/qualified/novegeo_terrain_v001.json,f03d14ce483280aff6662dc808c840a14a4cd035fedd4fe87786649f326f001c,SHARED_REFERENCE
NG-SPT-000377,377,33.46,-2.047467,EPSG:4326,NG-SOV-PART-000001,NG-MGRID-03-02,true,NG-CLIM-OBS-000095,vegetation:novegeo:cell:000095,721,PLAIN,ENVIRONMENTAL_REFERENCE_SAMPLE_POINT,dataset:novegeo:terrain:elevation,1,data/novegeo/geography/terrain/qualified/novegeo_terrain_v001.json,f03d14ce483280aff6662dc808c840a14a4cd035fedd4fe87786649f326f001c,SHARED_REFERENCE
NG-SPT-000378,378,33.88,-2.047467,EPSG:4326,NG-SOV-PART-000001,NG-MGRID-03-02,true,,,861,PLAIN,ENVIRONMENTAL_REFERENCE_SAMPLE_POINT,dataset:novegeo:terrain:elevation,1,data/novegeo/geography/terrain/qualified/novegeo_terrain_v001.json,f03d14ce483280aff6662dc808c840a14a4cd035fedd4fe87786649f326f001c,SHARED_REFERENCE
NG-SPT-000379,379,34.3,-2.047467,EPSG:4326,NG-SOV-PART-000001,NG-MGRID-03-02,true,,,1006,PLAIN,ENVIRONMENTAL_REFERENCE_SAMPLE_POINT,dataset:novegeo:terrain:elevation,1,data/novegeo/geography/terrain/qualified/novegeo_terrain_v001.json,f03d14ce483280aff6662dc808c840a14a4cd035fedd4fe87786649f326f001c,SHARED_REFERENCE
NG-SPT-000380,380,34.72,-2.047467,EPSG:4326,NG-SOV-PART-000001,NG-MGRID-03-02,true,,,1140,PLATEAU,ENVIRONMENTAL_REFERENCE_SAMPLE_POINT,dataset:novegeo:terrain:elevation,1,data/novegeo/geography/terrain/qualified/novegeo_terrain_v001.json,f03d14ce483280aff6662dc808c840a14a4cd035fedd4fe87786649f326f001c,SHARED_REFERENCE
NG-SPT-000381,381,35.14,-2.047467,EPSG:4326,NG-SOV-PART-000001,NG-MGRID-03-03,true,NG-CLIM-OBS-000096,vegetation:novegeo:cell:000096,1245,PLATEAU,ENVIRONMENTAL_REFERENCE_SAMPLE_POINT,dataset:novegeo:terrain:elevation,1,data/novegeo/geography/terrain/qualified/novegeo_terrain_v001.json,f03d14ce483280aff6662dc808c840a14a4cd035fedd4fe87786649f326f001c,SHARED_REFERENCE
NG-SPT-000382,382,35.56,-2.047467,EPSG:4326,NG-SOV-PART-000001,NG-MGRID-03-03,true,,,1314,PLATEAU,ENVIRONMENTAL_REFERENCE_SAMPLE_POINT,dataset:novegeo:terrain:elevation,1,data/novegeo/geography/terrain/qualified/novegeo_terrain_v001.json,f03d14ce483280aff6662dc808c840a14a4cd035fedd4fe87786649f326f001c,SHARED_REFERENCE
NG-SPT-000383,383,35.98,-2.047467,EPSG:4326,NG-SOV-PART-000001,NG-MGRID-03-03,true,,,1352,PLATEAU,ENVIRONMENTAL_REFERENCE_SAMPLE_POINT,dataset:novegeo:terrain:elevation,1,data/novegeo/geography/terrain/qualified/novegeo_terrain_v001.json,f03d14ce483280aff6662dc808c840a14a4cd035fedd4fe87786649f326f001c,SHARED_REFERENCE
NG-SPT-000384,384,36.4,-2.047467,EPSG:4326,NG-SOV-PART-000001,NG-MGRID-03-03,true,,,1379,PLATEAU,ENVIRONMENTAL_REFERENCE_SAMPLE_POINT,dataset:novegeo:terrain:elevation,1,data/novegeo/geography/terrain/qualified/novegeo_terrain_v001.json,f03d14ce483280aff6662dc808c840a14a4cd035fedd4fe87786649f326f001c,SHARED_REFERENCE
NG-SPT-000385,385,36.82,-2.047467,EPSG:4326,NG-SOV-PART-000001,NG-MGRID-03-03,true,NG-CLIM-OBS-000097,vegetation:novegeo:cell:000097,1417,PLATEAU,ENVIRONMENTAL_REFERENCE_SAMPLE_POINT,dataset:novegeo:terrain:elevation,1,data/novegeo/geography/terrain/qualified/novegeo_terrain_v001.json,f03d14ce483280aff6662dc808c840a14a4cd035fedd4fe87786649f326f001c,SHARED_REFERENCE
NG-SPT-000386,386,37.24,-2.047467,EPSG:4326,NG-SOV-PART-000001,NG-MGRID-03-03,true,,,1482,PLATEAU,ENVIRONMENTAL_REFERENCE_SAMPLE_POINT,dataset:novegeo:terrain:elevation,1,data/novegeo/geography/terrain/qualified/novegeo_terrain_v001.json,f03d14ce483280aff6662dc808c840a14a4cd035fedd4fe87786649f326f001c,SHARED_REFERENCE
NG-SPT-000387,387,37.66,-2.047467,EPSG:4326,NG-SOV-PART-000001,NG-MGRID-03-03,true,,,1569,PLATEAU,ENVIRONMENTAL_REFERENCE_SAMPLE_POINT,dataset:novegeo:terrain:elevation,1,data/novegeo/geography/terrain/qualified/novegeo_terrain_v001.json,f03d14ce483280aff6662dc808c840a14a4cd035fedd4fe87786649f326f001c,SHARED_REFERENCE
NG-SPT-000388,388,38.08,-2.047467,EPSG:4326,NG-SOV-PART-000001,NG-MGRID-03-03,true,,,1659,PLATEAU,ENVIRONMENTAL_REFERENCE_SAMPLE_POINT,dataset:novegeo:terrain:elevation,1,data/novegeo/geography/terrain/qualified/novegeo_terrain_v001.json,f03d14ce483280aff6662dc808c840a14a4cd035fedd4fe87786649f326f001c,SHARED_REFERENCE
NG-SPT-000389,389,38.5,-2.047467,EPSG:4326,NG-SOV-PART-000001,NG-MGRID-03-03,true,NG-CLIM-OBS-000098,vegetation:novegeo:cell:000098,1721,PLATEAU,ENVIRONMENTAL_REFERENCE_SAMPLE_POINT,dataset:novegeo:terrain:elevation,1,data/novegeo/geography/terrain/qualified/novegeo_terrain_v001.json,f03d14ce483280aff6662dc808c840a14a4cd035fedd4fe87786649f326f001c,SHARED_REFERENCE
NG-SPT-000390,390,38.92,-2.047467,EPSG:4326,NG-SOV-PART-000001,NG-MGRID-03-03,true,,,1731,PLATEAU,ENVIRONMENTAL_REFERENCE_SAMPLE_POINT,dataset:novegeo:terrain:elevation,1,data/novegeo/geography/terrain/qualified/novegeo_terrain_v001.json,f03d14ce483280aff6662dc808c840a14a4cd035fedd4fe87786649f326f001c,SHARED_REFERENCE
NG-SPT-000391,391,39.34,-2.047467,EPSG:4326,NG-SOV-PART-000001,NG-MGRID-03-03,true,,,1682,PLATEAU,ENVIRONMENTAL_REFERENCE_SAMPLE_POINT,dataset:novegeo:terrain:elevation,1,data/novegeo/geography/terrain/qualified/novegeo_terrain_v001.json,f03d14ce483280aff6662dc808c840a14a4cd035fedd4fe87786649f326f001c,SHARED_REFERENCE
NG-SPT-000392,392,39.76,-2.047467,EPSG:4326,NG-SOV-PART-000001,NG-MGRID-03-03,true,,,1580,PLATEAU,ENVIRONMENTAL_REFERENCE_SAMPLE_POINT,dataset:novegeo:terrain:elevation,1,data/novegeo/geography/terrain/qualified/novegeo_terrain_v001.json,f03d14ce483280aff6662dc808c840a14a4cd035fedd4fe87786649f326f001c,SHARED_REFERENCE
NG-SPT-000393,393,40.18,-2.047467,EPSG:4326,NG-SOV-PART-000001,NG-MGRID-03-04,true,NG-CLIM-OBS-000099,vegetation:novegeo:cell:000099,1443,PLATEAU,ENVIRONMENTAL_REFERENCE_SAMPLE_POINT,dataset:novegeo:terrain:elevation,1,data/novegeo/geography/terrain/qualified/novegeo_terrain_v001.json,f03d14ce483280aff6662dc808c840a14a4cd035fedd4fe87786649f326f001c,SHARED_REFERENCE
NG-SPT-000394,394,40.6,-2.047467,EPSG:4326,NG-SOV-PART-000001,NG-MGRID-03-04,true,,,1288,PLATEAU,ENVIRONMENTAL_REFERENCE_SAMPLE_POINT,dataset:novegeo:terrain:elevation,1,data/novegeo/geography/terrain/qualified/novegeo_terrain_v001.json,f03d14ce483280aff6662dc808c840a14a4cd035fedd4fe87786649f326f001c,SHARED_REFERENCE
NG-SPT-000395,395,41.02,-2.047467,EPSG:4326,NG-SOV-PART-000001,NG-MGRID-03-04,true,,,1133,PLATEAU,ENVIRONMENTAL_REFERENCE_SAMPLE_POINT,dataset:novegeo:terrain:elevation,1,data/novegeo/geography/terrain/qualified/novegeo_terrain_v001.json,f03d14ce483280aff6662dc808c840a14a4cd035fedd4fe87786649f326f001c,SHARED_REFERENCE
NG-SPT-000396,396,41.44,-2.047467,EPSG:4326,NG-SOV-PART-000001,NG-MGRID-03-04,true,,,986,PLAIN,ENVIRONMENTAL_REFERENCE_SAMPLE_POINT,dataset:novegeo:terrain:elevation,1,data/novegeo/geography/terrain/qualified/novegeo_terrain_v001.json,f03d14ce483280aff6662dc808c840a14a4cd035fedd4fe87786649f326f001c,SHARED_REFERENCE
NG-SPT-000397,397,41.86,-2.047467,EPSG:4326,NG-SOV-PART-000001,NG-MGRID-03-04,true,NG-CLIM-OBS-000100,vegetation:novegeo:cell:000100,853,PLAIN,ENVIRONMENTAL_REFERENCE_SAMPLE_POINT,dataset:novegeo:terrain:elevation,1,data/novegeo/geography/terrain/qualified/novegeo_terrain_v001.json,f03d14ce483280aff6662dc808c840a14a4cd035fedd4fe87786649f326f001c,SHARED_REFERENCE
NG-SPT-000398,398,42.28,-2.047467,EPSG:4326,NG-SOV-PART-000001,NG-MGRID-03-04,true,,,735,PLAIN,ENVIRONMENTAL_REFERENCE_SAMPLE_POINT,dataset:novegeo:terrain:elevation,1,data/novegeo/geography/terrain/qualified/novegeo_terrain_v001.json,f03d14ce483280aff6662dc808c840a14a4cd035fedd4fe87786649f326f001c,SHARED_REFERENCE
NG-SPT-000399,399,42.7,-2.047467,EPSG:4326,NG-SOV-PART-000001,NG-MGRID-03-04,true,,,632,PLAIN,ENVIRONMENTAL_REFERENCE_SAMPLE_POINT,dataset:novegeo:terrain:elevation,1,data/novegeo/geography/terrain/qualified/novegeo_terrain_v001.json,f03d14ce483280aff6662dc808c840a14a4cd035fedd4fe87786649f326f001c,SHARED_REFERENCE
NG-SPT-000400,400,43.12,-2.047467,EPSG:4326,NG-SOV-PART-000001,NG-MGRID-03-04,true,,,522,PLAIN,ENVIRONMENTAL_REFERENCE_SAMPLE_POINT,dataset:novegeo:terrain:elevation,1,data/novegeo/geography/terrain/qualified/novegeo_terrain_v001.json,f03d14ce483280aff6662dc808c840a14a4cd035fedd4fe87786649f326f001c,SHARED_REFERENCE
NG-SPT-000401,401,43.54,-2.047467,EPSG:4326,NG-SOV-PART-000001,NG-MGRID-03-04,true,NG-CLIM-OBS-000101,vegetation:novegeo:cell:000101,421,PLAIN,ENVIRONMENTAL_REFERENCE_SAMPLE_POINT,dataset:novegeo:terrain:elevation,1,data/novegeo/geography/terrain/qualified/novegeo_terrain_v001.json,f03d14ce483280aff6662dc808c840a14a4cd035fedd4fe87786649f326f001c,SHARED_REFERENCE
NG-SPT-000402,402,29.26,-1.627467,EPSG:4326,NG-SOV-PART-000001,NG-MGRID-03-01,true,,,214,PLAIN,ENVIRONMENTAL_REFERENCE_SAMPLE_POINT,dataset:novegeo:terrain:elevation,1,data/novegeo/geography/terrain/qualified/novegeo_terrain_v001.json,f03d14ce483280aff6662dc808c840a14a4cd035fedd4fe87786649f326f001c,SHARED_REFERENCE
NG-SPT-000403,403,29.68,-1.627467,EPSG:4326,NG-SOV-PART-000001,NG-MGRID-03-01,true,,,266,PLAIN,ENVIRONMENTAL_REFERENCE_SAMPLE_POINT,dataset:novegeo:terrain:elevation,1,data/novegeo/geography/terrain/qualified/novegeo_terrain_v001.json,f03d14ce483280aff6662dc808c840a14a4cd035fedd4fe87786649f326f001c,SHARED_REFERENCE
NG-SPT-000404,404,30.1,-1.627467,EPSG:4326,NG-SOV-PART-000001,NG-MGRID-03-02,true,,,317,PLAIN,ENVIRONMENTAL_REFERENCE_SAMPLE_POINT,dataset:novegeo:terrain:elevation,1,data/novegeo/geography/terrain/qualified/novegeo_terrain_v001.json,f03d14ce483280aff6662dc808c840a14a4cd035fedd4fe87786649f326f001c,SHARED_REFERENCE
NG-SPT-000405,405,30.52,-1.627467,EPSG:4326,NG-SOV-PART-000001,NG-MGRID-03-02,true,NG-CLIM-OBS-000102,vegetation:novegeo:cell:000102,366,PLAIN,ENVIRONMENTAL_REFERENCE_SAMPLE_POINT,dataset:novegeo:terrain:elevation,1,data/novegeo/geography/terrain/qualified/novegeo_terrain_v001.json,f03d14ce483280aff6662dc808c840a14a4cd035fedd4fe87786649f326f001c,SHARED_REFERENCE
NG-SPT-000406,406,30.94,-1.627467,EPSG:4326,NG-SOV-PART-000001,NG-MGRID-03-02,true,,,417,PLAIN,ENVIRONMENTAL_REFERENCE_SAMPLE_POINT,dataset:novegeo:terrain:elevation,1,data/novegeo/geography/terrain/qualified/novegeo_terrain_v001.json,f03d14ce483280aff6662dc808c840a14a4cd035fedd4fe87786649f326f001c,SHARED_REFERENCE
NG-SPT-000407,407,31.36,-1.627467,EPSG:4326,NG-SOV-PART-000001,NG-MGRID-03-02,true,,,459,PLAIN,ENVIRONMENTAL_REFERENCE_SAMPLE_POINT,dataset:novegeo:terrain:elevation,1,data/novegeo/geography/terrain/qualified/novegeo_terrain_v001.json,f03d14ce483280aff6662dc808c840a14a4cd035fedd4fe87786649f326f001c,SHARED_REFERENCE
NG-SPT-000408,408,31.78,-1.627467,EPSG:4326,NG-SOV-PART-000001,NG-MGRID-03-02,true,,,503,PLAIN,ENVIRONMENTAL_REFERENCE_SAMPLE_POINT,dataset:novegeo:terrain:elevation,1,data/novegeo/geography/terrain/qualified/novegeo_terrain_v001.json,f03d14ce483280aff6662dc808c840a14a4cd035fedd4fe87786649f326f001c,SHARED_REFERENCE
NG-SPT-000409,409,32.2,-1.627467,EPSG:4326,NG-SOV-PART-000001,NG-MGRID-03-02,true,NG-CLIM-OBS-000103,vegetation:novegeo:cell:000103,566,PLAIN,ENVIRONMENTAL_REFERENCE_SAMPLE_POINT,dataset:novegeo:terrain:elevation,1,data/novegeo/geography/terrain/qualified/novegeo_terrain_v001.json,f03d14ce483280aff6662dc808c840a14a4cd035fedd4fe87786649f326f001c,SHARED_REFERENCE
NG-SPT-000410,410,32.62,-1.627467,EPSG:4326,NG-SOV-PART-000001,NG-MGRID-03-02,true,,,651,PLAIN,ENVIRONMENTAL_REFERENCE_SAMPLE_POINT,dataset:novegeo:terrain:elevation,1,data/novegeo/geography/terrain/qualified/novegeo_terrain_v001.json,f03d14ce483280aff6662dc808c840a14a4cd035fedd4fe87786649f326f001c,SHARED_REFERENCE
NG-SPT-000411,411,33.04,-1.627467,EPSG:4326,NG-SOV-PART-000001,NG-MGRID-03-02,true,,,761,PLAIN,ENVIRONMENTAL_REFERENCE_SAMPLE_POINT,dataset:novegeo:terrain:elevation,1,data/novegeo/geography/terrain/qualified/novegeo_terrain_v001.json,f03d14ce483280aff6662dc808c840a14a4cd035fedd4fe87786649f326f001c,SHARED_REFERENCE
NG-SPT-000412,412,33.46,-1.627467,EPSG:4326,NG-SOV-PART-000001,NG-MGRID-03-02,true,,,891,PLAIN,ENVIRONMENTAL_REFERENCE_SAMPLE_POINT,dataset:novegeo:terrain:elevation,1,data/novegeo/geography/terrain/qualified/novegeo_terrain_v001.json,f03d14ce483280aff6662dc808c840a14a4cd035fedd4fe87786649f326f001c,SHARED_REFERENCE
NG-SPT-000413,413,33.88,-1.627467,EPSG:4326,NG-SOV-PART-000001,NG-MGRID-03-02,true,NG-CLIM-OBS-000104,vegetation:novegeo:cell:000104,1032,PLAIN,ENVIRONMENTAL_REFERENCE_SAMPLE_POINT,dataset:novegeo:terrain:elevation,1,data/novegeo/geography/terrain/qualified/novegeo_terrain_v001.json,f03d14ce483280aff6662dc808c840a14a4cd035fedd4fe87786649f326f001c,SHARED_REFERENCE
NG-SPT-000414,414,34.3,-1.627467,EPSG:4326,NG-SOV-PART-000001,NG-MGRID-03-02,true,,,1166,PLATEAU,ENVIRONMENTAL_REFERENCE_SAMPLE_POINT,dataset:novegeo:terrain:elevation,1,data/novegeo/geography/terrain/qualified/novegeo_terrain_v001.json,f03d14ce483280aff6662dc808c840a14a4cd035fedd4fe87786649f326f001c,SHARED_REFERENCE
NG-SPT-000415,415,34.72,-1.627467,EPSG:4326,NG-SOV-PART-000001,NG-MGRID-03-02,true,,,1277,PLATEAU,ENVIRONMENTAL_REFERENCE_SAMPLE_POINT,dataset:novegeo:terrain:elevation,1,data/novegeo/geography/terrain/qualified/novegeo_terrain_v001.json,f03d14ce483280aff6662dc808c840a14a4cd035fedd4fe87786649f326f001c,SHARED_REFERENCE
NG-SPT-000416,416,35.14,-1.627467,EPSG:4326,NG-SOV-PART-000001,NG-MGRID-03-03,true,,,1348,PLATEAU,ENVIRONMENTAL_REFERENCE_SAMPLE_POINT,dataset:novegeo:terrain:elevation,1,data/novegeo/geography/terrain/qualified/novegeo_terrain_v001.json,f03d14ce483280aff6662dc808c840a14a4cd035fedd4fe87786649f326f001c,SHARED_REFERENCE
NG-SPT-000417,417,35.56,-1.627467,EPSG:4326,NG-SOV-PART-000001,NG-MGRID-03-03,true,NG-CLIM-OBS-000105,vegetation:novegeo:cell:000105,1374,PLATEAU,ENVIRONMENTAL_REFERENCE_SAMPLE_POINT,dataset:novegeo:terrain:elevation,1,data/novegeo/geography/terrain/qualified/novegeo_terrain_v001.json,f03d14ce483280aff6662dc808c840a14a4cd035fedd4fe87786649f326f001c,SHARED_REFERENCE
NG-SPT-000418,418,35.98,-1.627467,EPSG:4326,NG-SOV-PART-000001,NG-MGRID-03-03,true,,,1366,PLATEAU,ENVIRONMENTAL_REFERENCE_SAMPLE_POINT,dataset:novegeo:terrain:elevation,1,data/novegeo/geography/terrain/qualified/novegeo_terrain_v001.json,f03d14ce483280aff6662dc808c840a14a4cd035fedd4fe87786649f326f001c,SHARED_REFERENCE
NG-SPT-000419,419,36.4,-1.627467,EPSG:4326,NG-SOV-PART-000001,NG-MGRID-03-03,true,,,1347,PLATEAU,ENVIRONMENTAL_REFERENCE_SAMPLE_POINT,dataset:novegeo:terrain:elevation,1,data/novegeo/geography/terrain/qualified/novegeo_terrain_v001.json,f03d14ce483280aff6662dc808c840a14a4cd035fedd4fe87786649f326f001c,SHARED_REFERENCE
NG-SPT-000420,420,36.82,-1.627467,EPSG:4326,NG-SOV-PART-000001,NG-MGRID-03-03,true,,,1347,PLATEAU,ENVIRONMENTAL_REFERENCE_SAMPLE_POINT,dataset:novegeo:terrain:elevation,1,data/novegeo/geography/terrain/qualified/novegeo_terrain_v001.json,f03d14ce483280aff6662dc808c840a14a4cd035fedd4fe87786649f326f001c,SHARED_REFERENCE
NG-SPT-000421,421,37.24,-1.627467,EPSG:4326,NG-SOV-PART-000001,NG-MGRID-03-03,true,NG-CLIM-OBS-000106,vegetation:novegeo:cell:000106,1385,PLATEAU,ENVIRONMENTAL_REFERENCE_SAMPLE_POINT,dataset:novegeo:terrain:elevation,1,data/novegeo/geography/terrain/qualified/novegeo_terrain_v001.json,f03d14ce483280aff6662dc808c840a14a4cd035fedd4fe87786649f326f001c,SHARED_REFERENCE
NG-SPT-000422,422,37.66,-1.627467,EPSG:4326,NG-SOV-PART-000001,NG-MGRID-03-03,true,,,1461,PLATEAU,ENVIRONMENTAL_REFERENCE_SAMPLE_POINT,dataset:novegeo:terrain:elevation,1,data/novegeo/geography/terrain/qualified/novegeo_terrain_v001.json,f03d14ce483280aff6662dc808c840a14a4cd035fedd4fe87786649f326f001c,SHARED_REFERENCE
NG-SPT-000423,423,38.08,-1.627467,EPSG:4326,NG-SOV-PART-000001,NG-MGRID-03-03,true,,,1552,PLATEAU,ENVIRONMENTAL_REFERENCE_SAMPLE_POINT,dataset:novegeo:terrain:elevation,1,data/novegeo/geography/terrain/qualified/novegeo_terrain_v001.json,f03d14ce483280aff6662dc808c840a14a4cd035fedd4fe87786649f326f001c,SHARED_REFERENCE
NG-SPT-000424,424,38.5,-1.627467,EPSG:4326,NG-SOV-PART-000001,NG-MGRID-03-03,true,,,1626,PLATEAU,ENVIRONMENTAL_REFERENCE_SAMPLE_POINT,dataset:novegeo:terrain:elevation,1,data/novegeo/geography/terrain/qualified/novegeo_terrain_v001.json,f03d14ce483280aff6662dc808c840a14a4cd035fedd4fe87786649f326f001c,SHARED_REFERENCE
NG-SPT-000425,425,38.92,-1.627467,EPSG:4326,NG-SOV-PART-000001,NG-MGRID-03-03,true,NG-CLIM-OBS-000107,vegetation:novegeo:cell:000107,1656,PLATEAU,ENVIRONMENTAL_REFERENCE_SAMPLE_POINT,dataset:novegeo:terrain:elevation,1,data/novegeo/geography/terrain/qualified/novegeo_terrain_v001.json,f03d14ce483280aff6662dc808c840a14a4cd035fedd4fe87786649f326f001c,SHARED_REFERENCE
NG-SPT-000426,426,39.34,-1.627467,EPSG:4326,NG-SOV-PART-000001,NG-MGRID-03-03,true,,,1629,PLATEAU,ENVIRONMENTAL_REFERENCE_SAMPLE_POINT,dataset:novegeo:terrain:elevation,1,data/novegeo/geography/terrain/qualified/novegeo_terrain_v001.json,f03d14ce483280aff6662dc808c840a14a4cd035fedd4fe87786649f326f001c,SHARED_REFERENCE
NG-SPT-000427,427,39.76,-1.627467,EPSG:4326,NG-SOV-PART-000001,NG-MGRID-03-03,true,,,1549,PLATEAU,ENVIRONMENTAL_REFERENCE_SAMPLE_POINT,dataset:novegeo:terrain:elevation,1,data/novegeo/geography/terrain/qualified/novegeo_terrain_v001.json,f03d14ce483280aff6662dc808c840a14a4cd035fedd4fe87786649f326f001c,SHARED_REFERENCE
NG-SPT-000428,428,40.18,-1.627467,EPSG:4326,NG-SOV-PART-000001,NG-MGRID-03-04,true,,,1431,PLATEAU,ENVIRONMENTAL_REFERENCE_SAMPLE_POINT,dataset:novegeo:terrain:elevation,1,data/novegeo/geography/terrain/qualified/novegeo_terrain_v001.json,f03d14ce483280aff6662dc808c840a14a4cd035fedd4fe87786649f326f001c,SHARED_REFERENCE
NG-SPT-000429,429,40.6,-1.627467,EPSG:4326,NG-SOV-PART-000001,NG-MGRID-03-04,true,NG-CLIM-OBS-000108,vegetation:novegeo:cell:000108,1293,PLATEAU,ENVIRONMENTAL_REFERENCE_SAMPLE_POINT,dataset:novegeo:terrain:elevation,1,data/novegeo/geography/terrain/qualified/novegeo_terrain_v001.json,f03d14ce483280aff6662dc808c840a14a4cd035fedd4fe87786649f326f001c,SHARED_REFERENCE
NG-SPT-000430,430,41.02,-1.627467,EPSG:4326,NG-SOV-PART-000001,NG-MGRID-03-04,true,,,1148,PLATEAU,ENVIRONMENTAL_REFERENCE_SAMPLE_POINT,dataset:novegeo:terrain:elevation,1,data/novegeo/geography/terrain/qualified/novegeo_terrain_v001.json,f03d14ce483280aff6662dc808c840a14a4cd035fedd4fe87786649f326f001c,SHARED_REFERENCE
NG-SPT-000431,431,41.44,-1.627467,EPSG:4326,NG-SOV-PART-000001,NG-MGRID-03-04,true,,,1008,PLAIN,ENVIRONMENTAL_REFERENCE_SAMPLE_POINT,dataset:novegeo:terrain:elevation,1,data/novegeo/geography/terrain/qualified/novegeo_terrain_v001.json,f03d14ce483280aff6662dc808c840a14a4cd035fedd4fe87786649f326f001c,SHARED_REFERENCE
NG-SPT-000432,432,41.86,-1.627467,EPSG:4326,NG-SOV-PART-000001,NG-MGRID-03-04,true,,,878,PLAIN,ENVIRONMENTAL_REFERENCE_SAMPLE_POINT,dataset:novegeo:terrain:elevation,1,data/novegeo/geography/terrain/qualified/novegeo_terrain_v001.json,f03d14ce483280aff6662dc808c840a14a4cd035fedd4fe87786649f326f001c,SHARED_REFERENCE
NG-SPT-000433,433,42.28,-1.627467,EPSG:4326,NG-SOV-PART-000001,NG-MGRID-03-04,true,NG-CLIM-OBS-000109,vegetation:novegeo:cell:000109,761,PLAIN,ENVIRONMENTAL_REFERENCE_SAMPLE_POINT,dataset:novegeo:terrain:elevation,1,data/novegeo/geography/terrain/qualified/novegeo_terrain_v001.json,f03d14ce483280aff6662dc808c840a14a4cd035fedd4fe87786649f326f001c,SHARED_REFERENCE
NG-SPT-000434,434,42.7,-1.627467,EPSG:4326,NG-SOV-PART-000001,NG-MGRID-03-04,true,,,656,PLAIN,ENVIRONMENTAL_REFERENCE_SAMPLE_POINT,dataset:novegeo:terrain:elevation,1,data/novegeo/geography/terrain/qualified/novegeo_terrain_v001.json,f03d14ce483280aff6662dc808c840a14a4cd035fedd4fe87786649f326f001c,SHARED_REFERENCE
NG-SPT-000435,435,43.12,-1.627467,EPSG:4326,NG-SOV-PART-000001,NG-MGRID-03-04,true,,,544,PLAIN,ENVIRONMENTAL_REFERENCE_SAMPLE_POINT,dataset:novegeo:terrain:elevation,1,data/novegeo/geography/terrain/qualified/novegeo_terrain_v001.json,f03d14ce483280aff6662dc808c840a14a4cd035fedd4fe87786649f326f001c,SHARED_REFERENCE
NG-SPT-000436,436,44.38,-1.627467,EPSG:4326,NG-SOV-PART-000004,NG-MGRID-03-04,true,,,262,PLAIN,ENVIRONMENTAL_REFERENCE_SAMPLE_POINT,dataset:novegeo:terrain:elevation,1,data/novegeo/geography/terrain/qualified/novegeo_terrain_v001.json,f03d14ce483280aff6662dc808c840a14a4cd035fedd4fe87786649f326f001c,SHARED_REFERENCE
NG-SPT-000437,437,29.26,-1.207467,EPSG:4326,NG-SOV-PART-000001,NG-MGRID-03-01,true,NG-CLIM-OBS-000110,vegetation:novegeo:cell:000110,217,PLAIN,ENVIRONMENTAL_REFERENCE_SAMPLE_POINT,dataset:novegeo:terrain:elevation,1,data/novegeo/geography/terrain/qualified/novegeo_terrain_v001.json,f03d14ce483280aff6662dc808c840a14a4cd035fedd4fe87786649f326f001c,SHARED_REFERENCE
NG-SPT-000438,438,29.68,-1.207467,EPSG:4326,NG-SOV-PART-000001,NG-MGRID-03-01,true,,,273,PLAIN,ENVIRONMENTAL_REFERENCE_SAMPLE_POINT,dataset:novegeo:terrain:elevation,1,data/novegeo/geography/terrain/qualified/novegeo_terrain_v001.json,f03d14ce483280aff6662dc808c840a14a4cd035fedd4fe87786649f326f001c,SHARED_REFERENCE
NG-SPT-000439,439,30.1,-1.207467,EPSG:4326,NG-SOV-PART-000001,NG-MGRID-03-02,true,,,333,PLAIN,ENVIRONMENTAL_REFERENCE_SAMPLE_POINT,dataset:novegeo:terrain:elevation,1,data/novegeo/geography/terrain/qualified/novegeo_terrain_v001.json,f03d14ce483280aff6662dc808c840a14a4cd035fedd4fe87786649f326f001c,SHARED_REFERENCE
NG-SPT-000440,440,30.52,-1.207467,EPSG:4326,NG-SOV-PART-000001,NG-MGRID-03-02,true,,,396,PLAIN,ENVIRONMENTAL_REFERENCE_SAMPLE_POINT,dataset:novegeo:terrain:elevation,1,data/novegeo/geography/terrain/qualified/novegeo_terrain_v001.json,f03d14ce483280aff6662dc808c840a14a4cd035fedd4fe87786649f326f001c,SHARED_REFERENCE
NG-SPT-000441,441,30.94,-1.207467,EPSG:4326,NG-SOV-PART-000001,NG-MGRID-03-02,true,NG-CLIM-OBS-000111,vegetation:novegeo:cell:000111,467,PLAIN,ENVIRONMENTAL_REFERENCE_SAMPLE_POINT,dataset:novegeo:terrain:elevation,1,data/novegeo/geography/terrain/qualified/novegeo_terrain_v001.json,f03d14ce483280aff6662dc808c840a14a4cd035fedd4fe87786649f326f001c,SHARED_REFERENCE
NG-SPT-000442,442,31.36,-1.207467,EPSG:4326,NG-SOV-PART-000001,NG-MGRID-03-02,true,,,534,PLAIN,ENVIRONMENTAL_REFERENCE_SAMPLE_POINT,dataset:novegeo:terrain:elevation,1,data/novegeo/geography/terrain/qualified/novegeo_terrain_v001.json,f03d14ce483280aff6662dc808c840a14a4cd035fedd4fe87786649f326f001c,SHARED_REFERENCE
NG-SPT-000443,443,31.78,-1.207467,EPSG:4326,NG-SOV-PART-000001,NG-MGRID-03-02,true,,,609,PLAIN,ENVIRONMENTAL_REFERENCE_SAMPLE_POINT,dataset:novegeo:terrain:elevation,1,data/novegeo/geography/terrain/qualified/novegeo_terrain_v001.json,f03d14ce483280aff6662dc808c840a14a4cd035fedd4fe87786649f326f001c,SHARED_REFERENCE
NG-SPT-000444,444,32.2,-1.207467,EPSG:4326,NG-SOV-PART-000001,NG-MGRID-03-02,true,,,702,PLAIN,ENVIRONMENTAL_REFERENCE_SAMPLE_POINT,dataset:novegeo:terrain:elevation,1,data/novegeo/geography/terrain/qualified/novegeo_terrain_v001.json,f03d14ce483280aff6662dc808c840a14a4cd035fedd4fe87786649f326f001c,SHARED_REFERENCE
NG-SPT-000445,445,32.62,-1.207467,EPSG:4326,NG-SOV-PART-000001,NG-MGRID-03-02,true,NG-CLIM-OBS-000112,vegetation:novegeo:cell:000112,816,PLAIN,ENVIRONMENTAL_REFERENCE_SAMPLE_POINT,dataset:novegeo:terrain:elevation,1,data/novegeo/geography/terrain/qualified/novegeo_terrain_v001.json,f03d14ce483280aff6662dc808c840a14a4cd035fedd4fe87786649f326f001c,SHARED_REFERENCE
NG-SPT-000446,446,33.04,-1.207467,EPSG:4326,NG-SOV-PART-000001,NG-MGRID-03-02,true,,,949,PLAIN,ENVIRONMENTAL_REFERENCE_SAMPLE_POINT,dataset:novegeo:terrain:elevation,1,data/novegeo/geography/terrain/qualified/novegeo_terrain_v001.json,f03d14ce483280aff6662dc808c840a14a4cd035fedd4fe87786649f326f001c,SHARED_REFERENCE
NG-SPT-000447,447,33.46,-1.207467,EPSG:4326,NG-SOV-PART-000001,NG-MGRID-03-02,true,,,1093,PLATEAU,ENVIRONMENTAL_REFERENCE_SAMPLE_POINT,dataset:novegeo:terrain:elevation,1,data/novegeo/geography/terrain/qualified/novegeo_terrain_v001.json,f03d14ce483280aff6662dc808c840a14a4cd035fedd4fe87786649f326f001c,SHARED_REFERENCE
NG-SPT-000448,448,33.88,-1.207467,EPSG:4326,NG-SOV-PART-000001,NG-MGRID-03-02,true,,,1237,PLATEAU,ENVIRONMENTAL_REFERENCE_SAMPLE_POINT,dataset:novegeo:terrain:elevation,1,data/novegeo/geography/terrain/qualified/novegeo_terrain_v001.json,f03d14ce483280aff6662dc808c840a14a4cd035fedd4fe87786649f326f001c,SHARED_REFERENCE
NG-SPT-000449,449,34.3,-1.207467,EPSG:4326,NG-SOV-PART-000001,NG-MGRID-03-02,true,NG-CLIM-OBS-000113,vegetation:novegeo:cell:000113,1362,PLATEAU,ENVIRONMENTAL_REFERENCE_SAMPLE_POINT,dataset:novegeo:terrain:elevation,1,data/novegeo/geography/terrain/qualified/novegeo_terrain_v001.json,f03d14ce483280aff6662dc808c840a14a4cd035fedd4fe87786649f326f001c,SHARED_REFERENCE
NG-SPT-000450,450,34.72,-1.207467,EPSG:4326,NG-SOV-PART-000001,NG-MGRID-03-02,true,,,1450,PLATEAU,ENVIRONMENTAL_REFERENCE_SAMPLE_POINT,dataset:novegeo:terrain:elevation,1,data/novegeo/geography/terrain/qualified/novegeo_terrain_v001.json,f03d14ce483280aff6662dc808c840a14a4cd035fedd4fe87786649f326f001c,SHARED_REFERENCE
NG-SPT-000451,451,35.14,-1.207467,EPSG:4326,NG-SOV-PART-000001,NG-MGRID-03-03,true,,,1488,PLATEAU,ENVIRONMENTAL_REFERENCE_SAMPLE_POINT,dataset:novegeo:terrain:elevation,1,data/novegeo/geography/terrain/qualified/novegeo_terrain_v001.json,f03d14ce483280aff6662dc808c840a14a4cd035fedd4fe87786649f326f001c,SHARED_REFERENCE
NG-SPT-000452,452,35.56,-1.207467,EPSG:4326,NG-SOV-PART-000001,NG-MGRID-03-03,true,,,1471,PLATEAU,ENVIRONMENTAL_REFERENCE_SAMPLE_POINT,dataset:novegeo:terrain:elevation,1,data/novegeo/geography/terrain/qualified/novegeo_terrain_v001.json,f03d14ce483280aff6662dc808c840a14a4cd035fedd4fe87786649f326f001c,SHARED_REFERENCE
NG-SPT-000453,453,35.98,-1.207467,EPSG:4326,NG-SOV-PART-000001,NG-MGRID-03-03,true,NG-CLIM-OBS-000114,vegetation:novegeo:cell:000114,1416,PLATEAU,ENVIRONMENTAL_REFERENCE_SAMPLE_POINT,dataset:novegeo:terrain:elevation,1,data/novegeo/geography/terrain/qualified/novegeo_terrain_v001.json,f03d14ce483280aff6662dc808c840a14a4cd035fedd4fe87786649f326f001c,SHARED_REFERENCE
NG-SPT-000454,454,36.4,-1.207467,EPSG:4326,NG-SOV-PART-000001,NG-MGRID-03-03,true,,,1352,PLATEAU,ENVIRONMENTAL_REFERENCE_SAMPLE_POINT,dataset:novegeo:terrain:elevation,1,data/novegeo/geography/terrain/qualified/novegeo_terrain_v001.json,f03d14ce483280aff6662dc808c840a14a4cd035fedd4fe87786649f326f001c,SHARED_REFERENCE
NG-SPT-000455,455,36.82,-1.207467,EPSG:4326,NG-SOV-PART-000001,NG-MGRID-03-03,true,,,1312,PLATEAU,ENVIRONMENTAL_REFERENCE_SAMPLE_POINT,dataset:novegeo:terrain:elevation,1,data/novegeo/geography/terrain/qualified/novegeo_terrain_v001.json,f03d14ce483280aff6662dc808c840a14a4cd035fedd4fe87786649f326f001c,SHARED_REFERENCE
NG-SPT-000456,456,37.24,-1.207467,EPSG:4326,NG-SOV-PART-000001,NG-MGRID-03-03,true,,,1322,PLATEAU,ENVIRONMENTAL_REFERENCE_SAMPLE_POINT,dataset:novegeo:terrain:elevation,1,data/novegeo/geography/terrain/qualified/novegeo_terrain_v001.json,f03d14ce483280aff6662dc808c840a14a4cd035fedd4fe87786649f326f001c,SHARED_REFERENCE
NG-SPT-000457,457,37.66,-1.207467,EPSG:4326,NG-SOV-PART-000001,NG-MGRID-03-03,true,NG-CLIM-OBS-000115,vegetation:novegeo:cell:000115,1383,PLATEAU,ENVIRONMENTAL_REFERENCE_SAMPLE_POINT,dataset:novegeo:terrain:elevation,1,data/novegeo/geography/terrain/qualified/novegeo_terrain_v001.json,f03d14ce483280aff6662dc808c840a14a4cd035fedd4fe87786649f326f001c,SHARED_REFERENCE
NG-SPT-000458,458,38.08,-1.207467,EPSG:4326,NG-SOV-PART-000001,NG-MGRID-03-03,true,,,1472,PLATEAU,ENVIRONMENTAL_REFERENCE_SAMPLE_POINT,dataset:novegeo:terrain:elevation,1,data/novegeo/geography/terrain/qualified/novegeo_terrain_v001.json,f03d14ce483280aff6662dc808c840a14a4cd035fedd4fe87786649f326f001c,SHARED_REFERENCE
NG-SPT-000459,459,38.5,-1.207467,EPSG:4326,NG-SOV-PART-000001,NG-MGRID-03-03,true,,,1554,PLATEAU,ENVIRONMENTAL_REFERENCE_SAMPLE_POINT,dataset:novegeo:terrain:elevation,1,data/novegeo/geography/terrain/qualified/novegeo_terrain_v001.json,f03d14ce483280aff6662dc808c840a14a4cd035fedd4fe87786649f326f001c,SHARED_REFERENCE
NG-SPT-000460,460,38.92,-1.207467,EPSG:4326,NG-SOV-PART-000001,NG-MGRID-03-03,true,,,1600,PLATEAU,ENVIRONMENTAL_REFERENCE_SAMPLE_POINT,dataset:novegeo:terrain:elevation,1,data/novegeo/geography/terrain/qualified/novegeo_terrain_v001.json,f03d14ce483280aff6662dc808c840a14a4cd035fedd4fe87786649f326f001c,SHARED_REFERENCE
NG-SPT-000461,461,39.34,-1.207467,EPSG:4326,NG-SOV-PART-000001,NG-MGRID-03-03,true,NG-CLIM-OBS-000116,vegetation:novegeo:cell:000116,1592,PLATEAU,ENVIRONMENTAL_REFERENCE_SAMPLE_POINT,dataset:novegeo:terrain:elevation,1,data/novegeo/geography/terrain/qualified/novegeo_terrain_v001.json,f03d14ce483280aff6662dc808c840a14a4cd035fedd4fe87786649f326f001c,SHARED_REFERENCE
NG-SPT-000462,462,39.76,-1.207467,EPSG:4326,NG-SOV-PART-000001,NG-MGRID-03-03,true,,,1532,PLATEAU,ENVIRONMENTAL_REFERENCE_SAMPLE_POINT,dataset:novegeo:terrain:elevation,1,data/novegeo/geography/terrain/qualified/novegeo_terrain_v001.json,f03d14ce483280aff6662dc808c840a14a4cd035fedd4fe87786649f326f001c,SHARED_REFERENCE
NG-SPT-000463,463,40.18,-1.207467,EPSG:4326,NG-SOV-PART-000001,NG-MGRID-03-04,true,,,1432,PLATEAU,ENVIRONMENTAL_REFERENCE_SAMPLE_POINT,dataset:novegeo:terrain:elevation,1,data/novegeo/geography/terrain/qualified/novegeo_terrain_v001.json,f03d14ce483280aff6662dc808c840a14a4cd035fedd4fe87786649f326f001c,SHARED_REFERENCE
NG-SPT-000464,464,40.6,-1.207467,EPSG:4326,NG-SOV-PART-000001,NG-MGRID-03-04,true,,,1307,PLATEAU,ENVIRONMENTAL_REFERENCE_SAMPLE_POINT,dataset:novegeo:terrain:elevation,1,data/novegeo/geography/terrain/qualified/novegeo_terrain_v001.json,f03d14ce483280aff6662dc808c840a14a4cd035fedd4fe87786649f326f001c,SHARED_REFERENCE
NG-SPT-000465,465,41.02,-1.207467,EPSG:4326,NG-SOV-PART-000001,NG-MGRID-03-04,true,NG-CLIM-OBS-000117,vegetation:novegeo:cell:000117,1172,PLATEAU,ENVIRONMENTAL_REFERENCE_SAMPLE_POINT,dataset:novegeo:terrain:elevation,1,data/novegeo/geography/terrain/qualified/novegeo_terrain_v001.json,f03d14ce483280aff6662dc808c840a14a4cd035fedd4fe87786649f326f001c,SHARED_REFERENCE
NG-SPT-000466,466,41.44,-1.207467,EPSG:4326,NG-SOV-PART-000001,NG-MGRID-03-04,true,,,1037,PLAIN,ENVIRONMENTAL_REFERENCE_SAMPLE_POINT,dataset:novegeo:terrain:elevation,1,data/novegeo/geography/terrain/qualified/novegeo_terrain_v001.json,f03d14ce483280aff6662dc808c840a14a4cd035fedd4fe87786649f326f001c,SHARED_REFERENCE
NG-SPT-000467,467,41.86,-1.207467,EPSG:4326,NG-SOV-PART-000001,NG-MGRID-03-04,true,,,909,PLAIN,ENVIRONMENTAL_REFERENCE_SAMPLE_POINT,dataset:novegeo:terrain:elevation,1,data/novegeo/geography/terrain/qualified/novegeo_terrain_v001.json,f03d14ce483280aff6662dc808c840a14a4cd035fedd4fe87786649f326f001c,SHARED_REFERENCE
NG-SPT-000468,468,42.28,-1.207467,EPSG:4326,NG-SOV-PART-000001,NG-MGRID-03-04,true,,,790,PLAIN,ENVIRONMENTAL_REFERENCE_SAMPLE_POINT,dataset:novegeo:terrain:elevation,1,data/novegeo/geography/terrain/qualified/novegeo_terrain_v001.json,f03d14ce483280aff6662dc808c840a14a4cd035fedd4fe87786649f326f001c,SHARED_REFERENCE
NG-SPT-000469,469,42.7,-1.207467,EPSG:4326,NG-SOV-PART-000001,NG-MGRID-03-04,true,NG-CLIM-OBS-000118,vegetation:novegeo:cell:000118,683,PLAIN,ENVIRONMENTAL_REFERENCE_SAMPLE_POINT,dataset:novegeo:terrain:elevation,1,data/novegeo/geography/terrain/qualified/novegeo_terrain_v001.json,f03d14ce483280aff6662dc808c840a14a4cd035fedd4fe87786649f326f001c,SHARED_REFERENCE
NG-SPT-000470,470,43.12,-1.207467,EPSG:4326,NG-SOV-PART-000001,NG-MGRID-03-04,true,,,568,PLAIN,ENVIRONMENTAL_REFERENCE_SAMPLE_POINT,dataset:novegeo:terrain:elevation,1,data/novegeo/geography/terrain/qualified/novegeo_terrain_v001.json,f03d14ce483280aff6662dc808c840a14a4cd035fedd4fe87786649f326f001c,SHARED_REFERENCE
NG-SPT-000471,471,29.26,-0.787467,EPSG:4326,NG-SOV-PART-000001,NG-MGRID-03-01,true,,,221,PLAIN,ENVIRONMENTAL_REFERENCE_SAMPLE_POINT,dataset:novegeo:terrain:elevation,1,data/novegeo/geography/terrain/qualified/novegeo_terrain_v001.json,f03d14ce483280aff6662dc808c840a14a4cd035fedd4fe87786649f326f001c,SHARED_REFERENCE
NG-SPT-000472,472,29.68,-0.787467,EPSG:4326,NG-SOV-PART-000001,NG-MGRID-03-01,true,,,281,PLAIN,ENVIRONMENTAL_REFERENCE_SAMPLE_POINT,dataset:novegeo:terrain:elevation,1,data/novegeo/geography/terrain/qualified/novegeo_terrain_v001.json,f03d14ce483280aff6662dc808c840a14a4cd035fedd4fe87786649f326f001c,SHARED_REFERENCE
NG-SPT-000473,473,30.1,-0.787467,EPSG:4326,NG-SOV-PART-000001,NG-MGRID-03-02,true,NG-CLIM-OBS-000119,vegetation:novegeo:cell:000119,349,PLAIN,ENVIRONMENTAL_REFERENCE_SAMPLE_POINT,dataset:novegeo:terrain:elevation,1,data/novegeo/geography/terrain/qualified/novegeo_terrain_v001.json,f03d14ce483280aff6662dc808c840a14a4cd035fedd4fe87786649f326f001c,SHARED_REFERENCE
NG-SPT-000474,474,30.52,-0.787467,EPSG:4326,NG-SOV-PART-000001,NG-MGRID-03-02,true,,,428,PLAIN,ENVIRONMENTAL_REFERENCE_SAMPLE_POINT,dataset:novegeo:terrain:elevation,1,data/novegeo/geography/terrain/qualified/novegeo_terrain_v001.json,f03d14ce483280aff6662dc808c840a14a4cd035fedd4fe87786649f326f001c,SHARED_REFERENCE
NG-SPT-000475,475,30.94,-0.787467,EPSG:4326,NG-SOV-PART-000001,NG-MGRID-03-02,true,,,520,PLAIN,ENVIRONMENTAL_REFERENCE_SAMPLE_POINT,dataset:novegeo:terrain:elevation,1,data/novegeo/geography/terrain/qualified/novegeo_terrain_v001.json,f03d14ce483280aff6662dc808c840a14a4cd035fedd4fe87786649f326f001c,SHARED_REFERENCE
NG-SPT-000476,476,31.36,-0.787467,EPSG:4326,NG-SOV-PART-000001,NG-MGRID-03-02,true,,,615,PLAIN,ENVIRONMENTAL_REFERENCE_SAMPLE_POINT,dataset:novegeo:terrain:elevation,1,data/novegeo/geography/terrain/qualified/novegeo_terrain_v001.json,f03d14ce483280aff6662dc808c840a14a4cd035fedd4fe87786649f326f001c,SHARED_REFERENCE
NG-SPT-000477,477,31.78,-0.787467,EPSG:4326,NG-SOV-PART-000001,NG-MGRID-03-02,true,NG-CLIM-OBS-000120,vegetation:novegeo:cell:000120,721,PLAIN,ENVIRONMENTAL_REFERENCE_SAMPLE_POINT,dataset:novegeo:terrain:elevation,1,data/novegeo/geography/terrain/qualified/novegeo_terrain_v001.json,f03d14ce483280aff6662dc808c840a14a4cd035fedd4fe87786649f326f001c,SHARED_REFERENCE
NG-SPT-000478,478,32.2,-0.787467,EPSG:4326,NG-SOV-PART-000001,NG-MGRID-03-02,true,,,848,PLAIN,ENVIRONMENTAL_REFERENCE_SAMPLE_POINT,dataset:novegeo:terrain:elevation,1,data/novegeo/geography/terrain/qualified/novegeo_terrain_v001.json,f03d14ce483280aff6662dc808c840a14a4cd035fedd4fe87786649f326f001c,SHARED_REFERENCE
NG-SPT-000479,479,32.62,-0.787467,EPSG:4326,NG-SOV-PART-000001,NG-MGRID-03-02,true,,,995,PLAIN,ENVIRONMENTAL_REFERENCE_SAMPLE_POINT,dataset:novegeo:terrain:elevation,1,data/novegeo/geography/terrain/qualified/novegeo_terrain_v001.json,f03d14ce483280aff6662dc808c840a14a4cd035fedd4fe87786649f326f001c,SHARED_REFERENCE
NG-SPT-000480,480,33.04,-0.787467,EPSG:4326,NG-SOV-PART-000001,NG-MGRID-03-02,true,,,1154,PLATEAU,ENVIRONMENTAL_REFERENCE_SAMPLE_POINT,dataset:novegeo:terrain:elevation,1,data/novegeo/geography/terrain/qualified/novegeo_terrain_v001.json,f03d14ce483280aff6662dc808c840a14a4cd035fedd4fe87786649f326f001c,SHARED_REFERENCE
NG-SPT-000481,481,33.46,-0.787467,EPSG:4326,NG-SOV-PART-000001,NG-MGRID-03-02,true,NG-CLIM-OBS-000121,vegetation:novegeo:cell:000121,1316,PLATEAU,ENVIRONMENTAL_REFERENCE_SAMPLE_POINT,dataset:novegeo:terrain:elevation,1,data/novegeo/geography/terrain/qualified/novegeo_terrain_v001.json,f03d14ce483280aff6662dc808c840a14a4cd035fedd4fe87786649f326f001c,SHARED_REFERENCE
NG-SPT-000482,482,33.88,-0.787467,EPSG:4326,NG-SOV-PART-000001,NG-MGRID-03-02,true,,,1466,PLATEAU,ENVIRONMENTAL_REFERENCE_SAMPLE_POINT,dataset:novegeo:terrain:elevation,1,data/novegeo/geography/terrain/qualified/novegeo_terrain_v001.json,f03d14ce483280aff6662dc808c840a14a4cd035fedd4fe87786649f326f001c,SHARED_REFERENCE
NG-SPT-000483,483,34.3,-0.787467,EPSG:4326,NG-SOV-PART-000001,NG-MGRID-03-02,true,,,1585,PLATEAU,ENVIRONMENTAL_REFERENCE_SAMPLE_POINT,dataset:novegeo:terrain:elevation,1,data/novegeo/geography/terrain/qualified/novegeo_terrain_v001.json,f03d14ce483280aff6662dc808c840a14a4cd035fedd4fe87786649f326f001c,SHARED_REFERENCE
NG-SPT-000484,484,34.72,-0.787467,EPSG:4326,NG-SOV-PART-000001,NG-MGRID-03-02,true,,,1654,PLATEAU,ENVIRONMENTAL_REFERENCE_SAMPLE_POINT,dataset:novegeo:terrain:elevation,1,data/novegeo/geography/terrain/qualified/novegeo_terrain_v001.json,f03d14ce483280aff6662dc808c840a14a4cd035fedd4fe87786649f326f001c,SHARED_REFERENCE
NG-SPT-000485,485,35.14,-0.787467,EPSG:4326,NG-SOV-PART-000001,NG-MGRID-03-03,true,NG-CLIM-OBS-000122,vegetation:novegeo:cell:000122,1661,PLATEAU,ENVIRONMENTAL_REFERENCE_SAMPLE_POINT,dataset:novegeo:terrain:elevation,1,data/novegeo/geography/terrain/qualified/novegeo_terrain_v001.json,f03d14ce483280aff6662dc808c840a14a4cd035fedd4fe87786649f326f001c,SHARED_REFERENCE
NG-SPT-000486,486,35.56,-0.787467,EPSG:4326,NG-SOV-PART-000001,NG-MGRID-03-03,true,,,1607,PLATEAU,ENVIRONMENTAL_REFERENCE_SAMPLE_POINT,dataset:novegeo:terrain:elevation,1,data/novegeo/geography/terrain/qualified/novegeo_terrain_v001.json,f03d14ce483280aff6662dc808c840a14a4cd035fedd4fe87786649f326f001c,SHARED_REFERENCE
NG-SPT-000487,487,35.98,-0.787467,EPSG:4326,NG-SOV-PART-000001,NG-MGRID-03-03,true,,,1508,PLATEAU,ENVIRONMENTAL_REFERENCE_SAMPLE_POINT,dataset:novegeo:terrain:elevation,1,data/novegeo/geography/terrain/qualified/novegeo_terrain_v001.json,f03d14ce483280aff6662dc808c840a14a4cd035fedd4fe87786649f326f001c,SHARED_REFERENCE
NG-SPT-000488,488,36.4,-0.787467,EPSG:4326,NG-SOV-PART-000001,NG-MGRID-03-03,true,,,1401,PLATEAU,ENVIRONMENTAL_REFERENCE_SAMPLE_POINT,dataset:novegeo:terrain:elevation,1,data/novegeo/geography/terrain/qualified/novegeo_terrain_v001.json,f03d14ce483280aff6662dc808c840a14a4cd035fedd4fe87786649f326f001c,SHARED_REFERENCE
NG-SPT-000489,489,36.82,-0.787467,EPSG:4326,NG-SOV-PART-000001,NG-MGRID-03-03,true,NG-CLIM-OBS-000123,vegetation:novegeo:cell:000123,1323,PLATEAU,ENVIRONMENTAL_REFERENCE_SAMPLE_POINT,dataset:novegeo:terrain:elevation,1,data/novegeo/geography/terrain/qualified/novegeo_terrain_v001.json,f03d14ce483280aff6662dc808c840a14a4cd035fedd4fe87786649f326f001c,SHARED_REFERENCE
NG-SPT-000490,490,37.24,-0.787467,EPSG:4326,NG-SOV-PART-000001,NG-MGRID-03-03,true,,,1304,PLATEAU,ENVIRONMENTAL_REFERENCE_SAMPLE_POINT,dataset:novegeo:terrain:elevation,1,data/novegeo/geography/terrain/qualified/novegeo_terrain_v001.json,f03d14ce483280aff6662dc808c840a14a4cd035fedd4fe87786649f326f001c,SHARED_REFERENCE
NG-SPT-000491,491,37.66,-0.787467,EPSG:4326,NG-SOV-PART-000001,NG-MGRID-03-03,true,,,1347,PLATEAU,ENVIRONMENTAL_REFERENCE_SAMPLE_POINT,dataset:novegeo:terrain:elevation,1,data/novegeo/geography/terrain/qualified/novegeo_terrain_v001.json,f03d14ce483280aff6662dc808c840a14a4cd035fedd4fe87786649f326f001c,SHARED_REFERENCE
NG-SPT-000492,492,38.08,-0.787467,EPSG:4326,NG-SOV-PART-000001,NG-MGRID-03-03,true,,,1429,PLATEAU,ENVIRONMENTAL_REFERENCE_SAMPLE_POINT,dataset:novegeo:terrain:elevation,1,data/novegeo/geography/terrain/qualified/novegeo_terrain_v001.json,f03d14ce483280aff6662dc808c840a14a4cd035fedd4fe87786649f326f001c,SHARED_REFERENCE
NG-SPT-000493,493,38.5,-0.787467,EPSG:4326,NG-SOV-PART-000001,NG-MGRID-03-03,true,NG-CLIM-OBS-000124,vegetation:novegeo:cell:000124,1515,PLATEAU,ENVIRONMENTAL_REFERENCE_SAMPLE_POINT,dataset:novegeo:terrain:elevation,1,data/novegeo/geography/terrain/qualified/novegeo_terrain_v001.json,f03d14ce483280aff6662dc808c840a14a4cd035fedd4fe87786649f326f001c,SHARED_REFERENCE
NG-SPT-000494,494,38.92,-0.787467,EPSG:4326,NG-SOV-PART-000001,NG-MGRID-03-03,true,,,1571,PLATEAU,ENVIRONMENTAL_REFERENCE_SAMPLE_POINT,dataset:novegeo:terrain:elevation,1,data/novegeo/geography/terrain/qualified/novegeo_terrain_v001.json,f03d14ce483280aff6662dc808c840a14a4cd035fedd4fe87786649f326f001c,SHARED_REFERENCE
NG-SPT-000495,495,39.34,-0.787467,EPSG:4326,NG-SOV-PART-000001,NG-MGRID-03-03,true,,,1578,PLATEAU,ENVIRONMENTAL_REFERENCE_SAMPLE_POINT,dataset:novegeo:terrain:elevation,1,data/novegeo/geography/terrain/qualified/novegeo_terrain_v001.json,f03d14ce483280aff6662dc808c840a14a4cd035fedd4fe87786649f326f001c,SHARED_REFERENCE
NG-SPT-000496,496,39.76,-0.787467,EPSG:4326,NG-SOV-PART-000001,NG-MGRID-03-03,true,,,1533,PLATEAU,ENVIRONMENTAL_REFERENCE_SAMPLE_POINT,dataset:novegeo:terrain:elevation,1,data/novegeo/geography/terrain/qualified/novegeo_terrain_v001.json,f03d14ce483280aff6662dc808c840a14a4cd035fedd4fe87786649f326f001c,SHARED_REFERENCE
NG-SPT-000497,497,40.18,-0.787467,EPSG:4326,NG-SOV-PART-000001,NG-MGRID-03-04,true,NG-CLIM-OBS-000125,vegetation:novegeo:cell:000125,1447,PLATEAU,ENVIRONMENTAL_REFERENCE_SAMPLE_POINT,dataset:novegeo:terrain:elevation,1,data/novegeo/geography/terrain/qualified/novegeo_terrain_v001.json,f03d14ce483280aff6662dc808c840a14a4cd035fedd4fe87786649f326f001c,SHARED_REFERENCE
NG-SPT-000498,498,40.6,-0.787467,EPSG:4326,NG-SOV-PART-000001,NG-MGRID-03-04,true,,,1333,PLATEAU,ENVIRONMENTAL_REFERENCE_SAMPLE_POINT,dataset:novegeo:terrain:elevation,1,data/novegeo/geography/terrain/qualified/novegeo_terrain_v001.json,f03d14ce483280aff6662dc808c840a14a4cd035fedd4fe87786649f326f001c,SHARED_REFERENCE
NG-SPT-000499,499,41.02,-0.787467,EPSG:4326,NG-SOV-PART-000001,NG-MGRID-03-04,true,,,1205,PLATEAU,ENVIRONMENTAL_REFERENCE_SAMPLE_POINT,dataset:novegeo:terrain:elevation,1,data/novegeo/geography/terrain/qualified/novegeo_terrain_v001.json,f03d14ce483280aff6662dc808c840a14a4cd035fedd4fe87786649f326f001c,SHARED_REFERENCE
NG-SPT-000500,500,41.44,-0.787467,EPSG:4326,NG-SOV-PART-000001,NG-MGRID-03-04,true,,,1074,PLATEAU,ENVIRONMENTAL_REFERENCE_SAMPLE_POINT,dataset:novegeo:terrain:elevation,1,data/novegeo/geography/terrain/qualified/novegeo_terrain_v001.json,f03d14ce483280aff6662dc808c840a14a4cd035fedd4fe87786649f326f001c,SHARED_REFERENCE
NG-SPT-000501,501,41.86,-0.787467,EPSG:4326,NG-SOV-PART-000001,NG-MGRID-03-04,true,NG-CLIM-OBS-000126,vegetation:novegeo:cell:000126,945,PLAIN,ENVIRONMENTAL_REFERENCE_SAMPLE_POINT,dataset:novegeo:terrain:elevation,1,data/novegeo/geography/terrain/qualified/novegeo_terrain_v001.json,f03d14ce483280aff6662dc808c840a14a4cd035fedd4fe87786649f326f001c,SHARED_REFERENCE
NG-SPT-000502,502,42.28,-0.787467,EPSG:4326,NG-SOV-PART-000001,NG-MGRID-03-04,true,,,823,PLAIN,ENVIRONMENTAL_REFERENCE_SAMPLE_POINT,dataset:novegeo:terrain:elevation,1,data/novegeo/geography/terrain/qualified/novegeo_terrain_v001.json,f03d14ce483280aff6662dc808c840a14a4cd035fedd4fe87786649f326f001c,SHARED_REFERENCE
NG-SPT-000503,503,42.7,-0.787467,EPSG:4326,NG-SOV-PART-000001,NG-MGRID-03-04,true,,,711,PLAIN,ENVIRONMENTAL_REFERENCE_SAMPLE_POINT,dataset:novegeo:terrain:elevation,1,data/novegeo/geography/terrain/qualified/novegeo_terrain_v001.json,f03d14ce483280aff6662dc808c840a14a4cd035fedd4fe87786649f326f001c,SHARED_REFERENCE
NG-SPT-000504,504,43.12,-0.787467,EPSG:4326,NG-SOV-PART-000001,NG-MGRID-03-04,true,,,592,PLAIN,ENVIRONMENTAL_REFERENCE_SAMPLE_POINT,dataset:novegeo:terrain:elevation,1,data/novegeo/geography/terrain/qualified/novegeo_terrain_v001.json,f03d14ce483280aff6662dc808c840a14a4cd035fedd4fe87786649f326f001c,SHARED_REFERENCE
NG-SPT-000505,505,43.54,-0.787467,EPSG:4326,NG-SOV-PART-000001,NG-MGRID-03-04,true,NG-CLIM-OBS-000127,vegetation:novegeo:cell:000127,482,PLAIN,ENVIRONMENTAL_REFERENCE_SAMPLE_POINT,dataset:novegeo:terrain:elevation,1,data/novegeo/geography/terrain/qualified/novegeo_terrain_v001.json,f03d14ce483280aff6662dc808c840a14a4cd035fedd4fe87786649f326f001c,SHARED_REFERENCE
NG-SPT-000506,506,29.26,-0.367467,EPSG:4326,NG-SOV-PART-000001,NG-MGRID-03-01,true,,,224,PLAIN,ENVIRONMENTAL_REFERENCE_SAMPLE_POINT,dataset:novegeo:terrain:elevation,1,data/novegeo/geography/terrain/qualified/novegeo_terrain_v001.json,f03d14ce483280aff6662dc808c840a14a4cd035fedd4fe87786649f326f001c,SHARED_REFERENCE
NG-SPT-000507,507,29.68,-0.367467,EPSG:4326,NG-SOV-PART-000001,NG-MGRID-03-01,true,,,288,PLAIN,ENVIRONMENTAL_REFERENCE_SAMPLE_POINT,dataset:novegeo:terrain:elevation,1,data/novegeo/geography/terrain/qualified/novegeo_terrain_v001.json,f03d14ce483280aff6662dc808c840a14a4cd035fedd4fe87786649f326f001c,SHARED_REFERENCE
NG-SPT-000508,508,30.1,-0.367467,EPSG:4326,NG-SOV-PART-000001,NG-MGRID-03-02,true,,,365,PLAIN,ENVIRONMENTAL_REFERENCE_SAMPLE_POINT,dataset:novegeo:terrain:elevation,1,data/novegeo/geography/terrain/qualified/novegeo_terrain_v001.json,f03d14ce483280aff6662dc808c840a14a4cd035fedd4fe87786649f326f001c,SHARED_REFERENCE
NG-SPT-000509,509,30.52,-0.367467,EPSG:4326,NG-SOV-PART-000001,NG-MGRID-03-02,true,NG-CLIM-OBS-000128,vegetation:novegeo:cell:000128,459,PLAIN,ENVIRONMENTAL_REFERENCE_SAMPLE_POINT,dataset:novegeo:terrain:elevation,1,data/novegeo/geography/terrain/qualified/novegeo_terrain_v001.json,f03d14ce483280aff6662dc808c840a14a4cd035fedd4fe87786649f326f001c,SHARED_REFERENCE
NG-SPT-000510,510,30.94,-0.367467,EPSG:4326,NG-SOV-PART-000001,NG-MGRID-03-02,true,,,573,PLAIN,ENVIRONMENTAL_REFERENCE_SAMPLE_POINT,dataset:novegeo:terrain:elevation,1,data/novegeo/geography/terrain/qualified/novegeo_terrain_v001.json,f03d14ce483280aff6662dc808c840a14a4cd035fedd4fe87786649f326f001c,SHARED_REFERENCE
NG-SPT-000511,511,31.36,-0.367467,EPSG:4326,NG-SOV-PART-000001,NG-MGRID-03-02,true,,,695,PLAIN,ENVIRONMENTAL_REFERENCE_SAMPLE_POINT,dataset:novegeo:terrain:elevation,1,data/novegeo/geography/terrain/qualified/novegeo_terrain_v001.json,f03d14ce483280aff6662dc808c840a14a4cd035fedd4fe87786649f326f001c,SHARED_REFERENCE
NG-SPT-000512,512,31.78,-0.367467,EPSG:4326,NG-SOV-PART-000001,NG-MGRID-03-02,true,,,834,PLAIN,ENVIRONMENTAL_REFERENCE_SAMPLE_POINT,dataset:novegeo:terrain:elevation,1,data/novegeo/geography/terrain/qualified/novegeo_terrain_v001.json,f03d14ce483280aff6662dc808c840a14a4cd035fedd4fe87786649f326f001c,SHARED_REFERENCE
NG-SPT-000513,513,32.2,-0.367467,EPSG:4326,NG-SOV-PART-000001,NG-MGRID-03-02,true,NG-CLIM-OBS-000129,vegetation:novegeo:cell:000129,995,PLAIN,ENVIRONMENTAL_REFERENCE_SAMPLE_POINT,dataset:novegeo:terrain:elevation,1,data/novegeo/geography/terrain/qualified/novegeo_terrain_v001.json,f03d14ce483280aff6662dc808c840a14a4cd035fedd4fe87786649f326f001c,SHARED_REFERENCE
NG-SPT-000514,514,32.62,-0.367467,EPSG:4326,NG-SOV-PART-000001,NG-MGRID-03-02,true,,,1175,PLATEAU,ENVIRONMENTAL_REFERENCE_SAMPLE_POINT,dataset:novegeo:terrain:elevation,1,data/novegeo/geography/terrain/qualified/novegeo_terrain_v001.json,f03d14ce483280aff6662dc808c840a14a4cd035fedd4fe87786649f326f001c,SHARED_REFERENCE
NG-SPT-000515,515,33.04,-0.367467,EPSG:4326,NG-SOV-PART-000001,NG-MGRID-03-02,true,,,1363,PLATEAU,ENVIRONMENTAL_REFERENCE_SAMPLE_POINT,dataset:novegeo:terrain:elevation,1,data/novegeo/geography/terrain/qualified/novegeo_terrain_v001.json,f03d14ce483280aff6662dc808c840a14a4cd035fedd4fe87786649f326f001c,SHARED_REFERENCE
NG-SPT-000516,516,33.46,-0.367467,EPSG:4326,NG-SOV-PART-000001,NG-MGRID-03-02,true,,,1546,PLATEAU,ENVIRONMENTAL_REFERENCE_SAMPLE_POINT,dataset:novegeo:terrain:elevation,1,data/novegeo/geography/terrain/qualified/novegeo_terrain_v001.json,f03d14ce483280aff6662dc808c840a14a4cd035fedd4fe87786649f326f001c,SHARED_REFERENCE
NG-SPT-000517,517,33.88,-0.367467,EPSG:4326,NG-SOV-PART-000001,NG-MGRID-03-02,true,NG-CLIM-OBS-000130,vegetation:novegeo:cell:000130,1706,PLATEAU,ENVIRONMENTAL_REFERENCE_SAMPLE_POINT,dataset:novegeo:terrain:elevation,1,data/novegeo/geography/terrain/qualified/novegeo_terrain_v001.json,f03d14ce483280aff6662dc808c840a14a4cd035fedd4fe87786649f326f001c,SHARED_REFERENCE
NG-SPT-000518,518,34.3,-0.367467,EPSG:4326,NG-SOV-PART-000001,NG-MGRID-03-02,true,,,1822,PLATEAU,ENVIRONMENTAL_REFERENCE_SAMPLE_POINT,dataset:novegeo:terrain:elevation,1,data/novegeo/geography/terrain/qualified/novegeo_terrain_v001.json,f03d14ce483280aff6662dc808c840a14a4cd035fedd4fe87786649f326f001c,SHARED_REFERENCE
NG-SPT-000519,519,34.72,-0.367467,EPSG:4326,NG-SOV-PART-000001,NG-MGRID-03-02,true,,,1877,MOUNTAIN,ENVIRONMENTAL_REFERENCE_SAMPLE_POINT,dataset:novegeo:terrain:elevation,1,data/novegeo/geography/terrain/qualified/novegeo_terrain_v001.json,f03d14ce483280aff6662dc808c840a14a4cd035fedd4fe87786649f326f001c,SHARED_REFERENCE
NG-SPT-000520,520,35.14,-0.367467,EPSG:4326,NG-SOV-PART-000001,NG-MGRID-03-03,true,,,1860,MOUNTAIN,ENVIRONMENTAL_REFERENCE_SAMPLE_POINT,dataset:novegeo:terrain:elevation,1,data/novegeo/geography/terrain/qualified/novegeo_terrain_v001.json,f03d14ce483280aff6662dc808c840a14a4cd035fedd4fe87786649f326f001c,SHARED_REFERENCE
NG-SPT-000521,521,35.56,-0.367467,EPSG:4326,NG-SOV-PART-000001,NG-MGRID-03-03,true,NG-CLIM-OBS-000131,vegetation:novegeo:cell:000131,1772,PLATEAU,ENVIRONMENTAL_REFERENCE_SAMPLE_POINT,dataset:novegeo:terrain:elevation,1,data/novegeo/geography/terrain/qualified/novegeo_terrain_v001.json,f03d14ce483280aff6662dc808c840a14a4cd035fedd4fe87786649f326f001c,SHARED_REFERENCE
NG-SPT-000522,522,35.98,-0.367467,EPSG:4326,NG-SOV-PART-000001,NG-MGRID-03-03,true,,,1636,PLATEAU,ENVIRONMENTAL_REFERENCE_SAMPLE_POINT,dataset:novegeo:terrain:elevation,1,data/novegeo/geography/terrain/qualified/novegeo_terrain_v001.json,f03d14ce483280aff6662dc808c840a14a4cd035fedd4fe87786649f326f001c,SHARED_REFERENCE
NG-SPT-000523,523,36.4,-0.367467,EPSG:4326,NG-SOV-PART-000001,NG-MGRID-03-03,true,,,1489,PLATEAU,ENVIRONMENTAL_REFERENCE_SAMPLE_POINT,dataset:novegeo:terrain:elevation,1,data/novegeo/geography/terrain/qualified/novegeo_terrain_v001.json,f03d14ce483280aff6662dc808c840a14a4cd035fedd4fe87786649f326f001c,SHARED_REFERENCE
NG-SPT-000524,524,36.82,-0.367467,EPSG:4326,NG-SOV-PART-000001,NG-MGRID-03-03,true,,,1377,PLATEAU,ENVIRONMENTAL_REFERENCE_SAMPLE_POINT,dataset:novegeo:terrain:elevation,1,data/novegeo/geography/terrain/qualified/novegeo_terrain_v001.json,f03d14ce483280aff6662dc808c840a14a4cd035fedd4fe87786649f326f001c,SHARED_REFERENCE
NG-SPT-000525,525,37.24,-0.367467,EPSG:4326,NG-SOV-PART-000001,NG-MGRID-03-03,true,NG-CLIM-OBS-000132,vegetation:novegeo:cell:000132,1329,PLATEAU,ENVIRONMENTAL_REFERENCE_SAMPLE_POINT,dataset:novegeo:terrain:elevation,1,data/novegeo/geography/terrain/qualified/novegeo_terrain_v001.json,f03d14ce483280aff6662dc808c840a14a4cd035fedd4fe87786649f326f001c,SHARED_REFERENCE
NG-SPT-000526,526,37.66,-0.367467,EPSG:4326,NG-SOV-PART-000001,NG-MGRID-03-03,true,,,1352,PLATEAU,ENVIRONMENTAL_REFERENCE_SAMPLE_POINT,dataset:novegeo:terrain:elevation,1,data/novegeo/geography/terrain/qualified/novegeo_terrain_v001.json,f03d14ce483280aff6662dc808c840a14a4cd035fedd4fe87786649f326f001c,SHARED_REFERENCE
NG-SPT-000527,527,38.08,-0.367467,EPSG:4326,NG-SOV-PART-000001,NG-MGRID-03-03,true,,,1424,PLATEAU,ENVIRONMENTAL_REFERENCE_SAMPLE_POINT,dataset:novegeo:terrain:elevation,1,data/novegeo/geography/terrain/qualified/novegeo_terrain_v001.json,f03d14ce483280aff6662dc808c840a14a4cd035fedd4fe87786649f326f001c,SHARED_REFERENCE
NG-SPT-000528,528,38.5,-0.367467,EPSG:4326,NG-SOV-PART-000001,NG-MGRID-03-03,true,,,1508,PLATEAU,ENVIRONMENTAL_REFERENCE_SAMPLE_POINT,dataset:novegeo:terrain:elevation,1,data/novegeo/geography/terrain/qualified/novegeo_terrain_v001.json,f03d14ce483280aff6662dc808c840a14a4cd035fedd4fe87786649f326f001c,SHARED_REFERENCE
NG-SPT-000529,529,38.92,-0.367467,EPSG:4326,NG-SOV-PART-000001,NG-MGRID-03-03,true,NG-CLIM-OBS-000133,vegetation:novegeo:cell:000133,1569,PLATEAU,ENVIRONMENTAL_REFERENCE_SAMPLE_POINT,dataset:novegeo:terrain:elevation,1,data/novegeo/geography/terrain/qualified/novegeo_terrain_v001.json,f03d14ce483280aff6662dc808c840a14a4cd035fedd4fe87786649f326f001c,SHARED_REFERENCE
NG-SPT-000530,530,39.34,-0.367467,EPSG:4326,NG-SOV-PART-000001,NG-MGRID-03-03,true,,,1585,PLATEAU,ENVIRONMENTAL_REFERENCE_SAMPLE_POINT,dataset:novegeo:terrain:elevation,1,data/novegeo/geography/terrain/qualified/novegeo_terrain_v001.json,f03d14ce483280aff6662dc808c840a14a4cd035fedd4fe87786649f326f001c,SHARED_REFERENCE
NG-SPT-000531,531,39.76,-0.367467,EPSG:4326,NG-SOV-PART-000001,NG-MGRID-03-03,true,,,1552,PLATEAU,ENVIRONMENTAL_REFERENCE_SAMPLE_POINT,dataset:novegeo:terrain:elevation,1,data/novegeo/geography/terrain/qualified/novegeo_terrain_v001.json,f03d14ce483280aff6662dc808c840a14a4cd035fedd4fe87786649f326f001c,SHARED_REFERENCE
NG-SPT-000532,532,40.18,-0.367467,EPSG:4326,NG-SOV-PART-000001,NG-MGRID-03-04,true,,,1476,PLATEAU,ENVIRONMENTAL_REFERENCE_SAMPLE_POINT,dataset:novegeo:terrain:elevation,1,data/novegeo/geography/terrain/qualified/novegeo_terrain_v001.json,f03d14ce483280aff6662dc808c840a14a4cd035fedd4fe87786649f326f001c,SHARED_REFERENCE
NG-SPT-000533,533,40.6,-0.367467,EPSG:4326,NG-SOV-PART-000001,NG-MGRID-03-04,true,NG-CLIM-OBS-000134,vegetation:novegeo:cell:000134,1371,PLATEAU,ENVIRONMENTAL_REFERENCE_SAMPLE_POINT,dataset:novegeo:terrain:elevation,1,data/novegeo/geography/terrain/qualified/novegeo_terrain_v001.json,f03d14ce483280aff6662dc808c840a14a4cd035fedd4fe87786649f326f001c,SHARED_REFERENCE
NG-SPT-000534,534,41.02,-0.367467,EPSG:4326,NG-SOV-PART-000001,NG-MGRID-03-04,true,,,1248,PLATEAU,ENVIRONMENTAL_REFERENCE_SAMPLE_POINT,dataset:novegeo:terrain:elevation,1,data/novegeo/geography/terrain/qualified/novegeo_terrain_v001.json,f03d14ce483280aff6662dc808c840a14a4cd035fedd4fe87786649f326f001c,SHARED_REFERENCE
NG-SPT-000535,535,41.44,-0.367467,EPSG:4326,NG-SOV-PART-000001,NG-MGRID-03-04,true,,,1117,PLATEAU,ENVIRONMENTAL_REFERENCE_SAMPLE_POINT,dataset:novegeo:terrain:elevation,1,data/novegeo/geography/terrain/qualified/novegeo_terrain_v001.json,f03d14ce483280aff6662dc808c840a14a4cd035fedd4fe87786649f326f001c,SHARED_REFERENCE
NG-SPT-000536,536,41.86,-0.367467,EPSG:4326,NG-SOV-PART-000001,NG-MGRID-03-04,true,,,985,PLAIN,ENVIRONMENTAL_REFERENCE_SAMPLE_POINT,dataset:novegeo:terrain:elevation,1,data/novegeo/geography/terrain/qualified/novegeo_terrain_v001.json,f03d14ce483280aff6662dc808c840a14a4cd035fedd4fe87786649f326f001c,SHARED_REFERENCE
NG-SPT-000537,537,42.28,-0.367467,EPSG:4326,NG-SOV-PART-000001,NG-MGRID-03-04,true,NG-CLIM-OBS-000135,vegetation:novegeo:cell:000135,859,PLAIN,ENVIRONMENTAL_REFERENCE_SAMPLE_POINT,dataset:novegeo:terrain:elevation,1,data/novegeo/geography/terrain/qualified/novegeo_terrain_v001.json,f03d14ce483280aff6662dc808c840a14a4cd035fedd4fe87786649f326f001c,SHARED_REFERENCE
NG-SPT-000538,538,42.7,-0.367467,EPSG:4326,NG-SOV-PART-000001,NG-MGRID-03-04,true,,,742,PLAIN,ENVIRONMENTAL_REFERENCE_SAMPLE_POINT,dataset:novegeo:terrain:elevation,1,data/novegeo/geography/terrain/qualified/novegeo_terrain_v001.json,f03d14ce483280aff6662dc808c840a14a4cd035fedd4fe87786649f326f001c,SHARED_REFERENCE
NG-SPT-000539,539,43.12,-0.367467,EPSG:4326,NG-SOV-PART-000001,NG-MGRID-03-04,true,,,617,PLAIN,ENVIRONMENTAL_REFERENCE_SAMPLE_POINT,dataset:novegeo:terrain:elevation,1,data/novegeo/geography/terrain/qualified/novegeo_terrain_v001.json,f03d14ce483280aff6662dc808c840a14a4cd035fedd4fe87786649f326f001c,SHARED_REFERENCE
NG-SPT-000540,540,43.54,-0.367467,EPSG:4326,NG-SOV-PART-000001,NG-MGRID-03-04,true,,,503,PLAIN,ENVIRONMENTAL_REFERENCE_SAMPLE_POINT,dataset:novegeo:terrain:elevation,1,data/novegeo/geography/terrain/qualified/novegeo_terrain_v001.json,f03d14ce483280aff6662dc808c840a14a4cd035fedd4fe87786649f326f001c,SHARED_REFERENCE
NG-SPT-000541,541,29.26,0.052533,EPSG:4326,NG-SOV-PART-000001,NG-MGRID-02-01,true,NG-CLIM-OBS-000136,vegetation:novegeo:cell:000136,226,PLAIN,ENVIRONMENTAL_REFERENCE_SAMPLE_POINT,dataset:novegeo:terrain:elevation,1,data/novegeo/geography/terrain/qualified/novegeo_terrain_v001.json,f03d14ce483280aff6662dc808c840a14a4cd035fedd4fe87786649f326f001c,SHARED_REFERENCE
NG-SPT-000542,542,29.68,0.052533,EPSG:4326,NG-SOV-PART-000001,NG-MGRID-02-01,true,,,293,PLAIN,ENVIRONMENTAL_REFERENCE_SAMPLE_POINT,dataset:novegeo:terrain:elevation,1,data/novegeo/geography/terrain/qualified/novegeo_terrain_v001.json,f03d14ce483280aff6662dc808c840a14a4cd035fedd4fe87786649f326f001c,SHARED_REFERENCE
NG-SPT-000543,543,30.1,0.052533,EPSG:4326,NG-SOV-PART-000001,NG-MGRID-02-02,true,,,379,PLAIN,ENVIRONMENTAL_REFERENCE_SAMPLE_POINT,dataset:novegeo:terrain:elevation,1,data/novegeo/geography/terrain/qualified/novegeo_terrain_v001.json,f03d14ce483280aff6662dc808c840a14a4cd035fedd4fe87786649f326f001c,SHARED_REFERENCE
NG-SPT-000544,544,30.52,0.052533,EPSG:4326,NG-SOV-PART-000001,NG-MGRID-02-02,true,,,486,PLAIN,ENVIRONMENTAL_REFERENCE_SAMPLE_POINT,dataset:novegeo:terrain:elevation,1,data/novegeo/geography/terrain/qualified/novegeo_terrain_v001.json,f03d14ce483280aff6662dc808c840a14a4cd035fedd4fe87786649f326f001c,SHARED_REFERENCE
NG-SPT-000545,545,30.94,0.052533,EPSG:4326,NG-SOV-PART-000001,NG-MGRID-02-02,true,NG-CLIM-OBS-000137,vegetation:novegeo:cell:000137,620,PLAIN,ENVIRONMENTAL_REFERENCE_SAMPLE_POINT,dataset:novegeo:terrain:elevation,1,data/novegeo/geography/terrain/qualified/novegeo_terrain_v001.json,f03d14ce483280aff6662dc808c840a14a4cd035fedd4fe87786649f326f001c,SHARED_REFERENCE
NG-SPT-000546,546,31.36,0.052533,EPSG:4326,NG-SOV-PART-000001,NG-MGRID-02-02,true,,,769,PLAIN,ENVIRONMENTAL_REFERENCE_SAMPLE_POINT,dataset:novegeo:terrain:elevation,1,data/novegeo/geography/terrain/qualified/novegeo_terrain_v001.json,f03d14ce483280aff6662dc808c840a14a4cd035fedd4fe87786649f326f001c,SHARED_REFERENCE
NG-SPT-000547,547,31.78,0.052533,EPSG:4326,NG-SOV-PART-000001,NG-MGRID-02-02,true,,,939,PLAIN,ENVIRONMENTAL_REFERENCE_SAMPLE_POINT,dataset:novegeo:terrain:elevation,1,data/novegeo/geography/terrain/qualified/novegeo_terrain_v001.json,f03d14ce483280aff6662dc808c840a14a4cd035fedd4fe87786649f326f001c,SHARED_REFERENCE
NG-SPT-000548,548,32.2,0.052533,EPSG:4326,NG-SOV-PART-000001,NG-MGRID-02-02,true,,,1134,PLATEAU,ENVIRONMENTAL_REFERENCE_SAMPLE_POINT,dataset:novegeo:terrain:elevation,1,data/novegeo/geography/terrain/qualified/novegeo_terrain_v001.json,f03d14ce483280aff6662dc808c840a14a4cd035fedd4fe87786649f326f001c,SHARED_REFERENCE
NG-SPT-000549,549,32.62,0.052533,EPSG:4326,NG-SOV-PART-000001,NG-MGRID-02-02,true,NG-CLIM-OBS-000138,vegetation:novegeo:cell:000138,1347,PLATEAU,ENVIRONMENTAL_REFERENCE_SAMPLE_POINT,dataset:novegeo:terrain:elevation,1,data/novegeo/geography/terrain/qualified/novegeo_terrain_v001.json,f03d14ce483280aff6662dc808c840a14a4cd035fedd4fe87786649f326f001c,SHARED_REFERENCE
NG-SPT-000550,550,33.04,0.052533,EPSG:4326,NG-SOV-PART-000001,NG-MGRID-02-02,true,,,1565,PLATEAU,ENVIRONMENTAL_REFERENCE_SAMPLE_POINT,dataset:novegeo:terrain:elevation,1,data/novegeo/geography/terrain/qualified/novegeo_terrain_v001.json,f03d14ce483280aff6662dc808c840a14a4cd035fedd4fe87786649f326f001c,SHARED_REFERENCE
NG-SPT-000551,551,33.46,0.052533,EPSG:4326,NG-SOV-PART-000001,NG-MGRID-02-02,true,,,1770,PLATEAU,ENVIRONMENTAL_REFERENCE_SAMPLE_POINT,dataset:novegeo:terrain:elevation,1,data/novegeo/geography/terrain/qualified/novegeo_terrain_v001.json,f03d14ce483280aff6662dc808c840a14a4cd035fedd4fe87786649f326f001c,SHARED_REFERENCE
NG-SPT-000552,552,33.88,0.052533,EPSG:4326,NG-SOV-PART-000001,NG-MGRID-02-02,true,,,1942,MOUNTAIN,ENVIRONMENTAL_REFERENCE_SAMPLE_POINT,dataset:novegeo:terrain:elevation,1,data/novegeo/geography/terrain/qualified/novegeo_terrain_v001.json,f03d14ce483280aff6662dc808c840a14a4cd035fedd4fe87786649f326f001c,SHARED_REFERENCE
NG-SPT-000553,553,34.3,0.052533,EPSG:4326,NG-SOV-PART-000001,NG-MGRID-02-02,true,NG-CLIM-OBS-000139,vegetation:novegeo:cell:000139,2060,MOUNTAIN,ENVIRONMENTAL_REFERENCE_SAMPLE_POINT,dataset:novegeo:terrain:elevation,1,data/novegeo/geography/terrain/qualified/novegeo_terrain_v001.json,f03d14ce483280aff6662dc808c840a14a4cd035fedd4fe87786649f326f001c,SHARED_REFERENCE
NG-SPT-000554,554,34.72,0.052533,EPSG:4326,NG-SOV-PART-000001,NG-MGRID-02-02,true,,,2105,MOUNTAIN,ENVIRONMENTAL_REFERENCE_SAMPLE_POINT,dataset:novegeo:terrain:elevation,1,data/novegeo/geography/terrain/qualified/novegeo_terrain_v001.json,f03d14ce483280aff6662dc808c840a14a4cd035fedd4fe87786649f326f001c,SHARED_REFERENCE
NG-SPT-000555,555,35.14,0.052533,EPSG:4326,NG-SOV-PART-000001,NG-MGRID-02-03,true,,,2068,MOUNTAIN,ENVIRONMENTAL_REFERENCE_SAMPLE_POINT,dataset:novegeo:terrain:elevation,1,data/novegeo/geography/terrain/qualified/novegeo_terrain_v001.json,f03d14ce483280aff6662dc808c840a14a4cd035fedd4fe87786649f326f001c,SHARED_REFERENCE
NG-SPT-000556,556,35.56,0.052533,EPSG:4326,NG-SOV-PART-000001,NG-MGRID-02-03,true,,,1953,MOUNTAIN,ENVIRONMENTAL_REFERENCE_SAMPLE_POINT,dataset:novegeo:terrain:elevation,1,data/novegeo/geography/terrain/qualified/novegeo_terrain_v001.json,f03d14ce483280aff6662dc808c840a14a4cd035fedd4fe87786649f326f001c,SHARED_REFERENCE
NG-SPT-000557,557,35.98,0.052533,EPSG:4326,NG-SOV-PART-000001,NG-MGRID-02-03,true,NG-CLIM-OBS-000140,vegetation:novegeo:cell:000140,1784,PLATEAU,ENVIRONMENTAL_REFERENCE_SAMPLE_POINT,dataset:novegeo:terrain:elevation,1,data/novegeo/geography/terrain/qualified/novegeo_terrain_v001.json,f03d14ce483280aff6662dc808c840a14a4cd035fedd4fe87786649f326f001c,SHARED_REFERENCE
NG-SPT-000558,558,36.4,0.052533,EPSG:4326,NG-SOV-PART-000001,NG-MGRID-02-03,true,,,1604,PLATEAU,ENVIRONMENTAL_REFERENCE_SAMPLE_POINT,dataset:novegeo:terrain:elevation,1,data/novegeo/geography/terrain/qualified/novegeo_terrain_v001.json,f03d14ce483280aff6662dc808c840a14a4cd035fedd4fe87786649f326f001c,SHARED_REFERENCE
NG-SPT-000559,559,36.82,0.052533,EPSG:4326,NG-SOV-PART-000001,NG-MGRID-02-03,true,,,1460,PLATEAU,ENVIRONMENTAL_REFERENCE_SAMPLE_POINT,dataset:novegeo:terrain:elevation,1,data/novegeo/geography/terrain/qualified/novegeo_terrain_v001.json,f03d14ce483280aff6662dc808c840a14a4cd035fedd4fe87786649f326f001c,SHARED_REFERENCE
NG-SPT-000560,560,37.24,0.052533,EPSG:4326,NG-SOV-PART-000001,NG-MGRID-02-03,true,,,1384,PLATEAU,ENVIRONMENTAL_REFERENCE_SAMPLE_POINT,dataset:novegeo:terrain:elevation,1,data/novegeo/geography/terrain/qualified/novegeo_terrain_v001.json,f03d14ce483280aff6662dc808c840a14a4cd035fedd4fe87786649f326f001c,SHARED_REFERENCE
NG-SPT-000561,561,37.66,0.052533,EPSG:4326,NG-SOV-PART-000001,NG-MGRID-02-03,true,NG-CLIM-OBS-000141,vegetation:novegeo:cell:000141,1385,PLATEAU,ENVIRONMENTAL_REFERENCE_SAMPLE_POINT,dataset:novegeo:terrain:elevation,1,data/novegeo/geography/terrain/qualified/novegeo_terrain_v001.json,f03d14ce483280aff6662dc808c840a14a4cd035fedd4fe87786649f326f001c,SHARED_REFERENCE
NG-SPT-000562,562,38.08,0.052533,EPSG:4326,NG-SOV-PART-000001,NG-MGRID-02-03,true,,,1443,PLATEAU,ENVIRONMENTAL_REFERENCE_SAMPLE_POINT,dataset:novegeo:terrain:elevation,1,data/novegeo/geography/terrain/qualified/novegeo_terrain_v001.json,f03d14ce483280aff6662dc808c840a14a4cd035fedd4fe87786649f326f001c,SHARED_REFERENCE
NG-SPT-000563,563,38.5,0.052533,EPSG:4326,NG-SOV-PART-000001,NG-MGRID-02-03,true,,,1521,PLATEAU,ENVIRONMENTAL_REFERENCE_SAMPLE_POINT,dataset:novegeo:terrain:elevation,1,data/novegeo/geography/terrain/qualified/novegeo_terrain_v001.json,f03d14ce483280aff6662dc808c840a14a4cd035fedd4fe87786649f326f001c,SHARED_REFERENCE
NG-SPT-000564,564,38.92,0.052533,EPSG:4326,NG-SOV-PART-000001,NG-MGRID-02-03,true,,,1583,PLATEAU,ENVIRONMENTAL_REFERENCE_SAMPLE_POINT,dataset:novegeo:terrain:elevation,1,data/novegeo/geography/terrain/qualified/novegeo_terrain_v001.json,f03d14ce483280aff6662dc808c840a14a4cd035fedd4fe87786649f326f001c,SHARED_REFERENCE
NG-SPT-000565,565,39.34,0.052533,EPSG:4326,NG-SOV-PART-000001,NG-MGRID-02-03,true,NG-CLIM-OBS-000142,vegetation:novegeo:cell:000142,1606,PLATEAU,ENVIRONMENTAL_REFERENCE_SAMPLE_POINT,dataset:novegeo:terrain:elevation,1,data/novegeo/geography/terrain/qualified/novegeo_terrain_v001.json,f03d14ce483280aff6662dc808c840a14a4cd035fedd4fe87786649f326f001c,SHARED_REFERENCE
NG-SPT-000566,566,39.76,0.052533,EPSG:4326,NG-SOV-PART-000001,NG-MGRID-02-03,true,,,1581,PLATEAU,ENVIRONMENTAL_REFERENCE_SAMPLE_POINT,dataset:novegeo:terrain:elevation,1,data/novegeo/geography/terrain/qualified/novegeo_terrain_v001.json,f03d14ce483280aff6662dc808c840a14a4cd035fedd4fe87786649f326f001c,SHARED_REFERENCE
NG-SPT-000567,567,40.18,0.052533,EPSG:4326,NG-SOV-PART-000001,NG-MGRID-02-04,true,,,1515,PLATEAU,ENVIRONMENTAL_REFERENCE_SAMPLE_POINT,dataset:novegeo:terrain:elevation,1,data/novegeo/geography/terrain/qualified/novegeo_terrain_v001.json,f03d14ce483280aff6662dc808c840a14a4cd035fedd4fe87786649f326f001c,SHARED_REFERENCE
NG-SPT-000568,568,40.6,0.052533,EPSG:4326,NG-SOV-PART-000001,NG-MGRID-02-04,true,,,1417,PLATEAU,ENVIRONMENTAL_REFERENCE_SAMPLE_POINT,dataset:novegeo:terrain:elevation,1,data/novegeo/geography/terrain/qualified/novegeo_terrain_v001.json,f03d14ce483280aff6662dc808c840a14a4cd035fedd4fe87786649f326f001c,SHARED_REFERENCE
NG-SPT-000569,569,41.02,0.052533,EPSG:4326,NG-SOV-PART-000001,NG-MGRID-02-04,true,NG-CLIM-OBS-000143,vegetation:novegeo:cell:000143,1298,PLATEAU,ENVIRONMENTAL_REFERENCE_SAMPLE_POINT,dataset:novegeo:terrain:elevation,1,data/novegeo/geography/terrain/qualified/novegeo_terrain_v001.json,f03d14ce483280aff6662dc808c840a14a4cd035fedd4fe87786649f326f001c,SHARED_REFERENCE
NG-SPT-000570,570,41.44,0.052533,EPSG:4326,NG-SOV-PART-000001,NG-MGRID-02-04,true,,,1166,PLATEAU,ENVIRONMENTAL_REFERENCE_SAMPLE_POINT,dataset:novegeo:terrain:elevation,1,data/novegeo/geography/terrain/qualified/novegeo_terrain_v001.json,f03d14ce483280aff6662dc808c840a14a4cd035fedd4fe87786649f326f001c,SHARED_REFERENCE
NG-SPT-000571,571,41.86,0.052533,EPSG:4326,NG-SOV-PART-000001,NG-MGRID-02-04,true,,,1030,PLAIN,ENVIRONMENTAL_REFERENCE_SAMPLE_POINT,dataset:novegeo:terrain:elevation,1,data/novegeo/geography/terrain/qualified/novegeo_terrain_v001.json,f03d14ce483280aff6662dc808c840a14a4cd035fedd4fe87786649f326f001c,SHARED_REFERENCE
NG-SPT-000572,572,42.28,0.052533,EPSG:4326,NG-SOV-PART-000001,NG-MGRID-02-04,true,,,897,PLAIN,ENVIRONMENTAL_REFERENCE_SAMPLE_POINT,dataset:novegeo:terrain:elevation,1,data/novegeo/geography/terrain/qualified/novegeo_terrain_v001.json,f03d14ce483280aff6662dc808c840a14a4cd035fedd4fe87786649f326f001c,SHARED_REFERENCE
NG-SPT-000573,573,42.7,0.052533,EPSG:4326,NG-SOV-PART-000001,NG-MGRID-02-04,true,NG-CLIM-OBS-000144,vegetation:novegeo:cell:000144,773,PLAIN,ENVIRONMENTAL_REFERENCE_SAMPLE_POINT,dataset:novegeo:terrain:elevation,1,data/novegeo/geography/terrain/qualified/novegeo_terrain_v001.json,f03d14ce483280aff6662dc808c840a14a4cd035fedd4fe87786649f326f001c,SHARED_REFERENCE
NG-SPT-000574,574,43.12,0.052533,EPSG:4326,NG-SOV-PART-000001,NG-MGRID-02-04,true,,,642,PLAIN,ENVIRONMENTAL_REFERENCE_SAMPLE_POINT,dataset:novegeo:terrain:elevation,1,data/novegeo/geography/terrain/qualified/novegeo_terrain_v001.json,f03d14ce483280aff6662dc808c840a14a4cd035fedd4fe87786649f326f001c,SHARED_REFERENCE
NG-SPT-000575,575,43.54,0.052533,EPSG:4326,NG-SOV-PART-000001,NG-MGRID-02-04,true,,,523,PLAIN,ENVIRONMENTAL_REFERENCE_SAMPLE_POINT,dataset:novegeo:terrain:elevation,1,data/novegeo/geography/terrain/qualified/novegeo_terrain_v001.json,f03d14ce483280aff6662dc808c840a14a4cd035fedd4fe87786649f326f001c,SHARED_REFERENCE
NG-SPT-000576,576,43.96,0.052533,EPSG:4326,NG-SOV-PART-000001,NG-MGRID-02-04,true,,,420,PLAIN,ENVIRONMENTAL_REFERENCE_SAMPLE_POINT,dataset:novegeo:terrain:elevation,1,data/novegeo/geography/terrain/qualified/novegeo_terrain_v001.json,f03d14ce483280aff6662dc808c840a14a4cd035fedd4fe87786649f326f001c,SHARED_REFERENCE
NG-SPT-000577,577,29.26,0.472533,EPSG:4326,NG-SOV-PART-000001,NG-MGRID-02-01,true,NG-CLIM-OBS-000145,vegetation:novegeo:cell:000145,227,PLAIN,ENVIRONMENTAL_REFERENCE_SAMPLE_POINT,dataset:novegeo:terrain:elevation,1,data/novegeo/geography/terrain/qualified/novegeo_terrain_v001.json,f03d14ce483280aff6662dc808c840a14a4cd035fedd4fe87786649f326f001c,SHARED_REFERENCE
NG-SPT-000578,578,29.68,0.472533,EPSG:4326,NG-SOV-PART-000001,NG-MGRID-02-01,true,,,297,PLAIN,ENVIRONMENTAL_REFERENCE_SAMPLE_POINT,dataset:novegeo:terrain:elevation,1,data/novegeo/geography/terrain/qualified/novegeo_terrain_v001.json,f03d14ce483280aff6662dc808c840a14a4cd035fedd4fe87786649f326f001c,SHARED_REFERENCE
NG-SPT-000579,579,30.1,0.472533,EPSG:4326,NG-SOV-PART-000001,NG-MGRID-02-02,true,,,389,PLAIN,ENVIRONMENTAL_REFERENCE_SAMPLE_POINT,dataset:novegeo:terrain:elevation,1,data/novegeo/geography/terrain/qualified/novegeo_terrain_v001.json,f03d14ce483280aff6662dc808c840a14a4cd035fedd4fe87786649f326f001c,SHARED_REFERENCE
NG-SPT-000580,580,30.52,0.472533,EPSG:4326,NG-SOV-PART-000001,NG-MGRID-02-02,true,,,508,PLAIN,ENVIRONMENTAL_REFERENCE_SAMPLE_POINT,dataset:novegeo:terrain:elevation,1,data/novegeo/geography/terrain/qualified/novegeo_terrain_v001.json,f03d14ce483280aff6662dc808c840a14a4cd035fedd4fe87786649f326f001c,SHARED_REFERENCE
NG-SPT-000581,581,30.94,0.472533,EPSG:4326,NG-SOV-PART-000001,NG-MGRID-02-02,true,NG-CLIM-OBS-000146,vegetation:novegeo:cell:000146,660,PLAIN,ENVIRONMENTAL_REFERENCE_SAMPLE_POINT,dataset:novegeo:terrain:elevation,1,data/novegeo/geography/terrain/qualified/novegeo_terrain_v001.json,f03d14ce483280aff6662dc808c840a14a4cd035fedd4fe87786649f326f001c,SHARED_REFERENCE
NG-SPT-000582,582,31.36,0.472533,EPSG:4326,NG-SOV-PART-000001,NG-MGRID-02-02,true,,,833,PLAIN,ENVIRONMENTAL_REFERENCE_SAMPLE_POINT,dataset:novegeo:terrain:elevation,1,data/novegeo/geography/terrain/qualified/novegeo_terrain_v001.json,f03d14ce483280aff6662dc808c840a14a4cd035fedd4fe87786649f326f001c,SHARED_REFERENCE
NG-SPT-000583,583,31.78,0.472533,EPSG:4326,NG-SOV-PART-000001,NG-MGRID-02-02,true,,,1031,PLAIN,ENVIRONMENTAL_REFERENCE_SAMPLE_POINT,dataset:novegeo:terrain:elevation,1,data/novegeo/geography/terrain/qualified/novegeo_terrain_v001.json,f03d14ce483280aff6662dc808c840a14a4cd035fedd4fe87786649f326f001c,SHARED_REFERENCE
NG-SPT-000584,584,32.2,0.472533,EPSG:4326,NG-SOV-PART-000001,NG-MGRID-02-02,true,,,1257,PLATEAU,ENVIRONMENTAL_REFERENCE_SAMPLE_POINT,dataset:novegeo:terrain:elevation,1,data/novegeo/geography/terrain/qualified/novegeo_terrain_v001.json,f03d14ce483280aff6662dc808c840a14a4cd035fedd4fe87786649f326f001c,SHARED_REFERENCE
NG-SPT-000585,585,32.62,0.472533,EPSG:4326,NG-SOV-PART-000001,NG-MGRID-02-02,true,NG-CLIM-OBS-000147,vegetation:novegeo:cell:000147,1501,PLATEAU,ENVIRONMENTAL_REFERENCE_SAMPLE_POINT,dataset:novegeo:terrain:elevation,1,data/novegeo/geography/terrain/qualified/novegeo_terrain_v001.json,f03d14ce483280aff6662dc808c840a14a4cd035fedd4fe87786649f326f001c,SHARED_REFERENCE
NG-SPT-000586,586,33.04,0.472533,EPSG:4326,NG-SOV-PART-000001,NG-MGRID-02-02,true,,,1747,PLATEAU,ENVIRONMENTAL_REFERENCE_SAMPLE_POINT,dataset:novegeo:terrain:elevation,1,data/novegeo/geography/terrain/qualified/novegeo_terrain_v001.json,f03d14ce483280aff6662dc808c840a14a4cd035fedd4fe87786649f326f001c,SHARED_REFERENCE
NG-SPT-000587,587,33.46,0.472533,EPSG:4326,NG-SOV-PART-000001,NG-MGRID-02-02,true,,,1974,MOUNTAIN,ENVIRONMENTAL_REFERENCE_SAMPLE_POINT,dataset:novegeo:terrain:elevation,1,data/novegeo/geography/terrain/qualified/novegeo_terrain_v001.json,f03d14ce483280aff6662dc808c840a14a4cd035fedd4fe87786649f326f001c,SHARED_REFERENCE
NG-SPT-000588,588,33.88,0.472533,EPSG:4326,NG-SOV-PART-000001,NG-MGRID-02-02,true,,,2159,MOUNTAIN,ENVIRONMENTAL_REFERENCE_SAMPLE_POINT,dataset:novegeo:terrain:elevation,1,data/novegeo/geography/terrain/qualified/novegeo_terrain_v001.json,f03d14ce483280aff6662dc808c840a14a4cd035fedd4fe87786649f326f001c,SHARED_REFERENCE
NG-SPT-000589,589,34.3,0.472533,EPSG:4326,NG-SOV-PART-000001,NG-MGRID-02-02,true,NG-CLIM-OBS-000148,vegetation:novegeo:cell:000148,2281,MOUNTAIN,ENVIRONMENTAL_REFERENCE_SAMPLE_POINT,dataset:novegeo:terrain:elevation,1,data/novegeo/geography/terrain/qualified/novegeo_terrain_v001.json,f03d14ce483280aff6662dc808c840a14a4cd035fedd4fe87786649f326f001c,SHARED_REFERENCE
NG-SPT-000590,590,34.72,0.472533,EPSG:4326,NG-SOV-PART-000001,NG-MGRID-02-02,true,,,2320,MOUNTAIN,ENVIRONMENTAL_REFERENCE_SAMPLE_POINT,dataset:novegeo:terrain:elevation,1,data/novegeo/geography/terrain/qualified/novegeo_terrain_v001.json,f03d14ce483280aff6662dc808c840a14a4cd035fedd4fe87786649f326f001c,SHARED_REFERENCE
NG-SPT-000591,591,35.14,0.472533,EPSG:4326,NG-SOV-PART-000001,NG-MGRID-02-03,true,,,2268,MOUNTAIN,ENVIRONMENTAL_REFERENCE_SAMPLE_POINT,dataset:novegeo:terrain:elevation,1,data/novegeo/geography/terrain/qualified/novegeo_terrain_v001.json,f03d14ce483280aff6662dc808c840a14a4cd035fedd4fe87786649f326f001c,SHARED_REFERENCE
NG-SPT-000592,592,35.56,0.472533,EPSG:4326,NG-SOV-PART-000001,NG-MGRID-02-03,true,,,2131,MOUNTAIN,ENVIRONMENTAL_REFERENCE_SAMPLE_POINT,dataset:novegeo:terrain:elevation,1,data/novegeo/geography/terrain/qualified/novegeo_terrain_v001.json,f03d14ce483280aff6662dc808c840a14a4cd035fedd4fe87786649f326f001c,SHARED_REFERENCE
NG-SPT-000593,593,35.98,0.472533,EPSG:4326,NG-SOV-PART-000001,NG-MGRID-02-03,true,NG-CLIM-OBS-000149,vegetation:novegeo:cell:000149,1936,MOUNTAIN,ENVIRONMENTAL_REFERENCE_SAMPLE_POINT,dataset:novegeo:terrain:elevation,1,data/novegeo/geography/terrain/qualified/novegeo_terrain_v001.json,f03d14ce483280aff6662dc808c840a14a4cd035fedd4fe87786649f326f001c,SHARED_REFERENCE
NG-SPT-000594,594,36.4,0.472533,EPSG:4326,NG-SOV-PART-000001,NG-MGRID-02-03,true,,,1728,PLATEAU,ENVIRONMENTAL_REFERENCE_SAMPLE_POINT,dataset:novegeo:terrain:elevation,1,data/novegeo/geography/terrain/qualified/novegeo_terrain_v001.json,f03d14ce483280aff6662dc808c840a14a4cd035fedd4fe87786649f326f001c,SHARED_REFERENCE
NG-SPT-000595,595,36.82,0.472533,EPSG:4326,NG-SOV-PART-000001,NG-MGRID-02-03,true,,,1554,PLATEAU,ENVIRONMENTAL_REFERENCE_SAMPLE_POINT,dataset:novegeo:terrain:elevation,1,data/novegeo/geography/terrain/qualified/novegeo_terrain_v001.json,f03d14ce483280aff6662dc808c840a14a4cd035fedd4fe87786649f326f001c,SHARED_REFERENCE
NG-SPT-000596,596,37.24,0.472533,EPSG:4326,NG-SOV-PART-000001,NG-MGRID-02-03,true,,,1452,PLATEAU,ENVIRONMENTAL_REFERENCE_SAMPLE_POINT,dataset:novegeo:terrain:elevation,1,data/novegeo/geography/terrain/qualified/novegeo_terrain_v001.json,f03d14ce483280aff6662dc808c840a14a4cd035fedd4fe87786649f326f001c,SHARED_REFERENCE
NG-SPT-000597,597,37.66,0.472533,EPSG:4326,NG-SOV-PART-000001,NG-MGRID-02-03,true,NG-CLIM-OBS-000150,vegetation:novegeo:cell:000150,1431,PLATEAU,ENVIRONMENTAL_REFERENCE_SAMPLE_POINT,dataset:novegeo:terrain:elevation,1,data/novegeo/geography/terrain/qualified/novegeo_terrain_v001.json,f03d14ce483280aff6662dc808c840a14a4cd035fedd4fe87786649f326f001c,SHARED_REFERENCE
NG-SPT-000598,598,38.08,0.472533,EPSG:4326,NG-SOV-PART-000001,NG-MGRID-02-03,true,,,1473,PLATEAU,ENVIRONMENTAL_REFERENCE_SAMPLE_POINT,dataset:novegeo:terrain:elevation,1,data/novegeo/geography/terrain/qualified/novegeo_terrain_v001.json,f03d14ce483280aff6662dc808c840a14a4cd035fedd4fe87786649f326f001c,SHARED_REFERENCE
NG-SPT-000599,599,38.5,0.472533,EPSG:4326,NG-SOV-PART-000001,NG-MGRID-02-03,true,,,1542,PLATEAU,ENVIRONMENTAL_REFERENCE_SAMPLE_POINT,dataset:novegeo:terrain:elevation,1,data/novegeo/geography/terrain/qualified/novegeo_terrain_v001.json,f03d14ce483280aff6662dc808c840a14a4cd035fedd4fe87786649f326f001c,SHARED_REFERENCE
NG-SPT-000600,600,38.92,0.472533,EPSG:4326,NG-SOV-PART-000001,NG-MGRID-02-03,true,,,1603,PLATEAU,ENVIRONMENTAL_REFERENCE_SAMPLE_POINT,dataset:novegeo:terrain:elevation,1,data/novegeo/geography/terrain/qualified/novegeo_terrain_v001.json,f03d14ce483280aff6662dc808c840a14a4cd035fedd4fe87786649f326f001c,SHARED_REFERENCE
NG-SPT-000601,601,39.34,0.472533,EPSG:4326,NG-SOV-PART-000001,NG-MGRID-02-03,true,NG-CLIM-OBS-000151,vegetation:novegeo:cell:000151,1630,PLATEAU,ENVIRONMENTAL_REFERENCE_SAMPLE_POINT,dataset:novegeo:terrain:elevation,1,data/novegeo/geography/terrain/qualified/novegeo_terrain_v001.json,f03d14ce483280aff6662dc808c840a14a4cd035fedd4fe87786649f326f001c,SHARED_REFERENCE
NG-SPT-000602,602,39.76,0.472533,EPSG:4326,NG-SOV-PART-000001,NG-MGRID-02-03,true,,,1614,PLATEAU,ENVIRONMENTAL_REFERENCE_SAMPLE_POINT,dataset:novegeo:terrain:elevation,1,data/novegeo/geography/terrain/qualified/novegeo_terrain_v001.json,f03d14ce483280aff6662dc808c840a14a4cd035fedd4fe87786649f326f001c,SHARED_REFERENCE
NG-SPT-000603,603,40.18,0.472533,EPSG:4326,NG-SOV-PART-000001,NG-MGRID-02-04,true,,,1557,PLATEAU,ENVIRONMENTAL_REFERENCE_SAMPLE_POINT,dataset:novegeo:terrain:elevation,1,data/novegeo/geography/terrain/qualified/novegeo_terrain_v001.json,f03d14ce483280aff6662dc808c840a14a4cd035fedd4fe87786649f326f001c,SHARED_REFERENCE
NG-SPT-000604,604,40.6,0.472533,EPSG:4326,NG-SOV-PART-000001,NG-MGRID-02-04,true,,,1467,PLATEAU,ENVIRONMENTAL_REFERENCE_SAMPLE_POINT,dataset:novegeo:terrain:elevation,1,data/novegeo/geography/terrain/qualified/novegeo_terrain_v001.json,f03d14ce483280aff6662dc808c840a14a4cd035fedd4fe87786649f326f001c,SHARED_REFERENCE
NG-SPT-000605,605,41.02,0.472533,EPSG:4326,NG-SOV-PART-000001,NG-MGRID-02-04,true,NG-CLIM-OBS-000152,vegetation:novegeo:cell:000152,1352,PLATEAU,ENVIRONMENTAL_REFERENCE_SAMPLE_POINT,dataset:novegeo:terrain:elevation,1,data/novegeo/geography/terrain/qualified/novegeo_terrain_v001.json,f03d14ce483280aff6662dc808c840a14a4cd035fedd4fe87786649f326f001c,SHARED_REFERENCE
NG-SPT-000606,606,41.44,0.472533,EPSG:4326,NG-SOV-PART-000001,NG-MGRID-02-04,true,,,1219,PLATEAU,ENVIRONMENTAL_REFERENCE_SAMPLE_POINT,dataset:novegeo:terrain:elevation,1,data/novegeo/geography/terrain/qualified/novegeo_terrain_v001.json,f03d14ce483280aff6662dc808c840a14a4cd035fedd4fe87786649f326f001c,SHARED_REFERENCE
NG-SPT-000607,607,41.86,0.472533,EPSG:4326,NG-SOV-PART-000001,NG-MGRID-02-04,true,,,1079,PLATEAU,ENVIRONMENTAL_REFERENCE_SAMPLE_POINT,dataset:novegeo:terrain:elevation,1,data/novegeo/geography/terrain/qualified/novegeo_terrain_v001.json,f03d14ce483280aff6662dc808c840a14a4cd035fedd4fe87786649f326f001c,SHARED_REFERENCE
NG-SPT-000608,608,42.28,0.472533,EPSG:4326,NG-SOV-PART-000001,NG-MGRID-02-04,true,,,938,PLAIN,ENVIRONMENTAL_REFERENCE_SAMPLE_POINT,dataset:novegeo:terrain:elevation,1,data/novegeo/geography/terrain/qualified/novegeo_terrain_v001.json,f03d14ce483280aff6662dc808c840a14a4cd035fedd4fe87786649f326f001c,SHARED_REFERENCE
NG-SPT-000609,609,42.7,0.472533,EPSG:4326,NG-SOV-PART-000001,NG-MGRID-02-04,true,NG-CLIM-OBS-000153,vegetation:novegeo:cell:000153,805,PLAIN,ENVIRONMENTAL_REFERENCE_SAMPLE_POINT,dataset:novegeo:terrain:elevation,1,data/novegeo/geography/terrain/qualified/novegeo_terrain_v001.json,f03d14ce483280aff6662dc808c840a14a4cd035fedd4fe87786649f326f001c,SHARED_REFERENCE
NG-SPT-000610,610,43.12,0.472533,EPSG:4326,NG-SOV-PART-000001,NG-MGRID-02-04,true,,,665,PLAIN,ENVIRONMENTAL_REFERENCE_SAMPLE_POINT,dataset:novegeo:terrain:elevation,1,data/novegeo/geography/terrain/qualified/novegeo_terrain_v001.json,f03d14ce483280aff6662dc808c840a14a4cd035fedd4fe87786649f326f001c,SHARED_REFERENCE
NG-SPT-000611,611,43.54,0.472533,EPSG:4326,NG-SOV-PART-000001,NG-MGRID-02-04,true,,,541,PLAIN,ENVIRONMENTAL_REFERENCE_SAMPLE_POINT,dataset:novegeo:terrain:elevation,1,data/novegeo/geography/terrain/qualified/novegeo_terrain_v001.json,f03d14ce483280aff6662dc808c840a14a4cd035fedd4fe87786649f326f001c,SHARED_REFERENCE
NG-SPT-000612,612,29.26,0.892533,EPSG:4326,NG-SOV-PART-000001,NG-MGRID-02-01,true,,,226,PLAIN,ENVIRONMENTAL_REFERENCE_SAMPLE_POINT,dataset:novegeo:terrain:elevation,1,data/novegeo/geography/terrain/qualified/novegeo_terrain_v001.json,f03d14ce483280aff6662dc808c840a14a4cd035fedd4fe87786649f326f001c,SHARED_REFERENCE
NG-SPT-000613,613,29.68,0.892533,EPSG:4326,NG-SOV-PART-000001,NG-MGRID-02-01,true,NG-CLIM-OBS-000154,vegetation:novegeo:cell:000154,298,PLAIN,ENVIRONMENTAL_REFERENCE_SAMPLE_POINT,dataset:novegeo:terrain:elevation,1,data/novegeo/geography/terrain/qualified/novegeo_terrain_v001.json,f03d14ce483280aff6662dc808c840a14a4cd035fedd4fe87786649f326f001c,SHARED_REFERENCE
NG-SPT-000614,614,30.1,0.892533,EPSG:4326,NG-SOV-PART-000001,NG-MGRID-02-02,true,,,395,PLAIN,ENVIRONMENTAL_REFERENCE_SAMPLE_POINT,dataset:novegeo:terrain:elevation,1,data/novegeo/geography/terrain/qualified/novegeo_terrain_v001.json,f03d14ce483280aff6662dc808c840a14a4cd035fedd4fe87786649f326f001c,SHARED_REFERENCE
NG-SPT-000615,615,30.52,0.892533,EPSG:4326,NG-SOV-PART-000001,NG-MGRID-02-02,true,,,525,PLAIN,ENVIRONMENTAL_REFERENCE_SAMPLE_POINT,dataset:novegeo:terrain:elevation,1,data/novegeo/geography/terrain/qualified/novegeo_terrain_v001.json,f03d14ce483280aff6662dc808c840a14a4cd035fedd4fe87786649f326f001c,SHARED_REFERENCE
NG-SPT-000616,616,30.94,0.892533,EPSG:4326,NG-SOV-PART-000001,NG-MGRID-02-02,true,,,691,PLAIN,ENVIRONMENTAL_REFERENCE_SAMPLE_POINT,dataset:novegeo:terrain:elevation,1,data/novegeo/geography/terrain/qualified/novegeo_terrain_v001.json,f03d14ce483280aff6662dc808c840a14a4cd035fedd4fe87786649f326f001c,SHARED_REFERENCE
NG-SPT-000617,617,31.36,0.892533,EPSG:4326,NG-SOV-PART-000001,NG-MGRID-02-02,true,NG-CLIM-OBS-000155,vegetation:novegeo:cell:000155,884,PLAIN,ENVIRONMENTAL_REFERENCE_SAMPLE_POINT,dataset:novegeo:terrain:elevation,1,data/novegeo/geography/terrain/qualified/novegeo_terrain_v001.json,f03d14ce483280aff6662dc808c840a14a4cd035fedd4fe87786649f326f001c,SHARED_REFERENCE
NG-SPT-000618,618,31.78,0.892533,EPSG:4326,NG-SOV-PART-000001,NG-MGRID-02-02,true,,,1106,PLATEAU,ENVIRONMENTAL_REFERENCE_SAMPLE_POINT,dataset:novegeo:terrain:elevation,1,data/novegeo/geography/terrain/qualified/novegeo_terrain_v001.json,f03d14ce483280aff6662dc808c840a14a4cd035fedd4fe87786649f326f001c,SHARED_REFERENCE
NG-SPT-000619,619,32.2,0.892533,EPSG:4326,NG-SOV-PART-000001,NG-MGRID-02-02,true,,,1359,PLATEAU,ENVIRONMENTAL_REFERENCE_SAMPLE_POINT,dataset:novegeo:terrain:elevation,1,data/novegeo/geography/terrain/qualified/novegeo_terrain_v001.json,f03d14ce483280aff6662dc808c840a14a4cd035fedd4fe87786649f326f001c,SHARED_REFERENCE
NG-SPT-000620,620,32.62,0.892533,EPSG:4326,NG-SOV-PART-000001,NG-MGRID-02-02,true,,,1630,PLATEAU,ENVIRONMENTAL_REFERENCE_SAMPLE_POINT,dataset:novegeo:terrain:elevation,1,data/novegeo/geography/terrain/qualified/novegeo_terrain_v001.json,f03d14ce483280aff6662dc808c840a14a4cd035fedd4fe87786649f326f001c,SHARED_REFERENCE
NG-SPT-000621,621,33.04,0.892533,EPSG:4326,NG-SOV-PART-000001,NG-MGRID-02-02,true,NG-CLIM-OBS-000156,vegetation:novegeo:cell:000156,1901,MOUNTAIN,ENVIRONMENTAL_REFERENCE_SAMPLE_POINT,dataset:novegeo:terrain:elevation,1,data/novegeo/geography/terrain/qualified/novegeo_terrain_v001.json,f03d14ce483280aff6662dc808c840a14a4cd035fedd4fe87786649f326f001c,SHARED_REFERENCE
NG-SPT-000622,622,33.46,0.892533,EPSG:4326,NG-SOV-PART-000001,NG-MGRID-02-02,true,,,2147,MOUNTAIN,ENVIRONMENTAL_REFERENCE_SAMPLE_POINT,dataset:novegeo:terrain:elevation,1,data/novegeo/geography/terrain/qualified/novegeo_terrain_v001.json,f03d14ce483280aff6662dc808c840a14a4cd035fedd4fe87786649f326f001c,SHARED_REFERENCE
NG-SPT-000623,623,33.88,0.892533,EPSG:4326,NG-SOV-PART-000001,NG-MGRID-02-02,true,,,2346,MOUNTAIN,ENVIRONMENTAL_REFERENCE_SAMPLE_POINT,dataset:novegeo:terrain:elevation,1,data/novegeo/geography/terrain/qualified/novegeo_terrain_v001.json,f03d14ce483280aff6662dc808c840a14a4cd035fedd4fe87786649f326f001c,SHARED_REFERENCE
NG-SPT-000624,624,34.3,0.892533,EPSG:4326,NG-SOV-PART-000001,NG-MGRID-02-02,true,,,2472,MOUNTAIN,ENVIRONMENTAL_REFERENCE_SAMPLE_POINT,dataset:novegeo:terrain:elevation,1,data/novegeo/geography/terrain/qualified/novegeo_terrain_v001.json,f03d14ce483280aff6662dc808c840a14a4cd035fedd4fe87786649f326f001c,SHARED_REFERENCE
NG-SPT-000625,625,34.72,0.892533,EPSG:4326,NG-SOV-PART-000001,NG-MGRID-02-02,true,NG-CLIM-OBS-000157,vegetation:novegeo:cell:000157,2508,MOUNTAIN,ENVIRONMENTAL_REFERENCE_SAMPLE_POINT,dataset:novegeo:terrain:elevation,1,data/novegeo/geography/terrain/qualified/novegeo_terrain_v001.json,f03d14ce483280aff6662dc808c840a14a4cd035fedd4fe87786649f326f001c,SHARED_REFERENCE
NG-SPT-000626,626,35.14,0.892533,EPSG:4326,NG-SOV-PART-000001,NG-MGRID-02-03,true,,,2444,MOUNTAIN,ENVIRONMENTAL_REFERENCE_SAMPLE_POINT,dataset:novegeo:terrain:elevation,1,data/novegeo/geography/terrain/qualified/novegeo_terrain_v001.json,f03d14ce483280aff6662dc808c840a14a4cd035fedd4fe87786649f326f001c,SHARED_REFERENCE
NG-SPT-000627,627,35.56,0.892533,EPSG:4326,NG-SOV-PART-000001,NG-MGRID-02-03,true,,,2290,MOUNTAIN,ENVIRONMENTAL_REFERENCE_SAMPLE_POINT,dataset:novegeo:terrain:elevation,1,data/novegeo/geography/terrain/qualified/novegeo_terrain_v001.json,f03d14ce483280aff6662dc808c840a14a4cd035fedd4fe87786649f326f001c,SHARED_REFERENCE
NG-SPT-000628,628,35.98,0.892533,EPSG:4326,NG-SOV-PART-000001,NG-MGRID-02-03,true,,,2073,MOUNTAIN,ENVIRONMENTAL_REFERENCE_SAMPLE_POINT,dataset:novegeo:terrain:elevation,1,data/novegeo/geography/terrain/qualified/novegeo_terrain_v001.json,f03d14ce483280aff6662dc808c840a14a4cd035fedd4fe87786649f326f001c,SHARED_REFERENCE
NG-SPT-000629,629,36.4,0.892533,EPSG:4326,NG-SOV-PART-000001,NG-MGRID-02-03,true,NG-CLIM-OBS-000158,vegetation:novegeo:cell:000158,1840,PLATEAU,ENVIRONMENTAL_REFERENCE_SAMPLE_POINT,dataset:novegeo:terrain:elevation,1,data/novegeo/geography/terrain/qualified/novegeo_terrain_v001.json,f03d14ce483280aff6662dc808c840a14a4cd035fedd4fe87786649f326f001c,SHARED_REFERENCE
NG-SPT-000630,630,36.82,0.892533,EPSG:4326,NG-SOV-PART-000001,NG-MGRID-02-03,true,,,1641,PLATEAU,ENVIRONMENTAL_REFERENCE_SAMPLE_POINT,dataset:novegeo:terrain:elevation,1,data/novegeo/geography/terrain/qualified/novegeo_terrain_v001.json,f03d14ce483280aff6662dc808c840a14a4cd035fedd4fe87786649f326f001c,SHARED_REFERENCE
NG-SPT-000631,631,37.24,0.892533,EPSG:4326,NG-SOV-PART-000001,NG-MGRID-02-03,true,,,1514,PLATEAU,ENVIRONMENTAL_REFERENCE_SAMPLE_POINT,dataset:novegeo:terrain:elevation,1,data/novegeo/geography/terrain/qualified/novegeo_terrain_v001.json,f03d14ce483280aff6662dc808c840a14a4cd035fedd4fe87786649f326f001c,SHARED_REFERENCE
NG-SPT-000632,632,37.66,0.892533,EPSG:4326,NG-SOV-PART-000001,NG-MGRID-02-03,true,,,1471,PLATEAU,ENVIRONMENTAL_REFERENCE_SAMPLE_POINT,dataset:novegeo:terrain:elevation,1,data/novegeo/geography/terrain/qualified/novegeo_terrain_v001.json,f03d14ce483280aff6662dc808c840a14a4cd035fedd4fe87786649f326f001c,SHARED_REFERENCE
NG-SPT-000633,633,38.08,0.892533,EPSG:4326,NG-SOV-PART-000001,NG-MGRID-02-03,true,NG-CLIM-OBS-000159,vegetation:novegeo:cell:000159,1496,PLATEAU,ENVIRONMENTAL_REFERENCE_SAMPLE_POINT,dataset:novegeo:terrain:elevation,1,data/novegeo/geography/terrain/qualified/novegeo_terrain_v001.json,f03d14ce483280aff6662dc808c840a14a4cd035fedd4fe87786649f326f001c,SHARED_REFERENCE
NG-SPT-000634,634,38.5,0.892533,EPSG:4326,NG-SOV-PART-000001,NG-MGRID-02-03,true,,,1555,PLATEAU,ENVIRONMENTAL_REFERENCE_SAMPLE_POINT,dataset:novegeo:terrain:elevation,1,data/novegeo/geography/terrain/qualified/novegeo_terrain_v001.json,f03d14ce483280aff6662dc808c840a14a4cd035fedd4fe87786649f326f001c,SHARED_REFERENCE
NG-SPT-000635,635,38.92,0.892533,EPSG:4326,NG-SOV-PART-000001,NG-MGRID-02-03,true,,,1614,PLATEAU,ENVIRONMENTAL_REFERENCE_SAMPLE_POINT,dataset:novegeo:terrain:elevation,1,data/novegeo/geography/terrain/qualified/novegeo_terrain_v001.json,f03d14ce483280aff6662dc808c840a14a4cd035fedd4fe87786649f326f001c,SHARED_REFERENCE
NG-SPT-000636,636,39.34,0.892533,EPSG:4326,NG-SOV-PART-000001,NG-MGRID-02-03,true,,,1646,PLATEAU,ENVIRONMENTAL_REFERENCE_SAMPLE_POINT,dataset:novegeo:terrain:elevation,1,data/novegeo/geography/terrain/qualified/novegeo_terrain_v001.json,f03d14ce483280aff6662dc808c840a14a4cd035fedd4fe87786649f326f001c,SHARED_REFERENCE
NG-SPT-000637,637,39.76,0.892533,EPSG:4326,NG-SOV-PART-000001,NG-MGRID-02-03,true,NG-CLIM-OBS-000160,vegetation:novegeo:cell:000160,1641,PLATEAU,ENVIRONMENTAL_REFERENCE_SAMPLE_POINT,dataset:novegeo:terrain:elevation,1,data/novegeo/geography/terrain/qualified/novegeo_terrain_v001.json,f03d14ce483280aff6662dc808c840a14a4cd035fedd4fe87786649f326f001c,SHARED_REFERENCE
NG-SPT-000638,638,40.18,0.892533,EPSG:4326,NG-SOV-PART-000001,NG-MGRID-02-04,true,,,1597,PLATEAU,ENVIRONMENTAL_REFERENCE_SAMPLE_POINT,dataset:novegeo:terrain:elevation,1,data/novegeo/geography/terrain/qualified/novegeo_terrain_v001.json,f03d14ce483280aff6662dc808c840a14a4cd035fedd4fe87786649f326f001c,SHARED_REFERENCE
NG-SPT-000639,639,40.6,0.892533,EPSG:4326,NG-SOV-PART-000001,NG-MGRID-02-04,true,,,1517,PLATEAU,ENVIRONMENTAL_REFERENCE_SAMPLE_POINT,dataset:novegeo:terrain:elevation,1,data/novegeo/geography/terrain/qualified/novegeo_terrain_v001.json,f03d14ce483280aff6662dc808c840a14a4cd035fedd4fe87786649f326f001c,SHARED_REFERENCE
NG-SPT-000640,640,41.02,0.892533,EPSG:4326,NG-SOV-PART-000001,NG-MGRID-02-04,true,,,1407,PLATEAU,ENVIRONMENTAL_REFERENCE_SAMPLE_POINT,dataset:novegeo:terrain:elevation,1,data/novegeo/geography/terrain/qualified/novegeo_terrain_v001.json,f03d14ce483280aff6662dc808c840a14a4cd035fedd4fe87786649f326f001c,SHARED_REFERENCE
NG-SPT-000641,641,41.44,0.892533,EPSG:4326,NG-SOV-PART-000001,NG-MGRID-02-04,true,NG-CLIM-OBS-000161,vegetation:novegeo:cell:000161,1275,PLATEAU,ENVIRONMENTAL_REFERENCE_SAMPLE_POINT,dataset:novegeo:terrain:elevation,1,data/novegeo/geography/terrain/qualified/novegeo_terrain_v001.json,f03d14ce483280aff6662dc808c840a14a4cd035fedd4fe87786649f326f001c,SHARED_REFERENCE
NG-SPT-000642,642,41.86,0.892533,EPSG:4326,NG-SOV-PART-000001,NG-MGRID-02-04,true,,,1129,PLATEAU,ENVIRONMENTAL_REFERENCE_SAMPLE_POINT,dataset:novegeo:terrain:elevation,1,data/novegeo/geography/terrain/qualified/novegeo_terrain_v001.json,f03d14ce483280aff6662dc808c840a14a4cd035fedd4fe87786649f326f001c,SHARED_REFERENCE
NG-SPT-000643,643,42.28,0.892533,EPSG:4326,NG-SOV-PART-000001,NG-MGRID-02-04,true,,,980,PLAIN,ENVIRONMENTAL_REFERENCE_SAMPLE_POINT,dataset:novegeo:terrain:elevation,1,data/novegeo/geography/terrain/qualified/novegeo_terrain_v001.json,f03d14ce483280aff6662dc808c840a14a4cd035fedd4fe87786649f326f001c,SHARED_REFERENCE
NG-SPT-000644,644,42.7,0.892533,EPSG:4326,NG-SOV-PART-000001,NG-MGRID-02-04,true,,,836,PLAIN,ENVIRONMENTAL_REFERENCE_SAMPLE_POINT,dataset:novegeo:terrain:elevation,1,data/novegeo/geography/terrain/qualified/novegeo_terrain_v001.json,f03d14ce483280aff6662dc808c840a14a4cd035fedd4fe87786649f326f001c,SHARED_REFERENCE
NG-SPT-000645,645,43.12,0.892533,EPSG:4326,NG-SOV-PART-000001,NG-MGRID-02-04,true,NG-CLIM-OBS-000162,vegetation:novegeo:cell:000162,688,PLAIN,ENVIRONMENTAL_REFERENCE_SAMPLE_POINT,dataset:novegeo:terrain:elevation,1,data/novegeo/geography/terrain/qualified/novegeo_terrain_v001.json,f03d14ce483280aff6662dc808c840a14a4cd035fedd4fe87786649f326f001c,SHARED_REFERENCE
NG-SPT-000646,646,29.26,1.312533,EPSG:4326,NG-SOV-PART-000001,NG-MGRID-02-01,true,,,225,PLAIN,ENVIRONMENTAL_REFERENCE_SAMPLE_POINT,dataset:novegeo:terrain:elevation,1,data/novegeo/geography/terrain/qualified/novegeo_terrain_v001.json,f03d14ce483280aff6662dc808c840a14a4cd035fedd4fe87786649f326f001c,SHARED_REFERENCE
NG-SPT-000647,647,29.68,1.312533,EPSG:4326,NG-SOV-PART-000001,NG-MGRID-02-01,true,,,297,PLAIN,ENVIRONMENTAL_REFERENCE_SAMPLE_POINT,dataset:novegeo:terrain:elevation,1,data/novegeo/geography/terrain/qualified/novegeo_terrain_v001.json,f03d14ce483280aff6662dc808c840a14a4cd035fedd4fe87786649f326f001c,SHARED_REFERENCE
NG-SPT-000648,648,30.1,1.312533,EPSG:4326,NG-SOV-PART-000001,NG-MGRID-02-02,true,,,397,PLAIN,ENVIRONMENTAL_REFERENCE_SAMPLE_POINT,dataset:novegeo:terrain:elevation,1,data/novegeo/geography/terrain/qualified/novegeo_terrain_v001.json,f03d14ce483280aff6662dc808c840a14a4cd035fedd4fe87786649f326f001c,SHARED_REFERENCE
NG-SPT-000649,649,30.52,1.312533,EPSG:4326,NG-SOV-PART-000001,NG-MGRID-02-02,true,NG-CLIM-OBS-000163,vegetation:novegeo:cell:000163,534,PLAIN,ENVIRONMENTAL_REFERENCE_SAMPLE_POINT,dataset:novegeo:terrain:elevation,1,data/novegeo/geography/terrain/qualified/novegeo_terrain_v001.json,f03d14ce483280aff6662dc808c840a14a4cd035fedd4fe87786649f326f001c,SHARED_REFERENCE
NG-SPT-000650,650,30.94,1.312533,EPSG:4326,NG-SOV-PART-000001,NG-MGRID-02-02,true,,,712,PLAIN,ENVIRONMENTAL_REFERENCE_SAMPLE_POINT,dataset:novegeo:terrain:elevation,1,data/novegeo/geography/terrain/qualified/novegeo_terrain_v001.json,f03d14ce483280aff6662dc808c840a14a4cd035fedd4fe87786649f326f001c,SHARED_REFERENCE
NG-SPT-000651,651,31.36,1.312533,EPSG:4326,NG-SOV-PART-000001,NG-MGRID-02-02,true,,,920,PLAIN,ENVIRONMENTAL_REFERENCE_SAMPLE_POINT,dataset:novegeo:terrain:elevation,1,data/novegeo/geography/terrain/qualified/novegeo_terrain_v001.json,f03d14ce483280aff6662dc808c840a14a4cd035fedd4fe87786649f326f001c,SHARED_REFERENCE
NG-SPT-000652,652,31.78,1.312533,EPSG:4326,NG-SOV-PART-000001,NG-MGRID-02-02,true,,,1161,PLATEAU,ENVIRONMENTAL_REFERENCE_SAMPLE_POINT,dataset:novegeo:terrain:elevation,1,data/novegeo/geography/terrain/qualified/novegeo_terrain_v001.json,f03d14ce483280aff6662dc808c840a14a4cd035fedd4fe87786649f326f001c,SHARED_REFERENCE
NG-SPT-000653,653,32.2,1.312533,EPSG:4326,NG-SOV-PART-000001,NG-MGRID-02-02,true,NG-CLIM-OBS-000164,vegetation:novegeo:cell:000164,1436,PLATEAU,ENVIRONMENTAL_REFERENCE_SAMPLE_POINT,dataset:novegeo:terrain:elevation,1,data/novegeo/geography/terrain/qualified/novegeo_terrain_v001.json,f03d14ce483280aff6662dc808c840a14a4cd035fedd4fe87786649f326f001c,SHARED_REFERENCE
NG-SPT-000654,654,32.62,1.312533,EPSG:4326,NG-SOV-PART-000001,NG-MGRID-02-02,true,,,1729,PLATEAU,ENVIRONMENTAL_REFERENCE_SAMPLE_POINT,dataset:novegeo:terrain:elevation,1,data/novegeo/geography/terrain/qualified/novegeo_terrain_v001.json,f03d14ce483280aff6662dc808c840a14a4cd035fedd4fe87786649f326f001c,SHARED_REFERENCE
NG-SPT-000655,655,33.04,1.312533,EPSG:4326,NG-SOV-PART-000001,NG-MGRID-02-02,true,,,2019,MOUNTAIN,ENVIRONMENTAL_REFERENCE_SAMPLE_POINT,dataset:novegeo:terrain:elevation,1,data/novegeo/geography/terrain/qualified/novegeo_terrain_v001.json,f03d14ce483280aff6662dc808c840a14a4cd035fedd4fe87786649f326f001c,SHARED_REFERENCE
NG-SPT-000656,656,33.46,1.312533,EPSG:4326,NG-SOV-PART-000001,NG-MGRID-02-02,true,,,2282,MOUNTAIN,ENVIRONMENTAL_REFERENCE_SAMPLE_POINT,dataset:novegeo:terrain:elevation,1,data/novegeo/geography/terrain/qualified/novegeo_terrain_v001.json,f03d14ce483280aff6662dc808c840a14a4cd035fedd4fe87786649f326f001c,SHARED_REFERENCE
NG-SPT-000657,657,33.88,1.312533,EPSG:4326,NG-SOV-PART-000001,NG-MGRID-02-02,true,NG-CLIM-OBS-000165,vegetation:novegeo:cell:000165,2491,MOUNTAIN,ENVIRONMENTAL_REFERENCE_SAMPLE_POINT,dataset:novegeo:terrain:elevation,1,data/novegeo/geography/terrain/qualified/novegeo_terrain_v001.json,f03d14ce483280aff6662dc808c840a14a4cd035fedd4fe87786649f326f001c,SHARED_REFERENCE
NG-SPT-000658,658,34.3,1.312533,EPSG:4326,NG-SOV-PART-000001,NG-MGRID-02-02,true,,,2620,MOUNTAIN,ENVIRONMENTAL_REFERENCE_SAMPLE_POINT,dataset:novegeo:terrain:elevation,1,data/novegeo/geography/terrain/qualified/novegeo_terrain_v001.json,f03d14ce483280aff6662dc808c840a14a4cd035fedd4fe87786649f326f001c,SHARED_REFERENCE
NG-SPT-000659,659,34.72,1.312533,EPSG:4326,NG-SOV-PART-000001,NG-MGRID-02-02,true,,,2653,MOUNTAIN,ENVIRONMENTAL_REFERENCE_SAMPLE_POINT,dataset:novegeo:terrain:elevation,1,data/novegeo/geography/terrain/qualified/novegeo_terrain_v001.json,f03d14ce483280aff6662dc808c840a14a4cd035fedd4fe87786649f326f001c,SHARED_REFERENCE
NG-SPT-000660,660,35.14,1.312533,EPSG:4326,NG-SOV-PART-000001,NG-MGRID-02-03,true,,,2580,MOUNTAIN,ENVIRONMENTAL_REFERENCE_SAMPLE_POINT,dataset:novegeo:terrain:elevation,1,data/novegeo/geography/terrain/qualified/novegeo_terrain_v001.json,f03d14ce483280aff6662dc808c840a14a4cd035fedd4fe87786649f326f001c,SHARED_REFERENCE
NG-SPT-000661,661,35.56,1.312533,EPSG:4326,NG-SOV-PART-000001,NG-MGRID-02-03,true,NG-CLIM-OBS-000166,vegetation:novegeo:cell:000166,2412,MOUNTAIN,ENVIRONMENTAL_REFERENCE_SAMPLE_POINT,dataset:novegeo:terrain:elevation,1,data/novegeo/geography/terrain/qualified/novegeo_terrain_v001.json,f03d14ce483280aff6662dc808c840a14a4cd035fedd4fe87786649f326f001c,SHARED_REFERENCE
NG-SPT-000662,662,35.98,1.312533,EPSG:4326,NG-SOV-PART-000001,NG-MGRID-02-03,true,,,2178,MOUNTAIN,ENVIRONMENTAL_REFERENCE_SAMPLE_POINT,dataset:novegeo:terrain:elevation,1,data/novegeo/geography/terrain/qualified/novegeo_terrain_v001.json,f03d14ce483280aff6662dc808c840a14a4cd035fedd4fe87786649f326f001c,SHARED_REFERENCE
NG-SPT-000663,663,36.4,1.312533,EPSG:4326,NG-SOV-PART-000001,NG-MGRID-02-03,true,,,1926,MOUNTAIN,ENVIRONMENTAL_REFERENCE_SAMPLE_POINT,dataset:novegeo:terrain:elevation,1,data/novegeo/geography/terrain/qualified/novegeo_terrain_v001.json,f03d14ce483280aff6662dc808c840a14a4cd035fedd4fe87786649f326f001c,SHARED_REFERENCE
NG-SPT-000664,664,36.82,1.312533,EPSG:4326,NG-SOV-PART-000001,NG-MGRID-02-03,true,,,1705,PLATEAU,ENVIRONMENTAL_REFERENCE_SAMPLE_POINT,dataset:novegeo:terrain:elevation,1,data/novegeo/geography/terrain/qualified/novegeo_terrain_v001.json,f03d14ce483280aff6662dc808c840a14a4cd035fedd4fe87786649f326f001c,SHARED_REFERENCE
NG-SPT-000665,665,37.24,1.312533,EPSG:4326,NG-SOV-PART-000001,NG-MGRID-02-03,true,NG-CLIM-OBS-000167,vegetation:novegeo:cell:000167,1556,PLATEAU,ENVIRONMENTAL_REFERENCE_SAMPLE_POINT,dataset:novegeo:terrain:elevation,1,data/novegeo/geography/terrain/qualified/novegeo_terrain_v001.json,f03d14ce483280aff6662dc808c840a14a4cd035fedd4fe87786649f326f001c,SHARED_REFERENCE
NG-SPT-000666,666,37.66,1.312533,EPSG:4326,NG-SOV-PART-000001,NG-MGRID-02-03,true,,,1492,PLATEAU,ENVIRONMENTAL_REFERENCE_SAMPLE_POINT,dataset:novegeo:terrain:elevation,1,data/novegeo/geography/terrain/qualified/novegeo_terrain_v001.json,f03d14ce483280aff6662dc808c840a14a4cd035fedd4fe87786649f326f001c,SHARED_REFERENCE
NG-SPT-000667,667,38.08,1.312533,EPSG:4326,NG-SOV-PART-000001,NG-MGRID-02-03,true,,,1500,PLATEAU,ENVIRONMENTAL_REFERENCE_SAMPLE_POINT,dataset:novegeo:terrain:elevation,1,data/novegeo/geography/terrain/qualified/novegeo_terrain_v001.json,f03d14ce483280aff6662dc808c840a14a4cd035fedd4fe87786649f326f001c,SHARED_REFERENCE
NG-SPT-000668,668,38.5,1.312533,EPSG:4326,NG-SOV-PART-000001,NG-MGRID-02-03,true,,,1550,PLATEAU,ENVIRONMENTAL_REFERENCE_SAMPLE_POINT,dataset:novegeo:terrain:elevation,1,data/novegeo/geography/terrain/qualified/novegeo_terrain_v001.json,f03d14ce483280aff6662dc808c840a14a4cd035fedd4fe87786649f326f001c,SHARED_REFERENCE
NG-SPT-000669,669,38.92,1.312533,EPSG:4326,NG-SOV-PART-000001,NG-MGRID-02-03,true,NG-CLIM-OBS-000168,vegetation:novegeo:cell:000168,1608,PLATEAU,ENVIRONMENTAL_REFERENCE_SAMPLE_POINT,dataset:novegeo:terrain:elevation,1,data/novegeo/geography/terrain/qualified/novegeo_terrain_v001.json,f03d14ce483280aff6662dc808c840a14a4cd035fedd4fe87786649f326f001c,SHARED_REFERENCE
NG-SPT-000670,670,39.34,1.312533,EPSG:4326,NG-SOV-PART-000001,NG-MGRID-02-03,true,,,1648,PLATEAU,ENVIRONMENTAL_REFERENCE_SAMPLE_POINT,dataset:novegeo:terrain:elevation,1,data/novegeo/geography/terrain/qualified/novegeo_terrain_v001.json,f03d14ce483280aff6662dc808c840a14a4cd035fedd4fe87786649f326f001c,SHARED_REFERENCE
NG-SPT-000671,671,39.76,1.312533,EPSG:4326,NG-SOV-PART-000001,NG-MGRID-02-03,true,,,1656,PLATEAU,ENVIRONMENTAL_REFERENCE_SAMPLE_POINT,dataset:novegeo:terrain:elevation,1,data/novegeo/geography/terrain/qualified/novegeo_terrain_v001.json,f03d14ce483280aff6662dc808c840a14a4cd035fedd4fe87786649f326f001c,SHARED_REFERENCE
NG-SPT-000672,672,40.18,1.312533,EPSG:4326,NG-SOV-PART-000001,NG-MGRID-02-04,true,,,1627,PLATEAU,ENVIRONMENTAL_REFERENCE_SAMPLE_POINT,dataset:novegeo:terrain:elevation,1,data/novegeo/geography/terrain/qualified/novegeo_terrain_v001.json,f03d14ce483280aff6662dc808c840a14a4cd035fedd4fe87786649f326f001c,SHARED_REFERENCE
NG-SPT-000673,673,40.6,1.312533,EPSG:4326,NG-SOV-PART-000001,NG-MGRID-02-04,true,NG-CLIM-OBS-000169,vegetation:novegeo:cell:000169,1561,PLATEAU,ENVIRONMENTAL_REFERENCE_SAMPLE_POINT,dataset:novegeo:terrain:elevation,1,data/novegeo/geography/terrain/qualified/novegeo_terrain_v001.json,f03d14ce483280aff6662dc808c840a14a4cd035fedd4fe87786649f326f001c,SHARED_REFERENCE
NG-SPT-000674,674,41.02,1.312533,EPSG:4326,NG-SOV-PART-000001,NG-MGRID-02-04,true,,,1460,PLATEAU,ENVIRONMENTAL_REFERENCE_SAMPLE_POINT,dataset:novegeo:terrain:elevation,1,data/novegeo/geography/terrain/qualified/novegeo_terrain_v001.json,f03d14ce483280aff6662dc808c840a14a4cd035fedd4fe87786649f326f001c,SHARED_REFERENCE
NG-SPT-000675,675,41.44,1.312533,EPSG:4326,NG-SOV-PART-000001,NG-MGRID-02-04,true,,,1330,PLATEAU,ENVIRONMENTAL_REFERENCE_SAMPLE_POINT,dataset:novegeo:terrain:elevation,1,data/novegeo/geography/terrain/qualified/novegeo_terrain_v001.json,f03d14ce483280aff6662dc808c840a14a4cd035fedd4fe87786649f326f001c,SHARED_REFERENCE
NG-SPT-000676,676,41.86,1.312533,EPSG:4326,NG-SOV-PART-000001,NG-MGRID-02-04,true,,,1180,PLATEAU,ENVIRONMENTAL_REFERENCE_SAMPLE_POINT,dataset:novegeo:terrain:elevation,1,data/novegeo/geography/terrain/qualified/novegeo_terrain_v001.json,f03d14ce483280aff6662dc808c840a14a4cd035fedd4fe87786649f326f001c,SHARED_REFERENCE
NG-SPT-000677,677,42.28,1.312533,EPSG:4326,NG-SOV-PART-000001,NG-MGRID-02-04,true,NG-CLIM-OBS-000170,vegetation:novegeo:cell:000170,1021,PLAIN,ENVIRONMENTAL_REFERENCE_SAMPLE_POINT,dataset:novegeo:terrain:elevation,1,data/novegeo/geography/terrain/qualified/novegeo_terrain_v001.json,f03d14ce483280aff6662dc808c840a14a4cd035fedd4fe87786649f326f001c,SHARED_REFERENCE
NG-SPT-000678,678,42.7,1.312533,EPSG:4326,NG-SOV-PART-000001,NG-MGRID-02-04,true,,,867,PLAIN,ENVIRONMENTAL_REFERENCE_SAMPLE_POINT,dataset:novegeo:terrain:elevation,1,data/novegeo/geography/terrain/qualified/novegeo_terrain_v001.json,f03d14ce483280aff6662dc808c840a14a4cd035fedd4fe87786649f326f001c,SHARED_REFERENCE
NG-SPT-000679,679,43.12,1.312533,EPSG:4326,NG-SOV-PART-000001,NG-MGRID-02-04,true,,,708,PLAIN,ENVIRONMENTAL_REFERENCE_SAMPLE_POINT,dataset:novegeo:terrain:elevation,1,data/novegeo/geography/terrain/qualified/novegeo_terrain_v001.json,f03d14ce483280aff6662dc808c840a14a4cd035fedd4fe87786649f326f001c,SHARED_REFERENCE
NG-SPT-000680,680,29.26,1.732533,EPSG:4326,NG-SOV-PART-000001,NG-MGRID-02-01,true,,,222,PLAIN,ENVIRONMENTAL_REFERENCE_SAMPLE_POINT,dataset:novegeo:terrain:elevation,1,data/novegeo/geography/terrain/qualified/novegeo_terrain_v001.json,f03d14ce483280aff6662dc808c840a14a4cd035fedd4fe87786649f326f001c,SHARED_REFERENCE
NG-SPT-000681,681,29.68,1.732533,EPSG:4326,NG-SOV-PART-000001,NG-MGRID-02-01,true,NG-CLIM-OBS-000171,vegetation:novegeo:cell:000171,293,PLAIN,ENVIRONMENTAL_REFERENCE_SAMPLE_POINT,dataset:novegeo:terrain:elevation,1,data/novegeo/geography/terrain/qualified/novegeo_terrain_v001.json,f03d14ce483280aff6662dc808c840a14a4cd035fedd4fe87786649f326f001c,SHARED_REFERENCE
NG-SPT-000682,682,30.1,1.732533,EPSG:4326,NG-SOV-PART-000001,NG-MGRID-02-02,true,,,395,PLAIN,ENVIRONMENTAL_REFERENCE_SAMPLE_POINT,dataset:novegeo:terrain:elevation,1,data/novegeo/geography/terrain/qualified/novegeo_terrain_v001.json,f03d14ce483280aff6662dc808c840a14a4cd035fedd4fe87786649f326f001c,SHARED_REFERENCE
NG-SPT-000683,683,30.52,1.732533,EPSG:4326,NG-SOV-PART-000001,NG-MGRID-02-02,true,,,536,PLAIN,ENVIRONMENTAL_REFERENCE_SAMPLE_POINT,dataset:novegeo:terrain:elevation,1,data/novegeo/geography/terrain/qualified/novegeo_terrain_v001.json,f03d14ce483280aff6662dc808c840a14a4cd035fedd4fe87786649f326f001c,SHARED_REFERENCE
NG-SPT-000684,684,30.94,1.732533,EPSG:4326,NG-SOV-PART-000001,NG-MGRID-02-02,true,,,721,PLAIN,ENVIRONMENTAL_REFERENCE_SAMPLE_POINT,dataset:novegeo:terrain:elevation,1,data/novegeo/geography/terrain/qualified/novegeo_terrain_v001.json,f03d14ce483280aff6662dc808c840a14a4cd035fedd4fe87786649f326f001c,SHARED_REFERENCE
NG-SPT-000685,685,31.36,1.732533,EPSG:4326,NG-SOV-PART-000001,NG-MGRID-02-02,true,NG-CLIM-OBS-000172,vegetation:novegeo:cell:000172,940,PLAIN,ENVIRONMENTAL_REFERENCE_SAMPLE_POINT,dataset:novegeo:terrain:elevation,1,data/novegeo/geography/terrain/qualified/novegeo_terrain_v001.json,f03d14ce483280aff6662dc808c840a14a4cd035fedd4fe87786649f326f001c,SHARED_REFERENCE
NG-SPT-000686,686,31.78,1.732533,EPSG:4326,NG-SOV-PART-000001,NG-MGRID-02-02,true,,,1195,PLATEAU,ENVIRONMENTAL_REFERENCE_SAMPLE_POINT,dataset:novegeo:terrain:elevation,1,data/novegeo/geography/terrain/qualified/novegeo_terrain_v001.json,f03d14ce483280aff6662dc808c840a14a4cd035fedd4fe87786649f326f001c,SHARED_REFERENCE
NG-SPT-000687,687,32.2,1.732533,EPSG:4326,NG-SOV-PART-000001,NG-MGRID-02-02,true,,,1484,PLATEAU,ENVIRONMENTAL_REFERENCE_SAMPLE_POINT,dataset:novegeo:terrain:elevation,1,data/novegeo/geography/terrain/qualified/novegeo_terrain_v001.json,f03d14ce483280aff6662dc808c840a14a4cd035fedd4fe87786649f326f001c,SHARED_REFERENCE
NG-SPT-000688,688,32.62,1.732533,EPSG:4326,NG-SOV-PART-000001,NG-MGRID-02-02,true,,,1792,PLATEAU,ENVIRONMENTAL_REFERENCE_SAMPLE_POINT,dataset:novegeo:terrain:elevation,1,data/novegeo/geography/terrain/qualified/novegeo_terrain_v001.json,f03d14ce483280aff6662dc808c840a14a4cd035fedd4fe87786649f326f001c,SHARED_REFERENCE
NG-SPT-000689,689,33.04,1.732533,EPSG:4326,NG-SOV-PART-000001,NG-MGRID-02-02,true,NG-CLIM-OBS-000173,vegetation:novegeo:cell:000173,2096,MOUNTAIN,ENVIRONMENTAL_REFERENCE_SAMPLE_POINT,dataset:novegeo:terrain:elevation,1,data/novegeo/geography/terrain/qualified/novegeo_terrain_v001.json,f03d14ce483280aff6662dc808c840a14a4cd035fedd4fe87786649f326f001c,SHARED_REFERENCE
NG-SPT-000690,690,33.46,1.732533,EPSG:4326,NG-SOV-PART-000001,NG-MGRID-02-02,true,,,2370,MOUNTAIN,ENVIRONMENTAL_REFERENCE_SAMPLE_POINT,dataset:novegeo:terrain:elevation,1,data/novegeo/geography/terrain/qualified/novegeo_terrain_v001.json,f03d14ce483280aff6662dc808c840a14a4cd035fedd4fe87786649f326f001c,SHARED_REFERENCE
NG-SPT-000691,691,33.88,1.732533,EPSG:4326,NG-SOV-PART-000001,NG-MGRID-02-02,true,,,2585,MOUNTAIN,ENVIRONMENTAL_REFERENCE_SAMPLE_POINT,dataset:novegeo:terrain:elevation,1,data/novegeo/geography/terrain/qualified/novegeo_terrain_v001.json,f03d14ce483280aff6662dc808c840a14a4cd035fedd4fe87786649f326f001c,SHARED_REFERENCE
NG-SPT-000692,692,34.3,1.732533,EPSG:4326,NG-SOV-PART-000001,NG-MGRID-02-02,true,,,2716,MOUNTAIN,ENVIRONMENTAL_REFERENCE_SAMPLE_POINT,dataset:novegeo:terrain:elevation,1,data/novegeo/geography/terrain/qualified/novegeo_terrain_v001.json,f03d14ce483280aff6662dc808c840a14a4cd035fedd4fe87786649f326f001c,SHARED_REFERENCE
NG-SPT-000693,693,34.72,1.732533,EPSG:4326,NG-SOV-PART-000001,NG-MGRID-02-02,true,NG-CLIM-OBS-000174,vegetation:novegeo:cell:000174,2745,MOUNTAIN,ENVIRONMENTAL_REFERENCE_SAMPLE_POINT,dataset:novegeo:terrain:elevation,1,data/novegeo/geography/terrain/qualified/novegeo_terrain_v001.json,f03d14ce483280aff6662dc808c840a14a4cd035fedd4fe87786649f326f001c,SHARED_REFERENCE
NG-SPT-000694,694,35.14,1.732533,EPSG:4326,NG-SOV-PART-000001,NG-MGRID-02-03,true,,,2665,MOUNTAIN,ENVIRONMENTAL_REFERENCE_SAMPLE_POINT,dataset:novegeo:terrain:elevation,1,data/novegeo/geography/terrain/qualified/novegeo_terrain_v001.json,f03d14ce483280aff6662dc808c840a14a4cd035fedd4fe87786649f326f001c,SHARED_REFERENCE
NG-SPT-000695,695,35.56,1.732533,EPSG:4326,NG-SOV-PART-000001,NG-MGRID-02-03,true,,,2487,MOUNTAIN,ENVIRONMENTAL_REFERENCE_SAMPLE_POINT,dataset:novegeo:terrain:elevation,1,data/novegeo/geography/terrain/qualified/novegeo_terrain_v001.json,f03d14ce483280aff6662dc808c840a14a4cd035fedd4fe87786649f326f001c,SHARED_REFERENCE
NG-SPT-000696,696,35.98,1.732533,EPSG:4326,NG-SOV-PART-000001,NG-MGRID-02-03,true,,,2241,MOUNTAIN,ENVIRONMENTAL_REFERENCE_SAMPLE_POINT,dataset:novegeo:terrain:elevation,1,data/novegeo/geography/terrain/qualified/novegeo_terrain_v001.json,f03d14ce483280aff6662dc808c840a14a4cd035fedd4fe87786649f326f001c,SHARED_REFERENCE
NG-SPT-000697,697,36.4,1.732533,EPSG:4326,NG-SOV-PART-000001,NG-MGRID-02-03,true,NG-CLIM-OBS-000175,vegetation:novegeo:cell:000175,1973,MOUNTAIN,ENVIRONMENTAL_REFERENCE_SAMPLE_POINT,dataset:novegeo:terrain:elevation,1,data/novegeo/geography/terrain/qualified/novegeo_terrain_v001.json,f03d14ce483280aff6662dc808c840a14a4cd035fedd4fe87786649f326f001c,SHARED_REFERENCE
NG-SPT-000698,698,36.82,1.732533,EPSG:4326,NG-SOV-PART-000001,NG-MGRID-02-03,true,,,1735,PLATEAU,ENVIRONMENTAL_REFERENCE_SAMPLE_POINT,dataset:novegeo:terrain:elevation,1,data/novegeo/geography/terrain/qualified/novegeo_terrain_v001.json,f03d14ce483280aff6662dc808c840a14a4cd035fedd4fe87786649f326f001c,SHARED_REFERENCE
NG-SPT-000699,699,37.24,1.732533,EPSG:4326,NG-SOV-PART-000001,NG-MGRID-02-03,true,,,1567,PLATEAU,ENVIRONMENTAL_REFERENCE_SAMPLE_POINT,dataset:novegeo:terrain:elevation,1,data/novegeo/geography/terrain/qualified/novegeo_terrain_v001.json,f03d14ce483280aff6662dc808c840a14a4cd035fedd4fe87786649f326f001c,SHARED_REFERENCE
NG-SPT-000700,700,37.66,1.732533,EPSG:4326,NG-SOV-PART-000001,NG-MGRID-02-03,true,,,1485,PLATEAU,ENVIRONMENTAL_REFERENCE_SAMPLE_POINT,dataset:novegeo:terrain:elevation,1,data/novegeo/geography/terrain/qualified/novegeo_terrain_v001.json,f03d14ce483280aff6662dc808c840a14a4cd035fedd4fe87786649f326f001c,SHARED_REFERENCE
NG-SPT-000701,701,38.08,1.732533,EPSG:4326,NG-SOV-PART-000001,NG-MGRID-02-03,true,NG-CLIM-OBS-000176,vegetation:novegeo:cell:000176,1478,PLATEAU,ENVIRONMENTAL_REFERENCE_SAMPLE_POINT,dataset:novegeo:terrain:elevation,1,data/novegeo/geography/terrain/qualified/novegeo_terrain_v001.json,f03d14ce483280aff6662dc808c840a14a4cd035fedd4fe87786649f326f001c,SHARED_REFERENCE
NG-SPT-000702,702,38.5,1.732533,EPSG:4326,NG-SOV-PART-000001,NG-MGRID-02-03,true,,,1519,PLATEAU,ENVIRONMENTAL_REFERENCE_SAMPLE_POINT,dataset:novegeo:terrain:elevation,1,data/novegeo/geography/terrain/qualified/novegeo_terrain_v001.json,f03d14ce483280aff6662dc808c840a14a4cd035fedd4fe87786649f326f001c,SHARED_REFERENCE
NG-SPT-000703,703,38.92,1.732533,EPSG:4326,NG-SOV-PART-000001,NG-MGRID-02-03,true,,,1578,PLATEAU,ENVIRONMENTAL_REFERENCE_SAMPLE_POINT,dataset:novegeo:terrain:elevation,1,data/novegeo/geography/terrain/qualified/novegeo_terrain_v001.json,f03d14ce483280aff6662dc808c840a14a4cd035fedd4fe87786649f326f001c,SHARED_REFERENCE
NG-SPT-000704,704,39.34,1.732533,EPSG:4326,NG-SOV-PART-000001,NG-MGRID-02-03,true,,,1628,PLATEAU,ENVIRONMENTAL_REFERENCE_SAMPLE_POINT,dataset:novegeo:terrain:elevation,1,data/novegeo/geography/terrain/qualified/novegeo_terrain_v001.json,f03d14ce483280aff6662dc808c840a14a4cd035fedd4fe87786649f326f001c,SHARED_REFERENCE
NG-SPT-000705,705,39.76,1.732533,EPSG:4326,NG-SOV-PART-000001,NG-MGRID-02-03,true,NG-CLIM-OBS-000177,vegetation:novegeo:cell:000177,1653,PLATEAU,ENVIRONMENTAL_REFERENCE_SAMPLE_POINT,dataset:novegeo:terrain:elevation,1,data/novegeo/geography/terrain/qualified/novegeo_terrain_v001.json,f03d14ce483280aff6662dc808c840a14a4cd035fedd4fe87786649f326f001c,SHARED_REFERENCE
NG-SPT-000706,706,40.18,1.732533,EPSG:4326,NG-SOV-PART-000001,NG-MGRID-02-04,true,,,1643,PLATEAU,ENVIRONMENTAL_REFERENCE_SAMPLE_POINT,dataset:novegeo:terrain:elevation,1,data/novegeo/geography/terrain/qualified/novegeo_terrain_v001.json,f03d14ce483280aff6662dc808c840a14a4cd035fedd4fe87786649f326f001c,SHARED_REFERENCE
NG-SPT-000707,707,40.6,1.732533,EPSG:4326,NG-SOV-PART-000001,NG-MGRID-02-04,true,,,1594,PLATEAU,ENVIRONMENTAL_REFERENCE_SAMPLE_POINT,dataset:novegeo:terrain:elevation,1,data/novegeo/geography/terrain/qualified/novegeo_terrain_v001.json,f03d14ce483280aff6662dc808c840a14a4cd035fedd4fe87786649f326f001c,SHARED_REFERENCE
NG-SPT-000708,708,41.02,1.732533,EPSG:4326,NG-SOV-PART-000001,NG-MGRID-02-04,true,,,1505,PLATEAU,ENVIRONMENTAL_REFERENCE_SAMPLE_POINT,dataset:novegeo:terrain:elevation,1,data/novegeo/geography/terrain/qualified/novegeo_terrain_v001.json,f03d14ce483280aff6662dc808c840a14a4cd035fedd4fe87786649f326f001c,SHARED_REFERENCE
NG-SPT-000709,709,41.44,1.732533,EPSG:4326,NG-SOV-PART-000001,NG-MGRID-02-04,true,NG-CLIM-OBS-000178,vegetation:novegeo:cell:000178,1379,PLATEAU,ENVIRONMENTAL_REFERENCE_SAMPLE_POINT,dataset:novegeo:terrain:elevation,1,data/novegeo/geography/terrain/qualified/novegeo_terrain_v001.json,f03d14ce483280aff6662dc808c840a14a4cd035fedd4fe87786649f326f001c,SHARED_REFERENCE
NG-SPT-000710,710,41.86,1.732533,EPSG:4326,NG-SOV-PART-000001,NG-MGRID-02-04,true,,,1225,PLATEAU,ENVIRONMENTAL_REFERENCE_SAMPLE_POINT,dataset:novegeo:terrain:elevation,1,data/novegeo/geography/terrain/qualified/novegeo_terrain_v001.json,f03d14ce483280aff6662dc808c840a14a4cd035fedd4fe87786649f326f001c,SHARED_REFERENCE
NG-SPT-000711,711,42.28,1.732533,EPSG:4326,NG-SOV-PART-000001,NG-MGRID-02-04,true,,,1058,PLATEAU,ENVIRONMENTAL_REFERENCE_SAMPLE_POINT,dataset:novegeo:terrain:elevation,1,data/novegeo/geography/terrain/qualified/novegeo_terrain_v001.json,f03d14ce483280aff6662dc808c840a14a4cd035fedd4fe87786649f326f001c,SHARED_REFERENCE
NG-SPT-000712,712,42.7,1.732533,EPSG:4326,NG-SOV-PART-000001,NG-MGRID-02-04,true,,,894,PLAIN,ENVIRONMENTAL_REFERENCE_SAMPLE_POINT,dataset:novegeo:terrain:elevation,1,data/novegeo/geography/terrain/qualified/novegeo_terrain_v001.json,f03d14ce483280aff6662dc808c840a14a4cd035fedd4fe87786649f326f001c,SHARED_REFERENCE
NG-SPT-000713,713,43.12,1.732533,EPSG:4326,NG-SOV-PART-000001,NG-MGRID-02-04,true,NG-CLIM-OBS-000179,vegetation:novegeo:cell:000179,725,PLAIN,ENVIRONMENTAL_REFERENCE_SAMPLE_POINT,dataset:novegeo:terrain:elevation,1,data/novegeo/geography/terrain/qualified/novegeo_terrain_v001.json,f03d14ce483280aff6662dc808c840a14a4cd035fedd4fe87786649f326f001c,SHARED_REFERENCE
NG-SPT-000714,714,43.54,1.732533,EPSG:4326,NG-SOV-PART-000001,NG-MGRID-02-04,true,,,579,PLAIN,ENVIRONMENTAL_REFERENCE_SAMPLE_POINT,dataset:novegeo:terrain:elevation,1,data/novegeo/geography/terrain/qualified/novegeo_terrain_v001.json,f03d14ce483280aff6662dc808c840a14a4cd035fedd4fe87786649f326f001c,SHARED_REFERENCE
NG-SPT-000715,715,29.68,2.152533,EPSG:4326,NG-SOV-PART-000001,NG-MGRID-02-01,true,,,286,PLAIN,ENVIRONMENTAL_REFERENCE_SAMPLE_POINT,dataset:novegeo:terrain:elevation,1,data/novegeo/geography/terrain/qualified/novegeo_terrain_v001.json,f03d14ce483280aff6662dc808c840a14a4cd035fedd4fe87786649f326f001c,SHARED_REFERENCE
NG-SPT-000716,716,30.1,2.152533,EPSG:4326,NG-SOV-PART-000001,NG-MGRID-02-02,true,,,388,PLAIN,ENVIRONMENTAL_REFERENCE_SAMPLE_POINT,dataset:novegeo:terrain:elevation,1,data/novegeo/geography/terrain/qualified/novegeo_terrain_v001.json,f03d14ce483280aff6662dc808c840a14a4cd035fedd4fe87786649f326f001c,SHARED_REFERENCE
NG-SPT-000717,717,30.52,2.152533,EPSG:4326,NG-SOV-PART-000001,NG-MGRID-02-02,true,NG-CLIM-OBS-000180,vegetation:novegeo:cell:000180,530,PLAIN,ENVIRONMENTAL_REFERENCE_SAMPLE_POINT,dataset:novegeo:terrain:elevation,1,data/novegeo/geography/terrain/qualified/novegeo_terrain_v001.json,f03d14ce483280aff6662dc808c840a14a4cd035fedd4fe87786649f326f001c,SHARED_REFERENCE
NG-SPT-000718,718,30.94,2.152533,EPSG:4326,NG-SOV-PART-000001,NG-MGRID-02-02,true,,,719,PLAIN,ENVIRONMENTAL_REFERENCE_SAMPLE_POINT,dataset:novegeo:terrain:elevation,1,data/novegeo/geography/terrain/qualified/novegeo_terrain_v001.json,f03d14ce483280aff6662dc808c840a14a4cd035fedd4fe87786649f326f001c,SHARED_REFERENCE
NG-SPT-000719,719,31.36,2.152533,EPSG:4326,NG-SOV-PART-000001,NG-MGRID-02-02,true,,,943,PLAIN,ENVIRONMENTAL_REFERENCE_SAMPLE_POINT,dataset:novegeo:terrain:elevation,1,data/novegeo/geography/terrain/qualified/novegeo_terrain_v001.json,f03d14ce483280aff6662dc808c840a14a4cd035fedd4fe87786649f326f001c,SHARED_REFERENCE
NG-SPT-000720,720,31.78,2.152533,EPSG:4326,NG-SOV-PART-000001,NG-MGRID-02-02,true,,,1205,PLATEAU,ENVIRONMENTAL_REFERENCE_SAMPLE_POINT,dataset:novegeo:terrain:elevation,1,data/novegeo/geography/terrain/qualified/novegeo_terrain_v001.json,f03d14ce483280aff6662dc808c840a14a4cd035fedd4fe87786649f326f001c,SHARED_REFERENCE
NG-SPT-000721,721,32.2,2.152533,EPSG:4326,NG-SOV-PART-000001,NG-MGRID-02-02,true,NG-CLIM-OBS-000181,vegetation:novegeo:cell:000181,1502,PLATEAU,ENVIRONMENTAL_REFERENCE_SAMPLE_POINT,dataset:novegeo:terrain:elevation,1,data/novegeo/geography/terrain/qualified/novegeo_terrain_v001.json,f03d14ce483280aff6662dc808c840a14a4cd035fedd4fe87786649f326f001c,SHARED_REFERENCE
NG-SPT-000722,722,32.62,2.152533,EPSG:4326,NG-SOV-PART-000001,NG-MGRID-02-02,true,,,1818,PLATEAU,ENVIRONMENTAL_REFERENCE_SAMPLE_POINT,dataset:novegeo:terrain:elevation,1,data/novegeo/geography/terrain/qualified/novegeo_terrain_v001.json,f03d14ce483280aff6662dc808c840a14a4cd035fedd4fe87786649f326f001c,SHARED_REFERENCE
NG-SPT-000723,723,33.04,2.152533,EPSG:4326,NG-SOV-PART-000001,NG-MGRID-02-02,true,,,2129,MOUNTAIN,ENVIRONMENTAL_REFERENCE_SAMPLE_POINT,dataset:novegeo:terrain:elevation,1,data/novegeo/geography/terrain/qualified/novegeo_terrain_v001.json,f03d14ce483280aff6662dc808c840a14a4cd035fedd4fe87786649f326f001c,SHARED_REFERENCE
NG-SPT-000724,724,33.46,2.152533,EPSG:4326,NG-SOV-PART-000001,NG-MGRID-02-02,true,,,2407,MOUNTAIN,ENVIRONMENTAL_REFERENCE_SAMPLE_POINT,dataset:novegeo:terrain:elevation,1,data/novegeo/geography/terrain/qualified/novegeo_terrain_v001.json,f03d14ce483280aff6662dc808c840a14a4cd035fedd4fe87786649f326f001c,SHARED_REFERENCE
NG-SPT-000725,725,33.88,2.152533,EPSG:4326,NG-SOV-PART-000001,NG-MGRID-02-02,true,NG-CLIM-OBS-000182,vegetation:novegeo:cell:000182,2623,MOUNTAIN,ENVIRONMENTAL_REFERENCE_SAMPLE_POINT,dataset:novegeo:terrain:elevation,1,data/novegeo/geography/terrain/qualified/novegeo_terrain_v001.json,f03d14ce483280aff6662dc808c840a14a4cd035fedd4fe87786649f326f001c,SHARED_REFERENCE
NG-SPT-000726,726,34.3,2.152533,EPSG:4326,NG-SOV-PART-000001,NG-MGRID-02-02,true,,,2753,MOUNTAIN,ENVIRONMENTAL_REFERENCE_SAMPLE_POINT,dataset:novegeo:terrain:elevation,1,data/novegeo/geography/terrain/qualified/novegeo_terrain_v001.json,f03d14ce483280aff6662dc808c840a14a4cd035fedd4fe87786649f326f001c,SHARED_REFERENCE
NG-SPT-000727,727,34.72,2.152533,EPSG:4326,NG-SOV-PART-000001,NG-MGRID-02-02,true,,,2778,MOUNTAIN,ENVIRONMENTAL_REFERENCE_SAMPLE_POINT,dataset:novegeo:terrain:elevation,1,data/novegeo/geography/terrain/qualified/novegeo_terrain_v001.json,f03d14ce483280aff6662dc808c840a14a4cd035fedd4fe87786649f326f001c,SHARED_REFERENCE
NG-SPT-000728,728,35.14,2.152533,EPSG:4326,NG-SOV-PART-000001,NG-MGRID-02-03,true,,,2693,MOUNTAIN,ENVIRONMENTAL_REFERENCE_SAMPLE_POINT,dataset:novegeo:terrain:elevation,1,data/novegeo/geography/terrain/qualified/novegeo_terrain_v001.json,f03d14ce483280aff6662dc808c840a14a4cd035fedd4fe87786649f326f001c,SHARED_REFERENCE
NG-SPT-000729,729,35.56,2.152533,EPSG:4326,NG-SOV-PART-000001,NG-MGRID-02-03,true,NG-CLIM-OBS-000183,vegetation:novegeo:cell:000183,2508,MOUNTAIN,ENVIRONMENTAL_REFERENCE_SAMPLE_POINT,dataset:novegeo:terrain:elevation,1,data/novegeo/geography/terrain/qualified/novegeo_terrain_v001.json,f03d14ce483280aff6662dc808c840a14a4cd035fedd4fe87786649f326f001c,SHARED_REFERENCE
NG-SPT-000730,730,35.98,2.152533,EPSG:4326,NG-SOV-PART-000001,NG-MGRID-02-03,true,,,2254,MOUNTAIN,ENVIRONMENTAL_REFERENCE_SAMPLE_POINT,dataset:novegeo:terrain:elevation,1,data/novegeo/geography/terrain/qualified/novegeo_terrain_v001.json,f03d14ce483280aff6662dc808c840a14a4cd035fedd4fe87786649f326f001c,SHARED_REFERENCE
NG-SPT-000731,731,36.4,2.152533,EPSG:4326,NG-SOV-PART-000001,NG-MGRID-02-03,true,,,1977,MOUNTAIN,ENVIRONMENTAL_REFERENCE_SAMPLE_POINT,dataset:novegeo:terrain:elevation,1,data/novegeo/geography/terrain/qualified/novegeo_terrain_v001.json,f03d14ce483280aff6662dc808c840a14a4cd035fedd4fe87786649f326f001c,SHARED_REFERENCE
NG-SPT-000732,732,36.82,2.152533,EPSG:4326,NG-SOV-PART-000001,NG-MGRID-02-03,true,,,1727,PLATEAU,ENVIRONMENTAL_REFERENCE_SAMPLE_POINT,dataset:novegeo:terrain:elevation,1,data/novegeo/geography/terrain/qualified/novegeo_terrain_v001.json,f03d14ce483280aff6662dc808c840a14a4cd035fedd4fe87786649f326f001c,SHARED_REFERENCE
NG-SPT-000733,733,37.24,2.152533,EPSG:4326,NG-SOV-PART-000001,NG-MGRID-02-03,true,NG-CLIM-OBS-000184,vegetation:novegeo:cell:000184,1544,PLATEAU,ENVIRONMENTAL_REFERENCE_SAMPLE_POINT,dataset:novegeo:terrain:elevation,1,data/novegeo/geography/terrain/qualified/novegeo_terrain_v001.json,f03d14ce483280aff6662dc808c840a14a4cd035fedd4fe87786649f326f001c,SHARED_REFERENCE
NG-SPT-000734,734,37.66,2.152533,EPSG:4326,NG-SOV-PART-000001,NG-MGRID-02-03,true,,,1446,PLATEAU,ENVIRONMENTAL_REFERENCE_SAMPLE_POINT,dataset:novegeo:terrain:elevation,1,data/novegeo/geography/terrain/qualified/novegeo_terrain_v001.json,f03d14ce483280aff6662dc808c840a14a4cd035fedd4fe87786649f326f001c,SHARED_REFERENCE
NG-SPT-000735,735,38.08,2.152533,EPSG:4326,NG-SOV-PART-000001,NG-MGRID-02-03,true,,,1427,PLATEAU,ENVIRONMENTAL_REFERENCE_SAMPLE_POINT,dataset:novegeo:terrain:elevation,1,data/novegeo/geography/terrain/qualified/novegeo_terrain_v001.json,f03d14ce483280aff6662dc808c840a14a4cd035fedd4fe87786649f326f001c,SHARED_REFERENCE
NG-SPT-000736,736,38.5,2.152533,EPSG:4326,NG-SOV-PART-000001,NG-MGRID-02-03,true,,,1462,PLATEAU,ENVIRONMENTAL_REFERENCE_SAMPLE_POINT,dataset:novegeo:terrain:elevation,1,data/novegeo/geography/terrain/qualified/novegeo_terrain_v001.json,f03d14ce483280aff6662dc808c840a14a4cd035fedd4fe87786649f326f001c,SHARED_REFERENCE
NG-SPT-000737,737,38.92,2.152533,EPSG:4326,NG-SOV-PART-000001,NG-MGRID-02-03,true,NG-CLIM-OBS-000185,vegetation:novegeo:cell:000185,1522,PLATEAU,ENVIRONMENTAL_REFERENCE_SAMPLE_POINT,dataset:novegeo:terrain:elevation,1,data/novegeo/geography/terrain/qualified/novegeo_terrain_v001.json,f03d14ce483280aff6662dc808c840a14a4cd035fedd4fe87786649f326f001c,SHARED_REFERENCE
NG-SPT-000738,738,39.34,2.152533,EPSG:4326,NG-SOV-PART-000001,NG-MGRID-02-03,true,,,1583,PLATEAU,ENVIRONMENTAL_REFERENCE_SAMPLE_POINT,dataset:novegeo:terrain:elevation,1,data/novegeo/geography/terrain/qualified/novegeo_terrain_v001.json,f03d14ce483280aff6662dc808c840a14a4cd035fedd4fe87786649f326f001c,SHARED_REFERENCE
NG-SPT-000739,739,39.76,2.152533,EPSG:4326,NG-SOV-PART-000001,NG-MGRID-02-03,true,,,1626,PLATEAU,ENVIRONMENTAL_REFERENCE_SAMPLE_POINT,dataset:novegeo:terrain:elevation,1,data/novegeo/geography/terrain/qualified/novegeo_terrain_v001.json,f03d14ce483280aff6662dc808c840a14a4cd035fedd4fe87786649f326f001c,SHARED_REFERENCE
NG-SPT-000740,740,40.18,2.152533,EPSG:4326,NG-SOV-PART-000001,NG-MGRID-02-04,true,,,1638,PLATEAU,ENVIRONMENTAL_REFERENCE_SAMPLE_POINT,dataset:novegeo:terrain:elevation,1,data/novegeo/geography/terrain/qualified/novegeo_terrain_v001.json,f03d14ce483280aff6662dc808c840a14a4cd035fedd4fe87786649f326f001c,SHARED_REFERENCE
NG-SPT-000741,741,40.6,2.152533,EPSG:4326,NG-SOV-PART-000001,NG-MGRID-02-04,true,NG-CLIM-OBS-000186,vegetation:novegeo:cell:000186,1608,PLATEAU,ENVIRONMENTAL_REFERENCE_SAMPLE_POINT,dataset:novegeo:terrain:elevation,1,data/novegeo/geography/terrain/qualified/novegeo_terrain_v001.json,f03d14ce483280aff6662dc808c840a14a4cd035fedd4fe87786649f326f001c,SHARED_REFERENCE
NG-SPT-000742,742,41.02,2.152533,EPSG:4326,NG-SOV-PART-000001,NG-MGRID-02-04,true,,,1533,PLATEAU,ENVIRONMENTAL_REFERENCE_SAMPLE_POINT,dataset:novegeo:terrain:elevation,1,data/novegeo/geography/terrain/qualified/novegeo_terrain_v001.json,f03d14ce483280aff6662dc808c840a14a4cd035fedd4fe87786649f326f001c,SHARED_REFERENCE
NG-SPT-000743,743,41.44,2.152533,EPSG:4326,NG-SOV-PART-000001,NG-MGRID-02-04,true,,,1413,PLATEAU,ENVIRONMENTAL_REFERENCE_SAMPLE_POINT,dataset:novegeo:terrain:elevation,1,data/novegeo/geography/terrain/qualified/novegeo_terrain_v001.json,f03d14ce483280aff6662dc808c840a14a4cd035fedd4fe87786649f326f001c,SHARED_REFERENCE
NG-SPT-000744,744,41.86,2.152533,EPSG:4326,NG-SOV-PART-000001,NG-MGRID-02-04,true,,,1259,PLATEAU,ENVIRONMENTAL_REFERENCE_SAMPLE_POINT,dataset:novegeo:terrain:elevation,1,data/novegeo/geography/terrain/qualified/novegeo_terrain_v001.json,f03d14ce483280aff6662dc808c840a14a4cd035fedd4fe87786649f326f001c,SHARED_REFERENCE
NG-SPT-000745,745,42.28,2.152533,EPSG:4326,NG-SOV-PART-000001,NG-MGRID-02-04,true,NG-CLIM-OBS-000187,vegetation:novegeo:cell:000187,1086,PLATEAU,ENVIRONMENTAL_REFERENCE_SAMPLE_POINT,dataset:novegeo:terrain:elevation,1,data/novegeo/geography/terrain/qualified/novegeo_terrain_v001.json,f03d14ce483280aff6662dc808c840a14a4cd035fedd4fe87786649f326f001c,SHARED_REFERENCE
NG-SPT-000746,746,42.7,2.152533,EPSG:4326,NG-SOV-PART-000001,NG-MGRID-02-04,true,,,913,PLAIN,ENVIRONMENTAL_REFERENCE_SAMPLE_POINT,dataset:novegeo:terrain:elevation,1,data/novegeo/geography/terrain/qualified/novegeo_terrain_v001.json,f03d14ce483280aff6662dc808c840a14a4cd035fedd4fe87786649f326f001c,SHARED_REFERENCE
NG-SPT-000747,747,43.12,2.152533,EPSG:4326,NG-SOV-PART-000001,NG-MGRID-02-04,true,,,736,PLAIN,ENVIRONMENTAL_REFERENCE_SAMPLE_POINT,dataset:novegeo:terrain:elevation,1,data/novegeo/geography/terrain/qualified/novegeo_terrain_v001.json,f03d14ce483280aff6662dc808c840a14a4cd035fedd4fe87786649f326f001c,SHARED_REFERENCE
NG-SPT-000748,748,43.54,2.152533,EPSG:4326,NG-SOV-PART-000001,NG-MGRID-02-04,true,,,583,PLAIN,ENVIRONMENTAL_REFERENCE_SAMPLE_POINT,dataset:novegeo:terrain:elevation,1,data/novegeo/geography/terrain/qualified/novegeo_terrain_v001.json,f03d14ce483280aff6662dc808c840a14a4cd035fedd4fe87786649f326f001c,SHARED_REFERENCE
NG-SPT-000749,749,43.96,2.152533,EPSG:4326,NG-SOV-PART-000001,NG-MGRID-02-04,true,NG-CLIM-OBS-000188,vegetation:novegeo:cell:000188,462,PLAIN,ENVIRONMENTAL_REFERENCE_SAMPLE_POINT,dataset:novegeo:terrain:elevation,1,data/novegeo/geography/terrain/qualified/novegeo_terrain_v001.json,f03d14ce483280aff6662dc808c840a14a4cd035fedd4fe87786649f326f001c,SHARED_REFERENCE
NG-SPT-000750,750,29.68,2.572533,EPSG:4326,NG-SOV-PART-000001,NG-MGRID-02-01,true,,,277,PLAIN,ENVIRONMENTAL_REFERENCE_SAMPLE_POINT,dataset:novegeo:terrain:elevation,1,data/novegeo/geography/terrain/qualified/novegeo_terrain_v001.json,f03d14ce483280aff6662dc808c840a14a4cd035fedd4fe87786649f326f001c,SHARED_REFERENCE
NG-SPT-000751,751,30.1,2.572533,EPSG:4326,NG-SOV-PART-000001,NG-MGRID-02-02,true,,,377,PLAIN,ENVIRONMENTAL_REFERENCE_SAMPLE_POINT,dataset:novegeo:terrain:elevation,1,data/novegeo/geography/terrain/qualified/novegeo_terrain_v001.json,f03d14ce483280aff6662dc808c840a14a4cd035fedd4fe87786649f326f001c,SHARED_REFERENCE
NG-SPT-000752,752,30.52,2.572533,EPSG:4326,NG-SOV-PART-000001,NG-MGRID-02-02,true,,,517,PLAIN,ENVIRONMENTAL_REFERENCE_SAMPLE_POINT,dataset:novegeo:terrain:elevation,1,data/novegeo/geography/terrain/qualified/novegeo_terrain_v001.json,f03d14ce483280aff6662dc808c840a14a4cd035fedd4fe87786649f326f001c,SHARED_REFERENCE
NG-SPT-000753,753,30.94,2.572533,EPSG:4326,NG-SOV-PART-000001,NG-MGRID-02-02,true,NG-CLIM-OBS-000189,vegetation:novegeo:cell:000189,705,PLAIN,ENVIRONMENTAL_REFERENCE_SAMPLE_POINT,dataset:novegeo:terrain:elevation,1,data/novegeo/geography/terrain/qualified/novegeo_terrain_v001.json,f03d14ce483280aff6662dc808c840a14a4cd035fedd4fe87786649f326f001c,SHARED_REFERENCE
NG-SPT-000754,754,31.36,2.572533,EPSG:4326,NG-SOV-PART-000001,NG-MGRID-02-02,true,,,929,PLAIN,ENVIRONMENTAL_REFERENCE_SAMPLE_POINT,dataset:novegeo:terrain:elevation,1,data/novegeo/geography/terrain/qualified/novegeo_terrain_v001.json,f03d14ce483280aff6662dc808c840a14a4cd035fedd4fe87786649f326f001c,SHARED_REFERENCE
NG-SPT-000755,755,31.78,2.572533,EPSG:4326,NG-SOV-PART-000001,NG-MGRID-02-02,true,,,1191,PLATEAU,ENVIRONMENTAL_REFERENCE_SAMPLE_POINT,dataset:novegeo:terrain:elevation,1,data/novegeo/geography/terrain/qualified/novegeo_terrain_v001.json,f03d14ce483280aff6662dc808c840a14a4cd035fedd4fe87786649f326f001c,SHARED_REFERENCE
NG-SPT-000756,756,32.2,2.572533,EPSG:4326,NG-SOV-PART-000001,NG-MGRID-02-02,true,,,1489,PLATEAU,ENVIRONMENTAL_REFERENCE_SAMPLE_POINT,dataset:novegeo:terrain:elevation,1,data/novegeo/geography/terrain/qualified/novegeo_terrain_v001.json,f03d14ce483280aff6662dc808c840a14a4cd035fedd4fe87786649f326f001c,SHARED_REFERENCE
NG-SPT-000757,757,32.62,2.572533,EPSG:4326,NG-SOV-PART-000001,NG-MGRID-02-02,true,NG-CLIM-OBS-000190,vegetation:novegeo:cell:000190,1805,PLATEAU,ENVIRONMENTAL_REFERENCE_SAMPLE_POINT,dataset:novegeo:terrain:elevation,1,data/novegeo/geography/terrain/qualified/novegeo_terrain_v001.json,f03d14ce483280aff6662dc808c840a14a4cd035fedd4fe87786649f326f001c,SHARED_REFERENCE
NG-SPT-000758,758,33.04,2.572533,EPSG:4326,NG-SOV-PART-000001,NG-MGRID-02-02,true,,,2115,MOUNTAIN,ENVIRONMENTAL_REFERENCE_SAMPLE_POINT,dataset:novegeo:terrain:elevation,1,data/novegeo/geography/terrain/qualified/novegeo_terrain_v001.json,f03d14ce483280aff6662dc808c840a14a4cd035fedd4fe87786649f326f001c,SHARED_REFERENCE
NG-SPT-000759,759,33.46,2.572533,EPSG:4326,NG-SOV-PART-000001,NG-MGRID-02-02,true,,,2391,MOUNTAIN,ENVIRONMENTAL_REFERENCE_SAMPLE_POINT,dataset:novegeo:terrain:elevation,1,data/novegeo/geography/terrain/qualified/novegeo_terrain_v001.json,f03d14ce483280aff6662dc808c840a14a4cd035fedd4fe87786649f326f001c,SHARED_REFERENCE
NG-SPT-000760,760,33.88,2.572533,EPSG:4326,NG-SOV-PART-000001,NG-MGRID-02-02,true,,,2604,MOUNTAIN,ENVIRONMENTAL_REFERENCE_SAMPLE_POINT,dataset:novegeo:terrain:elevation,1,data/novegeo/geography/terrain/qualified/novegeo_terrain_v001.json,f03d14ce483280aff6662dc808c840a14a4cd035fedd4fe87786649f326f001c,SHARED_REFERENCE
NG-SPT-000761,761,34.3,2.572533,EPSG:4326,NG-SOV-PART-000001,NG-MGRID-02-02,true,NG-CLIM-OBS-000191,vegetation:novegeo:cell:000191,2730,MOUNTAIN,ENVIRONMENTAL_REFERENCE_SAMPLE_POINT,dataset:novegeo:terrain:elevation,1,data/novegeo/geography/terrain/qualified/novegeo_terrain_v001.json,f03d14ce483280aff6662dc808c840a14a4cd035fedd4fe87786649f326f001c,SHARED_REFERENCE
NG-SPT-000762,762,34.72,2.572533,EPSG:4326,NG-SOV-PART-000001,NG-MGRID-02-02,true,,,2750,MOUNTAIN,ENVIRONMENTAL_REFERENCE_SAMPLE_POINT,dataset:novegeo:terrain:elevation,1,data/novegeo/geography/terrain/qualified/novegeo_terrain_v001.json,f03d14ce483280aff6662dc808c840a14a4cd035fedd4fe87786649f326f001c,SHARED_REFERENCE
NG-SPT-000763,763,35.14,2.572533,EPSG:4326,NG-SOV-PART-000001,NG-MGRID-02-03,true,,,2661,MOUNTAIN,ENVIRONMENTAL_REFERENCE_SAMPLE_POINT,dataset:novegeo:terrain:elevation,1,data/novegeo/geography/terrain/qualified/novegeo_terrain_v001.json,f03d14ce483280aff6662dc808c840a14a4cd035fedd4fe87786649f326f001c,SHARED_REFERENCE
NG-SPT-000764,764,35.56,2.572533,EPSG:4326,NG-SOV-PART-000001,NG-MGRID-02-03,true,,,2473,MOUNTAIN,ENVIRONMENTAL_REFERENCE_SAMPLE_POINT,dataset:novegeo:terrain:elevation,1,data/novegeo/geography/terrain/qualified/novegeo_terrain_v001.json,f03d14ce483280aff6662dc808c840a14a4cd035fedd4fe87786649f326f001c,SHARED_REFERENCE
NG-SPT-000765,765,35.98,2.572533,EPSG:4326,NG-SOV-PART-000001,NG-MGRID-02-03,true,NG-CLIM-OBS-000192,vegetation:novegeo:cell:000192,2217,MOUNTAIN,ENVIRONMENTAL_REFERENCE_SAMPLE_POINT,dataset:novegeo:terrain:elevation,1,data/novegeo/geography/terrain/qualified/novegeo_terrain_v001.json,f03d14ce483280aff6662dc808c840a14a4cd035fedd4fe87786649f326f001c,SHARED_REFERENCE
NG-SPT-000766,766,36.4,2.572533,EPSG:4326,NG-SOV-PART-000001,NG-MGRID-02-03,true,,,1936,MOUNTAIN,ENVIRONMENTAL_REFERENCE_SAMPLE_POINT,dataset:novegeo:terrain:elevation,1,data/novegeo/geography/terrain/qualified/novegeo_terrain_v001.json,f03d14ce483280aff6662dc808c840a14a4cd035fedd4fe87786649f326f001c,SHARED_REFERENCE
NG-SPT-000767,767,36.82,2.572533,EPSG:4326,NG-SOV-PART-000001,NG-MGRID-02-03,true,,,1680,PLATEAU,ENVIRONMENTAL_REFERENCE_SAMPLE_POINT,dataset:novegeo:terrain:elevation,1,data/novegeo/geography/terrain/qualified/novegeo_terrain_v001.json,f03d14ce483280aff6662dc808c840a14a4cd035fedd4fe87786649f326f001c,SHARED_REFERENCE
NG-SPT-000768,768,37.24,2.572533,EPSG:4326,NG-SOV-PART-000001,NG-MGRID-02-03,true,,,1488,PLATEAU,ENVIRONMENTAL_REFERENCE_SAMPLE_POINT,dataset:novegeo:terrain:elevation,1,data/novegeo/geography/terrain/qualified/novegeo_terrain_v001.json,f03d14ce483280aff6662dc808c840a14a4cd035fedd4fe87786649f326f001c,SHARED_REFERENCE
NG-SPT-000769,769,37.66,2.572533,EPSG:4326,NG-SOV-PART-000001,NG-MGRID-02-03,true,NG-CLIM-OBS-000193,vegetation:novegeo:cell:000193,1379,PLATEAU,ENVIRONMENTAL_REFERENCE_SAMPLE_POINT,dataset:novegeo:terrain:elevation,1,data/novegeo/geography/terrain/qualified/novegeo_terrain_v001.json,f03d14ce483280aff6662dc808c840a14a4cd035fedd4fe87786649f326f001c,SHARED_REFERENCE
NG-SPT-000770,770,38.08,2.572533,EPSG:4326,NG-SOV-PART-000001,NG-MGRID-02-03,true,,,1348,PLATEAU,ENVIRONMENTAL_REFERENCE_SAMPLE_POINT,dataset:novegeo:terrain:elevation,1,data/novegeo/geography/terrain/qualified/novegeo_terrain_v001.json,f03d14ce483280aff6662dc808c840a14a4cd035fedd4fe87786649f326f001c,SHARED_REFERENCE
NG-SPT-000771,771,38.5,2.572533,EPSG:4326,NG-SOV-PART-000001,NG-MGRID-02-03,true,,,1377,PLATEAU,ENVIRONMENTAL_REFERENCE_SAMPLE_POINT,dataset:novegeo:terrain:elevation,1,data/novegeo/geography/terrain/qualified/novegeo_terrain_v001.json,f03d14ce483280aff6662dc808c840a14a4cd035fedd4fe87786649f326f001c,SHARED_REFERENCE
NG-SPT-000772,772,38.92,2.572533,EPSG:4326,NG-SOV-PART-000001,NG-MGRID-02-03,true,,,1440,PLATEAU,ENVIRONMENTAL_REFERENCE_SAMPLE_POINT,dataset:novegeo:terrain:elevation,1,data/novegeo/geography/terrain/qualified/novegeo_terrain_v001.json,f03d14ce483280aff6662dc808c840a14a4cd035fedd4fe87786649f326f001c,SHARED_REFERENCE
NG-SPT-000773,773,39.34,2.572533,EPSG:4326,NG-SOV-PART-000001,NG-MGRID-02-03,true,NG-CLIM-OBS-000194,vegetation:novegeo:cell:000194,1512,PLATEAU,ENVIRONMENTAL_REFERENCE_SAMPLE_POINT,dataset:novegeo:terrain:elevation,1,data/novegeo/geography/terrain/qualified/novegeo_terrain_v001.json,f03d14ce483280aff6662dc808c840a14a4cd035fedd4fe87786649f326f001c,SHARED_REFERENCE
NG-SPT-000774,774,39.76,2.572533,EPSG:4326,NG-SOV-PART-000001,NG-MGRID-02-03,true,,,1573,PLATEAU,ENVIRONMENTAL_REFERENCE_SAMPLE_POINT,dataset:novegeo:terrain:elevation,1,data/novegeo/geography/terrain/qualified/novegeo_terrain_v001.json,f03d14ce483280aff6662dc808c840a14a4cd035fedd4fe87786649f326f001c,SHARED_REFERENCE
NG-SPT-000775,775,40.18,2.572533,EPSG:4326,NG-SOV-PART-000001,NG-MGRID-02-04,true,,,1605,PLATEAU,ENVIRONMENTAL_REFERENCE_SAMPLE_POINT,dataset:novegeo:terrain:elevation,1,data/novegeo/geography/terrain/qualified/novegeo_terrain_v001.json,f03d14ce483280aff6662dc808c840a14a4cd035fedd4fe87786649f326f001c,SHARED_REFERENCE
NG-SPT-000776,776,40.6,2.572533,EPSG:4326,NG-SOV-PART-000001,NG-MGRID-02-04,true,,,1595,PLATEAU,ENVIRONMENTAL_REFERENCE_SAMPLE_POINT,dataset:novegeo:terrain:elevation,1,data/novegeo/geography/terrain/qualified/novegeo_terrain_v001.json,f03d14ce483280aff6662dc808c840a14a4cd035fedd4fe87786649f326f001c,SHARED_REFERENCE
NG-SPT-000777,777,41.02,2.572533,EPSG:4326,NG-SOV-PART-000001,NG-MGRID-02-04,true,NG-CLIM-OBS-000195,vegetation:novegeo:cell:000195,1535,PLATEAU,ENVIRONMENTAL_REFERENCE_SAMPLE_POINT,dataset:novegeo:terrain:elevation,1,data/novegeo/geography/terrain/qualified/novegeo_terrain_v001.json,f03d14ce483280aff6662dc808c840a14a4cd035fedd4fe87786649f326f001c,SHARED_REFERENCE
NG-SPT-000778,778,41.44,2.572533,EPSG:4326,NG-SOV-PART-000001,NG-MGRID-02-04,true,,,1424,PLATEAU,ENVIRONMENTAL_REFERENCE_SAMPLE_POINT,dataset:novegeo:terrain:elevation,1,data/novegeo/geography/terrain/qualified/novegeo_terrain_v001.json,f03d14ce483280aff6662dc808c840a14a4cd035fedd4fe87786649f326f001c,SHARED_REFERENCE
NG-SPT-000779,779,41.86,2.572533,EPSG:4326,NG-SOV-PART-000001,NG-MGRID-02-04,true,,,1272,PLATEAU,ENVIRONMENTAL_REFERENCE_SAMPLE_POINT,dataset:novegeo:terrain:elevation,1,data/novegeo/geography/terrain/qualified/novegeo_terrain_v001.json,f03d14ce483280aff6662dc808c840a14a4cd035fedd4fe87786649f326f001c,SHARED_REFERENCE
NG-SPT-000780,780,42.28,2.572533,EPSG:4326,NG-SOV-PART-000001,NG-MGRID-02-04,true,,,1097,PLATEAU,ENVIRONMENTAL_REFERENCE_SAMPLE_POINT,dataset:novegeo:terrain:elevation,1,data/novegeo/geography/terrain/qualified/novegeo_terrain_v001.json,f03d14ce483280aff6662dc808c840a14a4cd035fedd4fe87786649f326f001c,SHARED_REFERENCE
NG-SPT-000781,781,42.7,2.572533,EPSG:4326,NG-SOV-PART-000001,NG-MGRID-02-04,true,NG-CLIM-OBS-000196,vegetation:novegeo:cell:000196,918,PLAIN,ENVIRONMENTAL_REFERENCE_SAMPLE_POINT,dataset:novegeo:terrain:elevation,1,data/novegeo/geography/terrain/qualified/novegeo_terrain_v001.json,f03d14ce483280aff6662dc808c840a14a4cd035fedd4fe87786649f326f001c,SHARED_REFERENCE
NG-SPT-000782,782,43.12,2.572533,EPSG:4326,NG-SOV-PART-000001,NG-MGRID-02-04,true,,,736,PLAIN,ENVIRONMENTAL_REFERENCE_SAMPLE_POINT,dataset:novegeo:terrain:elevation,1,data/novegeo/geography/terrain/qualified/novegeo_terrain_v001.json,f03d14ce483280aff6662dc808c840a14a4cd035fedd4fe87786649f326f001c,SHARED_REFERENCE
NG-SPT-000783,783,43.54,2.572533,EPSG:4326,NG-SOV-PART-000001,NG-MGRID-02-04,true,,,579,PLAIN,ENVIRONMENTAL_REFERENCE_SAMPLE_POINT,dataset:novegeo:terrain:elevation,1,data/novegeo/geography/terrain/qualified/novegeo_terrain_v001.json,f03d14ce483280aff6662dc808c840a14a4cd035fedd4fe87786649f326f001c,SHARED_REFERENCE
NG-SPT-000784,784,43.96,2.572533,EPSG:4326,NG-SOV-PART-000001,NG-MGRID-02-04,true,,,457,PLAIN,ENVIRONMENTAL_REFERENCE_SAMPLE_POINT,dataset:novegeo:terrain:elevation,1,data/novegeo/geography/terrain/qualified/novegeo_terrain_v001.json,f03d14ce483280aff6662dc808c840a14a4cd035fedd4fe87786649f326f001c,SHARED_REFERENCE
NG-SPT-000785,785,29.68,2.992533,EPSG:4326,NG-SOV-PART-000001,NG-MGRID-02-01,true,NG-CLIM-OBS-000197,vegetation:novegeo:cell:000197,266,PLAIN,ENVIRONMENTAL_REFERENCE_SAMPLE_POINT,dataset:novegeo:terrain:elevation,1,data/novegeo/geography/terrain/qualified/novegeo_terrain_v001.json,f03d14ce483280aff6662dc808c840a14a4cd035fedd4fe87786649f326f001c,SHARED_REFERENCE
NG-SPT-000786,786,30.1,2.992533,EPSG:4326,NG-SOV-PART-000001,NG-MGRID-02-02,true,,,361,PLAIN,ENVIRONMENTAL_REFERENCE_SAMPLE_POINT,dataset:novegeo:terrain:elevation,1,data/novegeo/geography/terrain/qualified/novegeo_terrain_v001.json,f03d14ce483280aff6662dc808c840a14a4cd035fedd4fe87786649f326f001c,SHARED_REFERENCE
NG-SPT-000787,787,30.52,2.992533,EPSG:4326,NG-SOV-PART-000001,NG-MGRID-02-02,true,,,497,PLAIN,ENVIRONMENTAL_REFERENCE_SAMPLE_POINT,dataset:novegeo:terrain:elevation,1,data/novegeo/geography/terrain/qualified/novegeo_terrain_v001.json,f03d14ce483280aff6662dc808c840a14a4cd035fedd4fe87786649f326f001c,SHARED_REFERENCE
NG-SPT-000788,788,30.94,2.992533,EPSG:4326,NG-SOV-PART-000001,NG-MGRID-02-02,true,,,680,PLAIN,ENVIRONMENTAL_REFERENCE_SAMPLE_POINT,dataset:novegeo:terrain:elevation,1,data/novegeo/geography/terrain/qualified/novegeo_terrain_v001.json,f03d14ce483280aff6662dc808c840a14a4cd035fedd4fe87786649f326f001c,SHARED_REFERENCE
NG-SPT-000789,789,31.36,2.992533,EPSG:4326,NG-SOV-PART-000001,NG-MGRID-02-02,true,NG-CLIM-OBS-000198,vegetation:novegeo:cell:000198,899,PLAIN,ENVIRONMENTAL_REFERENCE_SAMPLE_POINT,dataset:novegeo:terrain:elevation,1,data/novegeo/geography/terrain/qualified/novegeo_terrain_v001.json,f03d14ce483280aff6662dc808c840a14a4cd035fedd4fe87786649f326f001c,SHARED_REFERENCE
NG-SPT-000790,790,31.78,2.992533,EPSG:4326,NG-SOV-PART-000001,NG-MGRID-02-02,true,,,1154,PLATEAU,ENVIRONMENTAL_REFERENCE_SAMPLE_POINT,dataset:novegeo:terrain:elevation,1,data/novegeo/geography/terrain/qualified/novegeo_terrain_v001.json,f03d14ce483280aff6662dc808c840a14a4cd035fedd4fe87786649f326f001c,SHARED_REFERENCE
NG-SPT-000791,791,32.2,2.992533,EPSG:4326,NG-SOV-PART-000001,NG-MGRID-02-02,true,,,1445,PLATEAU,ENVIRONMENTAL_REFERENCE_SAMPLE_POINT,dataset:novegeo:terrain:elevation,1,data/novegeo/geography/terrain/qualified/novegeo_terrain_v001.json,f03d14ce483280aff6662dc808c840a14a4cd035fedd4fe87786649f326f001c,SHARED_REFERENCE
NG-SPT-000792,792,32.62,2.992533,EPSG:4326,NG-SOV-PART-000001,NG-MGRID-02-02,true,,,1753,PLATEAU,ENVIRONMENTAL_REFERENCE_SAMPLE_POINT,dataset:novegeo:terrain:elevation,1,data/novegeo/geography/terrain/qualified/novegeo_terrain_v001.json,f03d14ce483280aff6662dc808c840a14a4cd035fedd4fe87786649f326f001c,SHARED_REFERENCE
NG-SPT-000793,793,33.04,2.992533,EPSG:4326,NG-SOV-PART-000001,NG-MGRID-02-02,true,NG-CLIM-OBS-000199,vegetation:novegeo:cell:000199,2055,MOUNTAIN,ENVIRONMENTAL_REFERENCE_SAMPLE_POINT,dataset:novegeo:terrain:elevation,1,data/novegeo/geography/terrain/qualified/novegeo_terrain_v001.json,f03d14ce483280aff6662dc808c840a14a4cd035fedd4fe87786649f326f001c,SHARED_REFERENCE
NG-SPT-000794,794,33.46,2.992533,EPSG:4326,NG-SOV-PART-000001,NG-MGRID-02-02,true,,,2323,MOUNTAIN,ENVIRONMENTAL_REFERENCE_SAMPLE_POINT,dataset:novegeo:terrain:elevation,1,data/novegeo/geography/terrain/qualified/novegeo_terrain_v001.json,f03d14ce483280aff6662dc808c840a14a4cd035fedd4fe87786649f326f001c,SHARED_REFERENCE
NG-SPT-000795,795,33.88,2.992533,EPSG:4326,NG-SOV-PART-000001,NG-MGRID-02-02,true,,,2528,MOUNTAIN,ENVIRONMENTAL_REFERENCE_SAMPLE_POINT,dataset:novegeo:terrain:elevation,1,data/novegeo/geography/terrain/qualified/novegeo_terrain_v001.json,f03d14ce483280aff6662dc808c840a14a4cd035fedd4fe87786649f326f001c,SHARED_REFERENCE
NG-SPT-000796,796,34.3,2.992533,EPSG:4326,NG-SOV-PART-000001,NG-MGRID-02-02,true,,,2647,MOUNTAIN,ENVIRONMENTAL_REFERENCE_SAMPLE_POINT,dataset:novegeo:terrain:elevation,1,data/novegeo/geography/terrain/qualified/novegeo_terrain_v001.json,f03d14ce483280aff6662dc808c840a14a4cd035fedd4fe87786649f326f001c,SHARED_REFERENCE
NG-SPT-000797,797,34.72,2.992533,EPSG:4326,NG-SOV-PART-000001,NG-MGRID-02-02,true,NG-CLIM-OBS-000200,vegetation:novegeo:cell:000200,2663,MOUNTAIN,ENVIRONMENTAL_REFERENCE_SAMPLE_POINT,dataset:novegeo:terrain:elevation,1,data/novegeo/geography/terrain/qualified/novegeo_terrain_v001.json,f03d14ce483280aff6662dc808c840a14a4cd035fedd4fe87786649f326f001c,SHARED_REFERENCE
NG-SPT-000798,798,35.14,2.992533,EPSG:4326,NG-SOV-PART-000001,NG-MGRID-02-03,true,,,2572,MOUNTAIN,ENVIRONMENTAL_REFERENCE_SAMPLE_POINT,dataset:novegeo:terrain:elevation,1,data/novegeo/geography/terrain/qualified/novegeo_terrain_v001.json,f03d14ce483280aff6662dc808c840a14a4cd035fedd4fe87786649f326f001c,SHARED_REFERENCE
NG-SPT-000799,799,35.56,2.992533,EPSG:4326,NG-SOV-PART-000001,NG-MGRID-02-03,true,,,2386,MOUNTAIN,ENVIRONMENTAL_REFERENCE_SAMPLE_POINT,dataset:novegeo:terrain:elevation,1,data/novegeo/geography/terrain/qualified/novegeo_terrain_v001.json,f03d14ce483280aff6662dc808c840a14a4cd035fedd4fe87786649f326f001c,SHARED_REFERENCE
NG-SPT-000800,800,35.98,2.992533,EPSG:4326,NG-SOV-PART-000001,NG-MGRID-02-03,true,,,2133,MOUNTAIN,ENVIRONMENTAL_REFERENCE_SAMPLE_POINT,dataset:novegeo:terrain:elevation,1,data/novegeo/geography/terrain/qualified/novegeo_terrain_v001.json,f03d14ce483280aff6662dc808c840a14a4cd035fedd4fe87786649f326f001c,SHARED_REFERENCE
NG-SPT-000801,801,36.4,2.992533,EPSG:4326,NG-SOV-PART-000001,NG-MGRID-02-03,true,NG-CLIM-OBS-000201,vegetation:novegeo:cell:000201,1856,MOUNTAIN,ENVIRONMENTAL_REFERENCE_SAMPLE_POINT,dataset:novegeo:terrain:elevation,1,data/novegeo/geography/terrain/qualified/novegeo_terrain_v001.json,f03d14ce483280aff6662dc808c840a14a4cd035fedd4fe87786649f326f001c,SHARED_REFERENCE
NG-SPT-000802,802,36.82,2.992533,EPSG:4326,NG-SOV-PART-000001,NG-MGRID-02-03,true,,,1600,PLATEAU,ENVIRONMENTAL_REFERENCE_SAMPLE_POINT,dataset:novegeo:terrain:elevation,1,data/novegeo/geography/terrain/qualified/novegeo_terrain_v001.json,f03d14ce483280aff6662dc808c840a14a4cd035fedd4fe87786649f326f001c,SHARED_REFERENCE
NG-SPT-000803,803,37.24,2.992533,EPSG:4326,NG-SOV-PART-000001,NG-MGRID-02-03,true,,,1403,PLATEAU,ENVIRONMENTAL_REFERENCE_SAMPLE_POINT,dataset:novegeo:terrain:elevation,1,data/novegeo/geography/terrain/qualified/novegeo_terrain_v001.json,f03d14ce483280aff6662dc808c840a14a4cd035fedd4fe87786649f326f001c,SHARED_REFERENCE
NG-SPT-000804,804,37.66,2.992533,EPSG:4326,NG-SOV-PART-000001,NG-MGRID-02-03,true,,,1286,PLATEAU,ENVIRONMENTAL_REFERENCE_SAMPLE_POINT,dataset:novegeo:terrain:elevation,1,data/novegeo/geography/terrain/qualified/novegeo_terrain_v001.json,f03d14ce483280aff6662dc808c840a14a4cd035fedd4fe87786649f326f001c,SHARED_REFERENCE
NG-SPT-000805,805,38.08,2.992533,EPSG:4326,NG-SOV-PART-000001,NG-MGRID-02-03,true,NG-CLIM-OBS-000202,vegetation:novegeo:cell:000202,1247,PLATEAU,ENVIRONMENTAL_REFERENCE_SAMPLE_POINT,dataset:novegeo:terrain:elevation,1,data/novegeo/geography/terrain/qualified/novegeo_terrain_v001.json,f03d14ce483280aff6662dc808c840a14a4cd035fedd4fe87786649f326f001c,SHARED_REFERENCE
NG-SPT-000806,806,38.5,2.992533,EPSG:4326,NG-SOV-PART-000001,NG-MGRID-02-03,true,,,1271,PLATEAU,ENVIRONMENTAL_REFERENCE_SAMPLE_POINT,dataset:novegeo:terrain:elevation,1,data/novegeo/geography/terrain/qualified/novegeo_terrain_v001.json,f03d14ce483280aff6662dc808c840a14a4cd035fedd4fe87786649f326f001c,SHARED_REFERENCE
NG-SPT-000807,807,38.92,2.992533,EPSG:4326,NG-SOV-PART-000001,NG-MGRID-02-03,true,,,1334,PLATEAU,ENVIRONMENTAL_REFERENCE_SAMPLE_POINT,dataset:novegeo:terrain:elevation,1,data/novegeo/geography/terrain/qualified/novegeo_terrain_v001.json,f03d14ce483280aff6662dc808c840a14a4cd035fedd4fe87786649f326f001c,SHARED_REFERENCE
NG-SPT-000808,808,39.34,2.992533,EPSG:4326,NG-SOV-PART-000001,NG-MGRID-02-03,true,,,1414,PLATEAU,ENVIRONMENTAL_REFERENCE_SAMPLE_POINT,dataset:novegeo:terrain:elevation,1,data/novegeo/geography/terrain/qualified/novegeo_terrain_v001.json,f03d14ce483280aff6662dc808c840a14a4cd035fedd4fe87786649f326f001c,SHARED_REFERENCE
NG-SPT-000809,809,39.76,2.992533,EPSG:4326,NG-SOV-PART-000001,NG-MGRID-02-03,true,NG-CLIM-OBS-000203,vegetation:novegeo:cell:000203,1489,PLATEAU,ENVIRONMENTAL_REFERENCE_SAMPLE_POINT,dataset:novegeo:terrain:elevation,1,data/novegeo/geography/terrain/qualified/novegeo_terrain_v001.json,f03d14ce483280aff6662dc808c840a14a4cd035fedd4fe87786649f326f001c,SHARED_REFERENCE
NG-SPT-000810,810,40.18,2.992533,EPSG:4326,NG-SOV-PART-000001,NG-MGRID-02-04,true,,,1539,PLATEAU,ENVIRONMENTAL_REFERENCE_SAMPLE_POINT,dataset:novegeo:terrain:elevation,1,data/novegeo/geography/terrain/qualified/novegeo_terrain_v001.json,f03d14ce483280aff6662dc808c840a14a4cd035fedd4fe87786649f326f001c,SHARED_REFERENCE
NG-SPT-000811,811,40.6,2.992533,EPSG:4326,NG-SOV-PART-000001,NG-MGRID-02-04,true,,,1547,PLATEAU,ENVIRONMENTAL_REFERENCE_SAMPLE_POINT,dataset:novegeo:terrain:elevation,1,data/novegeo/geography/terrain/qualified/novegeo_terrain_v001.json,f03d14ce483280aff6662dc808c840a14a4cd035fedd4fe87786649f326f001c,SHARED_REFERENCE
NG-SPT-000812,812,41.02,2.992533,EPSG:4326,NG-SOV-PART-000001,NG-MGRID-02-04,true,,,1502,PLATEAU,ENVIRONMENTAL_REFERENCE_SAMPLE_POINT,dataset:novegeo:terrain:elevation,1,data/novegeo/geography/terrain/qualified/novegeo_terrain_v001.json,f03d14ce483280aff6662dc808c840a14a4cd035fedd4fe87786649f326f001c,SHARED_REFERENCE
NG-SPT-000813,813,41.44,2.992533,EPSG:4326,NG-SOV-PART-000001,NG-MGRID-02-04,true,NG-CLIM-OBS-000204,vegetation:novegeo:cell:000204,1401,PLATEAU,ENVIRONMENTAL_REFERENCE_SAMPLE_POINT,dataset:novegeo:terrain:elevation,1,data/novegeo/geography/terrain/qualified/novegeo_terrain_v001.json,f03d14ce483280aff6662dc808c840a14a4cd035fedd4fe87786649f326f001c,SHARED_REFERENCE
NG-SPT-000814,814,41.86,2.992533,EPSG:4326,NG-SOV-PART-000001,NG-MGRID-02-04,true,,,1256,PLATEAU,ENVIRONMENTAL_REFERENCE_SAMPLE_POINT,dataset:novegeo:terrain:elevation,1,data/novegeo/geography/terrain/qualified/novegeo_terrain_v001.json,f03d14ce483280aff6662dc808c840a14a4cd035fedd4fe87786649f326f001c,SHARED_REFERENCE
NG-SPT-000815,815,42.28,2.992533,EPSG:4326,NG-SOV-PART-000001,NG-MGRID-02-04,true,,,1082,PLATEAU,ENVIRONMENTAL_REFERENCE_SAMPLE_POINT,dataset:novegeo:terrain:elevation,1,data/novegeo/geography/terrain/qualified/novegeo_terrain_v001.json,f03d14ce483280aff6662dc808c840a14a4cd035fedd4fe87786649f326f001c,SHARED_REFERENCE
NG-SPT-000816,816,42.7,2.992533,EPSG:4326,NG-SOV-PART-000001,NG-MGRID-02-04,true,,,904,PLAIN,ENVIRONMENTAL_REFERENCE_SAMPLE_POINT,dataset:novegeo:terrain:elevation,1,data/novegeo/geography/terrain/qualified/novegeo_terrain_v001.json,f03d14ce483280aff6662dc808c840a14a4cd035fedd4fe87786649f326f001c,SHARED_REFERENCE
NG-SPT-000817,817,43.12,2.992533,EPSG:4326,NG-SOV-PART-000001,NG-MGRID-02-04,true,NG-CLIM-OBS-000205,vegetation:novegeo:cell:000205,722,PLAIN,ENVIRONMENTAL_REFERENCE_SAMPLE_POINT,dataset:novegeo:terrain:elevation,1,data/novegeo/geography/terrain/qualified/novegeo_terrain_v001.json,f03d14ce483280aff6662dc808c840a14a4cd035fedd4fe87786649f326f001c,SHARED_REFERENCE
NG-SPT-000818,818,43.54,2.992533,EPSG:4326,NG-SOV-PART-000001,NG-MGRID-02-04,true,,,566,PLAIN,ENVIRONMENTAL_REFERENCE_SAMPLE_POINT,dataset:novegeo:terrain:elevation,1,data/novegeo/geography/terrain/qualified/novegeo_terrain_v001.json,f03d14ce483280aff6662dc808c840a14a4cd035fedd4fe87786649f326f001c,SHARED_REFERENCE
NG-SPT-000819,819,43.96,2.992533,EPSG:4326,NG-SOV-PART-000001,NG-MGRID-02-04,true,,,445,PLAIN,ENVIRONMENTAL_REFERENCE_SAMPLE_POINT,dataset:novegeo:terrain:elevation,1,data/novegeo/geography/terrain/qualified/novegeo_terrain_v001.json,f03d14ce483280aff6662dc808c840a14a4cd035fedd4fe87786649f326f001c,SHARED_REFERENCE
NG-SPT-000820,820,29.68,3.412533,EPSG:4326,NG-SOV-PART-000001,NG-MGRID-02-01,true,,,254,PLAIN,ENVIRONMENTAL_REFERENCE_SAMPLE_POINT,dataset:novegeo:terrain:elevation,1,data/novegeo/geography/terrain/qualified/novegeo_terrain_v001.json,f03d14ce483280aff6662dc808c840a14a4cd035fedd4fe87786649f326f001c,SHARED_REFERENCE
NG-SPT-000821,821,30.1,3.412533,EPSG:4326,NG-SOV-PART-000001,NG-MGRID-02-02,true,NG-CLIM-OBS-000206,vegetation:novegeo:cell:000206,343,PLAIN,ENVIRONMENTAL_REFERENCE_SAMPLE_POINT,dataset:novegeo:terrain:elevation,1,data/novegeo/geography/terrain/qualified/novegeo_terrain_v001.json,f03d14ce483280aff6662dc808c840a14a4cd035fedd4fe87786649f326f001c,SHARED_REFERENCE
NG-SPT-000822,822,30.52,3.412533,EPSG:4326,NG-SOV-PART-000001,NG-MGRID-02-02,true,,,471,PLAIN,ENVIRONMENTAL_REFERENCE_SAMPLE_POINT,dataset:novegeo:terrain:elevation,1,data/novegeo/geography/terrain/qualified/novegeo_terrain_v001.json,f03d14ce483280aff6662dc808c840a14a4cd035fedd4fe87786649f326f001c,SHARED_REFERENCE
NG-SPT-000823,823,30.94,3.412533,EPSG:4326,NG-SOV-PART-000001,NG-MGRID-02-02,true,,,646,PLAIN,ENVIRONMENTAL_REFERENCE_SAMPLE_POINT,dataset:novegeo:terrain:elevation,1,data/novegeo/geography/terrain/qualified/novegeo_terrain_v001.json,f03d14ce483280aff6662dc808c840a14a4cd035fedd4fe87786649f326f001c,SHARED_REFERENCE
NG-SPT-000824,824,31.36,3.412533,EPSG:4326,NG-SOV-PART-000001,NG-MGRID-02-02,true,,,853,PLAIN,ENVIRONMENTAL_REFERENCE_SAMPLE_POINT,dataset:novegeo:terrain:elevation,1,data/novegeo/geography/terrain/qualified/novegeo_terrain_v001.json,f03d14ce483280aff6662dc808c840a14a4cd035fedd4fe87786649f326f001c,SHARED_REFERENCE
NG-SPT-000825,825,31.78,3.412533,EPSG:4326,NG-SOV-PART-000001,NG-MGRID-02-02,true,NG-CLIM-OBS-000207,vegetation:novegeo:cell:000207,1097,PLATEAU,ENVIRONMENTAL_REFERENCE_SAMPLE_POINT,dataset:novegeo:terrain:elevation,1,data/novegeo/geography/terrain/qualified/novegeo_terrain_v001.json,f03d14ce483280aff6662dc808c840a14a4cd035fedd4fe87786649f326f001c,SHARED_REFERENCE
NG-SPT-000826,826,32.2,3.412533,EPSG:4326,NG-SOV-PART-000001,NG-MGRID-02-02,true,,,1374,PLATEAU,ENVIRONMENTAL_REFERENCE_SAMPLE_POINT,dataset:novegeo:terrain:elevation,1,data/novegeo/geography/terrain/qualified/novegeo_terrain_v001.json,f03d14ce483280aff6662dc808c840a14a4cd035fedd4fe87786649f326f001c,SHARED_REFERENCE
NG-SPT-000827,827,32.62,3.412533,EPSG:4326,NG-SOV-PART-000001,NG-MGRID-02-02,true,,,1668,PLATEAU,ENVIRONMENTAL_REFERENCE_SAMPLE_POINT,dataset:novegeo:terrain:elevation,1,data/novegeo/geography/terrain/qualified/novegeo_terrain_v001.json,f03d14ce483280aff6662dc808c840a14a4cd035fedd4fe87786649f326f001c,SHARED_REFERENCE
NG-SPT-000828,828,33.04,3.412533,EPSG:4326,NG-SOV-PART-000001,NG-MGRID-02-02,true,,,1955,MOUNTAIN,ENVIRONMENTAL_REFERENCE_SAMPLE_POINT,dataset:novegeo:terrain:elevation,1,data/novegeo/geography/terrain/qualified/novegeo_terrain_v001.json,f03d14ce483280aff6662dc808c840a14a4cd035fedd4fe87786649f326f001c,SHARED_REFERENCE
NG-SPT-000829,829,33.46,3.412533,EPSG:4326,NG-SOV-PART-000001,NG-MGRID-02-02,true,NG-CLIM-OBS-000208,vegetation:novegeo:cell:000208,2209,MOUNTAIN,ENVIRONMENTAL_REFERENCE_SAMPLE_POINT,dataset:novegeo:terrain:elevation,1,data/novegeo/geography/terrain/qualified/novegeo_terrain_v001.json,f03d14ce483280aff6662dc808c840a14a4cd035fedd4fe87786649f326f001c,SHARED_REFERENCE
NG-SPT-000830,830,33.88,3.412533,EPSG:4326,NG-SOV-PART-000001,NG-MGRID-02-02,true,,,2402,MOUNTAIN,ENVIRONMENTAL_REFERENCE_SAMPLE_POINT,dataset:novegeo:terrain:elevation,1,data/novegeo/geography/terrain/qualified/novegeo_terrain_v001.json,f03d14ce483280aff6662dc808c840a14a4cd035fedd4fe87786649f326f001c,SHARED_REFERENCE
NG-SPT-000831,831,34.3,3.412533,EPSG:4326,NG-SOV-PART-000001,NG-MGRID-02-02,true,,,2512,MOUNTAIN,ENVIRONMENTAL_REFERENCE_SAMPLE_POINT,dataset:novegeo:terrain:elevation,1,data/novegeo/geography/terrain/qualified/novegeo_terrain_v001.json,f03d14ce483280aff6662dc808c840a14a4cd035fedd4fe87786649f326f001c,SHARED_REFERENCE
NG-SPT-000832,832,34.72,3.412533,EPSG:4326,NG-SOV-PART-000001,NG-MGRID-02-02,true,,,2524,MOUNTAIN,ENVIRONMENTAL_REFERENCE_SAMPLE_POINT,dataset:novegeo:terrain:elevation,1,data/novegeo/geography/terrain/qualified/novegeo_terrain_v001.json,f03d14ce483280aff6662dc808c840a14a4cd035fedd4fe87786649f326f001c,SHARED_REFERENCE
NG-SPT-000833,833,35.14,3.412533,EPSG:4326,NG-SOV-PART-000001,NG-MGRID-02-03,true,NG-CLIM-OBS-000209,vegetation:novegeo:cell:000209,2434,MOUNTAIN,ENVIRONMENTAL_REFERENCE_SAMPLE_POINT,dataset:novegeo:terrain:elevation,1,data/novegeo/geography/terrain/qualified/novegeo_terrain_v001.json,f03d14ce483280aff6662dc808c840a14a4cd035fedd4fe87786649f326f001c,SHARED_REFERENCE
NG-SPT-000834,834,35.56,3.412533,EPSG:4326,NG-SOV-PART-000001,NG-MGRID-02-03,true,,,2253,MOUNTAIN,ENVIRONMENTAL_REFERENCE_SAMPLE_POINT,dataset:novegeo:terrain:elevation,1,data/novegeo/geography/terrain/qualified/novegeo_terrain_v001.json,f03d14ce483280aff6662dc808c840a14a4cd035fedd4fe87786649f326f001c,SHARED_REFERENCE
NG-SPT-000835,835,35.98,3.412533,EPSG:4326,NG-SOV-PART-000001,NG-MGRID-02-03,true,,,2009,MOUNTAIN,ENVIRONMENTAL_REFERENCE_SAMPLE_POINT,dataset:novegeo:terrain:elevation,1,data/novegeo/geography/terrain/qualified/novegeo_terrain_v001.json,f03d14ce483280aff6662dc808c840a14a4cd035fedd4fe87786649f326f001c,SHARED_REFERENCE
NG-SPT-000836,836,36.4,3.412533,EPSG:4326,NG-SOV-PART-000001,NG-MGRID-02-03,true,,,1741,PLATEAU,ENVIRONMENTAL_REFERENCE_SAMPLE_POINT,dataset:novegeo:terrain:elevation,1,data/novegeo/geography/terrain/qualified/novegeo_terrain_v001.json,f03d14ce483280aff6662dc808c840a14a4cd035fedd4fe87786649f326f001c,SHARED_REFERENCE
NG-SPT-000837,837,36.82,3.412533,EPSG:4326,NG-SOV-PART-000001,NG-MGRID-02-03,true,NG-CLIM-OBS-000210,vegetation:novegeo:cell:000210,1491,PLATEAU,ENVIRONMENTAL_REFERENCE_SAMPLE_POINT,dataset:novegeo:terrain:elevation,1,data/novegeo/geography/terrain/qualified/novegeo_terrain_v001.json,f03d14ce483280aff6662dc808c840a14a4cd035fedd4fe87786649f326f001c,SHARED_REFERENCE
NG-SPT-000838,838,37.24,3.412533,EPSG:4326,NG-SOV-PART-000001,NG-MGRID-02-03,true,,,1296,PLATEAU,ENVIRONMENTAL_REFERENCE_SAMPLE_POINT,dataset:novegeo:terrain:elevation,1,data/novegeo/geography/terrain/qualified/novegeo_terrain_v001.json,f03d14ce483280aff6662dc808c840a14a4cd035fedd4fe87786649f326f001c,SHARED_REFERENCE
NG-SPT-000839,839,37.66,3.412533,EPSG:4326,NG-SOV-PART-000001,NG-MGRID-02-03,true,,,1175,PLATEAU,ENVIRONMENTAL_REFERENCE_SAMPLE_POINT,dataset:novegeo:terrain:elevation,1,data/novegeo/geography/terrain/qualified/novegeo_terrain_v001.json,f03d14ce483280aff6662dc808c840a14a4cd035fedd4fe87786649f326f001c,SHARED_REFERENCE
NG-SPT-000840,840,38.08,3.412533,EPSG:4326,NG-SOV-PART-000001,NG-MGRID-02-03,true,,,1129,PLATEAU,ENVIRONMENTAL_REFERENCE_SAMPLE_POINT,dataset:novegeo:terrain:elevation,1,data/novegeo/geography/terrain/qualified/novegeo_terrain_v001.json,f03d14ce483280aff6662dc808c840a14a4cd035fedd4fe87786649f326f001c,SHARED_REFERENCE
NG-SPT-000841,841,38.5,3.412533,EPSG:4326,NG-SOV-PART-000001,NG-MGRID-02-03,true,NG-CLIM-OBS-000211,vegetation:novegeo:cell:000211,1147,PLATEAU,ENVIRONMENTAL_REFERENCE_SAMPLE_POINT,dataset:novegeo:terrain:elevation,1,data/novegeo/geography/terrain/qualified/novegeo_terrain_v001.json,f03d14ce483280aff6662dc808c840a14a4cd035fedd4fe87786649f326f001c,SHARED_REFERENCE
NG-SPT-000842,842,38.92,3.412533,EPSG:4326,NG-SOV-PART-000001,NG-MGRID-02-03,true,,,1208,PLATEAU,ENVIRONMENTAL_REFERENCE_SAMPLE_POINT,dataset:novegeo:terrain:elevation,1,data/novegeo/geography/terrain/qualified/novegeo_terrain_v001.json,f03d14ce483280aff6662dc808c840a14a4cd035fedd4fe87786649f326f001c,SHARED_REFERENCE
NG-SPT-000843,843,39.34,3.412533,EPSG:4326,NG-SOV-PART-000001,NG-MGRID-02-03,true,,,1291,PLATEAU,ENVIRONMENTAL_REFERENCE_SAMPLE_POINT,dataset:novegeo:terrain:elevation,1,data/novegeo/geography/terrain/qualified/novegeo_terrain_v001.json,f03d14ce483280aff6662dc808c840a14a4cd035fedd4fe87786649f326f001c,SHARED_REFERENCE
NG-SPT-000844,844,39.76,3.412533,EPSG:4326,NG-SOV-PART-000001,NG-MGRID-02-03,true,,,1374,PLATEAU,ENVIRONMENTAL_REFERENCE_SAMPLE_POINT,dataset:novegeo:terrain:elevation,1,data/novegeo/geography/terrain/qualified/novegeo_terrain_v001.json,f03d14ce483280aff6662dc808c840a14a4cd035fedd4fe87786649f326f001c,SHARED_REFERENCE
NG-SPT-000845,845,40.18,3.412533,EPSG:4326,NG-SOV-PART-000001,NG-MGRID-02-04,true,NG-CLIM-OBS-000212,vegetation:novegeo:cell:000212,1436,PLATEAU,ENVIRONMENTAL_REFERENCE_SAMPLE_POINT,dataset:novegeo:terrain:elevation,1,data/novegeo/geography/terrain/qualified/novegeo_terrain_v001.json,f03d14ce483280aff6662dc808c840a14a4cd035fedd4fe87786649f326f001c,SHARED_REFERENCE
NG-SPT-000846,846,40.6,3.412533,EPSG:4326,NG-SOV-PART-000001,NG-MGRID-02-04,true,,,1458,PLATEAU,ENVIRONMENTAL_REFERENCE_SAMPLE_POINT,dataset:novegeo:terrain:elevation,1,data/novegeo/geography/terrain/qualified/novegeo_terrain_v001.json,f03d14ce483280aff6662dc808c840a14a4cd035fedd4fe87786649f326f001c,SHARED_REFERENCE
NG-SPT-000847,847,41.02,3.412533,EPSG:4326,NG-SOV-PART-000001,NG-MGRID-02-04,true,,,1426,PLATEAU,ENVIRONMENTAL_REFERENCE_SAMPLE_POINT,dataset:novegeo:terrain:elevation,1,data/novegeo/geography/terrain/qualified/novegeo_terrain_v001.json,f03d14ce483280aff6662dc808c840a14a4cd035fedd4fe87786649f326f001c,SHARED_REFERENCE
NG-SPT-000848,848,41.44,3.412533,EPSG:4326,NG-SOV-PART-000001,NG-MGRID-02-04,true,,,1338,PLATEAU,ENVIRONMENTAL_REFERENCE_SAMPLE_POINT,dataset:novegeo:terrain:elevation,1,data/novegeo/geography/terrain/qualified/novegeo_terrain_v001.json,f03d14ce483280aff6662dc808c840a14a4cd035fedd4fe87786649f326f001c,SHARED_REFERENCE
NG-SPT-000849,849,41.86,3.412533,EPSG:4326,NG-SOV-PART-000001,NG-MGRID-02-04,true,NG-CLIM-OBS-000213,vegetation:novegeo:cell:000213,1202,PLATEAU,ENVIRONMENTAL_REFERENCE_SAMPLE_POINT,dataset:novegeo:terrain:elevation,1,data/novegeo/geography/terrain/qualified/novegeo_terrain_v001.json,f03d14ce483280aff6662dc808c840a14a4cd035fedd4fe87786649f326f001c,SHARED_REFERENCE
NG-SPT-000850,850,42.28,3.412533,EPSG:4326,NG-SOV-PART-000001,NG-MGRID-02-04,true,,,1038,PLAIN,ENVIRONMENTAL_REFERENCE_SAMPLE_POINT,dataset:novegeo:terrain:elevation,1,data/novegeo/geography/terrain/qualified/novegeo_terrain_v001.json,f03d14ce483280aff6662dc808c840a14a4cd035fedd4fe87786649f326f001c,SHARED_REFERENCE
NG-SPT-000851,851,42.7,3.412533,EPSG:4326,NG-SOV-PART-000001,NG-MGRID-02-04,true,,,867,PLAIN,ENVIRONMENTAL_REFERENCE_SAMPLE_POINT,dataset:novegeo:terrain:elevation,1,data/novegeo/geography/terrain/qualified/novegeo_terrain_v001.json,f03d14ce483280aff6662dc808c840a14a4cd035fedd4fe87786649f326f001c,SHARED_REFERENCE
NG-SPT-000852,852,43.12,3.412533,EPSG:4326,NG-SOV-PART-000001,NG-MGRID-02-04,true,,,691,PLAIN,ENVIRONMENTAL_REFERENCE_SAMPLE_POINT,dataset:novegeo:terrain:elevation,1,data/novegeo/geography/terrain/qualified/novegeo_terrain_v001.json,f03d14ce483280aff6662dc808c840a14a4cd035fedd4fe87786649f326f001c,SHARED_REFERENCE
NG-SPT-000853,853,43.54,3.412533,EPSG:4326,NG-SOV-PART-000001,NG-MGRID-02-04,true,NG-CLIM-OBS-000214,vegetation:novegeo:cell:000214,541,PLAIN,ENVIRONMENTAL_REFERENCE_SAMPLE_POINT,dataset:novegeo:terrain:elevation,1,data/novegeo/geography/terrain/qualified/novegeo_terrain_v001.json,f03d14ce483280aff6662dc808c840a14a4cd035fedd4fe87786649f326f001c,SHARED_REFERENCE
NG-SPT-000854,854,29.68,3.832533,EPSG:4326,NG-SOV-PART-000001,NG-MGRID-02-01,true,,,240,PLAIN,ENVIRONMENTAL_REFERENCE_SAMPLE_POINT,dataset:novegeo:terrain:elevation,1,data/novegeo/geography/terrain/qualified/novegeo_terrain_v001.json,f03d14ce483280aff6662dc808c840a14a4cd035fedd4fe87786649f326f001c,SHARED_REFERENCE
NG-SPT-000855,855,30.1,3.832533,EPSG:4326,NG-SOV-PART-000001,NG-MGRID-02-02,true,,,322,PLAIN,ENVIRONMENTAL_REFERENCE_SAMPLE_POINT,dataset:novegeo:terrain:elevation,1,data/novegeo/geography/terrain/qualified/novegeo_terrain_v001.json,f03d14ce483280aff6662dc808c840a14a4cd035fedd4fe87786649f326f001c,SHARED_REFERENCE
NG-SPT-000856,856,30.52,3.832533,EPSG:4326,NG-SOV-PART-000001,NG-MGRID-02-02,true,,,441,PLAIN,ENVIRONMENTAL_REFERENCE_SAMPLE_POINT,dataset:novegeo:terrain:elevation,1,data/novegeo/geography/terrain/qualified/novegeo_terrain_v001.json,f03d14ce483280aff6662dc808c840a14a4cd035fedd4fe87786649f326f001c,SHARED_REFERENCE
NG-SPT-000857,857,30.94,3.832533,EPSG:4326,NG-SOV-PART-000001,NG-MGRID-02-02,true,NG-CLIM-OBS-000215,vegetation:novegeo:cell:000215,603,PLAIN,ENVIRONMENTAL_REFERENCE_SAMPLE_POINT,dataset:novegeo:terrain:elevation,1,data/novegeo/geography/terrain/qualified/novegeo_terrain_v001.json,f03d14ce483280aff6662dc808c840a14a4cd035fedd4fe87786649f326f001c,SHARED_REFERENCE
NG-SPT-000858,858,31.36,3.832533,EPSG:4326,NG-SOV-PART-000001,NG-MGRID-02-02,true,,,796,PLAIN,ENVIRONMENTAL_REFERENCE_SAMPLE_POINT,dataset:novegeo:terrain:elevation,1,data/novegeo/geography/terrain/qualified/novegeo_terrain_v001.json,f03d14ce483280aff6662dc808c840a14a4cd035fedd4fe87786649f326f001c,SHARED_REFERENCE
NG-SPT-000859,859,31.78,3.832533,EPSG:4326,NG-SOV-PART-000001,NG-MGRID-02-02,true,,,1022,PLAIN,ENVIRONMENTAL_REFERENCE_SAMPLE_POINT,dataset:novegeo:terrain:elevation,1,data/novegeo/geography/terrain/qualified/novegeo_terrain_v001.json,f03d14ce483280aff6662dc808c840a14a4cd035fedd4fe87786649f326f001c,SHARED_REFERENCE
NG-SPT-000860,860,32.2,3.832533,EPSG:4326,NG-SOV-PART-000001,NG-MGRID-02-02,true,,,1280,PLATEAU,ENVIRONMENTAL_REFERENCE_SAMPLE_POINT,dataset:novegeo:terrain:elevation,1,data/novegeo/geography/terrain/qualified/novegeo_terrain_v001.json,f03d14ce483280aff6662dc808c840a14a4cd035fedd4fe87786649f326f001c,SHARED_REFERENCE
NG-SPT-000861,861,32.62,3.832533,EPSG:4326,NG-SOV-PART-000001,NG-MGRID-02-02,true,NG-CLIM-OBS-000216,vegetation:novegeo:cell:000216,1553,PLATEAU,ENVIRONMENTAL_REFERENCE_SAMPLE_POINT,dataset:novegeo:terrain:elevation,1,data/novegeo/geography/terrain/qualified/novegeo_terrain_v001.json,f03d14ce483280aff6662dc808c840a14a4cd035fedd4fe87786649f326f001c,SHARED_REFERENCE
NG-SPT-000862,862,33.04,3.832533,EPSG:4326,NG-SOV-PART-000001,NG-MGRID-02-02,true,,,1820,PLATEAU,ENVIRONMENTAL_REFERENCE_SAMPLE_POINT,dataset:novegeo:terrain:elevation,1,data/novegeo/geography/terrain/qualified/novegeo_terrain_v001.json,f03d14ce483280aff6662dc808c840a14a4cd035fedd4fe87786649f326f001c,SHARED_REFERENCE
NG-SPT-000863,863,33.46,3.832533,EPSG:4326,NG-SOV-PART-000001,NG-MGRID-02-02,true,,,2055,MOUNTAIN,ENVIRONMENTAL_REFERENCE_SAMPLE_POINT,dataset:novegeo:terrain:elevation,1,data/novegeo/geography/terrain/qualified/novegeo_terrain_v001.json,f03d14ce483280aff6662dc808c840a14a4cd035fedd4fe87786649f326f001c,SHARED_REFERENCE
NG-SPT-000864,864,33.88,3.832533,EPSG:4326,NG-SOV-PART-000001,NG-MGRID-02-02,true,,,2233,MOUNTAIN,ENVIRONMENTAL_REFERENCE_SAMPLE_POINT,dataset:novegeo:terrain:elevation,1,data/novegeo/geography/terrain/qualified/novegeo_terrain_v001.json,f03d14ce483280aff6662dc808c840a14a4cd035fedd4fe87786649f326f001c,SHARED_REFERENCE
NG-SPT-000865,865,34.3,3.832533,EPSG:4326,NG-SOV-PART-000001,NG-MGRID-02-02,true,NG-CLIM-OBS-000217,vegetation:novegeo:cell:000217,2333,MOUNTAIN,ENVIRONMENTAL_REFERENCE_SAMPLE_POINT,dataset:novegeo:terrain:elevation,1,data/novegeo/geography/terrain/qualified/novegeo_terrain_v001.json,f03d14ce483280aff6662dc808c840a14a4cd035fedd4fe87786649f326f001c,SHARED_REFERENCE
NG-SPT-000866,866,34.72,3.832533,EPSG:4326,NG-SOV-PART-000001,NG-MGRID-02-02,true,,,2341,MOUNTAIN,ENVIRONMENTAL_REFERENCE_SAMPLE_POINT,dataset:novegeo:terrain:elevation,1,data/novegeo/geography/terrain/qualified/novegeo_terrain_v001.json,f03d14ce483280aff6662dc808c840a14a4cd035fedd4fe87786649f326f001c,SHARED_REFERENCE
NG-SPT-000867,867,35.14,3.832533,EPSG:4326,NG-SOV-PART-000001,NG-MGRID-02-03,true,,,2254,MOUNTAIN,ENVIRONMENTAL_REFERENCE_SAMPLE_POINT,dataset:novegeo:terrain:elevation,1,data/novegeo/geography/terrain/qualified/novegeo_terrain_v001.json,f03d14ce483280aff6662dc808c840a14a4cd035fedd4fe87786649f326f001c,SHARED_REFERENCE
NG-SPT-000868,868,35.56,3.832533,EPSG:4326,NG-SOV-PART-000001,NG-MGRID-02-03,true,,,2084,MOUNTAIN,ENVIRONMENTAL_REFERENCE_SAMPLE_POINT,dataset:novegeo:terrain:elevation,1,data/novegeo/geography/terrain/qualified/novegeo_terrain_v001.json,f03d14ce483280aff6662dc808c840a14a4cd035fedd4fe87786649f326f001c,SHARED_REFERENCE
NG-SPT-000869,869,35.98,3.832533,EPSG:4326,NG-SOV-PART-000001,NG-MGRID-02-03,true,NG-CLIM-OBS-000218,vegetation:novegeo:cell:000218,1854,MOUNTAIN,ENVIRONMENTAL_REFERENCE_SAMPLE_POINT,dataset:novegeo:terrain:elevation,1,data/novegeo/geography/terrain/qualified/novegeo_terrain_v001.json,f03d14ce483280aff6662dc808c840a14a4cd035fedd4fe87786649f326f001c,SHARED_REFERENCE
NG-SPT-000870,870,36.4,3.832533,EPSG:4326,NG-SOV-PART-000001,NG-MGRID-02-03,true,,,1601,PLATEAU,ENVIRONMENTAL_REFERENCE_SAMPLE_POINT,dataset:novegeo:terrain:elevation,1,data/novegeo/geography/terrain/qualified/novegeo_terrain_v001.json,f03d14ce483280aff6662dc808c840a14a4cd035fedd4fe87786649f326f001c,SHARED_REFERENCE
NG-SPT-000871,871,36.82,3.832533,EPSG:4326,NG-SOV-PART-000001,NG-MGRID-02-03,true,,,1363,PLATEAU,ENVIRONMENTAL_REFERENCE_SAMPLE_POINT,dataset:novegeo:terrain:elevation,1,data/novegeo/geography/terrain/qualified/novegeo_terrain_v001.json,f03d14ce483280aff6662dc808c840a14a4cd035fedd4fe87786649f326f001c,SHARED_REFERENCE
NG-SPT-000872,872,37.24,3.832533,EPSG:4326,NG-SOV-PART-000001,NG-MGRID-02-03,true,,,1174,PLATEAU,ENVIRONMENTAL_REFERENCE_SAMPLE_POINT,dataset:novegeo:terrain:elevation,1,data/novegeo/geography/terrain/qualified/novegeo_terrain_v001.json,f03d14ce483280aff6662dc808c840a14a4cd035fedd4fe87786649f326f001c,SHARED_REFERENCE
NG-SPT-000873,873,37.66,3.832533,EPSG:4326,NG-SOV-PART-000001,NG-MGRID-02-03,true,NG-CLIM-OBS-000219,vegetation:novegeo:cell:000219,1052,PLATEAU,ENVIRONMENTAL_REFERENCE_SAMPLE_POINT,dataset:novegeo:terrain:elevation,1,data/novegeo/geography/terrain/qualified/novegeo_terrain_v001.json,f03d14ce483280aff6662dc808c840a14a4cd035fedd4fe87786649f326f001c,SHARED_REFERENCE
NG-SPT-000874,874,38.08,3.832533,EPSG:4326,NG-SOV-PART-000001,NG-MGRID-02-03,true,,,1002,PLAIN,ENVIRONMENTAL_REFERENCE_SAMPLE_POINT,dataset:novegeo:terrain:elevation,1,data/novegeo/geography/terrain/qualified/novegeo_terrain_v001.json,f03d14ce483280aff6662dc808c840a14a4cd035fedd4fe87786649f326f001c,SHARED_REFERENCE
NG-SPT-000875,875,38.5,3.832533,EPSG:4326,NG-SOV-PART-000001,NG-MGRID-02-03,true,,,1012,PLAIN,ENVIRONMENTAL_REFERENCE_SAMPLE_POINT,dataset:novegeo:terrain:elevation,1,data/novegeo/geography/terrain/qualified/novegeo_terrain_v001.json,f03d14ce483280aff6662dc808c840a14a4cd035fedd4fe87786649f326f001c,SHARED_REFERENCE
NG-SPT-000876,876,38.92,3.832533,EPSG:4326,NG-SOV-PART-000001,NG-MGRID-02-03,true,,,1067,PLATEAU,ENVIRONMENTAL_REFERENCE_SAMPLE_POINT,dataset:novegeo:terrain:elevation,1,data/novegeo/geography/terrain/qualified/novegeo_terrain_v001.json,f03d14ce483280aff6662dc808c840a14a4cd035fedd4fe87786649f326f001c,SHARED_REFERENCE
NG-SPT-000877,877,39.34,3.832533,EPSG:4326,NG-SOV-PART-000001,NG-MGRID-02-03,true,NG-CLIM-OBS-000220,vegetation:novegeo:cell:000220,1147,PLATEAU,ENVIRONMENTAL_REFERENCE_SAMPLE_POINT,dataset:novegeo:terrain:elevation,1,data/novegeo/geography/terrain/qualified/novegeo_terrain_v001.json,f03d14ce483280aff6662dc808c840a14a4cd035fedd4fe87786649f326f001c,SHARED_REFERENCE
NG-SPT-000878,878,39.76,3.832533,EPSG:4326,NG-SOV-PART-000001,NG-MGRID-02-03,true,,,1231,PLATEAU,ENVIRONMENTAL_REFERENCE_SAMPLE_POINT,dataset:novegeo:terrain:elevation,1,data/novegeo/geography/terrain/qualified/novegeo_terrain_v001.json,f03d14ce483280aff6662dc808c840a14a4cd035fedd4fe87786649f326f001c,SHARED_REFERENCE
NG-SPT-000879,879,40.18,3.832533,EPSG:4326,NG-SOV-PART-000001,NG-MGRID-02-04,true,,,1298,PLATEAU,ENVIRONMENTAL_REFERENCE_SAMPLE_POINT,dataset:novegeo:terrain:elevation,1,data/novegeo/geography/terrain/qualified/novegeo_terrain_v001.json,f03d14ce483280aff6662dc808c840a14a4cd035fedd4fe87786649f326f001c,SHARED_REFERENCE
NG-SPT-000880,880,40.6,3.832533,EPSG:4326,NG-SOV-PART-000001,NG-MGRID-02-04,true,,,1328,PLATEAU,ENVIRONMENTAL_REFERENCE_SAMPLE_POINT,dataset:novegeo:terrain:elevation,1,data/novegeo/geography/terrain/qualified/novegeo_terrain_v001.json,f03d14ce483280aff6662dc808c840a14a4cd035fedd4fe87786649f326f001c,SHARED_REFERENCE
NG-SPT-000881,881,41.02,3.832533,EPSG:4326,NG-SOV-PART-000001,NG-MGRID-02-04,true,NG-CLIM-OBS-000221,vegetation:novegeo:cell:000221,1308,PLATEAU,ENVIRONMENTAL_REFERENCE_SAMPLE_POINT,dataset:novegeo:terrain:elevation,1,data/novegeo/geography/terrain/qualified/novegeo_terrain_v001.json,f03d14ce483280aff6662dc808c840a14a4cd035fedd4fe87786649f326f001c,SHARED_REFERENCE
NG-SPT-000882,882,41.44,3.832533,EPSG:4326,NG-SOV-PART-000001,NG-MGRID-02-04,true,,,1233,PLATEAU,ENVIRONMENTAL_REFERENCE_SAMPLE_POINT,dataset:novegeo:terrain:elevation,1,data/novegeo/geography/terrain/qualified/novegeo_terrain_v001.json,f03d14ce483280aff6662dc808c840a14a4cd035fedd4fe87786649f326f001c,SHARED_REFERENCE
NG-SPT-000883,883,41.86,3.832533,EPSG:4326,NG-SOV-PART-000001,NG-MGRID-02-04,true,,,1112,PLATEAU,ENVIRONMENTAL_REFERENCE_SAMPLE_POINT,dataset:novegeo:terrain:elevation,1,data/novegeo/geography/terrain/qualified/novegeo_terrain_v001.json,f03d14ce483280aff6662dc808c840a14a4cd035fedd4fe87786649f326f001c,SHARED_REFERENCE
NG-SPT-000884,884,42.28,3.832533,EPSG:4326,NG-SOV-PART-000001,NG-MGRID-02-04,true,,,962,PLAIN,ENVIRONMENTAL_REFERENCE_SAMPLE_POINT,dataset:novegeo:terrain:elevation,1,data/novegeo/geography/terrain/qualified/novegeo_terrain_v001.json,f03d14ce483280aff6662dc808c840a14a4cd035fedd4fe87786649f326f001c,SHARED_REFERENCE
NG-SPT-000885,885,42.7,3.832533,EPSG:4326,NG-SOV-PART-000001,NG-MGRID-02-04,true,NG-CLIM-OBS-000222,vegetation:novegeo:cell:000222,805,PLAIN,ENVIRONMENTAL_REFERENCE_SAMPLE_POINT,dataset:novegeo:terrain:elevation,1,data/novegeo/geography/terrain/qualified/novegeo_terrain_v001.json,f03d14ce483280aff6662dc808c840a14a4cd035fedd4fe87786649f326f001c,SHARED_REFERENCE
NG-SPT-000886,886,43.12,3.832533,EPSG:4326,NG-SOV-PART-000001,NG-MGRID-02-04,true,,,643,PLAIN,ENVIRONMENTAL_REFERENCE_SAMPLE_POINT,dataset:novegeo:terrain:elevation,1,data/novegeo/geography/terrain/qualified/novegeo_terrain_v001.json,f03d14ce483280aff6662dc808c840a14a4cd035fedd4fe87786649f326f001c,SHARED_REFERENCE
NG-SPT-000887,887,44.62,3.95,EPSG:4326,NG-SOV-PART-000003,NG-MGRID-02-04,true,,,73,PLAIN,ENVIRONMENTAL_REFERENCE_SAMPLE_POINT,dataset:novegeo:terrain:elevation,1,data/novegeo/geography/terrain/qualified/novegeo_terrain_v001.json,f03d14ce483280aff6662dc808c840a14a4cd035fedd4fe87786649f326f001c,SHARED_REFERENCE
NG-SPT-000888,888,30.1,4.252533,EPSG:4326,NG-SOV-PART-000001,NG-MGRID-02-02,true,,,299,PLAIN,ENVIRONMENTAL_REFERENCE_SAMPLE_POINT,dataset:novegeo:terrain:elevation,1,data/novegeo/geography/terrain/qualified/novegeo_terrain_v001.json,f03d14ce483280aff6662dc808c840a14a4cd035fedd4fe87786649f326f001c,SHARED_REFERENCE
NG-SPT-000889,889,30.52,4.252533,EPSG:4326,NG-SOV-PART-000001,NG-MGRID-02-02,true,NG-CLIM-OBS-000223,vegetation:novegeo:cell:000223,407,PLAIN,ENVIRONMENTAL_REFERENCE_SAMPLE_POINT,dataset:novegeo:terrain:elevation,1,data/novegeo/geography/terrain/qualified/novegeo_terrain_v001.json,f03d14ce483280aff6662dc808c840a14a4cd035fedd4fe87786649f326f001c,SHARED_REFERENCE
NG-SPT-000890,890,30.94,4.252533,EPSG:4326,NG-SOV-PART-000001,NG-MGRID-02-02,true,,,555,PLAIN,ENVIRONMENTAL_REFERENCE_SAMPLE_POINT,dataset:novegeo:terrain:elevation,1,data/novegeo/geography/terrain/qualified/novegeo_terrain_v001.json,f03d14ce483280aff6662dc808c840a14a4cd035fedd4fe87786649f326f001c,SHARED_REFERENCE
NG-SPT-000891,891,31.36,4.252533,EPSG:4326,NG-SOV-PART-000001,NG-MGRID-02-02,true,,,730,PLAIN,ENVIRONMENTAL_REFERENCE_SAMPLE_POINT,dataset:novegeo:terrain:elevation,1,data/novegeo/geography/terrain/qualified/novegeo_terrain_v001.json,f03d14ce483280aff6662dc808c840a14a4cd035fedd4fe87786649f326f001c,SHARED_REFERENCE
NG-SPT-000892,892,31.78,4.252533,EPSG:4326,NG-SOV-PART-000001,NG-MGRID-02-02,true,,,935,PLAIN,ENVIRONMENTAL_REFERENCE_SAMPLE_POINT,dataset:novegeo:terrain:elevation,1,data/novegeo/geography/terrain/qualified/novegeo_terrain_v001.json,f03d14ce483280aff6662dc808c840a14a4cd035fedd4fe87786649f326f001c,SHARED_REFERENCE
NG-SPT-000893,893,32.2,4.252533,EPSG:4326,NG-SOV-PART-000001,NG-MGRID-02-02,true,NG-CLIM-OBS-000224,vegetation:novegeo:cell:000224,1169,PLATEAU,ENVIRONMENTAL_REFERENCE_SAMPLE_POINT,dataset:novegeo:terrain:elevation,1,data/novegeo/geography/terrain/qualified/novegeo_terrain_v001.json,f03d14ce483280aff6662dc808c840a14a4cd035fedd4fe87786649f326f001c,SHARED_REFERENCE
NG-SPT-000894,894,32.62,4.252533,EPSG:4326,NG-SOV-PART-000001,NG-MGRID-02-02,true,,,1417,PLATEAU,ENVIRONMENTAL_REFERENCE_SAMPLE_POINT,dataset:novegeo:terrain:elevation,1,data/novegeo/geography/terrain/qualified/novegeo_terrain_v001.json,f03d14ce483280aff6662dc808c840a14a4cd035fedd4fe87786649f326f001c,SHARED_REFERENCE
NG-SPT-000895,895,33.04,4.252533,EPSG:4326,NG-SOV-PART-000001,NG-MGRID-02-02,true,,,1659,PLATEAU,ENVIRONMENTAL_REFERENCE_SAMPLE_POINT,dataset:novegeo:terrain:elevation,1,data/novegeo/geography/terrain/qualified/novegeo_terrain_v001.json,f03d14ce483280aff6662dc808c840a14a4cd035fedd4fe87786649f326f001c,SHARED_REFERENCE
NG-SPT-000896,896,33.46,4.252533,EPSG:4326,NG-SOV-PART-000001,NG-MGRID-02-02,true,,,1872,MOUNTAIN,ENVIRONMENTAL_REFERENCE_SAMPLE_POINT,dataset:novegeo:terrain:elevation,1,data/novegeo/geography/terrain/qualified/novegeo_terrain_v001.json,f03d14ce483280aff6662dc808c840a14a4cd035fedd4fe87786649f326f001c,SHARED_REFERENCE
NG-SPT-000897,897,33.88,4.252533,EPSG:4326,NG-SOV-PART-000001,NG-MGRID-02-02,true,NG-CLIM-OBS-000225,vegetation:novegeo:cell:000225,2032,MOUNTAIN,ENVIRONMENTAL_REFERENCE_SAMPLE_POINT,dataset:novegeo:terrain:elevation,1,data/novegeo/geography/terrain/qualified/novegeo_terrain_v001.json,f03d14ce483280aff6662dc808c840a14a4cd035fedd4fe87786649f326f001c,SHARED_REFERENCE
NG-SPT-000898,898,34.3,4.252533,EPSG:4326,NG-SOV-PART-000001,NG-MGRID-02-02,true,,,2121,MOUNTAIN,ENVIRONMENTAL_REFERENCE_SAMPLE_POINT,dataset:novegeo:terrain:elevation,1,data/novegeo/geography/terrain/qualified/novegeo_terrain_v001.json,f03d14ce483280aff6662dc808c840a14a4cd035fedd4fe87786649f326f001c,SHARED_REFERENCE
NG-SPT-000899,899,34.72,4.252533,EPSG:4326,NG-SOV-PART-000001,NG-MGRID-02-02,true,,,2126,MOUNTAIN,ENVIRONMENTAL_REFERENCE_SAMPLE_POINT,dataset:novegeo:terrain:elevation,1,data/novegeo/geography/terrain/qualified/novegeo_terrain_v001.json,f03d14ce483280aff6662dc808c840a14a4cd035fedd4fe87786649f326f001c,SHARED_REFERENCE
NG-SPT-000900,900,35.14,4.252533,EPSG:4326,NG-SOV-PART-000001,NG-MGRID-02-03,true,,,2045,MOUNTAIN,ENVIRONMENTAL_REFERENCE_SAMPLE_POINT,dataset:novegeo:terrain:elevation,1,data/novegeo/geography/terrain/qualified/novegeo_terrain_v001.json,f03d14ce483280aff6662dc808c840a14a4cd035fedd4fe87786649f326f001c,SHARED_REFERENCE
NG-SPT-000901,901,35.56,4.252533,EPSG:4326,NG-SOV-PART-000001,NG-MGRID-02-03,true,NG-CLIM-OBS-000226,vegetation:novegeo:cell:000226,1887,MOUNTAIN,ENVIRONMENTAL_REFERENCE_SAMPLE_POINT,dataset:novegeo:terrain:elevation,1,data/novegeo/geography/terrain/qualified/novegeo_terrain_v001.json,f03d14ce483280aff6662dc808c840a14a4cd035fedd4fe87786649f326f001c,SHARED_REFERENCE
NG-SPT-000902,902,35.98,4.252533,EPSG:4326,NG-SOV-PART-000001,NG-MGRID-02-03,true,,,1676,PLATEAU,ENVIRONMENTAL_REFERENCE_SAMPLE_POINT,dataset:novegeo:terrain:elevation,1,data/novegeo/geography/terrain/qualified/novegeo_terrain_v001.json,f03d14ce483280aff6662dc808c840a14a4cd035fedd4fe87786649f326f001c,SHARED_REFERENCE
NG-SPT-000903,903,36.4,4.252533,EPSG:4326,NG-SOV-PART-000001,NG-MGRID-02-03,true,,,1443,PLATEAU,ENVIRONMENTAL_REFERENCE_SAMPLE_POINT,dataset:novegeo:terrain:elevation,1,data/novegeo/geography/terrain/qualified/novegeo_terrain_v001.json,f03d14ce483280aff6662dc808c840a14a4cd035fedd4fe87786649f326f001c,SHARED_REFERENCE
NG-SPT-000904,904,36.82,4.252533,EPSG:4326,NG-SOV-PART-000001,NG-MGRID-02-03,true,,,1222,PLATEAU,ENVIRONMENTAL_REFERENCE_SAMPLE_POINT,dataset:novegeo:terrain:elevation,1,data/novegeo/geography/terrain/qualified/novegeo_terrain_v001.json,f03d14ce483280aff6662dc808c840a14a4cd035fedd4fe87786649f326f001c,SHARED_REFERENCE
NG-SPT-000905,905,37.24,4.252533,EPSG:4326,NG-SOV-PART-000001,NG-MGRID-02-03,true,NG-CLIM-OBS-000227,vegetation:novegeo:cell:000227,1044,VALLEY,ENVIRONMENTAL_REFERENCE_SAMPLE_POINT,dataset:novegeo:terrain:elevation,1,data/novegeo/geography/terrain/qualified/novegeo_terrain_v001.json,f03d14ce483280aff6662dc808c840a14a4cd035fedd4fe87786649f326f001c,SHARED_REFERENCE
NG-SPT-000906,906,37.66,4.252533,EPSG:4326,NG-SOV-PART-000001,NG-MGRID-02-03,true,,,926,PLAIN,ENVIRONMENTAL_REFERENCE_SAMPLE_POINT,dataset:novegeo:terrain:elevation,1,data/novegeo/geography/terrain/qualified/novegeo_terrain_v001.json,f03d14ce483280aff6662dc808c840a14a4cd035fedd4fe87786649f326f001c,SHARED_REFERENCE
NG-SPT-000907,907,38.08,4.252533,EPSG:4326,NG-SOV-PART-000001,NG-MGRID-02-03,true,,,871,PLAIN,ENVIRONMENTAL_REFERENCE_SAMPLE_POINT,dataset:novegeo:terrain:elevation,1,data/novegeo/geography/terrain/qualified/novegeo_terrain_v001.json,f03d14ce483280aff6662dc808c840a14a4cd035fedd4fe87786649f326f001c,SHARED_REFERENCE
NG-SPT-000908,908,38.5,4.252533,EPSG:4326,NG-SOV-PART-000001,NG-MGRID-02-03,true,,,874,PLAIN,ENVIRONMENTAL_REFERENCE_SAMPLE_POINT,dataset:novegeo:terrain:elevation,1,data/novegeo/geography/terrain/qualified/novegeo_terrain_v001.json,f03d14ce483280aff6662dc808c840a14a4cd035fedd4fe87786649f326f001c,SHARED_REFERENCE
NG-SPT-000909,909,38.92,4.252533,EPSG:4326,NG-SOV-PART-000001,NG-MGRID-02-03,true,NG-CLIM-OBS-000228,vegetation:novegeo:cell:000228,919,PLAIN,ENVIRONMENTAL_REFERENCE_SAMPLE_POINT,dataset:novegeo:terrain:elevation,1,data/novegeo/geography/terrain/qualified/novegeo_terrain_v001.json,f03d14ce483280aff6662dc808c840a14a4cd035fedd4fe87786649f326f001c,SHARED_REFERENCE
NG-SPT-000910,910,39.34,4.252533,EPSG:4326,NG-SOV-PART-000001,NG-MGRID-02-03,true,,,990,PLAIN,ENVIRONMENTAL_REFERENCE_SAMPLE_POINT,dataset:novegeo:terrain:elevation,1,data/novegeo/geography/terrain/qualified/novegeo_terrain_v001.json,f03d14ce483280aff6662dc808c840a14a4cd035fedd4fe87786649f326f001c,SHARED_REFERENCE
NG-SPT-000911,911,39.76,4.252533,EPSG:4326,NG-SOV-PART-000001,NG-MGRID-02-03,true,,,1069,PLATEAU,ENVIRONMENTAL_REFERENCE_SAMPLE_POINT,dataset:novegeo:terrain:elevation,1,data/novegeo/geography/terrain/qualified/novegeo_terrain_v001.json,f03d14ce483280aff6662dc808c840a14a4cd035fedd4fe87786649f326f001c,SHARED_REFERENCE
NG-SPT-000912,912,40.18,4.252533,EPSG:4326,NG-SOV-PART-000001,NG-MGRID-02-04,true,,,1134,PLATEAU,ENVIRONMENTAL_REFERENCE_SAMPLE_POINT,dataset:novegeo:terrain:elevation,1,data/novegeo/geography/terrain/qualified/novegeo_terrain_v001.json,f03d14ce483280aff6662dc808c840a14a4cd035fedd4fe87786649f326f001c,SHARED_REFERENCE
NG-SPT-000913,913,40.6,4.252533,EPSG:4326,NG-SOV-PART-000001,NG-MGRID-02-04,true,NG-CLIM-OBS-000229,vegetation:novegeo:cell:000229,1167,PLATEAU,ENVIRONMENTAL_REFERENCE_SAMPLE_POINT,dataset:novegeo:terrain:elevation,1,data/novegeo/geography/terrain/qualified/novegeo_terrain_v001.json,f03d14ce483280aff6662dc808c840a14a4cd035fedd4fe87786649f326f001c,SHARED_REFERENCE
NG-SPT-000914,914,41.02,4.252533,EPSG:4326,NG-SOV-PART-000001,NG-MGRID-02-04,true,,,1155,PLATEAU,ENVIRONMENTAL_REFERENCE_SAMPLE_POINT,dataset:novegeo:terrain:elevation,1,data/novegeo/geography/terrain/qualified/novegeo_terrain_v001.json,f03d14ce483280aff6662dc808c840a14a4cd035fedd4fe87786649f326f001c,SHARED_REFERENCE
NG-SPT-000915,915,41.44,4.252533,EPSG:4326,NG-SOV-PART-000001,NG-MGRID-02-04,true,,,1094,PLATEAU,ENVIRONMENTAL_REFERENCE_SAMPLE_POINT,dataset:novegeo:terrain:elevation,1,data/novegeo/geography/terrain/qualified/novegeo_terrain_v001.json,f03d14ce483280aff6662dc808c840a14a4cd035fedd4fe87786649f326f001c,SHARED_REFERENCE
NG-SPT-000916,916,41.86,4.252533,EPSG:4326,NG-SOV-PART-000001,NG-MGRID-02-04,true,,,990,PLAIN,ENVIRONMENTAL_REFERENCE_SAMPLE_POINT,dataset:novegeo:terrain:elevation,1,data/novegeo/geography/terrain/qualified/novegeo_terrain_v001.json,f03d14ce483280aff6662dc808c840a14a4cd035fedd4fe87786649f326f001c,SHARED_REFERENCE
NG-SPT-000917,917,42.28,4.252533,EPSG:4326,NG-SOV-PART-000001,NG-MGRID-02-04,true,NG-CLIM-OBS-000230,vegetation:novegeo:cell:000230,860,PLAIN,ENVIRONMENTAL_REFERENCE_SAMPLE_POINT,dataset:novegeo:terrain:elevation,1,data/novegeo/geography/terrain/qualified/novegeo_terrain_v001.json,f03d14ce483280aff6662dc808c840a14a4cd035fedd4fe87786649f326f001c,SHARED_REFERENCE
NG-SPT-000918,918,42.7,4.252533,EPSG:4326,NG-SOV-PART-000001,NG-MGRID-02-04,true,,,724,PLAIN,ENVIRONMENTAL_REFERENCE_SAMPLE_POINT,dataset:novegeo:terrain:elevation,1,data/novegeo/geography/terrain/qualified/novegeo_terrain_v001.json,f03d14ce483280aff6662dc808c840a14a4cd035fedd4fe87786649f326f001c,SHARED_REFERENCE
NG-SPT-000919,919,43.12,4.252533,EPSG:4326,NG-SOV-PART-000001,NG-MGRID-02-04,true,,,580,PLAIN,ENVIRONMENTAL_REFERENCE_SAMPLE_POINT,dataset:novegeo:terrain:elevation,1,data/novegeo/geography/terrain/qualified/novegeo_terrain_v001.json,f03d14ce483280aff6662dc808c840a14a4cd035fedd4fe87786649f326f001c,SHARED_REFERENCE
NG-SPT-000920,920,30.1,4.672533,EPSG:4326,NG-SOV-PART-000001,NG-MGRID-02-02,true,,,277,PLAIN,ENVIRONMENTAL_REFERENCE_SAMPLE_POINT,dataset:novegeo:terrain:elevation,1,data/novegeo/geography/terrain/qualified/novegeo_terrain_v001.json,f03d14ce483280aff6662dc808c840a14a4cd035fedd4fe87786649f326f001c,SHARED_REFERENCE
NG-SPT-000921,921,30.52,4.672533,EPSG:4326,NG-SOV-PART-000001,NG-MGRID-02-02,true,NG-CLIM-OBS-000231,vegetation:novegeo:cell:000231,373,PLAIN,ENVIRONMENTAL_REFERENCE_SAMPLE_POINT,dataset:novegeo:terrain:elevation,1,data/novegeo/geography/terrain/qualified/novegeo_terrain_v001.json,f03d14ce483280aff6662dc808c840a14a4cd035fedd4fe87786649f326f001c,SHARED_REFERENCE
NG-SPT-000922,922,30.94,4.672533,EPSG:4326,NG-SOV-PART-000001,NG-MGRID-02-02,true,,,505,PLAIN,ENVIRONMENTAL_REFERENCE_SAMPLE_POINT,dataset:novegeo:terrain:elevation,1,data/novegeo/geography/terrain/qualified/novegeo_terrain_v001.json,f03d14ce483280aff6662dc808c840a14a4cd035fedd4fe87786649f326f001c,SHARED_REFERENCE
NG-SPT-000923,923,31.36,4.672533,EPSG:4326,NG-SOV-PART-000001,NG-MGRID-02-02,true,,,660,PLAIN,ENVIRONMENTAL_REFERENCE_SAMPLE_POINT,dataset:novegeo:terrain:elevation,1,data/novegeo/geography/terrain/qualified/novegeo_terrain_v001.json,f03d14ce483280aff6662dc808c840a14a4cd035fedd4fe87786649f326f001c,SHARED_REFERENCE
NG-SPT-000924,924,31.78,4.672533,EPSG:4326,NG-SOV-PART-000001,NG-MGRID-02-02,true,,,841,PLAIN,ENVIRONMENTAL_REFERENCE_SAMPLE_POINT,dataset:novegeo:terrain:elevation,1,data/novegeo/geography/terrain/qualified/novegeo_terrain_v001.json,f03d14ce483280aff6662dc808c840a14a4cd035fedd4fe87786649f326f001c,SHARED_REFERENCE
NG-SPT-000925,925,32.2,4.672533,EPSG:4326,NG-SOV-PART-000001,NG-MGRID-02-02,true,NG-CLIM-OBS-000232,vegetation:novegeo:cell:000232,1048,PLAIN,ENVIRONMENTAL_REFERENCE_SAMPLE_POINT,dataset:novegeo:terrain:elevation,1,data/novegeo/geography/terrain/qualified/novegeo_terrain_v001.json,f03d14ce483280aff6662dc808c840a14a4cd035fedd4fe87786649f326f001c,SHARED_REFERENCE
NG-SPT-000926,926,32.62,4.672533,EPSG:4326,NG-SOV-PART-000001,NG-MGRID-02-02,true,,,1267,PLATEAU,ENVIRONMENTAL_REFERENCE_SAMPLE_POINT,dataset:novegeo:terrain:elevation,1,data/novegeo/geography/terrain/qualified/novegeo_terrain_v001.json,f03d14ce483280aff6662dc808c840a14a4cd035fedd4fe87786649f326f001c,SHARED_REFERENCE
NG-SPT-000927,927,33.04,4.672533,EPSG:4326,NG-SOV-PART-000001,NG-MGRID-02-02,true,,,1481,PLATEAU,ENVIRONMENTAL_REFERENCE_SAMPLE_POINT,dataset:novegeo:terrain:elevation,1,data/novegeo/geography/terrain/qualified/novegeo_terrain_v001.json,f03d14ce483280aff6662dc808c840a14a4cd035fedd4fe87786649f326f001c,SHARED_REFERENCE
NG-SPT-000928,928,33.46,4.672533,EPSG:4326,NG-SOV-PART-000001,NG-MGRID-02-02,true,,,1669,PLATEAU,ENVIRONMENTAL_REFERENCE_SAMPLE_POINT,dataset:novegeo:terrain:elevation,1,data/novegeo/geography/terrain/qualified/novegeo_terrain_v001.json,f03d14ce483280aff6662dc808c840a14a4cd035fedd4fe87786649f326f001c,SHARED_REFERENCE
NG-SPT-000929,929,33.88,4.672533,EPSG:4326,NG-SOV-PART-000001,NG-MGRID-02-02,true,NG-CLIM-OBS-000233,vegetation:novegeo:cell:000233,1810,PLATEAU,ENVIRONMENTAL_REFERENCE_SAMPLE_POINT,dataset:novegeo:terrain:elevation,1,data/novegeo/geography/terrain/qualified/novegeo_terrain_v001.json,f03d14ce483280aff6662dc808c840a14a4cd035fedd4fe87786649f326f001c,SHARED_REFERENCE
NG-SPT-000930,930,34.3,4.672533,EPSG:4326,NG-SOV-PART-000001,NG-MGRID-02-02,true,,,1887,MOUNTAIN,ENVIRONMENTAL_REFERENCE_SAMPLE_POINT,dataset:novegeo:terrain:elevation,1,data/novegeo/geography/terrain/qualified/novegeo_terrain_v001.json,f03d14ce483280aff6662dc808c840a14a4cd035fedd4fe87786649f326f001c,SHARED_REFERENCE
NG-SPT-000931,931,34.72,4.672533,EPSG:4326,NG-SOV-PART-000001,NG-MGRID-02-02,true,,,1890,MOUNTAIN,ENVIRONMENTAL_REFERENCE_SAMPLE_POINT,dataset:novegeo:terrain:elevation,1,data/novegeo/geography/terrain/qualified/novegeo_terrain_v001.json,f03d14ce483280aff6662dc808c840a14a4cd035fedd4fe87786649f326f001c,SHARED_REFERENCE
NG-SPT-000932,932,35.14,4.672533,EPSG:4326,NG-SOV-PART-000001,NG-MGRID-02-03,true,,,1816,PLATEAU,ENVIRONMENTAL_REFERENCE_SAMPLE_POINT,dataset:novegeo:terrain:elevation,1,data/novegeo/geography/terrain/qualified/novegeo_terrain_v001.json,f03d14ce483280aff6662dc808c840a14a4cd035fedd4fe87786649f326f001c,SHARED_REFERENCE
NG-SPT-000933,933,35.56,4.672533,EPSG:4326,NG-SOV-PART-000001,NG-MGRID-02-03,true,NG-CLIM-OBS-000234,vegetation:novegeo:cell:000234,1675,PLATEAU,ENVIRONMENTAL_REFERENCE_SAMPLE_POINT,dataset:novegeo:terrain:elevation,1,data/novegeo/geography/terrain/qualified/novegeo_terrain_v001.json,f03d14ce483280aff6662dc808c840a14a4cd035fedd4fe87786649f326f001c,SHARED_REFERENCE
NG-SPT-000934,934,35.98,4.672533,EPSG:4326,NG-SOV-PART-000001,NG-MGRID-02-03,true,,,1486,PLATEAU,ENVIRONMENTAL_REFERENCE_SAMPLE_POINT,dataset:novegeo:terrain:elevation,1,data/novegeo/geography/terrain/qualified/novegeo_terrain_v001.json,f03d14ce483280aff6662dc808c840a14a4cd035fedd4fe87786649f326f001c,SHARED_REFERENCE
NG-SPT-000935,935,36.4,4.672533,EPSG:4326,NG-SOV-PART-000001,NG-MGRID-02-03,true,,,1276,PLATEAU,ENVIRONMENTAL_REFERENCE_SAMPLE_POINT,dataset:novegeo:terrain:elevation,1,data/novegeo/geography/terrain/qualified/novegeo_terrain_v001.json,f03d14ce483280aff6662dc808c840a14a4cd035fedd4fe87786649f326f001c,SHARED_REFERENCE
NG-SPT-000936,936,36.82,4.672533,EPSG:4326,NG-SOV-PART-000001,NG-MGRID-02-03,true,,,1077,PLATEAU,ENVIRONMENTAL_REFERENCE_SAMPLE_POINT,dataset:novegeo:terrain:elevation,1,data/novegeo/geography/terrain/qualified/novegeo_terrain_v001.json,f03d14ce483280aff6662dc808c840a14a4cd035fedd4fe87786649f326f001c,SHARED_REFERENCE
NG-SPT-000937,937,37.24,4.672533,EPSG:4326,NG-SOV-PART-000001,NG-MGRID-02-03,true,NG-CLIM-OBS-000235,vegetation:novegeo:cell:000235,913,VALLEY,ENVIRONMENTAL_REFERENCE_SAMPLE_POINT,dataset:novegeo:terrain:elevation,1,data/novegeo/geography/terrain/qualified/novegeo_terrain_v001.json,f03d14ce483280aff6662dc808c840a14a4cd035fedd4fe87786649f326f001c,SHARED_REFERENCE
NG-SPT-000938,938,37.66,4.672533,EPSG:4326,NG-SOV-PART-000001,NG-MGRID-02-03,true,,,800,PLAIN,ENVIRONMENTAL_REFERENCE_SAMPLE_POINT,dataset:novegeo:terrain:elevation,1,data/novegeo/geography/terrain/qualified/novegeo_terrain_v001.json,f03d14ce483280aff6662dc808c840a14a4cd035fedd4fe87786649f326f001c,SHARED_REFERENCE
NG-SPT-000939,939,38.08,4.672533,EPSG:4326,NG-SOV-PART-000001,NG-MGRID-02-03,true,,,744,PLAIN,ENVIRONMENTAL_REFERENCE_SAMPLE_POINT,dataset:novegeo:terrain:elevation,1,data/novegeo/geography/terrain/qualified/novegeo_terrain_v001.json,f03d14ce483280aff6662dc808c840a14a4cd035fedd4fe87786649f326f001c,SHARED_REFERENCE
NG-SPT-000940,940,38.5,4.672533,EPSG:4326,NG-SOV-PART-000001,NG-MGRID-02-03,true,,,738,PLAIN,ENVIRONMENTAL_REFERENCE_SAMPLE_POINT,dataset:novegeo:terrain:elevation,1,data/novegeo/geography/terrain/qualified/novegeo_terrain_v001.json,f03d14ce483280aff6662dc808c840a14a4cd035fedd4fe87786649f326f001c,SHARED_REFERENCE
NG-SPT-000941,941,38.92,4.672533,EPSG:4326,NG-SOV-PART-000001,NG-MGRID-02-03,true,NG-CLIM-OBS-000236,vegetation:novegeo:cell:000236,771,PLAIN,ENVIRONMENTAL_REFERENCE_SAMPLE_POINT,dataset:novegeo:terrain:elevation,1,data/novegeo/geography/terrain/qualified/novegeo_terrain_v001.json,f03d14ce483280aff6662dc808c840a14a4cd035fedd4fe87786649f326f001c,SHARED_REFERENCE
NG-SPT-000942,942,39.34,4.672533,EPSG:4326,NG-SOV-PART-000001,NG-MGRID-02-03,true,,,830,PLAIN,ENVIRONMENTAL_REFERENCE_SAMPLE_POINT,dataset:novegeo:terrain:elevation,1,data/novegeo/geography/terrain/qualified/novegeo_terrain_v001.json,f03d14ce483280aff6662dc808c840a14a4cd035fedd4fe87786649f326f001c,SHARED_REFERENCE
NG-SPT-000943,943,39.76,4.672533,EPSG:4326,NG-SOV-PART-000001,NG-MGRID-02-03,true,,,896,PLAIN,ENVIRONMENTAL_REFERENCE_SAMPLE_POINT,dataset:novegeo:terrain:elevation,1,data/novegeo/geography/terrain/qualified/novegeo_terrain_v001.json,f03d14ce483280aff6662dc808c840a14a4cd035fedd4fe87786649f326f001c,SHARED_REFERENCE
NG-SPT-000944,944,40.18,4.672533,EPSG:4326,NG-SOV-PART-000001,NG-MGRID-02-04,true,,,954,PLAIN,ENVIRONMENTAL_REFERENCE_SAMPLE_POINT,dataset:novegeo:terrain:elevation,1,data/novegeo/geography/terrain/qualified/novegeo_terrain_v001.json,f03d14ce483280aff6662dc808c840a14a4cd035fedd4fe87786649f326f001c,SHARED_REFERENCE
NG-SPT-000945,945,40.6,4.672533,EPSG:4326,NG-SOV-PART-000001,NG-MGRID-02-04,true,NG-CLIM-OBS-000237,vegetation:novegeo:cell:000237,986,PLAIN,ENVIRONMENTAL_REFERENCE_SAMPLE_POINT,dataset:novegeo:terrain:elevation,1,data/novegeo/geography/terrain/qualified/novegeo_terrain_v001.json,f03d14ce483280aff6662dc808c840a14a4cd035fedd4fe87786649f326f001c,SHARED_REFERENCE
NG-SPT-000946,946,41.02,4.672533,EPSG:4326,NG-SOV-PART-000001,NG-MGRID-02-04,true,,,980,PLAIN,ENVIRONMENTAL_REFERENCE_SAMPLE_POINT,dataset:novegeo:terrain:elevation,1,data/novegeo/geography/terrain/qualified/novegeo_terrain_v001.json,f03d14ce483280aff6662dc808c840a14a4cd035fedd4fe87786649f326f001c,SHARED_REFERENCE
NG-SPT-000947,947,41.44,4.672533,EPSG:4326,NG-SOV-PART-000001,NG-MGRID-02-04,true,,,932,PLAIN,ENVIRONMENTAL_REFERENCE_SAMPLE_POINT,dataset:novegeo:terrain:elevation,1,data/novegeo/geography/terrain/qualified/novegeo_terrain_v001.json,f03d14ce483280aff6662dc808c840a14a4cd035fedd4fe87786649f326f001c,SHARED_REFERENCE
NG-SPT-000948,948,41.86,4.672533,EPSG:4326,NG-SOV-PART-000001,NG-MGRID-02-04,true,,,848,PLAIN,ENVIRONMENTAL_REFERENCE_SAMPLE_POINT,dataset:novegeo:terrain:elevation,1,data/novegeo/geography/terrain/qualified/novegeo_terrain_v001.json,f03d14ce483280aff6662dc808c840a14a4cd035fedd4fe87786649f326f001c,SHARED_REFERENCE
NG-SPT-000949,949,42.28,4.672533,EPSG:4326,NG-SOV-PART-000001,NG-MGRID-02-04,true,NG-CLIM-OBS-000238,vegetation:novegeo:cell:000238,741,PLAIN,ENVIRONMENTAL_REFERENCE_SAMPLE_POINT,dataset:novegeo:terrain:elevation,1,data/novegeo/geography/terrain/qualified/novegeo_terrain_v001.json,f03d14ce483280aff6662dc808c840a14a4cd035fedd4fe87786649f326f001c,SHARED_REFERENCE
NG-SPT-000950,950,44.38,4.672533,EPSG:4326,NG-SOV-PART-000002,NG-MGRID-02-04,true,,,282,PLAIN,ENVIRONMENTAL_REFERENCE_SAMPLE_POINT,dataset:novegeo:terrain:elevation,1,data/novegeo/geography/terrain/qualified/novegeo_terrain_v001.json,f03d14ce483280aff6662dc808c840a14a4cd035fedd4fe87786649f326f001c,SHARED_REFERENCE
NG-SPT-000951,951,30.1,5.092533,EPSG:4326,NG-SOV-PART-000001,NG-MGRID-01-02,true,,,257,PLAIN,ENVIRONMENTAL_REFERENCE_SAMPLE_POINT,dataset:novegeo:terrain:elevation,1,data/novegeo/geography/terrain/qualified/novegeo_terrain_v001.json,f03d14ce483280aff6662dc808c840a14a4cd035fedd4fe87786649f326f001c,SHARED_REFERENCE
NG-SPT-000952,952,30.52,5.092533,EPSG:4326,NG-SOV-PART-000001,NG-MGRID-01-02,true,,,340,PLAIN,ENVIRONMENTAL_REFERENCE_SAMPLE_POINT,dataset:novegeo:terrain:elevation,1,data/novegeo/geography/terrain/qualified/novegeo_terrain_v001.json,f03d14ce483280aff6662dc808c840a14a4cd035fedd4fe87786649f326f001c,SHARED_REFERENCE
NG-SPT-000953,953,30.94,5.092533,EPSG:4326,NG-SOV-PART-000001,NG-MGRID-01-02,true,NG-CLIM-OBS-000239,vegetation:novegeo:cell:000239,455,PLAIN,ENVIRONMENTAL_REFERENCE_SAMPLE_POINT,dataset:novegeo:terrain:elevation,1,data/novegeo/geography/terrain/qualified/novegeo_terrain_v001.json,f03d14ce483280aff6662dc808c840a14a4cd035fedd4fe87786649f326f001c,SHARED_REFERENCE
NG-SPT-000954,954,31.36,5.092533,EPSG:4326,NG-SOV-PART-000001,NG-MGRID-01-02,true,,,589,PLAIN,ENVIRONMENTAL_REFERENCE_SAMPLE_POINT,dataset:novegeo:terrain:elevation,1,data/novegeo/geography/terrain/qualified/novegeo_terrain_v001.json,f03d14ce483280aff6662dc808c840a14a4cd035fedd4fe87786649f326f001c,SHARED_REFERENCE
NG-SPT-000955,955,31.78,5.092533,EPSG:4326,NG-SOV-PART-000001,NG-MGRID-01-02,true,,,744,PLAIN,ENVIRONMENTAL_REFERENCE_SAMPLE_POINT,dataset:novegeo:terrain:elevation,1,data/novegeo/geography/terrain/qualified/novegeo_terrain_v001.json,f03d14ce483280aff6662dc808c840a14a4cd035fedd4fe87786649f326f001c,SHARED_REFERENCE
NG-SPT-000956,956,32.2,5.092533,EPSG:4326,NG-SOV-PART-000001,NG-MGRID-01-02,true,,,922,PLAIN,ENVIRONMENTAL_REFERENCE_SAMPLE_POINT,dataset:novegeo:terrain:elevation,1,data/novegeo/geography/terrain/qualified/novegeo_terrain_v001.json,f03d14ce483280aff6662dc808c840a14a4cd035fedd4fe87786649f326f001c,SHARED_REFERENCE
NG-SPT-000957,957,32.62,5.092533,EPSG:4326,NG-SOV-PART-000001,NG-MGRID-01-02,true,NG-CLIM-OBS-000240,vegetation:novegeo:cell:000240,1112,PLATEAU,ENVIRONMENTAL_REFERENCE_SAMPLE_POINT,dataset:novegeo:terrain:elevation,1,data/novegeo/geography/terrain/qualified/novegeo_terrain_v001.json,f03d14ce483280aff6662dc808c840a14a4cd035fedd4fe87786649f326f001c,SHARED_REFERENCE
NG-SPT-000958,958,33.04,5.092533,EPSG:4326,NG-SOV-PART-000001,NG-MGRID-01-02,true,,,1296,PLATEAU,ENVIRONMENTAL_REFERENCE_SAMPLE_POINT,dataset:novegeo:terrain:elevation,1,data/novegeo/geography/terrain/qualified/novegeo_terrain_v001.json,f03d14ce483280aff6662dc808c840a14a4cd035fedd4fe87786649f326f001c,SHARED_REFERENCE
NG-SPT-000959,959,33.46,5.092533,EPSG:4326,NG-SOV-PART-000001,NG-MGRID-01-02,true,,,1458,PLATEAU,ENVIRONMENTAL_REFERENCE_SAMPLE_POINT,dataset:novegeo:terrain:elevation,1,data/novegeo/geography/terrain/qualified/novegeo_terrain_v001.json,f03d14ce483280aff6662dc808c840a14a4cd035fedd4fe87786649f326f001c,SHARED_REFERENCE
NG-SPT-000960,960,33.88,5.092533,EPSG:4326,NG-SOV-PART-000001,NG-MGRID-01-02,true,,,1579,PLATEAU,ENVIRONMENTAL_REFERENCE_SAMPLE_POINT,dataset:novegeo:terrain:elevation,1,data/novegeo/geography/terrain/qualified/novegeo_terrain_v001.json,f03d14ce483280aff6662dc808c840a14a4cd035fedd4fe87786649f326f001c,SHARED_REFERENCE
NG-SPT-000961,961,34.3,5.092533,EPSG:4326,NG-SOV-PART-000001,NG-MGRID-01-02,true,NG-CLIM-OBS-000241,vegetation:novegeo:cell:000241,1645,PLATEAU,ENVIRONMENTAL_REFERENCE_SAMPLE_POINT,dataset:novegeo:terrain:elevation,1,data/novegeo/geography/terrain/qualified/novegeo_terrain_v001.json,f03d14ce483280aff6662dc808c840a14a4cd035fedd4fe87786649f326f001c,SHARED_REFERENCE
NG-SPT-000962,962,34.72,5.092533,EPSG:4326,NG-SOV-PART-000001,NG-MGRID-01-02,true,,,1646,PLATEAU,ENVIRONMENTAL_REFERENCE_SAMPLE_POINT,dataset:novegeo:terrain:elevation,1,data/novegeo/geography/terrain/qualified/novegeo_terrain_v001.json,f03d14ce483280aff6662dc808c840a14a4cd035fedd4fe87786649f326f001c,SHARED_REFERENCE
NG-SPT-000963,963,35.14,5.092533,EPSG:4326,NG-SOV-PART-000001,NG-MGRID-01-03,true,,,1581,PLATEAU,ENVIRONMENTAL_REFERENCE_SAMPLE_POINT,dataset:novegeo:terrain:elevation,1,data/novegeo/geography/terrain/qualified/novegeo_terrain_v001.json,f03d14ce483280aff6662dc808c840a14a4cd035fedd4fe87786649f326f001c,SHARED_REFERENCE
NG-SPT-000964,964,35.56,5.092533,EPSG:4326,NG-SOV-PART-000001,NG-MGRID-01-03,true,,,1457,PLATEAU,ENVIRONMENTAL_REFERENCE_SAMPLE_POINT,dataset:novegeo:terrain:elevation,1,data/novegeo/geography/terrain/qualified/novegeo_terrain_v001.json,f03d14ce483280aff6662dc808c840a14a4cd035fedd4fe87786649f326f001c,SHARED_REFERENCE
NG-SPT-000965,965,35.98,5.092533,EPSG:4326,NG-SOV-PART-000001,NG-MGRID-01-03,true,NG-CLIM-OBS-000242,vegetation:novegeo:cell:000242,1292,PLATEAU,ENVIRONMENTAL_REFERENCE_SAMPLE_POINT,dataset:novegeo:terrain:elevation,1,data/novegeo/geography/terrain/qualified/novegeo_terrain_v001.json,f03d14ce483280aff6662dc808c840a14a4cd035fedd4fe87786649f326f001c,SHARED_REFERENCE
NG-SPT-000966,966,36.4,5.092533,EPSG:4326,NG-SOV-PART-000001,NG-MGRID-01-03,true,,,1108,PLATEAU,ENVIRONMENTAL_REFERENCE_SAMPLE_POINT,dataset:novegeo:terrain:elevation,1,data/novegeo/geography/terrain/qualified/novegeo_terrain_v001.json,f03d14ce483280aff6662dc808c840a14a4cd035fedd4fe87786649f326f001c,SHARED_REFERENCE
NG-SPT-000967,967,36.82,5.092533,EPSG:4326,NG-SOV-PART-000001,NG-MGRID-01-03,true,,,932,VALLEY,ENVIRONMENTAL_REFERENCE_SAMPLE_POINT,dataset:novegeo:terrain:elevation,1,data/novegeo/geography/terrain/qualified/novegeo_terrain_v001.json,f03d14ce483280aff6662dc808c840a14a4cd035fedd4fe87786649f326f001c,SHARED_REFERENCE
NG-SPT-000968,968,37.24,5.092533,EPSG:4326,NG-SOV-PART-000001,NG-MGRID-01-03,true,,,785,PLAIN,ENVIRONMENTAL_REFERENCE_SAMPLE_POINT,dataset:novegeo:terrain:elevation,1,data/novegeo/geography/terrain/qualified/novegeo_terrain_v001.json,f03d14ce483280aff6662dc808c840a14a4cd035fedd4fe87786649f326f001c,SHARED_REFERENCE
NG-SPT-000969,969,37.66,5.092533,EPSG:4326,NG-SOV-PART-000001,NG-MGRID-01-03,true,NG-CLIM-OBS-000243,vegetation:novegeo:cell:000243,681,PLAIN,ENVIRONMENTAL_REFERENCE_SAMPLE_POINT,dataset:novegeo:terrain:elevation,1,data/novegeo/geography/terrain/qualified/novegeo_terrain_v001.json,f03d14ce483280aff6662dc808c840a14a4cd035fedd4fe87786649f326f001c,SHARED_REFERENCE
NG-SPT-000970,970,38.08,5.092533,EPSG:4326,NG-SOV-PART-000001,NG-MGRID-01-03,true,,,624,PLAIN,ENVIRONMENTAL_REFERENCE_SAMPLE_POINT,dataset:novegeo:terrain:elevation,1,data/novegeo/geography/terrain/qualified/novegeo_terrain_v001.json,f03d14ce483280aff6662dc808c840a14a4cd035fedd4fe87786649f326f001c,SHARED_REFERENCE
NG-SPT-000971,971,38.5,5.092533,EPSG:4326,NG-SOV-PART-000001,NG-MGRID-01-03,true,,,611,PLAIN,ENVIRONMENTAL_REFERENCE_SAMPLE_POINT,dataset:novegeo:terrain:elevation,1,data/novegeo/geography/terrain/qualified/novegeo_terrain_v001.json,f03d14ce483280aff6662dc808c840a14a4cd035fedd4fe87786649f326f001c,SHARED_REFERENCE
NG-SPT-000972,972,38.92,5.092533,EPSG:4326,NG-SOV-PART-000001,NG-MGRID-01-03,true,,,632,PLAIN,ENVIRONMENTAL_REFERENCE_SAMPLE_POINT,dataset:novegeo:terrain:elevation,1,data/novegeo/geography/terrain/qualified/novegeo_terrain_v001.json,f03d14ce483280aff6662dc808c840a14a4cd035fedd4fe87786649f326f001c,SHARED_REFERENCE
NG-SPT-000973,973,39.34,5.092533,EPSG:4326,NG-SOV-PART-000001,NG-MGRID-01-03,true,NG-CLIM-OBS-000244,vegetation:novegeo:cell:000244,675,PLAIN,ENVIRONMENTAL_REFERENCE_SAMPLE_POINT,dataset:novegeo:terrain:elevation,1,data/novegeo/geography/terrain/qualified/novegeo_terrain_v001.json,f03d14ce483280aff6662dc808c840a14a4cd035fedd4fe87786649f326f001c,SHARED_REFERENCE
NG-SPT-000974,974,39.76,5.092533,EPSG:4326,NG-SOV-PART-000001,NG-MGRID-01-03,true,,,727,PLAIN,ENVIRONMENTAL_REFERENCE_SAMPLE_POINT,dataset:novegeo:terrain:elevation,1,data/novegeo/geography/terrain/qualified/novegeo_terrain_v001.json,f03d14ce483280aff6662dc808c840a14a4cd035fedd4fe87786649f326f001c,SHARED_REFERENCE
NG-SPT-000975,975,40.18,5.092533,EPSG:4326,NG-SOV-PART-000001,NG-MGRID-01-04,true,,,774,PLAIN,ENVIRONMENTAL_REFERENCE_SAMPLE_POINT,dataset:novegeo:terrain:elevation,1,data/novegeo/geography/terrain/qualified/novegeo_terrain_v001.json,f03d14ce483280aff6662dc808c840a14a4cd035fedd4fe87786649f326f001c,SHARED_REFERENCE
NG-SPT-000976,976,40.6,5.092533,EPSG:4326,NG-SOV-PART-000001,NG-MGRID-01-04,true,,,801,PLAIN,ENVIRONMENTAL_REFERENCE_SAMPLE_POINT,dataset:novegeo:terrain:elevation,1,data/novegeo/geography/terrain/qualified/novegeo_terrain_v001.json,f03d14ce483280aff6662dc808c840a14a4cd035fedd4fe87786649f326f001c,SHARED_REFERENCE
NG-SPT-000977,977,41.02,5.092533,EPSG:4326,NG-SOV-PART-000001,NG-MGRID-01-04,true,NG-CLIM-OBS-000245,vegetation:novegeo:cell:000245,799,PLAIN,ENVIRONMENTAL_REFERENCE_SAMPLE_POINT,dataset:novegeo:terrain:elevation,1,data/novegeo/geography/terrain/qualified/novegeo_terrain_v001.json,f03d14ce483280aff6662dc808c840a14a4cd035fedd4fe87786649f326f001c,SHARED_REFERENCE
NG-SPT-000978,978,41.44,5.092533,EPSG:4326,NG-SOV-PART-000001,NG-MGRID-01-04,true,,,763,PLAIN,ENVIRONMENTAL_REFERENCE_SAMPLE_POINT,dataset:novegeo:terrain:elevation,1,data/novegeo/geography/terrain/qualified/novegeo_terrain_v001.json,f03d14ce483280aff6662dc808c840a14a4cd035fedd4fe87786649f326f001c,SHARED_REFERENCE
NG-SPT-000979,979,41.86,5.092533,EPSG:4326,NG-SOV-PART-000001,NG-MGRID-01-04,true,,,699,PLAIN,ENVIRONMENTAL_REFERENCE_SAMPLE_POINT,dataset:novegeo:terrain:elevation,1,data/novegeo/geography/terrain/qualified/novegeo_terrain_v001.json,f03d14ce483280aff6662dc808c840a14a4cd035fedd4fe87786649f326f001c,SHARED_REFERENCE
NG-SPT-000980,980,44.38,5.092533,EPSG:4326,NG-SOV-PART-000002,NG-MGRID-01-04,true,,,258,PLAIN,ENVIRONMENTAL_REFERENCE_SAMPLE_POINT,dataset:novegeo:terrain:elevation,1,data/novegeo/geography/terrain/qualified/novegeo_terrain_v001.json,f03d14ce483280aff6662dc808c840a14a4cd035fedd4fe87786649f326f001c,SHARED_REFERENCE
NG-SPT-000981,981,30.52,5.512533,EPSG:4326,NG-SOV-PART-000001,NG-MGRID-01-02,true,NG-CLIM-OBS-000246,vegetation:novegeo:cell:000246,310,PLAIN,ENVIRONMENTAL_REFERENCE_SAMPLE_POINT,dataset:novegeo:terrain:elevation,1,data/novegeo/geography/terrain/qualified/novegeo_terrain_v001.json,f03d14ce483280aff6662dc808c840a14a4cd035fedd4fe87786649f326f001c,SHARED_REFERENCE
NG-SPT-000982,982,30.94,5.512533,EPSG:4326,NG-SOV-PART-000001,NG-MGRID-01-02,true,,,408,PLAIN,ENVIRONMENTAL_REFERENCE_SAMPLE_POINT,dataset:novegeo:terrain:elevation,1,data/novegeo/geography/terrain/qualified/novegeo_terrain_v001.json,f03d14ce483280aff6662dc808c840a14a4cd035fedd4fe87786649f326f001c,SHARED_REFERENCE
NG-SPT-000983,983,31.36,5.512533,EPSG:4326,NG-SOV-PART-000001,NG-MGRID-01-02,true,,,520,PLAIN,ENVIRONMENTAL_REFERENCE_SAMPLE_POINT,dataset:novegeo:terrain:elevation,1,data/novegeo/geography/terrain/qualified/novegeo_terrain_v001.json,f03d14ce483280aff6662dc808c840a14a4cd035fedd4fe87786649f326f001c,SHARED_REFERENCE
NG-SPT-000984,984,31.78,5.512533,EPSG:4326,NG-SOV-PART-000001,NG-MGRID-01-02,true,,,650,PLAIN,ENVIRONMENTAL_REFERENCE_SAMPLE_POINT,dataset:novegeo:terrain:elevation,1,data/novegeo/geography/terrain/qualified/novegeo_terrain_v001.json,f03d14ce483280aff6662dc808c840a14a4cd035fedd4fe87786649f326f001c,SHARED_REFERENCE
NG-SPT-000985,985,32.2,5.512533,EPSG:4326,NG-SOV-PART-000001,NG-MGRID-01-02,true,NG-CLIM-OBS-000247,vegetation:novegeo:cell:000247,800,PLAIN,ENVIRONMENTAL_REFERENCE_SAMPLE_POINT,dataset:novegeo:terrain:elevation,1,data/novegeo/geography/terrain/qualified/novegeo_terrain_v001.json,f03d14ce483280aff6662dc808c840a14a4cd035fedd4fe87786649f326f001c,SHARED_REFERENCE
NG-SPT-000986,986,32.62,5.512533,EPSG:4326,NG-SOV-PART-000001,NG-MGRID-01-02,true,,,959,PLAIN,ENVIRONMENTAL_REFERENCE_SAMPLE_POINT,dataset:novegeo:terrain:elevation,1,data/novegeo/geography/terrain/qualified/novegeo_terrain_v001.json,f03d14ce483280aff6662dc808c840a14a4cd035fedd4fe87786649f326f001c,SHARED_REFERENCE
NG-SPT-000987,987,33.04,5.512533,EPSG:4326,NG-SOV-PART-000001,NG-MGRID-01-02,true,,,1113,PLATEAU,ENVIRONMENTAL_REFERENCE_SAMPLE_POINT,dataset:novegeo:terrain:elevation,1,data/novegeo/geography/terrain/qualified/novegeo_terrain_v001.json,f03d14ce483280aff6662dc808c840a14a4cd035fedd4fe87786649f326f001c,SHARED_REFERENCE
NG-SPT-000988,988,33.46,5.512533,EPSG:4326,NG-SOV-PART-000001,NG-MGRID-01-02,true,,,1249,PLATEAU,ENVIRONMENTAL_REFERENCE_SAMPLE_POINT,dataset:novegeo:terrain:elevation,1,data/novegeo/geography/terrain/qualified/novegeo_terrain_v001.json,f03d14ce483280aff6662dc808c840a14a4cd035fedd4fe87786649f326f001c,SHARED_REFERENCE
NG-SPT-000989,989,33.88,5.512533,EPSG:4326,NG-SOV-PART-000001,NG-MGRID-01-02,true,NG-CLIM-OBS-000248,vegetation:novegeo:cell:000248,1350,PLATEAU,ENVIRONMENTAL_REFERENCE_SAMPLE_POINT,dataset:novegeo:terrain:elevation,1,data/novegeo/geography/terrain/qualified/novegeo_terrain_v001.json,f03d14ce483280aff6662dc808c840a14a4cd035fedd4fe87786649f326f001c,SHARED_REFERENCE
NG-SPT-000990,990,34.3,5.512533,EPSG:4326,NG-SOV-PART-000001,NG-MGRID-01-02,true,,,1404,PLATEAU,ENVIRONMENTAL_REFERENCE_SAMPLE_POINT,dataset:novegeo:terrain:elevation,1,data/novegeo/geography/terrain/qualified/novegeo_terrain_v001.json,f03d14ce483280aff6662dc808c840a14a4cd035fedd4fe87786649f326f001c,SHARED_REFERENCE
NG-SPT-000991,991,34.72,5.512533,EPSG:4326,NG-SOV-PART-000001,NG-MGRID-01-02,true,,,1404,PLATEAU,ENVIRONMENTAL_REFERENCE_SAMPLE_POINT,dataset:novegeo:terrain:elevation,1,data/novegeo/geography/terrain/qualified/novegeo_terrain_v001.json,f03d14ce483280aff6662dc808c840a14a4cd035fedd4fe87786649f326f001c,SHARED_REFERENCE
NG-SPT-000992,992,35.14,5.512533,EPSG:4326,NG-SOV-PART-000001,NG-MGRID-01-03,true,,,1348,PLATEAU,ENVIRONMENTAL_REFERENCE_SAMPLE_POINT,dataset:novegeo:terrain:elevation,1,data/novegeo/geography/terrain/qualified/novegeo_terrain_v001.json,f03d14ce483280aff6662dc808c840a14a4cd035fedd4fe87786649f326f001c,SHARED_REFERENCE
NG-SPT-000993,993,35.56,5.512533,EPSG:4326,NG-SOV-PART-000001,NG-MGRID-01-03,true,NG-CLIM-OBS-000249,vegetation:novegeo:cell:000249,1242,PLATEAU,ENVIRONMENTAL_REFERENCE_SAMPLE_POINT,dataset:novegeo:terrain:elevation,1,data/novegeo/geography/terrain/qualified/novegeo_terrain_v001.json,f03d14ce483280aff6662dc808c840a14a4cd035fedd4fe87786649f326f001c,SHARED_REFERENCE
NG-SPT-000994,994,35.98,5.512533,EPSG:4326,NG-SOV-PART-000001,NG-MGRID-01-03,true,,,1101,PLATEAU,ENVIRONMENTAL_REFERENCE_SAMPLE_POINT,dataset:novegeo:terrain:elevation,1,data/novegeo/geography/terrain/qualified/novegeo_terrain_v001.json,f03d14ce483280aff6662dc808c840a14a4cd035fedd4fe87786649f326f001c,SHARED_REFERENCE
NG-SPT-000995,995,36.4,5.512533,EPSG:4326,NG-SOV-PART-000001,NG-MGRID-01-03,true,,,944,VALLEY,ENVIRONMENTAL_REFERENCE_SAMPLE_POINT,dataset:novegeo:terrain:elevation,1,data/novegeo/geography/terrain/qualified/novegeo_terrain_v001.json,f03d14ce483280aff6662dc808c840a14a4cd035fedd4fe87786649f326f001c,SHARED_REFERENCE
NG-SPT-000996,996,36.82,5.512533,EPSG:4326,NG-SOV-PART-000001,NG-MGRID-01-03,true,,,793,VALLEY,ENVIRONMENTAL_REFERENCE_SAMPLE_POINT,dataset:novegeo:terrain:elevation,1,data/novegeo/geography/terrain/qualified/novegeo_terrain_v001.json,f03d14ce483280aff6662dc808c840a14a4cd035fedd4fe87786649f326f001c,SHARED_REFERENCE
NG-SPT-000997,997,37.24,5.512533,EPSG:4326,NG-SOV-PART-000001,NG-MGRID-01-03,true,NG-CLIM-OBS-000250,vegetation:novegeo:cell:000250,664,PLAIN,ENVIRONMENTAL_REFERENCE_SAMPLE_POINT,dataset:novegeo:terrain:elevation,1,data/novegeo/geography/terrain/qualified/novegeo_terrain_v001.json,f03d14ce483280aff6662dc808c840a14a4cd035fedd4fe87786649f326f001c,SHARED_REFERENCE
NG-SPT-000998,998,37.66,5.512533,EPSG:4326,NG-SOV-PART-000001,NG-MGRID-01-03,true,,,571,PLAIN,ENVIRONMENTAL_REFERENCE_SAMPLE_POINT,dataset:novegeo:terrain:elevation,1,data/novegeo/geography/terrain/qualified/novegeo_terrain_v001.json,f03d14ce483280aff6662dc808c840a14a4cd035fedd4fe87786649f326f001c,SHARED_REFERENCE
NG-SPT-000999,999,38.08,5.512533,EPSG:4326,NG-SOV-PART-000001,NG-MGRID-01-03,true,,,516,PLAIN,ENVIRONMENTAL_REFERENCE_SAMPLE_POINT,dataset:novegeo:terrain:elevation,1,data/novegeo/geography/terrain/qualified/novegeo_terrain_v001.json,f03d14ce483280aff6662dc808c840a14a4cd035fedd4fe87786649f326f001c,SHARED_REFERENCE
NG-SPT-001000,1000,38.5,5.512533,EPSG:4326,NG-SOV-PART-000001,NG-MGRID-01-03,true,,,497,PLAIN,ENVIRONMENTAL_REFERENCE_SAMPLE_POINT,dataset:novegeo:terrain:elevation,1,data/novegeo/geography/terrain/qualified/novegeo_terrain_v001.json,f03d14ce483280aff6662dc808c840a14a4cd035fedd4fe87786649f326f001c,SHARED_REFERENCE
NG-SPT-001001,1001,38.92,5.512533,EPSG:4326,NG-SOV-PART-000001,NG-MGRID-01-03,true,NG-CLIM-OBS-000251,vegetation:novegeo:cell:000251,506,PLAIN,ENVIRONMENTAL_REFERENCE_SAMPLE_POINT,dataset:novegeo:terrain:elevation,1,data/novegeo/geography/terrain/qualified/novegeo_terrain_v001.json,f03d14ce483280aff6662dc808c840a14a4cd035fedd4fe87786649f326f001c,SHARED_REFERENCE
NG-SPT-001002,1002,39.34,5.512533,EPSG:4326,NG-SOV-PART-000001,NG-MGRID-01-03,true,,,535,PLAIN,ENVIRONMENTAL_REFERENCE_SAMPLE_POINT,dataset:novegeo:terrain:elevation,1,data/novegeo/geography/terrain/qualified/novegeo_terrain_v001.json,f03d14ce483280aff6662dc808c840a14a4cd035fedd4fe87786649f326f001c,SHARED_REFERENCE
NG-SPT-001003,1003,39.76,5.512533,EPSG:4326,NG-SOV-PART-000001,NG-MGRID-01-03,true,,,573,PLAIN,ENVIRONMENTAL_REFERENCE_SAMPLE_POINT,dataset:novegeo:terrain:elevation,1,data/novegeo/geography/terrain/qualified/novegeo_terrain_v001.json,f03d14ce483280aff6662dc808c840a14a4cd035fedd4fe87786649f326f001c,SHARED_REFERENCE
NG-SPT-001004,1004,40.18,5.512533,EPSG:4326,NG-SOV-PART-000001,NG-MGRID-01-04,true,,,608,PLAIN,ENVIRONMENTAL_REFERENCE_SAMPLE_POINT,dataset:novegeo:terrain:elevation,1,data/novegeo/geography/terrain/qualified/novegeo_terrain_v001.json,f03d14ce483280aff6662dc808c840a14a4cd035fedd4fe87786649f326f001c,SHARED_REFERENCE
NG-SPT-001005,1005,40.6,5.512533,EPSG:4326,NG-SOV-PART-000001,NG-MGRID-01-04,true,NG-CLIM-OBS-000252,vegetation:novegeo:cell:000252,629,PLAIN,ENVIRONMENTAL_REFERENCE_SAMPLE_POINT,dataset:novegeo:terrain:elevation,1,data/novegeo/geography/terrain/qualified/novegeo_terrain_v001.json,f03d14ce483280aff6662dc808c840a14a4cd035fedd4fe87786649f326f001c,SHARED_REFERENCE
NG-SPT-001006,1006,41.02,5.512533,EPSG:4326,NG-SOV-PART-000001,NG-MGRID-01-04,true,,,629,PLAIN,ENVIRONMENTAL_REFERENCE_SAMPLE_POINT,dataset:novegeo:terrain:elevation,1,data/novegeo/geography/terrain/qualified/novegeo_terrain_v001.json,f03d14ce483280aff6662dc808c840a14a4cd035fedd4fe87786649f326f001c,SHARED_REFERENCE
NG-SPT-001007,1007,30.52,5.932533,EPSG:4326,NG-SOV-PART-000001,NG-MGRID-01-02,true,,,284,PLAIN,ENVIRONMENTAL_REFERENCE_SAMPLE_POINT,dataset:novegeo:terrain:elevation,1,data/novegeo/geography/terrain/qualified/novegeo_terrain_v001.json,f03d14ce483280aff6662dc808c840a14a4cd035fedd4fe87786649f326f001c,SHARED_REFERENCE
NG-SPT-001008,1008,30.94,5.932533,EPSG:4326,NG-SOV-PART-000001,NG-MGRID-01-02,true,,,366,PLAIN,ENVIRONMENTAL_REFERENCE_SAMPLE_POINT,dataset:novegeo:terrain:elevation,1,data/novegeo/geography/terrain/qualified/novegeo_terrain_v001.json,f03d14ce483280aff6662dc808c840a14a4cd035fedd4fe87786649f326f001c,SHARED_REFERENCE
NG-SPT-001009,1009,31.36,5.932533,EPSG:4326,NG-SOV-PART-000001,NG-MGRID-01-02,true,NG-CLIM-OBS-000253,vegetation:novegeo:cell:000253,452,PLAIN,ENVIRONMENTAL_REFERENCE_SAMPLE_POINT,dataset:novegeo:terrain:elevation,1,data/novegeo/geography/terrain/qualified/novegeo_terrain_v001.json,f03d14ce483280aff6662dc808c840a14a4cd035fedd4fe87786649f326f001c,SHARED_REFERENCE
NG-SPT-001010,1010,31.78,5.932533,EPSG:4326,NG-SOV-PART-000001,NG-MGRID-01-02,true,,,557,PLAIN,ENVIRONMENTAL_REFERENCE_SAMPLE_POINT,dataset:novegeo:terrain:elevation,1,data/novegeo/geography/terrain/qualified/novegeo_terrain_v001.json,f03d14ce483280aff6662dc808c840a14a4cd035fedd4fe87786649f326f001c,SHARED_REFERENCE
NG-SPT-001011,1011,32.2,5.932533,EPSG:4326,NG-SOV-PART-000001,NG-MGRID-01-02,true,,,679,PLAIN,ENVIRONMENTAL_REFERENCE_SAMPLE_POINT,dataset:novegeo:terrain:elevation,1,data/novegeo/geography/terrain/qualified/novegeo_terrain_v001.json,f03d14ce483280aff6662dc808c840a14a4cd035fedd4fe87786649f326f001c,SHARED_REFERENCE
NG-SPT-001012,1012,32.62,5.932533,EPSG:4326,NG-SOV-PART-000001,NG-MGRID-01-02,true,,,808,PLAIN,ENVIRONMENTAL_REFERENCE_SAMPLE_POINT,dataset:novegeo:terrain:elevation,1,data/novegeo/geography/terrain/qualified/novegeo_terrain_v001.json,f03d14ce483280aff6662dc808c840a14a4cd035fedd4fe87786649f326f001c,SHARED_REFERENCE
NG-SPT-001013,1013,33.04,5.932533,EPSG:4326,NG-SOV-PART-000001,NG-MGRID-01-02,true,NG-CLIM-OBS-000254,vegetation:novegeo:cell:000254,934,PLAIN,ENVIRONMENTAL_REFERENCE_SAMPLE_POINT,dataset:novegeo:terrain:elevation,1,data/novegeo/geography/terrain/qualified/novegeo_terrain_v001.json,f03d14ce483280aff6662dc808c840a14a4cd035fedd4fe87786649f326f001c,SHARED_REFERENCE
NG-SPT-001014,1014,33.46,5.932533,EPSG:4326,NG-SOV-PART-000001,NG-MGRID-01-02,true,,,1045,PLAIN,ENVIRONMENTAL_REFERENCE_SAMPLE_POINT,dataset:novegeo:terrain:elevation,1,data/novegeo/geography/terrain/qualified/novegeo_terrain_v001.json,f03d14ce483280aff6662dc808c840a14a4cd035fedd4fe87786649f326f001c,SHARED_REFERENCE
NG-SPT-001015,1015,33.88,5.932533,EPSG:4326,NG-SOV-PART-000001,NG-MGRID-01-02,true,,,1127,PLATEAU,ENVIRONMENTAL_REFERENCE_SAMPLE_POINT,dataset:novegeo:terrain:elevation,1,data/novegeo/geography/terrain/qualified/novegeo_terrain_v001.json,f03d14ce483280aff6662dc808c840a14a4cd035fedd4fe87786649f326f001c,SHARED_REFERENCE
NG-SPT-001016,1016,34.3,5.932533,EPSG:4326,NG-SOV-PART-000001,NG-MGRID-01-02,true,,,1170,PLATEAU,ENVIRONMENTAL_REFERENCE_SAMPLE_POINT,dataset:novegeo:terrain:elevation,1,data/novegeo/geography/terrain/qualified/novegeo_terrain_v001.json,f03d14ce483280aff6662dc808c840a14a4cd035fedd4fe87786649f326f001c,SHARED_REFERENCE
NG-SPT-001017,1017,34.72,5.932533,EPSG:4326,NG-SOV-PART-000001,NG-MGRID-01-02,true,NG-CLIM-OBS-000255,vegetation:novegeo:cell:000255,1168,PLATEAU,ENVIRONMENTAL_REFERENCE_SAMPLE_POINT,dataset:novegeo:terrain:elevation,1,data/novegeo/geography/terrain/qualified/novegeo_terrain_v001.json,f03d14ce483280aff6662dc808c840a14a4cd035fedd4fe87786649f326f001c,SHARED_REFERENCE
NG-SPT-001018,1018,35.14,5.932533,EPSG:4326,NG-SOV-PART-000001,NG-MGRID-01-03,true,,,1120,PLATEAU,ENVIRONMENTAL_REFERENCE_SAMPLE_POINT,dataset:novegeo:terrain:elevation,1,data/novegeo/geography/terrain/qualified/novegeo_terrain_v001.json,f03d14ce483280aff6662dc808c840a14a4cd035fedd4fe87786649f326f001c,SHARED_REFERENCE
NG-SPT-001019,1019,35.56,5.932533,EPSG:4326,NG-SOV-PART-000001,NG-MGRID-01-03,true,,,1032,VALLEY,ENVIRONMENTAL_REFERENCE_SAMPLE_POINT,dataset:novegeo:terrain:elevation,1,data/novegeo/geography/terrain/qualified/novegeo_terrain_v001.json,f03d14ce483280aff6662dc808c840a14a4cd035fedd4fe87786649f326f001c,SHARED_REFERENCE
NG-SPT-001020,1020,35.98,5.932533,EPSG:4326,NG-SOV-PART-000001,NG-MGRID-01-03,true,,,915,VALLEY,ENVIRONMENTAL_REFERENCE_SAMPLE_POINT,dataset:novegeo:terrain:elevation,1,data/novegeo/geography/terrain/qualified/novegeo_terrain_v001.json,f03d14ce483280aff6662dc808c840a14a4cd035fedd4fe87786649f326f001c,SHARED_REFERENCE
NG-SPT-001021,1021,36.4,5.932533,EPSG:4326,NG-SOV-PART-000001,NG-MGRID-01-03,true,NG-CLIM-OBS-000256,vegetation:novegeo:cell:000256,784,VALLEY,ENVIRONMENTAL_REFERENCE_SAMPLE_POINT,dataset:novegeo:terrain:elevation,1,data/novegeo/geography/terrain/qualified/novegeo_terrain_v001.json,f03d14ce483280aff6662dc808c840a14a4cd035fedd4fe87786649f326f001c,SHARED_REFERENCE
NG-SPT-001022,1022,36.82,5.932533,EPSG:4326,NG-SOV-PART-000001,NG-MGRID-01-03,true,,,657,VALLEY,ENVIRONMENTAL_REFERENCE_SAMPLE_POINT,dataset:novegeo:terrain:elevation,1,data/novegeo/geography/terrain/qualified/novegeo_terrain_v001.json,f03d14ce483280aff6662dc808c840a14a4cd035fedd4fe87786649f326f001c,SHARED_REFERENCE
NG-SPT-001023,1023,37.24,5.932533,EPSG:4326,NG-SOV-PART-000001,NG-MGRID-01-03,true,,,548,PLAIN,ENVIRONMENTAL_REFERENCE_SAMPLE_POINT,dataset:novegeo:terrain:elevation,1,data/novegeo/geography/terrain/qualified/novegeo_terrain_v001.json,f03d14ce483280aff6662dc808c840a14a4cd035fedd4fe87786649f326f001c,SHARED_REFERENCE
NG-SPT-001024,1024,37.66,5.932533,EPSG:4326,NG-SOV-PART-000001,NG-MGRID-01-03,true,,,467,PLAIN,ENVIRONMENTAL_REFERENCE_SAMPLE_POINT,dataset:novegeo:terrain:elevation,1,data/novegeo/geography/terrain/qualified/novegeo_terrain_v001.json,f03d14ce483280aff6662dc808c840a14a4cd035fedd4fe87786649f326f001c,SHARED_REFERENCE
NG-SPT-001025,1025,38.08,5.932533,EPSG:4326,NG-SOV-PART-000001,NG-MGRID-01-03,true,NG-CLIM-OBS-000257,vegetation:novegeo:cell:000257,416,PLAIN,ENVIRONMENTAL_REFERENCE_SAMPLE_POINT,dataset:novegeo:terrain:elevation,1,data/novegeo/geography/terrain/qualified/novegeo_terrain_v001.json,f03d14ce483280aff6662dc808c840a14a4cd035fedd4fe87786649f326f001c,SHARED_REFERENCE
NG-SPT-001026,1026,38.5,5.932533,EPSG:4326,NG-SOV-PART-000001,NG-MGRID-01-03,true,,,394,PLAIN,ENVIRONMENTAL_REFERENCE_SAMPLE_POINT,dataset:novegeo:terrain:elevation,1,data/novegeo/geography/terrain/qualified/novegeo_terrain_v001.json,f03d14ce483280aff6662dc808c840a14a4cd035fedd4fe87786649f326f001c,SHARED_REFERENCE
NG-SPT-001027,1027,38.92,5.932533,EPSG:4326,NG-SOV-PART-000001,NG-MGRID-01-03,true,,,394,PLAIN,ENVIRONMENTAL_REFERENCE_SAMPLE_POINT,dataset:novegeo:terrain:elevation,1,data/novegeo/geography/terrain/qualified/novegeo_terrain_v001.json,f03d14ce483280aff6662dc808c840a14a4cd035fedd4fe87786649f326f001c,SHARED_REFERENCE
NG-SPT-001028,1028,39.34,5.932533,EPSG:4326,NG-SOV-PART-000001,NG-MGRID-01-03,true,,,411,PLAIN,ENVIRONMENTAL_REFERENCE_SAMPLE_POINT,dataset:novegeo:terrain:elevation,1,data/novegeo/geography/terrain/qualified/novegeo_terrain_v001.json,f03d14ce483280aff6662dc808c840a14a4cd035fedd4fe87786649f326f001c,SHARED_REFERENCE
NG-SPT-001029,1029,39.76,5.932533,EPSG:4326,NG-SOV-PART-000001,NG-MGRID-01-03,true,NG-CLIM-OBS-000258,vegetation:novegeo:cell:000258,436,PLAIN,ENVIRONMENTAL_REFERENCE_SAMPLE_POINT,dataset:novegeo:terrain:elevation,1,data/novegeo/geography/terrain/qualified/novegeo_terrain_v001.json,f03d14ce483280aff6662dc808c840a14a4cd035fedd4fe87786649f326f001c,SHARED_REFERENCE
NG-SPT-001030,1030,40.18,5.932533,EPSG:4326,NG-SOV-PART-000001,NG-MGRID-01-04,true,,,460,PLAIN,ENVIRONMENTAL_REFERENCE_SAMPLE_POINT,dataset:novegeo:terrain:elevation,1,data/novegeo/geography/terrain/qualified/novegeo_terrain_v001.json,f03d14ce483280aff6662dc808c840a14a4cd035fedd4fe87786649f326f001c,SHARED_REFERENCE
NG-SPT-001031,1031,40.6,5.932533,EPSG:4326,NG-SOV-PART-000001,NG-MGRID-01-04,true,,,476,PLAIN,ENVIRONMENTAL_REFERENCE_SAMPLE_POINT,dataset:novegeo:terrain:elevation,1,data/novegeo/geography/terrain/qualified/novegeo_terrain_v001.json,f03d14ce483280aff6662dc808c840a14a4cd035fedd4fe87786649f326f001c,SHARED_REFERENCE
NG-SPT-001032,1032,41.02,5.932533,EPSG:4326,NG-SOV-PART-000001,NG-MGRID-01-04,true,,,477,PLAIN,ENVIRONMENTAL_REFERENCE_SAMPLE_POINT,dataset:novegeo:terrain:elevation,1,data/novegeo/geography/terrain/qualified/novegeo_terrain_v001.json,f03d14ce483280aff6662dc808c840a14a4cd035fedd4fe87786649f326f001c,SHARED_REFERENCE
NG-SPT-001033,1033,30.52,6.352533,EPSG:4326,NG-SOV-PART-000001,NG-MGRID-01-02,true,NG-CLIM-OBS-000259,vegetation:novegeo:cell:000259,262,PLAIN,ENVIRONMENTAL_REFERENCE_SAMPLE_POINT,dataset:novegeo:terrain:elevation,1,data/novegeo/geography/terrain/qualified/novegeo_terrain_v001.json,f03d14ce483280aff6662dc808c840a14a4cd035fedd4fe87786649f326f001c,SHARED_REFERENCE
NG-SPT-001034,1034,30.94,6.352533,EPSG:4326,NG-SOV-PART-000001,NG-MGRID-01-02,true,,,310,PLAIN,ENVIRONMENTAL_REFERENCE_SAMPLE_POINT,dataset:novegeo:terrain:elevation,1,data/novegeo/geography/terrain/qualified/novegeo_terrain_v001.json,f03d14ce483280aff6662dc808c840a14a4cd035fedd4fe87786649f326f001c,SHARED_REFERENCE
NG-SPT-001035,1035,31.36,6.352533,EPSG:4326,NG-SOV-PART-000001,NG-MGRID-01-02,true,,,375,PLAIN,ENVIRONMENTAL_REFERENCE_SAMPLE_POINT,dataset:novegeo:terrain:elevation,1,data/novegeo/geography/terrain/qualified/novegeo_terrain_v001.json,f03d14ce483280aff6662dc808c840a14a4cd035fedd4fe87786649f326f001c,SHARED_REFERENCE
NG-SPT-001036,1036,31.78,6.352533,EPSG:4326,NG-SOV-PART-000001,NG-MGRID-01-02,true,,,457,PLAIN,ENVIRONMENTAL_REFERENCE_SAMPLE_POINT,dataset:novegeo:terrain:elevation,1,data/novegeo/geography/terrain/qualified/novegeo_terrain_v001.json,f03d14ce483280aff6662dc808c840a14a4cd035fedd4fe87786649f326f001c,SHARED_REFERENCE
NG-SPT-001037,1037,32.2,6.352533,EPSG:4326,NG-SOV-PART-000001,NG-MGRID-01-02,true,NG-CLIM-OBS-000260,vegetation:novegeo:cell:000260,552,PLAIN,ENVIRONMENTAL_REFERENCE_SAMPLE_POINT,dataset:novegeo:terrain:elevation,1,data/novegeo/geography/terrain/qualified/novegeo_terrain_v001.json,f03d14ce483280aff6662dc808c840a14a4cd035fedd4fe87786649f326f001c,SHARED_REFERENCE
NG-SPT-001038,1038,32.62,6.352533,EPSG:4326,NG-SOV-PART-000001,NG-MGRID-01-02,true,,,654,PLAIN,ENVIRONMENTAL_REFERENCE_SAMPLE_POINT,dataset:novegeo:terrain:elevation,1,data/novegeo/geography/terrain/qualified/novegeo_terrain_v001.json,f03d14ce483280aff6662dc808c840a14a4cd035fedd4fe87786649f326f001c,SHARED_REFERENCE
NG-SPT-001039,1039,33.04,6.352533,EPSG:4326,NG-SOV-PART-000001,NG-MGRID-01-02,true,,,753,PLAIN,ENVIRONMENTAL_REFERENCE_SAMPLE_POINT,dataset:novegeo:terrain:elevation,1,data/novegeo/geography/terrain/qualified/novegeo_terrain_v001.json,f03d14ce483280aff6662dc808c840a14a4cd035fedd4fe87786649f326f001c,SHARED_REFERENCE
NG-SPT-001040,1040,33.46,6.352533,EPSG:4326,NG-SOV-PART-000001,NG-MGRID-01-02,true,,,840,PLAIN,ENVIRONMENTAL_REFERENCE_SAMPLE_POINT,dataset:novegeo:terrain:elevation,1,data/novegeo/geography/terrain/qualified/novegeo_terrain_v001.json,f03d14ce483280aff6662dc808c840a14a4cd035fedd4fe87786649f326f001c,SHARED_REFERENCE
NG-SPT-001041,1041,33.88,6.352533,EPSG:4326,NG-SOV-PART-000001,NG-MGRID-01-02,true,NG-CLIM-OBS-000261,vegetation:novegeo:cell:000261,904,PLAIN,ENVIRONMENTAL_REFERENCE_SAMPLE_POINT,dataset:novegeo:terrain:elevation,1,data/novegeo/geography/terrain/qualified/novegeo_terrain_v001.json,f03d14ce483280aff6662dc808c840a14a4cd035fedd4fe87786649f326f001c,SHARED_REFERENCE
NG-SPT-001042,1042,34.3,6.352533,EPSG:4326,NG-SOV-PART-000001,NG-MGRID-01-02,true,,,937,PLAIN,ENVIRONMENTAL_REFERENCE_SAMPLE_POINT,dataset:novegeo:terrain:elevation,1,data/novegeo/geography/terrain/qualified/novegeo_terrain_v001.json,f03d14ce483280aff6662dc808c840a14a4cd035fedd4fe87786649f326f001c,SHARED_REFERENCE
NG-SPT-001043,1043,34.72,6.352533,EPSG:4326,NG-SOV-PART-000001,NG-MGRID-01-02,true,,,934,PLAIN,ENVIRONMENTAL_REFERENCE_SAMPLE_POINT,dataset:novegeo:terrain:elevation,1,data/novegeo/geography/terrain/qualified/novegeo_terrain_v001.json,f03d14ce483280aff6662dc808c840a14a4cd035fedd4fe87786649f326f001c,SHARED_REFERENCE
NG-SPT-001044,1044,35.14,6.352533,EPSG:4326,NG-SOV-PART-000001,NG-MGRID-01-03,true,,,894,VALLEY,ENVIRONMENTAL_REFERENCE_SAMPLE_POINT,dataset:novegeo:terrain:elevation,1,data/novegeo/geography/terrain/qualified/novegeo_terrain_v001.json,f03d14ce483280aff6662dc808c840a14a4cd035fedd4fe87786649f326f001c,SHARED_REFERENCE
NG-SPT-001045,1045,35.56,6.352533,EPSG:4326,NG-SOV-PART-000001,NG-MGRID-01-03,true,NG-CLIM-OBS-000262,vegetation:novegeo:cell:000262,821,VALLEY,ENVIRONMENTAL_REFERENCE_SAMPLE_POINT,dataset:novegeo:terrain:elevation,1,data/novegeo/geography/terrain/qualified/novegeo_terrain_v001.json,f03d14ce483280aff6662dc808c840a14a4cd035fedd4fe87786649f326f001c,SHARED_REFERENCE
NG-SPT-001046,1046,35.98,6.352533,EPSG:4326,NG-SOV-PART-000001,NG-MGRID-01-03,true,,,726,VALLEY,ENVIRONMENTAL_REFERENCE_SAMPLE_POINT,dataset:novegeo:terrain:elevation,1,data/novegeo/geography/terrain/qualified/novegeo_terrain_v001.json,f03d14ce483280aff6662dc808c840a14a4cd035fedd4fe87786649f326f001c,SHARED_REFERENCE
NG-SPT-001047,1047,36.4,6.352533,EPSG:4326,NG-SOV-PART-000001,NG-MGRID-01-03,true,,,620,VALLEY,ENVIRONMENTAL_REFERENCE_SAMPLE_POINT,dataset:novegeo:terrain:elevation,1,data/novegeo/geography/terrain/qualified/novegeo_terrain_v001.json,f03d14ce483280aff6662dc808c840a14a4cd035fedd4fe87786649f326f001c,SHARED_REFERENCE
NG-SPT-001048,1048,36.82,6.352533,EPSG:4326,NG-SOV-PART-000001,NG-MGRID-01-03,true,,,516,VALLEY,ENVIRONMENTAL_REFERENCE_SAMPLE_POINT,dataset:novegeo:terrain:elevation,1,data/novegeo/geography/terrain/qualified/novegeo_terrain_v001.json,f03d14ce483280aff6662dc808c840a14a4cd035fedd4fe87786649f326f001c,SHARED_REFERENCE
NG-SPT-001049,1049,37.24,6.352533,EPSG:4326,NG-SOV-PART-000001,NG-MGRID-01-03,true,NG-CLIM-OBS-000263,vegetation:novegeo:cell:000263,426,PLAIN,ENVIRONMENTAL_REFERENCE_SAMPLE_POINT,dataset:novegeo:terrain:elevation,1,data/novegeo/geography/terrain/qualified/novegeo_terrain_v001.json,f03d14ce483280aff6662dc808c840a14a4cd035fedd4fe87786649f326f001c,SHARED_REFERENCE
NG-SPT-001050,1050,37.66,6.352533,EPSG:4326,NG-SOV-PART-000001,NG-MGRID-01-03,true,,,358,PLAIN,ENVIRONMENTAL_REFERENCE_SAMPLE_POINT,dataset:novegeo:terrain:elevation,1,data/novegeo/geography/terrain/qualified/novegeo_terrain_v001.json,f03d14ce483280aff6662dc808c840a14a4cd035fedd4fe87786649f326f001c,SHARED_REFERENCE
NG-SPT-001051,1051,38.08,6.352533,EPSG:4326,NG-SOV-PART-000001,NG-MGRID-01-03,true,,,313,PLAIN,ENVIRONMENTAL_REFERENCE_SAMPLE_POINT,dataset:novegeo:terrain:elevation,1,data/novegeo/geography/terrain/qualified/novegeo_terrain_v001.json,f03d14ce483280aff6662dc808c840a14a4cd035fedd4fe87786649f326f001c,SHARED_REFERENCE
NG-SPT-001052,1052,38.5,6.352533,EPSG:4326,NG-SOV-PART-000001,NG-MGRID-01-03,true,,,290,PLAIN,ENVIRONMENTAL_REFERENCE_SAMPLE_POINT,dataset:novegeo:terrain:elevation,1,data/novegeo/geography/terrain/qualified/novegeo_terrain_v001.json,f03d14ce483280aff6662dc808c840a14a4cd035fedd4fe87786649f326f001c,SHARED_REFERENCE
NG-SPT-001053,1053,38.92,6.352533,EPSG:4326,NG-SOV-PART-000001,NG-MGRID-01-03,true,NG-CLIM-OBS-000264,vegetation:novegeo:cell:000264,286,PLAIN,ENVIRONMENTAL_REFERENCE_SAMPLE_POINT,dataset:novegeo:terrain:elevation,1,data/novegeo/geography/terrain/qualified/novegeo_terrain_v001.json,f03d14ce483280aff6662dc808c840a14a4cd035fedd4fe87786649f326f001c,SHARED_REFERENCE
NG-SPT-001054,1054,39.34,6.352533,EPSG:4326,NG-SOV-PART-000001,NG-MGRID-01-03,true,,,294,PLAIN,ENVIRONMENTAL_REFERENCE_SAMPLE_POINT,dataset:novegeo:terrain:elevation,1,data/novegeo/geography/terrain/qualified/novegeo_terrain_v001.json,f03d14ce483280aff6662dc808c840a14a4cd035fedd4fe87786649f326f001c,SHARED_REFERENCE
NG-SPT-001055,1055,39.76,6.352533,EPSG:4326,NG-SOV-PART-000001,NG-MGRID-01-03,true,,,309,PLAIN,ENVIRONMENTAL_REFERENCE_SAMPLE_POINT,dataset:novegeo:terrain:elevation,1,data/novegeo/geography/terrain/qualified/novegeo_terrain_v001.json,f03d14ce483280aff6662dc808c840a14a4cd035fedd4fe87786649f326f001c,SHARED_REFERENCE
NG-SPT-001056,1056,40.18,6.352533,EPSG:4326,NG-SOV-PART-000001,NG-MGRID-01-04,true,,,325,PLAIN,ENVIRONMENTAL_REFERENCE_SAMPLE_POINT,dataset:novegeo:terrain:elevation,1,data/novegeo/geography/terrain/qualified/novegeo_terrain_v001.json,f03d14ce483280aff6662dc808c840a14a4cd035fedd4fe87786649f326f001c,SHARED_REFERENCE
NG-SPT-001057,1057,40.6,6.352533,EPSG:4326,NG-SOV-PART-000001,NG-MGRID-01-04,true,NG-CLIM-OBS-000265,vegetation:novegeo:cell:000265,336,PLAIN,ENVIRONMENTAL_REFERENCE_SAMPLE_POINT,dataset:novegeo:terrain:elevation,1,data/novegeo/geography/terrain/qualified/novegeo_terrain_v001.json,f03d14ce483280aff6662dc808c840a14a4cd035fedd4fe87786649f326f001c,SHARED_REFERENCE
NG-SPT-001058,1058,31.36,6.772533,EPSG:4326,NG-SOV-PART-000001,NG-MGRID-01-02,true,,,307,PLAIN,ENVIRONMENTAL_REFERENCE_SAMPLE_POINT,dataset:novegeo:terrain:elevation,1,data/novegeo/geography/terrain/qualified/novegeo_terrain_v001.json,f03d14ce483280aff6662dc808c840a14a4cd035fedd4fe87786649f326f001c,SHARED_REFERENCE
NG-SPT-001059,1059,31.78,6.772533,EPSG:4326,NG-SOV-PART-000001,NG-MGRID-01-02,true,,,368,PLAIN,ENVIRONMENTAL_REFERENCE_SAMPLE_POINT,dataset:novegeo:terrain:elevation,1,data/novegeo/geography/terrain/qualified/novegeo_terrain_v001.json,f03d14ce483280aff6662dc808c840a14a4cd035fedd4fe87786649f326f001c,SHARED_REFERENCE
NG-SPT-001060,1060,32.2,6.772533,EPSG:4326,NG-SOV-PART-000001,NG-MGRID-01-02,true,,,440,PLAIN,ENVIRONMENTAL_REFERENCE_SAMPLE_POINT,dataset:novegeo:terrain:elevation,1,data/novegeo/geography/terrain/qualified/novegeo_terrain_v001.json,f03d14ce483280aff6662dc808c840a14a4cd035fedd4fe87786649f326f001c,SHARED_REFERENCE
NG-SPT-001061,1061,32.62,6.772533,EPSG:4326,NG-SOV-PART-000001,NG-MGRID-01-02,true,NG-CLIM-OBS-000266,vegetation:novegeo:cell:000266,517,PLAIN,ENVIRONMENTAL_REFERENCE_SAMPLE_POINT,dataset:novegeo:terrain:elevation,1,data/novegeo/geography/terrain/qualified/novegeo_terrain_v001.json,f03d14ce483280aff6662dc808c840a14a4cd035fedd4fe87786649f326f001c,SHARED_REFERENCE
NG-SPT-001062,1062,33.04,6.772533,EPSG:4326,NG-SOV-PART-000001,NG-MGRID-01-02,true,,,592,PLAIN,ENVIRONMENTAL_REFERENCE_SAMPLE_POINT,dataset:novegeo:terrain:elevation,1,data/novegeo/geography/terrain/qualified/novegeo_terrain_v001.json,f03d14ce483280aff6662dc808c840a14a4cd035fedd4fe87786649f326f001c,SHARED_REFERENCE
NG-SPT-001063,1063,33.46,6.772533,EPSG:4326,NG-SOV-PART-000001,NG-MGRID-01-02,true,,,657,PLAIN,ENVIRONMENTAL_REFERENCE_SAMPLE_POINT,dataset:novegeo:terrain:elevation,1,data/novegeo/geography/terrain/qualified/novegeo_terrain_v001.json,f03d14ce483280aff6662dc808c840a14a4cd035fedd4fe87786649f326f001c,SHARED_REFERENCE
NG-SPT-001064,1064,33.88,6.772533,EPSG:4326,NG-SOV-PART-000001,NG-MGRID-01-02,true,,,704,PLAIN,ENVIRONMENTAL_REFERENCE_SAMPLE_POINT,dataset:novegeo:terrain:elevation,1,data/novegeo/geography/terrain/qualified/novegeo_terrain_v001.json,f03d14ce483280aff6662dc808c840a14a4cd035fedd4fe87786649f326f001c,SHARED_REFERENCE
NG-SPT-001065,1065,34.3,6.772533,EPSG:4326,NG-SOV-PART-000001,NG-MGRID-01-02,true,NG-CLIM-OBS-000267,vegetation:novegeo:cell:000267,727,PLAIN,ENVIRONMENTAL_REFERENCE_SAMPLE_POINT,dataset:novegeo:terrain:elevation,1,data/novegeo/geography/terrain/qualified/novegeo_terrain_v001.json,f03d14ce483280aff6662dc808c840a14a4cd035fedd4fe87786649f326f001c,SHARED_REFERENCE
NG-SPT-001066,1066,34.72,6.772533,EPSG:4326,NG-SOV-PART-000001,NG-MGRID-01-02,true,,,722,PLAIN,ENVIRONMENTAL_REFERENCE_SAMPLE_POINT,dataset:novegeo:terrain:elevation,1,data/novegeo/geography/terrain/qualified/novegeo_terrain_v001.json,f03d14ce483280aff6662dc808c840a14a4cd035fedd4fe87786649f326f001c,SHARED_REFERENCE
NG-SPT-001067,1067,35.14,6.772533,EPSG:4326,NG-SOV-PART-000001,NG-MGRID-01-03,true,,,689,VALLEY,ENVIRONMENTAL_REFERENCE_SAMPLE_POINT,dataset:novegeo:terrain:elevation,1,data/novegeo/geography/terrain/qualified/novegeo_terrain_v001.json,f03d14ce483280aff6662dc808c840a14a4cd035fedd4fe87786649f326f001c,SHARED_REFERENCE
NG-SPT-001068,1068,35.56,6.772533,EPSG:4326,NG-SOV-PART-000001,NG-MGRID-01-03,true,,,630,VALLEY,ENVIRONMENTAL_REFERENCE_SAMPLE_POINT,dataset:novegeo:terrain:elevation,1,data/novegeo/geography/terrain/qualified/novegeo_terrain_v001.json,f03d14ce483280aff6662dc808c840a14a4cd035fedd4fe87786649f326f001c,SHARED_REFERENCE
NG-SPT-001069,1069,35.98,6.772533,EPSG:4326,NG-SOV-PART-000001,NG-MGRID-01-03,true,NG-CLIM-OBS-000268,vegetation:novegeo:cell:000268,554,VALLEY,ENVIRONMENTAL_REFERENCE_SAMPLE_POINT,dataset:novegeo:terrain:elevation,1,data/novegeo/geography/terrain/qualified/novegeo_terrain_v001.json,f03d14ce483280aff6662dc808c840a14a4cd035fedd4fe87786649f326f001c,SHARED_REFERENCE
NG-SPT-001070,1070,36.4,6.772533,EPSG:4326,NG-SOV-PART-000001,NG-MGRID-01-03,true,,,470,VALLEY,ENVIRONMENTAL_REFERENCE_SAMPLE_POINT,dataset:novegeo:terrain:elevation,1,data/novegeo/geography/terrain/qualified/novegeo_terrain_v001.json,f03d14ce483280aff6662dc808c840a14a4cd035fedd4fe87786649f326f001c,SHARED_REFERENCE
NG-SPT-001071,1071,36.82,6.772533,EPSG:4326,NG-SOV-PART-000001,NG-MGRID-01-03,true,,,387,VALLEY,ENVIRONMENTAL_REFERENCE_SAMPLE_POINT,dataset:novegeo:terrain:elevation,1,data/novegeo/geography/terrain/qualified/novegeo_terrain_v001.json,f03d14ce483280aff6662dc808c840a14a4cd035fedd4fe87786649f326f001c,SHARED_REFERENCE
NG-SPT-001072,1072,37.24,6.772533,EPSG:4326,NG-SOV-PART-000001,NG-MGRID-01-03,true,,,316,PLAIN,ENVIRONMENTAL_REFERENCE_SAMPLE_POINT,dataset:novegeo:terrain:elevation,1,data/novegeo/geography/terrain/qualified/novegeo_terrain_v001.json,f03d14ce483280aff6662dc808c840a14a4cd035fedd4fe87786649f326f001c,SHARED_REFERENCE
NG-SPT-001073,1073,37.66,6.772533,EPSG:4326,NG-SOV-PART-000001,NG-MGRID-01-03,true,NG-CLIM-OBS-000269,vegetation:novegeo:cell:000269,261,PLAIN,ENVIRONMENTAL_REFERENCE_SAMPLE_POINT,dataset:novegeo:terrain:elevation,1,data/novegeo/geography/terrain/qualified/novegeo_terrain_v001.json,f03d14ce483280aff6662dc808c840a14a4cd035fedd4fe87786649f326f001c,SHARED_REFERENCE
NG-SPT-001074,1074,38.08,6.772533,EPSG:4326,NG-SOV-PART-000001,NG-MGRID-01-03,true,,,223,PLAIN,ENVIRONMENTAL_REFERENCE_SAMPLE_POINT,dataset:novegeo:terrain:elevation,1,data/novegeo/geography/terrain/qualified/novegeo_terrain_v001.json,f03d14ce483280aff6662dc808c840a14a4cd035fedd4fe87786649f326f001c,SHARED_REFERENCE
NG-SPT-001075,1075,38.5,6.772533,EPSG:4326,NG-SOV-PART-000001,NG-MGRID-01-03,true,,,203,PLAIN,ENVIRONMENTAL_REFERENCE_SAMPLE_POINT,dataset:novegeo:terrain:elevation,1,data/novegeo/geography/terrain/qualified/novegeo_terrain_v001.json,f03d14ce483280aff6662dc808c840a14a4cd035fedd4fe87786649f326f001c,SHARED_REFERENCE
NG-SPT-001076,1076,38.92,6.772533,EPSG:4326,NG-SOV-PART-000001,NG-MGRID-01-03,true,,,196,PLAIN,ENVIRONMENTAL_REFERENCE_SAMPLE_POINT,dataset:novegeo:terrain:elevation,1,data/novegeo/geography/terrain/qualified/novegeo_terrain_v001.json,f03d14ce483280aff6662dc808c840a14a4cd035fedd4fe87786649f326f001c,SHARED_REFERENCE
NG-SPT-001077,1077,39.34,6.772533,EPSG:4326,NG-SOV-PART-000001,NG-MGRID-01-03,true,NG-CLIM-OBS-000270,vegetation:novegeo:cell:000270,200,PLAIN,ENVIRONMENTAL_REFERENCE_SAMPLE_POINT,dataset:novegeo:terrain:elevation,1,data/novegeo/geography/terrain/qualified/novegeo_terrain_v001.json,f03d14ce483280aff6662dc808c840a14a4cd035fedd4fe87786649f326f001c,SHARED_REFERENCE
NG-SPT-001078,1078,39.76,6.772533,EPSG:4326,NG-SOV-PART-000001,NG-MGRID-01-03,true,,,209,PLAIN,ENVIRONMENTAL_REFERENCE_SAMPLE_POINT,dataset:novegeo:terrain:elevation,1,data/novegeo/geography/terrain/qualified/novegeo_terrain_v001.json,f03d14ce483280aff6662dc808c840a14a4cd035fedd4fe87786649f326f001c,SHARED_REFERENCE
NG-SPT-001079,1079,32.2,7.192533,EPSG:4326,NG-SOV-PART-000001,NG-MGRID-01-02,true,,,343,PLAIN,ENVIRONMENTAL_REFERENCE_SAMPLE_POINT,dataset:novegeo:terrain:elevation,1,data/novegeo/geography/terrain/qualified/novegeo_terrain_v001.json,f03d14ce483280aff6662dc808c840a14a4cd035fedd4fe87786649f326f001c,SHARED_REFERENCE
NG-SPT-001080,1080,32.62,7.192533,EPSG:4326,NG-SOV-PART-000001,NG-MGRID-01-02,true,,,398,PLAIN,ENVIRONMENTAL_REFERENCE_SAMPLE_POINT,dataset:novegeo:terrain:elevation,1,data/novegeo/geography/terrain/qualified/novegeo_terrain_v001.json,f03d14ce483280aff6662dc808c840a14a4cd035fedd4fe87786649f326f001c,SHARED_REFERENCE
NG-SPT-001081,1081,33.04,7.192533,EPSG:4326,NG-SOV-PART-000001,NG-MGRID-01-02,true,NG-CLIM-OBS-000271,vegetation:novegeo:cell:000271,451,PLAIN,ENVIRONMENTAL_REFERENCE_SAMPLE_POINT,dataset:novegeo:terrain:elevation,1,data/novegeo/geography/terrain/qualified/novegeo_terrain_v001.json,f03d14ce483280aff6662dc808c840a14a4cd035fedd4fe87786649f326f001c,SHARED_REFERENCE
NG-SPT-001082,1082,33.46,7.192533,EPSG:4326,NG-SOV-PART-000001,NG-MGRID-01-02,true,,,497,PLAIN,ENVIRONMENTAL_REFERENCE_SAMPLE_POINT,dataset:novegeo:terrain:elevation,1,data/novegeo/geography/terrain/qualified/novegeo_terrain_v001.json,f03d14ce483280aff6662dc808c840a14a4cd035fedd4fe87786649f326f001c,SHARED_REFERENCE
NG-SPT-001083,1083,33.88,7.192533,EPSG:4326,NG-SOV-PART-000001,NG-MGRID-01-02,true,,,529,PLAIN,ENVIRONMENTAL_REFERENCE_SAMPLE_POINT,dataset:novegeo:terrain:elevation,1,data/novegeo/geography/terrain/qualified/novegeo_terrain_v001.json,f03d14ce483280aff6662dc808c840a14a4cd035fedd4fe87786649f326f001c,SHARED_REFERENCE
NG-SPT-001084,1084,34.3,7.192533,EPSG:4326,NG-SOV-PART-000001,NG-MGRID-01-02,true,,,543,PLAIN,ENVIRONMENTAL_REFERENCE_SAMPLE_POINT,dataset:novegeo:terrain:elevation,1,data/novegeo/geography/terrain/qualified/novegeo_terrain_v001.json,f03d14ce483280aff6662dc808c840a14a4cd035fedd4fe87786649f326f001c,SHARED_REFERENCE
NG-SPT-001085,1085,34.72,7.192533,EPSG:4326,NG-SOV-PART-000001,NG-MGRID-01-02,true,NG-CLIM-OBS-000272,vegetation:novegeo:cell:000272,536,PLAIN,ENVIRONMENTAL_REFERENCE_SAMPLE_POINT,dataset:novegeo:terrain:elevation,1,data/novegeo/geography/terrain/qualified/novegeo_terrain_v001.json,f03d14ce483280aff6662dc808c840a14a4cd035fedd4fe87786649f326f001c,SHARED_REFERENCE
NG-SPT-001086,1086,35.14,7.192533,EPSG:4326,NG-SOV-PART-000001,NG-MGRID-01-03,true,,,508,VALLEY,ENVIRONMENTAL_REFERENCE_SAMPLE_POINT,dataset:novegeo:terrain:elevation,1,data/novegeo/geography/terrain/qualified/novegeo_terrain_v001.json,f03d14ce483280aff6662dc808c840a14a4cd035fedd4fe87786649f326f001c,SHARED_REFERENCE
NG-SPT-001087,1087,35.56,7.192533,EPSG:4326,NG-SOV-PART-000001,NG-MGRID-01-03,true,,,461,VALLEY,ENVIRONMENTAL_REFERENCE_SAMPLE_POINT,dataset:novegeo:terrain:elevation,1,data/novegeo/geography/terrain/qualified/novegeo_terrain_v001.json,f03d14ce483280aff6662dc808c840a14a4cd035fedd4fe87786649f326f001c,SHARED_REFERENCE
NG-SPT-001088,1088,35.98,7.192533,EPSG:4326,NG-SOV-PART-000001,NG-MGRID-01-03,true,,,401,VALLEY,ENVIRONMENTAL_REFERENCE_SAMPLE_POINT,dataset:novegeo:terrain:elevation,1,data/novegeo/geography/terrain/qualified/novegeo_terrain_v001.json,f03d14ce483280aff6662dc808c840a14a4cd035fedd4fe87786649f326f001c,SHARED_REFERENCE
NG-SPT-001089,1089,36.4,7.192533,EPSG:4326,NG-SOV-PART-000001,NG-MGRID-01-03,true,NG-CLIM-OBS-000273,vegetation:novegeo:cell:000273,336,VALLEY,ENVIRONMENTAL_REFERENCE_SAMPLE_POINT,dataset:novegeo:terrain:elevation,1,data/novegeo/geography/terrain/qualified/novegeo_terrain_v001.json,f03d14ce483280aff6662dc808c840a14a4cd035fedd4fe87786649f326f001c,SHARED_REFERENCE
NG-SPT-001090,1090,36.82,7.192533,EPSG:4326,NG-SOV-PART-000001,NG-MGRID-01-03,true,,,272,VALLEY,ENVIRONMENTAL_REFERENCE_SAMPLE_POINT,dataset:novegeo:terrain:elevation,1,data/novegeo/geography/terrain/qualified/novegeo_terrain_v001.json,f03d14ce483280aff6662dc808c840a14a4cd035fedd4fe87786649f326f001c,SHARED_REFERENCE
NG-SPT-001091,1091,37.24,7.192533,EPSG:4326,NG-SOV-PART-000001,NG-MGRID-01-03,true,,,217,PLAIN,ENVIRONMENTAL_REFERENCE_SAMPLE_POINT,dataset:novegeo:terrain:elevation,1,data/novegeo/geography/terrain/qualified/novegeo_terrain_v001.json,f03d14ce483280aff6662dc808c840a14a4cd035fedd4fe87786649f326f001c,SHARED_REFERENCE
NG-SPT-001092,1092,37.66,7.192533,EPSG:4326,NG-SOV-PART-000001,NG-MGRID-01-03,true,,,175,PLAIN,ENVIRONMENTAL_REFERENCE_SAMPLE_POINT,dataset:novegeo:terrain:elevation,1,data/novegeo/geography/terrain/qualified/novegeo_terrain_v001.json,f03d14ce483280aff6662dc808c840a14a4cd035fedd4fe87786649f326f001c,SHARED_REFERENCE
NG-SPT-001093,1093,38.08,7.192533,EPSG:4326,NG-SOV-PART-000001,NG-MGRID-01-03,true,NG-CLIM-OBS-000274,vegetation:novegeo:cell:000274,146,PLAIN,ENVIRONMENTAL_REFERENCE_SAMPLE_POINT,dataset:novegeo:terrain:elevation,1,data/novegeo/geography/terrain/qualified/novegeo_terrain_v001.json,f03d14ce483280aff6662dc808c840a14a4cd035fedd4fe87786649f326f001c,SHARED_REFERENCE
NG-SPT-001094,1094,38.5,7.192533,EPSG:4326,NG-SOV-PART-000001,NG-MGRID-01-03,true,,,130,PLAIN,ENVIRONMENTAL_REFERENCE_SAMPLE_POINT,dataset:novegeo:terrain:elevation,1,data/novegeo/geography/terrain/qualified/novegeo_terrain_v001.json,f03d14ce483280aff6662dc808c840a14a4cd035fedd4fe87786649f326f001c,SHARED_REFERENCE
NG-SPT-001095,1095,38.92,7.192533,EPSG:4326,NG-SOV-PART-000001,NG-MGRID-01-03,true,,,125,PLAIN,ENVIRONMENTAL_REFERENCE_SAMPLE_POINT,dataset:novegeo:terrain:elevation,1,data/novegeo/geography/terrain/qualified/novegeo_terrain_v001.json,f03d14ce483280aff6662dc808c840a14a4cd035fedd4fe87786649f326f001c,SHARED_REFERENCE
NG-SPT-001096,1096,33.88,7.612533,EPSG:4326,NG-SOV-PART-000001,NG-MGRID-01-02,true,,,380,PLAIN,ENVIRONMENTAL_REFERENCE_SAMPLE_POINT,dataset:novegeo:terrain:elevation,1,data/novegeo/geography/terrain/qualified/novegeo_terrain_v001.json,f03d14ce483280aff6662dc808c840a14a4cd035fedd4fe87786649f326f001c,SHARED_REFERENCE
NG-SPT-001097,1097,34.3,7.612533,EPSG:4326,NG-SOV-PART-000001,NG-MGRID-01-02,true,NG-CLIM-OBS-000275,vegetation:novegeo:cell:000275,385,PLAIN,ENVIRONMENTAL_REFERENCE_SAMPLE_POINT,dataset:novegeo:terrain:elevation,1,data/novegeo/geography/terrain/qualified/novegeo_terrain_v001.json,f03d14ce483280aff6662dc808c840a14a4cd035fedd4fe87786649f326f001c,SHARED_REFERENCE
NG-SPT-001098,1098,34.72,7.612533,EPSG:4326,NG-SOV-PART-000001,NG-MGRID-01-02,true,,,376,PLAIN,ENVIRONMENTAL_REFERENCE_SAMPLE_POINT,dataset:novegeo:terrain:elevation,1,data/novegeo/geography/terrain/qualified/novegeo_terrain_v001.json,f03d14ce483280aff6662dc808c840a14a4cd035fedd4fe87786649f326f001c,SHARED_REFERENCE
NG-SPT-001099,1099,35.14,7.612533,EPSG:4326,NG-SOV-PART-000001,NG-MGRID-01-03,true,,,351,VALLEY,ENVIRONMENTAL_REFERENCE_SAMPLE_POINT,dataset:novegeo:terrain:elevation,1,data/novegeo/geography/terrain/qualified/novegeo_terrain_v001.json,f03d14ce483280aff6662dc808c840a14a4cd035fedd4fe87786649f326f001c,SHARED_REFERENCE
NG-SPT-001100,1100,35.56,7.612533,EPSG:4326,NG-SOV-PART-000001,NG-MGRID-01-03,true,,,314,VALLEY,ENVIRONMENTAL_REFERENCE_SAMPLE_POINT,dataset:novegeo:terrain:elevation,1,data/novegeo/geography/terrain/qualified/novegeo_terrain_v001.json,f03d14ce483280aff6662dc808c840a14a4cd035fedd4fe87786649f326f001c,SHARED_REFERENCE
NG-SPT-001101,1101,35.98,7.612533,EPSG:4326,NG-SOV-PART-000001,NG-MGRID-01-03,true,NG-CLIM-OBS-000276,vegetation:novegeo:cell:000276,267,VALLEY,ENVIRONMENTAL_REFERENCE_SAMPLE_POINT,dataset:novegeo:terrain:elevation,1,data/novegeo/geography/terrain/qualified/novegeo_terrain_v001.json,f03d14ce483280aff6662dc808c840a14a4cd035fedd4fe87786649f326f001c,SHARED_REFERENCE
NG-SPT-001102,1102,36.4,7.612533,EPSG:4326,NG-SOV-PART-000001,NG-MGRID-01-03,true,,,217,VALLEY,ENVIRONMENTAL_REFERENCE_SAMPLE_POINT,dataset:novegeo:terrain:elevation,1,data/novegeo/geography/terrain/qualified/novegeo_terrain_v001.json,f03d14ce483280aff6662dc808c840a14a4cd035fedd4fe87786649f326f001c,SHARED_REFERENCE
NG-SPT-001103,1103,36.82,7.612533,EPSG:4326,NG-SOV-PART-000001,NG-MGRID-01-03,true,,,170,VALLEY,ENVIRONMENTAL_REFERENCE_SAMPLE_POINT,dataset:novegeo:terrain:elevation,1,data/novegeo/geography/terrain/qualified/novegeo_terrain_v001.json,f03d14ce483280aff6662dc808c840a14a4cd035fedd4fe87786649f326f001c,SHARED_REFERENCE
NG-SPT-001104,1104,37.24,7.612533,EPSG:4326,NG-SOV-PART-000001,NG-MGRID-01-03,true,,,130,PLAIN,ENVIRONMENTAL_REFERENCE_SAMPLE_POINT,dataset:novegeo:terrain:elevation,1,data/novegeo/geography/terrain/qualified/novegeo_terrain_v001.json,f03d14ce483280aff6662dc808c840a14a4cd035fedd4fe87786649f326f001c,SHARED_REFERENCE
