subject_id,record_family,current_visibility,map_renderable,publication_reference_status,overall_status
NG-PLC-000001,PLACE,INTERNAL,false,ABSENT_BY_DESIGN_PRELIVE,PASS_FAIL_CLOSED
NG-PLC-000002,PLACE,INTERNAL,false,ABSENT_BY_DESIGN_PRELIVE,PASS_FAIL_CLOSED
NG-PLC-000003,PLACE,INTERNAL,false,ABSENT_BY_DESIGN_PRELIVE,PASS_FAIL_CLOSED
NG-PLC-000004,PLACE,INTERNAL,false,ABSENT_BY_DESIGN_PRELIVE,PASS_FAIL_CLOSED
NG-PLC-000005,PLACE,INTERNAL,false,ABSENT_BY_DESIGN_PRELIVE,PASS_FAIL_CLOSED
NG-PLC-000006,PLACE,INTERNAL,false,ABSENT_BY_DESIGN_PRELIVE,PASS_FAIL_CLOSED
NG-PLC-000007,PLACE,INTERNAL,false,ABSENT_BY_DESIGN_PRELIVE,PASS_FAIL_CLOSED
NG-PLC-000008,PLACE,INTERNAL,false,ABSENT_BY_DESIGN_PRELIVE,PASS_FAIL_CLOSED
NG-PLC-000009,PLACE,INTERNAL,false,ABSENT_BY_DESIGN_PRELIVE,PASS_FAIL_CLOSED
NG-PLC-000010,PLACE,INTERNAL,false,ABSENT_BY_DESIGN_PRELIVE,PASS_FAIL_CLOSED
NG-PLC-000011,PLACE,INTERNAL,false,ABSENT_BY_DESIGN_PRELIVE,PASS_FAIL_CLOSED
NG-PLC-000012,PLACE,INTERNAL,false,ABSENT_BY_DESIGN_PRELIVE,PASS_FAIL_CLOSED
NG-PLC-000013,PLACE,INTERNAL,false,ABSENT_BY_DESIGN_PRELIVE,PASS_FAIL_CLOSED
NG-PLC-000014,PLACE,INTERNAL,false,ABSENT_BY_DESIGN_PRELIVE,PASS_FAIL_CLOSED
NG-PLC-000015,PLACE,INTERNAL,false,ABSENT_BY_DESIGN_PRELIVE,PASS_FAIL_CLOSED
NG-PLC-000016,PLACE,INTERNAL,false,ABSENT_BY_DESIGN_PRELIVE,PASS_FAIL_CLOSED
NG-PLC-000017,PLACE,INTERNAL,false,ABSENT_BY_DESIGN_PRELIVE,PASS_FAIL_CLOSED
NG-PLC-000018,PLACE,INTERNAL,false,ABSENT_BY_DESIGN_PRELIVE,PASS_FAIL_CLOSED
NG-PLC-000019,PLACE,INTERNAL,false,ABSENT_BY_DESIGN_PRELIVE,PASS_FAIL_CLOSED
NG-PLC-000020,PLACE,INTERNAL,false,ABSENT_BY_DESIGN_PRELIVE,PASS_FAIL_CLOSED
NG-PLC-000021,PLACE,INTERNAL,false,ABSENT_BY_DESIGN_PRELIVE,PASS_FAIL_CLOSED
NG-PLC-000022,PLACE,INTERNAL,false,ABSENT_BY_DESIGN_PRELIVE,PASS_FAIL_CLOSED
NG-PLC-000023,PLACE,INTERNAL,false,ABSENT_BY_DESIGN_PRELIVE,PASS_FAIL_CLOSED
NG-PLC-000024,PLACE,INTERNAL,false,ABSENT_BY_DESIGN_PRELIVE,PASS_FAIL_CLOSED
NG-PLC-000025,PLACE,INTERNAL,false,ABSENT_BY_DESIGN_PRELIVE,PASS_FAIL_CLOSED
NG-PLC-000026,PLACE,INTERNAL,false,ABSENT_BY_DESIGN_PRELIVE,PASS_FAIL_CLOSED
NG-PLC-000027,PLACE,INTERNAL,false,ABSENT_BY_DESIGN_PRELIVE,PASS_FAIL_CLOSED
NG-PLC-000028,PLACE,INTERNAL,false,ABSENT_BY_DESIGN_PRELIVE,PASS_FAIL_CLOSED
NG-PLC-000029,PLACE,INTERNAL,false,ABSENT_BY_DESIGN_PRELIVE,PASS_FAIL_CLOSED
NG-PLC-000030,PLACE,INTERNAL,false,ABSENT_BY_DESIGN_PRELIVE,PASS_FAIL_CLOSED
NG-PLC-000031,PLACE,INTERNAL,false,ABSENT_BY_DESIGN_PRELIVE,PASS_FAIL_CLOSED
NG-PLC-000032,PLACE,INTERNAL,false,ABSENT_BY_DESIGN_PRELIVE,PASS_FAIL_CLOSED
NG-PLC-000033,PLACE,INTERNAL,false,ABSENT_BY_DESIGN_PRELIVE,PASS_FAIL_CLOSED
NG-PLC-000034,PLACE,INTERNAL,false,ABSENT_BY_DESIGN_PRELIVE,PASS_FAIL_CLOSED
NG-PLC-000035,PLACE,INTERNAL,false,ABSENT_BY_DESIGN_PRELIVE,PASS_FAIL_CLOSED
NG-PLC-000036,PLACE,INTERNAL,false,ABSENT_BY_DESIGN_PRELIVE,PASS_FAIL_CLOSED
NG-PLC-000037,PLACE,INTERNAL,false,ABSENT_BY_DESIGN_PRELIVE,PASS_FAIL_CLOSED
NG-PLC-000038,PLACE,INTERNAL,false,ABSENT_BY_DESIGN_PRELIVE,PASS_FAIL_CLOSED
NG-PLC-000039,PLACE,INTERNAL,false,ABSENT_BY_DESIGN_PRELIVE,PASS_FAIL_CLOSED
NG-PLC-000040,PLACE,INTERNAL,false,ABSENT_BY_DESIGN_PRELIVE,PASS_FAIL_CLOSED
NG-PLC-000041,PLACE,INTERNAL,false,ABSENT_BY_DESIGN_PRELIVE,PASS_FAIL_CLOSED
NG-PLC-000042,PLACE,INTERNAL,false,ABSENT_BY_DESIGN_PRELIVE,PASS_FAIL_CLOSED
NG-PLC-000043,PLACE,INTERNAL,false,ABSENT_BY_DESIGN_PRELIVE,PASS_FAIL_CLOSED
NG-PLC-000044,PLACE,INTERNAL,false,ABSENT_BY_DESIGN_PRELIVE,PASS_FAIL_CLOSED
NG-PLC-000045,PLACE,INTERNAL,false,ABSENT_BY_DESIGN_PRELIVE,PASS_FAIL_CLOSED
NG-PLC-000046,PLACE,INTERNAL,false,ABSENT_BY_DESIGN_PRELIVE,PASS_FAIL_CLOSED
NG-PLC-000047,PLACE,INTERNAL,false,ABSENT_BY_DESIGN_PRELIVE,PASS_FAIL_CLOSED
NG-PLC-000048,PLACE,INTERNAL,false,ABSENT_BY_DESIGN_PRELIVE,PASS_FAIL_CLOSED
NG-PLC-000049,PLACE,INTERNAL,false,ABSENT_BY_DESIGN_PRELIVE,PASS_FAIL_CLOSED
NG-PLC-000050,PLACE,INTERNAL,false,ABSENT_BY_DESIGN_PRELIVE,PASS_FAIL_CLOSED
NG-PLC-000051,PLACE,INTERNAL,false,ABSENT_BY_DESIGN_PRELIVE,PASS_FAIL_CLOSED
NG-PLC-000052,PLACE,INTERNAL,false,ABSENT_BY_DESIGN_PRELIVE,PASS_FAIL_CLOSED
NG-PLC-000053,PLACE,INTERNAL,false,ABSENT_BY_DESIGN_PRELIVE,PASS_FAIL_CLOSED
NG-PLC-000054,PLACE,INTERNAL,false,ABSENT_BY_DESIGN_PRELIVE,PASS_FAIL_CLOSED
NG-PLC-000055,PLACE,INTERNAL,false,ABSENT_BY_DESIGN_PRELIVE,PASS_FAIL_CLOSED
NG-PLC-000056,PLACE,INTERNAL,false,ABSENT_BY_DESIGN_PRELIVE,PASS_FAIL_CLOSED
NG-PLC-000057,PLACE,INTERNAL,false,ABSENT_BY_DESIGN_PRELIVE,PASS_FAIL_CLOSED
NG-PLC-000058,PLACE,INTERNAL,false,ABSENT_BY_DESIGN_PRELIVE,PASS_FAIL_CLOSED
NG-PLC-000059,PLACE,INTERNAL,false,ABSENT_BY_DESIGN_PRELIVE,PASS_FAIL_CLOSED
NG-PLC-000060,PLACE,INTERNAL,false,ABSENT_BY_DESIGN_PRELIVE,PASS_FAIL_CLOSED
NG-PLC-000061,PLACE,INTERNAL,false,ABSENT_BY_DESIGN_PRELIVE,PASS_FAIL_CLOSED
NG-PLC-000062,PLACE,INTERNAL,false,ABSENT_BY_DESIGN_PRELIVE,PASS_FAIL_CLOSED
NG-PLC-000063,PLACE,INTERNAL,false,ABSENT_BY_DESIGN_PRELIVE,PASS_FAIL_CLOSED
NG-PLC-000064,PLACE,INTERNAL,false,ABSENT_BY_DESIGN_PRELIVE,PASS_FAIL_CLOSED
NG-PLC-000065,PLACE,INTERNAL,false,ABSENT_BY_DESIGN_PRELIVE,PASS_FAIL_CLOSED
NG-PLC-000066,PLACE,INTERNAL,false,ABSENT_BY_DESIGN_PRELIVE,PASS_FAIL_CLOSED
NG-PLC-000067,PLACE,INTERNAL,false,ABSENT_BY_DESIGN_PRELIVE,PASS_FAIL_CLOSED
NG-PLC-000068,PLACE,INTERNAL,false,ABSENT_BY_DESIGN_PRELIVE,PASS_FAIL_CLOSED
NG-PLC-000069,PLACE,INTERNAL,false,ABSENT_BY_DESIGN_PRELIVE,PASS_FAIL_CLOSED
NG-PLC-000070,PLACE,INTERNAL,false,ABSENT_BY_DESIGN_PRELIVE,PASS_FAIL_CLOSED
NG-PLC-000071,PLACE,INTERNAL,false,ABSENT_BY_DESIGN_PRELIVE,PASS_FAIL_CLOSED
NG-PLC-000072,PLACE,INTERNAL,false,ABSENT_BY_DESIGN_PRELIVE,PASS_FAIL_CLOSED
NG-PLC-000073,PLACE,INTERNAL,false,ABSENT_BY_DESIGN_PRELIVE,PASS_FAIL_CLOSED
NG-PLC-000074,PLACE,INTERNAL,false,ABSENT_BY_DESIGN_PRELIVE,PASS_FAIL_CLOSED
NG-PLC-000075,PLACE,INTERNAL,false,ABSENT_BY_DESIGN_PRELIVE,PASS_FAIL_CLOSED
NG-PLC-000076,PLACE,INTERNAL,false,ABSENT_BY_DESIGN_PRELIVE,PASS_FAIL_CLOSED
NG-PLC-000077,PLACE,INTERNAL,false,ABSENT_BY_DESIGN_PRELIVE,PASS_FAIL_CLOSED
NG-PLC-000078,PLACE,INTERNAL,false,ABSENT_BY_DESIGN_PRELIVE,PASS_FAIL_CLOSED
NG-PLC-000079,PLACE,INTERNAL,false,ABSENT_BY_DESIGN_PRELIVE,PASS_FAIL_CLOSED
NG-PLC-000080,PLACE,INTERNAL,false,ABSENT_BY_DESIGN_PRELIVE,PASS_FAIL_CLOSED
NG-PLC-000081,PLACE,INTERNAL,false,ABSENT_BY_DESIGN_PRELIVE,PASS_FAIL_CLOSED
NG-PLC-000082,PLACE,INTERNAL,false,ABSENT_BY_DESIGN_PRELIVE,PASS_FAIL_CLOSED
NG-PLC-000083,PLACE,INTERNAL,false,ABSENT_BY_DESIGN_PRELIVE,PASS_FAIL_CLOSED
NG-PLC-000084,PLACE,INTERNAL,false,ABSENT_BY_DESIGN_PRELIVE,PASS_FAIL_CLOSED
NG-PLC-000085,PLACE,INTERNAL,false,ABSENT_BY_DESIGN_PRELIVE,PASS_FAIL_CLOSED
NG-PLC-000086,PLACE,INTERNAL,false,ABSENT_BY_DESIGN_PRELIVE,PASS_FAIL_CLOSED
NG-PLC-000087,PLACE,INTERNAL,false,ABSENT_BY_DESIGN_PRELIVE,PASS_FAIL_CLOSED
NG-PLC-000088,PLACE,INTERNAL,false,ABSENT_BY_DESIGN_PRELIVE,PASS_FAIL_CLOSED
NG-PLC-000089,PLACE,INTERNAL,false,ABSENT_BY_DESIGN_PRELIVE,PASS_FAIL_CLOSED
NG-PLC-000090,PLACE,INTERNAL,false,ABSENT_BY_DESIGN_PRELIVE,PASS_FAIL_CLOSED
NG-PLC-000091,PLACE,INTERNAL,false,ABSENT_BY_DESIGN_PRELIVE,PASS_FAIL_CLOSED
NG-PLC-000092,PLACE,INTERNAL,false,ABSENT_BY_DESIGN_PRELIVE,PASS_FAIL_CLOSED
NG-PLC-000093,PLACE,INTERNAL,false,ABSENT_BY_DESIGN_PRELIVE,PASS_FAIL_CLOSED
NG-PLC-000094,PLACE,INTERNAL,false,ABSENT_BY_DESIGN_PRELIVE,PASS_FAIL_CLOSED
NG-PLC-000095,PLACE,INTERNAL,false,ABSENT_BY_DESIGN_PRELIVE,PASS_FAIL_CLOSED
NG-PLC-000096,PLACE,INTERNAL,false,ABSENT_BY_DESIGN_PRELIVE,PASS_FAIL_CLOSED
NG-PLC-000097,PLACE,INTERNAL,false,ABSENT_BY_DESIGN_PRELIVE,PASS_FAIL_CLOSED
NG-PLC-000098,PLACE,INTERNAL,false,ABSENT_BY_DESIGN_PRELIVE,PASS_FAIL_CLOSED
NG-PLC-000099,PLACE,INTERNAL,false,ABSENT_BY_DESIGN_PRELIVE,PASS_FAIL_CLOSED
NG-PLC-000100,PLACE,INTERNAL,false,ABSENT_BY_DESIGN_PRELIVE,PASS_FAIL_CLOSED
NG-PLC-000101,PLACE,INTERNAL,false,ABSENT_BY_DESIGN_PRELIVE,PASS_FAIL_CLOSED
NG-PLC-000102,PLACE,INTERNAL,false,ABSENT_BY_DESIGN_PRELIVE,PASS_FAIL_CLOSED
NG-PLC-000103,PLACE,INTERNAL,false,ABSENT_BY_DESIGN_PRELIVE,PASS_FAIL_CLOSED
NG-PLC-000104,PLACE,INTERNAL,false,ABSENT_BY_DESIGN_PRELIVE,PASS_FAIL_CLOSED
NG-PLC-000105,PLACE,INTERNAL,false,ABSENT_BY_DESIGN_PRELIVE,PASS_FAIL_CLOSED
NG-PLC-000106,PLACE,INTERNAL,false,ABSENT_BY_DESIGN_PRELIVE,PASS_FAIL_CLOSED
NG-PLC-000107,PLACE,INTERNAL,false,ABSENT_BY_DESIGN_PRELIVE,PASS_FAIL_CLOSED
NG-PLC-000108,PLACE,INTERNAL,false,ABSENT_BY_DESIGN_PRELIVE,PASS_FAIL_CLOSED
NG-PLC-000109,PLACE,INTERNAL,false,ABSENT_BY_DESIGN_PRELIVE,PASS_FAIL_CLOSED
NG-PLC-000110,PLACE,INTERNAL,false,ABSENT_BY_DESIGN_PRELIVE,PASS_FAIL_CLOSED
NG-PLC-000111,PLACE,INTERNAL,false,ABSENT_BY_DESIGN_PRELIVE,PASS_FAIL_CLOSED
NG-PLC-000112,PLACE,INTERNAL,false,ABSENT_BY_DESIGN_PRELIVE,PASS_FAIL_CLOSED
NG-PLC-000113,PLACE,INTERNAL,false,ABSENT_BY_DESIGN_PRELIVE,PASS_FAIL_CLOSED
NG-PLC-000114,PLACE,INTERNAL,false,ABSENT_BY_DESIGN_PRELIVE,PASS_FAIL_CLOSED
NG-PLC-000115,PLACE,INTERNAL,false,ABSENT_BY_DESIGN_PRELIVE,PASS_FAIL_CLOSED
NG-PLC-000116,PLACE,INTERNAL,false,ABSENT_BY_DESIGN_PRELIVE,PASS_FAIL_CLOSED
NG-PLC-000117,PLACE,INTERNAL,false,ABSENT_BY_DESIGN_PRELIVE,PASS_FAIL_CLOSED
NG-PLC-000118,PLACE,INTERNAL,false,ABSENT_BY_DESIGN_PRELIVE,PASS_FAIL_CLOSED
NG-PLC-000119,PLACE,INTERNAL,false,ABSENT_BY_DESIGN_PRELIVE,PASS_FAIL_CLOSED
NG-PLC-000120,PLACE,INTERNAL,false,ABSENT_BY_DESIGN_PRELIVE,PASS_FAIL_CLOSED
NG-PLC-000121,PLACE,INTERNAL,false,ABSENT_BY_DESIGN_PRELIVE,PASS_FAIL_CLOSED
NG-PLC-000122,PLACE,INTERNAL,false,ABSENT_BY_DESIGN_PRELIVE,PASS_FAIL_CLOSED
NG-PLC-000123,PLACE,INTERNAL,false,ABSENT_BY_DESIGN_PRELIVE,PASS_FAIL_CLOSED
NG-PLC-000124,PLACE,INTERNAL,false,ABSENT_BY_DESIGN_PRELIVE,PASS_FAIL_CLOSED
NG-PLC-000125,PLACE,INTERNAL,false,ABSENT_BY_DESIGN_PRELIVE,PASS_FAIL_CLOSED
NG-PLC-000126,PLACE,INTERNAL,false,ABSENT_BY_DESIGN_PRELIVE,PASS_FAIL_CLOSED
NG-PLC-000127,PLACE,INTERNAL,false,ABSENT_BY_DESIGN_PRELIVE,PASS_FAIL_CLOSED
NG-PLC-000128,PLACE,INTERNAL,false,ABSENT_BY_DESIGN_PRELIVE,PASS_FAIL_CLOSED
NG-PLC-000129,PLACE,INTERNAL,false,ABSENT_BY_DESIGN_PRELIVE,PASS_FAIL_CLOSED
NG-PLC-000130,PLACE,INTERNAL,false,ABSENT_BY_DESIGN_PRELIVE,PASS_FAIL_CLOSED
NG-PLC-000131,PLACE,INTERNAL,false,ABSENT_BY_DESIGN_PRELIVE,PASS_FAIL_CLOSED
NG-PLC-000132,PLACE,INTERNAL,false,ABSENT_BY_DESIGN_PRELIVE,PASS_FAIL_CLOSED
NG-PLC-000133,PLACE,INTERNAL,false,ABSENT_BY_DESIGN_PRELIVE,PASS_FAIL_CLOSED
NG-PLC-000134,PLACE,INTERNAL,false,ABSENT_BY_DESIGN_PRELIVE,PASS_FAIL_CLOSED
NG-PLC-000135,PLACE,INTERNAL,false,ABSENT_BY_DESIGN_PRELIVE,PASS_FAIL_CLOSED
NG-PLC-000136,PLACE,INTERNAL,false,ABSENT_BY_DESIGN_PRELIVE,PASS_FAIL_CLOSED
NG-PLC-000137,PLACE,INTERNAL,false,ABSENT_BY_DESIGN_PRELIVE,PASS_FAIL_CLOSED
NG-PLC-000138,PLACE,INTERNAL,false,ABSENT_BY_DESIGN_PRELIVE,PASS_FAIL_CLOSED
NG-PLC-000139,PLACE,INTERNAL,false,ABSENT_BY_DESIGN_PRELIVE,PASS_FAIL_CLOSED
NG-PLC-000140,PLACE,INTERNAL,false,ABSENT_BY_DESIGN_PRELIVE,PASS_FAIL_CLOSED
NG-PLC-000141,PLACE,INTERNAL,false,ABSENT_BY_DESIGN_PRELIVE,PASS_FAIL_CLOSED
NG-PLC-000142,PLACE,INTERNAL,false,ABSENT_BY_DESIGN_PRELIVE,PASS_FAIL_CLOSED
NG-PLC-000143,PLACE,INTERNAL,false,ABSENT_BY_DESIGN_PRELIVE,PASS_FAIL_CLOSED
NG-PLC-000144,PLACE,INTERNAL,false,ABSENT_BY_DESIGN_PRELIVE,PASS_FAIL_CLOSED
NG-PLC-000145,PLACE,INTERNAL,false,ABSENT_BY_DESIGN_PRELIVE,PASS_FAIL_CLOSED
NG-PLC-000146,PLACE,INTERNAL,false,ABSENT_BY_DESIGN_PRELIVE,PASS_FAIL_CLOSED
NG-PLC-000147,PLACE,INTERNAL,false,ABSENT_BY_DESIGN_PRELIVE,PASS_FAIL_CLOSED
NG-PLC-000148,PLACE,INTERNAL,false,ABSENT_BY_DESIGN_PRELIVE,PASS_FAIL_CLOSED
NG-PLC-000149,PLACE,INTERNAL,false,ABSENT_BY_DESIGN_PRELIVE,PASS_FAIL_CLOSED
NG-PLC-000150,PLACE,INTERNAL,false,ABSENT_BY_DESIGN_PRELIVE,PASS_FAIL_CLOSED
NG-PLC-000151,PLACE,INTERNAL,false,ABSENT_BY_DESIGN_PRELIVE,PASS_FAIL_CLOSED
NG-PLC-000152,PLACE,INTERNAL,false,ABSENT_BY_DESIGN_PRELIVE,PASS_FAIL_CLOSED
NG-PLC-000153,PLACE,INTERNAL,false,ABSENT_BY_DESIGN_PRELIVE,PASS_FAIL_CLOSED
NG-PLC-000154,PLACE,INTERNAL,false,ABSENT_BY_DESIGN_PRELIVE,PASS_FAIL_CLOSED
NG-PLC-000155,PLACE,INTERNAL,false,ABSENT_BY_DESIGN_PRELIVE,PASS_FAIL_CLOSED
NG-PLC-000156,PLACE,INTERNAL,false,ABSENT_BY_DESIGN_PRELIVE,PASS_FAIL_CLOSED
NG-PLC-000157,PLACE,INTERNAL,false,ABSENT_BY_DESIGN_PRELIVE,PASS_FAIL_CLOSED
NG-PLC-000158,PLACE,INTERNAL,false,ABSENT_BY_DESIGN_PRELIVE,PASS_FAIL_CLOSED
NG-PLC-000159,PLACE,INTERNAL,false,ABSENT_BY_DESIGN_PRELIVE,PASS_FAIL_CLOSED
NG-PLC-000160,PLACE,INTERNAL,false,ABSENT_BY_DESIGN_PRELIVE,PASS_FAIL_CLOSED
NG-PLC-000161,PLACE,INTERNAL,false,ABSENT_BY_DESIGN_PRELIVE,PASS_FAIL_CLOSED
NG-PLC-000162,PLACE,INTERNAL,false,ABSENT_BY_DESIGN_PRELIVE,PASS_FAIL_CLOSED
NG-PLC-000163,PLACE,INTERNAL,false,ABSENT_BY_DESIGN_PRELIVE,PASS_FAIL_CLOSED
NG-PLC-000164,PLACE,INTERNAL,false,ABSENT_BY_DESIGN_PRELIVE,PASS_FAIL_CLOSED
NG-PLC-000165,PLACE,INTERNAL,false,ABSENT_BY_DESIGN_PRELIVE,PASS_FAIL_CLOSED
NG-PLC-000166,PLACE,INTERNAL,false,ABSENT_BY_DESIGN_PRELIVE,PASS_FAIL_CLOSED
NG-PLC-000167,PLACE,INTERNAL,false,ABSENT_BY_DESIGN_PRELIVE,PASS_FAIL_CLOSED
NG-PLC-000168,PLACE,INTERNAL,false,ABSENT_BY_DESIGN_PRELIVE,PASS_FAIL_CLOSED
NG-PLC-000169,PLACE,INTERNAL,false,ABSENT_BY_DESIGN_PRELIVE,PASS_FAIL_CLOSED
NG-PLC-000170,PLACE,INTERNAL,false,ABSENT_BY_DESIGN_PRELIVE,PASS_FAIL_CLOSED
NG-PLC-000171,PLACE,INTERNAL,false,ABSENT_BY_DESIGN_PRELIVE,PASS_FAIL_CLOSED
NG-PLC-000172,PLACE,INTERNAL,false,ABSENT_BY_DESIGN_PRELIVE,PASS_FAIL_CLOSED
NG-PLC-000173,PLACE,INTERNAL,false,ABSENT_BY_DESIGN_PRELIVE,PASS_FAIL_CLOSED
NG-PLC-000174,PLACE,INTERNAL,false,ABSENT_BY_DESIGN_PRELIVE,PASS_FAIL_CLOSED
NG-PLC-000175,PLACE,INTERNAL,false,ABSENT_BY_DESIGN_PRELIVE,PASS_FAIL_CLOSED
NG-PLC-000176,PLACE,INTERNAL,false,ABSENT_BY_DESIGN_PRELIVE,PASS_FAIL_CLOSED
NG-PLC-000177,PLACE,INTERNAL,false,ABSENT_BY_DESIGN_PRELIVE,PASS_FAIL_CLOSED
NG-PLC-000178,PLACE,INTERNAL,false,ABSENT_BY_DESIGN_PRELIVE,PASS_FAIL_CLOSED
NG-PLC-000179,PLACE,INTERNAL,false,ABSENT_BY_DESIGN_PRELIVE,PASS_FAIL_CLOSED
NG-PLC-000180,PLACE,INTERNAL,false,ABSENT_BY_DESIGN_PRELIVE,PASS_FAIL_CLOSED
NG-PLC-000181,PLACE,INTERNAL,false,ABSENT_BY_DESIGN_PRELIVE,PASS_FAIL_CLOSED
NG-PLC-000182,PLACE,INTERNAL,false,ABSENT_BY_DESIGN_PRELIVE,PASS_FAIL_CLOSED
NG-PLC-000183,PLACE,INTERNAL,false,ABSENT_BY_DESIGN_PRELIVE,PASS_FAIL_CLOSED
NG-PLC-000184,PLACE,INTERNAL,false,ABSENT_BY_DESIGN_PRELIVE,PASS_FAIL_CLOSED
NG-PLC-000185,PLACE,INTERNAL,false,ABSENT_BY_DESIGN_PRELIVE,PASS_FAIL_CLOSED
NG-PLC-000186,PLACE,INTERNAL,false,ABSENT_BY_DESIGN_PRELIVE,PASS_FAIL_CLOSED
NG-PLC-000187,PLACE,INTERNAL,false,ABSENT_BY_DESIGN_PRELIVE,PASS_FAIL_CLOSED
NG-PLC-000188,PLACE,INTERNAL,false,ABSENT_BY_DESIGN_PRELIVE,PASS_FAIL_CLOSED
NG-PLC-000189,PLACE,INTERNAL,false,ABSENT_BY_DESIGN_PRELIVE,PASS_FAIL_CLOSED
NG-PLC-000190,PLACE,INTERNAL,false,ABSENT_BY_DESIGN_PRELIVE,PASS_FAIL_CLOSED
NG-PLC-000191,PLACE,INTERNAL,false,ABSENT_BY_DESIGN_PRELIVE,PASS_FAIL_CLOSED
NG-PLC-000192,PLACE,INTERNAL,false,ABSENT_BY_DESIGN_PRELIVE,PASS_FAIL_CLOSED
NG-PLC-000193,PLACE,INTERNAL,false,ABSENT_BY_DESIGN_PRELIVE,PASS_FAIL_CLOSED
NG-PLC-000194,PLACE,INTERNAL,false,ABSENT_BY_DESIGN_PRELIVE,PASS_FAIL_CLOSED
NG-PLC-000195,PLACE,INTERNAL,false,ABSENT_BY_DESIGN_PRELIVE,PASS_FAIL_CLOSED
NG-PLC-000196,PLACE,INTERNAL,false,ABSENT_BY_DESIGN_PRELIVE,PASS_FAIL_CLOSED
NG-PLC-000197,PLACE,INTERNAL,false,ABSENT_BY_DESIGN_PRELIVE,PASS_FAIL_CLOSED
NG-PLC-000198,PLACE,INTERNAL,false,ABSENT_BY_DESIGN_PRELIVE,PASS_FAIL_CLOSED
NG-PLC-000199,PLACE,INTERNAL,false,ABSENT_BY_DESIGN_PRELIVE,PASS_FAIL_CLOSED
NG-PLC-000200,PLACE,INTERNAL,false,ABSENT_BY_DESIGN_PRELIVE,PASS_FAIL_CLOSED
NG-PLC-000201,PLACE,INTERNAL,false,ABSENT_BY_DESIGN_PRELIVE,PASS_FAIL_CLOSED
NG-PLC-000202,PLACE,INTERNAL,false,ABSENT_BY_DESIGN_PRELIVE,PASS_FAIL_CLOSED
NG-PLC-000203,PLACE,INTERNAL,false,ABSENT_BY_DESIGN_PRELIVE,PASS_FAIL_CLOSED
NG-PLC-000204,PLACE,INTERNAL,false,ABSENT_BY_DESIGN_PRELIVE,PASS_FAIL_CLOSED
NG-PLC-000205,PLACE,INTERNAL,false,ABSENT_BY_DESIGN_PRELIVE,PASS_FAIL_CLOSED
NG-PLC-000206,PLACE,INTERNAL,false,ABSENT_BY_DESIGN_PRELIVE,PASS_FAIL_CLOSED
NG-PLC-000207,PLACE,INTERNAL,false,ABSENT_BY_DESIGN_PRELIVE,PASS_FAIL_CLOSED
NG-PLC-000208,PLACE,INTERNAL,false,ABSENT_BY_DESIGN_PRELIVE,PASS_FAIL_CLOSED
NG-PLC-000209,PLACE,INTERNAL,false,ABSENT_BY_DESIGN_PRELIVE,PASS_FAIL_CLOSED
NG-PLC-000210,PLACE,INTERNAL,false,ABSENT_BY_DESIGN_PRELIVE,PASS_FAIL_CLOSED
NG-PLC-000211,PLACE,INTERNAL,false,ABSENT_BY_DESIGN_PRELIVE,PASS_FAIL_CLOSED
NG-PLC-000212,PLACE,INTERNAL,false,ABSENT_BY_DESIGN_PRELIVE,PASS_FAIL_CLOSED
NG-PLC-000213,PLACE,INTERNAL,false,ABSENT_BY_DESIGN_PRELIVE,PASS_FAIL_CLOSED
NG-PLC-000214,PLACE,INTERNAL,false,ABSENT_BY_DESIGN_PRELIVE,PASS_FAIL_CLOSED
NG-PLC-000215,PLACE,INTERNAL,false,ABSENT_BY_DESIGN_PRELIVE,PASS_FAIL_CLOSED
NG-PLC-000216,PLACE,INTERNAL,false,ABSENT_BY_DESIGN_PRELIVE,PASS_FAIL_CLOSED
NG-PLC-000217,PLACE,INTERNAL,false,ABSENT_BY_DESIGN_PRELIVE,PASS_FAIL_CLOSED
NG-PLC-000218,PLACE,INTERNAL,false,ABSENT_BY_DESIGN_PRELIVE,PASS_FAIL_CLOSED
NG-PLC-000219,PLACE,INTERNAL,false,ABSENT_BY_DESIGN_PRELIVE,PASS_FAIL_CLOSED
NG-PLC-000220,PLACE,INTERNAL,false,ABSENT_BY_DESIGN_PRELIVE,PASS_FAIL_CLOSED
NG-PLC-000221,PLACE,INTERNAL,false,ABSENT_BY_DESIGN_PRELIVE,PASS_FAIL_CLOSED
NG-PLC-000222,PLACE,INTERNAL,false,ABSENT_BY_DESIGN_PRELIVE,PASS_FAIL_CLOSED
NG-PLC-000223,PLACE,INTERNAL,false,ABSENT_BY_DESIGN_PRELIVE,PASS_FAIL_CLOSED
NG-PLC-000224,PLACE,INTERNAL,false,ABSENT_BY_DESIGN_PRELIVE,PASS_FAIL_CLOSED
NG-PLC-000225,PLACE,INTERNAL,false,ABSENT_BY_DESIGN_PRELIVE,PASS_FAIL_CLOSED
NG-PLC-000226,PLACE,INTERNAL,false,ABSENT_BY_DESIGN_PRELIVE,PASS_FAIL_CLOSED
NG-PLC-000227,PLACE,INTERNAL,false,ABSENT_BY_DESIGN_PRELIVE,PASS_FAIL_CLOSED
NG-PLC-000228,PLACE,INTERNAL,false,ABSENT_BY_DESIGN_PRELIVE,PASS_FAIL_CLOSED
NG-PLC-000229,PLACE,INTERNAL,false,ABSENT_BY_DESIGN_PRELIVE,PASS_FAIL_CLOSED
NG-PLC-000230,PLACE,INTERNAL,false,ABSENT_BY_DESIGN_PRELIVE,PASS_FAIL_CLOSED
NG-PLC-000231,PLACE,INTERNAL,false,ABSENT_BY_DESIGN_PRELIVE,PASS_FAIL_CLOSED
NG-PLC-000232,PLACE,INTERNAL,false,ABSENT_BY_DESIGN_PRELIVE,PASS_FAIL_CLOSED
NG-PLC-000233,PLACE,INTERNAL,false,ABSENT_BY_DESIGN_PRELIVE,PASS_FAIL_CLOSED
NG-PLC-000234,PLACE,INTERNAL,false,ABSENT_BY_DESIGN_PRELIVE,PASS_FAIL_CLOSED
NG-PLC-000235,PLACE,INTERNAL,false,ABSENT_BY_DESIGN_PRELIVE,PASS_FAIL_CLOSED
NG-PLC-000236,PLACE,INTERNAL,false,ABSENT_BY_DESIGN_PRELIVE,PASS_FAIL_CLOSED
NG-PLC-000237,PLACE,INTERNAL,false,ABSENT_BY_DESIGN_PRELIVE,PASS_FAIL_CLOSED
NG-PLC-000238,PLACE,INTERNAL,false,ABSENT_BY_DESIGN_PRELIVE,PASS_FAIL_CLOSED
NG-PLC-000239,PLACE,INTERNAL,false,ABSENT_BY_DESIGN_PRELIVE,PASS_FAIL_CLOSED
NG-PLC-000240,PLACE,INTERNAL,false,ABSENT_BY_DESIGN_PRELIVE,PASS_FAIL_CLOSED
NG-PLC-000241,PLACE,INTERNAL,false,ABSENT_BY_DESIGN_PRELIVE,PASS_FAIL_CLOSED
NG-PLC-000242,PLACE,INTERNAL,false,ABSENT_BY_DESIGN_PRELIVE,PASS_FAIL_CLOSED
NG-PLC-000243,PLACE,INTERNAL,false,ABSENT_BY_DESIGN_PRELIVE,PASS_FAIL_CLOSED
NG-PLC-000244,PLACE,INTERNAL,false,ABSENT_BY_DESIGN_PRELIVE,PASS_FAIL_CLOSED
NG-PLC-000245,PLACE,INTERNAL,false,ABSENT_BY_DESIGN_PRELIVE,PASS_FAIL_CLOSED
NG-PLC-000246,PLACE,INTERNAL,false,ABSENT_BY_DESIGN_PRELIVE,PASS_FAIL_CLOSED
NG-PLC-000247,PLACE,INTERNAL,false,ABSENT_BY_DESIGN_PRELIVE,PASS_FAIL_CLOSED
NG-PLC-000248,PLACE,INTERNAL,false,ABSENT_BY_DESIGN_PRELIVE,PASS_FAIL_CLOSED
NG-PLC-000249,PLACE,INTERNAL,false,ABSENT_BY_DESIGN_PRELIVE,PASS_FAIL_CLOSED
NG-PLC-000250,PLACE,INTERNAL,false,ABSENT_BY_DESIGN_PRELIVE,PASS_FAIL_CLOSED
NG-PLC-000251,PLACE,INTERNAL,false,ABSENT_BY_DESIGN_PRELIVE,PASS_FAIL_CLOSED
NG-PLC-000252,PLACE,INTERNAL,false,ABSENT_BY_DESIGN_PRELIVE,PASS_FAIL_CLOSED
NG-PLC-000253,PLACE,INTERNAL,false,ABSENT_BY_DESIGN_PRELIVE,PASS_FAIL_CLOSED
NG-PLC-000254,PLACE,INTERNAL,false,ABSENT_BY_DESIGN_PRELIVE,PASS_FAIL_CLOSED
NG-PLC-000255,PLACE,INTERNAL,false,ABSENT_BY_DESIGN_PRELIVE,PASS_FAIL_CLOSED
NG-PLC-000256,PLACE,INTERNAL,false,ABSENT_BY_DESIGN_PRELIVE,PASS_FAIL_CLOSED
NG-PLC-000257,PLACE,INTERNAL,false,ABSENT_BY_DESIGN_PRELIVE,PASS_FAIL_CLOSED
NG-PLC-000258,PLACE,INTERNAL,false,ABSENT_BY_DESIGN_PRELIVE,PASS_FAIL_CLOSED
NG-PLC-000259,PLACE,INTERNAL,false,ABSENT_BY_DESIGN_PRELIVE,PASS_FAIL_CLOSED
NG-PLC-000260,PLACE,INTERNAL,false,ABSENT_BY_DESIGN_PRELIVE,PASS_FAIL_CLOSED
NG-PLC-000261,PLACE,INTERNAL,false,ABSENT_BY_DESIGN_PRELIVE,PASS_FAIL_CLOSED
NG-PLC-000262,PLACE,INTERNAL,false,ABSENT_BY_DESIGN_PRELIVE,PASS_FAIL_CLOSED
NG-PLC-000263,PLACE,INTERNAL,false,ABSENT_BY_DESIGN_PRELIVE,PASS_FAIL_CLOSED
NG-PLC-000264,PLACE,INTERNAL,false,ABSENT_BY_DESIGN_PRELIVE,PASS_FAIL_CLOSED
NG-PLC-000265,PLACE,INTERNAL,false,ABSENT_BY_DESIGN_PRELIVE,PASS_FAIL_CLOSED
NG-PLC-000266,PLACE,INTERNAL,false,ABSENT_BY_DESIGN_PRELIVE,PASS_FAIL_CLOSED
NG-PLC-000267,PLACE,INTERNAL,false,ABSENT_BY_DESIGN_PRELIVE,PASS_FAIL_CLOSED
NG-PLC-000268,PLACE,INTERNAL,false,ABSENT_BY_DESIGN_PRELIVE,PASS_FAIL_CLOSED
NG-PLC-000269,PLACE,INTERNAL,false,ABSENT_BY_DESIGN_PRELIVE,PASS_FAIL_CLOSED
NG-PLC-000270,PLACE,INTERNAL,false,ABSENT_BY_DESIGN_PRELIVE,PASS_FAIL_CLOSED
NG-PLC-000271,PLACE,INTERNAL,false,ABSENT_BY_DESIGN_PRELIVE,PASS_FAIL_CLOSED
NG-PLC-000272,PLACE,INTERNAL,false,ABSENT_BY_DESIGN_PRELIVE,PASS_FAIL_CLOSED
NG-PLC-000273,PLACE,INTERNAL,false,ABSENT_BY_DESIGN_PRELIVE,PASS_FAIL_CLOSED
NG-PLC-000274,PLACE,INTERNAL,false,ABSENT_BY_DESIGN_PRELIVE,PASS_FAIL_CLOSED
NG-PLC-000275,PLACE,INTERNAL,false,ABSENT_BY_DESIGN_PRELIVE,PASS_FAIL_CLOSED
NG-PLC-000276,PLACE,INTERNAL,false,ABSENT_BY_DESIGN_PRELIVE,PASS_FAIL_CLOSED
NG-PLC-000277,PLACE,INTERNAL,false,ABSENT_BY_DESIGN_PRELIVE,PASS_FAIL_CLOSED
NG-PLC-000278,PLACE,INTERNAL,false,ABSENT_BY_DESIGN_PRELIVE,PASS_FAIL_CLOSED
NG-PLC-000279,PLACE,INTERNAL,false,ABSENT_BY_DESIGN_PRELIVE,PASS_FAIL_CLOSED
NG-PLC-000280,PLACE,INTERNAL,false,ABSENT_BY_DESIGN_PRELIVE,PASS_FAIL_CLOSED
NG-PLC-000281,PLACE,INTERNAL,false,ABSENT_BY_DESIGN_PRELIVE,PASS_FAIL_CLOSED
NG-PLC-000282,PLACE,INTERNAL,false,ABSENT_BY_DESIGN_PRELIVE,PASS_FAIL_CLOSED
NG-PLC-000283,PLACE,INTERNAL,false,ABSENT_BY_DESIGN_PRELIVE,PASS_FAIL_CLOSED
NG-PLC-000284,PLACE,INTERNAL,false,ABSENT_BY_DESIGN_PRELIVE,PASS_FAIL_CLOSED
NG-PLC-000285,PLACE,INTERNAL,false,ABSENT_BY_DESIGN_PRELIVE,PASS_FAIL_CLOSED
NG-PLC-000286,PLACE,INTERNAL,false,ABSENT_BY_DESIGN_PRELIVE,PASS_FAIL_CLOSED
NG-PLC-000287,PLACE,INTERNAL,false,ABSENT_BY_DESIGN_PRELIVE,PASS_FAIL_CLOSED
NG-PLC-000288,PLACE,INTERNAL,false,ABSENT_BY_DESIGN_PRELIVE,PASS_FAIL_CLOSED
NG-PLC-000289,PLACE,INTERNAL,false,ABSENT_BY_DESIGN_PRELIVE,PASS_FAIL_CLOSED
NG-PLC-000290,PLACE,INTERNAL,false,ABSENT_BY_DESIGN_PRELIVE,PASS_FAIL_CLOSED
NG-PLC-000291,PLACE,INTERNAL,false,ABSENT_BY_DESIGN_PRELIVE,PASS_FAIL_CLOSED
NG-PLC-000292,PLACE,INTERNAL,false,ABSENT_BY_DESIGN_PRELIVE,PASS_FAIL_CLOSED
NG-PLC-000293,PLACE,INTERNAL,false,ABSENT_BY_DESIGN_PRELIVE,PASS_FAIL_CLOSED
NG-PLC-000294,PLACE,INTERNAL,false,ABSENT_BY_DESIGN_PRELIVE,PASS_FAIL_CLOSED
NG-PLC-000295,PLACE,INTERNAL,false,ABSENT_BY_DESIGN_PRELIVE,PASS_FAIL_CLOSED
NG-PLC-000296,PLACE,INTERNAL,false,ABSENT_BY_DESIGN_PRELIVE,PASS_FAIL_CLOSED
NG-PLC-000297,PLACE,INTERNAL,false,ABSENT_BY_DESIGN_PRELIVE,PASS_FAIL_CLOSED
NG-PLC-000298,PLACE,INTERNAL,false,ABSENT_BY_DESIGN_PRELIVE,PASS_FAIL_CLOSED
NG-PLC-000299,PLACE,INTERNAL,false,ABSENT_BY_DESIGN_PRELIVE,PASS_FAIL_CLOSED
NG-PLC-000300,PLACE,INTERNAL,false,ABSENT_BY_DESIGN_PRELIVE,PASS_FAIL_CLOSED
NG-PLC-000301,PLACE,INTERNAL,false,ABSENT_BY_DESIGN_PRELIVE,PASS_FAIL_CLOSED
NG-PLC-000302,PLACE,INTERNAL,false,ABSENT_BY_DESIGN_PRELIVE,PASS_FAIL_CLOSED
NG-PLC-000303,PLACE,INTERNAL,false,ABSENT_BY_DESIGN_PRELIVE,PASS_FAIL_CLOSED
NG-PLC-000304,PLACE,INTERNAL,false,ABSENT_BY_DESIGN_PRELIVE,PASS_FAIL_CLOSED
NG-PLC-000305,PLACE,INTERNAL,false,ABSENT_BY_DESIGN_PRELIVE,PASS_FAIL_CLOSED
NG-PLC-000306,PLACE,INTERNAL,false,ABSENT_BY_DESIGN_PRELIVE,PASS_FAIL_CLOSED
NG-PLC-000307,PLACE,INTERNAL,false,ABSENT_BY_DESIGN_PRELIVE,PASS_FAIL_CLOSED
NG-PLC-000308,PLACE,INTERNAL,false,ABSENT_BY_DESIGN_PRELIVE,PASS_FAIL_CLOSED
NG-PLC-000309,PLACE,INTERNAL,false,ABSENT_BY_DESIGN_PRELIVE,PASS_FAIL_CLOSED
NG-PLC-000310,PLACE,INTERNAL,false,ABSENT_BY_DESIGN_PRELIVE,PASS_FAIL_CLOSED
NG-PLC-000311,PLACE,INTERNAL,false,ABSENT_BY_DESIGN_PRELIVE,PASS_FAIL_CLOSED
NG-PLC-000312,PLACE,INTERNAL,false,ABSENT_BY_DESIGN_PRELIVE,PASS_FAIL_CLOSED
NG-PLC-000313,PLACE,INTERNAL,false,ABSENT_BY_DESIGN_PRELIVE,PASS_FAIL_CLOSED
NG-PLC-000314,PLACE,INTERNAL,false,ABSENT_BY_DESIGN_PRELIVE,PASS_FAIL_CLOSED
NG-PLC-000315,PLACE,INTERNAL,false,ABSENT_BY_DESIGN_PRELIVE,PASS_FAIL_CLOSED
NG-PLC-000316,PLACE,INTERNAL,false,ABSENT_BY_DESIGN_PRELIVE,PASS_FAIL_CLOSED
NG-PLC-000317,PLACE,INTERNAL,false,ABSENT_BY_DESIGN_PRELIVE,PASS_FAIL_CLOSED
NG-PLC-000318,PLACE,INTERNAL,false,ABSENT_BY_DESIGN_PRELIVE,PASS_FAIL_CLOSED
NG-PLC-000319,PLACE,INTERNAL,false,ABSENT_BY_DESIGN_PRELIVE,PASS_FAIL_CLOSED
NG-PLC-000320,PLACE,INTERNAL,false,ABSENT_BY_DESIGN_PRELIVE,PASS_FAIL_CLOSED
NG-PLC-000321,PLACE,INTERNAL,false,ABSENT_BY_DESIGN_PRELIVE,PASS_FAIL_CLOSED
NG-PLC-000322,PLACE,INTERNAL,false,ABSENT_BY_DESIGN_PRELIVE,PASS_FAIL_CLOSED
NG-PLC-000323,PLACE,INTERNAL,false,ABSENT_BY_DESIGN_PRELIVE,PASS_FAIL_CLOSED
NG-PLC-000324,PLACE,INTERNAL,false,ABSENT_BY_DESIGN_PRELIVE,PASS_FAIL_CLOSED
NG-PLC-000325,PLACE,INTERNAL,false,ABSENT_BY_DESIGN_PRELIVE,PASS_FAIL_CLOSED
NG-PLC-000326,PLACE,INTERNAL,false,ABSENT_BY_DESIGN_PRELIVE,PASS_FAIL_CLOSED
NG-PLC-000327,PLACE,INTERNAL,false,ABSENT_BY_DESIGN_PRELIVE,PASS_FAIL_CLOSED
NG-PLC-000328,PLACE,INTERNAL,false,ABSENT_BY_DESIGN_PRELIVE,PASS_FAIL_CLOSED
NG-PLC-000329,PLACE,INTERNAL,false,ABSENT_BY_DESIGN_PRELIVE,PASS_FAIL_CLOSED
NG-PLC-000330,PLACE,INTERNAL,false,ABSENT_BY_DESIGN_PRELIVE,PASS_FAIL_CLOSED
NG-PLC-000331,PLACE,INTERNAL,false,ABSENT_BY_DESIGN_PRELIVE,PASS_FAIL_CLOSED
NG-PLC-000332,PLACE,INTERNAL,false,ABSENT_BY_DESIGN_PRELIVE,PASS_FAIL_CLOSED
NG-PLC-000333,PLACE,INTERNAL,false,ABSENT_BY_DESIGN_PRELIVE,PASS_FAIL_CLOSED
NG-PLC-000334,PLACE,INTERNAL,false,ABSENT_BY_DESIGN_PRELIVE,PASS_FAIL_CLOSED
NG-PLC-000335,PLACE,INTERNAL,false,ABSENT_BY_DESIGN_PRELIVE,PASS_FAIL_CLOSED
NG-PLC-000336,PLACE,INTERNAL,false,ABSENT_BY_DESIGN_PRELIVE,PASS_FAIL_CLOSED
NG-PLC-000337,PLACE,INTERNAL,false,ABSENT_BY_DESIGN_PRELIVE,PASS_FAIL_CLOSED
NG-PLC-000338,PLACE,INTERNAL,false,ABSENT_BY_DESIGN_PRELIVE,PASS_FAIL_CLOSED
NG-PLC-000339,PLACE,INTERNAL,false,ABSENT_BY_DESIGN_PRELIVE,PASS_FAIL_CLOSED
NG-PLC-000340,PLACE,INTERNAL,false,ABSENT_BY_DESIGN_PRELIVE,PASS_FAIL_CLOSED
NG-PLC-000341,PLACE,INTERNAL,false,ABSENT_BY_DESIGN_PRELIVE,PASS_FAIL_CLOSED
NG-PLC-000342,PLACE,INTERNAL,false,ABSENT_BY_DESIGN_PRELIVE,PASS_FAIL_CLOSED
NG-PLC-000343,PLACE,INTERNAL,false,ABSENT_BY_DESIGN_PRELIVE,PASS_FAIL_CLOSED
NG-PLC-000344,PLACE,INTERNAL,false,ABSENT_BY_DESIGN_PRELIVE,PASS_FAIL_CLOSED
NG-PLC-000345,PLACE,INTERNAL,false,ABSENT_BY_DESIGN_PRELIVE,PASS_FAIL_CLOSED
NG-PLC-000346,PLACE,INTERNAL,false,ABSENT_BY_DESIGN_PRELIVE,PASS_FAIL_CLOSED
NG-PLC-000347,PLACE,INTERNAL,false,ABSENT_BY_DESIGN_PRELIVE,PASS_FAIL_CLOSED
NG-PLC-000348,PLACE,INTERNAL,false,ABSENT_BY_DESIGN_PRELIVE,PASS_FAIL_CLOSED
NG-PLC-000349,PLACE,INTERNAL,false,ABSENT_BY_DESIGN_PRELIVE,PASS_FAIL_CLOSED
NG-PLC-000350,PLACE,INTERNAL,false,ABSENT_BY_DESIGN_PRELIVE,PASS_FAIL_CLOSED
NG-PLC-000351,PLACE,INTERNAL,false,ABSENT_BY_DESIGN_PRELIVE,PASS_FAIL_CLOSED
NG-PLC-000352,PLACE,INTERNAL,false,ABSENT_BY_DESIGN_PRELIVE,PASS_FAIL_CLOSED
NG-PLC-000353,PLACE,INTERNAL,false,ABSENT_BY_DESIGN_PRELIVE,PASS_FAIL_CLOSED
NG-PLC-000354,PLACE,INTERNAL,false,ABSENT_BY_DESIGN_PRELIVE,PASS_FAIL_CLOSED
NG-PLC-000355,PLACE,INTERNAL,false,ABSENT_BY_DESIGN_PRELIVE,PASS_FAIL_CLOSED
NG-PLC-000356,PLACE,INTERNAL,false,ABSENT_BY_DESIGN_PRELIVE,PASS_FAIL_CLOSED
NG-PLC-000357,PLACE,INTERNAL,false,ABSENT_BY_DESIGN_PRELIVE,PASS_FAIL_CLOSED
NG-PLC-000358,PLACE,INTERNAL,false,ABSENT_BY_DESIGN_PRELIVE,PASS_FAIL_CLOSED
NG-PLC-000359,PLACE,INTERNAL,false,ABSENT_BY_DESIGN_PRELIVE,PASS_FAIL_CLOSED
NG-PLC-000360,PLACE,INTERNAL,false,ABSENT_BY_DESIGN_PRELIVE,PASS_FAIL_CLOSED
NG-PLC-000361,PLACE,INTERNAL,false,ABSENT_BY_DESIGN_PRELIVE,PASS_FAIL_CLOSED
NG-PLC-000362,PLACE,INTERNAL,false,ABSENT_BY_DESIGN_PRELIVE,PASS_FAIL_CLOSED
NG-PLC-000363,PLACE,INTERNAL,false,ABSENT_BY_DESIGN_PRELIVE,PASS_FAIL_CLOSED
NG-PLC-000364,PLACE,INTERNAL,false,ABSENT_BY_DESIGN_PRELIVE,PASS_FAIL_CLOSED
NG-PLC-000365,PLACE,INTERNAL,false,ABSENT_BY_DESIGN_PRELIVE,PASS_FAIL_CLOSED
NG-PLC-000366,PLACE,INTERNAL,false,ABSENT_BY_DESIGN_PRELIVE,PASS_FAIL_CLOSED
NG-PLC-000367,PLACE,INTERNAL,false,ABSENT_BY_DESIGN_PRELIVE,PASS_FAIL_CLOSED
NG-PLC-000368,PLACE,INTERNAL,false,ABSENT_BY_DESIGN_PRELIVE,PASS_FAIL_CLOSED
NG-PLC-000369,PLACE,INTERNAL,false,ABSENT_BY_DESIGN_PRELIVE,PASS_FAIL_CLOSED
NG-PLC-000370,PLACE,INTERNAL,false,ABSENT_BY_DESIGN_PRELIVE,PASS_FAIL_CLOSED
NG-PLC-000371,PLACE,INTERNAL,false,ABSENT_BY_DESIGN_PRELIVE,PASS_FAIL_CLOSED
NG-PLC-000372,PLACE,INTERNAL,false,ABSENT_BY_DESIGN_PRELIVE,PASS_FAIL_CLOSED
NG-PLC-000373,PLACE,INTERNAL,false,ABSENT_BY_DESIGN_PRELIVE,PASS_FAIL_CLOSED
NG-PLC-000374,PLACE,INTERNAL,false,ABSENT_BY_DESIGN_PRELIVE,PASS_FAIL_CLOSED
NG-PLC-000375,PLACE,INTERNAL,false,ABSENT_BY_DESIGN_PRELIVE,PASS_FAIL_CLOSED
NG-PLC-000376,PLACE,INTERNAL,false,ABSENT_BY_DESIGN_PRELIVE,PASS_FAIL_CLOSED
NG-PLC-000377,PLACE,INTERNAL,false,ABSENT_BY_DESIGN_PRELIVE,PASS_FAIL_CLOSED
NG-PLC-000378,PLACE,INTERNAL,false,ABSENT_BY_DESIGN_PRELIVE,PASS_FAIL_CLOSED
NG-PLC-000379,PLACE,INTERNAL,false,ABSENT_BY_DESIGN_PRELIVE,PASS_FAIL_CLOSED
NG-PLC-000380,PLACE,INTERNAL,false,ABSENT_BY_DESIGN_PRELIVE,PASS_FAIL_CLOSED
NG-PLC-000381,PLACE,INTERNAL,false,ABSENT_BY_DESIGN_PRELIVE,PASS_FAIL_CLOSED
NG-PLC-000382,PLACE,INTERNAL,false,ABSENT_BY_DESIGN_PRELIVE,PASS_FAIL_CLOSED
NG-PLC-000383,PLACE,INTERNAL,false,ABSENT_BY_DESIGN_PRELIVE,PASS_FAIL_CLOSED
NG-PLC-000384,PLACE,INTERNAL,false,ABSENT_BY_DESIGN_PRELIVE,PASS_FAIL_CLOSED
NG-PLC-000385,PLACE,INTERNAL,false,ABSENT_BY_DESIGN_PRELIVE,PASS_FAIL_CLOSED
NG-PLC-000386,PLACE,INTERNAL,false,ABSENT_BY_DESIGN_PRELIVE,PASS_FAIL_CLOSED
NG-PLC-000387,PLACE,INTERNAL,false,ABSENT_BY_DESIGN_PRELIVE,PASS_FAIL_CLOSED
NG-PLC-000388,PLACE,INTERNAL,false,ABSENT_BY_DESIGN_PRELIVE,PASS_FAIL_CLOSED
NG-PLC-000389,PLACE,INTERNAL,false,ABSENT_BY_DESIGN_PRELIVE,PASS_FAIL_CLOSED
NG-PLC-000390,PLACE,INTERNAL,false,ABSENT_BY_DESIGN_PRELIVE,PASS_FAIL_CLOSED
NG-PLC-000391,PLACE,INTERNAL,false,ABSENT_BY_DESIGN_PRELIVE,PASS_FAIL_CLOSED
NG-PLC-000392,PLACE,INTERNAL,false,ABSENT_BY_DESIGN_PRELIVE,PASS_FAIL_CLOSED
NG-PLC-000393,PLACE,INTERNAL,false,ABSENT_BY_DESIGN_PRELIVE,PASS_FAIL_CLOSED
NG-PLC-000394,PLACE,INTERNAL,false,ABSENT_BY_DESIGN_PRELIVE,PASS_FAIL_CLOSED
NG-PLC-000395,PLACE,INTERNAL,false,ABSENT_BY_DESIGN_PRELIVE,PASS_FAIL_CLOSED
NG-PLC-000396,PLACE,INTERNAL,false,ABSENT_BY_DESIGN_PRELIVE,PASS_FAIL_CLOSED
NG-PLC-000397,PLACE,INTERNAL,false,ABSENT_BY_DESIGN_PRELIVE,PASS_FAIL_CLOSED
NG-PLC-000398,PLACE,INTERNAL,false,ABSENT_BY_DESIGN_PRELIVE,PASS_FAIL_CLOSED
NG-PLC-000399,PLACE,INTERNAL,false,ABSENT_BY_DESIGN_PRELIVE,PASS_FAIL_CLOSED
NG-PLC-000400,PLACE,INTERNAL,false,ABSENT_BY_DESIGN_PRELIVE,PASS_FAIL_CLOSED
NG-PLC-000401,PLACE,INTERNAL,false,ABSENT_BY_DESIGN_PRELIVE,PASS_FAIL_CLOSED
NG-PLC-000402,PLACE,INTERNAL,false,ABSENT_BY_DESIGN_PRELIVE,PASS_FAIL_CLOSED
NG-PLC-000403,PLACE,INTERNAL,false,ABSENT_BY_DESIGN_PRELIVE,PASS_FAIL_CLOSED
NG-PLC-000404,PLACE,INTERNAL,false,ABSENT_BY_DESIGN_PRELIVE,PASS_FAIL_CLOSED
NG-PLC-000405,PLACE,INTERNAL,false,ABSENT_BY_DESIGN_PRELIVE,PASS_FAIL_CLOSED
NG-PLC-000406,PLACE,INTERNAL,false,ABSENT_BY_DESIGN_PRELIVE,PASS_FAIL_CLOSED
NG-PLC-000407,PLACE,INTERNAL,false,ABSENT_BY_DESIGN_PRELIVE,PASS_FAIL_CLOSED
NG-PLC-000408,PLACE,INTERNAL,false,ABSENT_BY_DESIGN_PRELIVE,PASS_FAIL_CLOSED
NG-PLC-000409,PLACE,INTERNAL,false,ABSENT_BY_DESIGN_PRELIVE,PASS_FAIL_CLOSED
NG-PLC-000410,PLACE,INTERNAL,false,ABSENT_BY_DESIGN_PRELIVE,PASS_FAIL_CLOSED
NG-PLC-000411,PLACE,INTERNAL,false,ABSENT_BY_DESIGN_PRELIVE,PASS_FAIL_CLOSED
NG-PLC-000412,PLACE,INTERNAL,false,ABSENT_BY_DESIGN_PRELIVE,PASS_FAIL_CLOSED
NG-PLC-000413,PLACE,INTERNAL,false,ABSENT_BY_DESIGN_PRELIVE,PASS_FAIL_CLOSED
NG-PLC-000414,PLACE,INTERNAL,false,ABSENT_BY_DESIGN_PRELIVE,PASS_FAIL_CLOSED
NG-PLC-000415,PLACE,INTERNAL,false,ABSENT_BY_DESIGN_PRELIVE,PASS_FAIL_CLOSED
NG-PLC-000416,PLACE,INTERNAL,false,ABSENT_BY_DESIGN_PRELIVE,PASS_FAIL_CLOSED
NG-PLC-000417,PLACE,INTERNAL,false,ABSENT_BY_DESIGN_PRELIVE,PASS_FAIL_CLOSED
NG-PLC-000418,PLACE,INTERNAL,false,ABSENT_BY_DESIGN_PRELIVE,PASS_FAIL_CLOSED
NG-PLC-000419,PLACE,INTERNAL,false,ABSENT_BY_DESIGN_PRELIVE,PASS_FAIL_CLOSED
NG-PLC-000420,PLACE,INTERNAL,false,ABSENT_BY_DESIGN_PRELIVE,PASS_FAIL_CLOSED
NG-PLC-000421,PLACE,INTERNAL,false,ABSENT_BY_DESIGN_PRELIVE,PASS_FAIL_CLOSED
NG-PLC-000422,PLACE,INTERNAL,false,ABSENT_BY_DESIGN_PRELIVE,PASS_FAIL_CLOSED
NG-PLC-000423,PLACE,INTERNAL,false,ABSENT_BY_DESIGN_PRELIVE,PASS_FAIL_CLOSED
NG-PLC-000424,PLACE,INTERNAL,false,ABSENT_BY_DESIGN_PRELIVE,PASS_FAIL_CLOSED
NG-PLC-000425,PLACE,INTERNAL,false,ABSENT_BY_DESIGN_PRELIVE,PASS_FAIL_CLOSED
NG-PLC-000426,PLACE,INTERNAL,false,ABSENT_BY_DESIGN_PRELIVE,PASS_FAIL_CLOSED
NG-PLC-000427,PLACE,INTERNAL,false,ABSENT_BY_DESIGN_PRELIVE,PASS_FAIL_CLOSED
NG-PLC-000428,PLACE,INTERNAL,false,ABSENT_BY_DESIGN_PRELIVE,PASS_FAIL_CLOSED
NG-PLC-000429,PLACE,INTERNAL,false,ABSENT_BY_DESIGN_PRELIVE,PASS_FAIL_CLOSED
NG-PLC-000430,PLACE,INTERNAL,false,ABSENT_BY_DESIGN_PRELIVE,PASS_FAIL_CLOSED
NG-PLC-000431,PLACE,INTERNAL,false,ABSENT_BY_DESIGN_PRELIVE,PASS_FAIL_CLOSED
NG-PLC-000432,PLACE,INTERNAL,false,ABSENT_BY_DESIGN_PRELIVE,PASS_FAIL_CLOSED
NG-PLC-000433,PLACE,INTERNAL,false,ABSENT_BY_DESIGN_PRELIVE,PASS_FAIL_CLOSED
NG-PLC-000434,PLACE,INTERNAL,false,ABSENT_BY_DESIGN_PRELIVE,PASS_FAIL_CLOSED
NG-PLC-000435,PLACE,INTERNAL,false,ABSENT_BY_DESIGN_PRELIVE,PASS_FAIL_CLOSED
NG-PLC-000436,PLACE,INTERNAL,false,ABSENT_BY_DESIGN_PRELIVE,PASS_FAIL_CLOSED
NG-PLC-000437,PLACE,INTERNAL,false,ABSENT_BY_DESIGN_PRELIVE,PASS_FAIL_CLOSED
NG-PLC-000438,PLACE,INTERNAL,false,ABSENT_BY_DESIGN_PRELIVE,PASS_FAIL_CLOSED
NG-PLC-000439,PLACE,INTERNAL,false,ABSENT_BY_DESIGN_PRELIVE,PASS_FAIL_CLOSED
NG-PLC-000440,PLACE,INTERNAL,false,ABSENT_BY_DESIGN_PRELIVE,PASS_FAIL_CLOSED
NG-PLC-000441,PLACE,INTERNAL,false,ABSENT_BY_DESIGN_PRELIVE,PASS_FAIL_CLOSED
NG-PLC-000442,PLACE,INTERNAL,false,ABSENT_BY_DESIGN_PRELIVE,PASS_FAIL_CLOSED
NG-PLC-000443,PLACE,INTERNAL,false,ABSENT_BY_DESIGN_PRELIVE,PASS_FAIL_CLOSED
NG-PLC-000444,PLACE,INTERNAL,false,ABSENT_BY_DESIGN_PRELIVE,PASS_FAIL_CLOSED
NG-PLC-000445,PLACE,INTERNAL,false,ABSENT_BY_DESIGN_PRELIVE,PASS_FAIL_CLOSED
NG-PLC-000446,PLACE,INTERNAL,false,ABSENT_BY_DESIGN_PRELIVE,PASS_FAIL_CLOSED
NG-PLC-000447,PLACE,INTERNAL,false,ABSENT_BY_DESIGN_PRELIVE,PASS_FAIL_CLOSED
NG-PLC-000448,PLACE,INTERNAL,false,ABSENT_BY_DESIGN_PRELIVE,PASS_FAIL_CLOSED
NG-PLC-000449,PLACE,INTERNAL,false,ABSENT_BY_DESIGN_PRELIVE,PASS_FAIL_CLOSED
NG-PLC-000450,PLACE,INTERNAL,false,ABSENT_BY_DESIGN_PRELIVE,PASS_FAIL_CLOSED
NG-PLC-000451,PLACE,INTERNAL,false,ABSENT_BY_DESIGN_PRELIVE,PASS_FAIL_CLOSED
NG-PLC-000452,PLACE,INTERNAL,false,ABSENT_BY_DESIGN_PRELIVE,PASS_FAIL_CLOSED
NG-PLC-000453,PLACE,INTERNAL,false,ABSENT_BY_DESIGN_PRELIVE,PASS_FAIL_CLOSED
NG-PLC-000454,PLACE,INTERNAL,false,ABSENT_BY_DESIGN_PRELIVE,PASS_FAIL_CLOSED
NG-PLC-000455,PLACE,INTERNAL,false,ABSENT_BY_DESIGN_PRELIVE,PASS_FAIL_CLOSED
NG-PLC-000456,PLACE,INTERNAL,false,ABSENT_BY_DESIGN_PRELIVE,PASS_FAIL_CLOSED
NG-PLC-000457,PLACE,INTERNAL,false,ABSENT_BY_DESIGN_PRELIVE,PASS_FAIL_CLOSED
NG-PLC-000458,PLACE,INTERNAL,false,ABSENT_BY_DESIGN_PRELIVE,PASS_FAIL_CLOSED
NG-PLC-000459,PLACE,INTERNAL,false,ABSENT_BY_DESIGN_PRELIVE,PASS_FAIL_CLOSED
NG-PLC-000460,PLACE,INTERNAL,false,ABSENT_BY_DESIGN_PRELIVE,PASS_FAIL_CLOSED
NG-PLC-000461,PLACE,INTERNAL,false,ABSENT_BY_DESIGN_PRELIVE,PASS_FAIL_CLOSED
NG-PLC-000462,PLACE,INTERNAL,false,ABSENT_BY_DESIGN_PRELIVE,PASS_FAIL_CLOSED
NG-PLC-000463,PLACE,INTERNAL,false,ABSENT_BY_DESIGN_PRELIVE,PASS_FAIL_CLOSED
NG-PLC-000464,PLACE,INTERNAL,false,ABSENT_BY_DESIGN_PRELIVE,PASS_FAIL_CLOSED
NG-PLC-000465,PLACE,INTERNAL,false,ABSENT_BY_DESIGN_PRELIVE,PASS_FAIL_CLOSED
NG-PLC-000466,PLACE,INTERNAL,false,ABSENT_BY_DESIGN_PRELIVE,PASS_FAIL_CLOSED
NG-PLC-000467,PLACE,INTERNAL,false,ABSENT_BY_DESIGN_PRELIVE,PASS_FAIL_CLOSED
NG-PLC-000468,PLACE,INTERNAL,false,ABSENT_BY_DESIGN_PRELIVE,PASS_FAIL_CLOSED
NG-PLC-000469,PLACE,INTERNAL,false,ABSENT_BY_DESIGN_PRELIVE,PASS_FAIL_CLOSED
NG-PLC-000470,PLACE,INTERNAL,false,ABSENT_BY_DESIGN_PRELIVE,PASS_FAIL_CLOSED
NG-PLC-000471,PLACE,INTERNAL,false,ABSENT_BY_DESIGN_PRELIVE,PASS_FAIL_CLOSED
NG-PLC-000472,PLACE,INTERNAL,false,ABSENT_BY_DESIGN_PRELIVE,PASS_FAIL_CLOSED
NG-PLC-000473,PLACE,INTERNAL,false,ABSENT_BY_DESIGN_PRELIVE,PASS_FAIL_CLOSED
NG-PLC-000474,PLACE,INTERNAL,false,ABSENT_BY_DESIGN_PRELIVE,PASS_FAIL_CLOSED
NG-PLC-000475,PLACE,INTERNAL,false,ABSENT_BY_DESIGN_PRELIVE,PASS_FAIL_CLOSED
NG-PLC-000476,PLACE,INTERNAL,false,ABSENT_BY_DESIGN_PRELIVE,PASS_FAIL_CLOSED
NG-PLC-000477,PLACE,INTERNAL,false,ABSENT_BY_DESIGN_PRELIVE,PASS_FAIL_CLOSED
NG-PLC-000478,PLACE,INTERNAL,false,ABSENT_BY_DESIGN_PRELIVE,PASS_FAIL_CLOSED
NG-PLC-000479,PLACE,INTERNAL,false,ABSENT_BY_DESIGN_PRELIVE,PASS_FAIL_CLOSED
NG-PLC-000480,PLACE,INTERNAL,false,ABSENT_BY_DESIGN_PRELIVE,PASS_FAIL_CLOSED
NG-PLC-000481,PLACE,INTERNAL,false,ABSENT_BY_DESIGN_PRELIVE,PASS_FAIL_CLOSED
NG-PLC-000482,PLACE,INTERNAL,false,ABSENT_BY_DESIGN_PRELIVE,PASS_FAIL_CLOSED
NG-PLC-000483,PLACE,INTERNAL,false,ABSENT_BY_DESIGN_PRELIVE,PASS_FAIL_CLOSED
NG-PLC-000484,PLACE,INTERNAL,false,ABSENT_BY_DESIGN_PRELIVE,PASS_FAIL_CLOSED
NG-PLC-000485,PLACE,INTERNAL,false,ABSENT_BY_DESIGN_PRELIVE,PASS_FAIL_CLOSED
NG-PLC-000486,PLACE,INTERNAL,false,ABSENT_BY_DESIGN_PRELIVE,PASS_FAIL_CLOSED
NG-PLC-000487,PLACE,INTERNAL,false,ABSENT_BY_DESIGN_PRELIVE,PASS_FAIL_CLOSED
NG-PLC-000488,PLACE,INTERNAL,false,ABSENT_BY_DESIGN_PRELIVE,PASS_FAIL_CLOSED
NG-PLC-000489,PLACE,INTERNAL,false,ABSENT_BY_DESIGN_PRELIVE,PASS_FAIL_CLOSED
NG-PLC-000490,PLACE,INTERNAL,false,ABSENT_BY_DESIGN_PRELIVE,PASS_FAIL_CLOSED
NG-PLC-000491,PLACE,INTERNAL,false,ABSENT_BY_DESIGN_PRELIVE,PASS_FAIL_CLOSED
NG-PLC-000492,PLACE,INTERNAL,false,ABSENT_BY_DESIGN_PRELIVE,PASS_FAIL_CLOSED
NG-PLC-000493,PLACE,INTERNAL,false,ABSENT_BY_DESIGN_PRELIVE,PASS_FAIL_CLOSED
NG-PLC-000494,PLACE,INTERNAL,false,ABSENT_BY_DESIGN_PRELIVE,PASS_FAIL_CLOSED
NG-PLC-000495,PLACE,INTERNAL,false,ABSENT_BY_DESIGN_PRELIVE,PASS_FAIL_CLOSED
NG-PLC-000496,PLACE,INTERNAL,false,ABSENT_BY_DESIGN_PRELIVE,PASS_FAIL_CLOSED
NG-PLC-000497,PLACE,INTERNAL,false,ABSENT_BY_DESIGN_PRELIVE,PASS_FAIL_CLOSED
NG-PLC-000498,PLACE,INTERNAL,false,ABSENT_BY_DESIGN_PRELIVE,PASS_FAIL_CLOSED
NG-PLC-000499,PLACE,INTERNAL,false,ABSENT_BY_DESIGN_PRELIVE,PASS_FAIL_CLOSED
NG-PLC-000500,PLACE,INTERNAL,false,ABSENT_BY_DESIGN_PRELIVE,PASS_FAIL_CLOSED
NG-PLC-000501,PLACE,INTERNAL,false,ABSENT_BY_DESIGN_PRELIVE,PASS_FAIL_CLOSED
NG-PLC-000502,PLACE,INTERNAL,false,ABSENT_BY_DESIGN_PRELIVE,PASS_FAIL_CLOSED
NG-PLC-000503,PLACE,INTERNAL,false,ABSENT_BY_DESIGN_PRELIVE,PASS_FAIL_CLOSED
NG-PLC-000504,PLACE,INTERNAL,false,ABSENT_BY_DESIGN_PRELIVE,PASS_FAIL_CLOSED
NG-PLC-000505,PLACE,INTERNAL,false,ABSENT_BY_DESIGN_PRELIVE,PASS_FAIL_CLOSED
NG-PLC-000506,PLACE,INTERNAL,false,ABSENT_BY_DESIGN_PRELIVE,PASS_FAIL_CLOSED
NG-PLC-000507,PLACE,INTERNAL,false,ABSENT_BY_DESIGN_PRELIVE,PASS_FAIL_CLOSED
NG-PLC-000508,PLACE,INTERNAL,false,ABSENT_BY_DESIGN_PRELIVE,PASS_FAIL_CLOSED
NG-PLC-000509,PLACE,INTERNAL,false,ABSENT_BY_DESIGN_PRELIVE,PASS_FAIL_CLOSED
NG-PLC-000510,PLACE,INTERNAL,false,ABSENT_BY_DESIGN_PRELIVE,PASS_FAIL_CLOSED
NG-PLC-000511,PLACE,INTERNAL,false,ABSENT_BY_DESIGN_PRELIVE,PASS_FAIL_CLOSED
NG-PLC-000512,PLACE,INTERNAL,false,ABSENT_BY_DESIGN_PRELIVE,PASS_FAIL_CLOSED
NG-PLC-000513,PLACE,INTERNAL,false,ABSENT_BY_DESIGN_PRELIVE,PASS_FAIL_CLOSED
NG-PLC-000514,PLACE,INTERNAL,false,ABSENT_BY_DESIGN_PRELIVE,PASS_FAIL_CLOSED
NG-PLC-000515,PLACE,INTERNAL,false,ABSENT_BY_DESIGN_PRELIVE,PASS_FAIL_CLOSED
NG-PLC-000516,PLACE,INTERNAL,false,ABSENT_BY_DESIGN_PRELIVE,PASS_FAIL_CLOSED
NG-PLC-000517,PLACE,INTERNAL,false,ABSENT_BY_DESIGN_PRELIVE,PASS_FAIL_CLOSED
NG-PLC-000518,PLACE,INTERNAL,false,ABSENT_BY_DESIGN_PRELIVE,PASS_FAIL_CLOSED
NG-PLC-000519,PLACE,INTERNAL,false,ABSENT_BY_DESIGN_PRELIVE,PASS_FAIL_CLOSED
NG-PLC-000520,PLACE,INTERNAL,false,ABSENT_BY_DESIGN_PRELIVE,PASS_FAIL_CLOSED
NG-PLC-000521,PLACE,INTERNAL,false,ABSENT_BY_DESIGN_PRELIVE,PASS_FAIL_CLOSED
NG-PLC-000522,PLACE,INTERNAL,false,ABSENT_BY_DESIGN_PRELIVE,PASS_FAIL_CLOSED
NG-PLC-000523,PLACE,INTERNAL,false,ABSENT_BY_DESIGN_PRELIVE,PASS_FAIL_CLOSED
NG-PLC-000524,PLACE,INTERNAL,false,ABSENT_BY_DESIGN_PRELIVE,PASS_FAIL_CLOSED
NG-PLC-000525,PLACE,INTERNAL,false,ABSENT_BY_DESIGN_PRELIVE,PASS_FAIL_CLOSED
NG-PLC-000526,PLACE,INTERNAL,false,ABSENT_BY_DESIGN_PRELIVE,PASS_FAIL_CLOSED
NG-PLC-000527,PLACE,INTERNAL,false,ABSENT_BY_DESIGN_PRELIVE,PASS_FAIL_CLOSED
NG-PLC-000528,PLACE,INTERNAL,false,ABSENT_BY_DESIGN_PRELIVE,PASS_FAIL_CLOSED
NG-PLC-000529,PLACE,INTERNAL,false,ABSENT_BY_DESIGN_PRELIVE,PASS_FAIL_CLOSED
NG-PLC-000530,PLACE,INTERNAL,false,ABSENT_BY_DESIGN_PRELIVE,PASS_FAIL_CLOSED
NG-PLC-000531,PLACE,INTERNAL,false,ABSENT_BY_DESIGN_PRELIVE,PASS_FAIL_CLOSED
NG-PLC-000532,PLACE,INTERNAL,false,ABSENT_BY_DESIGN_PRELIVE,PASS_FAIL_CLOSED
NG-PLC-000533,PLACE,INTERNAL,false,ABSENT_BY_DESIGN_PRELIVE,PASS_FAIL_CLOSED
NG-PLC-000534,PLACE,INTERNAL,false,ABSENT_BY_DESIGN_PRELIVE,PASS_FAIL_CLOSED
NG-PLC-000535,PLACE,INTERNAL,false,ABSENT_BY_DESIGN_PRELIVE,PASS_FAIL_CLOSED
NG-PLC-000536,PLACE,INTERNAL,false,ABSENT_BY_DESIGN_PRELIVE,PASS_FAIL_CLOSED
NG-PLC-000537,PLACE,INTERNAL,false,ABSENT_BY_DESIGN_PRELIVE,PASS_FAIL_CLOSED
NG-PLC-000538,PLACE,INTERNAL,false,ABSENT_BY_DESIGN_PRELIVE,PASS_FAIL_CLOSED
NG-PLC-000539,PLACE,INTERNAL,false,ABSENT_BY_DESIGN_PRELIVE,PASS_FAIL_CLOSED
NG-PLC-000540,PLACE,INTERNAL,false,ABSENT_BY_DESIGN_PRELIVE,PASS_FAIL_CLOSED
NG-PLC-000541,PLACE,INTERNAL,false,ABSENT_BY_DESIGN_PRELIVE,PASS_FAIL_CLOSED
NG-PLC-000542,PLACE,INTERNAL,false,ABSENT_BY_DESIGN_PRELIVE,PASS_FAIL_CLOSED
NG-PLC-000543,PLACE,INTERNAL,false,ABSENT_BY_DESIGN_PRELIVE,PASS_FAIL_CLOSED
NG-PLC-000544,PLACE,INTERNAL,false,ABSENT_BY_DESIGN_PRELIVE,PASS_FAIL_CLOSED
NG-PLC-000545,PLACE,INTERNAL,false,ABSENT_BY_DESIGN_PRELIVE,PASS_FAIL_CLOSED
NG-PLC-000546,PLACE,INTERNAL,false,ABSENT_BY_DESIGN_PRELIVE,PASS_FAIL_CLOSED
NG-PLC-000547,PLACE,INTERNAL,false,ABSENT_BY_DESIGN_PRELIVE,PASS_FAIL_CLOSED
NG-PLC-000548,PLACE,INTERNAL,false,ABSENT_BY_DESIGN_PRELIVE,PASS_FAIL_CLOSED
NG-PLC-000549,PLACE,INTERNAL,false,ABSENT_BY_DESIGN_PRELIVE,PASS_FAIL_CLOSED
NG-PLC-000550,PLACE,INTERNAL,false,ABSENT_BY_DESIGN_PRELIVE,PASS_FAIL_CLOSED
NG-PLC-000551,PLACE,INTERNAL,false,ABSENT_BY_DESIGN_PRELIVE,PASS_FAIL_CLOSED
NG-PLC-000552,PLACE,INTERNAL,false,ABSENT_BY_DESIGN_PRELIVE,PASS_FAIL_CLOSED
NG-PLC-000553,PLACE,INTERNAL,false,ABSENT_BY_DESIGN_PRELIVE,PASS_FAIL_CLOSED
NG-PLC-000554,PLACE,INTERNAL,false,ABSENT_BY_DESIGN_PRELIVE,PASS_FAIL_CLOSED
NG-PLC-000555,PLACE,INTERNAL,false,ABSENT_BY_DESIGN_PRELIVE,PASS_FAIL_CLOSED
NG-PLC-000556,PLACE,INTERNAL,false,ABSENT_BY_DESIGN_PRELIVE,PASS_FAIL_CLOSED
NG-PLC-000557,PLACE,INTERNAL,false,ABSENT_BY_DESIGN_PRELIVE,PASS_FAIL_CLOSED
NG-PLC-000558,PLACE,INTERNAL,false,ABSENT_BY_DESIGN_PRELIVE,PASS_FAIL_CLOSED
NG-PLC-000559,PLACE,INTERNAL,false,ABSENT_BY_DESIGN_PRELIVE,PASS_FAIL_CLOSED
NG-PLC-000560,PLACE,INTERNAL,false,ABSENT_BY_DESIGN_PRELIVE,PASS_FAIL_CLOSED
NG-PLC-000561,PLACE,INTERNAL,false,ABSENT_BY_DESIGN_PRELIVE,PASS_FAIL_CLOSED
NG-PLC-000562,PLACE,INTERNAL,false,ABSENT_BY_DESIGN_PRELIVE,PASS_FAIL_CLOSED
NG-PLC-000563,PLACE,INTERNAL,false,ABSENT_BY_DESIGN_PRELIVE,PASS_FAIL_CLOSED
NG-PLC-000564,PLACE,INTERNAL,false,ABSENT_BY_DESIGN_PRELIVE,PASS_FAIL_CLOSED
NG-PLC-000565,PLACE,INTERNAL,false,ABSENT_BY_DESIGN_PRELIVE,PASS_FAIL_CLOSED
NG-PLC-000566,PLACE,INTERNAL,false,ABSENT_BY_DESIGN_PRELIVE,PASS_FAIL_CLOSED
NG-PLC-000567,PLACE,INTERNAL,false,ABSENT_BY_DESIGN_PRELIVE,PASS_FAIL_CLOSED
NG-PLC-000568,PLACE,INTERNAL,false,ABSENT_BY_DESIGN_PRELIVE,PASS_FAIL_CLOSED
NG-PLC-000569,PLACE,INTERNAL,false,ABSENT_BY_DESIGN_PRELIVE,PASS_FAIL_CLOSED
NG-PLC-000570,PLACE,INTERNAL,false,ABSENT_BY_DESIGN_PRELIVE,PASS_FAIL_CLOSED
NG-PLC-000571,PLACE,INTERNAL,false,ABSENT_BY_DESIGN_PRELIVE,PASS_FAIL_CLOSED
NG-PLC-000572,PLACE,INTERNAL,false,ABSENT_BY_DESIGN_PRELIVE,PASS_FAIL_CLOSED
NG-PLC-000573,PLACE,INTERNAL,false,ABSENT_BY_DESIGN_PRELIVE,PASS_FAIL_CLOSED
NG-PLC-000574,PLACE,INTERNAL,false,ABSENT_BY_DESIGN_PRELIVE,PASS_FAIL_CLOSED
NG-PLC-000575,PLACE,INTERNAL,false,ABSENT_BY_DESIGN_PRELIVE,PASS_FAIL_CLOSED
NG-PLC-000576,PLACE,INTERNAL,false,ABSENT_BY_DESIGN_PRELIVE,PASS_FAIL_CLOSED
NG-PLC-000577,PLACE,INTERNAL,false,ABSENT_BY_DESIGN_PRELIVE,PASS_FAIL_CLOSED
NG-PLC-000578,PLACE,INTERNAL,false,ABSENT_BY_DESIGN_PRELIVE,PASS_FAIL_CLOSED
NG-PLC-000579,PLACE,INTERNAL,false,ABSENT_BY_DESIGN_PRELIVE,PASS_FAIL_CLOSED
NG-PLC-000580,PLACE,INTERNAL,false,ABSENT_BY_DESIGN_PRELIVE,PASS_FAIL_CLOSED
NG-PLC-000581,PLACE,INTERNAL,false,ABSENT_BY_DESIGN_PRELIVE,PASS_FAIL_CLOSED
NG-PLC-000582,PLACE,INTERNAL,false,ABSENT_BY_DESIGN_PRELIVE,PASS_FAIL_CLOSED
NG-PLC-000583,PLACE,INTERNAL,false,ABSENT_BY_DESIGN_PRELIVE,PASS_FAIL_CLOSED
NG-PLC-000584,PLACE,INTERNAL,false,ABSENT_BY_DESIGN_PRELIVE,PASS_FAIL_CLOSED
NG-PLC-000585,PLACE,INTERNAL,false,ABSENT_BY_DESIGN_PRELIVE,PASS_FAIL_CLOSED
NG-PLC-000586,PLACE,INTERNAL,false,ABSENT_BY_DESIGN_PRELIVE,PASS_FAIL_CLOSED
NG-PLC-000587,PLACE,INTERNAL,false,ABSENT_BY_DESIGN_PRELIVE,PASS_FAIL_CLOSED
NG-PLC-000588,PLACE,INTERNAL,false,ABSENT_BY_DESIGN_PRELIVE,PASS_FAIL_CLOSED
NG-PLC-000589,PLACE,INTERNAL,false,ABSENT_BY_DESIGN_PRELIVE,PASS_FAIL_CLOSED
NG-PLC-000590,PLACE,INTERNAL,false,ABSENT_BY_DESIGN_PRELIVE,PASS_FAIL_CLOSED
NG-PLC-000591,PLACE,INTERNAL,false,ABSENT_BY_DESIGN_PRELIVE,PASS_FAIL_CLOSED
NG-PLC-000592,PLACE,INTERNAL,false,ABSENT_BY_DESIGN_PRELIVE,PASS_FAIL_CLOSED
NG-PLC-000593,PLACE,INTERNAL,false,ABSENT_BY_DESIGN_PRELIVE,PASS_FAIL_CLOSED
NG-PLC-000594,PLACE,INTERNAL,false,ABSENT_BY_DESIGN_PRELIVE,PASS_FAIL_CLOSED
NG-PLC-000595,PLACE,INTERNAL,false,ABSENT_BY_DESIGN_PRELIVE,PASS_FAIL_CLOSED
NG-PLC-000596,PLACE,INTERNAL,false,ABSENT_BY_DESIGN_PRELIVE,PASS_FAIL_CLOSED
NG-PLC-000597,PLACE,INTERNAL,false,ABSENT_BY_DESIGN_PRELIVE,PASS_FAIL_CLOSED
NG-PLC-000598,PLACE,INTERNAL,false,ABSENT_BY_DESIGN_PRELIVE,PASS_FAIL_CLOSED
NG-PLC-000599,PLACE,INTERNAL,false,ABSENT_BY_DESIGN_PRELIVE,PASS_FAIL_CLOSED
NG-PLC-000600,PLACE,INTERNAL,false,ABSENT_BY_DESIGN_PRELIVE,PASS_FAIL_CLOSED
NG-PLC-000601,PLACE,INTERNAL,false,ABSENT_BY_DESIGN_PRELIVE,PASS_FAIL_CLOSED
NG-PLC-000602,PLACE,INTERNAL,false,ABSENT_BY_DESIGN_PRELIVE,PASS_FAIL_CLOSED
NG-PLC-000603,PLACE,INTERNAL,false,ABSENT_BY_DESIGN_PRELIVE,PASS_FAIL_CLOSED
NG-PLC-000604,PLACE,INTERNAL,false,ABSENT_BY_DESIGN_PRELIVE,PASS_FAIL_CLOSED
NG-PLC-000605,PLACE,INTERNAL,false,ABSENT_BY_DESIGN_PRELIVE,PASS_FAIL_CLOSED
NG-PLC-000606,PLACE,INTERNAL,false,ABSENT_BY_DESIGN_PRELIVE,PASS_FAIL_CLOSED
NG-PLC-000607,PLACE,INTERNAL,false,ABSENT_BY_DESIGN_PRELIVE,PASS_FAIL_CLOSED
NG-PLC-000608,PLACE,INTERNAL,false,ABSENT_BY_DESIGN_PRELIVE,PASS_FAIL_CLOSED
NG-PLC-000609,PLACE,INTERNAL,false,ABSENT_BY_DESIGN_PRELIVE,PASS_FAIL_CLOSED
NG-PLC-000610,PLACE,INTERNAL,false,ABSENT_BY_DESIGN_PRELIVE,PASS_FAIL_CLOSED
NG-PLC-000611,PLACE,INTERNAL,false,ABSENT_BY_DESIGN_PRELIVE,PASS_FAIL_CLOSED
NG-PLC-000612,PLACE,INTERNAL,false,ABSENT_BY_DESIGN_PRELIVE,PASS_FAIL_CLOSED
NG-PLC-000613,PLACE,INTERNAL,false,ABSENT_BY_DESIGN_PRELIVE,PASS_FAIL_CLOSED
NG-PLC-000614,PLACE,INTERNAL,false,ABSENT_BY_DESIGN_PRELIVE,PASS_FAIL_CLOSED
NG-PLC-000615,PLACE,INTERNAL,false,ABSENT_BY_DESIGN_PRELIVE,PASS_FAIL_CLOSED
NG-PLC-000616,PLACE,INTERNAL,false,ABSENT_BY_DESIGN_PRELIVE,PASS_FAIL_CLOSED
NG-PLC-000617,PLACE,INTERNAL,false,ABSENT_BY_DESIGN_PRELIVE,PASS_FAIL_CLOSED
NG-PLC-000618,PLACE,INTERNAL,false,ABSENT_BY_DESIGN_PRELIVE,PASS_FAIL_CLOSED
NG-PLC-000619,PLACE,INTERNAL,false,ABSENT_BY_DESIGN_PRELIVE,PASS_FAIL_CLOSED
NG-PLC-000620,PLACE,INTERNAL,false,ABSENT_BY_DESIGN_PRELIVE,PASS_FAIL_CLOSED
NG-PLC-000621,PLACE,INTERNAL,false,ABSENT_BY_DESIGN_PRELIVE,PASS_FAIL_CLOSED
NG-PLC-000622,PLACE,INTERNAL,false,ABSENT_BY_DESIGN_PRELIVE,PASS_FAIL_CLOSED
NG-PLC-000623,PLACE,INTERNAL,false,ABSENT_BY_DESIGN_PRELIVE,PASS_FAIL_CLOSED
NG-PLC-000624,PLACE,INTERNAL,false,ABSENT_BY_DESIGN_PRELIVE,PASS_FAIL_CLOSED
NG-PLC-000625,PLACE,INTERNAL,false,ABSENT_BY_DESIGN_PRELIVE,PASS_FAIL_CLOSED
NG-PLC-000626,PLACE,INTERNAL,false,ABSENT_BY_DESIGN_PRELIVE,PASS_FAIL_CLOSED
NG-PLC-000627,PLACE,INTERNAL,false,ABSENT_BY_DESIGN_PRELIVE,PASS_FAIL_CLOSED
NG-PLC-000628,PLACE,INTERNAL,false,ABSENT_BY_DESIGN_PRELIVE,PASS_FAIL_CLOSED
NG-PLC-000629,PLACE,INTERNAL,false,ABSENT_BY_DESIGN_PRELIVE,PASS_FAIL_CLOSED
NG-PLC-000630,PLACE,INTERNAL,false,ABSENT_BY_DESIGN_PRELIVE,PASS_FAIL_CLOSED
NG-PLC-000631,PLACE,INTERNAL,false,ABSENT_BY_DESIGN_PRELIVE,PASS_FAIL_CLOSED
NG-PLC-000632,PLACE,INTERNAL,false,ABSENT_BY_DESIGN_PRELIVE,PASS_FAIL_CLOSED
NG-PLC-000633,PLACE,INTERNAL,false,ABSENT_BY_DESIGN_PRELIVE,PASS_FAIL_CLOSED
NG-PLC-000634,PLACE,INTERNAL,false,ABSENT_BY_DESIGN_PRELIVE,PASS_FAIL_CLOSED
NG-PLC-000635,PLACE,INTERNAL,false,ABSENT_BY_DESIGN_PRELIVE,PASS_FAIL_CLOSED
NG-PLC-000636,PLACE,INTERNAL,false,ABSENT_BY_DESIGN_PRELIVE,PASS_FAIL_CLOSED
NG-PLC-000637,PLACE,INTERNAL,false,ABSENT_BY_DESIGN_PRELIVE,PASS_FAIL_CLOSED
NG-PLC-000638,PLACE,INTERNAL,false,ABSENT_BY_DESIGN_PRELIVE,PASS_FAIL_CLOSED
NG-PLC-000639,PLACE,INTERNAL,false,ABSENT_BY_DESIGN_PRELIVE,PASS_FAIL_CLOSED
NG-PLC-000640,PLACE,INTERNAL,false,ABSENT_BY_DESIGN_PRELIVE,PASS_FAIL_CLOSED
NG-PLC-000641,PLACE,INTERNAL,false,ABSENT_BY_DESIGN_PRELIVE,PASS_FAIL_CLOSED
NG-PLC-000642,PLACE,INTERNAL,false,ABSENT_BY_DESIGN_PRELIVE,PASS_FAIL_CLOSED
NG-PLC-000643,PLACE,INTERNAL,false,ABSENT_BY_DESIGN_PRELIVE,PASS_FAIL_CLOSED
NG-PLC-000644,PLACE,INTERNAL,false,ABSENT_BY_DESIGN_PRELIVE,PASS_FAIL_CLOSED
NG-PLC-000645,PLACE,INTERNAL,false,ABSENT_BY_DESIGN_PRELIVE,PASS_FAIL_CLOSED
NG-PLC-000646,PLACE,INTERNAL,false,ABSENT_BY_DESIGN_PRELIVE,PASS_FAIL_CLOSED
NG-PLC-000647,PLACE,INTERNAL,false,ABSENT_BY_DESIGN_PRELIVE,PASS_FAIL_CLOSED
NG-PLC-000648,PLACE,INTERNAL,false,ABSENT_BY_DESIGN_PRELIVE,PASS_FAIL_CLOSED
NG-PLC-000649,PLACE,INTERNAL,false,ABSENT_BY_DESIGN_PRELIVE,PASS_FAIL_CLOSED
NG-PLC-000650,PLACE,INTERNAL,false,ABSENT_BY_DESIGN_PRELIVE,PASS_FAIL_CLOSED
NG-PLC-000651,PLACE,INTERNAL,false,ABSENT_BY_DESIGN_PRELIVE,PASS_FAIL_CLOSED
NG-PLC-000652,PLACE,INTERNAL,false,ABSENT_BY_DESIGN_PRELIVE,PASS_FAIL_CLOSED
NG-PLC-000653,PLACE,INTERNAL,false,ABSENT_BY_DESIGN_PRELIVE,PASS_FAIL_CLOSED
NG-PLC-000654,PLACE,INTERNAL,false,ABSENT_BY_DESIGN_PRELIVE,PASS_FAIL_CLOSED
NG-PLC-000655,PLACE,INTERNAL,false,ABSENT_BY_DESIGN_PRELIVE,PASS_FAIL_CLOSED
NG-PLC-000656,PLACE,INTERNAL,false,ABSENT_BY_DESIGN_PRELIVE,PASS_FAIL_CLOSED
NG-PLC-000657,PLACE,INTERNAL,false,ABSENT_BY_DESIGN_PRELIVE,PASS_FAIL_CLOSED
NG-PLC-000658,PLACE,INTERNAL,false,ABSENT_BY_DESIGN_PRELIVE,PASS_FAIL_CLOSED
NG-PLC-000659,PLACE,INTERNAL,false,ABSENT_BY_DESIGN_PRELIVE,PASS_FAIL_CLOSED
NG-PLC-000660,PLACE,INTERNAL,false,ABSENT_BY_DESIGN_PRELIVE,PASS_FAIL_CLOSED
NG-PLC-000661,PLACE,INTERNAL,false,ABSENT_BY_DESIGN_PRELIVE,PASS_FAIL_CLOSED
NG-PLC-000662,PLACE,INTERNAL,false,ABSENT_BY_DESIGN_PRELIVE,PASS_FAIL_CLOSED
NG-PLC-000663,PLACE,INTERNAL,false,ABSENT_BY_DESIGN_PRELIVE,PASS_FAIL_CLOSED
NG-PLC-000664,PLACE,INTERNAL,false,ABSENT_BY_DESIGN_PRELIVE,PASS_FAIL_CLOSED
NG-PLC-000665,PLACE,INTERNAL,false,ABSENT_BY_DESIGN_PRELIVE,PASS_FAIL_CLOSED
NG-PLC-000666,PLACE,INTERNAL,false,ABSENT_BY_DESIGN_PRELIVE,PASS_FAIL_CLOSED
NG-PLC-000667,PLACE,INTERNAL,false,ABSENT_BY_DESIGN_PRELIVE,PASS_FAIL_CLOSED
NG-PLC-000668,PLACE,INTERNAL,false,ABSENT_BY_DESIGN_PRELIVE,PASS_FAIL_CLOSED
NG-PLC-000669,PLACE,INTERNAL,false,ABSENT_BY_DESIGN_PRELIVE,PASS_FAIL_CLOSED
NG-PLC-000670,PLACE,INTERNAL,false,ABSENT_BY_DESIGN_PRELIVE,PASS_FAIL_CLOSED
NG-PLC-000671,PLACE,INTERNAL,false,ABSENT_BY_DESIGN_PRELIVE,PASS_FAIL_CLOSED
NG-PLC-000672,PLACE,INTERNAL,false,ABSENT_BY_DESIGN_PRELIVE,PASS_FAIL_CLOSED
NG-PLC-000673,PLACE,INTERNAL,false,ABSENT_BY_DESIGN_PRELIVE,PASS_FAIL_CLOSED
NG-PLC-000674,PLACE,INTERNAL,false,ABSENT_BY_DESIGN_PRELIVE,PASS_FAIL_CLOSED
NG-PLC-000675,PLACE,INTERNAL,false,ABSENT_BY_DESIGN_PRELIVE,PASS_FAIL_CLOSED
NG-PLC-000676,PLACE,INTERNAL,false,ABSENT_BY_DESIGN_PRELIVE,PASS_FAIL_CLOSED
NG-PLC-000677,PLACE,INTERNAL,false,ABSENT_BY_DESIGN_PRELIVE,PASS_FAIL_CLOSED
NG-PLC-000678,PLACE,INTERNAL,false,ABSENT_BY_DESIGN_PRELIVE,PASS_FAIL_CLOSED
NG-PLC-000679,PLACE,INTERNAL,false,ABSENT_BY_DESIGN_PRELIVE,PASS_FAIL_CLOSED
NG-PLC-000680,PLACE,INTERNAL,false,ABSENT_BY_DESIGN_PRELIVE,PASS_FAIL_CLOSED
NG-PLC-000681,PLACE,INTERNAL,false,ABSENT_BY_DESIGN_PRELIVE,PASS_FAIL_CLOSED
NG-PLC-000682,PLACE,INTERNAL,false,ABSENT_BY_DESIGN_PRELIVE,PASS_FAIL_CLOSED
NG-PLC-000683,PLACE,INTERNAL,false,ABSENT_BY_DESIGN_PRELIVE,PASS_FAIL_CLOSED
NG-PLC-000684,PLACE,INTERNAL,false,ABSENT_BY_DESIGN_PRELIVE,PASS_FAIL_CLOSED
NG-PLC-000685,PLACE,INTERNAL,false,ABSENT_BY_DESIGN_PRELIVE,PASS_FAIL_CLOSED
NG-PLC-000686,PLACE,INTERNAL,false,ABSENT_BY_DESIGN_PRELIVE,PASS_FAIL_CLOSED
NG-PLC-000687,PLACE,INTERNAL,false,ABSENT_BY_DESIGN_PRELIVE,PASS_FAIL_CLOSED
NG-PLC-000688,PLACE,INTERNAL,false,ABSENT_BY_DESIGN_PRELIVE,PASS_FAIL_CLOSED
NG-PLC-000689,PLACE,INTERNAL,false,ABSENT_BY_DESIGN_PRELIVE,PASS_FAIL_CLOSED
NG-PLC-000690,PLACE,INTERNAL,false,ABSENT_BY_DESIGN_PRELIVE,PASS_FAIL_CLOSED
NG-PLC-000691,PLACE,INTERNAL,false,ABSENT_BY_DESIGN_PRELIVE,PASS_FAIL_CLOSED
NG-PLC-000692,PLACE,INTERNAL,false,ABSENT_BY_DESIGN_PRELIVE,PASS_FAIL_CLOSED
NG-PLC-000693,PLACE,INTERNAL,false,ABSENT_BY_DESIGN_PRELIVE,PASS_FAIL_CLOSED
NG-PLC-000694,PLACE,INTERNAL,false,ABSENT_BY_DESIGN_PRELIVE,PASS_FAIL_CLOSED
NG-PLC-000695,PLACE,INTERNAL,false,ABSENT_BY_DESIGN_PRELIVE,PASS_FAIL_CLOSED
NG-PLC-000696,PLACE,INTERNAL,false,ABSENT_BY_DESIGN_PRELIVE,PASS_FAIL_CLOSED
NG-PLC-000697,PLACE,INTERNAL,false,ABSENT_BY_DESIGN_PRELIVE,PASS_FAIL_CLOSED
NG-PLC-000698,PLACE,INTERNAL,false,ABSENT_BY_DESIGN_PRELIVE,PASS_FAIL_CLOSED
NG-PLC-000699,PLACE,INTERNAL,false,ABSENT_BY_DESIGN_PRELIVE,PASS_FAIL_CLOSED
NG-PLC-000700,PLACE,INTERNAL,false,ABSENT_BY_DESIGN_PRELIVE,PASS_FAIL_CLOSED
NG-ADM-000001,ADMINISTRATIVE_AREA,INTERNAL,false,ABSENT_BY_DESIGN_PRELIVE,PASS_FAIL_CLOSED
NG-ADM-000002,ADMINISTRATIVE_AREA,INTERNAL,false,ABSENT_BY_DESIGN_PRELIVE,PASS_FAIL_CLOSED
NG-ADM-000003,ADMINISTRATIVE_AREA,INTERNAL,false,ABSENT_BY_DESIGN_PRELIVE,PASS_FAIL_CLOSED
NG-ADM-000004,ADMINISTRATIVE_AREA,INTERNAL,false,ABSENT_BY_DESIGN_PRELIVE,PASS_FAIL_CLOSED
NG-ADM-000005,ADMINISTRATIVE_AREA,INTERNAL,false,ABSENT_BY_DESIGN_PRELIVE,PASS_FAIL_CLOSED
NG-ADM-000006,ADMINISTRATIVE_AREA,INTERNAL,false,ABSENT_BY_DESIGN_PRELIVE,PASS_FAIL_CLOSED
NG-ADM-000007,ADMINISTRATIVE_AREA,INTERNAL,false,ABSENT_BY_DESIGN_PRELIVE,PASS_FAIL_CLOSED
NG-ADM-000008,ADMINISTRATIVE_AREA,INTERNAL,false,ABSENT_BY_DESIGN_PRELIVE,PASS_FAIL_CLOSED
NG-ADM-000009,ADMINISTRATIVE_AREA,INTERNAL,false,ABSENT_BY_DESIGN_PRELIVE,PASS_FAIL_CLOSED
NG-ADM-000010,ADMINISTRATIVE_AREA,INTERNAL,false,ABSENT_BY_DESIGN_PRELIVE,PASS_FAIL_CLOSED
NG-ADM-000011,ADMINISTRATIVE_AREA,INTERNAL,false,ABSENT_BY_DESIGN_PRELIVE,PASS_FAIL_CLOSED
NG-ADM-000012,ADMINISTRATIVE_AREA,INTERNAL,false,ABSENT_BY_DESIGN_PRELIVE,PASS_FAIL_CLOSED
NG-ADM-000013,ADMINISTRATIVE_AREA,INTERNAL,false,ABSENT_BY_DESIGN_PRELIVE,PASS_FAIL_CLOSED
NG-ADM-000014,ADMINISTRATIVE_AREA,INTERNAL,false,ABSENT_BY_DESIGN_PRELIVE,PASS_FAIL_CLOSED
NG-ADM-000015,ADMINISTRATIVE_AREA,INTERNAL,false,ABSENT_BY_DESIGN_PRELIVE,PASS_FAIL_CLOSED
NG-ADM-000016,ADMINISTRATIVE_AREA,INTERNAL,false,ABSENT_BY_DESIGN_PRELIVE,PASS_FAIL_CLOSED
NG-ADM-000017,ADMINISTRATIVE_AREA,INTERNAL,false,ABSENT_BY_DESIGN_PRELIVE,PASS_FAIL_CLOSED
NG-ADM-000018,ADMINISTRATIVE_AREA,INTERNAL,false,ABSENT_BY_DESIGN_PRELIVE,PASS_FAIL_CLOSED
NG-ADM-000019,ADMINISTRATIVE_AREA,INTERNAL,false,ABSENT_BY_DESIGN_PRELIVE,PASS_FAIL_CLOSED
NG-ADM-000020,ADMINISTRATIVE_AREA,INTERNAL,false,ABSENT_BY_DESIGN_PRELIVE,PASS_FAIL_CLOSED
NG-ADM-000021,ADMINISTRATIVE_AREA,INTERNAL,false,ABSENT_BY_DESIGN_PRELIVE,PASS_FAIL_CLOSED
NG-ADM-000022,ADMINISTRATIVE_AREA,INTERNAL,false,ABSENT_BY_DESIGN_PRELIVE,PASS_FAIL_CLOSED
NG-ADM-000023,ADMINISTRATIVE_AREA,INTERNAL,false,ABSENT_BY_DESIGN_PRELIVE,PASS_FAIL_CLOSED
NG-ADM-000024,ADMINISTRATIVE_AREA,INTERNAL,false,ABSENT_BY_DESIGN_PRELIVE,PASS_FAIL_CLOSED
NG-ADM-000025,ADMINISTRATIVE_AREA,INTERNAL,false,ABSENT_BY_DESIGN_PRELIVE,PASS_FAIL_CLOSED
NG-ADM-000026,ADMINISTRATIVE_AREA,INTERNAL,false,ABSENT_BY_DESIGN_PRELIVE,PASS_FAIL_CLOSED
NG-ADM-000027,ADMINISTRATIVE_AREA,INTERNAL,false,ABSENT_BY_DESIGN_PRELIVE,PASS_FAIL_CLOSED
NG-ADM-000028,ADMINISTRATIVE_AREA,INTERNAL,false,ABSENT_BY_DESIGN_PRELIVE,PASS_FAIL_CLOSED
NG-ADM-000029,ADMINISTRATIVE_AREA,INTERNAL,false,ABSENT_BY_DESIGN_PRELIVE,PASS_FAIL_CLOSED
NG-ADM-000030,ADMINISTRATIVE_AREA,INTERNAL,false,ABSENT_BY_DESIGN_PRELIVE,PASS_FAIL_CLOSED
NG-ADM-000031,ADMINISTRATIVE_AREA,INTERNAL,false,ABSENT_BY_DESIGN_PRELIVE,PASS_FAIL_CLOSED
NG-ADM-000032,ADMINISTRATIVE_AREA,INTERNAL,false,ABSENT_BY_DESIGN_PRELIVE,PASS_FAIL_CLOSED
NG-ADM-000033,ADMINISTRATIVE_AREA,INTERNAL,false,ABSENT_BY_DESIGN_PRELIVE,PASS_FAIL_CLOSED
NG-ADM-000034,ADMINISTRATIVE_AREA,INTERNAL,false,ABSENT_BY_DESIGN_PRELIVE,PASS_FAIL_CLOSED
NG-ADM-000035,ADMINISTRATIVE_AREA,INTERNAL,false,ABSENT_BY_DESIGN_PRELIVE,PASS_FAIL_CLOSED
NG-ADM-000036,ADMINISTRATIVE_AREA,INTERNAL,false,ABSENT_BY_DESIGN_PRELIVE,PASS_FAIL_CLOSED
NG-ADM-000037,ADMINISTRATIVE_AREA,INTERNAL,false,ABSENT_BY_DESIGN_PRELIVE,PASS_FAIL_CLOSED
NG-ADM-000038,ADMINISTRATIVE_AREA,INTERNAL,false,ABSENT_BY_DESIGN_PRELIVE,PASS_FAIL_CLOSED
NG-ADM-000039,ADMINISTRATIVE_AREA,INTERNAL,false,ABSENT_BY_DESIGN_PRELIVE,PASS_FAIL_CLOSED
NG-ADM-000040,ADMINISTRATIVE_AREA,INTERNAL,false,ABSENT_BY_DESIGN_PRELIVE,PASS_FAIL_CLOSED
NG-ADM-000041,ADMINISTRATIVE_AREA,INTERNAL,false,ABSENT_BY_DESIGN_PRELIVE,PASS_FAIL_CLOSED
NG-ADM-000042,ADMINISTRATIVE_AREA,INTERNAL,false,ABSENT_BY_DESIGN_PRELIVE,PASS_FAIL_CLOSED
NG-ADM-000043,ADMINISTRATIVE_AREA,INTERNAL,false,ABSENT_BY_DESIGN_PRELIVE,PASS_FAIL_CLOSED
NG-ADM-000044,ADMINISTRATIVE_AREA,INTERNAL,false,ABSENT_BY_DESIGN_PRELIVE,PASS_FAIL_CLOSED
NG-ADM-000045,ADMINISTRATIVE_AREA,INTERNAL,false,ABSENT_BY_DESIGN_PRELIVE,PASS_FAIL_CLOSED
NG-ADM-000046,ADMINISTRATIVE_AREA,INTERNAL,false,ABSENT_BY_DESIGN_PRELIVE,PASS_FAIL_CLOSED
NG-ADM-000047,ADMINISTRATIVE_AREA,INTERNAL,false,ABSENT_BY_DESIGN_PRELIVE,PASS_FAIL_CLOSED
NG-ADM-000048,ADMINISTRATIVE_AREA,INTERNAL,false,ABSENT_BY_DESIGN_PRELIVE,PASS_FAIL_CLOSED
NG-ADM-000049,ADMINISTRATIVE_AREA,INTERNAL,false,ABSENT_BY_DESIGN_PRELIVE,PASS_FAIL_CLOSED
NG-ADM-000050,ADMINISTRATIVE_AREA,INTERNAL,false,ABSENT_BY_DESIGN_PRELIVE,PASS_FAIL_CLOSED
NG-ADM-000051,ADMINISTRATIVE_AREA,INTERNAL,false,ABSENT_BY_DESIGN_PRELIVE,PASS_FAIL_CLOSED
NG-ADM-000052,ADMINISTRATIVE_AREA,INTERNAL,false,ABSENT_BY_DESIGN_PRELIVE,PASS_FAIL_CLOSED
NG-ADM-000053,ADMINISTRATIVE_AREA,INTERNAL,false,ABSENT_BY_DESIGN_PRELIVE,PASS_FAIL_CLOSED
NG-ADM-000054,ADMINISTRATIVE_AREA,INTERNAL,false,ABSENT_BY_DESIGN_PRELIVE,PASS_FAIL_CLOSED
NG-ADM-000055,ADMINISTRATIVE_AREA,INTERNAL,false,ABSENT_BY_DESIGN_PRELIVE,PASS_FAIL_CLOSED
NG-ADM-000056,ADMINISTRATIVE_AREA,INTERNAL,false,ABSENT_BY_DESIGN_PRELIVE,PASS_FAIL_CLOSED
NG-ADM-000057,ADMINISTRATIVE_AREA,INTERNAL,false,ABSENT_BY_DESIGN_PRELIVE,PASS_FAIL_CLOSED
NG-ADM-000058,ADMINISTRATIVE_AREA,INTERNAL,false,ABSENT_BY_DESIGN_PRELIVE,PASS_FAIL_CLOSED
NG-ADM-000059,ADMINISTRATIVE_AREA,INTERNAL,false,ABSENT_BY_DESIGN_PRELIVE,PASS_FAIL_CLOSED
NG-ADM-000060,ADMINISTRATIVE_AREA,INTERNAL,false,ABSENT_BY_DESIGN_PRELIVE,PASS_FAIL_CLOSED
NG-ADM-000061,ADMINISTRATIVE_AREA,INTERNAL,false,ABSENT_BY_DESIGN_PRELIVE,PASS_FAIL_CLOSED
NG-ADM-000062,ADMINISTRATIVE_AREA,INTERNAL,false,ABSENT_BY_DESIGN_PRELIVE,PASS_FAIL_CLOSED
NG-ADM-000063,ADMINISTRATIVE_AREA,INTERNAL,false,ABSENT_BY_DESIGN_PRELIVE,PASS_FAIL_CLOSED
NG-ADM-000064,ADMINISTRATIVE_AREA,INTERNAL,false,ABSENT_BY_DESIGN_PRELIVE,PASS_FAIL_CLOSED
NG-ADM-000065,ADMINISTRATIVE_AREA,INTERNAL,false,ABSENT_BY_DESIGN_PRELIVE,PASS_FAIL_CLOSED
NG-ADM-000066,ADMINISTRATIVE_AREA,INTERNAL,false,ABSENT_BY_DESIGN_PRELIVE,PASS_FAIL_CLOSED
NG-ADM-000067,ADMINISTRATIVE_AREA,INTERNAL,false,ABSENT_BY_DESIGN_PRELIVE,PASS_FAIL_CLOSED
NG-ADM-000068,ADMINISTRATIVE_AREA,INTERNAL,false,ABSENT_BY_DESIGN_PRELIVE,PASS_FAIL_CLOSED
NG-ADM-000069,ADMINISTRATIVE_AREA,INTERNAL,false,ABSENT_BY_DESIGN_PRELIVE,PASS_FAIL_CLOSED
NG-ADM-000070,ADMINISTRATIVE_AREA,INTERNAL,false,ABSENT_BY_DESIGN_PRELIVE,PASS_FAIL_CLOSED
NG-ADM-000071,ADMINISTRATIVE_AREA,INTERNAL,false,ABSENT_BY_DESIGN_PRELIVE,PASS_FAIL_CLOSED
NG-ADM-000072,ADMINISTRATIVE_AREA,INTERNAL,false,ABSENT_BY_DESIGN_PRELIVE,PASS_FAIL_CLOSED
NG-ADM-000073,ADMINISTRATIVE_AREA,INTERNAL,false,ABSENT_BY_DESIGN_PRELIVE,PASS_FAIL_CLOSED
NG-ADM-000074,ADMINISTRATIVE_AREA,INTERNAL,false,ABSENT_BY_DESIGN_PRELIVE,PASS_FAIL_CLOSED
NG-ADM-000075,ADMINISTRATIVE_AREA,INTERNAL,false,ABSENT_BY_DESIGN_PRELIVE,PASS_FAIL_CLOSED
NG-ADM-000076,ADMINISTRATIVE_AREA,INTERNAL,false,ABSENT_BY_DESIGN_PRELIVE,PASS_FAIL_CLOSED
NG-ADM-000077,ADMINISTRATIVE_AREA,INTERNAL,false,ABSENT_BY_DESIGN_PRELIVE,PASS_FAIL_CLOSED
NG-ADM-000078,ADMINISTRATIVE_AREA,INTERNAL,false,ABSENT_BY_DESIGN_PRELIVE,PASS_FAIL_CLOSED
NG-ADM-000079,ADMINISTRATIVE_AREA,INTERNAL,false,ABSENT_BY_DESIGN_PRELIVE,PASS_FAIL_CLOSED
NG-ADM-000080,ADMINISTRATIVE_AREA,INTERNAL,false,ABSENT_BY_DESIGN_PRELIVE,PASS_FAIL_CLOSED
NG-ADM-000081,ADMINISTRATIVE_AREA,INTERNAL,false,ABSENT_BY_DESIGN_PRELIVE,PASS_FAIL_CLOSED
NG-ADM-000082,ADMINISTRATIVE_AREA,INTERNAL,false,ABSENT_BY_DESIGN_PRELIVE,PASS_FAIL_CLOSED
NG-ADM-000083,ADMINISTRATIVE_AREA,INTERNAL,false,ABSENT_BY_DESIGN_PRELIVE,PASS_FAIL_CLOSED
NG-ADM-000084,ADMINISTRATIVE_AREA,INTERNAL,false,ABSENT_BY_DESIGN_PRELIVE,PASS_FAIL_CLOSED
NG-ADM-000085,ADMINISTRATIVE_AREA,INTERNAL,false,ABSENT_BY_DESIGN_PRELIVE,PASS_FAIL_CLOSED
NG-ADM-000086,ADMINISTRATIVE_AREA,INTERNAL,false,ABSENT_BY_DESIGN_PRELIVE,PASS_FAIL_CLOSED
NG-ADM-000087,ADMINISTRATIVE_AREA,INTERNAL,false,ABSENT_BY_DESIGN_PRELIVE,PASS_FAIL_CLOSED
NG-ADM-000088,ADMINISTRATIVE_AREA,INTERNAL,false,ABSENT_BY_DESIGN_PRELIVE,PASS_FAIL_CLOSED
NG-ADM-000089,ADMINISTRATIVE_AREA,INTERNAL,false,ABSENT_BY_DESIGN_PRELIVE,PASS_FAIL_CLOSED
NG-ADM-000090,ADMINISTRATIVE_AREA,INTERNAL,false,ABSENT_BY_DESIGN_PRELIVE,PASS_FAIL_CLOSED
NG-ADM-000091,ADMINISTRATIVE_AREA,INTERNAL,false,ABSENT_BY_DESIGN_PRELIVE,PASS_FAIL_CLOSED
NG-ADM-000092,ADMINISTRATIVE_AREA,INTERNAL,false,ABSENT_BY_DESIGN_PRELIVE,PASS_FAIL_CLOSED
NG-ADM-000093,ADMINISTRATIVE_AREA,INTERNAL,false,ABSENT_BY_DESIGN_PRELIVE,PASS_FAIL_CLOSED
NG-ADM-000094,ADMINISTRATIVE_AREA,INTERNAL,false,ABSENT_BY_DESIGN_PRELIVE,PASS_FAIL_CLOSED
NG-ADM-000095,ADMINISTRATIVE_AREA,INTERNAL,false,ABSENT_BY_DESIGN_PRELIVE,PASS_FAIL_CLOSED
NG-ADM-000096,ADMINISTRATIVE_AREA,INTERNAL,false,ABSENT_BY_DESIGN_PRELIVE,PASS_FAIL_CLOSED
NG-ADM-000097,ADMINISTRATIVE_AREA,INTERNAL,false,ABSENT_BY_DESIGN_PRELIVE,PASS_FAIL_CLOSED
NG-ADM-000098,ADMINISTRATIVE_AREA,INTERNAL,false,ABSENT_BY_DESIGN_PRELIVE,PASS_FAIL_CLOSED
NG-ADM-000099,ADMINISTRATIVE_AREA,INTERNAL,false,ABSENT_BY_DESIGN_PRELIVE,PASS_FAIL_CLOSED
NG-ADM-000100,ADMINISTRATIVE_AREA,INTERNAL,false,ABSENT_BY_DESIGN_PRELIVE,PASS_FAIL_CLOSED
NG-ADM-000101,ADMINISTRATIVE_AREA,INTERNAL,false,ABSENT_BY_DESIGN_PRELIVE,PASS_FAIL_CLOSED
NG-ADM-000102,ADMINISTRATIVE_AREA,INTERNAL,false,ABSENT_BY_DESIGN_PRELIVE,PASS_FAIL_CLOSED
NG-ADM-000103,ADMINISTRATIVE_AREA,INTERNAL,false,ABSENT_BY_DESIGN_PRELIVE,PASS_FAIL_CLOSED
NG-ADM-000104,ADMINISTRATIVE_AREA,INTERNAL,false,ABSENT_BY_DESIGN_PRELIVE,PASS_FAIL_CLOSED
NG-ADM-000105,ADMINISTRATIVE_AREA,INTERNAL,false,ABSENT_BY_DESIGN_PRELIVE,PASS_FAIL_CLOSED
NG-ADM-000106,ADMINISTRATIVE_AREA,INTERNAL,false,ABSENT_BY_DESIGN_PRELIVE,PASS_FAIL_CLOSED
NG-ADM-000107,ADMINISTRATIVE_AREA,INTERNAL,false,ABSENT_BY_DESIGN_PRELIVE,PASS_FAIL_CLOSED
NG-ADM-000108,ADMINISTRATIVE_AREA,INTERNAL,false,ABSENT_BY_DESIGN_PRELIVE,PASS_FAIL_CLOSED
NG-ADM-000109,ADMINISTRATIVE_AREA,INTERNAL,false,ABSENT_BY_DESIGN_PRELIVE,PASS_FAIL_CLOSED
NG-ADM-000110,ADMINISTRATIVE_AREA,INTERNAL,false,ABSENT_BY_DESIGN_PRELIVE,PASS_FAIL_CLOSED
NG-ADM-000111,ADMINISTRATIVE_AREA,INTERNAL,false,ABSENT_BY_DESIGN_PRELIVE,PASS_FAIL_CLOSED
NG-ADM-000112,ADMINISTRATIVE_AREA,INTERNAL,false,ABSENT_BY_DESIGN_PRELIVE,PASS_FAIL_CLOSED
NG-ADM-000113,ADMINISTRATIVE_AREA,INTERNAL,false,ABSENT_BY_DESIGN_PRELIVE,PASS_FAIL_CLOSED
NG-ADM-000114,ADMINISTRATIVE_AREA,INTERNAL,false,ABSENT_BY_DESIGN_PRELIVE,PASS_FAIL_CLOSED
NG-ADM-000115,ADMINISTRATIVE_AREA,INTERNAL,false,ABSENT_BY_DESIGN_PRELIVE,PASS_FAIL_CLOSED
NG-ADM-000116,ADMINISTRATIVE_AREA,INTERNAL,false,ABSENT_BY_DESIGN_PRELIVE,PASS_FAIL_CLOSED
NG-ADM-000117,ADMINISTRATIVE_AREA,INTERNAL,false,ABSENT_BY_DESIGN_PRELIVE,PASS_FAIL_CLOSED
NG-ADM-000118,ADMINISTRATIVE_AREA,INTERNAL,false,ABSENT_BY_DESIGN_PRELIVE,PASS_FAIL_CLOSED
NG-ADM-000119,ADMINISTRATIVE_AREA,INTERNAL,false,ABSENT_BY_DESIGN_PRELIVE,PASS_FAIL_CLOSED
NG-ADM-000120,ADMINISTRATIVE_AREA,INTERNAL,false,ABSENT_BY_DESIGN_PRELIVE,PASS_FAIL_CLOSED
NG-ADM-000121,ADMINISTRATIVE_AREA,INTERNAL,false,ABSENT_BY_DESIGN_PRELIVE,PASS_FAIL_CLOSED
NG-ADM-000122,ADMINISTRATIVE_AREA,INTERNAL,false,ABSENT_BY_DESIGN_PRELIVE,PASS_FAIL_CLOSED
NG-ADM-000123,ADMINISTRATIVE_AREA,INTERNAL,false,ABSENT_BY_DESIGN_PRELIVE,PASS_FAIL_CLOSED
NG-ADM-000124,ADMINISTRATIVE_AREA,INTERNAL,false,ABSENT_BY_DESIGN_PRELIVE,PASS_FAIL_CLOSED
NG-ADM-000125,ADMINISTRATIVE_AREA,INTERNAL,false,ABSENT_BY_DESIGN_PRELIVE,PASS_FAIL_CLOSED
NG-ADM-000126,ADMINISTRATIVE_AREA,INTERNAL,false,ABSENT_BY_DESIGN_PRELIVE,PASS_FAIL_CLOSED
NG-ADM-000127,ADMINISTRATIVE_AREA,INTERNAL,false,ABSENT_BY_DESIGN_PRELIVE,PASS_FAIL_CLOSED
NG-ADM-000128,ADMINISTRATIVE_AREA,INTERNAL,false,ABSENT_BY_DESIGN_PRELIVE,PASS_FAIL_CLOSED
NG-ADM-000129,ADMINISTRATIVE_AREA,INTERNAL,false,ABSENT_BY_DESIGN_PRELIVE,PASS_FAIL_CLOSED
NG-ADM-000130,ADMINISTRATIVE_AREA,INTERNAL,false,ABSENT_BY_DESIGN_PRELIVE,PASS_FAIL_CLOSED
NG-ADM-000131,ADMINISTRATIVE_AREA,INTERNAL,false,ABSENT_BY_DESIGN_PRELIVE,PASS_FAIL_CLOSED
NG-ADM-000132,ADMINISTRATIVE_AREA,INTERNAL,false,ABSENT_BY_DESIGN_PRELIVE,PASS_FAIL_CLOSED
NG-ADM-000133,ADMINISTRATIVE_AREA,INTERNAL,false,ABSENT_BY_DESIGN_PRELIVE,PASS_FAIL_CLOSED
NG-ADM-000134,ADMINISTRATIVE_AREA,INTERNAL,false,ABSENT_BY_DESIGN_PRELIVE,PASS_FAIL_CLOSED
NG-ADM-000135,ADMINISTRATIVE_AREA,INTERNAL,false,ABSENT_BY_DESIGN_PRELIVE,PASS_FAIL_CLOSED
NG-ADM-000136,ADMINISTRATIVE_AREA,INTERNAL,false,ABSENT_BY_DESIGN_PRELIVE,PASS_FAIL_CLOSED
NG-ADM-000137,ADMINISTRATIVE_AREA,INTERNAL,false,ABSENT_BY_DESIGN_PRELIVE,PASS_FAIL_CLOSED
NG-ADM-000138,ADMINISTRATIVE_AREA,INTERNAL,false,ABSENT_BY_DESIGN_PRELIVE,PASS_FAIL_CLOSED
NG-ADM-000139,ADMINISTRATIVE_AREA,INTERNAL,false,ABSENT_BY_DESIGN_PRELIVE,PASS_FAIL_CLOSED
NG-ADM-000140,ADMINISTRATIVE_AREA,INTERNAL,false,ABSENT_BY_DESIGN_PRELIVE,PASS_FAIL_CLOSED
NG-ADM-000141,ADMINISTRATIVE_AREA,INTERNAL,false,ABSENT_BY_DESIGN_PRELIVE,PASS_FAIL_CLOSED
NG-ADM-000142,ADMINISTRATIVE_AREA,INTERNAL,false,ABSENT_BY_DESIGN_PRELIVE,PASS_FAIL_CLOSED
NG-ADM-000143,ADMINISTRATIVE_AREA,INTERNAL,false,ABSENT_BY_DESIGN_PRELIVE,PASS_FAIL_CLOSED
NG-ADM-000144,ADMINISTRATIVE_AREA,INTERNAL,false,ABSENT_BY_DESIGN_PRELIVE,PASS_FAIL_CLOSED
NG-ADM-000145,ADMINISTRATIVE_AREA,INTERNAL,false,ABSENT_BY_DESIGN_PRELIVE,PASS_FAIL_CLOSED
NG-ADM-000146,ADMINISTRATIVE_AREA,INTERNAL,false,ABSENT_BY_DESIGN_PRELIVE,PASS_FAIL_CLOSED
NG-ADM-000147,ADMINISTRATIVE_AREA,INTERNAL,false,ABSENT_BY_DESIGN_PRELIVE,PASS_FAIL_CLOSED
NG-ADM-000148,ADMINISTRATIVE_AREA,INTERNAL,false,ABSENT_BY_DESIGN_PRELIVE,PASS_FAIL_CLOSED
NG-ADM-000149,ADMINISTRATIVE_AREA,INTERNAL,false,ABSENT_BY_DESIGN_PRELIVE,PASS_FAIL_CLOSED
NG-ADM-000150,ADMINISTRATIVE_AREA,INTERNAL,false,ABSENT_BY_DESIGN_PRELIVE,PASS_FAIL_CLOSED
NG-ADM-000151,ADMINISTRATIVE_AREA,INTERNAL,false,ABSENT_BY_DESIGN_PRELIVE,PASS_FAIL_CLOSED
NG-ADM-000152,ADMINISTRATIVE_AREA,INTERNAL,false,ABSENT_BY_DESIGN_PRELIVE,PASS_FAIL_CLOSED
NG-ADM-000153,ADMINISTRATIVE_AREA,INTERNAL,false,ABSENT_BY_DESIGN_PRELIVE,PASS_FAIL_CLOSED
NG-ADM-000154,ADMINISTRATIVE_AREA,INTERNAL,false,ABSENT_BY_DESIGN_PRELIVE,PASS_FAIL_CLOSED
NG-ADM-000155,ADMINISTRATIVE_AREA,INTERNAL,false,ABSENT_BY_DESIGN_PRELIVE,PASS_FAIL_CLOSED
NG-ADM-000156,ADMINISTRATIVE_AREA,INTERNAL,false,ABSENT_BY_DESIGN_PRELIVE,PASS_FAIL_CLOSED
NG-ADM-000157,ADMINISTRATIVE_AREA,INTERNAL,false,ABSENT_BY_DESIGN_PRELIVE,PASS_FAIL_CLOSED
NG-ADM-000158,ADMINISTRATIVE_AREA,INTERNAL,false,ABSENT_BY_DESIGN_PRELIVE,PASS_FAIL_CLOSED
NG-ADM-000159,ADMINISTRATIVE_AREA,INTERNAL,false,ABSENT_BY_DESIGN_PRELIVE,PASS_FAIL_CLOSED
NG-ADM-000160,ADMINISTRATIVE_AREA,INTERNAL,false,ABSENT_BY_DESIGN_PRELIVE,PASS_FAIL_CLOSED
NG-ADM-000161,ADMINISTRATIVE_AREA,INTERNAL,false,ABSENT_BY_DESIGN_PRELIVE,PASS_FAIL_CLOSED
NG-ADM-000162,ADMINISTRATIVE_AREA,INTERNAL,false,ABSENT_BY_DESIGN_PRELIVE,PASS_FAIL_CLOSED
NG-ADM-000163,ADMINISTRATIVE_AREA,INTERNAL,false,ABSENT_BY_DESIGN_PRELIVE,PASS_FAIL_CLOSED
NG-ADM-000164,ADMINISTRATIVE_AREA,INTERNAL,false,ABSENT_BY_DESIGN_PRELIVE,PASS_FAIL_CLOSED
NG-ADM-000165,ADMINISTRATIVE_AREA,INTERNAL,false,ABSENT_BY_DESIGN_PRELIVE,PASS_FAIL_CLOSED
NG-ADM-000166,ADMINISTRATIVE_AREA,INTERNAL,false,ABSENT_BY_DESIGN_PRELIVE,PASS_FAIL_CLOSED
NG-ADM-000167,ADMINISTRATIVE_AREA,INTERNAL,false,ABSENT_BY_DESIGN_PRELIVE,PASS_FAIL_CLOSED
NG-ADM-000168,ADMINISTRATIVE_AREA,INTERNAL,false,ABSENT_BY_DESIGN_PRELIVE,PASS_FAIL_CLOSED
NG-ADM-000169,ADMINISTRATIVE_AREA,INTERNAL,false,ABSENT_BY_DESIGN_PRELIVE,PASS_FAIL_CLOSED
NG-ADM-000170,ADMINISTRATIVE_AREA,INTERNAL,false,ABSENT_BY_DESIGN_PRELIVE,PASS_FAIL_CLOSED
NG-ADM-000171,ADMINISTRATIVE_AREA,INTERNAL,false,ABSENT_BY_DESIGN_PRELIVE,PASS_FAIL_CLOSED
NG-ADM-000172,ADMINISTRATIVE_AREA,INTERNAL,false,ABSENT_BY_DESIGN_PRELIVE,PASS_FAIL_CLOSED
NG-ADM-000173,ADMINISTRATIVE_AREA,INTERNAL,false,ABSENT_BY_DESIGN_PRELIVE,PASS_FAIL_CLOSED
NG-ADM-000174,ADMINISTRATIVE_AREA,INTERNAL,false,ABSENT_BY_DESIGN_PRELIVE,PASS_FAIL_CLOSED
NG-ADM-000175,ADMINISTRATIVE_AREA,INTERNAL,false,ABSENT_BY_DESIGN_PRELIVE,PASS_FAIL_CLOSED
NG-ADM-000176,ADMINISTRATIVE_AREA,INTERNAL,false,ABSENT_BY_DESIGN_PRELIVE,PASS_FAIL_CLOSED
NG-ADM-000177,ADMINISTRATIVE_AREA,INTERNAL,false,ABSENT_BY_DESIGN_PRELIVE,PASS_FAIL_CLOSED
NG-ADM-000178,ADMINISTRATIVE_AREA,INTERNAL,false,ABSENT_BY_DESIGN_PRELIVE,PASS_FAIL_CLOSED
NG-ADM-000179,ADMINISTRATIVE_AREA,INTERNAL,false,ABSENT_BY_DESIGN_PRELIVE,PASS_FAIL_CLOSED
NG-ADM-000180,ADMINISTRATIVE_AREA,INTERNAL,false,ABSENT_BY_DESIGN_PRELIVE,PASS_FAIL_CLOSED
NG-ADM-000181,ADMINISTRATIVE_AREA,INTERNAL,false,ABSENT_BY_DESIGN_PRELIVE,PASS_FAIL_CLOSED
NG-ADM-000182,ADMINISTRATIVE_AREA,INTERNAL,false,ABSENT_BY_DESIGN_PRELIVE,PASS_FAIL_CLOSED
NG-ADM-000183,ADMINISTRATIVE_AREA,INTERNAL,false,ABSENT_BY_DESIGN_PRELIVE,PASS_FAIL_CLOSED
NG-ADM-000184,ADMINISTRATIVE_AREA,INTERNAL,false,ABSENT_BY_DESIGN_PRELIVE,PASS_FAIL_CLOSED
NG-ADM-000185,ADMINISTRATIVE_AREA,INTERNAL,false,ABSENT_BY_DESIGN_PRELIVE,PASS_FAIL_CLOSED
NG-ADM-000186,ADMINISTRATIVE_AREA,INTERNAL,false,ABSENT_BY_DESIGN_PRELIVE,PASS_FAIL_CLOSED
NG-ADM-000187,ADMINISTRATIVE_AREA,INTERNAL,false,ABSENT_BY_DESIGN_PRELIVE,PASS_FAIL_CLOSED
NG-ADM-000188,ADMINISTRATIVE_AREA,INTERNAL,false,ABSENT_BY_DESIGN_PRELIVE,PASS_FAIL_CLOSED
NG-ADM-000189,ADMINISTRATIVE_AREA,INTERNAL,false,ABSENT_BY_DESIGN_PRELIVE,PASS_FAIL_CLOSED
NG-ADM-000190,ADMINISTRATIVE_AREA,INTERNAL,false,ABSENT_BY_DESIGN_PRELIVE,PASS_FAIL_CLOSED
NG-ADM-000191,ADMINISTRATIVE_AREA,INTERNAL,false,ABSENT_BY_DESIGN_PRELIVE,PASS_FAIL_CLOSED
NG-ADM-000192,ADMINISTRATIVE_AREA,INTERNAL,false,ABSENT_BY_DESIGN_PRELIVE,PASS_FAIL_CLOSED
NG-RD-000001,ROAD,INTERNAL,false,ABSENT_BY_DESIGN_PRELIVE,PASS_FAIL_CLOSED
NG-RD-000002,ROAD,INTERNAL,false,ABSENT_BY_DESIGN_PRELIVE,PASS_FAIL_CLOSED
NG-RD-000003,ROAD,INTERNAL,false,ABSENT_BY_DESIGN_PRELIVE,PASS_FAIL_CLOSED
NG-RD-000004,ROAD,INTERNAL,false,ABSENT_BY_DESIGN_PRELIVE,PASS_FAIL_CLOSED
NG-RD-000005,ROAD,INTERNAL,false,ABSENT_BY_DESIGN_PRELIVE,PASS_FAIL_CLOSED
NG-RD-000006,ROAD,INTERNAL,false,ABSENT_BY_DESIGN_PRELIVE,PASS_FAIL_CLOSED
NG-RD-000007,ROAD,INTERNAL,false,ABSENT_BY_DESIGN_PRELIVE,PASS_FAIL_CLOSED
NG-RD-000008,ROAD,INTERNAL,false,ABSENT_BY_DESIGN_PRELIVE,PASS_FAIL_CLOSED
NG-RD-000009,ROAD,INTERNAL,false,ABSENT_BY_DESIGN_PRELIVE,PASS_FAIL_CLOSED
NG-RD-000010,ROAD,INTERNAL,false,ABSENT_BY_DESIGN_PRELIVE,PASS_FAIL_CLOSED
NG-RD-000011,ROAD,INTERNAL,false,ABSENT_BY_DESIGN_PRELIVE,PASS_FAIL_CLOSED
NG-RD-000012,ROAD,INTERNAL,false,ABSENT_BY_DESIGN_PRELIVE,PASS_FAIL_CLOSED
NG-RD-000013,ROAD,INTERNAL,false,ABSENT_BY_DESIGN_PRELIVE,PASS_FAIL_CLOSED
NG-RD-000014,ROAD,INTERNAL,false,ABSENT_BY_DESIGN_PRELIVE,PASS_FAIL_CLOSED
NG-RD-000015,ROAD,INTERNAL,false,ABSENT_BY_DESIGN_PRELIVE,PASS_FAIL_CLOSED
NG-RD-000016,ROAD,INTERNAL,false,ABSENT_BY_DESIGN_PRELIVE,PASS_FAIL_CLOSED
NG-RD-000017,ROAD,INTERNAL,false,ABSENT_BY_DESIGN_PRELIVE,PASS_FAIL_CLOSED
NG-RD-000018,ROAD,INTERNAL,false,ABSENT_BY_DESIGN_PRELIVE,PASS_FAIL_CLOSED
NG-RD-000019,ROAD,INTERNAL,false,ABSENT_BY_DESIGN_PRELIVE,PASS_FAIL_CLOSED
NG-RD-000020,ROAD,INTERNAL,false,ABSENT_BY_DESIGN_PRELIVE,PASS_FAIL_CLOSED
NG-RD-000021,ROAD,INTERNAL,false,ABSENT_BY_DESIGN_PRELIVE,PASS_FAIL_CLOSED
NG-RD-000022,ROAD,INTERNAL,false,ABSENT_BY_DESIGN_PRELIVE,PASS_FAIL_CLOSED
NG-RD-000023,ROAD,INTERNAL,false,ABSENT_BY_DESIGN_PRELIVE,PASS_FAIL_CLOSED
NG-RD-000024,ROAD,INTERNAL,false,ABSENT_BY_DESIGN_PRELIVE,PASS_FAIL_CLOSED
NG-RD-000025,ROAD,INTERNAL,false,ABSENT_BY_DESIGN_PRELIVE,PASS_FAIL_CLOSED
NG-RD-000026,ROAD,INTERNAL,false,ABSENT_BY_DESIGN_PRELIVE,PASS_FAIL_CLOSED
NG-RD-000027,ROAD,INTERNAL,false,ABSENT_BY_DESIGN_PRELIVE,PASS_FAIL_CLOSED
NG-RD-000028,ROAD,INTERNAL,false,ABSENT_BY_DESIGN_PRELIVE,PASS_FAIL_CLOSED
NG-RD-000029,ROAD,INTERNAL,false,ABSENT_BY_DESIGN_PRELIVE,PASS_FAIL_CLOSED
NG-RD-000030,ROAD,INTERNAL,false,ABSENT_BY_DESIGN_PRELIVE,PASS_FAIL_CLOSED
NG-RD-000031,ROAD,INTERNAL,false,ABSENT_BY_DESIGN_PRELIVE,PASS_FAIL_CLOSED
NG-RD-000032,ROAD,INTERNAL,false,ABSENT_BY_DESIGN_PRELIVE,PASS_FAIL_CLOSED
NG-RD-000033,ROAD,INTERNAL,false,ABSENT_BY_DESIGN_PRELIVE,PASS_FAIL_CLOSED
NG-RD-000034,ROAD,INTERNAL,false,ABSENT_BY_DESIGN_PRELIVE,PASS_FAIL_CLOSED
NG-RD-000035,ROAD,INTERNAL,false,ABSENT_BY_DESIGN_PRELIVE,PASS_FAIL_CLOSED
NG-RD-000036,ROAD,INTERNAL,false,ABSENT_BY_DESIGN_PRELIVE,PASS_FAIL_CLOSED
NG-RD-000037,ROAD,INTERNAL,false,ABSENT_BY_DESIGN_PRELIVE,PASS_FAIL_CLOSED
NG-RD-000038,ROAD,INTERNAL,false,ABSENT_BY_DESIGN_PRELIVE,PASS_FAIL_CLOSED
NG-RD-000039,ROAD,INTERNAL,false,ABSENT_BY_DESIGN_PRELIVE,PASS_FAIL_CLOSED
NG-RD-000040,ROAD,INTERNAL,false,ABSENT_BY_DESIGN_PRELIVE,PASS_FAIL_CLOSED
NG-RD-000041,ROAD,INTERNAL,false,ABSENT_BY_DESIGN_PRELIVE,PASS_FAIL_CLOSED
NG-RD-000042,ROAD,INTERNAL,false,ABSENT_BY_DESIGN_PRELIVE,PASS_FAIL_CLOSED
NG-RD-000043,ROAD,INTERNAL,false,ABSENT_BY_DESIGN_PRELIVE,PASS_FAIL_CLOSED
NG-RD-000044,ROAD,INTERNAL,false,ABSENT_BY_DESIGN_PRELIVE,PASS_FAIL_CLOSED
NG-RD-000045,ROAD,INTERNAL,false,ABSENT_BY_DESIGN_PRELIVE,PASS_FAIL_CLOSED
NG-RD-000046,ROAD,INTERNAL,false,ABSENT_BY_DESIGN_PRELIVE,PASS_FAIL_CLOSED
NG-RD-000047,ROAD,INTERNAL,false,ABSENT_BY_DESIGN_PRELIVE,PASS_FAIL_CLOSED
NG-RD-000048,ROAD,INTERNAL,false,ABSENT_BY_DESIGN_PRELIVE,PASS_FAIL_CLOSED
NG-RD-000049,ROAD,INTERNAL,false,ABSENT_BY_DESIGN_PRELIVE,PASS_FAIL_CLOSED
NG-RD-000050,ROAD,INTERNAL,false,ABSENT_BY_DESIGN_PRELIVE,PASS_FAIL_CLOSED
NG-RD-000051,ROAD,INTERNAL,false,ABSENT_BY_DESIGN_PRELIVE,PASS_FAIL_CLOSED
NG-RD-000052,ROAD,INTERNAL,false,ABSENT_BY_DESIGN_PRELIVE,PASS_FAIL_CLOSED
NG-RD-000053,ROAD,INTERNAL,false,ABSENT_BY_DESIGN_PRELIVE,PASS_FAIL_CLOSED
NG-RD-000054,ROAD,INTERNAL,false,ABSENT_BY_DESIGN_PRELIVE,PASS_FAIL_CLOSED
NG-RD-000055,ROAD,INTERNAL,false,ABSENT_BY_DESIGN_PRELIVE,PASS_FAIL_CLOSED
NG-RD-000056,ROAD,INTERNAL,false,ABSENT_BY_DESIGN_PRELIVE,PASS_FAIL_CLOSED
NG-RD-000057,ROAD,INTERNAL,false,ABSENT_BY_DESIGN_PRELIVE,PASS_FAIL_CLOSED
NG-RD-000058,ROAD,INTERNAL,false,ABSENT_BY_DESIGN_PRELIVE,PASS_FAIL_CLOSED
NG-RD-000059,ROAD,INTERNAL,false,ABSENT_BY_DESIGN_PRELIVE,PASS_FAIL_CLOSED
NG-RD-000060,ROAD,INTERNAL,false,ABSENT_BY_DESIGN_PRELIVE,PASS_FAIL_CLOSED
NG-RD-000061,ROAD,INTERNAL,false,ABSENT_BY_DESIGN_PRELIVE,PASS_FAIL_CLOSED
NG-RD-000062,ROAD,INTERNAL,false,ABSENT_BY_DESIGN_PRELIVE,PASS_FAIL_CLOSED
NG-RD-000063,ROAD,INTERNAL,false,ABSENT_BY_DESIGN_PRELIVE,PASS_FAIL_CLOSED
NG-RD-000064,ROAD,INTERNAL,false,ABSENT_BY_DESIGN_PRELIVE,PASS_FAIL_CLOSED
NG-RD-000065,ROAD,INTERNAL,false,ABSENT_BY_DESIGN_PRELIVE,PASS_FAIL_CLOSED
NG-RD-000066,ROAD,INTERNAL,false,ABSENT_BY_DESIGN_PRELIVE,PASS_FAIL_CLOSED
NG-RD-000067,ROAD,INTERNAL,false,ABSENT_BY_DESIGN_PRELIVE,PASS_FAIL_CLOSED
NG-RD-000068,ROAD,INTERNAL,false,ABSENT_BY_DESIGN_PRELIVE,PASS_FAIL_CLOSED
NG-RD-000069,ROAD,INTERNAL,false,ABSENT_BY_DESIGN_PRELIVE,PASS_FAIL_CLOSED
NG-RD-000070,ROAD,INTERNAL,false,ABSENT_BY_DESIGN_PRELIVE,PASS_FAIL_CLOSED
NG-RD-000071,ROAD,INTERNAL,false,ABSENT_BY_DESIGN_PRELIVE,PASS_FAIL_CLOSED
NG-RD-000072,ROAD,INTERNAL,false,ABSENT_BY_DESIGN_PRELIVE,PASS_FAIL_CLOSED
NG-RD-000073,ROAD,INTERNAL,false,ABSENT_BY_DESIGN_PRELIVE,PASS_FAIL_CLOSED
NG-RD-000074,ROAD,INTERNAL,false,ABSENT_BY_DESIGN_PRELIVE,PASS_FAIL_CLOSED
NG-RD-000075,ROAD,INTERNAL,false,ABSENT_BY_DESIGN_PRELIVE,PASS_FAIL_CLOSED
NG-RD-000076,ROAD,INTERNAL,false,ABSENT_BY_DESIGN_PRELIVE,PASS_FAIL_CLOSED
NG-RD-000077,ROAD,INTERNAL,false,ABSENT_BY_DESIGN_PRELIVE,PASS_FAIL_CLOSED
NG-RD-000078,ROAD,INTERNAL,false,ABSENT_BY_DESIGN_PRELIVE,PASS_FAIL_CLOSED
NG-RD-000079,ROAD,INTERNAL,false,ABSENT_BY_DESIGN_PRELIVE,PASS_FAIL_CLOSED
NG-RD-000080,ROAD,INTERNAL,false,ABSENT_BY_DESIGN_PRELIVE,PASS_FAIL_CLOSED
NG-RD-000081,ROAD,INTERNAL,false,ABSENT_BY_DESIGN_PRELIVE,PASS_FAIL_CLOSED
NG-RD-000082,ROAD,INTERNAL,false,ABSENT_BY_DESIGN_PRELIVE,PASS_FAIL_CLOSED
NG-RD-000083,ROAD,INTERNAL,false,ABSENT_BY_DESIGN_PRELIVE,PASS_FAIL_CLOSED
NG-RD-000084,ROAD,INTERNAL,false,ABSENT_BY_DESIGN_PRELIVE,PASS_FAIL_CLOSED
NG-RD-000085,ROAD,INTERNAL,false,ABSENT_BY_DESIGN_PRELIVE,PASS_FAIL_CLOSED
NG-RD-000086,ROAD,INTERNAL,false,ABSENT_BY_DESIGN_PRELIVE,PASS_FAIL_CLOSED
NG-RD-000087,ROAD,INTERNAL,false,ABSENT_BY_DESIGN_PRELIVE,PASS_FAIL_CLOSED
NG-RD-000088,ROAD,INTERNAL,false,ABSENT_BY_DESIGN_PRELIVE,PASS_FAIL_CLOSED
NG-RD-000089,ROAD,INTERNAL,false,ABSENT_BY_DESIGN_PRELIVE,PASS_FAIL_CLOSED
NG-RD-000090,ROAD,INTERNAL,false,ABSENT_BY_DESIGN_PRELIVE,PASS_FAIL_CLOSED
NG-RD-000091,ROAD,INTERNAL,false,ABSENT_BY_DESIGN_PRELIVE,PASS_FAIL_CLOSED
NG-RD-000092,ROAD,INTERNAL,false,ABSENT_BY_DESIGN_PRELIVE,PASS_FAIL_CLOSED
NG-RD-000093,ROAD,INTERNAL,false,ABSENT_BY_DESIGN_PRELIVE,PASS_FAIL_CLOSED
NG-RD-000094,ROAD,INTERNAL,false,ABSENT_BY_DESIGN_PRELIVE,PASS_FAIL_CLOSED
NG-RD-000095,ROAD,INTERNAL,false,ABSENT_BY_DESIGN_PRELIVE,PASS_FAIL_CLOSED
NG-RD-000096,ROAD,INTERNAL,false,ABSENT_BY_DESIGN_PRELIVE,PASS_FAIL_CLOSED
NG-RD-000097,ROAD,INTERNAL,false,ABSENT_BY_DESIGN_PRELIVE,PASS_FAIL_CLOSED
NG-RD-000098,ROAD,INTERNAL,false,ABSENT_BY_DESIGN_PRELIVE,PASS_FAIL_CLOSED
NG-RD-000099,ROAD,INTERNAL,false,ABSENT_BY_DESIGN_PRELIVE,PASS_FAIL_CLOSED
NG-RD-000100,ROAD,INTERNAL,false,ABSENT_BY_DESIGN_PRELIVE,PASS_FAIL_CLOSED
NG-RD-000101,ROAD,INTERNAL,false,ABSENT_BY_DESIGN_PRELIVE,PASS_FAIL_CLOSED
NG-RD-000102,ROAD,INTERNAL,false,ABSENT_BY_DESIGN_PRELIVE,PASS_FAIL_CLOSED
NG-RD-000103,ROAD,INTERNAL,false,ABSENT_BY_DESIGN_PRELIVE,PASS_FAIL_CLOSED
NG-RD-000104,ROAD,INTERNAL,false,ABSENT_BY_DESIGN_PRELIVE,PASS_FAIL_CLOSED
NG-RD-000105,ROAD,INTERNAL,false,ABSENT_BY_DESIGN_PRELIVE,PASS_FAIL_CLOSED
NG-RD-000106,ROAD,INTERNAL,false,ABSENT_BY_DESIGN_PRELIVE,PASS_FAIL_CLOSED
NG-RD-000107,ROAD,INTERNAL,false,ABSENT_BY_DESIGN_PRELIVE,PASS_FAIL_CLOSED
NG-RD-000108,ROAD,INTERNAL,false,ABSENT_BY_DESIGN_PRELIVE,PASS_FAIL_CLOSED
NG-RD-000109,ROAD,INTERNAL,false,ABSENT_BY_DESIGN_PRELIVE,PASS_FAIL_CLOSED
NG-RD-000110,ROAD,INTERNAL,false,ABSENT_BY_DESIGN_PRELIVE,PASS_FAIL_CLOSED
NG-RD-000111,ROAD,INTERNAL,false,ABSENT_BY_DESIGN_PRELIVE,PASS_FAIL_CLOSED
NG-RD-000112,ROAD,INTERNAL,false,ABSENT_BY_DESIGN_PRELIVE,PASS_FAIL_CLOSED
NG-RD-000113,ROAD,INTERNAL,false,ABSENT_BY_DESIGN_PRELIVE,PASS_FAIL_CLOSED
NG-RD-000114,ROAD,INTERNAL,false,ABSENT_BY_DESIGN_PRELIVE,PASS_FAIL_CLOSED
NG-RD-000115,ROAD,INTERNAL,false,ABSENT_BY_DESIGN_PRELIVE,PASS_FAIL_CLOSED
NG-RD-000116,ROAD,INTERNAL,false,ABSENT_BY_DESIGN_PRELIVE,PASS_FAIL_CLOSED
NG-RD-000117,ROAD,INTERNAL,false,ABSENT_BY_DESIGN_PRELIVE,PASS_FAIL_CLOSED
NG-RD-000118,ROAD,INTERNAL,false,ABSENT_BY_DESIGN_PRELIVE,PASS_FAIL_CLOSED
NG-RD-000119,ROAD,INTERNAL,false,ABSENT_BY_DESIGN_PRELIVE,PASS_FAIL_CLOSED
NG-RD-000120,ROAD,INTERNAL,false,ABSENT_BY_DESIGN_PRELIVE,PASS_FAIL_CLOSED
NG-RD-000121,ROAD,INTERNAL,false,ABSENT_BY_DESIGN_PRELIVE,PASS_FAIL_CLOSED
NG-RD-000122,ROAD,INTERNAL,false,ABSENT_BY_DESIGN_PRELIVE,PASS_FAIL_CLOSED
NG-RD-000123,ROAD,INTERNAL,false,ABSENT_BY_DESIGN_PRELIVE,PASS_FAIL_CLOSED
NG-RD-000124,ROAD,INTERNAL,false,ABSENT_BY_DESIGN_PRELIVE,PASS_FAIL_CLOSED
NG-RD-000125,ROAD,INTERNAL,false,ABSENT_BY_DESIGN_PRELIVE,PASS_FAIL_CLOSED
NG-RD-000126,ROAD,INTERNAL,false,ABSENT_BY_DESIGN_PRELIVE,PASS_FAIL_CLOSED
NG-RD-000127,ROAD,INTERNAL,false,ABSENT_BY_DESIGN_PRELIVE,PASS_FAIL_CLOSED
NG-RD-000128,ROAD,INTERNAL,false,ABSENT_BY_DESIGN_PRELIVE,PASS_FAIL_CLOSED
NG-RD-000129,ROAD,INTERNAL,false,ABSENT_BY_DESIGN_PRELIVE,PASS_FAIL_CLOSED
NG-RD-000130,ROAD,INTERNAL,false,ABSENT_BY_DESIGN_PRELIVE,PASS_FAIL_CLOSED
NG-RD-000131,ROAD,INTERNAL,false,ABSENT_BY_DESIGN_PRELIVE,PASS_FAIL_CLOSED
NG-RD-000132,ROAD,INTERNAL,false,ABSENT_BY_DESIGN_PRELIVE,PASS_FAIL_CLOSED
NG-RD-000133,ROAD,INTERNAL,false,ABSENT_BY_DESIGN_PRELIVE,PASS_FAIL_CLOSED
NG-RD-000134,ROAD,INTERNAL,false,ABSENT_BY_DESIGN_PRELIVE,PASS_FAIL_CLOSED
NG-RD-000135,ROAD,INTERNAL,false,ABSENT_BY_DESIGN_PRELIVE,PASS_FAIL_CLOSED
NG-RD-000136,ROAD,INTERNAL,false,ABSENT_BY_DESIGN_PRELIVE,PASS_FAIL_CLOSED
NG-RD-000137,ROAD,INTERNAL,false,ABSENT_BY_DESIGN_PRELIVE,PASS_FAIL_CLOSED
NG-RD-000138,ROAD,INTERNAL,false,ABSENT_BY_DESIGN_PRELIVE,PASS_FAIL_CLOSED
NG-RD-000139,ROAD,INTERNAL,false,ABSENT_BY_DESIGN_PRELIVE,PASS_FAIL_CLOSED
NG-RD-000140,ROAD,INTERNAL,false,ABSENT_BY_DESIGN_PRELIVE,PASS_FAIL_CLOSED
NG-RD-000141,ROAD,INTERNAL,false,ABSENT_BY_DESIGN_PRELIVE,PASS_FAIL_CLOSED
NG-RD-000142,ROAD,INTERNAL,false,ABSENT_BY_DESIGN_PRELIVE,PASS_FAIL_CLOSED
NG-RD-000143,ROAD,INTERNAL,false,ABSENT_BY_DESIGN_PRELIVE,PASS_FAIL_CLOSED
NG-RD-000144,ROAD,INTERNAL,false,ABSENT_BY_DESIGN_PRELIVE,PASS_FAIL_CLOSED
NG-RD-000145,ROAD,INTERNAL,false,ABSENT_BY_DESIGN_PRELIVE,PASS_FAIL_CLOSED
NG-RD-000146,ROAD,INTERNAL,false,ABSENT_BY_DESIGN_PRELIVE,PASS_FAIL_CLOSED
NG-RD-000147,ROAD,INTERNAL,false,ABSENT_BY_DESIGN_PRELIVE,PASS_FAIL_CLOSED
NG-RD-000148,ROAD,INTERNAL,false,ABSENT_BY_DESIGN_PRELIVE,PASS_FAIL_CLOSED
NG-RD-000149,ROAD,INTERNAL,false,ABSENT_BY_DESIGN_PRELIVE,PASS_FAIL_CLOSED
NG-RD-000150,ROAD,INTERNAL,false,ABSENT_BY_DESIGN_PRELIVE,PASS_FAIL_CLOSED
NG-RD-000151,ROAD,INTERNAL,false,ABSENT_BY_DESIGN_PRELIVE,PASS_FAIL_CLOSED
NG-RD-000152,ROAD,INTERNAL,false,ABSENT_BY_DESIGN_PRELIVE,PASS_FAIL_CLOSED
NG-RD-000153,ROAD,INTERNAL,false,ABSENT_BY_DESIGN_PRELIVE,PASS_FAIL_CLOSED
NG-RD-000154,ROAD,INTERNAL,false,ABSENT_BY_DESIGN_PRELIVE,PASS_FAIL_CLOSED
NG-RD-000155,ROAD,INTERNAL,false,ABSENT_BY_DESIGN_PRELIVE,PASS_FAIL_CLOSED
NG-RD-000156,ROAD,INTERNAL,false,ABSENT_BY_DESIGN_PRELIVE,PASS_FAIL_CLOSED
NG-RD-000157,ROAD,INTERNAL,false,ABSENT_BY_DESIGN_PRELIVE,PASS_FAIL_CLOSED
NG-RD-000158,ROAD,INTERNAL,false,ABSENT_BY_DESIGN_PRELIVE,PASS_FAIL_CLOSED
NG-RD-000159,ROAD,INTERNAL,false,ABSENT_BY_DESIGN_PRELIVE,PASS_FAIL_CLOSED
NG-RD-000160,ROAD,INTERNAL,false,ABSENT_BY_DESIGN_PRELIVE,PASS_FAIL_CLOSED
NG-RD-000161,ROAD,INTERNAL,false,ABSENT_BY_DESIGN_PRELIVE,PASS_FAIL_CLOSED
NG-RD-000162,ROAD,INTERNAL,false,ABSENT_BY_DESIGN_PRELIVE,PASS_FAIL_CLOSED
NG-RD-000163,ROAD,INTERNAL,false,ABSENT_BY_DESIGN_PRELIVE,PASS_FAIL_CLOSED
NG-RD-000164,ROAD,INTERNAL,false,ABSENT_BY_DESIGN_PRELIVE,PASS_FAIL_CLOSED
NG-RD-000165,ROAD,INTERNAL,false,ABSENT_BY_DESIGN_PRELIVE,PASS_FAIL_CLOSED
NG-RD-000166,ROAD,INTERNAL,false,ABSENT_BY_DESIGN_PRELIVE,PASS_FAIL_CLOSED
NG-RD-000167,ROAD,INTERNAL,false,ABSENT_BY_DESIGN_PRELIVE,PASS_FAIL_CLOSED
NG-RD-000168,ROAD,INTERNAL,false,ABSENT_BY_DESIGN_PRELIVE,PASS_FAIL_CLOSED
NG-RD-000169,ROAD,INTERNAL,false,ABSENT_BY_DESIGN_PRELIVE,PASS_FAIL_CLOSED
NG-RD-000170,ROAD,INTERNAL,false,ABSENT_BY_DESIGN_PRELIVE,PASS_FAIL_CLOSED
NG-RD-000171,ROAD,INTERNAL,false,ABSENT_BY_DESIGN_PRELIVE,PASS_FAIL_CLOSED
NG-RD-000172,ROAD,INTERNAL,false,ABSENT_BY_DESIGN_PRELIVE,PASS_FAIL_CLOSED
NG-RD-000173,ROAD,INTERNAL,false,ABSENT_BY_DESIGN_PRELIVE,PASS_FAIL_CLOSED
NG-RD-000174,ROAD,INTERNAL,false,ABSENT_BY_DESIGN_PRELIVE,PASS_FAIL_CLOSED
NG-RD-000175,ROAD,INTERNAL,false,ABSENT_BY_DESIGN_PRELIVE,PASS_FAIL_CLOSED
NG-RD-000176,ROAD,INTERNAL,false,ABSENT_BY_DESIGN_PRELIVE,PASS_FAIL_CLOSED
NG-RD-000177,ROAD,INTERNAL,false,ABSENT_BY_DESIGN_PRELIVE,PASS_FAIL_CLOSED
NG-RD-000178,ROAD,INTERNAL,false,ABSENT_BY_DESIGN_PRELIVE,PASS_FAIL_CLOSED
NG-RD-000179,ROAD,INTERNAL,false,ABSENT_BY_DESIGN_PRELIVE,PASS_FAIL_CLOSED
NG-RD-000180,ROAD,INTERNAL,false,ABSENT_BY_DESIGN_PRELIVE,PASS_FAIL_CLOSED
NG-RD-000181,ROAD,INTERNAL,false,ABSENT_BY_DESIGN_PRELIVE,PASS_FAIL_CLOSED
NG-RD-000182,ROAD,INTERNAL,false,ABSENT_BY_DESIGN_PRELIVE,PASS_FAIL_CLOSED
NG-RD-000183,ROAD,INTERNAL,false,ABSENT_BY_DESIGN_PRELIVE,PASS_FAIL_CLOSED
NG-RD-000184,ROAD,INTERNAL,false,ABSENT_BY_DESIGN_PRELIVE,PASS_FAIL_CLOSED
NG-RD-000185,ROAD,INTERNAL,false,ABSENT_BY_DESIGN_PRELIVE,PASS_FAIL_CLOSED
NG-RD-000186,ROAD,INTERNAL,false,ABSENT_BY_DESIGN_PRELIVE,PASS_FAIL_CLOSED
NG-RD-000187,ROAD,INTERNAL,false,ABSENT_BY_DESIGN_PRELIVE,PASS_FAIL_CLOSED
NG-RD-000188,ROAD,INTERNAL,false,ABSENT_BY_DESIGN_PRELIVE,PASS_FAIL_CLOSED
NG-RD-000189,ROAD,INTERNAL,false,ABSENT_BY_DESIGN_PRELIVE,PASS_FAIL_CLOSED
NG-RD-000190,ROAD,INTERNAL,false,ABSENT_BY_DESIGN_PRELIVE,PASS_FAIL_CLOSED
NG-RD-000191,ROAD,INTERNAL,false,ABSENT_BY_DESIGN_PRELIVE,PASS_FAIL_CLOSED
NG-RD-000192,ROAD,INTERNAL,false,ABSENT_BY_DESIGN_PRELIVE,PASS_FAIL_CLOSED
NG-RD-000193,ROAD,INTERNAL,false,ABSENT_BY_DESIGN_PRELIVE,PASS_FAIL_CLOSED
NG-RD-000194,ROAD,INTERNAL,false,ABSENT_BY_DESIGN_PRELIVE,PASS_FAIL_CLOSED
NG-RD-000195,ROAD,INTERNAL,false,ABSENT_BY_DESIGN_PRELIVE,PASS_FAIL_CLOSED
NG-RD-000196,ROAD,INTERNAL,false,ABSENT_BY_DESIGN_PRELIVE,PASS_FAIL_CLOSED
NG-RD-000197,ROAD,INTERNAL,false,ABSENT_BY_DESIGN_PRELIVE,PASS_FAIL_CLOSED
NG-RD-000198,ROAD,INTERNAL,false,ABSENT_BY_DESIGN_PRELIVE,PASS_FAIL_CLOSED
NG-RD-000199,ROAD,INTERNAL,false,ABSENT_BY_DESIGN_PRELIVE,PASS_FAIL_CLOSED
NG-RD-000200,ROAD,INTERNAL,false,ABSENT_BY_DESIGN_PRELIVE,PASS_FAIL_CLOSED
NG-RD-000201,ROAD,INTERNAL,false,ABSENT_BY_DESIGN_PRELIVE,PASS_FAIL_CLOSED
NG-RD-000202,ROAD,INTERNAL,false,ABSENT_BY_DESIGN_PRELIVE,PASS_FAIL_CLOSED
NG-RD-000203,ROAD,INTERNAL,false,ABSENT_BY_DESIGN_PRELIVE,PASS_FAIL_CLOSED
NG-RD-000204,ROAD,INTERNAL,false,ABSENT_BY_DESIGN_PRELIVE,PASS_FAIL_CLOSED
NG-RD-000205,ROAD,INTERNAL,false,ABSENT_BY_DESIGN_PRELIVE,PASS_FAIL_CLOSED
NG-RD-000206,ROAD,INTERNAL,false,ABSENT_BY_DESIGN_PRELIVE,PASS_FAIL_CLOSED
NG-RD-000207,ROAD,INTERNAL,false,ABSENT_BY_DESIGN_PRELIVE,PASS_FAIL_CLOSED
NG-RD-000208,ROAD,INTERNAL,false,ABSENT_BY_DESIGN_PRELIVE,PASS_FAIL_CLOSED
NG-RD-000209,ROAD,INTERNAL,false,ABSENT_BY_DESIGN_PRELIVE,PASS_FAIL_CLOSED
NG-RD-000210,ROAD,INTERNAL,false,ABSENT_BY_DESIGN_PRELIVE,PASS_FAIL_CLOSED
NG-RD-000211,ROAD,INTERNAL,false,ABSENT_BY_DESIGN_PRELIVE,PASS_FAIL_CLOSED
NG-RD-000212,ROAD,INTERNAL,false,ABSENT_BY_DESIGN_PRELIVE,PASS_FAIL_CLOSED
NG-RD-000213,ROAD,INTERNAL,false,ABSENT_BY_DESIGN_PRELIVE,PASS_FAIL_CLOSED
NG-RD-000214,ROAD,INTERNAL,false,ABSENT_BY_DESIGN_PRELIVE,PASS_FAIL_CLOSED
NG-RD-000215,ROAD,INTERNAL,false,ABSENT_BY_DESIGN_PRELIVE,PASS_FAIL_CLOSED
NG-RD-000216,ROAD,INTERNAL,false,ABSENT_BY_DESIGN_PRELIVE,PASS_FAIL_CLOSED
NG-RD-000217,ROAD,INTERNAL,false,ABSENT_BY_DESIGN_PRELIVE,PASS_FAIL_CLOSED
NG-RD-000218,ROAD,INTERNAL,false,ABSENT_BY_DESIGN_PRELIVE,PASS_FAIL_CLOSED
NG-RD-000219,ROAD,INTERNAL,false,ABSENT_BY_DESIGN_PRELIVE,PASS_FAIL_CLOSED
NG-RD-000220,ROAD,INTERNAL,false,ABSENT_BY_DESIGN_PRELIVE,PASS_FAIL_CLOSED
NG-RD-000221,ROAD,INTERNAL,false,ABSENT_BY_DESIGN_PRELIVE,PASS_FAIL_CLOSED
NG-RD-000222,ROAD,INTERNAL,false,ABSENT_BY_DESIGN_PRELIVE,PASS_FAIL_CLOSED
NG-RD-000223,ROAD,INTERNAL,false,ABSENT_BY_DESIGN_PRELIVE,PASS_FAIL_CLOSED
NG-RD-000224,ROAD,INTERNAL,false,ABSENT_BY_DESIGN_PRELIVE,PASS_FAIL_CLOSED
NG-RD-000225,ROAD,INTERNAL,false,ABSENT_BY_DESIGN_PRELIVE,PASS_FAIL_CLOSED
NG-RD-000226,ROAD,INTERNAL,false,ABSENT_BY_DESIGN_PRELIVE,PASS_FAIL_CLOSED
NG-RD-000227,ROAD,INTERNAL,false,ABSENT_BY_DESIGN_PRELIVE,PASS_FAIL_CLOSED
NG-RD-000228,ROAD,INTERNAL,false,ABSENT_BY_DESIGN_PRELIVE,PASS_FAIL_CLOSED
NG-RD-000229,ROAD,INTERNAL,false,ABSENT_BY_DESIGN_PRELIVE,PASS_FAIL_CLOSED
NG-RD-000230,ROAD,INTERNAL,false,ABSENT_BY_DESIGN_PRELIVE,PASS_FAIL_CLOSED
NG-RD-000231,ROAD,INTERNAL,false,ABSENT_BY_DESIGN_PRELIVE,PASS_FAIL_CLOSED
NG-RD-000232,ROAD,INTERNAL,false,ABSENT_BY_DESIGN_PRELIVE,PASS_FAIL_CLOSED
NG-RD-000233,ROAD,INTERNAL,false,ABSENT_BY_DESIGN_PRELIVE,PASS_FAIL_CLOSED
NG-RD-000234,ROAD,INTERNAL,false,ABSENT_BY_DESIGN_PRELIVE,PASS_FAIL_CLOSED
NG-RD-000235,ROAD,INTERNAL,false,ABSENT_BY_DESIGN_PRELIVE,PASS_FAIL_CLOSED
NG-RD-000236,ROAD,INTERNAL,false,ABSENT_BY_DESIGN_PRELIVE,PASS_FAIL_CLOSED
NG-RD-000237,ROAD,INTERNAL,false,ABSENT_BY_DESIGN_PRELIVE,PASS_FAIL_CLOSED
NG-RD-000238,ROAD,INTERNAL,false,ABSENT_BY_DESIGN_PRELIVE,PASS_FAIL_CLOSED
NG-RD-000239,ROAD,INTERNAL,false,ABSENT_BY_DESIGN_PRELIVE,PASS_FAIL_CLOSED
NG-RD-000240,ROAD,INTERNAL,false,ABSENT_BY_DESIGN_PRELIVE,PASS_FAIL_CLOSED
NG-RD-000241,ROAD,INTERNAL,false,ABSENT_BY_DESIGN_PRELIVE,PASS_FAIL_CLOSED
NG-RD-000242,ROAD,INTERNAL,false,ABSENT_BY_DESIGN_PRELIVE,PASS_FAIL_CLOSED
NG-RD-000243,ROAD,INTERNAL,false,ABSENT_BY_DESIGN_PRELIVE,PASS_FAIL_CLOSED
NG-RD-000244,ROAD,INTERNAL,false,ABSENT_BY_DESIGN_PRELIVE,PASS_FAIL_CLOSED
NG-RD-000245,ROAD,INTERNAL,false,ABSENT_BY_DESIGN_PRELIVE,PASS_FAIL_CLOSED
NG-RD-000246,ROAD,INTERNAL,false,ABSENT_BY_DESIGN_PRELIVE,PASS_FAIL_CLOSED
NG-RD-000247,ROAD,INTERNAL,false,ABSENT_BY_DESIGN_PRELIVE,PASS_FAIL_CLOSED
NG-RD-000248,ROAD,INTERNAL,false,ABSENT_BY_DESIGN_PRELIVE,PASS_FAIL_CLOSED
NG-RD-000249,ROAD,INTERNAL,false,ABSENT_BY_DESIGN_PRELIVE,PASS_FAIL_CLOSED
NG-RD-000250,ROAD,INTERNAL,false,ABSENT_BY_DESIGN_PRELIVE,PASS_FAIL_CLOSED
NG-RD-000251,ROAD,INTERNAL,false,ABSENT_BY_DESIGN_PRELIVE,PASS_FAIL_CLOSED
NG-RD-000252,ROAD,INTERNAL,false,ABSENT_BY_DESIGN_PRELIVE,PASS_FAIL_CLOSED
NG-RD-000253,ROAD,INTERNAL,false,ABSENT_BY_DESIGN_PRELIVE,PASS_FAIL_CLOSED
NG-RD-000254,ROAD,INTERNAL,false,ABSENT_BY_DESIGN_PRELIVE,PASS_FAIL_CLOSED
NG-RD-000255,ROAD,INTERNAL,false,ABSENT_BY_DESIGN_PRELIVE,PASS_FAIL_CLOSED
NG-RD-000256,ROAD,INTERNAL,false,ABSENT_BY_DESIGN_PRELIVE,PASS_FAIL_CLOSED
NG-RD-000257,ROAD,INTERNAL,false,ABSENT_BY_DESIGN_PRELIVE,PASS_FAIL_CLOSED
NG-RD-000258,ROAD,INTERNAL,false,ABSENT_BY_DESIGN_PRELIVE,PASS_FAIL_CLOSED
NG-RD-000259,ROAD,INTERNAL,false,ABSENT_BY_DESIGN_PRELIVE,PASS_FAIL_CLOSED
NG-RD-000260,ROAD,INTERNAL,false,ABSENT_BY_DESIGN_PRELIVE,PASS_FAIL_CLOSED
NG-RD-000261,ROAD,INTERNAL,false,ABSENT_BY_DESIGN_PRELIVE,PASS_FAIL_CLOSED
NG-RD-000262,ROAD,INTERNAL,false,ABSENT_BY_DESIGN_PRELIVE,PASS_FAIL_CLOSED
NG-RD-000263,ROAD,INTERNAL,false,ABSENT_BY_DESIGN_PRELIVE,PASS_FAIL_CLOSED
NG-RD-000264,ROAD,INTERNAL,false,ABSENT_BY_DESIGN_PRELIVE,PASS_FAIL_CLOSED
NG-RD-000265,ROAD,INTERNAL,false,ABSENT_BY_DESIGN_PRELIVE,PASS_FAIL_CLOSED
NG-RD-000266,ROAD,INTERNAL,false,ABSENT_BY_DESIGN_PRELIVE,PASS_FAIL_CLOSED
NG-RD-000267,ROAD,INTERNAL,false,ABSENT_BY_DESIGN_PRELIVE,PASS_FAIL_CLOSED
NG-RD-000268,ROAD,INTERNAL,false,ABSENT_BY_DESIGN_PRELIVE,PASS_FAIL_CLOSED
NG-RD-000269,ROAD,INTERNAL,false,ABSENT_BY_DESIGN_PRELIVE,PASS_FAIL_CLOSED
NG-RD-000270,ROAD,INTERNAL,false,ABSENT_BY_DESIGN_PRELIVE,PASS_FAIL_CLOSED
NG-RD-000271,ROAD,INTERNAL,false,ABSENT_BY_DESIGN_PRELIVE,PASS_FAIL_CLOSED
NG-RD-000272,ROAD,INTERNAL,false,ABSENT_BY_DESIGN_PRELIVE,PASS_FAIL_CLOSED
NG-RD-000273,ROAD,INTERNAL,false,ABSENT_BY_DESIGN_PRELIVE,PASS_FAIL_CLOSED
NG-RD-000274,ROAD,INTERNAL,false,ABSENT_BY_DESIGN_PRELIVE,PASS_FAIL_CLOSED
NG-RD-000275,ROAD,INTERNAL,false,ABSENT_BY_DESIGN_PRELIVE,PASS_FAIL_CLOSED
NG-RD-000276,ROAD,INTERNAL,false,ABSENT_BY_DESIGN_PRELIVE,PASS_FAIL_CLOSED
NG-RD-000277,ROAD,INTERNAL,false,ABSENT_BY_DESIGN_PRELIVE,PASS_FAIL_CLOSED
NG-RD-000278,ROAD,INTERNAL,false,ABSENT_BY_DESIGN_PRELIVE,PASS_FAIL_CLOSED
NG-RD-000279,ROAD,INTERNAL,false,ABSENT_BY_DESIGN_PRELIVE,PASS_FAIL_CLOSED
NG-RD-000280,ROAD,INTERNAL,false,ABSENT_BY_DESIGN_PRELIVE,PASS_FAIL_CLOSED
NG-RD-000281,ROAD,INTERNAL,false,ABSENT_BY_DESIGN_PRELIVE,PASS_FAIL_CLOSED
NG-RD-000282,ROAD,INTERNAL,false,ABSENT_BY_DESIGN_PRELIVE,PASS_FAIL_CLOSED
NG-RD-000283,ROAD,INTERNAL,false,ABSENT_BY_DESIGN_PRELIVE,PASS_FAIL_CLOSED
NG-RD-000284,ROAD,INTERNAL,false,ABSENT_BY_DESIGN_PRELIVE,PASS_FAIL_CLOSED
NG-RD-000285,ROAD,INTERNAL,false,ABSENT_BY_DESIGN_PRELIVE,PASS_FAIL_CLOSED
NG-RD-000286,ROAD,INTERNAL,false,ABSENT_BY_DESIGN_PRELIVE,PASS_FAIL_CLOSED
NG-RD-000287,ROAD,INTERNAL,false,ABSENT_BY_DESIGN_PRELIVE,PASS_FAIL_CLOSED
NG-RD-000288,ROAD,INTERNAL,false,ABSENT_BY_DESIGN_PRELIVE,PASS_FAIL_CLOSED
NG-RD-000289,ROAD,INTERNAL,false,ABSENT_BY_DESIGN_PRELIVE,PASS_FAIL_CLOSED
NG-RD-000290,ROAD,INTERNAL,false,ABSENT_BY_DESIGN_PRELIVE,PASS_FAIL_CLOSED
NG-RD-000291,ROAD,INTERNAL,false,ABSENT_BY_DESIGN_PRELIVE,PASS_FAIL_CLOSED
NG-RD-000292,ROAD,INTERNAL,false,ABSENT_BY_DESIGN_PRELIVE,PASS_FAIL_CLOSED
NG-RD-000293,ROAD,INTERNAL,false,ABSENT_BY_DESIGN_PRELIVE,PASS_FAIL_CLOSED
NG-RD-000294,ROAD,INTERNAL,false,ABSENT_BY_DESIGN_PRELIVE,PASS_FAIL_CLOSED
NG-RD-000295,ROAD,INTERNAL,false,ABSENT_BY_DESIGN_PRELIVE,PASS_FAIL_CLOSED
NG-RD-000296,ROAD,INTERNAL,false,ABSENT_BY_DESIGN_PRELIVE,PASS_FAIL_CLOSED
NG-RD-000297,ROAD,INTERNAL,false,ABSENT_BY_DESIGN_PRELIVE,PASS_FAIL_CLOSED
NG-RD-000298,ROAD,INTERNAL,false,ABSENT_BY_DESIGN_PRELIVE,PASS_FAIL_CLOSED
NG-RD-000299,ROAD,INTERNAL,false,ABSENT_BY_DESIGN_PRELIVE,PASS_FAIL_CLOSED
NG-RD-000300,ROAD,INTERNAL,false,ABSENT_BY_DESIGN_PRELIVE,PASS_FAIL_CLOSED
NG-RD-000301,ROAD,INTERNAL,false,ABSENT_BY_DESIGN_PRELIVE,PASS_FAIL_CLOSED
NG-RD-000302,ROAD,INTERNAL,false,ABSENT_BY_DESIGN_PRELIVE,PASS_FAIL_CLOSED
NG-RD-000303,ROAD,INTERNAL,false,ABSENT_BY_DESIGN_PRELIVE,PASS_FAIL_CLOSED
NG-RD-000304,ROAD,INTERNAL,false,ABSENT_BY_DESIGN_PRELIVE,PASS_FAIL_CLOSED
NG-RD-000305,ROAD,INTERNAL,false,ABSENT_BY_DESIGN_PRELIVE,PASS_FAIL_CLOSED
NG-RD-000306,ROAD,INTERNAL,false,ABSENT_BY_DESIGN_PRELIVE,PASS_FAIL_CLOSED
NG-RD-000307,ROAD,INTERNAL,false,ABSENT_BY_DESIGN_PRELIVE,PASS_FAIL_CLOSED
NG-RD-000308,ROAD,INTERNAL,false,ABSENT_BY_DESIGN_PRELIVE,PASS_FAIL_CLOSED
NG-RD-000309,ROAD,INTERNAL,false,ABSENT_BY_DESIGN_PRELIVE,PASS_FAIL_CLOSED
NG-RD-000310,ROAD,INTERNAL,false,ABSENT_BY_DESIGN_PRELIVE,PASS_FAIL_CLOSED
NG-RD-000311,ROAD,INTERNAL,false,ABSENT_BY_DESIGN_PRELIVE,PASS_FAIL_CLOSED
NG-RD-000312,ROAD,INTERNAL,false,ABSENT_BY_DESIGN_PRELIVE,PASS_FAIL_CLOSED
NG-RD-000313,ROAD,INTERNAL,false,ABSENT_BY_DESIGN_PRELIVE,PASS_FAIL_CLOSED
NG-RD-000314,ROAD,INTERNAL,false,ABSENT_BY_DESIGN_PRELIVE,PASS_FAIL_CLOSED
NG-RD-000315,ROAD,INTERNAL,false,ABSENT_BY_DESIGN_PRELIVE,PASS_FAIL_CLOSED
NG-RD-000316,ROAD,INTERNAL,false,ABSENT_BY_DESIGN_PRELIVE,PASS_FAIL_CLOSED
NG-RD-000317,ROAD,INTERNAL,false,ABSENT_BY_DESIGN_PRELIVE,PASS_FAIL_CLOSED
NG-RD-000318,ROAD,INTERNAL,false,ABSENT_BY_DESIGN_PRELIVE,PASS_FAIL_CLOSED
NG-RD-000319,ROAD,INTERNAL,false,ABSENT_BY_DESIGN_PRELIVE,PASS_FAIL_CLOSED
NG-RD-000320,ROAD,INTERNAL,false,ABSENT_BY_DESIGN_PRELIVE,PASS_FAIL_CLOSED
NG-RD-000321,ROAD,INTERNAL,false,ABSENT_BY_DESIGN_PRELIVE,PASS_FAIL_CLOSED
NG-RD-000322,ROAD,INTERNAL,false,ABSENT_BY_DESIGN_PRELIVE,PASS_FAIL_CLOSED
NG-RD-000323,ROAD,INTERNAL,false,ABSENT_BY_DESIGN_PRELIVE,PASS_FAIL_CLOSED
NG-RD-000324,ROAD,INTERNAL,false,ABSENT_BY_DESIGN_PRELIVE,PASS_FAIL_CLOSED
NG-RD-000325,ROAD,INTERNAL,false,ABSENT_BY_DESIGN_PRELIVE,PASS_FAIL_CLOSED
NG-RD-000326,ROAD,INTERNAL,false,ABSENT_BY_DESIGN_PRELIVE,PASS_FAIL_CLOSED
NG-RD-000327,ROAD,INTERNAL,false,ABSENT_BY_DESIGN_PRELIVE,PASS_FAIL_CLOSED
NG-RD-000328,ROAD,INTERNAL,false,ABSENT_BY_DESIGN_PRELIVE,PASS_FAIL_CLOSED
NG-RD-000329,ROAD,INTERNAL,false,ABSENT_BY_DESIGN_PRELIVE,PASS_FAIL_CLOSED
NG-RD-000330,ROAD,INTERNAL,false,ABSENT_BY_DESIGN_PRELIVE,PASS_FAIL_CLOSED
NG-RD-000331,ROAD,INTERNAL,false,ABSENT_BY_DESIGN_PRELIVE,PASS_FAIL_CLOSED
NG-RD-000332,ROAD,INTERNAL,false,ABSENT_BY_DESIGN_PRELIVE,PASS_FAIL_CLOSED
NG-RD-000333,ROAD,INTERNAL,false,ABSENT_BY_DESIGN_PRELIVE,PASS_FAIL_CLOSED
NG-RD-000334,ROAD,INTERNAL,false,ABSENT_BY_DESIGN_PRELIVE,PASS_FAIL_CLOSED
NG-RD-000335,ROAD,INTERNAL,false,ABSENT_BY_DESIGN_PRELIVE,PASS_FAIL_CLOSED
NG-RD-000336,ROAD,INTERNAL,false,ABSENT_BY_DESIGN_PRELIVE,PASS_FAIL_CLOSED
NG-RD-000337,ROAD,INTERNAL,false,ABSENT_BY_DESIGN_PRELIVE,PASS_FAIL_CLOSED
NG-RD-000338,ROAD,INTERNAL,false,ABSENT_BY_DESIGN_PRELIVE,PASS_FAIL_CLOSED
NG-RD-000339,ROAD,INTERNAL,false,ABSENT_BY_DESIGN_PRELIVE,PASS_FAIL_CLOSED
NG-RD-000340,ROAD,INTERNAL,false,ABSENT_BY_DESIGN_PRELIVE,PASS_FAIL_CLOSED
NG-RD-000341,ROAD,INTERNAL,false,ABSENT_BY_DESIGN_PRELIVE,PASS_FAIL_CLOSED
NG-RD-000342,ROAD,INTERNAL,false,ABSENT_BY_DESIGN_PRELIVE,PASS_FAIL_CLOSED
NG-RD-000343,ROAD,INTERNAL,false,ABSENT_BY_DESIGN_PRELIVE,PASS_FAIL_CLOSED
NG-RD-000344,ROAD,INTERNAL,false,ABSENT_BY_DESIGN_PRELIVE,PASS_FAIL_CLOSED
NG-RD-000345,ROAD,INTERNAL,false,ABSENT_BY_DESIGN_PRELIVE,PASS_FAIL_CLOSED
NG-RD-000346,ROAD,INTERNAL,false,ABSENT_BY_DESIGN_PRELIVE,PASS_FAIL_CLOSED
NG-RD-000347,ROAD,INTERNAL,false,ABSENT_BY_DESIGN_PRELIVE,PASS_FAIL_CLOSED
NG-RD-000348,ROAD,INTERNAL,false,ABSENT_BY_DESIGN_PRELIVE,PASS_FAIL_CLOSED
NG-RD-000349,ROAD,INTERNAL,false,ABSENT_BY_DESIGN_PRELIVE,PASS_FAIL_CLOSED
NG-RD-000350,ROAD,INTERNAL,false,ABSENT_BY_DESIGN_PRELIVE,PASS_FAIL_CLOSED
NG-FEAT-000002,GEOGRAPHIC_FEATURE,INTERNAL,false,ABSENT_BY_DESIGN_PRELIVE,PASS_FAIL_CLOSED
NG-FEAT-000003,GEOGRAPHIC_FEATURE,INTERNAL,false,ABSENT_BY_DESIGN_PRELIVE,PASS_FAIL_CLOSED
NG-FEAT-000004,GEOGRAPHIC_FEATURE,INTERNAL,false,ABSENT_BY_DESIGN_PRELIVE,PASS_FAIL_CLOSED
NG-FEAT-000005,GEOGRAPHIC_FEATURE,INTERNAL,false,ABSENT_BY_DESIGN_PRELIVE,PASS_FAIL_CLOSED
NG-FEAT-000006,GEOGRAPHIC_FEATURE,INTERNAL,false,ABSENT_BY_DESIGN_PRELIVE,PASS_FAIL_CLOSED
NG-FEAT-000007,GEOGRAPHIC_FEATURE,INTERNAL,false,ABSENT_BY_DESIGN_PRELIVE,PASS_FAIL_CLOSED
NG-FEAT-000008,GEOGRAPHIC_FEATURE,INTERNAL,false,ABSENT_BY_DESIGN_PRELIVE,PASS_FAIL_CLOSED
NG-FEAT-000009,GEOGRAPHIC_FEATURE,INTERNAL,false,ABSENT_BY_DESIGN_PRELIVE,PASS_FAIL_CLOSED
NG-FEAT-000010,GEOGRAPHIC_FEATURE,INTERNAL,false,ABSENT_BY_DESIGN_PRELIVE,PASS_FAIL_CLOSED
NG-FEAT-000011,GEOGRAPHIC_FEATURE,INTERNAL,false,ABSENT_BY_DESIGN_PRELIVE,PASS_FAIL_CLOSED
NG-FEAT-000012,GEOGRAPHIC_FEATURE,INTERNAL,false,ABSENT_BY_DESIGN_PRELIVE,PASS_FAIL_CLOSED
NG-FEAT-000013,GEOGRAPHIC_FEATURE,INTERNAL,false,ABSENT_BY_DESIGN_PRELIVE,PASS_FAIL_CLOSED
NG-FEAT-000014,GEOGRAPHIC_FEATURE,INTERNAL,false,ABSENT_BY_DESIGN_PRELIVE,PASS_FAIL_CLOSED
NG-FEAT-000015,GEOGRAPHIC_FEATURE,INTERNAL,false,ABSENT_BY_DESIGN_PRELIVE,PASS_FAIL_CLOSED
NG-FEAT-000016,GEOGRAPHIC_FEATURE,INTERNAL,false,ABSENT_BY_DESIGN_PRELIVE,PASS_FAIL_CLOSED
NG-FEAT-000017,GEOGRAPHIC_FEATURE,INTERNAL,false,ABSENT_BY_DESIGN_PRELIVE,PASS_FAIL_CLOSED
NG-FEAT-000018,GEOGRAPHIC_FEATURE,INTERNAL,false,ABSENT_BY_DESIGN_PRELIVE,PASS_FAIL_CLOSED
NG-FEAT-000019,GEOGRAPHIC_FEATURE,INTERNAL,false,ABSENT_BY_DESIGN_PRELIVE,PASS_FAIL_CLOSED
NG-FEAT-000020,GEOGRAPHIC_FEATURE,INTERNAL,false,ABSENT_BY_DESIGN_PRELIVE,PASS_FAIL_CLOSED
NG-FEAT-000021,GEOGRAPHIC_FEATURE,INTERNAL,false,ABSENT_BY_DESIGN_PRELIVE,PASS_FAIL_CLOSED
