alignment_id,object_family,source_record_id,candidate_id,canonical_id,canonical_ordinal,source_path,source_sha256,identity_status,geometry_status,geometry_id,database_verification_status,runtime_effect_scope,notes
align:nngla:place:NG-PLC-000001,PLACE,NGP-000001,NG-NAM-SET-000001,NG-PLC-000001,1,data/novegeo/nngla/geographic-identity-places/source/04_name_catalogues/settlement_name_catalogue.csv,e6598eb8f5ca85351c11fe23629ec834d6130428a200a046ac37ddab19a4b616,CANONICAL_IDENTITY_PRESERVED_FROM_LOCKED_SUFFIX_ALLOCATION,NO_ASSOCIABLE_GEOMETRY_SOURCE,,LOCKED_BASELINE_ASSERTED_REQUIRES_LIVE_RECHECK,SHARED_REFERENCE,Spatial association remains deferred until governed settlement geometry exists.
align:nngla:place:NG-PLC-000002,PLACE,NGP-000002,NG-NAM-SET-000002,NG-PLC-000002,2,data/novegeo/nngla/geographic-identity-places/source/04_name_catalogues/settlement_name_catalogue.csv,e6598eb8f5ca85351c11fe23629ec834d6130428a200a046ac37ddab19a4b616,CANONICAL_IDENTITY_PRESERVED_FROM_LOCKED_SUFFIX_ALLOCATION,NO_ASSOCIABLE_GEOMETRY_SOURCE,,LOCKED_BASELINE_ASSERTED_REQUIRES_LIVE_RECHECK,SHARED_REFERENCE,Spatial association remains deferred until governed settlement geometry exists.
align:nngla:place:NG-PLC-000003,PLACE,NGP-000003,NG-NAM-SET-000003,NG-PLC-000003,3,data/novegeo/nngla/geographic-identity-places/source/04_name_catalogues/settlement_name_catalogue.csv,e6598eb8f5ca85351c11fe23629ec834d6130428a200a046ac37ddab19a4b616,CANONICAL_IDENTITY_PRESERVED_FROM_LOCKED_SUFFIX_ALLOCATION,NO_ASSOCIABLE_GEOMETRY_SOURCE,,LOCKED_BASELINE_ASSERTED_REQUIRES_LIVE_RECHECK,SHARED_REFERENCE,Spatial association remains deferred until governed settlement geometry exists.
align:nngla:place:NG-PLC-000004,PLACE,NGP-000004,NG-NAM-SET-000004,NG-PLC-000004,4,data/novegeo/nngla/geographic-identity-places/source/04_name_catalogues/settlement_name_catalogue.csv,e6598eb8f5ca85351c11fe23629ec834d6130428a200a046ac37ddab19a4b616,CANONICAL_IDENTITY_PRESERVED_FROM_LOCKED_SUFFIX_ALLOCATION,NO_ASSOCIABLE_GEOMETRY_SOURCE,,LOCKED_BASELINE_ASSERTED_REQUIRES_LIVE_RECHECK,SHARED_REFERENCE,Spatial association remains deferred until governed settlement geometry exists.
align:nngla:place:NG-PLC-000005,PLACE,NGP-000005,NG-NAM-SET-000005,NG-PLC-000005,5,data/novegeo/nngla/geographic-identity-places/source/04_name_catalogues/settlement_name_catalogue.csv,e6598eb8f5ca85351c11fe23629ec834d6130428a200a046ac37ddab19a4b616,CANONICAL_IDENTITY_PRESERVED_FROM_LOCKED_SUFFIX_ALLOCATION,NO_ASSOCIABLE_GEOMETRY_SOURCE,,LOCKED_BASELINE_ASSERTED_REQUIRES_LIVE_RECHECK,SHARED_REFERENCE,Spatial association remains deferred until governed settlement geometry exists.
align:nngla:place:NG-PLC-000006,PLACE,NGP-000006,NG-NAM-SET-000006,NG-PLC-000006,6,data/novegeo/nngla/geographic-identity-places/source/04_name_catalogues/settlement_name_catalogue.csv,e6598eb8f5ca85351c11fe23629ec834d6130428a200a046ac37ddab19a4b616,CANONICAL_IDENTITY_PRESERVED_FROM_LOCKED_SUFFIX_ALLOCATION,NO_ASSOCIABLE_GEOMETRY_SOURCE,,LOCKED_BASELINE_ASSERTED_REQUIRES_LIVE_RECHECK,SHARED_REFERENCE,Spatial association remains deferred until governed settlement geometry exists.
align:nngla:place:NG-PLC-000007,PLACE,NGP-000007,NG-NAM-SET-000007,NG-PLC-000007,7,data/novegeo/nngla/geographic-identity-places/source/04_name_catalogues/settlement_name_catalogue.csv,e6598eb8f5ca85351c11fe23629ec834d6130428a200a046ac37ddab19a4b616,CANONICAL_IDENTITY_PRESERVED_FROM_LOCKED_SUFFIX_ALLOCATION,NO_ASSOCIABLE_GEOMETRY_SOURCE,,LOCKED_BASELINE_ASSERTED_REQUIRES_LIVE_RECHECK,SHARED_REFERENCE,Spatial association remains deferred until governed settlement geometry exists.
align:nngla:place:NG-PLC-000008,PLACE,NGP-000008,NG-NAM-SET-000008,NG-PLC-000008,8,data/novegeo/nngla/geographic-identity-places/source/04_name_catalogues/settlement_name_catalogue.csv,e6598eb8f5ca85351c11fe23629ec834d6130428a200a046ac37ddab19a4b616,CANONICAL_IDENTITY_PRESERVED_FROM_LOCKED_SUFFIX_ALLOCATION,NO_ASSOCIABLE_GEOMETRY_SOURCE,,LOCKED_BASELINE_ASSERTED_REQUIRES_LIVE_RECHECK,SHARED_REFERENCE,Spatial association remains deferred until governed settlement geometry exists.
align:nngla:place:NG-PLC-000009,PLACE,NGP-000009,NG-NAM-SET-000009,NG-PLC-000009,9,data/novegeo/nngla/geographic-identity-places/source/04_name_catalogues/settlement_name_catalogue.csv,e6598eb8f5ca85351c11fe23629ec834d6130428a200a046ac37ddab19a4b616,CANONICAL_IDENTITY_PRESERVED_FROM_LOCKED_SUFFIX_ALLOCATION,NO_ASSOCIABLE_GEOMETRY_SOURCE,,LOCKED_BASELINE_ASSERTED_REQUIRES_LIVE_RECHECK,SHARED_REFERENCE,Spatial association remains deferred until governed settlement geometry exists.
align:nngla:place:NG-PLC-000010,PLACE,NGP-000010,NG-NAM-SET-000010,NG-PLC-000010,10,data/novegeo/nngla/geographic-identity-places/source/04_name_catalogues/settlement_name_catalogue.csv,e6598eb8f5ca85351c11fe23629ec834d6130428a200a046ac37ddab19a4b616,CANONICAL_IDENTITY_PRESERVED_FROM_LOCKED_SUFFIX_ALLOCATION,NO_ASSOCIABLE_GEOMETRY_SOURCE,,LOCKED_BASELINE_ASSERTED_REQUIRES_LIVE_RECHECK,SHARED_REFERENCE,Spatial association remains deferred until governed settlement geometry exists.
align:nngla:place:NG-PLC-000011,PLACE,NGP-000011,NG-NAM-SET-000011,NG-PLC-000011,11,data/novegeo/nngla/geographic-identity-places/source/04_name_catalogues/settlement_name_catalogue.csv,e6598eb8f5ca85351c11fe23629ec834d6130428a200a046ac37ddab19a4b616,CANONICAL_IDENTITY_PRESERVED_FROM_LOCKED_SUFFIX_ALLOCATION,NO_ASSOCIABLE_GEOMETRY_SOURCE,,LOCKED_BASELINE_ASSERTED_REQUIRES_LIVE_RECHECK,SHARED_REFERENCE,Spatial association remains deferred until governed settlement geometry exists.
align:nngla:place:NG-PLC-000012,PLACE,NGP-000012,NG-NAM-SET-000012,NG-PLC-000012,12,data/novegeo/nngla/geographic-identity-places/source/04_name_catalogues/settlement_name_catalogue.csv,e6598eb8f5ca85351c11fe23629ec834d6130428a200a046ac37ddab19a4b616,CANONICAL_IDENTITY_PRESERVED_FROM_LOCKED_SUFFIX_ALLOCATION,NO_ASSOCIABLE_GEOMETRY_SOURCE,,LOCKED_BASELINE_ASSERTED_REQUIRES_LIVE_RECHECK,SHARED_REFERENCE,Spatial association remains deferred until governed settlement geometry exists.
align:nngla:place:NG-PLC-000013,PLACE,NGP-000013,NG-NAM-SET-000013,NG-PLC-000013,13,data/novegeo/nngla/geographic-identity-places/source/04_name_catalogues/settlement_name_catalogue.csv,e6598eb8f5ca85351c11fe23629ec834d6130428a200a046ac37ddab19a4b616,CANONICAL_IDENTITY_PRESERVED_FROM_LOCKED_SUFFIX_ALLOCATION,NO_ASSOCIABLE_GEOMETRY_SOURCE,,LOCKED_BASELINE_ASSERTED_REQUIRES_LIVE_RECHECK,SHARED_REFERENCE,Spatial association remains deferred until governed settlement geometry exists.
align:nngla:place:NG-PLC-000014,PLACE,NGP-000014,NG-NAM-SET-000014,NG-PLC-000014,14,data/novegeo/nngla/geographic-identity-places/source/04_name_catalogues/settlement_name_catalogue.csv,e6598eb8f5ca85351c11fe23629ec834d6130428a200a046ac37ddab19a4b616,CANONICAL_IDENTITY_PRESERVED_FROM_LOCKED_SUFFIX_ALLOCATION,NO_ASSOCIABLE_GEOMETRY_SOURCE,,LOCKED_BASELINE_ASSERTED_REQUIRES_LIVE_RECHECK,SHARED_REFERENCE,Spatial association remains deferred until governed settlement geometry exists.
align:nngla:place:NG-PLC-000015,PLACE,NGP-000015,NG-NAM-SET-000015,NG-PLC-000015,15,data/novegeo/nngla/geographic-identity-places/source/04_name_catalogues/settlement_name_catalogue.csv,e6598eb8f5ca85351c11fe23629ec834d6130428a200a046ac37ddab19a4b616,CANONICAL_IDENTITY_PRESERVED_FROM_LOCKED_SUFFIX_ALLOCATION,NO_ASSOCIABLE_GEOMETRY_SOURCE,,LOCKED_BASELINE_ASSERTED_REQUIRES_LIVE_RECHECK,SHARED_REFERENCE,Spatial association remains deferred until governed settlement geometry exists.
align:nngla:place:NG-PLC-000016,PLACE,NGP-000016,NG-NAM-SET-000016,NG-PLC-000016,16,data/novegeo/nngla/geographic-identity-places/source/04_name_catalogues/settlement_name_catalogue.csv,e6598eb8f5ca85351c11fe23629ec834d6130428a200a046ac37ddab19a4b616,CANONICAL_IDENTITY_PRESERVED_FROM_LOCKED_SUFFIX_ALLOCATION,NO_ASSOCIABLE_GEOMETRY_SOURCE,,LOCKED_BASELINE_ASSERTED_REQUIRES_LIVE_RECHECK,SHARED_REFERENCE,Spatial association remains deferred until governed settlement geometry exists.
align:nngla:place:NG-PLC-000017,PLACE,NGP-000017,NG-NAM-SET-000017,NG-PLC-000017,17,data/novegeo/nngla/geographic-identity-places/source/04_name_catalogues/settlement_name_catalogue.csv,e6598eb8f5ca85351c11fe23629ec834d6130428a200a046ac37ddab19a4b616,CANONICAL_IDENTITY_PRESERVED_FROM_LOCKED_SUFFIX_ALLOCATION,NO_ASSOCIABLE_GEOMETRY_SOURCE,,LOCKED_BASELINE_ASSERTED_REQUIRES_LIVE_RECHECK,SHARED_REFERENCE,Spatial association remains deferred until governed settlement geometry exists.
align:nngla:place:NG-PLC-000018,PLACE,NGP-000018,NG-NAM-SET-000018,NG-PLC-000018,18,data/novegeo/nngla/geographic-identity-places/source/04_name_catalogues/settlement_name_catalogue.csv,e6598eb8f5ca85351c11fe23629ec834d6130428a200a046ac37ddab19a4b616,CANONICAL_IDENTITY_PRESERVED_FROM_LOCKED_SUFFIX_ALLOCATION,NO_ASSOCIABLE_GEOMETRY_SOURCE,,LOCKED_BASELINE_ASSERTED_REQUIRES_LIVE_RECHECK,SHARED_REFERENCE,Spatial association remains deferred until governed settlement geometry exists.
align:nngla:place:NG-PLC-000019,PLACE,NGP-000019,NG-NAM-SET-000019,NG-PLC-000019,19,data/novegeo/nngla/geographic-identity-places/source/04_name_catalogues/settlement_name_catalogue.csv,e6598eb8f5ca85351c11fe23629ec834d6130428a200a046ac37ddab19a4b616,CANONICAL_IDENTITY_PRESERVED_FROM_LOCKED_SUFFIX_ALLOCATION,NO_ASSOCIABLE_GEOMETRY_SOURCE,,LOCKED_BASELINE_ASSERTED_REQUIRES_LIVE_RECHECK,SHARED_REFERENCE,Spatial association remains deferred until governed settlement geometry exists.
align:nngla:place:NG-PLC-000020,PLACE,NGP-000020,NG-NAM-SET-000020,NG-PLC-000020,20,data/novegeo/nngla/geographic-identity-places/source/04_name_catalogues/settlement_name_catalogue.csv,e6598eb8f5ca85351c11fe23629ec834d6130428a200a046ac37ddab19a4b616,CANONICAL_IDENTITY_PRESERVED_FROM_LOCKED_SUFFIX_ALLOCATION,NO_ASSOCIABLE_GEOMETRY_SOURCE,,LOCKED_BASELINE_ASSERTED_REQUIRES_LIVE_RECHECK,SHARED_REFERENCE,Spatial association remains deferred until governed settlement geometry exists.
align:nngla:place:NG-PLC-000021,PLACE,NGP-000021,NG-NAM-SET-000021,NG-PLC-000021,21,data/novegeo/nngla/geographic-identity-places/source/04_name_catalogues/settlement_name_catalogue.csv,e6598eb8f5ca85351c11fe23629ec834d6130428a200a046ac37ddab19a4b616,CANONICAL_IDENTITY_PRESERVED_FROM_LOCKED_SUFFIX_ALLOCATION,NO_ASSOCIABLE_GEOMETRY_SOURCE,,LOCKED_BASELINE_ASSERTED_REQUIRES_LIVE_RECHECK,SHARED_REFERENCE,Spatial association remains deferred until governed settlement geometry exists.
align:nngla:place:NG-PLC-000022,PLACE,NGP-000022,NG-NAM-SET-000022,NG-PLC-000022,22,data/novegeo/nngla/geographic-identity-places/source/04_name_catalogues/settlement_name_catalogue.csv,e6598eb8f5ca85351c11fe23629ec834d6130428a200a046ac37ddab19a4b616,CANONICAL_IDENTITY_PRESERVED_FROM_LOCKED_SUFFIX_ALLOCATION,NO_ASSOCIABLE_GEOMETRY_SOURCE,,LOCKED_BASELINE_ASSERTED_REQUIRES_LIVE_RECHECK,SHARED_REFERENCE,Spatial association remains deferred until governed settlement geometry exists.
align:nngla:place:NG-PLC-000023,PLACE,NGP-000023,NG-NAM-SET-000023,NG-PLC-000023,23,data/novegeo/nngla/geographic-identity-places/source/04_name_catalogues/settlement_name_catalogue.csv,e6598eb8f5ca85351c11fe23629ec834d6130428a200a046ac37ddab19a4b616,CANONICAL_IDENTITY_PRESERVED_FROM_LOCKED_SUFFIX_ALLOCATION,NO_ASSOCIABLE_GEOMETRY_SOURCE,,LOCKED_BASELINE_ASSERTED_REQUIRES_LIVE_RECHECK,SHARED_REFERENCE,Spatial association remains deferred until governed settlement geometry exists.
align:nngla:place:NG-PLC-000024,PLACE,NGP-000024,NG-NAM-SET-000024,NG-PLC-000024,24,data/novegeo/nngla/geographic-identity-places/source/04_name_catalogues/settlement_name_catalogue.csv,e6598eb8f5ca85351c11fe23629ec834d6130428a200a046ac37ddab19a4b616,CANONICAL_IDENTITY_PRESERVED_FROM_LOCKED_SUFFIX_ALLOCATION,NO_ASSOCIABLE_GEOMETRY_SOURCE,,LOCKED_BASELINE_ASSERTED_REQUIRES_LIVE_RECHECK,SHARED_REFERENCE,Spatial association remains deferred until governed settlement geometry exists.
align:nngla:place:NG-PLC-000025,PLACE,NGP-000025,NG-NAM-SET-000025,NG-PLC-000025,25,data/novegeo/nngla/geographic-identity-places/source/04_name_catalogues/settlement_name_catalogue.csv,e6598eb8f5ca85351c11fe23629ec834d6130428a200a046ac37ddab19a4b616,CANONICAL_IDENTITY_PRESERVED_FROM_LOCKED_SUFFIX_ALLOCATION,NO_ASSOCIABLE_GEOMETRY_SOURCE,,LOCKED_BASELINE_ASSERTED_REQUIRES_LIVE_RECHECK,SHARED_REFERENCE,Spatial association remains deferred until governed settlement geometry exists.
align:nngla:place:NG-PLC-000026,PLACE,NGP-000026,NG-NAM-SET-000026,NG-PLC-000026,26,data/novegeo/nngla/geographic-identity-places/source/04_name_catalogues/settlement_name_catalogue.csv,e6598eb8f5ca85351c11fe23629ec834d6130428a200a046ac37ddab19a4b616,CANONICAL_IDENTITY_PRESERVED_FROM_LOCKED_SUFFIX_ALLOCATION,NO_ASSOCIABLE_GEOMETRY_SOURCE,,LOCKED_BASELINE_ASSERTED_REQUIRES_LIVE_RECHECK,SHARED_REFERENCE,Spatial association remains deferred until governed settlement geometry exists.
align:nngla:place:NG-PLC-000027,PLACE,NGP-000027,NG-NAM-SET-000027,NG-PLC-000027,27,data/novegeo/nngla/geographic-identity-places/source/04_name_catalogues/settlement_name_catalogue.csv,e6598eb8f5ca85351c11fe23629ec834d6130428a200a046ac37ddab19a4b616,CANONICAL_IDENTITY_PRESERVED_FROM_LOCKED_SUFFIX_ALLOCATION,NO_ASSOCIABLE_GEOMETRY_SOURCE,,LOCKED_BASELINE_ASSERTED_REQUIRES_LIVE_RECHECK,SHARED_REFERENCE,Spatial association remains deferred until governed settlement geometry exists.
align:nngla:place:NG-PLC-000028,PLACE,NGP-000028,NG-NAM-SET-000028,NG-PLC-000028,28,data/novegeo/nngla/geographic-identity-places/source/04_name_catalogues/settlement_name_catalogue.csv,e6598eb8f5ca85351c11fe23629ec834d6130428a200a046ac37ddab19a4b616,CANONICAL_IDENTITY_PRESERVED_FROM_LOCKED_SUFFIX_ALLOCATION,NO_ASSOCIABLE_GEOMETRY_SOURCE,,LOCKED_BASELINE_ASSERTED_REQUIRES_LIVE_RECHECK,SHARED_REFERENCE,Spatial association remains deferred until governed settlement geometry exists.
align:nngla:place:NG-PLC-000029,PLACE,NGP-000029,NG-NAM-SET-000029,NG-PLC-000029,29,data/novegeo/nngla/geographic-identity-places/source/04_name_catalogues/settlement_name_catalogue.csv,e6598eb8f5ca85351c11fe23629ec834d6130428a200a046ac37ddab19a4b616,CANONICAL_IDENTITY_PRESERVED_FROM_LOCKED_SUFFIX_ALLOCATION,NO_ASSOCIABLE_GEOMETRY_SOURCE,,LOCKED_BASELINE_ASSERTED_REQUIRES_LIVE_RECHECK,SHARED_REFERENCE,Spatial association remains deferred until governed settlement geometry exists.
align:nngla:place:NG-PLC-000030,PLACE,NGP-000030,NG-NAM-SET-000030,NG-PLC-000030,30,data/novegeo/nngla/geographic-identity-places/source/04_name_catalogues/settlement_name_catalogue.csv,e6598eb8f5ca85351c11fe23629ec834d6130428a200a046ac37ddab19a4b616,CANONICAL_IDENTITY_PRESERVED_FROM_LOCKED_SUFFIX_ALLOCATION,NO_ASSOCIABLE_GEOMETRY_SOURCE,,LOCKED_BASELINE_ASSERTED_REQUIRES_LIVE_RECHECK,SHARED_REFERENCE,Spatial association remains deferred until governed settlement geometry exists.
align:nngla:place:NG-PLC-000031,PLACE,NGP-000031,NG-NAM-SET-000031,NG-PLC-000031,31,data/novegeo/nngla/geographic-identity-places/source/04_name_catalogues/settlement_name_catalogue.csv,e6598eb8f5ca85351c11fe23629ec834d6130428a200a046ac37ddab19a4b616,CANONICAL_IDENTITY_PRESERVED_FROM_LOCKED_SUFFIX_ALLOCATION,NO_ASSOCIABLE_GEOMETRY_SOURCE,,LOCKED_BASELINE_ASSERTED_REQUIRES_LIVE_RECHECK,SHARED_REFERENCE,Spatial association remains deferred until governed settlement geometry exists.
align:nngla:place:NG-PLC-000032,PLACE,NGP-000032,NG-NAM-SET-000032,NG-PLC-000032,32,data/novegeo/nngla/geographic-identity-places/source/04_name_catalogues/settlement_name_catalogue.csv,e6598eb8f5ca85351c11fe23629ec834d6130428a200a046ac37ddab19a4b616,CANONICAL_IDENTITY_PRESERVED_FROM_LOCKED_SUFFIX_ALLOCATION,NO_ASSOCIABLE_GEOMETRY_SOURCE,,LOCKED_BASELINE_ASSERTED_REQUIRES_LIVE_RECHECK,SHARED_REFERENCE,Spatial association remains deferred until governed settlement geometry exists.
align:nngla:place:NG-PLC-000033,PLACE,NGP-000033,NG-NAM-SET-000033,NG-PLC-000033,33,data/novegeo/nngla/geographic-identity-places/source/04_name_catalogues/settlement_name_catalogue.csv,e6598eb8f5ca85351c11fe23629ec834d6130428a200a046ac37ddab19a4b616,CANONICAL_IDENTITY_PRESERVED_FROM_LOCKED_SUFFIX_ALLOCATION,NO_ASSOCIABLE_GEOMETRY_SOURCE,,LOCKED_BASELINE_ASSERTED_REQUIRES_LIVE_RECHECK,SHARED_REFERENCE,Spatial association remains deferred until governed settlement geometry exists.
align:nngla:place:NG-PLC-000034,PLACE,NGP-000034,NG-NAM-SET-000034,NG-PLC-000034,34,data/novegeo/nngla/geographic-identity-places/source/04_name_catalogues/settlement_name_catalogue.csv,e6598eb8f5ca85351c11fe23629ec834d6130428a200a046ac37ddab19a4b616,CANONICAL_IDENTITY_PRESERVED_FROM_LOCKED_SUFFIX_ALLOCATION,NO_ASSOCIABLE_GEOMETRY_SOURCE,,LOCKED_BASELINE_ASSERTED_REQUIRES_LIVE_RECHECK,SHARED_REFERENCE,Spatial association remains deferred until governed settlement geometry exists.
align:nngla:place:NG-PLC-000035,PLACE,NGP-000035,NG-NAM-SET-000035,NG-PLC-000035,35,data/novegeo/nngla/geographic-identity-places/source/04_name_catalogues/settlement_name_catalogue.csv,e6598eb8f5ca85351c11fe23629ec834d6130428a200a046ac37ddab19a4b616,CANONICAL_IDENTITY_PRESERVED_FROM_LOCKED_SUFFIX_ALLOCATION,NO_ASSOCIABLE_GEOMETRY_SOURCE,,LOCKED_BASELINE_ASSERTED_REQUIRES_LIVE_RECHECK,SHARED_REFERENCE,Spatial association remains deferred until governed settlement geometry exists.
align:nngla:place:NG-PLC-000036,PLACE,NGP-000036,NG-NAM-SET-000036,NG-PLC-000036,36,data/novegeo/nngla/geographic-identity-places/source/04_name_catalogues/settlement_name_catalogue.csv,e6598eb8f5ca85351c11fe23629ec834d6130428a200a046ac37ddab19a4b616,CANONICAL_IDENTITY_PRESERVED_FROM_LOCKED_SUFFIX_ALLOCATION,NO_ASSOCIABLE_GEOMETRY_SOURCE,,LOCKED_BASELINE_ASSERTED_REQUIRES_LIVE_RECHECK,SHARED_REFERENCE,Spatial association remains deferred until governed settlement geometry exists.
align:nngla:place:NG-PLC-000037,PLACE,NGP-000037,NG-NAM-SET-000037,NG-PLC-000037,37,data/novegeo/nngla/geographic-identity-places/source/04_name_catalogues/settlement_name_catalogue.csv,e6598eb8f5ca85351c11fe23629ec834d6130428a200a046ac37ddab19a4b616,CANONICAL_IDENTITY_PRESERVED_FROM_LOCKED_SUFFIX_ALLOCATION,NO_ASSOCIABLE_GEOMETRY_SOURCE,,LOCKED_BASELINE_ASSERTED_REQUIRES_LIVE_RECHECK,SHARED_REFERENCE,Spatial association remains deferred until governed settlement geometry exists.
align:nngla:place:NG-PLC-000038,PLACE,NGP-000038,NG-NAM-SET-000038,NG-PLC-000038,38,data/novegeo/nngla/geographic-identity-places/source/04_name_catalogues/settlement_name_catalogue.csv,e6598eb8f5ca85351c11fe23629ec834d6130428a200a046ac37ddab19a4b616,CANONICAL_IDENTITY_PRESERVED_FROM_LOCKED_SUFFIX_ALLOCATION,NO_ASSOCIABLE_GEOMETRY_SOURCE,,LOCKED_BASELINE_ASSERTED_REQUIRES_LIVE_RECHECK,SHARED_REFERENCE,Spatial association remains deferred until governed settlement geometry exists.
align:nngla:place:NG-PLC-000039,PLACE,NGP-000039,NG-NAM-SET-000039,NG-PLC-000039,39,data/novegeo/nngla/geographic-identity-places/source/04_name_catalogues/settlement_name_catalogue.csv,e6598eb8f5ca85351c11fe23629ec834d6130428a200a046ac37ddab19a4b616,CANONICAL_IDENTITY_PRESERVED_FROM_LOCKED_SUFFIX_ALLOCATION,NO_ASSOCIABLE_GEOMETRY_SOURCE,,LOCKED_BASELINE_ASSERTED_REQUIRES_LIVE_RECHECK,SHARED_REFERENCE,Spatial association remains deferred until governed settlement geometry exists.
align:nngla:place:NG-PLC-000040,PLACE,NGP-000040,NG-NAM-SET-000040,NG-PLC-000040,40,data/novegeo/nngla/geographic-identity-places/source/04_name_catalogues/settlement_name_catalogue.csv,e6598eb8f5ca85351c11fe23629ec834d6130428a200a046ac37ddab19a4b616,CANONICAL_IDENTITY_PRESERVED_FROM_LOCKED_SUFFIX_ALLOCATION,NO_ASSOCIABLE_GEOMETRY_SOURCE,,LOCKED_BASELINE_ASSERTED_REQUIRES_LIVE_RECHECK,SHARED_REFERENCE,Spatial association remains deferred until governed settlement geometry exists.
align:nngla:place:NG-PLC-000041,PLACE,NGP-000041,NG-NAM-SET-000041,NG-PLC-000041,41,data/novegeo/nngla/geographic-identity-places/source/04_name_catalogues/settlement_name_catalogue.csv,e6598eb8f5ca85351c11fe23629ec834d6130428a200a046ac37ddab19a4b616,CANONICAL_IDENTITY_PRESERVED_FROM_LOCKED_SUFFIX_ALLOCATION,NO_ASSOCIABLE_GEOMETRY_SOURCE,,LOCKED_BASELINE_ASSERTED_REQUIRES_LIVE_RECHECK,SHARED_REFERENCE,Spatial association remains deferred until governed settlement geometry exists.
align:nngla:place:NG-PLC-000042,PLACE,NGP-000042,NG-NAM-SET-000042,NG-PLC-000042,42,data/novegeo/nngla/geographic-identity-places/source/04_name_catalogues/settlement_name_catalogue.csv,e6598eb8f5ca85351c11fe23629ec834d6130428a200a046ac37ddab19a4b616,CANONICAL_IDENTITY_PRESERVED_FROM_LOCKED_SUFFIX_ALLOCATION,NO_ASSOCIABLE_GEOMETRY_SOURCE,,LOCKED_BASELINE_ASSERTED_REQUIRES_LIVE_RECHECK,SHARED_REFERENCE,Spatial association remains deferred until governed settlement geometry exists.
align:nngla:place:NG-PLC-000043,PLACE,NGP-000043,NG-NAM-SET-000043,NG-PLC-000043,43,data/novegeo/nngla/geographic-identity-places/source/04_name_catalogues/settlement_name_catalogue.csv,e6598eb8f5ca85351c11fe23629ec834d6130428a200a046ac37ddab19a4b616,CANONICAL_IDENTITY_PRESERVED_FROM_LOCKED_SUFFIX_ALLOCATION,NO_ASSOCIABLE_GEOMETRY_SOURCE,,LOCKED_BASELINE_ASSERTED_REQUIRES_LIVE_RECHECK,SHARED_REFERENCE,Spatial association remains deferred until governed settlement geometry exists.
align:nngla:place:NG-PLC-000044,PLACE,NGP-000044,NG-NAM-SET-000044,NG-PLC-000044,44,data/novegeo/nngla/geographic-identity-places/source/04_name_catalogues/settlement_name_catalogue.csv,e6598eb8f5ca85351c11fe23629ec834d6130428a200a046ac37ddab19a4b616,CANONICAL_IDENTITY_PRESERVED_FROM_LOCKED_SUFFIX_ALLOCATION,NO_ASSOCIABLE_GEOMETRY_SOURCE,,LOCKED_BASELINE_ASSERTED_REQUIRES_LIVE_RECHECK,SHARED_REFERENCE,Spatial association remains deferred until governed settlement geometry exists.
align:nngla:place:NG-PLC-000045,PLACE,NGP-000045,NG-NAM-SET-000045,NG-PLC-000045,45,data/novegeo/nngla/geographic-identity-places/source/04_name_catalogues/settlement_name_catalogue.csv,e6598eb8f5ca85351c11fe23629ec834d6130428a200a046ac37ddab19a4b616,CANONICAL_IDENTITY_PRESERVED_FROM_LOCKED_SUFFIX_ALLOCATION,NO_ASSOCIABLE_GEOMETRY_SOURCE,,LOCKED_BASELINE_ASSERTED_REQUIRES_LIVE_RECHECK,SHARED_REFERENCE,Spatial association remains deferred until governed settlement geometry exists.
align:nngla:place:NG-PLC-000046,PLACE,NGP-000046,NG-NAM-SET-000046,NG-PLC-000046,46,data/novegeo/nngla/geographic-identity-places/source/04_name_catalogues/settlement_name_catalogue.csv,e6598eb8f5ca85351c11fe23629ec834d6130428a200a046ac37ddab19a4b616,CANONICAL_IDENTITY_PRESERVED_FROM_LOCKED_SUFFIX_ALLOCATION,NO_ASSOCIABLE_GEOMETRY_SOURCE,,LOCKED_BASELINE_ASSERTED_REQUIRES_LIVE_RECHECK,SHARED_REFERENCE,Spatial association remains deferred until governed settlement geometry exists.
align:nngla:place:NG-PLC-000047,PLACE,NGP-000047,NG-NAM-SET-000047,NG-PLC-000047,47,data/novegeo/nngla/geographic-identity-places/source/04_name_catalogues/settlement_name_catalogue.csv,e6598eb8f5ca85351c11fe23629ec834d6130428a200a046ac37ddab19a4b616,CANONICAL_IDENTITY_PRESERVED_FROM_LOCKED_SUFFIX_ALLOCATION,NO_ASSOCIABLE_GEOMETRY_SOURCE,,LOCKED_BASELINE_ASSERTED_REQUIRES_LIVE_RECHECK,SHARED_REFERENCE,Spatial association remains deferred until governed settlement geometry exists.
align:nngla:place:NG-PLC-000048,PLACE,NGP-000048,NG-NAM-SET-000048,NG-PLC-000048,48,data/novegeo/nngla/geographic-identity-places/source/04_name_catalogues/settlement_name_catalogue.csv,e6598eb8f5ca85351c11fe23629ec834d6130428a200a046ac37ddab19a4b616,CANONICAL_IDENTITY_PRESERVED_FROM_LOCKED_SUFFIX_ALLOCATION,NO_ASSOCIABLE_GEOMETRY_SOURCE,,LOCKED_BASELINE_ASSERTED_REQUIRES_LIVE_RECHECK,SHARED_REFERENCE,Spatial association remains deferred until governed settlement geometry exists.
align:nngla:place:NG-PLC-000049,PLACE,NGP-000049,NG-NAM-SET-000049,NG-PLC-000049,49,data/novegeo/nngla/geographic-identity-places/source/04_name_catalogues/settlement_name_catalogue.csv,e6598eb8f5ca85351c11fe23629ec834d6130428a200a046ac37ddab19a4b616,CANONICAL_IDENTITY_PRESERVED_FROM_LOCKED_SUFFIX_ALLOCATION,NO_ASSOCIABLE_GEOMETRY_SOURCE,,LOCKED_BASELINE_ASSERTED_REQUIRES_LIVE_RECHECK,SHARED_REFERENCE,Spatial association remains deferred until governed settlement geometry exists.
align:nngla:place:NG-PLC-000050,PLACE,NGP-000050,NG-NAM-SET-000050,NG-PLC-000050,50,data/novegeo/nngla/geographic-identity-places/source/04_name_catalogues/settlement_name_catalogue.csv,e6598eb8f5ca85351c11fe23629ec834d6130428a200a046ac37ddab19a4b616,CANONICAL_IDENTITY_PRESERVED_FROM_LOCKED_SUFFIX_ALLOCATION,NO_ASSOCIABLE_GEOMETRY_SOURCE,,LOCKED_BASELINE_ASSERTED_REQUIRES_LIVE_RECHECK,SHARED_REFERENCE,Spatial association remains deferred until governed settlement geometry exists.
align:nngla:place:NG-PLC-000051,PLACE,NGP-000051,NG-NAM-SET-000051,NG-PLC-000051,51,data/novegeo/nngla/geographic-identity-places/source/04_name_catalogues/settlement_name_catalogue.csv,e6598eb8f5ca85351c11fe23629ec834d6130428a200a046ac37ddab19a4b616,CANONICAL_IDENTITY_PRESERVED_FROM_LOCKED_SUFFIX_ALLOCATION,NO_ASSOCIABLE_GEOMETRY_SOURCE,,LOCKED_BASELINE_ASSERTED_REQUIRES_LIVE_RECHECK,SHARED_REFERENCE,Spatial association remains deferred until governed settlement geometry exists.
align:nngla:place:NG-PLC-000052,PLACE,NGP-000052,NG-NAM-SET-000052,NG-PLC-000052,52,data/novegeo/nngla/geographic-identity-places/source/04_name_catalogues/settlement_name_catalogue.csv,e6598eb8f5ca85351c11fe23629ec834d6130428a200a046ac37ddab19a4b616,CANONICAL_IDENTITY_PRESERVED_FROM_LOCKED_SUFFIX_ALLOCATION,NO_ASSOCIABLE_GEOMETRY_SOURCE,,LOCKED_BASELINE_ASSERTED_REQUIRES_LIVE_RECHECK,SHARED_REFERENCE,Spatial association remains deferred until governed settlement geometry exists.
align:nngla:place:NG-PLC-000053,PLACE,NGP-000053,NG-NAM-SET-000053,NG-PLC-000053,53,data/novegeo/nngla/geographic-identity-places/source/04_name_catalogues/settlement_name_catalogue.csv,e6598eb8f5ca85351c11fe23629ec834d6130428a200a046ac37ddab19a4b616,CANONICAL_IDENTITY_PRESERVED_FROM_LOCKED_SUFFIX_ALLOCATION,NO_ASSOCIABLE_GEOMETRY_SOURCE,,LOCKED_BASELINE_ASSERTED_REQUIRES_LIVE_RECHECK,SHARED_REFERENCE,Spatial association remains deferred until governed settlement geometry exists.
align:nngla:place:NG-PLC-000054,PLACE,NGP-000054,NG-NAM-SET-000054,NG-PLC-000054,54,data/novegeo/nngla/geographic-identity-places/source/04_name_catalogues/settlement_name_catalogue.csv,e6598eb8f5ca85351c11fe23629ec834d6130428a200a046ac37ddab19a4b616,CANONICAL_IDENTITY_PRESERVED_FROM_LOCKED_SUFFIX_ALLOCATION,NO_ASSOCIABLE_GEOMETRY_SOURCE,,LOCKED_BASELINE_ASSERTED_REQUIRES_LIVE_RECHECK,SHARED_REFERENCE,Spatial association remains deferred until governed settlement geometry exists.
align:nngla:place:NG-PLC-000055,PLACE,NGP-000055,NG-NAM-SET-000055,NG-PLC-000055,55,data/novegeo/nngla/geographic-identity-places/source/04_name_catalogues/settlement_name_catalogue.csv,e6598eb8f5ca85351c11fe23629ec834d6130428a200a046ac37ddab19a4b616,CANONICAL_IDENTITY_PRESERVED_FROM_LOCKED_SUFFIX_ALLOCATION,NO_ASSOCIABLE_GEOMETRY_SOURCE,,LOCKED_BASELINE_ASSERTED_REQUIRES_LIVE_RECHECK,SHARED_REFERENCE,Spatial association remains deferred until governed settlement geometry exists.
align:nngla:place:NG-PLC-000056,PLACE,NGP-000056,NG-NAM-SET-000056,NG-PLC-000056,56,data/novegeo/nngla/geographic-identity-places/source/04_name_catalogues/settlement_name_catalogue.csv,e6598eb8f5ca85351c11fe23629ec834d6130428a200a046ac37ddab19a4b616,CANONICAL_IDENTITY_PRESERVED_FROM_LOCKED_SUFFIX_ALLOCATION,NO_ASSOCIABLE_GEOMETRY_SOURCE,,LOCKED_BASELINE_ASSERTED_REQUIRES_LIVE_RECHECK,SHARED_REFERENCE,Spatial association remains deferred until governed settlement geometry exists.
align:nngla:place:NG-PLC-000057,PLACE,NGP-000057,NG-NAM-SET-000057,NG-PLC-000057,57,data/novegeo/nngla/geographic-identity-places/source/04_name_catalogues/settlement_name_catalogue.csv,e6598eb8f5ca85351c11fe23629ec834d6130428a200a046ac37ddab19a4b616,CANONICAL_IDENTITY_PRESERVED_FROM_LOCKED_SUFFIX_ALLOCATION,NO_ASSOCIABLE_GEOMETRY_SOURCE,,LOCKED_BASELINE_ASSERTED_REQUIRES_LIVE_RECHECK,SHARED_REFERENCE,Spatial association remains deferred until governed settlement geometry exists.
align:nngla:place:NG-PLC-000058,PLACE,NGP-000058,NG-NAM-SET-000058,NG-PLC-000058,58,data/novegeo/nngla/geographic-identity-places/source/04_name_catalogues/settlement_name_catalogue.csv,e6598eb8f5ca85351c11fe23629ec834d6130428a200a046ac37ddab19a4b616,CANONICAL_IDENTITY_PRESERVED_FROM_LOCKED_SUFFIX_ALLOCATION,NO_ASSOCIABLE_GEOMETRY_SOURCE,,LOCKED_BASELINE_ASSERTED_REQUIRES_LIVE_RECHECK,SHARED_REFERENCE,Spatial association remains deferred until governed settlement geometry exists.
align:nngla:place:NG-PLC-000059,PLACE,NGP-000059,NG-NAM-SET-000059,NG-PLC-000059,59,data/novegeo/nngla/geographic-identity-places/source/04_name_catalogues/settlement_name_catalogue.csv,e6598eb8f5ca85351c11fe23629ec834d6130428a200a046ac37ddab19a4b616,CANONICAL_IDENTITY_PRESERVED_FROM_LOCKED_SUFFIX_ALLOCATION,NO_ASSOCIABLE_GEOMETRY_SOURCE,,LOCKED_BASELINE_ASSERTED_REQUIRES_LIVE_RECHECK,SHARED_REFERENCE,Spatial association remains deferred until governed settlement geometry exists.
align:nngla:place:NG-PLC-000060,PLACE,NGP-000060,NG-NAM-SET-000060,NG-PLC-000060,60,data/novegeo/nngla/geographic-identity-places/source/04_name_catalogues/settlement_name_catalogue.csv,e6598eb8f5ca85351c11fe23629ec834d6130428a200a046ac37ddab19a4b616,CANONICAL_IDENTITY_PRESERVED_FROM_LOCKED_SUFFIX_ALLOCATION,NO_ASSOCIABLE_GEOMETRY_SOURCE,,LOCKED_BASELINE_ASSERTED_REQUIRES_LIVE_RECHECK,SHARED_REFERENCE,Spatial association remains deferred until governed settlement geometry exists.
align:nngla:place:NG-PLC-000061,PLACE,NGP-000061,NG-NAM-SET-000061,NG-PLC-000061,61,data/novegeo/nngla/geographic-identity-places/source/04_name_catalogues/settlement_name_catalogue.csv,e6598eb8f5ca85351c11fe23629ec834d6130428a200a046ac37ddab19a4b616,CANONICAL_IDENTITY_PRESERVED_FROM_LOCKED_SUFFIX_ALLOCATION,NO_ASSOCIABLE_GEOMETRY_SOURCE,,LOCKED_BASELINE_ASSERTED_REQUIRES_LIVE_RECHECK,SHARED_REFERENCE,Spatial association remains deferred until governed settlement geometry exists.
align:nngla:place:NG-PLC-000062,PLACE,NGP-000062,NG-NAM-SET-000062,NG-PLC-000062,62,data/novegeo/nngla/geographic-identity-places/source/04_name_catalogues/settlement_name_catalogue.csv,e6598eb8f5ca85351c11fe23629ec834d6130428a200a046ac37ddab19a4b616,CANONICAL_IDENTITY_PRESERVED_FROM_LOCKED_SUFFIX_ALLOCATION,NO_ASSOCIABLE_GEOMETRY_SOURCE,,LOCKED_BASELINE_ASSERTED_REQUIRES_LIVE_RECHECK,SHARED_REFERENCE,Spatial association remains deferred until governed settlement geometry exists.
align:nngla:place:NG-PLC-000063,PLACE,NGP-000063,NG-NAM-SET-000063,NG-PLC-000063,63,data/novegeo/nngla/geographic-identity-places/source/04_name_catalogues/settlement_name_catalogue.csv,e6598eb8f5ca85351c11fe23629ec834d6130428a200a046ac37ddab19a4b616,CANONICAL_IDENTITY_PRESERVED_FROM_LOCKED_SUFFIX_ALLOCATION,NO_ASSOCIABLE_GEOMETRY_SOURCE,,LOCKED_BASELINE_ASSERTED_REQUIRES_LIVE_RECHECK,SHARED_REFERENCE,Spatial association remains deferred until governed settlement geometry exists.
align:nngla:place:NG-PLC-000064,PLACE,NGP-000064,NG-NAM-SET-000064,NG-PLC-000064,64,data/novegeo/nngla/geographic-identity-places/source/04_name_catalogues/settlement_name_catalogue.csv,e6598eb8f5ca85351c11fe23629ec834d6130428a200a046ac37ddab19a4b616,CANONICAL_IDENTITY_PRESERVED_FROM_LOCKED_SUFFIX_ALLOCATION,NO_ASSOCIABLE_GEOMETRY_SOURCE,,LOCKED_BASELINE_ASSERTED_REQUIRES_LIVE_RECHECK,SHARED_REFERENCE,Spatial association remains deferred until governed settlement geometry exists.
align:nngla:place:NG-PLC-000065,PLACE,NGP-000065,NG-NAM-SET-000065,NG-PLC-000065,65,data/novegeo/nngla/geographic-identity-places/source/04_name_catalogues/settlement_name_catalogue.csv,e6598eb8f5ca85351c11fe23629ec834d6130428a200a046ac37ddab19a4b616,CANONICAL_IDENTITY_PRESERVED_FROM_LOCKED_SUFFIX_ALLOCATION,NO_ASSOCIABLE_GEOMETRY_SOURCE,,LOCKED_BASELINE_ASSERTED_REQUIRES_LIVE_RECHECK,SHARED_REFERENCE,Spatial association remains deferred until governed settlement geometry exists.
align:nngla:place:NG-PLC-000066,PLACE,NGP-000066,NG-NAM-SET-000066,NG-PLC-000066,66,data/novegeo/nngla/geographic-identity-places/source/04_name_catalogues/settlement_name_catalogue.csv,e6598eb8f5ca85351c11fe23629ec834d6130428a200a046ac37ddab19a4b616,CANONICAL_IDENTITY_PRESERVED_FROM_LOCKED_SUFFIX_ALLOCATION,NO_ASSOCIABLE_GEOMETRY_SOURCE,,LOCKED_BASELINE_ASSERTED_REQUIRES_LIVE_RECHECK,SHARED_REFERENCE,Spatial association remains deferred until governed settlement geometry exists.
align:nngla:place:NG-PLC-000067,PLACE,NGP-000067,NG-NAM-SET-000067,NG-PLC-000067,67,data/novegeo/nngla/geographic-identity-places/source/04_name_catalogues/settlement_name_catalogue.csv,e6598eb8f5ca85351c11fe23629ec834d6130428a200a046ac37ddab19a4b616,CANONICAL_IDENTITY_PRESERVED_FROM_LOCKED_SUFFIX_ALLOCATION,NO_ASSOCIABLE_GEOMETRY_SOURCE,,LOCKED_BASELINE_ASSERTED_REQUIRES_LIVE_RECHECK,SHARED_REFERENCE,Spatial association remains deferred until governed settlement geometry exists.
align:nngla:place:NG-PLC-000068,PLACE,NGP-000068,NG-NAM-SET-000068,NG-PLC-000068,68,data/novegeo/nngla/geographic-identity-places/source/04_name_catalogues/settlement_name_catalogue.csv,e6598eb8f5ca85351c11fe23629ec834d6130428a200a046ac37ddab19a4b616,CANONICAL_IDENTITY_PRESERVED_FROM_LOCKED_SUFFIX_ALLOCATION,NO_ASSOCIABLE_GEOMETRY_SOURCE,,LOCKED_BASELINE_ASSERTED_REQUIRES_LIVE_RECHECK,SHARED_REFERENCE,Spatial association remains deferred until governed settlement geometry exists.
align:nngla:place:NG-PLC-000069,PLACE,NGP-000069,NG-NAM-SET-000069,NG-PLC-000069,69,data/novegeo/nngla/geographic-identity-places/source/04_name_catalogues/settlement_name_catalogue.csv,e6598eb8f5ca85351c11fe23629ec834d6130428a200a046ac37ddab19a4b616,CANONICAL_IDENTITY_PRESERVED_FROM_LOCKED_SUFFIX_ALLOCATION,NO_ASSOCIABLE_GEOMETRY_SOURCE,,LOCKED_BASELINE_ASSERTED_REQUIRES_LIVE_RECHECK,SHARED_REFERENCE,Spatial association remains deferred until governed settlement geometry exists.
align:nngla:place:NG-PLC-000070,PLACE,NGP-000070,NG-NAM-SET-000070,NG-PLC-000070,70,data/novegeo/nngla/geographic-identity-places/source/04_name_catalogues/settlement_name_catalogue.csv,e6598eb8f5ca85351c11fe23629ec834d6130428a200a046ac37ddab19a4b616,CANONICAL_IDENTITY_PRESERVED_FROM_LOCKED_SUFFIX_ALLOCATION,NO_ASSOCIABLE_GEOMETRY_SOURCE,,LOCKED_BASELINE_ASSERTED_REQUIRES_LIVE_RECHECK,SHARED_REFERENCE,Spatial association remains deferred until governed settlement geometry exists.
align:nngla:place:NG-PLC-000071,PLACE,NGP-000071,NG-NAM-SET-000071,NG-PLC-000071,71,data/novegeo/nngla/geographic-identity-places/source/04_name_catalogues/settlement_name_catalogue.csv,e6598eb8f5ca85351c11fe23629ec834d6130428a200a046ac37ddab19a4b616,CANONICAL_IDENTITY_PRESERVED_FROM_LOCKED_SUFFIX_ALLOCATION,NO_ASSOCIABLE_GEOMETRY_SOURCE,,LOCKED_BASELINE_ASSERTED_REQUIRES_LIVE_RECHECK,SHARED_REFERENCE,Spatial association remains deferred until governed settlement geometry exists.
align:nngla:place:NG-PLC-000072,PLACE,NGP-000072,NG-NAM-SET-000072,NG-PLC-000072,72,data/novegeo/nngla/geographic-identity-places/source/04_name_catalogues/settlement_name_catalogue.csv,e6598eb8f5ca85351c11fe23629ec834d6130428a200a046ac37ddab19a4b616,CANONICAL_IDENTITY_PRESERVED_FROM_LOCKED_SUFFIX_ALLOCATION,NO_ASSOCIABLE_GEOMETRY_SOURCE,,LOCKED_BASELINE_ASSERTED_REQUIRES_LIVE_RECHECK,SHARED_REFERENCE,Spatial association remains deferred until governed settlement geometry exists.
align:nngla:place:NG-PLC-000073,PLACE,NGP-000073,NG-NAM-SET-000073,NG-PLC-000073,73,data/novegeo/nngla/geographic-identity-places/source/04_name_catalogues/settlement_name_catalogue.csv,e6598eb8f5ca85351c11fe23629ec834d6130428a200a046ac37ddab19a4b616,CANONICAL_IDENTITY_PRESERVED_FROM_LOCKED_SUFFIX_ALLOCATION,NO_ASSOCIABLE_GEOMETRY_SOURCE,,LOCKED_BASELINE_ASSERTED_REQUIRES_LIVE_RECHECK,SHARED_REFERENCE,Spatial association remains deferred until governed settlement geometry exists.
align:nngla:place:NG-PLC-000074,PLACE,NGP-000074,NG-NAM-SET-000074,NG-PLC-000074,74,data/novegeo/nngla/geographic-identity-places/source/04_name_catalogues/settlement_name_catalogue.csv,e6598eb8f5ca85351c11fe23629ec834d6130428a200a046ac37ddab19a4b616,CANONICAL_IDENTITY_PRESERVED_FROM_LOCKED_SUFFIX_ALLOCATION,NO_ASSOCIABLE_GEOMETRY_SOURCE,,LOCKED_BASELINE_ASSERTED_REQUIRES_LIVE_RECHECK,SHARED_REFERENCE,Spatial association remains deferred until governed settlement geometry exists.
align:nngla:place:NG-PLC-000075,PLACE,NGP-000075,NG-NAM-SET-000075,NG-PLC-000075,75,data/novegeo/nngla/geographic-identity-places/source/04_name_catalogues/settlement_name_catalogue.csv,e6598eb8f5ca85351c11fe23629ec834d6130428a200a046ac37ddab19a4b616,CANONICAL_IDENTITY_PRESERVED_FROM_LOCKED_SUFFIX_ALLOCATION,NO_ASSOCIABLE_GEOMETRY_SOURCE,,LOCKED_BASELINE_ASSERTED_REQUIRES_LIVE_RECHECK,SHARED_REFERENCE,Spatial association remains deferred until governed settlement geometry exists.
align:nngla:place:NG-PLC-000076,PLACE,NGP-000076,NG-NAM-SET-000076,NG-PLC-000076,76,data/novegeo/nngla/geographic-identity-places/source/04_name_catalogues/settlement_name_catalogue.csv,e6598eb8f5ca85351c11fe23629ec834d6130428a200a046ac37ddab19a4b616,CANONICAL_IDENTITY_PRESERVED_FROM_LOCKED_SUFFIX_ALLOCATION,NO_ASSOCIABLE_GEOMETRY_SOURCE,,LOCKED_BASELINE_ASSERTED_REQUIRES_LIVE_RECHECK,SHARED_REFERENCE,Spatial association remains deferred until governed settlement geometry exists.
align:nngla:place:NG-PLC-000077,PLACE,NGP-000077,NG-NAM-SET-000077,NG-PLC-000077,77,data/novegeo/nngla/geographic-identity-places/source/04_name_catalogues/settlement_name_catalogue.csv,e6598eb8f5ca85351c11fe23629ec834d6130428a200a046ac37ddab19a4b616,CANONICAL_IDENTITY_PRESERVED_FROM_LOCKED_SUFFIX_ALLOCATION,NO_ASSOCIABLE_GEOMETRY_SOURCE,,LOCKED_BASELINE_ASSERTED_REQUIRES_LIVE_RECHECK,SHARED_REFERENCE,Spatial association remains deferred until governed settlement geometry exists.
align:nngla:place:NG-PLC-000078,PLACE,NGP-000078,NG-NAM-SET-000078,NG-PLC-000078,78,data/novegeo/nngla/geographic-identity-places/source/04_name_catalogues/settlement_name_catalogue.csv,e6598eb8f5ca85351c11fe23629ec834d6130428a200a046ac37ddab19a4b616,CANONICAL_IDENTITY_PRESERVED_FROM_LOCKED_SUFFIX_ALLOCATION,NO_ASSOCIABLE_GEOMETRY_SOURCE,,LOCKED_BASELINE_ASSERTED_REQUIRES_LIVE_RECHECK,SHARED_REFERENCE,Spatial association remains deferred until governed settlement geometry exists.
align:nngla:place:NG-PLC-000079,PLACE,NGP-000079,NG-NAM-SET-000079,NG-PLC-000079,79,data/novegeo/nngla/geographic-identity-places/source/04_name_catalogues/settlement_name_catalogue.csv,e6598eb8f5ca85351c11fe23629ec834d6130428a200a046ac37ddab19a4b616,CANONICAL_IDENTITY_PRESERVED_FROM_LOCKED_SUFFIX_ALLOCATION,NO_ASSOCIABLE_GEOMETRY_SOURCE,,LOCKED_BASELINE_ASSERTED_REQUIRES_LIVE_RECHECK,SHARED_REFERENCE,Spatial association remains deferred until governed settlement geometry exists.
align:nngla:place:NG-PLC-000080,PLACE,NGP-000080,NG-NAM-SET-000080,NG-PLC-000080,80,data/novegeo/nngla/geographic-identity-places/source/04_name_catalogues/settlement_name_catalogue.csv,e6598eb8f5ca85351c11fe23629ec834d6130428a200a046ac37ddab19a4b616,CANONICAL_IDENTITY_PRESERVED_FROM_LOCKED_SUFFIX_ALLOCATION,NO_ASSOCIABLE_GEOMETRY_SOURCE,,LOCKED_BASELINE_ASSERTED_REQUIRES_LIVE_RECHECK,SHARED_REFERENCE,Spatial association remains deferred until governed settlement geometry exists.
align:nngla:place:NG-PLC-000081,PLACE,NGP-000081,NG-NAM-SET-000081,NG-PLC-000081,81,data/novegeo/nngla/geographic-identity-places/source/04_name_catalogues/settlement_name_catalogue.csv,e6598eb8f5ca85351c11fe23629ec834d6130428a200a046ac37ddab19a4b616,CANONICAL_IDENTITY_PRESERVED_FROM_LOCKED_SUFFIX_ALLOCATION,NO_ASSOCIABLE_GEOMETRY_SOURCE,,LOCKED_BASELINE_ASSERTED_REQUIRES_LIVE_RECHECK,SHARED_REFERENCE,Spatial association remains deferred until governed settlement geometry exists.
align:nngla:place:NG-PLC-000082,PLACE,NGP-000082,NG-NAM-SET-000082,NG-PLC-000082,82,data/novegeo/nngla/geographic-identity-places/source/04_name_catalogues/settlement_name_catalogue.csv,e6598eb8f5ca85351c11fe23629ec834d6130428a200a046ac37ddab19a4b616,CANONICAL_IDENTITY_PRESERVED_FROM_LOCKED_SUFFIX_ALLOCATION,NO_ASSOCIABLE_GEOMETRY_SOURCE,,LOCKED_BASELINE_ASSERTED_REQUIRES_LIVE_RECHECK,SHARED_REFERENCE,Spatial association remains deferred until governed settlement geometry exists.
align:nngla:place:NG-PLC-000083,PLACE,NGP-000083,NG-NAM-SET-000083,NG-PLC-000083,83,data/novegeo/nngla/geographic-identity-places/source/04_name_catalogues/settlement_name_catalogue.csv,e6598eb8f5ca85351c11fe23629ec834d6130428a200a046ac37ddab19a4b616,CANONICAL_IDENTITY_PRESERVED_FROM_LOCKED_SUFFIX_ALLOCATION,NO_ASSOCIABLE_GEOMETRY_SOURCE,,LOCKED_BASELINE_ASSERTED_REQUIRES_LIVE_RECHECK,SHARED_REFERENCE,Spatial association remains deferred until governed settlement geometry exists.
align:nngla:place:NG-PLC-000084,PLACE,NGP-000084,NG-NAM-SET-000084,NG-PLC-000084,84,data/novegeo/nngla/geographic-identity-places/source/04_name_catalogues/settlement_name_catalogue.csv,e6598eb8f5ca85351c11fe23629ec834d6130428a200a046ac37ddab19a4b616,CANONICAL_IDENTITY_PRESERVED_FROM_LOCKED_SUFFIX_ALLOCATION,NO_ASSOCIABLE_GEOMETRY_SOURCE,,LOCKED_BASELINE_ASSERTED_REQUIRES_LIVE_RECHECK,SHARED_REFERENCE,Spatial association remains deferred until governed settlement geometry exists.
align:nngla:place:NG-PLC-000085,PLACE,NGP-000085,NG-NAM-SET-000085,NG-PLC-000085,85,data/novegeo/nngla/geographic-identity-places/source/04_name_catalogues/settlement_name_catalogue.csv,e6598eb8f5ca85351c11fe23629ec834d6130428a200a046ac37ddab19a4b616,CANONICAL_IDENTITY_PRESERVED_FROM_LOCKED_SUFFIX_ALLOCATION,NO_ASSOCIABLE_GEOMETRY_SOURCE,,LOCKED_BASELINE_ASSERTED_REQUIRES_LIVE_RECHECK,SHARED_REFERENCE,Spatial association remains deferred until governed settlement geometry exists.
align:nngla:place:NG-PLC-000086,PLACE,NGP-000086,NG-NAM-SET-000086,NG-PLC-000086,86,data/novegeo/nngla/geographic-identity-places/source/04_name_catalogues/settlement_name_catalogue.csv,e6598eb8f5ca85351c11fe23629ec834d6130428a200a046ac37ddab19a4b616,CANONICAL_IDENTITY_PRESERVED_FROM_LOCKED_SUFFIX_ALLOCATION,NO_ASSOCIABLE_GEOMETRY_SOURCE,,LOCKED_BASELINE_ASSERTED_REQUIRES_LIVE_RECHECK,SHARED_REFERENCE,Spatial association remains deferred until governed settlement geometry exists.
align:nngla:place:NG-PLC-000087,PLACE,NGP-000087,NG-NAM-SET-000087,NG-PLC-000087,87,data/novegeo/nngla/geographic-identity-places/source/04_name_catalogues/settlement_name_catalogue.csv,e6598eb8f5ca85351c11fe23629ec834d6130428a200a046ac37ddab19a4b616,CANONICAL_IDENTITY_PRESERVED_FROM_LOCKED_SUFFIX_ALLOCATION,NO_ASSOCIABLE_GEOMETRY_SOURCE,,LOCKED_BASELINE_ASSERTED_REQUIRES_LIVE_RECHECK,SHARED_REFERENCE,Spatial association remains deferred until governed settlement geometry exists.
align:nngla:place:NG-PLC-000088,PLACE,NGP-000088,NG-NAM-SET-000088,NG-PLC-000088,88,data/novegeo/nngla/geographic-identity-places/source/04_name_catalogues/settlement_name_catalogue.csv,e6598eb8f5ca85351c11fe23629ec834d6130428a200a046ac37ddab19a4b616,CANONICAL_IDENTITY_PRESERVED_FROM_LOCKED_SUFFIX_ALLOCATION,NO_ASSOCIABLE_GEOMETRY_SOURCE,,LOCKED_BASELINE_ASSERTED_REQUIRES_LIVE_RECHECK,SHARED_REFERENCE,Spatial association remains deferred until governed settlement geometry exists.
align:nngla:place:NG-PLC-000089,PLACE,NGP-000089,NG-NAM-SET-000089,NG-PLC-000089,89,data/novegeo/nngla/geographic-identity-places/source/04_name_catalogues/settlement_name_catalogue.csv,e6598eb8f5ca85351c11fe23629ec834d6130428a200a046ac37ddab19a4b616,CANONICAL_IDENTITY_PRESERVED_FROM_LOCKED_SUFFIX_ALLOCATION,NO_ASSOCIABLE_GEOMETRY_SOURCE,,LOCKED_BASELINE_ASSERTED_REQUIRES_LIVE_RECHECK,SHARED_REFERENCE,Spatial association remains deferred until governed settlement geometry exists.
align:nngla:place:NG-PLC-000090,PLACE,NGP-000090,NG-NAM-SET-000090,NG-PLC-000090,90,data/novegeo/nngla/geographic-identity-places/source/04_name_catalogues/settlement_name_catalogue.csv,e6598eb8f5ca85351c11fe23629ec834d6130428a200a046ac37ddab19a4b616,CANONICAL_IDENTITY_PRESERVED_FROM_LOCKED_SUFFIX_ALLOCATION,NO_ASSOCIABLE_GEOMETRY_SOURCE,,LOCKED_BASELINE_ASSERTED_REQUIRES_LIVE_RECHECK,SHARED_REFERENCE,Spatial association remains deferred until governed settlement geometry exists.
align:nngla:place:NG-PLC-000091,PLACE,NGP-000091,NG-NAM-SET-000091,NG-PLC-000091,91,data/novegeo/nngla/geographic-identity-places/source/04_name_catalogues/settlement_name_catalogue.csv,e6598eb8f5ca85351c11fe23629ec834d6130428a200a046ac37ddab19a4b616,CANONICAL_IDENTITY_PRESERVED_FROM_LOCKED_SUFFIX_ALLOCATION,NO_ASSOCIABLE_GEOMETRY_SOURCE,,LOCKED_BASELINE_ASSERTED_REQUIRES_LIVE_RECHECK,SHARED_REFERENCE,Spatial association remains deferred until governed settlement geometry exists.
align:nngla:place:NG-PLC-000092,PLACE,NGP-000092,NG-NAM-SET-000092,NG-PLC-000092,92,data/novegeo/nngla/geographic-identity-places/source/04_name_catalogues/settlement_name_catalogue.csv,e6598eb8f5ca85351c11fe23629ec834d6130428a200a046ac37ddab19a4b616,CANONICAL_IDENTITY_PRESERVED_FROM_LOCKED_SUFFIX_ALLOCATION,NO_ASSOCIABLE_GEOMETRY_SOURCE,,LOCKED_BASELINE_ASSERTED_REQUIRES_LIVE_RECHECK,SHARED_REFERENCE,Spatial association remains deferred until governed settlement geometry exists.
align:nngla:place:NG-PLC-000093,PLACE,NGP-000093,NG-NAM-SET-000093,NG-PLC-000093,93,data/novegeo/nngla/geographic-identity-places/source/04_name_catalogues/settlement_name_catalogue.csv,e6598eb8f5ca85351c11fe23629ec834d6130428a200a046ac37ddab19a4b616,CANONICAL_IDENTITY_PRESERVED_FROM_LOCKED_SUFFIX_ALLOCATION,NO_ASSOCIABLE_GEOMETRY_SOURCE,,LOCKED_BASELINE_ASSERTED_REQUIRES_LIVE_RECHECK,SHARED_REFERENCE,Spatial association remains deferred until governed settlement geometry exists.
align:nngla:place:NG-PLC-000094,PLACE,NGP-000094,NG-NAM-SET-000094,NG-PLC-000094,94,data/novegeo/nngla/geographic-identity-places/source/04_name_catalogues/settlement_name_catalogue.csv,e6598eb8f5ca85351c11fe23629ec834d6130428a200a046ac37ddab19a4b616,CANONICAL_IDENTITY_PRESERVED_FROM_LOCKED_SUFFIX_ALLOCATION,NO_ASSOCIABLE_GEOMETRY_SOURCE,,LOCKED_BASELINE_ASSERTED_REQUIRES_LIVE_RECHECK,SHARED_REFERENCE,Spatial association remains deferred until governed settlement geometry exists.
align:nngla:place:NG-PLC-000095,PLACE,NGP-000095,NG-NAM-SET-000095,NG-PLC-000095,95,data/novegeo/nngla/geographic-identity-places/source/04_name_catalogues/settlement_name_catalogue.csv,e6598eb8f5ca85351c11fe23629ec834d6130428a200a046ac37ddab19a4b616,CANONICAL_IDENTITY_PRESERVED_FROM_LOCKED_SUFFIX_ALLOCATION,NO_ASSOCIABLE_GEOMETRY_SOURCE,,LOCKED_BASELINE_ASSERTED_REQUIRES_LIVE_RECHECK,SHARED_REFERENCE,Spatial association remains deferred until governed settlement geometry exists.
align:nngla:place:NG-PLC-000096,PLACE,NGP-000096,NG-NAM-SET-000096,NG-PLC-000096,96,data/novegeo/nngla/geographic-identity-places/source/04_name_catalogues/settlement_name_catalogue.csv,e6598eb8f5ca85351c11fe23629ec834d6130428a200a046ac37ddab19a4b616,CANONICAL_IDENTITY_PRESERVED_FROM_LOCKED_SUFFIX_ALLOCATION,NO_ASSOCIABLE_GEOMETRY_SOURCE,,LOCKED_BASELINE_ASSERTED_REQUIRES_LIVE_RECHECK,SHARED_REFERENCE,Spatial association remains deferred until governed settlement geometry exists.
align:nngla:place:NG-PLC-000097,PLACE,NGP-000097,NG-NAM-SET-000097,NG-PLC-000097,97,data/novegeo/nngla/geographic-identity-places/source/04_name_catalogues/settlement_name_catalogue.csv,e6598eb8f5ca85351c11fe23629ec834d6130428a200a046ac37ddab19a4b616,CANONICAL_IDENTITY_PRESERVED_FROM_LOCKED_SUFFIX_ALLOCATION,NO_ASSOCIABLE_GEOMETRY_SOURCE,,LOCKED_BASELINE_ASSERTED_REQUIRES_LIVE_RECHECK,SHARED_REFERENCE,Spatial association remains deferred until governed settlement geometry exists.
align:nngla:place:NG-PLC-000098,PLACE,NGP-000098,NG-NAM-SET-000098,NG-PLC-000098,98,data/novegeo/nngla/geographic-identity-places/source/04_name_catalogues/settlement_name_catalogue.csv,e6598eb8f5ca85351c11fe23629ec834d6130428a200a046ac37ddab19a4b616,CANONICAL_IDENTITY_PRESERVED_FROM_LOCKED_SUFFIX_ALLOCATION,NO_ASSOCIABLE_GEOMETRY_SOURCE,,LOCKED_BASELINE_ASSERTED_REQUIRES_LIVE_RECHECK,SHARED_REFERENCE,Spatial association remains deferred until governed settlement geometry exists.
align:nngla:place:NG-PLC-000099,PLACE,NGP-000099,NG-NAM-SET-000099,NG-PLC-000099,99,data/novegeo/nngla/geographic-identity-places/source/04_name_catalogues/settlement_name_catalogue.csv,e6598eb8f5ca85351c11fe23629ec834d6130428a200a046ac37ddab19a4b616,CANONICAL_IDENTITY_PRESERVED_FROM_LOCKED_SUFFIX_ALLOCATION,NO_ASSOCIABLE_GEOMETRY_SOURCE,,LOCKED_BASELINE_ASSERTED_REQUIRES_LIVE_RECHECK,SHARED_REFERENCE,Spatial association remains deferred until governed settlement geometry exists.
align:nngla:place:NG-PLC-000100,PLACE,NGP-000100,NG-NAM-SET-000100,NG-PLC-000100,100,data/novegeo/nngla/geographic-identity-places/source/04_name_catalogues/settlement_name_catalogue.csv,e6598eb8f5ca85351c11fe23629ec834d6130428a200a046ac37ddab19a4b616,CANONICAL_IDENTITY_PRESERVED_FROM_LOCKED_SUFFIX_ALLOCATION,NO_ASSOCIABLE_GEOMETRY_SOURCE,,LOCKED_BASELINE_ASSERTED_REQUIRES_LIVE_RECHECK,SHARED_REFERENCE,Spatial association remains deferred until governed settlement geometry exists.
align:nngla:place:NG-PLC-000101,PLACE,NGP-000101,NG-NAM-SET-000101,NG-PLC-000101,101,data/novegeo/nngla/geographic-identity-places/source/04_name_catalogues/settlement_name_catalogue.csv,e6598eb8f5ca85351c11fe23629ec834d6130428a200a046ac37ddab19a4b616,CANONICAL_IDENTITY_PRESERVED_FROM_LOCKED_SUFFIX_ALLOCATION,NO_ASSOCIABLE_GEOMETRY_SOURCE,,LOCKED_BASELINE_ASSERTED_REQUIRES_LIVE_RECHECK,SHARED_REFERENCE,Spatial association remains deferred until governed settlement geometry exists.
align:nngla:place:NG-PLC-000102,PLACE,NGP-000102,NG-NAM-SET-000102,NG-PLC-000102,102,data/novegeo/nngla/geographic-identity-places/source/04_name_catalogues/settlement_name_catalogue.csv,e6598eb8f5ca85351c11fe23629ec834d6130428a200a046ac37ddab19a4b616,CANONICAL_IDENTITY_PRESERVED_FROM_LOCKED_SUFFIX_ALLOCATION,NO_ASSOCIABLE_GEOMETRY_SOURCE,,LOCKED_BASELINE_ASSERTED_REQUIRES_LIVE_RECHECK,SHARED_REFERENCE,Spatial association remains deferred until governed settlement geometry exists.
align:nngla:place:NG-PLC-000103,PLACE,NGP-000103,NG-NAM-SET-000103,NG-PLC-000103,103,data/novegeo/nngla/geographic-identity-places/source/04_name_catalogues/settlement_name_catalogue.csv,e6598eb8f5ca85351c11fe23629ec834d6130428a200a046ac37ddab19a4b616,CANONICAL_IDENTITY_PRESERVED_FROM_LOCKED_SUFFIX_ALLOCATION,NO_ASSOCIABLE_GEOMETRY_SOURCE,,LOCKED_BASELINE_ASSERTED_REQUIRES_LIVE_RECHECK,SHARED_REFERENCE,Spatial association remains deferred until governed settlement geometry exists.
align:nngla:place:NG-PLC-000104,PLACE,NGP-000104,NG-NAM-SET-000104,NG-PLC-000104,104,data/novegeo/nngla/geographic-identity-places/source/04_name_catalogues/settlement_name_catalogue.csv,e6598eb8f5ca85351c11fe23629ec834d6130428a200a046ac37ddab19a4b616,CANONICAL_IDENTITY_PRESERVED_FROM_LOCKED_SUFFIX_ALLOCATION,NO_ASSOCIABLE_GEOMETRY_SOURCE,,LOCKED_BASELINE_ASSERTED_REQUIRES_LIVE_RECHECK,SHARED_REFERENCE,Spatial association remains deferred until governed settlement geometry exists.
align:nngla:place:NG-PLC-000105,PLACE,NGP-000105,NG-NAM-SET-000105,NG-PLC-000105,105,data/novegeo/nngla/geographic-identity-places/source/04_name_catalogues/settlement_name_catalogue.csv,e6598eb8f5ca85351c11fe23629ec834d6130428a200a046ac37ddab19a4b616,CANONICAL_IDENTITY_PRESERVED_FROM_LOCKED_SUFFIX_ALLOCATION,NO_ASSOCIABLE_GEOMETRY_SOURCE,,LOCKED_BASELINE_ASSERTED_REQUIRES_LIVE_RECHECK,SHARED_REFERENCE,Spatial association remains deferred until governed settlement geometry exists.
align:nngla:place:NG-PLC-000106,PLACE,NGP-000106,NG-NAM-SET-000106,NG-PLC-000106,106,data/novegeo/nngla/geographic-identity-places/source/04_name_catalogues/settlement_name_catalogue.csv,e6598eb8f5ca85351c11fe23629ec834d6130428a200a046ac37ddab19a4b616,CANONICAL_IDENTITY_PRESERVED_FROM_LOCKED_SUFFIX_ALLOCATION,NO_ASSOCIABLE_GEOMETRY_SOURCE,,LOCKED_BASELINE_ASSERTED_REQUIRES_LIVE_RECHECK,SHARED_REFERENCE,Spatial association remains deferred until governed settlement geometry exists.
align:nngla:place:NG-PLC-000107,PLACE,NGP-000107,NG-NAM-SET-000107,NG-PLC-000107,107,data/novegeo/nngla/geographic-identity-places/source/04_name_catalogues/settlement_name_catalogue.csv,e6598eb8f5ca85351c11fe23629ec834d6130428a200a046ac37ddab19a4b616,CANONICAL_IDENTITY_PRESERVED_FROM_LOCKED_SUFFIX_ALLOCATION,NO_ASSOCIABLE_GEOMETRY_SOURCE,,LOCKED_BASELINE_ASSERTED_REQUIRES_LIVE_RECHECK,SHARED_REFERENCE,Spatial association remains deferred until governed settlement geometry exists.
align:nngla:place:NG-PLC-000108,PLACE,NGP-000108,NG-NAM-SET-000108,NG-PLC-000108,108,data/novegeo/nngla/geographic-identity-places/source/04_name_catalogues/settlement_name_catalogue.csv,e6598eb8f5ca85351c11fe23629ec834d6130428a200a046ac37ddab19a4b616,CANONICAL_IDENTITY_PRESERVED_FROM_LOCKED_SUFFIX_ALLOCATION,NO_ASSOCIABLE_GEOMETRY_SOURCE,,LOCKED_BASELINE_ASSERTED_REQUIRES_LIVE_RECHECK,SHARED_REFERENCE,Spatial association remains deferred until governed settlement geometry exists.
align:nngla:place:NG-PLC-000109,PLACE,NGP-000109,NG-NAM-SET-000109,NG-PLC-000109,109,data/novegeo/nngla/geographic-identity-places/source/04_name_catalogues/settlement_name_catalogue.csv,e6598eb8f5ca85351c11fe23629ec834d6130428a200a046ac37ddab19a4b616,CANONICAL_IDENTITY_PRESERVED_FROM_LOCKED_SUFFIX_ALLOCATION,NO_ASSOCIABLE_GEOMETRY_SOURCE,,LOCKED_BASELINE_ASSERTED_REQUIRES_LIVE_RECHECK,SHARED_REFERENCE,Spatial association remains deferred until governed settlement geometry exists.
align:nngla:place:NG-PLC-000110,PLACE,NGP-000110,NG-NAM-SET-000110,NG-PLC-000110,110,data/novegeo/nngla/geographic-identity-places/source/04_name_catalogues/settlement_name_catalogue.csv,e6598eb8f5ca85351c11fe23629ec834d6130428a200a046ac37ddab19a4b616,CANONICAL_IDENTITY_PRESERVED_FROM_LOCKED_SUFFIX_ALLOCATION,NO_ASSOCIABLE_GEOMETRY_SOURCE,,LOCKED_BASELINE_ASSERTED_REQUIRES_LIVE_RECHECK,SHARED_REFERENCE,Spatial association remains deferred until governed settlement geometry exists.
align:nngla:place:NG-PLC-000111,PLACE,NGP-000111,NG-NAM-SET-000111,NG-PLC-000111,111,data/novegeo/nngla/geographic-identity-places/source/04_name_catalogues/settlement_name_catalogue.csv,e6598eb8f5ca85351c11fe23629ec834d6130428a200a046ac37ddab19a4b616,CANONICAL_IDENTITY_PRESERVED_FROM_LOCKED_SUFFIX_ALLOCATION,NO_ASSOCIABLE_GEOMETRY_SOURCE,,LOCKED_BASELINE_ASSERTED_REQUIRES_LIVE_RECHECK,SHARED_REFERENCE,Spatial association remains deferred until governed settlement geometry exists.
align:nngla:place:NG-PLC-000112,PLACE,NGP-000112,NG-NAM-SET-000112,NG-PLC-000112,112,data/novegeo/nngla/geographic-identity-places/source/04_name_catalogues/settlement_name_catalogue.csv,e6598eb8f5ca85351c11fe23629ec834d6130428a200a046ac37ddab19a4b616,CANONICAL_IDENTITY_PRESERVED_FROM_LOCKED_SUFFIX_ALLOCATION,NO_ASSOCIABLE_GEOMETRY_SOURCE,,LOCKED_BASELINE_ASSERTED_REQUIRES_LIVE_RECHECK,SHARED_REFERENCE,Spatial association remains deferred until governed settlement geometry exists.
align:nngla:place:NG-PLC-000113,PLACE,NGP-000113,NG-NAM-SET-000113,NG-PLC-000113,113,data/novegeo/nngla/geographic-identity-places/source/04_name_catalogues/settlement_name_catalogue.csv,e6598eb8f5ca85351c11fe23629ec834d6130428a200a046ac37ddab19a4b616,CANONICAL_IDENTITY_PRESERVED_FROM_LOCKED_SUFFIX_ALLOCATION,NO_ASSOCIABLE_GEOMETRY_SOURCE,,LOCKED_BASELINE_ASSERTED_REQUIRES_LIVE_RECHECK,SHARED_REFERENCE,Spatial association remains deferred until governed settlement geometry exists.
align:nngla:place:NG-PLC-000114,PLACE,NGP-000114,NG-NAM-SET-000114,NG-PLC-000114,114,data/novegeo/nngla/geographic-identity-places/source/04_name_catalogues/settlement_name_catalogue.csv,e6598eb8f5ca85351c11fe23629ec834d6130428a200a046ac37ddab19a4b616,CANONICAL_IDENTITY_PRESERVED_FROM_LOCKED_SUFFIX_ALLOCATION,NO_ASSOCIABLE_GEOMETRY_SOURCE,,LOCKED_BASELINE_ASSERTED_REQUIRES_LIVE_RECHECK,SHARED_REFERENCE,Spatial association remains deferred until governed settlement geometry exists.
align:nngla:place:NG-PLC-000115,PLACE,NGP-000115,NG-NAM-SET-000115,NG-PLC-000115,115,data/novegeo/nngla/geographic-identity-places/source/04_name_catalogues/settlement_name_catalogue.csv,e6598eb8f5ca85351c11fe23629ec834d6130428a200a046ac37ddab19a4b616,CANONICAL_IDENTITY_PRESERVED_FROM_LOCKED_SUFFIX_ALLOCATION,NO_ASSOCIABLE_GEOMETRY_SOURCE,,LOCKED_BASELINE_ASSERTED_REQUIRES_LIVE_RECHECK,SHARED_REFERENCE,Spatial association remains deferred until governed settlement geometry exists.
align:nngla:place:NG-PLC-000116,PLACE,NGP-000116,NG-NAM-SET-000116,NG-PLC-000116,116,data/novegeo/nngla/geographic-identity-places/source/04_name_catalogues/settlement_name_catalogue.csv,e6598eb8f5ca85351c11fe23629ec834d6130428a200a046ac37ddab19a4b616,CANONICAL_IDENTITY_PRESERVED_FROM_LOCKED_SUFFIX_ALLOCATION,NO_ASSOCIABLE_GEOMETRY_SOURCE,,LOCKED_BASELINE_ASSERTED_REQUIRES_LIVE_RECHECK,SHARED_REFERENCE,Spatial association remains deferred until governed settlement geometry exists.
align:nngla:place:NG-PLC-000117,PLACE,NGP-000117,NG-NAM-SET-000117,NG-PLC-000117,117,data/novegeo/nngla/geographic-identity-places/source/04_name_catalogues/settlement_name_catalogue.csv,e6598eb8f5ca85351c11fe23629ec834d6130428a200a046ac37ddab19a4b616,CANONICAL_IDENTITY_PRESERVED_FROM_LOCKED_SUFFIX_ALLOCATION,NO_ASSOCIABLE_GEOMETRY_SOURCE,,LOCKED_BASELINE_ASSERTED_REQUIRES_LIVE_RECHECK,SHARED_REFERENCE,Spatial association remains deferred until governed settlement geometry exists.
align:nngla:place:NG-PLC-000118,PLACE,NGP-000118,NG-NAM-SET-000118,NG-PLC-000118,118,data/novegeo/nngla/geographic-identity-places/source/04_name_catalogues/settlement_name_catalogue.csv,e6598eb8f5ca85351c11fe23629ec834d6130428a200a046ac37ddab19a4b616,CANONICAL_IDENTITY_PRESERVED_FROM_LOCKED_SUFFIX_ALLOCATION,NO_ASSOCIABLE_GEOMETRY_SOURCE,,LOCKED_BASELINE_ASSERTED_REQUIRES_LIVE_RECHECK,SHARED_REFERENCE,Spatial association remains deferred until governed settlement geometry exists.
align:nngla:place:NG-PLC-000119,PLACE,NGP-000119,NG-NAM-SET-000119,NG-PLC-000119,119,data/novegeo/nngla/geographic-identity-places/source/04_name_catalogues/settlement_name_catalogue.csv,e6598eb8f5ca85351c11fe23629ec834d6130428a200a046ac37ddab19a4b616,CANONICAL_IDENTITY_PRESERVED_FROM_LOCKED_SUFFIX_ALLOCATION,NO_ASSOCIABLE_GEOMETRY_SOURCE,,LOCKED_BASELINE_ASSERTED_REQUIRES_LIVE_RECHECK,SHARED_REFERENCE,Spatial association remains deferred until governed settlement geometry exists.
align:nngla:place:NG-PLC-000120,PLACE,NGP-000120,NG-NAM-SET-000120,NG-PLC-000120,120,data/novegeo/nngla/geographic-identity-places/source/04_name_catalogues/settlement_name_catalogue.csv,e6598eb8f5ca85351c11fe23629ec834d6130428a200a046ac37ddab19a4b616,CANONICAL_IDENTITY_PRESERVED_FROM_LOCKED_SUFFIX_ALLOCATION,NO_ASSOCIABLE_GEOMETRY_SOURCE,,LOCKED_BASELINE_ASSERTED_REQUIRES_LIVE_RECHECK,SHARED_REFERENCE,Spatial association remains deferred until governed settlement geometry exists.
align:nngla:place:NG-PLC-000121,PLACE,NGP-000121,NG-NAM-SET-000121,NG-PLC-000121,121,data/novegeo/nngla/geographic-identity-places/source/04_name_catalogues/settlement_name_catalogue.csv,e6598eb8f5ca85351c11fe23629ec834d6130428a200a046ac37ddab19a4b616,CANONICAL_IDENTITY_PRESERVED_FROM_LOCKED_SUFFIX_ALLOCATION,NO_ASSOCIABLE_GEOMETRY_SOURCE,,LOCKED_BASELINE_ASSERTED_REQUIRES_LIVE_RECHECK,SHARED_REFERENCE,Spatial association remains deferred until governed settlement geometry exists.
align:nngla:place:NG-PLC-000122,PLACE,NGP-000122,NG-NAM-SET-000122,NG-PLC-000122,122,data/novegeo/nngla/geographic-identity-places/source/04_name_catalogues/settlement_name_catalogue.csv,e6598eb8f5ca85351c11fe23629ec834d6130428a200a046ac37ddab19a4b616,CANONICAL_IDENTITY_PRESERVED_FROM_LOCKED_SUFFIX_ALLOCATION,NO_ASSOCIABLE_GEOMETRY_SOURCE,,LOCKED_BASELINE_ASSERTED_REQUIRES_LIVE_RECHECK,SHARED_REFERENCE,Spatial association remains deferred until governed settlement geometry exists.
align:nngla:place:NG-PLC-000123,PLACE,NGP-000123,NG-NAM-SET-000123,NG-PLC-000123,123,data/novegeo/nngla/geographic-identity-places/source/04_name_catalogues/settlement_name_catalogue.csv,e6598eb8f5ca85351c11fe23629ec834d6130428a200a046ac37ddab19a4b616,CANONICAL_IDENTITY_PRESERVED_FROM_LOCKED_SUFFIX_ALLOCATION,NO_ASSOCIABLE_GEOMETRY_SOURCE,,LOCKED_BASELINE_ASSERTED_REQUIRES_LIVE_RECHECK,SHARED_REFERENCE,Spatial association remains deferred until governed settlement geometry exists.
align:nngla:place:NG-PLC-000124,PLACE,NGP-000124,NG-NAM-SET-000124,NG-PLC-000124,124,data/novegeo/nngla/geographic-identity-places/source/04_name_catalogues/settlement_name_catalogue.csv,e6598eb8f5ca85351c11fe23629ec834d6130428a200a046ac37ddab19a4b616,CANONICAL_IDENTITY_PRESERVED_FROM_LOCKED_SUFFIX_ALLOCATION,NO_ASSOCIABLE_GEOMETRY_SOURCE,,LOCKED_BASELINE_ASSERTED_REQUIRES_LIVE_RECHECK,SHARED_REFERENCE,Spatial association remains deferred until governed settlement geometry exists.
align:nngla:place:NG-PLC-000125,PLACE,NGP-000125,NG-NAM-SET-000125,NG-PLC-000125,125,data/novegeo/nngla/geographic-identity-places/source/04_name_catalogues/settlement_name_catalogue.csv,e6598eb8f5ca85351c11fe23629ec834d6130428a200a046ac37ddab19a4b616,CANONICAL_IDENTITY_PRESERVED_FROM_LOCKED_SUFFIX_ALLOCATION,NO_ASSOCIABLE_GEOMETRY_SOURCE,,LOCKED_BASELINE_ASSERTED_REQUIRES_LIVE_RECHECK,SHARED_REFERENCE,Spatial association remains deferred until governed settlement geometry exists.
align:nngla:place:NG-PLC-000126,PLACE,NGP-000126,NG-NAM-SET-000126,NG-PLC-000126,126,data/novegeo/nngla/geographic-identity-places/source/04_name_catalogues/settlement_name_catalogue.csv,e6598eb8f5ca85351c11fe23629ec834d6130428a200a046ac37ddab19a4b616,CANONICAL_IDENTITY_PRESERVED_FROM_LOCKED_SUFFIX_ALLOCATION,NO_ASSOCIABLE_GEOMETRY_SOURCE,,LOCKED_BASELINE_ASSERTED_REQUIRES_LIVE_RECHECK,SHARED_REFERENCE,Spatial association remains deferred until governed settlement geometry exists.
align:nngla:place:NG-PLC-000127,PLACE,NGP-000127,NG-NAM-SET-000127,NG-PLC-000127,127,data/novegeo/nngla/geographic-identity-places/source/04_name_catalogues/settlement_name_catalogue.csv,e6598eb8f5ca85351c11fe23629ec834d6130428a200a046ac37ddab19a4b616,CANONICAL_IDENTITY_PRESERVED_FROM_LOCKED_SUFFIX_ALLOCATION,NO_ASSOCIABLE_GEOMETRY_SOURCE,,LOCKED_BASELINE_ASSERTED_REQUIRES_LIVE_RECHECK,SHARED_REFERENCE,Spatial association remains deferred until governed settlement geometry exists.
align:nngla:place:NG-PLC-000128,PLACE,NGP-000128,NG-NAM-SET-000128,NG-PLC-000128,128,data/novegeo/nngla/geographic-identity-places/source/04_name_catalogues/settlement_name_catalogue.csv,e6598eb8f5ca85351c11fe23629ec834d6130428a200a046ac37ddab19a4b616,CANONICAL_IDENTITY_PRESERVED_FROM_LOCKED_SUFFIX_ALLOCATION,NO_ASSOCIABLE_GEOMETRY_SOURCE,,LOCKED_BASELINE_ASSERTED_REQUIRES_LIVE_RECHECK,SHARED_REFERENCE,Spatial association remains deferred until governed settlement geometry exists.
align:nngla:place:NG-PLC-000129,PLACE,NGP-000129,NG-NAM-SET-000129,NG-PLC-000129,129,data/novegeo/nngla/geographic-identity-places/source/04_name_catalogues/settlement_name_catalogue.csv,e6598eb8f5ca85351c11fe23629ec834d6130428a200a046ac37ddab19a4b616,CANONICAL_IDENTITY_PRESERVED_FROM_LOCKED_SUFFIX_ALLOCATION,NO_ASSOCIABLE_GEOMETRY_SOURCE,,LOCKED_BASELINE_ASSERTED_REQUIRES_LIVE_RECHECK,SHARED_REFERENCE,Spatial association remains deferred until governed settlement geometry exists.
align:nngla:place:NG-PLC-000130,PLACE,NGP-000130,NG-NAM-SET-000130,NG-PLC-000130,130,data/novegeo/nngla/geographic-identity-places/source/04_name_catalogues/settlement_name_catalogue.csv,e6598eb8f5ca85351c11fe23629ec834d6130428a200a046ac37ddab19a4b616,CANONICAL_IDENTITY_PRESERVED_FROM_LOCKED_SUFFIX_ALLOCATION,NO_ASSOCIABLE_GEOMETRY_SOURCE,,LOCKED_BASELINE_ASSERTED_REQUIRES_LIVE_RECHECK,SHARED_REFERENCE,Spatial association remains deferred until governed settlement geometry exists.
align:nngla:place:NG-PLC-000131,PLACE,NGP-000131,NG-NAM-SET-000131,NG-PLC-000131,131,data/novegeo/nngla/geographic-identity-places/source/04_name_catalogues/settlement_name_catalogue.csv,e6598eb8f5ca85351c11fe23629ec834d6130428a200a046ac37ddab19a4b616,CANONICAL_IDENTITY_PRESERVED_FROM_LOCKED_SUFFIX_ALLOCATION,NO_ASSOCIABLE_GEOMETRY_SOURCE,,LOCKED_BASELINE_ASSERTED_REQUIRES_LIVE_RECHECK,SHARED_REFERENCE,Spatial association remains deferred until governed settlement geometry exists.
align:nngla:place:NG-PLC-000132,PLACE,NGP-000132,NG-NAM-SET-000132,NG-PLC-000132,132,data/novegeo/nngla/geographic-identity-places/source/04_name_catalogues/settlement_name_catalogue.csv,e6598eb8f5ca85351c11fe23629ec834d6130428a200a046ac37ddab19a4b616,CANONICAL_IDENTITY_PRESERVED_FROM_LOCKED_SUFFIX_ALLOCATION,NO_ASSOCIABLE_GEOMETRY_SOURCE,,LOCKED_BASELINE_ASSERTED_REQUIRES_LIVE_RECHECK,SHARED_REFERENCE,Spatial association remains deferred until governed settlement geometry exists.
align:nngla:place:NG-PLC-000133,PLACE,NGP-000133,NG-NAM-SET-000133,NG-PLC-000133,133,data/novegeo/nngla/geographic-identity-places/source/04_name_catalogues/settlement_name_catalogue.csv,e6598eb8f5ca85351c11fe23629ec834d6130428a200a046ac37ddab19a4b616,CANONICAL_IDENTITY_PRESERVED_FROM_LOCKED_SUFFIX_ALLOCATION,NO_ASSOCIABLE_GEOMETRY_SOURCE,,LOCKED_BASELINE_ASSERTED_REQUIRES_LIVE_RECHECK,SHARED_REFERENCE,Spatial association remains deferred until governed settlement geometry exists.
align:nngla:place:NG-PLC-000134,PLACE,NGP-000134,NG-NAM-SET-000134,NG-PLC-000134,134,data/novegeo/nngla/geographic-identity-places/source/04_name_catalogues/settlement_name_catalogue.csv,e6598eb8f5ca85351c11fe23629ec834d6130428a200a046ac37ddab19a4b616,CANONICAL_IDENTITY_PRESERVED_FROM_LOCKED_SUFFIX_ALLOCATION,NO_ASSOCIABLE_GEOMETRY_SOURCE,,LOCKED_BASELINE_ASSERTED_REQUIRES_LIVE_RECHECK,SHARED_REFERENCE,Spatial association remains deferred until governed settlement geometry exists.
align:nngla:place:NG-PLC-000135,PLACE,NGP-000135,NG-NAM-SET-000135,NG-PLC-000135,135,data/novegeo/nngla/geographic-identity-places/source/04_name_catalogues/settlement_name_catalogue.csv,e6598eb8f5ca85351c11fe23629ec834d6130428a200a046ac37ddab19a4b616,CANONICAL_IDENTITY_PRESERVED_FROM_LOCKED_SUFFIX_ALLOCATION,NO_ASSOCIABLE_GEOMETRY_SOURCE,,LOCKED_BASELINE_ASSERTED_REQUIRES_LIVE_RECHECK,SHARED_REFERENCE,Spatial association remains deferred until governed settlement geometry exists.
align:nngla:place:NG-PLC-000136,PLACE,NGP-000136,NG-NAM-SET-000136,NG-PLC-000136,136,data/novegeo/nngla/geographic-identity-places/source/04_name_catalogues/settlement_name_catalogue.csv,e6598eb8f5ca85351c11fe23629ec834d6130428a200a046ac37ddab19a4b616,CANONICAL_IDENTITY_PRESERVED_FROM_LOCKED_SUFFIX_ALLOCATION,NO_ASSOCIABLE_GEOMETRY_SOURCE,,LOCKED_BASELINE_ASSERTED_REQUIRES_LIVE_RECHECK,SHARED_REFERENCE,Spatial association remains deferred until governed settlement geometry exists.
align:nngla:place:NG-PLC-000137,PLACE,NGP-000137,NG-NAM-SET-000137,NG-PLC-000137,137,data/novegeo/nngla/geographic-identity-places/source/04_name_catalogues/settlement_name_catalogue.csv,e6598eb8f5ca85351c11fe23629ec834d6130428a200a046ac37ddab19a4b616,CANONICAL_IDENTITY_PRESERVED_FROM_LOCKED_SUFFIX_ALLOCATION,NO_ASSOCIABLE_GEOMETRY_SOURCE,,LOCKED_BASELINE_ASSERTED_REQUIRES_LIVE_RECHECK,SHARED_REFERENCE,Spatial association remains deferred until governed settlement geometry exists.
align:nngla:place:NG-PLC-000138,PLACE,NGP-000138,NG-NAM-SET-000138,NG-PLC-000138,138,data/novegeo/nngla/geographic-identity-places/source/04_name_catalogues/settlement_name_catalogue.csv,e6598eb8f5ca85351c11fe23629ec834d6130428a200a046ac37ddab19a4b616,CANONICAL_IDENTITY_PRESERVED_FROM_LOCKED_SUFFIX_ALLOCATION,NO_ASSOCIABLE_GEOMETRY_SOURCE,,LOCKED_BASELINE_ASSERTED_REQUIRES_LIVE_RECHECK,SHARED_REFERENCE,Spatial association remains deferred until governed settlement geometry exists.
align:nngla:place:NG-PLC-000139,PLACE,NGP-000139,NG-NAM-SET-000139,NG-PLC-000139,139,data/novegeo/nngla/geographic-identity-places/source/04_name_catalogues/settlement_name_catalogue.csv,e6598eb8f5ca85351c11fe23629ec834d6130428a200a046ac37ddab19a4b616,CANONICAL_IDENTITY_PRESERVED_FROM_LOCKED_SUFFIX_ALLOCATION,NO_ASSOCIABLE_GEOMETRY_SOURCE,,LOCKED_BASELINE_ASSERTED_REQUIRES_LIVE_RECHECK,SHARED_REFERENCE,Spatial association remains deferred until governed settlement geometry exists.
align:nngla:place:NG-PLC-000140,PLACE,NGP-000140,NG-NAM-SET-000140,NG-PLC-000140,140,data/novegeo/nngla/geographic-identity-places/source/04_name_catalogues/settlement_name_catalogue.csv,e6598eb8f5ca85351c11fe23629ec834d6130428a200a046ac37ddab19a4b616,CANONICAL_IDENTITY_PRESERVED_FROM_LOCKED_SUFFIX_ALLOCATION,NO_ASSOCIABLE_GEOMETRY_SOURCE,,LOCKED_BASELINE_ASSERTED_REQUIRES_LIVE_RECHECK,SHARED_REFERENCE,Spatial association remains deferred until governed settlement geometry exists.
align:nngla:place:NG-PLC-000141,PLACE,NGP-000141,NG-NAM-SET-000141,NG-PLC-000141,141,data/novegeo/nngla/geographic-identity-places/source/04_name_catalogues/settlement_name_catalogue.csv,e6598eb8f5ca85351c11fe23629ec834d6130428a200a046ac37ddab19a4b616,CANONICAL_IDENTITY_PRESERVED_FROM_LOCKED_SUFFIX_ALLOCATION,NO_ASSOCIABLE_GEOMETRY_SOURCE,,LOCKED_BASELINE_ASSERTED_REQUIRES_LIVE_RECHECK,SHARED_REFERENCE,Spatial association remains deferred until governed settlement geometry exists.
align:nngla:place:NG-PLC-000142,PLACE,NGP-000142,NG-NAM-SET-000142,NG-PLC-000142,142,data/novegeo/nngla/geographic-identity-places/source/04_name_catalogues/settlement_name_catalogue.csv,e6598eb8f5ca85351c11fe23629ec834d6130428a200a046ac37ddab19a4b616,CANONICAL_IDENTITY_PRESERVED_FROM_LOCKED_SUFFIX_ALLOCATION,NO_ASSOCIABLE_GEOMETRY_SOURCE,,LOCKED_BASELINE_ASSERTED_REQUIRES_LIVE_RECHECK,SHARED_REFERENCE,Spatial association remains deferred until governed settlement geometry exists.
align:nngla:place:NG-PLC-000143,PLACE,NGP-000143,NG-NAM-SET-000143,NG-PLC-000143,143,data/novegeo/nngla/geographic-identity-places/source/04_name_catalogues/settlement_name_catalogue.csv,e6598eb8f5ca85351c11fe23629ec834d6130428a200a046ac37ddab19a4b616,CANONICAL_IDENTITY_PRESERVED_FROM_LOCKED_SUFFIX_ALLOCATION,NO_ASSOCIABLE_GEOMETRY_SOURCE,,LOCKED_BASELINE_ASSERTED_REQUIRES_LIVE_RECHECK,SHARED_REFERENCE,Spatial association remains deferred until governed settlement geometry exists.
align:nngla:place:NG-PLC-000144,PLACE,NGP-000144,NG-NAM-SET-000144,NG-PLC-000144,144,data/novegeo/nngla/geographic-identity-places/source/04_name_catalogues/settlement_name_catalogue.csv,e6598eb8f5ca85351c11fe23629ec834d6130428a200a046ac37ddab19a4b616,CANONICAL_IDENTITY_PRESERVED_FROM_LOCKED_SUFFIX_ALLOCATION,NO_ASSOCIABLE_GEOMETRY_SOURCE,,LOCKED_BASELINE_ASSERTED_REQUIRES_LIVE_RECHECK,SHARED_REFERENCE,Spatial association remains deferred until governed settlement geometry exists.
align:nngla:place:NG-PLC-000145,PLACE,NGP-000145,NG-NAM-SET-000145,NG-PLC-000145,145,data/novegeo/nngla/geographic-identity-places/source/04_name_catalogues/settlement_name_catalogue.csv,e6598eb8f5ca85351c11fe23629ec834d6130428a200a046ac37ddab19a4b616,CANONICAL_IDENTITY_PRESERVED_FROM_LOCKED_SUFFIX_ALLOCATION,NO_ASSOCIABLE_GEOMETRY_SOURCE,,LOCKED_BASELINE_ASSERTED_REQUIRES_LIVE_RECHECK,SHARED_REFERENCE,Spatial association remains deferred until governed settlement geometry exists.
align:nngla:place:NG-PLC-000146,PLACE,NGP-000146,NG-NAM-SET-000146,NG-PLC-000146,146,data/novegeo/nngla/geographic-identity-places/source/04_name_catalogues/settlement_name_catalogue.csv,e6598eb8f5ca85351c11fe23629ec834d6130428a200a046ac37ddab19a4b616,CANONICAL_IDENTITY_PRESERVED_FROM_LOCKED_SUFFIX_ALLOCATION,NO_ASSOCIABLE_GEOMETRY_SOURCE,,LOCKED_BASELINE_ASSERTED_REQUIRES_LIVE_RECHECK,SHARED_REFERENCE,Spatial association remains deferred until governed settlement geometry exists.
align:nngla:place:NG-PLC-000147,PLACE,NGP-000147,NG-NAM-SET-000147,NG-PLC-000147,147,data/novegeo/nngla/geographic-identity-places/source/04_name_catalogues/settlement_name_catalogue.csv,e6598eb8f5ca85351c11fe23629ec834d6130428a200a046ac37ddab19a4b616,CANONICAL_IDENTITY_PRESERVED_FROM_LOCKED_SUFFIX_ALLOCATION,NO_ASSOCIABLE_GEOMETRY_SOURCE,,LOCKED_BASELINE_ASSERTED_REQUIRES_LIVE_RECHECK,SHARED_REFERENCE,Spatial association remains deferred until governed settlement geometry exists.
align:nngla:place:NG-PLC-000148,PLACE,NGP-000148,NG-NAM-SET-000148,NG-PLC-000148,148,data/novegeo/nngla/geographic-identity-places/source/04_name_catalogues/settlement_name_catalogue.csv,e6598eb8f5ca85351c11fe23629ec834d6130428a200a046ac37ddab19a4b616,CANONICAL_IDENTITY_PRESERVED_FROM_LOCKED_SUFFIX_ALLOCATION,NO_ASSOCIABLE_GEOMETRY_SOURCE,,LOCKED_BASELINE_ASSERTED_REQUIRES_LIVE_RECHECK,SHARED_REFERENCE,Spatial association remains deferred until governed settlement geometry exists.
align:nngla:place:NG-PLC-000149,PLACE,NGP-000149,NG-NAM-SET-000149,NG-PLC-000149,149,data/novegeo/nngla/geographic-identity-places/source/04_name_catalogues/settlement_name_catalogue.csv,e6598eb8f5ca85351c11fe23629ec834d6130428a200a046ac37ddab19a4b616,CANONICAL_IDENTITY_PRESERVED_FROM_LOCKED_SUFFIX_ALLOCATION,NO_ASSOCIABLE_GEOMETRY_SOURCE,,LOCKED_BASELINE_ASSERTED_REQUIRES_LIVE_RECHECK,SHARED_REFERENCE,Spatial association remains deferred until governed settlement geometry exists.
align:nngla:place:NG-PLC-000150,PLACE,NGP-000150,NG-NAM-SET-000150,NG-PLC-000150,150,data/novegeo/nngla/geographic-identity-places/source/04_name_catalogues/settlement_name_catalogue.csv,e6598eb8f5ca85351c11fe23629ec834d6130428a200a046ac37ddab19a4b616,CANONICAL_IDENTITY_PRESERVED_FROM_LOCKED_SUFFIX_ALLOCATION,NO_ASSOCIABLE_GEOMETRY_SOURCE,,LOCKED_BASELINE_ASSERTED_REQUIRES_LIVE_RECHECK,SHARED_REFERENCE,Spatial association remains deferred until governed settlement geometry exists.
align:nngla:place:NG-PLC-000151,PLACE,NGP-000151,NG-NAM-SET-000151,NG-PLC-000151,151,data/novegeo/nngla/geographic-identity-places/source/04_name_catalogues/settlement_name_catalogue.csv,e6598eb8f5ca85351c11fe23629ec834d6130428a200a046ac37ddab19a4b616,CANONICAL_IDENTITY_PRESERVED_FROM_LOCKED_SUFFIX_ALLOCATION,NO_ASSOCIABLE_GEOMETRY_SOURCE,,LOCKED_BASELINE_ASSERTED_REQUIRES_LIVE_RECHECK,SHARED_REFERENCE,Spatial association remains deferred until governed settlement geometry exists.
align:nngla:place:NG-PLC-000152,PLACE,NGP-000152,NG-NAM-SET-000152,NG-PLC-000152,152,data/novegeo/nngla/geographic-identity-places/source/04_name_catalogues/settlement_name_catalogue.csv,e6598eb8f5ca85351c11fe23629ec834d6130428a200a046ac37ddab19a4b616,CANONICAL_IDENTITY_PRESERVED_FROM_LOCKED_SUFFIX_ALLOCATION,NO_ASSOCIABLE_GEOMETRY_SOURCE,,LOCKED_BASELINE_ASSERTED_REQUIRES_LIVE_RECHECK,SHARED_REFERENCE,Spatial association remains deferred until governed settlement geometry exists.
align:nngla:place:NG-PLC-000153,PLACE,NGP-000153,NG-NAM-SET-000153,NG-PLC-000153,153,data/novegeo/nngla/geographic-identity-places/source/04_name_catalogues/settlement_name_catalogue.csv,e6598eb8f5ca85351c11fe23629ec834d6130428a200a046ac37ddab19a4b616,CANONICAL_IDENTITY_PRESERVED_FROM_LOCKED_SUFFIX_ALLOCATION,NO_ASSOCIABLE_GEOMETRY_SOURCE,,LOCKED_BASELINE_ASSERTED_REQUIRES_LIVE_RECHECK,SHARED_REFERENCE,Spatial association remains deferred until governed settlement geometry exists.
align:nngla:place:NG-PLC-000154,PLACE,NGP-000154,NG-NAM-SET-000154,NG-PLC-000154,154,data/novegeo/nngla/geographic-identity-places/source/04_name_catalogues/settlement_name_catalogue.csv,e6598eb8f5ca85351c11fe23629ec834d6130428a200a046ac37ddab19a4b616,CANONICAL_IDENTITY_PRESERVED_FROM_LOCKED_SUFFIX_ALLOCATION,NO_ASSOCIABLE_GEOMETRY_SOURCE,,LOCKED_BASELINE_ASSERTED_REQUIRES_LIVE_RECHECK,SHARED_REFERENCE,Spatial association remains deferred until governed settlement geometry exists.
align:nngla:place:NG-PLC-000155,PLACE,NGP-000155,NG-NAM-SET-000155,NG-PLC-000155,155,data/novegeo/nngla/geographic-identity-places/source/04_name_catalogues/settlement_name_catalogue.csv,e6598eb8f5ca85351c11fe23629ec834d6130428a200a046ac37ddab19a4b616,CANONICAL_IDENTITY_PRESERVED_FROM_LOCKED_SUFFIX_ALLOCATION,NO_ASSOCIABLE_GEOMETRY_SOURCE,,LOCKED_BASELINE_ASSERTED_REQUIRES_LIVE_RECHECK,SHARED_REFERENCE,Spatial association remains deferred until governed settlement geometry exists.
align:nngla:place:NG-PLC-000156,PLACE,NGP-000156,NG-NAM-SET-000156,NG-PLC-000156,156,data/novegeo/nngla/geographic-identity-places/source/04_name_catalogues/settlement_name_catalogue.csv,e6598eb8f5ca85351c11fe23629ec834d6130428a200a046ac37ddab19a4b616,CANONICAL_IDENTITY_PRESERVED_FROM_LOCKED_SUFFIX_ALLOCATION,NO_ASSOCIABLE_GEOMETRY_SOURCE,,LOCKED_BASELINE_ASSERTED_REQUIRES_LIVE_RECHECK,SHARED_REFERENCE,Spatial association remains deferred until governed settlement geometry exists.
align:nngla:place:NG-PLC-000157,PLACE,NGP-000157,NG-NAM-SET-000157,NG-PLC-000157,157,data/novegeo/nngla/geographic-identity-places/source/04_name_catalogues/settlement_name_catalogue.csv,e6598eb8f5ca85351c11fe23629ec834d6130428a200a046ac37ddab19a4b616,CANONICAL_IDENTITY_PRESERVED_FROM_LOCKED_SUFFIX_ALLOCATION,NO_ASSOCIABLE_GEOMETRY_SOURCE,,LOCKED_BASELINE_ASSERTED_REQUIRES_LIVE_RECHECK,SHARED_REFERENCE,Spatial association remains deferred until governed settlement geometry exists.
align:nngla:place:NG-PLC-000158,PLACE,NGP-000158,NG-NAM-SET-000158,NG-PLC-000158,158,data/novegeo/nngla/geographic-identity-places/source/04_name_catalogues/settlement_name_catalogue.csv,e6598eb8f5ca85351c11fe23629ec834d6130428a200a046ac37ddab19a4b616,CANONICAL_IDENTITY_PRESERVED_FROM_LOCKED_SUFFIX_ALLOCATION,NO_ASSOCIABLE_GEOMETRY_SOURCE,,LOCKED_BASELINE_ASSERTED_REQUIRES_LIVE_RECHECK,SHARED_REFERENCE,Spatial association remains deferred until governed settlement geometry exists.
align:nngla:place:NG-PLC-000159,PLACE,NGP-000159,NG-NAM-SET-000159,NG-PLC-000159,159,data/novegeo/nngla/geographic-identity-places/source/04_name_catalogues/settlement_name_catalogue.csv,e6598eb8f5ca85351c11fe23629ec834d6130428a200a046ac37ddab19a4b616,CANONICAL_IDENTITY_PRESERVED_FROM_LOCKED_SUFFIX_ALLOCATION,NO_ASSOCIABLE_GEOMETRY_SOURCE,,LOCKED_BASELINE_ASSERTED_REQUIRES_LIVE_RECHECK,SHARED_REFERENCE,Spatial association remains deferred until governed settlement geometry exists.
align:nngla:place:NG-PLC-000160,PLACE,NGP-000160,NG-NAM-SET-000160,NG-PLC-000160,160,data/novegeo/nngla/geographic-identity-places/source/04_name_catalogues/settlement_name_catalogue.csv,e6598eb8f5ca85351c11fe23629ec834d6130428a200a046ac37ddab19a4b616,CANONICAL_IDENTITY_PRESERVED_FROM_LOCKED_SUFFIX_ALLOCATION,NO_ASSOCIABLE_GEOMETRY_SOURCE,,LOCKED_BASELINE_ASSERTED_REQUIRES_LIVE_RECHECK,SHARED_REFERENCE,Spatial association remains deferred until governed settlement geometry exists.
align:nngla:place:NG-PLC-000161,PLACE,NGP-000161,NG-NAM-SET-000161,NG-PLC-000161,161,data/novegeo/nngla/geographic-identity-places/source/04_name_catalogues/settlement_name_catalogue.csv,e6598eb8f5ca85351c11fe23629ec834d6130428a200a046ac37ddab19a4b616,CANONICAL_IDENTITY_PRESERVED_FROM_LOCKED_SUFFIX_ALLOCATION,NO_ASSOCIABLE_GEOMETRY_SOURCE,,LOCKED_BASELINE_ASSERTED_REQUIRES_LIVE_RECHECK,SHARED_REFERENCE,Spatial association remains deferred until governed settlement geometry exists.
align:nngla:place:NG-PLC-000162,PLACE,NGP-000162,NG-NAM-SET-000162,NG-PLC-000162,162,data/novegeo/nngla/geographic-identity-places/source/04_name_catalogues/settlement_name_catalogue.csv,e6598eb8f5ca85351c11fe23629ec834d6130428a200a046ac37ddab19a4b616,CANONICAL_IDENTITY_PRESERVED_FROM_LOCKED_SUFFIX_ALLOCATION,NO_ASSOCIABLE_GEOMETRY_SOURCE,,LOCKED_BASELINE_ASSERTED_REQUIRES_LIVE_RECHECK,SHARED_REFERENCE,Spatial association remains deferred until governed settlement geometry exists.
align:nngla:place:NG-PLC-000163,PLACE,NGP-000163,NG-NAM-SET-000163,NG-PLC-000163,163,data/novegeo/nngla/geographic-identity-places/source/04_name_catalogues/settlement_name_catalogue.csv,e6598eb8f5ca85351c11fe23629ec834d6130428a200a046ac37ddab19a4b616,CANONICAL_IDENTITY_PRESERVED_FROM_LOCKED_SUFFIX_ALLOCATION,NO_ASSOCIABLE_GEOMETRY_SOURCE,,LOCKED_BASELINE_ASSERTED_REQUIRES_LIVE_RECHECK,SHARED_REFERENCE,Spatial association remains deferred until governed settlement geometry exists.
align:nngla:place:NG-PLC-000164,PLACE,NGP-000164,NG-NAM-SET-000164,NG-PLC-000164,164,data/novegeo/nngla/geographic-identity-places/source/04_name_catalogues/settlement_name_catalogue.csv,e6598eb8f5ca85351c11fe23629ec834d6130428a200a046ac37ddab19a4b616,CANONICAL_IDENTITY_PRESERVED_FROM_LOCKED_SUFFIX_ALLOCATION,NO_ASSOCIABLE_GEOMETRY_SOURCE,,LOCKED_BASELINE_ASSERTED_REQUIRES_LIVE_RECHECK,SHARED_REFERENCE,Spatial association remains deferred until governed settlement geometry exists.
align:nngla:place:NG-PLC-000165,PLACE,NGP-000165,NG-NAM-SET-000165,NG-PLC-000165,165,data/novegeo/nngla/geographic-identity-places/source/04_name_catalogues/settlement_name_catalogue.csv,e6598eb8f5ca85351c11fe23629ec834d6130428a200a046ac37ddab19a4b616,CANONICAL_IDENTITY_PRESERVED_FROM_LOCKED_SUFFIX_ALLOCATION,NO_ASSOCIABLE_GEOMETRY_SOURCE,,LOCKED_BASELINE_ASSERTED_REQUIRES_LIVE_RECHECK,SHARED_REFERENCE,Spatial association remains deferred until governed settlement geometry exists.
align:nngla:place:NG-PLC-000166,PLACE,NGP-000166,NG-NAM-SET-000166,NG-PLC-000166,166,data/novegeo/nngla/geographic-identity-places/source/04_name_catalogues/settlement_name_catalogue.csv,e6598eb8f5ca85351c11fe23629ec834d6130428a200a046ac37ddab19a4b616,CANONICAL_IDENTITY_PRESERVED_FROM_LOCKED_SUFFIX_ALLOCATION,NO_ASSOCIABLE_GEOMETRY_SOURCE,,LOCKED_BASELINE_ASSERTED_REQUIRES_LIVE_RECHECK,SHARED_REFERENCE,Spatial association remains deferred until governed settlement geometry exists.
align:nngla:place:NG-PLC-000167,PLACE,NGP-000167,NG-NAM-SET-000167,NG-PLC-000167,167,data/novegeo/nngla/geographic-identity-places/source/04_name_catalogues/settlement_name_catalogue.csv,e6598eb8f5ca85351c11fe23629ec834d6130428a200a046ac37ddab19a4b616,CANONICAL_IDENTITY_PRESERVED_FROM_LOCKED_SUFFIX_ALLOCATION,NO_ASSOCIABLE_GEOMETRY_SOURCE,,LOCKED_BASELINE_ASSERTED_REQUIRES_LIVE_RECHECK,SHARED_REFERENCE,Spatial association remains deferred until governed settlement geometry exists.
align:nngla:place:NG-PLC-000168,PLACE,NGP-000168,NG-NAM-SET-000168,NG-PLC-000168,168,data/novegeo/nngla/geographic-identity-places/source/04_name_catalogues/settlement_name_catalogue.csv,e6598eb8f5ca85351c11fe23629ec834d6130428a200a046ac37ddab19a4b616,CANONICAL_IDENTITY_PRESERVED_FROM_LOCKED_SUFFIX_ALLOCATION,NO_ASSOCIABLE_GEOMETRY_SOURCE,,LOCKED_BASELINE_ASSERTED_REQUIRES_LIVE_RECHECK,SHARED_REFERENCE,Spatial association remains deferred until governed settlement geometry exists.
align:nngla:place:NG-PLC-000169,PLACE,NGP-000169,NG-NAM-SET-000169,NG-PLC-000169,169,data/novegeo/nngla/geographic-identity-places/source/04_name_catalogues/settlement_name_catalogue.csv,e6598eb8f5ca85351c11fe23629ec834d6130428a200a046ac37ddab19a4b616,CANONICAL_IDENTITY_PRESERVED_FROM_LOCKED_SUFFIX_ALLOCATION,NO_ASSOCIABLE_GEOMETRY_SOURCE,,LOCKED_BASELINE_ASSERTED_REQUIRES_LIVE_RECHECK,SHARED_REFERENCE,Spatial association remains deferred until governed settlement geometry exists.
align:nngla:place:NG-PLC-000170,PLACE,NGP-000170,NG-NAM-SET-000170,NG-PLC-000170,170,data/novegeo/nngla/geographic-identity-places/source/04_name_catalogues/settlement_name_catalogue.csv,e6598eb8f5ca85351c11fe23629ec834d6130428a200a046ac37ddab19a4b616,CANONICAL_IDENTITY_PRESERVED_FROM_LOCKED_SUFFIX_ALLOCATION,NO_ASSOCIABLE_GEOMETRY_SOURCE,,LOCKED_BASELINE_ASSERTED_REQUIRES_LIVE_RECHECK,SHARED_REFERENCE,Spatial association remains deferred until governed settlement geometry exists.
align:nngla:place:NG-PLC-000171,PLACE,NGP-000171,NG-NAM-SET-000171,NG-PLC-000171,171,data/novegeo/nngla/geographic-identity-places/source/04_name_catalogues/settlement_name_catalogue.csv,e6598eb8f5ca85351c11fe23629ec834d6130428a200a046ac37ddab19a4b616,CANONICAL_IDENTITY_PRESERVED_FROM_LOCKED_SUFFIX_ALLOCATION,NO_ASSOCIABLE_GEOMETRY_SOURCE,,LOCKED_BASELINE_ASSERTED_REQUIRES_LIVE_RECHECK,SHARED_REFERENCE,Spatial association remains deferred until governed settlement geometry exists.
align:nngla:place:NG-PLC-000172,PLACE,NGP-000172,NG-NAM-SET-000172,NG-PLC-000172,172,data/novegeo/nngla/geographic-identity-places/source/04_name_catalogues/settlement_name_catalogue.csv,e6598eb8f5ca85351c11fe23629ec834d6130428a200a046ac37ddab19a4b616,CANONICAL_IDENTITY_PRESERVED_FROM_LOCKED_SUFFIX_ALLOCATION,NO_ASSOCIABLE_GEOMETRY_SOURCE,,LOCKED_BASELINE_ASSERTED_REQUIRES_LIVE_RECHECK,SHARED_REFERENCE,Spatial association remains deferred until governed settlement geometry exists.
align:nngla:place:NG-PLC-000173,PLACE,NGP-000173,NG-NAM-SET-000173,NG-PLC-000173,173,data/novegeo/nngla/geographic-identity-places/source/04_name_catalogues/settlement_name_catalogue.csv,e6598eb8f5ca85351c11fe23629ec834d6130428a200a046ac37ddab19a4b616,CANONICAL_IDENTITY_PRESERVED_FROM_LOCKED_SUFFIX_ALLOCATION,NO_ASSOCIABLE_GEOMETRY_SOURCE,,LOCKED_BASELINE_ASSERTED_REQUIRES_LIVE_RECHECK,SHARED_REFERENCE,Spatial association remains deferred until governed settlement geometry exists.
align:nngla:place:NG-PLC-000174,PLACE,NGP-000174,NG-NAM-SET-000174,NG-PLC-000174,174,data/novegeo/nngla/geographic-identity-places/source/04_name_catalogues/settlement_name_catalogue.csv,e6598eb8f5ca85351c11fe23629ec834d6130428a200a046ac37ddab19a4b616,CANONICAL_IDENTITY_PRESERVED_FROM_LOCKED_SUFFIX_ALLOCATION,NO_ASSOCIABLE_GEOMETRY_SOURCE,,LOCKED_BASELINE_ASSERTED_REQUIRES_LIVE_RECHECK,SHARED_REFERENCE,Spatial association remains deferred until governed settlement geometry exists.
align:nngla:place:NG-PLC-000175,PLACE,NGP-000175,NG-NAM-SET-000175,NG-PLC-000175,175,data/novegeo/nngla/geographic-identity-places/source/04_name_catalogues/settlement_name_catalogue.csv,e6598eb8f5ca85351c11fe23629ec834d6130428a200a046ac37ddab19a4b616,CANONICAL_IDENTITY_PRESERVED_FROM_LOCKED_SUFFIX_ALLOCATION,NO_ASSOCIABLE_GEOMETRY_SOURCE,,LOCKED_BASELINE_ASSERTED_REQUIRES_LIVE_RECHECK,SHARED_REFERENCE,Spatial association remains deferred until governed settlement geometry exists.
align:nngla:place:NG-PLC-000176,PLACE,NGP-000176,NG-NAM-SET-000176,NG-PLC-000176,176,data/novegeo/nngla/geographic-identity-places/source/04_name_catalogues/settlement_name_catalogue.csv,e6598eb8f5ca85351c11fe23629ec834d6130428a200a046ac37ddab19a4b616,CANONICAL_IDENTITY_PRESERVED_FROM_LOCKED_SUFFIX_ALLOCATION,NO_ASSOCIABLE_GEOMETRY_SOURCE,,LOCKED_BASELINE_ASSERTED_REQUIRES_LIVE_RECHECK,SHARED_REFERENCE,Spatial association remains deferred until governed settlement geometry exists.
align:nngla:place:NG-PLC-000177,PLACE,NGP-000177,NG-NAM-SET-000177,NG-PLC-000177,177,data/novegeo/nngla/geographic-identity-places/source/04_name_catalogues/settlement_name_catalogue.csv,e6598eb8f5ca85351c11fe23629ec834d6130428a200a046ac37ddab19a4b616,CANONICAL_IDENTITY_PRESERVED_FROM_LOCKED_SUFFIX_ALLOCATION,NO_ASSOCIABLE_GEOMETRY_SOURCE,,LOCKED_BASELINE_ASSERTED_REQUIRES_LIVE_RECHECK,SHARED_REFERENCE,Spatial association remains deferred until governed settlement geometry exists.
align:nngla:place:NG-PLC-000178,PLACE,NGP-000178,NG-NAM-SET-000178,NG-PLC-000178,178,data/novegeo/nngla/geographic-identity-places/source/04_name_catalogues/settlement_name_catalogue.csv,e6598eb8f5ca85351c11fe23629ec834d6130428a200a046ac37ddab19a4b616,CANONICAL_IDENTITY_PRESERVED_FROM_LOCKED_SUFFIX_ALLOCATION,NO_ASSOCIABLE_GEOMETRY_SOURCE,,LOCKED_BASELINE_ASSERTED_REQUIRES_LIVE_RECHECK,SHARED_REFERENCE,Spatial association remains deferred until governed settlement geometry exists.
align:nngla:place:NG-PLC-000179,PLACE,NGP-000179,NG-NAM-SET-000179,NG-PLC-000179,179,data/novegeo/nngla/geographic-identity-places/source/04_name_catalogues/settlement_name_catalogue.csv,e6598eb8f5ca85351c11fe23629ec834d6130428a200a046ac37ddab19a4b616,CANONICAL_IDENTITY_PRESERVED_FROM_LOCKED_SUFFIX_ALLOCATION,NO_ASSOCIABLE_GEOMETRY_SOURCE,,LOCKED_BASELINE_ASSERTED_REQUIRES_LIVE_RECHECK,SHARED_REFERENCE,Spatial association remains deferred until governed settlement geometry exists.
align:nngla:place:NG-PLC-000180,PLACE,NGP-000180,NG-NAM-SET-000180,NG-PLC-000180,180,data/novegeo/nngla/geographic-identity-places/source/04_name_catalogues/settlement_name_catalogue.csv,e6598eb8f5ca85351c11fe23629ec834d6130428a200a046ac37ddab19a4b616,CANONICAL_IDENTITY_PRESERVED_FROM_LOCKED_SUFFIX_ALLOCATION,NO_ASSOCIABLE_GEOMETRY_SOURCE,,LOCKED_BASELINE_ASSERTED_REQUIRES_LIVE_RECHECK,SHARED_REFERENCE,Spatial association remains deferred until governed settlement geometry exists.
align:nngla:place:NG-PLC-000181,PLACE,NGP-000181,NG-NAM-SET-000181,NG-PLC-000181,181,data/novegeo/nngla/geographic-identity-places/source/04_name_catalogues/settlement_name_catalogue.csv,e6598eb8f5ca85351c11fe23629ec834d6130428a200a046ac37ddab19a4b616,CANONICAL_IDENTITY_PRESERVED_FROM_LOCKED_SUFFIX_ALLOCATION,NO_ASSOCIABLE_GEOMETRY_SOURCE,,LOCKED_BASELINE_ASSERTED_REQUIRES_LIVE_RECHECK,SHARED_REFERENCE,Spatial association remains deferred until governed settlement geometry exists.
align:nngla:place:NG-PLC-000182,PLACE,NGP-000182,NG-NAM-SET-000182,NG-PLC-000182,182,data/novegeo/nngla/geographic-identity-places/source/04_name_catalogues/settlement_name_catalogue.csv,e6598eb8f5ca85351c11fe23629ec834d6130428a200a046ac37ddab19a4b616,CANONICAL_IDENTITY_PRESERVED_FROM_LOCKED_SUFFIX_ALLOCATION,NO_ASSOCIABLE_GEOMETRY_SOURCE,,LOCKED_BASELINE_ASSERTED_REQUIRES_LIVE_RECHECK,SHARED_REFERENCE,Spatial association remains deferred until governed settlement geometry exists.
align:nngla:place:NG-PLC-000183,PLACE,NGP-000183,NG-NAM-SET-000183,NG-PLC-000183,183,data/novegeo/nngla/geographic-identity-places/source/04_name_catalogues/settlement_name_catalogue.csv,e6598eb8f5ca85351c11fe23629ec834d6130428a200a046ac37ddab19a4b616,CANONICAL_IDENTITY_PRESERVED_FROM_LOCKED_SUFFIX_ALLOCATION,NO_ASSOCIABLE_GEOMETRY_SOURCE,,LOCKED_BASELINE_ASSERTED_REQUIRES_LIVE_RECHECK,SHARED_REFERENCE,Spatial association remains deferred until governed settlement geometry exists.
align:nngla:place:NG-PLC-000184,PLACE,NGP-000184,NG-NAM-SET-000184,NG-PLC-000184,184,data/novegeo/nngla/geographic-identity-places/source/04_name_catalogues/settlement_name_catalogue.csv,e6598eb8f5ca85351c11fe23629ec834d6130428a200a046ac37ddab19a4b616,CANONICAL_IDENTITY_PRESERVED_FROM_LOCKED_SUFFIX_ALLOCATION,NO_ASSOCIABLE_GEOMETRY_SOURCE,,LOCKED_BASELINE_ASSERTED_REQUIRES_LIVE_RECHECK,SHARED_REFERENCE,Spatial association remains deferred until governed settlement geometry exists.
align:nngla:place:NG-PLC-000185,PLACE,NGP-000185,NG-NAM-SET-000185,NG-PLC-000185,185,data/novegeo/nngla/geographic-identity-places/source/04_name_catalogues/settlement_name_catalogue.csv,e6598eb8f5ca85351c11fe23629ec834d6130428a200a046ac37ddab19a4b616,CANONICAL_IDENTITY_PRESERVED_FROM_LOCKED_SUFFIX_ALLOCATION,NO_ASSOCIABLE_GEOMETRY_SOURCE,,LOCKED_BASELINE_ASSERTED_REQUIRES_LIVE_RECHECK,SHARED_REFERENCE,Spatial association remains deferred until governed settlement geometry exists.
align:nngla:place:NG-PLC-000186,PLACE,NGP-000186,NG-NAM-SET-000186,NG-PLC-000186,186,data/novegeo/nngla/geographic-identity-places/source/04_name_catalogues/settlement_name_catalogue.csv,e6598eb8f5ca85351c11fe23629ec834d6130428a200a046ac37ddab19a4b616,CANONICAL_IDENTITY_PRESERVED_FROM_LOCKED_SUFFIX_ALLOCATION,NO_ASSOCIABLE_GEOMETRY_SOURCE,,LOCKED_BASELINE_ASSERTED_REQUIRES_LIVE_RECHECK,SHARED_REFERENCE,Spatial association remains deferred until governed settlement geometry exists.
align:nngla:place:NG-PLC-000187,PLACE,NGP-000187,NG-NAM-SET-000187,NG-PLC-000187,187,data/novegeo/nngla/geographic-identity-places/source/04_name_catalogues/settlement_name_catalogue.csv,e6598eb8f5ca85351c11fe23629ec834d6130428a200a046ac37ddab19a4b616,CANONICAL_IDENTITY_PRESERVED_FROM_LOCKED_SUFFIX_ALLOCATION,NO_ASSOCIABLE_GEOMETRY_SOURCE,,LOCKED_BASELINE_ASSERTED_REQUIRES_LIVE_RECHECK,SHARED_REFERENCE,Spatial association remains deferred until governed settlement geometry exists.
align:nngla:place:NG-PLC-000188,PLACE,NGP-000188,NG-NAM-SET-000188,NG-PLC-000188,188,data/novegeo/nngla/geographic-identity-places/source/04_name_catalogues/settlement_name_catalogue.csv,e6598eb8f5ca85351c11fe23629ec834d6130428a200a046ac37ddab19a4b616,CANONICAL_IDENTITY_PRESERVED_FROM_LOCKED_SUFFIX_ALLOCATION,NO_ASSOCIABLE_GEOMETRY_SOURCE,,LOCKED_BASELINE_ASSERTED_REQUIRES_LIVE_RECHECK,SHARED_REFERENCE,Spatial association remains deferred until governed settlement geometry exists.
align:nngla:place:NG-PLC-000189,PLACE,NGP-000189,NG-NAM-SET-000189,NG-PLC-000189,189,data/novegeo/nngla/geographic-identity-places/source/04_name_catalogues/settlement_name_catalogue.csv,e6598eb8f5ca85351c11fe23629ec834d6130428a200a046ac37ddab19a4b616,CANONICAL_IDENTITY_PRESERVED_FROM_LOCKED_SUFFIX_ALLOCATION,NO_ASSOCIABLE_GEOMETRY_SOURCE,,LOCKED_BASELINE_ASSERTED_REQUIRES_LIVE_RECHECK,SHARED_REFERENCE,Spatial association remains deferred until governed settlement geometry exists.
align:nngla:place:NG-PLC-000190,PLACE,NGP-000190,NG-NAM-SET-000190,NG-PLC-000190,190,data/novegeo/nngla/geographic-identity-places/source/04_name_catalogues/settlement_name_catalogue.csv,e6598eb8f5ca85351c11fe23629ec834d6130428a200a046ac37ddab19a4b616,CANONICAL_IDENTITY_PRESERVED_FROM_LOCKED_SUFFIX_ALLOCATION,NO_ASSOCIABLE_GEOMETRY_SOURCE,,LOCKED_BASELINE_ASSERTED_REQUIRES_LIVE_RECHECK,SHARED_REFERENCE,Spatial association remains deferred until governed settlement geometry exists.
align:nngla:place:NG-PLC-000191,PLACE,NGP-000191,NG-NAM-SET-000191,NG-PLC-000191,191,data/novegeo/nngla/geographic-identity-places/source/04_name_catalogues/settlement_name_catalogue.csv,e6598eb8f5ca85351c11fe23629ec834d6130428a200a046ac37ddab19a4b616,CANONICAL_IDENTITY_PRESERVED_FROM_LOCKED_SUFFIX_ALLOCATION,NO_ASSOCIABLE_GEOMETRY_SOURCE,,LOCKED_BASELINE_ASSERTED_REQUIRES_LIVE_RECHECK,SHARED_REFERENCE,Spatial association remains deferred until governed settlement geometry exists.
align:nngla:place:NG-PLC-000192,PLACE,NGP-000192,NG-NAM-SET-000192,NG-PLC-000192,192,data/novegeo/nngla/geographic-identity-places/source/04_name_catalogues/settlement_name_catalogue.csv,e6598eb8f5ca85351c11fe23629ec834d6130428a200a046ac37ddab19a4b616,CANONICAL_IDENTITY_PRESERVED_FROM_LOCKED_SUFFIX_ALLOCATION,NO_ASSOCIABLE_GEOMETRY_SOURCE,,LOCKED_BASELINE_ASSERTED_REQUIRES_LIVE_RECHECK,SHARED_REFERENCE,Spatial association remains deferred until governed settlement geometry exists.
align:nngla:place:NG-PLC-000193,PLACE,NGP-000193,NG-NAM-SET-000193,NG-PLC-000193,193,data/novegeo/nngla/geographic-identity-places/source/04_name_catalogues/settlement_name_catalogue.csv,e6598eb8f5ca85351c11fe23629ec834d6130428a200a046ac37ddab19a4b616,CANONICAL_IDENTITY_PRESERVED_FROM_LOCKED_SUFFIX_ALLOCATION,NO_ASSOCIABLE_GEOMETRY_SOURCE,,LOCKED_BASELINE_ASSERTED_REQUIRES_LIVE_RECHECK,SHARED_REFERENCE,Spatial association remains deferred until governed settlement geometry exists.
align:nngla:place:NG-PLC-000194,PLACE,NGP-000194,NG-NAM-SET-000194,NG-PLC-000194,194,data/novegeo/nngla/geographic-identity-places/source/04_name_catalogues/settlement_name_catalogue.csv,e6598eb8f5ca85351c11fe23629ec834d6130428a200a046ac37ddab19a4b616,CANONICAL_IDENTITY_PRESERVED_FROM_LOCKED_SUFFIX_ALLOCATION,NO_ASSOCIABLE_GEOMETRY_SOURCE,,LOCKED_BASELINE_ASSERTED_REQUIRES_LIVE_RECHECK,SHARED_REFERENCE,Spatial association remains deferred until governed settlement geometry exists.
align:nngla:place:NG-PLC-000195,PLACE,NGP-000195,NG-NAM-SET-000195,NG-PLC-000195,195,data/novegeo/nngla/geographic-identity-places/source/04_name_catalogues/settlement_name_catalogue.csv,e6598eb8f5ca85351c11fe23629ec834d6130428a200a046ac37ddab19a4b616,CANONICAL_IDENTITY_PRESERVED_FROM_LOCKED_SUFFIX_ALLOCATION,NO_ASSOCIABLE_GEOMETRY_SOURCE,,LOCKED_BASELINE_ASSERTED_REQUIRES_LIVE_RECHECK,SHARED_REFERENCE,Spatial association remains deferred until governed settlement geometry exists.
align:nngla:place:NG-PLC-000196,PLACE,NGP-000196,NG-NAM-SET-000196,NG-PLC-000196,196,data/novegeo/nngla/geographic-identity-places/source/04_name_catalogues/settlement_name_catalogue.csv,e6598eb8f5ca85351c11fe23629ec834d6130428a200a046ac37ddab19a4b616,CANONICAL_IDENTITY_PRESERVED_FROM_LOCKED_SUFFIX_ALLOCATION,NO_ASSOCIABLE_GEOMETRY_SOURCE,,LOCKED_BASELINE_ASSERTED_REQUIRES_LIVE_RECHECK,SHARED_REFERENCE,Spatial association remains deferred until governed settlement geometry exists.
align:nngla:place:NG-PLC-000197,PLACE,NGP-000197,NG-NAM-SET-000197,NG-PLC-000197,197,data/novegeo/nngla/geographic-identity-places/source/04_name_catalogues/settlement_name_catalogue.csv,e6598eb8f5ca85351c11fe23629ec834d6130428a200a046ac37ddab19a4b616,CANONICAL_IDENTITY_PRESERVED_FROM_LOCKED_SUFFIX_ALLOCATION,NO_ASSOCIABLE_GEOMETRY_SOURCE,,LOCKED_BASELINE_ASSERTED_REQUIRES_LIVE_RECHECK,SHARED_REFERENCE,Spatial association remains deferred until governed settlement geometry exists.
align:nngla:place:NG-PLC-000198,PLACE,NGP-000198,NG-NAM-SET-000198,NG-PLC-000198,198,data/novegeo/nngla/geographic-identity-places/source/04_name_catalogues/settlement_name_catalogue.csv,e6598eb8f5ca85351c11fe23629ec834d6130428a200a046ac37ddab19a4b616,CANONICAL_IDENTITY_PRESERVED_FROM_LOCKED_SUFFIX_ALLOCATION,NO_ASSOCIABLE_GEOMETRY_SOURCE,,LOCKED_BASELINE_ASSERTED_REQUIRES_LIVE_RECHECK,SHARED_REFERENCE,Spatial association remains deferred until governed settlement geometry exists.
align:nngla:place:NG-PLC-000199,PLACE,NGP-000199,NG-NAM-SET-000199,NG-PLC-000199,199,data/novegeo/nngla/geographic-identity-places/source/04_name_catalogues/settlement_name_catalogue.csv,e6598eb8f5ca85351c11fe23629ec834d6130428a200a046ac37ddab19a4b616,CANONICAL_IDENTITY_PRESERVED_FROM_LOCKED_SUFFIX_ALLOCATION,NO_ASSOCIABLE_GEOMETRY_SOURCE,,LOCKED_BASELINE_ASSERTED_REQUIRES_LIVE_RECHECK,SHARED_REFERENCE,Spatial association remains deferred until governed settlement geometry exists.
align:nngla:place:NG-PLC-000200,PLACE,NGP-000200,NG-NAM-SET-000200,NG-PLC-000200,200,data/novegeo/nngla/geographic-identity-places/source/04_name_catalogues/settlement_name_catalogue.csv,e6598eb8f5ca85351c11fe23629ec834d6130428a200a046ac37ddab19a4b616,CANONICAL_IDENTITY_PRESERVED_FROM_LOCKED_SUFFIX_ALLOCATION,NO_ASSOCIABLE_GEOMETRY_SOURCE,,LOCKED_BASELINE_ASSERTED_REQUIRES_LIVE_RECHECK,SHARED_REFERENCE,Spatial association remains deferred until governed settlement geometry exists.
align:nngla:place:NG-PLC-000201,PLACE,NGP-000201,NG-NAM-SET-000201,NG-PLC-000201,201,data/novegeo/nngla/geographic-identity-places/source/04_name_catalogues/settlement_name_catalogue.csv,e6598eb8f5ca85351c11fe23629ec834d6130428a200a046ac37ddab19a4b616,CANONICAL_IDENTITY_PRESERVED_FROM_LOCKED_SUFFIX_ALLOCATION,NO_ASSOCIABLE_GEOMETRY_SOURCE,,LOCKED_BASELINE_ASSERTED_REQUIRES_LIVE_RECHECK,SHARED_REFERENCE,Spatial association remains deferred until governed settlement geometry exists.
align:nngla:place:NG-PLC-000202,PLACE,NGP-000202,NG-NAM-SET-000202,NG-PLC-000202,202,data/novegeo/nngla/geographic-identity-places/source/04_name_catalogues/settlement_name_catalogue.csv,e6598eb8f5ca85351c11fe23629ec834d6130428a200a046ac37ddab19a4b616,CANONICAL_IDENTITY_PRESERVED_FROM_LOCKED_SUFFIX_ALLOCATION,NO_ASSOCIABLE_GEOMETRY_SOURCE,,LOCKED_BASELINE_ASSERTED_REQUIRES_LIVE_RECHECK,SHARED_REFERENCE,Spatial association remains deferred until governed settlement geometry exists.
align:nngla:place:NG-PLC-000203,PLACE,NGP-000203,NG-NAM-SET-000203,NG-PLC-000203,203,data/novegeo/nngla/geographic-identity-places/source/04_name_catalogues/settlement_name_catalogue.csv,e6598eb8f5ca85351c11fe23629ec834d6130428a200a046ac37ddab19a4b616,CANONICAL_IDENTITY_PRESERVED_FROM_LOCKED_SUFFIX_ALLOCATION,NO_ASSOCIABLE_GEOMETRY_SOURCE,,LOCKED_BASELINE_ASSERTED_REQUIRES_LIVE_RECHECK,SHARED_REFERENCE,Spatial association remains deferred until governed settlement geometry exists.
align:nngla:place:NG-PLC-000204,PLACE,NGP-000204,NG-NAM-SET-000204,NG-PLC-000204,204,data/novegeo/nngla/geographic-identity-places/source/04_name_catalogues/settlement_name_catalogue.csv,e6598eb8f5ca85351c11fe23629ec834d6130428a200a046ac37ddab19a4b616,CANONICAL_IDENTITY_PRESERVED_FROM_LOCKED_SUFFIX_ALLOCATION,NO_ASSOCIABLE_GEOMETRY_SOURCE,,LOCKED_BASELINE_ASSERTED_REQUIRES_LIVE_RECHECK,SHARED_REFERENCE,Spatial association remains deferred until governed settlement geometry exists.
align:nngla:place:NG-PLC-000205,PLACE,NGP-000205,NG-NAM-SET-000205,NG-PLC-000205,205,data/novegeo/nngla/geographic-identity-places/source/04_name_catalogues/settlement_name_catalogue.csv,e6598eb8f5ca85351c11fe23629ec834d6130428a200a046ac37ddab19a4b616,CANONICAL_IDENTITY_PRESERVED_FROM_LOCKED_SUFFIX_ALLOCATION,NO_ASSOCIABLE_GEOMETRY_SOURCE,,LOCKED_BASELINE_ASSERTED_REQUIRES_LIVE_RECHECK,SHARED_REFERENCE,Spatial association remains deferred until governed settlement geometry exists.
align:nngla:place:NG-PLC-000206,PLACE,NGP-000206,NG-NAM-SET-000206,NG-PLC-000206,206,data/novegeo/nngla/geographic-identity-places/source/04_name_catalogues/settlement_name_catalogue.csv,e6598eb8f5ca85351c11fe23629ec834d6130428a200a046ac37ddab19a4b616,CANONICAL_IDENTITY_PRESERVED_FROM_LOCKED_SUFFIX_ALLOCATION,NO_ASSOCIABLE_GEOMETRY_SOURCE,,LOCKED_BASELINE_ASSERTED_REQUIRES_LIVE_RECHECK,SHARED_REFERENCE,Spatial association remains deferred until governed settlement geometry exists.
align:nngla:place:NG-PLC-000207,PLACE,NGP-000207,NG-NAM-SET-000207,NG-PLC-000207,207,data/novegeo/nngla/geographic-identity-places/source/04_name_catalogues/settlement_name_catalogue.csv,e6598eb8f5ca85351c11fe23629ec834d6130428a200a046ac37ddab19a4b616,CANONICAL_IDENTITY_PRESERVED_FROM_LOCKED_SUFFIX_ALLOCATION,NO_ASSOCIABLE_GEOMETRY_SOURCE,,LOCKED_BASELINE_ASSERTED_REQUIRES_LIVE_RECHECK,SHARED_REFERENCE,Spatial association remains deferred until governed settlement geometry exists.
align:nngla:place:NG-PLC-000208,PLACE,NGP-000208,NG-NAM-SET-000208,NG-PLC-000208,208,data/novegeo/nngla/geographic-identity-places/source/04_name_catalogues/settlement_name_catalogue.csv,e6598eb8f5ca85351c11fe23629ec834d6130428a200a046ac37ddab19a4b616,CANONICAL_IDENTITY_PRESERVED_FROM_LOCKED_SUFFIX_ALLOCATION,NO_ASSOCIABLE_GEOMETRY_SOURCE,,LOCKED_BASELINE_ASSERTED_REQUIRES_LIVE_RECHECK,SHARED_REFERENCE,Spatial association remains deferred until governed settlement geometry exists.
align:nngla:place:NG-PLC-000209,PLACE,NGP-000209,NG-NAM-SET-000209,NG-PLC-000209,209,data/novegeo/nngla/geographic-identity-places/source/04_name_catalogues/settlement_name_catalogue.csv,e6598eb8f5ca85351c11fe23629ec834d6130428a200a046ac37ddab19a4b616,CANONICAL_IDENTITY_PRESERVED_FROM_LOCKED_SUFFIX_ALLOCATION,NO_ASSOCIABLE_GEOMETRY_SOURCE,,LOCKED_BASELINE_ASSERTED_REQUIRES_LIVE_RECHECK,SHARED_REFERENCE,Spatial association remains deferred until governed settlement geometry exists.
align:nngla:place:NG-PLC-000210,PLACE,NGP-000210,NG-NAM-SET-000210,NG-PLC-000210,210,data/novegeo/nngla/geographic-identity-places/source/04_name_catalogues/settlement_name_catalogue.csv,e6598eb8f5ca85351c11fe23629ec834d6130428a200a046ac37ddab19a4b616,CANONICAL_IDENTITY_PRESERVED_FROM_LOCKED_SUFFIX_ALLOCATION,NO_ASSOCIABLE_GEOMETRY_SOURCE,,LOCKED_BASELINE_ASSERTED_REQUIRES_LIVE_RECHECK,SHARED_REFERENCE,Spatial association remains deferred until governed settlement geometry exists.
align:nngla:place:NG-PLC-000211,PLACE,NGP-000211,NG-NAM-SET-000211,NG-PLC-000211,211,data/novegeo/nngla/geographic-identity-places/source/04_name_catalogues/settlement_name_catalogue.csv,e6598eb8f5ca85351c11fe23629ec834d6130428a200a046ac37ddab19a4b616,CANONICAL_IDENTITY_PRESERVED_FROM_LOCKED_SUFFIX_ALLOCATION,NO_ASSOCIABLE_GEOMETRY_SOURCE,,LOCKED_BASELINE_ASSERTED_REQUIRES_LIVE_RECHECK,SHARED_REFERENCE,Spatial association remains deferred until governed settlement geometry exists.
align:nngla:place:NG-PLC-000212,PLACE,NGP-000212,NG-NAM-SET-000212,NG-PLC-000212,212,data/novegeo/nngla/geographic-identity-places/source/04_name_catalogues/settlement_name_catalogue.csv,e6598eb8f5ca85351c11fe23629ec834d6130428a200a046ac37ddab19a4b616,CANONICAL_IDENTITY_PRESERVED_FROM_LOCKED_SUFFIX_ALLOCATION,NO_ASSOCIABLE_GEOMETRY_SOURCE,,LOCKED_BASELINE_ASSERTED_REQUIRES_LIVE_RECHECK,SHARED_REFERENCE,Spatial association remains deferred until governed settlement geometry exists.
align:nngla:place:NG-PLC-000213,PLACE,NGP-000213,NG-NAM-SET-000213,NG-PLC-000213,213,data/novegeo/nngla/geographic-identity-places/source/04_name_catalogues/settlement_name_catalogue.csv,e6598eb8f5ca85351c11fe23629ec834d6130428a200a046ac37ddab19a4b616,CANONICAL_IDENTITY_PRESERVED_FROM_LOCKED_SUFFIX_ALLOCATION,NO_ASSOCIABLE_GEOMETRY_SOURCE,,LOCKED_BASELINE_ASSERTED_REQUIRES_LIVE_RECHECK,SHARED_REFERENCE,Spatial association remains deferred until governed settlement geometry exists.
align:nngla:place:NG-PLC-000214,PLACE,NGP-000214,NG-NAM-SET-000214,NG-PLC-000214,214,data/novegeo/nngla/geographic-identity-places/source/04_name_catalogues/settlement_name_catalogue.csv,e6598eb8f5ca85351c11fe23629ec834d6130428a200a046ac37ddab19a4b616,CANONICAL_IDENTITY_PRESERVED_FROM_LOCKED_SUFFIX_ALLOCATION,NO_ASSOCIABLE_GEOMETRY_SOURCE,,LOCKED_BASELINE_ASSERTED_REQUIRES_LIVE_RECHECK,SHARED_REFERENCE,Spatial association remains deferred until governed settlement geometry exists.
align:nngla:place:NG-PLC-000215,PLACE,NGP-000215,NG-NAM-SET-000215,NG-PLC-000215,215,data/novegeo/nngla/geographic-identity-places/source/04_name_catalogues/settlement_name_catalogue.csv,e6598eb8f5ca85351c11fe23629ec834d6130428a200a046ac37ddab19a4b616,CANONICAL_IDENTITY_PRESERVED_FROM_LOCKED_SUFFIX_ALLOCATION,NO_ASSOCIABLE_GEOMETRY_SOURCE,,LOCKED_BASELINE_ASSERTED_REQUIRES_LIVE_RECHECK,SHARED_REFERENCE,Spatial association remains deferred until governed settlement geometry exists.
align:nngla:place:NG-PLC-000216,PLACE,NGP-000216,NG-NAM-SET-000216,NG-PLC-000216,216,data/novegeo/nngla/geographic-identity-places/source/04_name_catalogues/settlement_name_catalogue.csv,e6598eb8f5ca85351c11fe23629ec834d6130428a200a046ac37ddab19a4b616,CANONICAL_IDENTITY_PRESERVED_FROM_LOCKED_SUFFIX_ALLOCATION,NO_ASSOCIABLE_GEOMETRY_SOURCE,,LOCKED_BASELINE_ASSERTED_REQUIRES_LIVE_RECHECK,SHARED_REFERENCE,Spatial association remains deferred until governed settlement geometry exists.
align:nngla:place:NG-PLC-000217,PLACE,NGP-000217,NG-NAM-SET-000217,NG-PLC-000217,217,data/novegeo/nngla/geographic-identity-places/source/04_name_catalogues/settlement_name_catalogue.csv,e6598eb8f5ca85351c11fe23629ec834d6130428a200a046ac37ddab19a4b616,CANONICAL_IDENTITY_PRESERVED_FROM_LOCKED_SUFFIX_ALLOCATION,NO_ASSOCIABLE_GEOMETRY_SOURCE,,LOCKED_BASELINE_ASSERTED_REQUIRES_LIVE_RECHECK,SHARED_REFERENCE,Spatial association remains deferred until governed settlement geometry exists.
align:nngla:place:NG-PLC-000218,PLACE,NGP-000218,NG-NAM-SET-000218,NG-PLC-000218,218,data/novegeo/nngla/geographic-identity-places/source/04_name_catalogues/settlement_name_catalogue.csv,e6598eb8f5ca85351c11fe23629ec834d6130428a200a046ac37ddab19a4b616,CANONICAL_IDENTITY_PRESERVED_FROM_LOCKED_SUFFIX_ALLOCATION,NO_ASSOCIABLE_GEOMETRY_SOURCE,,LOCKED_BASELINE_ASSERTED_REQUIRES_LIVE_RECHECK,SHARED_REFERENCE,Spatial association remains deferred until governed settlement geometry exists.
align:nngla:place:NG-PLC-000219,PLACE,NGP-000219,NG-NAM-SET-000219,NG-PLC-000219,219,data/novegeo/nngla/geographic-identity-places/source/04_name_catalogues/settlement_name_catalogue.csv,e6598eb8f5ca85351c11fe23629ec834d6130428a200a046ac37ddab19a4b616,CANONICAL_IDENTITY_PRESERVED_FROM_LOCKED_SUFFIX_ALLOCATION,NO_ASSOCIABLE_GEOMETRY_SOURCE,,LOCKED_BASELINE_ASSERTED_REQUIRES_LIVE_RECHECK,SHARED_REFERENCE,Spatial association remains deferred until governed settlement geometry exists.
align:nngla:place:NG-PLC-000220,PLACE,NGP-000220,NG-NAM-SET-000220,NG-PLC-000220,220,data/novegeo/nngla/geographic-identity-places/source/04_name_catalogues/settlement_name_catalogue.csv,e6598eb8f5ca85351c11fe23629ec834d6130428a200a046ac37ddab19a4b616,CANONICAL_IDENTITY_PRESERVED_FROM_LOCKED_SUFFIX_ALLOCATION,NO_ASSOCIABLE_GEOMETRY_SOURCE,,LOCKED_BASELINE_ASSERTED_REQUIRES_LIVE_RECHECK,SHARED_REFERENCE,Spatial association remains deferred until governed settlement geometry exists.
align:nngla:place:NG-PLC-000221,PLACE,NGP-000221,NG-NAM-SET-000221,NG-PLC-000221,221,data/novegeo/nngla/geographic-identity-places/source/04_name_catalogues/settlement_name_catalogue.csv,e6598eb8f5ca85351c11fe23629ec834d6130428a200a046ac37ddab19a4b616,CANONICAL_IDENTITY_PRESERVED_FROM_LOCKED_SUFFIX_ALLOCATION,NO_ASSOCIABLE_GEOMETRY_SOURCE,,LOCKED_BASELINE_ASSERTED_REQUIRES_LIVE_RECHECK,SHARED_REFERENCE,Spatial association remains deferred until governed settlement geometry exists.
align:nngla:place:NG-PLC-000222,PLACE,NGP-000222,NG-NAM-SET-000222,NG-PLC-000222,222,data/novegeo/nngla/geographic-identity-places/source/04_name_catalogues/settlement_name_catalogue.csv,e6598eb8f5ca85351c11fe23629ec834d6130428a200a046ac37ddab19a4b616,CANONICAL_IDENTITY_PRESERVED_FROM_LOCKED_SUFFIX_ALLOCATION,NO_ASSOCIABLE_GEOMETRY_SOURCE,,LOCKED_BASELINE_ASSERTED_REQUIRES_LIVE_RECHECK,SHARED_REFERENCE,Spatial association remains deferred until governed settlement geometry exists.
align:nngla:place:NG-PLC-000223,PLACE,NGP-000223,NG-NAM-SET-000223,NG-PLC-000223,223,data/novegeo/nngla/geographic-identity-places/source/04_name_catalogues/settlement_name_catalogue.csv,e6598eb8f5ca85351c11fe23629ec834d6130428a200a046ac37ddab19a4b616,CANONICAL_IDENTITY_PRESERVED_FROM_LOCKED_SUFFIX_ALLOCATION,NO_ASSOCIABLE_GEOMETRY_SOURCE,,LOCKED_BASELINE_ASSERTED_REQUIRES_LIVE_RECHECK,SHARED_REFERENCE,Spatial association remains deferred until governed settlement geometry exists.
align:nngla:place:NG-PLC-000224,PLACE,NGP-000224,NG-NAM-SET-000224,NG-PLC-000224,224,data/novegeo/nngla/geographic-identity-places/source/04_name_catalogues/settlement_name_catalogue.csv,e6598eb8f5ca85351c11fe23629ec834d6130428a200a046ac37ddab19a4b616,CANONICAL_IDENTITY_PRESERVED_FROM_LOCKED_SUFFIX_ALLOCATION,NO_ASSOCIABLE_GEOMETRY_SOURCE,,LOCKED_BASELINE_ASSERTED_REQUIRES_LIVE_RECHECK,SHARED_REFERENCE,Spatial association remains deferred until governed settlement geometry exists.
align:nngla:place:NG-PLC-000225,PLACE,NGP-000225,NG-NAM-SET-000225,NG-PLC-000225,225,data/novegeo/nngla/geographic-identity-places/source/04_name_catalogues/settlement_name_catalogue.csv,e6598eb8f5ca85351c11fe23629ec834d6130428a200a046ac37ddab19a4b616,CANONICAL_IDENTITY_PRESERVED_FROM_LOCKED_SUFFIX_ALLOCATION,NO_ASSOCIABLE_GEOMETRY_SOURCE,,LOCKED_BASELINE_ASSERTED_REQUIRES_LIVE_RECHECK,SHARED_REFERENCE,Spatial association remains deferred until governed settlement geometry exists.
align:nngla:place:NG-PLC-000226,PLACE,NGP-000226,NG-NAM-SET-000226,NG-PLC-000226,226,data/novegeo/nngla/geographic-identity-places/source/04_name_catalogues/settlement_name_catalogue.csv,e6598eb8f5ca85351c11fe23629ec834d6130428a200a046ac37ddab19a4b616,CANONICAL_IDENTITY_PRESERVED_FROM_LOCKED_SUFFIX_ALLOCATION,NO_ASSOCIABLE_GEOMETRY_SOURCE,,LOCKED_BASELINE_ASSERTED_REQUIRES_LIVE_RECHECK,SHARED_REFERENCE,Spatial association remains deferred until governed settlement geometry exists.
align:nngla:place:NG-PLC-000227,PLACE,NGP-000227,NG-NAM-SET-000227,NG-PLC-000227,227,data/novegeo/nngla/geographic-identity-places/source/04_name_catalogues/settlement_name_catalogue.csv,e6598eb8f5ca85351c11fe23629ec834d6130428a200a046ac37ddab19a4b616,CANONICAL_IDENTITY_PRESERVED_FROM_LOCKED_SUFFIX_ALLOCATION,NO_ASSOCIABLE_GEOMETRY_SOURCE,,LOCKED_BASELINE_ASSERTED_REQUIRES_LIVE_RECHECK,SHARED_REFERENCE,Spatial association remains deferred until governed settlement geometry exists.
align:nngla:place:NG-PLC-000228,PLACE,NGP-000228,NG-NAM-SET-000228,NG-PLC-000228,228,data/novegeo/nngla/geographic-identity-places/source/04_name_catalogues/settlement_name_catalogue.csv,e6598eb8f5ca85351c11fe23629ec834d6130428a200a046ac37ddab19a4b616,CANONICAL_IDENTITY_PRESERVED_FROM_LOCKED_SUFFIX_ALLOCATION,NO_ASSOCIABLE_GEOMETRY_SOURCE,,LOCKED_BASELINE_ASSERTED_REQUIRES_LIVE_RECHECK,SHARED_REFERENCE,Spatial association remains deferred until governed settlement geometry exists.
align:nngla:place:NG-PLC-000229,PLACE,NGP-000229,NG-NAM-SET-000229,NG-PLC-000229,229,data/novegeo/nngla/geographic-identity-places/source/04_name_catalogues/settlement_name_catalogue.csv,e6598eb8f5ca85351c11fe23629ec834d6130428a200a046ac37ddab19a4b616,CANONICAL_IDENTITY_PRESERVED_FROM_LOCKED_SUFFIX_ALLOCATION,NO_ASSOCIABLE_GEOMETRY_SOURCE,,LOCKED_BASELINE_ASSERTED_REQUIRES_LIVE_RECHECK,SHARED_REFERENCE,Spatial association remains deferred until governed settlement geometry exists.
align:nngla:place:NG-PLC-000230,PLACE,NGP-000230,NG-NAM-SET-000230,NG-PLC-000230,230,data/novegeo/nngla/geographic-identity-places/source/04_name_catalogues/settlement_name_catalogue.csv,e6598eb8f5ca85351c11fe23629ec834d6130428a200a046ac37ddab19a4b616,CANONICAL_IDENTITY_PRESERVED_FROM_LOCKED_SUFFIX_ALLOCATION,NO_ASSOCIABLE_GEOMETRY_SOURCE,,LOCKED_BASELINE_ASSERTED_REQUIRES_LIVE_RECHECK,SHARED_REFERENCE,Spatial association remains deferred until governed settlement geometry exists.
align:nngla:place:NG-PLC-000231,PLACE,NGP-000231,NG-NAM-SET-000231,NG-PLC-000231,231,data/novegeo/nngla/geographic-identity-places/source/04_name_catalogues/settlement_name_catalogue.csv,e6598eb8f5ca85351c11fe23629ec834d6130428a200a046ac37ddab19a4b616,CANONICAL_IDENTITY_PRESERVED_FROM_LOCKED_SUFFIX_ALLOCATION,NO_ASSOCIABLE_GEOMETRY_SOURCE,,LOCKED_BASELINE_ASSERTED_REQUIRES_LIVE_RECHECK,SHARED_REFERENCE,Spatial association remains deferred until governed settlement geometry exists.
align:nngla:place:NG-PLC-000232,PLACE,NGP-000232,NG-NAM-SET-000232,NG-PLC-000232,232,data/novegeo/nngla/geographic-identity-places/source/04_name_catalogues/settlement_name_catalogue.csv,e6598eb8f5ca85351c11fe23629ec834d6130428a200a046ac37ddab19a4b616,CANONICAL_IDENTITY_PRESERVED_FROM_LOCKED_SUFFIX_ALLOCATION,NO_ASSOCIABLE_GEOMETRY_SOURCE,,LOCKED_BASELINE_ASSERTED_REQUIRES_LIVE_RECHECK,SHARED_REFERENCE,Spatial association remains deferred until governed settlement geometry exists.
align:nngla:place:NG-PLC-000233,PLACE,NGP-000233,NG-NAM-SET-000233,NG-PLC-000233,233,data/novegeo/nngla/geographic-identity-places/source/04_name_catalogues/settlement_name_catalogue.csv,e6598eb8f5ca85351c11fe23629ec834d6130428a200a046ac37ddab19a4b616,CANONICAL_IDENTITY_PRESERVED_FROM_LOCKED_SUFFIX_ALLOCATION,NO_ASSOCIABLE_GEOMETRY_SOURCE,,LOCKED_BASELINE_ASSERTED_REQUIRES_LIVE_RECHECK,SHARED_REFERENCE,Spatial association remains deferred until governed settlement geometry exists.
align:nngla:place:NG-PLC-000234,PLACE,NGP-000234,NG-NAM-SET-000234,NG-PLC-000234,234,data/novegeo/nngla/geographic-identity-places/source/04_name_catalogues/settlement_name_catalogue.csv,e6598eb8f5ca85351c11fe23629ec834d6130428a200a046ac37ddab19a4b616,CANONICAL_IDENTITY_PRESERVED_FROM_LOCKED_SUFFIX_ALLOCATION,NO_ASSOCIABLE_GEOMETRY_SOURCE,,LOCKED_BASELINE_ASSERTED_REQUIRES_LIVE_RECHECK,SHARED_REFERENCE,Spatial association remains deferred until governed settlement geometry exists.
align:nngla:place:NG-PLC-000235,PLACE,NGP-000235,NG-NAM-SET-000235,NG-PLC-000235,235,data/novegeo/nngla/geographic-identity-places/source/04_name_catalogues/settlement_name_catalogue.csv,e6598eb8f5ca85351c11fe23629ec834d6130428a200a046ac37ddab19a4b616,CANONICAL_IDENTITY_PRESERVED_FROM_LOCKED_SUFFIX_ALLOCATION,NO_ASSOCIABLE_GEOMETRY_SOURCE,,LOCKED_BASELINE_ASSERTED_REQUIRES_LIVE_RECHECK,SHARED_REFERENCE,Spatial association remains deferred until governed settlement geometry exists.
align:nngla:place:NG-PLC-000236,PLACE,NGP-000236,NG-NAM-SET-000236,NG-PLC-000236,236,data/novegeo/nngla/geographic-identity-places/source/04_name_catalogues/settlement_name_catalogue.csv,e6598eb8f5ca85351c11fe23629ec834d6130428a200a046ac37ddab19a4b616,CANONICAL_IDENTITY_PRESERVED_FROM_LOCKED_SUFFIX_ALLOCATION,NO_ASSOCIABLE_GEOMETRY_SOURCE,,LOCKED_BASELINE_ASSERTED_REQUIRES_LIVE_RECHECK,SHARED_REFERENCE,Spatial association remains deferred until governed settlement geometry exists.
align:nngla:place:NG-PLC-000237,PLACE,NGP-000237,NG-NAM-SET-000237,NG-PLC-000237,237,data/novegeo/nngla/geographic-identity-places/source/04_name_catalogues/settlement_name_catalogue.csv,e6598eb8f5ca85351c11fe23629ec834d6130428a200a046ac37ddab19a4b616,CANONICAL_IDENTITY_PRESERVED_FROM_LOCKED_SUFFIX_ALLOCATION,NO_ASSOCIABLE_GEOMETRY_SOURCE,,LOCKED_BASELINE_ASSERTED_REQUIRES_LIVE_RECHECK,SHARED_REFERENCE,Spatial association remains deferred until governed settlement geometry exists.
align:nngla:place:NG-PLC-000238,PLACE,NGP-000238,NG-NAM-SET-000238,NG-PLC-000238,238,data/novegeo/nngla/geographic-identity-places/source/04_name_catalogues/settlement_name_catalogue.csv,e6598eb8f5ca85351c11fe23629ec834d6130428a200a046ac37ddab19a4b616,CANONICAL_IDENTITY_PRESERVED_FROM_LOCKED_SUFFIX_ALLOCATION,NO_ASSOCIABLE_GEOMETRY_SOURCE,,LOCKED_BASELINE_ASSERTED_REQUIRES_LIVE_RECHECK,SHARED_REFERENCE,Spatial association remains deferred until governed settlement geometry exists.
align:nngla:place:NG-PLC-000239,PLACE,NGP-000239,NG-NAM-SET-000239,NG-PLC-000239,239,data/novegeo/nngla/geographic-identity-places/source/04_name_catalogues/settlement_name_catalogue.csv,e6598eb8f5ca85351c11fe23629ec834d6130428a200a046ac37ddab19a4b616,CANONICAL_IDENTITY_PRESERVED_FROM_LOCKED_SUFFIX_ALLOCATION,NO_ASSOCIABLE_GEOMETRY_SOURCE,,LOCKED_BASELINE_ASSERTED_REQUIRES_LIVE_RECHECK,SHARED_REFERENCE,Spatial association remains deferred until governed settlement geometry exists.
align:nngla:place:NG-PLC-000240,PLACE,NGP-000240,NG-NAM-SET-000240,NG-PLC-000240,240,data/novegeo/nngla/geographic-identity-places/source/04_name_catalogues/settlement_name_catalogue.csv,e6598eb8f5ca85351c11fe23629ec834d6130428a200a046ac37ddab19a4b616,CANONICAL_IDENTITY_PRESERVED_FROM_LOCKED_SUFFIX_ALLOCATION,NO_ASSOCIABLE_GEOMETRY_SOURCE,,LOCKED_BASELINE_ASSERTED_REQUIRES_LIVE_RECHECK,SHARED_REFERENCE,Spatial association remains deferred until governed settlement geometry exists.
align:nngla:place:NG-PLC-000241,PLACE,NGP-000241,NG-NAM-SET-000241,NG-PLC-000241,241,data/novegeo/nngla/geographic-identity-places/source/04_name_catalogues/settlement_name_catalogue.csv,e6598eb8f5ca85351c11fe23629ec834d6130428a200a046ac37ddab19a4b616,CANONICAL_IDENTITY_PRESERVED_FROM_LOCKED_SUFFIX_ALLOCATION,NO_ASSOCIABLE_GEOMETRY_SOURCE,,LOCKED_BASELINE_ASSERTED_REQUIRES_LIVE_RECHECK,SHARED_REFERENCE,Spatial association remains deferred until governed settlement geometry exists.
align:nngla:place:NG-PLC-000242,PLACE,NGP-000242,NG-NAM-SET-000242,NG-PLC-000242,242,data/novegeo/nngla/geographic-identity-places/source/04_name_catalogues/settlement_name_catalogue.csv,e6598eb8f5ca85351c11fe23629ec834d6130428a200a046ac37ddab19a4b616,CANONICAL_IDENTITY_PRESERVED_FROM_LOCKED_SUFFIX_ALLOCATION,NO_ASSOCIABLE_GEOMETRY_SOURCE,,LOCKED_BASELINE_ASSERTED_REQUIRES_LIVE_RECHECK,SHARED_REFERENCE,Spatial association remains deferred until governed settlement geometry exists.
align:nngla:place:NG-PLC-000243,PLACE,NGP-000243,NG-NAM-SET-000243,NG-PLC-000243,243,data/novegeo/nngla/geographic-identity-places/source/04_name_catalogues/settlement_name_catalogue.csv,e6598eb8f5ca85351c11fe23629ec834d6130428a200a046ac37ddab19a4b616,CANONICAL_IDENTITY_PRESERVED_FROM_LOCKED_SUFFIX_ALLOCATION,NO_ASSOCIABLE_GEOMETRY_SOURCE,,LOCKED_BASELINE_ASSERTED_REQUIRES_LIVE_RECHECK,SHARED_REFERENCE,Spatial association remains deferred until governed settlement geometry exists.
align:nngla:place:NG-PLC-000244,PLACE,NGP-000244,NG-NAM-SET-000244,NG-PLC-000244,244,data/novegeo/nngla/geographic-identity-places/source/04_name_catalogues/settlement_name_catalogue.csv,e6598eb8f5ca85351c11fe23629ec834d6130428a200a046ac37ddab19a4b616,CANONICAL_IDENTITY_PRESERVED_FROM_LOCKED_SUFFIX_ALLOCATION,NO_ASSOCIABLE_GEOMETRY_SOURCE,,LOCKED_BASELINE_ASSERTED_REQUIRES_LIVE_RECHECK,SHARED_REFERENCE,Spatial association remains deferred until governed settlement geometry exists.
align:nngla:place:NG-PLC-000245,PLACE,NGP-000245,NG-NAM-SET-000245,NG-PLC-000245,245,data/novegeo/nngla/geographic-identity-places/source/04_name_catalogues/settlement_name_catalogue.csv,e6598eb8f5ca85351c11fe23629ec834d6130428a200a046ac37ddab19a4b616,CANONICAL_IDENTITY_PRESERVED_FROM_LOCKED_SUFFIX_ALLOCATION,NO_ASSOCIABLE_GEOMETRY_SOURCE,,LOCKED_BASELINE_ASSERTED_REQUIRES_LIVE_RECHECK,SHARED_REFERENCE,Spatial association remains deferred until governed settlement geometry exists.
align:nngla:place:NG-PLC-000246,PLACE,NGP-000246,NG-NAM-SET-000246,NG-PLC-000246,246,data/novegeo/nngla/geographic-identity-places/source/04_name_catalogues/settlement_name_catalogue.csv,e6598eb8f5ca85351c11fe23629ec834d6130428a200a046ac37ddab19a4b616,CANONICAL_IDENTITY_PRESERVED_FROM_LOCKED_SUFFIX_ALLOCATION,NO_ASSOCIABLE_GEOMETRY_SOURCE,,LOCKED_BASELINE_ASSERTED_REQUIRES_LIVE_RECHECK,SHARED_REFERENCE,Spatial association remains deferred until governed settlement geometry exists.
align:nngla:place:NG-PLC-000247,PLACE,NGP-000247,NG-NAM-SET-000247,NG-PLC-000247,247,data/novegeo/nngla/geographic-identity-places/source/04_name_catalogues/settlement_name_catalogue.csv,e6598eb8f5ca85351c11fe23629ec834d6130428a200a046ac37ddab19a4b616,CANONICAL_IDENTITY_PRESERVED_FROM_LOCKED_SUFFIX_ALLOCATION,NO_ASSOCIABLE_GEOMETRY_SOURCE,,LOCKED_BASELINE_ASSERTED_REQUIRES_LIVE_RECHECK,SHARED_REFERENCE,Spatial association remains deferred until governed settlement geometry exists.
align:nngla:place:NG-PLC-000248,PLACE,NGP-000248,NG-NAM-SET-000248,NG-PLC-000248,248,data/novegeo/nngla/geographic-identity-places/source/04_name_catalogues/settlement_name_catalogue.csv,e6598eb8f5ca85351c11fe23629ec834d6130428a200a046ac37ddab19a4b616,CANONICAL_IDENTITY_PRESERVED_FROM_LOCKED_SUFFIX_ALLOCATION,NO_ASSOCIABLE_GEOMETRY_SOURCE,,LOCKED_BASELINE_ASSERTED_REQUIRES_LIVE_RECHECK,SHARED_REFERENCE,Spatial association remains deferred until governed settlement geometry exists.
align:nngla:place:NG-PLC-000249,PLACE,NGP-000249,NG-NAM-SET-000249,NG-PLC-000249,249,data/novegeo/nngla/geographic-identity-places/source/04_name_catalogues/settlement_name_catalogue.csv,e6598eb8f5ca85351c11fe23629ec834d6130428a200a046ac37ddab19a4b616,CANONICAL_IDENTITY_PRESERVED_FROM_LOCKED_SUFFIX_ALLOCATION,NO_ASSOCIABLE_GEOMETRY_SOURCE,,LOCKED_BASELINE_ASSERTED_REQUIRES_LIVE_RECHECK,SHARED_REFERENCE,Spatial association remains deferred until governed settlement geometry exists.
align:nngla:place:NG-PLC-000250,PLACE,NGP-000250,NG-NAM-SET-000250,NG-PLC-000250,250,data/novegeo/nngla/geographic-identity-places/source/04_name_catalogues/settlement_name_catalogue.csv,e6598eb8f5ca85351c11fe23629ec834d6130428a200a046ac37ddab19a4b616,CANONICAL_IDENTITY_PRESERVED_FROM_LOCKED_SUFFIX_ALLOCATION,NO_ASSOCIABLE_GEOMETRY_SOURCE,,LOCKED_BASELINE_ASSERTED_REQUIRES_LIVE_RECHECK,SHARED_REFERENCE,Spatial association remains deferred until governed settlement geometry exists.
align:nngla:place:NG-PLC-000251,PLACE,NGP-000251,NG-NAM-SET-000251,NG-PLC-000251,251,data/novegeo/nngla/geographic-identity-places/source/04_name_catalogues/settlement_name_catalogue.csv,e6598eb8f5ca85351c11fe23629ec834d6130428a200a046ac37ddab19a4b616,CANONICAL_IDENTITY_PRESERVED_FROM_LOCKED_SUFFIX_ALLOCATION,NO_ASSOCIABLE_GEOMETRY_SOURCE,,LOCKED_BASELINE_ASSERTED_REQUIRES_LIVE_RECHECK,SHARED_REFERENCE,Spatial association remains deferred until governed settlement geometry exists.
align:nngla:place:NG-PLC-000252,PLACE,NGP-000252,NG-NAM-SET-000252,NG-PLC-000252,252,data/novegeo/nngla/geographic-identity-places/source/04_name_catalogues/settlement_name_catalogue.csv,e6598eb8f5ca85351c11fe23629ec834d6130428a200a046ac37ddab19a4b616,CANONICAL_IDENTITY_PRESERVED_FROM_LOCKED_SUFFIX_ALLOCATION,NO_ASSOCIABLE_GEOMETRY_SOURCE,,LOCKED_BASELINE_ASSERTED_REQUIRES_LIVE_RECHECK,SHARED_REFERENCE,Spatial association remains deferred until governed settlement geometry exists.
align:nngla:place:NG-PLC-000253,PLACE,NGP-000253,NG-NAM-SET-000253,NG-PLC-000253,253,data/novegeo/nngla/geographic-identity-places/source/04_name_catalogues/settlement_name_catalogue.csv,e6598eb8f5ca85351c11fe23629ec834d6130428a200a046ac37ddab19a4b616,CANONICAL_IDENTITY_PRESERVED_FROM_LOCKED_SUFFIX_ALLOCATION,NO_ASSOCIABLE_GEOMETRY_SOURCE,,LOCKED_BASELINE_ASSERTED_REQUIRES_LIVE_RECHECK,SHARED_REFERENCE,Spatial association remains deferred until governed settlement geometry exists.
align:nngla:place:NG-PLC-000254,PLACE,NGP-000254,NG-NAM-SET-000254,NG-PLC-000254,254,data/novegeo/nngla/geographic-identity-places/source/04_name_catalogues/settlement_name_catalogue.csv,e6598eb8f5ca85351c11fe23629ec834d6130428a200a046ac37ddab19a4b616,CANONICAL_IDENTITY_PRESERVED_FROM_LOCKED_SUFFIX_ALLOCATION,NO_ASSOCIABLE_GEOMETRY_SOURCE,,LOCKED_BASELINE_ASSERTED_REQUIRES_LIVE_RECHECK,SHARED_REFERENCE,Spatial association remains deferred until governed settlement geometry exists.
align:nngla:place:NG-PLC-000255,PLACE,NGP-000255,NG-NAM-SET-000255,NG-PLC-000255,255,data/novegeo/nngla/geographic-identity-places/source/04_name_catalogues/settlement_name_catalogue.csv,e6598eb8f5ca85351c11fe23629ec834d6130428a200a046ac37ddab19a4b616,CANONICAL_IDENTITY_PRESERVED_FROM_LOCKED_SUFFIX_ALLOCATION,NO_ASSOCIABLE_GEOMETRY_SOURCE,,LOCKED_BASELINE_ASSERTED_REQUIRES_LIVE_RECHECK,SHARED_REFERENCE,Spatial association remains deferred until governed settlement geometry exists.
align:nngla:place:NG-PLC-000256,PLACE,NGP-000256,NG-NAM-SET-000256,NG-PLC-000256,256,data/novegeo/nngla/geographic-identity-places/source/04_name_catalogues/settlement_name_catalogue.csv,e6598eb8f5ca85351c11fe23629ec834d6130428a200a046ac37ddab19a4b616,CANONICAL_IDENTITY_PRESERVED_FROM_LOCKED_SUFFIX_ALLOCATION,NO_ASSOCIABLE_GEOMETRY_SOURCE,,LOCKED_BASELINE_ASSERTED_REQUIRES_LIVE_RECHECK,SHARED_REFERENCE,Spatial association remains deferred until governed settlement geometry exists.
align:nngla:place:NG-PLC-000257,PLACE,NGP-000257,NG-NAM-SET-000257,NG-PLC-000257,257,data/novegeo/nngla/geographic-identity-places/source/04_name_catalogues/settlement_name_catalogue.csv,e6598eb8f5ca85351c11fe23629ec834d6130428a200a046ac37ddab19a4b616,CANONICAL_IDENTITY_PRESERVED_FROM_LOCKED_SUFFIX_ALLOCATION,NO_ASSOCIABLE_GEOMETRY_SOURCE,,LOCKED_BASELINE_ASSERTED_REQUIRES_LIVE_RECHECK,SHARED_REFERENCE,Spatial association remains deferred until governed settlement geometry exists.
align:nngla:place:NG-PLC-000258,PLACE,NGP-000258,NG-NAM-SET-000258,NG-PLC-000258,258,data/novegeo/nngla/geographic-identity-places/source/04_name_catalogues/settlement_name_catalogue.csv,e6598eb8f5ca85351c11fe23629ec834d6130428a200a046ac37ddab19a4b616,CANONICAL_IDENTITY_PRESERVED_FROM_LOCKED_SUFFIX_ALLOCATION,NO_ASSOCIABLE_GEOMETRY_SOURCE,,LOCKED_BASELINE_ASSERTED_REQUIRES_LIVE_RECHECK,SHARED_REFERENCE,Spatial association remains deferred until governed settlement geometry exists.
align:nngla:place:NG-PLC-000259,PLACE,NGP-000259,NG-NAM-SET-000259,NG-PLC-000259,259,data/novegeo/nngla/geographic-identity-places/source/04_name_catalogues/settlement_name_catalogue.csv,e6598eb8f5ca85351c11fe23629ec834d6130428a200a046ac37ddab19a4b616,CANONICAL_IDENTITY_PRESERVED_FROM_LOCKED_SUFFIX_ALLOCATION,NO_ASSOCIABLE_GEOMETRY_SOURCE,,LOCKED_BASELINE_ASSERTED_REQUIRES_LIVE_RECHECK,SHARED_REFERENCE,Spatial association remains deferred until governed settlement geometry exists.
align:nngla:place:NG-PLC-000260,PLACE,NGP-000260,NG-NAM-SET-000260,NG-PLC-000260,260,data/novegeo/nngla/geographic-identity-places/source/04_name_catalogues/settlement_name_catalogue.csv,e6598eb8f5ca85351c11fe23629ec834d6130428a200a046ac37ddab19a4b616,CANONICAL_IDENTITY_PRESERVED_FROM_LOCKED_SUFFIX_ALLOCATION,NO_ASSOCIABLE_GEOMETRY_SOURCE,,LOCKED_BASELINE_ASSERTED_REQUIRES_LIVE_RECHECK,SHARED_REFERENCE,Spatial association remains deferred until governed settlement geometry exists.
align:nngla:place:NG-PLC-000261,PLACE,NGP-000261,NG-NAM-SET-000261,NG-PLC-000261,261,data/novegeo/nngla/geographic-identity-places/source/04_name_catalogues/settlement_name_catalogue.csv,e6598eb8f5ca85351c11fe23629ec834d6130428a200a046ac37ddab19a4b616,CANONICAL_IDENTITY_PRESERVED_FROM_LOCKED_SUFFIX_ALLOCATION,NO_ASSOCIABLE_GEOMETRY_SOURCE,,LOCKED_BASELINE_ASSERTED_REQUIRES_LIVE_RECHECK,SHARED_REFERENCE,Spatial association remains deferred until governed settlement geometry exists.
align:nngla:place:NG-PLC-000262,PLACE,NGP-000262,NG-NAM-SET-000262,NG-PLC-000262,262,data/novegeo/nngla/geographic-identity-places/source/04_name_catalogues/settlement_name_catalogue.csv,e6598eb8f5ca85351c11fe23629ec834d6130428a200a046ac37ddab19a4b616,CANONICAL_IDENTITY_PRESERVED_FROM_LOCKED_SUFFIX_ALLOCATION,NO_ASSOCIABLE_GEOMETRY_SOURCE,,LOCKED_BASELINE_ASSERTED_REQUIRES_LIVE_RECHECK,SHARED_REFERENCE,Spatial association remains deferred until governed settlement geometry exists.
align:nngla:place:NG-PLC-000263,PLACE,NGP-000263,NG-NAM-SET-000263,NG-PLC-000263,263,data/novegeo/nngla/geographic-identity-places/source/04_name_catalogues/settlement_name_catalogue.csv,e6598eb8f5ca85351c11fe23629ec834d6130428a200a046ac37ddab19a4b616,CANONICAL_IDENTITY_PRESERVED_FROM_LOCKED_SUFFIX_ALLOCATION,NO_ASSOCIABLE_GEOMETRY_SOURCE,,LOCKED_BASELINE_ASSERTED_REQUIRES_LIVE_RECHECK,SHARED_REFERENCE,Spatial association remains deferred until governed settlement geometry exists.
align:nngla:place:NG-PLC-000264,PLACE,NGP-000264,NG-NAM-SET-000264,NG-PLC-000264,264,data/novegeo/nngla/geographic-identity-places/source/04_name_catalogues/settlement_name_catalogue.csv,e6598eb8f5ca85351c11fe23629ec834d6130428a200a046ac37ddab19a4b616,CANONICAL_IDENTITY_PRESERVED_FROM_LOCKED_SUFFIX_ALLOCATION,NO_ASSOCIABLE_GEOMETRY_SOURCE,,LOCKED_BASELINE_ASSERTED_REQUIRES_LIVE_RECHECK,SHARED_REFERENCE,Spatial association remains deferred until governed settlement geometry exists.
align:nngla:place:NG-PLC-000265,PLACE,NGP-000265,NG-NAM-SET-000265,NG-PLC-000265,265,data/novegeo/nngla/geographic-identity-places/source/04_name_catalogues/settlement_name_catalogue.csv,e6598eb8f5ca85351c11fe23629ec834d6130428a200a046ac37ddab19a4b616,CANONICAL_IDENTITY_PRESERVED_FROM_LOCKED_SUFFIX_ALLOCATION,NO_ASSOCIABLE_GEOMETRY_SOURCE,,LOCKED_BASELINE_ASSERTED_REQUIRES_LIVE_RECHECK,SHARED_REFERENCE,Spatial association remains deferred until governed settlement geometry exists.
align:nngla:place:NG-PLC-000266,PLACE,NGP-000266,NG-NAM-SET-000266,NG-PLC-000266,266,data/novegeo/nngla/geographic-identity-places/source/04_name_catalogues/settlement_name_catalogue.csv,e6598eb8f5ca85351c11fe23629ec834d6130428a200a046ac37ddab19a4b616,CANONICAL_IDENTITY_PRESERVED_FROM_LOCKED_SUFFIX_ALLOCATION,NO_ASSOCIABLE_GEOMETRY_SOURCE,,LOCKED_BASELINE_ASSERTED_REQUIRES_LIVE_RECHECK,SHARED_REFERENCE,Spatial association remains deferred until governed settlement geometry exists.
align:nngla:place:NG-PLC-000267,PLACE,NGP-000267,NG-NAM-SET-000267,NG-PLC-000267,267,data/novegeo/nngla/geographic-identity-places/source/04_name_catalogues/settlement_name_catalogue.csv,e6598eb8f5ca85351c11fe23629ec834d6130428a200a046ac37ddab19a4b616,CANONICAL_IDENTITY_PRESERVED_FROM_LOCKED_SUFFIX_ALLOCATION,NO_ASSOCIABLE_GEOMETRY_SOURCE,,LOCKED_BASELINE_ASSERTED_REQUIRES_LIVE_RECHECK,SHARED_REFERENCE,Spatial association remains deferred until governed settlement geometry exists.
align:nngla:place:NG-PLC-000268,PLACE,NGP-000268,NG-NAM-SET-000268,NG-PLC-000268,268,data/novegeo/nngla/geographic-identity-places/source/04_name_catalogues/settlement_name_catalogue.csv,e6598eb8f5ca85351c11fe23629ec834d6130428a200a046ac37ddab19a4b616,CANONICAL_IDENTITY_PRESERVED_FROM_LOCKED_SUFFIX_ALLOCATION,NO_ASSOCIABLE_GEOMETRY_SOURCE,,LOCKED_BASELINE_ASSERTED_REQUIRES_LIVE_RECHECK,SHARED_REFERENCE,Spatial association remains deferred until governed settlement geometry exists.
align:nngla:place:NG-PLC-000269,PLACE,NGP-000269,NG-NAM-SET-000269,NG-PLC-000269,269,data/novegeo/nngla/geographic-identity-places/source/04_name_catalogues/settlement_name_catalogue.csv,e6598eb8f5ca85351c11fe23629ec834d6130428a200a046ac37ddab19a4b616,CANONICAL_IDENTITY_PRESERVED_FROM_LOCKED_SUFFIX_ALLOCATION,NO_ASSOCIABLE_GEOMETRY_SOURCE,,LOCKED_BASELINE_ASSERTED_REQUIRES_LIVE_RECHECK,SHARED_REFERENCE,Spatial association remains deferred until governed settlement geometry exists.
align:nngla:place:NG-PLC-000270,PLACE,NGP-000270,NG-NAM-SET-000270,NG-PLC-000270,270,data/novegeo/nngla/geographic-identity-places/source/04_name_catalogues/settlement_name_catalogue.csv,e6598eb8f5ca85351c11fe23629ec834d6130428a200a046ac37ddab19a4b616,CANONICAL_IDENTITY_PRESERVED_FROM_LOCKED_SUFFIX_ALLOCATION,NO_ASSOCIABLE_GEOMETRY_SOURCE,,LOCKED_BASELINE_ASSERTED_REQUIRES_LIVE_RECHECK,SHARED_REFERENCE,Spatial association remains deferred until governed settlement geometry exists.
align:nngla:place:NG-PLC-000271,PLACE,NGP-000271,NG-NAM-SET-000271,NG-PLC-000271,271,data/novegeo/nngla/geographic-identity-places/source/04_name_catalogues/settlement_name_catalogue.csv,e6598eb8f5ca85351c11fe23629ec834d6130428a200a046ac37ddab19a4b616,CANONICAL_IDENTITY_PRESERVED_FROM_LOCKED_SUFFIX_ALLOCATION,NO_ASSOCIABLE_GEOMETRY_SOURCE,,LOCKED_BASELINE_ASSERTED_REQUIRES_LIVE_RECHECK,SHARED_REFERENCE,Spatial association remains deferred until governed settlement geometry exists.
align:nngla:place:NG-PLC-000272,PLACE,NGP-000272,NG-NAM-SET-000272,NG-PLC-000272,272,data/novegeo/nngla/geographic-identity-places/source/04_name_catalogues/settlement_name_catalogue.csv,e6598eb8f5ca85351c11fe23629ec834d6130428a200a046ac37ddab19a4b616,CANONICAL_IDENTITY_PRESERVED_FROM_LOCKED_SUFFIX_ALLOCATION,NO_ASSOCIABLE_GEOMETRY_SOURCE,,LOCKED_BASELINE_ASSERTED_REQUIRES_LIVE_RECHECK,SHARED_REFERENCE,Spatial association remains deferred until governed settlement geometry exists.
align:nngla:place:NG-PLC-000273,PLACE,NGP-000273,NG-NAM-SET-000273,NG-PLC-000273,273,data/novegeo/nngla/geographic-identity-places/source/04_name_catalogues/settlement_name_catalogue.csv,e6598eb8f5ca85351c11fe23629ec834d6130428a200a046ac37ddab19a4b616,CANONICAL_IDENTITY_PRESERVED_FROM_LOCKED_SUFFIX_ALLOCATION,NO_ASSOCIABLE_GEOMETRY_SOURCE,,LOCKED_BASELINE_ASSERTED_REQUIRES_LIVE_RECHECK,SHARED_REFERENCE,Spatial association remains deferred until governed settlement geometry exists.
align:nngla:place:NG-PLC-000274,PLACE,NGP-000274,NG-NAM-SET-000274,NG-PLC-000274,274,data/novegeo/nngla/geographic-identity-places/source/04_name_catalogues/settlement_name_catalogue.csv,e6598eb8f5ca85351c11fe23629ec834d6130428a200a046ac37ddab19a4b616,CANONICAL_IDENTITY_PRESERVED_FROM_LOCKED_SUFFIX_ALLOCATION,NO_ASSOCIABLE_GEOMETRY_SOURCE,,LOCKED_BASELINE_ASSERTED_REQUIRES_LIVE_RECHECK,SHARED_REFERENCE,Spatial association remains deferred until governed settlement geometry exists.
align:nngla:place:NG-PLC-000275,PLACE,NGP-000275,NG-NAM-SET-000275,NG-PLC-000275,275,data/novegeo/nngla/geographic-identity-places/source/04_name_catalogues/settlement_name_catalogue.csv,e6598eb8f5ca85351c11fe23629ec834d6130428a200a046ac37ddab19a4b616,CANONICAL_IDENTITY_PRESERVED_FROM_LOCKED_SUFFIX_ALLOCATION,NO_ASSOCIABLE_GEOMETRY_SOURCE,,LOCKED_BASELINE_ASSERTED_REQUIRES_LIVE_RECHECK,SHARED_REFERENCE,Spatial association remains deferred until governed settlement geometry exists.
align:nngla:place:NG-PLC-000276,PLACE,NGP-000276,NG-NAM-SET-000276,NG-PLC-000276,276,data/novegeo/nngla/geographic-identity-places/source/04_name_catalogues/settlement_name_catalogue.csv,e6598eb8f5ca85351c11fe23629ec834d6130428a200a046ac37ddab19a4b616,CANONICAL_IDENTITY_PRESERVED_FROM_LOCKED_SUFFIX_ALLOCATION,NO_ASSOCIABLE_GEOMETRY_SOURCE,,LOCKED_BASELINE_ASSERTED_REQUIRES_LIVE_RECHECK,SHARED_REFERENCE,Spatial association remains deferred until governed settlement geometry exists.
align:nngla:place:NG-PLC-000277,PLACE,NGP-000277,NG-NAM-SET-000277,NG-PLC-000277,277,data/novegeo/nngla/geographic-identity-places/source/04_name_catalogues/settlement_name_catalogue.csv,e6598eb8f5ca85351c11fe23629ec834d6130428a200a046ac37ddab19a4b616,CANONICAL_IDENTITY_PRESERVED_FROM_LOCKED_SUFFIX_ALLOCATION,NO_ASSOCIABLE_GEOMETRY_SOURCE,,LOCKED_BASELINE_ASSERTED_REQUIRES_LIVE_RECHECK,SHARED_REFERENCE,Spatial association remains deferred until governed settlement geometry exists.
align:nngla:place:NG-PLC-000278,PLACE,NGP-000278,NG-NAM-SET-000278,NG-PLC-000278,278,data/novegeo/nngla/geographic-identity-places/source/04_name_catalogues/settlement_name_catalogue.csv,e6598eb8f5ca85351c11fe23629ec834d6130428a200a046ac37ddab19a4b616,CANONICAL_IDENTITY_PRESERVED_FROM_LOCKED_SUFFIX_ALLOCATION,NO_ASSOCIABLE_GEOMETRY_SOURCE,,LOCKED_BASELINE_ASSERTED_REQUIRES_LIVE_RECHECK,SHARED_REFERENCE,Spatial association remains deferred until governed settlement geometry exists.
align:nngla:place:NG-PLC-000279,PLACE,NGP-000279,NG-NAM-SET-000279,NG-PLC-000279,279,data/novegeo/nngla/geographic-identity-places/source/04_name_catalogues/settlement_name_catalogue.csv,e6598eb8f5ca85351c11fe23629ec834d6130428a200a046ac37ddab19a4b616,CANONICAL_IDENTITY_PRESERVED_FROM_LOCKED_SUFFIX_ALLOCATION,NO_ASSOCIABLE_GEOMETRY_SOURCE,,LOCKED_BASELINE_ASSERTED_REQUIRES_LIVE_RECHECK,SHARED_REFERENCE,Spatial association remains deferred until governed settlement geometry exists.
align:nngla:place:NG-PLC-000280,PLACE,NGP-000280,NG-NAM-SET-000280,NG-PLC-000280,280,data/novegeo/nngla/geographic-identity-places/source/04_name_catalogues/settlement_name_catalogue.csv,e6598eb8f5ca85351c11fe23629ec834d6130428a200a046ac37ddab19a4b616,CANONICAL_IDENTITY_PRESERVED_FROM_LOCKED_SUFFIX_ALLOCATION,NO_ASSOCIABLE_GEOMETRY_SOURCE,,LOCKED_BASELINE_ASSERTED_REQUIRES_LIVE_RECHECK,SHARED_REFERENCE,Spatial association remains deferred until governed settlement geometry exists.
align:nngla:place:NG-PLC-000281,PLACE,NGP-000281,NG-NAM-SET-000281,NG-PLC-000281,281,data/novegeo/nngla/geographic-identity-places/source/04_name_catalogues/settlement_name_catalogue.csv,e6598eb8f5ca85351c11fe23629ec834d6130428a200a046ac37ddab19a4b616,CANONICAL_IDENTITY_PRESERVED_FROM_LOCKED_SUFFIX_ALLOCATION,NO_ASSOCIABLE_GEOMETRY_SOURCE,,LOCKED_BASELINE_ASSERTED_REQUIRES_LIVE_RECHECK,SHARED_REFERENCE,Spatial association remains deferred until governed settlement geometry exists.
align:nngla:place:NG-PLC-000282,PLACE,NGP-000282,NG-NAM-SET-000282,NG-PLC-000282,282,data/novegeo/nngla/geographic-identity-places/source/04_name_catalogues/settlement_name_catalogue.csv,e6598eb8f5ca85351c11fe23629ec834d6130428a200a046ac37ddab19a4b616,CANONICAL_IDENTITY_PRESERVED_FROM_LOCKED_SUFFIX_ALLOCATION,NO_ASSOCIABLE_GEOMETRY_SOURCE,,LOCKED_BASELINE_ASSERTED_REQUIRES_LIVE_RECHECK,SHARED_REFERENCE,Spatial association remains deferred until governed settlement geometry exists.
align:nngla:place:NG-PLC-000283,PLACE,NGP-000283,NG-NAM-SET-000283,NG-PLC-000283,283,data/novegeo/nngla/geographic-identity-places/source/04_name_catalogues/settlement_name_catalogue.csv,e6598eb8f5ca85351c11fe23629ec834d6130428a200a046ac37ddab19a4b616,CANONICAL_IDENTITY_PRESERVED_FROM_LOCKED_SUFFIX_ALLOCATION,NO_ASSOCIABLE_GEOMETRY_SOURCE,,LOCKED_BASELINE_ASSERTED_REQUIRES_LIVE_RECHECK,SHARED_REFERENCE,Spatial association remains deferred until governed settlement geometry exists.
align:nngla:place:NG-PLC-000284,PLACE,NGP-000284,NG-NAM-SET-000284,NG-PLC-000284,284,data/novegeo/nngla/geographic-identity-places/source/04_name_catalogues/settlement_name_catalogue.csv,e6598eb8f5ca85351c11fe23629ec834d6130428a200a046ac37ddab19a4b616,CANONICAL_IDENTITY_PRESERVED_FROM_LOCKED_SUFFIX_ALLOCATION,NO_ASSOCIABLE_GEOMETRY_SOURCE,,LOCKED_BASELINE_ASSERTED_REQUIRES_LIVE_RECHECK,SHARED_REFERENCE,Spatial association remains deferred until governed settlement geometry exists.
align:nngla:place:NG-PLC-000285,PLACE,NGP-000285,NG-NAM-SET-000285,NG-PLC-000285,285,data/novegeo/nngla/geographic-identity-places/source/04_name_catalogues/settlement_name_catalogue.csv,e6598eb8f5ca85351c11fe23629ec834d6130428a200a046ac37ddab19a4b616,CANONICAL_IDENTITY_PRESERVED_FROM_LOCKED_SUFFIX_ALLOCATION,NO_ASSOCIABLE_GEOMETRY_SOURCE,,LOCKED_BASELINE_ASSERTED_REQUIRES_LIVE_RECHECK,SHARED_REFERENCE,Spatial association remains deferred until governed settlement geometry exists.
align:nngla:place:NG-PLC-000286,PLACE,NGP-000286,NG-NAM-SET-000286,NG-PLC-000286,286,data/novegeo/nngla/geographic-identity-places/source/04_name_catalogues/settlement_name_catalogue.csv,e6598eb8f5ca85351c11fe23629ec834d6130428a200a046ac37ddab19a4b616,CANONICAL_IDENTITY_PRESERVED_FROM_LOCKED_SUFFIX_ALLOCATION,NO_ASSOCIABLE_GEOMETRY_SOURCE,,LOCKED_BASELINE_ASSERTED_REQUIRES_LIVE_RECHECK,SHARED_REFERENCE,Spatial association remains deferred until governed settlement geometry exists.
align:nngla:place:NG-PLC-000287,PLACE,NGP-000287,NG-NAM-SET-000287,NG-PLC-000287,287,data/novegeo/nngla/geographic-identity-places/source/04_name_catalogues/settlement_name_catalogue.csv,e6598eb8f5ca85351c11fe23629ec834d6130428a200a046ac37ddab19a4b616,CANONICAL_IDENTITY_PRESERVED_FROM_LOCKED_SUFFIX_ALLOCATION,NO_ASSOCIABLE_GEOMETRY_SOURCE,,LOCKED_BASELINE_ASSERTED_REQUIRES_LIVE_RECHECK,SHARED_REFERENCE,Spatial association remains deferred until governed settlement geometry exists.
align:nngla:place:NG-PLC-000288,PLACE,NGP-000288,NG-NAM-SET-000288,NG-PLC-000288,288,data/novegeo/nngla/geographic-identity-places/source/04_name_catalogues/settlement_name_catalogue.csv,e6598eb8f5ca85351c11fe23629ec834d6130428a200a046ac37ddab19a4b616,CANONICAL_IDENTITY_PRESERVED_FROM_LOCKED_SUFFIX_ALLOCATION,NO_ASSOCIABLE_GEOMETRY_SOURCE,,LOCKED_BASELINE_ASSERTED_REQUIRES_LIVE_RECHECK,SHARED_REFERENCE,Spatial association remains deferred until governed settlement geometry exists.
align:nngla:place:NG-PLC-000289,PLACE,NGP-000289,NG-NAM-SET-000289,NG-PLC-000289,289,data/novegeo/nngla/geographic-identity-places/source/04_name_catalogues/settlement_name_catalogue.csv,e6598eb8f5ca85351c11fe23629ec834d6130428a200a046ac37ddab19a4b616,CANONICAL_IDENTITY_PRESERVED_FROM_LOCKED_SUFFIX_ALLOCATION,NO_ASSOCIABLE_GEOMETRY_SOURCE,,LOCKED_BASELINE_ASSERTED_REQUIRES_LIVE_RECHECK,SHARED_REFERENCE,Spatial association remains deferred until governed settlement geometry exists.
align:nngla:place:NG-PLC-000290,PLACE,NGP-000290,NG-NAM-SET-000290,NG-PLC-000290,290,data/novegeo/nngla/geographic-identity-places/source/04_name_catalogues/settlement_name_catalogue.csv,e6598eb8f5ca85351c11fe23629ec834d6130428a200a046ac37ddab19a4b616,CANONICAL_IDENTITY_PRESERVED_FROM_LOCKED_SUFFIX_ALLOCATION,NO_ASSOCIABLE_GEOMETRY_SOURCE,,LOCKED_BASELINE_ASSERTED_REQUIRES_LIVE_RECHECK,SHARED_REFERENCE,Spatial association remains deferred until governed settlement geometry exists.
align:nngla:place:NG-PLC-000291,PLACE,NGP-000291,NG-NAM-SET-000291,NG-PLC-000291,291,data/novegeo/nngla/geographic-identity-places/source/04_name_catalogues/settlement_name_catalogue.csv,e6598eb8f5ca85351c11fe23629ec834d6130428a200a046ac37ddab19a4b616,CANONICAL_IDENTITY_PRESERVED_FROM_LOCKED_SUFFIX_ALLOCATION,NO_ASSOCIABLE_GEOMETRY_SOURCE,,LOCKED_BASELINE_ASSERTED_REQUIRES_LIVE_RECHECK,SHARED_REFERENCE,Spatial association remains deferred until governed settlement geometry exists.
align:nngla:place:NG-PLC-000292,PLACE,NGP-000292,NG-NAM-SET-000292,NG-PLC-000292,292,data/novegeo/nngla/geographic-identity-places/source/04_name_catalogues/settlement_name_catalogue.csv,e6598eb8f5ca85351c11fe23629ec834d6130428a200a046ac37ddab19a4b616,CANONICAL_IDENTITY_PRESERVED_FROM_LOCKED_SUFFIX_ALLOCATION,NO_ASSOCIABLE_GEOMETRY_SOURCE,,LOCKED_BASELINE_ASSERTED_REQUIRES_LIVE_RECHECK,SHARED_REFERENCE,Spatial association remains deferred until governed settlement geometry exists.
align:nngla:place:NG-PLC-000293,PLACE,NGP-000293,NG-NAM-SET-000293,NG-PLC-000293,293,data/novegeo/nngla/geographic-identity-places/source/04_name_catalogues/settlement_name_catalogue.csv,e6598eb8f5ca85351c11fe23629ec834d6130428a200a046ac37ddab19a4b616,CANONICAL_IDENTITY_PRESERVED_FROM_LOCKED_SUFFIX_ALLOCATION,NO_ASSOCIABLE_GEOMETRY_SOURCE,,LOCKED_BASELINE_ASSERTED_REQUIRES_LIVE_RECHECK,SHARED_REFERENCE,Spatial association remains deferred until governed settlement geometry exists.
align:nngla:place:NG-PLC-000294,PLACE,NGP-000294,NG-NAM-SET-000294,NG-PLC-000294,294,data/novegeo/nngla/geographic-identity-places/source/04_name_catalogues/settlement_name_catalogue.csv,e6598eb8f5ca85351c11fe23629ec834d6130428a200a046ac37ddab19a4b616,CANONICAL_IDENTITY_PRESERVED_FROM_LOCKED_SUFFIX_ALLOCATION,NO_ASSOCIABLE_GEOMETRY_SOURCE,,LOCKED_BASELINE_ASSERTED_REQUIRES_LIVE_RECHECK,SHARED_REFERENCE,Spatial association remains deferred until governed settlement geometry exists.
align:nngla:place:NG-PLC-000295,PLACE,NGP-000295,NG-NAM-SET-000295,NG-PLC-000295,295,data/novegeo/nngla/geographic-identity-places/source/04_name_catalogues/settlement_name_catalogue.csv,e6598eb8f5ca85351c11fe23629ec834d6130428a200a046ac37ddab19a4b616,CANONICAL_IDENTITY_PRESERVED_FROM_LOCKED_SUFFIX_ALLOCATION,NO_ASSOCIABLE_GEOMETRY_SOURCE,,LOCKED_BASELINE_ASSERTED_REQUIRES_LIVE_RECHECK,SHARED_REFERENCE,Spatial association remains deferred until governed settlement geometry exists.
align:nngla:place:NG-PLC-000296,PLACE,NGP-000296,NG-NAM-SET-000296,NG-PLC-000296,296,data/novegeo/nngla/geographic-identity-places/source/04_name_catalogues/settlement_name_catalogue.csv,e6598eb8f5ca85351c11fe23629ec834d6130428a200a046ac37ddab19a4b616,CANONICAL_IDENTITY_PRESERVED_FROM_LOCKED_SUFFIX_ALLOCATION,NO_ASSOCIABLE_GEOMETRY_SOURCE,,LOCKED_BASELINE_ASSERTED_REQUIRES_LIVE_RECHECK,SHARED_REFERENCE,Spatial association remains deferred until governed settlement geometry exists.
align:nngla:place:NG-PLC-000297,PLACE,NGP-000297,NG-NAM-SET-000297,NG-PLC-000297,297,data/novegeo/nngla/geographic-identity-places/source/04_name_catalogues/settlement_name_catalogue.csv,e6598eb8f5ca85351c11fe23629ec834d6130428a200a046ac37ddab19a4b616,CANONICAL_IDENTITY_PRESERVED_FROM_LOCKED_SUFFIX_ALLOCATION,NO_ASSOCIABLE_GEOMETRY_SOURCE,,LOCKED_BASELINE_ASSERTED_REQUIRES_LIVE_RECHECK,SHARED_REFERENCE,Spatial association remains deferred until governed settlement geometry exists.
align:nngla:place:NG-PLC-000298,PLACE,NGP-000298,NG-NAM-SET-000298,NG-PLC-000298,298,data/novegeo/nngla/geographic-identity-places/source/04_name_catalogues/settlement_name_catalogue.csv,e6598eb8f5ca85351c11fe23629ec834d6130428a200a046ac37ddab19a4b616,CANONICAL_IDENTITY_PRESERVED_FROM_LOCKED_SUFFIX_ALLOCATION,NO_ASSOCIABLE_GEOMETRY_SOURCE,,LOCKED_BASELINE_ASSERTED_REQUIRES_LIVE_RECHECK,SHARED_REFERENCE,Spatial association remains deferred until governed settlement geometry exists.
align:nngla:place:NG-PLC-000299,PLACE,NGP-000299,NG-NAM-SET-000299,NG-PLC-000299,299,data/novegeo/nngla/geographic-identity-places/source/04_name_catalogues/settlement_name_catalogue.csv,e6598eb8f5ca85351c11fe23629ec834d6130428a200a046ac37ddab19a4b616,CANONICAL_IDENTITY_PRESERVED_FROM_LOCKED_SUFFIX_ALLOCATION,NO_ASSOCIABLE_GEOMETRY_SOURCE,,LOCKED_BASELINE_ASSERTED_REQUIRES_LIVE_RECHECK,SHARED_REFERENCE,Spatial association remains deferred until governed settlement geometry exists.
align:nngla:place:NG-PLC-000300,PLACE,NGP-000300,NG-NAM-SET-000300,NG-PLC-000300,300,data/novegeo/nngla/geographic-identity-places/source/04_name_catalogues/settlement_name_catalogue.csv,e6598eb8f5ca85351c11fe23629ec834d6130428a200a046ac37ddab19a4b616,CANONICAL_IDENTITY_PRESERVED_FROM_LOCKED_SUFFIX_ALLOCATION,NO_ASSOCIABLE_GEOMETRY_SOURCE,,LOCKED_BASELINE_ASSERTED_REQUIRES_LIVE_RECHECK,SHARED_REFERENCE,Spatial association remains deferred until governed settlement geometry exists.
align:nngla:place:NG-PLC-000301,PLACE,NGP-000301,NG-NAM-SET-000301,NG-PLC-000301,301,data/novegeo/nngla/geographic-identity-places/source/04_name_catalogues/settlement_name_catalogue.csv,e6598eb8f5ca85351c11fe23629ec834d6130428a200a046ac37ddab19a4b616,CANONICAL_IDENTITY_PRESERVED_FROM_LOCKED_SUFFIX_ALLOCATION,NO_ASSOCIABLE_GEOMETRY_SOURCE,,LOCKED_BASELINE_ASSERTED_REQUIRES_LIVE_RECHECK,SHARED_REFERENCE,Spatial association remains deferred until governed settlement geometry exists.
align:nngla:place:NG-PLC-000302,PLACE,NGP-000302,NG-NAM-SET-000302,NG-PLC-000302,302,data/novegeo/nngla/geographic-identity-places/source/04_name_catalogues/settlement_name_catalogue.csv,e6598eb8f5ca85351c11fe23629ec834d6130428a200a046ac37ddab19a4b616,CANONICAL_IDENTITY_PRESERVED_FROM_LOCKED_SUFFIX_ALLOCATION,NO_ASSOCIABLE_GEOMETRY_SOURCE,,LOCKED_BASELINE_ASSERTED_REQUIRES_LIVE_RECHECK,SHARED_REFERENCE,Spatial association remains deferred until governed settlement geometry exists.
align:nngla:place:NG-PLC-000303,PLACE,NGP-000303,NG-NAM-SET-000303,NG-PLC-000303,303,data/novegeo/nngla/geographic-identity-places/source/04_name_catalogues/settlement_name_catalogue.csv,e6598eb8f5ca85351c11fe23629ec834d6130428a200a046ac37ddab19a4b616,CANONICAL_IDENTITY_PRESERVED_FROM_LOCKED_SUFFIX_ALLOCATION,NO_ASSOCIABLE_GEOMETRY_SOURCE,,LOCKED_BASELINE_ASSERTED_REQUIRES_LIVE_RECHECK,SHARED_REFERENCE,Spatial association remains deferred until governed settlement geometry exists.
align:nngla:place:NG-PLC-000304,PLACE,NGP-000304,NG-NAM-SET-000304,NG-PLC-000304,304,data/novegeo/nngla/geographic-identity-places/source/04_name_catalogues/settlement_name_catalogue.csv,e6598eb8f5ca85351c11fe23629ec834d6130428a200a046ac37ddab19a4b616,CANONICAL_IDENTITY_PRESERVED_FROM_LOCKED_SUFFIX_ALLOCATION,NO_ASSOCIABLE_GEOMETRY_SOURCE,,LOCKED_BASELINE_ASSERTED_REQUIRES_LIVE_RECHECK,SHARED_REFERENCE,Spatial association remains deferred until governed settlement geometry exists.
align:nngla:place:NG-PLC-000305,PLACE,NGP-000305,NG-NAM-SET-000305,NG-PLC-000305,305,data/novegeo/nngla/geographic-identity-places/source/04_name_catalogues/settlement_name_catalogue.csv,e6598eb8f5ca85351c11fe23629ec834d6130428a200a046ac37ddab19a4b616,CANONICAL_IDENTITY_PRESERVED_FROM_LOCKED_SUFFIX_ALLOCATION,NO_ASSOCIABLE_GEOMETRY_SOURCE,,LOCKED_BASELINE_ASSERTED_REQUIRES_LIVE_RECHECK,SHARED_REFERENCE,Spatial association remains deferred until governed settlement geometry exists.
align:nngla:place:NG-PLC-000306,PLACE,NGP-000306,NG-NAM-SET-000306,NG-PLC-000306,306,data/novegeo/nngla/geographic-identity-places/source/04_name_catalogues/settlement_name_catalogue.csv,e6598eb8f5ca85351c11fe23629ec834d6130428a200a046ac37ddab19a4b616,CANONICAL_IDENTITY_PRESERVED_FROM_LOCKED_SUFFIX_ALLOCATION,NO_ASSOCIABLE_GEOMETRY_SOURCE,,LOCKED_BASELINE_ASSERTED_REQUIRES_LIVE_RECHECK,SHARED_REFERENCE,Spatial association remains deferred until governed settlement geometry exists.
align:nngla:place:NG-PLC-000307,PLACE,NGP-000307,NG-NAM-SET-000307,NG-PLC-000307,307,data/novegeo/nngla/geographic-identity-places/source/04_name_catalogues/settlement_name_catalogue.csv,e6598eb8f5ca85351c11fe23629ec834d6130428a200a046ac37ddab19a4b616,CANONICAL_IDENTITY_PRESERVED_FROM_LOCKED_SUFFIX_ALLOCATION,NO_ASSOCIABLE_GEOMETRY_SOURCE,,LOCKED_BASELINE_ASSERTED_REQUIRES_LIVE_RECHECK,SHARED_REFERENCE,Spatial association remains deferred until governed settlement geometry exists.
align:nngla:place:NG-PLC-000308,PLACE,NGP-000308,NG-NAM-SET-000308,NG-PLC-000308,308,data/novegeo/nngla/geographic-identity-places/source/04_name_catalogues/settlement_name_catalogue.csv,e6598eb8f5ca85351c11fe23629ec834d6130428a200a046ac37ddab19a4b616,CANONICAL_IDENTITY_PRESERVED_FROM_LOCKED_SUFFIX_ALLOCATION,NO_ASSOCIABLE_GEOMETRY_SOURCE,,LOCKED_BASELINE_ASSERTED_REQUIRES_LIVE_RECHECK,SHARED_REFERENCE,Spatial association remains deferred until governed settlement geometry exists.
align:nngla:place:NG-PLC-000309,PLACE,NGP-000309,NG-NAM-SET-000309,NG-PLC-000309,309,data/novegeo/nngla/geographic-identity-places/source/04_name_catalogues/settlement_name_catalogue.csv,e6598eb8f5ca85351c11fe23629ec834d6130428a200a046ac37ddab19a4b616,CANONICAL_IDENTITY_PRESERVED_FROM_LOCKED_SUFFIX_ALLOCATION,NO_ASSOCIABLE_GEOMETRY_SOURCE,,LOCKED_BASELINE_ASSERTED_REQUIRES_LIVE_RECHECK,SHARED_REFERENCE,Spatial association remains deferred until governed settlement geometry exists.
align:nngla:place:NG-PLC-000310,PLACE,NGP-000310,NG-NAM-SET-000310,NG-PLC-000310,310,data/novegeo/nngla/geographic-identity-places/source/04_name_catalogues/settlement_name_catalogue.csv,e6598eb8f5ca85351c11fe23629ec834d6130428a200a046ac37ddab19a4b616,CANONICAL_IDENTITY_PRESERVED_FROM_LOCKED_SUFFIX_ALLOCATION,NO_ASSOCIABLE_GEOMETRY_SOURCE,,LOCKED_BASELINE_ASSERTED_REQUIRES_LIVE_RECHECK,SHARED_REFERENCE,Spatial association remains deferred until governed settlement geometry exists.
align:nngla:place:NG-PLC-000311,PLACE,NGP-000311,NG-NAM-SET-000311,NG-PLC-000311,311,data/novegeo/nngla/geographic-identity-places/source/04_name_catalogues/settlement_name_catalogue.csv,e6598eb8f5ca85351c11fe23629ec834d6130428a200a046ac37ddab19a4b616,CANONICAL_IDENTITY_PRESERVED_FROM_LOCKED_SUFFIX_ALLOCATION,NO_ASSOCIABLE_GEOMETRY_SOURCE,,LOCKED_BASELINE_ASSERTED_REQUIRES_LIVE_RECHECK,SHARED_REFERENCE,Spatial association remains deferred until governed settlement geometry exists.
align:nngla:place:NG-PLC-000312,PLACE,NGP-000312,NG-NAM-SET-000312,NG-PLC-000312,312,data/novegeo/nngla/geographic-identity-places/source/04_name_catalogues/settlement_name_catalogue.csv,e6598eb8f5ca85351c11fe23629ec834d6130428a200a046ac37ddab19a4b616,CANONICAL_IDENTITY_PRESERVED_FROM_LOCKED_SUFFIX_ALLOCATION,NO_ASSOCIABLE_GEOMETRY_SOURCE,,LOCKED_BASELINE_ASSERTED_REQUIRES_LIVE_RECHECK,SHARED_REFERENCE,Spatial association remains deferred until governed settlement geometry exists.
align:nngla:place:NG-PLC-000313,PLACE,NGP-000313,NG-NAM-SET-000313,NG-PLC-000313,313,data/novegeo/nngla/geographic-identity-places/source/04_name_catalogues/settlement_name_catalogue.csv,e6598eb8f5ca85351c11fe23629ec834d6130428a200a046ac37ddab19a4b616,CANONICAL_IDENTITY_PRESERVED_FROM_LOCKED_SUFFIX_ALLOCATION,NO_ASSOCIABLE_GEOMETRY_SOURCE,,LOCKED_BASELINE_ASSERTED_REQUIRES_LIVE_RECHECK,SHARED_REFERENCE,Spatial association remains deferred until governed settlement geometry exists.
align:nngla:place:NG-PLC-000314,PLACE,NGP-000314,NG-NAM-SET-000314,NG-PLC-000314,314,data/novegeo/nngla/geographic-identity-places/source/04_name_catalogues/settlement_name_catalogue.csv,e6598eb8f5ca85351c11fe23629ec834d6130428a200a046ac37ddab19a4b616,CANONICAL_IDENTITY_PRESERVED_FROM_LOCKED_SUFFIX_ALLOCATION,NO_ASSOCIABLE_GEOMETRY_SOURCE,,LOCKED_BASELINE_ASSERTED_REQUIRES_LIVE_RECHECK,SHARED_REFERENCE,Spatial association remains deferred until governed settlement geometry exists.
align:nngla:place:NG-PLC-000315,PLACE,NGP-000315,NG-NAM-SET-000315,NG-PLC-000315,315,data/novegeo/nngla/geographic-identity-places/source/04_name_catalogues/settlement_name_catalogue.csv,e6598eb8f5ca85351c11fe23629ec834d6130428a200a046ac37ddab19a4b616,CANONICAL_IDENTITY_PRESERVED_FROM_LOCKED_SUFFIX_ALLOCATION,NO_ASSOCIABLE_GEOMETRY_SOURCE,,LOCKED_BASELINE_ASSERTED_REQUIRES_LIVE_RECHECK,SHARED_REFERENCE,Spatial association remains deferred until governed settlement geometry exists.
align:nngla:place:NG-PLC-000316,PLACE,NGP-000316,NG-NAM-SET-000316,NG-PLC-000316,316,data/novegeo/nngla/geographic-identity-places/source/04_name_catalogues/settlement_name_catalogue.csv,e6598eb8f5ca85351c11fe23629ec834d6130428a200a046ac37ddab19a4b616,CANONICAL_IDENTITY_PRESERVED_FROM_LOCKED_SUFFIX_ALLOCATION,NO_ASSOCIABLE_GEOMETRY_SOURCE,,LOCKED_BASELINE_ASSERTED_REQUIRES_LIVE_RECHECK,SHARED_REFERENCE,Spatial association remains deferred until governed settlement geometry exists.
align:nngla:place:NG-PLC-000317,PLACE,NGP-000317,NG-NAM-SET-000317,NG-PLC-000317,317,data/novegeo/nngla/geographic-identity-places/source/04_name_catalogues/settlement_name_catalogue.csv,e6598eb8f5ca85351c11fe23629ec834d6130428a200a046ac37ddab19a4b616,CANONICAL_IDENTITY_PRESERVED_FROM_LOCKED_SUFFIX_ALLOCATION,NO_ASSOCIABLE_GEOMETRY_SOURCE,,LOCKED_BASELINE_ASSERTED_REQUIRES_LIVE_RECHECK,SHARED_REFERENCE,Spatial association remains deferred until governed settlement geometry exists.
align:nngla:place:NG-PLC-000318,PLACE,NGP-000318,NG-NAM-SET-000318,NG-PLC-000318,318,data/novegeo/nngla/geographic-identity-places/source/04_name_catalogues/settlement_name_catalogue.csv,e6598eb8f5ca85351c11fe23629ec834d6130428a200a046ac37ddab19a4b616,CANONICAL_IDENTITY_PRESERVED_FROM_LOCKED_SUFFIX_ALLOCATION,NO_ASSOCIABLE_GEOMETRY_SOURCE,,LOCKED_BASELINE_ASSERTED_REQUIRES_LIVE_RECHECK,SHARED_REFERENCE,Spatial association remains deferred until governed settlement geometry exists.
align:nngla:place:NG-PLC-000319,PLACE,NGP-000319,NG-NAM-SET-000319,NG-PLC-000319,319,data/novegeo/nngla/geographic-identity-places/source/04_name_catalogues/settlement_name_catalogue.csv,e6598eb8f5ca85351c11fe23629ec834d6130428a200a046ac37ddab19a4b616,CANONICAL_IDENTITY_PRESERVED_FROM_LOCKED_SUFFIX_ALLOCATION,NO_ASSOCIABLE_GEOMETRY_SOURCE,,LOCKED_BASELINE_ASSERTED_REQUIRES_LIVE_RECHECK,SHARED_REFERENCE,Spatial association remains deferred until governed settlement geometry exists.
align:nngla:place:NG-PLC-000320,PLACE,NGP-000320,NG-NAM-SET-000320,NG-PLC-000320,320,data/novegeo/nngla/geographic-identity-places/source/04_name_catalogues/settlement_name_catalogue.csv,e6598eb8f5ca85351c11fe23629ec834d6130428a200a046ac37ddab19a4b616,CANONICAL_IDENTITY_PRESERVED_FROM_LOCKED_SUFFIX_ALLOCATION,NO_ASSOCIABLE_GEOMETRY_SOURCE,,LOCKED_BASELINE_ASSERTED_REQUIRES_LIVE_RECHECK,SHARED_REFERENCE,Spatial association remains deferred until governed settlement geometry exists.
align:nngla:place:NG-PLC-000321,PLACE,NGP-000321,NG-NAM-SET-000321,NG-PLC-000321,321,data/novegeo/nngla/geographic-identity-places/source/04_name_catalogues/settlement_name_catalogue.csv,e6598eb8f5ca85351c11fe23629ec834d6130428a200a046ac37ddab19a4b616,CANONICAL_IDENTITY_PRESERVED_FROM_LOCKED_SUFFIX_ALLOCATION,NO_ASSOCIABLE_GEOMETRY_SOURCE,,LOCKED_BASELINE_ASSERTED_REQUIRES_LIVE_RECHECK,SHARED_REFERENCE,Spatial association remains deferred until governed settlement geometry exists.
align:nngla:place:NG-PLC-000322,PLACE,NGP-000322,NG-NAM-SET-000322,NG-PLC-000322,322,data/novegeo/nngla/geographic-identity-places/source/04_name_catalogues/settlement_name_catalogue.csv,e6598eb8f5ca85351c11fe23629ec834d6130428a200a046ac37ddab19a4b616,CANONICAL_IDENTITY_PRESERVED_FROM_LOCKED_SUFFIX_ALLOCATION,NO_ASSOCIABLE_GEOMETRY_SOURCE,,LOCKED_BASELINE_ASSERTED_REQUIRES_LIVE_RECHECK,SHARED_REFERENCE,Spatial association remains deferred until governed settlement geometry exists.
align:nngla:place:NG-PLC-000323,PLACE,NGP-000323,NG-NAM-SET-000323,NG-PLC-000323,323,data/novegeo/nngla/geographic-identity-places/source/04_name_catalogues/settlement_name_catalogue.csv,e6598eb8f5ca85351c11fe23629ec834d6130428a200a046ac37ddab19a4b616,CANONICAL_IDENTITY_PRESERVED_FROM_LOCKED_SUFFIX_ALLOCATION,NO_ASSOCIABLE_GEOMETRY_SOURCE,,LOCKED_BASELINE_ASSERTED_REQUIRES_LIVE_RECHECK,SHARED_REFERENCE,Spatial association remains deferred until governed settlement geometry exists.
align:nngla:place:NG-PLC-000324,PLACE,NGP-000324,NG-NAM-SET-000324,NG-PLC-000324,324,data/novegeo/nngla/geographic-identity-places/source/04_name_catalogues/settlement_name_catalogue.csv,e6598eb8f5ca85351c11fe23629ec834d6130428a200a046ac37ddab19a4b616,CANONICAL_IDENTITY_PRESERVED_FROM_LOCKED_SUFFIX_ALLOCATION,NO_ASSOCIABLE_GEOMETRY_SOURCE,,LOCKED_BASELINE_ASSERTED_REQUIRES_LIVE_RECHECK,SHARED_REFERENCE,Spatial association remains deferred until governed settlement geometry exists.
align:nngla:place:NG-PLC-000325,PLACE,NGP-000325,NG-NAM-SET-000325,NG-PLC-000325,325,data/novegeo/nngla/geographic-identity-places/source/04_name_catalogues/settlement_name_catalogue.csv,e6598eb8f5ca85351c11fe23629ec834d6130428a200a046ac37ddab19a4b616,CANONICAL_IDENTITY_PRESERVED_FROM_LOCKED_SUFFIX_ALLOCATION,NO_ASSOCIABLE_GEOMETRY_SOURCE,,LOCKED_BASELINE_ASSERTED_REQUIRES_LIVE_RECHECK,SHARED_REFERENCE,Spatial association remains deferred until governed settlement geometry exists.
align:nngla:place:NG-PLC-000326,PLACE,NGP-000326,NG-NAM-SET-000326,NG-PLC-000326,326,data/novegeo/nngla/geographic-identity-places/source/04_name_catalogues/settlement_name_catalogue.csv,e6598eb8f5ca85351c11fe23629ec834d6130428a200a046ac37ddab19a4b616,CANONICAL_IDENTITY_PRESERVED_FROM_LOCKED_SUFFIX_ALLOCATION,NO_ASSOCIABLE_GEOMETRY_SOURCE,,LOCKED_BASELINE_ASSERTED_REQUIRES_LIVE_RECHECK,SHARED_REFERENCE,Spatial association remains deferred until governed settlement geometry exists.
align:nngla:place:NG-PLC-000327,PLACE,NGP-000327,NG-NAM-SET-000327,NG-PLC-000327,327,data/novegeo/nngla/geographic-identity-places/source/04_name_catalogues/settlement_name_catalogue.csv,e6598eb8f5ca85351c11fe23629ec834d6130428a200a046ac37ddab19a4b616,CANONICAL_IDENTITY_PRESERVED_FROM_LOCKED_SUFFIX_ALLOCATION,NO_ASSOCIABLE_GEOMETRY_SOURCE,,LOCKED_BASELINE_ASSERTED_REQUIRES_LIVE_RECHECK,SHARED_REFERENCE,Spatial association remains deferred until governed settlement geometry exists.
align:nngla:place:NG-PLC-000328,PLACE,NGP-000328,NG-NAM-SET-000328,NG-PLC-000328,328,data/novegeo/nngla/geographic-identity-places/source/04_name_catalogues/settlement_name_catalogue.csv,e6598eb8f5ca85351c11fe23629ec834d6130428a200a046ac37ddab19a4b616,CANONICAL_IDENTITY_PRESERVED_FROM_LOCKED_SUFFIX_ALLOCATION,NO_ASSOCIABLE_GEOMETRY_SOURCE,,LOCKED_BASELINE_ASSERTED_REQUIRES_LIVE_RECHECK,SHARED_REFERENCE,Spatial association remains deferred until governed settlement geometry exists.
align:nngla:place:NG-PLC-000329,PLACE,NGP-000329,NG-NAM-SET-000329,NG-PLC-000329,329,data/novegeo/nngla/geographic-identity-places/source/04_name_catalogues/settlement_name_catalogue.csv,e6598eb8f5ca85351c11fe23629ec834d6130428a200a046ac37ddab19a4b616,CANONICAL_IDENTITY_PRESERVED_FROM_LOCKED_SUFFIX_ALLOCATION,NO_ASSOCIABLE_GEOMETRY_SOURCE,,LOCKED_BASELINE_ASSERTED_REQUIRES_LIVE_RECHECK,SHARED_REFERENCE,Spatial association remains deferred until governed settlement geometry exists.
align:nngla:place:NG-PLC-000330,PLACE,NGP-000330,NG-NAM-SET-000330,NG-PLC-000330,330,data/novegeo/nngla/geographic-identity-places/source/04_name_catalogues/settlement_name_catalogue.csv,e6598eb8f5ca85351c11fe23629ec834d6130428a200a046ac37ddab19a4b616,CANONICAL_IDENTITY_PRESERVED_FROM_LOCKED_SUFFIX_ALLOCATION,NO_ASSOCIABLE_GEOMETRY_SOURCE,,LOCKED_BASELINE_ASSERTED_REQUIRES_LIVE_RECHECK,SHARED_REFERENCE,Spatial association remains deferred until governed settlement geometry exists.
align:nngla:place:NG-PLC-000331,PLACE,NGP-000331,NG-NAM-SET-000331,NG-PLC-000331,331,data/novegeo/nngla/geographic-identity-places/source/04_name_catalogues/settlement_name_catalogue.csv,e6598eb8f5ca85351c11fe23629ec834d6130428a200a046ac37ddab19a4b616,CANONICAL_IDENTITY_PRESERVED_FROM_LOCKED_SUFFIX_ALLOCATION,NO_ASSOCIABLE_GEOMETRY_SOURCE,,LOCKED_BASELINE_ASSERTED_REQUIRES_LIVE_RECHECK,SHARED_REFERENCE,Spatial association remains deferred until governed settlement geometry exists.
align:nngla:place:NG-PLC-000332,PLACE,NGP-000332,NG-NAM-SET-000332,NG-PLC-000332,332,data/novegeo/nngla/geographic-identity-places/source/04_name_catalogues/settlement_name_catalogue.csv,e6598eb8f5ca85351c11fe23629ec834d6130428a200a046ac37ddab19a4b616,CANONICAL_IDENTITY_PRESERVED_FROM_LOCKED_SUFFIX_ALLOCATION,NO_ASSOCIABLE_GEOMETRY_SOURCE,,LOCKED_BASELINE_ASSERTED_REQUIRES_LIVE_RECHECK,SHARED_REFERENCE,Spatial association remains deferred until governed settlement geometry exists.
align:nngla:place:NG-PLC-000333,PLACE,NGP-000333,NG-NAM-SET-000333,NG-PLC-000333,333,data/novegeo/nngla/geographic-identity-places/source/04_name_catalogues/settlement_name_catalogue.csv,e6598eb8f5ca85351c11fe23629ec834d6130428a200a046ac37ddab19a4b616,CANONICAL_IDENTITY_PRESERVED_FROM_LOCKED_SUFFIX_ALLOCATION,NO_ASSOCIABLE_GEOMETRY_SOURCE,,LOCKED_BASELINE_ASSERTED_REQUIRES_LIVE_RECHECK,SHARED_REFERENCE,Spatial association remains deferred until governed settlement geometry exists.
align:nngla:place:NG-PLC-000334,PLACE,NGP-000334,NG-NAM-SET-000334,NG-PLC-000334,334,data/novegeo/nngla/geographic-identity-places/source/04_name_catalogues/settlement_name_catalogue.csv,e6598eb8f5ca85351c11fe23629ec834d6130428a200a046ac37ddab19a4b616,CANONICAL_IDENTITY_PRESERVED_FROM_LOCKED_SUFFIX_ALLOCATION,NO_ASSOCIABLE_GEOMETRY_SOURCE,,LOCKED_BASELINE_ASSERTED_REQUIRES_LIVE_RECHECK,SHARED_REFERENCE,Spatial association remains deferred until governed settlement geometry exists.
align:nngla:place:NG-PLC-000335,PLACE,NGP-000335,NG-NAM-SET-000335,NG-PLC-000335,335,data/novegeo/nngla/geographic-identity-places/source/04_name_catalogues/settlement_name_catalogue.csv,e6598eb8f5ca85351c11fe23629ec834d6130428a200a046ac37ddab19a4b616,CANONICAL_IDENTITY_PRESERVED_FROM_LOCKED_SUFFIX_ALLOCATION,NO_ASSOCIABLE_GEOMETRY_SOURCE,,LOCKED_BASELINE_ASSERTED_REQUIRES_LIVE_RECHECK,SHARED_REFERENCE,Spatial association remains deferred until governed settlement geometry exists.
align:nngla:place:NG-PLC-000336,PLACE,NGP-000336,NG-NAM-SET-000336,NG-PLC-000336,336,data/novegeo/nngla/geographic-identity-places/source/04_name_catalogues/settlement_name_catalogue.csv,e6598eb8f5ca85351c11fe23629ec834d6130428a200a046ac37ddab19a4b616,CANONICAL_IDENTITY_PRESERVED_FROM_LOCKED_SUFFIX_ALLOCATION,NO_ASSOCIABLE_GEOMETRY_SOURCE,,LOCKED_BASELINE_ASSERTED_REQUIRES_LIVE_RECHECK,SHARED_REFERENCE,Spatial association remains deferred until governed settlement geometry exists.
align:nngla:place:NG-PLC-000337,PLACE,NGP-000337,NG-NAM-SET-000337,NG-PLC-000337,337,data/novegeo/nngla/geographic-identity-places/source/04_name_catalogues/settlement_name_catalogue.csv,e6598eb8f5ca85351c11fe23629ec834d6130428a200a046ac37ddab19a4b616,CANONICAL_IDENTITY_PRESERVED_FROM_LOCKED_SUFFIX_ALLOCATION,NO_ASSOCIABLE_GEOMETRY_SOURCE,,LOCKED_BASELINE_ASSERTED_REQUIRES_LIVE_RECHECK,SHARED_REFERENCE,Spatial association remains deferred until governed settlement geometry exists.
align:nngla:place:NG-PLC-000338,PLACE,NGP-000338,NG-NAM-SET-000338,NG-PLC-000338,338,data/novegeo/nngla/geographic-identity-places/source/04_name_catalogues/settlement_name_catalogue.csv,e6598eb8f5ca85351c11fe23629ec834d6130428a200a046ac37ddab19a4b616,CANONICAL_IDENTITY_PRESERVED_FROM_LOCKED_SUFFIX_ALLOCATION,NO_ASSOCIABLE_GEOMETRY_SOURCE,,LOCKED_BASELINE_ASSERTED_REQUIRES_LIVE_RECHECK,SHARED_REFERENCE,Spatial association remains deferred until governed settlement geometry exists.
align:nngla:place:NG-PLC-000339,PLACE,NGP-000339,NG-NAM-SET-000339,NG-PLC-000339,339,data/novegeo/nngla/geographic-identity-places/source/04_name_catalogues/settlement_name_catalogue.csv,e6598eb8f5ca85351c11fe23629ec834d6130428a200a046ac37ddab19a4b616,CANONICAL_IDENTITY_PRESERVED_FROM_LOCKED_SUFFIX_ALLOCATION,NO_ASSOCIABLE_GEOMETRY_SOURCE,,LOCKED_BASELINE_ASSERTED_REQUIRES_LIVE_RECHECK,SHARED_REFERENCE,Spatial association remains deferred until governed settlement geometry exists.
align:nngla:place:NG-PLC-000340,PLACE,NGP-000340,NG-NAM-SET-000340,NG-PLC-000340,340,data/novegeo/nngla/geographic-identity-places/source/04_name_catalogues/settlement_name_catalogue.csv,e6598eb8f5ca85351c11fe23629ec834d6130428a200a046ac37ddab19a4b616,CANONICAL_IDENTITY_PRESERVED_FROM_LOCKED_SUFFIX_ALLOCATION,NO_ASSOCIABLE_GEOMETRY_SOURCE,,LOCKED_BASELINE_ASSERTED_REQUIRES_LIVE_RECHECK,SHARED_REFERENCE,Spatial association remains deferred until governed settlement geometry exists.
align:nngla:place:NG-PLC-000341,PLACE,NGP-000341,NG-NAM-SET-000341,NG-PLC-000341,341,data/novegeo/nngla/geographic-identity-places/source/04_name_catalogues/settlement_name_catalogue.csv,e6598eb8f5ca85351c11fe23629ec834d6130428a200a046ac37ddab19a4b616,CANONICAL_IDENTITY_PRESERVED_FROM_LOCKED_SUFFIX_ALLOCATION,NO_ASSOCIABLE_GEOMETRY_SOURCE,,LOCKED_BASELINE_ASSERTED_REQUIRES_LIVE_RECHECK,SHARED_REFERENCE,Spatial association remains deferred until governed settlement geometry exists.
align:nngla:place:NG-PLC-000342,PLACE,NGP-000342,NG-NAM-SET-000342,NG-PLC-000342,342,data/novegeo/nngla/geographic-identity-places/source/04_name_catalogues/settlement_name_catalogue.csv,e6598eb8f5ca85351c11fe23629ec834d6130428a200a046ac37ddab19a4b616,CANONICAL_IDENTITY_PRESERVED_FROM_LOCKED_SUFFIX_ALLOCATION,NO_ASSOCIABLE_GEOMETRY_SOURCE,,LOCKED_BASELINE_ASSERTED_REQUIRES_LIVE_RECHECK,SHARED_REFERENCE,Spatial association remains deferred until governed settlement geometry exists.
align:nngla:place:NG-PLC-000343,PLACE,NGP-000343,NG-NAM-SET-000343,NG-PLC-000343,343,data/novegeo/nngla/geographic-identity-places/source/04_name_catalogues/settlement_name_catalogue.csv,e6598eb8f5ca85351c11fe23629ec834d6130428a200a046ac37ddab19a4b616,CANONICAL_IDENTITY_PRESERVED_FROM_LOCKED_SUFFIX_ALLOCATION,NO_ASSOCIABLE_GEOMETRY_SOURCE,,LOCKED_BASELINE_ASSERTED_REQUIRES_LIVE_RECHECK,SHARED_REFERENCE,Spatial association remains deferred until governed settlement geometry exists.
align:nngla:place:NG-PLC-000344,PLACE,NGP-000344,NG-NAM-SET-000344,NG-PLC-000344,344,data/novegeo/nngla/geographic-identity-places/source/04_name_catalogues/settlement_name_catalogue.csv,e6598eb8f5ca85351c11fe23629ec834d6130428a200a046ac37ddab19a4b616,CANONICAL_IDENTITY_PRESERVED_FROM_LOCKED_SUFFIX_ALLOCATION,NO_ASSOCIABLE_GEOMETRY_SOURCE,,LOCKED_BASELINE_ASSERTED_REQUIRES_LIVE_RECHECK,SHARED_REFERENCE,Spatial association remains deferred until governed settlement geometry exists.
align:nngla:place:NG-PLC-000345,PLACE,NGP-000345,NG-NAM-SET-000345,NG-PLC-000345,345,data/novegeo/nngla/geographic-identity-places/source/04_name_catalogues/settlement_name_catalogue.csv,e6598eb8f5ca85351c11fe23629ec834d6130428a200a046ac37ddab19a4b616,CANONICAL_IDENTITY_PRESERVED_FROM_LOCKED_SUFFIX_ALLOCATION,NO_ASSOCIABLE_GEOMETRY_SOURCE,,LOCKED_BASELINE_ASSERTED_REQUIRES_LIVE_RECHECK,SHARED_REFERENCE,Spatial association remains deferred until governed settlement geometry exists.
align:nngla:place:NG-PLC-000346,PLACE,NGP-000346,NG-NAM-SET-000346,NG-PLC-000346,346,data/novegeo/nngla/geographic-identity-places/source/04_name_catalogues/settlement_name_catalogue.csv,e6598eb8f5ca85351c11fe23629ec834d6130428a200a046ac37ddab19a4b616,CANONICAL_IDENTITY_PRESERVED_FROM_LOCKED_SUFFIX_ALLOCATION,NO_ASSOCIABLE_GEOMETRY_SOURCE,,LOCKED_BASELINE_ASSERTED_REQUIRES_LIVE_RECHECK,SHARED_REFERENCE,Spatial association remains deferred until governed settlement geometry exists.
align:nngla:place:NG-PLC-000347,PLACE,NGP-000347,NG-NAM-SET-000347,NG-PLC-000347,347,data/novegeo/nngla/geographic-identity-places/source/04_name_catalogues/settlement_name_catalogue.csv,e6598eb8f5ca85351c11fe23629ec834d6130428a200a046ac37ddab19a4b616,CANONICAL_IDENTITY_PRESERVED_FROM_LOCKED_SUFFIX_ALLOCATION,NO_ASSOCIABLE_GEOMETRY_SOURCE,,LOCKED_BASELINE_ASSERTED_REQUIRES_LIVE_RECHECK,SHARED_REFERENCE,Spatial association remains deferred until governed settlement geometry exists.
align:nngla:place:NG-PLC-000348,PLACE,NGP-000348,NG-NAM-SET-000348,NG-PLC-000348,348,data/novegeo/nngla/geographic-identity-places/source/04_name_catalogues/settlement_name_catalogue.csv,e6598eb8f5ca85351c11fe23629ec834d6130428a200a046ac37ddab19a4b616,CANONICAL_IDENTITY_PRESERVED_FROM_LOCKED_SUFFIX_ALLOCATION,NO_ASSOCIABLE_GEOMETRY_SOURCE,,LOCKED_BASELINE_ASSERTED_REQUIRES_LIVE_RECHECK,SHARED_REFERENCE,Spatial association remains deferred until governed settlement geometry exists.
align:nngla:place:NG-PLC-000349,PLACE,NGP-000349,NG-NAM-SET-000349,NG-PLC-000349,349,data/novegeo/nngla/geographic-identity-places/source/04_name_catalogues/settlement_name_catalogue.csv,e6598eb8f5ca85351c11fe23629ec834d6130428a200a046ac37ddab19a4b616,CANONICAL_IDENTITY_PRESERVED_FROM_LOCKED_SUFFIX_ALLOCATION,NO_ASSOCIABLE_GEOMETRY_SOURCE,,LOCKED_BASELINE_ASSERTED_REQUIRES_LIVE_RECHECK,SHARED_REFERENCE,Spatial association remains deferred until governed settlement geometry exists.
align:nngla:place:NG-PLC-000350,PLACE,NGP-000350,NG-NAM-SET-000350,NG-PLC-000350,350,data/novegeo/nngla/geographic-identity-places/source/04_name_catalogues/settlement_name_catalogue.csv,e6598eb8f5ca85351c11fe23629ec834d6130428a200a046ac37ddab19a4b616,CANONICAL_IDENTITY_PRESERVED_FROM_LOCKED_SUFFIX_ALLOCATION,NO_ASSOCIABLE_GEOMETRY_SOURCE,,LOCKED_BASELINE_ASSERTED_REQUIRES_LIVE_RECHECK,SHARED_REFERENCE,Spatial association remains deferred until governed settlement geometry exists.
align:nngla:place:NG-PLC-000351,PLACE,NGP-000351,NG-NAM-SET-000351,NG-PLC-000351,351,data/novegeo/nngla/geographic-identity-places/source/04_name_catalogues/settlement_name_catalogue.csv,e6598eb8f5ca85351c11fe23629ec834d6130428a200a046ac37ddab19a4b616,CANONICAL_IDENTITY_PRESERVED_FROM_LOCKED_SUFFIX_ALLOCATION,NO_ASSOCIABLE_GEOMETRY_SOURCE,,LOCKED_BASELINE_ASSERTED_REQUIRES_LIVE_RECHECK,SHARED_REFERENCE,Spatial association remains deferred until governed settlement geometry exists.
align:nngla:place:NG-PLC-000352,PLACE,NGP-000352,NG-NAM-SET-000352,NG-PLC-000352,352,data/novegeo/nngla/geographic-identity-places/source/04_name_catalogues/settlement_name_catalogue.csv,e6598eb8f5ca85351c11fe23629ec834d6130428a200a046ac37ddab19a4b616,CANONICAL_IDENTITY_PRESERVED_FROM_LOCKED_SUFFIX_ALLOCATION,NO_ASSOCIABLE_GEOMETRY_SOURCE,,LOCKED_BASELINE_ASSERTED_REQUIRES_LIVE_RECHECK,SHARED_REFERENCE,Spatial association remains deferred until governed settlement geometry exists.
align:nngla:place:NG-PLC-000353,PLACE,NGP-000353,NG-NAM-SET-000353,NG-PLC-000353,353,data/novegeo/nngla/geographic-identity-places/source/04_name_catalogues/settlement_name_catalogue.csv,e6598eb8f5ca85351c11fe23629ec834d6130428a200a046ac37ddab19a4b616,CANONICAL_IDENTITY_PRESERVED_FROM_LOCKED_SUFFIX_ALLOCATION,NO_ASSOCIABLE_GEOMETRY_SOURCE,,LOCKED_BASELINE_ASSERTED_REQUIRES_LIVE_RECHECK,SHARED_REFERENCE,Spatial association remains deferred until governed settlement geometry exists.
align:nngla:place:NG-PLC-000354,PLACE,NGP-000354,NG-NAM-SET-000354,NG-PLC-000354,354,data/novegeo/nngla/geographic-identity-places/source/04_name_catalogues/settlement_name_catalogue.csv,e6598eb8f5ca85351c11fe23629ec834d6130428a200a046ac37ddab19a4b616,CANONICAL_IDENTITY_PRESERVED_FROM_LOCKED_SUFFIX_ALLOCATION,NO_ASSOCIABLE_GEOMETRY_SOURCE,,LOCKED_BASELINE_ASSERTED_REQUIRES_LIVE_RECHECK,SHARED_REFERENCE,Spatial association remains deferred until governed settlement geometry exists.
align:nngla:place:NG-PLC-000355,PLACE,NGP-000355,NG-NAM-SET-000355,NG-PLC-000355,355,data/novegeo/nngla/geographic-identity-places/source/04_name_catalogues/settlement_name_catalogue.csv,e6598eb8f5ca85351c11fe23629ec834d6130428a200a046ac37ddab19a4b616,CANONICAL_IDENTITY_PRESERVED_FROM_LOCKED_SUFFIX_ALLOCATION,NO_ASSOCIABLE_GEOMETRY_SOURCE,,LOCKED_BASELINE_ASSERTED_REQUIRES_LIVE_RECHECK,SHARED_REFERENCE,Spatial association remains deferred until governed settlement geometry exists.
align:nngla:place:NG-PLC-000356,PLACE,NGP-000356,NG-NAM-SET-000356,NG-PLC-000356,356,data/novegeo/nngla/geographic-identity-places/source/04_name_catalogues/settlement_name_catalogue.csv,e6598eb8f5ca85351c11fe23629ec834d6130428a200a046ac37ddab19a4b616,CANONICAL_IDENTITY_PRESERVED_FROM_LOCKED_SUFFIX_ALLOCATION,NO_ASSOCIABLE_GEOMETRY_SOURCE,,LOCKED_BASELINE_ASSERTED_REQUIRES_LIVE_RECHECK,SHARED_REFERENCE,Spatial association remains deferred until governed settlement geometry exists.
align:nngla:place:NG-PLC-000357,PLACE,NGP-000357,NG-NAM-SET-000357,NG-PLC-000357,357,data/novegeo/nngla/geographic-identity-places/source/04_name_catalogues/settlement_name_catalogue.csv,e6598eb8f5ca85351c11fe23629ec834d6130428a200a046ac37ddab19a4b616,CANONICAL_IDENTITY_PRESERVED_FROM_LOCKED_SUFFIX_ALLOCATION,NO_ASSOCIABLE_GEOMETRY_SOURCE,,LOCKED_BASELINE_ASSERTED_REQUIRES_LIVE_RECHECK,SHARED_REFERENCE,Spatial association remains deferred until governed settlement geometry exists.
align:nngla:place:NG-PLC-000358,PLACE,NGP-000358,NG-NAM-SET-000358,NG-PLC-000358,358,data/novegeo/nngla/geographic-identity-places/source/04_name_catalogues/settlement_name_catalogue.csv,e6598eb8f5ca85351c11fe23629ec834d6130428a200a046ac37ddab19a4b616,CANONICAL_IDENTITY_PRESERVED_FROM_LOCKED_SUFFIX_ALLOCATION,NO_ASSOCIABLE_GEOMETRY_SOURCE,,LOCKED_BASELINE_ASSERTED_REQUIRES_LIVE_RECHECK,SHARED_REFERENCE,Spatial association remains deferred until governed settlement geometry exists.
align:nngla:place:NG-PLC-000359,PLACE,NGP-000359,NG-NAM-SET-000359,NG-PLC-000359,359,data/novegeo/nngla/geographic-identity-places/source/04_name_catalogues/settlement_name_catalogue.csv,e6598eb8f5ca85351c11fe23629ec834d6130428a200a046ac37ddab19a4b616,CANONICAL_IDENTITY_PRESERVED_FROM_LOCKED_SUFFIX_ALLOCATION,NO_ASSOCIABLE_GEOMETRY_SOURCE,,LOCKED_BASELINE_ASSERTED_REQUIRES_LIVE_RECHECK,SHARED_REFERENCE,Spatial association remains deferred until governed settlement geometry exists.
align:nngla:place:NG-PLC-000360,PLACE,NGP-000360,NG-NAM-SET-000360,NG-PLC-000360,360,data/novegeo/nngla/geographic-identity-places/source/04_name_catalogues/settlement_name_catalogue.csv,e6598eb8f5ca85351c11fe23629ec834d6130428a200a046ac37ddab19a4b616,CANONICAL_IDENTITY_PRESERVED_FROM_LOCKED_SUFFIX_ALLOCATION,NO_ASSOCIABLE_GEOMETRY_SOURCE,,LOCKED_BASELINE_ASSERTED_REQUIRES_LIVE_RECHECK,SHARED_REFERENCE,Spatial association remains deferred until governed settlement geometry exists.
align:nngla:place:NG-PLC-000361,PLACE,NGP-000361,NG-NAM-SET-000361,NG-PLC-000361,361,data/novegeo/nngla/geographic-identity-places/source/04_name_catalogues/settlement_name_catalogue.csv,e6598eb8f5ca85351c11fe23629ec834d6130428a200a046ac37ddab19a4b616,CANONICAL_IDENTITY_PRESERVED_FROM_LOCKED_SUFFIX_ALLOCATION,NO_ASSOCIABLE_GEOMETRY_SOURCE,,LOCKED_BASELINE_ASSERTED_REQUIRES_LIVE_RECHECK,SHARED_REFERENCE,Spatial association remains deferred until governed settlement geometry exists.
align:nngla:place:NG-PLC-000362,PLACE,NGP-000362,NG-NAM-SET-000362,NG-PLC-000362,362,data/novegeo/nngla/geographic-identity-places/source/04_name_catalogues/settlement_name_catalogue.csv,e6598eb8f5ca85351c11fe23629ec834d6130428a200a046ac37ddab19a4b616,CANONICAL_IDENTITY_PRESERVED_FROM_LOCKED_SUFFIX_ALLOCATION,NO_ASSOCIABLE_GEOMETRY_SOURCE,,LOCKED_BASELINE_ASSERTED_REQUIRES_LIVE_RECHECK,SHARED_REFERENCE,Spatial association remains deferred until governed settlement geometry exists.
align:nngla:place:NG-PLC-000363,PLACE,NGP-000363,NG-NAM-SET-000363,NG-PLC-000363,363,data/novegeo/nngla/geographic-identity-places/source/04_name_catalogues/settlement_name_catalogue.csv,e6598eb8f5ca85351c11fe23629ec834d6130428a200a046ac37ddab19a4b616,CANONICAL_IDENTITY_PRESERVED_FROM_LOCKED_SUFFIX_ALLOCATION,NO_ASSOCIABLE_GEOMETRY_SOURCE,,LOCKED_BASELINE_ASSERTED_REQUIRES_LIVE_RECHECK,SHARED_REFERENCE,Spatial association remains deferred until governed settlement geometry exists.
align:nngla:place:NG-PLC-000364,PLACE,NGP-000364,NG-NAM-SET-000364,NG-PLC-000364,364,data/novegeo/nngla/geographic-identity-places/source/04_name_catalogues/settlement_name_catalogue.csv,e6598eb8f5ca85351c11fe23629ec834d6130428a200a046ac37ddab19a4b616,CANONICAL_IDENTITY_PRESERVED_FROM_LOCKED_SUFFIX_ALLOCATION,NO_ASSOCIABLE_GEOMETRY_SOURCE,,LOCKED_BASELINE_ASSERTED_REQUIRES_LIVE_RECHECK,SHARED_REFERENCE,Spatial association remains deferred until governed settlement geometry exists.
align:nngla:place:NG-PLC-000365,PLACE,NGP-000365,NG-NAM-SET-000365,NG-PLC-000365,365,data/novegeo/nngla/geographic-identity-places/source/04_name_catalogues/settlement_name_catalogue.csv,e6598eb8f5ca85351c11fe23629ec834d6130428a200a046ac37ddab19a4b616,CANONICAL_IDENTITY_PRESERVED_FROM_LOCKED_SUFFIX_ALLOCATION,NO_ASSOCIABLE_GEOMETRY_SOURCE,,LOCKED_BASELINE_ASSERTED_REQUIRES_LIVE_RECHECK,SHARED_REFERENCE,Spatial association remains deferred until governed settlement geometry exists.
align:nngla:place:NG-PLC-000366,PLACE,NGP-000366,NG-NAM-SET-000366,NG-PLC-000366,366,data/novegeo/nngla/geographic-identity-places/source/04_name_catalogues/settlement_name_catalogue.csv,e6598eb8f5ca85351c11fe23629ec834d6130428a200a046ac37ddab19a4b616,CANONICAL_IDENTITY_PRESERVED_FROM_LOCKED_SUFFIX_ALLOCATION,NO_ASSOCIABLE_GEOMETRY_SOURCE,,LOCKED_BASELINE_ASSERTED_REQUIRES_LIVE_RECHECK,SHARED_REFERENCE,Spatial association remains deferred until governed settlement geometry exists.
align:nngla:place:NG-PLC-000367,PLACE,NGP-000367,NG-NAM-SET-000367,NG-PLC-000367,367,data/novegeo/nngla/geographic-identity-places/source/04_name_catalogues/settlement_name_catalogue.csv,e6598eb8f5ca85351c11fe23629ec834d6130428a200a046ac37ddab19a4b616,CANONICAL_IDENTITY_PRESERVED_FROM_LOCKED_SUFFIX_ALLOCATION,NO_ASSOCIABLE_GEOMETRY_SOURCE,,LOCKED_BASELINE_ASSERTED_REQUIRES_LIVE_RECHECK,SHARED_REFERENCE,Spatial association remains deferred until governed settlement geometry exists.
align:nngla:place:NG-PLC-000368,PLACE,NGP-000368,NG-NAM-SET-000368,NG-PLC-000368,368,data/novegeo/nngla/geographic-identity-places/source/04_name_catalogues/settlement_name_catalogue.csv,e6598eb8f5ca85351c11fe23629ec834d6130428a200a046ac37ddab19a4b616,CANONICAL_IDENTITY_PRESERVED_FROM_LOCKED_SUFFIX_ALLOCATION,NO_ASSOCIABLE_GEOMETRY_SOURCE,,LOCKED_BASELINE_ASSERTED_REQUIRES_LIVE_RECHECK,SHARED_REFERENCE,Spatial association remains deferred until governed settlement geometry exists.
align:nngla:place:NG-PLC-000369,PLACE,NGP-000369,NG-NAM-SET-000369,NG-PLC-000369,369,data/novegeo/nngla/geographic-identity-places/source/04_name_catalogues/settlement_name_catalogue.csv,e6598eb8f5ca85351c11fe23629ec834d6130428a200a046ac37ddab19a4b616,CANONICAL_IDENTITY_PRESERVED_FROM_LOCKED_SUFFIX_ALLOCATION,NO_ASSOCIABLE_GEOMETRY_SOURCE,,LOCKED_BASELINE_ASSERTED_REQUIRES_LIVE_RECHECK,SHARED_REFERENCE,Spatial association remains deferred until governed settlement geometry exists.
align:nngla:place:NG-PLC-000370,PLACE,NGP-000370,NG-NAM-SET-000370,NG-PLC-000370,370,data/novegeo/nngla/geographic-identity-places/source/04_name_catalogues/settlement_name_catalogue.csv,e6598eb8f5ca85351c11fe23629ec834d6130428a200a046ac37ddab19a4b616,CANONICAL_IDENTITY_PRESERVED_FROM_LOCKED_SUFFIX_ALLOCATION,NO_ASSOCIABLE_GEOMETRY_SOURCE,,LOCKED_BASELINE_ASSERTED_REQUIRES_LIVE_RECHECK,SHARED_REFERENCE,Spatial association remains deferred until governed settlement geometry exists.
align:nngla:place:NG-PLC-000371,PLACE,NGP-000371,NG-NAM-SET-000371,NG-PLC-000371,371,data/novegeo/nngla/geographic-identity-places/source/04_name_catalogues/settlement_name_catalogue.csv,e6598eb8f5ca85351c11fe23629ec834d6130428a200a046ac37ddab19a4b616,CANONICAL_IDENTITY_PRESERVED_FROM_LOCKED_SUFFIX_ALLOCATION,NO_ASSOCIABLE_GEOMETRY_SOURCE,,LOCKED_BASELINE_ASSERTED_REQUIRES_LIVE_RECHECK,SHARED_REFERENCE,Spatial association remains deferred until governed settlement geometry exists.
align:nngla:place:NG-PLC-000372,PLACE,NGP-000372,NG-NAM-SET-000372,NG-PLC-000372,372,data/novegeo/nngla/geographic-identity-places/source/04_name_catalogues/settlement_name_catalogue.csv,e6598eb8f5ca85351c11fe23629ec834d6130428a200a046ac37ddab19a4b616,CANONICAL_IDENTITY_PRESERVED_FROM_LOCKED_SUFFIX_ALLOCATION,NO_ASSOCIABLE_GEOMETRY_SOURCE,,LOCKED_BASELINE_ASSERTED_REQUIRES_LIVE_RECHECK,SHARED_REFERENCE,Spatial association remains deferred until governed settlement geometry exists.
align:nngla:place:NG-PLC-000373,PLACE,NGP-000373,NG-NAM-SET-000373,NG-PLC-000373,373,data/novegeo/nngla/geographic-identity-places/source/04_name_catalogues/settlement_name_catalogue.csv,e6598eb8f5ca85351c11fe23629ec834d6130428a200a046ac37ddab19a4b616,CANONICAL_IDENTITY_PRESERVED_FROM_LOCKED_SUFFIX_ALLOCATION,NO_ASSOCIABLE_GEOMETRY_SOURCE,,LOCKED_BASELINE_ASSERTED_REQUIRES_LIVE_RECHECK,SHARED_REFERENCE,Spatial association remains deferred until governed settlement geometry exists.
align:nngla:place:NG-PLC-000374,PLACE,NGP-000374,NG-NAM-SET-000374,NG-PLC-000374,374,data/novegeo/nngla/geographic-identity-places/source/04_name_catalogues/settlement_name_catalogue.csv,e6598eb8f5ca85351c11fe23629ec834d6130428a200a046ac37ddab19a4b616,CANONICAL_IDENTITY_PRESERVED_FROM_LOCKED_SUFFIX_ALLOCATION,NO_ASSOCIABLE_GEOMETRY_SOURCE,,LOCKED_BASELINE_ASSERTED_REQUIRES_LIVE_RECHECK,SHARED_REFERENCE,Spatial association remains deferred until governed settlement geometry exists.
align:nngla:place:NG-PLC-000375,PLACE,NGP-000375,NG-NAM-SET-000375,NG-PLC-000375,375,data/novegeo/nngla/geographic-identity-places/source/04_name_catalogues/settlement_name_catalogue.csv,e6598eb8f5ca85351c11fe23629ec834d6130428a200a046ac37ddab19a4b616,CANONICAL_IDENTITY_PRESERVED_FROM_LOCKED_SUFFIX_ALLOCATION,NO_ASSOCIABLE_GEOMETRY_SOURCE,,LOCKED_BASELINE_ASSERTED_REQUIRES_LIVE_RECHECK,SHARED_REFERENCE,Spatial association remains deferred until governed settlement geometry exists.
align:nngla:place:NG-PLC-000376,PLACE,NGP-000376,NG-NAM-SET-000376,NG-PLC-000376,376,data/novegeo/nngla/geographic-identity-places/source/04_name_catalogues/settlement_name_catalogue.csv,e6598eb8f5ca85351c11fe23629ec834d6130428a200a046ac37ddab19a4b616,CANONICAL_IDENTITY_PRESERVED_FROM_LOCKED_SUFFIX_ALLOCATION,NO_ASSOCIABLE_GEOMETRY_SOURCE,,LOCKED_BASELINE_ASSERTED_REQUIRES_LIVE_RECHECK,SHARED_REFERENCE,Spatial association remains deferred until governed settlement geometry exists.
align:nngla:place:NG-PLC-000377,PLACE,NGP-000377,NG-NAM-SET-000377,NG-PLC-000377,377,data/novegeo/nngla/geographic-identity-places/source/04_name_catalogues/settlement_name_catalogue.csv,e6598eb8f5ca85351c11fe23629ec834d6130428a200a046ac37ddab19a4b616,CANONICAL_IDENTITY_PRESERVED_FROM_LOCKED_SUFFIX_ALLOCATION,NO_ASSOCIABLE_GEOMETRY_SOURCE,,LOCKED_BASELINE_ASSERTED_REQUIRES_LIVE_RECHECK,SHARED_REFERENCE,Spatial association remains deferred until governed settlement geometry exists.
align:nngla:place:NG-PLC-000378,PLACE,NGP-000378,NG-NAM-SET-000378,NG-PLC-000378,378,data/novegeo/nngla/geographic-identity-places/source/04_name_catalogues/settlement_name_catalogue.csv,e6598eb8f5ca85351c11fe23629ec834d6130428a200a046ac37ddab19a4b616,CANONICAL_IDENTITY_PRESERVED_FROM_LOCKED_SUFFIX_ALLOCATION,NO_ASSOCIABLE_GEOMETRY_SOURCE,,LOCKED_BASELINE_ASSERTED_REQUIRES_LIVE_RECHECK,SHARED_REFERENCE,Spatial association remains deferred until governed settlement geometry exists.
align:nngla:place:NG-PLC-000379,PLACE,NGP-000379,NG-NAM-SET-000379,NG-PLC-000379,379,data/novegeo/nngla/geographic-identity-places/source/04_name_catalogues/settlement_name_catalogue.csv,e6598eb8f5ca85351c11fe23629ec834d6130428a200a046ac37ddab19a4b616,CANONICAL_IDENTITY_PRESERVED_FROM_LOCKED_SUFFIX_ALLOCATION,NO_ASSOCIABLE_GEOMETRY_SOURCE,,LOCKED_BASELINE_ASSERTED_REQUIRES_LIVE_RECHECK,SHARED_REFERENCE,Spatial association remains deferred until governed settlement geometry exists.
align:nngla:place:NG-PLC-000380,PLACE,NGP-000380,NG-NAM-SET-000380,NG-PLC-000380,380,data/novegeo/nngla/geographic-identity-places/source/04_name_catalogues/settlement_name_catalogue.csv,e6598eb8f5ca85351c11fe23629ec834d6130428a200a046ac37ddab19a4b616,CANONICAL_IDENTITY_PRESERVED_FROM_LOCKED_SUFFIX_ALLOCATION,NO_ASSOCIABLE_GEOMETRY_SOURCE,,LOCKED_BASELINE_ASSERTED_REQUIRES_LIVE_RECHECK,SHARED_REFERENCE,Spatial association remains deferred until governed settlement geometry exists.
align:nngla:place:NG-PLC-000381,PLACE,NGP-000381,NG-NAM-SET-000381,NG-PLC-000381,381,data/novegeo/nngla/geographic-identity-places/source/04_name_catalogues/settlement_name_catalogue.csv,e6598eb8f5ca85351c11fe23629ec834d6130428a200a046ac37ddab19a4b616,CANONICAL_IDENTITY_PRESERVED_FROM_LOCKED_SUFFIX_ALLOCATION,NO_ASSOCIABLE_GEOMETRY_SOURCE,,LOCKED_BASELINE_ASSERTED_REQUIRES_LIVE_RECHECK,SHARED_REFERENCE,Spatial association remains deferred until governed settlement geometry exists.
align:nngla:place:NG-PLC-000382,PLACE,NGP-000382,NG-NAM-SET-000382,NG-PLC-000382,382,data/novegeo/nngla/geographic-identity-places/source/04_name_catalogues/settlement_name_catalogue.csv,e6598eb8f5ca85351c11fe23629ec834d6130428a200a046ac37ddab19a4b616,CANONICAL_IDENTITY_PRESERVED_FROM_LOCKED_SUFFIX_ALLOCATION,NO_ASSOCIABLE_GEOMETRY_SOURCE,,LOCKED_BASELINE_ASSERTED_REQUIRES_LIVE_RECHECK,SHARED_REFERENCE,Spatial association remains deferred until governed settlement geometry exists.
align:nngla:place:NG-PLC-000383,PLACE,NGP-000383,NG-NAM-SET-000383,NG-PLC-000383,383,data/novegeo/nngla/geographic-identity-places/source/04_name_catalogues/settlement_name_catalogue.csv,e6598eb8f5ca85351c11fe23629ec834d6130428a200a046ac37ddab19a4b616,CANONICAL_IDENTITY_PRESERVED_FROM_LOCKED_SUFFIX_ALLOCATION,NO_ASSOCIABLE_GEOMETRY_SOURCE,,LOCKED_BASELINE_ASSERTED_REQUIRES_LIVE_RECHECK,SHARED_REFERENCE,Spatial association remains deferred until governed settlement geometry exists.
align:nngla:place:NG-PLC-000384,PLACE,NGP-000384,NG-NAM-SET-000384,NG-PLC-000384,384,data/novegeo/nngla/geographic-identity-places/source/04_name_catalogues/settlement_name_catalogue.csv,e6598eb8f5ca85351c11fe23629ec834d6130428a200a046ac37ddab19a4b616,CANONICAL_IDENTITY_PRESERVED_FROM_LOCKED_SUFFIX_ALLOCATION,NO_ASSOCIABLE_GEOMETRY_SOURCE,,LOCKED_BASELINE_ASSERTED_REQUIRES_LIVE_RECHECK,SHARED_REFERENCE,Spatial association remains deferred until governed settlement geometry exists.
align:nngla:place:NG-PLC-000385,PLACE,NGP-000385,NG-NAM-SET-000385,NG-PLC-000385,385,data/novegeo/nngla/geographic-identity-places/source/04_name_catalogues/settlement_name_catalogue.csv,e6598eb8f5ca85351c11fe23629ec834d6130428a200a046ac37ddab19a4b616,CANONICAL_IDENTITY_PRESERVED_FROM_LOCKED_SUFFIX_ALLOCATION,NO_ASSOCIABLE_GEOMETRY_SOURCE,,LOCKED_BASELINE_ASSERTED_REQUIRES_LIVE_RECHECK,SHARED_REFERENCE,Spatial association remains deferred until governed settlement geometry exists.
align:nngla:place:NG-PLC-000386,PLACE,NGP-000386,NG-NAM-SET-000386,NG-PLC-000386,386,data/novegeo/nngla/geographic-identity-places/source/04_name_catalogues/settlement_name_catalogue.csv,e6598eb8f5ca85351c11fe23629ec834d6130428a200a046ac37ddab19a4b616,CANONICAL_IDENTITY_PRESERVED_FROM_LOCKED_SUFFIX_ALLOCATION,NO_ASSOCIABLE_GEOMETRY_SOURCE,,LOCKED_BASELINE_ASSERTED_REQUIRES_LIVE_RECHECK,SHARED_REFERENCE,Spatial association remains deferred until governed settlement geometry exists.
align:nngla:place:NG-PLC-000387,PLACE,NGP-000387,NG-NAM-SET-000387,NG-PLC-000387,387,data/novegeo/nngla/geographic-identity-places/source/04_name_catalogues/settlement_name_catalogue.csv,e6598eb8f5ca85351c11fe23629ec834d6130428a200a046ac37ddab19a4b616,CANONICAL_IDENTITY_PRESERVED_FROM_LOCKED_SUFFIX_ALLOCATION,NO_ASSOCIABLE_GEOMETRY_SOURCE,,LOCKED_BASELINE_ASSERTED_REQUIRES_LIVE_RECHECK,SHARED_REFERENCE,Spatial association remains deferred until governed settlement geometry exists.
align:nngla:place:NG-PLC-000388,PLACE,NGP-000388,NG-NAM-SET-000388,NG-PLC-000388,388,data/novegeo/nngla/geographic-identity-places/source/04_name_catalogues/settlement_name_catalogue.csv,e6598eb8f5ca85351c11fe23629ec834d6130428a200a046ac37ddab19a4b616,CANONICAL_IDENTITY_PRESERVED_FROM_LOCKED_SUFFIX_ALLOCATION,NO_ASSOCIABLE_GEOMETRY_SOURCE,,LOCKED_BASELINE_ASSERTED_REQUIRES_LIVE_RECHECK,SHARED_REFERENCE,Spatial association remains deferred until governed settlement geometry exists.
align:nngla:place:NG-PLC-000389,PLACE,NGP-000389,NG-NAM-SET-000389,NG-PLC-000389,389,data/novegeo/nngla/geographic-identity-places/source/04_name_catalogues/settlement_name_catalogue.csv,e6598eb8f5ca85351c11fe23629ec834d6130428a200a046ac37ddab19a4b616,CANONICAL_IDENTITY_PRESERVED_FROM_LOCKED_SUFFIX_ALLOCATION,NO_ASSOCIABLE_GEOMETRY_SOURCE,,LOCKED_BASELINE_ASSERTED_REQUIRES_LIVE_RECHECK,SHARED_REFERENCE,Spatial association remains deferred until governed settlement geometry exists.
align:nngla:place:NG-PLC-000390,PLACE,NGP-000390,NG-NAM-SET-000390,NG-PLC-000390,390,data/novegeo/nngla/geographic-identity-places/source/04_name_catalogues/settlement_name_catalogue.csv,e6598eb8f5ca85351c11fe23629ec834d6130428a200a046ac37ddab19a4b616,CANONICAL_IDENTITY_PRESERVED_FROM_LOCKED_SUFFIX_ALLOCATION,NO_ASSOCIABLE_GEOMETRY_SOURCE,,LOCKED_BASELINE_ASSERTED_REQUIRES_LIVE_RECHECK,SHARED_REFERENCE,Spatial association remains deferred until governed settlement geometry exists.
align:nngla:place:NG-PLC-000391,PLACE,NGP-000391,NG-NAM-SET-000391,NG-PLC-000391,391,data/novegeo/nngla/geographic-identity-places/source/04_name_catalogues/settlement_name_catalogue.csv,e6598eb8f5ca85351c11fe23629ec834d6130428a200a046ac37ddab19a4b616,CANONICAL_IDENTITY_PRESERVED_FROM_LOCKED_SUFFIX_ALLOCATION,NO_ASSOCIABLE_GEOMETRY_SOURCE,,LOCKED_BASELINE_ASSERTED_REQUIRES_LIVE_RECHECK,SHARED_REFERENCE,Spatial association remains deferred until governed settlement geometry exists.
align:nngla:place:NG-PLC-000392,PLACE,NGP-000392,NG-NAM-SET-000392,NG-PLC-000392,392,data/novegeo/nngla/geographic-identity-places/source/04_name_catalogues/settlement_name_catalogue.csv,e6598eb8f5ca85351c11fe23629ec834d6130428a200a046ac37ddab19a4b616,CANONICAL_IDENTITY_PRESERVED_FROM_LOCKED_SUFFIX_ALLOCATION,NO_ASSOCIABLE_GEOMETRY_SOURCE,,LOCKED_BASELINE_ASSERTED_REQUIRES_LIVE_RECHECK,SHARED_REFERENCE,Spatial association remains deferred until governed settlement geometry exists.
align:nngla:place:NG-PLC-000393,PLACE,NGP-000393,NG-NAM-SET-000393,NG-PLC-000393,393,data/novegeo/nngla/geographic-identity-places/source/04_name_catalogues/settlement_name_catalogue.csv,e6598eb8f5ca85351c11fe23629ec834d6130428a200a046ac37ddab19a4b616,CANONICAL_IDENTITY_PRESERVED_FROM_LOCKED_SUFFIX_ALLOCATION,NO_ASSOCIABLE_GEOMETRY_SOURCE,,LOCKED_BASELINE_ASSERTED_REQUIRES_LIVE_RECHECK,SHARED_REFERENCE,Spatial association remains deferred until governed settlement geometry exists.
align:nngla:place:NG-PLC-000394,PLACE,NGP-000394,NG-NAM-SET-000394,NG-PLC-000394,394,data/novegeo/nngla/geographic-identity-places/source/04_name_catalogues/settlement_name_catalogue.csv,e6598eb8f5ca85351c11fe23629ec834d6130428a200a046ac37ddab19a4b616,CANONICAL_IDENTITY_PRESERVED_FROM_LOCKED_SUFFIX_ALLOCATION,NO_ASSOCIABLE_GEOMETRY_SOURCE,,LOCKED_BASELINE_ASSERTED_REQUIRES_LIVE_RECHECK,SHARED_REFERENCE,Spatial association remains deferred until governed settlement geometry exists.
align:nngla:place:NG-PLC-000395,PLACE,NGP-000395,NG-NAM-SET-000395,NG-PLC-000395,395,data/novegeo/nngla/geographic-identity-places/source/04_name_catalogues/settlement_name_catalogue.csv,e6598eb8f5ca85351c11fe23629ec834d6130428a200a046ac37ddab19a4b616,CANONICAL_IDENTITY_PRESERVED_FROM_LOCKED_SUFFIX_ALLOCATION,NO_ASSOCIABLE_GEOMETRY_SOURCE,,LOCKED_BASELINE_ASSERTED_REQUIRES_LIVE_RECHECK,SHARED_REFERENCE,Spatial association remains deferred until governed settlement geometry exists.
align:nngla:place:NG-PLC-000396,PLACE,NGP-000396,NG-NAM-SET-000396,NG-PLC-000396,396,data/novegeo/nngla/geographic-identity-places/source/04_name_catalogues/settlement_name_catalogue.csv,e6598eb8f5ca85351c11fe23629ec834d6130428a200a046ac37ddab19a4b616,CANONICAL_IDENTITY_PRESERVED_FROM_LOCKED_SUFFIX_ALLOCATION,NO_ASSOCIABLE_GEOMETRY_SOURCE,,LOCKED_BASELINE_ASSERTED_REQUIRES_LIVE_RECHECK,SHARED_REFERENCE,Spatial association remains deferred until governed settlement geometry exists.
align:nngla:place:NG-PLC-000397,PLACE,NGP-000397,NG-NAM-SET-000397,NG-PLC-000397,397,data/novegeo/nngla/geographic-identity-places/source/04_name_catalogues/settlement_name_catalogue.csv,e6598eb8f5ca85351c11fe23629ec834d6130428a200a046ac37ddab19a4b616,CANONICAL_IDENTITY_PRESERVED_FROM_LOCKED_SUFFIX_ALLOCATION,NO_ASSOCIABLE_GEOMETRY_SOURCE,,LOCKED_BASELINE_ASSERTED_REQUIRES_LIVE_RECHECK,SHARED_REFERENCE,Spatial association remains deferred until governed settlement geometry exists.
align:nngla:place:NG-PLC-000398,PLACE,NGP-000398,NG-NAM-SET-000398,NG-PLC-000398,398,data/novegeo/nngla/geographic-identity-places/source/04_name_catalogues/settlement_name_catalogue.csv,e6598eb8f5ca85351c11fe23629ec834d6130428a200a046ac37ddab19a4b616,CANONICAL_IDENTITY_PRESERVED_FROM_LOCKED_SUFFIX_ALLOCATION,NO_ASSOCIABLE_GEOMETRY_SOURCE,,LOCKED_BASELINE_ASSERTED_REQUIRES_LIVE_RECHECK,SHARED_REFERENCE,Spatial association remains deferred until governed settlement geometry exists.
align:nngla:place:NG-PLC-000399,PLACE,NGP-000399,NG-NAM-SET-000399,NG-PLC-000399,399,data/novegeo/nngla/geographic-identity-places/source/04_name_catalogues/settlement_name_catalogue.csv,e6598eb8f5ca85351c11fe23629ec834d6130428a200a046ac37ddab19a4b616,CANONICAL_IDENTITY_PRESERVED_FROM_LOCKED_SUFFIX_ALLOCATION,NO_ASSOCIABLE_GEOMETRY_SOURCE,,LOCKED_BASELINE_ASSERTED_REQUIRES_LIVE_RECHECK,SHARED_REFERENCE,Spatial association remains deferred until governed settlement geometry exists.
align:nngla:place:NG-PLC-000400,PLACE,NGP-000400,NG-NAM-SET-000400,NG-PLC-000400,400,data/novegeo/nngla/geographic-identity-places/source/04_name_catalogues/settlement_name_catalogue.csv,e6598eb8f5ca85351c11fe23629ec834d6130428a200a046ac37ddab19a4b616,CANONICAL_IDENTITY_PRESERVED_FROM_LOCKED_SUFFIX_ALLOCATION,NO_ASSOCIABLE_GEOMETRY_SOURCE,,LOCKED_BASELINE_ASSERTED_REQUIRES_LIVE_RECHECK,SHARED_REFERENCE,Spatial association remains deferred until governed settlement geometry exists.
align:nngla:place:NG-PLC-000401,PLACE,NGP-000401,NG-NAM-SET-000401,NG-PLC-000401,401,data/novegeo/nngla/geographic-identity-places/source/04_name_catalogues/settlement_name_catalogue.csv,e6598eb8f5ca85351c11fe23629ec834d6130428a200a046ac37ddab19a4b616,CANONICAL_IDENTITY_PRESERVED_FROM_LOCKED_SUFFIX_ALLOCATION,NO_ASSOCIABLE_GEOMETRY_SOURCE,,LOCKED_BASELINE_ASSERTED_REQUIRES_LIVE_RECHECK,SHARED_REFERENCE,Spatial association remains deferred until governed settlement geometry exists.
align:nngla:place:NG-PLC-000402,PLACE,NGP-000402,NG-NAM-SET-000402,NG-PLC-000402,402,data/novegeo/nngla/geographic-identity-places/source/04_name_catalogues/settlement_name_catalogue.csv,e6598eb8f5ca85351c11fe23629ec834d6130428a200a046ac37ddab19a4b616,CANONICAL_IDENTITY_PRESERVED_FROM_LOCKED_SUFFIX_ALLOCATION,NO_ASSOCIABLE_GEOMETRY_SOURCE,,LOCKED_BASELINE_ASSERTED_REQUIRES_LIVE_RECHECK,SHARED_REFERENCE,Spatial association remains deferred until governed settlement geometry exists.
align:nngla:place:NG-PLC-000403,PLACE,NGP-000403,NG-NAM-SET-000403,NG-PLC-000403,403,data/novegeo/nngla/geographic-identity-places/source/04_name_catalogues/settlement_name_catalogue.csv,e6598eb8f5ca85351c11fe23629ec834d6130428a200a046ac37ddab19a4b616,CANONICAL_IDENTITY_PRESERVED_FROM_LOCKED_SUFFIX_ALLOCATION,NO_ASSOCIABLE_GEOMETRY_SOURCE,,LOCKED_BASELINE_ASSERTED_REQUIRES_LIVE_RECHECK,SHARED_REFERENCE,Spatial association remains deferred until governed settlement geometry exists.
align:nngla:place:NG-PLC-000404,PLACE,NGP-000404,NG-NAM-SET-000404,NG-PLC-000404,404,data/novegeo/nngla/geographic-identity-places/source/04_name_catalogues/settlement_name_catalogue.csv,e6598eb8f5ca85351c11fe23629ec834d6130428a200a046ac37ddab19a4b616,CANONICAL_IDENTITY_PRESERVED_FROM_LOCKED_SUFFIX_ALLOCATION,NO_ASSOCIABLE_GEOMETRY_SOURCE,,LOCKED_BASELINE_ASSERTED_REQUIRES_LIVE_RECHECK,SHARED_REFERENCE,Spatial association remains deferred until governed settlement geometry exists.
align:nngla:place:NG-PLC-000405,PLACE,NGP-000405,NG-NAM-SET-000405,NG-PLC-000405,405,data/novegeo/nngla/geographic-identity-places/source/04_name_catalogues/settlement_name_catalogue.csv,e6598eb8f5ca85351c11fe23629ec834d6130428a200a046ac37ddab19a4b616,CANONICAL_IDENTITY_PRESERVED_FROM_LOCKED_SUFFIX_ALLOCATION,NO_ASSOCIABLE_GEOMETRY_SOURCE,,LOCKED_BASELINE_ASSERTED_REQUIRES_LIVE_RECHECK,SHARED_REFERENCE,Spatial association remains deferred until governed settlement geometry exists.
align:nngla:place:NG-PLC-000406,PLACE,NGP-000406,NG-NAM-SET-000406,NG-PLC-000406,406,data/novegeo/nngla/geographic-identity-places/source/04_name_catalogues/settlement_name_catalogue.csv,e6598eb8f5ca85351c11fe23629ec834d6130428a200a046ac37ddab19a4b616,CANONICAL_IDENTITY_PRESERVED_FROM_LOCKED_SUFFIX_ALLOCATION,NO_ASSOCIABLE_GEOMETRY_SOURCE,,LOCKED_BASELINE_ASSERTED_REQUIRES_LIVE_RECHECK,SHARED_REFERENCE,Spatial association remains deferred until governed settlement geometry exists.
align:nngla:place:NG-PLC-000407,PLACE,NGP-000407,NG-NAM-SET-000407,NG-PLC-000407,407,data/novegeo/nngla/geographic-identity-places/source/04_name_catalogues/settlement_name_catalogue.csv,e6598eb8f5ca85351c11fe23629ec834d6130428a200a046ac37ddab19a4b616,CANONICAL_IDENTITY_PRESERVED_FROM_LOCKED_SUFFIX_ALLOCATION,NO_ASSOCIABLE_GEOMETRY_SOURCE,,LOCKED_BASELINE_ASSERTED_REQUIRES_LIVE_RECHECK,SHARED_REFERENCE,Spatial association remains deferred until governed settlement geometry exists.
align:nngla:place:NG-PLC-000408,PLACE,NGP-000408,NG-NAM-SET-000408,NG-PLC-000408,408,data/novegeo/nngla/geographic-identity-places/source/04_name_catalogues/settlement_name_catalogue.csv,e6598eb8f5ca85351c11fe23629ec834d6130428a200a046ac37ddab19a4b616,CANONICAL_IDENTITY_PRESERVED_FROM_LOCKED_SUFFIX_ALLOCATION,NO_ASSOCIABLE_GEOMETRY_SOURCE,,LOCKED_BASELINE_ASSERTED_REQUIRES_LIVE_RECHECK,SHARED_REFERENCE,Spatial association remains deferred until governed settlement geometry exists.
align:nngla:place:NG-PLC-000409,PLACE,NGP-000409,NG-NAM-SET-000409,NG-PLC-000409,409,data/novegeo/nngla/geographic-identity-places/source/04_name_catalogues/settlement_name_catalogue.csv,e6598eb8f5ca85351c11fe23629ec834d6130428a200a046ac37ddab19a4b616,CANONICAL_IDENTITY_PRESERVED_FROM_LOCKED_SUFFIX_ALLOCATION,NO_ASSOCIABLE_GEOMETRY_SOURCE,,LOCKED_BASELINE_ASSERTED_REQUIRES_LIVE_RECHECK,SHARED_REFERENCE,Spatial association remains deferred until governed settlement geometry exists.
align:nngla:place:NG-PLC-000410,PLACE,NGP-000410,NG-NAM-SET-000410,NG-PLC-000410,410,data/novegeo/nngla/geographic-identity-places/source/04_name_catalogues/settlement_name_catalogue.csv,e6598eb8f5ca85351c11fe23629ec834d6130428a200a046ac37ddab19a4b616,CANONICAL_IDENTITY_PRESERVED_FROM_LOCKED_SUFFIX_ALLOCATION,NO_ASSOCIABLE_GEOMETRY_SOURCE,,LOCKED_BASELINE_ASSERTED_REQUIRES_LIVE_RECHECK,SHARED_REFERENCE,Spatial association remains deferred until governed settlement geometry exists.
align:nngla:place:NG-PLC-000411,PLACE,NGP-000411,NG-NAM-SET-000411,NG-PLC-000411,411,data/novegeo/nngla/geographic-identity-places/source/04_name_catalogues/settlement_name_catalogue.csv,e6598eb8f5ca85351c11fe23629ec834d6130428a200a046ac37ddab19a4b616,CANONICAL_IDENTITY_PRESERVED_FROM_LOCKED_SUFFIX_ALLOCATION,NO_ASSOCIABLE_GEOMETRY_SOURCE,,LOCKED_BASELINE_ASSERTED_REQUIRES_LIVE_RECHECK,SHARED_REFERENCE,Spatial association remains deferred until governed settlement geometry exists.
align:nngla:place:NG-PLC-000412,PLACE,NGP-000412,NG-NAM-SET-000412,NG-PLC-000412,412,data/novegeo/nngla/geographic-identity-places/source/04_name_catalogues/settlement_name_catalogue.csv,e6598eb8f5ca85351c11fe23629ec834d6130428a200a046ac37ddab19a4b616,CANONICAL_IDENTITY_PRESERVED_FROM_LOCKED_SUFFIX_ALLOCATION,NO_ASSOCIABLE_GEOMETRY_SOURCE,,LOCKED_BASELINE_ASSERTED_REQUIRES_LIVE_RECHECK,SHARED_REFERENCE,Spatial association remains deferred until governed settlement geometry exists.
align:nngla:place:NG-PLC-000413,PLACE,NGP-000413,NG-NAM-SET-000413,NG-PLC-000413,413,data/novegeo/nngla/geographic-identity-places/source/04_name_catalogues/settlement_name_catalogue.csv,e6598eb8f5ca85351c11fe23629ec834d6130428a200a046ac37ddab19a4b616,CANONICAL_IDENTITY_PRESERVED_FROM_LOCKED_SUFFIX_ALLOCATION,NO_ASSOCIABLE_GEOMETRY_SOURCE,,LOCKED_BASELINE_ASSERTED_REQUIRES_LIVE_RECHECK,SHARED_REFERENCE,Spatial association remains deferred until governed settlement geometry exists.
align:nngla:place:NG-PLC-000414,PLACE,NGP-000414,NG-NAM-SET-000414,NG-PLC-000414,414,data/novegeo/nngla/geographic-identity-places/source/04_name_catalogues/settlement_name_catalogue.csv,e6598eb8f5ca85351c11fe23629ec834d6130428a200a046ac37ddab19a4b616,CANONICAL_IDENTITY_PRESERVED_FROM_LOCKED_SUFFIX_ALLOCATION,NO_ASSOCIABLE_GEOMETRY_SOURCE,,LOCKED_BASELINE_ASSERTED_REQUIRES_LIVE_RECHECK,SHARED_REFERENCE,Spatial association remains deferred until governed settlement geometry exists.
align:nngla:place:NG-PLC-000415,PLACE,NGP-000415,NG-NAM-SET-000415,NG-PLC-000415,415,data/novegeo/nngla/geographic-identity-places/source/04_name_catalogues/settlement_name_catalogue.csv,e6598eb8f5ca85351c11fe23629ec834d6130428a200a046ac37ddab19a4b616,CANONICAL_IDENTITY_PRESERVED_FROM_LOCKED_SUFFIX_ALLOCATION,NO_ASSOCIABLE_GEOMETRY_SOURCE,,LOCKED_BASELINE_ASSERTED_REQUIRES_LIVE_RECHECK,SHARED_REFERENCE,Spatial association remains deferred until governed settlement geometry exists.
align:nngla:place:NG-PLC-000416,PLACE,NGP-000416,NG-NAM-SET-000416,NG-PLC-000416,416,data/novegeo/nngla/geographic-identity-places/source/04_name_catalogues/settlement_name_catalogue.csv,e6598eb8f5ca85351c11fe23629ec834d6130428a200a046ac37ddab19a4b616,CANONICAL_IDENTITY_PRESERVED_FROM_LOCKED_SUFFIX_ALLOCATION,NO_ASSOCIABLE_GEOMETRY_SOURCE,,LOCKED_BASELINE_ASSERTED_REQUIRES_LIVE_RECHECK,SHARED_REFERENCE,Spatial association remains deferred until governed settlement geometry exists.
align:nngla:place:NG-PLC-000417,PLACE,NGP-000417,NG-NAM-SET-000417,NG-PLC-000417,417,data/novegeo/nngla/geographic-identity-places/source/04_name_catalogues/settlement_name_catalogue.csv,e6598eb8f5ca85351c11fe23629ec834d6130428a200a046ac37ddab19a4b616,CANONICAL_IDENTITY_PRESERVED_FROM_LOCKED_SUFFIX_ALLOCATION,NO_ASSOCIABLE_GEOMETRY_SOURCE,,LOCKED_BASELINE_ASSERTED_REQUIRES_LIVE_RECHECK,SHARED_REFERENCE,Spatial association remains deferred until governed settlement geometry exists.
align:nngla:place:NG-PLC-000418,PLACE,NGP-000418,NG-NAM-SET-000418,NG-PLC-000418,418,data/novegeo/nngla/geographic-identity-places/source/04_name_catalogues/settlement_name_catalogue.csv,e6598eb8f5ca85351c11fe23629ec834d6130428a200a046ac37ddab19a4b616,CANONICAL_IDENTITY_PRESERVED_FROM_LOCKED_SUFFIX_ALLOCATION,NO_ASSOCIABLE_GEOMETRY_SOURCE,,LOCKED_BASELINE_ASSERTED_REQUIRES_LIVE_RECHECK,SHARED_REFERENCE,Spatial association remains deferred until governed settlement geometry exists.
align:nngla:place:NG-PLC-000419,PLACE,NGP-000419,NG-NAM-SET-000419,NG-PLC-000419,419,data/novegeo/nngla/geographic-identity-places/source/04_name_catalogues/settlement_name_catalogue.csv,e6598eb8f5ca85351c11fe23629ec834d6130428a200a046ac37ddab19a4b616,CANONICAL_IDENTITY_PRESERVED_FROM_LOCKED_SUFFIX_ALLOCATION,NO_ASSOCIABLE_GEOMETRY_SOURCE,,LOCKED_BASELINE_ASSERTED_REQUIRES_LIVE_RECHECK,SHARED_REFERENCE,Spatial association remains deferred until governed settlement geometry exists.
align:nngla:place:NG-PLC-000420,PLACE,NGP-000420,NG-NAM-SET-000420,NG-PLC-000420,420,data/novegeo/nngla/geographic-identity-places/source/04_name_catalogues/settlement_name_catalogue.csv,e6598eb8f5ca85351c11fe23629ec834d6130428a200a046ac37ddab19a4b616,CANONICAL_IDENTITY_PRESERVED_FROM_LOCKED_SUFFIX_ALLOCATION,NO_ASSOCIABLE_GEOMETRY_SOURCE,,LOCKED_BASELINE_ASSERTED_REQUIRES_LIVE_RECHECK,SHARED_REFERENCE,Spatial association remains deferred until governed settlement geometry exists.
align:nngla:place:NG-PLC-000421,PLACE,NGP-000421,NG-NAM-SET-000421,NG-PLC-000421,421,data/novegeo/nngla/geographic-identity-places/source/04_name_catalogues/settlement_name_catalogue.csv,e6598eb8f5ca85351c11fe23629ec834d6130428a200a046ac37ddab19a4b616,CANONICAL_IDENTITY_PRESERVED_FROM_LOCKED_SUFFIX_ALLOCATION,NO_ASSOCIABLE_GEOMETRY_SOURCE,,LOCKED_BASELINE_ASSERTED_REQUIRES_LIVE_RECHECK,SHARED_REFERENCE,Spatial association remains deferred until governed settlement geometry exists.
align:nngla:place:NG-PLC-000422,PLACE,NGP-000422,NG-NAM-SET-000422,NG-PLC-000422,422,data/novegeo/nngla/geographic-identity-places/source/04_name_catalogues/settlement_name_catalogue.csv,e6598eb8f5ca85351c11fe23629ec834d6130428a200a046ac37ddab19a4b616,CANONICAL_IDENTITY_PRESERVED_FROM_LOCKED_SUFFIX_ALLOCATION,NO_ASSOCIABLE_GEOMETRY_SOURCE,,LOCKED_BASELINE_ASSERTED_REQUIRES_LIVE_RECHECK,SHARED_REFERENCE,Spatial association remains deferred until governed settlement geometry exists.
align:nngla:place:NG-PLC-000423,PLACE,NGP-000423,NG-NAM-SET-000423,NG-PLC-000423,423,data/novegeo/nngla/geographic-identity-places/source/04_name_catalogues/settlement_name_catalogue.csv,e6598eb8f5ca85351c11fe23629ec834d6130428a200a046ac37ddab19a4b616,CANONICAL_IDENTITY_PRESERVED_FROM_LOCKED_SUFFIX_ALLOCATION,NO_ASSOCIABLE_GEOMETRY_SOURCE,,LOCKED_BASELINE_ASSERTED_REQUIRES_LIVE_RECHECK,SHARED_REFERENCE,Spatial association remains deferred until governed settlement geometry exists.
align:nngla:place:NG-PLC-000424,PLACE,NGP-000424,NG-NAM-SET-000424,NG-PLC-000424,424,data/novegeo/nngla/geographic-identity-places/source/04_name_catalogues/settlement_name_catalogue.csv,e6598eb8f5ca85351c11fe23629ec834d6130428a200a046ac37ddab19a4b616,CANONICAL_IDENTITY_PRESERVED_FROM_LOCKED_SUFFIX_ALLOCATION,NO_ASSOCIABLE_GEOMETRY_SOURCE,,LOCKED_BASELINE_ASSERTED_REQUIRES_LIVE_RECHECK,SHARED_REFERENCE,Spatial association remains deferred until governed settlement geometry exists.
align:nngla:place:NG-PLC-000425,PLACE,NGP-000425,NG-NAM-SET-000425,NG-PLC-000425,425,data/novegeo/nngla/geographic-identity-places/source/04_name_catalogues/settlement_name_catalogue.csv,e6598eb8f5ca85351c11fe23629ec834d6130428a200a046ac37ddab19a4b616,CANONICAL_IDENTITY_PRESERVED_FROM_LOCKED_SUFFIX_ALLOCATION,NO_ASSOCIABLE_GEOMETRY_SOURCE,,LOCKED_BASELINE_ASSERTED_REQUIRES_LIVE_RECHECK,SHARED_REFERENCE,Spatial association remains deferred until governed settlement geometry exists.
align:nngla:place:NG-PLC-000426,PLACE,NGP-000426,NG-NAM-SET-000426,NG-PLC-000426,426,data/novegeo/nngla/geographic-identity-places/source/04_name_catalogues/settlement_name_catalogue.csv,e6598eb8f5ca85351c11fe23629ec834d6130428a200a046ac37ddab19a4b616,CANONICAL_IDENTITY_PRESERVED_FROM_LOCKED_SUFFIX_ALLOCATION,NO_ASSOCIABLE_GEOMETRY_SOURCE,,LOCKED_BASELINE_ASSERTED_REQUIRES_LIVE_RECHECK,SHARED_REFERENCE,Spatial association remains deferred until governed settlement geometry exists.
align:nngla:place:NG-PLC-000427,PLACE,NGP-000427,NG-NAM-SET-000427,NG-PLC-000427,427,data/novegeo/nngla/geographic-identity-places/source/04_name_catalogues/settlement_name_catalogue.csv,e6598eb8f5ca85351c11fe23629ec834d6130428a200a046ac37ddab19a4b616,CANONICAL_IDENTITY_PRESERVED_FROM_LOCKED_SUFFIX_ALLOCATION,NO_ASSOCIABLE_GEOMETRY_SOURCE,,LOCKED_BASELINE_ASSERTED_REQUIRES_LIVE_RECHECK,SHARED_REFERENCE,Spatial association remains deferred until governed settlement geometry exists.
align:nngla:place:NG-PLC-000428,PLACE,NGP-000428,NG-NAM-SET-000428,NG-PLC-000428,428,data/novegeo/nngla/geographic-identity-places/source/04_name_catalogues/settlement_name_catalogue.csv,e6598eb8f5ca85351c11fe23629ec834d6130428a200a046ac37ddab19a4b616,CANONICAL_IDENTITY_PRESERVED_FROM_LOCKED_SUFFIX_ALLOCATION,NO_ASSOCIABLE_GEOMETRY_SOURCE,,LOCKED_BASELINE_ASSERTED_REQUIRES_LIVE_RECHECK,SHARED_REFERENCE,Spatial association remains deferred until governed settlement geometry exists.
align:nngla:place:NG-PLC-000429,PLACE,NGP-000429,NG-NAM-SET-000429,NG-PLC-000429,429,data/novegeo/nngla/geographic-identity-places/source/04_name_catalogues/settlement_name_catalogue.csv,e6598eb8f5ca85351c11fe23629ec834d6130428a200a046ac37ddab19a4b616,CANONICAL_IDENTITY_PRESERVED_FROM_LOCKED_SUFFIX_ALLOCATION,NO_ASSOCIABLE_GEOMETRY_SOURCE,,LOCKED_BASELINE_ASSERTED_REQUIRES_LIVE_RECHECK,SHARED_REFERENCE,Spatial association remains deferred until governed settlement geometry exists.
align:nngla:place:NG-PLC-000430,PLACE,NGP-000430,NG-NAM-SET-000430,NG-PLC-000430,430,data/novegeo/nngla/geographic-identity-places/source/04_name_catalogues/settlement_name_catalogue.csv,e6598eb8f5ca85351c11fe23629ec834d6130428a200a046ac37ddab19a4b616,CANONICAL_IDENTITY_PRESERVED_FROM_LOCKED_SUFFIX_ALLOCATION,NO_ASSOCIABLE_GEOMETRY_SOURCE,,LOCKED_BASELINE_ASSERTED_REQUIRES_LIVE_RECHECK,SHARED_REFERENCE,Spatial association remains deferred until governed settlement geometry exists.
align:nngla:place:NG-PLC-000431,PLACE,NGP-000431,NG-NAM-SET-000431,NG-PLC-000431,431,data/novegeo/nngla/geographic-identity-places/source/04_name_catalogues/settlement_name_catalogue.csv,e6598eb8f5ca85351c11fe23629ec834d6130428a200a046ac37ddab19a4b616,CANONICAL_IDENTITY_PRESERVED_FROM_LOCKED_SUFFIX_ALLOCATION,NO_ASSOCIABLE_GEOMETRY_SOURCE,,LOCKED_BASELINE_ASSERTED_REQUIRES_LIVE_RECHECK,SHARED_REFERENCE,Spatial association remains deferred until governed settlement geometry exists.
align:nngla:place:NG-PLC-000432,PLACE,NGP-000432,NG-NAM-SET-000432,NG-PLC-000432,432,data/novegeo/nngla/geographic-identity-places/source/04_name_catalogues/settlement_name_catalogue.csv,e6598eb8f5ca85351c11fe23629ec834d6130428a200a046ac37ddab19a4b616,CANONICAL_IDENTITY_PRESERVED_FROM_LOCKED_SUFFIX_ALLOCATION,NO_ASSOCIABLE_GEOMETRY_SOURCE,,LOCKED_BASELINE_ASSERTED_REQUIRES_LIVE_RECHECK,SHARED_REFERENCE,Spatial association remains deferred until governed settlement geometry exists.
align:nngla:place:NG-PLC-000433,PLACE,NGP-000433,NG-NAM-SET-000433,NG-PLC-000433,433,data/novegeo/nngla/geographic-identity-places/source/04_name_catalogues/settlement_name_catalogue.csv,e6598eb8f5ca85351c11fe23629ec834d6130428a200a046ac37ddab19a4b616,CANONICAL_IDENTITY_PRESERVED_FROM_LOCKED_SUFFIX_ALLOCATION,NO_ASSOCIABLE_GEOMETRY_SOURCE,,LOCKED_BASELINE_ASSERTED_REQUIRES_LIVE_RECHECK,SHARED_REFERENCE,Spatial association remains deferred until governed settlement geometry exists.
align:nngla:place:NG-PLC-000434,PLACE,NGP-000434,NG-NAM-SET-000434,NG-PLC-000434,434,data/novegeo/nngla/geographic-identity-places/source/04_name_catalogues/settlement_name_catalogue.csv,e6598eb8f5ca85351c11fe23629ec834d6130428a200a046ac37ddab19a4b616,CANONICAL_IDENTITY_PRESERVED_FROM_LOCKED_SUFFIX_ALLOCATION,NO_ASSOCIABLE_GEOMETRY_SOURCE,,LOCKED_BASELINE_ASSERTED_REQUIRES_LIVE_RECHECK,SHARED_REFERENCE,Spatial association remains deferred until governed settlement geometry exists.
align:nngla:place:NG-PLC-000435,PLACE,NGP-000435,NG-NAM-SET-000435,NG-PLC-000435,435,data/novegeo/nngla/geographic-identity-places/source/04_name_catalogues/settlement_name_catalogue.csv,e6598eb8f5ca85351c11fe23629ec834d6130428a200a046ac37ddab19a4b616,CANONICAL_IDENTITY_PRESERVED_FROM_LOCKED_SUFFIX_ALLOCATION,NO_ASSOCIABLE_GEOMETRY_SOURCE,,LOCKED_BASELINE_ASSERTED_REQUIRES_LIVE_RECHECK,SHARED_REFERENCE,Spatial association remains deferred until governed settlement geometry exists.
align:nngla:place:NG-PLC-000436,PLACE,NGP-000436,NG-NAM-SET-000436,NG-PLC-000436,436,data/novegeo/nngla/geographic-identity-places/source/04_name_catalogues/settlement_name_catalogue.csv,e6598eb8f5ca85351c11fe23629ec834d6130428a200a046ac37ddab19a4b616,CANONICAL_IDENTITY_PRESERVED_FROM_LOCKED_SUFFIX_ALLOCATION,NO_ASSOCIABLE_GEOMETRY_SOURCE,,LOCKED_BASELINE_ASSERTED_REQUIRES_LIVE_RECHECK,SHARED_REFERENCE,Spatial association remains deferred until governed settlement geometry exists.
align:nngla:place:NG-PLC-000437,PLACE,NGP-000437,NG-NAM-SET-000437,NG-PLC-000437,437,data/novegeo/nngla/geographic-identity-places/source/04_name_catalogues/settlement_name_catalogue.csv,e6598eb8f5ca85351c11fe23629ec834d6130428a200a046ac37ddab19a4b616,CANONICAL_IDENTITY_PRESERVED_FROM_LOCKED_SUFFIX_ALLOCATION,NO_ASSOCIABLE_GEOMETRY_SOURCE,,LOCKED_BASELINE_ASSERTED_REQUIRES_LIVE_RECHECK,SHARED_REFERENCE,Spatial association remains deferred until governed settlement geometry exists.
align:nngla:place:NG-PLC-000438,PLACE,NGP-000438,NG-NAM-SET-000438,NG-PLC-000438,438,data/novegeo/nngla/geographic-identity-places/source/04_name_catalogues/settlement_name_catalogue.csv,e6598eb8f5ca85351c11fe23629ec834d6130428a200a046ac37ddab19a4b616,CANONICAL_IDENTITY_PRESERVED_FROM_LOCKED_SUFFIX_ALLOCATION,NO_ASSOCIABLE_GEOMETRY_SOURCE,,LOCKED_BASELINE_ASSERTED_REQUIRES_LIVE_RECHECK,SHARED_REFERENCE,Spatial association remains deferred until governed settlement geometry exists.
align:nngla:place:NG-PLC-000439,PLACE,NGP-000439,NG-NAM-SET-000439,NG-PLC-000439,439,data/novegeo/nngla/geographic-identity-places/source/04_name_catalogues/settlement_name_catalogue.csv,e6598eb8f5ca85351c11fe23629ec834d6130428a200a046ac37ddab19a4b616,CANONICAL_IDENTITY_PRESERVED_FROM_LOCKED_SUFFIX_ALLOCATION,NO_ASSOCIABLE_GEOMETRY_SOURCE,,LOCKED_BASELINE_ASSERTED_REQUIRES_LIVE_RECHECK,SHARED_REFERENCE,Spatial association remains deferred until governed settlement geometry exists.
align:nngla:place:NG-PLC-000440,PLACE,NGP-000440,NG-NAM-SET-000440,NG-PLC-000440,440,data/novegeo/nngla/geographic-identity-places/source/04_name_catalogues/settlement_name_catalogue.csv,e6598eb8f5ca85351c11fe23629ec834d6130428a200a046ac37ddab19a4b616,CANONICAL_IDENTITY_PRESERVED_FROM_LOCKED_SUFFIX_ALLOCATION,NO_ASSOCIABLE_GEOMETRY_SOURCE,,LOCKED_BASELINE_ASSERTED_REQUIRES_LIVE_RECHECK,SHARED_REFERENCE,Spatial association remains deferred until governed settlement geometry exists.
align:nngla:place:NG-PLC-000441,PLACE,NGP-000441,NG-NAM-SET-000441,NG-PLC-000441,441,data/novegeo/nngla/geographic-identity-places/source/04_name_catalogues/settlement_name_catalogue.csv,e6598eb8f5ca85351c11fe23629ec834d6130428a200a046ac37ddab19a4b616,CANONICAL_IDENTITY_PRESERVED_FROM_LOCKED_SUFFIX_ALLOCATION,NO_ASSOCIABLE_GEOMETRY_SOURCE,,LOCKED_BASELINE_ASSERTED_REQUIRES_LIVE_RECHECK,SHARED_REFERENCE,Spatial association remains deferred until governed settlement geometry exists.
align:nngla:place:NG-PLC-000442,PLACE,NGP-000442,NG-NAM-SET-000442,NG-PLC-000442,442,data/novegeo/nngla/geographic-identity-places/source/04_name_catalogues/settlement_name_catalogue.csv,e6598eb8f5ca85351c11fe23629ec834d6130428a200a046ac37ddab19a4b616,CANONICAL_IDENTITY_PRESERVED_FROM_LOCKED_SUFFIX_ALLOCATION,NO_ASSOCIABLE_GEOMETRY_SOURCE,,LOCKED_BASELINE_ASSERTED_REQUIRES_LIVE_RECHECK,SHARED_REFERENCE,Spatial association remains deferred until governed settlement geometry exists.
align:nngla:place:NG-PLC-000443,PLACE,NGP-000443,NG-NAM-SET-000443,NG-PLC-000443,443,data/novegeo/nngla/geographic-identity-places/source/04_name_catalogues/settlement_name_catalogue.csv,e6598eb8f5ca85351c11fe23629ec834d6130428a200a046ac37ddab19a4b616,CANONICAL_IDENTITY_PRESERVED_FROM_LOCKED_SUFFIX_ALLOCATION,NO_ASSOCIABLE_GEOMETRY_SOURCE,,LOCKED_BASELINE_ASSERTED_REQUIRES_LIVE_RECHECK,SHARED_REFERENCE,Spatial association remains deferred until governed settlement geometry exists.
align:nngla:place:NG-PLC-000444,PLACE,NGP-000444,NG-NAM-SET-000444,NG-PLC-000444,444,data/novegeo/nngla/geographic-identity-places/source/04_name_catalogues/settlement_name_catalogue.csv,e6598eb8f5ca85351c11fe23629ec834d6130428a200a046ac37ddab19a4b616,CANONICAL_IDENTITY_PRESERVED_FROM_LOCKED_SUFFIX_ALLOCATION,NO_ASSOCIABLE_GEOMETRY_SOURCE,,LOCKED_BASELINE_ASSERTED_REQUIRES_LIVE_RECHECK,SHARED_REFERENCE,Spatial association remains deferred until governed settlement geometry exists.
align:nngla:place:NG-PLC-000445,PLACE,NGP-000445,NG-NAM-SET-000445,NG-PLC-000445,445,data/novegeo/nngla/geographic-identity-places/source/04_name_catalogues/settlement_name_catalogue.csv,e6598eb8f5ca85351c11fe23629ec834d6130428a200a046ac37ddab19a4b616,CANONICAL_IDENTITY_PRESERVED_FROM_LOCKED_SUFFIX_ALLOCATION,NO_ASSOCIABLE_GEOMETRY_SOURCE,,LOCKED_BASELINE_ASSERTED_REQUIRES_LIVE_RECHECK,SHARED_REFERENCE,Spatial association remains deferred until governed settlement geometry exists.
align:nngla:place:NG-PLC-000446,PLACE,NGP-000446,NG-NAM-SET-000446,NG-PLC-000446,446,data/novegeo/nngla/geographic-identity-places/source/04_name_catalogues/settlement_name_catalogue.csv,e6598eb8f5ca85351c11fe23629ec834d6130428a200a046ac37ddab19a4b616,CANONICAL_IDENTITY_PRESERVED_FROM_LOCKED_SUFFIX_ALLOCATION,NO_ASSOCIABLE_GEOMETRY_SOURCE,,LOCKED_BASELINE_ASSERTED_REQUIRES_LIVE_RECHECK,SHARED_REFERENCE,Spatial association remains deferred until governed settlement geometry exists.
align:nngla:place:NG-PLC-000447,PLACE,NGP-000447,NG-NAM-SET-000447,NG-PLC-000447,447,data/novegeo/nngla/geographic-identity-places/source/04_name_catalogues/settlement_name_catalogue.csv,e6598eb8f5ca85351c11fe23629ec834d6130428a200a046ac37ddab19a4b616,CANONICAL_IDENTITY_PRESERVED_FROM_LOCKED_SUFFIX_ALLOCATION,NO_ASSOCIABLE_GEOMETRY_SOURCE,,LOCKED_BASELINE_ASSERTED_REQUIRES_LIVE_RECHECK,SHARED_REFERENCE,Spatial association remains deferred until governed settlement geometry exists.
align:nngla:place:NG-PLC-000448,PLACE,NGP-000448,NG-NAM-SET-000448,NG-PLC-000448,448,data/novegeo/nngla/geographic-identity-places/source/04_name_catalogues/settlement_name_catalogue.csv,e6598eb8f5ca85351c11fe23629ec834d6130428a200a046ac37ddab19a4b616,CANONICAL_IDENTITY_PRESERVED_FROM_LOCKED_SUFFIX_ALLOCATION,NO_ASSOCIABLE_GEOMETRY_SOURCE,,LOCKED_BASELINE_ASSERTED_REQUIRES_LIVE_RECHECK,SHARED_REFERENCE,Spatial association remains deferred until governed settlement geometry exists.
align:nngla:place:NG-PLC-000449,PLACE,NGP-000449,NG-NAM-SET-000449,NG-PLC-000449,449,data/novegeo/nngla/geographic-identity-places/source/04_name_catalogues/settlement_name_catalogue.csv,e6598eb8f5ca85351c11fe23629ec834d6130428a200a046ac37ddab19a4b616,CANONICAL_IDENTITY_PRESERVED_FROM_LOCKED_SUFFIX_ALLOCATION,NO_ASSOCIABLE_GEOMETRY_SOURCE,,LOCKED_BASELINE_ASSERTED_REQUIRES_LIVE_RECHECK,SHARED_REFERENCE,Spatial association remains deferred until governed settlement geometry exists.
align:nngla:place:NG-PLC-000450,PLACE,NGP-000450,NG-NAM-SET-000450,NG-PLC-000450,450,data/novegeo/nngla/geographic-identity-places/source/04_name_catalogues/settlement_name_catalogue.csv,e6598eb8f5ca85351c11fe23629ec834d6130428a200a046ac37ddab19a4b616,CANONICAL_IDENTITY_PRESERVED_FROM_LOCKED_SUFFIX_ALLOCATION,NO_ASSOCIABLE_GEOMETRY_SOURCE,,LOCKED_BASELINE_ASSERTED_REQUIRES_LIVE_RECHECK,SHARED_REFERENCE,Spatial association remains deferred until governed settlement geometry exists.
align:nngla:place:NG-PLC-000451,PLACE,NGP-000451,NG-NAM-SET-000451,NG-PLC-000451,451,data/novegeo/nngla/geographic-identity-places/source/04_name_catalogues/settlement_name_catalogue.csv,e6598eb8f5ca85351c11fe23629ec834d6130428a200a046ac37ddab19a4b616,CANONICAL_IDENTITY_PRESERVED_FROM_LOCKED_SUFFIX_ALLOCATION,NO_ASSOCIABLE_GEOMETRY_SOURCE,,LOCKED_BASELINE_ASSERTED_REQUIRES_LIVE_RECHECK,SHARED_REFERENCE,Spatial association remains deferred until governed settlement geometry exists.
align:nngla:place:NG-PLC-000452,PLACE,NGP-000452,NG-NAM-SET-000452,NG-PLC-000452,452,data/novegeo/nngla/geographic-identity-places/source/04_name_catalogues/settlement_name_catalogue.csv,e6598eb8f5ca85351c11fe23629ec834d6130428a200a046ac37ddab19a4b616,CANONICAL_IDENTITY_PRESERVED_FROM_LOCKED_SUFFIX_ALLOCATION,NO_ASSOCIABLE_GEOMETRY_SOURCE,,LOCKED_BASELINE_ASSERTED_REQUIRES_LIVE_RECHECK,SHARED_REFERENCE,Spatial association remains deferred until governed settlement geometry exists.
align:nngla:place:NG-PLC-000453,PLACE,NGP-000453,NG-NAM-SET-000453,NG-PLC-000453,453,data/novegeo/nngla/geographic-identity-places/source/04_name_catalogues/settlement_name_catalogue.csv,e6598eb8f5ca85351c11fe23629ec834d6130428a200a046ac37ddab19a4b616,CANONICAL_IDENTITY_PRESERVED_FROM_LOCKED_SUFFIX_ALLOCATION,NO_ASSOCIABLE_GEOMETRY_SOURCE,,LOCKED_BASELINE_ASSERTED_REQUIRES_LIVE_RECHECK,SHARED_REFERENCE,Spatial association remains deferred until governed settlement geometry exists.
align:nngla:place:NG-PLC-000454,PLACE,NGP-000454,NG-NAM-SET-000454,NG-PLC-000454,454,data/novegeo/nngla/geographic-identity-places/source/04_name_catalogues/settlement_name_catalogue.csv,e6598eb8f5ca85351c11fe23629ec834d6130428a200a046ac37ddab19a4b616,CANONICAL_IDENTITY_PRESERVED_FROM_LOCKED_SUFFIX_ALLOCATION,NO_ASSOCIABLE_GEOMETRY_SOURCE,,LOCKED_BASELINE_ASSERTED_REQUIRES_LIVE_RECHECK,SHARED_REFERENCE,Spatial association remains deferred until governed settlement geometry exists.
align:nngla:place:NG-PLC-000455,PLACE,NGP-000455,NG-NAM-SET-000455,NG-PLC-000455,455,data/novegeo/nngla/geographic-identity-places/source/04_name_catalogues/settlement_name_catalogue.csv,e6598eb8f5ca85351c11fe23629ec834d6130428a200a046ac37ddab19a4b616,CANONICAL_IDENTITY_PRESERVED_FROM_LOCKED_SUFFIX_ALLOCATION,NO_ASSOCIABLE_GEOMETRY_SOURCE,,LOCKED_BASELINE_ASSERTED_REQUIRES_LIVE_RECHECK,SHARED_REFERENCE,Spatial association remains deferred until governed settlement geometry exists.
align:nngla:place:NG-PLC-000456,PLACE,NGP-000456,NG-NAM-SET-000456,NG-PLC-000456,456,data/novegeo/nngla/geographic-identity-places/source/04_name_catalogues/settlement_name_catalogue.csv,e6598eb8f5ca85351c11fe23629ec834d6130428a200a046ac37ddab19a4b616,CANONICAL_IDENTITY_PRESERVED_FROM_LOCKED_SUFFIX_ALLOCATION,NO_ASSOCIABLE_GEOMETRY_SOURCE,,LOCKED_BASELINE_ASSERTED_REQUIRES_LIVE_RECHECK,SHARED_REFERENCE,Spatial association remains deferred until governed settlement geometry exists.
align:nngla:place:NG-PLC-000457,PLACE,NGP-000457,NG-NAM-SET-000457,NG-PLC-000457,457,data/novegeo/nngla/geographic-identity-places/source/04_name_catalogues/settlement_name_catalogue.csv,e6598eb8f5ca85351c11fe23629ec834d6130428a200a046ac37ddab19a4b616,CANONICAL_IDENTITY_PRESERVED_FROM_LOCKED_SUFFIX_ALLOCATION,NO_ASSOCIABLE_GEOMETRY_SOURCE,,LOCKED_BASELINE_ASSERTED_REQUIRES_LIVE_RECHECK,SHARED_REFERENCE,Spatial association remains deferred until governed settlement geometry exists.
align:nngla:place:NG-PLC-000458,PLACE,NGP-000458,NG-NAM-SET-000458,NG-PLC-000458,458,data/novegeo/nngla/geographic-identity-places/source/04_name_catalogues/settlement_name_catalogue.csv,e6598eb8f5ca85351c11fe23629ec834d6130428a200a046ac37ddab19a4b616,CANONICAL_IDENTITY_PRESERVED_FROM_LOCKED_SUFFIX_ALLOCATION,NO_ASSOCIABLE_GEOMETRY_SOURCE,,LOCKED_BASELINE_ASSERTED_REQUIRES_LIVE_RECHECK,SHARED_REFERENCE,Spatial association remains deferred until governed settlement geometry exists.
align:nngla:place:NG-PLC-000459,PLACE,NGP-000459,NG-NAM-SET-000459,NG-PLC-000459,459,data/novegeo/nngla/geographic-identity-places/source/04_name_catalogues/settlement_name_catalogue.csv,e6598eb8f5ca85351c11fe23629ec834d6130428a200a046ac37ddab19a4b616,CANONICAL_IDENTITY_PRESERVED_FROM_LOCKED_SUFFIX_ALLOCATION,NO_ASSOCIABLE_GEOMETRY_SOURCE,,LOCKED_BASELINE_ASSERTED_REQUIRES_LIVE_RECHECK,SHARED_REFERENCE,Spatial association remains deferred until governed settlement geometry exists.
align:nngla:place:NG-PLC-000460,PLACE,NGP-000460,NG-NAM-SET-000460,NG-PLC-000460,460,data/novegeo/nngla/geographic-identity-places/source/04_name_catalogues/settlement_name_catalogue.csv,e6598eb8f5ca85351c11fe23629ec834d6130428a200a046ac37ddab19a4b616,CANONICAL_IDENTITY_PRESERVED_FROM_LOCKED_SUFFIX_ALLOCATION,NO_ASSOCIABLE_GEOMETRY_SOURCE,,LOCKED_BASELINE_ASSERTED_REQUIRES_LIVE_RECHECK,SHARED_REFERENCE,Spatial association remains deferred until governed settlement geometry exists.
align:nngla:place:NG-PLC-000461,PLACE,NGP-000461,NG-NAM-SET-000461,NG-PLC-000461,461,data/novegeo/nngla/geographic-identity-places/source/04_name_catalogues/settlement_name_catalogue.csv,e6598eb8f5ca85351c11fe23629ec834d6130428a200a046ac37ddab19a4b616,CANONICAL_IDENTITY_PRESERVED_FROM_LOCKED_SUFFIX_ALLOCATION,NO_ASSOCIABLE_GEOMETRY_SOURCE,,LOCKED_BASELINE_ASSERTED_REQUIRES_LIVE_RECHECK,SHARED_REFERENCE,Spatial association remains deferred until governed settlement geometry exists.
align:nngla:place:NG-PLC-000462,PLACE,NGP-000462,NG-NAM-SET-000462,NG-PLC-000462,462,data/novegeo/nngla/geographic-identity-places/source/04_name_catalogues/settlement_name_catalogue.csv,e6598eb8f5ca85351c11fe23629ec834d6130428a200a046ac37ddab19a4b616,CANONICAL_IDENTITY_PRESERVED_FROM_LOCKED_SUFFIX_ALLOCATION,NO_ASSOCIABLE_GEOMETRY_SOURCE,,LOCKED_BASELINE_ASSERTED_REQUIRES_LIVE_RECHECK,SHARED_REFERENCE,Spatial association remains deferred until governed settlement geometry exists.
align:nngla:place:NG-PLC-000463,PLACE,NGP-000463,NG-NAM-SET-000463,NG-PLC-000463,463,data/novegeo/nngla/geographic-identity-places/source/04_name_catalogues/settlement_name_catalogue.csv,e6598eb8f5ca85351c11fe23629ec834d6130428a200a046ac37ddab19a4b616,CANONICAL_IDENTITY_PRESERVED_FROM_LOCKED_SUFFIX_ALLOCATION,NO_ASSOCIABLE_GEOMETRY_SOURCE,,LOCKED_BASELINE_ASSERTED_REQUIRES_LIVE_RECHECK,SHARED_REFERENCE,Spatial association remains deferred until governed settlement geometry exists.
align:nngla:place:NG-PLC-000464,PLACE,NGP-000464,NG-NAM-SET-000464,NG-PLC-000464,464,data/novegeo/nngla/geographic-identity-places/source/04_name_catalogues/settlement_name_catalogue.csv,e6598eb8f5ca85351c11fe23629ec834d6130428a200a046ac37ddab19a4b616,CANONICAL_IDENTITY_PRESERVED_FROM_LOCKED_SUFFIX_ALLOCATION,NO_ASSOCIABLE_GEOMETRY_SOURCE,,LOCKED_BASELINE_ASSERTED_REQUIRES_LIVE_RECHECK,SHARED_REFERENCE,Spatial association remains deferred until governed settlement geometry exists.
align:nngla:place:NG-PLC-000465,PLACE,NGP-000465,NG-NAM-SET-000465,NG-PLC-000465,465,data/novegeo/nngla/geographic-identity-places/source/04_name_catalogues/settlement_name_catalogue.csv,e6598eb8f5ca85351c11fe23629ec834d6130428a200a046ac37ddab19a4b616,CANONICAL_IDENTITY_PRESERVED_FROM_LOCKED_SUFFIX_ALLOCATION,NO_ASSOCIABLE_GEOMETRY_SOURCE,,LOCKED_BASELINE_ASSERTED_REQUIRES_LIVE_RECHECK,SHARED_REFERENCE,Spatial association remains deferred until governed settlement geometry exists.
align:nngla:place:NG-PLC-000466,PLACE,NGP-000466,NG-NAM-SET-000466,NG-PLC-000466,466,data/novegeo/nngla/geographic-identity-places/source/04_name_catalogues/settlement_name_catalogue.csv,e6598eb8f5ca85351c11fe23629ec834d6130428a200a046ac37ddab19a4b616,CANONICAL_IDENTITY_PRESERVED_FROM_LOCKED_SUFFIX_ALLOCATION,NO_ASSOCIABLE_GEOMETRY_SOURCE,,LOCKED_BASELINE_ASSERTED_REQUIRES_LIVE_RECHECK,SHARED_REFERENCE,Spatial association remains deferred until governed settlement geometry exists.
align:nngla:place:NG-PLC-000467,PLACE,NGP-000467,NG-NAM-SET-000467,NG-PLC-000467,467,data/novegeo/nngla/geographic-identity-places/source/04_name_catalogues/settlement_name_catalogue.csv,e6598eb8f5ca85351c11fe23629ec834d6130428a200a046ac37ddab19a4b616,CANONICAL_IDENTITY_PRESERVED_FROM_LOCKED_SUFFIX_ALLOCATION,NO_ASSOCIABLE_GEOMETRY_SOURCE,,LOCKED_BASELINE_ASSERTED_REQUIRES_LIVE_RECHECK,SHARED_REFERENCE,Spatial association remains deferred until governed settlement geometry exists.
align:nngla:place:NG-PLC-000468,PLACE,NGP-000468,NG-NAM-SET-000468,NG-PLC-000468,468,data/novegeo/nngla/geographic-identity-places/source/04_name_catalogues/settlement_name_catalogue.csv,e6598eb8f5ca85351c11fe23629ec834d6130428a200a046ac37ddab19a4b616,CANONICAL_IDENTITY_PRESERVED_FROM_LOCKED_SUFFIX_ALLOCATION,NO_ASSOCIABLE_GEOMETRY_SOURCE,,LOCKED_BASELINE_ASSERTED_REQUIRES_LIVE_RECHECK,SHARED_REFERENCE,Spatial association remains deferred until governed settlement geometry exists.
align:nngla:place:NG-PLC-000469,PLACE,NGP-000469,NG-NAM-SET-000469,NG-PLC-000469,469,data/novegeo/nngla/geographic-identity-places/source/04_name_catalogues/settlement_name_catalogue.csv,e6598eb8f5ca85351c11fe23629ec834d6130428a200a046ac37ddab19a4b616,CANONICAL_IDENTITY_PRESERVED_FROM_LOCKED_SUFFIX_ALLOCATION,NO_ASSOCIABLE_GEOMETRY_SOURCE,,LOCKED_BASELINE_ASSERTED_REQUIRES_LIVE_RECHECK,SHARED_REFERENCE,Spatial association remains deferred until governed settlement geometry exists.
align:nngla:place:NG-PLC-000470,PLACE,NGP-000470,NG-NAM-SET-000470,NG-PLC-000470,470,data/novegeo/nngla/geographic-identity-places/source/04_name_catalogues/settlement_name_catalogue.csv,e6598eb8f5ca85351c11fe23629ec834d6130428a200a046ac37ddab19a4b616,CANONICAL_IDENTITY_PRESERVED_FROM_LOCKED_SUFFIX_ALLOCATION,NO_ASSOCIABLE_GEOMETRY_SOURCE,,LOCKED_BASELINE_ASSERTED_REQUIRES_LIVE_RECHECK,SHARED_REFERENCE,Spatial association remains deferred until governed settlement geometry exists.
align:nngla:place:NG-PLC-000471,PLACE,NGP-000471,NG-NAM-SET-000471,NG-PLC-000471,471,data/novegeo/nngla/geographic-identity-places/source/04_name_catalogues/settlement_name_catalogue.csv,e6598eb8f5ca85351c11fe23629ec834d6130428a200a046ac37ddab19a4b616,CANONICAL_IDENTITY_PRESERVED_FROM_LOCKED_SUFFIX_ALLOCATION,NO_ASSOCIABLE_GEOMETRY_SOURCE,,LOCKED_BASELINE_ASSERTED_REQUIRES_LIVE_RECHECK,SHARED_REFERENCE,Spatial association remains deferred until governed settlement geometry exists.
align:nngla:place:NG-PLC-000472,PLACE,NGP-000472,NG-NAM-SET-000472,NG-PLC-000472,472,data/novegeo/nngla/geographic-identity-places/source/04_name_catalogues/settlement_name_catalogue.csv,e6598eb8f5ca85351c11fe23629ec834d6130428a200a046ac37ddab19a4b616,CANONICAL_IDENTITY_PRESERVED_FROM_LOCKED_SUFFIX_ALLOCATION,NO_ASSOCIABLE_GEOMETRY_SOURCE,,LOCKED_BASELINE_ASSERTED_REQUIRES_LIVE_RECHECK,SHARED_REFERENCE,Spatial association remains deferred until governed settlement geometry exists.
align:nngla:place:NG-PLC-000473,PLACE,NGP-000473,NG-NAM-SET-000473,NG-PLC-000473,473,data/novegeo/nngla/geographic-identity-places/source/04_name_catalogues/settlement_name_catalogue.csv,e6598eb8f5ca85351c11fe23629ec834d6130428a200a046ac37ddab19a4b616,CANONICAL_IDENTITY_PRESERVED_FROM_LOCKED_SUFFIX_ALLOCATION,NO_ASSOCIABLE_GEOMETRY_SOURCE,,LOCKED_BASELINE_ASSERTED_REQUIRES_LIVE_RECHECK,SHARED_REFERENCE,Spatial association remains deferred until governed settlement geometry exists.
align:nngla:place:NG-PLC-000474,PLACE,NGP-000474,NG-NAM-SET-000474,NG-PLC-000474,474,data/novegeo/nngla/geographic-identity-places/source/04_name_catalogues/settlement_name_catalogue.csv,e6598eb8f5ca85351c11fe23629ec834d6130428a200a046ac37ddab19a4b616,CANONICAL_IDENTITY_PRESERVED_FROM_LOCKED_SUFFIX_ALLOCATION,NO_ASSOCIABLE_GEOMETRY_SOURCE,,LOCKED_BASELINE_ASSERTED_REQUIRES_LIVE_RECHECK,SHARED_REFERENCE,Spatial association remains deferred until governed settlement geometry exists.
align:nngla:place:NG-PLC-000475,PLACE,NGP-000475,NG-NAM-SET-000475,NG-PLC-000475,475,data/novegeo/nngla/geographic-identity-places/source/04_name_catalogues/settlement_name_catalogue.csv,e6598eb8f5ca85351c11fe23629ec834d6130428a200a046ac37ddab19a4b616,CANONICAL_IDENTITY_PRESERVED_FROM_LOCKED_SUFFIX_ALLOCATION,NO_ASSOCIABLE_GEOMETRY_SOURCE,,LOCKED_BASELINE_ASSERTED_REQUIRES_LIVE_RECHECK,SHARED_REFERENCE,Spatial association remains deferred until governed settlement geometry exists.
align:nngla:place:NG-PLC-000476,PLACE,NGP-000476,NG-NAM-SET-000476,NG-PLC-000476,476,data/novegeo/nngla/geographic-identity-places/source/04_name_catalogues/settlement_name_catalogue.csv,e6598eb8f5ca85351c11fe23629ec834d6130428a200a046ac37ddab19a4b616,CANONICAL_IDENTITY_PRESERVED_FROM_LOCKED_SUFFIX_ALLOCATION,NO_ASSOCIABLE_GEOMETRY_SOURCE,,LOCKED_BASELINE_ASSERTED_REQUIRES_LIVE_RECHECK,SHARED_REFERENCE,Spatial association remains deferred until governed settlement geometry exists.
align:nngla:place:NG-PLC-000477,PLACE,NGP-000477,NG-NAM-SET-000477,NG-PLC-000477,477,data/novegeo/nngla/geographic-identity-places/source/04_name_catalogues/settlement_name_catalogue.csv,e6598eb8f5ca85351c11fe23629ec834d6130428a200a046ac37ddab19a4b616,CANONICAL_IDENTITY_PRESERVED_FROM_LOCKED_SUFFIX_ALLOCATION,NO_ASSOCIABLE_GEOMETRY_SOURCE,,LOCKED_BASELINE_ASSERTED_REQUIRES_LIVE_RECHECK,SHARED_REFERENCE,Spatial association remains deferred until governed settlement geometry exists.
align:nngla:place:NG-PLC-000478,PLACE,NGP-000478,NG-NAM-SET-000478,NG-PLC-000478,478,data/novegeo/nngla/geographic-identity-places/source/04_name_catalogues/settlement_name_catalogue.csv,e6598eb8f5ca85351c11fe23629ec834d6130428a200a046ac37ddab19a4b616,CANONICAL_IDENTITY_PRESERVED_FROM_LOCKED_SUFFIX_ALLOCATION,NO_ASSOCIABLE_GEOMETRY_SOURCE,,LOCKED_BASELINE_ASSERTED_REQUIRES_LIVE_RECHECK,SHARED_REFERENCE,Spatial association remains deferred until governed settlement geometry exists.
align:nngla:place:NG-PLC-000479,PLACE,NGP-000479,NG-NAM-SET-000479,NG-PLC-000479,479,data/novegeo/nngla/geographic-identity-places/source/04_name_catalogues/settlement_name_catalogue.csv,e6598eb8f5ca85351c11fe23629ec834d6130428a200a046ac37ddab19a4b616,CANONICAL_IDENTITY_PRESERVED_FROM_LOCKED_SUFFIX_ALLOCATION,NO_ASSOCIABLE_GEOMETRY_SOURCE,,LOCKED_BASELINE_ASSERTED_REQUIRES_LIVE_RECHECK,SHARED_REFERENCE,Spatial association remains deferred until governed settlement geometry exists.
align:nngla:place:NG-PLC-000480,PLACE,NGP-000480,NG-NAM-SET-000480,NG-PLC-000480,480,data/novegeo/nngla/geographic-identity-places/source/04_name_catalogues/settlement_name_catalogue.csv,e6598eb8f5ca85351c11fe23629ec834d6130428a200a046ac37ddab19a4b616,CANONICAL_IDENTITY_PRESERVED_FROM_LOCKED_SUFFIX_ALLOCATION,NO_ASSOCIABLE_GEOMETRY_SOURCE,,LOCKED_BASELINE_ASSERTED_REQUIRES_LIVE_RECHECK,SHARED_REFERENCE,Spatial association remains deferred until governed settlement geometry exists.
align:nngla:place:NG-PLC-000481,PLACE,NGP-000481,NG-NAM-SET-000481,NG-PLC-000481,481,data/novegeo/nngla/geographic-identity-places/source/04_name_catalogues/settlement_name_catalogue.csv,e6598eb8f5ca85351c11fe23629ec834d6130428a200a046ac37ddab19a4b616,CANONICAL_IDENTITY_PRESERVED_FROM_LOCKED_SUFFIX_ALLOCATION,NO_ASSOCIABLE_GEOMETRY_SOURCE,,LOCKED_BASELINE_ASSERTED_REQUIRES_LIVE_RECHECK,SHARED_REFERENCE,Spatial association remains deferred until governed settlement geometry exists.
align:nngla:place:NG-PLC-000482,PLACE,NGP-000482,NG-NAM-SET-000482,NG-PLC-000482,482,data/novegeo/nngla/geographic-identity-places/source/04_name_catalogues/settlement_name_catalogue.csv,e6598eb8f5ca85351c11fe23629ec834d6130428a200a046ac37ddab19a4b616,CANONICAL_IDENTITY_PRESERVED_FROM_LOCKED_SUFFIX_ALLOCATION,NO_ASSOCIABLE_GEOMETRY_SOURCE,,LOCKED_BASELINE_ASSERTED_REQUIRES_LIVE_RECHECK,SHARED_REFERENCE,Spatial association remains deferred until governed settlement geometry exists.
align:nngla:place:NG-PLC-000483,PLACE,NGP-000483,NG-NAM-SET-000483,NG-PLC-000483,483,data/novegeo/nngla/geographic-identity-places/source/04_name_catalogues/settlement_name_catalogue.csv,e6598eb8f5ca85351c11fe23629ec834d6130428a200a046ac37ddab19a4b616,CANONICAL_IDENTITY_PRESERVED_FROM_LOCKED_SUFFIX_ALLOCATION,NO_ASSOCIABLE_GEOMETRY_SOURCE,,LOCKED_BASELINE_ASSERTED_REQUIRES_LIVE_RECHECK,SHARED_REFERENCE,Spatial association remains deferred until governed settlement geometry exists.
align:nngla:place:NG-PLC-000484,PLACE,NGP-000484,NG-NAM-SET-000484,NG-PLC-000484,484,data/novegeo/nngla/geographic-identity-places/source/04_name_catalogues/settlement_name_catalogue.csv,e6598eb8f5ca85351c11fe23629ec834d6130428a200a046ac37ddab19a4b616,CANONICAL_IDENTITY_PRESERVED_FROM_LOCKED_SUFFIX_ALLOCATION,NO_ASSOCIABLE_GEOMETRY_SOURCE,,LOCKED_BASELINE_ASSERTED_REQUIRES_LIVE_RECHECK,SHARED_REFERENCE,Spatial association remains deferred until governed settlement geometry exists.
align:nngla:place:NG-PLC-000485,PLACE,NGP-000485,NG-NAM-SET-000485,NG-PLC-000485,485,data/novegeo/nngla/geographic-identity-places/source/04_name_catalogues/settlement_name_catalogue.csv,e6598eb8f5ca85351c11fe23629ec834d6130428a200a046ac37ddab19a4b616,CANONICAL_IDENTITY_PRESERVED_FROM_LOCKED_SUFFIX_ALLOCATION,NO_ASSOCIABLE_GEOMETRY_SOURCE,,LOCKED_BASELINE_ASSERTED_REQUIRES_LIVE_RECHECK,SHARED_REFERENCE,Spatial association remains deferred until governed settlement geometry exists.
align:nngla:place:NG-PLC-000486,PLACE,NGP-000486,NG-NAM-SET-000486,NG-PLC-000486,486,data/novegeo/nngla/geographic-identity-places/source/04_name_catalogues/settlement_name_catalogue.csv,e6598eb8f5ca85351c11fe23629ec834d6130428a200a046ac37ddab19a4b616,CANONICAL_IDENTITY_PRESERVED_FROM_LOCKED_SUFFIX_ALLOCATION,NO_ASSOCIABLE_GEOMETRY_SOURCE,,LOCKED_BASELINE_ASSERTED_REQUIRES_LIVE_RECHECK,SHARED_REFERENCE,Spatial association remains deferred until governed settlement geometry exists.
align:nngla:place:NG-PLC-000487,PLACE,NGP-000487,NG-NAM-SET-000487,NG-PLC-000487,487,data/novegeo/nngla/geographic-identity-places/source/04_name_catalogues/settlement_name_catalogue.csv,e6598eb8f5ca85351c11fe23629ec834d6130428a200a046ac37ddab19a4b616,CANONICAL_IDENTITY_PRESERVED_FROM_LOCKED_SUFFIX_ALLOCATION,NO_ASSOCIABLE_GEOMETRY_SOURCE,,LOCKED_BASELINE_ASSERTED_REQUIRES_LIVE_RECHECK,SHARED_REFERENCE,Spatial association remains deferred until governed settlement geometry exists.
align:nngla:place:NG-PLC-000488,PLACE,NGP-000488,NG-NAM-SET-000488,NG-PLC-000488,488,data/novegeo/nngla/geographic-identity-places/source/04_name_catalogues/settlement_name_catalogue.csv,e6598eb8f5ca85351c11fe23629ec834d6130428a200a046ac37ddab19a4b616,CANONICAL_IDENTITY_PRESERVED_FROM_LOCKED_SUFFIX_ALLOCATION,NO_ASSOCIABLE_GEOMETRY_SOURCE,,LOCKED_BASELINE_ASSERTED_REQUIRES_LIVE_RECHECK,SHARED_REFERENCE,Spatial association remains deferred until governed settlement geometry exists.
align:nngla:place:NG-PLC-000489,PLACE,NGP-000489,NG-NAM-SET-000489,NG-PLC-000489,489,data/novegeo/nngla/geographic-identity-places/source/04_name_catalogues/settlement_name_catalogue.csv,e6598eb8f5ca85351c11fe23629ec834d6130428a200a046ac37ddab19a4b616,CANONICAL_IDENTITY_PRESERVED_FROM_LOCKED_SUFFIX_ALLOCATION,NO_ASSOCIABLE_GEOMETRY_SOURCE,,LOCKED_BASELINE_ASSERTED_REQUIRES_LIVE_RECHECK,SHARED_REFERENCE,Spatial association remains deferred until governed settlement geometry exists.
align:nngla:place:NG-PLC-000490,PLACE,NGP-000490,NG-NAM-SET-000490,NG-PLC-000490,490,data/novegeo/nngla/geographic-identity-places/source/04_name_catalogues/settlement_name_catalogue.csv,e6598eb8f5ca85351c11fe23629ec834d6130428a200a046ac37ddab19a4b616,CANONICAL_IDENTITY_PRESERVED_FROM_LOCKED_SUFFIX_ALLOCATION,NO_ASSOCIABLE_GEOMETRY_SOURCE,,LOCKED_BASELINE_ASSERTED_REQUIRES_LIVE_RECHECK,SHARED_REFERENCE,Spatial association remains deferred until governed settlement geometry exists.
align:nngla:place:NG-PLC-000491,PLACE,NGP-000491,NG-NAM-SET-000491,NG-PLC-000491,491,data/novegeo/nngla/geographic-identity-places/source/04_name_catalogues/settlement_name_catalogue.csv,e6598eb8f5ca85351c11fe23629ec834d6130428a200a046ac37ddab19a4b616,CANONICAL_IDENTITY_PRESERVED_FROM_LOCKED_SUFFIX_ALLOCATION,NO_ASSOCIABLE_GEOMETRY_SOURCE,,LOCKED_BASELINE_ASSERTED_REQUIRES_LIVE_RECHECK,SHARED_REFERENCE,Spatial association remains deferred until governed settlement geometry exists.
align:nngla:place:NG-PLC-000492,PLACE,NGP-000492,NG-NAM-SET-000492,NG-PLC-000492,492,data/novegeo/nngla/geographic-identity-places/source/04_name_catalogues/settlement_name_catalogue.csv,e6598eb8f5ca85351c11fe23629ec834d6130428a200a046ac37ddab19a4b616,CANONICAL_IDENTITY_PRESERVED_FROM_LOCKED_SUFFIX_ALLOCATION,NO_ASSOCIABLE_GEOMETRY_SOURCE,,LOCKED_BASELINE_ASSERTED_REQUIRES_LIVE_RECHECK,SHARED_REFERENCE,Spatial association remains deferred until governed settlement geometry exists.
align:nngla:place:NG-PLC-000493,PLACE,NGP-000493,NG-NAM-SET-000493,NG-PLC-000493,493,data/novegeo/nngla/geographic-identity-places/source/04_name_catalogues/settlement_name_catalogue.csv,e6598eb8f5ca85351c11fe23629ec834d6130428a200a046ac37ddab19a4b616,CANONICAL_IDENTITY_PRESERVED_FROM_LOCKED_SUFFIX_ALLOCATION,NO_ASSOCIABLE_GEOMETRY_SOURCE,,LOCKED_BASELINE_ASSERTED_REQUIRES_LIVE_RECHECK,SHARED_REFERENCE,Spatial association remains deferred until governed settlement geometry exists.
align:nngla:place:NG-PLC-000494,PLACE,NGP-000494,NG-NAM-SET-000494,NG-PLC-000494,494,data/novegeo/nngla/geographic-identity-places/source/04_name_catalogues/settlement_name_catalogue.csv,e6598eb8f5ca85351c11fe23629ec834d6130428a200a046ac37ddab19a4b616,CANONICAL_IDENTITY_PRESERVED_FROM_LOCKED_SUFFIX_ALLOCATION,NO_ASSOCIABLE_GEOMETRY_SOURCE,,LOCKED_BASELINE_ASSERTED_REQUIRES_LIVE_RECHECK,SHARED_REFERENCE,Spatial association remains deferred until governed settlement geometry exists.
align:nngla:place:NG-PLC-000495,PLACE,NGP-000495,NG-NAM-SET-000495,NG-PLC-000495,495,data/novegeo/nngla/geographic-identity-places/source/04_name_catalogues/settlement_name_catalogue.csv,e6598eb8f5ca85351c11fe23629ec834d6130428a200a046ac37ddab19a4b616,CANONICAL_IDENTITY_PRESERVED_FROM_LOCKED_SUFFIX_ALLOCATION,NO_ASSOCIABLE_GEOMETRY_SOURCE,,LOCKED_BASELINE_ASSERTED_REQUIRES_LIVE_RECHECK,SHARED_REFERENCE,Spatial association remains deferred until governed settlement geometry exists.
align:nngla:place:NG-PLC-000496,PLACE,NGP-000496,NG-NAM-SET-000496,NG-PLC-000496,496,data/novegeo/nngla/geographic-identity-places/source/04_name_catalogues/settlement_name_catalogue.csv,e6598eb8f5ca85351c11fe23629ec834d6130428a200a046ac37ddab19a4b616,CANONICAL_IDENTITY_PRESERVED_FROM_LOCKED_SUFFIX_ALLOCATION,NO_ASSOCIABLE_GEOMETRY_SOURCE,,LOCKED_BASELINE_ASSERTED_REQUIRES_LIVE_RECHECK,SHARED_REFERENCE,Spatial association remains deferred until governed settlement geometry exists.
align:nngla:place:NG-PLC-000497,PLACE,NGP-000497,NG-NAM-SET-000497,NG-PLC-000497,497,data/novegeo/nngla/geographic-identity-places/source/04_name_catalogues/settlement_name_catalogue.csv,e6598eb8f5ca85351c11fe23629ec834d6130428a200a046ac37ddab19a4b616,CANONICAL_IDENTITY_PRESERVED_FROM_LOCKED_SUFFIX_ALLOCATION,NO_ASSOCIABLE_GEOMETRY_SOURCE,,LOCKED_BASELINE_ASSERTED_REQUIRES_LIVE_RECHECK,SHARED_REFERENCE,Spatial association remains deferred until governed settlement geometry exists.
align:nngla:place:NG-PLC-000498,PLACE,NGP-000498,NG-NAM-SET-000498,NG-PLC-000498,498,data/novegeo/nngla/geographic-identity-places/source/04_name_catalogues/settlement_name_catalogue.csv,e6598eb8f5ca85351c11fe23629ec834d6130428a200a046ac37ddab19a4b616,CANONICAL_IDENTITY_PRESERVED_FROM_LOCKED_SUFFIX_ALLOCATION,NO_ASSOCIABLE_GEOMETRY_SOURCE,,LOCKED_BASELINE_ASSERTED_REQUIRES_LIVE_RECHECK,SHARED_REFERENCE,Spatial association remains deferred until governed settlement geometry exists.
align:nngla:place:NG-PLC-000499,PLACE,NGP-000499,NG-NAM-SET-000499,NG-PLC-000499,499,data/novegeo/nngla/geographic-identity-places/source/04_name_catalogues/settlement_name_catalogue.csv,e6598eb8f5ca85351c11fe23629ec834d6130428a200a046ac37ddab19a4b616,CANONICAL_IDENTITY_PRESERVED_FROM_LOCKED_SUFFIX_ALLOCATION,NO_ASSOCIABLE_GEOMETRY_SOURCE,,LOCKED_BASELINE_ASSERTED_REQUIRES_LIVE_RECHECK,SHARED_REFERENCE,Spatial association remains deferred until governed settlement geometry exists.
align:nngla:place:NG-PLC-000500,PLACE,NGP-000500,NG-NAM-SET-000500,NG-PLC-000500,500,data/novegeo/nngla/geographic-identity-places/source/04_name_catalogues/settlement_name_catalogue.csv,e6598eb8f5ca85351c11fe23629ec834d6130428a200a046ac37ddab19a4b616,CANONICAL_IDENTITY_PRESERVED_FROM_LOCKED_SUFFIX_ALLOCATION,NO_ASSOCIABLE_GEOMETRY_SOURCE,,LOCKED_BASELINE_ASSERTED_REQUIRES_LIVE_RECHECK,SHARED_REFERENCE,Spatial association remains deferred until governed settlement geometry exists.
align:nngla:place:NG-PLC-000501,PLACE,NGP-000501,NG-NAM-SET-000501,NG-PLC-000501,501,data/novegeo/nngla/geographic-identity-places/source/04_name_catalogues/settlement_name_catalogue.csv,e6598eb8f5ca85351c11fe23629ec834d6130428a200a046ac37ddab19a4b616,CANONICAL_IDENTITY_PRESERVED_FROM_LOCKED_SUFFIX_ALLOCATION,NO_ASSOCIABLE_GEOMETRY_SOURCE,,LOCKED_BASELINE_ASSERTED_REQUIRES_LIVE_RECHECK,SHARED_REFERENCE,Spatial association remains deferred until governed settlement geometry exists.
align:nngla:place:NG-PLC-000502,PLACE,NGP-000502,NG-NAM-SET-000502,NG-PLC-000502,502,data/novegeo/nngla/geographic-identity-places/source/04_name_catalogues/settlement_name_catalogue.csv,e6598eb8f5ca85351c11fe23629ec834d6130428a200a046ac37ddab19a4b616,CANONICAL_IDENTITY_PRESERVED_FROM_LOCKED_SUFFIX_ALLOCATION,NO_ASSOCIABLE_GEOMETRY_SOURCE,,LOCKED_BASELINE_ASSERTED_REQUIRES_LIVE_RECHECK,SHARED_REFERENCE,Spatial association remains deferred until governed settlement geometry exists.
align:nngla:place:NG-PLC-000503,PLACE,NGP-000503,NG-NAM-SET-000503,NG-PLC-000503,503,data/novegeo/nngla/geographic-identity-places/source/04_name_catalogues/settlement_name_catalogue.csv,e6598eb8f5ca85351c11fe23629ec834d6130428a200a046ac37ddab19a4b616,CANONICAL_IDENTITY_PRESERVED_FROM_LOCKED_SUFFIX_ALLOCATION,NO_ASSOCIABLE_GEOMETRY_SOURCE,,LOCKED_BASELINE_ASSERTED_REQUIRES_LIVE_RECHECK,SHARED_REFERENCE,Spatial association remains deferred until governed settlement geometry exists.
align:nngla:place:NG-PLC-000504,PLACE,NGP-000504,NG-NAM-SET-000504,NG-PLC-000504,504,data/novegeo/nngla/geographic-identity-places/source/04_name_catalogues/settlement_name_catalogue.csv,e6598eb8f5ca85351c11fe23629ec834d6130428a200a046ac37ddab19a4b616,CANONICAL_IDENTITY_PRESERVED_FROM_LOCKED_SUFFIX_ALLOCATION,NO_ASSOCIABLE_GEOMETRY_SOURCE,,LOCKED_BASELINE_ASSERTED_REQUIRES_LIVE_RECHECK,SHARED_REFERENCE,Spatial association remains deferred until governed settlement geometry exists.
align:nngla:place:NG-PLC-000505,PLACE,NGP-000505,NG-NAM-SET-000505,NG-PLC-000505,505,data/novegeo/nngla/geographic-identity-places/source/04_name_catalogues/settlement_name_catalogue.csv,e6598eb8f5ca85351c11fe23629ec834d6130428a200a046ac37ddab19a4b616,CANONICAL_IDENTITY_PRESERVED_FROM_LOCKED_SUFFIX_ALLOCATION,NO_ASSOCIABLE_GEOMETRY_SOURCE,,LOCKED_BASELINE_ASSERTED_REQUIRES_LIVE_RECHECK,SHARED_REFERENCE,Spatial association remains deferred until governed settlement geometry exists.
align:nngla:place:NG-PLC-000506,PLACE,NGP-000506,NG-NAM-SET-000506,NG-PLC-000506,506,data/novegeo/nngla/geographic-identity-places/source/04_name_catalogues/settlement_name_catalogue.csv,e6598eb8f5ca85351c11fe23629ec834d6130428a200a046ac37ddab19a4b616,CANONICAL_IDENTITY_PRESERVED_FROM_LOCKED_SUFFIX_ALLOCATION,NO_ASSOCIABLE_GEOMETRY_SOURCE,,LOCKED_BASELINE_ASSERTED_REQUIRES_LIVE_RECHECK,SHARED_REFERENCE,Spatial association remains deferred until governed settlement geometry exists.
align:nngla:place:NG-PLC-000507,PLACE,NGP-000507,NG-NAM-SET-000507,NG-PLC-000507,507,data/novegeo/nngla/geographic-identity-places/source/04_name_catalogues/settlement_name_catalogue.csv,e6598eb8f5ca85351c11fe23629ec834d6130428a200a046ac37ddab19a4b616,CANONICAL_IDENTITY_PRESERVED_FROM_LOCKED_SUFFIX_ALLOCATION,NO_ASSOCIABLE_GEOMETRY_SOURCE,,LOCKED_BASELINE_ASSERTED_REQUIRES_LIVE_RECHECK,SHARED_REFERENCE,Spatial association remains deferred until governed settlement geometry exists.
align:nngla:place:NG-PLC-000508,PLACE,NGP-000508,NG-NAM-SET-000508,NG-PLC-000508,508,data/novegeo/nngla/geographic-identity-places/source/04_name_catalogues/settlement_name_catalogue.csv,e6598eb8f5ca85351c11fe23629ec834d6130428a200a046ac37ddab19a4b616,CANONICAL_IDENTITY_PRESERVED_FROM_LOCKED_SUFFIX_ALLOCATION,NO_ASSOCIABLE_GEOMETRY_SOURCE,,LOCKED_BASELINE_ASSERTED_REQUIRES_LIVE_RECHECK,SHARED_REFERENCE,Spatial association remains deferred until governed settlement geometry exists.
align:nngla:place:NG-PLC-000509,PLACE,NGP-000509,NG-NAM-SET-000509,NG-PLC-000509,509,data/novegeo/nngla/geographic-identity-places/source/04_name_catalogues/settlement_name_catalogue.csv,e6598eb8f5ca85351c11fe23629ec834d6130428a200a046ac37ddab19a4b616,CANONICAL_IDENTITY_PRESERVED_FROM_LOCKED_SUFFIX_ALLOCATION,NO_ASSOCIABLE_GEOMETRY_SOURCE,,LOCKED_BASELINE_ASSERTED_REQUIRES_LIVE_RECHECK,SHARED_REFERENCE,Spatial association remains deferred until governed settlement geometry exists.
align:nngla:place:NG-PLC-000510,PLACE,NGP-000510,NG-NAM-SET-000510,NG-PLC-000510,510,data/novegeo/nngla/geographic-identity-places/source/04_name_catalogues/settlement_name_catalogue.csv,e6598eb8f5ca85351c11fe23629ec834d6130428a200a046ac37ddab19a4b616,CANONICAL_IDENTITY_PRESERVED_FROM_LOCKED_SUFFIX_ALLOCATION,NO_ASSOCIABLE_GEOMETRY_SOURCE,,LOCKED_BASELINE_ASSERTED_REQUIRES_LIVE_RECHECK,SHARED_REFERENCE,Spatial association remains deferred until governed settlement geometry exists.
align:nngla:place:NG-PLC-000511,PLACE,NGP-000511,NG-NAM-SET-000511,NG-PLC-000511,511,data/novegeo/nngla/geographic-identity-places/source/04_name_catalogues/settlement_name_catalogue.csv,e6598eb8f5ca85351c11fe23629ec834d6130428a200a046ac37ddab19a4b616,CANONICAL_IDENTITY_PRESERVED_FROM_LOCKED_SUFFIX_ALLOCATION,NO_ASSOCIABLE_GEOMETRY_SOURCE,,LOCKED_BASELINE_ASSERTED_REQUIRES_LIVE_RECHECK,SHARED_REFERENCE,Spatial association remains deferred until governed settlement geometry exists.
align:nngla:place:NG-PLC-000512,PLACE,NGP-000512,NG-NAM-SET-000512,NG-PLC-000512,512,data/novegeo/nngla/geographic-identity-places/source/04_name_catalogues/settlement_name_catalogue.csv,e6598eb8f5ca85351c11fe23629ec834d6130428a200a046ac37ddab19a4b616,CANONICAL_IDENTITY_PRESERVED_FROM_LOCKED_SUFFIX_ALLOCATION,NO_ASSOCIABLE_GEOMETRY_SOURCE,,LOCKED_BASELINE_ASSERTED_REQUIRES_LIVE_RECHECK,SHARED_REFERENCE,Spatial association remains deferred until governed settlement geometry exists.
align:nngla:place:NG-PLC-000513,PLACE,NGP-000513,NG-NAM-SET-000513,NG-PLC-000513,513,data/novegeo/nngla/geographic-identity-places/source/04_name_catalogues/settlement_name_catalogue.csv,e6598eb8f5ca85351c11fe23629ec834d6130428a200a046ac37ddab19a4b616,CANONICAL_IDENTITY_PRESERVED_FROM_LOCKED_SUFFIX_ALLOCATION,NO_ASSOCIABLE_GEOMETRY_SOURCE,,LOCKED_BASELINE_ASSERTED_REQUIRES_LIVE_RECHECK,SHARED_REFERENCE,Spatial association remains deferred until governed settlement geometry exists.
align:nngla:place:NG-PLC-000514,PLACE,NGP-000514,NG-NAM-SET-000514,NG-PLC-000514,514,data/novegeo/nngla/geographic-identity-places/source/04_name_catalogues/settlement_name_catalogue.csv,e6598eb8f5ca85351c11fe23629ec834d6130428a200a046ac37ddab19a4b616,CANONICAL_IDENTITY_PRESERVED_FROM_LOCKED_SUFFIX_ALLOCATION,NO_ASSOCIABLE_GEOMETRY_SOURCE,,LOCKED_BASELINE_ASSERTED_REQUIRES_LIVE_RECHECK,SHARED_REFERENCE,Spatial association remains deferred until governed settlement geometry exists.
align:nngla:place:NG-PLC-000515,PLACE,NGP-000515,NG-NAM-SET-000515,NG-PLC-000515,515,data/novegeo/nngla/geographic-identity-places/source/04_name_catalogues/settlement_name_catalogue.csv,e6598eb8f5ca85351c11fe23629ec834d6130428a200a046ac37ddab19a4b616,CANONICAL_IDENTITY_PRESERVED_FROM_LOCKED_SUFFIX_ALLOCATION,NO_ASSOCIABLE_GEOMETRY_SOURCE,,LOCKED_BASELINE_ASSERTED_REQUIRES_LIVE_RECHECK,SHARED_REFERENCE,Spatial association remains deferred until governed settlement geometry exists.
align:nngla:place:NG-PLC-000516,PLACE,NGP-000516,NG-NAM-SET-000516,NG-PLC-000516,516,data/novegeo/nngla/geographic-identity-places/source/04_name_catalogues/settlement_name_catalogue.csv,e6598eb8f5ca85351c11fe23629ec834d6130428a200a046ac37ddab19a4b616,CANONICAL_IDENTITY_PRESERVED_FROM_LOCKED_SUFFIX_ALLOCATION,NO_ASSOCIABLE_GEOMETRY_SOURCE,,LOCKED_BASELINE_ASSERTED_REQUIRES_LIVE_RECHECK,SHARED_REFERENCE,Spatial association remains deferred until governed settlement geometry exists.
align:nngla:place:NG-PLC-000517,PLACE,NGP-000517,NG-NAM-SET-000517,NG-PLC-000517,517,data/novegeo/nngla/geographic-identity-places/source/04_name_catalogues/settlement_name_catalogue.csv,e6598eb8f5ca85351c11fe23629ec834d6130428a200a046ac37ddab19a4b616,CANONICAL_IDENTITY_PRESERVED_FROM_LOCKED_SUFFIX_ALLOCATION,NO_ASSOCIABLE_GEOMETRY_SOURCE,,LOCKED_BASELINE_ASSERTED_REQUIRES_LIVE_RECHECK,SHARED_REFERENCE,Spatial association remains deferred until governed settlement geometry exists.
align:nngla:place:NG-PLC-000518,PLACE,NGP-000518,NG-NAM-SET-000518,NG-PLC-000518,518,data/novegeo/nngla/geographic-identity-places/source/04_name_catalogues/settlement_name_catalogue.csv,e6598eb8f5ca85351c11fe23629ec834d6130428a200a046ac37ddab19a4b616,CANONICAL_IDENTITY_PRESERVED_FROM_LOCKED_SUFFIX_ALLOCATION,NO_ASSOCIABLE_GEOMETRY_SOURCE,,LOCKED_BASELINE_ASSERTED_REQUIRES_LIVE_RECHECK,SHARED_REFERENCE,Spatial association remains deferred until governed settlement geometry exists.
align:nngla:place:NG-PLC-000519,PLACE,NGP-000519,NG-NAM-SET-000519,NG-PLC-000519,519,data/novegeo/nngla/geographic-identity-places/source/04_name_catalogues/settlement_name_catalogue.csv,e6598eb8f5ca85351c11fe23629ec834d6130428a200a046ac37ddab19a4b616,CANONICAL_IDENTITY_PRESERVED_FROM_LOCKED_SUFFIX_ALLOCATION,NO_ASSOCIABLE_GEOMETRY_SOURCE,,LOCKED_BASELINE_ASSERTED_REQUIRES_LIVE_RECHECK,SHARED_REFERENCE,Spatial association remains deferred until governed settlement geometry exists.
align:nngla:place:NG-PLC-000520,PLACE,NGP-000520,NG-NAM-SET-000520,NG-PLC-000520,520,data/novegeo/nngla/geographic-identity-places/source/04_name_catalogues/settlement_name_catalogue.csv,e6598eb8f5ca85351c11fe23629ec834d6130428a200a046ac37ddab19a4b616,CANONICAL_IDENTITY_PRESERVED_FROM_LOCKED_SUFFIX_ALLOCATION,NO_ASSOCIABLE_GEOMETRY_SOURCE,,LOCKED_BASELINE_ASSERTED_REQUIRES_LIVE_RECHECK,SHARED_REFERENCE,Spatial association remains deferred until governed settlement geometry exists.
align:nngla:place:NG-PLC-000521,PLACE,NGP-000521,NG-NAM-SET-000521,NG-PLC-000521,521,data/novegeo/nngla/geographic-identity-places/source/04_name_catalogues/settlement_name_catalogue.csv,e6598eb8f5ca85351c11fe23629ec834d6130428a200a046ac37ddab19a4b616,CANONICAL_IDENTITY_PRESERVED_FROM_LOCKED_SUFFIX_ALLOCATION,NO_ASSOCIABLE_GEOMETRY_SOURCE,,LOCKED_BASELINE_ASSERTED_REQUIRES_LIVE_RECHECK,SHARED_REFERENCE,Spatial association remains deferred until governed settlement geometry exists.
align:nngla:place:NG-PLC-000522,PLACE,NGP-000522,NG-NAM-SET-000522,NG-PLC-000522,522,data/novegeo/nngla/geographic-identity-places/source/04_name_catalogues/settlement_name_catalogue.csv,e6598eb8f5ca85351c11fe23629ec834d6130428a200a046ac37ddab19a4b616,CANONICAL_IDENTITY_PRESERVED_FROM_LOCKED_SUFFIX_ALLOCATION,NO_ASSOCIABLE_GEOMETRY_SOURCE,,LOCKED_BASELINE_ASSERTED_REQUIRES_LIVE_RECHECK,SHARED_REFERENCE,Spatial association remains deferred until governed settlement geometry exists.
align:nngla:place:NG-PLC-000523,PLACE,NGP-000523,NG-NAM-SET-000523,NG-PLC-000523,523,data/novegeo/nngla/geographic-identity-places/source/04_name_catalogues/settlement_name_catalogue.csv,e6598eb8f5ca85351c11fe23629ec834d6130428a200a046ac37ddab19a4b616,CANONICAL_IDENTITY_PRESERVED_FROM_LOCKED_SUFFIX_ALLOCATION,NO_ASSOCIABLE_GEOMETRY_SOURCE,,LOCKED_BASELINE_ASSERTED_REQUIRES_LIVE_RECHECK,SHARED_REFERENCE,Spatial association remains deferred until governed settlement geometry exists.
align:nngla:place:NG-PLC-000524,PLACE,NGP-000524,NG-NAM-SET-000524,NG-PLC-000524,524,data/novegeo/nngla/geographic-identity-places/source/04_name_catalogues/settlement_name_catalogue.csv,e6598eb8f5ca85351c11fe23629ec834d6130428a200a046ac37ddab19a4b616,CANONICAL_IDENTITY_PRESERVED_FROM_LOCKED_SUFFIX_ALLOCATION,NO_ASSOCIABLE_GEOMETRY_SOURCE,,LOCKED_BASELINE_ASSERTED_REQUIRES_LIVE_RECHECK,SHARED_REFERENCE,Spatial association remains deferred until governed settlement geometry exists.
align:nngla:place:NG-PLC-000525,PLACE,NGP-000525,NG-NAM-SET-000525,NG-PLC-000525,525,data/novegeo/nngla/geographic-identity-places/source/04_name_catalogues/settlement_name_catalogue.csv,e6598eb8f5ca85351c11fe23629ec834d6130428a200a046ac37ddab19a4b616,CANONICAL_IDENTITY_PRESERVED_FROM_LOCKED_SUFFIX_ALLOCATION,NO_ASSOCIABLE_GEOMETRY_SOURCE,,LOCKED_BASELINE_ASSERTED_REQUIRES_LIVE_RECHECK,SHARED_REFERENCE,Spatial association remains deferred until governed settlement geometry exists.
align:nngla:place:NG-PLC-000526,PLACE,NGP-000526,NG-NAM-SET-000526,NG-PLC-000526,526,data/novegeo/nngla/geographic-identity-places/source/04_name_catalogues/settlement_name_catalogue.csv,e6598eb8f5ca85351c11fe23629ec834d6130428a200a046ac37ddab19a4b616,CANONICAL_IDENTITY_PRESERVED_FROM_LOCKED_SUFFIX_ALLOCATION,NO_ASSOCIABLE_GEOMETRY_SOURCE,,LOCKED_BASELINE_ASSERTED_REQUIRES_LIVE_RECHECK,SHARED_REFERENCE,Spatial association remains deferred until governed settlement geometry exists.
align:nngla:place:NG-PLC-000527,PLACE,NGP-000527,NG-NAM-SET-000527,NG-PLC-000527,527,data/novegeo/nngla/geographic-identity-places/source/04_name_catalogues/settlement_name_catalogue.csv,e6598eb8f5ca85351c11fe23629ec834d6130428a200a046ac37ddab19a4b616,CANONICAL_IDENTITY_PRESERVED_FROM_LOCKED_SUFFIX_ALLOCATION,NO_ASSOCIABLE_GEOMETRY_SOURCE,,LOCKED_BASELINE_ASSERTED_REQUIRES_LIVE_RECHECK,SHARED_REFERENCE,Spatial association remains deferred until governed settlement geometry exists.
align:nngla:place:NG-PLC-000528,PLACE,NGP-000528,NG-NAM-SET-000528,NG-PLC-000528,528,data/novegeo/nngla/geographic-identity-places/source/04_name_catalogues/settlement_name_catalogue.csv,e6598eb8f5ca85351c11fe23629ec834d6130428a200a046ac37ddab19a4b616,CANONICAL_IDENTITY_PRESERVED_FROM_LOCKED_SUFFIX_ALLOCATION,NO_ASSOCIABLE_GEOMETRY_SOURCE,,LOCKED_BASELINE_ASSERTED_REQUIRES_LIVE_RECHECK,SHARED_REFERENCE,Spatial association remains deferred until governed settlement geometry exists.
align:nngla:place:NG-PLC-000529,PLACE,NGP-000529,NG-NAM-SET-000529,NG-PLC-000529,529,data/novegeo/nngla/geographic-identity-places/source/04_name_catalogues/settlement_name_catalogue.csv,e6598eb8f5ca85351c11fe23629ec834d6130428a200a046ac37ddab19a4b616,CANONICAL_IDENTITY_PRESERVED_FROM_LOCKED_SUFFIX_ALLOCATION,NO_ASSOCIABLE_GEOMETRY_SOURCE,,LOCKED_BASELINE_ASSERTED_REQUIRES_LIVE_RECHECK,SHARED_REFERENCE,Spatial association remains deferred until governed settlement geometry exists.
align:nngla:place:NG-PLC-000530,PLACE,NGP-000530,NG-NAM-SET-000530,NG-PLC-000530,530,data/novegeo/nngla/geographic-identity-places/source/04_name_catalogues/settlement_name_catalogue.csv,e6598eb8f5ca85351c11fe23629ec834d6130428a200a046ac37ddab19a4b616,CANONICAL_IDENTITY_PRESERVED_FROM_LOCKED_SUFFIX_ALLOCATION,NO_ASSOCIABLE_GEOMETRY_SOURCE,,LOCKED_BASELINE_ASSERTED_REQUIRES_LIVE_RECHECK,SHARED_REFERENCE,Spatial association remains deferred until governed settlement geometry exists.
align:nngla:place:NG-PLC-000531,PLACE,NGP-000531,NG-NAM-SET-000531,NG-PLC-000531,531,data/novegeo/nngla/geographic-identity-places/source/04_name_catalogues/settlement_name_catalogue.csv,e6598eb8f5ca85351c11fe23629ec834d6130428a200a046ac37ddab19a4b616,CANONICAL_IDENTITY_PRESERVED_FROM_LOCKED_SUFFIX_ALLOCATION,NO_ASSOCIABLE_GEOMETRY_SOURCE,,LOCKED_BASELINE_ASSERTED_REQUIRES_LIVE_RECHECK,SHARED_REFERENCE,Spatial association remains deferred until governed settlement geometry exists.
align:nngla:place:NG-PLC-000532,PLACE,NGP-000532,NG-NAM-SET-000532,NG-PLC-000532,532,data/novegeo/nngla/geographic-identity-places/source/04_name_catalogues/settlement_name_catalogue.csv,e6598eb8f5ca85351c11fe23629ec834d6130428a200a046ac37ddab19a4b616,CANONICAL_IDENTITY_PRESERVED_FROM_LOCKED_SUFFIX_ALLOCATION,NO_ASSOCIABLE_GEOMETRY_SOURCE,,LOCKED_BASELINE_ASSERTED_REQUIRES_LIVE_RECHECK,SHARED_REFERENCE,Spatial association remains deferred until governed settlement geometry exists.
align:nngla:place:NG-PLC-000533,PLACE,NGP-000533,NG-NAM-SET-000533,NG-PLC-000533,533,data/novegeo/nngla/geographic-identity-places/source/04_name_catalogues/settlement_name_catalogue.csv,e6598eb8f5ca85351c11fe23629ec834d6130428a200a046ac37ddab19a4b616,CANONICAL_IDENTITY_PRESERVED_FROM_LOCKED_SUFFIX_ALLOCATION,NO_ASSOCIABLE_GEOMETRY_SOURCE,,LOCKED_BASELINE_ASSERTED_REQUIRES_LIVE_RECHECK,SHARED_REFERENCE,Spatial association remains deferred until governed settlement geometry exists.
align:nngla:place:NG-PLC-000534,PLACE,NGP-000534,NG-NAM-SET-000534,NG-PLC-000534,534,data/novegeo/nngla/geographic-identity-places/source/04_name_catalogues/settlement_name_catalogue.csv,e6598eb8f5ca85351c11fe23629ec834d6130428a200a046ac37ddab19a4b616,CANONICAL_IDENTITY_PRESERVED_FROM_LOCKED_SUFFIX_ALLOCATION,NO_ASSOCIABLE_GEOMETRY_SOURCE,,LOCKED_BASELINE_ASSERTED_REQUIRES_LIVE_RECHECK,SHARED_REFERENCE,Spatial association remains deferred until governed settlement geometry exists.
align:nngla:place:NG-PLC-000535,PLACE,NGP-000535,NG-NAM-SET-000535,NG-PLC-000535,535,data/novegeo/nngla/geographic-identity-places/source/04_name_catalogues/settlement_name_catalogue.csv,e6598eb8f5ca85351c11fe23629ec834d6130428a200a046ac37ddab19a4b616,CANONICAL_IDENTITY_PRESERVED_FROM_LOCKED_SUFFIX_ALLOCATION,NO_ASSOCIABLE_GEOMETRY_SOURCE,,LOCKED_BASELINE_ASSERTED_REQUIRES_LIVE_RECHECK,SHARED_REFERENCE,Spatial association remains deferred until governed settlement geometry exists.
align:nngla:place:NG-PLC-000536,PLACE,NGP-000536,NG-NAM-SET-000536,NG-PLC-000536,536,data/novegeo/nngla/geographic-identity-places/source/04_name_catalogues/settlement_name_catalogue.csv,e6598eb8f5ca85351c11fe23629ec834d6130428a200a046ac37ddab19a4b616,CANONICAL_IDENTITY_PRESERVED_FROM_LOCKED_SUFFIX_ALLOCATION,NO_ASSOCIABLE_GEOMETRY_SOURCE,,LOCKED_BASELINE_ASSERTED_REQUIRES_LIVE_RECHECK,SHARED_REFERENCE,Spatial association remains deferred until governed settlement geometry exists.
align:nngla:place:NG-PLC-000537,PLACE,NGP-000537,NG-NAM-SET-000537,NG-PLC-000537,537,data/novegeo/nngla/geographic-identity-places/source/04_name_catalogues/settlement_name_catalogue.csv,e6598eb8f5ca85351c11fe23629ec834d6130428a200a046ac37ddab19a4b616,CANONICAL_IDENTITY_PRESERVED_FROM_LOCKED_SUFFIX_ALLOCATION,NO_ASSOCIABLE_GEOMETRY_SOURCE,,LOCKED_BASELINE_ASSERTED_REQUIRES_LIVE_RECHECK,SHARED_REFERENCE,Spatial association remains deferred until governed settlement geometry exists.
align:nngla:place:NG-PLC-000538,PLACE,NGP-000538,NG-NAM-SET-000538,NG-PLC-000538,538,data/novegeo/nngla/geographic-identity-places/source/04_name_catalogues/settlement_name_catalogue.csv,e6598eb8f5ca85351c11fe23629ec834d6130428a200a046ac37ddab19a4b616,CANONICAL_IDENTITY_PRESERVED_FROM_LOCKED_SUFFIX_ALLOCATION,NO_ASSOCIABLE_GEOMETRY_SOURCE,,LOCKED_BASELINE_ASSERTED_REQUIRES_LIVE_RECHECK,SHARED_REFERENCE,Spatial association remains deferred until governed settlement geometry exists.
align:nngla:place:NG-PLC-000539,PLACE,NGP-000539,NG-NAM-SET-000539,NG-PLC-000539,539,data/novegeo/nngla/geographic-identity-places/source/04_name_catalogues/settlement_name_catalogue.csv,e6598eb8f5ca85351c11fe23629ec834d6130428a200a046ac37ddab19a4b616,CANONICAL_IDENTITY_PRESERVED_FROM_LOCKED_SUFFIX_ALLOCATION,NO_ASSOCIABLE_GEOMETRY_SOURCE,,LOCKED_BASELINE_ASSERTED_REQUIRES_LIVE_RECHECK,SHARED_REFERENCE,Spatial association remains deferred until governed settlement geometry exists.
align:nngla:place:NG-PLC-000540,PLACE,NGP-000540,NG-NAM-SET-000540,NG-PLC-000540,540,data/novegeo/nngla/geographic-identity-places/source/04_name_catalogues/settlement_name_catalogue.csv,e6598eb8f5ca85351c11fe23629ec834d6130428a200a046ac37ddab19a4b616,CANONICAL_IDENTITY_PRESERVED_FROM_LOCKED_SUFFIX_ALLOCATION,NO_ASSOCIABLE_GEOMETRY_SOURCE,,LOCKED_BASELINE_ASSERTED_REQUIRES_LIVE_RECHECK,SHARED_REFERENCE,Spatial association remains deferred until governed settlement geometry exists.
align:nngla:place:NG-PLC-000541,PLACE,NGP-000541,NG-NAM-SET-000541,NG-PLC-000541,541,data/novegeo/nngla/geographic-identity-places/source/04_name_catalogues/settlement_name_catalogue.csv,e6598eb8f5ca85351c11fe23629ec834d6130428a200a046ac37ddab19a4b616,CANONICAL_IDENTITY_PRESERVED_FROM_LOCKED_SUFFIX_ALLOCATION,NO_ASSOCIABLE_GEOMETRY_SOURCE,,LOCKED_BASELINE_ASSERTED_REQUIRES_LIVE_RECHECK,SHARED_REFERENCE,Spatial association remains deferred until governed settlement geometry exists.
align:nngla:place:NG-PLC-000542,PLACE,NGP-000542,NG-NAM-SET-000542,NG-PLC-000542,542,data/novegeo/nngla/geographic-identity-places/source/04_name_catalogues/settlement_name_catalogue.csv,e6598eb8f5ca85351c11fe23629ec834d6130428a200a046ac37ddab19a4b616,CANONICAL_IDENTITY_PRESERVED_FROM_LOCKED_SUFFIX_ALLOCATION,NO_ASSOCIABLE_GEOMETRY_SOURCE,,LOCKED_BASELINE_ASSERTED_REQUIRES_LIVE_RECHECK,SHARED_REFERENCE,Spatial association remains deferred until governed settlement geometry exists.
align:nngla:place:NG-PLC-000543,PLACE,NGP-000543,NG-NAM-SET-000543,NG-PLC-000543,543,data/novegeo/nngla/geographic-identity-places/source/04_name_catalogues/settlement_name_catalogue.csv,e6598eb8f5ca85351c11fe23629ec834d6130428a200a046ac37ddab19a4b616,CANONICAL_IDENTITY_PRESERVED_FROM_LOCKED_SUFFIX_ALLOCATION,NO_ASSOCIABLE_GEOMETRY_SOURCE,,LOCKED_BASELINE_ASSERTED_REQUIRES_LIVE_RECHECK,SHARED_REFERENCE,Spatial association remains deferred until governed settlement geometry exists.
align:nngla:place:NG-PLC-000544,PLACE,NGP-000544,NG-NAM-SET-000544,NG-PLC-000544,544,data/novegeo/nngla/geographic-identity-places/source/04_name_catalogues/settlement_name_catalogue.csv,e6598eb8f5ca85351c11fe23629ec834d6130428a200a046ac37ddab19a4b616,CANONICAL_IDENTITY_PRESERVED_FROM_LOCKED_SUFFIX_ALLOCATION,NO_ASSOCIABLE_GEOMETRY_SOURCE,,LOCKED_BASELINE_ASSERTED_REQUIRES_LIVE_RECHECK,SHARED_REFERENCE,Spatial association remains deferred until governed settlement geometry exists.
align:nngla:place:NG-PLC-000545,PLACE,NGP-000545,NG-NAM-SET-000545,NG-PLC-000545,545,data/novegeo/nngla/geographic-identity-places/source/04_name_catalogues/settlement_name_catalogue.csv,e6598eb8f5ca85351c11fe23629ec834d6130428a200a046ac37ddab19a4b616,CANONICAL_IDENTITY_PRESERVED_FROM_LOCKED_SUFFIX_ALLOCATION,NO_ASSOCIABLE_GEOMETRY_SOURCE,,LOCKED_BASELINE_ASSERTED_REQUIRES_LIVE_RECHECK,SHARED_REFERENCE,Spatial association remains deferred until governed settlement geometry exists.
align:nngla:place:NG-PLC-000546,PLACE,NGP-000546,NG-NAM-SET-000546,NG-PLC-000546,546,data/novegeo/nngla/geographic-identity-places/source/04_name_catalogues/settlement_name_catalogue.csv,e6598eb8f5ca85351c11fe23629ec834d6130428a200a046ac37ddab19a4b616,CANONICAL_IDENTITY_PRESERVED_FROM_LOCKED_SUFFIX_ALLOCATION,NO_ASSOCIABLE_GEOMETRY_SOURCE,,LOCKED_BASELINE_ASSERTED_REQUIRES_LIVE_RECHECK,SHARED_REFERENCE,Spatial association remains deferred until governed settlement geometry exists.
align:nngla:place:NG-PLC-000547,PLACE,NGP-000547,NG-NAM-SET-000547,NG-PLC-000547,547,data/novegeo/nngla/geographic-identity-places/source/04_name_catalogues/settlement_name_catalogue.csv,e6598eb8f5ca85351c11fe23629ec834d6130428a200a046ac37ddab19a4b616,CANONICAL_IDENTITY_PRESERVED_FROM_LOCKED_SUFFIX_ALLOCATION,NO_ASSOCIABLE_GEOMETRY_SOURCE,,LOCKED_BASELINE_ASSERTED_REQUIRES_LIVE_RECHECK,SHARED_REFERENCE,Spatial association remains deferred until governed settlement geometry exists.
align:nngla:place:NG-PLC-000548,PLACE,NGP-000548,NG-NAM-SET-000548,NG-PLC-000548,548,data/novegeo/nngla/geographic-identity-places/source/04_name_catalogues/settlement_name_catalogue.csv,e6598eb8f5ca85351c11fe23629ec834d6130428a200a046ac37ddab19a4b616,CANONICAL_IDENTITY_PRESERVED_FROM_LOCKED_SUFFIX_ALLOCATION,NO_ASSOCIABLE_GEOMETRY_SOURCE,,LOCKED_BASELINE_ASSERTED_REQUIRES_LIVE_RECHECK,SHARED_REFERENCE,Spatial association remains deferred until governed settlement geometry exists.
align:nngla:place:NG-PLC-000549,PLACE,NGP-000549,NG-NAM-SET-000549,NG-PLC-000549,549,data/novegeo/nngla/geographic-identity-places/source/04_name_catalogues/settlement_name_catalogue.csv,e6598eb8f5ca85351c11fe23629ec834d6130428a200a046ac37ddab19a4b616,CANONICAL_IDENTITY_PRESERVED_FROM_LOCKED_SUFFIX_ALLOCATION,NO_ASSOCIABLE_GEOMETRY_SOURCE,,LOCKED_BASELINE_ASSERTED_REQUIRES_LIVE_RECHECK,SHARED_REFERENCE,Spatial association remains deferred until governed settlement geometry exists.
align:nngla:place:NG-PLC-000550,PLACE,NGP-000550,NG-NAM-SET-000550,NG-PLC-000550,550,data/novegeo/nngla/geographic-identity-places/source/04_name_catalogues/settlement_name_catalogue.csv,e6598eb8f5ca85351c11fe23629ec834d6130428a200a046ac37ddab19a4b616,CANONICAL_IDENTITY_PRESERVED_FROM_LOCKED_SUFFIX_ALLOCATION,NO_ASSOCIABLE_GEOMETRY_SOURCE,,LOCKED_BASELINE_ASSERTED_REQUIRES_LIVE_RECHECK,SHARED_REFERENCE,Spatial association remains deferred until governed settlement geometry exists.
align:nngla:place:NG-PLC-000551,PLACE,NGP-000551,NG-NAM-SET-000551,NG-PLC-000551,551,data/novegeo/nngla/geographic-identity-places/source/04_name_catalogues/settlement_name_catalogue.csv,e6598eb8f5ca85351c11fe23629ec834d6130428a200a046ac37ddab19a4b616,CANONICAL_IDENTITY_PRESERVED_FROM_LOCKED_SUFFIX_ALLOCATION,NO_ASSOCIABLE_GEOMETRY_SOURCE,,LOCKED_BASELINE_ASSERTED_REQUIRES_LIVE_RECHECK,SHARED_REFERENCE,Spatial association remains deferred until governed settlement geometry exists.
align:nngla:place:NG-PLC-000552,PLACE,NGP-000552,NG-NAM-SET-000552,NG-PLC-000552,552,data/novegeo/nngla/geographic-identity-places/source/04_name_catalogues/settlement_name_catalogue.csv,e6598eb8f5ca85351c11fe23629ec834d6130428a200a046ac37ddab19a4b616,CANONICAL_IDENTITY_PRESERVED_FROM_LOCKED_SUFFIX_ALLOCATION,NO_ASSOCIABLE_GEOMETRY_SOURCE,,LOCKED_BASELINE_ASSERTED_REQUIRES_LIVE_RECHECK,SHARED_REFERENCE,Spatial association remains deferred until governed settlement geometry exists.
align:nngla:place:NG-PLC-000553,PLACE,NGP-000553,NG-NAM-SET-000553,NG-PLC-000553,553,data/novegeo/nngla/geographic-identity-places/source/04_name_catalogues/settlement_name_catalogue.csv,e6598eb8f5ca85351c11fe23629ec834d6130428a200a046ac37ddab19a4b616,CANONICAL_IDENTITY_PRESERVED_FROM_LOCKED_SUFFIX_ALLOCATION,NO_ASSOCIABLE_GEOMETRY_SOURCE,,LOCKED_BASELINE_ASSERTED_REQUIRES_LIVE_RECHECK,SHARED_REFERENCE,Spatial association remains deferred until governed settlement geometry exists.
align:nngla:place:NG-PLC-000554,PLACE,NGP-000554,NG-NAM-SET-000554,NG-PLC-000554,554,data/novegeo/nngla/geographic-identity-places/source/04_name_catalogues/settlement_name_catalogue.csv,e6598eb8f5ca85351c11fe23629ec834d6130428a200a046ac37ddab19a4b616,CANONICAL_IDENTITY_PRESERVED_FROM_LOCKED_SUFFIX_ALLOCATION,NO_ASSOCIABLE_GEOMETRY_SOURCE,,LOCKED_BASELINE_ASSERTED_REQUIRES_LIVE_RECHECK,SHARED_REFERENCE,Spatial association remains deferred until governed settlement geometry exists.
align:nngla:place:NG-PLC-000555,PLACE,NGP-000555,NG-NAM-SET-000555,NG-PLC-000555,555,data/novegeo/nngla/geographic-identity-places/source/04_name_catalogues/settlement_name_catalogue.csv,e6598eb8f5ca85351c11fe23629ec834d6130428a200a046ac37ddab19a4b616,CANONICAL_IDENTITY_PRESERVED_FROM_LOCKED_SUFFIX_ALLOCATION,NO_ASSOCIABLE_GEOMETRY_SOURCE,,LOCKED_BASELINE_ASSERTED_REQUIRES_LIVE_RECHECK,SHARED_REFERENCE,Spatial association remains deferred until governed settlement geometry exists.
align:nngla:place:NG-PLC-000556,PLACE,NGP-000556,NG-NAM-SET-000556,NG-PLC-000556,556,data/novegeo/nngla/geographic-identity-places/source/04_name_catalogues/settlement_name_catalogue.csv,e6598eb8f5ca85351c11fe23629ec834d6130428a200a046ac37ddab19a4b616,CANONICAL_IDENTITY_PRESERVED_FROM_LOCKED_SUFFIX_ALLOCATION,NO_ASSOCIABLE_GEOMETRY_SOURCE,,LOCKED_BASELINE_ASSERTED_REQUIRES_LIVE_RECHECK,SHARED_REFERENCE,Spatial association remains deferred until governed settlement geometry exists.
align:nngla:place:NG-PLC-000557,PLACE,NGP-000557,NG-NAM-SET-000557,NG-PLC-000557,557,data/novegeo/nngla/geographic-identity-places/source/04_name_catalogues/settlement_name_catalogue.csv,e6598eb8f5ca85351c11fe23629ec834d6130428a200a046ac37ddab19a4b616,CANONICAL_IDENTITY_PRESERVED_FROM_LOCKED_SUFFIX_ALLOCATION,NO_ASSOCIABLE_GEOMETRY_SOURCE,,LOCKED_BASELINE_ASSERTED_REQUIRES_LIVE_RECHECK,SHARED_REFERENCE,Spatial association remains deferred until governed settlement geometry exists.
align:nngla:place:NG-PLC-000558,PLACE,NGP-000558,NG-NAM-SET-000558,NG-PLC-000558,558,data/novegeo/nngla/geographic-identity-places/source/04_name_catalogues/settlement_name_catalogue.csv,e6598eb8f5ca85351c11fe23629ec834d6130428a200a046ac37ddab19a4b616,CANONICAL_IDENTITY_PRESERVED_FROM_LOCKED_SUFFIX_ALLOCATION,NO_ASSOCIABLE_GEOMETRY_SOURCE,,LOCKED_BASELINE_ASSERTED_REQUIRES_LIVE_RECHECK,SHARED_REFERENCE,Spatial association remains deferred until governed settlement geometry exists.
align:nngla:place:NG-PLC-000559,PLACE,NGP-000559,NG-NAM-SET-000559,NG-PLC-000559,559,data/novegeo/nngla/geographic-identity-places/source/04_name_catalogues/settlement_name_catalogue.csv,e6598eb8f5ca85351c11fe23629ec834d6130428a200a046ac37ddab19a4b616,CANONICAL_IDENTITY_PRESERVED_FROM_LOCKED_SUFFIX_ALLOCATION,NO_ASSOCIABLE_GEOMETRY_SOURCE,,LOCKED_BASELINE_ASSERTED_REQUIRES_LIVE_RECHECK,SHARED_REFERENCE,Spatial association remains deferred until governed settlement geometry exists.
align:nngla:place:NG-PLC-000560,PLACE,NGP-000560,NG-NAM-SET-000560,NG-PLC-000560,560,data/novegeo/nngla/geographic-identity-places/source/04_name_catalogues/settlement_name_catalogue.csv,e6598eb8f5ca85351c11fe23629ec834d6130428a200a046ac37ddab19a4b616,CANONICAL_IDENTITY_PRESERVED_FROM_LOCKED_SUFFIX_ALLOCATION,NO_ASSOCIABLE_GEOMETRY_SOURCE,,LOCKED_BASELINE_ASSERTED_REQUIRES_LIVE_RECHECK,SHARED_REFERENCE,Spatial association remains deferred until governed settlement geometry exists.
align:nngla:place:NG-PLC-000561,PLACE,NGP-000561,NG-NAM-SET-000561,NG-PLC-000561,561,data/novegeo/nngla/geographic-identity-places/source/04_name_catalogues/settlement_name_catalogue.csv,e6598eb8f5ca85351c11fe23629ec834d6130428a200a046ac37ddab19a4b616,CANONICAL_IDENTITY_PRESERVED_FROM_LOCKED_SUFFIX_ALLOCATION,NO_ASSOCIABLE_GEOMETRY_SOURCE,,LOCKED_BASELINE_ASSERTED_REQUIRES_LIVE_RECHECK,SHARED_REFERENCE,Spatial association remains deferred until governed settlement geometry exists.
align:nngla:place:NG-PLC-000562,PLACE,NGP-000562,NG-NAM-SET-000562,NG-PLC-000562,562,data/novegeo/nngla/geographic-identity-places/source/04_name_catalogues/settlement_name_catalogue.csv,e6598eb8f5ca85351c11fe23629ec834d6130428a200a046ac37ddab19a4b616,CANONICAL_IDENTITY_PRESERVED_FROM_LOCKED_SUFFIX_ALLOCATION,NO_ASSOCIABLE_GEOMETRY_SOURCE,,LOCKED_BASELINE_ASSERTED_REQUIRES_LIVE_RECHECK,SHARED_REFERENCE,Spatial association remains deferred until governed settlement geometry exists.
align:nngla:place:NG-PLC-000563,PLACE,NGP-000563,NG-NAM-SET-000563,NG-PLC-000563,563,data/novegeo/nngla/geographic-identity-places/source/04_name_catalogues/settlement_name_catalogue.csv,e6598eb8f5ca85351c11fe23629ec834d6130428a200a046ac37ddab19a4b616,CANONICAL_IDENTITY_PRESERVED_FROM_LOCKED_SUFFIX_ALLOCATION,NO_ASSOCIABLE_GEOMETRY_SOURCE,,LOCKED_BASELINE_ASSERTED_REQUIRES_LIVE_RECHECK,SHARED_REFERENCE,Spatial association remains deferred until governed settlement geometry exists.
align:nngla:place:NG-PLC-000564,PLACE,NGP-000564,NG-NAM-SET-000564,NG-PLC-000564,564,data/novegeo/nngla/geographic-identity-places/source/04_name_catalogues/settlement_name_catalogue.csv,e6598eb8f5ca85351c11fe23629ec834d6130428a200a046ac37ddab19a4b616,CANONICAL_IDENTITY_PRESERVED_FROM_LOCKED_SUFFIX_ALLOCATION,NO_ASSOCIABLE_GEOMETRY_SOURCE,,LOCKED_BASELINE_ASSERTED_REQUIRES_LIVE_RECHECK,SHARED_REFERENCE,Spatial association remains deferred until governed settlement geometry exists.
align:nngla:place:NG-PLC-000565,PLACE,NGP-000565,NG-NAM-SET-000565,NG-PLC-000565,565,data/novegeo/nngla/geographic-identity-places/source/04_name_catalogues/settlement_name_catalogue.csv,e6598eb8f5ca85351c11fe23629ec834d6130428a200a046ac37ddab19a4b616,CANONICAL_IDENTITY_PRESERVED_FROM_LOCKED_SUFFIX_ALLOCATION,NO_ASSOCIABLE_GEOMETRY_SOURCE,,LOCKED_BASELINE_ASSERTED_REQUIRES_LIVE_RECHECK,SHARED_REFERENCE,Spatial association remains deferred until governed settlement geometry exists.
align:nngla:place:NG-PLC-000566,PLACE,NGP-000566,NG-NAM-SET-000566,NG-PLC-000566,566,data/novegeo/nngla/geographic-identity-places/source/04_name_catalogues/settlement_name_catalogue.csv,e6598eb8f5ca85351c11fe23629ec834d6130428a200a046ac37ddab19a4b616,CANONICAL_IDENTITY_PRESERVED_FROM_LOCKED_SUFFIX_ALLOCATION,NO_ASSOCIABLE_GEOMETRY_SOURCE,,LOCKED_BASELINE_ASSERTED_REQUIRES_LIVE_RECHECK,SHARED_REFERENCE,Spatial association remains deferred until governed settlement geometry exists.
align:nngla:place:NG-PLC-000567,PLACE,NGP-000567,NG-NAM-SET-000567,NG-PLC-000567,567,data/novegeo/nngla/geographic-identity-places/source/04_name_catalogues/settlement_name_catalogue.csv,e6598eb8f5ca85351c11fe23629ec834d6130428a200a046ac37ddab19a4b616,CANONICAL_IDENTITY_PRESERVED_FROM_LOCKED_SUFFIX_ALLOCATION,NO_ASSOCIABLE_GEOMETRY_SOURCE,,LOCKED_BASELINE_ASSERTED_REQUIRES_LIVE_RECHECK,SHARED_REFERENCE,Spatial association remains deferred until governed settlement geometry exists.
align:nngla:place:NG-PLC-000568,PLACE,NGP-000568,NG-NAM-SET-000568,NG-PLC-000568,568,data/novegeo/nngla/geographic-identity-places/source/04_name_catalogues/settlement_name_catalogue.csv,e6598eb8f5ca85351c11fe23629ec834d6130428a200a046ac37ddab19a4b616,CANONICAL_IDENTITY_PRESERVED_FROM_LOCKED_SUFFIX_ALLOCATION,NO_ASSOCIABLE_GEOMETRY_SOURCE,,LOCKED_BASELINE_ASSERTED_REQUIRES_LIVE_RECHECK,SHARED_REFERENCE,Spatial association remains deferred until governed settlement geometry exists.
align:nngla:place:NG-PLC-000569,PLACE,NGP-000569,NG-NAM-SET-000569,NG-PLC-000569,569,data/novegeo/nngla/geographic-identity-places/source/04_name_catalogues/settlement_name_catalogue.csv,e6598eb8f5ca85351c11fe23629ec834d6130428a200a046ac37ddab19a4b616,CANONICAL_IDENTITY_PRESERVED_FROM_LOCKED_SUFFIX_ALLOCATION,NO_ASSOCIABLE_GEOMETRY_SOURCE,,LOCKED_BASELINE_ASSERTED_REQUIRES_LIVE_RECHECK,SHARED_REFERENCE,Spatial association remains deferred until governed settlement geometry exists.
align:nngla:place:NG-PLC-000570,PLACE,NGP-000570,NG-NAM-SET-000570,NG-PLC-000570,570,data/novegeo/nngla/geographic-identity-places/source/04_name_catalogues/settlement_name_catalogue.csv,e6598eb8f5ca85351c11fe23629ec834d6130428a200a046ac37ddab19a4b616,CANONICAL_IDENTITY_PRESERVED_FROM_LOCKED_SUFFIX_ALLOCATION,NO_ASSOCIABLE_GEOMETRY_SOURCE,,LOCKED_BASELINE_ASSERTED_REQUIRES_LIVE_RECHECK,SHARED_REFERENCE,Spatial association remains deferred until governed settlement geometry exists.
align:nngla:place:NG-PLC-000571,PLACE,NGP-000571,NG-NAM-SET-000571,NG-PLC-000571,571,data/novegeo/nngla/geographic-identity-places/source/04_name_catalogues/settlement_name_catalogue.csv,e6598eb8f5ca85351c11fe23629ec834d6130428a200a046ac37ddab19a4b616,CANONICAL_IDENTITY_PRESERVED_FROM_LOCKED_SUFFIX_ALLOCATION,NO_ASSOCIABLE_GEOMETRY_SOURCE,,LOCKED_BASELINE_ASSERTED_REQUIRES_LIVE_RECHECK,SHARED_REFERENCE,Spatial association remains deferred until governed settlement geometry exists.
align:nngla:place:NG-PLC-000572,PLACE,NGP-000572,NG-NAM-SET-000572,NG-PLC-000572,572,data/novegeo/nngla/geographic-identity-places/source/04_name_catalogues/settlement_name_catalogue.csv,e6598eb8f5ca85351c11fe23629ec834d6130428a200a046ac37ddab19a4b616,CANONICAL_IDENTITY_PRESERVED_FROM_LOCKED_SUFFIX_ALLOCATION,NO_ASSOCIABLE_GEOMETRY_SOURCE,,LOCKED_BASELINE_ASSERTED_REQUIRES_LIVE_RECHECK,SHARED_REFERENCE,Spatial association remains deferred until governed settlement geometry exists.
align:nngla:place:NG-PLC-000573,PLACE,NGP-000573,NG-NAM-SET-000573,NG-PLC-000573,573,data/novegeo/nngla/geographic-identity-places/source/04_name_catalogues/settlement_name_catalogue.csv,e6598eb8f5ca85351c11fe23629ec834d6130428a200a046ac37ddab19a4b616,CANONICAL_IDENTITY_PRESERVED_FROM_LOCKED_SUFFIX_ALLOCATION,NO_ASSOCIABLE_GEOMETRY_SOURCE,,LOCKED_BASELINE_ASSERTED_REQUIRES_LIVE_RECHECK,SHARED_REFERENCE,Spatial association remains deferred until governed settlement geometry exists.
align:nngla:place:NG-PLC-000574,PLACE,NGP-000574,NG-NAM-SET-000574,NG-PLC-000574,574,data/novegeo/nngla/geographic-identity-places/source/04_name_catalogues/settlement_name_catalogue.csv,e6598eb8f5ca85351c11fe23629ec834d6130428a200a046ac37ddab19a4b616,CANONICAL_IDENTITY_PRESERVED_FROM_LOCKED_SUFFIX_ALLOCATION,NO_ASSOCIABLE_GEOMETRY_SOURCE,,LOCKED_BASELINE_ASSERTED_REQUIRES_LIVE_RECHECK,SHARED_REFERENCE,Spatial association remains deferred until governed settlement geometry exists.
align:nngla:place:NG-PLC-000575,PLACE,NGP-000575,NG-NAM-SET-000575,NG-PLC-000575,575,data/novegeo/nngla/geographic-identity-places/source/04_name_catalogues/settlement_name_catalogue.csv,e6598eb8f5ca85351c11fe23629ec834d6130428a200a046ac37ddab19a4b616,CANONICAL_IDENTITY_PRESERVED_FROM_LOCKED_SUFFIX_ALLOCATION,NO_ASSOCIABLE_GEOMETRY_SOURCE,,LOCKED_BASELINE_ASSERTED_REQUIRES_LIVE_RECHECK,SHARED_REFERENCE,Spatial association remains deferred until governed settlement geometry exists.
align:nngla:place:NG-PLC-000576,PLACE,NGP-000576,NG-NAM-SET-000576,NG-PLC-000576,576,data/novegeo/nngla/geographic-identity-places/source/04_name_catalogues/settlement_name_catalogue.csv,e6598eb8f5ca85351c11fe23629ec834d6130428a200a046ac37ddab19a4b616,CANONICAL_IDENTITY_PRESERVED_FROM_LOCKED_SUFFIX_ALLOCATION,NO_ASSOCIABLE_GEOMETRY_SOURCE,,LOCKED_BASELINE_ASSERTED_REQUIRES_LIVE_RECHECK,SHARED_REFERENCE,Spatial association remains deferred until governed settlement geometry exists.
align:nngla:place:NG-PLC-000577,PLACE,NGP-000577,NG-NAM-SET-000577,NG-PLC-000577,577,data/novegeo/nngla/geographic-identity-places/source/04_name_catalogues/settlement_name_catalogue.csv,e6598eb8f5ca85351c11fe23629ec834d6130428a200a046ac37ddab19a4b616,CANONICAL_IDENTITY_PRESERVED_FROM_LOCKED_SUFFIX_ALLOCATION,NO_ASSOCIABLE_GEOMETRY_SOURCE,,LOCKED_BASELINE_ASSERTED_REQUIRES_LIVE_RECHECK,SHARED_REFERENCE,Spatial association remains deferred until governed settlement geometry exists.
align:nngla:place:NG-PLC-000578,PLACE,NGP-000578,NG-NAM-SET-000578,NG-PLC-000578,578,data/novegeo/nngla/geographic-identity-places/source/04_name_catalogues/settlement_name_catalogue.csv,e6598eb8f5ca85351c11fe23629ec834d6130428a200a046ac37ddab19a4b616,CANONICAL_IDENTITY_PRESERVED_FROM_LOCKED_SUFFIX_ALLOCATION,NO_ASSOCIABLE_GEOMETRY_SOURCE,,LOCKED_BASELINE_ASSERTED_REQUIRES_LIVE_RECHECK,SHARED_REFERENCE,Spatial association remains deferred until governed settlement geometry exists.
align:nngla:place:NG-PLC-000579,PLACE,NGP-000579,NG-NAM-SET-000579,NG-PLC-000579,579,data/novegeo/nngla/geographic-identity-places/source/04_name_catalogues/settlement_name_catalogue.csv,e6598eb8f5ca85351c11fe23629ec834d6130428a200a046ac37ddab19a4b616,CANONICAL_IDENTITY_PRESERVED_FROM_LOCKED_SUFFIX_ALLOCATION,NO_ASSOCIABLE_GEOMETRY_SOURCE,,LOCKED_BASELINE_ASSERTED_REQUIRES_LIVE_RECHECK,SHARED_REFERENCE,Spatial association remains deferred until governed settlement geometry exists.
align:nngla:place:NG-PLC-000580,PLACE,NGP-000580,NG-NAM-SET-000580,NG-PLC-000580,580,data/novegeo/nngla/geographic-identity-places/source/04_name_catalogues/settlement_name_catalogue.csv,e6598eb8f5ca85351c11fe23629ec834d6130428a200a046ac37ddab19a4b616,CANONICAL_IDENTITY_PRESERVED_FROM_LOCKED_SUFFIX_ALLOCATION,NO_ASSOCIABLE_GEOMETRY_SOURCE,,LOCKED_BASELINE_ASSERTED_REQUIRES_LIVE_RECHECK,SHARED_REFERENCE,Spatial association remains deferred until governed settlement geometry exists.
align:nngla:place:NG-PLC-000581,PLACE,NGP-000581,NG-NAM-SET-000581,NG-PLC-000581,581,data/novegeo/nngla/geographic-identity-places/source/04_name_catalogues/settlement_name_catalogue.csv,e6598eb8f5ca85351c11fe23629ec834d6130428a200a046ac37ddab19a4b616,CANONICAL_IDENTITY_PRESERVED_FROM_LOCKED_SUFFIX_ALLOCATION,NO_ASSOCIABLE_GEOMETRY_SOURCE,,LOCKED_BASELINE_ASSERTED_REQUIRES_LIVE_RECHECK,SHARED_REFERENCE,Spatial association remains deferred until governed settlement geometry exists.
align:nngla:place:NG-PLC-000582,PLACE,NGP-000582,NG-NAM-SET-000582,NG-PLC-000582,582,data/novegeo/nngla/geographic-identity-places/source/04_name_catalogues/settlement_name_catalogue.csv,e6598eb8f5ca85351c11fe23629ec834d6130428a200a046ac37ddab19a4b616,CANONICAL_IDENTITY_PRESERVED_FROM_LOCKED_SUFFIX_ALLOCATION,NO_ASSOCIABLE_GEOMETRY_SOURCE,,LOCKED_BASELINE_ASSERTED_REQUIRES_LIVE_RECHECK,SHARED_REFERENCE,Spatial association remains deferred until governed settlement geometry exists.
align:nngla:place:NG-PLC-000583,PLACE,NGP-000583,NG-NAM-SET-000583,NG-PLC-000583,583,data/novegeo/nngla/geographic-identity-places/source/04_name_catalogues/settlement_name_catalogue.csv,e6598eb8f5ca85351c11fe23629ec834d6130428a200a046ac37ddab19a4b616,CANONICAL_IDENTITY_PRESERVED_FROM_LOCKED_SUFFIX_ALLOCATION,NO_ASSOCIABLE_GEOMETRY_SOURCE,,LOCKED_BASELINE_ASSERTED_REQUIRES_LIVE_RECHECK,SHARED_REFERENCE,Spatial association remains deferred until governed settlement geometry exists.
align:nngla:place:NG-PLC-000584,PLACE,NGP-000584,NG-NAM-SET-000584,NG-PLC-000584,584,data/novegeo/nngla/geographic-identity-places/source/04_name_catalogues/settlement_name_catalogue.csv,e6598eb8f5ca85351c11fe23629ec834d6130428a200a046ac37ddab19a4b616,CANONICAL_IDENTITY_PRESERVED_FROM_LOCKED_SUFFIX_ALLOCATION,NO_ASSOCIABLE_GEOMETRY_SOURCE,,LOCKED_BASELINE_ASSERTED_REQUIRES_LIVE_RECHECK,SHARED_REFERENCE,Spatial association remains deferred until governed settlement geometry exists.
align:nngla:place:NG-PLC-000585,PLACE,NGP-000585,NG-NAM-SET-000585,NG-PLC-000585,585,data/novegeo/nngla/geographic-identity-places/source/04_name_catalogues/settlement_name_catalogue.csv,e6598eb8f5ca85351c11fe23629ec834d6130428a200a046ac37ddab19a4b616,CANONICAL_IDENTITY_PRESERVED_FROM_LOCKED_SUFFIX_ALLOCATION,NO_ASSOCIABLE_GEOMETRY_SOURCE,,LOCKED_BASELINE_ASSERTED_REQUIRES_LIVE_RECHECK,SHARED_REFERENCE,Spatial association remains deferred until governed settlement geometry exists.
align:nngla:place:NG-PLC-000586,PLACE,NGP-000586,NG-NAM-SET-000586,NG-PLC-000586,586,data/novegeo/nngla/geographic-identity-places/source/04_name_catalogues/settlement_name_catalogue.csv,e6598eb8f5ca85351c11fe23629ec834d6130428a200a046ac37ddab19a4b616,CANONICAL_IDENTITY_PRESERVED_FROM_LOCKED_SUFFIX_ALLOCATION,NO_ASSOCIABLE_GEOMETRY_SOURCE,,LOCKED_BASELINE_ASSERTED_REQUIRES_LIVE_RECHECK,SHARED_REFERENCE,Spatial association remains deferred until governed settlement geometry exists.
align:nngla:place:NG-PLC-000587,PLACE,NGP-000587,NG-NAM-SET-000587,NG-PLC-000587,587,data/novegeo/nngla/geographic-identity-places/source/04_name_catalogues/settlement_name_catalogue.csv,e6598eb8f5ca85351c11fe23629ec834d6130428a200a046ac37ddab19a4b616,CANONICAL_IDENTITY_PRESERVED_FROM_LOCKED_SUFFIX_ALLOCATION,NO_ASSOCIABLE_GEOMETRY_SOURCE,,LOCKED_BASELINE_ASSERTED_REQUIRES_LIVE_RECHECK,SHARED_REFERENCE,Spatial association remains deferred until governed settlement geometry exists.
align:nngla:place:NG-PLC-000588,PLACE,NGP-000588,NG-NAM-SET-000588,NG-PLC-000588,588,data/novegeo/nngla/geographic-identity-places/source/04_name_catalogues/settlement_name_catalogue.csv,e6598eb8f5ca85351c11fe23629ec834d6130428a200a046ac37ddab19a4b616,CANONICAL_IDENTITY_PRESERVED_FROM_LOCKED_SUFFIX_ALLOCATION,NO_ASSOCIABLE_GEOMETRY_SOURCE,,LOCKED_BASELINE_ASSERTED_REQUIRES_LIVE_RECHECK,SHARED_REFERENCE,Spatial association remains deferred until governed settlement geometry exists.
align:nngla:place:NG-PLC-000589,PLACE,NGP-000589,NG-NAM-SET-000589,NG-PLC-000589,589,data/novegeo/nngla/geographic-identity-places/source/04_name_catalogues/settlement_name_catalogue.csv,e6598eb8f5ca85351c11fe23629ec834d6130428a200a046ac37ddab19a4b616,CANONICAL_IDENTITY_PRESERVED_FROM_LOCKED_SUFFIX_ALLOCATION,NO_ASSOCIABLE_GEOMETRY_SOURCE,,LOCKED_BASELINE_ASSERTED_REQUIRES_LIVE_RECHECK,SHARED_REFERENCE,Spatial association remains deferred until governed settlement geometry exists.
align:nngla:place:NG-PLC-000590,PLACE,NGP-000590,NG-NAM-SET-000590,NG-PLC-000590,590,data/novegeo/nngla/geographic-identity-places/source/04_name_catalogues/settlement_name_catalogue.csv,e6598eb8f5ca85351c11fe23629ec834d6130428a200a046ac37ddab19a4b616,CANONICAL_IDENTITY_PRESERVED_FROM_LOCKED_SUFFIX_ALLOCATION,NO_ASSOCIABLE_GEOMETRY_SOURCE,,LOCKED_BASELINE_ASSERTED_REQUIRES_LIVE_RECHECK,SHARED_REFERENCE,Spatial association remains deferred until governed settlement geometry exists.
align:nngla:place:NG-PLC-000591,PLACE,NGP-000591,NG-NAM-SET-000591,NG-PLC-000591,591,data/novegeo/nngla/geographic-identity-places/source/04_name_catalogues/settlement_name_catalogue.csv,e6598eb8f5ca85351c11fe23629ec834d6130428a200a046ac37ddab19a4b616,CANONICAL_IDENTITY_PRESERVED_FROM_LOCKED_SUFFIX_ALLOCATION,NO_ASSOCIABLE_GEOMETRY_SOURCE,,LOCKED_BASELINE_ASSERTED_REQUIRES_LIVE_RECHECK,SHARED_REFERENCE,Spatial association remains deferred until governed settlement geometry exists.
align:nngla:place:NG-PLC-000592,PLACE,NGP-000592,NG-NAM-SET-000592,NG-PLC-000592,592,data/novegeo/nngla/geographic-identity-places/source/04_name_catalogues/settlement_name_catalogue.csv,e6598eb8f5ca85351c11fe23629ec834d6130428a200a046ac37ddab19a4b616,CANONICAL_IDENTITY_PRESERVED_FROM_LOCKED_SUFFIX_ALLOCATION,NO_ASSOCIABLE_GEOMETRY_SOURCE,,LOCKED_BASELINE_ASSERTED_REQUIRES_LIVE_RECHECK,SHARED_REFERENCE,Spatial association remains deferred until governed settlement geometry exists.
align:nngla:place:NG-PLC-000593,PLACE,NGP-000593,NG-NAM-SET-000593,NG-PLC-000593,593,data/novegeo/nngla/geographic-identity-places/source/04_name_catalogues/settlement_name_catalogue.csv,e6598eb8f5ca85351c11fe23629ec834d6130428a200a046ac37ddab19a4b616,CANONICAL_IDENTITY_PRESERVED_FROM_LOCKED_SUFFIX_ALLOCATION,NO_ASSOCIABLE_GEOMETRY_SOURCE,,LOCKED_BASELINE_ASSERTED_REQUIRES_LIVE_RECHECK,SHARED_REFERENCE,Spatial association remains deferred until governed settlement geometry exists.
align:nngla:place:NG-PLC-000594,PLACE,NGP-000594,NG-NAM-SET-000594,NG-PLC-000594,594,data/novegeo/nngla/geographic-identity-places/source/04_name_catalogues/settlement_name_catalogue.csv,e6598eb8f5ca85351c11fe23629ec834d6130428a200a046ac37ddab19a4b616,CANONICAL_IDENTITY_PRESERVED_FROM_LOCKED_SUFFIX_ALLOCATION,NO_ASSOCIABLE_GEOMETRY_SOURCE,,LOCKED_BASELINE_ASSERTED_REQUIRES_LIVE_RECHECK,SHARED_REFERENCE,Spatial association remains deferred until governed settlement geometry exists.
align:nngla:place:NG-PLC-000595,PLACE,NGP-000595,NG-NAM-SET-000595,NG-PLC-000595,595,data/novegeo/nngla/geographic-identity-places/source/04_name_catalogues/settlement_name_catalogue.csv,e6598eb8f5ca85351c11fe23629ec834d6130428a200a046ac37ddab19a4b616,CANONICAL_IDENTITY_PRESERVED_FROM_LOCKED_SUFFIX_ALLOCATION,NO_ASSOCIABLE_GEOMETRY_SOURCE,,LOCKED_BASELINE_ASSERTED_REQUIRES_LIVE_RECHECK,SHARED_REFERENCE,Spatial association remains deferred until governed settlement geometry exists.
align:nngla:place:NG-PLC-000596,PLACE,NGP-000596,NG-NAM-SET-000596,NG-PLC-000596,596,data/novegeo/nngla/geographic-identity-places/source/04_name_catalogues/settlement_name_catalogue.csv,e6598eb8f5ca85351c11fe23629ec834d6130428a200a046ac37ddab19a4b616,CANONICAL_IDENTITY_PRESERVED_FROM_LOCKED_SUFFIX_ALLOCATION,NO_ASSOCIABLE_GEOMETRY_SOURCE,,LOCKED_BASELINE_ASSERTED_REQUIRES_LIVE_RECHECK,SHARED_REFERENCE,Spatial association remains deferred until governed settlement geometry exists.
align:nngla:place:NG-PLC-000597,PLACE,NGP-000597,NG-NAM-SET-000597,NG-PLC-000597,597,data/novegeo/nngla/geographic-identity-places/source/04_name_catalogues/settlement_name_catalogue.csv,e6598eb8f5ca85351c11fe23629ec834d6130428a200a046ac37ddab19a4b616,CANONICAL_IDENTITY_PRESERVED_FROM_LOCKED_SUFFIX_ALLOCATION,NO_ASSOCIABLE_GEOMETRY_SOURCE,,LOCKED_BASELINE_ASSERTED_REQUIRES_LIVE_RECHECK,SHARED_REFERENCE,Spatial association remains deferred until governed settlement geometry exists.
align:nngla:place:NG-PLC-000598,PLACE,NGP-000598,NG-NAM-SET-000598,NG-PLC-000598,598,data/novegeo/nngla/geographic-identity-places/source/04_name_catalogues/settlement_name_catalogue.csv,e6598eb8f5ca85351c11fe23629ec834d6130428a200a046ac37ddab19a4b616,CANONICAL_IDENTITY_PRESERVED_FROM_LOCKED_SUFFIX_ALLOCATION,NO_ASSOCIABLE_GEOMETRY_SOURCE,,LOCKED_BASELINE_ASSERTED_REQUIRES_LIVE_RECHECK,SHARED_REFERENCE,Spatial association remains deferred until governed settlement geometry exists.
align:nngla:place:NG-PLC-000599,PLACE,NGP-000599,NG-NAM-SET-000599,NG-PLC-000599,599,data/novegeo/nngla/geographic-identity-places/source/04_name_catalogues/settlement_name_catalogue.csv,e6598eb8f5ca85351c11fe23629ec834d6130428a200a046ac37ddab19a4b616,CANONICAL_IDENTITY_PRESERVED_FROM_LOCKED_SUFFIX_ALLOCATION,NO_ASSOCIABLE_GEOMETRY_SOURCE,,LOCKED_BASELINE_ASSERTED_REQUIRES_LIVE_RECHECK,SHARED_REFERENCE,Spatial association remains deferred until governed settlement geometry exists.
align:nngla:place:NG-PLC-000600,PLACE,NGP-000600,NG-NAM-SET-000600,NG-PLC-000600,600,data/novegeo/nngla/geographic-identity-places/source/04_name_catalogues/settlement_name_catalogue.csv,e6598eb8f5ca85351c11fe23629ec834d6130428a200a046ac37ddab19a4b616,CANONICAL_IDENTITY_PRESERVED_FROM_LOCKED_SUFFIX_ALLOCATION,NO_ASSOCIABLE_GEOMETRY_SOURCE,,LOCKED_BASELINE_ASSERTED_REQUIRES_LIVE_RECHECK,SHARED_REFERENCE,Spatial association remains deferred until governed settlement geometry exists.
align:nngla:place:NG-PLC-000601,PLACE,NGP-000601,NG-NAM-SET-000601,NG-PLC-000601,601,data/novegeo/nngla/geographic-identity-places/source/04_name_catalogues/settlement_name_catalogue.csv,e6598eb8f5ca85351c11fe23629ec834d6130428a200a046ac37ddab19a4b616,CANONICAL_IDENTITY_PRESERVED_FROM_LOCKED_SUFFIX_ALLOCATION,NO_ASSOCIABLE_GEOMETRY_SOURCE,,LOCKED_BASELINE_ASSERTED_REQUIRES_LIVE_RECHECK,SHARED_REFERENCE,Spatial association remains deferred until governed settlement geometry exists.
align:nngla:place:NG-PLC-000602,PLACE,NGP-000602,NG-NAM-SET-000602,NG-PLC-000602,602,data/novegeo/nngla/geographic-identity-places/source/04_name_catalogues/settlement_name_catalogue.csv,e6598eb8f5ca85351c11fe23629ec834d6130428a200a046ac37ddab19a4b616,CANONICAL_IDENTITY_PRESERVED_FROM_LOCKED_SUFFIX_ALLOCATION,NO_ASSOCIABLE_GEOMETRY_SOURCE,,LOCKED_BASELINE_ASSERTED_REQUIRES_LIVE_RECHECK,SHARED_REFERENCE,Spatial association remains deferred until governed settlement geometry exists.
align:nngla:place:NG-PLC-000603,PLACE,NGP-000603,NG-NAM-SET-000603,NG-PLC-000603,603,data/novegeo/nngla/geographic-identity-places/source/04_name_catalogues/settlement_name_catalogue.csv,e6598eb8f5ca85351c11fe23629ec834d6130428a200a046ac37ddab19a4b616,CANONICAL_IDENTITY_PRESERVED_FROM_LOCKED_SUFFIX_ALLOCATION,NO_ASSOCIABLE_GEOMETRY_SOURCE,,LOCKED_BASELINE_ASSERTED_REQUIRES_LIVE_RECHECK,SHARED_REFERENCE,Spatial association remains deferred until governed settlement geometry exists.
align:nngla:place:NG-PLC-000604,PLACE,NGP-000604,NG-NAM-SET-000604,NG-PLC-000604,604,data/novegeo/nngla/geographic-identity-places/source/04_name_catalogues/settlement_name_catalogue.csv,e6598eb8f5ca85351c11fe23629ec834d6130428a200a046ac37ddab19a4b616,CANONICAL_IDENTITY_PRESERVED_FROM_LOCKED_SUFFIX_ALLOCATION,NO_ASSOCIABLE_GEOMETRY_SOURCE,,LOCKED_BASELINE_ASSERTED_REQUIRES_LIVE_RECHECK,SHARED_REFERENCE,Spatial association remains deferred until governed settlement geometry exists.
align:nngla:place:NG-PLC-000605,PLACE,NGP-000605,NG-NAM-SET-000605,NG-PLC-000605,605,data/novegeo/nngla/geographic-identity-places/source/04_name_catalogues/settlement_name_catalogue.csv,e6598eb8f5ca85351c11fe23629ec834d6130428a200a046ac37ddab19a4b616,CANONICAL_IDENTITY_PRESERVED_FROM_LOCKED_SUFFIX_ALLOCATION,NO_ASSOCIABLE_GEOMETRY_SOURCE,,LOCKED_BASELINE_ASSERTED_REQUIRES_LIVE_RECHECK,SHARED_REFERENCE,Spatial association remains deferred until governed settlement geometry exists.
align:nngla:place:NG-PLC-000606,PLACE,NGP-000606,NG-NAM-SET-000606,NG-PLC-000606,606,data/novegeo/nngla/geographic-identity-places/source/04_name_catalogues/settlement_name_catalogue.csv,e6598eb8f5ca85351c11fe23629ec834d6130428a200a046ac37ddab19a4b616,CANONICAL_IDENTITY_PRESERVED_FROM_LOCKED_SUFFIX_ALLOCATION,NO_ASSOCIABLE_GEOMETRY_SOURCE,,LOCKED_BASELINE_ASSERTED_REQUIRES_LIVE_RECHECK,SHARED_REFERENCE,Spatial association remains deferred until governed settlement geometry exists.
align:nngla:place:NG-PLC-000607,PLACE,NGP-000607,NG-NAM-SET-000607,NG-PLC-000607,607,data/novegeo/nngla/geographic-identity-places/source/04_name_catalogues/settlement_name_catalogue.csv,e6598eb8f5ca85351c11fe23629ec834d6130428a200a046ac37ddab19a4b616,CANONICAL_IDENTITY_PRESERVED_FROM_LOCKED_SUFFIX_ALLOCATION,NO_ASSOCIABLE_GEOMETRY_SOURCE,,LOCKED_BASELINE_ASSERTED_REQUIRES_LIVE_RECHECK,SHARED_REFERENCE,Spatial association remains deferred until governed settlement geometry exists.
align:nngla:place:NG-PLC-000608,PLACE,NGP-000608,NG-NAM-SET-000608,NG-PLC-000608,608,data/novegeo/nngla/geographic-identity-places/source/04_name_catalogues/settlement_name_catalogue.csv,e6598eb8f5ca85351c11fe23629ec834d6130428a200a046ac37ddab19a4b616,CANONICAL_IDENTITY_PRESERVED_FROM_LOCKED_SUFFIX_ALLOCATION,NO_ASSOCIABLE_GEOMETRY_SOURCE,,LOCKED_BASELINE_ASSERTED_REQUIRES_LIVE_RECHECK,SHARED_REFERENCE,Spatial association remains deferred until governed settlement geometry exists.
align:nngla:place:NG-PLC-000609,PLACE,NGP-000609,NG-NAM-SET-000609,NG-PLC-000609,609,data/novegeo/nngla/geographic-identity-places/source/04_name_catalogues/settlement_name_catalogue.csv,e6598eb8f5ca85351c11fe23629ec834d6130428a200a046ac37ddab19a4b616,CANONICAL_IDENTITY_PRESERVED_FROM_LOCKED_SUFFIX_ALLOCATION,NO_ASSOCIABLE_GEOMETRY_SOURCE,,LOCKED_BASELINE_ASSERTED_REQUIRES_LIVE_RECHECK,SHARED_REFERENCE,Spatial association remains deferred until governed settlement geometry exists.
align:nngla:place:NG-PLC-000610,PLACE,NGP-000610,NG-NAM-SET-000610,NG-PLC-000610,610,data/novegeo/nngla/geographic-identity-places/source/04_name_catalogues/settlement_name_catalogue.csv,e6598eb8f5ca85351c11fe23629ec834d6130428a200a046ac37ddab19a4b616,CANONICAL_IDENTITY_PRESERVED_FROM_LOCKED_SUFFIX_ALLOCATION,NO_ASSOCIABLE_GEOMETRY_SOURCE,,LOCKED_BASELINE_ASSERTED_REQUIRES_LIVE_RECHECK,SHARED_REFERENCE,Spatial association remains deferred until governed settlement geometry exists.
align:nngla:place:NG-PLC-000611,PLACE,NGP-000611,NG-NAM-SET-000611,NG-PLC-000611,611,data/novegeo/nngla/geographic-identity-places/source/04_name_catalogues/settlement_name_catalogue.csv,e6598eb8f5ca85351c11fe23629ec834d6130428a200a046ac37ddab19a4b616,CANONICAL_IDENTITY_PRESERVED_FROM_LOCKED_SUFFIX_ALLOCATION,NO_ASSOCIABLE_GEOMETRY_SOURCE,,LOCKED_BASELINE_ASSERTED_REQUIRES_LIVE_RECHECK,SHARED_REFERENCE,Spatial association remains deferred until governed settlement geometry exists.
align:nngla:place:NG-PLC-000612,PLACE,NGP-000612,NG-NAM-SET-000612,NG-PLC-000612,612,data/novegeo/nngla/geographic-identity-places/source/04_name_catalogues/settlement_name_catalogue.csv,e6598eb8f5ca85351c11fe23629ec834d6130428a200a046ac37ddab19a4b616,CANONICAL_IDENTITY_PRESERVED_FROM_LOCKED_SUFFIX_ALLOCATION,NO_ASSOCIABLE_GEOMETRY_SOURCE,,LOCKED_BASELINE_ASSERTED_REQUIRES_LIVE_RECHECK,SHARED_REFERENCE,Spatial association remains deferred until governed settlement geometry exists.
align:nngla:place:NG-PLC-000613,PLACE,NGP-000613,NG-NAM-SET-000613,NG-PLC-000613,613,data/novegeo/nngla/geographic-identity-places/source/04_name_catalogues/settlement_name_catalogue.csv,e6598eb8f5ca85351c11fe23629ec834d6130428a200a046ac37ddab19a4b616,CANONICAL_IDENTITY_PRESERVED_FROM_LOCKED_SUFFIX_ALLOCATION,NO_ASSOCIABLE_GEOMETRY_SOURCE,,LOCKED_BASELINE_ASSERTED_REQUIRES_LIVE_RECHECK,SHARED_REFERENCE,Spatial association remains deferred until governed settlement geometry exists.
align:nngla:place:NG-PLC-000614,PLACE,NGP-000614,NG-NAM-SET-000614,NG-PLC-000614,614,data/novegeo/nngla/geographic-identity-places/source/04_name_catalogues/settlement_name_catalogue.csv,e6598eb8f5ca85351c11fe23629ec834d6130428a200a046ac37ddab19a4b616,CANONICAL_IDENTITY_PRESERVED_FROM_LOCKED_SUFFIX_ALLOCATION,NO_ASSOCIABLE_GEOMETRY_SOURCE,,LOCKED_BASELINE_ASSERTED_REQUIRES_LIVE_RECHECK,SHARED_REFERENCE,Spatial association remains deferred until governed settlement geometry exists.
align:nngla:place:NG-PLC-000615,PLACE,NGP-000615,NG-NAM-SET-000615,NG-PLC-000615,615,data/novegeo/nngla/geographic-identity-places/source/04_name_catalogues/settlement_name_catalogue.csv,e6598eb8f5ca85351c11fe23629ec834d6130428a200a046ac37ddab19a4b616,CANONICAL_IDENTITY_PRESERVED_FROM_LOCKED_SUFFIX_ALLOCATION,NO_ASSOCIABLE_GEOMETRY_SOURCE,,LOCKED_BASELINE_ASSERTED_REQUIRES_LIVE_RECHECK,SHARED_REFERENCE,Spatial association remains deferred until governed settlement geometry exists.
align:nngla:place:NG-PLC-000616,PLACE,NGP-000616,NG-NAM-SET-000616,NG-PLC-000616,616,data/novegeo/nngla/geographic-identity-places/source/04_name_catalogues/settlement_name_catalogue.csv,e6598eb8f5ca85351c11fe23629ec834d6130428a200a046ac37ddab19a4b616,CANONICAL_IDENTITY_PRESERVED_FROM_LOCKED_SUFFIX_ALLOCATION,NO_ASSOCIABLE_GEOMETRY_SOURCE,,LOCKED_BASELINE_ASSERTED_REQUIRES_LIVE_RECHECK,SHARED_REFERENCE,Spatial association remains deferred until governed settlement geometry exists.
align:nngla:place:NG-PLC-000617,PLACE,NGP-000617,NG-NAM-SET-000617,NG-PLC-000617,617,data/novegeo/nngla/geographic-identity-places/source/04_name_catalogues/settlement_name_catalogue.csv,e6598eb8f5ca85351c11fe23629ec834d6130428a200a046ac37ddab19a4b616,CANONICAL_IDENTITY_PRESERVED_FROM_LOCKED_SUFFIX_ALLOCATION,NO_ASSOCIABLE_GEOMETRY_SOURCE,,LOCKED_BASELINE_ASSERTED_REQUIRES_LIVE_RECHECK,SHARED_REFERENCE,Spatial association remains deferred until governed settlement geometry exists.
align:nngla:place:NG-PLC-000618,PLACE,NGP-000618,NG-NAM-SET-000618,NG-PLC-000618,618,data/novegeo/nngla/geographic-identity-places/source/04_name_catalogues/settlement_name_catalogue.csv,e6598eb8f5ca85351c11fe23629ec834d6130428a200a046ac37ddab19a4b616,CANONICAL_IDENTITY_PRESERVED_FROM_LOCKED_SUFFIX_ALLOCATION,NO_ASSOCIABLE_GEOMETRY_SOURCE,,LOCKED_BASELINE_ASSERTED_REQUIRES_LIVE_RECHECK,SHARED_REFERENCE,Spatial association remains deferred until governed settlement geometry exists.
align:nngla:place:NG-PLC-000619,PLACE,NGP-000619,NG-NAM-SET-000619,NG-PLC-000619,619,data/novegeo/nngla/geographic-identity-places/source/04_name_catalogues/settlement_name_catalogue.csv,e6598eb8f5ca85351c11fe23629ec834d6130428a200a046ac37ddab19a4b616,CANONICAL_IDENTITY_PRESERVED_FROM_LOCKED_SUFFIX_ALLOCATION,NO_ASSOCIABLE_GEOMETRY_SOURCE,,LOCKED_BASELINE_ASSERTED_REQUIRES_LIVE_RECHECK,SHARED_REFERENCE,Spatial association remains deferred until governed settlement geometry exists.
align:nngla:place:NG-PLC-000620,PLACE,NGP-000620,NG-NAM-SET-000620,NG-PLC-000620,620,data/novegeo/nngla/geographic-identity-places/source/04_name_catalogues/settlement_name_catalogue.csv,e6598eb8f5ca85351c11fe23629ec834d6130428a200a046ac37ddab19a4b616,CANONICAL_IDENTITY_PRESERVED_FROM_LOCKED_SUFFIX_ALLOCATION,NO_ASSOCIABLE_GEOMETRY_SOURCE,,LOCKED_BASELINE_ASSERTED_REQUIRES_LIVE_RECHECK,SHARED_REFERENCE,Spatial association remains deferred until governed settlement geometry exists.
align:nngla:place:NG-PLC-000621,PLACE,NGP-000621,NG-NAM-SET-000621,NG-PLC-000621,621,data/novegeo/nngla/geographic-identity-places/source/04_name_catalogues/settlement_name_catalogue.csv,e6598eb8f5ca85351c11fe23629ec834d6130428a200a046ac37ddab19a4b616,CANONICAL_IDENTITY_PRESERVED_FROM_LOCKED_SUFFIX_ALLOCATION,NO_ASSOCIABLE_GEOMETRY_SOURCE,,LOCKED_BASELINE_ASSERTED_REQUIRES_LIVE_RECHECK,SHARED_REFERENCE,Spatial association remains deferred until governed settlement geometry exists.
align:nngla:place:NG-PLC-000622,PLACE,NGP-000622,NG-NAM-SET-000622,NG-PLC-000622,622,data/novegeo/nngla/geographic-identity-places/source/04_name_catalogues/settlement_name_catalogue.csv,e6598eb8f5ca85351c11fe23629ec834d6130428a200a046ac37ddab19a4b616,CANONICAL_IDENTITY_PRESERVED_FROM_LOCKED_SUFFIX_ALLOCATION,NO_ASSOCIABLE_GEOMETRY_SOURCE,,LOCKED_BASELINE_ASSERTED_REQUIRES_LIVE_RECHECK,SHARED_REFERENCE,Spatial association remains deferred until governed settlement geometry exists.
align:nngla:place:NG-PLC-000623,PLACE,NGP-000623,NG-NAM-SET-000623,NG-PLC-000623,623,data/novegeo/nngla/geographic-identity-places/source/04_name_catalogues/settlement_name_catalogue.csv,e6598eb8f5ca85351c11fe23629ec834d6130428a200a046ac37ddab19a4b616,CANONICAL_IDENTITY_PRESERVED_FROM_LOCKED_SUFFIX_ALLOCATION,NO_ASSOCIABLE_GEOMETRY_SOURCE,,LOCKED_BASELINE_ASSERTED_REQUIRES_LIVE_RECHECK,SHARED_REFERENCE,Spatial association remains deferred until governed settlement geometry exists.
align:nngla:place:NG-PLC-000624,PLACE,NGP-000624,NG-NAM-SET-000624,NG-PLC-000624,624,data/novegeo/nngla/geographic-identity-places/source/04_name_catalogues/settlement_name_catalogue.csv,e6598eb8f5ca85351c11fe23629ec834d6130428a200a046ac37ddab19a4b616,CANONICAL_IDENTITY_PRESERVED_FROM_LOCKED_SUFFIX_ALLOCATION,NO_ASSOCIABLE_GEOMETRY_SOURCE,,LOCKED_BASELINE_ASSERTED_REQUIRES_LIVE_RECHECK,SHARED_REFERENCE,Spatial association remains deferred until governed settlement geometry exists.
align:nngla:place:NG-PLC-000625,PLACE,NGP-000625,NG-NAM-SET-000625,NG-PLC-000625,625,data/novegeo/nngla/geographic-identity-places/source/04_name_catalogues/settlement_name_catalogue.csv,e6598eb8f5ca85351c11fe23629ec834d6130428a200a046ac37ddab19a4b616,CANONICAL_IDENTITY_PRESERVED_FROM_LOCKED_SUFFIX_ALLOCATION,NO_ASSOCIABLE_GEOMETRY_SOURCE,,LOCKED_BASELINE_ASSERTED_REQUIRES_LIVE_RECHECK,SHARED_REFERENCE,Spatial association remains deferred until governed settlement geometry exists.
align:nngla:place:NG-PLC-000626,PLACE,NGP-000626,NG-NAM-SET-000626,NG-PLC-000626,626,data/novegeo/nngla/geographic-identity-places/source/04_name_catalogues/settlement_name_catalogue.csv,e6598eb8f5ca85351c11fe23629ec834d6130428a200a046ac37ddab19a4b616,CANONICAL_IDENTITY_PRESERVED_FROM_LOCKED_SUFFIX_ALLOCATION,NO_ASSOCIABLE_GEOMETRY_SOURCE,,LOCKED_BASELINE_ASSERTED_REQUIRES_LIVE_RECHECK,SHARED_REFERENCE,Spatial association remains deferred until governed settlement geometry exists.
align:nngla:place:NG-PLC-000627,PLACE,NGP-000627,NG-NAM-SET-000627,NG-PLC-000627,627,data/novegeo/nngla/geographic-identity-places/source/04_name_catalogues/settlement_name_catalogue.csv,e6598eb8f5ca85351c11fe23629ec834d6130428a200a046ac37ddab19a4b616,CANONICAL_IDENTITY_PRESERVED_FROM_LOCKED_SUFFIX_ALLOCATION,NO_ASSOCIABLE_GEOMETRY_SOURCE,,LOCKED_BASELINE_ASSERTED_REQUIRES_LIVE_RECHECK,SHARED_REFERENCE,Spatial association remains deferred until governed settlement geometry exists.
align:nngla:place:NG-PLC-000628,PLACE,NGP-000628,NG-NAM-SET-000628,NG-PLC-000628,628,data/novegeo/nngla/geographic-identity-places/source/04_name_catalogues/settlement_name_catalogue.csv,e6598eb8f5ca85351c11fe23629ec834d6130428a200a046ac37ddab19a4b616,CANONICAL_IDENTITY_PRESERVED_FROM_LOCKED_SUFFIX_ALLOCATION,NO_ASSOCIABLE_GEOMETRY_SOURCE,,LOCKED_BASELINE_ASSERTED_REQUIRES_LIVE_RECHECK,SHARED_REFERENCE,Spatial association remains deferred until governed settlement geometry exists.
align:nngla:place:NG-PLC-000629,PLACE,NGP-000629,NG-NAM-SET-000629,NG-PLC-000629,629,data/novegeo/nngla/geographic-identity-places/source/04_name_catalogues/settlement_name_catalogue.csv,e6598eb8f5ca85351c11fe23629ec834d6130428a200a046ac37ddab19a4b616,CANONICAL_IDENTITY_PRESERVED_FROM_LOCKED_SUFFIX_ALLOCATION,NO_ASSOCIABLE_GEOMETRY_SOURCE,,LOCKED_BASELINE_ASSERTED_REQUIRES_LIVE_RECHECK,SHARED_REFERENCE,Spatial association remains deferred until governed settlement geometry exists.
align:nngla:place:NG-PLC-000630,PLACE,NGP-000630,NG-NAM-SET-000630,NG-PLC-000630,630,data/novegeo/nngla/geographic-identity-places/source/04_name_catalogues/settlement_name_catalogue.csv,e6598eb8f5ca85351c11fe23629ec834d6130428a200a046ac37ddab19a4b616,CANONICAL_IDENTITY_PRESERVED_FROM_LOCKED_SUFFIX_ALLOCATION,NO_ASSOCIABLE_GEOMETRY_SOURCE,,LOCKED_BASELINE_ASSERTED_REQUIRES_LIVE_RECHECK,SHARED_REFERENCE,Spatial association remains deferred until governed settlement geometry exists.
align:nngla:place:NG-PLC-000631,PLACE,NGP-000631,NG-NAM-SET-000631,NG-PLC-000631,631,data/novegeo/nngla/geographic-identity-places/source/04_name_catalogues/settlement_name_catalogue.csv,e6598eb8f5ca85351c11fe23629ec834d6130428a200a046ac37ddab19a4b616,CANONICAL_IDENTITY_PRESERVED_FROM_LOCKED_SUFFIX_ALLOCATION,NO_ASSOCIABLE_GEOMETRY_SOURCE,,LOCKED_BASELINE_ASSERTED_REQUIRES_LIVE_RECHECK,SHARED_REFERENCE,Spatial association remains deferred until governed settlement geometry exists.
align:nngla:place:NG-PLC-000632,PLACE,NGP-000632,NG-NAM-SET-000632,NG-PLC-000632,632,data/novegeo/nngla/geographic-identity-places/source/04_name_catalogues/settlement_name_catalogue.csv,e6598eb8f5ca85351c11fe23629ec834d6130428a200a046ac37ddab19a4b616,CANONICAL_IDENTITY_PRESERVED_FROM_LOCKED_SUFFIX_ALLOCATION,NO_ASSOCIABLE_GEOMETRY_SOURCE,,LOCKED_BASELINE_ASSERTED_REQUIRES_LIVE_RECHECK,SHARED_REFERENCE,Spatial association remains deferred until governed settlement geometry exists.
align:nngla:place:NG-PLC-000633,PLACE,NGP-000633,NG-NAM-SET-000633,NG-PLC-000633,633,data/novegeo/nngla/geographic-identity-places/source/04_name_catalogues/settlement_name_catalogue.csv,e6598eb8f5ca85351c11fe23629ec834d6130428a200a046ac37ddab19a4b616,CANONICAL_IDENTITY_PRESERVED_FROM_LOCKED_SUFFIX_ALLOCATION,NO_ASSOCIABLE_GEOMETRY_SOURCE,,LOCKED_BASELINE_ASSERTED_REQUIRES_LIVE_RECHECK,SHARED_REFERENCE,Spatial association remains deferred until governed settlement geometry exists.
align:nngla:place:NG-PLC-000634,PLACE,NGP-000634,NG-NAM-SET-000634,NG-PLC-000634,634,data/novegeo/nngla/geographic-identity-places/source/04_name_catalogues/settlement_name_catalogue.csv,e6598eb8f5ca85351c11fe23629ec834d6130428a200a046ac37ddab19a4b616,CANONICAL_IDENTITY_PRESERVED_FROM_LOCKED_SUFFIX_ALLOCATION,NO_ASSOCIABLE_GEOMETRY_SOURCE,,LOCKED_BASELINE_ASSERTED_REQUIRES_LIVE_RECHECK,SHARED_REFERENCE,Spatial association remains deferred until governed settlement geometry exists.
align:nngla:place:NG-PLC-000635,PLACE,NGP-000635,NG-NAM-SET-000635,NG-PLC-000635,635,data/novegeo/nngla/geographic-identity-places/source/04_name_catalogues/settlement_name_catalogue.csv,e6598eb8f5ca85351c11fe23629ec834d6130428a200a046ac37ddab19a4b616,CANONICAL_IDENTITY_PRESERVED_FROM_LOCKED_SUFFIX_ALLOCATION,NO_ASSOCIABLE_GEOMETRY_SOURCE,,LOCKED_BASELINE_ASSERTED_REQUIRES_LIVE_RECHECK,SHARED_REFERENCE,Spatial association remains deferred until governed settlement geometry exists.
align:nngla:place:NG-PLC-000636,PLACE,NGP-000636,NG-NAM-SET-000636,NG-PLC-000636,636,data/novegeo/nngla/geographic-identity-places/source/04_name_catalogues/settlement_name_catalogue.csv,e6598eb8f5ca85351c11fe23629ec834d6130428a200a046ac37ddab19a4b616,CANONICAL_IDENTITY_PRESERVED_FROM_LOCKED_SUFFIX_ALLOCATION,NO_ASSOCIABLE_GEOMETRY_SOURCE,,LOCKED_BASELINE_ASSERTED_REQUIRES_LIVE_RECHECK,SHARED_REFERENCE,Spatial association remains deferred until governed settlement geometry exists.
align:nngla:place:NG-PLC-000637,PLACE,NGP-000637,NG-NAM-SET-000637,NG-PLC-000637,637,data/novegeo/nngla/geographic-identity-places/source/04_name_catalogues/settlement_name_catalogue.csv,e6598eb8f5ca85351c11fe23629ec834d6130428a200a046ac37ddab19a4b616,CANONICAL_IDENTITY_PRESERVED_FROM_LOCKED_SUFFIX_ALLOCATION,NO_ASSOCIABLE_GEOMETRY_SOURCE,,LOCKED_BASELINE_ASSERTED_REQUIRES_LIVE_RECHECK,SHARED_REFERENCE,Spatial association remains deferred until governed settlement geometry exists.
align:nngla:place:NG-PLC-000638,PLACE,NGP-000638,NG-NAM-SET-000638,NG-PLC-000638,638,data/novegeo/nngla/geographic-identity-places/source/04_name_catalogues/settlement_name_catalogue.csv,e6598eb8f5ca85351c11fe23629ec834d6130428a200a046ac37ddab19a4b616,CANONICAL_IDENTITY_PRESERVED_FROM_LOCKED_SUFFIX_ALLOCATION,NO_ASSOCIABLE_GEOMETRY_SOURCE,,LOCKED_BASELINE_ASSERTED_REQUIRES_LIVE_RECHECK,SHARED_REFERENCE,Spatial association remains deferred until governed settlement geometry exists.
align:nngla:place:NG-PLC-000639,PLACE,NGP-000639,NG-NAM-SET-000639,NG-PLC-000639,639,data/novegeo/nngla/geographic-identity-places/source/04_name_catalogues/settlement_name_catalogue.csv,e6598eb8f5ca85351c11fe23629ec834d6130428a200a046ac37ddab19a4b616,CANONICAL_IDENTITY_PRESERVED_FROM_LOCKED_SUFFIX_ALLOCATION,NO_ASSOCIABLE_GEOMETRY_SOURCE,,LOCKED_BASELINE_ASSERTED_REQUIRES_LIVE_RECHECK,SHARED_REFERENCE,Spatial association remains deferred until governed settlement geometry exists.
align:nngla:place:NG-PLC-000640,PLACE,NGP-000640,NG-NAM-SET-000640,NG-PLC-000640,640,data/novegeo/nngla/geographic-identity-places/source/04_name_catalogues/settlement_name_catalogue.csv,e6598eb8f5ca85351c11fe23629ec834d6130428a200a046ac37ddab19a4b616,CANONICAL_IDENTITY_PRESERVED_FROM_LOCKED_SUFFIX_ALLOCATION,NO_ASSOCIABLE_GEOMETRY_SOURCE,,LOCKED_BASELINE_ASSERTED_REQUIRES_LIVE_RECHECK,SHARED_REFERENCE,Spatial association remains deferred until governed settlement geometry exists.
align:nngla:place:NG-PLC-000641,PLACE,NGP-000641,NG-NAM-SET-000641,NG-PLC-000641,641,data/novegeo/nngla/geographic-identity-places/source/04_name_catalogues/settlement_name_catalogue.csv,e6598eb8f5ca85351c11fe23629ec834d6130428a200a046ac37ddab19a4b616,CANONICAL_IDENTITY_PRESERVED_FROM_LOCKED_SUFFIX_ALLOCATION,NO_ASSOCIABLE_GEOMETRY_SOURCE,,LOCKED_BASELINE_ASSERTED_REQUIRES_LIVE_RECHECK,SHARED_REFERENCE,Spatial association remains deferred until governed settlement geometry exists.
align:nngla:place:NG-PLC-000642,PLACE,NGP-000642,NG-NAM-SET-000642,NG-PLC-000642,642,data/novegeo/nngla/geographic-identity-places/source/04_name_catalogues/settlement_name_catalogue.csv,e6598eb8f5ca85351c11fe23629ec834d6130428a200a046ac37ddab19a4b616,CANONICAL_IDENTITY_PRESERVED_FROM_LOCKED_SUFFIX_ALLOCATION,NO_ASSOCIABLE_GEOMETRY_SOURCE,,LOCKED_BASELINE_ASSERTED_REQUIRES_LIVE_RECHECK,SHARED_REFERENCE,Spatial association remains deferred until governed settlement geometry exists.
align:nngla:place:NG-PLC-000643,PLACE,NGP-000643,NG-NAM-SET-000643,NG-PLC-000643,643,data/novegeo/nngla/geographic-identity-places/source/04_name_catalogues/settlement_name_catalogue.csv,e6598eb8f5ca85351c11fe23629ec834d6130428a200a046ac37ddab19a4b616,CANONICAL_IDENTITY_PRESERVED_FROM_LOCKED_SUFFIX_ALLOCATION,NO_ASSOCIABLE_GEOMETRY_SOURCE,,LOCKED_BASELINE_ASSERTED_REQUIRES_LIVE_RECHECK,SHARED_REFERENCE,Spatial association remains deferred until governed settlement geometry exists.
align:nngla:place:NG-PLC-000644,PLACE,NGP-000644,NG-NAM-SET-000644,NG-PLC-000644,644,data/novegeo/nngla/geographic-identity-places/source/04_name_catalogues/settlement_name_catalogue.csv,e6598eb8f5ca85351c11fe23629ec834d6130428a200a046ac37ddab19a4b616,CANONICAL_IDENTITY_PRESERVED_FROM_LOCKED_SUFFIX_ALLOCATION,NO_ASSOCIABLE_GEOMETRY_SOURCE,,LOCKED_BASELINE_ASSERTED_REQUIRES_LIVE_RECHECK,SHARED_REFERENCE,Spatial association remains deferred until governed settlement geometry exists.
align:nngla:place:NG-PLC-000645,PLACE,NGP-000645,NG-NAM-SET-000645,NG-PLC-000645,645,data/novegeo/nngla/geographic-identity-places/source/04_name_catalogues/settlement_name_catalogue.csv,e6598eb8f5ca85351c11fe23629ec834d6130428a200a046ac37ddab19a4b616,CANONICAL_IDENTITY_PRESERVED_FROM_LOCKED_SUFFIX_ALLOCATION,NO_ASSOCIABLE_GEOMETRY_SOURCE,,LOCKED_BASELINE_ASSERTED_REQUIRES_LIVE_RECHECK,SHARED_REFERENCE,Spatial association remains deferred until governed settlement geometry exists.
align:nngla:place:NG-PLC-000646,PLACE,NGP-000646,NG-NAM-SET-000646,NG-PLC-000646,646,data/novegeo/nngla/geographic-identity-places/source/04_name_catalogues/settlement_name_catalogue.csv,e6598eb8f5ca85351c11fe23629ec834d6130428a200a046ac37ddab19a4b616,CANONICAL_IDENTITY_PRESERVED_FROM_LOCKED_SUFFIX_ALLOCATION,NO_ASSOCIABLE_GEOMETRY_SOURCE,,LOCKED_BASELINE_ASSERTED_REQUIRES_LIVE_RECHECK,SHARED_REFERENCE,Spatial association remains deferred until governed settlement geometry exists.
align:nngla:place:NG-PLC-000647,PLACE,NGP-000647,NG-NAM-SET-000647,NG-PLC-000647,647,data/novegeo/nngla/geographic-identity-places/source/04_name_catalogues/settlement_name_catalogue.csv,e6598eb8f5ca85351c11fe23629ec834d6130428a200a046ac37ddab19a4b616,CANONICAL_IDENTITY_PRESERVED_FROM_LOCKED_SUFFIX_ALLOCATION,NO_ASSOCIABLE_GEOMETRY_SOURCE,,LOCKED_BASELINE_ASSERTED_REQUIRES_LIVE_RECHECK,SHARED_REFERENCE,Spatial association remains deferred until governed settlement geometry exists.
align:nngla:place:NG-PLC-000648,PLACE,NGP-000648,NG-NAM-SET-000648,NG-PLC-000648,648,data/novegeo/nngla/geographic-identity-places/source/04_name_catalogues/settlement_name_catalogue.csv,e6598eb8f5ca85351c11fe23629ec834d6130428a200a046ac37ddab19a4b616,CANONICAL_IDENTITY_PRESERVED_FROM_LOCKED_SUFFIX_ALLOCATION,NO_ASSOCIABLE_GEOMETRY_SOURCE,,LOCKED_BASELINE_ASSERTED_REQUIRES_LIVE_RECHECK,SHARED_REFERENCE,Spatial association remains deferred until governed settlement geometry exists.
align:nngla:place:NG-PLC-000649,PLACE,NGP-000649,NG-NAM-SET-000649,NG-PLC-000649,649,data/novegeo/nngla/geographic-identity-places/source/04_name_catalogues/settlement_name_catalogue.csv,e6598eb8f5ca85351c11fe23629ec834d6130428a200a046ac37ddab19a4b616,CANONICAL_IDENTITY_PRESERVED_FROM_LOCKED_SUFFIX_ALLOCATION,NO_ASSOCIABLE_GEOMETRY_SOURCE,,LOCKED_BASELINE_ASSERTED_REQUIRES_LIVE_RECHECK,SHARED_REFERENCE,Spatial association remains deferred until governed settlement geometry exists.
align:nngla:place:NG-PLC-000650,PLACE,NGP-000650,NG-NAM-SET-000650,NG-PLC-000650,650,data/novegeo/nngla/geographic-identity-places/source/04_name_catalogues/settlement_name_catalogue.csv,e6598eb8f5ca85351c11fe23629ec834d6130428a200a046ac37ddab19a4b616,CANONICAL_IDENTITY_PRESERVED_FROM_LOCKED_SUFFIX_ALLOCATION,NO_ASSOCIABLE_GEOMETRY_SOURCE,,LOCKED_BASELINE_ASSERTED_REQUIRES_LIVE_RECHECK,SHARED_REFERENCE,Spatial association remains deferred until governed settlement geometry exists.
align:nngla:place:NG-PLC-000651,PLACE,NGP-000651,NG-NAM-SET-000651,NG-PLC-000651,651,data/novegeo/nngla/geographic-identity-places/source/04_name_catalogues/settlement_name_catalogue.csv,e6598eb8f5ca85351c11fe23629ec834d6130428a200a046ac37ddab19a4b616,CANONICAL_IDENTITY_PRESERVED_FROM_LOCKED_SUFFIX_ALLOCATION,NO_ASSOCIABLE_GEOMETRY_SOURCE,,LOCKED_BASELINE_ASSERTED_REQUIRES_LIVE_RECHECK,SHARED_REFERENCE,Spatial association remains deferred until governed settlement geometry exists.
align:nngla:place:NG-PLC-000652,PLACE,NGP-000652,NG-NAM-SET-000652,NG-PLC-000652,652,data/novegeo/nngla/geographic-identity-places/source/04_name_catalogues/settlement_name_catalogue.csv,e6598eb8f5ca85351c11fe23629ec834d6130428a200a046ac37ddab19a4b616,CANONICAL_IDENTITY_PRESERVED_FROM_LOCKED_SUFFIX_ALLOCATION,NO_ASSOCIABLE_GEOMETRY_SOURCE,,LOCKED_BASELINE_ASSERTED_REQUIRES_LIVE_RECHECK,SHARED_REFERENCE,Spatial association remains deferred until governed settlement geometry exists.
align:nngla:place:NG-PLC-000653,PLACE,NGP-000653,NG-NAM-SET-000653,NG-PLC-000653,653,data/novegeo/nngla/geographic-identity-places/source/04_name_catalogues/settlement_name_catalogue.csv,e6598eb8f5ca85351c11fe23629ec834d6130428a200a046ac37ddab19a4b616,CANONICAL_IDENTITY_PRESERVED_FROM_LOCKED_SUFFIX_ALLOCATION,NO_ASSOCIABLE_GEOMETRY_SOURCE,,LOCKED_BASELINE_ASSERTED_REQUIRES_LIVE_RECHECK,SHARED_REFERENCE,Spatial association remains deferred until governed settlement geometry exists.
align:nngla:place:NG-PLC-000654,PLACE,NGP-000654,NG-NAM-SET-000654,NG-PLC-000654,654,data/novegeo/nngla/geographic-identity-places/source/04_name_catalogues/settlement_name_catalogue.csv,e6598eb8f5ca85351c11fe23629ec834d6130428a200a046ac37ddab19a4b616,CANONICAL_IDENTITY_PRESERVED_FROM_LOCKED_SUFFIX_ALLOCATION,NO_ASSOCIABLE_GEOMETRY_SOURCE,,LOCKED_BASELINE_ASSERTED_REQUIRES_LIVE_RECHECK,SHARED_REFERENCE,Spatial association remains deferred until governed settlement geometry exists.
align:nngla:place:NG-PLC-000655,PLACE,NGP-000655,NG-NAM-SET-000655,NG-PLC-000655,655,data/novegeo/nngla/geographic-identity-places/source/04_name_catalogues/settlement_name_catalogue.csv,e6598eb8f5ca85351c11fe23629ec834d6130428a200a046ac37ddab19a4b616,CANONICAL_IDENTITY_PRESERVED_FROM_LOCKED_SUFFIX_ALLOCATION,NO_ASSOCIABLE_GEOMETRY_SOURCE,,LOCKED_BASELINE_ASSERTED_REQUIRES_LIVE_RECHECK,SHARED_REFERENCE,Spatial association remains deferred until governed settlement geometry exists.
align:nngla:place:NG-PLC-000656,PLACE,NGP-000656,NG-NAM-SET-000656,NG-PLC-000656,656,data/novegeo/nngla/geographic-identity-places/source/04_name_catalogues/settlement_name_catalogue.csv,e6598eb8f5ca85351c11fe23629ec834d6130428a200a046ac37ddab19a4b616,CANONICAL_IDENTITY_PRESERVED_FROM_LOCKED_SUFFIX_ALLOCATION,NO_ASSOCIABLE_GEOMETRY_SOURCE,,LOCKED_BASELINE_ASSERTED_REQUIRES_LIVE_RECHECK,SHARED_REFERENCE,Spatial association remains deferred until governed settlement geometry exists.
align:nngla:place:NG-PLC-000657,PLACE,NGP-000657,NG-NAM-SET-000657,NG-PLC-000657,657,data/novegeo/nngla/geographic-identity-places/source/04_name_catalogues/settlement_name_catalogue.csv,e6598eb8f5ca85351c11fe23629ec834d6130428a200a046ac37ddab19a4b616,CANONICAL_IDENTITY_PRESERVED_FROM_LOCKED_SUFFIX_ALLOCATION,NO_ASSOCIABLE_GEOMETRY_SOURCE,,LOCKED_BASELINE_ASSERTED_REQUIRES_LIVE_RECHECK,SHARED_REFERENCE,Spatial association remains deferred until governed settlement geometry exists.
align:nngla:place:NG-PLC-000658,PLACE,NGP-000658,NG-NAM-SET-000658,NG-PLC-000658,658,data/novegeo/nngla/geographic-identity-places/source/04_name_catalogues/settlement_name_catalogue.csv,e6598eb8f5ca85351c11fe23629ec834d6130428a200a046ac37ddab19a4b616,CANONICAL_IDENTITY_PRESERVED_FROM_LOCKED_SUFFIX_ALLOCATION,NO_ASSOCIABLE_GEOMETRY_SOURCE,,LOCKED_BASELINE_ASSERTED_REQUIRES_LIVE_RECHECK,SHARED_REFERENCE,Spatial association remains deferred until governed settlement geometry exists.
align:nngla:place:NG-PLC-000659,PLACE,NGP-000659,NG-NAM-SET-000659,NG-PLC-000659,659,data/novegeo/nngla/geographic-identity-places/source/04_name_catalogues/settlement_name_catalogue.csv,e6598eb8f5ca85351c11fe23629ec834d6130428a200a046ac37ddab19a4b616,CANONICAL_IDENTITY_PRESERVED_FROM_LOCKED_SUFFIX_ALLOCATION,NO_ASSOCIABLE_GEOMETRY_SOURCE,,LOCKED_BASELINE_ASSERTED_REQUIRES_LIVE_RECHECK,SHARED_REFERENCE,Spatial association remains deferred until governed settlement geometry exists.
align:nngla:place:NG-PLC-000660,PLACE,NGP-000660,NG-NAM-SET-000660,NG-PLC-000660,660,data/novegeo/nngla/geographic-identity-places/source/04_name_catalogues/settlement_name_catalogue.csv,e6598eb8f5ca85351c11fe23629ec834d6130428a200a046ac37ddab19a4b616,CANONICAL_IDENTITY_PRESERVED_FROM_LOCKED_SUFFIX_ALLOCATION,NO_ASSOCIABLE_GEOMETRY_SOURCE,,LOCKED_BASELINE_ASSERTED_REQUIRES_LIVE_RECHECK,SHARED_REFERENCE,Spatial association remains deferred until governed settlement geometry exists.
align:nngla:place:NG-PLC-000661,PLACE,NGP-000661,NG-NAM-SET-000661,NG-PLC-000661,661,data/novegeo/nngla/geographic-identity-places/source/04_name_catalogues/settlement_name_catalogue.csv,e6598eb8f5ca85351c11fe23629ec834d6130428a200a046ac37ddab19a4b616,CANONICAL_IDENTITY_PRESERVED_FROM_LOCKED_SUFFIX_ALLOCATION,NO_ASSOCIABLE_GEOMETRY_SOURCE,,LOCKED_BASELINE_ASSERTED_REQUIRES_LIVE_RECHECK,SHARED_REFERENCE,Spatial association remains deferred until governed settlement geometry exists.
align:nngla:place:NG-PLC-000662,PLACE,NGP-000662,NG-NAM-SET-000662,NG-PLC-000662,662,data/novegeo/nngla/geographic-identity-places/source/04_name_catalogues/settlement_name_catalogue.csv,e6598eb8f5ca85351c11fe23629ec834d6130428a200a046ac37ddab19a4b616,CANONICAL_IDENTITY_PRESERVED_FROM_LOCKED_SUFFIX_ALLOCATION,NO_ASSOCIABLE_GEOMETRY_SOURCE,,LOCKED_BASELINE_ASSERTED_REQUIRES_LIVE_RECHECK,SHARED_REFERENCE,Spatial association remains deferred until governed settlement geometry exists.
align:nngla:place:NG-PLC-000663,PLACE,NGP-000663,NG-NAM-SET-000663,NG-PLC-000663,663,data/novegeo/nngla/geographic-identity-places/source/04_name_catalogues/settlement_name_catalogue.csv,e6598eb8f5ca85351c11fe23629ec834d6130428a200a046ac37ddab19a4b616,CANONICAL_IDENTITY_PRESERVED_FROM_LOCKED_SUFFIX_ALLOCATION,NO_ASSOCIABLE_GEOMETRY_SOURCE,,LOCKED_BASELINE_ASSERTED_REQUIRES_LIVE_RECHECK,SHARED_REFERENCE,Spatial association remains deferred until governed settlement geometry exists.
align:nngla:place:NG-PLC-000664,PLACE,NGP-000664,NG-NAM-SET-000664,NG-PLC-000664,664,data/novegeo/nngla/geographic-identity-places/source/04_name_catalogues/settlement_name_catalogue.csv,e6598eb8f5ca85351c11fe23629ec834d6130428a200a046ac37ddab19a4b616,CANONICAL_IDENTITY_PRESERVED_FROM_LOCKED_SUFFIX_ALLOCATION,NO_ASSOCIABLE_GEOMETRY_SOURCE,,LOCKED_BASELINE_ASSERTED_REQUIRES_LIVE_RECHECK,SHARED_REFERENCE,Spatial association remains deferred until governed settlement geometry exists.
align:nngla:place:NG-PLC-000665,PLACE,NGP-000665,NG-NAM-SET-000665,NG-PLC-000665,665,data/novegeo/nngla/geographic-identity-places/source/04_name_catalogues/settlement_name_catalogue.csv,e6598eb8f5ca85351c11fe23629ec834d6130428a200a046ac37ddab19a4b616,CANONICAL_IDENTITY_PRESERVED_FROM_LOCKED_SUFFIX_ALLOCATION,NO_ASSOCIABLE_GEOMETRY_SOURCE,,LOCKED_BASELINE_ASSERTED_REQUIRES_LIVE_RECHECK,SHARED_REFERENCE,Spatial association remains deferred until governed settlement geometry exists.
align:nngla:place:NG-PLC-000666,PLACE,NGP-000666,NG-NAM-SET-000666,NG-PLC-000666,666,data/novegeo/nngla/geographic-identity-places/source/04_name_catalogues/settlement_name_catalogue.csv,e6598eb8f5ca85351c11fe23629ec834d6130428a200a046ac37ddab19a4b616,CANONICAL_IDENTITY_PRESERVED_FROM_LOCKED_SUFFIX_ALLOCATION,NO_ASSOCIABLE_GEOMETRY_SOURCE,,LOCKED_BASELINE_ASSERTED_REQUIRES_LIVE_RECHECK,SHARED_REFERENCE,Spatial association remains deferred until governed settlement geometry exists.
align:nngla:place:NG-PLC-000667,PLACE,NGP-000667,NG-NAM-SET-000667,NG-PLC-000667,667,data/novegeo/nngla/geographic-identity-places/source/04_name_catalogues/settlement_name_catalogue.csv,e6598eb8f5ca85351c11fe23629ec834d6130428a200a046ac37ddab19a4b616,CANONICAL_IDENTITY_PRESERVED_FROM_LOCKED_SUFFIX_ALLOCATION,NO_ASSOCIABLE_GEOMETRY_SOURCE,,LOCKED_BASELINE_ASSERTED_REQUIRES_LIVE_RECHECK,SHARED_REFERENCE,Spatial association remains deferred until governed settlement geometry exists.
align:nngla:place:NG-PLC-000668,PLACE,NGP-000668,NG-NAM-SET-000668,NG-PLC-000668,668,data/novegeo/nngla/geographic-identity-places/source/04_name_catalogues/settlement_name_catalogue.csv,e6598eb8f5ca85351c11fe23629ec834d6130428a200a046ac37ddab19a4b616,CANONICAL_IDENTITY_PRESERVED_FROM_LOCKED_SUFFIX_ALLOCATION,NO_ASSOCIABLE_GEOMETRY_SOURCE,,LOCKED_BASELINE_ASSERTED_REQUIRES_LIVE_RECHECK,SHARED_REFERENCE,Spatial association remains deferred until governed settlement geometry exists.
align:nngla:place:NG-PLC-000669,PLACE,NGP-000669,NG-NAM-SET-000669,NG-PLC-000669,669,data/novegeo/nngla/geographic-identity-places/source/04_name_catalogues/settlement_name_catalogue.csv,e6598eb8f5ca85351c11fe23629ec834d6130428a200a046ac37ddab19a4b616,CANONICAL_IDENTITY_PRESERVED_FROM_LOCKED_SUFFIX_ALLOCATION,NO_ASSOCIABLE_GEOMETRY_SOURCE,,LOCKED_BASELINE_ASSERTED_REQUIRES_LIVE_RECHECK,SHARED_REFERENCE,Spatial association remains deferred until governed settlement geometry exists.
align:nngla:place:NG-PLC-000670,PLACE,NGP-000670,NG-NAM-SET-000670,NG-PLC-000670,670,data/novegeo/nngla/geographic-identity-places/source/04_name_catalogues/settlement_name_catalogue.csv,e6598eb8f5ca85351c11fe23629ec834d6130428a200a046ac37ddab19a4b616,CANONICAL_IDENTITY_PRESERVED_FROM_LOCKED_SUFFIX_ALLOCATION,NO_ASSOCIABLE_GEOMETRY_SOURCE,,LOCKED_BASELINE_ASSERTED_REQUIRES_LIVE_RECHECK,SHARED_REFERENCE,Spatial association remains deferred until governed settlement geometry exists.
align:nngla:place:NG-PLC-000671,PLACE,NGP-000671,NG-NAM-SET-000671,NG-PLC-000671,671,data/novegeo/nngla/geographic-identity-places/source/04_name_catalogues/settlement_name_catalogue.csv,e6598eb8f5ca85351c11fe23629ec834d6130428a200a046ac37ddab19a4b616,CANONICAL_IDENTITY_PRESERVED_FROM_LOCKED_SUFFIX_ALLOCATION,NO_ASSOCIABLE_GEOMETRY_SOURCE,,LOCKED_BASELINE_ASSERTED_REQUIRES_LIVE_RECHECK,SHARED_REFERENCE,Spatial association remains deferred until governed settlement geometry exists.
align:nngla:place:NG-PLC-000672,PLACE,NGP-000672,NG-NAM-SET-000672,NG-PLC-000672,672,data/novegeo/nngla/geographic-identity-places/source/04_name_catalogues/settlement_name_catalogue.csv,e6598eb8f5ca85351c11fe23629ec834d6130428a200a046ac37ddab19a4b616,CANONICAL_IDENTITY_PRESERVED_FROM_LOCKED_SUFFIX_ALLOCATION,NO_ASSOCIABLE_GEOMETRY_SOURCE,,LOCKED_BASELINE_ASSERTED_REQUIRES_LIVE_RECHECK,SHARED_REFERENCE,Spatial association remains deferred until governed settlement geometry exists.
align:nngla:place:NG-PLC-000673,PLACE,NGP-000673,NG-NAM-SET-000673,NG-PLC-000673,673,data/novegeo/nngla/geographic-identity-places/source/04_name_catalogues/settlement_name_catalogue.csv,e6598eb8f5ca85351c11fe23629ec834d6130428a200a046ac37ddab19a4b616,CANONICAL_IDENTITY_PRESERVED_FROM_LOCKED_SUFFIX_ALLOCATION,NO_ASSOCIABLE_GEOMETRY_SOURCE,,LOCKED_BASELINE_ASSERTED_REQUIRES_LIVE_RECHECK,SHARED_REFERENCE,Spatial association remains deferred until governed settlement geometry exists.
align:nngla:place:NG-PLC-000674,PLACE,NGP-000674,NG-NAM-SET-000674,NG-PLC-000674,674,data/novegeo/nngla/geographic-identity-places/source/04_name_catalogues/settlement_name_catalogue.csv,e6598eb8f5ca85351c11fe23629ec834d6130428a200a046ac37ddab19a4b616,CANONICAL_IDENTITY_PRESERVED_FROM_LOCKED_SUFFIX_ALLOCATION,NO_ASSOCIABLE_GEOMETRY_SOURCE,,LOCKED_BASELINE_ASSERTED_REQUIRES_LIVE_RECHECK,SHARED_REFERENCE,Spatial association remains deferred until governed settlement geometry exists.
align:nngla:place:NG-PLC-000675,PLACE,NGP-000675,NG-NAM-SET-000675,NG-PLC-000675,675,data/novegeo/nngla/geographic-identity-places/source/04_name_catalogues/settlement_name_catalogue.csv,e6598eb8f5ca85351c11fe23629ec834d6130428a200a046ac37ddab19a4b616,CANONICAL_IDENTITY_PRESERVED_FROM_LOCKED_SUFFIX_ALLOCATION,NO_ASSOCIABLE_GEOMETRY_SOURCE,,LOCKED_BASELINE_ASSERTED_REQUIRES_LIVE_RECHECK,SHARED_REFERENCE,Spatial association remains deferred until governed settlement geometry exists.
align:nngla:place:NG-PLC-000676,PLACE,NGP-000676,NG-NAM-SET-000676,NG-PLC-000676,676,data/novegeo/nngla/geographic-identity-places/source/04_name_catalogues/settlement_name_catalogue.csv,e6598eb8f5ca85351c11fe23629ec834d6130428a200a046ac37ddab19a4b616,CANONICAL_IDENTITY_PRESERVED_FROM_LOCKED_SUFFIX_ALLOCATION,NO_ASSOCIABLE_GEOMETRY_SOURCE,,LOCKED_BASELINE_ASSERTED_REQUIRES_LIVE_RECHECK,SHARED_REFERENCE,Spatial association remains deferred until governed settlement geometry exists.
align:nngla:place:NG-PLC-000677,PLACE,NGP-000677,NG-NAM-SET-000677,NG-PLC-000677,677,data/novegeo/nngla/geographic-identity-places/source/04_name_catalogues/settlement_name_catalogue.csv,e6598eb8f5ca85351c11fe23629ec834d6130428a200a046ac37ddab19a4b616,CANONICAL_IDENTITY_PRESERVED_FROM_LOCKED_SUFFIX_ALLOCATION,NO_ASSOCIABLE_GEOMETRY_SOURCE,,LOCKED_BASELINE_ASSERTED_REQUIRES_LIVE_RECHECK,SHARED_REFERENCE,Spatial association remains deferred until governed settlement geometry exists.
align:nngla:place:NG-PLC-000678,PLACE,NGP-000678,NG-NAM-SET-000678,NG-PLC-000678,678,data/novegeo/nngla/geographic-identity-places/source/04_name_catalogues/settlement_name_catalogue.csv,e6598eb8f5ca85351c11fe23629ec834d6130428a200a046ac37ddab19a4b616,CANONICAL_IDENTITY_PRESERVED_FROM_LOCKED_SUFFIX_ALLOCATION,NO_ASSOCIABLE_GEOMETRY_SOURCE,,LOCKED_BASELINE_ASSERTED_REQUIRES_LIVE_RECHECK,SHARED_REFERENCE,Spatial association remains deferred until governed settlement geometry exists.
align:nngla:place:NG-PLC-000679,PLACE,NGP-000679,NG-NAM-SET-000679,NG-PLC-000679,679,data/novegeo/nngla/geographic-identity-places/source/04_name_catalogues/settlement_name_catalogue.csv,e6598eb8f5ca85351c11fe23629ec834d6130428a200a046ac37ddab19a4b616,CANONICAL_IDENTITY_PRESERVED_FROM_LOCKED_SUFFIX_ALLOCATION,NO_ASSOCIABLE_GEOMETRY_SOURCE,,LOCKED_BASELINE_ASSERTED_REQUIRES_LIVE_RECHECK,SHARED_REFERENCE,Spatial association remains deferred until governed settlement geometry exists.
align:nngla:place:NG-PLC-000680,PLACE,NGP-000680,NG-NAM-SET-000680,NG-PLC-000680,680,data/novegeo/nngla/geographic-identity-places/source/04_name_catalogues/settlement_name_catalogue.csv,e6598eb8f5ca85351c11fe23629ec834d6130428a200a046ac37ddab19a4b616,CANONICAL_IDENTITY_PRESERVED_FROM_LOCKED_SUFFIX_ALLOCATION,NO_ASSOCIABLE_GEOMETRY_SOURCE,,LOCKED_BASELINE_ASSERTED_REQUIRES_LIVE_RECHECK,SHARED_REFERENCE,Spatial association remains deferred until governed settlement geometry exists.
align:nngla:place:NG-PLC-000681,PLACE,NGP-000681,NG-NAM-SET-000681,NG-PLC-000681,681,data/novegeo/nngla/geographic-identity-places/source/04_name_catalogues/settlement_name_catalogue.csv,e6598eb8f5ca85351c11fe23629ec834d6130428a200a046ac37ddab19a4b616,CANONICAL_IDENTITY_PRESERVED_FROM_LOCKED_SUFFIX_ALLOCATION,NO_ASSOCIABLE_GEOMETRY_SOURCE,,LOCKED_BASELINE_ASSERTED_REQUIRES_LIVE_RECHECK,SHARED_REFERENCE,Spatial association remains deferred until governed settlement geometry exists.
align:nngla:place:NG-PLC-000682,PLACE,NGP-000682,NG-NAM-SET-000682,NG-PLC-000682,682,data/novegeo/nngla/geographic-identity-places/source/04_name_catalogues/settlement_name_catalogue.csv,e6598eb8f5ca85351c11fe23629ec834d6130428a200a046ac37ddab19a4b616,CANONICAL_IDENTITY_PRESERVED_FROM_LOCKED_SUFFIX_ALLOCATION,NO_ASSOCIABLE_GEOMETRY_SOURCE,,LOCKED_BASELINE_ASSERTED_REQUIRES_LIVE_RECHECK,SHARED_REFERENCE,Spatial association remains deferred until governed settlement geometry exists.
align:nngla:place:NG-PLC-000683,PLACE,NGP-000683,NG-NAM-SET-000683,NG-PLC-000683,683,data/novegeo/nngla/geographic-identity-places/source/04_name_catalogues/settlement_name_catalogue.csv,e6598eb8f5ca85351c11fe23629ec834d6130428a200a046ac37ddab19a4b616,CANONICAL_IDENTITY_PRESERVED_FROM_LOCKED_SUFFIX_ALLOCATION,NO_ASSOCIABLE_GEOMETRY_SOURCE,,LOCKED_BASELINE_ASSERTED_REQUIRES_LIVE_RECHECK,SHARED_REFERENCE,Spatial association remains deferred until governed settlement geometry exists.
align:nngla:place:NG-PLC-000684,PLACE,NGP-000684,NG-NAM-SET-000684,NG-PLC-000684,684,data/novegeo/nngla/geographic-identity-places/source/04_name_catalogues/settlement_name_catalogue.csv,e6598eb8f5ca85351c11fe23629ec834d6130428a200a046ac37ddab19a4b616,CANONICAL_IDENTITY_PRESERVED_FROM_LOCKED_SUFFIX_ALLOCATION,NO_ASSOCIABLE_GEOMETRY_SOURCE,,LOCKED_BASELINE_ASSERTED_REQUIRES_LIVE_RECHECK,SHARED_REFERENCE,Spatial association remains deferred until governed settlement geometry exists.
align:nngla:place:NG-PLC-000685,PLACE,NGP-000685,NG-NAM-SET-000685,NG-PLC-000685,685,data/novegeo/nngla/geographic-identity-places/source/04_name_catalogues/settlement_name_catalogue.csv,e6598eb8f5ca85351c11fe23629ec834d6130428a200a046ac37ddab19a4b616,CANONICAL_IDENTITY_PRESERVED_FROM_LOCKED_SUFFIX_ALLOCATION,NO_ASSOCIABLE_GEOMETRY_SOURCE,,LOCKED_BASELINE_ASSERTED_REQUIRES_LIVE_RECHECK,SHARED_REFERENCE,Spatial association remains deferred until governed settlement geometry exists.
align:nngla:place:NG-PLC-000686,PLACE,NGP-000686,NG-NAM-SET-000686,NG-PLC-000686,686,data/novegeo/nngla/geographic-identity-places/source/04_name_catalogues/settlement_name_catalogue.csv,e6598eb8f5ca85351c11fe23629ec834d6130428a200a046ac37ddab19a4b616,CANONICAL_IDENTITY_PRESERVED_FROM_LOCKED_SUFFIX_ALLOCATION,NO_ASSOCIABLE_GEOMETRY_SOURCE,,LOCKED_BASELINE_ASSERTED_REQUIRES_LIVE_RECHECK,SHARED_REFERENCE,Spatial association remains deferred until governed settlement geometry exists.
align:nngla:place:NG-PLC-000687,PLACE,NGP-000687,NG-NAM-SET-000687,NG-PLC-000687,687,data/novegeo/nngla/geographic-identity-places/source/04_name_catalogues/settlement_name_catalogue.csv,e6598eb8f5ca85351c11fe23629ec834d6130428a200a046ac37ddab19a4b616,CANONICAL_IDENTITY_PRESERVED_FROM_LOCKED_SUFFIX_ALLOCATION,NO_ASSOCIABLE_GEOMETRY_SOURCE,,LOCKED_BASELINE_ASSERTED_REQUIRES_LIVE_RECHECK,SHARED_REFERENCE,Spatial association remains deferred until governed settlement geometry exists.
align:nngla:place:NG-PLC-000688,PLACE,NGP-000688,NG-NAM-SET-000688,NG-PLC-000688,688,data/novegeo/nngla/geographic-identity-places/source/04_name_catalogues/settlement_name_catalogue.csv,e6598eb8f5ca85351c11fe23629ec834d6130428a200a046ac37ddab19a4b616,CANONICAL_IDENTITY_PRESERVED_FROM_LOCKED_SUFFIX_ALLOCATION,NO_ASSOCIABLE_GEOMETRY_SOURCE,,LOCKED_BASELINE_ASSERTED_REQUIRES_LIVE_RECHECK,SHARED_REFERENCE,Spatial association remains deferred until governed settlement geometry exists.
align:nngla:place:NG-PLC-000689,PLACE,NGP-000689,NG-NAM-SET-000689,NG-PLC-000689,689,data/novegeo/nngla/geographic-identity-places/source/04_name_catalogues/settlement_name_catalogue.csv,e6598eb8f5ca85351c11fe23629ec834d6130428a200a046ac37ddab19a4b616,CANONICAL_IDENTITY_PRESERVED_FROM_LOCKED_SUFFIX_ALLOCATION,NO_ASSOCIABLE_GEOMETRY_SOURCE,,LOCKED_BASELINE_ASSERTED_REQUIRES_LIVE_RECHECK,SHARED_REFERENCE,Spatial association remains deferred until governed settlement geometry exists.
align:nngla:place:NG-PLC-000690,PLACE,NGP-000690,NG-NAM-SET-000690,NG-PLC-000690,690,data/novegeo/nngla/geographic-identity-places/source/04_name_catalogues/settlement_name_catalogue.csv,e6598eb8f5ca85351c11fe23629ec834d6130428a200a046ac37ddab19a4b616,CANONICAL_IDENTITY_PRESERVED_FROM_LOCKED_SUFFIX_ALLOCATION,NO_ASSOCIABLE_GEOMETRY_SOURCE,,LOCKED_BASELINE_ASSERTED_REQUIRES_LIVE_RECHECK,SHARED_REFERENCE,Spatial association remains deferred until governed settlement geometry exists.
align:nngla:place:NG-PLC-000691,PLACE,NGP-000691,NG-NAM-SET-000691,NG-PLC-000691,691,data/novegeo/nngla/geographic-identity-places/source/04_name_catalogues/settlement_name_catalogue.csv,e6598eb8f5ca85351c11fe23629ec834d6130428a200a046ac37ddab19a4b616,CANONICAL_IDENTITY_PRESERVED_FROM_LOCKED_SUFFIX_ALLOCATION,NO_ASSOCIABLE_GEOMETRY_SOURCE,,LOCKED_BASELINE_ASSERTED_REQUIRES_LIVE_RECHECK,SHARED_REFERENCE,Spatial association remains deferred until governed settlement geometry exists.
align:nngla:place:NG-PLC-000692,PLACE,NGP-000692,NG-NAM-SET-000692,NG-PLC-000692,692,data/novegeo/nngla/geographic-identity-places/source/04_name_catalogues/settlement_name_catalogue.csv,e6598eb8f5ca85351c11fe23629ec834d6130428a200a046ac37ddab19a4b616,CANONICAL_IDENTITY_PRESERVED_FROM_LOCKED_SUFFIX_ALLOCATION,NO_ASSOCIABLE_GEOMETRY_SOURCE,,LOCKED_BASELINE_ASSERTED_REQUIRES_LIVE_RECHECK,SHARED_REFERENCE,Spatial association remains deferred until governed settlement geometry exists.
align:nngla:place:NG-PLC-000693,PLACE,NGP-000693,NG-NAM-SET-000693,NG-PLC-000693,693,data/novegeo/nngla/geographic-identity-places/source/04_name_catalogues/settlement_name_catalogue.csv,e6598eb8f5ca85351c11fe23629ec834d6130428a200a046ac37ddab19a4b616,CANONICAL_IDENTITY_PRESERVED_FROM_LOCKED_SUFFIX_ALLOCATION,NO_ASSOCIABLE_GEOMETRY_SOURCE,,LOCKED_BASELINE_ASSERTED_REQUIRES_LIVE_RECHECK,SHARED_REFERENCE,Spatial association remains deferred until governed settlement geometry exists.
align:nngla:place:NG-PLC-000694,PLACE,NGP-000694,NG-NAM-SET-000694,NG-PLC-000694,694,data/novegeo/nngla/geographic-identity-places/source/04_name_catalogues/settlement_name_catalogue.csv,e6598eb8f5ca85351c11fe23629ec834d6130428a200a046ac37ddab19a4b616,CANONICAL_IDENTITY_PRESERVED_FROM_LOCKED_SUFFIX_ALLOCATION,NO_ASSOCIABLE_GEOMETRY_SOURCE,,LOCKED_BASELINE_ASSERTED_REQUIRES_LIVE_RECHECK,SHARED_REFERENCE,Spatial association remains deferred until governed settlement geometry exists.
align:nngla:place:NG-PLC-000695,PLACE,NGP-000695,NG-NAM-SET-000695,NG-PLC-000695,695,data/novegeo/nngla/geographic-identity-places/source/04_name_catalogues/settlement_name_catalogue.csv,e6598eb8f5ca85351c11fe23629ec834d6130428a200a046ac37ddab19a4b616,CANONICAL_IDENTITY_PRESERVED_FROM_LOCKED_SUFFIX_ALLOCATION,NO_ASSOCIABLE_GEOMETRY_SOURCE,,LOCKED_BASELINE_ASSERTED_REQUIRES_LIVE_RECHECK,SHARED_REFERENCE,Spatial association remains deferred until governed settlement geometry exists.
align:nngla:place:NG-PLC-000696,PLACE,NGP-000696,NG-NAM-SET-000696,NG-PLC-000696,696,data/novegeo/nngla/geographic-identity-places/source/04_name_catalogues/settlement_name_catalogue.csv,e6598eb8f5ca85351c11fe23629ec834d6130428a200a046ac37ddab19a4b616,CANONICAL_IDENTITY_PRESERVED_FROM_LOCKED_SUFFIX_ALLOCATION,NO_ASSOCIABLE_GEOMETRY_SOURCE,,LOCKED_BASELINE_ASSERTED_REQUIRES_LIVE_RECHECK,SHARED_REFERENCE,Spatial association remains deferred until governed settlement geometry exists.
align:nngla:place:NG-PLC-000697,PLACE,NGP-000697,NG-NAM-SET-000697,NG-PLC-000697,697,data/novegeo/nngla/geographic-identity-places/source/04_name_catalogues/settlement_name_catalogue.csv,e6598eb8f5ca85351c11fe23629ec834d6130428a200a046ac37ddab19a4b616,CANONICAL_IDENTITY_PRESERVED_FROM_LOCKED_SUFFIX_ALLOCATION,NO_ASSOCIABLE_GEOMETRY_SOURCE,,LOCKED_BASELINE_ASSERTED_REQUIRES_LIVE_RECHECK,SHARED_REFERENCE,Spatial association remains deferred until governed settlement geometry exists.
align:nngla:place:NG-PLC-000698,PLACE,NGP-000698,NG-NAM-SET-000698,NG-PLC-000698,698,data/novegeo/nngla/geographic-identity-places/source/04_name_catalogues/settlement_name_catalogue.csv,e6598eb8f5ca85351c11fe23629ec834d6130428a200a046ac37ddab19a4b616,CANONICAL_IDENTITY_PRESERVED_FROM_LOCKED_SUFFIX_ALLOCATION,NO_ASSOCIABLE_GEOMETRY_SOURCE,,LOCKED_BASELINE_ASSERTED_REQUIRES_LIVE_RECHECK,SHARED_REFERENCE,Spatial association remains deferred until governed settlement geometry exists.
align:nngla:place:NG-PLC-000699,PLACE,NGP-000699,NG-NAM-SET-000699,NG-PLC-000699,699,data/novegeo/nngla/geographic-identity-places/source/04_name_catalogues/settlement_name_catalogue.csv,e6598eb8f5ca85351c11fe23629ec834d6130428a200a046ac37ddab19a4b616,CANONICAL_IDENTITY_PRESERVED_FROM_LOCKED_SUFFIX_ALLOCATION,NO_ASSOCIABLE_GEOMETRY_SOURCE,,LOCKED_BASELINE_ASSERTED_REQUIRES_LIVE_RECHECK,SHARED_REFERENCE,Spatial association remains deferred until governed settlement geometry exists.
align:nngla:place:NG-PLC-000700,PLACE,NGP-000700,NG-NAM-SET-000700,NG-PLC-000700,700,data/novegeo/nngla/geographic-identity-places/source/04_name_catalogues/settlement_name_catalogue.csv,e6598eb8f5ca85351c11fe23629ec834d6130428a200a046ac37ddab19a4b616,CANONICAL_IDENTITY_PRESERVED_FROM_LOCKED_SUFFIX_ALLOCATION,NO_ASSOCIABLE_GEOMETRY_SOURCE,,LOCKED_BASELINE_ASSERTED_REQUIRES_LIVE_RECHECK,SHARED_REFERENCE,Spatial association remains deferred until governed settlement geometry exists.
align:nngla:administrative_area:NG-ADM-000001,ADMINISTRATIVE_AREA,NGR-01,NG-ADM-CAND-000001,NG-ADM-000001,1,data/novegeo/nngla/geographic-identity-places/source/05_geographic_candidates/administrative_area_candidates.csv,61b83d76fa7324e8e062e7dc479c6958ceba15a8dfff170fab17fbffe6a48e00,CANONICAL_IDENTITY_PRESERVED_FROM_LOCKED_SUFFIX_ALLOCATION,NO_ASSOCIABLE_GEOMETRY_SOURCE,,LOCKED_BASELINE_ASSERTED_REQUIRES_LIVE_RECHECK,SHARED_REFERENCE,Boundary geometry remains deferred; no polygon is fabricated from hierarchy alone.
align:nngla:administrative_area:NG-ADM-000002,ADMINISTRATIVE_AREA,NGR-02,NG-ADM-CAND-000002,NG-ADM-000002,2,data/novegeo/nngla/geographic-identity-places/source/05_geographic_candidates/administrative_area_candidates.csv,61b83d76fa7324e8e062e7dc479c6958ceba15a8dfff170fab17fbffe6a48e00,CANONICAL_IDENTITY_PRESERVED_FROM_LOCKED_SUFFIX_ALLOCATION,NO_ASSOCIABLE_GEOMETRY_SOURCE,,LOCKED_BASELINE_ASSERTED_REQUIRES_LIVE_RECHECK,SHARED_REFERENCE,Boundary geometry remains deferred; no polygon is fabricated from hierarchy alone.
align:nngla:administrative_area:NG-ADM-000003,ADMINISTRATIVE_AREA,NGR-03,NG-ADM-CAND-000003,NG-ADM-000003,3,data/novegeo/nngla/geographic-identity-places/source/05_geographic_candidates/administrative_area_candidates.csv,61b83d76fa7324e8e062e7dc479c6958ceba15a8dfff170fab17fbffe6a48e00,CANONICAL_IDENTITY_PRESERVED_FROM_LOCKED_SUFFIX_ALLOCATION,NO_ASSOCIABLE_GEOMETRY_SOURCE,,LOCKED_BASELINE_ASSERTED_REQUIRES_LIVE_RECHECK,SHARED_REFERENCE,Boundary geometry remains deferred; no polygon is fabricated from hierarchy alone.
align:nngla:administrative_area:NG-ADM-000004,ADMINISTRATIVE_AREA,NGR-04,NG-ADM-CAND-000004,NG-ADM-000004,4,data/novegeo/nngla/geographic-identity-places/source/05_geographic_candidates/administrative_area_candidates.csv,61b83d76fa7324e8e062e7dc479c6958ceba15a8dfff170fab17fbffe6a48e00,CANONICAL_IDENTITY_PRESERVED_FROM_LOCKED_SUFFIX_ALLOCATION,NO_ASSOCIABLE_GEOMETRY_SOURCE,,LOCKED_BASELINE_ASSERTED_REQUIRES_LIVE_RECHECK,SHARED_REFERENCE,Boundary geometry remains deferred; no polygon is fabricated from hierarchy alone.
align:nngla:administrative_area:NG-ADM-000005,ADMINISTRATIVE_AREA,NGR-05,NG-ADM-CAND-000005,NG-ADM-000005,5,data/novegeo/nngla/geographic-identity-places/source/05_geographic_candidates/administrative_area_candidates.csv,61b83d76fa7324e8e062e7dc479c6958ceba15a8dfff170fab17fbffe6a48e00,CANONICAL_IDENTITY_PRESERVED_FROM_LOCKED_SUFFIX_ALLOCATION,NO_ASSOCIABLE_GEOMETRY_SOURCE,,LOCKED_BASELINE_ASSERTED_REQUIRES_LIVE_RECHECK,SHARED_REFERENCE,Boundary geometry remains deferred; no polygon is fabricated from hierarchy alone.
align:nngla:administrative_area:NG-ADM-000006,ADMINISTRATIVE_AREA,NGR-06,NG-ADM-CAND-000006,NG-ADM-000006,6,data/novegeo/nngla/geographic-identity-places/source/05_geographic_candidates/administrative_area_candidates.csv,61b83d76fa7324e8e062e7dc479c6958ceba15a8dfff170fab17fbffe6a48e00,CANONICAL_IDENTITY_PRESERVED_FROM_LOCKED_SUFFIX_ALLOCATION,NO_ASSOCIABLE_GEOMETRY_SOURCE,,LOCKED_BASELINE_ASSERTED_REQUIRES_LIVE_RECHECK,SHARED_REFERENCE,Boundary geometry remains deferred; no polygon is fabricated from hierarchy alone.
align:nngla:administrative_area:NG-ADM-000007,ADMINISTRATIVE_AREA,NGR-07,NG-ADM-CAND-000007,NG-ADM-000007,7,data/novegeo/nngla/geographic-identity-places/source/05_geographic_candidates/administrative_area_candidates.csv,61b83d76fa7324e8e062e7dc479c6958ceba15a8dfff170fab17fbffe6a48e00,CANONICAL_IDENTITY_PRESERVED_FROM_LOCKED_SUFFIX_ALLOCATION,NO_ASSOCIABLE_GEOMETRY_SOURCE,,LOCKED_BASELINE_ASSERTED_REQUIRES_LIVE_RECHECK,SHARED_REFERENCE,Boundary geometry remains deferred; no polygon is fabricated from hierarchy alone.
align:nngla:administrative_area:NG-ADM-000008,ADMINISTRATIVE_AREA,NGR-08,NG-ADM-CAND-000008,NG-ADM-000008,8,data/novegeo/nngla/geographic-identity-places/source/05_geographic_candidates/administrative_area_candidates.csv,61b83d76fa7324e8e062e7dc479c6958ceba15a8dfff170fab17fbffe6a48e00,CANONICAL_IDENTITY_PRESERVED_FROM_LOCKED_SUFFIX_ALLOCATION,NO_ASSOCIABLE_GEOMETRY_SOURCE,,LOCKED_BASELINE_ASSERTED_REQUIRES_LIVE_RECHECK,SHARED_REFERENCE,Boundary geometry remains deferred; no polygon is fabricated from hierarchy alone.
align:nngla:administrative_area:NG-ADM-000009,ADMINISTRATIVE_AREA,NGP-000001,NG-ADM-CAND-000009,NG-ADM-000009,9,data/novegeo/nngla/geographic-identity-places/source/05_geographic_candidates/administrative_area_candidates.csv,61b83d76fa7324e8e062e7dc479c6958ceba15a8dfff170fab17fbffe6a48e00,CANONICAL_IDENTITY_PRESERVED_FROM_LOCKED_SUFFIX_ALLOCATION,NO_ASSOCIABLE_GEOMETRY_SOURCE,,LOCKED_BASELINE_ASSERTED_REQUIRES_LIVE_RECHECK,SHARED_REFERENCE,Boundary geometry remains deferred; no polygon is fabricated from hierarchy alone.
align:nngla:administrative_area:NG-ADM-000010,ADMINISTRATIVE_AREA,NGP-000002,NG-ADM-CAND-000010,NG-ADM-000010,10,data/novegeo/nngla/geographic-identity-places/source/05_geographic_candidates/administrative_area_candidates.csv,61b83d76fa7324e8e062e7dc479c6958ceba15a8dfff170fab17fbffe6a48e00,CANONICAL_IDENTITY_PRESERVED_FROM_LOCKED_SUFFIX_ALLOCATION,NO_ASSOCIABLE_GEOMETRY_SOURCE,,LOCKED_BASELINE_ASSERTED_REQUIRES_LIVE_RECHECK,SHARED_REFERENCE,Boundary geometry remains deferred; no polygon is fabricated from hierarchy alone.
align:nngla:administrative_area:NG-ADM-000011,ADMINISTRATIVE_AREA,NGP-000003,NG-ADM-CAND-000011,NG-ADM-000011,11,data/novegeo/nngla/geographic-identity-places/source/05_geographic_candidates/administrative_area_candidates.csv,61b83d76fa7324e8e062e7dc479c6958ceba15a8dfff170fab17fbffe6a48e00,CANONICAL_IDENTITY_PRESERVED_FROM_LOCKED_SUFFIX_ALLOCATION,NO_ASSOCIABLE_GEOMETRY_SOURCE,,LOCKED_BASELINE_ASSERTED_REQUIRES_LIVE_RECHECK,SHARED_REFERENCE,Boundary geometry remains deferred; no polygon is fabricated from hierarchy alone.
align:nngla:administrative_area:NG-ADM-000012,ADMINISTRATIVE_AREA,NGP-000004,NG-ADM-CAND-000012,NG-ADM-000012,12,data/novegeo/nngla/geographic-identity-places/source/05_geographic_candidates/administrative_area_candidates.csv,61b83d76fa7324e8e062e7dc479c6958ceba15a8dfff170fab17fbffe6a48e00,CANONICAL_IDENTITY_PRESERVED_FROM_LOCKED_SUFFIX_ALLOCATION,NO_ASSOCIABLE_GEOMETRY_SOURCE,,LOCKED_BASELINE_ASSERTED_REQUIRES_LIVE_RECHECK,SHARED_REFERENCE,Boundary geometry remains deferred; no polygon is fabricated from hierarchy alone.
align:nngla:administrative_area:NG-ADM-000013,ADMINISTRATIVE_AREA,NGP-000005,NG-ADM-CAND-000013,NG-ADM-000013,13,data/novegeo/nngla/geographic-identity-places/source/05_geographic_candidates/administrative_area_candidates.csv,61b83d76fa7324e8e062e7dc479c6958ceba15a8dfff170fab17fbffe6a48e00,CANONICAL_IDENTITY_PRESERVED_FROM_LOCKED_SUFFIX_ALLOCATION,NO_ASSOCIABLE_GEOMETRY_SOURCE,,LOCKED_BASELINE_ASSERTED_REQUIRES_LIVE_RECHECK,SHARED_REFERENCE,Boundary geometry remains deferred; no polygon is fabricated from hierarchy alone.
align:nngla:administrative_area:NG-ADM-000014,ADMINISTRATIVE_AREA,NGP-000006,NG-ADM-CAND-000014,NG-ADM-000014,14,data/novegeo/nngla/geographic-identity-places/source/05_geographic_candidates/administrative_area_candidates.csv,61b83d76fa7324e8e062e7dc479c6958ceba15a8dfff170fab17fbffe6a48e00,CANONICAL_IDENTITY_PRESERVED_FROM_LOCKED_SUFFIX_ALLOCATION,NO_ASSOCIABLE_GEOMETRY_SOURCE,,LOCKED_BASELINE_ASSERTED_REQUIRES_LIVE_RECHECK,SHARED_REFERENCE,Boundary geometry remains deferred; no polygon is fabricated from hierarchy alone.
align:nngla:administrative_area:NG-ADM-000015,ADMINISTRATIVE_AREA,NGP-000007,NG-ADM-CAND-000015,NG-ADM-000015,15,data/novegeo/nngla/geographic-identity-places/source/05_geographic_candidates/administrative_area_candidates.csv,61b83d76fa7324e8e062e7dc479c6958ceba15a8dfff170fab17fbffe6a48e00,CANONICAL_IDENTITY_PRESERVED_FROM_LOCKED_SUFFIX_ALLOCATION,NO_ASSOCIABLE_GEOMETRY_SOURCE,,LOCKED_BASELINE_ASSERTED_REQUIRES_LIVE_RECHECK,SHARED_REFERENCE,Boundary geometry remains deferred; no polygon is fabricated from hierarchy alone.
align:nngla:administrative_area:NG-ADM-000016,ADMINISTRATIVE_AREA,NGP-000008,NG-ADM-CAND-000016,NG-ADM-000016,16,data/novegeo/nngla/geographic-identity-places/source/05_geographic_candidates/administrative_area_candidates.csv,61b83d76fa7324e8e062e7dc479c6958ceba15a8dfff170fab17fbffe6a48e00,CANONICAL_IDENTITY_PRESERVED_FROM_LOCKED_SUFFIX_ALLOCATION,NO_ASSOCIABLE_GEOMETRY_SOURCE,,LOCKED_BASELINE_ASSERTED_REQUIRES_LIVE_RECHECK,SHARED_REFERENCE,Boundary geometry remains deferred; no polygon is fabricated from hierarchy alone.
align:nngla:administrative_area:NG-ADM-000017,ADMINISTRATIVE_AREA,NGP-000009,NG-ADM-CAND-000017,NG-ADM-000017,17,data/novegeo/nngla/geographic-identity-places/source/05_geographic_candidates/administrative_area_candidates.csv,61b83d76fa7324e8e062e7dc479c6958ceba15a8dfff170fab17fbffe6a48e00,CANONICAL_IDENTITY_PRESERVED_FROM_LOCKED_SUFFIX_ALLOCATION,NO_ASSOCIABLE_GEOMETRY_SOURCE,,LOCKED_BASELINE_ASSERTED_REQUIRES_LIVE_RECHECK,SHARED_REFERENCE,Boundary geometry remains deferred; no polygon is fabricated from hierarchy alone.
align:nngla:administrative_area:NG-ADM-000018,ADMINISTRATIVE_AREA,NGP-000010,NG-ADM-CAND-000018,NG-ADM-000018,18,data/novegeo/nngla/geographic-identity-places/source/05_geographic_candidates/administrative_area_candidates.csv,61b83d76fa7324e8e062e7dc479c6958ceba15a8dfff170fab17fbffe6a48e00,CANONICAL_IDENTITY_PRESERVED_FROM_LOCKED_SUFFIX_ALLOCATION,NO_ASSOCIABLE_GEOMETRY_SOURCE,,LOCKED_BASELINE_ASSERTED_REQUIRES_LIVE_RECHECK,SHARED_REFERENCE,Boundary geometry remains deferred; no polygon is fabricated from hierarchy alone.
align:nngla:administrative_area:NG-ADM-000019,ADMINISTRATIVE_AREA,NGP-000011,NG-ADM-CAND-000019,NG-ADM-000019,19,data/novegeo/nngla/geographic-identity-places/source/05_geographic_candidates/administrative_area_candidates.csv,61b83d76fa7324e8e062e7dc479c6958ceba15a8dfff170fab17fbffe6a48e00,CANONICAL_IDENTITY_PRESERVED_FROM_LOCKED_SUFFIX_ALLOCATION,NO_ASSOCIABLE_GEOMETRY_SOURCE,,LOCKED_BASELINE_ASSERTED_REQUIRES_LIVE_RECHECK,SHARED_REFERENCE,Boundary geometry remains deferred; no polygon is fabricated from hierarchy alone.
align:nngla:administrative_area:NG-ADM-000020,ADMINISTRATIVE_AREA,NGP-000012,NG-ADM-CAND-000020,NG-ADM-000020,20,data/novegeo/nngla/geographic-identity-places/source/05_geographic_candidates/administrative_area_candidates.csv,61b83d76fa7324e8e062e7dc479c6958ceba15a8dfff170fab17fbffe6a48e00,CANONICAL_IDENTITY_PRESERVED_FROM_LOCKED_SUFFIX_ALLOCATION,NO_ASSOCIABLE_GEOMETRY_SOURCE,,LOCKED_BASELINE_ASSERTED_REQUIRES_LIVE_RECHECK,SHARED_REFERENCE,Boundary geometry remains deferred; no polygon is fabricated from hierarchy alone.
align:nngla:administrative_area:NG-ADM-000021,ADMINISTRATIVE_AREA,NGP-000040,NG-ADM-CAND-000021,NG-ADM-000021,21,data/novegeo/nngla/geographic-identity-places/source/05_geographic_candidates/administrative_area_candidates.csv,61b83d76fa7324e8e062e7dc479c6958ceba15a8dfff170fab17fbffe6a48e00,CANONICAL_IDENTITY_PRESERVED_FROM_LOCKED_SUFFIX_ALLOCATION,NO_ASSOCIABLE_GEOMETRY_SOURCE,,LOCKED_BASELINE_ASSERTED_REQUIRES_LIVE_RECHECK,SHARED_REFERENCE,Boundary geometry remains deferred; no polygon is fabricated from hierarchy alone.
align:nngla:administrative_area:NG-ADM-000022,ADMINISTRATIVE_AREA,NGP-000041,NG-ADM-CAND-000022,NG-ADM-000022,22,data/novegeo/nngla/geographic-identity-places/source/05_geographic_candidates/administrative_area_candidates.csv,61b83d76fa7324e8e062e7dc479c6958ceba15a8dfff170fab17fbffe6a48e00,CANONICAL_IDENTITY_PRESERVED_FROM_LOCKED_SUFFIX_ALLOCATION,NO_ASSOCIABLE_GEOMETRY_SOURCE,,LOCKED_BASELINE_ASSERTED_REQUIRES_LIVE_RECHECK,SHARED_REFERENCE,Boundary geometry remains deferred; no polygon is fabricated from hierarchy alone.
align:nngla:administrative_area:NG-ADM-000023,ADMINISTRATIVE_AREA,NGP-000042,NG-ADM-CAND-000023,NG-ADM-000023,23,data/novegeo/nngla/geographic-identity-places/source/05_geographic_candidates/administrative_area_candidates.csv,61b83d76fa7324e8e062e7dc479c6958ceba15a8dfff170fab17fbffe6a48e00,CANONICAL_IDENTITY_PRESERVED_FROM_LOCKED_SUFFIX_ALLOCATION,NO_ASSOCIABLE_GEOMETRY_SOURCE,,LOCKED_BASELINE_ASSERTED_REQUIRES_LIVE_RECHECK,SHARED_REFERENCE,Boundary geometry remains deferred; no polygon is fabricated from hierarchy alone.
align:nngla:administrative_area:NG-ADM-000024,ADMINISTRATIVE_AREA,NGP-000043,NG-ADM-CAND-000024,NG-ADM-000024,24,data/novegeo/nngla/geographic-identity-places/source/05_geographic_candidates/administrative_area_candidates.csv,61b83d76fa7324e8e062e7dc479c6958ceba15a8dfff170fab17fbffe6a48e00,CANONICAL_IDENTITY_PRESERVED_FROM_LOCKED_SUFFIX_ALLOCATION,NO_ASSOCIABLE_GEOMETRY_SOURCE,,LOCKED_BASELINE_ASSERTED_REQUIRES_LIVE_RECHECK,SHARED_REFERENCE,Boundary geometry remains deferred; no polygon is fabricated from hierarchy alone.
align:nngla:administrative_area:NG-ADM-000025,ADMINISTRATIVE_AREA,NGP-000044,NG-ADM-CAND-000025,NG-ADM-000025,25,data/novegeo/nngla/geographic-identity-places/source/05_geographic_candidates/administrative_area_candidates.csv,61b83d76fa7324e8e062e7dc479c6958ceba15a8dfff170fab17fbffe6a48e00,CANONICAL_IDENTITY_PRESERVED_FROM_LOCKED_SUFFIX_ALLOCATION,NO_ASSOCIABLE_GEOMETRY_SOURCE,,LOCKED_BASELINE_ASSERTED_REQUIRES_LIVE_RECHECK,SHARED_REFERENCE,Boundary geometry remains deferred; no polygon is fabricated from hierarchy alone.
align:nngla:administrative_area:NG-ADM-000026,ADMINISTRATIVE_AREA,NGP-000045,NG-ADM-CAND-000026,NG-ADM-000026,26,data/novegeo/nngla/geographic-identity-places/source/05_geographic_candidates/administrative_area_candidates.csv,61b83d76fa7324e8e062e7dc479c6958ceba15a8dfff170fab17fbffe6a48e00,CANONICAL_IDENTITY_PRESERVED_FROM_LOCKED_SUFFIX_ALLOCATION,NO_ASSOCIABLE_GEOMETRY_SOURCE,,LOCKED_BASELINE_ASSERTED_REQUIRES_LIVE_RECHECK,SHARED_REFERENCE,Boundary geometry remains deferred; no polygon is fabricated from hierarchy alone.
align:nngla:administrative_area:NG-ADM-000027,ADMINISTRATIVE_AREA,NGP-000046,NG-ADM-CAND-000027,NG-ADM-000027,27,data/novegeo/nngla/geographic-identity-places/source/05_geographic_candidates/administrative_area_candidates.csv,61b83d76fa7324e8e062e7dc479c6958ceba15a8dfff170fab17fbffe6a48e00,CANONICAL_IDENTITY_PRESERVED_FROM_LOCKED_SUFFIX_ALLOCATION,NO_ASSOCIABLE_GEOMETRY_SOURCE,,LOCKED_BASELINE_ASSERTED_REQUIRES_LIVE_RECHECK,SHARED_REFERENCE,Boundary geometry remains deferred; no polygon is fabricated from hierarchy alone.
align:nngla:administrative_area:NG-ADM-000028,ADMINISTRATIVE_AREA,NGP-000047,NG-ADM-CAND-000028,NG-ADM-000028,28,data/novegeo/nngla/geographic-identity-places/source/05_geographic_candidates/administrative_area_candidates.csv,61b83d76fa7324e8e062e7dc479c6958ceba15a8dfff170fab17fbffe6a48e00,CANONICAL_IDENTITY_PRESERVED_FROM_LOCKED_SUFFIX_ALLOCATION,NO_ASSOCIABLE_GEOMETRY_SOURCE,,LOCKED_BASELINE_ASSERTED_REQUIRES_LIVE_RECHECK,SHARED_REFERENCE,Boundary geometry remains deferred; no polygon is fabricated from hierarchy alone.
align:nngla:administrative_area:NG-ADM-000029,ADMINISTRATIVE_AREA,NGP-000048,NG-ADM-CAND-000029,NG-ADM-000029,29,data/novegeo/nngla/geographic-identity-places/source/05_geographic_candidates/administrative_area_candidates.csv,61b83d76fa7324e8e062e7dc479c6958ceba15a8dfff170fab17fbffe6a48e00,CANONICAL_IDENTITY_PRESERVED_FROM_LOCKED_SUFFIX_ALLOCATION,NO_ASSOCIABLE_GEOMETRY_SOURCE,,LOCKED_BASELINE_ASSERTED_REQUIRES_LIVE_RECHECK,SHARED_REFERENCE,Boundary geometry remains deferred; no polygon is fabricated from hierarchy alone.
align:nngla:administrative_area:NG-ADM-000030,ADMINISTRATIVE_AREA,NGP-000084,NG-ADM-CAND-000030,NG-ADM-000030,30,data/novegeo/nngla/geographic-identity-places/source/05_geographic_candidates/administrative_area_candidates.csv,61b83d76fa7324e8e062e7dc479c6958ceba15a8dfff170fab17fbffe6a48e00,CANONICAL_IDENTITY_PRESERVED_FROM_LOCKED_SUFFIX_ALLOCATION,NO_ASSOCIABLE_GEOMETRY_SOURCE,,LOCKED_BASELINE_ASSERTED_REQUIRES_LIVE_RECHECK,SHARED_REFERENCE,Boundary geometry remains deferred; no polygon is fabricated from hierarchy alone.
align:nngla:administrative_area:NG-ADM-000031,ADMINISTRATIVE_AREA,NGP-000085,NG-ADM-CAND-000031,NG-ADM-000031,31,data/novegeo/nngla/geographic-identity-places/source/05_geographic_candidates/administrative_area_candidates.csv,61b83d76fa7324e8e062e7dc479c6958ceba15a8dfff170fab17fbffe6a48e00,CANONICAL_IDENTITY_PRESERVED_FROM_LOCKED_SUFFIX_ALLOCATION,NO_ASSOCIABLE_GEOMETRY_SOURCE,,LOCKED_BASELINE_ASSERTED_REQUIRES_LIVE_RECHECK,SHARED_REFERENCE,Boundary geometry remains deferred; no polygon is fabricated from hierarchy alone.
align:nngla:administrative_area:NG-ADM-000032,ADMINISTRATIVE_AREA,NGP-000086,NG-ADM-CAND-000032,NG-ADM-000032,32,data/novegeo/nngla/geographic-identity-places/source/05_geographic_candidates/administrative_area_candidates.csv,61b83d76fa7324e8e062e7dc479c6958ceba15a8dfff170fab17fbffe6a48e00,CANONICAL_IDENTITY_PRESERVED_FROM_LOCKED_SUFFIX_ALLOCATION,NO_ASSOCIABLE_GEOMETRY_SOURCE,,LOCKED_BASELINE_ASSERTED_REQUIRES_LIVE_RECHECK,SHARED_REFERENCE,Boundary geometry remains deferred; no polygon is fabricated from hierarchy alone.
align:nngla:administrative_area:NG-ADM-000033,ADMINISTRATIVE_AREA,NGP-000087,NG-ADM-CAND-000033,NG-ADM-000033,33,data/novegeo/nngla/geographic-identity-places/source/05_geographic_candidates/administrative_area_candidates.csv,61b83d76fa7324e8e062e7dc479c6958ceba15a8dfff170fab17fbffe6a48e00,CANONICAL_IDENTITY_PRESERVED_FROM_LOCKED_SUFFIX_ALLOCATION,NO_ASSOCIABLE_GEOMETRY_SOURCE,,LOCKED_BASELINE_ASSERTED_REQUIRES_LIVE_RECHECK,SHARED_REFERENCE,Boundary geometry remains deferred; no polygon is fabricated from hierarchy alone.
align:nngla:administrative_area:NG-ADM-000034,ADMINISTRATIVE_AREA,NGP-000088,NG-ADM-CAND-000034,NG-ADM-000034,34,data/novegeo/nngla/geographic-identity-places/source/05_geographic_candidates/administrative_area_candidates.csv,61b83d76fa7324e8e062e7dc479c6958ceba15a8dfff170fab17fbffe6a48e00,CANONICAL_IDENTITY_PRESERVED_FROM_LOCKED_SUFFIX_ALLOCATION,NO_ASSOCIABLE_GEOMETRY_SOURCE,,LOCKED_BASELINE_ASSERTED_REQUIRES_LIVE_RECHECK,SHARED_REFERENCE,Boundary geometry remains deferred; no polygon is fabricated from hierarchy alone.
align:nngla:administrative_area:NG-ADM-000035,ADMINISTRATIVE_AREA,NGP-000089,NG-ADM-CAND-000035,NG-ADM-000035,35,data/novegeo/nngla/geographic-identity-places/source/05_geographic_candidates/administrative_area_candidates.csv,61b83d76fa7324e8e062e7dc479c6958ceba15a8dfff170fab17fbffe6a48e00,CANONICAL_IDENTITY_PRESERVED_FROM_LOCKED_SUFFIX_ALLOCATION,NO_ASSOCIABLE_GEOMETRY_SOURCE,,LOCKED_BASELINE_ASSERTED_REQUIRES_LIVE_RECHECK,SHARED_REFERENCE,Boundary geometry remains deferred; no polygon is fabricated from hierarchy alone.
align:nngla:administrative_area:NG-ADM-000036,ADMINISTRATIVE_AREA,NGP-000090,NG-ADM-CAND-000036,NG-ADM-000036,36,data/novegeo/nngla/geographic-identity-places/source/05_geographic_candidates/administrative_area_candidates.csv,61b83d76fa7324e8e062e7dc479c6958ceba15a8dfff170fab17fbffe6a48e00,CANONICAL_IDENTITY_PRESERVED_FROM_LOCKED_SUFFIX_ALLOCATION,NO_ASSOCIABLE_GEOMETRY_SOURCE,,LOCKED_BASELINE_ASSERTED_REQUIRES_LIVE_RECHECK,SHARED_REFERENCE,Boundary geometry remains deferred; no polygon is fabricated from hierarchy alone.
align:nngla:administrative_area:NG-ADM-000037,ADMINISTRATIVE_AREA,NGP-000091,NG-ADM-CAND-000037,NG-ADM-000037,37,data/novegeo/nngla/geographic-identity-places/source/05_geographic_candidates/administrative_area_candidates.csv,61b83d76fa7324e8e062e7dc479c6958ceba15a8dfff170fab17fbffe6a48e00,CANONICAL_IDENTITY_PRESERVED_FROM_LOCKED_SUFFIX_ALLOCATION,NO_ASSOCIABLE_GEOMETRY_SOURCE,,LOCKED_BASELINE_ASSERTED_REQUIRES_LIVE_RECHECK,SHARED_REFERENCE,Boundary geometry remains deferred; no polygon is fabricated from hierarchy alone.
align:nngla:administrative_area:NG-ADM-000038,ADMINISTRATIVE_AREA,NGP-000092,NG-ADM-CAND-000038,NG-ADM-000038,38,data/novegeo/nngla/geographic-identity-places/source/05_geographic_candidates/administrative_area_candidates.csv,61b83d76fa7324e8e062e7dc479c6958ceba15a8dfff170fab17fbffe6a48e00,CANONICAL_IDENTITY_PRESERVED_FROM_LOCKED_SUFFIX_ALLOCATION,NO_ASSOCIABLE_GEOMETRY_SOURCE,,LOCKED_BASELINE_ASSERTED_REQUIRES_LIVE_RECHECK,SHARED_REFERENCE,Boundary geometry remains deferred; no polygon is fabricated from hierarchy alone.
align:nngla:administrative_area:NG-ADM-000039,ADMINISTRATIVE_AREA,NGP-000093,NG-ADM-CAND-000039,NG-ADM-000039,39,data/novegeo/nngla/geographic-identity-places/source/05_geographic_candidates/administrative_area_candidates.csv,61b83d76fa7324e8e062e7dc479c6958ceba15a8dfff170fab17fbffe6a48e00,CANONICAL_IDENTITY_PRESERVED_FROM_LOCKED_SUFFIX_ALLOCATION,NO_ASSOCIABLE_GEOMETRY_SOURCE,,LOCKED_BASELINE_ASSERTED_REQUIRES_LIVE_RECHECK,SHARED_REFERENCE,Boundary geometry remains deferred; no polygon is fabricated from hierarchy alone.
align:nngla:administrative_area:NG-ADM-000040,ADMINISTRATIVE_AREA,NGP-000094,NG-ADM-CAND-000040,NG-ADM-000040,40,data/novegeo/nngla/geographic-identity-places/source/05_geographic_candidates/administrative_area_candidates.csv,61b83d76fa7324e8e062e7dc479c6958ceba15a8dfff170fab17fbffe6a48e00,CANONICAL_IDENTITY_PRESERVED_FROM_LOCKED_SUFFIX_ALLOCATION,NO_ASSOCIABLE_GEOMETRY_SOURCE,,LOCKED_BASELINE_ASSERTED_REQUIRES_LIVE_RECHECK,SHARED_REFERENCE,Boundary geometry remains deferred; no polygon is fabricated from hierarchy alone.
align:nngla:administrative_area:NG-ADM-000041,ADMINISTRATIVE_AREA,NGP-000095,NG-ADM-CAND-000041,NG-ADM-000041,41,data/novegeo/nngla/geographic-identity-places/source/05_geographic_candidates/administrative_area_candidates.csv,61b83d76fa7324e8e062e7dc479c6958ceba15a8dfff170fab17fbffe6a48e00,CANONICAL_IDENTITY_PRESERVED_FROM_LOCKED_SUFFIX_ALLOCATION,NO_ASSOCIABLE_GEOMETRY_SOURCE,,LOCKED_BASELINE_ASSERTED_REQUIRES_LIVE_RECHECK,SHARED_REFERENCE,Boundary geometry remains deferred; no polygon is fabricated from hierarchy alone.
align:nngla:administrative_area:NG-ADM-000042,ADMINISTRATIVE_AREA,NGP-000096,NG-ADM-CAND-000042,NG-ADM-000042,42,data/novegeo/nngla/geographic-identity-places/source/05_geographic_candidates/administrative_area_candidates.csv,61b83d76fa7324e8e062e7dc479c6958ceba15a8dfff170fab17fbffe6a48e00,CANONICAL_IDENTITY_PRESERVED_FROM_LOCKED_SUFFIX_ALLOCATION,NO_ASSOCIABLE_GEOMETRY_SOURCE,,LOCKED_BASELINE_ASSERTED_REQUIRES_LIVE_RECHECK,SHARED_REFERENCE,Boundary geometry remains deferred; no polygon is fabricated from hierarchy alone.
align:nngla:administrative_area:NG-ADM-000043,ADMINISTRATIVE_AREA,NGP-000097,NG-ADM-CAND-000043,NG-ADM-000043,43,data/novegeo/nngla/geographic-identity-places/source/05_geographic_candidates/administrative_area_candidates.csv,61b83d76fa7324e8e062e7dc479c6958ceba15a8dfff170fab17fbffe6a48e00,CANONICAL_IDENTITY_PRESERVED_FROM_LOCKED_SUFFIX_ALLOCATION,NO_ASSOCIABLE_GEOMETRY_SOURCE,,LOCKED_BASELINE_ASSERTED_REQUIRES_LIVE_RECHECK,SHARED_REFERENCE,Boundary geometry remains deferred; no polygon is fabricated from hierarchy alone.
align:nngla:administrative_area:NG-ADM-000044,ADMINISTRATIVE_AREA,NGP-000125,NG-ADM-CAND-000044,NG-ADM-000044,44,data/novegeo/nngla/geographic-identity-places/source/05_geographic_candidates/administrative_area_candidates.csv,61b83d76fa7324e8e062e7dc479c6958ceba15a8dfff170fab17fbffe6a48e00,CANONICAL_IDENTITY_PRESERVED_FROM_LOCKED_SUFFIX_ALLOCATION,NO_ASSOCIABLE_GEOMETRY_SOURCE,,LOCKED_BASELINE_ASSERTED_REQUIRES_LIVE_RECHECK,SHARED_REFERENCE,Boundary geometry remains deferred; no polygon is fabricated from hierarchy alone.
align:nngla:administrative_area:NG-ADM-000045,ADMINISTRATIVE_AREA,NGP-000126,NG-ADM-CAND-000045,NG-ADM-000045,45,data/novegeo/nngla/geographic-identity-places/source/05_geographic_candidates/administrative_area_candidates.csv,61b83d76fa7324e8e062e7dc479c6958ceba15a8dfff170fab17fbffe6a48e00,CANONICAL_IDENTITY_PRESERVED_FROM_LOCKED_SUFFIX_ALLOCATION,NO_ASSOCIABLE_GEOMETRY_SOURCE,,LOCKED_BASELINE_ASSERTED_REQUIRES_LIVE_RECHECK,SHARED_REFERENCE,Boundary geometry remains deferred; no polygon is fabricated from hierarchy alone.
align:nngla:administrative_area:NG-ADM-000046,ADMINISTRATIVE_AREA,NGP-000127,NG-ADM-CAND-000046,NG-ADM-000046,46,data/novegeo/nngla/geographic-identity-places/source/05_geographic_candidates/administrative_area_candidates.csv,61b83d76fa7324e8e062e7dc479c6958ceba15a8dfff170fab17fbffe6a48e00,CANONICAL_IDENTITY_PRESERVED_FROM_LOCKED_SUFFIX_ALLOCATION,NO_ASSOCIABLE_GEOMETRY_SOURCE,,LOCKED_BASELINE_ASSERTED_REQUIRES_LIVE_RECHECK,SHARED_REFERENCE,Boundary geometry remains deferred; no polygon is fabricated from hierarchy alone.
align:nngla:administrative_area:NG-ADM-000047,ADMINISTRATIVE_AREA,NGP-000128,NG-ADM-CAND-000047,NG-ADM-000047,47,data/novegeo/nngla/geographic-identity-places/source/05_geographic_candidates/administrative_area_candidates.csv,61b83d76fa7324e8e062e7dc479c6958ceba15a8dfff170fab17fbffe6a48e00,CANONICAL_IDENTITY_PRESERVED_FROM_LOCKED_SUFFIX_ALLOCATION,NO_ASSOCIABLE_GEOMETRY_SOURCE,,LOCKED_BASELINE_ASSERTED_REQUIRES_LIVE_RECHECK,SHARED_REFERENCE,Boundary geometry remains deferred; no polygon is fabricated from hierarchy alone.
align:nngla:administrative_area:NG-ADM-000048,ADMINISTRATIVE_AREA,NGP-000129,NG-ADM-CAND-000048,NG-ADM-000048,48,data/novegeo/nngla/geographic-identity-places/source/05_geographic_candidates/administrative_area_candidates.csv,61b83d76fa7324e8e062e7dc479c6958ceba15a8dfff170fab17fbffe6a48e00,CANONICAL_IDENTITY_PRESERVED_FROM_LOCKED_SUFFIX_ALLOCATION,NO_ASSOCIABLE_GEOMETRY_SOURCE,,LOCKED_BASELINE_ASSERTED_REQUIRES_LIVE_RECHECK,SHARED_REFERENCE,Boundary geometry remains deferred; no polygon is fabricated from hierarchy alone.
align:nngla:administrative_area:NG-ADM-000049,ADMINISTRATIVE_AREA,NGP-000130,NG-ADM-CAND-000049,NG-ADM-000049,49,data/novegeo/nngla/geographic-identity-places/source/05_geographic_candidates/administrative_area_candidates.csv,61b83d76fa7324e8e062e7dc479c6958ceba15a8dfff170fab17fbffe6a48e00,CANONICAL_IDENTITY_PRESERVED_FROM_LOCKED_SUFFIX_ALLOCATION,NO_ASSOCIABLE_GEOMETRY_SOURCE,,LOCKED_BASELINE_ASSERTED_REQUIRES_LIVE_RECHECK,SHARED_REFERENCE,Boundary geometry remains deferred; no polygon is fabricated from hierarchy alone.
align:nngla:administrative_area:NG-ADM-000050,ADMINISTRATIVE_AREA,NGP-000131,NG-ADM-CAND-000050,NG-ADM-000050,50,data/novegeo/nngla/geographic-identity-places/source/05_geographic_candidates/administrative_area_candidates.csv,61b83d76fa7324e8e062e7dc479c6958ceba15a8dfff170fab17fbffe6a48e00,CANONICAL_IDENTITY_PRESERVED_FROM_LOCKED_SUFFIX_ALLOCATION,NO_ASSOCIABLE_GEOMETRY_SOURCE,,LOCKED_BASELINE_ASSERTED_REQUIRES_LIVE_RECHECK,SHARED_REFERENCE,Boundary geometry remains deferred; no polygon is fabricated from hierarchy alone.
align:nngla:administrative_area:NG-ADM-000051,ADMINISTRATIVE_AREA,NGP-000132,NG-ADM-CAND-000051,NG-ADM-000051,51,data/novegeo/nngla/geographic-identity-places/source/05_geographic_candidates/administrative_area_candidates.csv,61b83d76fa7324e8e062e7dc479c6958ceba15a8dfff170fab17fbffe6a48e00,CANONICAL_IDENTITY_PRESERVED_FROM_LOCKED_SUFFIX_ALLOCATION,NO_ASSOCIABLE_GEOMETRY_SOURCE,,LOCKED_BASELINE_ASSERTED_REQUIRES_LIVE_RECHECK,SHARED_REFERENCE,Boundary geometry remains deferred; no polygon is fabricated from hierarchy alone.
align:nngla:administrative_area:NG-ADM-000052,ADMINISTRATIVE_AREA,NGP-000133,NG-ADM-CAND-000052,NG-ADM-000052,52,data/novegeo/nngla/geographic-identity-places/source/05_geographic_candidates/administrative_area_candidates.csv,61b83d76fa7324e8e062e7dc479c6958ceba15a8dfff170fab17fbffe6a48e00,CANONICAL_IDENTITY_PRESERVED_FROM_LOCKED_SUFFIX_ALLOCATION,NO_ASSOCIABLE_GEOMETRY_SOURCE,,LOCKED_BASELINE_ASSERTED_REQUIRES_LIVE_RECHECK,SHARED_REFERENCE,Boundary geometry remains deferred; no polygon is fabricated from hierarchy alone.
align:nngla:administrative_area:NG-ADM-000053,ADMINISTRATIVE_AREA,NGP-000169,NG-ADM-CAND-000053,NG-ADM-000053,53,data/novegeo/nngla/geographic-identity-places/source/05_geographic_candidates/administrative_area_candidates.csv,61b83d76fa7324e8e062e7dc479c6958ceba15a8dfff170fab17fbffe6a48e00,CANONICAL_IDENTITY_PRESERVED_FROM_LOCKED_SUFFIX_ALLOCATION,NO_ASSOCIABLE_GEOMETRY_SOURCE,,LOCKED_BASELINE_ASSERTED_REQUIRES_LIVE_RECHECK,SHARED_REFERENCE,Boundary geometry remains deferred; no polygon is fabricated from hierarchy alone.
align:nngla:administrative_area:NG-ADM-000054,ADMINISTRATIVE_AREA,NGP-000170,NG-ADM-CAND-000054,NG-ADM-000054,54,data/novegeo/nngla/geographic-identity-places/source/05_geographic_candidates/administrative_area_candidates.csv,61b83d76fa7324e8e062e7dc479c6958ceba15a8dfff170fab17fbffe6a48e00,CANONICAL_IDENTITY_PRESERVED_FROM_LOCKED_SUFFIX_ALLOCATION,NO_ASSOCIABLE_GEOMETRY_SOURCE,,LOCKED_BASELINE_ASSERTED_REQUIRES_LIVE_RECHECK,SHARED_REFERENCE,Boundary geometry remains deferred; no polygon is fabricated from hierarchy alone.
align:nngla:administrative_area:NG-ADM-000055,ADMINISTRATIVE_AREA,NGP-000173,NG-ADM-CAND-000055,NG-ADM-000055,55,data/novegeo/nngla/geographic-identity-places/source/05_geographic_candidates/administrative_area_candidates.csv,61b83d76fa7324e8e062e7dc479c6958ceba15a8dfff170fab17fbffe6a48e00,CANONICAL_IDENTITY_PRESERVED_FROM_LOCKED_SUFFIX_ALLOCATION,NO_ASSOCIABLE_GEOMETRY_SOURCE,,LOCKED_BASELINE_ASSERTED_REQUIRES_LIVE_RECHECK,SHARED_REFERENCE,Boundary geometry remains deferred; no polygon is fabricated from hierarchy alone.
align:nngla:administrative_area:NG-ADM-000056,ADMINISTRATIVE_AREA,NGP-000174,NG-ADM-CAND-000056,NG-ADM-000056,56,data/novegeo/nngla/geographic-identity-places/source/05_geographic_candidates/administrative_area_candidates.csv,61b83d76fa7324e8e062e7dc479c6958ceba15a8dfff170fab17fbffe6a48e00,CANONICAL_IDENTITY_PRESERVED_FROM_LOCKED_SUFFIX_ALLOCATION,NO_ASSOCIABLE_GEOMETRY_SOURCE,,LOCKED_BASELINE_ASSERTED_REQUIRES_LIVE_RECHECK,SHARED_REFERENCE,Boundary geometry remains deferred; no polygon is fabricated from hierarchy alone.
align:nngla:administrative_area:NG-ADM-000057,ADMINISTRATIVE_AREA,NGP-000175,NG-ADM-CAND-000057,NG-ADM-000057,57,data/novegeo/nngla/geographic-identity-places/source/05_geographic_candidates/administrative_area_candidates.csv,61b83d76fa7324e8e062e7dc479c6958ceba15a8dfff170fab17fbffe6a48e00,CANONICAL_IDENTITY_PRESERVED_FROM_LOCKED_SUFFIX_ALLOCATION,NO_ASSOCIABLE_GEOMETRY_SOURCE,,LOCKED_BASELINE_ASSERTED_REQUIRES_LIVE_RECHECK,SHARED_REFERENCE,Boundary geometry remains deferred; no polygon is fabricated from hierarchy alone.
align:nngla:administrative_area:NG-ADM-000058,ADMINISTRATIVE_AREA,NGP-000176,NG-ADM-CAND-000058,NG-ADM-000058,58,data/novegeo/nngla/geographic-identity-places/source/05_geographic_candidates/administrative_area_candidates.csv,61b83d76fa7324e8e062e7dc479c6958ceba15a8dfff170fab17fbffe6a48e00,CANONICAL_IDENTITY_PRESERVED_FROM_LOCKED_SUFFIX_ALLOCATION,NO_ASSOCIABLE_GEOMETRY_SOURCE,,LOCKED_BASELINE_ASSERTED_REQUIRES_LIVE_RECHECK,SHARED_REFERENCE,Boundary geometry remains deferred; no polygon is fabricated from hierarchy alone.
align:nngla:administrative_area:NG-ADM-000059,ADMINISTRATIVE_AREA,NGP-000177,NG-ADM-CAND-000059,NG-ADM-000059,59,data/novegeo/nngla/geographic-identity-places/source/05_geographic_candidates/administrative_area_candidates.csv,61b83d76fa7324e8e062e7dc479c6958ceba15a8dfff170fab17fbffe6a48e00,CANONICAL_IDENTITY_PRESERVED_FROM_LOCKED_SUFFIX_ALLOCATION,NO_ASSOCIABLE_GEOMETRY_SOURCE,,LOCKED_BASELINE_ASSERTED_REQUIRES_LIVE_RECHECK,SHARED_REFERENCE,Boundary geometry remains deferred; no polygon is fabricated from hierarchy alone.
align:nngla:administrative_area:NG-ADM-000060,ADMINISTRATIVE_AREA,NGP-000178,NG-ADM-CAND-000060,NG-ADM-000060,60,data/novegeo/nngla/geographic-identity-places/source/05_geographic_candidates/administrative_area_candidates.csv,61b83d76fa7324e8e062e7dc479c6958ceba15a8dfff170fab17fbffe6a48e00,CANONICAL_IDENTITY_PRESERVED_FROM_LOCKED_SUFFIX_ALLOCATION,NO_ASSOCIABLE_GEOMETRY_SOURCE,,LOCKED_BASELINE_ASSERTED_REQUIRES_LIVE_RECHECK,SHARED_REFERENCE,Boundary geometry remains deferred; no polygon is fabricated from hierarchy alone.
align:nngla:administrative_area:NG-ADM-000061,ADMINISTRATIVE_AREA,NGP-000179,NG-ADM-CAND-000061,NG-ADM-000061,61,data/novegeo/nngla/geographic-identity-places/source/05_geographic_candidates/administrative_area_candidates.csv,61b83d76fa7324e8e062e7dc479c6958ceba15a8dfff170fab17fbffe6a48e00,CANONICAL_IDENTITY_PRESERVED_FROM_LOCKED_SUFFIX_ALLOCATION,NO_ASSOCIABLE_GEOMETRY_SOURCE,,LOCKED_BASELINE_ASSERTED_REQUIRES_LIVE_RECHECK,SHARED_REFERENCE,Boundary geometry remains deferred; no polygon is fabricated from hierarchy alone.
align:nngla:administrative_area:NG-ADM-000062,ADMINISTRATIVE_AREA,NGP-000180,NG-ADM-CAND-000062,NG-ADM-000062,62,data/novegeo/nngla/geographic-identity-places/source/05_geographic_candidates/administrative_area_candidates.csv,61b83d76fa7324e8e062e7dc479c6958ceba15a8dfff170fab17fbffe6a48e00,CANONICAL_IDENTITY_PRESERVED_FROM_LOCKED_SUFFIX_ALLOCATION,NO_ASSOCIABLE_GEOMETRY_SOURCE,,LOCKED_BASELINE_ASSERTED_REQUIRES_LIVE_RECHECK,SHARED_REFERENCE,Boundary geometry remains deferred; no polygon is fabricated from hierarchy alone.
align:nngla:administrative_area:NG-ADM-000063,ADMINISTRATIVE_AREA,NGP-000181,NG-ADM-CAND-000063,NG-ADM-000063,63,data/novegeo/nngla/geographic-identity-places/source/05_geographic_candidates/administrative_area_candidates.csv,61b83d76fa7324e8e062e7dc479c6958ceba15a8dfff170fab17fbffe6a48e00,CANONICAL_IDENTITY_PRESERVED_FROM_LOCKED_SUFFIX_ALLOCATION,NO_ASSOCIABLE_GEOMETRY_SOURCE,,LOCKED_BASELINE_ASSERTED_REQUIRES_LIVE_RECHECK,SHARED_REFERENCE,Boundary geometry remains deferred; no polygon is fabricated from hierarchy alone.
align:nngla:administrative_area:NG-ADM-000064,ADMINISTRATIVE_AREA,NGP-000182,NG-ADM-CAND-000064,NG-ADM-000064,64,data/novegeo/nngla/geographic-identity-places/source/05_geographic_candidates/administrative_area_candidates.csv,61b83d76fa7324e8e062e7dc479c6958ceba15a8dfff170fab17fbffe6a48e00,CANONICAL_IDENTITY_PRESERVED_FROM_LOCKED_SUFFIX_ALLOCATION,NO_ASSOCIABLE_GEOMETRY_SOURCE,,LOCKED_BASELINE_ASSERTED_REQUIRES_LIVE_RECHECK,SHARED_REFERENCE,Boundary geometry remains deferred; no polygon is fabricated from hierarchy alone.
align:nngla:administrative_area:NG-ADM-000065,ADMINISTRATIVE_AREA,NGP-000183,NG-ADM-CAND-000065,NG-ADM-000065,65,data/novegeo/nngla/geographic-identity-places/source/05_geographic_candidates/administrative_area_candidates.csv,61b83d76fa7324e8e062e7dc479c6958ceba15a8dfff170fab17fbffe6a48e00,CANONICAL_IDENTITY_PRESERVED_FROM_LOCKED_SUFFIX_ALLOCATION,NO_ASSOCIABLE_GEOMETRY_SOURCE,,LOCKED_BASELINE_ASSERTED_REQUIRES_LIVE_RECHECK,SHARED_REFERENCE,Boundary geometry remains deferred; no polygon is fabricated from hierarchy alone.
align:nngla:administrative_area:NG-ADM-000066,ADMINISTRATIVE_AREA,NGP-000184,NG-ADM-CAND-000066,NG-ADM-000066,66,data/novegeo/nngla/geographic-identity-places/source/05_geographic_candidates/administrative_area_candidates.csv,61b83d76fa7324e8e062e7dc479c6958ceba15a8dfff170fab17fbffe6a48e00,CANONICAL_IDENTITY_PRESERVED_FROM_LOCKED_SUFFIX_ALLOCATION,NO_ASSOCIABLE_GEOMETRY_SOURCE,,LOCKED_BASELINE_ASSERTED_REQUIRES_LIVE_RECHECK,SHARED_REFERENCE,Boundary geometry remains deferred; no polygon is fabricated from hierarchy alone.
align:nngla:administrative_area:NG-ADM-000067,ADMINISTRATIVE_AREA,NGP-000212,NG-ADM-CAND-000067,NG-ADM-000067,67,data/novegeo/nngla/geographic-identity-places/source/05_geographic_candidates/administrative_area_candidates.csv,61b83d76fa7324e8e062e7dc479c6958ceba15a8dfff170fab17fbffe6a48e00,CANONICAL_IDENTITY_PRESERVED_FROM_LOCKED_SUFFIX_ALLOCATION,NO_ASSOCIABLE_GEOMETRY_SOURCE,,LOCKED_BASELINE_ASSERTED_REQUIRES_LIVE_RECHECK,SHARED_REFERENCE,Boundary geometry remains deferred; no polygon is fabricated from hierarchy alone.
align:nngla:administrative_area:NG-ADM-000068,ADMINISTRATIVE_AREA,NGP-000213,NG-ADM-CAND-000068,NG-ADM-000068,68,data/novegeo/nngla/geographic-identity-places/source/05_geographic_candidates/administrative_area_candidates.csv,61b83d76fa7324e8e062e7dc479c6958ceba15a8dfff170fab17fbffe6a48e00,CANONICAL_IDENTITY_PRESERVED_FROM_LOCKED_SUFFIX_ALLOCATION,NO_ASSOCIABLE_GEOMETRY_SOURCE,,LOCKED_BASELINE_ASSERTED_REQUIRES_LIVE_RECHECK,SHARED_REFERENCE,Boundary geometry remains deferred; no polygon is fabricated from hierarchy alone.
align:nngla:administrative_area:NG-ADM-000069,ADMINISTRATIVE_AREA,NGP-000214,NG-ADM-CAND-000069,NG-ADM-000069,69,data/novegeo/nngla/geographic-identity-places/source/05_geographic_candidates/administrative_area_candidates.csv,61b83d76fa7324e8e062e7dc479c6958ceba15a8dfff170fab17fbffe6a48e00,CANONICAL_IDENTITY_PRESERVED_FROM_LOCKED_SUFFIX_ALLOCATION,NO_ASSOCIABLE_GEOMETRY_SOURCE,,LOCKED_BASELINE_ASSERTED_REQUIRES_LIVE_RECHECK,SHARED_REFERENCE,Boundary geometry remains deferred; no polygon is fabricated from hierarchy alone.
align:nngla:administrative_area:NG-ADM-000070,ADMINISTRATIVE_AREA,NGP-000215,NG-ADM-CAND-000070,NG-ADM-000070,70,data/novegeo/nngla/geographic-identity-places/source/05_geographic_candidates/administrative_area_candidates.csv,61b83d76fa7324e8e062e7dc479c6958ceba15a8dfff170fab17fbffe6a48e00,CANONICAL_IDENTITY_PRESERVED_FROM_LOCKED_SUFFIX_ALLOCATION,NO_ASSOCIABLE_GEOMETRY_SOURCE,,LOCKED_BASELINE_ASSERTED_REQUIRES_LIVE_RECHECK,SHARED_REFERENCE,Boundary geometry remains deferred; no polygon is fabricated from hierarchy alone.
align:nngla:administrative_area:NG-ADM-000071,ADMINISTRATIVE_AREA,NGP-000216,NG-ADM-CAND-000071,NG-ADM-000071,71,data/novegeo/nngla/geographic-identity-places/source/05_geographic_candidates/administrative_area_candidates.csv,61b83d76fa7324e8e062e7dc479c6958ceba15a8dfff170fab17fbffe6a48e00,CANONICAL_IDENTITY_PRESERVED_FROM_LOCKED_SUFFIX_ALLOCATION,NO_ASSOCIABLE_GEOMETRY_SOURCE,,LOCKED_BASELINE_ASSERTED_REQUIRES_LIVE_RECHECK,SHARED_REFERENCE,Boundary geometry remains deferred; no polygon is fabricated from hierarchy alone.
align:nngla:administrative_area:NG-ADM-000072,ADMINISTRATIVE_AREA,NGP-000217,NG-ADM-CAND-000072,NG-ADM-000072,72,data/novegeo/nngla/geographic-identity-places/source/05_geographic_candidates/administrative_area_candidates.csv,61b83d76fa7324e8e062e7dc479c6958ceba15a8dfff170fab17fbffe6a48e00,CANONICAL_IDENTITY_PRESERVED_FROM_LOCKED_SUFFIX_ALLOCATION,NO_ASSOCIABLE_GEOMETRY_SOURCE,,LOCKED_BASELINE_ASSERTED_REQUIRES_LIVE_RECHECK,SHARED_REFERENCE,Boundary geometry remains deferred; no polygon is fabricated from hierarchy alone.
align:nngla:administrative_area:NG-ADM-000073,ADMINISTRATIVE_AREA,NGP-000218,NG-ADM-CAND-000073,NG-ADM-000073,73,data/novegeo/nngla/geographic-identity-places/source/05_geographic_candidates/administrative_area_candidates.csv,61b83d76fa7324e8e062e7dc479c6958ceba15a8dfff170fab17fbffe6a48e00,CANONICAL_IDENTITY_PRESERVED_FROM_LOCKED_SUFFIX_ALLOCATION,NO_ASSOCIABLE_GEOMETRY_SOURCE,,LOCKED_BASELINE_ASSERTED_REQUIRES_LIVE_RECHECK,SHARED_REFERENCE,Boundary geometry remains deferred; no polygon is fabricated from hierarchy alone.
align:nngla:administrative_area:NG-ADM-000074,ADMINISTRATIVE_AREA,NGP-000219,NG-ADM-CAND-000074,NG-ADM-000074,74,data/novegeo/nngla/geographic-identity-places/source/05_geographic_candidates/administrative_area_candidates.csv,61b83d76fa7324e8e062e7dc479c6958ceba15a8dfff170fab17fbffe6a48e00,CANONICAL_IDENTITY_PRESERVED_FROM_LOCKED_SUFFIX_ALLOCATION,NO_ASSOCIABLE_GEOMETRY_SOURCE,,LOCKED_BASELINE_ASSERTED_REQUIRES_LIVE_RECHECK,SHARED_REFERENCE,Boundary geometry remains deferred; no polygon is fabricated from hierarchy alone.
align:nngla:administrative_area:NG-ADM-000075,ADMINISTRATIVE_AREA,NGP-000220,NG-ADM-CAND-000075,NG-ADM-000075,75,data/novegeo/nngla/geographic-identity-places/source/05_geographic_candidates/administrative_area_candidates.csv,61b83d76fa7324e8e062e7dc479c6958ceba15a8dfff170fab17fbffe6a48e00,CANONICAL_IDENTITY_PRESERVED_FROM_LOCKED_SUFFIX_ALLOCATION,NO_ASSOCIABLE_GEOMETRY_SOURCE,,LOCKED_BASELINE_ASSERTED_REQUIRES_LIVE_RECHECK,SHARED_REFERENCE,Boundary geometry remains deferred; no polygon is fabricated from hierarchy alone.
align:nngla:administrative_area:NG-ADM-000076,ADMINISTRATIVE_AREA,NGP-000256,NG-ADM-CAND-000076,NG-ADM-000076,76,data/novegeo/nngla/geographic-identity-places/source/05_geographic_candidates/administrative_area_candidates.csv,61b83d76fa7324e8e062e7dc479c6958ceba15a8dfff170fab17fbffe6a48e00,CANONICAL_IDENTITY_PRESERVED_FROM_LOCKED_SUFFIX_ALLOCATION,NO_ASSOCIABLE_GEOMETRY_SOURCE,,LOCKED_BASELINE_ASSERTED_REQUIRES_LIVE_RECHECK,SHARED_REFERENCE,Boundary geometry remains deferred; no polygon is fabricated from hierarchy alone.
align:nngla:administrative_area:NG-ADM-000077,ADMINISTRATIVE_AREA,NGP-000257,NG-ADM-CAND-000077,NG-ADM-000077,77,data/novegeo/nngla/geographic-identity-places/source/05_geographic_candidates/administrative_area_candidates.csv,61b83d76fa7324e8e062e7dc479c6958ceba15a8dfff170fab17fbffe6a48e00,CANONICAL_IDENTITY_PRESERVED_FROM_LOCKED_SUFFIX_ALLOCATION,NO_ASSOCIABLE_GEOMETRY_SOURCE,,LOCKED_BASELINE_ASSERTED_REQUIRES_LIVE_RECHECK,SHARED_REFERENCE,Boundary geometry remains deferred; no polygon is fabricated from hierarchy alone.
align:nngla:administrative_area:NG-ADM-000078,ADMINISTRATIVE_AREA,NGP-000258,NG-ADM-CAND-000078,NG-ADM-000078,78,data/novegeo/nngla/geographic-identity-places/source/05_geographic_candidates/administrative_area_candidates.csv,61b83d76fa7324e8e062e7dc479c6958ceba15a8dfff170fab17fbffe6a48e00,CANONICAL_IDENTITY_PRESERVED_FROM_LOCKED_SUFFIX_ALLOCATION,NO_ASSOCIABLE_GEOMETRY_SOURCE,,LOCKED_BASELINE_ASSERTED_REQUIRES_LIVE_RECHECK,SHARED_REFERENCE,Boundary geometry remains deferred; no polygon is fabricated from hierarchy alone.
align:nngla:administrative_area:NG-ADM-000079,ADMINISTRATIVE_AREA,NGP-000259,NG-ADM-CAND-000079,NG-ADM-000079,79,data/novegeo/nngla/geographic-identity-places/source/05_geographic_candidates/administrative_area_candidates.csv,61b83d76fa7324e8e062e7dc479c6958ceba15a8dfff170fab17fbffe6a48e00,CANONICAL_IDENTITY_PRESERVED_FROM_LOCKED_SUFFIX_ALLOCATION,NO_ASSOCIABLE_GEOMETRY_SOURCE,,LOCKED_BASELINE_ASSERTED_REQUIRES_LIVE_RECHECK,SHARED_REFERENCE,Boundary geometry remains deferred; no polygon is fabricated from hierarchy alone.
align:nngla:administrative_area:NG-ADM-000080,ADMINISTRATIVE_AREA,NGP-000260,NG-ADM-CAND-000080,NG-ADM-000080,80,data/novegeo/nngla/geographic-identity-places/source/05_geographic_candidates/administrative_area_candidates.csv,61b83d76fa7324e8e062e7dc479c6958ceba15a8dfff170fab17fbffe6a48e00,CANONICAL_IDENTITY_PRESERVED_FROM_LOCKED_SUFFIX_ALLOCATION,NO_ASSOCIABLE_GEOMETRY_SOURCE,,LOCKED_BASELINE_ASSERTED_REQUIRES_LIVE_RECHECK,SHARED_REFERENCE,Boundary geometry remains deferred; no polygon is fabricated from hierarchy alone.
align:nngla:administrative_area:NG-ADM-000081,ADMINISTRATIVE_AREA,NGP-000261,NG-ADM-CAND-000081,NG-ADM-000081,81,data/novegeo/nngla/geographic-identity-places/source/05_geographic_candidates/administrative_area_candidates.csv,61b83d76fa7324e8e062e7dc479c6958ceba15a8dfff170fab17fbffe6a48e00,CANONICAL_IDENTITY_PRESERVED_FROM_LOCKED_SUFFIX_ALLOCATION,NO_ASSOCIABLE_GEOMETRY_SOURCE,,LOCKED_BASELINE_ASSERTED_REQUIRES_LIVE_RECHECK,SHARED_REFERENCE,Boundary geometry remains deferred; no polygon is fabricated from hierarchy alone.
align:nngla:administrative_area:NG-ADM-000082,ADMINISTRATIVE_AREA,NGP-000262,NG-ADM-CAND-000082,NG-ADM-000082,82,data/novegeo/nngla/geographic-identity-places/source/05_geographic_candidates/administrative_area_candidates.csv,61b83d76fa7324e8e062e7dc479c6958ceba15a8dfff170fab17fbffe6a48e00,CANONICAL_IDENTITY_PRESERVED_FROM_LOCKED_SUFFIX_ALLOCATION,NO_ASSOCIABLE_GEOMETRY_SOURCE,,LOCKED_BASELINE_ASSERTED_REQUIRES_LIVE_RECHECK,SHARED_REFERENCE,Boundary geometry remains deferred; no polygon is fabricated from hierarchy alone.
align:nngla:administrative_area:NG-ADM-000083,ADMINISTRATIVE_AREA,NGP-000263,NG-ADM-CAND-000083,NG-ADM-000083,83,data/novegeo/nngla/geographic-identity-places/source/05_geographic_candidates/administrative_area_candidates.csv,61b83d76fa7324e8e062e7dc479c6958ceba15a8dfff170fab17fbffe6a48e00,CANONICAL_IDENTITY_PRESERVED_FROM_LOCKED_SUFFIX_ALLOCATION,NO_ASSOCIABLE_GEOMETRY_SOURCE,,LOCKED_BASELINE_ASSERTED_REQUIRES_LIVE_RECHECK,SHARED_REFERENCE,Boundary geometry remains deferred; no polygon is fabricated from hierarchy alone.
align:nngla:administrative_area:NG-ADM-000084,ADMINISTRATIVE_AREA,NGP-000264,NG-ADM-CAND-000084,NG-ADM-000084,84,data/novegeo/nngla/geographic-identity-places/source/05_geographic_candidates/administrative_area_candidates.csv,61b83d76fa7324e8e062e7dc479c6958ceba15a8dfff170fab17fbffe6a48e00,CANONICAL_IDENTITY_PRESERVED_FROM_LOCKED_SUFFIX_ALLOCATION,NO_ASSOCIABLE_GEOMETRY_SOURCE,,LOCKED_BASELINE_ASSERTED_REQUIRES_LIVE_RECHECK,SHARED_REFERENCE,Boundary geometry remains deferred; no polygon is fabricated from hierarchy alone.
align:nngla:administrative_area:NG-ADM-000085,ADMINISTRATIVE_AREA,NGP-000265,NG-ADM-CAND-000085,NG-ADM-000085,85,data/novegeo/nngla/geographic-identity-places/source/05_geographic_candidates/administrative_area_candidates.csv,61b83d76fa7324e8e062e7dc479c6958ceba15a8dfff170fab17fbffe6a48e00,CANONICAL_IDENTITY_PRESERVED_FROM_LOCKED_SUFFIX_ALLOCATION,NO_ASSOCIABLE_GEOMETRY_SOURCE,,LOCKED_BASELINE_ASSERTED_REQUIRES_LIVE_RECHECK,SHARED_REFERENCE,Boundary geometry remains deferred; no polygon is fabricated from hierarchy alone.
align:nngla:administrative_area:NG-ADM-000086,ADMINISTRATIVE_AREA,NGP-000266,NG-ADM-CAND-000086,NG-ADM-000086,86,data/novegeo/nngla/geographic-identity-places/source/05_geographic_candidates/administrative_area_candidates.csv,61b83d76fa7324e8e062e7dc479c6958ceba15a8dfff170fab17fbffe6a48e00,CANONICAL_IDENTITY_PRESERVED_FROM_LOCKED_SUFFIX_ALLOCATION,NO_ASSOCIABLE_GEOMETRY_SOURCE,,LOCKED_BASELINE_ASSERTED_REQUIRES_LIVE_RECHECK,SHARED_REFERENCE,Boundary geometry remains deferred; no polygon is fabricated from hierarchy alone.
align:nngla:administrative_area:NG-ADM-000087,ADMINISTRATIVE_AREA,NGP-000267,NG-ADM-CAND-000087,NG-ADM-000087,87,data/novegeo/nngla/geographic-identity-places/source/05_geographic_candidates/administrative_area_candidates.csv,61b83d76fa7324e8e062e7dc479c6958ceba15a8dfff170fab17fbffe6a48e00,CANONICAL_IDENTITY_PRESERVED_FROM_LOCKED_SUFFIX_ALLOCATION,NO_ASSOCIABLE_GEOMETRY_SOURCE,,LOCKED_BASELINE_ASSERTED_REQUIRES_LIVE_RECHECK,SHARED_REFERENCE,Boundary geometry remains deferred; no polygon is fabricated from hierarchy alone.
align:nngla:administrative_area:NG-ADM-000088,ADMINISTRATIVE_AREA,NGP-000268,NG-ADM-CAND-000088,NG-ADM-000088,88,data/novegeo/nngla/geographic-identity-places/source/05_geographic_candidates/administrative_area_candidates.csv,61b83d76fa7324e8e062e7dc479c6958ceba15a8dfff170fab17fbffe6a48e00,CANONICAL_IDENTITY_PRESERVED_FROM_LOCKED_SUFFIX_ALLOCATION,NO_ASSOCIABLE_GEOMETRY_SOURCE,,LOCKED_BASELINE_ASSERTED_REQUIRES_LIVE_RECHECK,SHARED_REFERENCE,Boundary geometry remains deferred; no polygon is fabricated from hierarchy alone.
align:nngla:administrative_area:NG-ADM-000089,ADMINISTRATIVE_AREA,NGP-000269,NG-ADM-CAND-000089,NG-ADM-000089,89,data/novegeo/nngla/geographic-identity-places/source/05_geographic_candidates/administrative_area_candidates.csv,61b83d76fa7324e8e062e7dc479c6958ceba15a8dfff170fab17fbffe6a48e00,CANONICAL_IDENTITY_PRESERVED_FROM_LOCKED_SUFFIX_ALLOCATION,NO_ASSOCIABLE_GEOMETRY_SOURCE,,LOCKED_BASELINE_ASSERTED_REQUIRES_LIVE_RECHECK,SHARED_REFERENCE,Boundary geometry remains deferred; no polygon is fabricated from hierarchy alone.
align:nngla:administrative_area:NG-ADM-000090,ADMINISTRATIVE_AREA,NGP-000297,NG-ADM-CAND-000090,NG-ADM-000090,90,data/novegeo/nngla/geographic-identity-places/source/05_geographic_candidates/administrative_area_candidates.csv,61b83d76fa7324e8e062e7dc479c6958ceba15a8dfff170fab17fbffe6a48e00,CANONICAL_IDENTITY_PRESERVED_FROM_LOCKED_SUFFIX_ALLOCATION,NO_ASSOCIABLE_GEOMETRY_SOURCE,,LOCKED_BASELINE_ASSERTED_REQUIRES_LIVE_RECHECK,SHARED_REFERENCE,Boundary geometry remains deferred; no polygon is fabricated from hierarchy alone.
align:nngla:administrative_area:NG-ADM-000091,ADMINISTRATIVE_AREA,NGP-000298,NG-ADM-CAND-000091,NG-ADM-000091,91,data/novegeo/nngla/geographic-identity-places/source/05_geographic_candidates/administrative_area_candidates.csv,61b83d76fa7324e8e062e7dc479c6958ceba15a8dfff170fab17fbffe6a48e00,CANONICAL_IDENTITY_PRESERVED_FROM_LOCKED_SUFFIX_ALLOCATION,NO_ASSOCIABLE_GEOMETRY_SOURCE,,LOCKED_BASELINE_ASSERTED_REQUIRES_LIVE_RECHECK,SHARED_REFERENCE,Boundary geometry remains deferred; no polygon is fabricated from hierarchy alone.
align:nngla:administrative_area:NG-ADM-000092,ADMINISTRATIVE_AREA,NGP-000299,NG-ADM-CAND-000092,NG-ADM-000092,92,data/novegeo/nngla/geographic-identity-places/source/05_geographic_candidates/administrative_area_candidates.csv,61b83d76fa7324e8e062e7dc479c6958ceba15a8dfff170fab17fbffe6a48e00,CANONICAL_IDENTITY_PRESERVED_FROM_LOCKED_SUFFIX_ALLOCATION,NO_ASSOCIABLE_GEOMETRY_SOURCE,,LOCKED_BASELINE_ASSERTED_REQUIRES_LIVE_RECHECK,SHARED_REFERENCE,Boundary geometry remains deferred; no polygon is fabricated from hierarchy alone.
align:nngla:administrative_area:NG-ADM-000093,ADMINISTRATIVE_AREA,NGP-000300,NG-ADM-CAND-000093,NG-ADM-000093,93,data/novegeo/nngla/geographic-identity-places/source/05_geographic_candidates/administrative_area_candidates.csv,61b83d76fa7324e8e062e7dc479c6958ceba15a8dfff170fab17fbffe6a48e00,CANONICAL_IDENTITY_PRESERVED_FROM_LOCKED_SUFFIX_ALLOCATION,NO_ASSOCIABLE_GEOMETRY_SOURCE,,LOCKED_BASELINE_ASSERTED_REQUIRES_LIVE_RECHECK,SHARED_REFERENCE,Boundary geometry remains deferred; no polygon is fabricated from hierarchy alone.
align:nngla:administrative_area:NG-ADM-000094,ADMINISTRATIVE_AREA,NGP-000301,NG-ADM-CAND-000094,NG-ADM-000094,94,data/novegeo/nngla/geographic-identity-places/source/05_geographic_candidates/administrative_area_candidates.csv,61b83d76fa7324e8e062e7dc479c6958ceba15a8dfff170fab17fbffe6a48e00,CANONICAL_IDENTITY_PRESERVED_FROM_LOCKED_SUFFIX_ALLOCATION,NO_ASSOCIABLE_GEOMETRY_SOURCE,,LOCKED_BASELINE_ASSERTED_REQUIRES_LIVE_RECHECK,SHARED_REFERENCE,Boundary geometry remains deferred; no polygon is fabricated from hierarchy alone.
align:nngla:administrative_area:NG-ADM-000095,ADMINISTRATIVE_AREA,NGP-000302,NG-ADM-CAND-000095,NG-ADM-000095,95,data/novegeo/nngla/geographic-identity-places/source/05_geographic_candidates/administrative_area_candidates.csv,61b83d76fa7324e8e062e7dc479c6958ceba15a8dfff170fab17fbffe6a48e00,CANONICAL_IDENTITY_PRESERVED_FROM_LOCKED_SUFFIX_ALLOCATION,NO_ASSOCIABLE_GEOMETRY_SOURCE,,LOCKED_BASELINE_ASSERTED_REQUIRES_LIVE_RECHECK,SHARED_REFERENCE,Boundary geometry remains deferred; no polygon is fabricated from hierarchy alone.
align:nngla:administrative_area:NG-ADM-000096,ADMINISTRATIVE_AREA,NGP-000303,NG-ADM-CAND-000096,NG-ADM-000096,96,data/novegeo/nngla/geographic-identity-places/source/05_geographic_candidates/administrative_area_candidates.csv,61b83d76fa7324e8e062e7dc479c6958ceba15a8dfff170fab17fbffe6a48e00,CANONICAL_IDENTITY_PRESERVED_FROM_LOCKED_SUFFIX_ALLOCATION,NO_ASSOCIABLE_GEOMETRY_SOURCE,,LOCKED_BASELINE_ASSERTED_REQUIRES_LIVE_RECHECK,SHARED_REFERENCE,Boundary geometry remains deferred; no polygon is fabricated from hierarchy alone.
align:nngla:administrative_area:NG-ADM-000097,ADMINISTRATIVE_AREA,NGP-000304,NG-ADM-CAND-000097,NG-ADM-000097,97,data/novegeo/nngla/geographic-identity-places/source/05_geographic_candidates/administrative_area_candidates.csv,61b83d76fa7324e8e062e7dc479c6958ceba15a8dfff170fab17fbffe6a48e00,CANONICAL_IDENTITY_PRESERVED_FROM_LOCKED_SUFFIX_ALLOCATION,NO_ASSOCIABLE_GEOMETRY_SOURCE,,LOCKED_BASELINE_ASSERTED_REQUIRES_LIVE_RECHECK,SHARED_REFERENCE,Boundary geometry remains deferred; no polygon is fabricated from hierarchy alone.
align:nngla:administrative_area:NG-ADM-000098,ADMINISTRATIVE_AREA,NGP-000305,NG-ADM-CAND-000098,NG-ADM-000098,98,data/novegeo/nngla/geographic-identity-places/source/05_geographic_candidates/administrative_area_candidates.csv,61b83d76fa7324e8e062e7dc479c6958ceba15a8dfff170fab17fbffe6a48e00,CANONICAL_IDENTITY_PRESERVED_FROM_LOCKED_SUFFIX_ALLOCATION,NO_ASSOCIABLE_GEOMETRY_SOURCE,,LOCKED_BASELINE_ASSERTED_REQUIRES_LIVE_RECHECK,SHARED_REFERENCE,Boundary geometry remains deferred; no polygon is fabricated from hierarchy alone.
align:nngla:administrative_area:NG-ADM-000099,ADMINISTRATIVE_AREA,NGP-000341,NG-ADM-CAND-000099,NG-ADM-000099,99,data/novegeo/nngla/geographic-identity-places/source/05_geographic_candidates/administrative_area_candidates.csv,61b83d76fa7324e8e062e7dc479c6958ceba15a8dfff170fab17fbffe6a48e00,CANONICAL_IDENTITY_PRESERVED_FROM_LOCKED_SUFFIX_ALLOCATION,NO_ASSOCIABLE_GEOMETRY_SOURCE,,LOCKED_BASELINE_ASSERTED_REQUIRES_LIVE_RECHECK,SHARED_REFERENCE,Boundary geometry remains deferred; no polygon is fabricated from hierarchy alone.
align:nngla:administrative_area:NG-ADM-000100,ADMINISTRATIVE_AREA,NGP-000342,NG-ADM-CAND-000100,NG-ADM-000100,100,data/novegeo/nngla/geographic-identity-places/source/05_geographic_candidates/administrative_area_candidates.csv,61b83d76fa7324e8e062e7dc479c6958ceba15a8dfff170fab17fbffe6a48e00,CANONICAL_IDENTITY_PRESERVED_FROM_LOCKED_SUFFIX_ALLOCATION,NO_ASSOCIABLE_GEOMETRY_SOURCE,,LOCKED_BASELINE_ASSERTED_REQUIRES_LIVE_RECHECK,SHARED_REFERENCE,Boundary geometry remains deferred; no polygon is fabricated from hierarchy alone.
align:nngla:administrative_area:NG-ADM-000101,ADMINISTRATIVE_AREA,NGP-000346,NG-ADM-CAND-000101,NG-ADM-000101,101,data/novegeo/nngla/geographic-identity-places/source/05_geographic_candidates/administrative_area_candidates.csv,61b83d76fa7324e8e062e7dc479c6958ceba15a8dfff170fab17fbffe6a48e00,CANONICAL_IDENTITY_PRESERVED_FROM_LOCKED_SUFFIX_ALLOCATION,NO_ASSOCIABLE_GEOMETRY_SOURCE,,LOCKED_BASELINE_ASSERTED_REQUIRES_LIVE_RECHECK,SHARED_REFERENCE,Boundary geometry remains deferred; no polygon is fabricated from hierarchy alone.
align:nngla:administrative_area:NG-ADM-000102,ADMINISTRATIVE_AREA,NGP-000347,NG-ADM-CAND-000102,NG-ADM-000102,102,data/novegeo/nngla/geographic-identity-places/source/05_geographic_candidates/administrative_area_candidates.csv,61b83d76fa7324e8e062e7dc479c6958ceba15a8dfff170fab17fbffe6a48e00,CANONICAL_IDENTITY_PRESERVED_FROM_LOCKED_SUFFIX_ALLOCATION,NO_ASSOCIABLE_GEOMETRY_SOURCE,,LOCKED_BASELINE_ASSERTED_REQUIRES_LIVE_RECHECK,SHARED_REFERENCE,Boundary geometry remains deferred; no polygon is fabricated from hierarchy alone.
align:nngla:administrative_area:NG-ADM-000103,ADMINISTRATIVE_AREA,NGP-000348,NG-ADM-CAND-000103,NG-ADM-000103,103,data/novegeo/nngla/geographic-identity-places/source/05_geographic_candidates/administrative_area_candidates.csv,61b83d76fa7324e8e062e7dc479c6958ceba15a8dfff170fab17fbffe6a48e00,CANONICAL_IDENTITY_PRESERVED_FROM_LOCKED_SUFFIX_ALLOCATION,NO_ASSOCIABLE_GEOMETRY_SOURCE,,LOCKED_BASELINE_ASSERTED_REQUIRES_LIVE_RECHECK,SHARED_REFERENCE,Boundary geometry remains deferred; no polygon is fabricated from hierarchy alone.
align:nngla:administrative_area:NG-ADM-000104,ADMINISTRATIVE_AREA,NGP-000349,NG-ADM-CAND-000104,NG-ADM-000104,104,data/novegeo/nngla/geographic-identity-places/source/05_geographic_candidates/administrative_area_candidates.csv,61b83d76fa7324e8e062e7dc479c6958ceba15a8dfff170fab17fbffe6a48e00,CANONICAL_IDENTITY_PRESERVED_FROM_LOCKED_SUFFIX_ALLOCATION,NO_ASSOCIABLE_GEOMETRY_SOURCE,,LOCKED_BASELINE_ASSERTED_REQUIRES_LIVE_RECHECK,SHARED_REFERENCE,Boundary geometry remains deferred; no polygon is fabricated from hierarchy alone.
align:nngla:administrative_area:NG-ADM-000105,ADMINISTRATIVE_AREA,NGP-000350,NG-ADM-CAND-000105,NG-ADM-000105,105,data/novegeo/nngla/geographic-identity-places/source/05_geographic_candidates/administrative_area_candidates.csv,61b83d76fa7324e8e062e7dc479c6958ceba15a8dfff170fab17fbffe6a48e00,CANONICAL_IDENTITY_PRESERVED_FROM_LOCKED_SUFFIX_ALLOCATION,NO_ASSOCIABLE_GEOMETRY_SOURCE,,LOCKED_BASELINE_ASSERTED_REQUIRES_LIVE_RECHECK,SHARED_REFERENCE,Boundary geometry remains deferred; no polygon is fabricated from hierarchy alone.
align:nngla:administrative_area:NG-ADM-000106,ADMINISTRATIVE_AREA,NGP-000351,NG-ADM-CAND-000106,NG-ADM-000106,106,data/novegeo/nngla/geographic-identity-places/source/05_geographic_candidates/administrative_area_candidates.csv,61b83d76fa7324e8e062e7dc479c6958ceba15a8dfff170fab17fbffe6a48e00,CANONICAL_IDENTITY_PRESERVED_FROM_LOCKED_SUFFIX_ALLOCATION,NO_ASSOCIABLE_GEOMETRY_SOURCE,,LOCKED_BASELINE_ASSERTED_REQUIRES_LIVE_RECHECK,SHARED_REFERENCE,Boundary geometry remains deferred; no polygon is fabricated from hierarchy alone.
align:nngla:administrative_area:NG-ADM-000107,ADMINISTRATIVE_AREA,NGP-000352,NG-ADM-CAND-000107,NG-ADM-000107,107,data/novegeo/nngla/geographic-identity-places/source/05_geographic_candidates/administrative_area_candidates.csv,61b83d76fa7324e8e062e7dc479c6958ceba15a8dfff170fab17fbffe6a48e00,CANONICAL_IDENTITY_PRESERVED_FROM_LOCKED_SUFFIX_ALLOCATION,NO_ASSOCIABLE_GEOMETRY_SOURCE,,LOCKED_BASELINE_ASSERTED_REQUIRES_LIVE_RECHECK,SHARED_REFERENCE,Boundary geometry remains deferred; no polygon is fabricated from hierarchy alone.
align:nngla:administrative_area:NG-ADM-000108,ADMINISTRATIVE_AREA,NGP-000353,NG-ADM-CAND-000108,NG-ADM-000108,108,data/novegeo/nngla/geographic-identity-places/source/05_geographic_candidates/administrative_area_candidates.csv,61b83d76fa7324e8e062e7dc479c6958ceba15a8dfff170fab17fbffe6a48e00,CANONICAL_IDENTITY_PRESERVED_FROM_LOCKED_SUFFIX_ALLOCATION,NO_ASSOCIABLE_GEOMETRY_SOURCE,,LOCKED_BASELINE_ASSERTED_REQUIRES_LIVE_RECHECK,SHARED_REFERENCE,Boundary geometry remains deferred; no polygon is fabricated from hierarchy alone.
align:nngla:administrative_area:NG-ADM-000109,ADMINISTRATIVE_AREA,NGP-000354,NG-ADM-CAND-000109,NG-ADM-000109,109,data/novegeo/nngla/geographic-identity-places/source/05_geographic_candidates/administrative_area_candidates.csv,61b83d76fa7324e8e062e7dc479c6958ceba15a8dfff170fab17fbffe6a48e00,CANONICAL_IDENTITY_PRESERVED_FROM_LOCKED_SUFFIX_ALLOCATION,NO_ASSOCIABLE_GEOMETRY_SOURCE,,LOCKED_BASELINE_ASSERTED_REQUIRES_LIVE_RECHECK,SHARED_REFERENCE,Boundary geometry remains deferred; no polygon is fabricated from hierarchy alone.
align:nngla:administrative_area:NG-ADM-000110,ADMINISTRATIVE_AREA,NGP-000355,NG-ADM-CAND-000110,NG-ADM-000110,110,data/novegeo/nngla/geographic-identity-places/source/05_geographic_candidates/administrative_area_candidates.csv,61b83d76fa7324e8e062e7dc479c6958ceba15a8dfff170fab17fbffe6a48e00,CANONICAL_IDENTITY_PRESERVED_FROM_LOCKED_SUFFIX_ALLOCATION,NO_ASSOCIABLE_GEOMETRY_SOURCE,,LOCKED_BASELINE_ASSERTED_REQUIRES_LIVE_RECHECK,SHARED_REFERENCE,Boundary geometry remains deferred; no polygon is fabricated from hierarchy alone.
align:nngla:administrative_area:NG-ADM-000111,ADMINISTRATIVE_AREA,NGP-000356,NG-ADM-CAND-000111,NG-ADM-000111,111,data/novegeo/nngla/geographic-identity-places/source/05_geographic_candidates/administrative_area_candidates.csv,61b83d76fa7324e8e062e7dc479c6958ceba15a8dfff170fab17fbffe6a48e00,CANONICAL_IDENTITY_PRESERVED_FROM_LOCKED_SUFFIX_ALLOCATION,NO_ASSOCIABLE_GEOMETRY_SOURCE,,LOCKED_BASELINE_ASSERTED_REQUIRES_LIVE_RECHECK,SHARED_REFERENCE,Boundary geometry remains deferred; no polygon is fabricated from hierarchy alone.
align:nngla:administrative_area:NG-ADM-000112,ADMINISTRATIVE_AREA,NGP-000357,NG-ADM-CAND-000112,NG-ADM-000112,112,data/novegeo/nngla/geographic-identity-places/source/05_geographic_candidates/administrative_area_candidates.csv,61b83d76fa7324e8e062e7dc479c6958ceba15a8dfff170fab17fbffe6a48e00,CANONICAL_IDENTITY_PRESERVED_FROM_LOCKED_SUFFIX_ALLOCATION,NO_ASSOCIABLE_GEOMETRY_SOURCE,,LOCKED_BASELINE_ASSERTED_REQUIRES_LIVE_RECHECK,SHARED_REFERENCE,Boundary geometry remains deferred; no polygon is fabricated from hierarchy alone.
align:nngla:administrative_area:NG-ADM-000113,ADMINISTRATIVE_AREA,NGP-000385,NG-ADM-CAND-000113,NG-ADM-000113,113,data/novegeo/nngla/geographic-identity-places/source/05_geographic_candidates/administrative_area_candidates.csv,61b83d76fa7324e8e062e7dc479c6958ceba15a8dfff170fab17fbffe6a48e00,CANONICAL_IDENTITY_PRESERVED_FROM_LOCKED_SUFFIX_ALLOCATION,NO_ASSOCIABLE_GEOMETRY_SOURCE,,LOCKED_BASELINE_ASSERTED_REQUIRES_LIVE_RECHECK,SHARED_REFERENCE,Boundary geometry remains deferred; no polygon is fabricated from hierarchy alone.
align:nngla:administrative_area:NG-ADM-000114,ADMINISTRATIVE_AREA,NGP-000386,NG-ADM-CAND-000114,NG-ADM-000114,114,data/novegeo/nngla/geographic-identity-places/source/05_geographic_candidates/administrative_area_candidates.csv,61b83d76fa7324e8e062e7dc479c6958ceba15a8dfff170fab17fbffe6a48e00,CANONICAL_IDENTITY_PRESERVED_FROM_LOCKED_SUFFIX_ALLOCATION,NO_ASSOCIABLE_GEOMETRY_SOURCE,,LOCKED_BASELINE_ASSERTED_REQUIRES_LIVE_RECHECK,SHARED_REFERENCE,Boundary geometry remains deferred; no polygon is fabricated from hierarchy alone.
align:nngla:administrative_area:NG-ADM-000115,ADMINISTRATIVE_AREA,NGP-000387,NG-ADM-CAND-000115,NG-ADM-000115,115,data/novegeo/nngla/geographic-identity-places/source/05_geographic_candidates/administrative_area_candidates.csv,61b83d76fa7324e8e062e7dc479c6958ceba15a8dfff170fab17fbffe6a48e00,CANONICAL_IDENTITY_PRESERVED_FROM_LOCKED_SUFFIX_ALLOCATION,NO_ASSOCIABLE_GEOMETRY_SOURCE,,LOCKED_BASELINE_ASSERTED_REQUIRES_LIVE_RECHECK,SHARED_REFERENCE,Boundary geometry remains deferred; no polygon is fabricated from hierarchy alone.
align:nngla:administrative_area:NG-ADM-000116,ADMINISTRATIVE_AREA,NGP-000388,NG-ADM-CAND-000116,NG-ADM-000116,116,data/novegeo/nngla/geographic-identity-places/source/05_geographic_candidates/administrative_area_candidates.csv,61b83d76fa7324e8e062e7dc479c6958ceba15a8dfff170fab17fbffe6a48e00,CANONICAL_IDENTITY_PRESERVED_FROM_LOCKED_SUFFIX_ALLOCATION,NO_ASSOCIABLE_GEOMETRY_SOURCE,,LOCKED_BASELINE_ASSERTED_REQUIRES_LIVE_RECHECK,SHARED_REFERENCE,Boundary geometry remains deferred; no polygon is fabricated from hierarchy alone.
align:nngla:administrative_area:NG-ADM-000117,ADMINISTRATIVE_AREA,NGP-000389,NG-ADM-CAND-000117,NG-ADM-000117,117,data/novegeo/nngla/geographic-identity-places/source/05_geographic_candidates/administrative_area_candidates.csv,61b83d76fa7324e8e062e7dc479c6958ceba15a8dfff170fab17fbffe6a48e00,CANONICAL_IDENTITY_PRESERVED_FROM_LOCKED_SUFFIX_ALLOCATION,NO_ASSOCIABLE_GEOMETRY_SOURCE,,LOCKED_BASELINE_ASSERTED_REQUIRES_LIVE_RECHECK,SHARED_REFERENCE,Boundary geometry remains deferred; no polygon is fabricated from hierarchy alone.
align:nngla:administrative_area:NG-ADM-000118,ADMINISTRATIVE_AREA,NGP-000390,NG-ADM-CAND-000118,NG-ADM-000118,118,data/novegeo/nngla/geographic-identity-places/source/05_geographic_candidates/administrative_area_candidates.csv,61b83d76fa7324e8e062e7dc479c6958ceba15a8dfff170fab17fbffe6a48e00,CANONICAL_IDENTITY_PRESERVED_FROM_LOCKED_SUFFIX_ALLOCATION,NO_ASSOCIABLE_GEOMETRY_SOURCE,,LOCKED_BASELINE_ASSERTED_REQUIRES_LIVE_RECHECK,SHARED_REFERENCE,Boundary geometry remains deferred; no polygon is fabricated from hierarchy alone.
align:nngla:administrative_area:NG-ADM-000119,ADMINISTRATIVE_AREA,NGP-000391,NG-ADM-CAND-000119,NG-ADM-000119,119,data/novegeo/nngla/geographic-identity-places/source/05_geographic_candidates/administrative_area_candidates.csv,61b83d76fa7324e8e062e7dc479c6958ceba15a8dfff170fab17fbffe6a48e00,CANONICAL_IDENTITY_PRESERVED_FROM_LOCKED_SUFFIX_ALLOCATION,NO_ASSOCIABLE_GEOMETRY_SOURCE,,LOCKED_BASELINE_ASSERTED_REQUIRES_LIVE_RECHECK,SHARED_REFERENCE,Boundary geometry remains deferred; no polygon is fabricated from hierarchy alone.
align:nngla:administrative_area:NG-ADM-000120,ADMINISTRATIVE_AREA,NGP-000392,NG-ADM-CAND-000120,NG-ADM-000120,120,data/novegeo/nngla/geographic-identity-places/source/05_geographic_candidates/administrative_area_candidates.csv,61b83d76fa7324e8e062e7dc479c6958ceba15a8dfff170fab17fbffe6a48e00,CANONICAL_IDENTITY_PRESERVED_FROM_LOCKED_SUFFIX_ALLOCATION,NO_ASSOCIABLE_GEOMETRY_SOURCE,,LOCKED_BASELINE_ASSERTED_REQUIRES_LIVE_RECHECK,SHARED_REFERENCE,Boundary geometry remains deferred; no polygon is fabricated from hierarchy alone.
align:nngla:administrative_area:NG-ADM-000121,ADMINISTRATIVE_AREA,NGP-000393,NG-ADM-CAND-000121,NG-ADM-000121,121,data/novegeo/nngla/geographic-identity-places/source/05_geographic_candidates/administrative_area_candidates.csv,61b83d76fa7324e8e062e7dc479c6958ceba15a8dfff170fab17fbffe6a48e00,CANONICAL_IDENTITY_PRESERVED_FROM_LOCKED_SUFFIX_ALLOCATION,NO_ASSOCIABLE_GEOMETRY_SOURCE,,LOCKED_BASELINE_ASSERTED_REQUIRES_LIVE_RECHECK,SHARED_REFERENCE,Boundary geometry remains deferred; no polygon is fabricated from hierarchy alone.
align:nngla:administrative_area:NG-ADM-000122,ADMINISTRATIVE_AREA,NGP-000429,NG-ADM-CAND-000122,NG-ADM-000122,122,data/novegeo/nngla/geographic-identity-places/source/05_geographic_candidates/administrative_area_candidates.csv,61b83d76fa7324e8e062e7dc479c6958ceba15a8dfff170fab17fbffe6a48e00,CANONICAL_IDENTITY_PRESERVED_FROM_LOCKED_SUFFIX_ALLOCATION,NO_ASSOCIABLE_GEOMETRY_SOURCE,,LOCKED_BASELINE_ASSERTED_REQUIRES_LIVE_RECHECK,SHARED_REFERENCE,Boundary geometry remains deferred; no polygon is fabricated from hierarchy alone.
align:nngla:administrative_area:NG-ADM-000123,ADMINISTRATIVE_AREA,NGP-000430,NG-ADM-CAND-000123,NG-ADM-000123,123,data/novegeo/nngla/geographic-identity-places/source/05_geographic_candidates/administrative_area_candidates.csv,61b83d76fa7324e8e062e7dc479c6958ceba15a8dfff170fab17fbffe6a48e00,CANONICAL_IDENTITY_PRESERVED_FROM_LOCKED_SUFFIX_ALLOCATION,NO_ASSOCIABLE_GEOMETRY_SOURCE,,LOCKED_BASELINE_ASSERTED_REQUIRES_LIVE_RECHECK,SHARED_REFERENCE,Boundary geometry remains deferred; no polygon is fabricated from hierarchy alone.
align:nngla:administrative_area:NG-ADM-000124,ADMINISTRATIVE_AREA,NGP-000432,NG-ADM-CAND-000124,NG-ADM-000124,124,data/novegeo/nngla/geographic-identity-places/source/05_geographic_candidates/administrative_area_candidates.csv,61b83d76fa7324e8e062e7dc479c6958ceba15a8dfff170fab17fbffe6a48e00,CANONICAL_IDENTITY_PRESERVED_FROM_LOCKED_SUFFIX_ALLOCATION,NO_ASSOCIABLE_GEOMETRY_SOURCE,,LOCKED_BASELINE_ASSERTED_REQUIRES_LIVE_RECHECK,SHARED_REFERENCE,Boundary geometry remains deferred; no polygon is fabricated from hierarchy alone.
align:nngla:administrative_area:NG-ADM-000125,ADMINISTRATIVE_AREA,NGP-000433,NG-ADM-CAND-000125,NG-ADM-000125,125,data/novegeo/nngla/geographic-identity-places/source/05_geographic_candidates/administrative_area_candidates.csv,61b83d76fa7324e8e062e7dc479c6958ceba15a8dfff170fab17fbffe6a48e00,CANONICAL_IDENTITY_PRESERVED_FROM_LOCKED_SUFFIX_ALLOCATION,NO_ASSOCIABLE_GEOMETRY_SOURCE,,LOCKED_BASELINE_ASSERTED_REQUIRES_LIVE_RECHECK,SHARED_REFERENCE,Boundary geometry remains deferred; no polygon is fabricated from hierarchy alone.
align:nngla:administrative_area:NG-ADM-000126,ADMINISTRATIVE_AREA,NGP-000434,NG-ADM-CAND-000126,NG-ADM-000126,126,data/novegeo/nngla/geographic-identity-places/source/05_geographic_candidates/administrative_area_candidates.csv,61b83d76fa7324e8e062e7dc479c6958ceba15a8dfff170fab17fbffe6a48e00,CANONICAL_IDENTITY_PRESERVED_FROM_LOCKED_SUFFIX_ALLOCATION,NO_ASSOCIABLE_GEOMETRY_SOURCE,,LOCKED_BASELINE_ASSERTED_REQUIRES_LIVE_RECHECK,SHARED_REFERENCE,Boundary geometry remains deferred; no polygon is fabricated from hierarchy alone.
align:nngla:administrative_area:NG-ADM-000127,ADMINISTRATIVE_AREA,NGP-000435,NG-ADM-CAND-000127,NG-ADM-000127,127,data/novegeo/nngla/geographic-identity-places/source/05_geographic_candidates/administrative_area_candidates.csv,61b83d76fa7324e8e062e7dc479c6958ceba15a8dfff170fab17fbffe6a48e00,CANONICAL_IDENTITY_PRESERVED_FROM_LOCKED_SUFFIX_ALLOCATION,NO_ASSOCIABLE_GEOMETRY_SOURCE,,LOCKED_BASELINE_ASSERTED_REQUIRES_LIVE_RECHECK,SHARED_REFERENCE,Boundary geometry remains deferred; no polygon is fabricated from hierarchy alone.
align:nngla:administrative_area:NG-ADM-000128,ADMINISTRATIVE_AREA,NGP-000436,NG-ADM-CAND-000128,NG-ADM-000128,128,data/novegeo/nngla/geographic-identity-places/source/05_geographic_candidates/administrative_area_candidates.csv,61b83d76fa7324e8e062e7dc479c6958ceba15a8dfff170fab17fbffe6a48e00,CANONICAL_IDENTITY_PRESERVED_FROM_LOCKED_SUFFIX_ALLOCATION,NO_ASSOCIABLE_GEOMETRY_SOURCE,,LOCKED_BASELINE_ASSERTED_REQUIRES_LIVE_RECHECK,SHARED_REFERENCE,Boundary geometry remains deferred; no polygon is fabricated from hierarchy alone.
align:nngla:administrative_area:NG-ADM-000129,ADMINISTRATIVE_AREA,NGP-000437,NG-ADM-CAND-000129,NG-ADM-000129,129,data/novegeo/nngla/geographic-identity-places/source/05_geographic_candidates/administrative_area_candidates.csv,61b83d76fa7324e8e062e7dc479c6958ceba15a8dfff170fab17fbffe6a48e00,CANONICAL_IDENTITY_PRESERVED_FROM_LOCKED_SUFFIX_ALLOCATION,NO_ASSOCIABLE_GEOMETRY_SOURCE,,LOCKED_BASELINE_ASSERTED_REQUIRES_LIVE_RECHECK,SHARED_REFERENCE,Boundary geometry remains deferred; no polygon is fabricated from hierarchy alone.
align:nngla:administrative_area:NG-ADM-000130,ADMINISTRATIVE_AREA,NGP-000438,NG-ADM-CAND-000130,NG-ADM-000130,130,data/novegeo/nngla/geographic-identity-places/source/05_geographic_candidates/administrative_area_candidates.csv,61b83d76fa7324e8e062e7dc479c6958ceba15a8dfff170fab17fbffe6a48e00,CANONICAL_IDENTITY_PRESERVED_FROM_LOCKED_SUFFIX_ALLOCATION,NO_ASSOCIABLE_GEOMETRY_SOURCE,,LOCKED_BASELINE_ASSERTED_REQUIRES_LIVE_RECHECK,SHARED_REFERENCE,Boundary geometry remains deferred; no polygon is fabricated from hierarchy alone.
align:nngla:administrative_area:NG-ADM-000131,ADMINISTRATIVE_AREA,NGP-000439,NG-ADM-CAND-000131,NG-ADM-000131,131,data/novegeo/nngla/geographic-identity-places/source/05_geographic_candidates/administrative_area_candidates.csv,61b83d76fa7324e8e062e7dc479c6958ceba15a8dfff170fab17fbffe6a48e00,CANONICAL_IDENTITY_PRESERVED_FROM_LOCKED_SUFFIX_ALLOCATION,NO_ASSOCIABLE_GEOMETRY_SOURCE,,LOCKED_BASELINE_ASSERTED_REQUIRES_LIVE_RECHECK,SHARED_REFERENCE,Boundary geometry remains deferred; no polygon is fabricated from hierarchy alone.
align:nngla:administrative_area:NG-ADM-000132,ADMINISTRATIVE_AREA,NGP-000440,NG-ADM-CAND-000132,NG-ADM-000132,132,data/novegeo/nngla/geographic-identity-places/source/05_geographic_candidates/administrative_area_candidates.csv,61b83d76fa7324e8e062e7dc479c6958ceba15a8dfff170fab17fbffe6a48e00,CANONICAL_IDENTITY_PRESERVED_FROM_LOCKED_SUFFIX_ALLOCATION,NO_ASSOCIABLE_GEOMETRY_SOURCE,,LOCKED_BASELINE_ASSERTED_REQUIRES_LIVE_RECHECK,SHARED_REFERENCE,Boundary geometry remains deferred; no polygon is fabricated from hierarchy alone.
align:nngla:administrative_area:NG-ADM-000133,ADMINISTRATIVE_AREA,NGP-000441,NG-ADM-CAND-000133,NG-ADM-000133,133,data/novegeo/nngla/geographic-identity-places/source/05_geographic_candidates/administrative_area_candidates.csv,61b83d76fa7324e8e062e7dc479c6958ceba15a8dfff170fab17fbffe6a48e00,CANONICAL_IDENTITY_PRESERVED_FROM_LOCKED_SUFFIX_ALLOCATION,NO_ASSOCIABLE_GEOMETRY_SOURCE,,LOCKED_BASELINE_ASSERTED_REQUIRES_LIVE_RECHECK,SHARED_REFERENCE,Boundary geometry remains deferred; no polygon is fabricated from hierarchy alone.
align:nngla:administrative_area:NG-ADM-000134,ADMINISTRATIVE_AREA,NGP-000442,NG-ADM-CAND-000134,NG-ADM-000134,134,data/novegeo/nngla/geographic-identity-places/source/05_geographic_candidates/administrative_area_candidates.csv,61b83d76fa7324e8e062e7dc479c6958ceba15a8dfff170fab17fbffe6a48e00,CANONICAL_IDENTITY_PRESERVED_FROM_LOCKED_SUFFIX_ALLOCATION,NO_ASSOCIABLE_GEOMETRY_SOURCE,,LOCKED_BASELINE_ASSERTED_REQUIRES_LIVE_RECHECK,SHARED_REFERENCE,Boundary geometry remains deferred; no polygon is fabricated from hierarchy alone.
align:nngla:administrative_area:NG-ADM-000135,ADMINISTRATIVE_AREA,NGP-000443,NG-ADM-CAND-000135,NG-ADM-000135,135,data/novegeo/nngla/geographic-identity-places/source/05_geographic_candidates/administrative_area_candidates.csv,61b83d76fa7324e8e062e7dc479c6958ceba15a8dfff170fab17fbffe6a48e00,CANONICAL_IDENTITY_PRESERVED_FROM_LOCKED_SUFFIX_ALLOCATION,NO_ASSOCIABLE_GEOMETRY_SOURCE,,LOCKED_BASELINE_ASSERTED_REQUIRES_LIVE_RECHECK,SHARED_REFERENCE,Boundary geometry remains deferred; no polygon is fabricated from hierarchy alone.
align:nngla:administrative_area:NG-ADM-000136,ADMINISTRATIVE_AREA,NGP-000471,NG-ADM-CAND-000136,NG-ADM-000136,136,data/novegeo/nngla/geographic-identity-places/source/05_geographic_candidates/administrative_area_candidates.csv,61b83d76fa7324e8e062e7dc479c6958ceba15a8dfff170fab17fbffe6a48e00,CANONICAL_IDENTITY_PRESERVED_FROM_LOCKED_SUFFIX_ALLOCATION,NO_ASSOCIABLE_GEOMETRY_SOURCE,,LOCKED_BASELINE_ASSERTED_REQUIRES_LIVE_RECHECK,SHARED_REFERENCE,Boundary geometry remains deferred; no polygon is fabricated from hierarchy alone.
align:nngla:administrative_area:NG-ADM-000137,ADMINISTRATIVE_AREA,NGP-000472,NG-ADM-CAND-000137,NG-ADM-000137,137,data/novegeo/nngla/geographic-identity-places/source/05_geographic_candidates/administrative_area_candidates.csv,61b83d76fa7324e8e062e7dc479c6958ceba15a8dfff170fab17fbffe6a48e00,CANONICAL_IDENTITY_PRESERVED_FROM_LOCKED_SUFFIX_ALLOCATION,NO_ASSOCIABLE_GEOMETRY_SOURCE,,LOCKED_BASELINE_ASSERTED_REQUIRES_LIVE_RECHECK,SHARED_REFERENCE,Boundary geometry remains deferred; no polygon is fabricated from hierarchy alone.
align:nngla:administrative_area:NG-ADM-000138,ADMINISTRATIVE_AREA,NGP-000473,NG-ADM-CAND-000138,NG-ADM-000138,138,data/novegeo/nngla/geographic-identity-places/source/05_geographic_candidates/administrative_area_candidates.csv,61b83d76fa7324e8e062e7dc479c6958ceba15a8dfff170fab17fbffe6a48e00,CANONICAL_IDENTITY_PRESERVED_FROM_LOCKED_SUFFIX_ALLOCATION,NO_ASSOCIABLE_GEOMETRY_SOURCE,,LOCKED_BASELINE_ASSERTED_REQUIRES_LIVE_RECHECK,SHARED_REFERENCE,Boundary geometry remains deferred; no polygon is fabricated from hierarchy alone.
align:nngla:administrative_area:NG-ADM-000139,ADMINISTRATIVE_AREA,NGP-000474,NG-ADM-CAND-000139,NG-ADM-000139,139,data/novegeo/nngla/geographic-identity-places/source/05_geographic_candidates/administrative_area_candidates.csv,61b83d76fa7324e8e062e7dc479c6958ceba15a8dfff170fab17fbffe6a48e00,CANONICAL_IDENTITY_PRESERVED_FROM_LOCKED_SUFFIX_ALLOCATION,NO_ASSOCIABLE_GEOMETRY_SOURCE,,LOCKED_BASELINE_ASSERTED_REQUIRES_LIVE_RECHECK,SHARED_REFERENCE,Boundary geometry remains deferred; no polygon is fabricated from hierarchy alone.
align:nngla:administrative_area:NG-ADM-000140,ADMINISTRATIVE_AREA,NGP-000475,NG-ADM-CAND-000140,NG-ADM-000140,140,data/novegeo/nngla/geographic-identity-places/source/05_geographic_candidates/administrative_area_candidates.csv,61b83d76fa7324e8e062e7dc479c6958ceba15a8dfff170fab17fbffe6a48e00,CANONICAL_IDENTITY_PRESERVED_FROM_LOCKED_SUFFIX_ALLOCATION,NO_ASSOCIABLE_GEOMETRY_SOURCE,,LOCKED_BASELINE_ASSERTED_REQUIRES_LIVE_RECHECK,SHARED_REFERENCE,Boundary geometry remains deferred; no polygon is fabricated from hierarchy alone.
align:nngla:administrative_area:NG-ADM-000141,ADMINISTRATIVE_AREA,NGP-000476,NG-ADM-CAND-000141,NG-ADM-000141,141,data/novegeo/nngla/geographic-identity-places/source/05_geographic_candidates/administrative_area_candidates.csv,61b83d76fa7324e8e062e7dc479c6958ceba15a8dfff170fab17fbffe6a48e00,CANONICAL_IDENTITY_PRESERVED_FROM_LOCKED_SUFFIX_ALLOCATION,NO_ASSOCIABLE_GEOMETRY_SOURCE,,LOCKED_BASELINE_ASSERTED_REQUIRES_LIVE_RECHECK,SHARED_REFERENCE,Boundary geometry remains deferred; no polygon is fabricated from hierarchy alone.
align:nngla:administrative_area:NG-ADM-000142,ADMINISTRATIVE_AREA,NGP-000477,NG-ADM-CAND-000142,NG-ADM-000142,142,data/novegeo/nngla/geographic-identity-places/source/05_geographic_candidates/administrative_area_candidates.csv,61b83d76fa7324e8e062e7dc479c6958ceba15a8dfff170fab17fbffe6a48e00,CANONICAL_IDENTITY_PRESERVED_FROM_LOCKED_SUFFIX_ALLOCATION,NO_ASSOCIABLE_GEOMETRY_SOURCE,,LOCKED_BASELINE_ASSERTED_REQUIRES_LIVE_RECHECK,SHARED_REFERENCE,Boundary geometry remains deferred; no polygon is fabricated from hierarchy alone.
align:nngla:administrative_area:NG-ADM-000143,ADMINISTRATIVE_AREA,NGP-000478,NG-ADM-CAND-000143,NG-ADM-000143,143,data/novegeo/nngla/geographic-identity-places/source/05_geographic_candidates/administrative_area_candidates.csv,61b83d76fa7324e8e062e7dc479c6958ceba15a8dfff170fab17fbffe6a48e00,CANONICAL_IDENTITY_PRESERVED_FROM_LOCKED_SUFFIX_ALLOCATION,NO_ASSOCIABLE_GEOMETRY_SOURCE,,LOCKED_BASELINE_ASSERTED_REQUIRES_LIVE_RECHECK,SHARED_REFERENCE,Boundary geometry remains deferred; no polygon is fabricated from hierarchy alone.
align:nngla:administrative_area:NG-ADM-000144,ADMINISTRATIVE_AREA,NGP-000479,NG-ADM-CAND-000144,NG-ADM-000144,144,data/novegeo/nngla/geographic-identity-places/source/05_geographic_candidates/administrative_area_candidates.csv,61b83d76fa7324e8e062e7dc479c6958ceba15a8dfff170fab17fbffe6a48e00,CANONICAL_IDENTITY_PRESERVED_FROM_LOCKED_SUFFIX_ALLOCATION,NO_ASSOCIABLE_GEOMETRY_SOURCE,,LOCKED_BASELINE_ASSERTED_REQUIRES_LIVE_RECHECK,SHARED_REFERENCE,Boundary geometry remains deferred; no polygon is fabricated from hierarchy alone.
align:nngla:administrative_area:NG-ADM-000145,ADMINISTRATIVE_AREA,NGP-000515,NG-ADM-CAND-000145,NG-ADM-000145,145,data/novegeo/nngla/geographic-identity-places/source/05_geographic_candidates/administrative_area_candidates.csv,61b83d76fa7324e8e062e7dc479c6958ceba15a8dfff170fab17fbffe6a48e00,CANONICAL_IDENTITY_PRESERVED_FROM_LOCKED_SUFFIX_ALLOCATION,NO_ASSOCIABLE_GEOMETRY_SOURCE,,LOCKED_BASELINE_ASSERTED_REQUIRES_LIVE_RECHECK,SHARED_REFERENCE,Boundary geometry remains deferred; no polygon is fabricated from hierarchy alone.
align:nngla:administrative_area:NG-ADM-000146,ADMINISTRATIVE_AREA,NGP-000516,NG-ADM-CAND-000146,NG-ADM-000146,146,data/novegeo/nngla/geographic-identity-places/source/05_geographic_candidates/administrative_area_candidates.csv,61b83d76fa7324e8e062e7dc479c6958ceba15a8dfff170fab17fbffe6a48e00,CANONICAL_IDENTITY_PRESERVED_FROM_LOCKED_SUFFIX_ALLOCATION,NO_ASSOCIABLE_GEOMETRY_SOURCE,,LOCKED_BASELINE_ASSERTED_REQUIRES_LIVE_RECHECK,SHARED_REFERENCE,Boundary geometry remains deferred; no polygon is fabricated from hierarchy alone.
align:nngla:administrative_area:NG-ADM-000147,ADMINISTRATIVE_AREA,NGP-000518,NG-ADM-CAND-000147,NG-ADM-000147,147,data/novegeo/nngla/geographic-identity-places/source/05_geographic_candidates/administrative_area_candidates.csv,61b83d76fa7324e8e062e7dc479c6958ceba15a8dfff170fab17fbffe6a48e00,CANONICAL_IDENTITY_PRESERVED_FROM_LOCKED_SUFFIX_ALLOCATION,NO_ASSOCIABLE_GEOMETRY_SOURCE,,LOCKED_BASELINE_ASSERTED_REQUIRES_LIVE_RECHECK,SHARED_REFERENCE,Boundary geometry remains deferred; no polygon is fabricated from hierarchy alone.
align:nngla:administrative_area:NG-ADM-000148,ADMINISTRATIVE_AREA,NGP-000519,NG-ADM-CAND-000148,NG-ADM-000148,148,data/novegeo/nngla/geographic-identity-places/source/05_geographic_candidates/administrative_area_candidates.csv,61b83d76fa7324e8e062e7dc479c6958ceba15a8dfff170fab17fbffe6a48e00,CANONICAL_IDENTITY_PRESERVED_FROM_LOCKED_SUFFIX_ALLOCATION,NO_ASSOCIABLE_GEOMETRY_SOURCE,,LOCKED_BASELINE_ASSERTED_REQUIRES_LIVE_RECHECK,SHARED_REFERENCE,Boundary geometry remains deferred; no polygon is fabricated from hierarchy alone.
align:nngla:administrative_area:NG-ADM-000149,ADMINISTRATIVE_AREA,NGP-000520,NG-ADM-CAND-000149,NG-ADM-000149,149,data/novegeo/nngla/geographic-identity-places/source/05_geographic_candidates/administrative_area_candidates.csv,61b83d76fa7324e8e062e7dc479c6958ceba15a8dfff170fab17fbffe6a48e00,CANONICAL_IDENTITY_PRESERVED_FROM_LOCKED_SUFFIX_ALLOCATION,NO_ASSOCIABLE_GEOMETRY_SOURCE,,LOCKED_BASELINE_ASSERTED_REQUIRES_LIVE_RECHECK,SHARED_REFERENCE,Boundary geometry remains deferred; no polygon is fabricated from hierarchy alone.
align:nngla:administrative_area:NG-ADM-000150,ADMINISTRATIVE_AREA,NGP-000521,NG-ADM-CAND-000150,NG-ADM-000150,150,data/novegeo/nngla/geographic-identity-places/source/05_geographic_candidates/administrative_area_candidates.csv,61b83d76fa7324e8e062e7dc479c6958ceba15a8dfff170fab17fbffe6a48e00,CANONICAL_IDENTITY_PRESERVED_FROM_LOCKED_SUFFIX_ALLOCATION,NO_ASSOCIABLE_GEOMETRY_SOURCE,,LOCKED_BASELINE_ASSERTED_REQUIRES_LIVE_RECHECK,SHARED_REFERENCE,Boundary geometry remains deferred; no polygon is fabricated from hierarchy alone.
align:nngla:administrative_area:NG-ADM-000151,ADMINISTRATIVE_AREA,NGP-000522,NG-ADM-CAND-000151,NG-ADM-000151,151,data/novegeo/nngla/geographic-identity-places/source/05_geographic_candidates/administrative_area_candidates.csv,61b83d76fa7324e8e062e7dc479c6958ceba15a8dfff170fab17fbffe6a48e00,CANONICAL_IDENTITY_PRESERVED_FROM_LOCKED_SUFFIX_ALLOCATION,NO_ASSOCIABLE_GEOMETRY_SOURCE,,LOCKED_BASELINE_ASSERTED_REQUIRES_LIVE_RECHECK,SHARED_REFERENCE,Boundary geometry remains deferred; no polygon is fabricated from hierarchy alone.
align:nngla:administrative_area:NG-ADM-000152,ADMINISTRATIVE_AREA,NGP-000523,NG-ADM-CAND-000152,NG-ADM-000152,152,data/novegeo/nngla/geographic-identity-places/source/05_geographic_candidates/administrative_area_candidates.csv,61b83d76fa7324e8e062e7dc479c6958ceba15a8dfff170fab17fbffe6a48e00,CANONICAL_IDENTITY_PRESERVED_FROM_LOCKED_SUFFIX_ALLOCATION,NO_ASSOCIABLE_GEOMETRY_SOURCE,,LOCKED_BASELINE_ASSERTED_REQUIRES_LIVE_RECHECK,SHARED_REFERENCE,Boundary geometry remains deferred; no polygon is fabricated from hierarchy alone.
align:nngla:administrative_area:NG-ADM-000153,ADMINISTRATIVE_AREA,NGP-000524,NG-ADM-CAND-000153,NG-ADM-000153,153,data/novegeo/nngla/geographic-identity-places/source/05_geographic_candidates/administrative_area_candidates.csv,61b83d76fa7324e8e062e7dc479c6958ceba15a8dfff170fab17fbffe6a48e00,CANONICAL_IDENTITY_PRESERVED_FROM_LOCKED_SUFFIX_ALLOCATION,NO_ASSOCIABLE_GEOMETRY_SOURCE,,LOCKED_BASELINE_ASSERTED_REQUIRES_LIVE_RECHECK,SHARED_REFERENCE,Boundary geometry remains deferred; no polygon is fabricated from hierarchy alone.
align:nngla:administrative_area:NG-ADM-000154,ADMINISTRATIVE_AREA,NGP-000525,NG-ADM-CAND-000154,NG-ADM-000154,154,data/novegeo/nngla/geographic-identity-places/source/05_geographic_candidates/administrative_area_candidates.csv,61b83d76fa7324e8e062e7dc479c6958ceba15a8dfff170fab17fbffe6a48e00,CANONICAL_IDENTITY_PRESERVED_FROM_LOCKED_SUFFIX_ALLOCATION,NO_ASSOCIABLE_GEOMETRY_SOURCE,,LOCKED_BASELINE_ASSERTED_REQUIRES_LIVE_RECHECK,SHARED_REFERENCE,Boundary geometry remains deferred; no polygon is fabricated from hierarchy alone.
align:nngla:administrative_area:NG-ADM-000155,ADMINISTRATIVE_AREA,NGP-000526,NG-ADM-CAND-000155,NG-ADM-000155,155,data/novegeo/nngla/geographic-identity-places/source/05_geographic_candidates/administrative_area_candidates.csv,61b83d76fa7324e8e062e7dc479c6958ceba15a8dfff170fab17fbffe6a48e00,CANONICAL_IDENTITY_PRESERVED_FROM_LOCKED_SUFFIX_ALLOCATION,NO_ASSOCIABLE_GEOMETRY_SOURCE,,LOCKED_BASELINE_ASSERTED_REQUIRES_LIVE_RECHECK,SHARED_REFERENCE,Boundary geometry remains deferred; no polygon is fabricated from hierarchy alone.
align:nngla:administrative_area:NG-ADM-000156,ADMINISTRATIVE_AREA,NGP-000527,NG-ADM-CAND-000156,NG-ADM-000156,156,data/novegeo/nngla/geographic-identity-places/source/05_geographic_candidates/administrative_area_candidates.csv,61b83d76fa7324e8e062e7dc479c6958ceba15a8dfff170fab17fbffe6a48e00,CANONICAL_IDENTITY_PRESERVED_FROM_LOCKED_SUFFIX_ALLOCATION,NO_ASSOCIABLE_GEOMETRY_SOURCE,,LOCKED_BASELINE_ASSERTED_REQUIRES_LIVE_RECHECK,SHARED_REFERENCE,Boundary geometry remains deferred; no polygon is fabricated from hierarchy alone.
align:nngla:administrative_area:NG-ADM-000157,ADMINISTRATIVE_AREA,NGP-000528,NG-ADM-CAND-000157,NG-ADM-000157,157,data/novegeo/nngla/geographic-identity-places/source/05_geographic_candidates/administrative_area_candidates.csv,61b83d76fa7324e8e062e7dc479c6958ceba15a8dfff170fab17fbffe6a48e00,CANONICAL_IDENTITY_PRESERVED_FROM_LOCKED_SUFFIX_ALLOCATION,NO_ASSOCIABLE_GEOMETRY_SOURCE,,LOCKED_BASELINE_ASSERTED_REQUIRES_LIVE_RECHECK,SHARED_REFERENCE,Boundary geometry remains deferred; no polygon is fabricated from hierarchy alone.
align:nngla:administrative_area:NG-ADM-000158,ADMINISTRATIVE_AREA,NGP-000529,NG-ADM-CAND-000158,NG-ADM-000158,158,data/novegeo/nngla/geographic-identity-places/source/05_geographic_candidates/administrative_area_candidates.csv,61b83d76fa7324e8e062e7dc479c6958ceba15a8dfff170fab17fbffe6a48e00,CANONICAL_IDENTITY_PRESERVED_FROM_LOCKED_SUFFIX_ALLOCATION,NO_ASSOCIABLE_GEOMETRY_SOURCE,,LOCKED_BASELINE_ASSERTED_REQUIRES_LIVE_RECHECK,SHARED_REFERENCE,Boundary geometry remains deferred; no polygon is fabricated from hierarchy alone.
align:nngla:administrative_area:NG-ADM-000159,ADMINISTRATIVE_AREA,NGP-000557,NG-ADM-CAND-000159,NG-ADM-000159,159,data/novegeo/nngla/geographic-identity-places/source/05_geographic_candidates/administrative_area_candidates.csv,61b83d76fa7324e8e062e7dc479c6958ceba15a8dfff170fab17fbffe6a48e00,CANONICAL_IDENTITY_PRESERVED_FROM_LOCKED_SUFFIX_ALLOCATION,NO_ASSOCIABLE_GEOMETRY_SOURCE,,LOCKED_BASELINE_ASSERTED_REQUIRES_LIVE_RECHECK,SHARED_REFERENCE,Boundary geometry remains deferred; no polygon is fabricated from hierarchy alone.
align:nngla:administrative_area:NG-ADM-000160,ADMINISTRATIVE_AREA,NGP-000558,NG-ADM-CAND-000160,NG-ADM-000160,160,data/novegeo/nngla/geographic-identity-places/source/05_geographic_candidates/administrative_area_candidates.csv,61b83d76fa7324e8e062e7dc479c6958ceba15a8dfff170fab17fbffe6a48e00,CANONICAL_IDENTITY_PRESERVED_FROM_LOCKED_SUFFIX_ALLOCATION,NO_ASSOCIABLE_GEOMETRY_SOURCE,,LOCKED_BASELINE_ASSERTED_REQUIRES_LIVE_RECHECK,SHARED_REFERENCE,Boundary geometry remains deferred; no polygon is fabricated from hierarchy alone.
align:nngla:administrative_area:NG-ADM-000161,ADMINISTRATIVE_AREA,NGP-000559,NG-ADM-CAND-000161,NG-ADM-000161,161,data/novegeo/nngla/geographic-identity-places/source/05_geographic_candidates/administrative_area_candidates.csv,61b83d76fa7324e8e062e7dc479c6958ceba15a8dfff170fab17fbffe6a48e00,CANONICAL_IDENTITY_PRESERVED_FROM_LOCKED_SUFFIX_ALLOCATION,NO_ASSOCIABLE_GEOMETRY_SOURCE,,LOCKED_BASELINE_ASSERTED_REQUIRES_LIVE_RECHECK,SHARED_REFERENCE,Boundary geometry remains deferred; no polygon is fabricated from hierarchy alone.
align:nngla:administrative_area:NG-ADM-000162,ADMINISTRATIVE_AREA,NGP-000560,NG-ADM-CAND-000162,NG-ADM-000162,162,data/novegeo/nngla/geographic-identity-places/source/05_geographic_candidates/administrative_area_candidates.csv,61b83d76fa7324e8e062e7dc479c6958ceba15a8dfff170fab17fbffe6a48e00,CANONICAL_IDENTITY_PRESERVED_FROM_LOCKED_SUFFIX_ALLOCATION,NO_ASSOCIABLE_GEOMETRY_SOURCE,,LOCKED_BASELINE_ASSERTED_REQUIRES_LIVE_RECHECK,SHARED_REFERENCE,Boundary geometry remains deferred; no polygon is fabricated from hierarchy alone.
align:nngla:administrative_area:NG-ADM-000163,ADMINISTRATIVE_AREA,NGP-000561,NG-ADM-CAND-000163,NG-ADM-000163,163,data/novegeo/nngla/geographic-identity-places/source/05_geographic_candidates/administrative_area_candidates.csv,61b83d76fa7324e8e062e7dc479c6958ceba15a8dfff170fab17fbffe6a48e00,CANONICAL_IDENTITY_PRESERVED_FROM_LOCKED_SUFFIX_ALLOCATION,NO_ASSOCIABLE_GEOMETRY_SOURCE,,LOCKED_BASELINE_ASSERTED_REQUIRES_LIVE_RECHECK,SHARED_REFERENCE,Boundary geometry remains deferred; no polygon is fabricated from hierarchy alone.
align:nngla:administrative_area:NG-ADM-000164,ADMINISTRATIVE_AREA,NGP-000562,NG-ADM-CAND-000164,NG-ADM-000164,164,data/novegeo/nngla/geographic-identity-places/source/05_geographic_candidates/administrative_area_candidates.csv,61b83d76fa7324e8e062e7dc479c6958ceba15a8dfff170fab17fbffe6a48e00,CANONICAL_IDENTITY_PRESERVED_FROM_LOCKED_SUFFIX_ALLOCATION,NO_ASSOCIABLE_GEOMETRY_SOURCE,,LOCKED_BASELINE_ASSERTED_REQUIRES_LIVE_RECHECK,SHARED_REFERENCE,Boundary geometry remains deferred; no polygon is fabricated from hierarchy alone.
align:nngla:administrative_area:NG-ADM-000165,ADMINISTRATIVE_AREA,NGP-000563,NG-ADM-CAND-000165,NG-ADM-000165,165,data/novegeo/nngla/geographic-identity-places/source/05_geographic_candidates/administrative_area_candidates.csv,61b83d76fa7324e8e062e7dc479c6958ceba15a8dfff170fab17fbffe6a48e00,CANONICAL_IDENTITY_PRESERVED_FROM_LOCKED_SUFFIX_ALLOCATION,NO_ASSOCIABLE_GEOMETRY_SOURCE,,LOCKED_BASELINE_ASSERTED_REQUIRES_LIVE_RECHECK,SHARED_REFERENCE,Boundary geometry remains deferred; no polygon is fabricated from hierarchy alone.
align:nngla:administrative_area:NG-ADM-000166,ADMINISTRATIVE_AREA,NGP-000564,NG-ADM-CAND-000166,NG-ADM-000166,166,data/novegeo/nngla/geographic-identity-places/source/05_geographic_candidates/administrative_area_candidates.csv,61b83d76fa7324e8e062e7dc479c6958ceba15a8dfff170fab17fbffe6a48e00,CANONICAL_IDENTITY_PRESERVED_FROM_LOCKED_SUFFIX_ALLOCATION,NO_ASSOCIABLE_GEOMETRY_SOURCE,,LOCKED_BASELINE_ASSERTED_REQUIRES_LIVE_RECHECK,SHARED_REFERENCE,Boundary geometry remains deferred; no polygon is fabricated from hierarchy alone.
align:nngla:administrative_area:NG-ADM-000167,ADMINISTRATIVE_AREA,NGP-000565,NG-ADM-CAND-000167,NG-ADM-000167,167,data/novegeo/nngla/geographic-identity-places/source/05_geographic_candidates/administrative_area_candidates.csv,61b83d76fa7324e8e062e7dc479c6958ceba15a8dfff170fab17fbffe6a48e00,CANONICAL_IDENTITY_PRESERVED_FROM_LOCKED_SUFFIX_ALLOCATION,NO_ASSOCIABLE_GEOMETRY_SOURCE,,LOCKED_BASELINE_ASSERTED_REQUIRES_LIVE_RECHECK,SHARED_REFERENCE,Boundary geometry remains deferred; no polygon is fabricated from hierarchy alone.
align:nngla:administrative_area:NG-ADM-000168,ADMINISTRATIVE_AREA,NGP-000601,NG-ADM-CAND-000168,NG-ADM-000168,168,data/novegeo/nngla/geographic-identity-places/source/05_geographic_candidates/administrative_area_candidates.csv,61b83d76fa7324e8e062e7dc479c6958ceba15a8dfff170fab17fbffe6a48e00,CANONICAL_IDENTITY_PRESERVED_FROM_LOCKED_SUFFIX_ALLOCATION,NO_ASSOCIABLE_GEOMETRY_SOURCE,,LOCKED_BASELINE_ASSERTED_REQUIRES_LIVE_RECHECK,SHARED_REFERENCE,Boundary geometry remains deferred; no polygon is fabricated from hierarchy alone.
align:nngla:administrative_area:NG-ADM-000169,ADMINISTRATIVE_AREA,NGP-000602,NG-ADM-CAND-000169,NG-ADM-000169,169,data/novegeo/nngla/geographic-identity-places/source/05_geographic_candidates/administrative_area_candidates.csv,61b83d76fa7324e8e062e7dc479c6958ceba15a8dfff170fab17fbffe6a48e00,CANONICAL_IDENTITY_PRESERVED_FROM_LOCKED_SUFFIX_ALLOCATION,NO_ASSOCIABLE_GEOMETRY_SOURCE,,LOCKED_BASELINE_ASSERTED_REQUIRES_LIVE_RECHECK,SHARED_REFERENCE,Boundary geometry remains deferred; no polygon is fabricated from hierarchy alone.
align:nngla:administrative_area:NG-ADM-000170,ADMINISTRATIVE_AREA,NGP-000609,NG-ADM-CAND-000170,NG-ADM-000170,170,data/novegeo/nngla/geographic-identity-places/source/05_geographic_candidates/administrative_area_candidates.csv,61b83d76fa7324e8e062e7dc479c6958ceba15a8dfff170fab17fbffe6a48e00,CANONICAL_IDENTITY_PRESERVED_FROM_LOCKED_SUFFIX_ALLOCATION,NO_ASSOCIABLE_GEOMETRY_SOURCE,,LOCKED_BASELINE_ASSERTED_REQUIRES_LIVE_RECHECK,SHARED_REFERENCE,Boundary geometry remains deferred; no polygon is fabricated from hierarchy alone.
align:nngla:administrative_area:NG-ADM-000171,ADMINISTRATIVE_AREA,NGP-000610,NG-ADM-CAND-000171,NG-ADM-000171,171,data/novegeo/nngla/geographic-identity-places/source/05_geographic_candidates/administrative_area_candidates.csv,61b83d76fa7324e8e062e7dc479c6958ceba15a8dfff170fab17fbffe6a48e00,CANONICAL_IDENTITY_PRESERVED_FROM_LOCKED_SUFFIX_ALLOCATION,NO_ASSOCIABLE_GEOMETRY_SOURCE,,LOCKED_BASELINE_ASSERTED_REQUIRES_LIVE_RECHECK,SHARED_REFERENCE,Boundary geometry remains deferred; no polygon is fabricated from hierarchy alone.
align:nngla:administrative_area:NG-ADM-000172,ADMINISTRATIVE_AREA,NGP-000611,NG-ADM-CAND-000172,NG-ADM-000172,172,data/novegeo/nngla/geographic-identity-places/source/05_geographic_candidates/administrative_area_candidates.csv,61b83d76fa7324e8e062e7dc479c6958ceba15a8dfff170fab17fbffe6a48e00,CANONICAL_IDENTITY_PRESERVED_FROM_LOCKED_SUFFIX_ALLOCATION,NO_ASSOCIABLE_GEOMETRY_SOURCE,,LOCKED_BASELINE_ASSERTED_REQUIRES_LIVE_RECHECK,SHARED_REFERENCE,Boundary geometry remains deferred; no polygon is fabricated from hierarchy alone.
align:nngla:administrative_area:NG-ADM-000173,ADMINISTRATIVE_AREA,NGP-000612,NG-ADM-CAND-000173,NG-ADM-000173,173,data/novegeo/nngla/geographic-identity-places/source/05_geographic_candidates/administrative_area_candidates.csv,61b83d76fa7324e8e062e7dc479c6958ceba15a8dfff170fab17fbffe6a48e00,CANONICAL_IDENTITY_PRESERVED_FROM_LOCKED_SUFFIX_ALLOCATION,NO_ASSOCIABLE_GEOMETRY_SOURCE,,LOCKED_BASELINE_ASSERTED_REQUIRES_LIVE_RECHECK,SHARED_REFERENCE,Boundary geometry remains deferred; no polygon is fabricated from hierarchy alone.
align:nngla:administrative_area:NG-ADM-000174,ADMINISTRATIVE_AREA,NGP-000613,NG-ADM-CAND-000174,NG-ADM-000174,174,data/novegeo/nngla/geographic-identity-places/source/05_geographic_candidates/administrative_area_candidates.csv,61b83d76fa7324e8e062e7dc479c6958ceba15a8dfff170fab17fbffe6a48e00,CANONICAL_IDENTITY_PRESERVED_FROM_LOCKED_SUFFIX_ALLOCATION,NO_ASSOCIABLE_GEOMETRY_SOURCE,,LOCKED_BASELINE_ASSERTED_REQUIRES_LIVE_RECHECK,SHARED_REFERENCE,Boundary geometry remains deferred; no polygon is fabricated from hierarchy alone.
align:nngla:administrative_area:NG-ADM-000175,ADMINISTRATIVE_AREA,NGP-000614,NG-ADM-CAND-000175,NG-ADM-000175,175,data/novegeo/nngla/geographic-identity-places/source/05_geographic_candidates/administrative_area_candidates.csv,61b83d76fa7324e8e062e7dc479c6958ceba15a8dfff170fab17fbffe6a48e00,CANONICAL_IDENTITY_PRESERVED_FROM_LOCKED_SUFFIX_ALLOCATION,NO_ASSOCIABLE_GEOMETRY_SOURCE,,LOCKED_BASELINE_ASSERTED_REQUIRES_LIVE_RECHECK,SHARED_REFERENCE,Boundary geometry remains deferred; no polygon is fabricated from hierarchy alone.
align:nngla:administrative_area:NG-ADM-000176,ADMINISTRATIVE_AREA,NGP-000615,NG-ADM-CAND-000176,NG-ADM-000176,176,data/novegeo/nngla/geographic-identity-places/source/05_geographic_candidates/administrative_area_candidates.csv,61b83d76fa7324e8e062e7dc479c6958ceba15a8dfff170fab17fbffe6a48e00,CANONICAL_IDENTITY_PRESERVED_FROM_LOCKED_SUFFIX_ALLOCATION,NO_ASSOCIABLE_GEOMETRY_SOURCE,,LOCKED_BASELINE_ASSERTED_REQUIRES_LIVE_RECHECK,SHARED_REFERENCE,Boundary geometry remains deferred; no polygon is fabricated from hierarchy alone.
align:nngla:administrative_area:NG-ADM-000177,ADMINISTRATIVE_AREA,NGP-000616,NG-ADM-CAND-000177,NG-ADM-000177,177,data/novegeo/nngla/geographic-identity-places/source/05_geographic_candidates/administrative_area_candidates.csv,61b83d76fa7324e8e062e7dc479c6958ceba15a8dfff170fab17fbffe6a48e00,CANONICAL_IDENTITY_PRESERVED_FROM_LOCKED_SUFFIX_ALLOCATION,NO_ASSOCIABLE_GEOMETRY_SOURCE,,LOCKED_BASELINE_ASSERTED_REQUIRES_LIVE_RECHECK,SHARED_REFERENCE,Boundary geometry remains deferred; no polygon is fabricated from hierarchy alone.
align:nngla:administrative_area:NG-ADM-000178,ADMINISTRATIVE_AREA,NGP-000617,NG-ADM-CAND-000178,NG-ADM-000178,178,data/novegeo/nngla/geographic-identity-places/source/05_geographic_candidates/administrative_area_candidates.csv,61b83d76fa7324e8e062e7dc479c6958ceba15a8dfff170fab17fbffe6a48e00,CANONICAL_IDENTITY_PRESERVED_FROM_LOCKED_SUFFIX_ALLOCATION,NO_ASSOCIABLE_GEOMETRY_SOURCE,,LOCKED_BASELINE_ASSERTED_REQUIRES_LIVE_RECHECK,SHARED_REFERENCE,Boundary geometry remains deferred; no polygon is fabricated from hierarchy alone.
align:nngla:administrative_area:NG-ADM-000179,ADMINISTRATIVE_AREA,NGP-000618,NG-ADM-CAND-000179,NG-ADM-000179,179,data/novegeo/nngla/geographic-identity-places/source/05_geographic_candidates/administrative_area_candidates.csv,61b83d76fa7324e8e062e7dc479c6958ceba15a8dfff170fab17fbffe6a48e00,CANONICAL_IDENTITY_PRESERVED_FROM_LOCKED_SUFFIX_ALLOCATION,NO_ASSOCIABLE_GEOMETRY_SOURCE,,LOCKED_BASELINE_ASSERTED_REQUIRES_LIVE_RECHECK,SHARED_REFERENCE,Boundary geometry remains deferred; no polygon is fabricated from hierarchy alone.
align:nngla:administrative_area:NG-ADM-000180,ADMINISTRATIVE_AREA,NGP-000619,NG-ADM-CAND-000180,NG-ADM-000180,180,data/novegeo/nngla/geographic-identity-places/source/05_geographic_candidates/administrative_area_candidates.csv,61b83d76fa7324e8e062e7dc479c6958ceba15a8dfff170fab17fbffe6a48e00,CANONICAL_IDENTITY_PRESERVED_FROM_LOCKED_SUFFIX_ALLOCATION,NO_ASSOCIABLE_GEOMETRY_SOURCE,,LOCKED_BASELINE_ASSERTED_REQUIRES_LIVE_RECHECK,SHARED_REFERENCE,Boundary geometry remains deferred; no polygon is fabricated from hierarchy alone.
align:nngla:administrative_area:NG-ADM-000181,ADMINISTRATIVE_AREA,NGP-000620,NG-ADM-CAND-000181,NG-ADM-000181,181,data/novegeo/nngla/geographic-identity-places/source/05_geographic_candidates/administrative_area_candidates.csv,61b83d76fa7324e8e062e7dc479c6958ceba15a8dfff170fab17fbffe6a48e00,CANONICAL_IDENTITY_PRESERVED_FROM_LOCKED_SUFFIX_ALLOCATION,NO_ASSOCIABLE_GEOMETRY_SOURCE,,LOCKED_BASELINE_ASSERTED_REQUIRES_LIVE_RECHECK,SHARED_REFERENCE,Boundary geometry remains deferred; no polygon is fabricated from hierarchy alone.
align:nngla:administrative_area:NG-ADM-000182,ADMINISTRATIVE_AREA,NGP-000648,NG-ADM-CAND-000182,NG-ADM-000182,182,data/novegeo/nngla/geographic-identity-places/source/05_geographic_candidates/administrative_area_candidates.csv,61b83d76fa7324e8e062e7dc479c6958ceba15a8dfff170fab17fbffe6a48e00,CANONICAL_IDENTITY_PRESERVED_FROM_LOCKED_SUFFIX_ALLOCATION,NO_ASSOCIABLE_GEOMETRY_SOURCE,,LOCKED_BASELINE_ASSERTED_REQUIRES_LIVE_RECHECK,SHARED_REFERENCE,Boundary geometry remains deferred; no polygon is fabricated from hierarchy alone.
align:nngla:administrative_area:NG-ADM-000183,ADMINISTRATIVE_AREA,NGP-000649,NG-ADM-CAND-000183,NG-ADM-000183,183,data/novegeo/nngla/geographic-identity-places/source/05_geographic_candidates/administrative_area_candidates.csv,61b83d76fa7324e8e062e7dc479c6958ceba15a8dfff170fab17fbffe6a48e00,CANONICAL_IDENTITY_PRESERVED_FROM_LOCKED_SUFFIX_ALLOCATION,NO_ASSOCIABLE_GEOMETRY_SOURCE,,LOCKED_BASELINE_ASSERTED_REQUIRES_LIVE_RECHECK,SHARED_REFERENCE,Boundary geometry remains deferred; no polygon is fabricated from hierarchy alone.
align:nngla:administrative_area:NG-ADM-000184,ADMINISTRATIVE_AREA,NGP-000650,NG-ADM-CAND-000184,NG-ADM-000184,184,data/novegeo/nngla/geographic-identity-places/source/05_geographic_candidates/administrative_area_candidates.csv,61b83d76fa7324e8e062e7dc479c6958ceba15a8dfff170fab17fbffe6a48e00,CANONICAL_IDENTITY_PRESERVED_FROM_LOCKED_SUFFIX_ALLOCATION,NO_ASSOCIABLE_GEOMETRY_SOURCE,,LOCKED_BASELINE_ASSERTED_REQUIRES_LIVE_RECHECK,SHARED_REFERENCE,Boundary geometry remains deferred; no polygon is fabricated from hierarchy alone.
align:nngla:administrative_area:NG-ADM-000185,ADMINISTRATIVE_AREA,NGP-000651,NG-ADM-CAND-000185,NG-ADM-000185,185,data/novegeo/nngla/geographic-identity-places/source/05_geographic_candidates/administrative_area_candidates.csv,61b83d76fa7324e8e062e7dc479c6958ceba15a8dfff170fab17fbffe6a48e00,CANONICAL_IDENTITY_PRESERVED_FROM_LOCKED_SUFFIX_ALLOCATION,NO_ASSOCIABLE_GEOMETRY_SOURCE,,LOCKED_BASELINE_ASSERTED_REQUIRES_LIVE_RECHECK,SHARED_REFERENCE,Boundary geometry remains deferred; no polygon is fabricated from hierarchy alone.
align:nngla:administrative_area:NG-ADM-000186,ADMINISTRATIVE_AREA,NGP-000652,NG-ADM-CAND-000186,NG-ADM-000186,186,data/novegeo/nngla/geographic-identity-places/source/05_geographic_candidates/administrative_area_candidates.csv,61b83d76fa7324e8e062e7dc479c6958ceba15a8dfff170fab17fbffe6a48e00,CANONICAL_IDENTITY_PRESERVED_FROM_LOCKED_SUFFIX_ALLOCATION,NO_ASSOCIABLE_GEOMETRY_SOURCE,,LOCKED_BASELINE_ASSERTED_REQUIRES_LIVE_RECHECK,SHARED_REFERENCE,Boundary geometry remains deferred; no polygon is fabricated from hierarchy alone.
align:nngla:administrative_area:NG-ADM-000187,ADMINISTRATIVE_AREA,NGP-000653,NG-ADM-CAND-000187,NG-ADM-000187,187,data/novegeo/nngla/geographic-identity-places/source/05_geographic_candidates/administrative_area_candidates.csv,61b83d76fa7324e8e062e7dc479c6958ceba15a8dfff170fab17fbffe6a48e00,CANONICAL_IDENTITY_PRESERVED_FROM_LOCKED_SUFFIX_ALLOCATION,NO_ASSOCIABLE_GEOMETRY_SOURCE,,LOCKED_BASELINE_ASSERTED_REQUIRES_LIVE_RECHECK,SHARED_REFERENCE,Boundary geometry remains deferred; no polygon is fabricated from hierarchy alone.
align:nngla:administrative_area:NG-ADM-000188,ADMINISTRATIVE_AREA,NGP-000654,NG-ADM-CAND-000188,NG-ADM-000188,188,data/novegeo/nngla/geographic-identity-places/source/05_geographic_candidates/administrative_area_candidates.csv,61b83d76fa7324e8e062e7dc479c6958ceba15a8dfff170fab17fbffe6a48e00,CANONICAL_IDENTITY_PRESERVED_FROM_LOCKED_SUFFIX_ALLOCATION,NO_ASSOCIABLE_GEOMETRY_SOURCE,,LOCKED_BASELINE_ASSERTED_REQUIRES_LIVE_RECHECK,SHARED_REFERENCE,Boundary geometry remains deferred; no polygon is fabricated from hierarchy alone.
align:nngla:administrative_area:NG-ADM-000189,ADMINISTRATIVE_AREA,NGP-000655,NG-ADM-CAND-000189,NG-ADM-000189,189,data/novegeo/nngla/geographic-identity-places/source/05_geographic_candidates/administrative_area_candidates.csv,61b83d76fa7324e8e062e7dc479c6958ceba15a8dfff170fab17fbffe6a48e00,CANONICAL_IDENTITY_PRESERVED_FROM_LOCKED_SUFFIX_ALLOCATION,NO_ASSOCIABLE_GEOMETRY_SOURCE,,LOCKED_BASELINE_ASSERTED_REQUIRES_LIVE_RECHECK,SHARED_REFERENCE,Boundary geometry remains deferred; no polygon is fabricated from hierarchy alone.
align:nngla:administrative_area:NG-ADM-000190,ADMINISTRATIVE_AREA,NGP-000656,NG-ADM-CAND-000190,NG-ADM-000190,190,data/novegeo/nngla/geographic-identity-places/source/05_geographic_candidates/administrative_area_candidates.csv,61b83d76fa7324e8e062e7dc479c6958ceba15a8dfff170fab17fbffe6a48e00,CANONICAL_IDENTITY_PRESERVED_FROM_LOCKED_SUFFIX_ALLOCATION,NO_ASSOCIABLE_GEOMETRY_SOURCE,,LOCKED_BASELINE_ASSERTED_REQUIRES_LIVE_RECHECK,SHARED_REFERENCE,Boundary geometry remains deferred; no polygon is fabricated from hierarchy alone.
align:nngla:administrative_area:NG-ADM-000191,ADMINISTRATIVE_AREA,NGP-000692,NG-ADM-CAND-000191,NG-ADM-000191,191,data/novegeo/nngla/geographic-identity-places/source/05_geographic_candidates/administrative_area_candidates.csv,61b83d76fa7324e8e062e7dc479c6958ceba15a8dfff170fab17fbffe6a48e00,CANONICAL_IDENTITY_PRESERVED_FROM_LOCKED_SUFFIX_ALLOCATION,NO_ASSOCIABLE_GEOMETRY_SOURCE,,LOCKED_BASELINE_ASSERTED_REQUIRES_LIVE_RECHECK,SHARED_REFERENCE,Boundary geometry remains deferred; no polygon is fabricated from hierarchy alone.
align:nngla:administrative_area:NG-ADM-000192,ADMINISTRATIVE_AREA,NGP-000693,NG-ADM-CAND-000192,NG-ADM-000192,192,data/novegeo/nngla/geographic-identity-places/source/05_geographic_candidates/administrative_area_candidates.csv,61b83d76fa7324e8e062e7dc479c6958ceba15a8dfff170fab17fbffe6a48e00,CANONICAL_IDENTITY_PRESERVED_FROM_LOCKED_SUFFIX_ALLOCATION,NO_ASSOCIABLE_GEOMETRY_SOURCE,,LOCKED_BASELINE_ASSERTED_REQUIRES_LIVE_RECHECK,SHARED_REFERENCE,Boundary geometry remains deferred; no polygon is fabricated from hierarchy alone.
align:nngla:road:NG-RD-000001,ROAD,NG-RD-CAND-000001,NG-RD-CAND-000001,NG-RD-000001,1,data/novegeo/nngla/geometry-roads-addresses/source/06_roads_addresses/road_reference_candidates.csv,ae4e334fad728bb676f38d1bda2f3504cdc7ee86db9d8c66ec7455949bf55339,CANONICAL_IDENTITY_PRESERVED_FROM_LOCKED_FIRST_350_ROAD_BASELINE,NO_ASSOCIABLE_GEOMETRY_SOURCE,,LOCKED_BASELINE_ASSERTED_REQUIRES_LIVE_RECHECK,SHARED_REFERENCE,Only the first 350 road source candidates are aligned to the locked canonical road baseline.
align:nngla:road:NG-RD-000002,ROAD,NG-RD-CAND-000002,NG-RD-CAND-000002,NG-RD-000002,2,data/novegeo/nngla/geometry-roads-addresses/source/06_roads_addresses/road_reference_candidates.csv,ae4e334fad728bb676f38d1bda2f3504cdc7ee86db9d8c66ec7455949bf55339,CANONICAL_IDENTITY_PRESERVED_FROM_LOCKED_FIRST_350_ROAD_BASELINE,NO_ASSOCIABLE_GEOMETRY_SOURCE,,LOCKED_BASELINE_ASSERTED_REQUIRES_LIVE_RECHECK,SHARED_REFERENCE,Only the first 350 road source candidates are aligned to the locked canonical road baseline.
align:nngla:road:NG-RD-000003,ROAD,NG-RD-CAND-000003,NG-RD-CAND-000003,NG-RD-000003,3,data/novegeo/nngla/geometry-roads-addresses/source/06_roads_addresses/road_reference_candidates.csv,ae4e334fad728bb676f38d1bda2f3504cdc7ee86db9d8c66ec7455949bf55339,CANONICAL_IDENTITY_PRESERVED_FROM_LOCKED_FIRST_350_ROAD_BASELINE,NO_ASSOCIABLE_GEOMETRY_SOURCE,,LOCKED_BASELINE_ASSERTED_REQUIRES_LIVE_RECHECK,SHARED_REFERENCE,Only the first 350 road source candidates are aligned to the locked canonical road baseline.
align:nngla:road:NG-RD-000004,ROAD,NG-RD-CAND-000004,NG-RD-CAND-000004,NG-RD-000004,4,data/novegeo/nngla/geometry-roads-addresses/source/06_roads_addresses/road_reference_candidates.csv,ae4e334fad728bb676f38d1bda2f3504cdc7ee86db9d8c66ec7455949bf55339,CANONICAL_IDENTITY_PRESERVED_FROM_LOCKED_FIRST_350_ROAD_BASELINE,NO_ASSOCIABLE_GEOMETRY_SOURCE,,LOCKED_BASELINE_ASSERTED_REQUIRES_LIVE_RECHECK,SHARED_REFERENCE,Only the first 350 road source candidates are aligned to the locked canonical road baseline.
align:nngla:road:NG-RD-000005,ROAD,NG-RD-CAND-000005,NG-RD-CAND-000005,NG-RD-000005,5,data/novegeo/nngla/geometry-roads-addresses/source/06_roads_addresses/road_reference_candidates.csv,ae4e334fad728bb676f38d1bda2f3504cdc7ee86db9d8c66ec7455949bf55339,CANONICAL_IDENTITY_PRESERVED_FROM_LOCKED_FIRST_350_ROAD_BASELINE,NO_ASSOCIABLE_GEOMETRY_SOURCE,,LOCKED_BASELINE_ASSERTED_REQUIRES_LIVE_RECHECK,SHARED_REFERENCE,Only the first 350 road source candidates are aligned to the locked canonical road baseline.
align:nngla:road:NG-RD-000006,ROAD,NG-RD-CAND-000006,NG-RD-CAND-000006,NG-RD-000006,6,data/novegeo/nngla/geometry-roads-addresses/source/06_roads_addresses/road_reference_candidates.csv,ae4e334fad728bb676f38d1bda2f3504cdc7ee86db9d8c66ec7455949bf55339,CANONICAL_IDENTITY_PRESERVED_FROM_LOCKED_FIRST_350_ROAD_BASELINE,NO_ASSOCIABLE_GEOMETRY_SOURCE,,LOCKED_BASELINE_ASSERTED_REQUIRES_LIVE_RECHECK,SHARED_REFERENCE,Only the first 350 road source candidates are aligned to the locked canonical road baseline.
align:nngla:road:NG-RD-000007,ROAD,NG-RD-CAND-000007,NG-RD-CAND-000007,NG-RD-000007,7,data/novegeo/nngla/geometry-roads-addresses/source/06_roads_addresses/road_reference_candidates.csv,ae4e334fad728bb676f38d1bda2f3504cdc7ee86db9d8c66ec7455949bf55339,CANONICAL_IDENTITY_PRESERVED_FROM_LOCKED_FIRST_350_ROAD_BASELINE,NO_ASSOCIABLE_GEOMETRY_SOURCE,,LOCKED_BASELINE_ASSERTED_REQUIRES_LIVE_RECHECK,SHARED_REFERENCE,Only the first 350 road source candidates are aligned to the locked canonical road baseline.
align:nngla:road:NG-RD-000008,ROAD,NG-RD-CAND-000008,NG-RD-CAND-000008,NG-RD-000008,8,data/novegeo/nngla/geometry-roads-addresses/source/06_roads_addresses/road_reference_candidates.csv,ae4e334fad728bb676f38d1bda2f3504cdc7ee86db9d8c66ec7455949bf55339,CANONICAL_IDENTITY_PRESERVED_FROM_LOCKED_FIRST_350_ROAD_BASELINE,NO_ASSOCIABLE_GEOMETRY_SOURCE,,LOCKED_BASELINE_ASSERTED_REQUIRES_LIVE_RECHECK,SHARED_REFERENCE,Only the first 350 road source candidates are aligned to the locked canonical road baseline.
align:nngla:road:NG-RD-000009,ROAD,NG-RD-CAND-000009,NG-RD-CAND-000009,NG-RD-000009,9,data/novegeo/nngla/geometry-roads-addresses/source/06_roads_addresses/road_reference_candidates.csv,ae4e334fad728bb676f38d1bda2f3504cdc7ee86db9d8c66ec7455949bf55339,CANONICAL_IDENTITY_PRESERVED_FROM_LOCKED_FIRST_350_ROAD_BASELINE,NO_ASSOCIABLE_GEOMETRY_SOURCE,,LOCKED_BASELINE_ASSERTED_REQUIRES_LIVE_RECHECK,SHARED_REFERENCE,Only the first 350 road source candidates are aligned to the locked canonical road baseline.
align:nngla:road:NG-RD-000010,ROAD,NG-RD-CAND-000010,NG-RD-CAND-000010,NG-RD-000010,10,data/novegeo/nngla/geometry-roads-addresses/source/06_roads_addresses/road_reference_candidates.csv,ae4e334fad728bb676f38d1bda2f3504cdc7ee86db9d8c66ec7455949bf55339,CANONICAL_IDENTITY_PRESERVED_FROM_LOCKED_FIRST_350_ROAD_BASELINE,NO_ASSOCIABLE_GEOMETRY_SOURCE,,LOCKED_BASELINE_ASSERTED_REQUIRES_LIVE_RECHECK,SHARED_REFERENCE,Only the first 350 road source candidates are aligned to the locked canonical road baseline.
align:nngla:road:NG-RD-000011,ROAD,NG-RD-CAND-000011,NG-RD-CAND-000011,NG-RD-000011,11,data/novegeo/nngla/geometry-roads-addresses/source/06_roads_addresses/road_reference_candidates.csv,ae4e334fad728bb676f38d1bda2f3504cdc7ee86db9d8c66ec7455949bf55339,CANONICAL_IDENTITY_PRESERVED_FROM_LOCKED_FIRST_350_ROAD_BASELINE,NO_ASSOCIABLE_GEOMETRY_SOURCE,,LOCKED_BASELINE_ASSERTED_REQUIRES_LIVE_RECHECK,SHARED_REFERENCE,Only the first 350 road source candidates are aligned to the locked canonical road baseline.
align:nngla:road:NG-RD-000012,ROAD,NG-RD-CAND-000012,NG-RD-CAND-000012,NG-RD-000012,12,data/novegeo/nngla/geometry-roads-addresses/source/06_roads_addresses/road_reference_candidates.csv,ae4e334fad728bb676f38d1bda2f3504cdc7ee86db9d8c66ec7455949bf55339,CANONICAL_IDENTITY_PRESERVED_FROM_LOCKED_FIRST_350_ROAD_BASELINE,NO_ASSOCIABLE_GEOMETRY_SOURCE,,LOCKED_BASELINE_ASSERTED_REQUIRES_LIVE_RECHECK,SHARED_REFERENCE,Only the first 350 road source candidates are aligned to the locked canonical road baseline.
align:nngla:road:NG-RD-000013,ROAD,NG-RD-CAND-000013,NG-RD-CAND-000013,NG-RD-000013,13,data/novegeo/nngla/geometry-roads-addresses/source/06_roads_addresses/road_reference_candidates.csv,ae4e334fad728bb676f38d1bda2f3504cdc7ee86db9d8c66ec7455949bf55339,CANONICAL_IDENTITY_PRESERVED_FROM_LOCKED_FIRST_350_ROAD_BASELINE,NO_ASSOCIABLE_GEOMETRY_SOURCE,,LOCKED_BASELINE_ASSERTED_REQUIRES_LIVE_RECHECK,SHARED_REFERENCE,Only the first 350 road source candidates are aligned to the locked canonical road baseline.
align:nngla:road:NG-RD-000014,ROAD,NG-RD-CAND-000014,NG-RD-CAND-000014,NG-RD-000014,14,data/novegeo/nngla/geometry-roads-addresses/source/06_roads_addresses/road_reference_candidates.csv,ae4e334fad728bb676f38d1bda2f3504cdc7ee86db9d8c66ec7455949bf55339,CANONICAL_IDENTITY_PRESERVED_FROM_LOCKED_FIRST_350_ROAD_BASELINE,NO_ASSOCIABLE_GEOMETRY_SOURCE,,LOCKED_BASELINE_ASSERTED_REQUIRES_LIVE_RECHECK,SHARED_REFERENCE,Only the first 350 road source candidates are aligned to the locked canonical road baseline.
align:nngla:road:NG-RD-000015,ROAD,NG-RD-CAND-000015,NG-RD-CAND-000015,NG-RD-000015,15,data/novegeo/nngla/geometry-roads-addresses/source/06_roads_addresses/road_reference_candidates.csv,ae4e334fad728bb676f38d1bda2f3504cdc7ee86db9d8c66ec7455949bf55339,CANONICAL_IDENTITY_PRESERVED_FROM_LOCKED_FIRST_350_ROAD_BASELINE,NO_ASSOCIABLE_GEOMETRY_SOURCE,,LOCKED_BASELINE_ASSERTED_REQUIRES_LIVE_RECHECK,SHARED_REFERENCE,Only the first 350 road source candidates are aligned to the locked canonical road baseline.
align:nngla:road:NG-RD-000016,ROAD,NG-RD-CAND-000016,NG-RD-CAND-000016,NG-RD-000016,16,data/novegeo/nngla/geometry-roads-addresses/source/06_roads_addresses/road_reference_candidates.csv,ae4e334fad728bb676f38d1bda2f3504cdc7ee86db9d8c66ec7455949bf55339,CANONICAL_IDENTITY_PRESERVED_FROM_LOCKED_FIRST_350_ROAD_BASELINE,NO_ASSOCIABLE_GEOMETRY_SOURCE,,LOCKED_BASELINE_ASSERTED_REQUIRES_LIVE_RECHECK,SHARED_REFERENCE,Only the first 350 road source candidates are aligned to the locked canonical road baseline.
align:nngla:road:NG-RD-000017,ROAD,NG-RD-CAND-000017,NG-RD-CAND-000017,NG-RD-000017,17,data/novegeo/nngla/geometry-roads-addresses/source/06_roads_addresses/road_reference_candidates.csv,ae4e334fad728bb676f38d1bda2f3504cdc7ee86db9d8c66ec7455949bf55339,CANONICAL_IDENTITY_PRESERVED_FROM_LOCKED_FIRST_350_ROAD_BASELINE,NO_ASSOCIABLE_GEOMETRY_SOURCE,,LOCKED_BASELINE_ASSERTED_REQUIRES_LIVE_RECHECK,SHARED_REFERENCE,Only the first 350 road source candidates are aligned to the locked canonical road baseline.
align:nngla:road:NG-RD-000018,ROAD,NG-RD-CAND-000018,NG-RD-CAND-000018,NG-RD-000018,18,data/novegeo/nngla/geometry-roads-addresses/source/06_roads_addresses/road_reference_candidates.csv,ae4e334fad728bb676f38d1bda2f3504cdc7ee86db9d8c66ec7455949bf55339,CANONICAL_IDENTITY_PRESERVED_FROM_LOCKED_FIRST_350_ROAD_BASELINE,NO_ASSOCIABLE_GEOMETRY_SOURCE,,LOCKED_BASELINE_ASSERTED_REQUIRES_LIVE_RECHECK,SHARED_REFERENCE,Only the first 350 road source candidates are aligned to the locked canonical road baseline.
align:nngla:road:NG-RD-000019,ROAD,NG-RD-CAND-000019,NG-RD-CAND-000019,NG-RD-000019,19,data/novegeo/nngla/geometry-roads-addresses/source/06_roads_addresses/road_reference_candidates.csv,ae4e334fad728bb676f38d1bda2f3504cdc7ee86db9d8c66ec7455949bf55339,CANONICAL_IDENTITY_PRESERVED_FROM_LOCKED_FIRST_350_ROAD_BASELINE,NO_ASSOCIABLE_GEOMETRY_SOURCE,,LOCKED_BASELINE_ASSERTED_REQUIRES_LIVE_RECHECK,SHARED_REFERENCE,Only the first 350 road source candidates are aligned to the locked canonical road baseline.
align:nngla:road:NG-RD-000020,ROAD,NG-RD-CAND-000020,NG-RD-CAND-000020,NG-RD-000020,20,data/novegeo/nngla/geometry-roads-addresses/source/06_roads_addresses/road_reference_candidates.csv,ae4e334fad728bb676f38d1bda2f3504cdc7ee86db9d8c66ec7455949bf55339,CANONICAL_IDENTITY_PRESERVED_FROM_LOCKED_FIRST_350_ROAD_BASELINE,NO_ASSOCIABLE_GEOMETRY_SOURCE,,LOCKED_BASELINE_ASSERTED_REQUIRES_LIVE_RECHECK,SHARED_REFERENCE,Only the first 350 road source candidates are aligned to the locked canonical road baseline.
align:nngla:road:NG-RD-000021,ROAD,NG-RD-CAND-000021,NG-RD-CAND-000021,NG-RD-000021,21,data/novegeo/nngla/geometry-roads-addresses/source/06_roads_addresses/road_reference_candidates.csv,ae4e334fad728bb676f38d1bda2f3504cdc7ee86db9d8c66ec7455949bf55339,CANONICAL_IDENTITY_PRESERVED_FROM_LOCKED_FIRST_350_ROAD_BASELINE,NO_ASSOCIABLE_GEOMETRY_SOURCE,,LOCKED_BASELINE_ASSERTED_REQUIRES_LIVE_RECHECK,SHARED_REFERENCE,Only the first 350 road source candidates are aligned to the locked canonical road baseline.
align:nngla:road:NG-RD-000022,ROAD,NG-RD-CAND-000022,NG-RD-CAND-000022,NG-RD-000022,22,data/novegeo/nngla/geometry-roads-addresses/source/06_roads_addresses/road_reference_candidates.csv,ae4e334fad728bb676f38d1bda2f3504cdc7ee86db9d8c66ec7455949bf55339,CANONICAL_IDENTITY_PRESERVED_FROM_LOCKED_FIRST_350_ROAD_BASELINE,NO_ASSOCIABLE_GEOMETRY_SOURCE,,LOCKED_BASELINE_ASSERTED_REQUIRES_LIVE_RECHECK,SHARED_REFERENCE,Only the first 350 road source candidates are aligned to the locked canonical road baseline.
align:nngla:road:NG-RD-000023,ROAD,NG-RD-CAND-000023,NG-RD-CAND-000023,NG-RD-000023,23,data/novegeo/nngla/geometry-roads-addresses/source/06_roads_addresses/road_reference_candidates.csv,ae4e334fad728bb676f38d1bda2f3504cdc7ee86db9d8c66ec7455949bf55339,CANONICAL_IDENTITY_PRESERVED_FROM_LOCKED_FIRST_350_ROAD_BASELINE,NO_ASSOCIABLE_GEOMETRY_SOURCE,,LOCKED_BASELINE_ASSERTED_REQUIRES_LIVE_RECHECK,SHARED_REFERENCE,Only the first 350 road source candidates are aligned to the locked canonical road baseline.
align:nngla:road:NG-RD-000024,ROAD,NG-RD-CAND-000024,NG-RD-CAND-000024,NG-RD-000024,24,data/novegeo/nngla/geometry-roads-addresses/source/06_roads_addresses/road_reference_candidates.csv,ae4e334fad728bb676f38d1bda2f3504cdc7ee86db9d8c66ec7455949bf55339,CANONICAL_IDENTITY_PRESERVED_FROM_LOCKED_FIRST_350_ROAD_BASELINE,NO_ASSOCIABLE_GEOMETRY_SOURCE,,LOCKED_BASELINE_ASSERTED_REQUIRES_LIVE_RECHECK,SHARED_REFERENCE,Only the first 350 road source candidates are aligned to the locked canonical road baseline.
align:nngla:road:NG-RD-000025,ROAD,NG-RD-CAND-000025,NG-RD-CAND-000025,NG-RD-000025,25,data/novegeo/nngla/geometry-roads-addresses/source/06_roads_addresses/road_reference_candidates.csv,ae4e334fad728bb676f38d1bda2f3504cdc7ee86db9d8c66ec7455949bf55339,CANONICAL_IDENTITY_PRESERVED_FROM_LOCKED_FIRST_350_ROAD_BASELINE,NO_ASSOCIABLE_GEOMETRY_SOURCE,,LOCKED_BASELINE_ASSERTED_REQUIRES_LIVE_RECHECK,SHARED_REFERENCE,Only the first 350 road source candidates are aligned to the locked canonical road baseline.
align:nngla:road:NG-RD-000026,ROAD,NG-RD-CAND-000026,NG-RD-CAND-000026,NG-RD-000026,26,data/novegeo/nngla/geometry-roads-addresses/source/06_roads_addresses/road_reference_candidates.csv,ae4e334fad728bb676f38d1bda2f3504cdc7ee86db9d8c66ec7455949bf55339,CANONICAL_IDENTITY_PRESERVED_FROM_LOCKED_FIRST_350_ROAD_BASELINE,NO_ASSOCIABLE_GEOMETRY_SOURCE,,LOCKED_BASELINE_ASSERTED_REQUIRES_LIVE_RECHECK,SHARED_REFERENCE,Only the first 350 road source candidates are aligned to the locked canonical road baseline.
align:nngla:road:NG-RD-000027,ROAD,NG-RD-CAND-000027,NG-RD-CAND-000027,NG-RD-000027,27,data/novegeo/nngla/geometry-roads-addresses/source/06_roads_addresses/road_reference_candidates.csv,ae4e334fad728bb676f38d1bda2f3504cdc7ee86db9d8c66ec7455949bf55339,CANONICAL_IDENTITY_PRESERVED_FROM_LOCKED_FIRST_350_ROAD_BASELINE,NO_ASSOCIABLE_GEOMETRY_SOURCE,,LOCKED_BASELINE_ASSERTED_REQUIRES_LIVE_RECHECK,SHARED_REFERENCE,Only the first 350 road source candidates are aligned to the locked canonical road baseline.
align:nngla:road:NG-RD-000028,ROAD,NG-RD-CAND-000028,NG-RD-CAND-000028,NG-RD-000028,28,data/novegeo/nngla/geometry-roads-addresses/source/06_roads_addresses/road_reference_candidates.csv,ae4e334fad728bb676f38d1bda2f3504cdc7ee86db9d8c66ec7455949bf55339,CANONICAL_IDENTITY_PRESERVED_FROM_LOCKED_FIRST_350_ROAD_BASELINE,NO_ASSOCIABLE_GEOMETRY_SOURCE,,LOCKED_BASELINE_ASSERTED_REQUIRES_LIVE_RECHECK,SHARED_REFERENCE,Only the first 350 road source candidates are aligned to the locked canonical road baseline.
align:nngla:road:NG-RD-000029,ROAD,NG-RD-CAND-000029,NG-RD-CAND-000029,NG-RD-000029,29,data/novegeo/nngla/geometry-roads-addresses/source/06_roads_addresses/road_reference_candidates.csv,ae4e334fad728bb676f38d1bda2f3504cdc7ee86db9d8c66ec7455949bf55339,CANONICAL_IDENTITY_PRESERVED_FROM_LOCKED_FIRST_350_ROAD_BASELINE,NO_ASSOCIABLE_GEOMETRY_SOURCE,,LOCKED_BASELINE_ASSERTED_REQUIRES_LIVE_RECHECK,SHARED_REFERENCE,Only the first 350 road source candidates are aligned to the locked canonical road baseline.
align:nngla:road:NG-RD-000030,ROAD,NG-RD-CAND-000030,NG-RD-CAND-000030,NG-RD-000030,30,data/novegeo/nngla/geometry-roads-addresses/source/06_roads_addresses/road_reference_candidates.csv,ae4e334fad728bb676f38d1bda2f3504cdc7ee86db9d8c66ec7455949bf55339,CANONICAL_IDENTITY_PRESERVED_FROM_LOCKED_FIRST_350_ROAD_BASELINE,NO_ASSOCIABLE_GEOMETRY_SOURCE,,LOCKED_BASELINE_ASSERTED_REQUIRES_LIVE_RECHECK,SHARED_REFERENCE,Only the first 350 road source candidates are aligned to the locked canonical road baseline.
align:nngla:road:NG-RD-000031,ROAD,NG-RD-CAND-000031,NG-RD-CAND-000031,NG-RD-000031,31,data/novegeo/nngla/geometry-roads-addresses/source/06_roads_addresses/road_reference_candidates.csv,ae4e334fad728bb676f38d1bda2f3504cdc7ee86db9d8c66ec7455949bf55339,CANONICAL_IDENTITY_PRESERVED_FROM_LOCKED_FIRST_350_ROAD_BASELINE,NO_ASSOCIABLE_GEOMETRY_SOURCE,,LOCKED_BASELINE_ASSERTED_REQUIRES_LIVE_RECHECK,SHARED_REFERENCE,Only the first 350 road source candidates are aligned to the locked canonical road baseline.
align:nngla:road:NG-RD-000032,ROAD,NG-RD-CAND-000032,NG-RD-CAND-000032,NG-RD-000032,32,data/novegeo/nngla/geometry-roads-addresses/source/06_roads_addresses/road_reference_candidates.csv,ae4e334fad728bb676f38d1bda2f3504cdc7ee86db9d8c66ec7455949bf55339,CANONICAL_IDENTITY_PRESERVED_FROM_LOCKED_FIRST_350_ROAD_BASELINE,NO_ASSOCIABLE_GEOMETRY_SOURCE,,LOCKED_BASELINE_ASSERTED_REQUIRES_LIVE_RECHECK,SHARED_REFERENCE,Only the first 350 road source candidates are aligned to the locked canonical road baseline.
align:nngla:road:NG-RD-000033,ROAD,NG-RD-CAND-000033,NG-RD-CAND-000033,NG-RD-000033,33,data/novegeo/nngla/geometry-roads-addresses/source/06_roads_addresses/road_reference_candidates.csv,ae4e334fad728bb676f38d1bda2f3504cdc7ee86db9d8c66ec7455949bf55339,CANONICAL_IDENTITY_PRESERVED_FROM_LOCKED_FIRST_350_ROAD_BASELINE,NO_ASSOCIABLE_GEOMETRY_SOURCE,,LOCKED_BASELINE_ASSERTED_REQUIRES_LIVE_RECHECK,SHARED_REFERENCE,Only the first 350 road source candidates are aligned to the locked canonical road baseline.
align:nngla:road:NG-RD-000034,ROAD,NG-RD-CAND-000034,NG-RD-CAND-000034,NG-RD-000034,34,data/novegeo/nngla/geometry-roads-addresses/source/06_roads_addresses/road_reference_candidates.csv,ae4e334fad728bb676f38d1bda2f3504cdc7ee86db9d8c66ec7455949bf55339,CANONICAL_IDENTITY_PRESERVED_FROM_LOCKED_FIRST_350_ROAD_BASELINE,NO_ASSOCIABLE_GEOMETRY_SOURCE,,LOCKED_BASELINE_ASSERTED_REQUIRES_LIVE_RECHECK,SHARED_REFERENCE,Only the first 350 road source candidates are aligned to the locked canonical road baseline.
align:nngla:road:NG-RD-000035,ROAD,NG-RD-CAND-000035,NG-RD-CAND-000035,NG-RD-000035,35,data/novegeo/nngla/geometry-roads-addresses/source/06_roads_addresses/road_reference_candidates.csv,ae4e334fad728bb676f38d1bda2f3504cdc7ee86db9d8c66ec7455949bf55339,CANONICAL_IDENTITY_PRESERVED_FROM_LOCKED_FIRST_350_ROAD_BASELINE,NO_ASSOCIABLE_GEOMETRY_SOURCE,,LOCKED_BASELINE_ASSERTED_REQUIRES_LIVE_RECHECK,SHARED_REFERENCE,Only the first 350 road source candidates are aligned to the locked canonical road baseline.
align:nngla:road:NG-RD-000036,ROAD,NG-RD-CAND-000036,NG-RD-CAND-000036,NG-RD-000036,36,data/novegeo/nngla/geometry-roads-addresses/source/06_roads_addresses/road_reference_candidates.csv,ae4e334fad728bb676f38d1bda2f3504cdc7ee86db9d8c66ec7455949bf55339,CANONICAL_IDENTITY_PRESERVED_FROM_LOCKED_FIRST_350_ROAD_BASELINE,NO_ASSOCIABLE_GEOMETRY_SOURCE,,LOCKED_BASELINE_ASSERTED_REQUIRES_LIVE_RECHECK,SHARED_REFERENCE,Only the first 350 road source candidates are aligned to the locked canonical road baseline.
align:nngla:road:NG-RD-000037,ROAD,NG-RD-CAND-000037,NG-RD-CAND-000037,NG-RD-000037,37,data/novegeo/nngla/geometry-roads-addresses/source/06_roads_addresses/road_reference_candidates.csv,ae4e334fad728bb676f38d1bda2f3504cdc7ee86db9d8c66ec7455949bf55339,CANONICAL_IDENTITY_PRESERVED_FROM_LOCKED_FIRST_350_ROAD_BASELINE,NO_ASSOCIABLE_GEOMETRY_SOURCE,,LOCKED_BASELINE_ASSERTED_REQUIRES_LIVE_RECHECK,SHARED_REFERENCE,Only the first 350 road source candidates are aligned to the locked canonical road baseline.
align:nngla:road:NG-RD-000038,ROAD,NG-RD-CAND-000038,NG-RD-CAND-000038,NG-RD-000038,38,data/novegeo/nngla/geometry-roads-addresses/source/06_roads_addresses/road_reference_candidates.csv,ae4e334fad728bb676f38d1bda2f3504cdc7ee86db9d8c66ec7455949bf55339,CANONICAL_IDENTITY_PRESERVED_FROM_LOCKED_FIRST_350_ROAD_BASELINE,NO_ASSOCIABLE_GEOMETRY_SOURCE,,LOCKED_BASELINE_ASSERTED_REQUIRES_LIVE_RECHECK,SHARED_REFERENCE,Only the first 350 road source candidates are aligned to the locked canonical road baseline.
align:nngla:road:NG-RD-000039,ROAD,NG-RD-CAND-000039,NG-RD-CAND-000039,NG-RD-000039,39,data/novegeo/nngla/geometry-roads-addresses/source/06_roads_addresses/road_reference_candidates.csv,ae4e334fad728bb676f38d1bda2f3504cdc7ee86db9d8c66ec7455949bf55339,CANONICAL_IDENTITY_PRESERVED_FROM_LOCKED_FIRST_350_ROAD_BASELINE,NO_ASSOCIABLE_GEOMETRY_SOURCE,,LOCKED_BASELINE_ASSERTED_REQUIRES_LIVE_RECHECK,SHARED_REFERENCE,Only the first 350 road source candidates are aligned to the locked canonical road baseline.
align:nngla:road:NG-RD-000040,ROAD,NG-RD-CAND-000040,NG-RD-CAND-000040,NG-RD-000040,40,data/novegeo/nngla/geometry-roads-addresses/source/06_roads_addresses/road_reference_candidates.csv,ae4e334fad728bb676f38d1bda2f3504cdc7ee86db9d8c66ec7455949bf55339,CANONICAL_IDENTITY_PRESERVED_FROM_LOCKED_FIRST_350_ROAD_BASELINE,NO_ASSOCIABLE_GEOMETRY_SOURCE,,LOCKED_BASELINE_ASSERTED_REQUIRES_LIVE_RECHECK,SHARED_REFERENCE,Only the first 350 road source candidates are aligned to the locked canonical road baseline.
align:nngla:road:NG-RD-000041,ROAD,NG-RD-CAND-000041,NG-RD-CAND-000041,NG-RD-000041,41,data/novegeo/nngla/geometry-roads-addresses/source/06_roads_addresses/road_reference_candidates.csv,ae4e334fad728bb676f38d1bda2f3504cdc7ee86db9d8c66ec7455949bf55339,CANONICAL_IDENTITY_PRESERVED_FROM_LOCKED_FIRST_350_ROAD_BASELINE,NO_ASSOCIABLE_GEOMETRY_SOURCE,,LOCKED_BASELINE_ASSERTED_REQUIRES_LIVE_RECHECK,SHARED_REFERENCE,Only the first 350 road source candidates are aligned to the locked canonical road baseline.
align:nngla:road:NG-RD-000042,ROAD,NG-RD-CAND-000042,NG-RD-CAND-000042,NG-RD-000042,42,data/novegeo/nngla/geometry-roads-addresses/source/06_roads_addresses/road_reference_candidates.csv,ae4e334fad728bb676f38d1bda2f3504cdc7ee86db9d8c66ec7455949bf55339,CANONICAL_IDENTITY_PRESERVED_FROM_LOCKED_FIRST_350_ROAD_BASELINE,NO_ASSOCIABLE_GEOMETRY_SOURCE,,LOCKED_BASELINE_ASSERTED_REQUIRES_LIVE_RECHECK,SHARED_REFERENCE,Only the first 350 road source candidates are aligned to the locked canonical road baseline.
align:nngla:road:NG-RD-000043,ROAD,NG-RD-CAND-000043,NG-RD-CAND-000043,NG-RD-000043,43,data/novegeo/nngla/geometry-roads-addresses/source/06_roads_addresses/road_reference_candidates.csv,ae4e334fad728bb676f38d1bda2f3504cdc7ee86db9d8c66ec7455949bf55339,CANONICAL_IDENTITY_PRESERVED_FROM_LOCKED_FIRST_350_ROAD_BASELINE,NO_ASSOCIABLE_GEOMETRY_SOURCE,,LOCKED_BASELINE_ASSERTED_REQUIRES_LIVE_RECHECK,SHARED_REFERENCE,Only the first 350 road source candidates are aligned to the locked canonical road baseline.
align:nngla:road:NG-RD-000044,ROAD,NG-RD-CAND-000044,NG-RD-CAND-000044,NG-RD-000044,44,data/novegeo/nngla/geometry-roads-addresses/source/06_roads_addresses/road_reference_candidates.csv,ae4e334fad728bb676f38d1bda2f3504cdc7ee86db9d8c66ec7455949bf55339,CANONICAL_IDENTITY_PRESERVED_FROM_LOCKED_FIRST_350_ROAD_BASELINE,NO_ASSOCIABLE_GEOMETRY_SOURCE,,LOCKED_BASELINE_ASSERTED_REQUIRES_LIVE_RECHECK,SHARED_REFERENCE,Only the first 350 road source candidates are aligned to the locked canonical road baseline.
align:nngla:road:NG-RD-000045,ROAD,NG-RD-CAND-000045,NG-RD-CAND-000045,NG-RD-000045,45,data/novegeo/nngla/geometry-roads-addresses/source/06_roads_addresses/road_reference_candidates.csv,ae4e334fad728bb676f38d1bda2f3504cdc7ee86db9d8c66ec7455949bf55339,CANONICAL_IDENTITY_PRESERVED_FROM_LOCKED_FIRST_350_ROAD_BASELINE,NO_ASSOCIABLE_GEOMETRY_SOURCE,,LOCKED_BASELINE_ASSERTED_REQUIRES_LIVE_RECHECK,SHARED_REFERENCE,Only the first 350 road source candidates are aligned to the locked canonical road baseline.
align:nngla:road:NG-RD-000046,ROAD,NG-RD-CAND-000046,NG-RD-CAND-000046,NG-RD-000046,46,data/novegeo/nngla/geometry-roads-addresses/source/06_roads_addresses/road_reference_candidates.csv,ae4e334fad728bb676f38d1bda2f3504cdc7ee86db9d8c66ec7455949bf55339,CANONICAL_IDENTITY_PRESERVED_FROM_LOCKED_FIRST_350_ROAD_BASELINE,NO_ASSOCIABLE_GEOMETRY_SOURCE,,LOCKED_BASELINE_ASSERTED_REQUIRES_LIVE_RECHECK,SHARED_REFERENCE,Only the first 350 road source candidates are aligned to the locked canonical road baseline.
align:nngla:road:NG-RD-000047,ROAD,NG-RD-CAND-000047,NG-RD-CAND-000047,NG-RD-000047,47,data/novegeo/nngla/geometry-roads-addresses/source/06_roads_addresses/road_reference_candidates.csv,ae4e334fad728bb676f38d1bda2f3504cdc7ee86db9d8c66ec7455949bf55339,CANONICAL_IDENTITY_PRESERVED_FROM_LOCKED_FIRST_350_ROAD_BASELINE,NO_ASSOCIABLE_GEOMETRY_SOURCE,,LOCKED_BASELINE_ASSERTED_REQUIRES_LIVE_RECHECK,SHARED_REFERENCE,Only the first 350 road source candidates are aligned to the locked canonical road baseline.
align:nngla:road:NG-RD-000048,ROAD,NG-RD-CAND-000048,NG-RD-CAND-000048,NG-RD-000048,48,data/novegeo/nngla/geometry-roads-addresses/source/06_roads_addresses/road_reference_candidates.csv,ae4e334fad728bb676f38d1bda2f3504cdc7ee86db9d8c66ec7455949bf55339,CANONICAL_IDENTITY_PRESERVED_FROM_LOCKED_FIRST_350_ROAD_BASELINE,NO_ASSOCIABLE_GEOMETRY_SOURCE,,LOCKED_BASELINE_ASSERTED_REQUIRES_LIVE_RECHECK,SHARED_REFERENCE,Only the first 350 road source candidates are aligned to the locked canonical road baseline.
align:nngla:road:NG-RD-000049,ROAD,NG-RD-CAND-000049,NG-RD-CAND-000049,NG-RD-000049,49,data/novegeo/nngla/geometry-roads-addresses/source/06_roads_addresses/road_reference_candidates.csv,ae4e334fad728bb676f38d1bda2f3504cdc7ee86db9d8c66ec7455949bf55339,CANONICAL_IDENTITY_PRESERVED_FROM_LOCKED_FIRST_350_ROAD_BASELINE,NO_ASSOCIABLE_GEOMETRY_SOURCE,,LOCKED_BASELINE_ASSERTED_REQUIRES_LIVE_RECHECK,SHARED_REFERENCE,Only the first 350 road source candidates are aligned to the locked canonical road baseline.
align:nngla:road:NG-RD-000050,ROAD,NG-RD-CAND-000050,NG-RD-CAND-000050,NG-RD-000050,50,data/novegeo/nngla/geometry-roads-addresses/source/06_roads_addresses/road_reference_candidates.csv,ae4e334fad728bb676f38d1bda2f3504cdc7ee86db9d8c66ec7455949bf55339,CANONICAL_IDENTITY_PRESERVED_FROM_LOCKED_FIRST_350_ROAD_BASELINE,NO_ASSOCIABLE_GEOMETRY_SOURCE,,LOCKED_BASELINE_ASSERTED_REQUIRES_LIVE_RECHECK,SHARED_REFERENCE,Only the first 350 road source candidates are aligned to the locked canonical road baseline.
align:nngla:road:NG-RD-000051,ROAD,NG-RD-CAND-000051,NG-RD-CAND-000051,NG-RD-000051,51,data/novegeo/nngla/geometry-roads-addresses/source/06_roads_addresses/road_reference_candidates.csv,ae4e334fad728bb676f38d1bda2f3504cdc7ee86db9d8c66ec7455949bf55339,CANONICAL_IDENTITY_PRESERVED_FROM_LOCKED_FIRST_350_ROAD_BASELINE,NO_ASSOCIABLE_GEOMETRY_SOURCE,,LOCKED_BASELINE_ASSERTED_REQUIRES_LIVE_RECHECK,SHARED_REFERENCE,Only the first 350 road source candidates are aligned to the locked canonical road baseline.
align:nngla:road:NG-RD-000052,ROAD,NG-RD-CAND-000052,NG-RD-CAND-000052,NG-RD-000052,52,data/novegeo/nngla/geometry-roads-addresses/source/06_roads_addresses/road_reference_candidates.csv,ae4e334fad728bb676f38d1bda2f3504cdc7ee86db9d8c66ec7455949bf55339,CANONICAL_IDENTITY_PRESERVED_FROM_LOCKED_FIRST_350_ROAD_BASELINE,NO_ASSOCIABLE_GEOMETRY_SOURCE,,LOCKED_BASELINE_ASSERTED_REQUIRES_LIVE_RECHECK,SHARED_REFERENCE,Only the first 350 road source candidates are aligned to the locked canonical road baseline.
align:nngla:road:NG-RD-000053,ROAD,NG-RD-CAND-000053,NG-RD-CAND-000053,NG-RD-000053,53,data/novegeo/nngla/geometry-roads-addresses/source/06_roads_addresses/road_reference_candidates.csv,ae4e334fad728bb676f38d1bda2f3504cdc7ee86db9d8c66ec7455949bf55339,CANONICAL_IDENTITY_PRESERVED_FROM_LOCKED_FIRST_350_ROAD_BASELINE,NO_ASSOCIABLE_GEOMETRY_SOURCE,,LOCKED_BASELINE_ASSERTED_REQUIRES_LIVE_RECHECK,SHARED_REFERENCE,Only the first 350 road source candidates are aligned to the locked canonical road baseline.
align:nngla:road:NG-RD-000054,ROAD,NG-RD-CAND-000054,NG-RD-CAND-000054,NG-RD-000054,54,data/novegeo/nngla/geometry-roads-addresses/source/06_roads_addresses/road_reference_candidates.csv,ae4e334fad728bb676f38d1bda2f3504cdc7ee86db9d8c66ec7455949bf55339,CANONICAL_IDENTITY_PRESERVED_FROM_LOCKED_FIRST_350_ROAD_BASELINE,NO_ASSOCIABLE_GEOMETRY_SOURCE,,LOCKED_BASELINE_ASSERTED_REQUIRES_LIVE_RECHECK,SHARED_REFERENCE,Only the first 350 road source candidates are aligned to the locked canonical road baseline.
align:nngla:road:NG-RD-000055,ROAD,NG-RD-CAND-000055,NG-RD-CAND-000055,NG-RD-000055,55,data/novegeo/nngla/geometry-roads-addresses/source/06_roads_addresses/road_reference_candidates.csv,ae4e334fad728bb676f38d1bda2f3504cdc7ee86db9d8c66ec7455949bf55339,CANONICAL_IDENTITY_PRESERVED_FROM_LOCKED_FIRST_350_ROAD_BASELINE,NO_ASSOCIABLE_GEOMETRY_SOURCE,,LOCKED_BASELINE_ASSERTED_REQUIRES_LIVE_RECHECK,SHARED_REFERENCE,Only the first 350 road source candidates are aligned to the locked canonical road baseline.
align:nngla:road:NG-RD-000056,ROAD,NG-RD-CAND-000056,NG-RD-CAND-000056,NG-RD-000056,56,data/novegeo/nngla/geometry-roads-addresses/source/06_roads_addresses/road_reference_candidates.csv,ae4e334fad728bb676f38d1bda2f3504cdc7ee86db9d8c66ec7455949bf55339,CANONICAL_IDENTITY_PRESERVED_FROM_LOCKED_FIRST_350_ROAD_BASELINE,NO_ASSOCIABLE_GEOMETRY_SOURCE,,LOCKED_BASELINE_ASSERTED_REQUIRES_LIVE_RECHECK,SHARED_REFERENCE,Only the first 350 road source candidates are aligned to the locked canonical road baseline.
align:nngla:road:NG-RD-000057,ROAD,NG-RD-CAND-000057,NG-RD-CAND-000057,NG-RD-000057,57,data/novegeo/nngla/geometry-roads-addresses/source/06_roads_addresses/road_reference_candidates.csv,ae4e334fad728bb676f38d1bda2f3504cdc7ee86db9d8c66ec7455949bf55339,CANONICAL_IDENTITY_PRESERVED_FROM_LOCKED_FIRST_350_ROAD_BASELINE,NO_ASSOCIABLE_GEOMETRY_SOURCE,,LOCKED_BASELINE_ASSERTED_REQUIRES_LIVE_RECHECK,SHARED_REFERENCE,Only the first 350 road source candidates are aligned to the locked canonical road baseline.
align:nngla:road:NG-RD-000058,ROAD,NG-RD-CAND-000058,NG-RD-CAND-000058,NG-RD-000058,58,data/novegeo/nngla/geometry-roads-addresses/source/06_roads_addresses/road_reference_candidates.csv,ae4e334fad728bb676f38d1bda2f3504cdc7ee86db9d8c66ec7455949bf55339,CANONICAL_IDENTITY_PRESERVED_FROM_LOCKED_FIRST_350_ROAD_BASELINE,NO_ASSOCIABLE_GEOMETRY_SOURCE,,LOCKED_BASELINE_ASSERTED_REQUIRES_LIVE_RECHECK,SHARED_REFERENCE,Only the first 350 road source candidates are aligned to the locked canonical road baseline.
align:nngla:road:NG-RD-000059,ROAD,NG-RD-CAND-000059,NG-RD-CAND-000059,NG-RD-000059,59,data/novegeo/nngla/geometry-roads-addresses/source/06_roads_addresses/road_reference_candidates.csv,ae4e334fad728bb676f38d1bda2f3504cdc7ee86db9d8c66ec7455949bf55339,CANONICAL_IDENTITY_PRESERVED_FROM_LOCKED_FIRST_350_ROAD_BASELINE,NO_ASSOCIABLE_GEOMETRY_SOURCE,,LOCKED_BASELINE_ASSERTED_REQUIRES_LIVE_RECHECK,SHARED_REFERENCE,Only the first 350 road source candidates are aligned to the locked canonical road baseline.
align:nngla:road:NG-RD-000060,ROAD,NG-RD-CAND-000060,NG-RD-CAND-000060,NG-RD-000060,60,data/novegeo/nngla/geometry-roads-addresses/source/06_roads_addresses/road_reference_candidates.csv,ae4e334fad728bb676f38d1bda2f3504cdc7ee86db9d8c66ec7455949bf55339,CANONICAL_IDENTITY_PRESERVED_FROM_LOCKED_FIRST_350_ROAD_BASELINE,NO_ASSOCIABLE_GEOMETRY_SOURCE,,LOCKED_BASELINE_ASSERTED_REQUIRES_LIVE_RECHECK,SHARED_REFERENCE,Only the first 350 road source candidates are aligned to the locked canonical road baseline.
align:nngla:road:NG-RD-000061,ROAD,NG-RD-CAND-000061,NG-RD-CAND-000061,NG-RD-000061,61,data/novegeo/nngla/geometry-roads-addresses/source/06_roads_addresses/road_reference_candidates.csv,ae4e334fad728bb676f38d1bda2f3504cdc7ee86db9d8c66ec7455949bf55339,CANONICAL_IDENTITY_PRESERVED_FROM_LOCKED_FIRST_350_ROAD_BASELINE,NO_ASSOCIABLE_GEOMETRY_SOURCE,,LOCKED_BASELINE_ASSERTED_REQUIRES_LIVE_RECHECK,SHARED_REFERENCE,Only the first 350 road source candidates are aligned to the locked canonical road baseline.
align:nngla:road:NG-RD-000062,ROAD,NG-RD-CAND-000062,NG-RD-CAND-000062,NG-RD-000062,62,data/novegeo/nngla/geometry-roads-addresses/source/06_roads_addresses/road_reference_candidates.csv,ae4e334fad728bb676f38d1bda2f3504cdc7ee86db9d8c66ec7455949bf55339,CANONICAL_IDENTITY_PRESERVED_FROM_LOCKED_FIRST_350_ROAD_BASELINE,NO_ASSOCIABLE_GEOMETRY_SOURCE,,LOCKED_BASELINE_ASSERTED_REQUIRES_LIVE_RECHECK,SHARED_REFERENCE,Only the first 350 road source candidates are aligned to the locked canonical road baseline.
align:nngla:road:NG-RD-000063,ROAD,NG-RD-CAND-000063,NG-RD-CAND-000063,NG-RD-000063,63,data/novegeo/nngla/geometry-roads-addresses/source/06_roads_addresses/road_reference_candidates.csv,ae4e334fad728bb676f38d1bda2f3504cdc7ee86db9d8c66ec7455949bf55339,CANONICAL_IDENTITY_PRESERVED_FROM_LOCKED_FIRST_350_ROAD_BASELINE,NO_ASSOCIABLE_GEOMETRY_SOURCE,,LOCKED_BASELINE_ASSERTED_REQUIRES_LIVE_RECHECK,SHARED_REFERENCE,Only the first 350 road source candidates are aligned to the locked canonical road baseline.
align:nngla:road:NG-RD-000064,ROAD,NG-RD-CAND-000064,NG-RD-CAND-000064,NG-RD-000064,64,data/novegeo/nngla/geometry-roads-addresses/source/06_roads_addresses/road_reference_candidates.csv,ae4e334fad728bb676f38d1bda2f3504cdc7ee86db9d8c66ec7455949bf55339,CANONICAL_IDENTITY_PRESERVED_FROM_LOCKED_FIRST_350_ROAD_BASELINE,NO_ASSOCIABLE_GEOMETRY_SOURCE,,LOCKED_BASELINE_ASSERTED_REQUIRES_LIVE_RECHECK,SHARED_REFERENCE,Only the first 350 road source candidates are aligned to the locked canonical road baseline.
align:nngla:road:NG-RD-000065,ROAD,NG-RD-CAND-000065,NG-RD-CAND-000065,NG-RD-000065,65,data/novegeo/nngla/geometry-roads-addresses/source/06_roads_addresses/road_reference_candidates.csv,ae4e334fad728bb676f38d1bda2f3504cdc7ee86db9d8c66ec7455949bf55339,CANONICAL_IDENTITY_PRESERVED_FROM_LOCKED_FIRST_350_ROAD_BASELINE,NO_ASSOCIABLE_GEOMETRY_SOURCE,,LOCKED_BASELINE_ASSERTED_REQUIRES_LIVE_RECHECK,SHARED_REFERENCE,Only the first 350 road source candidates are aligned to the locked canonical road baseline.
align:nngla:road:NG-RD-000066,ROAD,NG-RD-CAND-000066,NG-RD-CAND-000066,NG-RD-000066,66,data/novegeo/nngla/geometry-roads-addresses/source/06_roads_addresses/road_reference_candidates.csv,ae4e334fad728bb676f38d1bda2f3504cdc7ee86db9d8c66ec7455949bf55339,CANONICAL_IDENTITY_PRESERVED_FROM_LOCKED_FIRST_350_ROAD_BASELINE,NO_ASSOCIABLE_GEOMETRY_SOURCE,,LOCKED_BASELINE_ASSERTED_REQUIRES_LIVE_RECHECK,SHARED_REFERENCE,Only the first 350 road source candidates are aligned to the locked canonical road baseline.
align:nngla:road:NG-RD-000067,ROAD,NG-RD-CAND-000067,NG-RD-CAND-000067,NG-RD-000067,67,data/novegeo/nngla/geometry-roads-addresses/source/06_roads_addresses/road_reference_candidates.csv,ae4e334fad728bb676f38d1bda2f3504cdc7ee86db9d8c66ec7455949bf55339,CANONICAL_IDENTITY_PRESERVED_FROM_LOCKED_FIRST_350_ROAD_BASELINE,NO_ASSOCIABLE_GEOMETRY_SOURCE,,LOCKED_BASELINE_ASSERTED_REQUIRES_LIVE_RECHECK,SHARED_REFERENCE,Only the first 350 road source candidates are aligned to the locked canonical road baseline.
align:nngla:road:NG-RD-000068,ROAD,NG-RD-CAND-000068,NG-RD-CAND-000068,NG-RD-000068,68,data/novegeo/nngla/geometry-roads-addresses/source/06_roads_addresses/road_reference_candidates.csv,ae4e334fad728bb676f38d1bda2f3504cdc7ee86db9d8c66ec7455949bf55339,CANONICAL_IDENTITY_PRESERVED_FROM_LOCKED_FIRST_350_ROAD_BASELINE,NO_ASSOCIABLE_GEOMETRY_SOURCE,,LOCKED_BASELINE_ASSERTED_REQUIRES_LIVE_RECHECK,SHARED_REFERENCE,Only the first 350 road source candidates are aligned to the locked canonical road baseline.
align:nngla:road:NG-RD-000069,ROAD,NG-RD-CAND-000069,NG-RD-CAND-000069,NG-RD-000069,69,data/novegeo/nngla/geometry-roads-addresses/source/06_roads_addresses/road_reference_candidates.csv,ae4e334fad728bb676f38d1bda2f3504cdc7ee86db9d8c66ec7455949bf55339,CANONICAL_IDENTITY_PRESERVED_FROM_LOCKED_FIRST_350_ROAD_BASELINE,NO_ASSOCIABLE_GEOMETRY_SOURCE,,LOCKED_BASELINE_ASSERTED_REQUIRES_LIVE_RECHECK,SHARED_REFERENCE,Only the first 350 road source candidates are aligned to the locked canonical road baseline.
align:nngla:road:NG-RD-000070,ROAD,NG-RD-CAND-000070,NG-RD-CAND-000070,NG-RD-000070,70,data/novegeo/nngla/geometry-roads-addresses/source/06_roads_addresses/road_reference_candidates.csv,ae4e334fad728bb676f38d1bda2f3504cdc7ee86db9d8c66ec7455949bf55339,CANONICAL_IDENTITY_PRESERVED_FROM_LOCKED_FIRST_350_ROAD_BASELINE,NO_ASSOCIABLE_GEOMETRY_SOURCE,,LOCKED_BASELINE_ASSERTED_REQUIRES_LIVE_RECHECK,SHARED_REFERENCE,Only the first 350 road source candidates are aligned to the locked canonical road baseline.
align:nngla:road:NG-RD-000071,ROAD,NG-RD-CAND-000071,NG-RD-CAND-000071,NG-RD-000071,71,data/novegeo/nngla/geometry-roads-addresses/source/06_roads_addresses/road_reference_candidates.csv,ae4e334fad728bb676f38d1bda2f3504cdc7ee86db9d8c66ec7455949bf55339,CANONICAL_IDENTITY_PRESERVED_FROM_LOCKED_FIRST_350_ROAD_BASELINE,NO_ASSOCIABLE_GEOMETRY_SOURCE,,LOCKED_BASELINE_ASSERTED_REQUIRES_LIVE_RECHECK,SHARED_REFERENCE,Only the first 350 road source candidates are aligned to the locked canonical road baseline.
align:nngla:road:NG-RD-000072,ROAD,NG-RD-CAND-000072,NG-RD-CAND-000072,NG-RD-000072,72,data/novegeo/nngla/geometry-roads-addresses/source/06_roads_addresses/road_reference_candidates.csv,ae4e334fad728bb676f38d1bda2f3504cdc7ee86db9d8c66ec7455949bf55339,CANONICAL_IDENTITY_PRESERVED_FROM_LOCKED_FIRST_350_ROAD_BASELINE,NO_ASSOCIABLE_GEOMETRY_SOURCE,,LOCKED_BASELINE_ASSERTED_REQUIRES_LIVE_RECHECK,SHARED_REFERENCE,Only the first 350 road source candidates are aligned to the locked canonical road baseline.
align:nngla:road:NG-RD-000073,ROAD,NG-RD-CAND-000073,NG-RD-CAND-000073,NG-RD-000073,73,data/novegeo/nngla/geometry-roads-addresses/source/06_roads_addresses/road_reference_candidates.csv,ae4e334fad728bb676f38d1bda2f3504cdc7ee86db9d8c66ec7455949bf55339,CANONICAL_IDENTITY_PRESERVED_FROM_LOCKED_FIRST_350_ROAD_BASELINE,NO_ASSOCIABLE_GEOMETRY_SOURCE,,LOCKED_BASELINE_ASSERTED_REQUIRES_LIVE_RECHECK,SHARED_REFERENCE,Only the first 350 road source candidates are aligned to the locked canonical road baseline.
align:nngla:road:NG-RD-000074,ROAD,NG-RD-CAND-000074,NG-RD-CAND-000074,NG-RD-000074,74,data/novegeo/nngla/geometry-roads-addresses/source/06_roads_addresses/road_reference_candidates.csv,ae4e334fad728bb676f38d1bda2f3504cdc7ee86db9d8c66ec7455949bf55339,CANONICAL_IDENTITY_PRESERVED_FROM_LOCKED_FIRST_350_ROAD_BASELINE,NO_ASSOCIABLE_GEOMETRY_SOURCE,,LOCKED_BASELINE_ASSERTED_REQUIRES_LIVE_RECHECK,SHARED_REFERENCE,Only the first 350 road source candidates are aligned to the locked canonical road baseline.
align:nngla:road:NG-RD-000075,ROAD,NG-RD-CAND-000075,NG-RD-CAND-000075,NG-RD-000075,75,data/novegeo/nngla/geometry-roads-addresses/source/06_roads_addresses/road_reference_candidates.csv,ae4e334fad728bb676f38d1bda2f3504cdc7ee86db9d8c66ec7455949bf55339,CANONICAL_IDENTITY_PRESERVED_FROM_LOCKED_FIRST_350_ROAD_BASELINE,NO_ASSOCIABLE_GEOMETRY_SOURCE,,LOCKED_BASELINE_ASSERTED_REQUIRES_LIVE_RECHECK,SHARED_REFERENCE,Only the first 350 road source candidates are aligned to the locked canonical road baseline.
align:nngla:road:NG-RD-000076,ROAD,NG-RD-CAND-000076,NG-RD-CAND-000076,NG-RD-000076,76,data/novegeo/nngla/geometry-roads-addresses/source/06_roads_addresses/road_reference_candidates.csv,ae4e334fad728bb676f38d1bda2f3504cdc7ee86db9d8c66ec7455949bf55339,CANONICAL_IDENTITY_PRESERVED_FROM_LOCKED_FIRST_350_ROAD_BASELINE,NO_ASSOCIABLE_GEOMETRY_SOURCE,,LOCKED_BASELINE_ASSERTED_REQUIRES_LIVE_RECHECK,SHARED_REFERENCE,Only the first 350 road source candidates are aligned to the locked canonical road baseline.
align:nngla:road:NG-RD-000077,ROAD,NG-RD-CAND-000077,NG-RD-CAND-000077,NG-RD-000077,77,data/novegeo/nngla/geometry-roads-addresses/source/06_roads_addresses/road_reference_candidates.csv,ae4e334fad728bb676f38d1bda2f3504cdc7ee86db9d8c66ec7455949bf55339,CANONICAL_IDENTITY_PRESERVED_FROM_LOCKED_FIRST_350_ROAD_BASELINE,NO_ASSOCIABLE_GEOMETRY_SOURCE,,LOCKED_BASELINE_ASSERTED_REQUIRES_LIVE_RECHECK,SHARED_REFERENCE,Only the first 350 road source candidates are aligned to the locked canonical road baseline.
align:nngla:road:NG-RD-000078,ROAD,NG-RD-CAND-000078,NG-RD-CAND-000078,NG-RD-000078,78,data/novegeo/nngla/geometry-roads-addresses/source/06_roads_addresses/road_reference_candidates.csv,ae4e334fad728bb676f38d1bda2f3504cdc7ee86db9d8c66ec7455949bf55339,CANONICAL_IDENTITY_PRESERVED_FROM_LOCKED_FIRST_350_ROAD_BASELINE,NO_ASSOCIABLE_GEOMETRY_SOURCE,,LOCKED_BASELINE_ASSERTED_REQUIRES_LIVE_RECHECK,SHARED_REFERENCE,Only the first 350 road source candidates are aligned to the locked canonical road baseline.
align:nngla:road:NG-RD-000079,ROAD,NG-RD-CAND-000079,NG-RD-CAND-000079,NG-RD-000079,79,data/novegeo/nngla/geometry-roads-addresses/source/06_roads_addresses/road_reference_candidates.csv,ae4e334fad728bb676f38d1bda2f3504cdc7ee86db9d8c66ec7455949bf55339,CANONICAL_IDENTITY_PRESERVED_FROM_LOCKED_FIRST_350_ROAD_BASELINE,NO_ASSOCIABLE_GEOMETRY_SOURCE,,LOCKED_BASELINE_ASSERTED_REQUIRES_LIVE_RECHECK,SHARED_REFERENCE,Only the first 350 road source candidates are aligned to the locked canonical road baseline.
align:nngla:road:NG-RD-000080,ROAD,NG-RD-CAND-000080,NG-RD-CAND-000080,NG-RD-000080,80,data/novegeo/nngla/geometry-roads-addresses/source/06_roads_addresses/road_reference_candidates.csv,ae4e334fad728bb676f38d1bda2f3504cdc7ee86db9d8c66ec7455949bf55339,CANONICAL_IDENTITY_PRESERVED_FROM_LOCKED_FIRST_350_ROAD_BASELINE,NO_ASSOCIABLE_GEOMETRY_SOURCE,,LOCKED_BASELINE_ASSERTED_REQUIRES_LIVE_RECHECK,SHARED_REFERENCE,Only the first 350 road source candidates are aligned to the locked canonical road baseline.
align:nngla:road:NG-RD-000081,ROAD,NG-RD-CAND-000081,NG-RD-CAND-000081,NG-RD-000081,81,data/novegeo/nngla/geometry-roads-addresses/source/06_roads_addresses/road_reference_candidates.csv,ae4e334fad728bb676f38d1bda2f3504cdc7ee86db9d8c66ec7455949bf55339,CANONICAL_IDENTITY_PRESERVED_FROM_LOCKED_FIRST_350_ROAD_BASELINE,NO_ASSOCIABLE_GEOMETRY_SOURCE,,LOCKED_BASELINE_ASSERTED_REQUIRES_LIVE_RECHECK,SHARED_REFERENCE,Only the first 350 road source candidates are aligned to the locked canonical road baseline.
align:nngla:road:NG-RD-000082,ROAD,NG-RD-CAND-000082,NG-RD-CAND-000082,NG-RD-000082,82,data/novegeo/nngla/geometry-roads-addresses/source/06_roads_addresses/road_reference_candidates.csv,ae4e334fad728bb676f38d1bda2f3504cdc7ee86db9d8c66ec7455949bf55339,CANONICAL_IDENTITY_PRESERVED_FROM_LOCKED_FIRST_350_ROAD_BASELINE,NO_ASSOCIABLE_GEOMETRY_SOURCE,,LOCKED_BASELINE_ASSERTED_REQUIRES_LIVE_RECHECK,SHARED_REFERENCE,Only the first 350 road source candidates are aligned to the locked canonical road baseline.
align:nngla:road:NG-RD-000083,ROAD,NG-RD-CAND-000083,NG-RD-CAND-000083,NG-RD-000083,83,data/novegeo/nngla/geometry-roads-addresses/source/06_roads_addresses/road_reference_candidates.csv,ae4e334fad728bb676f38d1bda2f3504cdc7ee86db9d8c66ec7455949bf55339,CANONICAL_IDENTITY_PRESERVED_FROM_LOCKED_FIRST_350_ROAD_BASELINE,NO_ASSOCIABLE_GEOMETRY_SOURCE,,LOCKED_BASELINE_ASSERTED_REQUIRES_LIVE_RECHECK,SHARED_REFERENCE,Only the first 350 road source candidates are aligned to the locked canonical road baseline.
align:nngla:road:NG-RD-000084,ROAD,NG-RD-CAND-000084,NG-RD-CAND-000084,NG-RD-000084,84,data/novegeo/nngla/geometry-roads-addresses/source/06_roads_addresses/road_reference_candidates.csv,ae4e334fad728bb676f38d1bda2f3504cdc7ee86db9d8c66ec7455949bf55339,CANONICAL_IDENTITY_PRESERVED_FROM_LOCKED_FIRST_350_ROAD_BASELINE,NO_ASSOCIABLE_GEOMETRY_SOURCE,,LOCKED_BASELINE_ASSERTED_REQUIRES_LIVE_RECHECK,SHARED_REFERENCE,Only the first 350 road source candidates are aligned to the locked canonical road baseline.
align:nngla:road:NG-RD-000085,ROAD,NG-RD-CAND-000085,NG-RD-CAND-000085,NG-RD-000085,85,data/novegeo/nngla/geometry-roads-addresses/source/06_roads_addresses/road_reference_candidates.csv,ae4e334fad728bb676f38d1bda2f3504cdc7ee86db9d8c66ec7455949bf55339,CANONICAL_IDENTITY_PRESERVED_FROM_LOCKED_FIRST_350_ROAD_BASELINE,NO_ASSOCIABLE_GEOMETRY_SOURCE,,LOCKED_BASELINE_ASSERTED_REQUIRES_LIVE_RECHECK,SHARED_REFERENCE,Only the first 350 road source candidates are aligned to the locked canonical road baseline.
align:nngla:road:NG-RD-000086,ROAD,NG-RD-CAND-000086,NG-RD-CAND-000086,NG-RD-000086,86,data/novegeo/nngla/geometry-roads-addresses/source/06_roads_addresses/road_reference_candidates.csv,ae4e334fad728bb676f38d1bda2f3504cdc7ee86db9d8c66ec7455949bf55339,CANONICAL_IDENTITY_PRESERVED_FROM_LOCKED_FIRST_350_ROAD_BASELINE,NO_ASSOCIABLE_GEOMETRY_SOURCE,,LOCKED_BASELINE_ASSERTED_REQUIRES_LIVE_RECHECK,SHARED_REFERENCE,Only the first 350 road source candidates are aligned to the locked canonical road baseline.
align:nngla:road:NG-RD-000087,ROAD,NG-RD-CAND-000087,NG-RD-CAND-000087,NG-RD-000087,87,data/novegeo/nngla/geometry-roads-addresses/source/06_roads_addresses/road_reference_candidates.csv,ae4e334fad728bb676f38d1bda2f3504cdc7ee86db9d8c66ec7455949bf55339,CANONICAL_IDENTITY_PRESERVED_FROM_LOCKED_FIRST_350_ROAD_BASELINE,NO_ASSOCIABLE_GEOMETRY_SOURCE,,LOCKED_BASELINE_ASSERTED_REQUIRES_LIVE_RECHECK,SHARED_REFERENCE,Only the first 350 road source candidates are aligned to the locked canonical road baseline.
align:nngla:road:NG-RD-000088,ROAD,NG-RD-CAND-000088,NG-RD-CAND-000088,NG-RD-000088,88,data/novegeo/nngla/geometry-roads-addresses/source/06_roads_addresses/road_reference_candidates.csv,ae4e334fad728bb676f38d1bda2f3504cdc7ee86db9d8c66ec7455949bf55339,CANONICAL_IDENTITY_PRESERVED_FROM_LOCKED_FIRST_350_ROAD_BASELINE,NO_ASSOCIABLE_GEOMETRY_SOURCE,,LOCKED_BASELINE_ASSERTED_REQUIRES_LIVE_RECHECK,SHARED_REFERENCE,Only the first 350 road source candidates are aligned to the locked canonical road baseline.
align:nngla:road:NG-RD-000089,ROAD,NG-RD-CAND-000089,NG-RD-CAND-000089,NG-RD-000089,89,data/novegeo/nngla/geometry-roads-addresses/source/06_roads_addresses/road_reference_candidates.csv,ae4e334fad728bb676f38d1bda2f3504cdc7ee86db9d8c66ec7455949bf55339,CANONICAL_IDENTITY_PRESERVED_FROM_LOCKED_FIRST_350_ROAD_BASELINE,NO_ASSOCIABLE_GEOMETRY_SOURCE,,LOCKED_BASELINE_ASSERTED_REQUIRES_LIVE_RECHECK,SHARED_REFERENCE,Only the first 350 road source candidates are aligned to the locked canonical road baseline.
align:nngla:road:NG-RD-000090,ROAD,NG-RD-CAND-000090,NG-RD-CAND-000090,NG-RD-000090,90,data/novegeo/nngla/geometry-roads-addresses/source/06_roads_addresses/road_reference_candidates.csv,ae4e334fad728bb676f38d1bda2f3504cdc7ee86db9d8c66ec7455949bf55339,CANONICAL_IDENTITY_PRESERVED_FROM_LOCKED_FIRST_350_ROAD_BASELINE,NO_ASSOCIABLE_GEOMETRY_SOURCE,,LOCKED_BASELINE_ASSERTED_REQUIRES_LIVE_RECHECK,SHARED_REFERENCE,Only the first 350 road source candidates are aligned to the locked canonical road baseline.
align:nngla:road:NG-RD-000091,ROAD,NG-RD-CAND-000091,NG-RD-CAND-000091,NG-RD-000091,91,data/novegeo/nngla/geometry-roads-addresses/source/06_roads_addresses/road_reference_candidates.csv,ae4e334fad728bb676f38d1bda2f3504cdc7ee86db9d8c66ec7455949bf55339,CANONICAL_IDENTITY_PRESERVED_FROM_LOCKED_FIRST_350_ROAD_BASELINE,NO_ASSOCIABLE_GEOMETRY_SOURCE,,LOCKED_BASELINE_ASSERTED_REQUIRES_LIVE_RECHECK,SHARED_REFERENCE,Only the first 350 road source candidates are aligned to the locked canonical road baseline.
align:nngla:road:NG-RD-000092,ROAD,NG-RD-CAND-000092,NG-RD-CAND-000092,NG-RD-000092,92,data/novegeo/nngla/geometry-roads-addresses/source/06_roads_addresses/road_reference_candidates.csv,ae4e334fad728bb676f38d1bda2f3504cdc7ee86db9d8c66ec7455949bf55339,CANONICAL_IDENTITY_PRESERVED_FROM_LOCKED_FIRST_350_ROAD_BASELINE,NO_ASSOCIABLE_GEOMETRY_SOURCE,,LOCKED_BASELINE_ASSERTED_REQUIRES_LIVE_RECHECK,SHARED_REFERENCE,Only the first 350 road source candidates are aligned to the locked canonical road baseline.
align:nngla:road:NG-RD-000093,ROAD,NG-RD-CAND-000093,NG-RD-CAND-000093,NG-RD-000093,93,data/novegeo/nngla/geometry-roads-addresses/source/06_roads_addresses/road_reference_candidates.csv,ae4e334fad728bb676f38d1bda2f3504cdc7ee86db9d8c66ec7455949bf55339,CANONICAL_IDENTITY_PRESERVED_FROM_LOCKED_FIRST_350_ROAD_BASELINE,NO_ASSOCIABLE_GEOMETRY_SOURCE,,LOCKED_BASELINE_ASSERTED_REQUIRES_LIVE_RECHECK,SHARED_REFERENCE,Only the first 350 road source candidates are aligned to the locked canonical road baseline.
align:nngla:road:NG-RD-000094,ROAD,NG-RD-CAND-000094,NG-RD-CAND-000094,NG-RD-000094,94,data/novegeo/nngla/geometry-roads-addresses/source/06_roads_addresses/road_reference_candidates.csv,ae4e334fad728bb676f38d1bda2f3504cdc7ee86db9d8c66ec7455949bf55339,CANONICAL_IDENTITY_PRESERVED_FROM_LOCKED_FIRST_350_ROAD_BASELINE,NO_ASSOCIABLE_GEOMETRY_SOURCE,,LOCKED_BASELINE_ASSERTED_REQUIRES_LIVE_RECHECK,SHARED_REFERENCE,Only the first 350 road source candidates are aligned to the locked canonical road baseline.
align:nngla:road:NG-RD-000095,ROAD,NG-RD-CAND-000095,NG-RD-CAND-000095,NG-RD-000095,95,data/novegeo/nngla/geometry-roads-addresses/source/06_roads_addresses/road_reference_candidates.csv,ae4e334fad728bb676f38d1bda2f3504cdc7ee86db9d8c66ec7455949bf55339,CANONICAL_IDENTITY_PRESERVED_FROM_LOCKED_FIRST_350_ROAD_BASELINE,NO_ASSOCIABLE_GEOMETRY_SOURCE,,LOCKED_BASELINE_ASSERTED_REQUIRES_LIVE_RECHECK,SHARED_REFERENCE,Only the first 350 road source candidates are aligned to the locked canonical road baseline.
align:nngla:road:NG-RD-000096,ROAD,NG-RD-CAND-000096,NG-RD-CAND-000096,NG-RD-000096,96,data/novegeo/nngla/geometry-roads-addresses/source/06_roads_addresses/road_reference_candidates.csv,ae4e334fad728bb676f38d1bda2f3504cdc7ee86db9d8c66ec7455949bf55339,CANONICAL_IDENTITY_PRESERVED_FROM_LOCKED_FIRST_350_ROAD_BASELINE,NO_ASSOCIABLE_GEOMETRY_SOURCE,,LOCKED_BASELINE_ASSERTED_REQUIRES_LIVE_RECHECK,SHARED_REFERENCE,Only the first 350 road source candidates are aligned to the locked canonical road baseline.
align:nngla:road:NG-RD-000097,ROAD,NG-RD-CAND-000097,NG-RD-CAND-000097,NG-RD-000097,97,data/novegeo/nngla/geometry-roads-addresses/source/06_roads_addresses/road_reference_candidates.csv,ae4e334fad728bb676f38d1bda2f3504cdc7ee86db9d8c66ec7455949bf55339,CANONICAL_IDENTITY_PRESERVED_FROM_LOCKED_FIRST_350_ROAD_BASELINE,NO_ASSOCIABLE_GEOMETRY_SOURCE,,LOCKED_BASELINE_ASSERTED_REQUIRES_LIVE_RECHECK,SHARED_REFERENCE,Only the first 350 road source candidates are aligned to the locked canonical road baseline.
align:nngla:road:NG-RD-000098,ROAD,NG-RD-CAND-000098,NG-RD-CAND-000098,NG-RD-000098,98,data/novegeo/nngla/geometry-roads-addresses/source/06_roads_addresses/road_reference_candidates.csv,ae4e334fad728bb676f38d1bda2f3504cdc7ee86db9d8c66ec7455949bf55339,CANONICAL_IDENTITY_PRESERVED_FROM_LOCKED_FIRST_350_ROAD_BASELINE,NO_ASSOCIABLE_GEOMETRY_SOURCE,,LOCKED_BASELINE_ASSERTED_REQUIRES_LIVE_RECHECK,SHARED_REFERENCE,Only the first 350 road source candidates are aligned to the locked canonical road baseline.
align:nngla:road:NG-RD-000099,ROAD,NG-RD-CAND-000099,NG-RD-CAND-000099,NG-RD-000099,99,data/novegeo/nngla/geometry-roads-addresses/source/06_roads_addresses/road_reference_candidates.csv,ae4e334fad728bb676f38d1bda2f3504cdc7ee86db9d8c66ec7455949bf55339,CANONICAL_IDENTITY_PRESERVED_FROM_LOCKED_FIRST_350_ROAD_BASELINE,NO_ASSOCIABLE_GEOMETRY_SOURCE,,LOCKED_BASELINE_ASSERTED_REQUIRES_LIVE_RECHECK,SHARED_REFERENCE,Only the first 350 road source candidates are aligned to the locked canonical road baseline.
align:nngla:road:NG-RD-000100,ROAD,NG-RD-CAND-000100,NG-RD-CAND-000100,NG-RD-000100,100,data/novegeo/nngla/geometry-roads-addresses/source/06_roads_addresses/road_reference_candidates.csv,ae4e334fad728bb676f38d1bda2f3504cdc7ee86db9d8c66ec7455949bf55339,CANONICAL_IDENTITY_PRESERVED_FROM_LOCKED_FIRST_350_ROAD_BASELINE,NO_ASSOCIABLE_GEOMETRY_SOURCE,,LOCKED_BASELINE_ASSERTED_REQUIRES_LIVE_RECHECK,SHARED_REFERENCE,Only the first 350 road source candidates are aligned to the locked canonical road baseline.
align:nngla:road:NG-RD-000101,ROAD,NG-RD-CAND-000101,NG-RD-CAND-000101,NG-RD-000101,101,data/novegeo/nngla/geometry-roads-addresses/source/06_roads_addresses/road_reference_candidates.csv,ae4e334fad728bb676f38d1bda2f3504cdc7ee86db9d8c66ec7455949bf55339,CANONICAL_IDENTITY_PRESERVED_FROM_LOCKED_FIRST_350_ROAD_BASELINE,NO_ASSOCIABLE_GEOMETRY_SOURCE,,LOCKED_BASELINE_ASSERTED_REQUIRES_LIVE_RECHECK,SHARED_REFERENCE,Only the first 350 road source candidates are aligned to the locked canonical road baseline.
align:nngla:road:NG-RD-000102,ROAD,NG-RD-CAND-000102,NG-RD-CAND-000102,NG-RD-000102,102,data/novegeo/nngla/geometry-roads-addresses/source/06_roads_addresses/road_reference_candidates.csv,ae4e334fad728bb676f38d1bda2f3504cdc7ee86db9d8c66ec7455949bf55339,CANONICAL_IDENTITY_PRESERVED_FROM_LOCKED_FIRST_350_ROAD_BASELINE,NO_ASSOCIABLE_GEOMETRY_SOURCE,,LOCKED_BASELINE_ASSERTED_REQUIRES_LIVE_RECHECK,SHARED_REFERENCE,Only the first 350 road source candidates are aligned to the locked canonical road baseline.
align:nngla:road:NG-RD-000103,ROAD,NG-RD-CAND-000103,NG-RD-CAND-000103,NG-RD-000103,103,data/novegeo/nngla/geometry-roads-addresses/source/06_roads_addresses/road_reference_candidates.csv,ae4e334fad728bb676f38d1bda2f3504cdc7ee86db9d8c66ec7455949bf55339,CANONICAL_IDENTITY_PRESERVED_FROM_LOCKED_FIRST_350_ROAD_BASELINE,NO_ASSOCIABLE_GEOMETRY_SOURCE,,LOCKED_BASELINE_ASSERTED_REQUIRES_LIVE_RECHECK,SHARED_REFERENCE,Only the first 350 road source candidates are aligned to the locked canonical road baseline.
align:nngla:road:NG-RD-000104,ROAD,NG-RD-CAND-000104,NG-RD-CAND-000104,NG-RD-000104,104,data/novegeo/nngla/geometry-roads-addresses/source/06_roads_addresses/road_reference_candidates.csv,ae4e334fad728bb676f38d1bda2f3504cdc7ee86db9d8c66ec7455949bf55339,CANONICAL_IDENTITY_PRESERVED_FROM_LOCKED_FIRST_350_ROAD_BASELINE,NO_ASSOCIABLE_GEOMETRY_SOURCE,,LOCKED_BASELINE_ASSERTED_REQUIRES_LIVE_RECHECK,SHARED_REFERENCE,Only the first 350 road source candidates are aligned to the locked canonical road baseline.
align:nngla:road:NG-RD-000105,ROAD,NG-RD-CAND-000105,NG-RD-CAND-000105,NG-RD-000105,105,data/novegeo/nngla/geometry-roads-addresses/source/06_roads_addresses/road_reference_candidates.csv,ae4e334fad728bb676f38d1bda2f3504cdc7ee86db9d8c66ec7455949bf55339,CANONICAL_IDENTITY_PRESERVED_FROM_LOCKED_FIRST_350_ROAD_BASELINE,NO_ASSOCIABLE_GEOMETRY_SOURCE,,LOCKED_BASELINE_ASSERTED_REQUIRES_LIVE_RECHECK,SHARED_REFERENCE,Only the first 350 road source candidates are aligned to the locked canonical road baseline.
align:nngla:road:NG-RD-000106,ROAD,NG-RD-CAND-000106,NG-RD-CAND-000106,NG-RD-000106,106,data/novegeo/nngla/geometry-roads-addresses/source/06_roads_addresses/road_reference_candidates.csv,ae4e334fad728bb676f38d1bda2f3504cdc7ee86db9d8c66ec7455949bf55339,CANONICAL_IDENTITY_PRESERVED_FROM_LOCKED_FIRST_350_ROAD_BASELINE,NO_ASSOCIABLE_GEOMETRY_SOURCE,,LOCKED_BASELINE_ASSERTED_REQUIRES_LIVE_RECHECK,SHARED_REFERENCE,Only the first 350 road source candidates are aligned to the locked canonical road baseline.
align:nngla:road:NG-RD-000107,ROAD,NG-RD-CAND-000107,NG-RD-CAND-000107,NG-RD-000107,107,data/novegeo/nngla/geometry-roads-addresses/source/06_roads_addresses/road_reference_candidates.csv,ae4e334fad728bb676f38d1bda2f3504cdc7ee86db9d8c66ec7455949bf55339,CANONICAL_IDENTITY_PRESERVED_FROM_LOCKED_FIRST_350_ROAD_BASELINE,NO_ASSOCIABLE_GEOMETRY_SOURCE,,LOCKED_BASELINE_ASSERTED_REQUIRES_LIVE_RECHECK,SHARED_REFERENCE,Only the first 350 road source candidates are aligned to the locked canonical road baseline.
align:nngla:road:NG-RD-000108,ROAD,NG-RD-CAND-000108,NG-RD-CAND-000108,NG-RD-000108,108,data/novegeo/nngla/geometry-roads-addresses/source/06_roads_addresses/road_reference_candidates.csv,ae4e334fad728bb676f38d1bda2f3504cdc7ee86db9d8c66ec7455949bf55339,CANONICAL_IDENTITY_PRESERVED_FROM_LOCKED_FIRST_350_ROAD_BASELINE,NO_ASSOCIABLE_GEOMETRY_SOURCE,,LOCKED_BASELINE_ASSERTED_REQUIRES_LIVE_RECHECK,SHARED_REFERENCE,Only the first 350 road source candidates are aligned to the locked canonical road baseline.
align:nngla:road:NG-RD-000109,ROAD,NG-RD-CAND-000109,NG-RD-CAND-000109,NG-RD-000109,109,data/novegeo/nngla/geometry-roads-addresses/source/06_roads_addresses/road_reference_candidates.csv,ae4e334fad728bb676f38d1bda2f3504cdc7ee86db9d8c66ec7455949bf55339,CANONICAL_IDENTITY_PRESERVED_FROM_LOCKED_FIRST_350_ROAD_BASELINE,NO_ASSOCIABLE_GEOMETRY_SOURCE,,LOCKED_BASELINE_ASSERTED_REQUIRES_LIVE_RECHECK,SHARED_REFERENCE,Only the first 350 road source candidates are aligned to the locked canonical road baseline.
align:nngla:road:NG-RD-000110,ROAD,NG-RD-CAND-000110,NG-RD-CAND-000110,NG-RD-000110,110,data/novegeo/nngla/geometry-roads-addresses/source/06_roads_addresses/road_reference_candidates.csv,ae4e334fad728bb676f38d1bda2f3504cdc7ee86db9d8c66ec7455949bf55339,CANONICAL_IDENTITY_PRESERVED_FROM_LOCKED_FIRST_350_ROAD_BASELINE,NO_ASSOCIABLE_GEOMETRY_SOURCE,,LOCKED_BASELINE_ASSERTED_REQUIRES_LIVE_RECHECK,SHARED_REFERENCE,Only the first 350 road source candidates are aligned to the locked canonical road baseline.
align:nngla:road:NG-RD-000111,ROAD,NG-RD-CAND-000111,NG-RD-CAND-000111,NG-RD-000111,111,data/novegeo/nngla/geometry-roads-addresses/source/06_roads_addresses/road_reference_candidates.csv,ae4e334fad728bb676f38d1bda2f3504cdc7ee86db9d8c66ec7455949bf55339,CANONICAL_IDENTITY_PRESERVED_FROM_LOCKED_FIRST_350_ROAD_BASELINE,NO_ASSOCIABLE_GEOMETRY_SOURCE,,LOCKED_BASELINE_ASSERTED_REQUIRES_LIVE_RECHECK,SHARED_REFERENCE,Only the first 350 road source candidates are aligned to the locked canonical road baseline.
align:nngla:road:NG-RD-000112,ROAD,NG-RD-CAND-000112,NG-RD-CAND-000112,NG-RD-000112,112,data/novegeo/nngla/geometry-roads-addresses/source/06_roads_addresses/road_reference_candidates.csv,ae4e334fad728bb676f38d1bda2f3504cdc7ee86db9d8c66ec7455949bf55339,CANONICAL_IDENTITY_PRESERVED_FROM_LOCKED_FIRST_350_ROAD_BASELINE,NO_ASSOCIABLE_GEOMETRY_SOURCE,,LOCKED_BASELINE_ASSERTED_REQUIRES_LIVE_RECHECK,SHARED_REFERENCE,Only the first 350 road source candidates are aligned to the locked canonical road baseline.
align:nngla:road:NG-RD-000113,ROAD,NG-RD-CAND-000113,NG-RD-CAND-000113,NG-RD-000113,113,data/novegeo/nngla/geometry-roads-addresses/source/06_roads_addresses/road_reference_candidates.csv,ae4e334fad728bb676f38d1bda2f3504cdc7ee86db9d8c66ec7455949bf55339,CANONICAL_IDENTITY_PRESERVED_FROM_LOCKED_FIRST_350_ROAD_BASELINE,NO_ASSOCIABLE_GEOMETRY_SOURCE,,LOCKED_BASELINE_ASSERTED_REQUIRES_LIVE_RECHECK,SHARED_REFERENCE,Only the first 350 road source candidates are aligned to the locked canonical road baseline.
align:nngla:road:NG-RD-000114,ROAD,NG-RD-CAND-000114,NG-RD-CAND-000114,NG-RD-000114,114,data/novegeo/nngla/geometry-roads-addresses/source/06_roads_addresses/road_reference_candidates.csv,ae4e334fad728bb676f38d1bda2f3504cdc7ee86db9d8c66ec7455949bf55339,CANONICAL_IDENTITY_PRESERVED_FROM_LOCKED_FIRST_350_ROAD_BASELINE,NO_ASSOCIABLE_GEOMETRY_SOURCE,,LOCKED_BASELINE_ASSERTED_REQUIRES_LIVE_RECHECK,SHARED_REFERENCE,Only the first 350 road source candidates are aligned to the locked canonical road baseline.
align:nngla:road:NG-RD-000115,ROAD,NG-RD-CAND-000115,NG-RD-CAND-000115,NG-RD-000115,115,data/novegeo/nngla/geometry-roads-addresses/source/06_roads_addresses/road_reference_candidates.csv,ae4e334fad728bb676f38d1bda2f3504cdc7ee86db9d8c66ec7455949bf55339,CANONICAL_IDENTITY_PRESERVED_FROM_LOCKED_FIRST_350_ROAD_BASELINE,NO_ASSOCIABLE_GEOMETRY_SOURCE,,LOCKED_BASELINE_ASSERTED_REQUIRES_LIVE_RECHECK,SHARED_REFERENCE,Only the first 350 road source candidates are aligned to the locked canonical road baseline.
align:nngla:road:NG-RD-000116,ROAD,NG-RD-CAND-000116,NG-RD-CAND-000116,NG-RD-000116,116,data/novegeo/nngla/geometry-roads-addresses/source/06_roads_addresses/road_reference_candidates.csv,ae4e334fad728bb676f38d1bda2f3504cdc7ee86db9d8c66ec7455949bf55339,CANONICAL_IDENTITY_PRESERVED_FROM_LOCKED_FIRST_350_ROAD_BASELINE,NO_ASSOCIABLE_GEOMETRY_SOURCE,,LOCKED_BASELINE_ASSERTED_REQUIRES_LIVE_RECHECK,SHARED_REFERENCE,Only the first 350 road source candidates are aligned to the locked canonical road baseline.
align:nngla:road:NG-RD-000117,ROAD,NG-RD-CAND-000117,NG-RD-CAND-000117,NG-RD-000117,117,data/novegeo/nngla/geometry-roads-addresses/source/06_roads_addresses/road_reference_candidates.csv,ae4e334fad728bb676f38d1bda2f3504cdc7ee86db9d8c66ec7455949bf55339,CANONICAL_IDENTITY_PRESERVED_FROM_LOCKED_FIRST_350_ROAD_BASELINE,NO_ASSOCIABLE_GEOMETRY_SOURCE,,LOCKED_BASELINE_ASSERTED_REQUIRES_LIVE_RECHECK,SHARED_REFERENCE,Only the first 350 road source candidates are aligned to the locked canonical road baseline.
align:nngla:road:NG-RD-000118,ROAD,NG-RD-CAND-000118,NG-RD-CAND-000118,NG-RD-000118,118,data/novegeo/nngla/geometry-roads-addresses/source/06_roads_addresses/road_reference_candidates.csv,ae4e334fad728bb676f38d1bda2f3504cdc7ee86db9d8c66ec7455949bf55339,CANONICAL_IDENTITY_PRESERVED_FROM_LOCKED_FIRST_350_ROAD_BASELINE,NO_ASSOCIABLE_GEOMETRY_SOURCE,,LOCKED_BASELINE_ASSERTED_REQUIRES_LIVE_RECHECK,SHARED_REFERENCE,Only the first 350 road source candidates are aligned to the locked canonical road baseline.
align:nngla:road:NG-RD-000119,ROAD,NG-RD-CAND-000119,NG-RD-CAND-000119,NG-RD-000119,119,data/novegeo/nngla/geometry-roads-addresses/source/06_roads_addresses/road_reference_candidates.csv,ae4e334fad728bb676f38d1bda2f3504cdc7ee86db9d8c66ec7455949bf55339,CANONICAL_IDENTITY_PRESERVED_FROM_LOCKED_FIRST_350_ROAD_BASELINE,NO_ASSOCIABLE_GEOMETRY_SOURCE,,LOCKED_BASELINE_ASSERTED_REQUIRES_LIVE_RECHECK,SHARED_REFERENCE,Only the first 350 road source candidates are aligned to the locked canonical road baseline.
align:nngla:road:NG-RD-000120,ROAD,NG-RD-CAND-000120,NG-RD-CAND-000120,NG-RD-000120,120,data/novegeo/nngla/geometry-roads-addresses/source/06_roads_addresses/road_reference_candidates.csv,ae4e334fad728bb676f38d1bda2f3504cdc7ee86db9d8c66ec7455949bf55339,CANONICAL_IDENTITY_PRESERVED_FROM_LOCKED_FIRST_350_ROAD_BASELINE,NO_ASSOCIABLE_GEOMETRY_SOURCE,,LOCKED_BASELINE_ASSERTED_REQUIRES_LIVE_RECHECK,SHARED_REFERENCE,Only the first 350 road source candidates are aligned to the locked canonical road baseline.
align:nngla:road:NG-RD-000121,ROAD,NG-RD-CAND-000121,NG-RD-CAND-000121,NG-RD-000121,121,data/novegeo/nngla/geometry-roads-addresses/source/06_roads_addresses/road_reference_candidates.csv,ae4e334fad728bb676f38d1bda2f3504cdc7ee86db9d8c66ec7455949bf55339,CANONICAL_IDENTITY_PRESERVED_FROM_LOCKED_FIRST_350_ROAD_BASELINE,NO_ASSOCIABLE_GEOMETRY_SOURCE,,LOCKED_BASELINE_ASSERTED_REQUIRES_LIVE_RECHECK,SHARED_REFERENCE,Only the first 350 road source candidates are aligned to the locked canonical road baseline.
align:nngla:road:NG-RD-000122,ROAD,NG-RD-CAND-000122,NG-RD-CAND-000122,NG-RD-000122,122,data/novegeo/nngla/geometry-roads-addresses/source/06_roads_addresses/road_reference_candidates.csv,ae4e334fad728bb676f38d1bda2f3504cdc7ee86db9d8c66ec7455949bf55339,CANONICAL_IDENTITY_PRESERVED_FROM_LOCKED_FIRST_350_ROAD_BASELINE,NO_ASSOCIABLE_GEOMETRY_SOURCE,,LOCKED_BASELINE_ASSERTED_REQUIRES_LIVE_RECHECK,SHARED_REFERENCE,Only the first 350 road source candidates are aligned to the locked canonical road baseline.
align:nngla:road:NG-RD-000123,ROAD,NG-RD-CAND-000123,NG-RD-CAND-000123,NG-RD-000123,123,data/novegeo/nngla/geometry-roads-addresses/source/06_roads_addresses/road_reference_candidates.csv,ae4e334fad728bb676f38d1bda2f3504cdc7ee86db9d8c66ec7455949bf55339,CANONICAL_IDENTITY_PRESERVED_FROM_LOCKED_FIRST_350_ROAD_BASELINE,NO_ASSOCIABLE_GEOMETRY_SOURCE,,LOCKED_BASELINE_ASSERTED_REQUIRES_LIVE_RECHECK,SHARED_REFERENCE,Only the first 350 road source candidates are aligned to the locked canonical road baseline.
align:nngla:road:NG-RD-000124,ROAD,NG-RD-CAND-000124,NG-RD-CAND-000124,NG-RD-000124,124,data/novegeo/nngla/geometry-roads-addresses/source/06_roads_addresses/road_reference_candidates.csv,ae4e334fad728bb676f38d1bda2f3504cdc7ee86db9d8c66ec7455949bf55339,CANONICAL_IDENTITY_PRESERVED_FROM_LOCKED_FIRST_350_ROAD_BASELINE,NO_ASSOCIABLE_GEOMETRY_SOURCE,,LOCKED_BASELINE_ASSERTED_REQUIRES_LIVE_RECHECK,SHARED_REFERENCE,Only the first 350 road source candidates are aligned to the locked canonical road baseline.
align:nngla:road:NG-RD-000125,ROAD,NG-RD-CAND-000125,NG-RD-CAND-000125,NG-RD-000125,125,data/novegeo/nngla/geometry-roads-addresses/source/06_roads_addresses/road_reference_candidates.csv,ae4e334fad728bb676f38d1bda2f3504cdc7ee86db9d8c66ec7455949bf55339,CANONICAL_IDENTITY_PRESERVED_FROM_LOCKED_FIRST_350_ROAD_BASELINE,NO_ASSOCIABLE_GEOMETRY_SOURCE,,LOCKED_BASELINE_ASSERTED_REQUIRES_LIVE_RECHECK,SHARED_REFERENCE,Only the first 350 road source candidates are aligned to the locked canonical road baseline.
align:nngla:road:NG-RD-000126,ROAD,NG-RD-CAND-000126,NG-RD-CAND-000126,NG-RD-000126,126,data/novegeo/nngla/geometry-roads-addresses/source/06_roads_addresses/road_reference_candidates.csv,ae4e334fad728bb676f38d1bda2f3504cdc7ee86db9d8c66ec7455949bf55339,CANONICAL_IDENTITY_PRESERVED_FROM_LOCKED_FIRST_350_ROAD_BASELINE,NO_ASSOCIABLE_GEOMETRY_SOURCE,,LOCKED_BASELINE_ASSERTED_REQUIRES_LIVE_RECHECK,SHARED_REFERENCE,Only the first 350 road source candidates are aligned to the locked canonical road baseline.
align:nngla:road:NG-RD-000127,ROAD,NG-RD-CAND-000127,NG-RD-CAND-000127,NG-RD-000127,127,data/novegeo/nngla/geometry-roads-addresses/source/06_roads_addresses/road_reference_candidates.csv,ae4e334fad728bb676f38d1bda2f3504cdc7ee86db9d8c66ec7455949bf55339,CANONICAL_IDENTITY_PRESERVED_FROM_LOCKED_FIRST_350_ROAD_BASELINE,NO_ASSOCIABLE_GEOMETRY_SOURCE,,LOCKED_BASELINE_ASSERTED_REQUIRES_LIVE_RECHECK,SHARED_REFERENCE,Only the first 350 road source candidates are aligned to the locked canonical road baseline.
align:nngla:road:NG-RD-000128,ROAD,NG-RD-CAND-000128,NG-RD-CAND-000128,NG-RD-000128,128,data/novegeo/nngla/geometry-roads-addresses/source/06_roads_addresses/road_reference_candidates.csv,ae4e334fad728bb676f38d1bda2f3504cdc7ee86db9d8c66ec7455949bf55339,CANONICAL_IDENTITY_PRESERVED_FROM_LOCKED_FIRST_350_ROAD_BASELINE,NO_ASSOCIABLE_GEOMETRY_SOURCE,,LOCKED_BASELINE_ASSERTED_REQUIRES_LIVE_RECHECK,SHARED_REFERENCE,Only the first 350 road source candidates are aligned to the locked canonical road baseline.
align:nngla:road:NG-RD-000129,ROAD,NG-RD-CAND-000129,NG-RD-CAND-000129,NG-RD-000129,129,data/novegeo/nngla/geometry-roads-addresses/source/06_roads_addresses/road_reference_candidates.csv,ae4e334fad728bb676f38d1bda2f3504cdc7ee86db9d8c66ec7455949bf55339,CANONICAL_IDENTITY_PRESERVED_FROM_LOCKED_FIRST_350_ROAD_BASELINE,NO_ASSOCIABLE_GEOMETRY_SOURCE,,LOCKED_BASELINE_ASSERTED_REQUIRES_LIVE_RECHECK,SHARED_REFERENCE,Only the first 350 road source candidates are aligned to the locked canonical road baseline.
align:nngla:road:NG-RD-000130,ROAD,NG-RD-CAND-000130,NG-RD-CAND-000130,NG-RD-000130,130,data/novegeo/nngla/geometry-roads-addresses/source/06_roads_addresses/road_reference_candidates.csv,ae4e334fad728bb676f38d1bda2f3504cdc7ee86db9d8c66ec7455949bf55339,CANONICAL_IDENTITY_PRESERVED_FROM_LOCKED_FIRST_350_ROAD_BASELINE,NO_ASSOCIABLE_GEOMETRY_SOURCE,,LOCKED_BASELINE_ASSERTED_REQUIRES_LIVE_RECHECK,SHARED_REFERENCE,Only the first 350 road source candidates are aligned to the locked canonical road baseline.
align:nngla:road:NG-RD-000131,ROAD,NG-RD-CAND-000131,NG-RD-CAND-000131,NG-RD-000131,131,data/novegeo/nngla/geometry-roads-addresses/source/06_roads_addresses/road_reference_candidates.csv,ae4e334fad728bb676f38d1bda2f3504cdc7ee86db9d8c66ec7455949bf55339,CANONICAL_IDENTITY_PRESERVED_FROM_LOCKED_FIRST_350_ROAD_BASELINE,NO_ASSOCIABLE_GEOMETRY_SOURCE,,LOCKED_BASELINE_ASSERTED_REQUIRES_LIVE_RECHECK,SHARED_REFERENCE,Only the first 350 road source candidates are aligned to the locked canonical road baseline.
align:nngla:road:NG-RD-000132,ROAD,NG-RD-CAND-000132,NG-RD-CAND-000132,NG-RD-000132,132,data/novegeo/nngla/geometry-roads-addresses/source/06_roads_addresses/road_reference_candidates.csv,ae4e334fad728bb676f38d1bda2f3504cdc7ee86db9d8c66ec7455949bf55339,CANONICAL_IDENTITY_PRESERVED_FROM_LOCKED_FIRST_350_ROAD_BASELINE,NO_ASSOCIABLE_GEOMETRY_SOURCE,,LOCKED_BASELINE_ASSERTED_REQUIRES_LIVE_RECHECK,SHARED_REFERENCE,Only the first 350 road source candidates are aligned to the locked canonical road baseline.
align:nngla:road:NG-RD-000133,ROAD,NG-RD-CAND-000133,NG-RD-CAND-000133,NG-RD-000133,133,data/novegeo/nngla/geometry-roads-addresses/source/06_roads_addresses/road_reference_candidates.csv,ae4e334fad728bb676f38d1bda2f3504cdc7ee86db9d8c66ec7455949bf55339,CANONICAL_IDENTITY_PRESERVED_FROM_LOCKED_FIRST_350_ROAD_BASELINE,NO_ASSOCIABLE_GEOMETRY_SOURCE,,LOCKED_BASELINE_ASSERTED_REQUIRES_LIVE_RECHECK,SHARED_REFERENCE,Only the first 350 road source candidates are aligned to the locked canonical road baseline.
align:nngla:road:NG-RD-000134,ROAD,NG-RD-CAND-000134,NG-RD-CAND-000134,NG-RD-000134,134,data/novegeo/nngla/geometry-roads-addresses/source/06_roads_addresses/road_reference_candidates.csv,ae4e334fad728bb676f38d1bda2f3504cdc7ee86db9d8c66ec7455949bf55339,CANONICAL_IDENTITY_PRESERVED_FROM_LOCKED_FIRST_350_ROAD_BASELINE,NO_ASSOCIABLE_GEOMETRY_SOURCE,,LOCKED_BASELINE_ASSERTED_REQUIRES_LIVE_RECHECK,SHARED_REFERENCE,Only the first 350 road source candidates are aligned to the locked canonical road baseline.
align:nngla:road:NG-RD-000135,ROAD,NG-RD-CAND-000135,NG-RD-CAND-000135,NG-RD-000135,135,data/novegeo/nngla/geometry-roads-addresses/source/06_roads_addresses/road_reference_candidates.csv,ae4e334fad728bb676f38d1bda2f3504cdc7ee86db9d8c66ec7455949bf55339,CANONICAL_IDENTITY_PRESERVED_FROM_LOCKED_FIRST_350_ROAD_BASELINE,NO_ASSOCIABLE_GEOMETRY_SOURCE,,LOCKED_BASELINE_ASSERTED_REQUIRES_LIVE_RECHECK,SHARED_REFERENCE,Only the first 350 road source candidates are aligned to the locked canonical road baseline.
align:nngla:road:NG-RD-000136,ROAD,NG-RD-CAND-000136,NG-RD-CAND-000136,NG-RD-000136,136,data/novegeo/nngla/geometry-roads-addresses/source/06_roads_addresses/road_reference_candidates.csv,ae4e334fad728bb676f38d1bda2f3504cdc7ee86db9d8c66ec7455949bf55339,CANONICAL_IDENTITY_PRESERVED_FROM_LOCKED_FIRST_350_ROAD_BASELINE,NO_ASSOCIABLE_GEOMETRY_SOURCE,,LOCKED_BASELINE_ASSERTED_REQUIRES_LIVE_RECHECK,SHARED_REFERENCE,Only the first 350 road source candidates are aligned to the locked canonical road baseline.
align:nngla:road:NG-RD-000137,ROAD,NG-RD-CAND-000137,NG-RD-CAND-000137,NG-RD-000137,137,data/novegeo/nngla/geometry-roads-addresses/source/06_roads_addresses/road_reference_candidates.csv,ae4e334fad728bb676f38d1bda2f3504cdc7ee86db9d8c66ec7455949bf55339,CANONICAL_IDENTITY_PRESERVED_FROM_LOCKED_FIRST_350_ROAD_BASELINE,NO_ASSOCIABLE_GEOMETRY_SOURCE,,LOCKED_BASELINE_ASSERTED_REQUIRES_LIVE_RECHECK,SHARED_REFERENCE,Only the first 350 road source candidates are aligned to the locked canonical road baseline.
align:nngla:road:NG-RD-000138,ROAD,NG-RD-CAND-000138,NG-RD-CAND-000138,NG-RD-000138,138,data/novegeo/nngla/geometry-roads-addresses/source/06_roads_addresses/road_reference_candidates.csv,ae4e334fad728bb676f38d1bda2f3504cdc7ee86db9d8c66ec7455949bf55339,CANONICAL_IDENTITY_PRESERVED_FROM_LOCKED_FIRST_350_ROAD_BASELINE,NO_ASSOCIABLE_GEOMETRY_SOURCE,,LOCKED_BASELINE_ASSERTED_REQUIRES_LIVE_RECHECK,SHARED_REFERENCE,Only the first 350 road source candidates are aligned to the locked canonical road baseline.
align:nngla:road:NG-RD-000139,ROAD,NG-RD-CAND-000139,NG-RD-CAND-000139,NG-RD-000139,139,data/novegeo/nngla/geometry-roads-addresses/source/06_roads_addresses/road_reference_candidates.csv,ae4e334fad728bb676f38d1bda2f3504cdc7ee86db9d8c66ec7455949bf55339,CANONICAL_IDENTITY_PRESERVED_FROM_LOCKED_FIRST_350_ROAD_BASELINE,NO_ASSOCIABLE_GEOMETRY_SOURCE,,LOCKED_BASELINE_ASSERTED_REQUIRES_LIVE_RECHECK,SHARED_REFERENCE,Only the first 350 road source candidates are aligned to the locked canonical road baseline.
align:nngla:road:NG-RD-000140,ROAD,NG-RD-CAND-000140,NG-RD-CAND-000140,NG-RD-000140,140,data/novegeo/nngla/geometry-roads-addresses/source/06_roads_addresses/road_reference_candidates.csv,ae4e334fad728bb676f38d1bda2f3504cdc7ee86db9d8c66ec7455949bf55339,CANONICAL_IDENTITY_PRESERVED_FROM_LOCKED_FIRST_350_ROAD_BASELINE,NO_ASSOCIABLE_GEOMETRY_SOURCE,,LOCKED_BASELINE_ASSERTED_REQUIRES_LIVE_RECHECK,SHARED_REFERENCE,Only the first 350 road source candidates are aligned to the locked canonical road baseline.
align:nngla:road:NG-RD-000141,ROAD,NG-RD-CAND-000141,NG-RD-CAND-000141,NG-RD-000141,141,data/novegeo/nngla/geometry-roads-addresses/source/06_roads_addresses/road_reference_candidates.csv,ae4e334fad728bb676f38d1bda2f3504cdc7ee86db9d8c66ec7455949bf55339,CANONICAL_IDENTITY_PRESERVED_FROM_LOCKED_FIRST_350_ROAD_BASELINE,NO_ASSOCIABLE_GEOMETRY_SOURCE,,LOCKED_BASELINE_ASSERTED_REQUIRES_LIVE_RECHECK,SHARED_REFERENCE,Only the first 350 road source candidates are aligned to the locked canonical road baseline.
align:nngla:road:NG-RD-000142,ROAD,NG-RD-CAND-000142,NG-RD-CAND-000142,NG-RD-000142,142,data/novegeo/nngla/geometry-roads-addresses/source/06_roads_addresses/road_reference_candidates.csv,ae4e334fad728bb676f38d1bda2f3504cdc7ee86db9d8c66ec7455949bf55339,CANONICAL_IDENTITY_PRESERVED_FROM_LOCKED_FIRST_350_ROAD_BASELINE,NO_ASSOCIABLE_GEOMETRY_SOURCE,,LOCKED_BASELINE_ASSERTED_REQUIRES_LIVE_RECHECK,SHARED_REFERENCE,Only the first 350 road source candidates are aligned to the locked canonical road baseline.
align:nngla:road:NG-RD-000143,ROAD,NG-RD-CAND-000143,NG-RD-CAND-000143,NG-RD-000143,143,data/novegeo/nngla/geometry-roads-addresses/source/06_roads_addresses/road_reference_candidates.csv,ae4e334fad728bb676f38d1bda2f3504cdc7ee86db9d8c66ec7455949bf55339,CANONICAL_IDENTITY_PRESERVED_FROM_LOCKED_FIRST_350_ROAD_BASELINE,NO_ASSOCIABLE_GEOMETRY_SOURCE,,LOCKED_BASELINE_ASSERTED_REQUIRES_LIVE_RECHECK,SHARED_REFERENCE,Only the first 350 road source candidates are aligned to the locked canonical road baseline.
align:nngla:road:NG-RD-000144,ROAD,NG-RD-CAND-000144,NG-RD-CAND-000144,NG-RD-000144,144,data/novegeo/nngla/geometry-roads-addresses/source/06_roads_addresses/road_reference_candidates.csv,ae4e334fad728bb676f38d1bda2f3504cdc7ee86db9d8c66ec7455949bf55339,CANONICAL_IDENTITY_PRESERVED_FROM_LOCKED_FIRST_350_ROAD_BASELINE,NO_ASSOCIABLE_GEOMETRY_SOURCE,,LOCKED_BASELINE_ASSERTED_REQUIRES_LIVE_RECHECK,SHARED_REFERENCE,Only the first 350 road source candidates are aligned to the locked canonical road baseline.
align:nngla:road:NG-RD-000145,ROAD,NG-RD-CAND-000145,NG-RD-CAND-000145,NG-RD-000145,145,data/novegeo/nngla/geometry-roads-addresses/source/06_roads_addresses/road_reference_candidates.csv,ae4e334fad728bb676f38d1bda2f3504cdc7ee86db9d8c66ec7455949bf55339,CANONICAL_IDENTITY_PRESERVED_FROM_LOCKED_FIRST_350_ROAD_BASELINE,NO_ASSOCIABLE_GEOMETRY_SOURCE,,LOCKED_BASELINE_ASSERTED_REQUIRES_LIVE_RECHECK,SHARED_REFERENCE,Only the first 350 road source candidates are aligned to the locked canonical road baseline.
align:nngla:road:NG-RD-000146,ROAD,NG-RD-CAND-000146,NG-RD-CAND-000146,NG-RD-000146,146,data/novegeo/nngla/geometry-roads-addresses/source/06_roads_addresses/road_reference_candidates.csv,ae4e334fad728bb676f38d1bda2f3504cdc7ee86db9d8c66ec7455949bf55339,CANONICAL_IDENTITY_PRESERVED_FROM_LOCKED_FIRST_350_ROAD_BASELINE,NO_ASSOCIABLE_GEOMETRY_SOURCE,,LOCKED_BASELINE_ASSERTED_REQUIRES_LIVE_RECHECK,SHARED_REFERENCE,Only the first 350 road source candidates are aligned to the locked canonical road baseline.
align:nngla:road:NG-RD-000147,ROAD,NG-RD-CAND-000147,NG-RD-CAND-000147,NG-RD-000147,147,data/novegeo/nngla/geometry-roads-addresses/source/06_roads_addresses/road_reference_candidates.csv,ae4e334fad728bb676f38d1bda2f3504cdc7ee86db9d8c66ec7455949bf55339,CANONICAL_IDENTITY_PRESERVED_FROM_LOCKED_FIRST_350_ROAD_BASELINE,NO_ASSOCIABLE_GEOMETRY_SOURCE,,LOCKED_BASELINE_ASSERTED_REQUIRES_LIVE_RECHECK,SHARED_REFERENCE,Only the first 350 road source candidates are aligned to the locked canonical road baseline.
align:nngla:road:NG-RD-000148,ROAD,NG-RD-CAND-000148,NG-RD-CAND-000148,NG-RD-000148,148,data/novegeo/nngla/geometry-roads-addresses/source/06_roads_addresses/road_reference_candidates.csv,ae4e334fad728bb676f38d1bda2f3504cdc7ee86db9d8c66ec7455949bf55339,CANONICAL_IDENTITY_PRESERVED_FROM_LOCKED_FIRST_350_ROAD_BASELINE,NO_ASSOCIABLE_GEOMETRY_SOURCE,,LOCKED_BASELINE_ASSERTED_REQUIRES_LIVE_RECHECK,SHARED_REFERENCE,Only the first 350 road source candidates are aligned to the locked canonical road baseline.
align:nngla:road:NG-RD-000149,ROAD,NG-RD-CAND-000149,NG-RD-CAND-000149,NG-RD-000149,149,data/novegeo/nngla/geometry-roads-addresses/source/06_roads_addresses/road_reference_candidates.csv,ae4e334fad728bb676f38d1bda2f3504cdc7ee86db9d8c66ec7455949bf55339,CANONICAL_IDENTITY_PRESERVED_FROM_LOCKED_FIRST_350_ROAD_BASELINE,NO_ASSOCIABLE_GEOMETRY_SOURCE,,LOCKED_BASELINE_ASSERTED_REQUIRES_LIVE_RECHECK,SHARED_REFERENCE,Only the first 350 road source candidates are aligned to the locked canonical road baseline.
align:nngla:road:NG-RD-000150,ROAD,NG-RD-CAND-000150,NG-RD-CAND-000150,NG-RD-000150,150,data/novegeo/nngla/geometry-roads-addresses/source/06_roads_addresses/road_reference_candidates.csv,ae4e334fad728bb676f38d1bda2f3504cdc7ee86db9d8c66ec7455949bf55339,CANONICAL_IDENTITY_PRESERVED_FROM_LOCKED_FIRST_350_ROAD_BASELINE,NO_ASSOCIABLE_GEOMETRY_SOURCE,,LOCKED_BASELINE_ASSERTED_REQUIRES_LIVE_RECHECK,SHARED_REFERENCE,Only the first 350 road source candidates are aligned to the locked canonical road baseline.
align:nngla:road:NG-RD-000151,ROAD,NG-RD-CAND-000151,NG-RD-CAND-000151,NG-RD-000151,151,data/novegeo/nngla/geometry-roads-addresses/source/06_roads_addresses/road_reference_candidates.csv,ae4e334fad728bb676f38d1bda2f3504cdc7ee86db9d8c66ec7455949bf55339,CANONICAL_IDENTITY_PRESERVED_FROM_LOCKED_FIRST_350_ROAD_BASELINE,NO_ASSOCIABLE_GEOMETRY_SOURCE,,LOCKED_BASELINE_ASSERTED_REQUIRES_LIVE_RECHECK,SHARED_REFERENCE,Only the first 350 road source candidates are aligned to the locked canonical road baseline.
align:nngla:road:NG-RD-000152,ROAD,NG-RD-CAND-000152,NG-RD-CAND-000152,NG-RD-000152,152,data/novegeo/nngla/geometry-roads-addresses/source/06_roads_addresses/road_reference_candidates.csv,ae4e334fad728bb676f38d1bda2f3504cdc7ee86db9d8c66ec7455949bf55339,CANONICAL_IDENTITY_PRESERVED_FROM_LOCKED_FIRST_350_ROAD_BASELINE,NO_ASSOCIABLE_GEOMETRY_SOURCE,,LOCKED_BASELINE_ASSERTED_REQUIRES_LIVE_RECHECK,SHARED_REFERENCE,Only the first 350 road source candidates are aligned to the locked canonical road baseline.
align:nngla:road:NG-RD-000153,ROAD,NG-RD-CAND-000153,NG-RD-CAND-000153,NG-RD-000153,153,data/novegeo/nngla/geometry-roads-addresses/source/06_roads_addresses/road_reference_candidates.csv,ae4e334fad728bb676f38d1bda2f3504cdc7ee86db9d8c66ec7455949bf55339,CANONICAL_IDENTITY_PRESERVED_FROM_LOCKED_FIRST_350_ROAD_BASELINE,NO_ASSOCIABLE_GEOMETRY_SOURCE,,LOCKED_BASELINE_ASSERTED_REQUIRES_LIVE_RECHECK,SHARED_REFERENCE,Only the first 350 road source candidates are aligned to the locked canonical road baseline.
align:nngla:road:NG-RD-000154,ROAD,NG-RD-CAND-000154,NG-RD-CAND-000154,NG-RD-000154,154,data/novegeo/nngla/geometry-roads-addresses/source/06_roads_addresses/road_reference_candidates.csv,ae4e334fad728bb676f38d1bda2f3504cdc7ee86db9d8c66ec7455949bf55339,CANONICAL_IDENTITY_PRESERVED_FROM_LOCKED_FIRST_350_ROAD_BASELINE,NO_ASSOCIABLE_GEOMETRY_SOURCE,,LOCKED_BASELINE_ASSERTED_REQUIRES_LIVE_RECHECK,SHARED_REFERENCE,Only the first 350 road source candidates are aligned to the locked canonical road baseline.
align:nngla:road:NG-RD-000155,ROAD,NG-RD-CAND-000155,NG-RD-CAND-000155,NG-RD-000155,155,data/novegeo/nngla/geometry-roads-addresses/source/06_roads_addresses/road_reference_candidates.csv,ae4e334fad728bb676f38d1bda2f3504cdc7ee86db9d8c66ec7455949bf55339,CANONICAL_IDENTITY_PRESERVED_FROM_LOCKED_FIRST_350_ROAD_BASELINE,NO_ASSOCIABLE_GEOMETRY_SOURCE,,LOCKED_BASELINE_ASSERTED_REQUIRES_LIVE_RECHECK,SHARED_REFERENCE,Only the first 350 road source candidates are aligned to the locked canonical road baseline.
align:nngla:road:NG-RD-000156,ROAD,NG-RD-CAND-000156,NG-RD-CAND-000156,NG-RD-000156,156,data/novegeo/nngla/geometry-roads-addresses/source/06_roads_addresses/road_reference_candidates.csv,ae4e334fad728bb676f38d1bda2f3504cdc7ee86db9d8c66ec7455949bf55339,CANONICAL_IDENTITY_PRESERVED_FROM_LOCKED_FIRST_350_ROAD_BASELINE,NO_ASSOCIABLE_GEOMETRY_SOURCE,,LOCKED_BASELINE_ASSERTED_REQUIRES_LIVE_RECHECK,SHARED_REFERENCE,Only the first 350 road source candidates are aligned to the locked canonical road baseline.
align:nngla:road:NG-RD-000157,ROAD,NG-RD-CAND-000157,NG-RD-CAND-000157,NG-RD-000157,157,data/novegeo/nngla/geometry-roads-addresses/source/06_roads_addresses/road_reference_candidates.csv,ae4e334fad728bb676f38d1bda2f3504cdc7ee86db9d8c66ec7455949bf55339,CANONICAL_IDENTITY_PRESERVED_FROM_LOCKED_FIRST_350_ROAD_BASELINE,NO_ASSOCIABLE_GEOMETRY_SOURCE,,LOCKED_BASELINE_ASSERTED_REQUIRES_LIVE_RECHECK,SHARED_REFERENCE,Only the first 350 road source candidates are aligned to the locked canonical road baseline.
align:nngla:road:NG-RD-000158,ROAD,NG-RD-CAND-000158,NG-RD-CAND-000158,NG-RD-000158,158,data/novegeo/nngla/geometry-roads-addresses/source/06_roads_addresses/road_reference_candidates.csv,ae4e334fad728bb676f38d1bda2f3504cdc7ee86db9d8c66ec7455949bf55339,CANONICAL_IDENTITY_PRESERVED_FROM_LOCKED_FIRST_350_ROAD_BASELINE,NO_ASSOCIABLE_GEOMETRY_SOURCE,,LOCKED_BASELINE_ASSERTED_REQUIRES_LIVE_RECHECK,SHARED_REFERENCE,Only the first 350 road source candidates are aligned to the locked canonical road baseline.
align:nngla:road:NG-RD-000159,ROAD,NG-RD-CAND-000159,NG-RD-CAND-000159,NG-RD-000159,159,data/novegeo/nngla/geometry-roads-addresses/source/06_roads_addresses/road_reference_candidates.csv,ae4e334fad728bb676f38d1bda2f3504cdc7ee86db9d8c66ec7455949bf55339,CANONICAL_IDENTITY_PRESERVED_FROM_LOCKED_FIRST_350_ROAD_BASELINE,NO_ASSOCIABLE_GEOMETRY_SOURCE,,LOCKED_BASELINE_ASSERTED_REQUIRES_LIVE_RECHECK,SHARED_REFERENCE,Only the first 350 road source candidates are aligned to the locked canonical road baseline.
align:nngla:road:NG-RD-000160,ROAD,NG-RD-CAND-000160,NG-RD-CAND-000160,NG-RD-000160,160,data/novegeo/nngla/geometry-roads-addresses/source/06_roads_addresses/road_reference_candidates.csv,ae4e334fad728bb676f38d1bda2f3504cdc7ee86db9d8c66ec7455949bf55339,CANONICAL_IDENTITY_PRESERVED_FROM_LOCKED_FIRST_350_ROAD_BASELINE,NO_ASSOCIABLE_GEOMETRY_SOURCE,,LOCKED_BASELINE_ASSERTED_REQUIRES_LIVE_RECHECK,SHARED_REFERENCE,Only the first 350 road source candidates are aligned to the locked canonical road baseline.
align:nngla:road:NG-RD-000161,ROAD,NG-RD-CAND-000161,NG-RD-CAND-000161,NG-RD-000161,161,data/novegeo/nngla/geometry-roads-addresses/source/06_roads_addresses/road_reference_candidates.csv,ae4e334fad728bb676f38d1bda2f3504cdc7ee86db9d8c66ec7455949bf55339,CANONICAL_IDENTITY_PRESERVED_FROM_LOCKED_FIRST_350_ROAD_BASELINE,NO_ASSOCIABLE_GEOMETRY_SOURCE,,LOCKED_BASELINE_ASSERTED_REQUIRES_LIVE_RECHECK,SHARED_REFERENCE,Only the first 350 road source candidates are aligned to the locked canonical road baseline.
align:nngla:road:NG-RD-000162,ROAD,NG-RD-CAND-000162,NG-RD-CAND-000162,NG-RD-000162,162,data/novegeo/nngla/geometry-roads-addresses/source/06_roads_addresses/road_reference_candidates.csv,ae4e334fad728bb676f38d1bda2f3504cdc7ee86db9d8c66ec7455949bf55339,CANONICAL_IDENTITY_PRESERVED_FROM_LOCKED_FIRST_350_ROAD_BASELINE,NO_ASSOCIABLE_GEOMETRY_SOURCE,,LOCKED_BASELINE_ASSERTED_REQUIRES_LIVE_RECHECK,SHARED_REFERENCE,Only the first 350 road source candidates are aligned to the locked canonical road baseline.
align:nngla:road:NG-RD-000163,ROAD,NG-RD-CAND-000163,NG-RD-CAND-000163,NG-RD-000163,163,data/novegeo/nngla/geometry-roads-addresses/source/06_roads_addresses/road_reference_candidates.csv,ae4e334fad728bb676f38d1bda2f3504cdc7ee86db9d8c66ec7455949bf55339,CANONICAL_IDENTITY_PRESERVED_FROM_LOCKED_FIRST_350_ROAD_BASELINE,NO_ASSOCIABLE_GEOMETRY_SOURCE,,LOCKED_BASELINE_ASSERTED_REQUIRES_LIVE_RECHECK,SHARED_REFERENCE,Only the first 350 road source candidates are aligned to the locked canonical road baseline.
align:nngla:road:NG-RD-000164,ROAD,NG-RD-CAND-000164,NG-RD-CAND-000164,NG-RD-000164,164,data/novegeo/nngla/geometry-roads-addresses/source/06_roads_addresses/road_reference_candidates.csv,ae4e334fad728bb676f38d1bda2f3504cdc7ee86db9d8c66ec7455949bf55339,CANONICAL_IDENTITY_PRESERVED_FROM_LOCKED_FIRST_350_ROAD_BASELINE,NO_ASSOCIABLE_GEOMETRY_SOURCE,,LOCKED_BASELINE_ASSERTED_REQUIRES_LIVE_RECHECK,SHARED_REFERENCE,Only the first 350 road source candidates are aligned to the locked canonical road baseline.
align:nngla:road:NG-RD-000165,ROAD,NG-RD-CAND-000165,NG-RD-CAND-000165,NG-RD-000165,165,data/novegeo/nngla/geometry-roads-addresses/source/06_roads_addresses/road_reference_candidates.csv,ae4e334fad728bb676f38d1bda2f3504cdc7ee86db9d8c66ec7455949bf55339,CANONICAL_IDENTITY_PRESERVED_FROM_LOCKED_FIRST_350_ROAD_BASELINE,NO_ASSOCIABLE_GEOMETRY_SOURCE,,LOCKED_BASELINE_ASSERTED_REQUIRES_LIVE_RECHECK,SHARED_REFERENCE,Only the first 350 road source candidates are aligned to the locked canonical road baseline.
align:nngla:road:NG-RD-000166,ROAD,NG-RD-CAND-000166,NG-RD-CAND-000166,NG-RD-000166,166,data/novegeo/nngla/geometry-roads-addresses/source/06_roads_addresses/road_reference_candidates.csv,ae4e334fad728bb676f38d1bda2f3504cdc7ee86db9d8c66ec7455949bf55339,CANONICAL_IDENTITY_PRESERVED_FROM_LOCKED_FIRST_350_ROAD_BASELINE,NO_ASSOCIABLE_GEOMETRY_SOURCE,,LOCKED_BASELINE_ASSERTED_REQUIRES_LIVE_RECHECK,SHARED_REFERENCE,Only the first 350 road source candidates are aligned to the locked canonical road baseline.
align:nngla:road:NG-RD-000167,ROAD,NG-RD-CAND-000167,NG-RD-CAND-000167,NG-RD-000167,167,data/novegeo/nngla/geometry-roads-addresses/source/06_roads_addresses/road_reference_candidates.csv,ae4e334fad728bb676f38d1bda2f3504cdc7ee86db9d8c66ec7455949bf55339,CANONICAL_IDENTITY_PRESERVED_FROM_LOCKED_FIRST_350_ROAD_BASELINE,NO_ASSOCIABLE_GEOMETRY_SOURCE,,LOCKED_BASELINE_ASSERTED_REQUIRES_LIVE_RECHECK,SHARED_REFERENCE,Only the first 350 road source candidates are aligned to the locked canonical road baseline.
align:nngla:road:NG-RD-000168,ROAD,NG-RD-CAND-000168,NG-RD-CAND-000168,NG-RD-000168,168,data/novegeo/nngla/geometry-roads-addresses/source/06_roads_addresses/road_reference_candidates.csv,ae4e334fad728bb676f38d1bda2f3504cdc7ee86db9d8c66ec7455949bf55339,CANONICAL_IDENTITY_PRESERVED_FROM_LOCKED_FIRST_350_ROAD_BASELINE,NO_ASSOCIABLE_GEOMETRY_SOURCE,,LOCKED_BASELINE_ASSERTED_REQUIRES_LIVE_RECHECK,SHARED_REFERENCE,Only the first 350 road source candidates are aligned to the locked canonical road baseline.
align:nngla:road:NG-RD-000169,ROAD,NG-RD-CAND-000169,NG-RD-CAND-000169,NG-RD-000169,169,data/novegeo/nngla/geometry-roads-addresses/source/06_roads_addresses/road_reference_candidates.csv,ae4e334fad728bb676f38d1bda2f3504cdc7ee86db9d8c66ec7455949bf55339,CANONICAL_IDENTITY_PRESERVED_FROM_LOCKED_FIRST_350_ROAD_BASELINE,NO_ASSOCIABLE_GEOMETRY_SOURCE,,LOCKED_BASELINE_ASSERTED_REQUIRES_LIVE_RECHECK,SHARED_REFERENCE,Only the first 350 road source candidates are aligned to the locked canonical road baseline.
align:nngla:road:NG-RD-000170,ROAD,NG-RD-CAND-000170,NG-RD-CAND-000170,NG-RD-000170,170,data/novegeo/nngla/geometry-roads-addresses/source/06_roads_addresses/road_reference_candidates.csv,ae4e334fad728bb676f38d1bda2f3504cdc7ee86db9d8c66ec7455949bf55339,CANONICAL_IDENTITY_PRESERVED_FROM_LOCKED_FIRST_350_ROAD_BASELINE,NO_ASSOCIABLE_GEOMETRY_SOURCE,,LOCKED_BASELINE_ASSERTED_REQUIRES_LIVE_RECHECK,SHARED_REFERENCE,Only the first 350 road source candidates are aligned to the locked canonical road baseline.
align:nngla:road:NG-RD-000171,ROAD,NG-RD-CAND-000171,NG-RD-CAND-000171,NG-RD-000171,171,data/novegeo/nngla/geometry-roads-addresses/source/06_roads_addresses/road_reference_candidates.csv,ae4e334fad728bb676f38d1bda2f3504cdc7ee86db9d8c66ec7455949bf55339,CANONICAL_IDENTITY_PRESERVED_FROM_LOCKED_FIRST_350_ROAD_BASELINE,NO_ASSOCIABLE_GEOMETRY_SOURCE,,LOCKED_BASELINE_ASSERTED_REQUIRES_LIVE_RECHECK,SHARED_REFERENCE,Only the first 350 road source candidates are aligned to the locked canonical road baseline.
align:nngla:road:NG-RD-000172,ROAD,NG-RD-CAND-000172,NG-RD-CAND-000172,NG-RD-000172,172,data/novegeo/nngla/geometry-roads-addresses/source/06_roads_addresses/road_reference_candidates.csv,ae4e334fad728bb676f38d1bda2f3504cdc7ee86db9d8c66ec7455949bf55339,CANONICAL_IDENTITY_PRESERVED_FROM_LOCKED_FIRST_350_ROAD_BASELINE,NO_ASSOCIABLE_GEOMETRY_SOURCE,,LOCKED_BASELINE_ASSERTED_REQUIRES_LIVE_RECHECK,SHARED_REFERENCE,Only the first 350 road source candidates are aligned to the locked canonical road baseline.
align:nngla:road:NG-RD-000173,ROAD,NG-RD-CAND-000173,NG-RD-CAND-000173,NG-RD-000173,173,data/novegeo/nngla/geometry-roads-addresses/source/06_roads_addresses/road_reference_candidates.csv,ae4e334fad728bb676f38d1bda2f3504cdc7ee86db9d8c66ec7455949bf55339,CANONICAL_IDENTITY_PRESERVED_FROM_LOCKED_FIRST_350_ROAD_BASELINE,NO_ASSOCIABLE_GEOMETRY_SOURCE,,LOCKED_BASELINE_ASSERTED_REQUIRES_LIVE_RECHECK,SHARED_REFERENCE,Only the first 350 road source candidates are aligned to the locked canonical road baseline.
align:nngla:road:NG-RD-000174,ROAD,NG-RD-CAND-000174,NG-RD-CAND-000174,NG-RD-000174,174,data/novegeo/nngla/geometry-roads-addresses/source/06_roads_addresses/road_reference_candidates.csv,ae4e334fad728bb676f38d1bda2f3504cdc7ee86db9d8c66ec7455949bf55339,CANONICAL_IDENTITY_PRESERVED_FROM_LOCKED_FIRST_350_ROAD_BASELINE,NO_ASSOCIABLE_GEOMETRY_SOURCE,,LOCKED_BASELINE_ASSERTED_REQUIRES_LIVE_RECHECK,SHARED_REFERENCE,Only the first 350 road source candidates are aligned to the locked canonical road baseline.
align:nngla:road:NG-RD-000175,ROAD,NG-RD-CAND-000175,NG-RD-CAND-000175,NG-RD-000175,175,data/novegeo/nngla/geometry-roads-addresses/source/06_roads_addresses/road_reference_candidates.csv,ae4e334fad728bb676f38d1bda2f3504cdc7ee86db9d8c66ec7455949bf55339,CANONICAL_IDENTITY_PRESERVED_FROM_LOCKED_FIRST_350_ROAD_BASELINE,NO_ASSOCIABLE_GEOMETRY_SOURCE,,LOCKED_BASELINE_ASSERTED_REQUIRES_LIVE_RECHECK,SHARED_REFERENCE,Only the first 350 road source candidates are aligned to the locked canonical road baseline.
align:nngla:road:NG-RD-000176,ROAD,NG-RD-CAND-000176,NG-RD-CAND-000176,NG-RD-000176,176,data/novegeo/nngla/geometry-roads-addresses/source/06_roads_addresses/road_reference_candidates.csv,ae4e334fad728bb676f38d1bda2f3504cdc7ee86db9d8c66ec7455949bf55339,CANONICAL_IDENTITY_PRESERVED_FROM_LOCKED_FIRST_350_ROAD_BASELINE,NO_ASSOCIABLE_GEOMETRY_SOURCE,,LOCKED_BASELINE_ASSERTED_REQUIRES_LIVE_RECHECK,SHARED_REFERENCE,Only the first 350 road source candidates are aligned to the locked canonical road baseline.
align:nngla:road:NG-RD-000177,ROAD,NG-RD-CAND-000177,NG-RD-CAND-000177,NG-RD-000177,177,data/novegeo/nngla/geometry-roads-addresses/source/06_roads_addresses/road_reference_candidates.csv,ae4e334fad728bb676f38d1bda2f3504cdc7ee86db9d8c66ec7455949bf55339,CANONICAL_IDENTITY_PRESERVED_FROM_LOCKED_FIRST_350_ROAD_BASELINE,NO_ASSOCIABLE_GEOMETRY_SOURCE,,LOCKED_BASELINE_ASSERTED_REQUIRES_LIVE_RECHECK,SHARED_REFERENCE,Only the first 350 road source candidates are aligned to the locked canonical road baseline.
align:nngla:road:NG-RD-000178,ROAD,NG-RD-CAND-000178,NG-RD-CAND-000178,NG-RD-000178,178,data/novegeo/nngla/geometry-roads-addresses/source/06_roads_addresses/road_reference_candidates.csv,ae4e334fad728bb676f38d1bda2f3504cdc7ee86db9d8c66ec7455949bf55339,CANONICAL_IDENTITY_PRESERVED_FROM_LOCKED_FIRST_350_ROAD_BASELINE,NO_ASSOCIABLE_GEOMETRY_SOURCE,,LOCKED_BASELINE_ASSERTED_REQUIRES_LIVE_RECHECK,SHARED_REFERENCE,Only the first 350 road source candidates are aligned to the locked canonical road baseline.
align:nngla:road:NG-RD-000179,ROAD,NG-RD-CAND-000179,NG-RD-CAND-000179,NG-RD-000179,179,data/novegeo/nngla/geometry-roads-addresses/source/06_roads_addresses/road_reference_candidates.csv,ae4e334fad728bb676f38d1bda2f3504cdc7ee86db9d8c66ec7455949bf55339,CANONICAL_IDENTITY_PRESERVED_FROM_LOCKED_FIRST_350_ROAD_BASELINE,NO_ASSOCIABLE_GEOMETRY_SOURCE,,LOCKED_BASELINE_ASSERTED_REQUIRES_LIVE_RECHECK,SHARED_REFERENCE,Only the first 350 road source candidates are aligned to the locked canonical road baseline.
align:nngla:road:NG-RD-000180,ROAD,NG-RD-CAND-000180,NG-RD-CAND-000180,NG-RD-000180,180,data/novegeo/nngla/geometry-roads-addresses/source/06_roads_addresses/road_reference_candidates.csv,ae4e334fad728bb676f38d1bda2f3504cdc7ee86db9d8c66ec7455949bf55339,CANONICAL_IDENTITY_PRESERVED_FROM_LOCKED_FIRST_350_ROAD_BASELINE,NO_ASSOCIABLE_GEOMETRY_SOURCE,,LOCKED_BASELINE_ASSERTED_REQUIRES_LIVE_RECHECK,SHARED_REFERENCE,Only the first 350 road source candidates are aligned to the locked canonical road baseline.
align:nngla:road:NG-RD-000181,ROAD,NG-RD-CAND-000181,NG-RD-CAND-000181,NG-RD-000181,181,data/novegeo/nngla/geometry-roads-addresses/source/06_roads_addresses/road_reference_candidates.csv,ae4e334fad728bb676f38d1bda2f3504cdc7ee86db9d8c66ec7455949bf55339,CANONICAL_IDENTITY_PRESERVED_FROM_LOCKED_FIRST_350_ROAD_BASELINE,NO_ASSOCIABLE_GEOMETRY_SOURCE,,LOCKED_BASELINE_ASSERTED_REQUIRES_LIVE_RECHECK,SHARED_REFERENCE,Only the first 350 road source candidates are aligned to the locked canonical road baseline.
align:nngla:road:NG-RD-000182,ROAD,NG-RD-CAND-000182,NG-RD-CAND-000182,NG-RD-000182,182,data/novegeo/nngla/geometry-roads-addresses/source/06_roads_addresses/road_reference_candidates.csv,ae4e334fad728bb676f38d1bda2f3504cdc7ee86db9d8c66ec7455949bf55339,CANONICAL_IDENTITY_PRESERVED_FROM_LOCKED_FIRST_350_ROAD_BASELINE,NO_ASSOCIABLE_GEOMETRY_SOURCE,,LOCKED_BASELINE_ASSERTED_REQUIRES_LIVE_RECHECK,SHARED_REFERENCE,Only the first 350 road source candidates are aligned to the locked canonical road baseline.
align:nngla:road:NG-RD-000183,ROAD,NG-RD-CAND-000183,NG-RD-CAND-000183,NG-RD-000183,183,data/novegeo/nngla/geometry-roads-addresses/source/06_roads_addresses/road_reference_candidates.csv,ae4e334fad728bb676f38d1bda2f3504cdc7ee86db9d8c66ec7455949bf55339,CANONICAL_IDENTITY_PRESERVED_FROM_LOCKED_FIRST_350_ROAD_BASELINE,NO_ASSOCIABLE_GEOMETRY_SOURCE,,LOCKED_BASELINE_ASSERTED_REQUIRES_LIVE_RECHECK,SHARED_REFERENCE,Only the first 350 road source candidates are aligned to the locked canonical road baseline.
align:nngla:road:NG-RD-000184,ROAD,NG-RD-CAND-000184,NG-RD-CAND-000184,NG-RD-000184,184,data/novegeo/nngla/geometry-roads-addresses/source/06_roads_addresses/road_reference_candidates.csv,ae4e334fad728bb676f38d1bda2f3504cdc7ee86db9d8c66ec7455949bf55339,CANONICAL_IDENTITY_PRESERVED_FROM_LOCKED_FIRST_350_ROAD_BASELINE,NO_ASSOCIABLE_GEOMETRY_SOURCE,,LOCKED_BASELINE_ASSERTED_REQUIRES_LIVE_RECHECK,SHARED_REFERENCE,Only the first 350 road source candidates are aligned to the locked canonical road baseline.
align:nngla:road:NG-RD-000185,ROAD,NG-RD-CAND-000185,NG-RD-CAND-000185,NG-RD-000185,185,data/novegeo/nngla/geometry-roads-addresses/source/06_roads_addresses/road_reference_candidates.csv,ae4e334fad728bb676f38d1bda2f3504cdc7ee86db9d8c66ec7455949bf55339,CANONICAL_IDENTITY_PRESERVED_FROM_LOCKED_FIRST_350_ROAD_BASELINE,NO_ASSOCIABLE_GEOMETRY_SOURCE,,LOCKED_BASELINE_ASSERTED_REQUIRES_LIVE_RECHECK,SHARED_REFERENCE,Only the first 350 road source candidates are aligned to the locked canonical road baseline.
align:nngla:road:NG-RD-000186,ROAD,NG-RD-CAND-000186,NG-RD-CAND-000186,NG-RD-000186,186,data/novegeo/nngla/geometry-roads-addresses/source/06_roads_addresses/road_reference_candidates.csv,ae4e334fad728bb676f38d1bda2f3504cdc7ee86db9d8c66ec7455949bf55339,CANONICAL_IDENTITY_PRESERVED_FROM_LOCKED_FIRST_350_ROAD_BASELINE,NO_ASSOCIABLE_GEOMETRY_SOURCE,,LOCKED_BASELINE_ASSERTED_REQUIRES_LIVE_RECHECK,SHARED_REFERENCE,Only the first 350 road source candidates are aligned to the locked canonical road baseline.
align:nngla:road:NG-RD-000187,ROAD,NG-RD-CAND-000187,NG-RD-CAND-000187,NG-RD-000187,187,data/novegeo/nngla/geometry-roads-addresses/source/06_roads_addresses/road_reference_candidates.csv,ae4e334fad728bb676f38d1bda2f3504cdc7ee86db9d8c66ec7455949bf55339,CANONICAL_IDENTITY_PRESERVED_FROM_LOCKED_FIRST_350_ROAD_BASELINE,NO_ASSOCIABLE_GEOMETRY_SOURCE,,LOCKED_BASELINE_ASSERTED_REQUIRES_LIVE_RECHECK,SHARED_REFERENCE,Only the first 350 road source candidates are aligned to the locked canonical road baseline.
align:nngla:road:NG-RD-000188,ROAD,NG-RD-CAND-000188,NG-RD-CAND-000188,NG-RD-000188,188,data/novegeo/nngla/geometry-roads-addresses/source/06_roads_addresses/road_reference_candidates.csv,ae4e334fad728bb676f38d1bda2f3504cdc7ee86db9d8c66ec7455949bf55339,CANONICAL_IDENTITY_PRESERVED_FROM_LOCKED_FIRST_350_ROAD_BASELINE,NO_ASSOCIABLE_GEOMETRY_SOURCE,,LOCKED_BASELINE_ASSERTED_REQUIRES_LIVE_RECHECK,SHARED_REFERENCE,Only the first 350 road source candidates are aligned to the locked canonical road baseline.
align:nngla:road:NG-RD-000189,ROAD,NG-RD-CAND-000189,NG-RD-CAND-000189,NG-RD-000189,189,data/novegeo/nngla/geometry-roads-addresses/source/06_roads_addresses/road_reference_candidates.csv,ae4e334fad728bb676f38d1bda2f3504cdc7ee86db9d8c66ec7455949bf55339,CANONICAL_IDENTITY_PRESERVED_FROM_LOCKED_FIRST_350_ROAD_BASELINE,NO_ASSOCIABLE_GEOMETRY_SOURCE,,LOCKED_BASELINE_ASSERTED_REQUIRES_LIVE_RECHECK,SHARED_REFERENCE,Only the first 350 road source candidates are aligned to the locked canonical road baseline.
align:nngla:road:NG-RD-000190,ROAD,NG-RD-CAND-000190,NG-RD-CAND-000190,NG-RD-000190,190,data/novegeo/nngla/geometry-roads-addresses/source/06_roads_addresses/road_reference_candidates.csv,ae4e334fad728bb676f38d1bda2f3504cdc7ee86db9d8c66ec7455949bf55339,CANONICAL_IDENTITY_PRESERVED_FROM_LOCKED_FIRST_350_ROAD_BASELINE,NO_ASSOCIABLE_GEOMETRY_SOURCE,,LOCKED_BASELINE_ASSERTED_REQUIRES_LIVE_RECHECK,SHARED_REFERENCE,Only the first 350 road source candidates are aligned to the locked canonical road baseline.
align:nngla:road:NG-RD-000191,ROAD,NG-RD-CAND-000191,NG-RD-CAND-000191,NG-RD-000191,191,data/novegeo/nngla/geometry-roads-addresses/source/06_roads_addresses/road_reference_candidates.csv,ae4e334fad728bb676f38d1bda2f3504cdc7ee86db9d8c66ec7455949bf55339,CANONICAL_IDENTITY_PRESERVED_FROM_LOCKED_FIRST_350_ROAD_BASELINE,NO_ASSOCIABLE_GEOMETRY_SOURCE,,LOCKED_BASELINE_ASSERTED_REQUIRES_LIVE_RECHECK,SHARED_REFERENCE,Only the first 350 road source candidates are aligned to the locked canonical road baseline.
align:nngla:road:NG-RD-000192,ROAD,NG-RD-CAND-000192,NG-RD-CAND-000192,NG-RD-000192,192,data/novegeo/nngla/geometry-roads-addresses/source/06_roads_addresses/road_reference_candidates.csv,ae4e334fad728bb676f38d1bda2f3504cdc7ee86db9d8c66ec7455949bf55339,CANONICAL_IDENTITY_PRESERVED_FROM_LOCKED_FIRST_350_ROAD_BASELINE,NO_ASSOCIABLE_GEOMETRY_SOURCE,,LOCKED_BASELINE_ASSERTED_REQUIRES_LIVE_RECHECK,SHARED_REFERENCE,Only the first 350 road source candidates are aligned to the locked canonical road baseline.
align:nngla:road:NG-RD-000193,ROAD,NG-RD-CAND-000193,NG-RD-CAND-000193,NG-RD-000193,193,data/novegeo/nngla/geometry-roads-addresses/source/06_roads_addresses/road_reference_candidates.csv,ae4e334fad728bb676f38d1bda2f3504cdc7ee86db9d8c66ec7455949bf55339,CANONICAL_IDENTITY_PRESERVED_FROM_LOCKED_FIRST_350_ROAD_BASELINE,NO_ASSOCIABLE_GEOMETRY_SOURCE,,LOCKED_BASELINE_ASSERTED_REQUIRES_LIVE_RECHECK,SHARED_REFERENCE,Only the first 350 road source candidates are aligned to the locked canonical road baseline.
align:nngla:road:NG-RD-000194,ROAD,NG-RD-CAND-000194,NG-RD-CAND-000194,NG-RD-000194,194,data/novegeo/nngla/geometry-roads-addresses/source/06_roads_addresses/road_reference_candidates.csv,ae4e334fad728bb676f38d1bda2f3504cdc7ee86db9d8c66ec7455949bf55339,CANONICAL_IDENTITY_PRESERVED_FROM_LOCKED_FIRST_350_ROAD_BASELINE,NO_ASSOCIABLE_GEOMETRY_SOURCE,,LOCKED_BASELINE_ASSERTED_REQUIRES_LIVE_RECHECK,SHARED_REFERENCE,Only the first 350 road source candidates are aligned to the locked canonical road baseline.
align:nngla:road:NG-RD-000195,ROAD,NG-RD-CAND-000195,NG-RD-CAND-000195,NG-RD-000195,195,data/novegeo/nngla/geometry-roads-addresses/source/06_roads_addresses/road_reference_candidates.csv,ae4e334fad728bb676f38d1bda2f3504cdc7ee86db9d8c66ec7455949bf55339,CANONICAL_IDENTITY_PRESERVED_FROM_LOCKED_FIRST_350_ROAD_BASELINE,NO_ASSOCIABLE_GEOMETRY_SOURCE,,LOCKED_BASELINE_ASSERTED_REQUIRES_LIVE_RECHECK,SHARED_REFERENCE,Only the first 350 road source candidates are aligned to the locked canonical road baseline.
align:nngla:road:NG-RD-000196,ROAD,NG-RD-CAND-000196,NG-RD-CAND-000196,NG-RD-000196,196,data/novegeo/nngla/geometry-roads-addresses/source/06_roads_addresses/road_reference_candidates.csv,ae4e334fad728bb676f38d1bda2f3504cdc7ee86db9d8c66ec7455949bf55339,CANONICAL_IDENTITY_PRESERVED_FROM_LOCKED_FIRST_350_ROAD_BASELINE,NO_ASSOCIABLE_GEOMETRY_SOURCE,,LOCKED_BASELINE_ASSERTED_REQUIRES_LIVE_RECHECK,SHARED_REFERENCE,Only the first 350 road source candidates are aligned to the locked canonical road baseline.
align:nngla:road:NG-RD-000197,ROAD,NG-RD-CAND-000197,NG-RD-CAND-000197,NG-RD-000197,197,data/novegeo/nngla/geometry-roads-addresses/source/06_roads_addresses/road_reference_candidates.csv,ae4e334fad728bb676f38d1bda2f3504cdc7ee86db9d8c66ec7455949bf55339,CANONICAL_IDENTITY_PRESERVED_FROM_LOCKED_FIRST_350_ROAD_BASELINE,NO_ASSOCIABLE_GEOMETRY_SOURCE,,LOCKED_BASELINE_ASSERTED_REQUIRES_LIVE_RECHECK,SHARED_REFERENCE,Only the first 350 road source candidates are aligned to the locked canonical road baseline.
align:nngla:road:NG-RD-000198,ROAD,NG-RD-CAND-000198,NG-RD-CAND-000198,NG-RD-000198,198,data/novegeo/nngla/geometry-roads-addresses/source/06_roads_addresses/road_reference_candidates.csv,ae4e334fad728bb676f38d1bda2f3504cdc7ee86db9d8c66ec7455949bf55339,CANONICAL_IDENTITY_PRESERVED_FROM_LOCKED_FIRST_350_ROAD_BASELINE,NO_ASSOCIABLE_GEOMETRY_SOURCE,,LOCKED_BASELINE_ASSERTED_REQUIRES_LIVE_RECHECK,SHARED_REFERENCE,Only the first 350 road source candidates are aligned to the locked canonical road baseline.
align:nngla:road:NG-RD-000199,ROAD,NG-RD-CAND-000199,NG-RD-CAND-000199,NG-RD-000199,199,data/novegeo/nngla/geometry-roads-addresses/source/06_roads_addresses/road_reference_candidates.csv,ae4e334fad728bb676f38d1bda2f3504cdc7ee86db9d8c66ec7455949bf55339,CANONICAL_IDENTITY_PRESERVED_FROM_LOCKED_FIRST_350_ROAD_BASELINE,NO_ASSOCIABLE_GEOMETRY_SOURCE,,LOCKED_BASELINE_ASSERTED_REQUIRES_LIVE_RECHECK,SHARED_REFERENCE,Only the first 350 road source candidates are aligned to the locked canonical road baseline.
align:nngla:road:NG-RD-000200,ROAD,NG-RD-CAND-000200,NG-RD-CAND-000200,NG-RD-000200,200,data/novegeo/nngla/geometry-roads-addresses/source/06_roads_addresses/road_reference_candidates.csv,ae4e334fad728bb676f38d1bda2f3504cdc7ee86db9d8c66ec7455949bf55339,CANONICAL_IDENTITY_PRESERVED_FROM_LOCKED_FIRST_350_ROAD_BASELINE,NO_ASSOCIABLE_GEOMETRY_SOURCE,,LOCKED_BASELINE_ASSERTED_REQUIRES_LIVE_RECHECK,SHARED_REFERENCE,Only the first 350 road source candidates are aligned to the locked canonical road baseline.
align:nngla:road:NG-RD-000201,ROAD,NG-RD-CAND-000201,NG-RD-CAND-000201,NG-RD-000201,201,data/novegeo/nngla/geometry-roads-addresses/source/06_roads_addresses/road_reference_candidates.csv,ae4e334fad728bb676f38d1bda2f3504cdc7ee86db9d8c66ec7455949bf55339,CANONICAL_IDENTITY_PRESERVED_FROM_LOCKED_FIRST_350_ROAD_BASELINE,NO_ASSOCIABLE_GEOMETRY_SOURCE,,LOCKED_BASELINE_ASSERTED_REQUIRES_LIVE_RECHECK,SHARED_REFERENCE,Only the first 350 road source candidates are aligned to the locked canonical road baseline.
align:nngla:road:NG-RD-000202,ROAD,NG-RD-CAND-000202,NG-RD-CAND-000202,NG-RD-000202,202,data/novegeo/nngla/geometry-roads-addresses/source/06_roads_addresses/road_reference_candidates.csv,ae4e334fad728bb676f38d1bda2f3504cdc7ee86db9d8c66ec7455949bf55339,CANONICAL_IDENTITY_PRESERVED_FROM_LOCKED_FIRST_350_ROAD_BASELINE,NO_ASSOCIABLE_GEOMETRY_SOURCE,,LOCKED_BASELINE_ASSERTED_REQUIRES_LIVE_RECHECK,SHARED_REFERENCE,Only the first 350 road source candidates are aligned to the locked canonical road baseline.
align:nngla:road:NG-RD-000203,ROAD,NG-RD-CAND-000203,NG-RD-CAND-000203,NG-RD-000203,203,data/novegeo/nngla/geometry-roads-addresses/source/06_roads_addresses/road_reference_candidates.csv,ae4e334fad728bb676f38d1bda2f3504cdc7ee86db9d8c66ec7455949bf55339,CANONICAL_IDENTITY_PRESERVED_FROM_LOCKED_FIRST_350_ROAD_BASELINE,NO_ASSOCIABLE_GEOMETRY_SOURCE,,LOCKED_BASELINE_ASSERTED_REQUIRES_LIVE_RECHECK,SHARED_REFERENCE,Only the first 350 road source candidates are aligned to the locked canonical road baseline.
align:nngla:road:NG-RD-000204,ROAD,NG-RD-CAND-000204,NG-RD-CAND-000204,NG-RD-000204,204,data/novegeo/nngla/geometry-roads-addresses/source/06_roads_addresses/road_reference_candidates.csv,ae4e334fad728bb676f38d1bda2f3504cdc7ee86db9d8c66ec7455949bf55339,CANONICAL_IDENTITY_PRESERVED_FROM_LOCKED_FIRST_350_ROAD_BASELINE,NO_ASSOCIABLE_GEOMETRY_SOURCE,,LOCKED_BASELINE_ASSERTED_REQUIRES_LIVE_RECHECK,SHARED_REFERENCE,Only the first 350 road source candidates are aligned to the locked canonical road baseline.
align:nngla:road:NG-RD-000205,ROAD,NG-RD-CAND-000205,NG-RD-CAND-000205,NG-RD-000205,205,data/novegeo/nngla/geometry-roads-addresses/source/06_roads_addresses/road_reference_candidates.csv,ae4e334fad728bb676f38d1bda2f3504cdc7ee86db9d8c66ec7455949bf55339,CANONICAL_IDENTITY_PRESERVED_FROM_LOCKED_FIRST_350_ROAD_BASELINE,NO_ASSOCIABLE_GEOMETRY_SOURCE,,LOCKED_BASELINE_ASSERTED_REQUIRES_LIVE_RECHECK,SHARED_REFERENCE,Only the first 350 road source candidates are aligned to the locked canonical road baseline.
align:nngla:road:NG-RD-000206,ROAD,NG-RD-CAND-000206,NG-RD-CAND-000206,NG-RD-000206,206,data/novegeo/nngla/geometry-roads-addresses/source/06_roads_addresses/road_reference_candidates.csv,ae4e334fad728bb676f38d1bda2f3504cdc7ee86db9d8c66ec7455949bf55339,CANONICAL_IDENTITY_PRESERVED_FROM_LOCKED_FIRST_350_ROAD_BASELINE,NO_ASSOCIABLE_GEOMETRY_SOURCE,,LOCKED_BASELINE_ASSERTED_REQUIRES_LIVE_RECHECK,SHARED_REFERENCE,Only the first 350 road source candidates are aligned to the locked canonical road baseline.
align:nngla:road:NG-RD-000207,ROAD,NG-RD-CAND-000207,NG-RD-CAND-000207,NG-RD-000207,207,data/novegeo/nngla/geometry-roads-addresses/source/06_roads_addresses/road_reference_candidates.csv,ae4e334fad728bb676f38d1bda2f3504cdc7ee86db9d8c66ec7455949bf55339,CANONICAL_IDENTITY_PRESERVED_FROM_LOCKED_FIRST_350_ROAD_BASELINE,NO_ASSOCIABLE_GEOMETRY_SOURCE,,LOCKED_BASELINE_ASSERTED_REQUIRES_LIVE_RECHECK,SHARED_REFERENCE,Only the first 350 road source candidates are aligned to the locked canonical road baseline.
align:nngla:road:NG-RD-000208,ROAD,NG-RD-CAND-000208,NG-RD-CAND-000208,NG-RD-000208,208,data/novegeo/nngla/geometry-roads-addresses/source/06_roads_addresses/road_reference_candidates.csv,ae4e334fad728bb676f38d1bda2f3504cdc7ee86db9d8c66ec7455949bf55339,CANONICAL_IDENTITY_PRESERVED_FROM_LOCKED_FIRST_350_ROAD_BASELINE,NO_ASSOCIABLE_GEOMETRY_SOURCE,,LOCKED_BASELINE_ASSERTED_REQUIRES_LIVE_RECHECK,SHARED_REFERENCE,Only the first 350 road source candidates are aligned to the locked canonical road baseline.
align:nngla:road:NG-RD-000209,ROAD,NG-RD-CAND-000209,NG-RD-CAND-000209,NG-RD-000209,209,data/novegeo/nngla/geometry-roads-addresses/source/06_roads_addresses/road_reference_candidates.csv,ae4e334fad728bb676f38d1bda2f3504cdc7ee86db9d8c66ec7455949bf55339,CANONICAL_IDENTITY_PRESERVED_FROM_LOCKED_FIRST_350_ROAD_BASELINE,NO_ASSOCIABLE_GEOMETRY_SOURCE,,LOCKED_BASELINE_ASSERTED_REQUIRES_LIVE_RECHECK,SHARED_REFERENCE,Only the first 350 road source candidates are aligned to the locked canonical road baseline.
align:nngla:road:NG-RD-000210,ROAD,NG-RD-CAND-000210,NG-RD-CAND-000210,NG-RD-000210,210,data/novegeo/nngla/geometry-roads-addresses/source/06_roads_addresses/road_reference_candidates.csv,ae4e334fad728bb676f38d1bda2f3504cdc7ee86db9d8c66ec7455949bf55339,CANONICAL_IDENTITY_PRESERVED_FROM_LOCKED_FIRST_350_ROAD_BASELINE,NO_ASSOCIABLE_GEOMETRY_SOURCE,,LOCKED_BASELINE_ASSERTED_REQUIRES_LIVE_RECHECK,SHARED_REFERENCE,Only the first 350 road source candidates are aligned to the locked canonical road baseline.
align:nngla:road:NG-RD-000211,ROAD,NG-RD-CAND-000211,NG-RD-CAND-000211,NG-RD-000211,211,data/novegeo/nngla/geometry-roads-addresses/source/06_roads_addresses/road_reference_candidates.csv,ae4e334fad728bb676f38d1bda2f3504cdc7ee86db9d8c66ec7455949bf55339,CANONICAL_IDENTITY_PRESERVED_FROM_LOCKED_FIRST_350_ROAD_BASELINE,NO_ASSOCIABLE_GEOMETRY_SOURCE,,LOCKED_BASELINE_ASSERTED_REQUIRES_LIVE_RECHECK,SHARED_REFERENCE,Only the first 350 road source candidates are aligned to the locked canonical road baseline.
align:nngla:road:NG-RD-000212,ROAD,NG-RD-CAND-000212,NG-RD-CAND-000212,NG-RD-000212,212,data/novegeo/nngla/geometry-roads-addresses/source/06_roads_addresses/road_reference_candidates.csv,ae4e334fad728bb676f38d1bda2f3504cdc7ee86db9d8c66ec7455949bf55339,CANONICAL_IDENTITY_PRESERVED_FROM_LOCKED_FIRST_350_ROAD_BASELINE,NO_ASSOCIABLE_GEOMETRY_SOURCE,,LOCKED_BASELINE_ASSERTED_REQUIRES_LIVE_RECHECK,SHARED_REFERENCE,Only the first 350 road source candidates are aligned to the locked canonical road baseline.
align:nngla:road:NG-RD-000213,ROAD,NG-RD-CAND-000213,NG-RD-CAND-000213,NG-RD-000213,213,data/novegeo/nngla/geometry-roads-addresses/source/06_roads_addresses/road_reference_candidates.csv,ae4e334fad728bb676f38d1bda2f3504cdc7ee86db9d8c66ec7455949bf55339,CANONICAL_IDENTITY_PRESERVED_FROM_LOCKED_FIRST_350_ROAD_BASELINE,NO_ASSOCIABLE_GEOMETRY_SOURCE,,LOCKED_BASELINE_ASSERTED_REQUIRES_LIVE_RECHECK,SHARED_REFERENCE,Only the first 350 road source candidates are aligned to the locked canonical road baseline.
align:nngla:road:NG-RD-000214,ROAD,NG-RD-CAND-000214,NG-RD-CAND-000214,NG-RD-000214,214,data/novegeo/nngla/geometry-roads-addresses/source/06_roads_addresses/road_reference_candidates.csv,ae4e334fad728bb676f38d1bda2f3504cdc7ee86db9d8c66ec7455949bf55339,CANONICAL_IDENTITY_PRESERVED_FROM_LOCKED_FIRST_350_ROAD_BASELINE,NO_ASSOCIABLE_GEOMETRY_SOURCE,,LOCKED_BASELINE_ASSERTED_REQUIRES_LIVE_RECHECK,SHARED_REFERENCE,Only the first 350 road source candidates are aligned to the locked canonical road baseline.
align:nngla:road:NG-RD-000215,ROAD,NG-RD-CAND-000215,NG-RD-CAND-000215,NG-RD-000215,215,data/novegeo/nngla/geometry-roads-addresses/source/06_roads_addresses/road_reference_candidates.csv,ae4e334fad728bb676f38d1bda2f3504cdc7ee86db9d8c66ec7455949bf55339,CANONICAL_IDENTITY_PRESERVED_FROM_LOCKED_FIRST_350_ROAD_BASELINE,NO_ASSOCIABLE_GEOMETRY_SOURCE,,LOCKED_BASELINE_ASSERTED_REQUIRES_LIVE_RECHECK,SHARED_REFERENCE,Only the first 350 road source candidates are aligned to the locked canonical road baseline.
align:nngla:road:NG-RD-000216,ROAD,NG-RD-CAND-000216,NG-RD-CAND-000216,NG-RD-000216,216,data/novegeo/nngla/geometry-roads-addresses/source/06_roads_addresses/road_reference_candidates.csv,ae4e334fad728bb676f38d1bda2f3504cdc7ee86db9d8c66ec7455949bf55339,CANONICAL_IDENTITY_PRESERVED_FROM_LOCKED_FIRST_350_ROAD_BASELINE,NO_ASSOCIABLE_GEOMETRY_SOURCE,,LOCKED_BASELINE_ASSERTED_REQUIRES_LIVE_RECHECK,SHARED_REFERENCE,Only the first 350 road source candidates are aligned to the locked canonical road baseline.
align:nngla:road:NG-RD-000217,ROAD,NG-RD-CAND-000217,NG-RD-CAND-000217,NG-RD-000217,217,data/novegeo/nngla/geometry-roads-addresses/source/06_roads_addresses/road_reference_candidates.csv,ae4e334fad728bb676f38d1bda2f3504cdc7ee86db9d8c66ec7455949bf55339,CANONICAL_IDENTITY_PRESERVED_FROM_LOCKED_FIRST_350_ROAD_BASELINE,NO_ASSOCIABLE_GEOMETRY_SOURCE,,LOCKED_BASELINE_ASSERTED_REQUIRES_LIVE_RECHECK,SHARED_REFERENCE,Only the first 350 road source candidates are aligned to the locked canonical road baseline.
align:nngla:road:NG-RD-000218,ROAD,NG-RD-CAND-000218,NG-RD-CAND-000218,NG-RD-000218,218,data/novegeo/nngla/geometry-roads-addresses/source/06_roads_addresses/road_reference_candidates.csv,ae4e334fad728bb676f38d1bda2f3504cdc7ee86db9d8c66ec7455949bf55339,CANONICAL_IDENTITY_PRESERVED_FROM_LOCKED_FIRST_350_ROAD_BASELINE,NO_ASSOCIABLE_GEOMETRY_SOURCE,,LOCKED_BASELINE_ASSERTED_REQUIRES_LIVE_RECHECK,SHARED_REFERENCE,Only the first 350 road source candidates are aligned to the locked canonical road baseline.
align:nngla:road:NG-RD-000219,ROAD,NG-RD-CAND-000219,NG-RD-CAND-000219,NG-RD-000219,219,data/novegeo/nngla/geometry-roads-addresses/source/06_roads_addresses/road_reference_candidates.csv,ae4e334fad728bb676f38d1bda2f3504cdc7ee86db9d8c66ec7455949bf55339,CANONICAL_IDENTITY_PRESERVED_FROM_LOCKED_FIRST_350_ROAD_BASELINE,NO_ASSOCIABLE_GEOMETRY_SOURCE,,LOCKED_BASELINE_ASSERTED_REQUIRES_LIVE_RECHECK,SHARED_REFERENCE,Only the first 350 road source candidates are aligned to the locked canonical road baseline.
align:nngla:road:NG-RD-000220,ROAD,NG-RD-CAND-000220,NG-RD-CAND-000220,NG-RD-000220,220,data/novegeo/nngla/geometry-roads-addresses/source/06_roads_addresses/road_reference_candidates.csv,ae4e334fad728bb676f38d1bda2f3504cdc7ee86db9d8c66ec7455949bf55339,CANONICAL_IDENTITY_PRESERVED_FROM_LOCKED_FIRST_350_ROAD_BASELINE,NO_ASSOCIABLE_GEOMETRY_SOURCE,,LOCKED_BASELINE_ASSERTED_REQUIRES_LIVE_RECHECK,SHARED_REFERENCE,Only the first 350 road source candidates are aligned to the locked canonical road baseline.
align:nngla:road:NG-RD-000221,ROAD,NG-RD-CAND-000221,NG-RD-CAND-000221,NG-RD-000221,221,data/novegeo/nngla/geometry-roads-addresses/source/06_roads_addresses/road_reference_candidates.csv,ae4e334fad728bb676f38d1bda2f3504cdc7ee86db9d8c66ec7455949bf55339,CANONICAL_IDENTITY_PRESERVED_FROM_LOCKED_FIRST_350_ROAD_BASELINE,NO_ASSOCIABLE_GEOMETRY_SOURCE,,LOCKED_BASELINE_ASSERTED_REQUIRES_LIVE_RECHECK,SHARED_REFERENCE,Only the first 350 road source candidates are aligned to the locked canonical road baseline.
align:nngla:road:NG-RD-000222,ROAD,NG-RD-CAND-000222,NG-RD-CAND-000222,NG-RD-000222,222,data/novegeo/nngla/geometry-roads-addresses/source/06_roads_addresses/road_reference_candidates.csv,ae4e334fad728bb676f38d1bda2f3504cdc7ee86db9d8c66ec7455949bf55339,CANONICAL_IDENTITY_PRESERVED_FROM_LOCKED_FIRST_350_ROAD_BASELINE,NO_ASSOCIABLE_GEOMETRY_SOURCE,,LOCKED_BASELINE_ASSERTED_REQUIRES_LIVE_RECHECK,SHARED_REFERENCE,Only the first 350 road source candidates are aligned to the locked canonical road baseline.
align:nngla:road:NG-RD-000223,ROAD,NG-RD-CAND-000223,NG-RD-CAND-000223,NG-RD-000223,223,data/novegeo/nngla/geometry-roads-addresses/source/06_roads_addresses/road_reference_candidates.csv,ae4e334fad728bb676f38d1bda2f3504cdc7ee86db9d8c66ec7455949bf55339,CANONICAL_IDENTITY_PRESERVED_FROM_LOCKED_FIRST_350_ROAD_BASELINE,NO_ASSOCIABLE_GEOMETRY_SOURCE,,LOCKED_BASELINE_ASSERTED_REQUIRES_LIVE_RECHECK,SHARED_REFERENCE,Only the first 350 road source candidates are aligned to the locked canonical road baseline.
align:nngla:road:NG-RD-000224,ROAD,NG-RD-CAND-000224,NG-RD-CAND-000224,NG-RD-000224,224,data/novegeo/nngla/geometry-roads-addresses/source/06_roads_addresses/road_reference_candidates.csv,ae4e334fad728bb676f38d1bda2f3504cdc7ee86db9d8c66ec7455949bf55339,CANONICAL_IDENTITY_PRESERVED_FROM_LOCKED_FIRST_350_ROAD_BASELINE,NO_ASSOCIABLE_GEOMETRY_SOURCE,,LOCKED_BASELINE_ASSERTED_REQUIRES_LIVE_RECHECK,SHARED_REFERENCE,Only the first 350 road source candidates are aligned to the locked canonical road baseline.
align:nngla:road:NG-RD-000225,ROAD,NG-RD-CAND-000225,NG-RD-CAND-000225,NG-RD-000225,225,data/novegeo/nngla/geometry-roads-addresses/source/06_roads_addresses/road_reference_candidates.csv,ae4e334fad728bb676f38d1bda2f3504cdc7ee86db9d8c66ec7455949bf55339,CANONICAL_IDENTITY_PRESERVED_FROM_LOCKED_FIRST_350_ROAD_BASELINE,NO_ASSOCIABLE_GEOMETRY_SOURCE,,LOCKED_BASELINE_ASSERTED_REQUIRES_LIVE_RECHECK,SHARED_REFERENCE,Only the first 350 road source candidates are aligned to the locked canonical road baseline.
align:nngla:road:NG-RD-000226,ROAD,NG-RD-CAND-000226,NG-RD-CAND-000226,NG-RD-000226,226,data/novegeo/nngla/geometry-roads-addresses/source/06_roads_addresses/road_reference_candidates.csv,ae4e334fad728bb676f38d1bda2f3504cdc7ee86db9d8c66ec7455949bf55339,CANONICAL_IDENTITY_PRESERVED_FROM_LOCKED_FIRST_350_ROAD_BASELINE,NO_ASSOCIABLE_GEOMETRY_SOURCE,,LOCKED_BASELINE_ASSERTED_REQUIRES_LIVE_RECHECK,SHARED_REFERENCE,Only the first 350 road source candidates are aligned to the locked canonical road baseline.
align:nngla:road:NG-RD-000227,ROAD,NG-RD-CAND-000227,NG-RD-CAND-000227,NG-RD-000227,227,data/novegeo/nngla/geometry-roads-addresses/source/06_roads_addresses/road_reference_candidates.csv,ae4e334fad728bb676f38d1bda2f3504cdc7ee86db9d8c66ec7455949bf55339,CANONICAL_IDENTITY_PRESERVED_FROM_LOCKED_FIRST_350_ROAD_BASELINE,NO_ASSOCIABLE_GEOMETRY_SOURCE,,LOCKED_BASELINE_ASSERTED_REQUIRES_LIVE_RECHECK,SHARED_REFERENCE,Only the first 350 road source candidates are aligned to the locked canonical road baseline.
align:nngla:road:NG-RD-000228,ROAD,NG-RD-CAND-000228,NG-RD-CAND-000228,NG-RD-000228,228,data/novegeo/nngla/geometry-roads-addresses/source/06_roads_addresses/road_reference_candidates.csv,ae4e334fad728bb676f38d1bda2f3504cdc7ee86db9d8c66ec7455949bf55339,CANONICAL_IDENTITY_PRESERVED_FROM_LOCKED_FIRST_350_ROAD_BASELINE,NO_ASSOCIABLE_GEOMETRY_SOURCE,,LOCKED_BASELINE_ASSERTED_REQUIRES_LIVE_RECHECK,SHARED_REFERENCE,Only the first 350 road source candidates are aligned to the locked canonical road baseline.
align:nngla:road:NG-RD-000229,ROAD,NG-RD-CAND-000229,NG-RD-CAND-000229,NG-RD-000229,229,data/novegeo/nngla/geometry-roads-addresses/source/06_roads_addresses/road_reference_candidates.csv,ae4e334fad728bb676f38d1bda2f3504cdc7ee86db9d8c66ec7455949bf55339,CANONICAL_IDENTITY_PRESERVED_FROM_LOCKED_FIRST_350_ROAD_BASELINE,NO_ASSOCIABLE_GEOMETRY_SOURCE,,LOCKED_BASELINE_ASSERTED_REQUIRES_LIVE_RECHECK,SHARED_REFERENCE,Only the first 350 road source candidates are aligned to the locked canonical road baseline.
align:nngla:road:NG-RD-000230,ROAD,NG-RD-CAND-000230,NG-RD-CAND-000230,NG-RD-000230,230,data/novegeo/nngla/geometry-roads-addresses/source/06_roads_addresses/road_reference_candidates.csv,ae4e334fad728bb676f38d1bda2f3504cdc7ee86db9d8c66ec7455949bf55339,CANONICAL_IDENTITY_PRESERVED_FROM_LOCKED_FIRST_350_ROAD_BASELINE,NO_ASSOCIABLE_GEOMETRY_SOURCE,,LOCKED_BASELINE_ASSERTED_REQUIRES_LIVE_RECHECK,SHARED_REFERENCE,Only the first 350 road source candidates are aligned to the locked canonical road baseline.
align:nngla:road:NG-RD-000231,ROAD,NG-RD-CAND-000231,NG-RD-CAND-000231,NG-RD-000231,231,data/novegeo/nngla/geometry-roads-addresses/source/06_roads_addresses/road_reference_candidates.csv,ae4e334fad728bb676f38d1bda2f3504cdc7ee86db9d8c66ec7455949bf55339,CANONICAL_IDENTITY_PRESERVED_FROM_LOCKED_FIRST_350_ROAD_BASELINE,NO_ASSOCIABLE_GEOMETRY_SOURCE,,LOCKED_BASELINE_ASSERTED_REQUIRES_LIVE_RECHECK,SHARED_REFERENCE,Only the first 350 road source candidates are aligned to the locked canonical road baseline.
align:nngla:road:NG-RD-000232,ROAD,NG-RD-CAND-000232,NG-RD-CAND-000232,NG-RD-000232,232,data/novegeo/nngla/geometry-roads-addresses/source/06_roads_addresses/road_reference_candidates.csv,ae4e334fad728bb676f38d1bda2f3504cdc7ee86db9d8c66ec7455949bf55339,CANONICAL_IDENTITY_PRESERVED_FROM_LOCKED_FIRST_350_ROAD_BASELINE,NO_ASSOCIABLE_GEOMETRY_SOURCE,,LOCKED_BASELINE_ASSERTED_REQUIRES_LIVE_RECHECK,SHARED_REFERENCE,Only the first 350 road source candidates are aligned to the locked canonical road baseline.
align:nngla:road:NG-RD-000233,ROAD,NG-RD-CAND-000233,NG-RD-CAND-000233,NG-RD-000233,233,data/novegeo/nngla/geometry-roads-addresses/source/06_roads_addresses/road_reference_candidates.csv,ae4e334fad728bb676f38d1bda2f3504cdc7ee86db9d8c66ec7455949bf55339,CANONICAL_IDENTITY_PRESERVED_FROM_LOCKED_FIRST_350_ROAD_BASELINE,NO_ASSOCIABLE_GEOMETRY_SOURCE,,LOCKED_BASELINE_ASSERTED_REQUIRES_LIVE_RECHECK,SHARED_REFERENCE,Only the first 350 road source candidates are aligned to the locked canonical road baseline.
align:nngla:road:NG-RD-000234,ROAD,NG-RD-CAND-000234,NG-RD-CAND-000234,NG-RD-000234,234,data/novegeo/nngla/geometry-roads-addresses/source/06_roads_addresses/road_reference_candidates.csv,ae4e334fad728bb676f38d1bda2f3504cdc7ee86db9d8c66ec7455949bf55339,CANONICAL_IDENTITY_PRESERVED_FROM_LOCKED_FIRST_350_ROAD_BASELINE,NO_ASSOCIABLE_GEOMETRY_SOURCE,,LOCKED_BASELINE_ASSERTED_REQUIRES_LIVE_RECHECK,SHARED_REFERENCE,Only the first 350 road source candidates are aligned to the locked canonical road baseline.
align:nngla:road:NG-RD-000235,ROAD,NG-RD-CAND-000235,NG-RD-CAND-000235,NG-RD-000235,235,data/novegeo/nngla/geometry-roads-addresses/source/06_roads_addresses/road_reference_candidates.csv,ae4e334fad728bb676f38d1bda2f3504cdc7ee86db9d8c66ec7455949bf55339,CANONICAL_IDENTITY_PRESERVED_FROM_LOCKED_FIRST_350_ROAD_BASELINE,NO_ASSOCIABLE_GEOMETRY_SOURCE,,LOCKED_BASELINE_ASSERTED_REQUIRES_LIVE_RECHECK,SHARED_REFERENCE,Only the first 350 road source candidates are aligned to the locked canonical road baseline.
align:nngla:road:NG-RD-000236,ROAD,NG-RD-CAND-000236,NG-RD-CAND-000236,NG-RD-000236,236,data/novegeo/nngla/geometry-roads-addresses/source/06_roads_addresses/road_reference_candidates.csv,ae4e334fad728bb676f38d1bda2f3504cdc7ee86db9d8c66ec7455949bf55339,CANONICAL_IDENTITY_PRESERVED_FROM_LOCKED_FIRST_350_ROAD_BASELINE,NO_ASSOCIABLE_GEOMETRY_SOURCE,,LOCKED_BASELINE_ASSERTED_REQUIRES_LIVE_RECHECK,SHARED_REFERENCE,Only the first 350 road source candidates are aligned to the locked canonical road baseline.
align:nngla:road:NG-RD-000237,ROAD,NG-RD-CAND-000237,NG-RD-CAND-000237,NG-RD-000237,237,data/novegeo/nngla/geometry-roads-addresses/source/06_roads_addresses/road_reference_candidates.csv,ae4e334fad728bb676f38d1bda2f3504cdc7ee86db9d8c66ec7455949bf55339,CANONICAL_IDENTITY_PRESERVED_FROM_LOCKED_FIRST_350_ROAD_BASELINE,NO_ASSOCIABLE_GEOMETRY_SOURCE,,LOCKED_BASELINE_ASSERTED_REQUIRES_LIVE_RECHECK,SHARED_REFERENCE,Only the first 350 road source candidates are aligned to the locked canonical road baseline.
align:nngla:road:NG-RD-000238,ROAD,NG-RD-CAND-000238,NG-RD-CAND-000238,NG-RD-000238,238,data/novegeo/nngla/geometry-roads-addresses/source/06_roads_addresses/road_reference_candidates.csv,ae4e334fad728bb676f38d1bda2f3504cdc7ee86db9d8c66ec7455949bf55339,CANONICAL_IDENTITY_PRESERVED_FROM_LOCKED_FIRST_350_ROAD_BASELINE,NO_ASSOCIABLE_GEOMETRY_SOURCE,,LOCKED_BASELINE_ASSERTED_REQUIRES_LIVE_RECHECK,SHARED_REFERENCE,Only the first 350 road source candidates are aligned to the locked canonical road baseline.
align:nngla:road:NG-RD-000239,ROAD,NG-RD-CAND-000239,NG-RD-CAND-000239,NG-RD-000239,239,data/novegeo/nngla/geometry-roads-addresses/source/06_roads_addresses/road_reference_candidates.csv,ae4e334fad728bb676f38d1bda2f3504cdc7ee86db9d8c66ec7455949bf55339,CANONICAL_IDENTITY_PRESERVED_FROM_LOCKED_FIRST_350_ROAD_BASELINE,NO_ASSOCIABLE_GEOMETRY_SOURCE,,LOCKED_BASELINE_ASSERTED_REQUIRES_LIVE_RECHECK,SHARED_REFERENCE,Only the first 350 road source candidates are aligned to the locked canonical road baseline.
align:nngla:road:NG-RD-000240,ROAD,NG-RD-CAND-000240,NG-RD-CAND-000240,NG-RD-000240,240,data/novegeo/nngla/geometry-roads-addresses/source/06_roads_addresses/road_reference_candidates.csv,ae4e334fad728bb676f38d1bda2f3504cdc7ee86db9d8c66ec7455949bf55339,CANONICAL_IDENTITY_PRESERVED_FROM_LOCKED_FIRST_350_ROAD_BASELINE,NO_ASSOCIABLE_GEOMETRY_SOURCE,,LOCKED_BASELINE_ASSERTED_REQUIRES_LIVE_RECHECK,SHARED_REFERENCE,Only the first 350 road source candidates are aligned to the locked canonical road baseline.
align:nngla:road:NG-RD-000241,ROAD,NG-RD-CAND-000241,NG-RD-CAND-000241,NG-RD-000241,241,data/novegeo/nngla/geometry-roads-addresses/source/06_roads_addresses/road_reference_candidates.csv,ae4e334fad728bb676f38d1bda2f3504cdc7ee86db9d8c66ec7455949bf55339,CANONICAL_IDENTITY_PRESERVED_FROM_LOCKED_FIRST_350_ROAD_BASELINE,NO_ASSOCIABLE_GEOMETRY_SOURCE,,LOCKED_BASELINE_ASSERTED_REQUIRES_LIVE_RECHECK,SHARED_REFERENCE,Only the first 350 road source candidates are aligned to the locked canonical road baseline.
align:nngla:road:NG-RD-000242,ROAD,NG-RD-CAND-000242,NG-RD-CAND-000242,NG-RD-000242,242,data/novegeo/nngla/geometry-roads-addresses/source/06_roads_addresses/road_reference_candidates.csv,ae4e334fad728bb676f38d1bda2f3504cdc7ee86db9d8c66ec7455949bf55339,CANONICAL_IDENTITY_PRESERVED_FROM_LOCKED_FIRST_350_ROAD_BASELINE,NO_ASSOCIABLE_GEOMETRY_SOURCE,,LOCKED_BASELINE_ASSERTED_REQUIRES_LIVE_RECHECK,SHARED_REFERENCE,Only the first 350 road source candidates are aligned to the locked canonical road baseline.
align:nngla:road:NG-RD-000243,ROAD,NG-RD-CAND-000243,NG-RD-CAND-000243,NG-RD-000243,243,data/novegeo/nngla/geometry-roads-addresses/source/06_roads_addresses/road_reference_candidates.csv,ae4e334fad728bb676f38d1bda2f3504cdc7ee86db9d8c66ec7455949bf55339,CANONICAL_IDENTITY_PRESERVED_FROM_LOCKED_FIRST_350_ROAD_BASELINE,NO_ASSOCIABLE_GEOMETRY_SOURCE,,LOCKED_BASELINE_ASSERTED_REQUIRES_LIVE_RECHECK,SHARED_REFERENCE,Only the first 350 road source candidates are aligned to the locked canonical road baseline.
align:nngla:road:NG-RD-000244,ROAD,NG-RD-CAND-000244,NG-RD-CAND-000244,NG-RD-000244,244,data/novegeo/nngla/geometry-roads-addresses/source/06_roads_addresses/road_reference_candidates.csv,ae4e334fad728bb676f38d1bda2f3504cdc7ee86db9d8c66ec7455949bf55339,CANONICAL_IDENTITY_PRESERVED_FROM_LOCKED_FIRST_350_ROAD_BASELINE,NO_ASSOCIABLE_GEOMETRY_SOURCE,,LOCKED_BASELINE_ASSERTED_REQUIRES_LIVE_RECHECK,SHARED_REFERENCE,Only the first 350 road source candidates are aligned to the locked canonical road baseline.
align:nngla:road:NG-RD-000245,ROAD,NG-RD-CAND-000245,NG-RD-CAND-000245,NG-RD-000245,245,data/novegeo/nngla/geometry-roads-addresses/source/06_roads_addresses/road_reference_candidates.csv,ae4e334fad728bb676f38d1bda2f3504cdc7ee86db9d8c66ec7455949bf55339,CANONICAL_IDENTITY_PRESERVED_FROM_LOCKED_FIRST_350_ROAD_BASELINE,NO_ASSOCIABLE_GEOMETRY_SOURCE,,LOCKED_BASELINE_ASSERTED_REQUIRES_LIVE_RECHECK,SHARED_REFERENCE,Only the first 350 road source candidates are aligned to the locked canonical road baseline.
align:nngla:road:NG-RD-000246,ROAD,NG-RD-CAND-000246,NG-RD-CAND-000246,NG-RD-000246,246,data/novegeo/nngla/geometry-roads-addresses/source/06_roads_addresses/road_reference_candidates.csv,ae4e334fad728bb676f38d1bda2f3504cdc7ee86db9d8c66ec7455949bf55339,CANONICAL_IDENTITY_PRESERVED_FROM_LOCKED_FIRST_350_ROAD_BASELINE,NO_ASSOCIABLE_GEOMETRY_SOURCE,,LOCKED_BASELINE_ASSERTED_REQUIRES_LIVE_RECHECK,SHARED_REFERENCE,Only the first 350 road source candidates are aligned to the locked canonical road baseline.
align:nngla:road:NG-RD-000247,ROAD,NG-RD-CAND-000247,NG-RD-CAND-000247,NG-RD-000247,247,data/novegeo/nngla/geometry-roads-addresses/source/06_roads_addresses/road_reference_candidates.csv,ae4e334fad728bb676f38d1bda2f3504cdc7ee86db9d8c66ec7455949bf55339,CANONICAL_IDENTITY_PRESERVED_FROM_LOCKED_FIRST_350_ROAD_BASELINE,NO_ASSOCIABLE_GEOMETRY_SOURCE,,LOCKED_BASELINE_ASSERTED_REQUIRES_LIVE_RECHECK,SHARED_REFERENCE,Only the first 350 road source candidates are aligned to the locked canonical road baseline.
align:nngla:road:NG-RD-000248,ROAD,NG-RD-CAND-000248,NG-RD-CAND-000248,NG-RD-000248,248,data/novegeo/nngla/geometry-roads-addresses/source/06_roads_addresses/road_reference_candidates.csv,ae4e334fad728bb676f38d1bda2f3504cdc7ee86db9d8c66ec7455949bf55339,CANONICAL_IDENTITY_PRESERVED_FROM_LOCKED_FIRST_350_ROAD_BASELINE,NO_ASSOCIABLE_GEOMETRY_SOURCE,,LOCKED_BASELINE_ASSERTED_REQUIRES_LIVE_RECHECK,SHARED_REFERENCE,Only the first 350 road source candidates are aligned to the locked canonical road baseline.
align:nngla:road:NG-RD-000249,ROAD,NG-RD-CAND-000249,NG-RD-CAND-000249,NG-RD-000249,249,data/novegeo/nngla/geometry-roads-addresses/source/06_roads_addresses/road_reference_candidates.csv,ae4e334fad728bb676f38d1bda2f3504cdc7ee86db9d8c66ec7455949bf55339,CANONICAL_IDENTITY_PRESERVED_FROM_LOCKED_FIRST_350_ROAD_BASELINE,NO_ASSOCIABLE_GEOMETRY_SOURCE,,LOCKED_BASELINE_ASSERTED_REQUIRES_LIVE_RECHECK,SHARED_REFERENCE,Only the first 350 road source candidates are aligned to the locked canonical road baseline.
align:nngla:road:NG-RD-000250,ROAD,NG-RD-CAND-000250,NG-RD-CAND-000250,NG-RD-000250,250,data/novegeo/nngla/geometry-roads-addresses/source/06_roads_addresses/road_reference_candidates.csv,ae4e334fad728bb676f38d1bda2f3504cdc7ee86db9d8c66ec7455949bf55339,CANONICAL_IDENTITY_PRESERVED_FROM_LOCKED_FIRST_350_ROAD_BASELINE,NO_ASSOCIABLE_GEOMETRY_SOURCE,,LOCKED_BASELINE_ASSERTED_REQUIRES_LIVE_RECHECK,SHARED_REFERENCE,Only the first 350 road source candidates are aligned to the locked canonical road baseline.
align:nngla:road:NG-RD-000251,ROAD,NG-RD-CAND-000251,NG-RD-CAND-000251,NG-RD-000251,251,data/novegeo/nngla/geometry-roads-addresses/source/06_roads_addresses/road_reference_candidates.csv,ae4e334fad728bb676f38d1bda2f3504cdc7ee86db9d8c66ec7455949bf55339,CANONICAL_IDENTITY_PRESERVED_FROM_LOCKED_FIRST_350_ROAD_BASELINE,NO_ASSOCIABLE_GEOMETRY_SOURCE,,LOCKED_BASELINE_ASSERTED_REQUIRES_LIVE_RECHECK,SHARED_REFERENCE,Only the first 350 road source candidates are aligned to the locked canonical road baseline.
align:nngla:road:NG-RD-000252,ROAD,NG-RD-CAND-000252,NG-RD-CAND-000252,NG-RD-000252,252,data/novegeo/nngla/geometry-roads-addresses/source/06_roads_addresses/road_reference_candidates.csv,ae4e334fad728bb676f38d1bda2f3504cdc7ee86db9d8c66ec7455949bf55339,CANONICAL_IDENTITY_PRESERVED_FROM_LOCKED_FIRST_350_ROAD_BASELINE,NO_ASSOCIABLE_GEOMETRY_SOURCE,,LOCKED_BASELINE_ASSERTED_REQUIRES_LIVE_RECHECK,SHARED_REFERENCE,Only the first 350 road source candidates are aligned to the locked canonical road baseline.
align:nngla:road:NG-RD-000253,ROAD,NG-RD-CAND-000253,NG-RD-CAND-000253,NG-RD-000253,253,data/novegeo/nngla/geometry-roads-addresses/source/06_roads_addresses/road_reference_candidates.csv,ae4e334fad728bb676f38d1bda2f3504cdc7ee86db9d8c66ec7455949bf55339,CANONICAL_IDENTITY_PRESERVED_FROM_LOCKED_FIRST_350_ROAD_BASELINE,NO_ASSOCIABLE_GEOMETRY_SOURCE,,LOCKED_BASELINE_ASSERTED_REQUIRES_LIVE_RECHECK,SHARED_REFERENCE,Only the first 350 road source candidates are aligned to the locked canonical road baseline.
align:nngla:road:NG-RD-000254,ROAD,NG-RD-CAND-000254,NG-RD-CAND-000254,NG-RD-000254,254,data/novegeo/nngla/geometry-roads-addresses/source/06_roads_addresses/road_reference_candidates.csv,ae4e334fad728bb676f38d1bda2f3504cdc7ee86db9d8c66ec7455949bf55339,CANONICAL_IDENTITY_PRESERVED_FROM_LOCKED_FIRST_350_ROAD_BASELINE,NO_ASSOCIABLE_GEOMETRY_SOURCE,,LOCKED_BASELINE_ASSERTED_REQUIRES_LIVE_RECHECK,SHARED_REFERENCE,Only the first 350 road source candidates are aligned to the locked canonical road baseline.
align:nngla:road:NG-RD-000255,ROAD,NG-RD-CAND-000255,NG-RD-CAND-000255,NG-RD-000255,255,data/novegeo/nngla/geometry-roads-addresses/source/06_roads_addresses/road_reference_candidates.csv,ae4e334fad728bb676f38d1bda2f3504cdc7ee86db9d8c66ec7455949bf55339,CANONICAL_IDENTITY_PRESERVED_FROM_LOCKED_FIRST_350_ROAD_BASELINE,NO_ASSOCIABLE_GEOMETRY_SOURCE,,LOCKED_BASELINE_ASSERTED_REQUIRES_LIVE_RECHECK,SHARED_REFERENCE,Only the first 350 road source candidates are aligned to the locked canonical road baseline.
align:nngla:road:NG-RD-000256,ROAD,NG-RD-CAND-000256,NG-RD-CAND-000256,NG-RD-000256,256,data/novegeo/nngla/geometry-roads-addresses/source/06_roads_addresses/road_reference_candidates.csv,ae4e334fad728bb676f38d1bda2f3504cdc7ee86db9d8c66ec7455949bf55339,CANONICAL_IDENTITY_PRESERVED_FROM_LOCKED_FIRST_350_ROAD_BASELINE,NO_ASSOCIABLE_GEOMETRY_SOURCE,,LOCKED_BASELINE_ASSERTED_REQUIRES_LIVE_RECHECK,SHARED_REFERENCE,Only the first 350 road source candidates are aligned to the locked canonical road baseline.
align:nngla:road:NG-RD-000257,ROAD,NG-RD-CAND-000257,NG-RD-CAND-000257,NG-RD-000257,257,data/novegeo/nngla/geometry-roads-addresses/source/06_roads_addresses/road_reference_candidates.csv,ae4e334fad728bb676f38d1bda2f3504cdc7ee86db9d8c66ec7455949bf55339,CANONICAL_IDENTITY_PRESERVED_FROM_LOCKED_FIRST_350_ROAD_BASELINE,NO_ASSOCIABLE_GEOMETRY_SOURCE,,LOCKED_BASELINE_ASSERTED_REQUIRES_LIVE_RECHECK,SHARED_REFERENCE,Only the first 350 road source candidates are aligned to the locked canonical road baseline.
align:nngla:road:NG-RD-000258,ROAD,NG-RD-CAND-000258,NG-RD-CAND-000258,NG-RD-000258,258,data/novegeo/nngla/geometry-roads-addresses/source/06_roads_addresses/road_reference_candidates.csv,ae4e334fad728bb676f38d1bda2f3504cdc7ee86db9d8c66ec7455949bf55339,CANONICAL_IDENTITY_PRESERVED_FROM_LOCKED_FIRST_350_ROAD_BASELINE,NO_ASSOCIABLE_GEOMETRY_SOURCE,,LOCKED_BASELINE_ASSERTED_REQUIRES_LIVE_RECHECK,SHARED_REFERENCE,Only the first 350 road source candidates are aligned to the locked canonical road baseline.
align:nngla:road:NG-RD-000259,ROAD,NG-RD-CAND-000259,NG-RD-CAND-000259,NG-RD-000259,259,data/novegeo/nngla/geometry-roads-addresses/source/06_roads_addresses/road_reference_candidates.csv,ae4e334fad728bb676f38d1bda2f3504cdc7ee86db9d8c66ec7455949bf55339,CANONICAL_IDENTITY_PRESERVED_FROM_LOCKED_FIRST_350_ROAD_BASELINE,NO_ASSOCIABLE_GEOMETRY_SOURCE,,LOCKED_BASELINE_ASSERTED_REQUIRES_LIVE_RECHECK,SHARED_REFERENCE,Only the first 350 road source candidates are aligned to the locked canonical road baseline.
align:nngla:road:NG-RD-000260,ROAD,NG-RD-CAND-000260,NG-RD-CAND-000260,NG-RD-000260,260,data/novegeo/nngla/geometry-roads-addresses/source/06_roads_addresses/road_reference_candidates.csv,ae4e334fad728bb676f38d1bda2f3504cdc7ee86db9d8c66ec7455949bf55339,CANONICAL_IDENTITY_PRESERVED_FROM_LOCKED_FIRST_350_ROAD_BASELINE,NO_ASSOCIABLE_GEOMETRY_SOURCE,,LOCKED_BASELINE_ASSERTED_REQUIRES_LIVE_RECHECK,SHARED_REFERENCE,Only the first 350 road source candidates are aligned to the locked canonical road baseline.
align:nngla:road:NG-RD-000261,ROAD,NG-RD-CAND-000261,NG-RD-CAND-000261,NG-RD-000261,261,data/novegeo/nngla/geometry-roads-addresses/source/06_roads_addresses/road_reference_candidates.csv,ae4e334fad728bb676f38d1bda2f3504cdc7ee86db9d8c66ec7455949bf55339,CANONICAL_IDENTITY_PRESERVED_FROM_LOCKED_FIRST_350_ROAD_BASELINE,NO_ASSOCIABLE_GEOMETRY_SOURCE,,LOCKED_BASELINE_ASSERTED_REQUIRES_LIVE_RECHECK,SHARED_REFERENCE,Only the first 350 road source candidates are aligned to the locked canonical road baseline.
align:nngla:road:NG-RD-000262,ROAD,NG-RD-CAND-000262,NG-RD-CAND-000262,NG-RD-000262,262,data/novegeo/nngla/geometry-roads-addresses/source/06_roads_addresses/road_reference_candidates.csv,ae4e334fad728bb676f38d1bda2f3504cdc7ee86db9d8c66ec7455949bf55339,CANONICAL_IDENTITY_PRESERVED_FROM_LOCKED_FIRST_350_ROAD_BASELINE,NO_ASSOCIABLE_GEOMETRY_SOURCE,,LOCKED_BASELINE_ASSERTED_REQUIRES_LIVE_RECHECK,SHARED_REFERENCE,Only the first 350 road source candidates are aligned to the locked canonical road baseline.
align:nngla:road:NG-RD-000263,ROAD,NG-RD-CAND-000263,NG-RD-CAND-000263,NG-RD-000263,263,data/novegeo/nngla/geometry-roads-addresses/source/06_roads_addresses/road_reference_candidates.csv,ae4e334fad728bb676f38d1bda2f3504cdc7ee86db9d8c66ec7455949bf55339,CANONICAL_IDENTITY_PRESERVED_FROM_LOCKED_FIRST_350_ROAD_BASELINE,NO_ASSOCIABLE_GEOMETRY_SOURCE,,LOCKED_BASELINE_ASSERTED_REQUIRES_LIVE_RECHECK,SHARED_REFERENCE,Only the first 350 road source candidates are aligned to the locked canonical road baseline.
align:nngla:road:NG-RD-000264,ROAD,NG-RD-CAND-000264,NG-RD-CAND-000264,NG-RD-000264,264,data/novegeo/nngla/geometry-roads-addresses/source/06_roads_addresses/road_reference_candidates.csv,ae4e334fad728bb676f38d1bda2f3504cdc7ee86db9d8c66ec7455949bf55339,CANONICAL_IDENTITY_PRESERVED_FROM_LOCKED_FIRST_350_ROAD_BASELINE,NO_ASSOCIABLE_GEOMETRY_SOURCE,,LOCKED_BASELINE_ASSERTED_REQUIRES_LIVE_RECHECK,SHARED_REFERENCE,Only the first 350 road source candidates are aligned to the locked canonical road baseline.
align:nngla:road:NG-RD-000265,ROAD,NG-RD-CAND-000265,NG-RD-CAND-000265,NG-RD-000265,265,data/novegeo/nngla/geometry-roads-addresses/source/06_roads_addresses/road_reference_candidates.csv,ae4e334fad728bb676f38d1bda2f3504cdc7ee86db9d8c66ec7455949bf55339,CANONICAL_IDENTITY_PRESERVED_FROM_LOCKED_FIRST_350_ROAD_BASELINE,NO_ASSOCIABLE_GEOMETRY_SOURCE,,LOCKED_BASELINE_ASSERTED_REQUIRES_LIVE_RECHECK,SHARED_REFERENCE,Only the first 350 road source candidates are aligned to the locked canonical road baseline.
align:nngla:road:NG-RD-000266,ROAD,NG-RD-CAND-000266,NG-RD-CAND-000266,NG-RD-000266,266,data/novegeo/nngla/geometry-roads-addresses/source/06_roads_addresses/road_reference_candidates.csv,ae4e334fad728bb676f38d1bda2f3504cdc7ee86db9d8c66ec7455949bf55339,CANONICAL_IDENTITY_PRESERVED_FROM_LOCKED_FIRST_350_ROAD_BASELINE,NO_ASSOCIABLE_GEOMETRY_SOURCE,,LOCKED_BASELINE_ASSERTED_REQUIRES_LIVE_RECHECK,SHARED_REFERENCE,Only the first 350 road source candidates are aligned to the locked canonical road baseline.
align:nngla:road:NG-RD-000267,ROAD,NG-RD-CAND-000267,NG-RD-CAND-000267,NG-RD-000267,267,data/novegeo/nngla/geometry-roads-addresses/source/06_roads_addresses/road_reference_candidates.csv,ae4e334fad728bb676f38d1bda2f3504cdc7ee86db9d8c66ec7455949bf55339,CANONICAL_IDENTITY_PRESERVED_FROM_LOCKED_FIRST_350_ROAD_BASELINE,NO_ASSOCIABLE_GEOMETRY_SOURCE,,LOCKED_BASELINE_ASSERTED_REQUIRES_LIVE_RECHECK,SHARED_REFERENCE,Only the first 350 road source candidates are aligned to the locked canonical road baseline.
align:nngla:road:NG-RD-000268,ROAD,NG-RD-CAND-000268,NG-RD-CAND-000268,NG-RD-000268,268,data/novegeo/nngla/geometry-roads-addresses/source/06_roads_addresses/road_reference_candidates.csv,ae4e334fad728bb676f38d1bda2f3504cdc7ee86db9d8c66ec7455949bf55339,CANONICAL_IDENTITY_PRESERVED_FROM_LOCKED_FIRST_350_ROAD_BASELINE,NO_ASSOCIABLE_GEOMETRY_SOURCE,,LOCKED_BASELINE_ASSERTED_REQUIRES_LIVE_RECHECK,SHARED_REFERENCE,Only the first 350 road source candidates are aligned to the locked canonical road baseline.
align:nngla:road:NG-RD-000269,ROAD,NG-RD-CAND-000269,NG-RD-CAND-000269,NG-RD-000269,269,data/novegeo/nngla/geometry-roads-addresses/source/06_roads_addresses/road_reference_candidates.csv,ae4e334fad728bb676f38d1bda2f3504cdc7ee86db9d8c66ec7455949bf55339,CANONICAL_IDENTITY_PRESERVED_FROM_LOCKED_FIRST_350_ROAD_BASELINE,NO_ASSOCIABLE_GEOMETRY_SOURCE,,LOCKED_BASELINE_ASSERTED_REQUIRES_LIVE_RECHECK,SHARED_REFERENCE,Only the first 350 road source candidates are aligned to the locked canonical road baseline.
align:nngla:road:NG-RD-000270,ROAD,NG-RD-CAND-000270,NG-RD-CAND-000270,NG-RD-000270,270,data/novegeo/nngla/geometry-roads-addresses/source/06_roads_addresses/road_reference_candidates.csv,ae4e334fad728bb676f38d1bda2f3504cdc7ee86db9d8c66ec7455949bf55339,CANONICAL_IDENTITY_PRESERVED_FROM_LOCKED_FIRST_350_ROAD_BASELINE,NO_ASSOCIABLE_GEOMETRY_SOURCE,,LOCKED_BASELINE_ASSERTED_REQUIRES_LIVE_RECHECK,SHARED_REFERENCE,Only the first 350 road source candidates are aligned to the locked canonical road baseline.
align:nngla:road:NG-RD-000271,ROAD,NG-RD-CAND-000271,NG-RD-CAND-000271,NG-RD-000271,271,data/novegeo/nngla/geometry-roads-addresses/source/06_roads_addresses/road_reference_candidates.csv,ae4e334fad728bb676f38d1bda2f3504cdc7ee86db9d8c66ec7455949bf55339,CANONICAL_IDENTITY_PRESERVED_FROM_LOCKED_FIRST_350_ROAD_BASELINE,NO_ASSOCIABLE_GEOMETRY_SOURCE,,LOCKED_BASELINE_ASSERTED_REQUIRES_LIVE_RECHECK,SHARED_REFERENCE,Only the first 350 road source candidates are aligned to the locked canonical road baseline.
align:nngla:road:NG-RD-000272,ROAD,NG-RD-CAND-000272,NG-RD-CAND-000272,NG-RD-000272,272,data/novegeo/nngla/geometry-roads-addresses/source/06_roads_addresses/road_reference_candidates.csv,ae4e334fad728bb676f38d1bda2f3504cdc7ee86db9d8c66ec7455949bf55339,CANONICAL_IDENTITY_PRESERVED_FROM_LOCKED_FIRST_350_ROAD_BASELINE,NO_ASSOCIABLE_GEOMETRY_SOURCE,,LOCKED_BASELINE_ASSERTED_REQUIRES_LIVE_RECHECK,SHARED_REFERENCE,Only the first 350 road source candidates are aligned to the locked canonical road baseline.
align:nngla:road:NG-RD-000273,ROAD,NG-RD-CAND-000273,NG-RD-CAND-000273,NG-RD-000273,273,data/novegeo/nngla/geometry-roads-addresses/source/06_roads_addresses/road_reference_candidates.csv,ae4e334fad728bb676f38d1bda2f3504cdc7ee86db9d8c66ec7455949bf55339,CANONICAL_IDENTITY_PRESERVED_FROM_LOCKED_FIRST_350_ROAD_BASELINE,NO_ASSOCIABLE_GEOMETRY_SOURCE,,LOCKED_BASELINE_ASSERTED_REQUIRES_LIVE_RECHECK,SHARED_REFERENCE,Only the first 350 road source candidates are aligned to the locked canonical road baseline.
align:nngla:road:NG-RD-000274,ROAD,NG-RD-CAND-000274,NG-RD-CAND-000274,NG-RD-000274,274,data/novegeo/nngla/geometry-roads-addresses/source/06_roads_addresses/road_reference_candidates.csv,ae4e334fad728bb676f38d1bda2f3504cdc7ee86db9d8c66ec7455949bf55339,CANONICAL_IDENTITY_PRESERVED_FROM_LOCKED_FIRST_350_ROAD_BASELINE,NO_ASSOCIABLE_GEOMETRY_SOURCE,,LOCKED_BASELINE_ASSERTED_REQUIRES_LIVE_RECHECK,SHARED_REFERENCE,Only the first 350 road source candidates are aligned to the locked canonical road baseline.
align:nngla:road:NG-RD-000275,ROAD,NG-RD-CAND-000275,NG-RD-CAND-000275,NG-RD-000275,275,data/novegeo/nngla/geometry-roads-addresses/source/06_roads_addresses/road_reference_candidates.csv,ae4e334fad728bb676f38d1bda2f3504cdc7ee86db9d8c66ec7455949bf55339,CANONICAL_IDENTITY_PRESERVED_FROM_LOCKED_FIRST_350_ROAD_BASELINE,NO_ASSOCIABLE_GEOMETRY_SOURCE,,LOCKED_BASELINE_ASSERTED_REQUIRES_LIVE_RECHECK,SHARED_REFERENCE,Only the first 350 road source candidates are aligned to the locked canonical road baseline.
align:nngla:road:NG-RD-000276,ROAD,NG-RD-CAND-000276,NG-RD-CAND-000276,NG-RD-000276,276,data/novegeo/nngla/geometry-roads-addresses/source/06_roads_addresses/road_reference_candidates.csv,ae4e334fad728bb676f38d1bda2f3504cdc7ee86db9d8c66ec7455949bf55339,CANONICAL_IDENTITY_PRESERVED_FROM_LOCKED_FIRST_350_ROAD_BASELINE,NO_ASSOCIABLE_GEOMETRY_SOURCE,,LOCKED_BASELINE_ASSERTED_REQUIRES_LIVE_RECHECK,SHARED_REFERENCE,Only the first 350 road source candidates are aligned to the locked canonical road baseline.
align:nngla:road:NG-RD-000277,ROAD,NG-RD-CAND-000277,NG-RD-CAND-000277,NG-RD-000277,277,data/novegeo/nngla/geometry-roads-addresses/source/06_roads_addresses/road_reference_candidates.csv,ae4e334fad728bb676f38d1bda2f3504cdc7ee86db9d8c66ec7455949bf55339,CANONICAL_IDENTITY_PRESERVED_FROM_LOCKED_FIRST_350_ROAD_BASELINE,NO_ASSOCIABLE_GEOMETRY_SOURCE,,LOCKED_BASELINE_ASSERTED_REQUIRES_LIVE_RECHECK,SHARED_REFERENCE,Only the first 350 road source candidates are aligned to the locked canonical road baseline.
align:nngla:road:NG-RD-000278,ROAD,NG-RD-CAND-000278,NG-RD-CAND-000278,NG-RD-000278,278,data/novegeo/nngla/geometry-roads-addresses/source/06_roads_addresses/road_reference_candidates.csv,ae4e334fad728bb676f38d1bda2f3504cdc7ee86db9d8c66ec7455949bf55339,CANONICAL_IDENTITY_PRESERVED_FROM_LOCKED_FIRST_350_ROAD_BASELINE,NO_ASSOCIABLE_GEOMETRY_SOURCE,,LOCKED_BASELINE_ASSERTED_REQUIRES_LIVE_RECHECK,SHARED_REFERENCE,Only the first 350 road source candidates are aligned to the locked canonical road baseline.
align:nngla:road:NG-RD-000279,ROAD,NG-RD-CAND-000279,NG-RD-CAND-000279,NG-RD-000279,279,data/novegeo/nngla/geometry-roads-addresses/source/06_roads_addresses/road_reference_candidates.csv,ae4e334fad728bb676f38d1bda2f3504cdc7ee86db9d8c66ec7455949bf55339,CANONICAL_IDENTITY_PRESERVED_FROM_LOCKED_FIRST_350_ROAD_BASELINE,NO_ASSOCIABLE_GEOMETRY_SOURCE,,LOCKED_BASELINE_ASSERTED_REQUIRES_LIVE_RECHECK,SHARED_REFERENCE,Only the first 350 road source candidates are aligned to the locked canonical road baseline.
align:nngla:road:NG-RD-000280,ROAD,NG-RD-CAND-000280,NG-RD-CAND-000280,NG-RD-000280,280,data/novegeo/nngla/geometry-roads-addresses/source/06_roads_addresses/road_reference_candidates.csv,ae4e334fad728bb676f38d1bda2f3504cdc7ee86db9d8c66ec7455949bf55339,CANONICAL_IDENTITY_PRESERVED_FROM_LOCKED_FIRST_350_ROAD_BASELINE,NO_ASSOCIABLE_GEOMETRY_SOURCE,,LOCKED_BASELINE_ASSERTED_REQUIRES_LIVE_RECHECK,SHARED_REFERENCE,Only the first 350 road source candidates are aligned to the locked canonical road baseline.
align:nngla:road:NG-RD-000281,ROAD,NG-RD-CAND-000281,NG-RD-CAND-000281,NG-RD-000281,281,data/novegeo/nngla/geometry-roads-addresses/source/06_roads_addresses/road_reference_candidates.csv,ae4e334fad728bb676f38d1bda2f3504cdc7ee86db9d8c66ec7455949bf55339,CANONICAL_IDENTITY_PRESERVED_FROM_LOCKED_FIRST_350_ROAD_BASELINE,NO_ASSOCIABLE_GEOMETRY_SOURCE,,LOCKED_BASELINE_ASSERTED_REQUIRES_LIVE_RECHECK,SHARED_REFERENCE,Only the first 350 road source candidates are aligned to the locked canonical road baseline.
align:nngla:road:NG-RD-000282,ROAD,NG-RD-CAND-000282,NG-RD-CAND-000282,NG-RD-000282,282,data/novegeo/nngla/geometry-roads-addresses/source/06_roads_addresses/road_reference_candidates.csv,ae4e334fad728bb676f38d1bda2f3504cdc7ee86db9d8c66ec7455949bf55339,CANONICAL_IDENTITY_PRESERVED_FROM_LOCKED_FIRST_350_ROAD_BASELINE,NO_ASSOCIABLE_GEOMETRY_SOURCE,,LOCKED_BASELINE_ASSERTED_REQUIRES_LIVE_RECHECK,SHARED_REFERENCE,Only the first 350 road source candidates are aligned to the locked canonical road baseline.
align:nngla:road:NG-RD-000283,ROAD,NG-RD-CAND-000283,NG-RD-CAND-000283,NG-RD-000283,283,data/novegeo/nngla/geometry-roads-addresses/source/06_roads_addresses/road_reference_candidates.csv,ae4e334fad728bb676f38d1bda2f3504cdc7ee86db9d8c66ec7455949bf55339,CANONICAL_IDENTITY_PRESERVED_FROM_LOCKED_FIRST_350_ROAD_BASELINE,NO_ASSOCIABLE_GEOMETRY_SOURCE,,LOCKED_BASELINE_ASSERTED_REQUIRES_LIVE_RECHECK,SHARED_REFERENCE,Only the first 350 road source candidates are aligned to the locked canonical road baseline.
align:nngla:road:NG-RD-000284,ROAD,NG-RD-CAND-000284,NG-RD-CAND-000284,NG-RD-000284,284,data/novegeo/nngla/geometry-roads-addresses/source/06_roads_addresses/road_reference_candidates.csv,ae4e334fad728bb676f38d1bda2f3504cdc7ee86db9d8c66ec7455949bf55339,CANONICAL_IDENTITY_PRESERVED_FROM_LOCKED_FIRST_350_ROAD_BASELINE,NO_ASSOCIABLE_GEOMETRY_SOURCE,,LOCKED_BASELINE_ASSERTED_REQUIRES_LIVE_RECHECK,SHARED_REFERENCE,Only the first 350 road source candidates are aligned to the locked canonical road baseline.
align:nngla:road:NG-RD-000285,ROAD,NG-RD-CAND-000285,NG-RD-CAND-000285,NG-RD-000285,285,data/novegeo/nngla/geometry-roads-addresses/source/06_roads_addresses/road_reference_candidates.csv,ae4e334fad728bb676f38d1bda2f3504cdc7ee86db9d8c66ec7455949bf55339,CANONICAL_IDENTITY_PRESERVED_FROM_LOCKED_FIRST_350_ROAD_BASELINE,NO_ASSOCIABLE_GEOMETRY_SOURCE,,LOCKED_BASELINE_ASSERTED_REQUIRES_LIVE_RECHECK,SHARED_REFERENCE,Only the first 350 road source candidates are aligned to the locked canonical road baseline.
align:nngla:road:NG-RD-000286,ROAD,NG-RD-CAND-000286,NG-RD-CAND-000286,NG-RD-000286,286,data/novegeo/nngla/geometry-roads-addresses/source/06_roads_addresses/road_reference_candidates.csv,ae4e334fad728bb676f38d1bda2f3504cdc7ee86db9d8c66ec7455949bf55339,CANONICAL_IDENTITY_PRESERVED_FROM_LOCKED_FIRST_350_ROAD_BASELINE,NO_ASSOCIABLE_GEOMETRY_SOURCE,,LOCKED_BASELINE_ASSERTED_REQUIRES_LIVE_RECHECK,SHARED_REFERENCE,Only the first 350 road source candidates are aligned to the locked canonical road baseline.
align:nngla:road:NG-RD-000287,ROAD,NG-RD-CAND-000287,NG-RD-CAND-000287,NG-RD-000287,287,data/novegeo/nngla/geometry-roads-addresses/source/06_roads_addresses/road_reference_candidates.csv,ae4e334fad728bb676f38d1bda2f3504cdc7ee86db9d8c66ec7455949bf55339,CANONICAL_IDENTITY_PRESERVED_FROM_LOCKED_FIRST_350_ROAD_BASELINE,NO_ASSOCIABLE_GEOMETRY_SOURCE,,LOCKED_BASELINE_ASSERTED_REQUIRES_LIVE_RECHECK,SHARED_REFERENCE,Only the first 350 road source candidates are aligned to the locked canonical road baseline.
align:nngla:road:NG-RD-000288,ROAD,NG-RD-CAND-000288,NG-RD-CAND-000288,NG-RD-000288,288,data/novegeo/nngla/geometry-roads-addresses/source/06_roads_addresses/road_reference_candidates.csv,ae4e334fad728bb676f38d1bda2f3504cdc7ee86db9d8c66ec7455949bf55339,CANONICAL_IDENTITY_PRESERVED_FROM_LOCKED_FIRST_350_ROAD_BASELINE,NO_ASSOCIABLE_GEOMETRY_SOURCE,,LOCKED_BASELINE_ASSERTED_REQUIRES_LIVE_RECHECK,SHARED_REFERENCE,Only the first 350 road source candidates are aligned to the locked canonical road baseline.
align:nngla:road:NG-RD-000289,ROAD,NG-RD-CAND-000289,NG-RD-CAND-000289,NG-RD-000289,289,data/novegeo/nngla/geometry-roads-addresses/source/06_roads_addresses/road_reference_candidates.csv,ae4e334fad728bb676f38d1bda2f3504cdc7ee86db9d8c66ec7455949bf55339,CANONICAL_IDENTITY_PRESERVED_FROM_LOCKED_FIRST_350_ROAD_BASELINE,NO_ASSOCIABLE_GEOMETRY_SOURCE,,LOCKED_BASELINE_ASSERTED_REQUIRES_LIVE_RECHECK,SHARED_REFERENCE,Only the first 350 road source candidates are aligned to the locked canonical road baseline.
align:nngla:road:NG-RD-000290,ROAD,NG-RD-CAND-000290,NG-RD-CAND-000290,NG-RD-000290,290,data/novegeo/nngla/geometry-roads-addresses/source/06_roads_addresses/road_reference_candidates.csv,ae4e334fad728bb676f38d1bda2f3504cdc7ee86db9d8c66ec7455949bf55339,CANONICAL_IDENTITY_PRESERVED_FROM_LOCKED_FIRST_350_ROAD_BASELINE,NO_ASSOCIABLE_GEOMETRY_SOURCE,,LOCKED_BASELINE_ASSERTED_REQUIRES_LIVE_RECHECK,SHARED_REFERENCE,Only the first 350 road source candidates are aligned to the locked canonical road baseline.
align:nngla:road:NG-RD-000291,ROAD,NG-RD-CAND-000291,NG-RD-CAND-000291,NG-RD-000291,291,data/novegeo/nngla/geometry-roads-addresses/source/06_roads_addresses/road_reference_candidates.csv,ae4e334fad728bb676f38d1bda2f3504cdc7ee86db9d8c66ec7455949bf55339,CANONICAL_IDENTITY_PRESERVED_FROM_LOCKED_FIRST_350_ROAD_BASELINE,NO_ASSOCIABLE_GEOMETRY_SOURCE,,LOCKED_BASELINE_ASSERTED_REQUIRES_LIVE_RECHECK,SHARED_REFERENCE,Only the first 350 road source candidates are aligned to the locked canonical road baseline.
align:nngla:road:NG-RD-000292,ROAD,NG-RD-CAND-000292,NG-RD-CAND-000292,NG-RD-000292,292,data/novegeo/nngla/geometry-roads-addresses/source/06_roads_addresses/road_reference_candidates.csv,ae4e334fad728bb676f38d1bda2f3504cdc7ee86db9d8c66ec7455949bf55339,CANONICAL_IDENTITY_PRESERVED_FROM_LOCKED_FIRST_350_ROAD_BASELINE,NO_ASSOCIABLE_GEOMETRY_SOURCE,,LOCKED_BASELINE_ASSERTED_REQUIRES_LIVE_RECHECK,SHARED_REFERENCE,Only the first 350 road source candidates are aligned to the locked canonical road baseline.
align:nngla:road:NG-RD-000293,ROAD,NG-RD-CAND-000293,NG-RD-CAND-000293,NG-RD-000293,293,data/novegeo/nngla/geometry-roads-addresses/source/06_roads_addresses/road_reference_candidates.csv,ae4e334fad728bb676f38d1bda2f3504cdc7ee86db9d8c66ec7455949bf55339,CANONICAL_IDENTITY_PRESERVED_FROM_LOCKED_FIRST_350_ROAD_BASELINE,NO_ASSOCIABLE_GEOMETRY_SOURCE,,LOCKED_BASELINE_ASSERTED_REQUIRES_LIVE_RECHECK,SHARED_REFERENCE,Only the first 350 road source candidates are aligned to the locked canonical road baseline.
align:nngla:road:NG-RD-000294,ROAD,NG-RD-CAND-000294,NG-RD-CAND-000294,NG-RD-000294,294,data/novegeo/nngla/geometry-roads-addresses/source/06_roads_addresses/road_reference_candidates.csv,ae4e334fad728bb676f38d1bda2f3504cdc7ee86db9d8c66ec7455949bf55339,CANONICAL_IDENTITY_PRESERVED_FROM_LOCKED_FIRST_350_ROAD_BASELINE,NO_ASSOCIABLE_GEOMETRY_SOURCE,,LOCKED_BASELINE_ASSERTED_REQUIRES_LIVE_RECHECK,SHARED_REFERENCE,Only the first 350 road source candidates are aligned to the locked canonical road baseline.
align:nngla:road:NG-RD-000295,ROAD,NG-RD-CAND-000295,NG-RD-CAND-000295,NG-RD-000295,295,data/novegeo/nngla/geometry-roads-addresses/source/06_roads_addresses/road_reference_candidates.csv,ae4e334fad728bb676f38d1bda2f3504cdc7ee86db9d8c66ec7455949bf55339,CANONICAL_IDENTITY_PRESERVED_FROM_LOCKED_FIRST_350_ROAD_BASELINE,NO_ASSOCIABLE_GEOMETRY_SOURCE,,LOCKED_BASELINE_ASSERTED_REQUIRES_LIVE_RECHECK,SHARED_REFERENCE,Only the first 350 road source candidates are aligned to the locked canonical road baseline.
align:nngla:road:NG-RD-000296,ROAD,NG-RD-CAND-000296,NG-RD-CAND-000296,NG-RD-000296,296,data/novegeo/nngla/geometry-roads-addresses/source/06_roads_addresses/road_reference_candidates.csv,ae4e334fad728bb676f38d1bda2f3504cdc7ee86db9d8c66ec7455949bf55339,CANONICAL_IDENTITY_PRESERVED_FROM_LOCKED_FIRST_350_ROAD_BASELINE,NO_ASSOCIABLE_GEOMETRY_SOURCE,,LOCKED_BASELINE_ASSERTED_REQUIRES_LIVE_RECHECK,SHARED_REFERENCE,Only the first 350 road source candidates are aligned to the locked canonical road baseline.
align:nngla:road:NG-RD-000297,ROAD,NG-RD-CAND-000297,NG-RD-CAND-000297,NG-RD-000297,297,data/novegeo/nngla/geometry-roads-addresses/source/06_roads_addresses/road_reference_candidates.csv,ae4e334fad728bb676f38d1bda2f3504cdc7ee86db9d8c66ec7455949bf55339,CANONICAL_IDENTITY_PRESERVED_FROM_LOCKED_FIRST_350_ROAD_BASELINE,NO_ASSOCIABLE_GEOMETRY_SOURCE,,LOCKED_BASELINE_ASSERTED_REQUIRES_LIVE_RECHECK,SHARED_REFERENCE,Only the first 350 road source candidates are aligned to the locked canonical road baseline.
align:nngla:road:NG-RD-000298,ROAD,NG-RD-CAND-000298,NG-RD-CAND-000298,NG-RD-000298,298,data/novegeo/nngla/geometry-roads-addresses/source/06_roads_addresses/road_reference_candidates.csv,ae4e334fad728bb676f38d1bda2f3504cdc7ee86db9d8c66ec7455949bf55339,CANONICAL_IDENTITY_PRESERVED_FROM_LOCKED_FIRST_350_ROAD_BASELINE,NO_ASSOCIABLE_GEOMETRY_SOURCE,,LOCKED_BASELINE_ASSERTED_REQUIRES_LIVE_RECHECK,SHARED_REFERENCE,Only the first 350 road source candidates are aligned to the locked canonical road baseline.
align:nngla:road:NG-RD-000299,ROAD,NG-RD-CAND-000299,NG-RD-CAND-000299,NG-RD-000299,299,data/novegeo/nngla/geometry-roads-addresses/source/06_roads_addresses/road_reference_candidates.csv,ae4e334fad728bb676f38d1bda2f3504cdc7ee86db9d8c66ec7455949bf55339,CANONICAL_IDENTITY_PRESERVED_FROM_LOCKED_FIRST_350_ROAD_BASELINE,NO_ASSOCIABLE_GEOMETRY_SOURCE,,LOCKED_BASELINE_ASSERTED_REQUIRES_LIVE_RECHECK,SHARED_REFERENCE,Only the first 350 road source candidates are aligned to the locked canonical road baseline.
align:nngla:road:NG-RD-000300,ROAD,NG-RD-CAND-000300,NG-RD-CAND-000300,NG-RD-000300,300,data/novegeo/nngla/geometry-roads-addresses/source/06_roads_addresses/road_reference_candidates.csv,ae4e334fad728bb676f38d1bda2f3504cdc7ee86db9d8c66ec7455949bf55339,CANONICAL_IDENTITY_PRESERVED_FROM_LOCKED_FIRST_350_ROAD_BASELINE,NO_ASSOCIABLE_GEOMETRY_SOURCE,,LOCKED_BASELINE_ASSERTED_REQUIRES_LIVE_RECHECK,SHARED_REFERENCE,Only the first 350 road source candidates are aligned to the locked canonical road baseline.
align:nngla:road:NG-RD-000301,ROAD,NG-RD-CAND-000301,NG-RD-CAND-000301,NG-RD-000301,301,data/novegeo/nngla/geometry-roads-addresses/source/06_roads_addresses/road_reference_candidates.csv,ae4e334fad728bb676f38d1bda2f3504cdc7ee86db9d8c66ec7455949bf55339,CANONICAL_IDENTITY_PRESERVED_FROM_LOCKED_FIRST_350_ROAD_BASELINE,NO_ASSOCIABLE_GEOMETRY_SOURCE,,LOCKED_BASELINE_ASSERTED_REQUIRES_LIVE_RECHECK,SHARED_REFERENCE,Only the first 350 road source candidates are aligned to the locked canonical road baseline.
align:nngla:road:NG-RD-000302,ROAD,NG-RD-CAND-000302,NG-RD-CAND-000302,NG-RD-000302,302,data/novegeo/nngla/geometry-roads-addresses/source/06_roads_addresses/road_reference_candidates.csv,ae4e334fad728bb676f38d1bda2f3504cdc7ee86db9d8c66ec7455949bf55339,CANONICAL_IDENTITY_PRESERVED_FROM_LOCKED_FIRST_350_ROAD_BASELINE,NO_ASSOCIABLE_GEOMETRY_SOURCE,,LOCKED_BASELINE_ASSERTED_REQUIRES_LIVE_RECHECK,SHARED_REFERENCE,Only the first 350 road source candidates are aligned to the locked canonical road baseline.
align:nngla:road:NG-RD-000303,ROAD,NG-RD-CAND-000303,NG-RD-CAND-000303,NG-RD-000303,303,data/novegeo/nngla/geometry-roads-addresses/source/06_roads_addresses/road_reference_candidates.csv,ae4e334fad728bb676f38d1bda2f3504cdc7ee86db9d8c66ec7455949bf55339,CANONICAL_IDENTITY_PRESERVED_FROM_LOCKED_FIRST_350_ROAD_BASELINE,NO_ASSOCIABLE_GEOMETRY_SOURCE,,LOCKED_BASELINE_ASSERTED_REQUIRES_LIVE_RECHECK,SHARED_REFERENCE,Only the first 350 road source candidates are aligned to the locked canonical road baseline.
align:nngla:road:NG-RD-000304,ROAD,NG-RD-CAND-000304,NG-RD-CAND-000304,NG-RD-000304,304,data/novegeo/nngla/geometry-roads-addresses/source/06_roads_addresses/road_reference_candidates.csv,ae4e334fad728bb676f38d1bda2f3504cdc7ee86db9d8c66ec7455949bf55339,CANONICAL_IDENTITY_PRESERVED_FROM_LOCKED_FIRST_350_ROAD_BASELINE,NO_ASSOCIABLE_GEOMETRY_SOURCE,,LOCKED_BASELINE_ASSERTED_REQUIRES_LIVE_RECHECK,SHARED_REFERENCE,Only the first 350 road source candidates are aligned to the locked canonical road baseline.
align:nngla:road:NG-RD-000305,ROAD,NG-RD-CAND-000305,NG-RD-CAND-000305,NG-RD-000305,305,data/novegeo/nngla/geometry-roads-addresses/source/06_roads_addresses/road_reference_candidates.csv,ae4e334fad728bb676f38d1bda2f3504cdc7ee86db9d8c66ec7455949bf55339,CANONICAL_IDENTITY_PRESERVED_FROM_LOCKED_FIRST_350_ROAD_BASELINE,NO_ASSOCIABLE_GEOMETRY_SOURCE,,LOCKED_BASELINE_ASSERTED_REQUIRES_LIVE_RECHECK,SHARED_REFERENCE,Only the first 350 road source candidates are aligned to the locked canonical road baseline.
align:nngla:road:NG-RD-000306,ROAD,NG-RD-CAND-000306,NG-RD-CAND-000306,NG-RD-000306,306,data/novegeo/nngla/geometry-roads-addresses/source/06_roads_addresses/road_reference_candidates.csv,ae4e334fad728bb676f38d1bda2f3504cdc7ee86db9d8c66ec7455949bf55339,CANONICAL_IDENTITY_PRESERVED_FROM_LOCKED_FIRST_350_ROAD_BASELINE,NO_ASSOCIABLE_GEOMETRY_SOURCE,,LOCKED_BASELINE_ASSERTED_REQUIRES_LIVE_RECHECK,SHARED_REFERENCE,Only the first 350 road source candidates are aligned to the locked canonical road baseline.
align:nngla:road:NG-RD-000307,ROAD,NG-RD-CAND-000307,NG-RD-CAND-000307,NG-RD-000307,307,data/novegeo/nngla/geometry-roads-addresses/source/06_roads_addresses/road_reference_candidates.csv,ae4e334fad728bb676f38d1bda2f3504cdc7ee86db9d8c66ec7455949bf55339,CANONICAL_IDENTITY_PRESERVED_FROM_LOCKED_FIRST_350_ROAD_BASELINE,NO_ASSOCIABLE_GEOMETRY_SOURCE,,LOCKED_BASELINE_ASSERTED_REQUIRES_LIVE_RECHECK,SHARED_REFERENCE,Only the first 350 road source candidates are aligned to the locked canonical road baseline.
align:nngla:road:NG-RD-000308,ROAD,NG-RD-CAND-000308,NG-RD-CAND-000308,NG-RD-000308,308,data/novegeo/nngla/geometry-roads-addresses/source/06_roads_addresses/road_reference_candidates.csv,ae4e334fad728bb676f38d1bda2f3504cdc7ee86db9d8c66ec7455949bf55339,CANONICAL_IDENTITY_PRESERVED_FROM_LOCKED_FIRST_350_ROAD_BASELINE,NO_ASSOCIABLE_GEOMETRY_SOURCE,,LOCKED_BASELINE_ASSERTED_REQUIRES_LIVE_RECHECK,SHARED_REFERENCE,Only the first 350 road source candidates are aligned to the locked canonical road baseline.
align:nngla:road:NG-RD-000309,ROAD,NG-RD-CAND-000309,NG-RD-CAND-000309,NG-RD-000309,309,data/novegeo/nngla/geometry-roads-addresses/source/06_roads_addresses/road_reference_candidates.csv,ae4e334fad728bb676f38d1bda2f3504cdc7ee86db9d8c66ec7455949bf55339,CANONICAL_IDENTITY_PRESERVED_FROM_LOCKED_FIRST_350_ROAD_BASELINE,NO_ASSOCIABLE_GEOMETRY_SOURCE,,LOCKED_BASELINE_ASSERTED_REQUIRES_LIVE_RECHECK,SHARED_REFERENCE,Only the first 350 road source candidates are aligned to the locked canonical road baseline.
align:nngla:road:NG-RD-000310,ROAD,NG-RD-CAND-000310,NG-RD-CAND-000310,NG-RD-000310,310,data/novegeo/nngla/geometry-roads-addresses/source/06_roads_addresses/road_reference_candidates.csv,ae4e334fad728bb676f38d1bda2f3504cdc7ee86db9d8c66ec7455949bf55339,CANONICAL_IDENTITY_PRESERVED_FROM_LOCKED_FIRST_350_ROAD_BASELINE,NO_ASSOCIABLE_GEOMETRY_SOURCE,,LOCKED_BASELINE_ASSERTED_REQUIRES_LIVE_RECHECK,SHARED_REFERENCE,Only the first 350 road source candidates are aligned to the locked canonical road baseline.
align:nngla:road:NG-RD-000311,ROAD,NG-RD-CAND-000311,NG-RD-CAND-000311,NG-RD-000311,311,data/novegeo/nngla/geometry-roads-addresses/source/06_roads_addresses/road_reference_candidates.csv,ae4e334fad728bb676f38d1bda2f3504cdc7ee86db9d8c66ec7455949bf55339,CANONICAL_IDENTITY_PRESERVED_FROM_LOCKED_FIRST_350_ROAD_BASELINE,NO_ASSOCIABLE_GEOMETRY_SOURCE,,LOCKED_BASELINE_ASSERTED_REQUIRES_LIVE_RECHECK,SHARED_REFERENCE,Only the first 350 road source candidates are aligned to the locked canonical road baseline.
align:nngla:road:NG-RD-000312,ROAD,NG-RD-CAND-000312,NG-RD-CAND-000312,NG-RD-000312,312,data/novegeo/nngla/geometry-roads-addresses/source/06_roads_addresses/road_reference_candidates.csv,ae4e334fad728bb676f38d1bda2f3504cdc7ee86db9d8c66ec7455949bf55339,CANONICAL_IDENTITY_PRESERVED_FROM_LOCKED_FIRST_350_ROAD_BASELINE,NO_ASSOCIABLE_GEOMETRY_SOURCE,,LOCKED_BASELINE_ASSERTED_REQUIRES_LIVE_RECHECK,SHARED_REFERENCE,Only the first 350 road source candidates are aligned to the locked canonical road baseline.
align:nngla:road:NG-RD-000313,ROAD,NG-RD-CAND-000313,NG-RD-CAND-000313,NG-RD-000313,313,data/novegeo/nngla/geometry-roads-addresses/source/06_roads_addresses/road_reference_candidates.csv,ae4e334fad728bb676f38d1bda2f3504cdc7ee86db9d8c66ec7455949bf55339,CANONICAL_IDENTITY_PRESERVED_FROM_LOCKED_FIRST_350_ROAD_BASELINE,NO_ASSOCIABLE_GEOMETRY_SOURCE,,LOCKED_BASELINE_ASSERTED_REQUIRES_LIVE_RECHECK,SHARED_REFERENCE,Only the first 350 road source candidates are aligned to the locked canonical road baseline.
align:nngla:road:NG-RD-000314,ROAD,NG-RD-CAND-000314,NG-RD-CAND-000314,NG-RD-000314,314,data/novegeo/nngla/geometry-roads-addresses/source/06_roads_addresses/road_reference_candidates.csv,ae4e334fad728bb676f38d1bda2f3504cdc7ee86db9d8c66ec7455949bf55339,CANONICAL_IDENTITY_PRESERVED_FROM_LOCKED_FIRST_350_ROAD_BASELINE,NO_ASSOCIABLE_GEOMETRY_SOURCE,,LOCKED_BASELINE_ASSERTED_REQUIRES_LIVE_RECHECK,SHARED_REFERENCE,Only the first 350 road source candidates are aligned to the locked canonical road baseline.
align:nngla:road:NG-RD-000315,ROAD,NG-RD-CAND-000315,NG-RD-CAND-000315,NG-RD-000315,315,data/novegeo/nngla/geometry-roads-addresses/source/06_roads_addresses/road_reference_candidates.csv,ae4e334fad728bb676f38d1bda2f3504cdc7ee86db9d8c66ec7455949bf55339,CANONICAL_IDENTITY_PRESERVED_FROM_LOCKED_FIRST_350_ROAD_BASELINE,NO_ASSOCIABLE_GEOMETRY_SOURCE,,LOCKED_BASELINE_ASSERTED_REQUIRES_LIVE_RECHECK,SHARED_REFERENCE,Only the first 350 road source candidates are aligned to the locked canonical road baseline.
align:nngla:road:NG-RD-000316,ROAD,NG-RD-CAND-000316,NG-RD-CAND-000316,NG-RD-000316,316,data/novegeo/nngla/geometry-roads-addresses/source/06_roads_addresses/road_reference_candidates.csv,ae4e334fad728bb676f38d1bda2f3504cdc7ee86db9d8c66ec7455949bf55339,CANONICAL_IDENTITY_PRESERVED_FROM_LOCKED_FIRST_350_ROAD_BASELINE,NO_ASSOCIABLE_GEOMETRY_SOURCE,,LOCKED_BASELINE_ASSERTED_REQUIRES_LIVE_RECHECK,SHARED_REFERENCE,Only the first 350 road source candidates are aligned to the locked canonical road baseline.
align:nngla:road:NG-RD-000317,ROAD,NG-RD-CAND-000317,NG-RD-CAND-000317,NG-RD-000317,317,data/novegeo/nngla/geometry-roads-addresses/source/06_roads_addresses/road_reference_candidates.csv,ae4e334fad728bb676f38d1bda2f3504cdc7ee86db9d8c66ec7455949bf55339,CANONICAL_IDENTITY_PRESERVED_FROM_LOCKED_FIRST_350_ROAD_BASELINE,NO_ASSOCIABLE_GEOMETRY_SOURCE,,LOCKED_BASELINE_ASSERTED_REQUIRES_LIVE_RECHECK,SHARED_REFERENCE,Only the first 350 road source candidates are aligned to the locked canonical road baseline.
align:nngla:road:NG-RD-000318,ROAD,NG-RD-CAND-000318,NG-RD-CAND-000318,NG-RD-000318,318,data/novegeo/nngla/geometry-roads-addresses/source/06_roads_addresses/road_reference_candidates.csv,ae4e334fad728bb676f38d1bda2f3504cdc7ee86db9d8c66ec7455949bf55339,CANONICAL_IDENTITY_PRESERVED_FROM_LOCKED_FIRST_350_ROAD_BASELINE,NO_ASSOCIABLE_GEOMETRY_SOURCE,,LOCKED_BASELINE_ASSERTED_REQUIRES_LIVE_RECHECK,SHARED_REFERENCE,Only the first 350 road source candidates are aligned to the locked canonical road baseline.
align:nngla:road:NG-RD-000319,ROAD,NG-RD-CAND-000319,NG-RD-CAND-000319,NG-RD-000319,319,data/novegeo/nngla/geometry-roads-addresses/source/06_roads_addresses/road_reference_candidates.csv,ae4e334fad728bb676f38d1bda2f3504cdc7ee86db9d8c66ec7455949bf55339,CANONICAL_IDENTITY_PRESERVED_FROM_LOCKED_FIRST_350_ROAD_BASELINE,NO_ASSOCIABLE_GEOMETRY_SOURCE,,LOCKED_BASELINE_ASSERTED_REQUIRES_LIVE_RECHECK,SHARED_REFERENCE,Only the first 350 road source candidates are aligned to the locked canonical road baseline.
align:nngla:road:NG-RD-000320,ROAD,NG-RD-CAND-000320,NG-RD-CAND-000320,NG-RD-000320,320,data/novegeo/nngla/geometry-roads-addresses/source/06_roads_addresses/road_reference_candidates.csv,ae4e334fad728bb676f38d1bda2f3504cdc7ee86db9d8c66ec7455949bf55339,CANONICAL_IDENTITY_PRESERVED_FROM_LOCKED_FIRST_350_ROAD_BASELINE,NO_ASSOCIABLE_GEOMETRY_SOURCE,,LOCKED_BASELINE_ASSERTED_REQUIRES_LIVE_RECHECK,SHARED_REFERENCE,Only the first 350 road source candidates are aligned to the locked canonical road baseline.
align:nngla:road:NG-RD-000321,ROAD,NG-RD-CAND-000321,NG-RD-CAND-000321,NG-RD-000321,321,data/novegeo/nngla/geometry-roads-addresses/source/06_roads_addresses/road_reference_candidates.csv,ae4e334fad728bb676f38d1bda2f3504cdc7ee86db9d8c66ec7455949bf55339,CANONICAL_IDENTITY_PRESERVED_FROM_LOCKED_FIRST_350_ROAD_BASELINE,NO_ASSOCIABLE_GEOMETRY_SOURCE,,LOCKED_BASELINE_ASSERTED_REQUIRES_LIVE_RECHECK,SHARED_REFERENCE,Only the first 350 road source candidates are aligned to the locked canonical road baseline.
align:nngla:road:NG-RD-000322,ROAD,NG-RD-CAND-000322,NG-RD-CAND-000322,NG-RD-000322,322,data/novegeo/nngla/geometry-roads-addresses/source/06_roads_addresses/road_reference_candidates.csv,ae4e334fad728bb676f38d1bda2f3504cdc7ee86db9d8c66ec7455949bf55339,CANONICAL_IDENTITY_PRESERVED_FROM_LOCKED_FIRST_350_ROAD_BASELINE,NO_ASSOCIABLE_GEOMETRY_SOURCE,,LOCKED_BASELINE_ASSERTED_REQUIRES_LIVE_RECHECK,SHARED_REFERENCE,Only the first 350 road source candidates are aligned to the locked canonical road baseline.
align:nngla:road:NG-RD-000323,ROAD,NG-RD-CAND-000323,NG-RD-CAND-000323,NG-RD-000323,323,data/novegeo/nngla/geometry-roads-addresses/source/06_roads_addresses/road_reference_candidates.csv,ae4e334fad728bb676f38d1bda2f3504cdc7ee86db9d8c66ec7455949bf55339,CANONICAL_IDENTITY_PRESERVED_FROM_LOCKED_FIRST_350_ROAD_BASELINE,NO_ASSOCIABLE_GEOMETRY_SOURCE,,LOCKED_BASELINE_ASSERTED_REQUIRES_LIVE_RECHECK,SHARED_REFERENCE,Only the first 350 road source candidates are aligned to the locked canonical road baseline.
align:nngla:road:NG-RD-000324,ROAD,NG-RD-CAND-000324,NG-RD-CAND-000324,NG-RD-000324,324,data/novegeo/nngla/geometry-roads-addresses/source/06_roads_addresses/road_reference_candidates.csv,ae4e334fad728bb676f38d1bda2f3504cdc7ee86db9d8c66ec7455949bf55339,CANONICAL_IDENTITY_PRESERVED_FROM_LOCKED_FIRST_350_ROAD_BASELINE,NO_ASSOCIABLE_GEOMETRY_SOURCE,,LOCKED_BASELINE_ASSERTED_REQUIRES_LIVE_RECHECK,SHARED_REFERENCE,Only the first 350 road source candidates are aligned to the locked canonical road baseline.
align:nngla:road:NG-RD-000325,ROAD,NG-RD-CAND-000325,NG-RD-CAND-000325,NG-RD-000325,325,data/novegeo/nngla/geometry-roads-addresses/source/06_roads_addresses/road_reference_candidates.csv,ae4e334fad728bb676f38d1bda2f3504cdc7ee86db9d8c66ec7455949bf55339,CANONICAL_IDENTITY_PRESERVED_FROM_LOCKED_FIRST_350_ROAD_BASELINE,NO_ASSOCIABLE_GEOMETRY_SOURCE,,LOCKED_BASELINE_ASSERTED_REQUIRES_LIVE_RECHECK,SHARED_REFERENCE,Only the first 350 road source candidates are aligned to the locked canonical road baseline.
align:nngla:road:NG-RD-000326,ROAD,NG-RD-CAND-000326,NG-RD-CAND-000326,NG-RD-000326,326,data/novegeo/nngla/geometry-roads-addresses/source/06_roads_addresses/road_reference_candidates.csv,ae4e334fad728bb676f38d1bda2f3504cdc7ee86db9d8c66ec7455949bf55339,CANONICAL_IDENTITY_PRESERVED_FROM_LOCKED_FIRST_350_ROAD_BASELINE,NO_ASSOCIABLE_GEOMETRY_SOURCE,,LOCKED_BASELINE_ASSERTED_REQUIRES_LIVE_RECHECK,SHARED_REFERENCE,Only the first 350 road source candidates are aligned to the locked canonical road baseline.
align:nngla:road:NG-RD-000327,ROAD,NG-RD-CAND-000327,NG-RD-CAND-000327,NG-RD-000327,327,data/novegeo/nngla/geometry-roads-addresses/source/06_roads_addresses/road_reference_candidates.csv,ae4e334fad728bb676f38d1bda2f3504cdc7ee86db9d8c66ec7455949bf55339,CANONICAL_IDENTITY_PRESERVED_FROM_LOCKED_FIRST_350_ROAD_BASELINE,NO_ASSOCIABLE_GEOMETRY_SOURCE,,LOCKED_BASELINE_ASSERTED_REQUIRES_LIVE_RECHECK,SHARED_REFERENCE,Only the first 350 road source candidates are aligned to the locked canonical road baseline.
align:nngla:road:NG-RD-000328,ROAD,NG-RD-CAND-000328,NG-RD-CAND-000328,NG-RD-000328,328,data/novegeo/nngla/geometry-roads-addresses/source/06_roads_addresses/road_reference_candidates.csv,ae4e334fad728bb676f38d1bda2f3504cdc7ee86db9d8c66ec7455949bf55339,CANONICAL_IDENTITY_PRESERVED_FROM_LOCKED_FIRST_350_ROAD_BASELINE,NO_ASSOCIABLE_GEOMETRY_SOURCE,,LOCKED_BASELINE_ASSERTED_REQUIRES_LIVE_RECHECK,SHARED_REFERENCE,Only the first 350 road source candidates are aligned to the locked canonical road baseline.
align:nngla:road:NG-RD-000329,ROAD,NG-RD-CAND-000329,NG-RD-CAND-000329,NG-RD-000329,329,data/novegeo/nngla/geometry-roads-addresses/source/06_roads_addresses/road_reference_candidates.csv,ae4e334fad728bb676f38d1bda2f3504cdc7ee86db9d8c66ec7455949bf55339,CANONICAL_IDENTITY_PRESERVED_FROM_LOCKED_FIRST_350_ROAD_BASELINE,NO_ASSOCIABLE_GEOMETRY_SOURCE,,LOCKED_BASELINE_ASSERTED_REQUIRES_LIVE_RECHECK,SHARED_REFERENCE,Only the first 350 road source candidates are aligned to the locked canonical road baseline.
align:nngla:road:NG-RD-000330,ROAD,NG-RD-CAND-000330,NG-RD-CAND-000330,NG-RD-000330,330,data/novegeo/nngla/geometry-roads-addresses/source/06_roads_addresses/road_reference_candidates.csv,ae4e334fad728bb676f38d1bda2f3504cdc7ee86db9d8c66ec7455949bf55339,CANONICAL_IDENTITY_PRESERVED_FROM_LOCKED_FIRST_350_ROAD_BASELINE,NO_ASSOCIABLE_GEOMETRY_SOURCE,,LOCKED_BASELINE_ASSERTED_REQUIRES_LIVE_RECHECK,SHARED_REFERENCE,Only the first 350 road source candidates are aligned to the locked canonical road baseline.
align:nngla:road:NG-RD-000331,ROAD,NG-RD-CAND-000331,NG-RD-CAND-000331,NG-RD-000331,331,data/novegeo/nngla/geometry-roads-addresses/source/06_roads_addresses/road_reference_candidates.csv,ae4e334fad728bb676f38d1bda2f3504cdc7ee86db9d8c66ec7455949bf55339,CANONICAL_IDENTITY_PRESERVED_FROM_LOCKED_FIRST_350_ROAD_BASELINE,NO_ASSOCIABLE_GEOMETRY_SOURCE,,LOCKED_BASELINE_ASSERTED_REQUIRES_LIVE_RECHECK,SHARED_REFERENCE,Only the first 350 road source candidates are aligned to the locked canonical road baseline.
align:nngla:road:NG-RD-000332,ROAD,NG-RD-CAND-000332,NG-RD-CAND-000332,NG-RD-000332,332,data/novegeo/nngla/geometry-roads-addresses/source/06_roads_addresses/road_reference_candidates.csv,ae4e334fad728bb676f38d1bda2f3504cdc7ee86db9d8c66ec7455949bf55339,CANONICAL_IDENTITY_PRESERVED_FROM_LOCKED_FIRST_350_ROAD_BASELINE,NO_ASSOCIABLE_GEOMETRY_SOURCE,,LOCKED_BASELINE_ASSERTED_REQUIRES_LIVE_RECHECK,SHARED_REFERENCE,Only the first 350 road source candidates are aligned to the locked canonical road baseline.
align:nngla:road:NG-RD-000333,ROAD,NG-RD-CAND-000333,NG-RD-CAND-000333,NG-RD-000333,333,data/novegeo/nngla/geometry-roads-addresses/source/06_roads_addresses/road_reference_candidates.csv,ae4e334fad728bb676f38d1bda2f3504cdc7ee86db9d8c66ec7455949bf55339,CANONICAL_IDENTITY_PRESERVED_FROM_LOCKED_FIRST_350_ROAD_BASELINE,NO_ASSOCIABLE_GEOMETRY_SOURCE,,LOCKED_BASELINE_ASSERTED_REQUIRES_LIVE_RECHECK,SHARED_REFERENCE,Only the first 350 road source candidates are aligned to the locked canonical road baseline.
align:nngla:road:NG-RD-000334,ROAD,NG-RD-CAND-000334,NG-RD-CAND-000334,NG-RD-000334,334,data/novegeo/nngla/geometry-roads-addresses/source/06_roads_addresses/road_reference_candidates.csv,ae4e334fad728bb676f38d1bda2f3504cdc7ee86db9d8c66ec7455949bf55339,CANONICAL_IDENTITY_PRESERVED_FROM_LOCKED_FIRST_350_ROAD_BASELINE,NO_ASSOCIABLE_GEOMETRY_SOURCE,,LOCKED_BASELINE_ASSERTED_REQUIRES_LIVE_RECHECK,SHARED_REFERENCE,Only the first 350 road source candidates are aligned to the locked canonical road baseline.
align:nngla:road:NG-RD-000335,ROAD,NG-RD-CAND-000335,NG-RD-CAND-000335,NG-RD-000335,335,data/novegeo/nngla/geometry-roads-addresses/source/06_roads_addresses/road_reference_candidates.csv,ae4e334fad728bb676f38d1bda2f3504cdc7ee86db9d8c66ec7455949bf55339,CANONICAL_IDENTITY_PRESERVED_FROM_LOCKED_FIRST_350_ROAD_BASELINE,NO_ASSOCIABLE_GEOMETRY_SOURCE,,LOCKED_BASELINE_ASSERTED_REQUIRES_LIVE_RECHECK,SHARED_REFERENCE,Only the first 350 road source candidates are aligned to the locked canonical road baseline.
align:nngla:road:NG-RD-000336,ROAD,NG-RD-CAND-000336,NG-RD-CAND-000336,NG-RD-000336,336,data/novegeo/nngla/geometry-roads-addresses/source/06_roads_addresses/road_reference_candidates.csv,ae4e334fad728bb676f38d1bda2f3504cdc7ee86db9d8c66ec7455949bf55339,CANONICAL_IDENTITY_PRESERVED_FROM_LOCKED_FIRST_350_ROAD_BASELINE,NO_ASSOCIABLE_GEOMETRY_SOURCE,,LOCKED_BASELINE_ASSERTED_REQUIRES_LIVE_RECHECK,SHARED_REFERENCE,Only the first 350 road source candidates are aligned to the locked canonical road baseline.
align:nngla:road:NG-RD-000337,ROAD,NG-RD-CAND-000337,NG-RD-CAND-000337,NG-RD-000337,337,data/novegeo/nngla/geometry-roads-addresses/source/06_roads_addresses/road_reference_candidates.csv,ae4e334fad728bb676f38d1bda2f3504cdc7ee86db9d8c66ec7455949bf55339,CANONICAL_IDENTITY_PRESERVED_FROM_LOCKED_FIRST_350_ROAD_BASELINE,NO_ASSOCIABLE_GEOMETRY_SOURCE,,LOCKED_BASELINE_ASSERTED_REQUIRES_LIVE_RECHECK,SHARED_REFERENCE,Only the first 350 road source candidates are aligned to the locked canonical road baseline.
align:nngla:road:NG-RD-000338,ROAD,NG-RD-CAND-000338,NG-RD-CAND-000338,NG-RD-000338,338,data/novegeo/nngla/geometry-roads-addresses/source/06_roads_addresses/road_reference_candidates.csv,ae4e334fad728bb676f38d1bda2f3504cdc7ee86db9d8c66ec7455949bf55339,CANONICAL_IDENTITY_PRESERVED_FROM_LOCKED_FIRST_350_ROAD_BASELINE,NO_ASSOCIABLE_GEOMETRY_SOURCE,,LOCKED_BASELINE_ASSERTED_REQUIRES_LIVE_RECHECK,SHARED_REFERENCE,Only the first 350 road source candidates are aligned to the locked canonical road baseline.
align:nngla:road:NG-RD-000339,ROAD,NG-RD-CAND-000339,NG-RD-CAND-000339,NG-RD-000339,339,data/novegeo/nngla/geometry-roads-addresses/source/06_roads_addresses/road_reference_candidates.csv,ae4e334fad728bb676f38d1bda2f3504cdc7ee86db9d8c66ec7455949bf55339,CANONICAL_IDENTITY_PRESERVED_FROM_LOCKED_FIRST_350_ROAD_BASELINE,NO_ASSOCIABLE_GEOMETRY_SOURCE,,LOCKED_BASELINE_ASSERTED_REQUIRES_LIVE_RECHECK,SHARED_REFERENCE,Only the first 350 road source candidates are aligned to the locked canonical road baseline.
align:nngla:road:NG-RD-000340,ROAD,NG-RD-CAND-000340,NG-RD-CAND-000340,NG-RD-000340,340,data/novegeo/nngla/geometry-roads-addresses/source/06_roads_addresses/road_reference_candidates.csv,ae4e334fad728bb676f38d1bda2f3504cdc7ee86db9d8c66ec7455949bf55339,CANONICAL_IDENTITY_PRESERVED_FROM_LOCKED_FIRST_350_ROAD_BASELINE,NO_ASSOCIABLE_GEOMETRY_SOURCE,,LOCKED_BASELINE_ASSERTED_REQUIRES_LIVE_RECHECK,SHARED_REFERENCE,Only the first 350 road source candidates are aligned to the locked canonical road baseline.
align:nngla:road:NG-RD-000341,ROAD,NG-RD-CAND-000341,NG-RD-CAND-000341,NG-RD-000341,341,data/novegeo/nngla/geometry-roads-addresses/source/06_roads_addresses/road_reference_candidates.csv,ae4e334fad728bb676f38d1bda2f3504cdc7ee86db9d8c66ec7455949bf55339,CANONICAL_IDENTITY_PRESERVED_FROM_LOCKED_FIRST_350_ROAD_BASELINE,NO_ASSOCIABLE_GEOMETRY_SOURCE,,LOCKED_BASELINE_ASSERTED_REQUIRES_LIVE_RECHECK,SHARED_REFERENCE,Only the first 350 road source candidates are aligned to the locked canonical road baseline.
align:nngla:road:NG-RD-000342,ROAD,NG-RD-CAND-000342,NG-RD-CAND-000342,NG-RD-000342,342,data/novegeo/nngla/geometry-roads-addresses/source/06_roads_addresses/road_reference_candidates.csv,ae4e334fad728bb676f38d1bda2f3504cdc7ee86db9d8c66ec7455949bf55339,CANONICAL_IDENTITY_PRESERVED_FROM_LOCKED_FIRST_350_ROAD_BASELINE,NO_ASSOCIABLE_GEOMETRY_SOURCE,,LOCKED_BASELINE_ASSERTED_REQUIRES_LIVE_RECHECK,SHARED_REFERENCE,Only the first 350 road source candidates are aligned to the locked canonical road baseline.
align:nngla:road:NG-RD-000343,ROAD,NG-RD-CAND-000343,NG-RD-CAND-000343,NG-RD-000343,343,data/novegeo/nngla/geometry-roads-addresses/source/06_roads_addresses/road_reference_candidates.csv,ae4e334fad728bb676f38d1bda2f3504cdc7ee86db9d8c66ec7455949bf55339,CANONICAL_IDENTITY_PRESERVED_FROM_LOCKED_FIRST_350_ROAD_BASELINE,NO_ASSOCIABLE_GEOMETRY_SOURCE,,LOCKED_BASELINE_ASSERTED_REQUIRES_LIVE_RECHECK,SHARED_REFERENCE,Only the first 350 road source candidates are aligned to the locked canonical road baseline.
align:nngla:road:NG-RD-000344,ROAD,NG-RD-CAND-000344,NG-RD-CAND-000344,NG-RD-000344,344,data/novegeo/nngla/geometry-roads-addresses/source/06_roads_addresses/road_reference_candidates.csv,ae4e334fad728bb676f38d1bda2f3504cdc7ee86db9d8c66ec7455949bf55339,CANONICAL_IDENTITY_PRESERVED_FROM_LOCKED_FIRST_350_ROAD_BASELINE,NO_ASSOCIABLE_GEOMETRY_SOURCE,,LOCKED_BASELINE_ASSERTED_REQUIRES_LIVE_RECHECK,SHARED_REFERENCE,Only the first 350 road source candidates are aligned to the locked canonical road baseline.
align:nngla:road:NG-RD-000345,ROAD,NG-RD-CAND-000345,NG-RD-CAND-000345,NG-RD-000345,345,data/novegeo/nngla/geometry-roads-addresses/source/06_roads_addresses/road_reference_candidates.csv,ae4e334fad728bb676f38d1bda2f3504cdc7ee86db9d8c66ec7455949bf55339,CANONICAL_IDENTITY_PRESERVED_FROM_LOCKED_FIRST_350_ROAD_BASELINE,NO_ASSOCIABLE_GEOMETRY_SOURCE,,LOCKED_BASELINE_ASSERTED_REQUIRES_LIVE_RECHECK,SHARED_REFERENCE,Only the first 350 road source candidates are aligned to the locked canonical road baseline.
align:nngla:road:NG-RD-000346,ROAD,NG-RD-CAND-000346,NG-RD-CAND-000346,NG-RD-000346,346,data/novegeo/nngla/geometry-roads-addresses/source/06_roads_addresses/road_reference_candidates.csv,ae4e334fad728bb676f38d1bda2f3504cdc7ee86db9d8c66ec7455949bf55339,CANONICAL_IDENTITY_PRESERVED_FROM_LOCKED_FIRST_350_ROAD_BASELINE,NO_ASSOCIABLE_GEOMETRY_SOURCE,,LOCKED_BASELINE_ASSERTED_REQUIRES_LIVE_RECHECK,SHARED_REFERENCE,Only the first 350 road source candidates are aligned to the locked canonical road baseline.
align:nngla:road:NG-RD-000347,ROAD,NG-RD-CAND-000347,NG-RD-CAND-000347,NG-RD-000347,347,data/novegeo/nngla/geometry-roads-addresses/source/06_roads_addresses/road_reference_candidates.csv,ae4e334fad728bb676f38d1bda2f3504cdc7ee86db9d8c66ec7455949bf55339,CANONICAL_IDENTITY_PRESERVED_FROM_LOCKED_FIRST_350_ROAD_BASELINE,NO_ASSOCIABLE_GEOMETRY_SOURCE,,LOCKED_BASELINE_ASSERTED_REQUIRES_LIVE_RECHECK,SHARED_REFERENCE,Only the first 350 road source candidates are aligned to the locked canonical road baseline.
align:nngla:road:NG-RD-000348,ROAD,NG-RD-CAND-000348,NG-RD-CAND-000348,NG-RD-000348,348,data/novegeo/nngla/geometry-roads-addresses/source/06_roads_addresses/road_reference_candidates.csv,ae4e334fad728bb676f38d1bda2f3504cdc7ee86db9d8c66ec7455949bf55339,CANONICAL_IDENTITY_PRESERVED_FROM_LOCKED_FIRST_350_ROAD_BASELINE,NO_ASSOCIABLE_GEOMETRY_SOURCE,,LOCKED_BASELINE_ASSERTED_REQUIRES_LIVE_RECHECK,SHARED_REFERENCE,Only the first 350 road source candidates are aligned to the locked canonical road baseline.
align:nngla:road:NG-RD-000349,ROAD,NG-RD-CAND-000349,NG-RD-CAND-000349,NG-RD-000349,349,data/novegeo/nngla/geometry-roads-addresses/source/06_roads_addresses/road_reference_candidates.csv,ae4e334fad728bb676f38d1bda2f3504cdc7ee86db9d8c66ec7455949bf55339,CANONICAL_IDENTITY_PRESERVED_FROM_LOCKED_FIRST_350_ROAD_BASELINE,NO_ASSOCIABLE_GEOMETRY_SOURCE,,LOCKED_BASELINE_ASSERTED_REQUIRES_LIVE_RECHECK,SHARED_REFERENCE,Only the first 350 road source candidates are aligned to the locked canonical road baseline.
align:nngla:road:NG-RD-000350,ROAD,NG-RD-CAND-000350,NG-RD-CAND-000350,NG-RD-000350,350,data/novegeo/nngla/geometry-roads-addresses/source/06_roads_addresses/road_reference_candidates.csv,ae4e334fad728bb676f38d1bda2f3504cdc7ee86db9d8c66ec7455949bf55339,CANONICAL_IDENTITY_PRESERVED_FROM_LOCKED_FIRST_350_ROAD_BASELINE,NO_ASSOCIABLE_GEOMETRY_SOURCE,,LOCKED_BASELINE_ASSERTED_REQUIRES_LIVE_RECHECK,SHARED_REFERENCE,Only the first 350 road source candidates are aligned to the locked canonical road baseline.
align:nngla:geographic_feature:NG-FEAT-000001,GEOGRAPHIC_FEATURE,boundary-part:1,NG-FEAT-000001,NG-FEAT-000001,1,data/novegeo/nngla/geographic-identity-places/source/05_geographic_candidates/geographic_feature_candidates.csv,27ccd9919d42294f42b46449606af5ad88b4d7df1503eb8dd6c115d54c911c39,EXISTING_CANONICAL_FEATURE_IDENTITY_PRESERVED,RELATED_SOVEREIGN_GEOMETRY_NOT_DIRECT_SUBJECT_MATCH,NG-GEO-000001,LOCKED_BASELINE_ASSERTED_REQUIRES_LIVE_RECHECK,SHARED_REFERENCE,MAINLAND feature is not silently equated with COUNTRY sovereign-boundary subject.
align:nngla:geographic_feature:NG-FEAT-000002,GEOGRAPHIC_FEATURE,river:novegeo:r000001,NG-FEAT-000002,NG-FEAT-000002,2,data/novegeo/nngla/geographic-identity-places/source/05_geographic_candidates/geographic_feature_candidates.csv,27ccd9919d42294f42b46449606af5ad88b4d7df1503eb8dd6c115d54c911c39,EXISTING_CANONICAL_FEATURE_IDENTITY_PRESERVED,DIRECT_EXISTING_GEOMETRY_SUBJECT_MATCH,NG-GEO-000002,LOCKED_BASELINE_ASSERTED_REQUIRES_LIVE_RECHECK,SHARED_REFERENCE,Existing feature source subject directly matches existing geometry subject.
align:nngla:geographic_feature:NG-FEAT-000003,GEOGRAPHIC_FEATURE,river:novegeo:r000002,NG-FEAT-000003,NG-FEAT-000003,3,data/novegeo/nngla/geographic-identity-places/source/05_geographic_candidates/geographic_feature_candidates.csv,27ccd9919d42294f42b46449606af5ad88b4d7df1503eb8dd6c115d54c911c39,EXISTING_CANONICAL_FEATURE_IDENTITY_PRESERVED,DIRECT_EXISTING_GEOMETRY_SUBJECT_MATCH,NG-GEO-000003,LOCKED_BASELINE_ASSERTED_REQUIRES_LIVE_RECHECK,SHARED_REFERENCE,Existing feature source subject directly matches existing geometry subject.
align:nngla:geographic_feature:NG-FEAT-000004,GEOGRAPHIC_FEATURE,river:novegeo:r000003,NG-FEAT-000004,NG-FEAT-000004,4,data/novegeo/nngla/geographic-identity-places/source/05_geographic_candidates/geographic_feature_candidates.csv,27ccd9919d42294f42b46449606af5ad88b4d7df1503eb8dd6c115d54c911c39,EXISTING_CANONICAL_FEATURE_IDENTITY_PRESERVED,DIRECT_EXISTING_GEOMETRY_SUBJECT_MATCH,NG-GEO-000004,LOCKED_BASELINE_ASSERTED_REQUIRES_LIVE_RECHECK,SHARED_REFERENCE,Existing feature source subject directly matches existing geometry subject.
align:nngla:geographic_feature:NG-FEAT-000005,GEOGRAPHIC_FEATURE,river:novegeo:r000004,NG-FEAT-000005,NG-FEAT-000005,5,data/novegeo/nngla/geographic-identity-places/source/05_geographic_candidates/geographic_feature_candidates.csv,27ccd9919d42294f42b46449606af5ad88b4d7df1503eb8dd6c115d54c911c39,EXISTING_CANONICAL_FEATURE_IDENTITY_PRESERVED,DIRECT_EXISTING_GEOMETRY_SUBJECT_MATCH,NG-GEO-000005,LOCKED_BASELINE_ASSERTED_REQUIRES_LIVE_RECHECK,SHARED_REFERENCE,Existing feature source subject directly matches existing geometry subject.
align:nngla:geographic_feature:NG-FEAT-000006,GEOGRAPHIC_FEATURE,river:novegeo:r000005,NG-FEAT-000006,NG-FEAT-000006,6,data/novegeo/nngla/geographic-identity-places/source/05_geographic_candidates/geographic_feature_candidates.csv,27ccd9919d42294f42b46449606af5ad88b4d7df1503eb8dd6c115d54c911c39,EXISTING_CANONICAL_FEATURE_IDENTITY_PRESERVED,DIRECT_EXISTING_GEOMETRY_SUBJECT_MATCH,NG-GEO-000006,LOCKED_BASELINE_ASSERTED_REQUIRES_LIVE_RECHECK,SHARED_REFERENCE,Existing feature source subject directly matches existing geometry subject.
align:nngla:geographic_feature:NG-FEAT-000007,GEOGRAPHIC_FEATURE,lake:novegeo:l000001,NG-FEAT-000007,NG-FEAT-000007,7,data/novegeo/nngla/geographic-identity-places/source/05_geographic_candidates/geographic_feature_candidates.csv,27ccd9919d42294f42b46449606af5ad88b4d7df1503eb8dd6c115d54c911c39,EXISTING_CANONICAL_FEATURE_IDENTITY_PRESERVED,DIRECT_EXISTING_GEOMETRY_SUBJECT_MATCH,NG-GEO-000007,LOCKED_BASELINE_ASSERTED_REQUIRES_LIVE_RECHECK,SHARED_REFERENCE,Existing feature source subject directly matches existing geometry subject.
align:nngla:geographic_feature:NG-FEAT-000008,GEOGRAPHIC_FEATURE,lake:novegeo:l000002,NG-FEAT-000008,NG-FEAT-000008,8,data/novegeo/nngla/geographic-identity-places/source/05_geographic_candidates/geographic_feature_candidates.csv,27ccd9919d42294f42b46449606af5ad88b4d7df1503eb8dd6c115d54c911c39,EXISTING_CANONICAL_FEATURE_IDENTITY_PRESERVED,DIRECT_EXISTING_GEOMETRY_SUBJECT_MATCH,NG-GEO-000008,LOCKED_BASELINE_ASSERTED_REQUIRES_LIVE_RECHECK,SHARED_REFERENCE,Existing feature source subject directly matches existing geometry subject.
align:nngla:geographic_feature:NG-FEAT-000009,GEOGRAPHIC_FEATURE,lake:novegeo:l000003,NG-FEAT-000009,NG-FEAT-000009,9,data/novegeo/nngla/geographic-identity-places/source/05_geographic_candidates/geographic_feature_candidates.csv,27ccd9919d42294f42b46449606af5ad88b4d7df1503eb8dd6c115d54c911c39,EXISTING_CANONICAL_FEATURE_IDENTITY_PRESERVED,DIRECT_EXISTING_GEOMETRY_SUBJECT_MATCH,NG-GEO-000009,LOCKED_BASELINE_ASSERTED_REQUIRES_LIVE_RECHECK,SHARED_REFERENCE,Existing feature source subject directly matches existing geometry subject.
align:nngla:geographic_feature:NG-FEAT-000010,GEOGRAPHIC_FEATURE,landform:novegeo:mountain:001,NG-FEAT-000010,NG-FEAT-000010,10,data/novegeo/nngla/geographic-identity-places/source/05_geographic_candidates/geographic_feature_candidates.csv,27ccd9919d42294f42b46449606af5ad88b4d7df1503eb8dd6c115d54c911c39,EXISTING_CANONICAL_FEATURE_IDENTITY_PRESERVED,DIRECT_EXISTING_GEOMETRY_SUBJECT_MATCH,NG-GEO-000010,LOCKED_BASELINE_ASSERTED_REQUIRES_LIVE_RECHECK,SHARED_REFERENCE,Existing feature source subject directly matches existing geometry subject.
align:nngla:geographic_feature:NG-FEAT-000011,GEOGRAPHIC_FEATURE,landform:novegeo:mountain:002,NG-FEAT-000011,NG-FEAT-000011,11,data/novegeo/nngla/geographic-identity-places/source/05_geographic_candidates/geographic_feature_candidates.csv,27ccd9919d42294f42b46449606af5ad88b4d7df1503eb8dd6c115d54c911c39,EXISTING_CANONICAL_FEATURE_IDENTITY_PRESERVED,DIRECT_EXISTING_GEOMETRY_SUBJECT_MATCH,NG-GEO-000011,LOCKED_BASELINE_ASSERTED_REQUIRES_LIVE_RECHECK,SHARED_REFERENCE,Existing feature source subject directly matches existing geometry subject.
align:nngla:geographic_feature:NG-FEAT-000012,GEOGRAPHIC_FEATURE,landform:novegeo:mountain:003,NG-FEAT-000012,NG-FEAT-000012,12,data/novegeo/nngla/geographic-identity-places/source/05_geographic_candidates/geographic_feature_candidates.csv,27ccd9919d42294f42b46449606af5ad88b4d7df1503eb8dd6c115d54c911c39,EXISTING_CANONICAL_FEATURE_IDENTITY_PRESERVED,DIRECT_EXISTING_GEOMETRY_SUBJECT_MATCH,NG-GEO-000012,LOCKED_BASELINE_ASSERTED_REQUIRES_LIVE_RECHECK,SHARED_REFERENCE,Existing feature source subject directly matches existing geometry subject.
align:nngla:geographic_feature:NG-FEAT-000013,GEOGRAPHIC_FEATURE,landform:novegeo:valley:001,NG-FEAT-000013,NG-FEAT-000013,13,data/novegeo/nngla/geographic-identity-places/source/05_geographic_candidates/geographic_feature_candidates.csv,27ccd9919d42294f42b46449606af5ad88b4d7df1503eb8dd6c115d54c911c39,EXISTING_CANONICAL_FEATURE_IDENTITY_PRESERVED,DIRECT_EXISTING_GEOMETRY_SUBJECT_MATCH,NG-GEO-000013,LOCKED_BASELINE_ASSERTED_REQUIRES_LIVE_RECHECK,SHARED_REFERENCE,Existing feature source subject directly matches existing geometry subject.
align:nngla:geographic_feature:NG-FEAT-000014,GEOGRAPHIC_FEATURE,landform:novegeo:valley:002,NG-FEAT-000014,NG-FEAT-000014,14,data/novegeo/nngla/geographic-identity-places/source/05_geographic_candidates/geographic_feature_candidates.csv,27ccd9919d42294f42b46449606af5ad88b4d7df1503eb8dd6c115d54c911c39,EXISTING_CANONICAL_FEATURE_IDENTITY_PRESERVED,DIRECT_EXISTING_GEOMETRY_SUBJECT_MATCH,NG-GEO-000014,LOCKED_BASELINE_ASSERTED_REQUIRES_LIVE_RECHECK,SHARED_REFERENCE,Existing feature source subject directly matches existing geometry subject.
align:nngla:geographic_feature:NG-FEAT-000015,GEOGRAPHIC_FEATURE,landform:novegeo:valley:003,NG-FEAT-000015,NG-FEAT-000015,15,data/novegeo/nngla/geographic-identity-places/source/05_geographic_candidates/geographic_feature_candidates.csv,27ccd9919d42294f42b46449606af5ad88b4d7df1503eb8dd6c115d54c911c39,EXISTING_CANONICAL_FEATURE_IDENTITY_PRESERVED,DIRECT_EXISTING_GEOMETRY_SUBJECT_MATCH,NG-GEO-000015,LOCKED_BASELINE_ASSERTED_REQUIRES_LIVE_RECHECK,SHARED_REFERENCE,Existing feature source subject directly matches existing geometry subject.
align:nngla:geographic_feature:NG-FEAT-000016,GEOGRAPHIC_FEATURE,landform:novegeo:plain:001,NG-FEAT-000016,NG-FEAT-000016,16,data/novegeo/nngla/geographic-identity-places/source/05_geographic_candidates/geographic_feature_candidates.csv,27ccd9919d42294f42b46449606af5ad88b4d7df1503eb8dd6c115d54c911c39,EXISTING_CANONICAL_FEATURE_IDENTITY_PRESERVED,DIRECT_EXISTING_GEOMETRY_SUBJECT_MATCH,NG-GEO-000016,LOCKED_BASELINE_ASSERTED_REQUIRES_LIVE_RECHECK,SHARED_REFERENCE,Existing feature source subject directly matches existing geometry subject.
align:nngla:geographic_feature:NG-FEAT-000017,GEOGRAPHIC_FEATURE,landform:novegeo:plain:002,NG-FEAT-000017,NG-FEAT-000017,17,data/novegeo/nngla/geographic-identity-places/source/05_geographic_candidates/geographic_feature_candidates.csv,27ccd9919d42294f42b46449606af5ad88b4d7df1503eb8dd6c115d54c911c39,EXISTING_CANONICAL_FEATURE_IDENTITY_PRESERVED,DIRECT_EXISTING_GEOMETRY_SUBJECT_MATCH,NG-GEO-000017,LOCKED_BASELINE_ASSERTED_REQUIRES_LIVE_RECHECK,SHARED_REFERENCE,Existing feature source subject directly matches existing geometry subject.
align:nngla:geographic_feature:NG-FEAT-000018,GEOGRAPHIC_FEATURE,landform:novegeo:plain:003,NG-FEAT-000018,NG-FEAT-000018,18,data/novegeo/nngla/geographic-identity-places/source/05_geographic_candidates/geographic_feature_candidates.csv,27ccd9919d42294f42b46449606af5ad88b4d7df1503eb8dd6c115d54c911c39,EXISTING_CANONICAL_FEATURE_IDENTITY_PRESERVED,DIRECT_EXISTING_GEOMETRY_SUBJECT_MATCH,NG-GEO-000018,LOCKED_BASELINE_ASSERTED_REQUIRES_LIVE_RECHECK,SHARED_REFERENCE,Existing feature source subject directly matches existing geometry subject.
align:nngla:geographic_feature:NG-FEAT-000019,GEOGRAPHIC_FEATURE,landform:novegeo:plateau:001,NG-FEAT-000019,NG-FEAT-000019,19,data/novegeo/nngla/geographic-identity-places/source/05_geographic_candidates/geographic_feature_candidates.csv,27ccd9919d42294f42b46449606af5ad88b4d7df1503eb8dd6c115d54c911c39,EXISTING_CANONICAL_FEATURE_IDENTITY_PRESERVED,DIRECT_EXISTING_GEOMETRY_SUBJECT_MATCH,NG-GEO-000019,LOCKED_BASELINE_ASSERTED_REQUIRES_LIVE_RECHECK,SHARED_REFERENCE,Existing feature source subject directly matches existing geometry subject.
align:nngla:geographic_feature:NG-FEAT-000020,GEOGRAPHIC_FEATURE,landform:novegeo:plateau:002,NG-FEAT-000020,NG-FEAT-000020,20,data/novegeo/nngla/geographic-identity-places/source/05_geographic_candidates/geographic_feature_candidates.csv,27ccd9919d42294f42b46449606af5ad88b4d7df1503eb8dd6c115d54c911c39,EXISTING_CANONICAL_FEATURE_IDENTITY_PRESERVED,DIRECT_EXISTING_GEOMETRY_SUBJECT_MATCH,NG-GEO-000020,LOCKED_BASELINE_ASSERTED_REQUIRES_LIVE_RECHECK,SHARED_REFERENCE,Existing feature source subject directly matches existing geometry subject.
align:nngla:geographic_feature:NG-FEAT-000021,GEOGRAPHIC_FEATURE,landform:novegeo:plateau:003,NG-FEAT-000021,NG-FEAT-000021,21,data/novegeo/nngla/geographic-identity-places/source/05_geographic_candidates/geographic_feature_candidates.csv,27ccd9919d42294f42b46449606af5ad88b4d7df1503eb8dd6c115d54c911c39,EXISTING_CANONICAL_FEATURE_IDENTITY_PRESERVED,DIRECT_EXISTING_GEOMETRY_SUBJECT_MATCH,NG-GEO-000021,LOCKED_BASELINE_ASSERTED_REQUIRES_LIVE_RECHECK,SHARED_REFERENCE,Existing feature source subject directly matches existing geometry subject.
align:nngla:existing_geometry:NG-GEO-000001,EXISTING_GEOMETRY,boundary:novegeo:sovereign:v002,NG-GEO-000001,NG-GEO-000001,1,data/novegeo/nngla/geometry-roads-addresses/source/05_geographic_candidates/geometry_version_candidates.csv,9942d01483e9f180739587f8b3b46cbea42785738ae7cd1145055788fee911bc,EXISTING_GEOMETRY_IDENTITY_PRESERVED,EXISTING_GEOMETRY_RECORD_PRESERVED,NG-GEO-000001,SOURCE_GEOMETRY_RECORD_NO_SEPARATE_OBJECT_RECHECK,SHARED_REFERENCE,Existing geometry allocations remain immutable; Bundle 17F creates no replacement geometry IDs.
align:nngla:existing_geometry:NG-GEO-000002,EXISTING_GEOMETRY,river:novegeo:r000001:geometry:v1,NG-GEO-000002,NG-GEO-000002,2,data/novegeo/nngla/geometry-roads-addresses/source/05_geographic_candidates/geometry_version_candidates.csv,9942d01483e9f180739587f8b3b46cbea42785738ae7cd1145055788fee911bc,EXISTING_GEOMETRY_IDENTITY_PRESERVED,EXISTING_GEOMETRY_RECORD_PRESERVED,NG-GEO-000002,SOURCE_GEOMETRY_RECORD_NO_SEPARATE_OBJECT_RECHECK,SHARED_REFERENCE,Existing geometry allocations remain immutable; Bundle 17F creates no replacement geometry IDs.
align:nngla:existing_geometry:NG-GEO-000003,EXISTING_GEOMETRY,river:novegeo:r000002:geometry:v1,NG-GEO-000003,NG-GEO-000003,3,data/novegeo/nngla/geometry-roads-addresses/source/05_geographic_candidates/geometry_version_candidates.csv,9942d01483e9f180739587f8b3b46cbea42785738ae7cd1145055788fee911bc,EXISTING_GEOMETRY_IDENTITY_PRESERVED,EXISTING_GEOMETRY_RECORD_PRESERVED,NG-GEO-000003,SOURCE_GEOMETRY_RECORD_NO_SEPARATE_OBJECT_RECHECK,SHARED_REFERENCE,Existing geometry allocations remain immutable; Bundle 17F creates no replacement geometry IDs.
align:nngla:existing_geometry:NG-GEO-000004,EXISTING_GEOMETRY,river:novegeo:r000003:geometry:v1,NG-GEO-000004,NG-GEO-000004,4,data/novegeo/nngla/geometry-roads-addresses/source/05_geographic_candidates/geometry_version_candidates.csv,9942d01483e9f180739587f8b3b46cbea42785738ae7cd1145055788fee911bc,EXISTING_GEOMETRY_IDENTITY_PRESERVED,EXISTING_GEOMETRY_RECORD_PRESERVED,NG-GEO-000004,SOURCE_GEOMETRY_RECORD_NO_SEPARATE_OBJECT_RECHECK,SHARED_REFERENCE,Existing geometry allocations remain immutable; Bundle 17F creates no replacement geometry IDs.
align:nngla:existing_geometry:NG-GEO-000005,EXISTING_GEOMETRY,river:novegeo:r000004:geometry:v1,NG-GEO-000005,NG-GEO-000005,5,data/novegeo/nngla/geometry-roads-addresses/source/05_geographic_candidates/geometry_version_candidates.csv,9942d01483e9f180739587f8b3b46cbea42785738ae7cd1145055788fee911bc,EXISTING_GEOMETRY_IDENTITY_PRESERVED,EXISTING_GEOMETRY_RECORD_PRESERVED,NG-GEO-000005,SOURCE_GEOMETRY_RECORD_NO_SEPARATE_OBJECT_RECHECK,SHARED_REFERENCE,Existing geometry allocations remain immutable; Bundle 17F creates no replacement geometry IDs.
align:nngla:existing_geometry:NG-GEO-000006,EXISTING_GEOMETRY,river:novegeo:r000005:geometry:v1,NG-GEO-000006,NG-GEO-000006,6,data/novegeo/nngla/geometry-roads-addresses/source/05_geographic_candidates/geometry_version_candidates.csv,9942d01483e9f180739587f8b3b46cbea42785738ae7cd1145055788fee911bc,EXISTING_GEOMETRY_IDENTITY_PRESERVED,EXISTING_GEOMETRY_RECORD_PRESERVED,NG-GEO-000006,SOURCE_GEOMETRY_RECORD_NO_SEPARATE_OBJECT_RECHECK,SHARED_REFERENCE,Existing geometry allocations remain immutable; Bundle 17F creates no replacement geometry IDs.
align:nngla:existing_geometry:NG-GEO-000007,EXISTING_GEOMETRY,lake:novegeo:l000001:geometry:v1,NG-GEO-000007,NG-GEO-000007,7,data/novegeo/nngla/geometry-roads-addresses/source/05_geographic_candidates/geometry_version_candidates.csv,9942d01483e9f180739587f8b3b46cbea42785738ae7cd1145055788fee911bc,EXISTING_GEOMETRY_IDENTITY_PRESERVED,EXISTING_GEOMETRY_RECORD_PRESERVED,NG-GEO-000007,SOURCE_GEOMETRY_RECORD_NO_SEPARATE_OBJECT_RECHECK,SHARED_REFERENCE,Existing geometry allocations remain immutable; Bundle 17F creates no replacement geometry IDs.
align:nngla:existing_geometry:NG-GEO-000008,EXISTING_GEOMETRY,lake:novegeo:l000002:geometry:v1,NG-GEO-000008,NG-GEO-000008,8,data/novegeo/nngla/geometry-roads-addresses/source/05_geographic_candidates/geometry_version_candidates.csv,9942d01483e9f180739587f8b3b46cbea42785738ae7cd1145055788fee911bc,EXISTING_GEOMETRY_IDENTITY_PRESERVED,EXISTING_GEOMETRY_RECORD_PRESERVED,NG-GEO-000008,SOURCE_GEOMETRY_RECORD_NO_SEPARATE_OBJECT_RECHECK,SHARED_REFERENCE,Existing geometry allocations remain immutable; Bundle 17F creates no replacement geometry IDs.
align:nngla:existing_geometry:NG-GEO-000009,EXISTING_GEOMETRY,lake:novegeo:l000003:geometry:v1,NG-GEO-000009,NG-GEO-000009,9,data/novegeo/nngla/geometry-roads-addresses/source/05_geographic_candidates/geometry_version_candidates.csv,9942d01483e9f180739587f8b3b46cbea42785738ae7cd1145055788fee911bc,EXISTING_GEOMETRY_IDENTITY_PRESERVED,EXISTING_GEOMETRY_RECORD_PRESERVED,NG-GEO-000009,SOURCE_GEOMETRY_RECORD_NO_SEPARATE_OBJECT_RECHECK,SHARED_REFERENCE,Existing geometry allocations remain immutable; Bundle 17F creates no replacement geometry IDs.
align:nngla:existing_geometry:NG-GEO-000010,EXISTING_GEOMETRY,landform:novegeo:mountain:001:geometry:v1,NG-GEO-000010,NG-GEO-000010,10,data/novegeo/nngla/geometry-roads-addresses/source/05_geographic_candidates/geometry_version_candidates.csv,9942d01483e9f180739587f8b3b46cbea42785738ae7cd1145055788fee911bc,EXISTING_GEOMETRY_IDENTITY_PRESERVED,EXISTING_GEOMETRY_RECORD_PRESERVED,NG-GEO-000010,SOURCE_GEOMETRY_RECORD_NO_SEPARATE_OBJECT_RECHECK,SHARED_REFERENCE,Existing geometry allocations remain immutable; Bundle 17F creates no replacement geometry IDs.
align:nngla:existing_geometry:NG-GEO-000011,EXISTING_GEOMETRY,landform:novegeo:mountain:002:geometry:v1,NG-GEO-000011,NG-GEO-000011,11,data/novegeo/nngla/geometry-roads-addresses/source/05_geographic_candidates/geometry_version_candidates.csv,9942d01483e9f180739587f8b3b46cbea42785738ae7cd1145055788fee911bc,EXISTING_GEOMETRY_IDENTITY_PRESERVED,EXISTING_GEOMETRY_RECORD_PRESERVED,NG-GEO-000011,SOURCE_GEOMETRY_RECORD_NO_SEPARATE_OBJECT_RECHECK,SHARED_REFERENCE,Existing geometry allocations remain immutable; Bundle 17F creates no replacement geometry IDs.
align:nngla:existing_geometry:NG-GEO-000012,EXISTING_GEOMETRY,landform:novegeo:mountain:003:geometry:v1,NG-GEO-000012,NG-GEO-000012,12,data/novegeo/nngla/geometry-roads-addresses/source/05_geographic_candidates/geometry_version_candidates.csv,9942d01483e9f180739587f8b3b46cbea42785738ae7cd1145055788fee911bc,EXISTING_GEOMETRY_IDENTITY_PRESERVED,EXISTING_GEOMETRY_RECORD_PRESERVED,NG-GEO-000012,SOURCE_GEOMETRY_RECORD_NO_SEPARATE_OBJECT_RECHECK,SHARED_REFERENCE,Existing geometry allocations remain immutable; Bundle 17F creates no replacement geometry IDs.
align:nngla:existing_geometry:NG-GEO-000013,EXISTING_GEOMETRY,landform:novegeo:valley:001:geometry:v1,NG-GEO-000013,NG-GEO-000013,13,data/novegeo/nngla/geometry-roads-addresses/source/05_geographic_candidates/geometry_version_candidates.csv,9942d01483e9f180739587f8b3b46cbea42785738ae7cd1145055788fee911bc,EXISTING_GEOMETRY_IDENTITY_PRESERVED,EXISTING_GEOMETRY_RECORD_PRESERVED,NG-GEO-000013,SOURCE_GEOMETRY_RECORD_NO_SEPARATE_OBJECT_RECHECK,SHARED_REFERENCE,Existing geometry allocations remain immutable; Bundle 17F creates no replacement geometry IDs.
align:nngla:existing_geometry:NG-GEO-000014,EXISTING_GEOMETRY,landform:novegeo:valley:002:geometry:v1,NG-GEO-000014,NG-GEO-000014,14,data/novegeo/nngla/geometry-roads-addresses/source/05_geographic_candidates/geometry_version_candidates.csv,9942d01483e9f180739587f8b3b46cbea42785738ae7cd1145055788fee911bc,EXISTING_GEOMETRY_IDENTITY_PRESERVED,EXISTING_GEOMETRY_RECORD_PRESERVED,NG-GEO-000014,SOURCE_GEOMETRY_RECORD_NO_SEPARATE_OBJECT_RECHECK,SHARED_REFERENCE,Existing geometry allocations remain immutable; Bundle 17F creates no replacement geometry IDs.
align:nngla:existing_geometry:NG-GEO-000015,EXISTING_GEOMETRY,landform:novegeo:valley:003:geometry:v1,NG-GEO-000015,NG-GEO-000015,15,data/novegeo/nngla/geometry-roads-addresses/source/05_geographic_candidates/geometry_version_candidates.csv,9942d01483e9f180739587f8b3b46cbea42785738ae7cd1145055788fee911bc,EXISTING_GEOMETRY_IDENTITY_PRESERVED,EXISTING_GEOMETRY_RECORD_PRESERVED,NG-GEO-000015,SOURCE_GEOMETRY_RECORD_NO_SEPARATE_OBJECT_RECHECK,SHARED_REFERENCE,Existing geometry allocations remain immutable; Bundle 17F creates no replacement geometry IDs.
align:nngla:existing_geometry:NG-GEO-000016,EXISTING_GEOMETRY,landform:novegeo:plain:001:geometry:v1,NG-GEO-000016,NG-GEO-000016,16,data/novegeo/nngla/geometry-roads-addresses/source/05_geographic_candidates/geometry_version_candidates.csv,9942d01483e9f180739587f8b3b46cbea42785738ae7cd1145055788fee911bc,EXISTING_GEOMETRY_IDENTITY_PRESERVED,EXISTING_GEOMETRY_RECORD_PRESERVED,NG-GEO-000016,SOURCE_GEOMETRY_RECORD_NO_SEPARATE_OBJECT_RECHECK,SHARED_REFERENCE,Existing geometry allocations remain immutable; Bundle 17F creates no replacement geometry IDs.
align:nngla:existing_geometry:NG-GEO-000017,EXISTING_GEOMETRY,landform:novegeo:plain:002:geometry:v1,NG-GEO-000017,NG-GEO-000017,17,data/novegeo/nngla/geometry-roads-addresses/source/05_geographic_candidates/geometry_version_candidates.csv,9942d01483e9f180739587f8b3b46cbea42785738ae7cd1145055788fee911bc,EXISTING_GEOMETRY_IDENTITY_PRESERVED,EXISTING_GEOMETRY_RECORD_PRESERVED,NG-GEO-000017,SOURCE_GEOMETRY_RECORD_NO_SEPARATE_OBJECT_RECHECK,SHARED_REFERENCE,Existing geometry allocations remain immutable; Bundle 17F creates no replacement geometry IDs.
align:nngla:existing_geometry:NG-GEO-000018,EXISTING_GEOMETRY,landform:novegeo:plain:003:geometry:v1,NG-GEO-000018,NG-GEO-000018,18,data/novegeo/nngla/geometry-roads-addresses/source/05_geographic_candidates/geometry_version_candidates.csv,9942d01483e9f180739587f8b3b46cbea42785738ae7cd1145055788fee911bc,EXISTING_GEOMETRY_IDENTITY_PRESERVED,EXISTING_GEOMETRY_RECORD_PRESERVED,NG-GEO-000018,SOURCE_GEOMETRY_RECORD_NO_SEPARATE_OBJECT_RECHECK,SHARED_REFERENCE,Existing geometry allocations remain immutable; Bundle 17F creates no replacement geometry IDs.
align:nngla:existing_geometry:NG-GEO-000019,EXISTING_GEOMETRY,landform:novegeo:plateau:001:geometry:v1,NG-GEO-000019,NG-GEO-000019,19,data/novegeo/nngla/geometry-roads-addresses/source/05_geographic_candidates/geometry_version_candidates.csv,9942d01483e9f180739587f8b3b46cbea42785738ae7cd1145055788fee911bc,EXISTING_GEOMETRY_IDENTITY_PRESERVED,EXISTING_GEOMETRY_RECORD_PRESERVED,NG-GEO-000019,SOURCE_GEOMETRY_RECORD_NO_SEPARATE_OBJECT_RECHECK,SHARED_REFERENCE,Existing geometry allocations remain immutable; Bundle 17F creates no replacement geometry IDs.
align:nngla:existing_geometry:NG-GEO-000020,EXISTING_GEOMETRY,landform:novegeo:plateau:002:geometry:v1,NG-GEO-000020,NG-GEO-000020,20,data/novegeo/nngla/geometry-roads-addresses/source/05_geographic_candidates/geometry_version_candidates.csv,9942d01483e9f180739587f8b3b46cbea42785738ae7cd1145055788fee911bc,EXISTING_GEOMETRY_IDENTITY_PRESERVED,EXISTING_GEOMETRY_RECORD_PRESERVED,NG-GEO-000020,SOURCE_GEOMETRY_RECORD_NO_SEPARATE_OBJECT_RECHECK,SHARED_REFERENCE,Existing geometry allocations remain immutable; Bundle 17F creates no replacement geometry IDs.
align:nngla:existing_geometry:NG-GEO-000021,EXISTING_GEOMETRY,landform:novegeo:plateau:003:geometry:v1,NG-GEO-000021,NG-GEO-000021,21,data/novegeo/nngla/geometry-roads-addresses/source/05_geographic_candidates/geometry_version_candidates.csv,9942d01483e9f180739587f8b3b46cbea42785738ae7cd1145055788fee911bc,EXISTING_GEOMETRY_IDENTITY_PRESERVED,EXISTING_GEOMETRY_RECORD_PRESERVED,NG-GEO-000021,SOURCE_GEOMETRY_RECORD_NO_SEPARATE_OBJECT_RECHECK,SHARED_REFERENCE,Existing geometry allocations remain immutable; Bundle 17F creates no replacement geometry IDs.
