association_candidate_id,subject_family,canonical_subject_id,source_subject_id,geometry_id,geometry_role_code,source_geometry_subject_id,association_status,association_basis,runtime_effect_scope,notes
assocand:nngla:place:NG-PLC-000001,PLACE,NG-PLC-000001,NGP-000001,,,,DEFERRED_NO_GEOMETRY,CANONICAL_IDENTITY_CONFIRMED_BUT_NO_GOVERNED_ASSOCIABLE_GEOMETRY_EXISTS,SHARED_REFERENCE,Spatial association remains deferred until governed settlement geometry exists.
assocand:nngla:place:NG-PLC-000002,PLACE,NG-PLC-000002,NGP-000002,,,,DEFERRED_NO_GEOMETRY,CANONICAL_IDENTITY_CONFIRMED_BUT_NO_GOVERNED_ASSOCIABLE_GEOMETRY_EXISTS,SHARED_REFERENCE,Spatial association remains deferred until governed settlement geometry exists.
assocand:nngla:place:NG-PLC-000003,PLACE,NG-PLC-000003,NGP-000003,,,,DEFERRED_NO_GEOMETRY,CANONICAL_IDENTITY_CONFIRMED_BUT_NO_GOVERNED_ASSOCIABLE_GEOMETRY_EXISTS,SHARED_REFERENCE,Spatial association remains deferred until governed settlement geometry exists.
assocand:nngla:place:NG-PLC-000004,PLACE,NG-PLC-000004,NGP-000004,,,,DEFERRED_NO_GEOMETRY,CANONICAL_IDENTITY_CONFIRMED_BUT_NO_GOVERNED_ASSOCIABLE_GEOMETRY_EXISTS,SHARED_REFERENCE,Spatial association remains deferred until governed settlement geometry exists.
assocand:nngla:place:NG-PLC-000005,PLACE,NG-PLC-000005,NGP-000005,,,,DEFERRED_NO_GEOMETRY,CANONICAL_IDENTITY_CONFIRMED_BUT_NO_GOVERNED_ASSOCIABLE_GEOMETRY_EXISTS,SHARED_REFERENCE,Spatial association remains deferred until governed settlement geometry exists.
assocand:nngla:place:NG-PLC-000006,PLACE,NG-PLC-000006,NGP-000006,,,,DEFERRED_NO_GEOMETRY,CANONICAL_IDENTITY_CONFIRMED_BUT_NO_GOVERNED_ASSOCIABLE_GEOMETRY_EXISTS,SHARED_REFERENCE,Spatial association remains deferred until governed settlement geometry exists.
assocand:nngla:place:NG-PLC-000007,PLACE,NG-PLC-000007,NGP-000007,,,,DEFERRED_NO_GEOMETRY,CANONICAL_IDENTITY_CONFIRMED_BUT_NO_GOVERNED_ASSOCIABLE_GEOMETRY_EXISTS,SHARED_REFERENCE,Spatial association remains deferred until governed settlement geometry exists.
assocand:nngla:place:NG-PLC-000008,PLACE,NG-PLC-000008,NGP-000008,,,,DEFERRED_NO_GEOMETRY,CANONICAL_IDENTITY_CONFIRMED_BUT_NO_GOVERNED_ASSOCIABLE_GEOMETRY_EXISTS,SHARED_REFERENCE,Spatial association remains deferred until governed settlement geometry exists.
assocand:nngla:place:NG-PLC-000009,PLACE,NG-PLC-000009,NGP-000009,,,,DEFERRED_NO_GEOMETRY,CANONICAL_IDENTITY_CONFIRMED_BUT_NO_GOVERNED_ASSOCIABLE_GEOMETRY_EXISTS,SHARED_REFERENCE,Spatial association remains deferred until governed settlement geometry exists.
assocand:nngla:place:NG-PLC-000010,PLACE,NG-PLC-000010,NGP-000010,,,,DEFERRED_NO_GEOMETRY,CANONICAL_IDENTITY_CONFIRMED_BUT_NO_GOVERNED_ASSOCIABLE_GEOMETRY_EXISTS,SHARED_REFERENCE,Spatial association remains deferred until governed settlement geometry exists.
assocand:nngla:place:NG-PLC-000011,PLACE,NG-PLC-000011,NGP-000011,,,,DEFERRED_NO_GEOMETRY,CANONICAL_IDENTITY_CONFIRMED_BUT_NO_GOVERNED_ASSOCIABLE_GEOMETRY_EXISTS,SHARED_REFERENCE,Spatial association remains deferred until governed settlement geometry exists.
assocand:nngla:place:NG-PLC-000012,PLACE,NG-PLC-000012,NGP-000012,,,,DEFERRED_NO_GEOMETRY,CANONICAL_IDENTITY_CONFIRMED_BUT_NO_GOVERNED_ASSOCIABLE_GEOMETRY_EXISTS,SHARED_REFERENCE,Spatial association remains deferred until governed settlement geometry exists.
assocand:nngla:place:NG-PLC-000013,PLACE,NG-PLC-000013,NGP-000013,,,,DEFERRED_NO_GEOMETRY,CANONICAL_IDENTITY_CONFIRMED_BUT_NO_GOVERNED_ASSOCIABLE_GEOMETRY_EXISTS,SHARED_REFERENCE,Spatial association remains deferred until governed settlement geometry exists.
assocand:nngla:place:NG-PLC-000014,PLACE,NG-PLC-000014,NGP-000014,,,,DEFERRED_NO_GEOMETRY,CANONICAL_IDENTITY_CONFIRMED_BUT_NO_GOVERNED_ASSOCIABLE_GEOMETRY_EXISTS,SHARED_REFERENCE,Spatial association remains deferred until governed settlement geometry exists.
assocand:nngla:place:NG-PLC-000015,PLACE,NG-PLC-000015,NGP-000015,,,,DEFERRED_NO_GEOMETRY,CANONICAL_IDENTITY_CONFIRMED_BUT_NO_GOVERNED_ASSOCIABLE_GEOMETRY_EXISTS,SHARED_REFERENCE,Spatial association remains deferred until governed settlement geometry exists.
assocand:nngla:place:NG-PLC-000016,PLACE,NG-PLC-000016,NGP-000016,,,,DEFERRED_NO_GEOMETRY,CANONICAL_IDENTITY_CONFIRMED_BUT_NO_GOVERNED_ASSOCIABLE_GEOMETRY_EXISTS,SHARED_REFERENCE,Spatial association remains deferred until governed settlement geometry exists.
assocand:nngla:place:NG-PLC-000017,PLACE,NG-PLC-000017,NGP-000017,,,,DEFERRED_NO_GEOMETRY,CANONICAL_IDENTITY_CONFIRMED_BUT_NO_GOVERNED_ASSOCIABLE_GEOMETRY_EXISTS,SHARED_REFERENCE,Spatial association remains deferred until governed settlement geometry exists.
assocand:nngla:place:NG-PLC-000018,PLACE,NG-PLC-000018,NGP-000018,,,,DEFERRED_NO_GEOMETRY,CANONICAL_IDENTITY_CONFIRMED_BUT_NO_GOVERNED_ASSOCIABLE_GEOMETRY_EXISTS,SHARED_REFERENCE,Spatial association remains deferred until governed settlement geometry exists.
assocand:nngla:place:NG-PLC-000019,PLACE,NG-PLC-000019,NGP-000019,,,,DEFERRED_NO_GEOMETRY,CANONICAL_IDENTITY_CONFIRMED_BUT_NO_GOVERNED_ASSOCIABLE_GEOMETRY_EXISTS,SHARED_REFERENCE,Spatial association remains deferred until governed settlement geometry exists.
assocand:nngla:place:NG-PLC-000020,PLACE,NG-PLC-000020,NGP-000020,,,,DEFERRED_NO_GEOMETRY,CANONICAL_IDENTITY_CONFIRMED_BUT_NO_GOVERNED_ASSOCIABLE_GEOMETRY_EXISTS,SHARED_REFERENCE,Spatial association remains deferred until governed settlement geometry exists.
assocand:nngla:place:NG-PLC-000021,PLACE,NG-PLC-000021,NGP-000021,,,,DEFERRED_NO_GEOMETRY,CANONICAL_IDENTITY_CONFIRMED_BUT_NO_GOVERNED_ASSOCIABLE_GEOMETRY_EXISTS,SHARED_REFERENCE,Spatial association remains deferred until governed settlement geometry exists.
assocand:nngla:place:NG-PLC-000022,PLACE,NG-PLC-000022,NGP-000022,,,,DEFERRED_NO_GEOMETRY,CANONICAL_IDENTITY_CONFIRMED_BUT_NO_GOVERNED_ASSOCIABLE_GEOMETRY_EXISTS,SHARED_REFERENCE,Spatial association remains deferred until governed settlement geometry exists.
assocand:nngla:place:NG-PLC-000023,PLACE,NG-PLC-000023,NGP-000023,,,,DEFERRED_NO_GEOMETRY,CANONICAL_IDENTITY_CONFIRMED_BUT_NO_GOVERNED_ASSOCIABLE_GEOMETRY_EXISTS,SHARED_REFERENCE,Spatial association remains deferred until governed settlement geometry exists.
assocand:nngla:place:NG-PLC-000024,PLACE,NG-PLC-000024,NGP-000024,,,,DEFERRED_NO_GEOMETRY,CANONICAL_IDENTITY_CONFIRMED_BUT_NO_GOVERNED_ASSOCIABLE_GEOMETRY_EXISTS,SHARED_REFERENCE,Spatial association remains deferred until governed settlement geometry exists.
assocand:nngla:place:NG-PLC-000025,PLACE,NG-PLC-000025,NGP-000025,,,,DEFERRED_NO_GEOMETRY,CANONICAL_IDENTITY_CONFIRMED_BUT_NO_GOVERNED_ASSOCIABLE_GEOMETRY_EXISTS,SHARED_REFERENCE,Spatial association remains deferred until governed settlement geometry exists.
assocand:nngla:place:NG-PLC-000026,PLACE,NG-PLC-000026,NGP-000026,,,,DEFERRED_NO_GEOMETRY,CANONICAL_IDENTITY_CONFIRMED_BUT_NO_GOVERNED_ASSOCIABLE_GEOMETRY_EXISTS,SHARED_REFERENCE,Spatial association remains deferred until governed settlement geometry exists.
assocand:nngla:place:NG-PLC-000027,PLACE,NG-PLC-000027,NGP-000027,,,,DEFERRED_NO_GEOMETRY,CANONICAL_IDENTITY_CONFIRMED_BUT_NO_GOVERNED_ASSOCIABLE_GEOMETRY_EXISTS,SHARED_REFERENCE,Spatial association remains deferred until governed settlement geometry exists.
assocand:nngla:place:NG-PLC-000028,PLACE,NG-PLC-000028,NGP-000028,,,,DEFERRED_NO_GEOMETRY,CANONICAL_IDENTITY_CONFIRMED_BUT_NO_GOVERNED_ASSOCIABLE_GEOMETRY_EXISTS,SHARED_REFERENCE,Spatial association remains deferred until governed settlement geometry exists.
assocand:nngla:place:NG-PLC-000029,PLACE,NG-PLC-000029,NGP-000029,,,,DEFERRED_NO_GEOMETRY,CANONICAL_IDENTITY_CONFIRMED_BUT_NO_GOVERNED_ASSOCIABLE_GEOMETRY_EXISTS,SHARED_REFERENCE,Spatial association remains deferred until governed settlement geometry exists.
assocand:nngla:place:NG-PLC-000030,PLACE,NG-PLC-000030,NGP-000030,,,,DEFERRED_NO_GEOMETRY,CANONICAL_IDENTITY_CONFIRMED_BUT_NO_GOVERNED_ASSOCIABLE_GEOMETRY_EXISTS,SHARED_REFERENCE,Spatial association remains deferred until governed settlement geometry exists.
assocand:nngla:place:NG-PLC-000031,PLACE,NG-PLC-000031,NGP-000031,,,,DEFERRED_NO_GEOMETRY,CANONICAL_IDENTITY_CONFIRMED_BUT_NO_GOVERNED_ASSOCIABLE_GEOMETRY_EXISTS,SHARED_REFERENCE,Spatial association remains deferred until governed settlement geometry exists.
assocand:nngla:place:NG-PLC-000032,PLACE,NG-PLC-000032,NGP-000032,,,,DEFERRED_NO_GEOMETRY,CANONICAL_IDENTITY_CONFIRMED_BUT_NO_GOVERNED_ASSOCIABLE_GEOMETRY_EXISTS,SHARED_REFERENCE,Spatial association remains deferred until governed settlement geometry exists.
assocand:nngla:place:NG-PLC-000033,PLACE,NG-PLC-000033,NGP-000033,,,,DEFERRED_NO_GEOMETRY,CANONICAL_IDENTITY_CONFIRMED_BUT_NO_GOVERNED_ASSOCIABLE_GEOMETRY_EXISTS,SHARED_REFERENCE,Spatial association remains deferred until governed settlement geometry exists.
assocand:nngla:place:NG-PLC-000034,PLACE,NG-PLC-000034,NGP-000034,,,,DEFERRED_NO_GEOMETRY,CANONICAL_IDENTITY_CONFIRMED_BUT_NO_GOVERNED_ASSOCIABLE_GEOMETRY_EXISTS,SHARED_REFERENCE,Spatial association remains deferred until governed settlement geometry exists.
assocand:nngla:place:NG-PLC-000035,PLACE,NG-PLC-000035,NGP-000035,,,,DEFERRED_NO_GEOMETRY,CANONICAL_IDENTITY_CONFIRMED_BUT_NO_GOVERNED_ASSOCIABLE_GEOMETRY_EXISTS,SHARED_REFERENCE,Spatial association remains deferred until governed settlement geometry exists.
assocand:nngla:place:NG-PLC-000036,PLACE,NG-PLC-000036,NGP-000036,,,,DEFERRED_NO_GEOMETRY,CANONICAL_IDENTITY_CONFIRMED_BUT_NO_GOVERNED_ASSOCIABLE_GEOMETRY_EXISTS,SHARED_REFERENCE,Spatial association remains deferred until governed settlement geometry exists.
assocand:nngla:place:NG-PLC-000037,PLACE,NG-PLC-000037,NGP-000037,,,,DEFERRED_NO_GEOMETRY,CANONICAL_IDENTITY_CONFIRMED_BUT_NO_GOVERNED_ASSOCIABLE_GEOMETRY_EXISTS,SHARED_REFERENCE,Spatial association remains deferred until governed settlement geometry exists.
assocand:nngla:place:NG-PLC-000038,PLACE,NG-PLC-000038,NGP-000038,,,,DEFERRED_NO_GEOMETRY,CANONICAL_IDENTITY_CONFIRMED_BUT_NO_GOVERNED_ASSOCIABLE_GEOMETRY_EXISTS,SHARED_REFERENCE,Spatial association remains deferred until governed settlement geometry exists.
assocand:nngla:place:NG-PLC-000039,PLACE,NG-PLC-000039,NGP-000039,,,,DEFERRED_NO_GEOMETRY,CANONICAL_IDENTITY_CONFIRMED_BUT_NO_GOVERNED_ASSOCIABLE_GEOMETRY_EXISTS,SHARED_REFERENCE,Spatial association remains deferred until governed settlement geometry exists.
assocand:nngla:place:NG-PLC-000040,PLACE,NG-PLC-000040,NGP-000040,,,,DEFERRED_NO_GEOMETRY,CANONICAL_IDENTITY_CONFIRMED_BUT_NO_GOVERNED_ASSOCIABLE_GEOMETRY_EXISTS,SHARED_REFERENCE,Spatial association remains deferred until governed settlement geometry exists.
assocand:nngla:place:NG-PLC-000041,PLACE,NG-PLC-000041,NGP-000041,,,,DEFERRED_NO_GEOMETRY,CANONICAL_IDENTITY_CONFIRMED_BUT_NO_GOVERNED_ASSOCIABLE_GEOMETRY_EXISTS,SHARED_REFERENCE,Spatial association remains deferred until governed settlement geometry exists.
assocand:nngla:place:NG-PLC-000042,PLACE,NG-PLC-000042,NGP-000042,,,,DEFERRED_NO_GEOMETRY,CANONICAL_IDENTITY_CONFIRMED_BUT_NO_GOVERNED_ASSOCIABLE_GEOMETRY_EXISTS,SHARED_REFERENCE,Spatial association remains deferred until governed settlement geometry exists.
assocand:nngla:place:NG-PLC-000043,PLACE,NG-PLC-000043,NGP-000043,,,,DEFERRED_NO_GEOMETRY,CANONICAL_IDENTITY_CONFIRMED_BUT_NO_GOVERNED_ASSOCIABLE_GEOMETRY_EXISTS,SHARED_REFERENCE,Spatial association remains deferred until governed settlement geometry exists.
assocand:nngla:place:NG-PLC-000044,PLACE,NG-PLC-000044,NGP-000044,,,,DEFERRED_NO_GEOMETRY,CANONICAL_IDENTITY_CONFIRMED_BUT_NO_GOVERNED_ASSOCIABLE_GEOMETRY_EXISTS,SHARED_REFERENCE,Spatial association remains deferred until governed settlement geometry exists.
assocand:nngla:place:NG-PLC-000045,PLACE,NG-PLC-000045,NGP-000045,,,,DEFERRED_NO_GEOMETRY,CANONICAL_IDENTITY_CONFIRMED_BUT_NO_GOVERNED_ASSOCIABLE_GEOMETRY_EXISTS,SHARED_REFERENCE,Spatial association remains deferred until governed settlement geometry exists.
assocand:nngla:place:NG-PLC-000046,PLACE,NG-PLC-000046,NGP-000046,,,,DEFERRED_NO_GEOMETRY,CANONICAL_IDENTITY_CONFIRMED_BUT_NO_GOVERNED_ASSOCIABLE_GEOMETRY_EXISTS,SHARED_REFERENCE,Spatial association remains deferred until governed settlement geometry exists.
assocand:nngla:place:NG-PLC-000047,PLACE,NG-PLC-000047,NGP-000047,,,,DEFERRED_NO_GEOMETRY,CANONICAL_IDENTITY_CONFIRMED_BUT_NO_GOVERNED_ASSOCIABLE_GEOMETRY_EXISTS,SHARED_REFERENCE,Spatial association remains deferred until governed settlement geometry exists.
assocand:nngla:place:NG-PLC-000048,PLACE,NG-PLC-000048,NGP-000048,,,,DEFERRED_NO_GEOMETRY,CANONICAL_IDENTITY_CONFIRMED_BUT_NO_GOVERNED_ASSOCIABLE_GEOMETRY_EXISTS,SHARED_REFERENCE,Spatial association remains deferred until governed settlement geometry exists.
assocand:nngla:place:NG-PLC-000049,PLACE,NG-PLC-000049,NGP-000049,,,,DEFERRED_NO_GEOMETRY,CANONICAL_IDENTITY_CONFIRMED_BUT_NO_GOVERNED_ASSOCIABLE_GEOMETRY_EXISTS,SHARED_REFERENCE,Spatial association remains deferred until governed settlement geometry exists.
assocand:nngla:place:NG-PLC-000050,PLACE,NG-PLC-000050,NGP-000050,,,,DEFERRED_NO_GEOMETRY,CANONICAL_IDENTITY_CONFIRMED_BUT_NO_GOVERNED_ASSOCIABLE_GEOMETRY_EXISTS,SHARED_REFERENCE,Spatial association remains deferred until governed settlement geometry exists.
assocand:nngla:place:NG-PLC-000051,PLACE,NG-PLC-000051,NGP-000051,,,,DEFERRED_NO_GEOMETRY,CANONICAL_IDENTITY_CONFIRMED_BUT_NO_GOVERNED_ASSOCIABLE_GEOMETRY_EXISTS,SHARED_REFERENCE,Spatial association remains deferred until governed settlement geometry exists.
assocand:nngla:place:NG-PLC-000052,PLACE,NG-PLC-000052,NGP-000052,,,,DEFERRED_NO_GEOMETRY,CANONICAL_IDENTITY_CONFIRMED_BUT_NO_GOVERNED_ASSOCIABLE_GEOMETRY_EXISTS,SHARED_REFERENCE,Spatial association remains deferred until governed settlement geometry exists.
assocand:nngla:place:NG-PLC-000053,PLACE,NG-PLC-000053,NGP-000053,,,,DEFERRED_NO_GEOMETRY,CANONICAL_IDENTITY_CONFIRMED_BUT_NO_GOVERNED_ASSOCIABLE_GEOMETRY_EXISTS,SHARED_REFERENCE,Spatial association remains deferred until governed settlement geometry exists.
assocand:nngla:place:NG-PLC-000054,PLACE,NG-PLC-000054,NGP-000054,,,,DEFERRED_NO_GEOMETRY,CANONICAL_IDENTITY_CONFIRMED_BUT_NO_GOVERNED_ASSOCIABLE_GEOMETRY_EXISTS,SHARED_REFERENCE,Spatial association remains deferred until governed settlement geometry exists.
assocand:nngla:place:NG-PLC-000055,PLACE,NG-PLC-000055,NGP-000055,,,,DEFERRED_NO_GEOMETRY,CANONICAL_IDENTITY_CONFIRMED_BUT_NO_GOVERNED_ASSOCIABLE_GEOMETRY_EXISTS,SHARED_REFERENCE,Spatial association remains deferred until governed settlement geometry exists.
assocand:nngla:place:NG-PLC-000056,PLACE,NG-PLC-000056,NGP-000056,,,,DEFERRED_NO_GEOMETRY,CANONICAL_IDENTITY_CONFIRMED_BUT_NO_GOVERNED_ASSOCIABLE_GEOMETRY_EXISTS,SHARED_REFERENCE,Spatial association remains deferred until governed settlement geometry exists.
assocand:nngla:place:NG-PLC-000057,PLACE,NG-PLC-000057,NGP-000057,,,,DEFERRED_NO_GEOMETRY,CANONICAL_IDENTITY_CONFIRMED_BUT_NO_GOVERNED_ASSOCIABLE_GEOMETRY_EXISTS,SHARED_REFERENCE,Spatial association remains deferred until governed settlement geometry exists.
assocand:nngla:place:NG-PLC-000058,PLACE,NG-PLC-000058,NGP-000058,,,,DEFERRED_NO_GEOMETRY,CANONICAL_IDENTITY_CONFIRMED_BUT_NO_GOVERNED_ASSOCIABLE_GEOMETRY_EXISTS,SHARED_REFERENCE,Spatial association remains deferred until governed settlement geometry exists.
assocand:nngla:place:NG-PLC-000059,PLACE,NG-PLC-000059,NGP-000059,,,,DEFERRED_NO_GEOMETRY,CANONICAL_IDENTITY_CONFIRMED_BUT_NO_GOVERNED_ASSOCIABLE_GEOMETRY_EXISTS,SHARED_REFERENCE,Spatial association remains deferred until governed settlement geometry exists.
assocand:nngla:place:NG-PLC-000060,PLACE,NG-PLC-000060,NGP-000060,,,,DEFERRED_NO_GEOMETRY,CANONICAL_IDENTITY_CONFIRMED_BUT_NO_GOVERNED_ASSOCIABLE_GEOMETRY_EXISTS,SHARED_REFERENCE,Spatial association remains deferred until governed settlement geometry exists.
assocand:nngla:place:NG-PLC-000061,PLACE,NG-PLC-000061,NGP-000061,,,,DEFERRED_NO_GEOMETRY,CANONICAL_IDENTITY_CONFIRMED_BUT_NO_GOVERNED_ASSOCIABLE_GEOMETRY_EXISTS,SHARED_REFERENCE,Spatial association remains deferred until governed settlement geometry exists.
assocand:nngla:place:NG-PLC-000062,PLACE,NG-PLC-000062,NGP-000062,,,,DEFERRED_NO_GEOMETRY,CANONICAL_IDENTITY_CONFIRMED_BUT_NO_GOVERNED_ASSOCIABLE_GEOMETRY_EXISTS,SHARED_REFERENCE,Spatial association remains deferred until governed settlement geometry exists.
assocand:nngla:place:NG-PLC-000063,PLACE,NG-PLC-000063,NGP-000063,,,,DEFERRED_NO_GEOMETRY,CANONICAL_IDENTITY_CONFIRMED_BUT_NO_GOVERNED_ASSOCIABLE_GEOMETRY_EXISTS,SHARED_REFERENCE,Spatial association remains deferred until governed settlement geometry exists.
assocand:nngla:place:NG-PLC-000064,PLACE,NG-PLC-000064,NGP-000064,,,,DEFERRED_NO_GEOMETRY,CANONICAL_IDENTITY_CONFIRMED_BUT_NO_GOVERNED_ASSOCIABLE_GEOMETRY_EXISTS,SHARED_REFERENCE,Spatial association remains deferred until governed settlement geometry exists.
assocand:nngla:place:NG-PLC-000065,PLACE,NG-PLC-000065,NGP-000065,,,,DEFERRED_NO_GEOMETRY,CANONICAL_IDENTITY_CONFIRMED_BUT_NO_GOVERNED_ASSOCIABLE_GEOMETRY_EXISTS,SHARED_REFERENCE,Spatial association remains deferred until governed settlement geometry exists.
assocand:nngla:place:NG-PLC-000066,PLACE,NG-PLC-000066,NGP-000066,,,,DEFERRED_NO_GEOMETRY,CANONICAL_IDENTITY_CONFIRMED_BUT_NO_GOVERNED_ASSOCIABLE_GEOMETRY_EXISTS,SHARED_REFERENCE,Spatial association remains deferred until governed settlement geometry exists.
assocand:nngla:place:NG-PLC-000067,PLACE,NG-PLC-000067,NGP-000067,,,,DEFERRED_NO_GEOMETRY,CANONICAL_IDENTITY_CONFIRMED_BUT_NO_GOVERNED_ASSOCIABLE_GEOMETRY_EXISTS,SHARED_REFERENCE,Spatial association remains deferred until governed settlement geometry exists.
assocand:nngla:place:NG-PLC-000068,PLACE,NG-PLC-000068,NGP-000068,,,,DEFERRED_NO_GEOMETRY,CANONICAL_IDENTITY_CONFIRMED_BUT_NO_GOVERNED_ASSOCIABLE_GEOMETRY_EXISTS,SHARED_REFERENCE,Spatial association remains deferred until governed settlement geometry exists.
assocand:nngla:place:NG-PLC-000069,PLACE,NG-PLC-000069,NGP-000069,,,,DEFERRED_NO_GEOMETRY,CANONICAL_IDENTITY_CONFIRMED_BUT_NO_GOVERNED_ASSOCIABLE_GEOMETRY_EXISTS,SHARED_REFERENCE,Spatial association remains deferred until governed settlement geometry exists.
assocand:nngla:place:NG-PLC-000070,PLACE,NG-PLC-000070,NGP-000070,,,,DEFERRED_NO_GEOMETRY,CANONICAL_IDENTITY_CONFIRMED_BUT_NO_GOVERNED_ASSOCIABLE_GEOMETRY_EXISTS,SHARED_REFERENCE,Spatial association remains deferred until governed settlement geometry exists.
assocand:nngla:place:NG-PLC-000071,PLACE,NG-PLC-000071,NGP-000071,,,,DEFERRED_NO_GEOMETRY,CANONICAL_IDENTITY_CONFIRMED_BUT_NO_GOVERNED_ASSOCIABLE_GEOMETRY_EXISTS,SHARED_REFERENCE,Spatial association remains deferred until governed settlement geometry exists.
assocand:nngla:place:NG-PLC-000072,PLACE,NG-PLC-000072,NGP-000072,,,,DEFERRED_NO_GEOMETRY,CANONICAL_IDENTITY_CONFIRMED_BUT_NO_GOVERNED_ASSOCIABLE_GEOMETRY_EXISTS,SHARED_REFERENCE,Spatial association remains deferred until governed settlement geometry exists.
assocand:nngla:place:NG-PLC-000073,PLACE,NG-PLC-000073,NGP-000073,,,,DEFERRED_NO_GEOMETRY,CANONICAL_IDENTITY_CONFIRMED_BUT_NO_GOVERNED_ASSOCIABLE_GEOMETRY_EXISTS,SHARED_REFERENCE,Spatial association remains deferred until governed settlement geometry exists.
assocand:nngla:place:NG-PLC-000074,PLACE,NG-PLC-000074,NGP-000074,,,,DEFERRED_NO_GEOMETRY,CANONICAL_IDENTITY_CONFIRMED_BUT_NO_GOVERNED_ASSOCIABLE_GEOMETRY_EXISTS,SHARED_REFERENCE,Spatial association remains deferred until governed settlement geometry exists.
assocand:nngla:place:NG-PLC-000075,PLACE,NG-PLC-000075,NGP-000075,,,,DEFERRED_NO_GEOMETRY,CANONICAL_IDENTITY_CONFIRMED_BUT_NO_GOVERNED_ASSOCIABLE_GEOMETRY_EXISTS,SHARED_REFERENCE,Spatial association remains deferred until governed settlement geometry exists.
assocand:nngla:place:NG-PLC-000076,PLACE,NG-PLC-000076,NGP-000076,,,,DEFERRED_NO_GEOMETRY,CANONICAL_IDENTITY_CONFIRMED_BUT_NO_GOVERNED_ASSOCIABLE_GEOMETRY_EXISTS,SHARED_REFERENCE,Spatial association remains deferred until governed settlement geometry exists.
assocand:nngla:place:NG-PLC-000077,PLACE,NG-PLC-000077,NGP-000077,,,,DEFERRED_NO_GEOMETRY,CANONICAL_IDENTITY_CONFIRMED_BUT_NO_GOVERNED_ASSOCIABLE_GEOMETRY_EXISTS,SHARED_REFERENCE,Spatial association remains deferred until governed settlement geometry exists.
assocand:nngla:place:NG-PLC-000078,PLACE,NG-PLC-000078,NGP-000078,,,,DEFERRED_NO_GEOMETRY,CANONICAL_IDENTITY_CONFIRMED_BUT_NO_GOVERNED_ASSOCIABLE_GEOMETRY_EXISTS,SHARED_REFERENCE,Spatial association remains deferred until governed settlement geometry exists.
assocand:nngla:place:NG-PLC-000079,PLACE,NG-PLC-000079,NGP-000079,,,,DEFERRED_NO_GEOMETRY,CANONICAL_IDENTITY_CONFIRMED_BUT_NO_GOVERNED_ASSOCIABLE_GEOMETRY_EXISTS,SHARED_REFERENCE,Spatial association remains deferred until governed settlement geometry exists.
assocand:nngla:place:NG-PLC-000080,PLACE,NG-PLC-000080,NGP-000080,,,,DEFERRED_NO_GEOMETRY,CANONICAL_IDENTITY_CONFIRMED_BUT_NO_GOVERNED_ASSOCIABLE_GEOMETRY_EXISTS,SHARED_REFERENCE,Spatial association remains deferred until governed settlement geometry exists.
assocand:nngla:place:NG-PLC-000081,PLACE,NG-PLC-000081,NGP-000081,,,,DEFERRED_NO_GEOMETRY,CANONICAL_IDENTITY_CONFIRMED_BUT_NO_GOVERNED_ASSOCIABLE_GEOMETRY_EXISTS,SHARED_REFERENCE,Spatial association remains deferred until governed settlement geometry exists.
assocand:nngla:place:NG-PLC-000082,PLACE,NG-PLC-000082,NGP-000082,,,,DEFERRED_NO_GEOMETRY,CANONICAL_IDENTITY_CONFIRMED_BUT_NO_GOVERNED_ASSOCIABLE_GEOMETRY_EXISTS,SHARED_REFERENCE,Spatial association remains deferred until governed settlement geometry exists.
assocand:nngla:place:NG-PLC-000083,PLACE,NG-PLC-000083,NGP-000083,,,,DEFERRED_NO_GEOMETRY,CANONICAL_IDENTITY_CONFIRMED_BUT_NO_GOVERNED_ASSOCIABLE_GEOMETRY_EXISTS,SHARED_REFERENCE,Spatial association remains deferred until governed settlement geometry exists.
assocand:nngla:place:NG-PLC-000084,PLACE,NG-PLC-000084,NGP-000084,,,,DEFERRED_NO_GEOMETRY,CANONICAL_IDENTITY_CONFIRMED_BUT_NO_GOVERNED_ASSOCIABLE_GEOMETRY_EXISTS,SHARED_REFERENCE,Spatial association remains deferred until governed settlement geometry exists.
assocand:nngla:place:NG-PLC-000085,PLACE,NG-PLC-000085,NGP-000085,,,,DEFERRED_NO_GEOMETRY,CANONICAL_IDENTITY_CONFIRMED_BUT_NO_GOVERNED_ASSOCIABLE_GEOMETRY_EXISTS,SHARED_REFERENCE,Spatial association remains deferred until governed settlement geometry exists.
assocand:nngla:place:NG-PLC-000086,PLACE,NG-PLC-000086,NGP-000086,,,,DEFERRED_NO_GEOMETRY,CANONICAL_IDENTITY_CONFIRMED_BUT_NO_GOVERNED_ASSOCIABLE_GEOMETRY_EXISTS,SHARED_REFERENCE,Spatial association remains deferred until governed settlement geometry exists.
assocand:nngla:place:NG-PLC-000087,PLACE,NG-PLC-000087,NGP-000087,,,,DEFERRED_NO_GEOMETRY,CANONICAL_IDENTITY_CONFIRMED_BUT_NO_GOVERNED_ASSOCIABLE_GEOMETRY_EXISTS,SHARED_REFERENCE,Spatial association remains deferred until governed settlement geometry exists.
assocand:nngla:place:NG-PLC-000088,PLACE,NG-PLC-000088,NGP-000088,,,,DEFERRED_NO_GEOMETRY,CANONICAL_IDENTITY_CONFIRMED_BUT_NO_GOVERNED_ASSOCIABLE_GEOMETRY_EXISTS,SHARED_REFERENCE,Spatial association remains deferred until governed settlement geometry exists.
assocand:nngla:place:NG-PLC-000089,PLACE,NG-PLC-000089,NGP-000089,,,,DEFERRED_NO_GEOMETRY,CANONICAL_IDENTITY_CONFIRMED_BUT_NO_GOVERNED_ASSOCIABLE_GEOMETRY_EXISTS,SHARED_REFERENCE,Spatial association remains deferred until governed settlement geometry exists.
assocand:nngla:place:NG-PLC-000090,PLACE,NG-PLC-000090,NGP-000090,,,,DEFERRED_NO_GEOMETRY,CANONICAL_IDENTITY_CONFIRMED_BUT_NO_GOVERNED_ASSOCIABLE_GEOMETRY_EXISTS,SHARED_REFERENCE,Spatial association remains deferred until governed settlement geometry exists.
assocand:nngla:place:NG-PLC-000091,PLACE,NG-PLC-000091,NGP-000091,,,,DEFERRED_NO_GEOMETRY,CANONICAL_IDENTITY_CONFIRMED_BUT_NO_GOVERNED_ASSOCIABLE_GEOMETRY_EXISTS,SHARED_REFERENCE,Spatial association remains deferred until governed settlement geometry exists.
assocand:nngla:place:NG-PLC-000092,PLACE,NG-PLC-000092,NGP-000092,,,,DEFERRED_NO_GEOMETRY,CANONICAL_IDENTITY_CONFIRMED_BUT_NO_GOVERNED_ASSOCIABLE_GEOMETRY_EXISTS,SHARED_REFERENCE,Spatial association remains deferred until governed settlement geometry exists.
assocand:nngla:place:NG-PLC-000093,PLACE,NG-PLC-000093,NGP-000093,,,,DEFERRED_NO_GEOMETRY,CANONICAL_IDENTITY_CONFIRMED_BUT_NO_GOVERNED_ASSOCIABLE_GEOMETRY_EXISTS,SHARED_REFERENCE,Spatial association remains deferred until governed settlement geometry exists.
assocand:nngla:place:NG-PLC-000094,PLACE,NG-PLC-000094,NGP-000094,,,,DEFERRED_NO_GEOMETRY,CANONICAL_IDENTITY_CONFIRMED_BUT_NO_GOVERNED_ASSOCIABLE_GEOMETRY_EXISTS,SHARED_REFERENCE,Spatial association remains deferred until governed settlement geometry exists.
assocand:nngla:place:NG-PLC-000095,PLACE,NG-PLC-000095,NGP-000095,,,,DEFERRED_NO_GEOMETRY,CANONICAL_IDENTITY_CONFIRMED_BUT_NO_GOVERNED_ASSOCIABLE_GEOMETRY_EXISTS,SHARED_REFERENCE,Spatial association remains deferred until governed settlement geometry exists.
assocand:nngla:place:NG-PLC-000096,PLACE,NG-PLC-000096,NGP-000096,,,,DEFERRED_NO_GEOMETRY,CANONICAL_IDENTITY_CONFIRMED_BUT_NO_GOVERNED_ASSOCIABLE_GEOMETRY_EXISTS,SHARED_REFERENCE,Spatial association remains deferred until governed settlement geometry exists.
assocand:nngla:place:NG-PLC-000097,PLACE,NG-PLC-000097,NGP-000097,,,,DEFERRED_NO_GEOMETRY,CANONICAL_IDENTITY_CONFIRMED_BUT_NO_GOVERNED_ASSOCIABLE_GEOMETRY_EXISTS,SHARED_REFERENCE,Spatial association remains deferred until governed settlement geometry exists.
assocand:nngla:place:NG-PLC-000098,PLACE,NG-PLC-000098,NGP-000098,,,,DEFERRED_NO_GEOMETRY,CANONICAL_IDENTITY_CONFIRMED_BUT_NO_GOVERNED_ASSOCIABLE_GEOMETRY_EXISTS,SHARED_REFERENCE,Spatial association remains deferred until governed settlement geometry exists.
assocand:nngla:place:NG-PLC-000099,PLACE,NG-PLC-000099,NGP-000099,,,,DEFERRED_NO_GEOMETRY,CANONICAL_IDENTITY_CONFIRMED_BUT_NO_GOVERNED_ASSOCIABLE_GEOMETRY_EXISTS,SHARED_REFERENCE,Spatial association remains deferred until governed settlement geometry exists.
assocand:nngla:place:NG-PLC-000100,PLACE,NG-PLC-000100,NGP-000100,,,,DEFERRED_NO_GEOMETRY,CANONICAL_IDENTITY_CONFIRMED_BUT_NO_GOVERNED_ASSOCIABLE_GEOMETRY_EXISTS,SHARED_REFERENCE,Spatial association remains deferred until governed settlement geometry exists.
assocand:nngla:place:NG-PLC-000101,PLACE,NG-PLC-000101,NGP-000101,,,,DEFERRED_NO_GEOMETRY,CANONICAL_IDENTITY_CONFIRMED_BUT_NO_GOVERNED_ASSOCIABLE_GEOMETRY_EXISTS,SHARED_REFERENCE,Spatial association remains deferred until governed settlement geometry exists.
assocand:nngla:place:NG-PLC-000102,PLACE,NG-PLC-000102,NGP-000102,,,,DEFERRED_NO_GEOMETRY,CANONICAL_IDENTITY_CONFIRMED_BUT_NO_GOVERNED_ASSOCIABLE_GEOMETRY_EXISTS,SHARED_REFERENCE,Spatial association remains deferred until governed settlement geometry exists.
assocand:nngla:place:NG-PLC-000103,PLACE,NG-PLC-000103,NGP-000103,,,,DEFERRED_NO_GEOMETRY,CANONICAL_IDENTITY_CONFIRMED_BUT_NO_GOVERNED_ASSOCIABLE_GEOMETRY_EXISTS,SHARED_REFERENCE,Spatial association remains deferred until governed settlement geometry exists.
assocand:nngla:place:NG-PLC-000104,PLACE,NG-PLC-000104,NGP-000104,,,,DEFERRED_NO_GEOMETRY,CANONICAL_IDENTITY_CONFIRMED_BUT_NO_GOVERNED_ASSOCIABLE_GEOMETRY_EXISTS,SHARED_REFERENCE,Spatial association remains deferred until governed settlement geometry exists.
assocand:nngla:place:NG-PLC-000105,PLACE,NG-PLC-000105,NGP-000105,,,,DEFERRED_NO_GEOMETRY,CANONICAL_IDENTITY_CONFIRMED_BUT_NO_GOVERNED_ASSOCIABLE_GEOMETRY_EXISTS,SHARED_REFERENCE,Spatial association remains deferred until governed settlement geometry exists.
assocand:nngla:place:NG-PLC-000106,PLACE,NG-PLC-000106,NGP-000106,,,,DEFERRED_NO_GEOMETRY,CANONICAL_IDENTITY_CONFIRMED_BUT_NO_GOVERNED_ASSOCIABLE_GEOMETRY_EXISTS,SHARED_REFERENCE,Spatial association remains deferred until governed settlement geometry exists.
assocand:nngla:place:NG-PLC-000107,PLACE,NG-PLC-000107,NGP-000107,,,,DEFERRED_NO_GEOMETRY,CANONICAL_IDENTITY_CONFIRMED_BUT_NO_GOVERNED_ASSOCIABLE_GEOMETRY_EXISTS,SHARED_REFERENCE,Spatial association remains deferred until governed settlement geometry exists.
assocand:nngla:place:NG-PLC-000108,PLACE,NG-PLC-000108,NGP-000108,,,,DEFERRED_NO_GEOMETRY,CANONICAL_IDENTITY_CONFIRMED_BUT_NO_GOVERNED_ASSOCIABLE_GEOMETRY_EXISTS,SHARED_REFERENCE,Spatial association remains deferred until governed settlement geometry exists.
assocand:nngla:place:NG-PLC-000109,PLACE,NG-PLC-000109,NGP-000109,,,,DEFERRED_NO_GEOMETRY,CANONICAL_IDENTITY_CONFIRMED_BUT_NO_GOVERNED_ASSOCIABLE_GEOMETRY_EXISTS,SHARED_REFERENCE,Spatial association remains deferred until governed settlement geometry exists.
assocand:nngla:place:NG-PLC-000110,PLACE,NG-PLC-000110,NGP-000110,,,,DEFERRED_NO_GEOMETRY,CANONICAL_IDENTITY_CONFIRMED_BUT_NO_GOVERNED_ASSOCIABLE_GEOMETRY_EXISTS,SHARED_REFERENCE,Spatial association remains deferred until governed settlement geometry exists.
assocand:nngla:place:NG-PLC-000111,PLACE,NG-PLC-000111,NGP-000111,,,,DEFERRED_NO_GEOMETRY,CANONICAL_IDENTITY_CONFIRMED_BUT_NO_GOVERNED_ASSOCIABLE_GEOMETRY_EXISTS,SHARED_REFERENCE,Spatial association remains deferred until governed settlement geometry exists.
assocand:nngla:place:NG-PLC-000112,PLACE,NG-PLC-000112,NGP-000112,,,,DEFERRED_NO_GEOMETRY,CANONICAL_IDENTITY_CONFIRMED_BUT_NO_GOVERNED_ASSOCIABLE_GEOMETRY_EXISTS,SHARED_REFERENCE,Spatial association remains deferred until governed settlement geometry exists.
assocand:nngla:place:NG-PLC-000113,PLACE,NG-PLC-000113,NGP-000113,,,,DEFERRED_NO_GEOMETRY,CANONICAL_IDENTITY_CONFIRMED_BUT_NO_GOVERNED_ASSOCIABLE_GEOMETRY_EXISTS,SHARED_REFERENCE,Spatial association remains deferred until governed settlement geometry exists.
assocand:nngla:place:NG-PLC-000114,PLACE,NG-PLC-000114,NGP-000114,,,,DEFERRED_NO_GEOMETRY,CANONICAL_IDENTITY_CONFIRMED_BUT_NO_GOVERNED_ASSOCIABLE_GEOMETRY_EXISTS,SHARED_REFERENCE,Spatial association remains deferred until governed settlement geometry exists.
assocand:nngla:place:NG-PLC-000115,PLACE,NG-PLC-000115,NGP-000115,,,,DEFERRED_NO_GEOMETRY,CANONICAL_IDENTITY_CONFIRMED_BUT_NO_GOVERNED_ASSOCIABLE_GEOMETRY_EXISTS,SHARED_REFERENCE,Spatial association remains deferred until governed settlement geometry exists.
assocand:nngla:place:NG-PLC-000116,PLACE,NG-PLC-000116,NGP-000116,,,,DEFERRED_NO_GEOMETRY,CANONICAL_IDENTITY_CONFIRMED_BUT_NO_GOVERNED_ASSOCIABLE_GEOMETRY_EXISTS,SHARED_REFERENCE,Spatial association remains deferred until governed settlement geometry exists.
assocand:nngla:place:NG-PLC-000117,PLACE,NG-PLC-000117,NGP-000117,,,,DEFERRED_NO_GEOMETRY,CANONICAL_IDENTITY_CONFIRMED_BUT_NO_GOVERNED_ASSOCIABLE_GEOMETRY_EXISTS,SHARED_REFERENCE,Spatial association remains deferred until governed settlement geometry exists.
assocand:nngla:place:NG-PLC-000118,PLACE,NG-PLC-000118,NGP-000118,,,,DEFERRED_NO_GEOMETRY,CANONICAL_IDENTITY_CONFIRMED_BUT_NO_GOVERNED_ASSOCIABLE_GEOMETRY_EXISTS,SHARED_REFERENCE,Spatial association remains deferred until governed settlement geometry exists.
assocand:nngla:place:NG-PLC-000119,PLACE,NG-PLC-000119,NGP-000119,,,,DEFERRED_NO_GEOMETRY,CANONICAL_IDENTITY_CONFIRMED_BUT_NO_GOVERNED_ASSOCIABLE_GEOMETRY_EXISTS,SHARED_REFERENCE,Spatial association remains deferred until governed settlement geometry exists.
assocand:nngla:place:NG-PLC-000120,PLACE,NG-PLC-000120,NGP-000120,,,,DEFERRED_NO_GEOMETRY,CANONICAL_IDENTITY_CONFIRMED_BUT_NO_GOVERNED_ASSOCIABLE_GEOMETRY_EXISTS,SHARED_REFERENCE,Spatial association remains deferred until governed settlement geometry exists.
assocand:nngla:place:NG-PLC-000121,PLACE,NG-PLC-000121,NGP-000121,,,,DEFERRED_NO_GEOMETRY,CANONICAL_IDENTITY_CONFIRMED_BUT_NO_GOVERNED_ASSOCIABLE_GEOMETRY_EXISTS,SHARED_REFERENCE,Spatial association remains deferred until governed settlement geometry exists.
assocand:nngla:place:NG-PLC-000122,PLACE,NG-PLC-000122,NGP-000122,,,,DEFERRED_NO_GEOMETRY,CANONICAL_IDENTITY_CONFIRMED_BUT_NO_GOVERNED_ASSOCIABLE_GEOMETRY_EXISTS,SHARED_REFERENCE,Spatial association remains deferred until governed settlement geometry exists.
assocand:nngla:place:NG-PLC-000123,PLACE,NG-PLC-000123,NGP-000123,,,,DEFERRED_NO_GEOMETRY,CANONICAL_IDENTITY_CONFIRMED_BUT_NO_GOVERNED_ASSOCIABLE_GEOMETRY_EXISTS,SHARED_REFERENCE,Spatial association remains deferred until governed settlement geometry exists.
assocand:nngla:place:NG-PLC-000124,PLACE,NG-PLC-000124,NGP-000124,,,,DEFERRED_NO_GEOMETRY,CANONICAL_IDENTITY_CONFIRMED_BUT_NO_GOVERNED_ASSOCIABLE_GEOMETRY_EXISTS,SHARED_REFERENCE,Spatial association remains deferred until governed settlement geometry exists.
assocand:nngla:place:NG-PLC-000125,PLACE,NG-PLC-000125,NGP-000125,,,,DEFERRED_NO_GEOMETRY,CANONICAL_IDENTITY_CONFIRMED_BUT_NO_GOVERNED_ASSOCIABLE_GEOMETRY_EXISTS,SHARED_REFERENCE,Spatial association remains deferred until governed settlement geometry exists.
assocand:nngla:place:NG-PLC-000126,PLACE,NG-PLC-000126,NGP-000126,,,,DEFERRED_NO_GEOMETRY,CANONICAL_IDENTITY_CONFIRMED_BUT_NO_GOVERNED_ASSOCIABLE_GEOMETRY_EXISTS,SHARED_REFERENCE,Spatial association remains deferred until governed settlement geometry exists.
assocand:nngla:place:NG-PLC-000127,PLACE,NG-PLC-000127,NGP-000127,,,,DEFERRED_NO_GEOMETRY,CANONICAL_IDENTITY_CONFIRMED_BUT_NO_GOVERNED_ASSOCIABLE_GEOMETRY_EXISTS,SHARED_REFERENCE,Spatial association remains deferred until governed settlement geometry exists.
assocand:nngla:place:NG-PLC-000128,PLACE,NG-PLC-000128,NGP-000128,,,,DEFERRED_NO_GEOMETRY,CANONICAL_IDENTITY_CONFIRMED_BUT_NO_GOVERNED_ASSOCIABLE_GEOMETRY_EXISTS,SHARED_REFERENCE,Spatial association remains deferred until governed settlement geometry exists.
assocand:nngla:place:NG-PLC-000129,PLACE,NG-PLC-000129,NGP-000129,,,,DEFERRED_NO_GEOMETRY,CANONICAL_IDENTITY_CONFIRMED_BUT_NO_GOVERNED_ASSOCIABLE_GEOMETRY_EXISTS,SHARED_REFERENCE,Spatial association remains deferred until governed settlement geometry exists.
assocand:nngla:place:NG-PLC-000130,PLACE,NG-PLC-000130,NGP-000130,,,,DEFERRED_NO_GEOMETRY,CANONICAL_IDENTITY_CONFIRMED_BUT_NO_GOVERNED_ASSOCIABLE_GEOMETRY_EXISTS,SHARED_REFERENCE,Spatial association remains deferred until governed settlement geometry exists.
assocand:nngla:place:NG-PLC-000131,PLACE,NG-PLC-000131,NGP-000131,,,,DEFERRED_NO_GEOMETRY,CANONICAL_IDENTITY_CONFIRMED_BUT_NO_GOVERNED_ASSOCIABLE_GEOMETRY_EXISTS,SHARED_REFERENCE,Spatial association remains deferred until governed settlement geometry exists.
assocand:nngla:place:NG-PLC-000132,PLACE,NG-PLC-000132,NGP-000132,,,,DEFERRED_NO_GEOMETRY,CANONICAL_IDENTITY_CONFIRMED_BUT_NO_GOVERNED_ASSOCIABLE_GEOMETRY_EXISTS,SHARED_REFERENCE,Spatial association remains deferred until governed settlement geometry exists.
assocand:nngla:place:NG-PLC-000133,PLACE,NG-PLC-000133,NGP-000133,,,,DEFERRED_NO_GEOMETRY,CANONICAL_IDENTITY_CONFIRMED_BUT_NO_GOVERNED_ASSOCIABLE_GEOMETRY_EXISTS,SHARED_REFERENCE,Spatial association remains deferred until governed settlement geometry exists.
assocand:nngla:place:NG-PLC-000134,PLACE,NG-PLC-000134,NGP-000134,,,,DEFERRED_NO_GEOMETRY,CANONICAL_IDENTITY_CONFIRMED_BUT_NO_GOVERNED_ASSOCIABLE_GEOMETRY_EXISTS,SHARED_REFERENCE,Spatial association remains deferred until governed settlement geometry exists.
assocand:nngla:place:NG-PLC-000135,PLACE,NG-PLC-000135,NGP-000135,,,,DEFERRED_NO_GEOMETRY,CANONICAL_IDENTITY_CONFIRMED_BUT_NO_GOVERNED_ASSOCIABLE_GEOMETRY_EXISTS,SHARED_REFERENCE,Spatial association remains deferred until governed settlement geometry exists.
assocand:nngla:place:NG-PLC-000136,PLACE,NG-PLC-000136,NGP-000136,,,,DEFERRED_NO_GEOMETRY,CANONICAL_IDENTITY_CONFIRMED_BUT_NO_GOVERNED_ASSOCIABLE_GEOMETRY_EXISTS,SHARED_REFERENCE,Spatial association remains deferred until governed settlement geometry exists.
assocand:nngla:place:NG-PLC-000137,PLACE,NG-PLC-000137,NGP-000137,,,,DEFERRED_NO_GEOMETRY,CANONICAL_IDENTITY_CONFIRMED_BUT_NO_GOVERNED_ASSOCIABLE_GEOMETRY_EXISTS,SHARED_REFERENCE,Spatial association remains deferred until governed settlement geometry exists.
assocand:nngla:place:NG-PLC-000138,PLACE,NG-PLC-000138,NGP-000138,,,,DEFERRED_NO_GEOMETRY,CANONICAL_IDENTITY_CONFIRMED_BUT_NO_GOVERNED_ASSOCIABLE_GEOMETRY_EXISTS,SHARED_REFERENCE,Spatial association remains deferred until governed settlement geometry exists.
assocand:nngla:place:NG-PLC-000139,PLACE,NG-PLC-000139,NGP-000139,,,,DEFERRED_NO_GEOMETRY,CANONICAL_IDENTITY_CONFIRMED_BUT_NO_GOVERNED_ASSOCIABLE_GEOMETRY_EXISTS,SHARED_REFERENCE,Spatial association remains deferred until governed settlement geometry exists.
assocand:nngla:place:NG-PLC-000140,PLACE,NG-PLC-000140,NGP-000140,,,,DEFERRED_NO_GEOMETRY,CANONICAL_IDENTITY_CONFIRMED_BUT_NO_GOVERNED_ASSOCIABLE_GEOMETRY_EXISTS,SHARED_REFERENCE,Spatial association remains deferred until governed settlement geometry exists.
assocand:nngla:place:NG-PLC-000141,PLACE,NG-PLC-000141,NGP-000141,,,,DEFERRED_NO_GEOMETRY,CANONICAL_IDENTITY_CONFIRMED_BUT_NO_GOVERNED_ASSOCIABLE_GEOMETRY_EXISTS,SHARED_REFERENCE,Spatial association remains deferred until governed settlement geometry exists.
assocand:nngla:place:NG-PLC-000142,PLACE,NG-PLC-000142,NGP-000142,,,,DEFERRED_NO_GEOMETRY,CANONICAL_IDENTITY_CONFIRMED_BUT_NO_GOVERNED_ASSOCIABLE_GEOMETRY_EXISTS,SHARED_REFERENCE,Spatial association remains deferred until governed settlement geometry exists.
assocand:nngla:place:NG-PLC-000143,PLACE,NG-PLC-000143,NGP-000143,,,,DEFERRED_NO_GEOMETRY,CANONICAL_IDENTITY_CONFIRMED_BUT_NO_GOVERNED_ASSOCIABLE_GEOMETRY_EXISTS,SHARED_REFERENCE,Spatial association remains deferred until governed settlement geometry exists.
assocand:nngla:place:NG-PLC-000144,PLACE,NG-PLC-000144,NGP-000144,,,,DEFERRED_NO_GEOMETRY,CANONICAL_IDENTITY_CONFIRMED_BUT_NO_GOVERNED_ASSOCIABLE_GEOMETRY_EXISTS,SHARED_REFERENCE,Spatial association remains deferred until governed settlement geometry exists.
assocand:nngla:place:NG-PLC-000145,PLACE,NG-PLC-000145,NGP-000145,,,,DEFERRED_NO_GEOMETRY,CANONICAL_IDENTITY_CONFIRMED_BUT_NO_GOVERNED_ASSOCIABLE_GEOMETRY_EXISTS,SHARED_REFERENCE,Spatial association remains deferred until governed settlement geometry exists.
assocand:nngla:place:NG-PLC-000146,PLACE,NG-PLC-000146,NGP-000146,,,,DEFERRED_NO_GEOMETRY,CANONICAL_IDENTITY_CONFIRMED_BUT_NO_GOVERNED_ASSOCIABLE_GEOMETRY_EXISTS,SHARED_REFERENCE,Spatial association remains deferred until governed settlement geometry exists.
assocand:nngla:place:NG-PLC-000147,PLACE,NG-PLC-000147,NGP-000147,,,,DEFERRED_NO_GEOMETRY,CANONICAL_IDENTITY_CONFIRMED_BUT_NO_GOVERNED_ASSOCIABLE_GEOMETRY_EXISTS,SHARED_REFERENCE,Spatial association remains deferred until governed settlement geometry exists.
assocand:nngla:place:NG-PLC-000148,PLACE,NG-PLC-000148,NGP-000148,,,,DEFERRED_NO_GEOMETRY,CANONICAL_IDENTITY_CONFIRMED_BUT_NO_GOVERNED_ASSOCIABLE_GEOMETRY_EXISTS,SHARED_REFERENCE,Spatial association remains deferred until governed settlement geometry exists.
assocand:nngla:place:NG-PLC-000149,PLACE,NG-PLC-000149,NGP-000149,,,,DEFERRED_NO_GEOMETRY,CANONICAL_IDENTITY_CONFIRMED_BUT_NO_GOVERNED_ASSOCIABLE_GEOMETRY_EXISTS,SHARED_REFERENCE,Spatial association remains deferred until governed settlement geometry exists.
assocand:nngla:place:NG-PLC-000150,PLACE,NG-PLC-000150,NGP-000150,,,,DEFERRED_NO_GEOMETRY,CANONICAL_IDENTITY_CONFIRMED_BUT_NO_GOVERNED_ASSOCIABLE_GEOMETRY_EXISTS,SHARED_REFERENCE,Spatial association remains deferred until governed settlement geometry exists.
assocand:nngla:place:NG-PLC-000151,PLACE,NG-PLC-000151,NGP-000151,,,,DEFERRED_NO_GEOMETRY,CANONICAL_IDENTITY_CONFIRMED_BUT_NO_GOVERNED_ASSOCIABLE_GEOMETRY_EXISTS,SHARED_REFERENCE,Spatial association remains deferred until governed settlement geometry exists.
assocand:nngla:place:NG-PLC-000152,PLACE,NG-PLC-000152,NGP-000152,,,,DEFERRED_NO_GEOMETRY,CANONICAL_IDENTITY_CONFIRMED_BUT_NO_GOVERNED_ASSOCIABLE_GEOMETRY_EXISTS,SHARED_REFERENCE,Spatial association remains deferred until governed settlement geometry exists.
assocand:nngla:place:NG-PLC-000153,PLACE,NG-PLC-000153,NGP-000153,,,,DEFERRED_NO_GEOMETRY,CANONICAL_IDENTITY_CONFIRMED_BUT_NO_GOVERNED_ASSOCIABLE_GEOMETRY_EXISTS,SHARED_REFERENCE,Spatial association remains deferred until governed settlement geometry exists.
assocand:nngla:place:NG-PLC-000154,PLACE,NG-PLC-000154,NGP-000154,,,,DEFERRED_NO_GEOMETRY,CANONICAL_IDENTITY_CONFIRMED_BUT_NO_GOVERNED_ASSOCIABLE_GEOMETRY_EXISTS,SHARED_REFERENCE,Spatial association remains deferred until governed settlement geometry exists.
assocand:nngla:place:NG-PLC-000155,PLACE,NG-PLC-000155,NGP-000155,,,,DEFERRED_NO_GEOMETRY,CANONICAL_IDENTITY_CONFIRMED_BUT_NO_GOVERNED_ASSOCIABLE_GEOMETRY_EXISTS,SHARED_REFERENCE,Spatial association remains deferred until governed settlement geometry exists.
assocand:nngla:place:NG-PLC-000156,PLACE,NG-PLC-000156,NGP-000156,,,,DEFERRED_NO_GEOMETRY,CANONICAL_IDENTITY_CONFIRMED_BUT_NO_GOVERNED_ASSOCIABLE_GEOMETRY_EXISTS,SHARED_REFERENCE,Spatial association remains deferred until governed settlement geometry exists.
assocand:nngla:place:NG-PLC-000157,PLACE,NG-PLC-000157,NGP-000157,,,,DEFERRED_NO_GEOMETRY,CANONICAL_IDENTITY_CONFIRMED_BUT_NO_GOVERNED_ASSOCIABLE_GEOMETRY_EXISTS,SHARED_REFERENCE,Spatial association remains deferred until governed settlement geometry exists.
assocand:nngla:place:NG-PLC-000158,PLACE,NG-PLC-000158,NGP-000158,,,,DEFERRED_NO_GEOMETRY,CANONICAL_IDENTITY_CONFIRMED_BUT_NO_GOVERNED_ASSOCIABLE_GEOMETRY_EXISTS,SHARED_REFERENCE,Spatial association remains deferred until governed settlement geometry exists.
assocand:nngla:place:NG-PLC-000159,PLACE,NG-PLC-000159,NGP-000159,,,,DEFERRED_NO_GEOMETRY,CANONICAL_IDENTITY_CONFIRMED_BUT_NO_GOVERNED_ASSOCIABLE_GEOMETRY_EXISTS,SHARED_REFERENCE,Spatial association remains deferred until governed settlement geometry exists.
assocand:nngla:place:NG-PLC-000160,PLACE,NG-PLC-000160,NGP-000160,,,,DEFERRED_NO_GEOMETRY,CANONICAL_IDENTITY_CONFIRMED_BUT_NO_GOVERNED_ASSOCIABLE_GEOMETRY_EXISTS,SHARED_REFERENCE,Spatial association remains deferred until governed settlement geometry exists.
assocand:nngla:place:NG-PLC-000161,PLACE,NG-PLC-000161,NGP-000161,,,,DEFERRED_NO_GEOMETRY,CANONICAL_IDENTITY_CONFIRMED_BUT_NO_GOVERNED_ASSOCIABLE_GEOMETRY_EXISTS,SHARED_REFERENCE,Spatial association remains deferred until governed settlement geometry exists.
assocand:nngla:place:NG-PLC-000162,PLACE,NG-PLC-000162,NGP-000162,,,,DEFERRED_NO_GEOMETRY,CANONICAL_IDENTITY_CONFIRMED_BUT_NO_GOVERNED_ASSOCIABLE_GEOMETRY_EXISTS,SHARED_REFERENCE,Spatial association remains deferred until governed settlement geometry exists.
assocand:nngla:place:NG-PLC-000163,PLACE,NG-PLC-000163,NGP-000163,,,,DEFERRED_NO_GEOMETRY,CANONICAL_IDENTITY_CONFIRMED_BUT_NO_GOVERNED_ASSOCIABLE_GEOMETRY_EXISTS,SHARED_REFERENCE,Spatial association remains deferred until governed settlement geometry exists.
assocand:nngla:place:NG-PLC-000164,PLACE,NG-PLC-000164,NGP-000164,,,,DEFERRED_NO_GEOMETRY,CANONICAL_IDENTITY_CONFIRMED_BUT_NO_GOVERNED_ASSOCIABLE_GEOMETRY_EXISTS,SHARED_REFERENCE,Spatial association remains deferred until governed settlement geometry exists.
assocand:nngla:place:NG-PLC-000165,PLACE,NG-PLC-000165,NGP-000165,,,,DEFERRED_NO_GEOMETRY,CANONICAL_IDENTITY_CONFIRMED_BUT_NO_GOVERNED_ASSOCIABLE_GEOMETRY_EXISTS,SHARED_REFERENCE,Spatial association remains deferred until governed settlement geometry exists.
assocand:nngla:place:NG-PLC-000166,PLACE,NG-PLC-000166,NGP-000166,,,,DEFERRED_NO_GEOMETRY,CANONICAL_IDENTITY_CONFIRMED_BUT_NO_GOVERNED_ASSOCIABLE_GEOMETRY_EXISTS,SHARED_REFERENCE,Spatial association remains deferred until governed settlement geometry exists.
assocand:nngla:place:NG-PLC-000167,PLACE,NG-PLC-000167,NGP-000167,,,,DEFERRED_NO_GEOMETRY,CANONICAL_IDENTITY_CONFIRMED_BUT_NO_GOVERNED_ASSOCIABLE_GEOMETRY_EXISTS,SHARED_REFERENCE,Spatial association remains deferred until governed settlement geometry exists.
assocand:nngla:place:NG-PLC-000168,PLACE,NG-PLC-000168,NGP-000168,,,,DEFERRED_NO_GEOMETRY,CANONICAL_IDENTITY_CONFIRMED_BUT_NO_GOVERNED_ASSOCIABLE_GEOMETRY_EXISTS,SHARED_REFERENCE,Spatial association remains deferred until governed settlement geometry exists.
assocand:nngla:place:NG-PLC-000169,PLACE,NG-PLC-000169,NGP-000169,,,,DEFERRED_NO_GEOMETRY,CANONICAL_IDENTITY_CONFIRMED_BUT_NO_GOVERNED_ASSOCIABLE_GEOMETRY_EXISTS,SHARED_REFERENCE,Spatial association remains deferred until governed settlement geometry exists.
assocand:nngla:place:NG-PLC-000170,PLACE,NG-PLC-000170,NGP-000170,,,,DEFERRED_NO_GEOMETRY,CANONICAL_IDENTITY_CONFIRMED_BUT_NO_GOVERNED_ASSOCIABLE_GEOMETRY_EXISTS,SHARED_REFERENCE,Spatial association remains deferred until governed settlement geometry exists.
assocand:nngla:place:NG-PLC-000171,PLACE,NG-PLC-000171,NGP-000171,,,,DEFERRED_NO_GEOMETRY,CANONICAL_IDENTITY_CONFIRMED_BUT_NO_GOVERNED_ASSOCIABLE_GEOMETRY_EXISTS,SHARED_REFERENCE,Spatial association remains deferred until governed settlement geometry exists.
assocand:nngla:place:NG-PLC-000172,PLACE,NG-PLC-000172,NGP-000172,,,,DEFERRED_NO_GEOMETRY,CANONICAL_IDENTITY_CONFIRMED_BUT_NO_GOVERNED_ASSOCIABLE_GEOMETRY_EXISTS,SHARED_REFERENCE,Spatial association remains deferred until governed settlement geometry exists.
assocand:nngla:place:NG-PLC-000173,PLACE,NG-PLC-000173,NGP-000173,,,,DEFERRED_NO_GEOMETRY,CANONICAL_IDENTITY_CONFIRMED_BUT_NO_GOVERNED_ASSOCIABLE_GEOMETRY_EXISTS,SHARED_REFERENCE,Spatial association remains deferred until governed settlement geometry exists.
assocand:nngla:place:NG-PLC-000174,PLACE,NG-PLC-000174,NGP-000174,,,,DEFERRED_NO_GEOMETRY,CANONICAL_IDENTITY_CONFIRMED_BUT_NO_GOVERNED_ASSOCIABLE_GEOMETRY_EXISTS,SHARED_REFERENCE,Spatial association remains deferred until governed settlement geometry exists.
assocand:nngla:place:NG-PLC-000175,PLACE,NG-PLC-000175,NGP-000175,,,,DEFERRED_NO_GEOMETRY,CANONICAL_IDENTITY_CONFIRMED_BUT_NO_GOVERNED_ASSOCIABLE_GEOMETRY_EXISTS,SHARED_REFERENCE,Spatial association remains deferred until governed settlement geometry exists.
assocand:nngla:place:NG-PLC-000176,PLACE,NG-PLC-000176,NGP-000176,,,,DEFERRED_NO_GEOMETRY,CANONICAL_IDENTITY_CONFIRMED_BUT_NO_GOVERNED_ASSOCIABLE_GEOMETRY_EXISTS,SHARED_REFERENCE,Spatial association remains deferred until governed settlement geometry exists.
assocand:nngla:place:NG-PLC-000177,PLACE,NG-PLC-000177,NGP-000177,,,,DEFERRED_NO_GEOMETRY,CANONICAL_IDENTITY_CONFIRMED_BUT_NO_GOVERNED_ASSOCIABLE_GEOMETRY_EXISTS,SHARED_REFERENCE,Spatial association remains deferred until governed settlement geometry exists.
assocand:nngla:place:NG-PLC-000178,PLACE,NG-PLC-000178,NGP-000178,,,,DEFERRED_NO_GEOMETRY,CANONICAL_IDENTITY_CONFIRMED_BUT_NO_GOVERNED_ASSOCIABLE_GEOMETRY_EXISTS,SHARED_REFERENCE,Spatial association remains deferred until governed settlement geometry exists.
assocand:nngla:place:NG-PLC-000179,PLACE,NG-PLC-000179,NGP-000179,,,,DEFERRED_NO_GEOMETRY,CANONICAL_IDENTITY_CONFIRMED_BUT_NO_GOVERNED_ASSOCIABLE_GEOMETRY_EXISTS,SHARED_REFERENCE,Spatial association remains deferred until governed settlement geometry exists.
assocand:nngla:place:NG-PLC-000180,PLACE,NG-PLC-000180,NGP-000180,,,,DEFERRED_NO_GEOMETRY,CANONICAL_IDENTITY_CONFIRMED_BUT_NO_GOVERNED_ASSOCIABLE_GEOMETRY_EXISTS,SHARED_REFERENCE,Spatial association remains deferred until governed settlement geometry exists.
assocand:nngla:place:NG-PLC-000181,PLACE,NG-PLC-000181,NGP-000181,,,,DEFERRED_NO_GEOMETRY,CANONICAL_IDENTITY_CONFIRMED_BUT_NO_GOVERNED_ASSOCIABLE_GEOMETRY_EXISTS,SHARED_REFERENCE,Spatial association remains deferred until governed settlement geometry exists.
assocand:nngla:place:NG-PLC-000182,PLACE,NG-PLC-000182,NGP-000182,,,,DEFERRED_NO_GEOMETRY,CANONICAL_IDENTITY_CONFIRMED_BUT_NO_GOVERNED_ASSOCIABLE_GEOMETRY_EXISTS,SHARED_REFERENCE,Spatial association remains deferred until governed settlement geometry exists.
assocand:nngla:place:NG-PLC-000183,PLACE,NG-PLC-000183,NGP-000183,,,,DEFERRED_NO_GEOMETRY,CANONICAL_IDENTITY_CONFIRMED_BUT_NO_GOVERNED_ASSOCIABLE_GEOMETRY_EXISTS,SHARED_REFERENCE,Spatial association remains deferred until governed settlement geometry exists.
assocand:nngla:place:NG-PLC-000184,PLACE,NG-PLC-000184,NGP-000184,,,,DEFERRED_NO_GEOMETRY,CANONICAL_IDENTITY_CONFIRMED_BUT_NO_GOVERNED_ASSOCIABLE_GEOMETRY_EXISTS,SHARED_REFERENCE,Spatial association remains deferred until governed settlement geometry exists.
assocand:nngla:place:NG-PLC-000185,PLACE,NG-PLC-000185,NGP-000185,,,,DEFERRED_NO_GEOMETRY,CANONICAL_IDENTITY_CONFIRMED_BUT_NO_GOVERNED_ASSOCIABLE_GEOMETRY_EXISTS,SHARED_REFERENCE,Spatial association remains deferred until governed settlement geometry exists.
assocand:nngla:place:NG-PLC-000186,PLACE,NG-PLC-000186,NGP-000186,,,,DEFERRED_NO_GEOMETRY,CANONICAL_IDENTITY_CONFIRMED_BUT_NO_GOVERNED_ASSOCIABLE_GEOMETRY_EXISTS,SHARED_REFERENCE,Spatial association remains deferred until governed settlement geometry exists.
assocand:nngla:place:NG-PLC-000187,PLACE,NG-PLC-000187,NGP-000187,,,,DEFERRED_NO_GEOMETRY,CANONICAL_IDENTITY_CONFIRMED_BUT_NO_GOVERNED_ASSOCIABLE_GEOMETRY_EXISTS,SHARED_REFERENCE,Spatial association remains deferred until governed settlement geometry exists.
assocand:nngla:place:NG-PLC-000188,PLACE,NG-PLC-000188,NGP-000188,,,,DEFERRED_NO_GEOMETRY,CANONICAL_IDENTITY_CONFIRMED_BUT_NO_GOVERNED_ASSOCIABLE_GEOMETRY_EXISTS,SHARED_REFERENCE,Spatial association remains deferred until governed settlement geometry exists.
assocand:nngla:place:NG-PLC-000189,PLACE,NG-PLC-000189,NGP-000189,,,,DEFERRED_NO_GEOMETRY,CANONICAL_IDENTITY_CONFIRMED_BUT_NO_GOVERNED_ASSOCIABLE_GEOMETRY_EXISTS,SHARED_REFERENCE,Spatial association remains deferred until governed settlement geometry exists.
assocand:nngla:place:NG-PLC-000190,PLACE,NG-PLC-000190,NGP-000190,,,,DEFERRED_NO_GEOMETRY,CANONICAL_IDENTITY_CONFIRMED_BUT_NO_GOVERNED_ASSOCIABLE_GEOMETRY_EXISTS,SHARED_REFERENCE,Spatial association remains deferred until governed settlement geometry exists.
assocand:nngla:place:NG-PLC-000191,PLACE,NG-PLC-000191,NGP-000191,,,,DEFERRED_NO_GEOMETRY,CANONICAL_IDENTITY_CONFIRMED_BUT_NO_GOVERNED_ASSOCIABLE_GEOMETRY_EXISTS,SHARED_REFERENCE,Spatial association remains deferred until governed settlement geometry exists.
assocand:nngla:place:NG-PLC-000192,PLACE,NG-PLC-000192,NGP-000192,,,,DEFERRED_NO_GEOMETRY,CANONICAL_IDENTITY_CONFIRMED_BUT_NO_GOVERNED_ASSOCIABLE_GEOMETRY_EXISTS,SHARED_REFERENCE,Spatial association remains deferred until governed settlement geometry exists.
assocand:nngla:place:NG-PLC-000193,PLACE,NG-PLC-000193,NGP-000193,,,,DEFERRED_NO_GEOMETRY,CANONICAL_IDENTITY_CONFIRMED_BUT_NO_GOVERNED_ASSOCIABLE_GEOMETRY_EXISTS,SHARED_REFERENCE,Spatial association remains deferred until governed settlement geometry exists.
assocand:nngla:place:NG-PLC-000194,PLACE,NG-PLC-000194,NGP-000194,,,,DEFERRED_NO_GEOMETRY,CANONICAL_IDENTITY_CONFIRMED_BUT_NO_GOVERNED_ASSOCIABLE_GEOMETRY_EXISTS,SHARED_REFERENCE,Spatial association remains deferred until governed settlement geometry exists.
assocand:nngla:place:NG-PLC-000195,PLACE,NG-PLC-000195,NGP-000195,,,,DEFERRED_NO_GEOMETRY,CANONICAL_IDENTITY_CONFIRMED_BUT_NO_GOVERNED_ASSOCIABLE_GEOMETRY_EXISTS,SHARED_REFERENCE,Spatial association remains deferred until governed settlement geometry exists.
assocand:nngla:place:NG-PLC-000196,PLACE,NG-PLC-000196,NGP-000196,,,,DEFERRED_NO_GEOMETRY,CANONICAL_IDENTITY_CONFIRMED_BUT_NO_GOVERNED_ASSOCIABLE_GEOMETRY_EXISTS,SHARED_REFERENCE,Spatial association remains deferred until governed settlement geometry exists.
assocand:nngla:place:NG-PLC-000197,PLACE,NG-PLC-000197,NGP-000197,,,,DEFERRED_NO_GEOMETRY,CANONICAL_IDENTITY_CONFIRMED_BUT_NO_GOVERNED_ASSOCIABLE_GEOMETRY_EXISTS,SHARED_REFERENCE,Spatial association remains deferred until governed settlement geometry exists.
assocand:nngla:place:NG-PLC-000198,PLACE,NG-PLC-000198,NGP-000198,,,,DEFERRED_NO_GEOMETRY,CANONICAL_IDENTITY_CONFIRMED_BUT_NO_GOVERNED_ASSOCIABLE_GEOMETRY_EXISTS,SHARED_REFERENCE,Spatial association remains deferred until governed settlement geometry exists.
assocand:nngla:place:NG-PLC-000199,PLACE,NG-PLC-000199,NGP-000199,,,,DEFERRED_NO_GEOMETRY,CANONICAL_IDENTITY_CONFIRMED_BUT_NO_GOVERNED_ASSOCIABLE_GEOMETRY_EXISTS,SHARED_REFERENCE,Spatial association remains deferred until governed settlement geometry exists.
assocand:nngla:place:NG-PLC-000200,PLACE,NG-PLC-000200,NGP-000200,,,,DEFERRED_NO_GEOMETRY,CANONICAL_IDENTITY_CONFIRMED_BUT_NO_GOVERNED_ASSOCIABLE_GEOMETRY_EXISTS,SHARED_REFERENCE,Spatial association remains deferred until governed settlement geometry exists.
assocand:nngla:place:NG-PLC-000201,PLACE,NG-PLC-000201,NGP-000201,,,,DEFERRED_NO_GEOMETRY,CANONICAL_IDENTITY_CONFIRMED_BUT_NO_GOVERNED_ASSOCIABLE_GEOMETRY_EXISTS,SHARED_REFERENCE,Spatial association remains deferred until governed settlement geometry exists.
assocand:nngla:place:NG-PLC-000202,PLACE,NG-PLC-000202,NGP-000202,,,,DEFERRED_NO_GEOMETRY,CANONICAL_IDENTITY_CONFIRMED_BUT_NO_GOVERNED_ASSOCIABLE_GEOMETRY_EXISTS,SHARED_REFERENCE,Spatial association remains deferred until governed settlement geometry exists.
assocand:nngla:place:NG-PLC-000203,PLACE,NG-PLC-000203,NGP-000203,,,,DEFERRED_NO_GEOMETRY,CANONICAL_IDENTITY_CONFIRMED_BUT_NO_GOVERNED_ASSOCIABLE_GEOMETRY_EXISTS,SHARED_REFERENCE,Spatial association remains deferred until governed settlement geometry exists.
assocand:nngla:place:NG-PLC-000204,PLACE,NG-PLC-000204,NGP-000204,,,,DEFERRED_NO_GEOMETRY,CANONICAL_IDENTITY_CONFIRMED_BUT_NO_GOVERNED_ASSOCIABLE_GEOMETRY_EXISTS,SHARED_REFERENCE,Spatial association remains deferred until governed settlement geometry exists.
assocand:nngla:place:NG-PLC-000205,PLACE,NG-PLC-000205,NGP-000205,,,,DEFERRED_NO_GEOMETRY,CANONICAL_IDENTITY_CONFIRMED_BUT_NO_GOVERNED_ASSOCIABLE_GEOMETRY_EXISTS,SHARED_REFERENCE,Spatial association remains deferred until governed settlement geometry exists.
assocand:nngla:place:NG-PLC-000206,PLACE,NG-PLC-000206,NGP-000206,,,,DEFERRED_NO_GEOMETRY,CANONICAL_IDENTITY_CONFIRMED_BUT_NO_GOVERNED_ASSOCIABLE_GEOMETRY_EXISTS,SHARED_REFERENCE,Spatial association remains deferred until governed settlement geometry exists.
assocand:nngla:place:NG-PLC-000207,PLACE,NG-PLC-000207,NGP-000207,,,,DEFERRED_NO_GEOMETRY,CANONICAL_IDENTITY_CONFIRMED_BUT_NO_GOVERNED_ASSOCIABLE_GEOMETRY_EXISTS,SHARED_REFERENCE,Spatial association remains deferred until governed settlement geometry exists.
assocand:nngla:place:NG-PLC-000208,PLACE,NG-PLC-000208,NGP-000208,,,,DEFERRED_NO_GEOMETRY,CANONICAL_IDENTITY_CONFIRMED_BUT_NO_GOVERNED_ASSOCIABLE_GEOMETRY_EXISTS,SHARED_REFERENCE,Spatial association remains deferred until governed settlement geometry exists.
assocand:nngla:place:NG-PLC-000209,PLACE,NG-PLC-000209,NGP-000209,,,,DEFERRED_NO_GEOMETRY,CANONICAL_IDENTITY_CONFIRMED_BUT_NO_GOVERNED_ASSOCIABLE_GEOMETRY_EXISTS,SHARED_REFERENCE,Spatial association remains deferred until governed settlement geometry exists.
assocand:nngla:place:NG-PLC-000210,PLACE,NG-PLC-000210,NGP-000210,,,,DEFERRED_NO_GEOMETRY,CANONICAL_IDENTITY_CONFIRMED_BUT_NO_GOVERNED_ASSOCIABLE_GEOMETRY_EXISTS,SHARED_REFERENCE,Spatial association remains deferred until governed settlement geometry exists.
assocand:nngla:place:NG-PLC-000211,PLACE,NG-PLC-000211,NGP-000211,,,,DEFERRED_NO_GEOMETRY,CANONICAL_IDENTITY_CONFIRMED_BUT_NO_GOVERNED_ASSOCIABLE_GEOMETRY_EXISTS,SHARED_REFERENCE,Spatial association remains deferred until governed settlement geometry exists.
assocand:nngla:place:NG-PLC-000212,PLACE,NG-PLC-000212,NGP-000212,,,,DEFERRED_NO_GEOMETRY,CANONICAL_IDENTITY_CONFIRMED_BUT_NO_GOVERNED_ASSOCIABLE_GEOMETRY_EXISTS,SHARED_REFERENCE,Spatial association remains deferred until governed settlement geometry exists.
assocand:nngla:place:NG-PLC-000213,PLACE,NG-PLC-000213,NGP-000213,,,,DEFERRED_NO_GEOMETRY,CANONICAL_IDENTITY_CONFIRMED_BUT_NO_GOVERNED_ASSOCIABLE_GEOMETRY_EXISTS,SHARED_REFERENCE,Spatial association remains deferred until governed settlement geometry exists.
assocand:nngla:place:NG-PLC-000214,PLACE,NG-PLC-000214,NGP-000214,,,,DEFERRED_NO_GEOMETRY,CANONICAL_IDENTITY_CONFIRMED_BUT_NO_GOVERNED_ASSOCIABLE_GEOMETRY_EXISTS,SHARED_REFERENCE,Spatial association remains deferred until governed settlement geometry exists.
assocand:nngla:place:NG-PLC-000215,PLACE,NG-PLC-000215,NGP-000215,,,,DEFERRED_NO_GEOMETRY,CANONICAL_IDENTITY_CONFIRMED_BUT_NO_GOVERNED_ASSOCIABLE_GEOMETRY_EXISTS,SHARED_REFERENCE,Spatial association remains deferred until governed settlement geometry exists.
assocand:nngla:place:NG-PLC-000216,PLACE,NG-PLC-000216,NGP-000216,,,,DEFERRED_NO_GEOMETRY,CANONICAL_IDENTITY_CONFIRMED_BUT_NO_GOVERNED_ASSOCIABLE_GEOMETRY_EXISTS,SHARED_REFERENCE,Spatial association remains deferred until governed settlement geometry exists.
assocand:nngla:place:NG-PLC-000217,PLACE,NG-PLC-000217,NGP-000217,,,,DEFERRED_NO_GEOMETRY,CANONICAL_IDENTITY_CONFIRMED_BUT_NO_GOVERNED_ASSOCIABLE_GEOMETRY_EXISTS,SHARED_REFERENCE,Spatial association remains deferred until governed settlement geometry exists.
assocand:nngla:place:NG-PLC-000218,PLACE,NG-PLC-000218,NGP-000218,,,,DEFERRED_NO_GEOMETRY,CANONICAL_IDENTITY_CONFIRMED_BUT_NO_GOVERNED_ASSOCIABLE_GEOMETRY_EXISTS,SHARED_REFERENCE,Spatial association remains deferred until governed settlement geometry exists.
assocand:nngla:place:NG-PLC-000219,PLACE,NG-PLC-000219,NGP-000219,,,,DEFERRED_NO_GEOMETRY,CANONICAL_IDENTITY_CONFIRMED_BUT_NO_GOVERNED_ASSOCIABLE_GEOMETRY_EXISTS,SHARED_REFERENCE,Spatial association remains deferred until governed settlement geometry exists.
assocand:nngla:place:NG-PLC-000220,PLACE,NG-PLC-000220,NGP-000220,,,,DEFERRED_NO_GEOMETRY,CANONICAL_IDENTITY_CONFIRMED_BUT_NO_GOVERNED_ASSOCIABLE_GEOMETRY_EXISTS,SHARED_REFERENCE,Spatial association remains deferred until governed settlement geometry exists.
assocand:nngla:place:NG-PLC-000221,PLACE,NG-PLC-000221,NGP-000221,,,,DEFERRED_NO_GEOMETRY,CANONICAL_IDENTITY_CONFIRMED_BUT_NO_GOVERNED_ASSOCIABLE_GEOMETRY_EXISTS,SHARED_REFERENCE,Spatial association remains deferred until governed settlement geometry exists.
assocand:nngla:place:NG-PLC-000222,PLACE,NG-PLC-000222,NGP-000222,,,,DEFERRED_NO_GEOMETRY,CANONICAL_IDENTITY_CONFIRMED_BUT_NO_GOVERNED_ASSOCIABLE_GEOMETRY_EXISTS,SHARED_REFERENCE,Spatial association remains deferred until governed settlement geometry exists.
assocand:nngla:place:NG-PLC-000223,PLACE,NG-PLC-000223,NGP-000223,,,,DEFERRED_NO_GEOMETRY,CANONICAL_IDENTITY_CONFIRMED_BUT_NO_GOVERNED_ASSOCIABLE_GEOMETRY_EXISTS,SHARED_REFERENCE,Spatial association remains deferred until governed settlement geometry exists.
assocand:nngla:place:NG-PLC-000224,PLACE,NG-PLC-000224,NGP-000224,,,,DEFERRED_NO_GEOMETRY,CANONICAL_IDENTITY_CONFIRMED_BUT_NO_GOVERNED_ASSOCIABLE_GEOMETRY_EXISTS,SHARED_REFERENCE,Spatial association remains deferred until governed settlement geometry exists.
assocand:nngla:place:NG-PLC-000225,PLACE,NG-PLC-000225,NGP-000225,,,,DEFERRED_NO_GEOMETRY,CANONICAL_IDENTITY_CONFIRMED_BUT_NO_GOVERNED_ASSOCIABLE_GEOMETRY_EXISTS,SHARED_REFERENCE,Spatial association remains deferred until governed settlement geometry exists.
assocand:nngla:place:NG-PLC-000226,PLACE,NG-PLC-000226,NGP-000226,,,,DEFERRED_NO_GEOMETRY,CANONICAL_IDENTITY_CONFIRMED_BUT_NO_GOVERNED_ASSOCIABLE_GEOMETRY_EXISTS,SHARED_REFERENCE,Spatial association remains deferred until governed settlement geometry exists.
assocand:nngla:place:NG-PLC-000227,PLACE,NG-PLC-000227,NGP-000227,,,,DEFERRED_NO_GEOMETRY,CANONICAL_IDENTITY_CONFIRMED_BUT_NO_GOVERNED_ASSOCIABLE_GEOMETRY_EXISTS,SHARED_REFERENCE,Spatial association remains deferred until governed settlement geometry exists.
assocand:nngla:place:NG-PLC-000228,PLACE,NG-PLC-000228,NGP-000228,,,,DEFERRED_NO_GEOMETRY,CANONICAL_IDENTITY_CONFIRMED_BUT_NO_GOVERNED_ASSOCIABLE_GEOMETRY_EXISTS,SHARED_REFERENCE,Spatial association remains deferred until governed settlement geometry exists.
assocand:nngla:place:NG-PLC-000229,PLACE,NG-PLC-000229,NGP-000229,,,,DEFERRED_NO_GEOMETRY,CANONICAL_IDENTITY_CONFIRMED_BUT_NO_GOVERNED_ASSOCIABLE_GEOMETRY_EXISTS,SHARED_REFERENCE,Spatial association remains deferred until governed settlement geometry exists.
assocand:nngla:place:NG-PLC-000230,PLACE,NG-PLC-000230,NGP-000230,,,,DEFERRED_NO_GEOMETRY,CANONICAL_IDENTITY_CONFIRMED_BUT_NO_GOVERNED_ASSOCIABLE_GEOMETRY_EXISTS,SHARED_REFERENCE,Spatial association remains deferred until governed settlement geometry exists.
assocand:nngla:place:NG-PLC-000231,PLACE,NG-PLC-000231,NGP-000231,,,,DEFERRED_NO_GEOMETRY,CANONICAL_IDENTITY_CONFIRMED_BUT_NO_GOVERNED_ASSOCIABLE_GEOMETRY_EXISTS,SHARED_REFERENCE,Spatial association remains deferred until governed settlement geometry exists.
assocand:nngla:place:NG-PLC-000232,PLACE,NG-PLC-000232,NGP-000232,,,,DEFERRED_NO_GEOMETRY,CANONICAL_IDENTITY_CONFIRMED_BUT_NO_GOVERNED_ASSOCIABLE_GEOMETRY_EXISTS,SHARED_REFERENCE,Spatial association remains deferred until governed settlement geometry exists.
assocand:nngla:place:NG-PLC-000233,PLACE,NG-PLC-000233,NGP-000233,,,,DEFERRED_NO_GEOMETRY,CANONICAL_IDENTITY_CONFIRMED_BUT_NO_GOVERNED_ASSOCIABLE_GEOMETRY_EXISTS,SHARED_REFERENCE,Spatial association remains deferred until governed settlement geometry exists.
assocand:nngla:place:NG-PLC-000234,PLACE,NG-PLC-000234,NGP-000234,,,,DEFERRED_NO_GEOMETRY,CANONICAL_IDENTITY_CONFIRMED_BUT_NO_GOVERNED_ASSOCIABLE_GEOMETRY_EXISTS,SHARED_REFERENCE,Spatial association remains deferred until governed settlement geometry exists.
assocand:nngla:place:NG-PLC-000235,PLACE,NG-PLC-000235,NGP-000235,,,,DEFERRED_NO_GEOMETRY,CANONICAL_IDENTITY_CONFIRMED_BUT_NO_GOVERNED_ASSOCIABLE_GEOMETRY_EXISTS,SHARED_REFERENCE,Spatial association remains deferred until governed settlement geometry exists.
assocand:nngla:place:NG-PLC-000236,PLACE,NG-PLC-000236,NGP-000236,,,,DEFERRED_NO_GEOMETRY,CANONICAL_IDENTITY_CONFIRMED_BUT_NO_GOVERNED_ASSOCIABLE_GEOMETRY_EXISTS,SHARED_REFERENCE,Spatial association remains deferred until governed settlement geometry exists.
assocand:nngla:place:NG-PLC-000237,PLACE,NG-PLC-000237,NGP-000237,,,,DEFERRED_NO_GEOMETRY,CANONICAL_IDENTITY_CONFIRMED_BUT_NO_GOVERNED_ASSOCIABLE_GEOMETRY_EXISTS,SHARED_REFERENCE,Spatial association remains deferred until governed settlement geometry exists.
assocand:nngla:place:NG-PLC-000238,PLACE,NG-PLC-000238,NGP-000238,,,,DEFERRED_NO_GEOMETRY,CANONICAL_IDENTITY_CONFIRMED_BUT_NO_GOVERNED_ASSOCIABLE_GEOMETRY_EXISTS,SHARED_REFERENCE,Spatial association remains deferred until governed settlement geometry exists.
assocand:nngla:place:NG-PLC-000239,PLACE,NG-PLC-000239,NGP-000239,,,,DEFERRED_NO_GEOMETRY,CANONICAL_IDENTITY_CONFIRMED_BUT_NO_GOVERNED_ASSOCIABLE_GEOMETRY_EXISTS,SHARED_REFERENCE,Spatial association remains deferred until governed settlement geometry exists.
assocand:nngla:place:NG-PLC-000240,PLACE,NG-PLC-000240,NGP-000240,,,,DEFERRED_NO_GEOMETRY,CANONICAL_IDENTITY_CONFIRMED_BUT_NO_GOVERNED_ASSOCIABLE_GEOMETRY_EXISTS,SHARED_REFERENCE,Spatial association remains deferred until governed settlement geometry exists.
assocand:nngla:place:NG-PLC-000241,PLACE,NG-PLC-000241,NGP-000241,,,,DEFERRED_NO_GEOMETRY,CANONICAL_IDENTITY_CONFIRMED_BUT_NO_GOVERNED_ASSOCIABLE_GEOMETRY_EXISTS,SHARED_REFERENCE,Spatial association remains deferred until governed settlement geometry exists.
assocand:nngla:place:NG-PLC-000242,PLACE,NG-PLC-000242,NGP-000242,,,,DEFERRED_NO_GEOMETRY,CANONICAL_IDENTITY_CONFIRMED_BUT_NO_GOVERNED_ASSOCIABLE_GEOMETRY_EXISTS,SHARED_REFERENCE,Spatial association remains deferred until governed settlement geometry exists.
assocand:nngla:place:NG-PLC-000243,PLACE,NG-PLC-000243,NGP-000243,,,,DEFERRED_NO_GEOMETRY,CANONICAL_IDENTITY_CONFIRMED_BUT_NO_GOVERNED_ASSOCIABLE_GEOMETRY_EXISTS,SHARED_REFERENCE,Spatial association remains deferred until governed settlement geometry exists.
assocand:nngla:place:NG-PLC-000244,PLACE,NG-PLC-000244,NGP-000244,,,,DEFERRED_NO_GEOMETRY,CANONICAL_IDENTITY_CONFIRMED_BUT_NO_GOVERNED_ASSOCIABLE_GEOMETRY_EXISTS,SHARED_REFERENCE,Spatial association remains deferred until governed settlement geometry exists.
assocand:nngla:place:NG-PLC-000245,PLACE,NG-PLC-000245,NGP-000245,,,,DEFERRED_NO_GEOMETRY,CANONICAL_IDENTITY_CONFIRMED_BUT_NO_GOVERNED_ASSOCIABLE_GEOMETRY_EXISTS,SHARED_REFERENCE,Spatial association remains deferred until governed settlement geometry exists.
assocand:nngla:place:NG-PLC-000246,PLACE,NG-PLC-000246,NGP-000246,,,,DEFERRED_NO_GEOMETRY,CANONICAL_IDENTITY_CONFIRMED_BUT_NO_GOVERNED_ASSOCIABLE_GEOMETRY_EXISTS,SHARED_REFERENCE,Spatial association remains deferred until governed settlement geometry exists.
assocand:nngla:place:NG-PLC-000247,PLACE,NG-PLC-000247,NGP-000247,,,,DEFERRED_NO_GEOMETRY,CANONICAL_IDENTITY_CONFIRMED_BUT_NO_GOVERNED_ASSOCIABLE_GEOMETRY_EXISTS,SHARED_REFERENCE,Spatial association remains deferred until governed settlement geometry exists.
assocand:nngla:place:NG-PLC-000248,PLACE,NG-PLC-000248,NGP-000248,,,,DEFERRED_NO_GEOMETRY,CANONICAL_IDENTITY_CONFIRMED_BUT_NO_GOVERNED_ASSOCIABLE_GEOMETRY_EXISTS,SHARED_REFERENCE,Spatial association remains deferred until governed settlement geometry exists.
assocand:nngla:place:NG-PLC-000249,PLACE,NG-PLC-000249,NGP-000249,,,,DEFERRED_NO_GEOMETRY,CANONICAL_IDENTITY_CONFIRMED_BUT_NO_GOVERNED_ASSOCIABLE_GEOMETRY_EXISTS,SHARED_REFERENCE,Spatial association remains deferred until governed settlement geometry exists.
assocand:nngla:place:NG-PLC-000250,PLACE,NG-PLC-000250,NGP-000250,,,,DEFERRED_NO_GEOMETRY,CANONICAL_IDENTITY_CONFIRMED_BUT_NO_GOVERNED_ASSOCIABLE_GEOMETRY_EXISTS,SHARED_REFERENCE,Spatial association remains deferred until governed settlement geometry exists.
assocand:nngla:place:NG-PLC-000251,PLACE,NG-PLC-000251,NGP-000251,,,,DEFERRED_NO_GEOMETRY,CANONICAL_IDENTITY_CONFIRMED_BUT_NO_GOVERNED_ASSOCIABLE_GEOMETRY_EXISTS,SHARED_REFERENCE,Spatial association remains deferred until governed settlement geometry exists.
assocand:nngla:place:NG-PLC-000252,PLACE,NG-PLC-000252,NGP-000252,,,,DEFERRED_NO_GEOMETRY,CANONICAL_IDENTITY_CONFIRMED_BUT_NO_GOVERNED_ASSOCIABLE_GEOMETRY_EXISTS,SHARED_REFERENCE,Spatial association remains deferred until governed settlement geometry exists.
assocand:nngla:place:NG-PLC-000253,PLACE,NG-PLC-000253,NGP-000253,,,,DEFERRED_NO_GEOMETRY,CANONICAL_IDENTITY_CONFIRMED_BUT_NO_GOVERNED_ASSOCIABLE_GEOMETRY_EXISTS,SHARED_REFERENCE,Spatial association remains deferred until governed settlement geometry exists.
assocand:nngla:place:NG-PLC-000254,PLACE,NG-PLC-000254,NGP-000254,,,,DEFERRED_NO_GEOMETRY,CANONICAL_IDENTITY_CONFIRMED_BUT_NO_GOVERNED_ASSOCIABLE_GEOMETRY_EXISTS,SHARED_REFERENCE,Spatial association remains deferred until governed settlement geometry exists.
assocand:nngla:place:NG-PLC-000255,PLACE,NG-PLC-000255,NGP-000255,,,,DEFERRED_NO_GEOMETRY,CANONICAL_IDENTITY_CONFIRMED_BUT_NO_GOVERNED_ASSOCIABLE_GEOMETRY_EXISTS,SHARED_REFERENCE,Spatial association remains deferred until governed settlement geometry exists.
assocand:nngla:place:NG-PLC-000256,PLACE,NG-PLC-000256,NGP-000256,,,,DEFERRED_NO_GEOMETRY,CANONICAL_IDENTITY_CONFIRMED_BUT_NO_GOVERNED_ASSOCIABLE_GEOMETRY_EXISTS,SHARED_REFERENCE,Spatial association remains deferred until governed settlement geometry exists.
assocand:nngla:place:NG-PLC-000257,PLACE,NG-PLC-000257,NGP-000257,,,,DEFERRED_NO_GEOMETRY,CANONICAL_IDENTITY_CONFIRMED_BUT_NO_GOVERNED_ASSOCIABLE_GEOMETRY_EXISTS,SHARED_REFERENCE,Spatial association remains deferred until governed settlement geometry exists.
assocand:nngla:place:NG-PLC-000258,PLACE,NG-PLC-000258,NGP-000258,,,,DEFERRED_NO_GEOMETRY,CANONICAL_IDENTITY_CONFIRMED_BUT_NO_GOVERNED_ASSOCIABLE_GEOMETRY_EXISTS,SHARED_REFERENCE,Spatial association remains deferred until governed settlement geometry exists.
assocand:nngla:place:NG-PLC-000259,PLACE,NG-PLC-000259,NGP-000259,,,,DEFERRED_NO_GEOMETRY,CANONICAL_IDENTITY_CONFIRMED_BUT_NO_GOVERNED_ASSOCIABLE_GEOMETRY_EXISTS,SHARED_REFERENCE,Spatial association remains deferred until governed settlement geometry exists.
assocand:nngla:place:NG-PLC-000260,PLACE,NG-PLC-000260,NGP-000260,,,,DEFERRED_NO_GEOMETRY,CANONICAL_IDENTITY_CONFIRMED_BUT_NO_GOVERNED_ASSOCIABLE_GEOMETRY_EXISTS,SHARED_REFERENCE,Spatial association remains deferred until governed settlement geometry exists.
assocand:nngla:place:NG-PLC-000261,PLACE,NG-PLC-000261,NGP-000261,,,,DEFERRED_NO_GEOMETRY,CANONICAL_IDENTITY_CONFIRMED_BUT_NO_GOVERNED_ASSOCIABLE_GEOMETRY_EXISTS,SHARED_REFERENCE,Spatial association remains deferred until governed settlement geometry exists.
assocand:nngla:place:NG-PLC-000262,PLACE,NG-PLC-000262,NGP-000262,,,,DEFERRED_NO_GEOMETRY,CANONICAL_IDENTITY_CONFIRMED_BUT_NO_GOVERNED_ASSOCIABLE_GEOMETRY_EXISTS,SHARED_REFERENCE,Spatial association remains deferred until governed settlement geometry exists.
assocand:nngla:place:NG-PLC-000263,PLACE,NG-PLC-000263,NGP-000263,,,,DEFERRED_NO_GEOMETRY,CANONICAL_IDENTITY_CONFIRMED_BUT_NO_GOVERNED_ASSOCIABLE_GEOMETRY_EXISTS,SHARED_REFERENCE,Spatial association remains deferred until governed settlement geometry exists.
assocand:nngla:place:NG-PLC-000264,PLACE,NG-PLC-000264,NGP-000264,,,,DEFERRED_NO_GEOMETRY,CANONICAL_IDENTITY_CONFIRMED_BUT_NO_GOVERNED_ASSOCIABLE_GEOMETRY_EXISTS,SHARED_REFERENCE,Spatial association remains deferred until governed settlement geometry exists.
assocand:nngla:place:NG-PLC-000265,PLACE,NG-PLC-000265,NGP-000265,,,,DEFERRED_NO_GEOMETRY,CANONICAL_IDENTITY_CONFIRMED_BUT_NO_GOVERNED_ASSOCIABLE_GEOMETRY_EXISTS,SHARED_REFERENCE,Spatial association remains deferred until governed settlement geometry exists.
assocand:nngla:place:NG-PLC-000266,PLACE,NG-PLC-000266,NGP-000266,,,,DEFERRED_NO_GEOMETRY,CANONICAL_IDENTITY_CONFIRMED_BUT_NO_GOVERNED_ASSOCIABLE_GEOMETRY_EXISTS,SHARED_REFERENCE,Spatial association remains deferred until governed settlement geometry exists.
assocand:nngla:place:NG-PLC-000267,PLACE,NG-PLC-000267,NGP-000267,,,,DEFERRED_NO_GEOMETRY,CANONICAL_IDENTITY_CONFIRMED_BUT_NO_GOVERNED_ASSOCIABLE_GEOMETRY_EXISTS,SHARED_REFERENCE,Spatial association remains deferred until governed settlement geometry exists.
assocand:nngla:place:NG-PLC-000268,PLACE,NG-PLC-000268,NGP-000268,,,,DEFERRED_NO_GEOMETRY,CANONICAL_IDENTITY_CONFIRMED_BUT_NO_GOVERNED_ASSOCIABLE_GEOMETRY_EXISTS,SHARED_REFERENCE,Spatial association remains deferred until governed settlement geometry exists.
assocand:nngla:place:NG-PLC-000269,PLACE,NG-PLC-000269,NGP-000269,,,,DEFERRED_NO_GEOMETRY,CANONICAL_IDENTITY_CONFIRMED_BUT_NO_GOVERNED_ASSOCIABLE_GEOMETRY_EXISTS,SHARED_REFERENCE,Spatial association remains deferred until governed settlement geometry exists.
assocand:nngla:place:NG-PLC-000270,PLACE,NG-PLC-000270,NGP-000270,,,,DEFERRED_NO_GEOMETRY,CANONICAL_IDENTITY_CONFIRMED_BUT_NO_GOVERNED_ASSOCIABLE_GEOMETRY_EXISTS,SHARED_REFERENCE,Spatial association remains deferred until governed settlement geometry exists.
assocand:nngla:place:NG-PLC-000271,PLACE,NG-PLC-000271,NGP-000271,,,,DEFERRED_NO_GEOMETRY,CANONICAL_IDENTITY_CONFIRMED_BUT_NO_GOVERNED_ASSOCIABLE_GEOMETRY_EXISTS,SHARED_REFERENCE,Spatial association remains deferred until governed settlement geometry exists.
assocand:nngla:place:NG-PLC-000272,PLACE,NG-PLC-000272,NGP-000272,,,,DEFERRED_NO_GEOMETRY,CANONICAL_IDENTITY_CONFIRMED_BUT_NO_GOVERNED_ASSOCIABLE_GEOMETRY_EXISTS,SHARED_REFERENCE,Spatial association remains deferred until governed settlement geometry exists.
assocand:nngla:place:NG-PLC-000273,PLACE,NG-PLC-000273,NGP-000273,,,,DEFERRED_NO_GEOMETRY,CANONICAL_IDENTITY_CONFIRMED_BUT_NO_GOVERNED_ASSOCIABLE_GEOMETRY_EXISTS,SHARED_REFERENCE,Spatial association remains deferred until governed settlement geometry exists.
assocand:nngla:place:NG-PLC-000274,PLACE,NG-PLC-000274,NGP-000274,,,,DEFERRED_NO_GEOMETRY,CANONICAL_IDENTITY_CONFIRMED_BUT_NO_GOVERNED_ASSOCIABLE_GEOMETRY_EXISTS,SHARED_REFERENCE,Spatial association remains deferred until governed settlement geometry exists.
assocand:nngla:place:NG-PLC-000275,PLACE,NG-PLC-000275,NGP-000275,,,,DEFERRED_NO_GEOMETRY,CANONICAL_IDENTITY_CONFIRMED_BUT_NO_GOVERNED_ASSOCIABLE_GEOMETRY_EXISTS,SHARED_REFERENCE,Spatial association remains deferred until governed settlement geometry exists.
assocand:nngla:place:NG-PLC-000276,PLACE,NG-PLC-000276,NGP-000276,,,,DEFERRED_NO_GEOMETRY,CANONICAL_IDENTITY_CONFIRMED_BUT_NO_GOVERNED_ASSOCIABLE_GEOMETRY_EXISTS,SHARED_REFERENCE,Spatial association remains deferred until governed settlement geometry exists.
assocand:nngla:place:NG-PLC-000277,PLACE,NG-PLC-000277,NGP-000277,,,,DEFERRED_NO_GEOMETRY,CANONICAL_IDENTITY_CONFIRMED_BUT_NO_GOVERNED_ASSOCIABLE_GEOMETRY_EXISTS,SHARED_REFERENCE,Spatial association remains deferred until governed settlement geometry exists.
assocand:nngla:place:NG-PLC-000278,PLACE,NG-PLC-000278,NGP-000278,,,,DEFERRED_NO_GEOMETRY,CANONICAL_IDENTITY_CONFIRMED_BUT_NO_GOVERNED_ASSOCIABLE_GEOMETRY_EXISTS,SHARED_REFERENCE,Spatial association remains deferred until governed settlement geometry exists.
assocand:nngla:place:NG-PLC-000279,PLACE,NG-PLC-000279,NGP-000279,,,,DEFERRED_NO_GEOMETRY,CANONICAL_IDENTITY_CONFIRMED_BUT_NO_GOVERNED_ASSOCIABLE_GEOMETRY_EXISTS,SHARED_REFERENCE,Spatial association remains deferred until governed settlement geometry exists.
assocand:nngla:place:NG-PLC-000280,PLACE,NG-PLC-000280,NGP-000280,,,,DEFERRED_NO_GEOMETRY,CANONICAL_IDENTITY_CONFIRMED_BUT_NO_GOVERNED_ASSOCIABLE_GEOMETRY_EXISTS,SHARED_REFERENCE,Spatial association remains deferred until governed settlement geometry exists.
assocand:nngla:place:NG-PLC-000281,PLACE,NG-PLC-000281,NGP-000281,,,,DEFERRED_NO_GEOMETRY,CANONICAL_IDENTITY_CONFIRMED_BUT_NO_GOVERNED_ASSOCIABLE_GEOMETRY_EXISTS,SHARED_REFERENCE,Spatial association remains deferred until governed settlement geometry exists.
assocand:nngla:place:NG-PLC-000282,PLACE,NG-PLC-000282,NGP-000282,,,,DEFERRED_NO_GEOMETRY,CANONICAL_IDENTITY_CONFIRMED_BUT_NO_GOVERNED_ASSOCIABLE_GEOMETRY_EXISTS,SHARED_REFERENCE,Spatial association remains deferred until governed settlement geometry exists.
assocand:nngla:place:NG-PLC-000283,PLACE,NG-PLC-000283,NGP-000283,,,,DEFERRED_NO_GEOMETRY,CANONICAL_IDENTITY_CONFIRMED_BUT_NO_GOVERNED_ASSOCIABLE_GEOMETRY_EXISTS,SHARED_REFERENCE,Spatial association remains deferred until governed settlement geometry exists.
assocand:nngla:place:NG-PLC-000284,PLACE,NG-PLC-000284,NGP-000284,,,,DEFERRED_NO_GEOMETRY,CANONICAL_IDENTITY_CONFIRMED_BUT_NO_GOVERNED_ASSOCIABLE_GEOMETRY_EXISTS,SHARED_REFERENCE,Spatial association remains deferred until governed settlement geometry exists.
assocand:nngla:place:NG-PLC-000285,PLACE,NG-PLC-000285,NGP-000285,,,,DEFERRED_NO_GEOMETRY,CANONICAL_IDENTITY_CONFIRMED_BUT_NO_GOVERNED_ASSOCIABLE_GEOMETRY_EXISTS,SHARED_REFERENCE,Spatial association remains deferred until governed settlement geometry exists.
assocand:nngla:place:NG-PLC-000286,PLACE,NG-PLC-000286,NGP-000286,,,,DEFERRED_NO_GEOMETRY,CANONICAL_IDENTITY_CONFIRMED_BUT_NO_GOVERNED_ASSOCIABLE_GEOMETRY_EXISTS,SHARED_REFERENCE,Spatial association remains deferred until governed settlement geometry exists.
assocand:nngla:place:NG-PLC-000287,PLACE,NG-PLC-000287,NGP-000287,,,,DEFERRED_NO_GEOMETRY,CANONICAL_IDENTITY_CONFIRMED_BUT_NO_GOVERNED_ASSOCIABLE_GEOMETRY_EXISTS,SHARED_REFERENCE,Spatial association remains deferred until governed settlement geometry exists.
assocand:nngla:place:NG-PLC-000288,PLACE,NG-PLC-000288,NGP-000288,,,,DEFERRED_NO_GEOMETRY,CANONICAL_IDENTITY_CONFIRMED_BUT_NO_GOVERNED_ASSOCIABLE_GEOMETRY_EXISTS,SHARED_REFERENCE,Spatial association remains deferred until governed settlement geometry exists.
assocand:nngla:place:NG-PLC-000289,PLACE,NG-PLC-000289,NGP-000289,,,,DEFERRED_NO_GEOMETRY,CANONICAL_IDENTITY_CONFIRMED_BUT_NO_GOVERNED_ASSOCIABLE_GEOMETRY_EXISTS,SHARED_REFERENCE,Spatial association remains deferred until governed settlement geometry exists.
assocand:nngla:place:NG-PLC-000290,PLACE,NG-PLC-000290,NGP-000290,,,,DEFERRED_NO_GEOMETRY,CANONICAL_IDENTITY_CONFIRMED_BUT_NO_GOVERNED_ASSOCIABLE_GEOMETRY_EXISTS,SHARED_REFERENCE,Spatial association remains deferred until governed settlement geometry exists.
assocand:nngla:place:NG-PLC-000291,PLACE,NG-PLC-000291,NGP-000291,,,,DEFERRED_NO_GEOMETRY,CANONICAL_IDENTITY_CONFIRMED_BUT_NO_GOVERNED_ASSOCIABLE_GEOMETRY_EXISTS,SHARED_REFERENCE,Spatial association remains deferred until governed settlement geometry exists.
assocand:nngla:place:NG-PLC-000292,PLACE,NG-PLC-000292,NGP-000292,,,,DEFERRED_NO_GEOMETRY,CANONICAL_IDENTITY_CONFIRMED_BUT_NO_GOVERNED_ASSOCIABLE_GEOMETRY_EXISTS,SHARED_REFERENCE,Spatial association remains deferred until governed settlement geometry exists.
assocand:nngla:place:NG-PLC-000293,PLACE,NG-PLC-000293,NGP-000293,,,,DEFERRED_NO_GEOMETRY,CANONICAL_IDENTITY_CONFIRMED_BUT_NO_GOVERNED_ASSOCIABLE_GEOMETRY_EXISTS,SHARED_REFERENCE,Spatial association remains deferred until governed settlement geometry exists.
assocand:nngla:place:NG-PLC-000294,PLACE,NG-PLC-000294,NGP-000294,,,,DEFERRED_NO_GEOMETRY,CANONICAL_IDENTITY_CONFIRMED_BUT_NO_GOVERNED_ASSOCIABLE_GEOMETRY_EXISTS,SHARED_REFERENCE,Spatial association remains deferred until governed settlement geometry exists.
assocand:nngla:place:NG-PLC-000295,PLACE,NG-PLC-000295,NGP-000295,,,,DEFERRED_NO_GEOMETRY,CANONICAL_IDENTITY_CONFIRMED_BUT_NO_GOVERNED_ASSOCIABLE_GEOMETRY_EXISTS,SHARED_REFERENCE,Spatial association remains deferred until governed settlement geometry exists.
assocand:nngla:place:NG-PLC-000296,PLACE,NG-PLC-000296,NGP-000296,,,,DEFERRED_NO_GEOMETRY,CANONICAL_IDENTITY_CONFIRMED_BUT_NO_GOVERNED_ASSOCIABLE_GEOMETRY_EXISTS,SHARED_REFERENCE,Spatial association remains deferred until governed settlement geometry exists.
assocand:nngla:place:NG-PLC-000297,PLACE,NG-PLC-000297,NGP-000297,,,,DEFERRED_NO_GEOMETRY,CANONICAL_IDENTITY_CONFIRMED_BUT_NO_GOVERNED_ASSOCIABLE_GEOMETRY_EXISTS,SHARED_REFERENCE,Spatial association remains deferred until governed settlement geometry exists.
assocand:nngla:place:NG-PLC-000298,PLACE,NG-PLC-000298,NGP-000298,,,,DEFERRED_NO_GEOMETRY,CANONICAL_IDENTITY_CONFIRMED_BUT_NO_GOVERNED_ASSOCIABLE_GEOMETRY_EXISTS,SHARED_REFERENCE,Spatial association remains deferred until governed settlement geometry exists.
assocand:nngla:place:NG-PLC-000299,PLACE,NG-PLC-000299,NGP-000299,,,,DEFERRED_NO_GEOMETRY,CANONICAL_IDENTITY_CONFIRMED_BUT_NO_GOVERNED_ASSOCIABLE_GEOMETRY_EXISTS,SHARED_REFERENCE,Spatial association remains deferred until governed settlement geometry exists.
assocand:nngla:place:NG-PLC-000300,PLACE,NG-PLC-000300,NGP-000300,,,,DEFERRED_NO_GEOMETRY,CANONICAL_IDENTITY_CONFIRMED_BUT_NO_GOVERNED_ASSOCIABLE_GEOMETRY_EXISTS,SHARED_REFERENCE,Spatial association remains deferred until governed settlement geometry exists.
assocand:nngla:place:NG-PLC-000301,PLACE,NG-PLC-000301,NGP-000301,,,,DEFERRED_NO_GEOMETRY,CANONICAL_IDENTITY_CONFIRMED_BUT_NO_GOVERNED_ASSOCIABLE_GEOMETRY_EXISTS,SHARED_REFERENCE,Spatial association remains deferred until governed settlement geometry exists.
assocand:nngla:place:NG-PLC-000302,PLACE,NG-PLC-000302,NGP-000302,,,,DEFERRED_NO_GEOMETRY,CANONICAL_IDENTITY_CONFIRMED_BUT_NO_GOVERNED_ASSOCIABLE_GEOMETRY_EXISTS,SHARED_REFERENCE,Spatial association remains deferred until governed settlement geometry exists.
assocand:nngla:place:NG-PLC-000303,PLACE,NG-PLC-000303,NGP-000303,,,,DEFERRED_NO_GEOMETRY,CANONICAL_IDENTITY_CONFIRMED_BUT_NO_GOVERNED_ASSOCIABLE_GEOMETRY_EXISTS,SHARED_REFERENCE,Spatial association remains deferred until governed settlement geometry exists.
assocand:nngla:place:NG-PLC-000304,PLACE,NG-PLC-000304,NGP-000304,,,,DEFERRED_NO_GEOMETRY,CANONICAL_IDENTITY_CONFIRMED_BUT_NO_GOVERNED_ASSOCIABLE_GEOMETRY_EXISTS,SHARED_REFERENCE,Spatial association remains deferred until governed settlement geometry exists.
assocand:nngla:place:NG-PLC-000305,PLACE,NG-PLC-000305,NGP-000305,,,,DEFERRED_NO_GEOMETRY,CANONICAL_IDENTITY_CONFIRMED_BUT_NO_GOVERNED_ASSOCIABLE_GEOMETRY_EXISTS,SHARED_REFERENCE,Spatial association remains deferred until governed settlement geometry exists.
assocand:nngla:place:NG-PLC-000306,PLACE,NG-PLC-000306,NGP-000306,,,,DEFERRED_NO_GEOMETRY,CANONICAL_IDENTITY_CONFIRMED_BUT_NO_GOVERNED_ASSOCIABLE_GEOMETRY_EXISTS,SHARED_REFERENCE,Spatial association remains deferred until governed settlement geometry exists.
assocand:nngla:place:NG-PLC-000307,PLACE,NG-PLC-000307,NGP-000307,,,,DEFERRED_NO_GEOMETRY,CANONICAL_IDENTITY_CONFIRMED_BUT_NO_GOVERNED_ASSOCIABLE_GEOMETRY_EXISTS,SHARED_REFERENCE,Spatial association remains deferred until governed settlement geometry exists.
assocand:nngla:place:NG-PLC-000308,PLACE,NG-PLC-000308,NGP-000308,,,,DEFERRED_NO_GEOMETRY,CANONICAL_IDENTITY_CONFIRMED_BUT_NO_GOVERNED_ASSOCIABLE_GEOMETRY_EXISTS,SHARED_REFERENCE,Spatial association remains deferred until governed settlement geometry exists.
assocand:nngla:place:NG-PLC-000309,PLACE,NG-PLC-000309,NGP-000309,,,,DEFERRED_NO_GEOMETRY,CANONICAL_IDENTITY_CONFIRMED_BUT_NO_GOVERNED_ASSOCIABLE_GEOMETRY_EXISTS,SHARED_REFERENCE,Spatial association remains deferred until governed settlement geometry exists.
assocand:nngla:place:NG-PLC-000310,PLACE,NG-PLC-000310,NGP-000310,,,,DEFERRED_NO_GEOMETRY,CANONICAL_IDENTITY_CONFIRMED_BUT_NO_GOVERNED_ASSOCIABLE_GEOMETRY_EXISTS,SHARED_REFERENCE,Spatial association remains deferred until governed settlement geometry exists.
assocand:nngla:place:NG-PLC-000311,PLACE,NG-PLC-000311,NGP-000311,,,,DEFERRED_NO_GEOMETRY,CANONICAL_IDENTITY_CONFIRMED_BUT_NO_GOVERNED_ASSOCIABLE_GEOMETRY_EXISTS,SHARED_REFERENCE,Spatial association remains deferred until governed settlement geometry exists.
assocand:nngla:place:NG-PLC-000312,PLACE,NG-PLC-000312,NGP-000312,,,,DEFERRED_NO_GEOMETRY,CANONICAL_IDENTITY_CONFIRMED_BUT_NO_GOVERNED_ASSOCIABLE_GEOMETRY_EXISTS,SHARED_REFERENCE,Spatial association remains deferred until governed settlement geometry exists.
assocand:nngla:place:NG-PLC-000313,PLACE,NG-PLC-000313,NGP-000313,,,,DEFERRED_NO_GEOMETRY,CANONICAL_IDENTITY_CONFIRMED_BUT_NO_GOVERNED_ASSOCIABLE_GEOMETRY_EXISTS,SHARED_REFERENCE,Spatial association remains deferred until governed settlement geometry exists.
assocand:nngla:place:NG-PLC-000314,PLACE,NG-PLC-000314,NGP-000314,,,,DEFERRED_NO_GEOMETRY,CANONICAL_IDENTITY_CONFIRMED_BUT_NO_GOVERNED_ASSOCIABLE_GEOMETRY_EXISTS,SHARED_REFERENCE,Spatial association remains deferred until governed settlement geometry exists.
assocand:nngla:place:NG-PLC-000315,PLACE,NG-PLC-000315,NGP-000315,,,,DEFERRED_NO_GEOMETRY,CANONICAL_IDENTITY_CONFIRMED_BUT_NO_GOVERNED_ASSOCIABLE_GEOMETRY_EXISTS,SHARED_REFERENCE,Spatial association remains deferred until governed settlement geometry exists.
assocand:nngla:place:NG-PLC-000316,PLACE,NG-PLC-000316,NGP-000316,,,,DEFERRED_NO_GEOMETRY,CANONICAL_IDENTITY_CONFIRMED_BUT_NO_GOVERNED_ASSOCIABLE_GEOMETRY_EXISTS,SHARED_REFERENCE,Spatial association remains deferred until governed settlement geometry exists.
assocand:nngla:place:NG-PLC-000317,PLACE,NG-PLC-000317,NGP-000317,,,,DEFERRED_NO_GEOMETRY,CANONICAL_IDENTITY_CONFIRMED_BUT_NO_GOVERNED_ASSOCIABLE_GEOMETRY_EXISTS,SHARED_REFERENCE,Spatial association remains deferred until governed settlement geometry exists.
assocand:nngla:place:NG-PLC-000318,PLACE,NG-PLC-000318,NGP-000318,,,,DEFERRED_NO_GEOMETRY,CANONICAL_IDENTITY_CONFIRMED_BUT_NO_GOVERNED_ASSOCIABLE_GEOMETRY_EXISTS,SHARED_REFERENCE,Spatial association remains deferred until governed settlement geometry exists.
assocand:nngla:place:NG-PLC-000319,PLACE,NG-PLC-000319,NGP-000319,,,,DEFERRED_NO_GEOMETRY,CANONICAL_IDENTITY_CONFIRMED_BUT_NO_GOVERNED_ASSOCIABLE_GEOMETRY_EXISTS,SHARED_REFERENCE,Spatial association remains deferred until governed settlement geometry exists.
assocand:nngla:place:NG-PLC-000320,PLACE,NG-PLC-000320,NGP-000320,,,,DEFERRED_NO_GEOMETRY,CANONICAL_IDENTITY_CONFIRMED_BUT_NO_GOVERNED_ASSOCIABLE_GEOMETRY_EXISTS,SHARED_REFERENCE,Spatial association remains deferred until governed settlement geometry exists.
assocand:nngla:place:NG-PLC-000321,PLACE,NG-PLC-000321,NGP-000321,,,,DEFERRED_NO_GEOMETRY,CANONICAL_IDENTITY_CONFIRMED_BUT_NO_GOVERNED_ASSOCIABLE_GEOMETRY_EXISTS,SHARED_REFERENCE,Spatial association remains deferred until governed settlement geometry exists.
assocand:nngla:place:NG-PLC-000322,PLACE,NG-PLC-000322,NGP-000322,,,,DEFERRED_NO_GEOMETRY,CANONICAL_IDENTITY_CONFIRMED_BUT_NO_GOVERNED_ASSOCIABLE_GEOMETRY_EXISTS,SHARED_REFERENCE,Spatial association remains deferred until governed settlement geometry exists.
assocand:nngla:place:NG-PLC-000323,PLACE,NG-PLC-000323,NGP-000323,,,,DEFERRED_NO_GEOMETRY,CANONICAL_IDENTITY_CONFIRMED_BUT_NO_GOVERNED_ASSOCIABLE_GEOMETRY_EXISTS,SHARED_REFERENCE,Spatial association remains deferred until governed settlement geometry exists.
assocand:nngla:place:NG-PLC-000324,PLACE,NG-PLC-000324,NGP-000324,,,,DEFERRED_NO_GEOMETRY,CANONICAL_IDENTITY_CONFIRMED_BUT_NO_GOVERNED_ASSOCIABLE_GEOMETRY_EXISTS,SHARED_REFERENCE,Spatial association remains deferred until governed settlement geometry exists.
assocand:nngla:place:NG-PLC-000325,PLACE,NG-PLC-000325,NGP-000325,,,,DEFERRED_NO_GEOMETRY,CANONICAL_IDENTITY_CONFIRMED_BUT_NO_GOVERNED_ASSOCIABLE_GEOMETRY_EXISTS,SHARED_REFERENCE,Spatial association remains deferred until governed settlement geometry exists.
assocand:nngla:place:NG-PLC-000326,PLACE,NG-PLC-000326,NGP-000326,,,,DEFERRED_NO_GEOMETRY,CANONICAL_IDENTITY_CONFIRMED_BUT_NO_GOVERNED_ASSOCIABLE_GEOMETRY_EXISTS,SHARED_REFERENCE,Spatial association remains deferred until governed settlement geometry exists.
assocand:nngla:place:NG-PLC-000327,PLACE,NG-PLC-000327,NGP-000327,,,,DEFERRED_NO_GEOMETRY,CANONICAL_IDENTITY_CONFIRMED_BUT_NO_GOVERNED_ASSOCIABLE_GEOMETRY_EXISTS,SHARED_REFERENCE,Spatial association remains deferred until governed settlement geometry exists.
assocand:nngla:place:NG-PLC-000328,PLACE,NG-PLC-000328,NGP-000328,,,,DEFERRED_NO_GEOMETRY,CANONICAL_IDENTITY_CONFIRMED_BUT_NO_GOVERNED_ASSOCIABLE_GEOMETRY_EXISTS,SHARED_REFERENCE,Spatial association remains deferred until governed settlement geometry exists.
assocand:nngla:place:NG-PLC-000329,PLACE,NG-PLC-000329,NGP-000329,,,,DEFERRED_NO_GEOMETRY,CANONICAL_IDENTITY_CONFIRMED_BUT_NO_GOVERNED_ASSOCIABLE_GEOMETRY_EXISTS,SHARED_REFERENCE,Spatial association remains deferred until governed settlement geometry exists.
assocand:nngla:place:NG-PLC-000330,PLACE,NG-PLC-000330,NGP-000330,,,,DEFERRED_NO_GEOMETRY,CANONICAL_IDENTITY_CONFIRMED_BUT_NO_GOVERNED_ASSOCIABLE_GEOMETRY_EXISTS,SHARED_REFERENCE,Spatial association remains deferred until governed settlement geometry exists.
assocand:nngla:place:NG-PLC-000331,PLACE,NG-PLC-000331,NGP-000331,,,,DEFERRED_NO_GEOMETRY,CANONICAL_IDENTITY_CONFIRMED_BUT_NO_GOVERNED_ASSOCIABLE_GEOMETRY_EXISTS,SHARED_REFERENCE,Spatial association remains deferred until governed settlement geometry exists.
assocand:nngla:place:NG-PLC-000332,PLACE,NG-PLC-000332,NGP-000332,,,,DEFERRED_NO_GEOMETRY,CANONICAL_IDENTITY_CONFIRMED_BUT_NO_GOVERNED_ASSOCIABLE_GEOMETRY_EXISTS,SHARED_REFERENCE,Spatial association remains deferred until governed settlement geometry exists.
assocand:nngla:place:NG-PLC-000333,PLACE,NG-PLC-000333,NGP-000333,,,,DEFERRED_NO_GEOMETRY,CANONICAL_IDENTITY_CONFIRMED_BUT_NO_GOVERNED_ASSOCIABLE_GEOMETRY_EXISTS,SHARED_REFERENCE,Spatial association remains deferred until governed settlement geometry exists.
assocand:nngla:place:NG-PLC-000334,PLACE,NG-PLC-000334,NGP-000334,,,,DEFERRED_NO_GEOMETRY,CANONICAL_IDENTITY_CONFIRMED_BUT_NO_GOVERNED_ASSOCIABLE_GEOMETRY_EXISTS,SHARED_REFERENCE,Spatial association remains deferred until governed settlement geometry exists.
assocand:nngla:place:NG-PLC-000335,PLACE,NG-PLC-000335,NGP-000335,,,,DEFERRED_NO_GEOMETRY,CANONICAL_IDENTITY_CONFIRMED_BUT_NO_GOVERNED_ASSOCIABLE_GEOMETRY_EXISTS,SHARED_REFERENCE,Spatial association remains deferred until governed settlement geometry exists.
assocand:nngla:place:NG-PLC-000336,PLACE,NG-PLC-000336,NGP-000336,,,,DEFERRED_NO_GEOMETRY,CANONICAL_IDENTITY_CONFIRMED_BUT_NO_GOVERNED_ASSOCIABLE_GEOMETRY_EXISTS,SHARED_REFERENCE,Spatial association remains deferred until governed settlement geometry exists.
assocand:nngla:place:NG-PLC-000337,PLACE,NG-PLC-000337,NGP-000337,,,,DEFERRED_NO_GEOMETRY,CANONICAL_IDENTITY_CONFIRMED_BUT_NO_GOVERNED_ASSOCIABLE_GEOMETRY_EXISTS,SHARED_REFERENCE,Spatial association remains deferred until governed settlement geometry exists.
assocand:nngla:place:NG-PLC-000338,PLACE,NG-PLC-000338,NGP-000338,,,,DEFERRED_NO_GEOMETRY,CANONICAL_IDENTITY_CONFIRMED_BUT_NO_GOVERNED_ASSOCIABLE_GEOMETRY_EXISTS,SHARED_REFERENCE,Spatial association remains deferred until governed settlement geometry exists.
assocand:nngla:place:NG-PLC-000339,PLACE,NG-PLC-000339,NGP-000339,,,,DEFERRED_NO_GEOMETRY,CANONICAL_IDENTITY_CONFIRMED_BUT_NO_GOVERNED_ASSOCIABLE_GEOMETRY_EXISTS,SHARED_REFERENCE,Spatial association remains deferred until governed settlement geometry exists.
assocand:nngla:place:NG-PLC-000340,PLACE,NG-PLC-000340,NGP-000340,,,,DEFERRED_NO_GEOMETRY,CANONICAL_IDENTITY_CONFIRMED_BUT_NO_GOVERNED_ASSOCIABLE_GEOMETRY_EXISTS,SHARED_REFERENCE,Spatial association remains deferred until governed settlement geometry exists.
assocand:nngla:place:NG-PLC-000341,PLACE,NG-PLC-000341,NGP-000341,,,,DEFERRED_NO_GEOMETRY,CANONICAL_IDENTITY_CONFIRMED_BUT_NO_GOVERNED_ASSOCIABLE_GEOMETRY_EXISTS,SHARED_REFERENCE,Spatial association remains deferred until governed settlement geometry exists.
assocand:nngla:place:NG-PLC-000342,PLACE,NG-PLC-000342,NGP-000342,,,,DEFERRED_NO_GEOMETRY,CANONICAL_IDENTITY_CONFIRMED_BUT_NO_GOVERNED_ASSOCIABLE_GEOMETRY_EXISTS,SHARED_REFERENCE,Spatial association remains deferred until governed settlement geometry exists.
assocand:nngla:place:NG-PLC-000343,PLACE,NG-PLC-000343,NGP-000343,,,,DEFERRED_NO_GEOMETRY,CANONICAL_IDENTITY_CONFIRMED_BUT_NO_GOVERNED_ASSOCIABLE_GEOMETRY_EXISTS,SHARED_REFERENCE,Spatial association remains deferred until governed settlement geometry exists.
assocand:nngla:place:NG-PLC-000344,PLACE,NG-PLC-000344,NGP-000344,,,,DEFERRED_NO_GEOMETRY,CANONICAL_IDENTITY_CONFIRMED_BUT_NO_GOVERNED_ASSOCIABLE_GEOMETRY_EXISTS,SHARED_REFERENCE,Spatial association remains deferred until governed settlement geometry exists.
assocand:nngla:place:NG-PLC-000345,PLACE,NG-PLC-000345,NGP-000345,,,,DEFERRED_NO_GEOMETRY,CANONICAL_IDENTITY_CONFIRMED_BUT_NO_GOVERNED_ASSOCIABLE_GEOMETRY_EXISTS,SHARED_REFERENCE,Spatial association remains deferred until governed settlement geometry exists.
assocand:nngla:place:NG-PLC-000346,PLACE,NG-PLC-000346,NGP-000346,,,,DEFERRED_NO_GEOMETRY,CANONICAL_IDENTITY_CONFIRMED_BUT_NO_GOVERNED_ASSOCIABLE_GEOMETRY_EXISTS,SHARED_REFERENCE,Spatial association remains deferred until governed settlement geometry exists.
assocand:nngla:place:NG-PLC-000347,PLACE,NG-PLC-000347,NGP-000347,,,,DEFERRED_NO_GEOMETRY,CANONICAL_IDENTITY_CONFIRMED_BUT_NO_GOVERNED_ASSOCIABLE_GEOMETRY_EXISTS,SHARED_REFERENCE,Spatial association remains deferred until governed settlement geometry exists.
assocand:nngla:place:NG-PLC-000348,PLACE,NG-PLC-000348,NGP-000348,,,,DEFERRED_NO_GEOMETRY,CANONICAL_IDENTITY_CONFIRMED_BUT_NO_GOVERNED_ASSOCIABLE_GEOMETRY_EXISTS,SHARED_REFERENCE,Spatial association remains deferred until governed settlement geometry exists.
assocand:nngla:place:NG-PLC-000349,PLACE,NG-PLC-000349,NGP-000349,,,,DEFERRED_NO_GEOMETRY,CANONICAL_IDENTITY_CONFIRMED_BUT_NO_GOVERNED_ASSOCIABLE_GEOMETRY_EXISTS,SHARED_REFERENCE,Spatial association remains deferred until governed settlement geometry exists.
assocand:nngla:place:NG-PLC-000350,PLACE,NG-PLC-000350,NGP-000350,,,,DEFERRED_NO_GEOMETRY,CANONICAL_IDENTITY_CONFIRMED_BUT_NO_GOVERNED_ASSOCIABLE_GEOMETRY_EXISTS,SHARED_REFERENCE,Spatial association remains deferred until governed settlement geometry exists.
assocand:nngla:place:NG-PLC-000351,PLACE,NG-PLC-000351,NGP-000351,,,,DEFERRED_NO_GEOMETRY,CANONICAL_IDENTITY_CONFIRMED_BUT_NO_GOVERNED_ASSOCIABLE_GEOMETRY_EXISTS,SHARED_REFERENCE,Spatial association remains deferred until governed settlement geometry exists.
assocand:nngla:place:NG-PLC-000352,PLACE,NG-PLC-000352,NGP-000352,,,,DEFERRED_NO_GEOMETRY,CANONICAL_IDENTITY_CONFIRMED_BUT_NO_GOVERNED_ASSOCIABLE_GEOMETRY_EXISTS,SHARED_REFERENCE,Spatial association remains deferred until governed settlement geometry exists.
assocand:nngla:place:NG-PLC-000353,PLACE,NG-PLC-000353,NGP-000353,,,,DEFERRED_NO_GEOMETRY,CANONICAL_IDENTITY_CONFIRMED_BUT_NO_GOVERNED_ASSOCIABLE_GEOMETRY_EXISTS,SHARED_REFERENCE,Spatial association remains deferred until governed settlement geometry exists.
assocand:nngla:place:NG-PLC-000354,PLACE,NG-PLC-000354,NGP-000354,,,,DEFERRED_NO_GEOMETRY,CANONICAL_IDENTITY_CONFIRMED_BUT_NO_GOVERNED_ASSOCIABLE_GEOMETRY_EXISTS,SHARED_REFERENCE,Spatial association remains deferred until governed settlement geometry exists.
assocand:nngla:place:NG-PLC-000355,PLACE,NG-PLC-000355,NGP-000355,,,,DEFERRED_NO_GEOMETRY,CANONICAL_IDENTITY_CONFIRMED_BUT_NO_GOVERNED_ASSOCIABLE_GEOMETRY_EXISTS,SHARED_REFERENCE,Spatial association remains deferred until governed settlement geometry exists.
assocand:nngla:place:NG-PLC-000356,PLACE,NG-PLC-000356,NGP-000356,,,,DEFERRED_NO_GEOMETRY,CANONICAL_IDENTITY_CONFIRMED_BUT_NO_GOVERNED_ASSOCIABLE_GEOMETRY_EXISTS,SHARED_REFERENCE,Spatial association remains deferred until governed settlement geometry exists.
assocand:nngla:place:NG-PLC-000357,PLACE,NG-PLC-000357,NGP-000357,,,,DEFERRED_NO_GEOMETRY,CANONICAL_IDENTITY_CONFIRMED_BUT_NO_GOVERNED_ASSOCIABLE_GEOMETRY_EXISTS,SHARED_REFERENCE,Spatial association remains deferred until governed settlement geometry exists.
assocand:nngla:place:NG-PLC-000358,PLACE,NG-PLC-000358,NGP-000358,,,,DEFERRED_NO_GEOMETRY,CANONICAL_IDENTITY_CONFIRMED_BUT_NO_GOVERNED_ASSOCIABLE_GEOMETRY_EXISTS,SHARED_REFERENCE,Spatial association remains deferred until governed settlement geometry exists.
assocand:nngla:place:NG-PLC-000359,PLACE,NG-PLC-000359,NGP-000359,,,,DEFERRED_NO_GEOMETRY,CANONICAL_IDENTITY_CONFIRMED_BUT_NO_GOVERNED_ASSOCIABLE_GEOMETRY_EXISTS,SHARED_REFERENCE,Spatial association remains deferred until governed settlement geometry exists.
assocand:nngla:place:NG-PLC-000360,PLACE,NG-PLC-000360,NGP-000360,,,,DEFERRED_NO_GEOMETRY,CANONICAL_IDENTITY_CONFIRMED_BUT_NO_GOVERNED_ASSOCIABLE_GEOMETRY_EXISTS,SHARED_REFERENCE,Spatial association remains deferred until governed settlement geometry exists.
assocand:nngla:place:NG-PLC-000361,PLACE,NG-PLC-000361,NGP-000361,,,,DEFERRED_NO_GEOMETRY,CANONICAL_IDENTITY_CONFIRMED_BUT_NO_GOVERNED_ASSOCIABLE_GEOMETRY_EXISTS,SHARED_REFERENCE,Spatial association remains deferred until governed settlement geometry exists.
assocand:nngla:place:NG-PLC-000362,PLACE,NG-PLC-000362,NGP-000362,,,,DEFERRED_NO_GEOMETRY,CANONICAL_IDENTITY_CONFIRMED_BUT_NO_GOVERNED_ASSOCIABLE_GEOMETRY_EXISTS,SHARED_REFERENCE,Spatial association remains deferred until governed settlement geometry exists.
assocand:nngla:place:NG-PLC-000363,PLACE,NG-PLC-000363,NGP-000363,,,,DEFERRED_NO_GEOMETRY,CANONICAL_IDENTITY_CONFIRMED_BUT_NO_GOVERNED_ASSOCIABLE_GEOMETRY_EXISTS,SHARED_REFERENCE,Spatial association remains deferred until governed settlement geometry exists.
assocand:nngla:place:NG-PLC-000364,PLACE,NG-PLC-000364,NGP-000364,,,,DEFERRED_NO_GEOMETRY,CANONICAL_IDENTITY_CONFIRMED_BUT_NO_GOVERNED_ASSOCIABLE_GEOMETRY_EXISTS,SHARED_REFERENCE,Spatial association remains deferred until governed settlement geometry exists.
assocand:nngla:place:NG-PLC-000365,PLACE,NG-PLC-000365,NGP-000365,,,,DEFERRED_NO_GEOMETRY,CANONICAL_IDENTITY_CONFIRMED_BUT_NO_GOVERNED_ASSOCIABLE_GEOMETRY_EXISTS,SHARED_REFERENCE,Spatial association remains deferred until governed settlement geometry exists.
assocand:nngla:place:NG-PLC-000366,PLACE,NG-PLC-000366,NGP-000366,,,,DEFERRED_NO_GEOMETRY,CANONICAL_IDENTITY_CONFIRMED_BUT_NO_GOVERNED_ASSOCIABLE_GEOMETRY_EXISTS,SHARED_REFERENCE,Spatial association remains deferred until governed settlement geometry exists.
assocand:nngla:place:NG-PLC-000367,PLACE,NG-PLC-000367,NGP-000367,,,,DEFERRED_NO_GEOMETRY,CANONICAL_IDENTITY_CONFIRMED_BUT_NO_GOVERNED_ASSOCIABLE_GEOMETRY_EXISTS,SHARED_REFERENCE,Spatial association remains deferred until governed settlement geometry exists.
assocand:nngla:place:NG-PLC-000368,PLACE,NG-PLC-000368,NGP-000368,,,,DEFERRED_NO_GEOMETRY,CANONICAL_IDENTITY_CONFIRMED_BUT_NO_GOVERNED_ASSOCIABLE_GEOMETRY_EXISTS,SHARED_REFERENCE,Spatial association remains deferred until governed settlement geometry exists.
assocand:nngla:place:NG-PLC-000369,PLACE,NG-PLC-000369,NGP-000369,,,,DEFERRED_NO_GEOMETRY,CANONICAL_IDENTITY_CONFIRMED_BUT_NO_GOVERNED_ASSOCIABLE_GEOMETRY_EXISTS,SHARED_REFERENCE,Spatial association remains deferred until governed settlement geometry exists.
assocand:nngla:place:NG-PLC-000370,PLACE,NG-PLC-000370,NGP-000370,,,,DEFERRED_NO_GEOMETRY,CANONICAL_IDENTITY_CONFIRMED_BUT_NO_GOVERNED_ASSOCIABLE_GEOMETRY_EXISTS,SHARED_REFERENCE,Spatial association remains deferred until governed settlement geometry exists.
assocand:nngla:place:NG-PLC-000371,PLACE,NG-PLC-000371,NGP-000371,,,,DEFERRED_NO_GEOMETRY,CANONICAL_IDENTITY_CONFIRMED_BUT_NO_GOVERNED_ASSOCIABLE_GEOMETRY_EXISTS,SHARED_REFERENCE,Spatial association remains deferred until governed settlement geometry exists.
assocand:nngla:place:NG-PLC-000372,PLACE,NG-PLC-000372,NGP-000372,,,,DEFERRED_NO_GEOMETRY,CANONICAL_IDENTITY_CONFIRMED_BUT_NO_GOVERNED_ASSOCIABLE_GEOMETRY_EXISTS,SHARED_REFERENCE,Spatial association remains deferred until governed settlement geometry exists.
assocand:nngla:place:NG-PLC-000373,PLACE,NG-PLC-000373,NGP-000373,,,,DEFERRED_NO_GEOMETRY,CANONICAL_IDENTITY_CONFIRMED_BUT_NO_GOVERNED_ASSOCIABLE_GEOMETRY_EXISTS,SHARED_REFERENCE,Spatial association remains deferred until governed settlement geometry exists.
assocand:nngla:place:NG-PLC-000374,PLACE,NG-PLC-000374,NGP-000374,,,,DEFERRED_NO_GEOMETRY,CANONICAL_IDENTITY_CONFIRMED_BUT_NO_GOVERNED_ASSOCIABLE_GEOMETRY_EXISTS,SHARED_REFERENCE,Spatial association remains deferred until governed settlement geometry exists.
assocand:nngla:place:NG-PLC-000375,PLACE,NG-PLC-000375,NGP-000375,,,,DEFERRED_NO_GEOMETRY,CANONICAL_IDENTITY_CONFIRMED_BUT_NO_GOVERNED_ASSOCIABLE_GEOMETRY_EXISTS,SHARED_REFERENCE,Spatial association remains deferred until governed settlement geometry exists.
assocand:nngla:place:NG-PLC-000376,PLACE,NG-PLC-000376,NGP-000376,,,,DEFERRED_NO_GEOMETRY,CANONICAL_IDENTITY_CONFIRMED_BUT_NO_GOVERNED_ASSOCIABLE_GEOMETRY_EXISTS,SHARED_REFERENCE,Spatial association remains deferred until governed settlement geometry exists.
assocand:nngla:place:NG-PLC-000377,PLACE,NG-PLC-000377,NGP-000377,,,,DEFERRED_NO_GEOMETRY,CANONICAL_IDENTITY_CONFIRMED_BUT_NO_GOVERNED_ASSOCIABLE_GEOMETRY_EXISTS,SHARED_REFERENCE,Spatial association remains deferred until governed settlement geometry exists.
assocand:nngla:place:NG-PLC-000378,PLACE,NG-PLC-000378,NGP-000378,,,,DEFERRED_NO_GEOMETRY,CANONICAL_IDENTITY_CONFIRMED_BUT_NO_GOVERNED_ASSOCIABLE_GEOMETRY_EXISTS,SHARED_REFERENCE,Spatial association remains deferred until governed settlement geometry exists.
assocand:nngla:place:NG-PLC-000379,PLACE,NG-PLC-000379,NGP-000379,,,,DEFERRED_NO_GEOMETRY,CANONICAL_IDENTITY_CONFIRMED_BUT_NO_GOVERNED_ASSOCIABLE_GEOMETRY_EXISTS,SHARED_REFERENCE,Spatial association remains deferred until governed settlement geometry exists.
assocand:nngla:place:NG-PLC-000380,PLACE,NG-PLC-000380,NGP-000380,,,,DEFERRED_NO_GEOMETRY,CANONICAL_IDENTITY_CONFIRMED_BUT_NO_GOVERNED_ASSOCIABLE_GEOMETRY_EXISTS,SHARED_REFERENCE,Spatial association remains deferred until governed settlement geometry exists.
assocand:nngla:place:NG-PLC-000381,PLACE,NG-PLC-000381,NGP-000381,,,,DEFERRED_NO_GEOMETRY,CANONICAL_IDENTITY_CONFIRMED_BUT_NO_GOVERNED_ASSOCIABLE_GEOMETRY_EXISTS,SHARED_REFERENCE,Spatial association remains deferred until governed settlement geometry exists.
assocand:nngla:place:NG-PLC-000382,PLACE,NG-PLC-000382,NGP-000382,,,,DEFERRED_NO_GEOMETRY,CANONICAL_IDENTITY_CONFIRMED_BUT_NO_GOVERNED_ASSOCIABLE_GEOMETRY_EXISTS,SHARED_REFERENCE,Spatial association remains deferred until governed settlement geometry exists.
assocand:nngla:place:NG-PLC-000383,PLACE,NG-PLC-000383,NGP-000383,,,,DEFERRED_NO_GEOMETRY,CANONICAL_IDENTITY_CONFIRMED_BUT_NO_GOVERNED_ASSOCIABLE_GEOMETRY_EXISTS,SHARED_REFERENCE,Spatial association remains deferred until governed settlement geometry exists.
assocand:nngla:place:NG-PLC-000384,PLACE,NG-PLC-000384,NGP-000384,,,,DEFERRED_NO_GEOMETRY,CANONICAL_IDENTITY_CONFIRMED_BUT_NO_GOVERNED_ASSOCIABLE_GEOMETRY_EXISTS,SHARED_REFERENCE,Spatial association remains deferred until governed settlement geometry exists.
assocand:nngla:place:NG-PLC-000385,PLACE,NG-PLC-000385,NGP-000385,,,,DEFERRED_NO_GEOMETRY,CANONICAL_IDENTITY_CONFIRMED_BUT_NO_GOVERNED_ASSOCIABLE_GEOMETRY_EXISTS,SHARED_REFERENCE,Spatial association remains deferred until governed settlement geometry exists.
assocand:nngla:place:NG-PLC-000386,PLACE,NG-PLC-000386,NGP-000386,,,,DEFERRED_NO_GEOMETRY,CANONICAL_IDENTITY_CONFIRMED_BUT_NO_GOVERNED_ASSOCIABLE_GEOMETRY_EXISTS,SHARED_REFERENCE,Spatial association remains deferred until governed settlement geometry exists.
assocand:nngla:place:NG-PLC-000387,PLACE,NG-PLC-000387,NGP-000387,,,,DEFERRED_NO_GEOMETRY,CANONICAL_IDENTITY_CONFIRMED_BUT_NO_GOVERNED_ASSOCIABLE_GEOMETRY_EXISTS,SHARED_REFERENCE,Spatial association remains deferred until governed settlement geometry exists.
assocand:nngla:place:NG-PLC-000388,PLACE,NG-PLC-000388,NGP-000388,,,,DEFERRED_NO_GEOMETRY,CANONICAL_IDENTITY_CONFIRMED_BUT_NO_GOVERNED_ASSOCIABLE_GEOMETRY_EXISTS,SHARED_REFERENCE,Spatial association remains deferred until governed settlement geometry exists.
assocand:nngla:place:NG-PLC-000389,PLACE,NG-PLC-000389,NGP-000389,,,,DEFERRED_NO_GEOMETRY,CANONICAL_IDENTITY_CONFIRMED_BUT_NO_GOVERNED_ASSOCIABLE_GEOMETRY_EXISTS,SHARED_REFERENCE,Spatial association remains deferred until governed settlement geometry exists.
assocand:nngla:place:NG-PLC-000390,PLACE,NG-PLC-000390,NGP-000390,,,,DEFERRED_NO_GEOMETRY,CANONICAL_IDENTITY_CONFIRMED_BUT_NO_GOVERNED_ASSOCIABLE_GEOMETRY_EXISTS,SHARED_REFERENCE,Spatial association remains deferred until governed settlement geometry exists.
assocand:nngla:place:NG-PLC-000391,PLACE,NG-PLC-000391,NGP-000391,,,,DEFERRED_NO_GEOMETRY,CANONICAL_IDENTITY_CONFIRMED_BUT_NO_GOVERNED_ASSOCIABLE_GEOMETRY_EXISTS,SHARED_REFERENCE,Spatial association remains deferred until governed settlement geometry exists.
assocand:nngla:place:NG-PLC-000392,PLACE,NG-PLC-000392,NGP-000392,,,,DEFERRED_NO_GEOMETRY,CANONICAL_IDENTITY_CONFIRMED_BUT_NO_GOVERNED_ASSOCIABLE_GEOMETRY_EXISTS,SHARED_REFERENCE,Spatial association remains deferred until governed settlement geometry exists.
assocand:nngla:place:NG-PLC-000393,PLACE,NG-PLC-000393,NGP-000393,,,,DEFERRED_NO_GEOMETRY,CANONICAL_IDENTITY_CONFIRMED_BUT_NO_GOVERNED_ASSOCIABLE_GEOMETRY_EXISTS,SHARED_REFERENCE,Spatial association remains deferred until governed settlement geometry exists.
assocand:nngla:place:NG-PLC-000394,PLACE,NG-PLC-000394,NGP-000394,,,,DEFERRED_NO_GEOMETRY,CANONICAL_IDENTITY_CONFIRMED_BUT_NO_GOVERNED_ASSOCIABLE_GEOMETRY_EXISTS,SHARED_REFERENCE,Spatial association remains deferred until governed settlement geometry exists.
assocand:nngla:place:NG-PLC-000395,PLACE,NG-PLC-000395,NGP-000395,,,,DEFERRED_NO_GEOMETRY,CANONICAL_IDENTITY_CONFIRMED_BUT_NO_GOVERNED_ASSOCIABLE_GEOMETRY_EXISTS,SHARED_REFERENCE,Spatial association remains deferred until governed settlement geometry exists.
assocand:nngla:place:NG-PLC-000396,PLACE,NG-PLC-000396,NGP-000396,,,,DEFERRED_NO_GEOMETRY,CANONICAL_IDENTITY_CONFIRMED_BUT_NO_GOVERNED_ASSOCIABLE_GEOMETRY_EXISTS,SHARED_REFERENCE,Spatial association remains deferred until governed settlement geometry exists.
assocand:nngla:place:NG-PLC-000397,PLACE,NG-PLC-000397,NGP-000397,,,,DEFERRED_NO_GEOMETRY,CANONICAL_IDENTITY_CONFIRMED_BUT_NO_GOVERNED_ASSOCIABLE_GEOMETRY_EXISTS,SHARED_REFERENCE,Spatial association remains deferred until governed settlement geometry exists.
assocand:nngla:place:NG-PLC-000398,PLACE,NG-PLC-000398,NGP-000398,,,,DEFERRED_NO_GEOMETRY,CANONICAL_IDENTITY_CONFIRMED_BUT_NO_GOVERNED_ASSOCIABLE_GEOMETRY_EXISTS,SHARED_REFERENCE,Spatial association remains deferred until governed settlement geometry exists.
assocand:nngla:place:NG-PLC-000399,PLACE,NG-PLC-000399,NGP-000399,,,,DEFERRED_NO_GEOMETRY,CANONICAL_IDENTITY_CONFIRMED_BUT_NO_GOVERNED_ASSOCIABLE_GEOMETRY_EXISTS,SHARED_REFERENCE,Spatial association remains deferred until governed settlement geometry exists.
assocand:nngla:place:NG-PLC-000400,PLACE,NG-PLC-000400,NGP-000400,,,,DEFERRED_NO_GEOMETRY,CANONICAL_IDENTITY_CONFIRMED_BUT_NO_GOVERNED_ASSOCIABLE_GEOMETRY_EXISTS,SHARED_REFERENCE,Spatial association remains deferred until governed settlement geometry exists.
assocand:nngla:place:NG-PLC-000401,PLACE,NG-PLC-000401,NGP-000401,,,,DEFERRED_NO_GEOMETRY,CANONICAL_IDENTITY_CONFIRMED_BUT_NO_GOVERNED_ASSOCIABLE_GEOMETRY_EXISTS,SHARED_REFERENCE,Spatial association remains deferred until governed settlement geometry exists.
assocand:nngla:place:NG-PLC-000402,PLACE,NG-PLC-000402,NGP-000402,,,,DEFERRED_NO_GEOMETRY,CANONICAL_IDENTITY_CONFIRMED_BUT_NO_GOVERNED_ASSOCIABLE_GEOMETRY_EXISTS,SHARED_REFERENCE,Spatial association remains deferred until governed settlement geometry exists.
assocand:nngla:place:NG-PLC-000403,PLACE,NG-PLC-000403,NGP-000403,,,,DEFERRED_NO_GEOMETRY,CANONICAL_IDENTITY_CONFIRMED_BUT_NO_GOVERNED_ASSOCIABLE_GEOMETRY_EXISTS,SHARED_REFERENCE,Spatial association remains deferred until governed settlement geometry exists.
assocand:nngla:place:NG-PLC-000404,PLACE,NG-PLC-000404,NGP-000404,,,,DEFERRED_NO_GEOMETRY,CANONICAL_IDENTITY_CONFIRMED_BUT_NO_GOVERNED_ASSOCIABLE_GEOMETRY_EXISTS,SHARED_REFERENCE,Spatial association remains deferred until governed settlement geometry exists.
assocand:nngla:place:NG-PLC-000405,PLACE,NG-PLC-000405,NGP-000405,,,,DEFERRED_NO_GEOMETRY,CANONICAL_IDENTITY_CONFIRMED_BUT_NO_GOVERNED_ASSOCIABLE_GEOMETRY_EXISTS,SHARED_REFERENCE,Spatial association remains deferred until governed settlement geometry exists.
assocand:nngla:place:NG-PLC-000406,PLACE,NG-PLC-000406,NGP-000406,,,,DEFERRED_NO_GEOMETRY,CANONICAL_IDENTITY_CONFIRMED_BUT_NO_GOVERNED_ASSOCIABLE_GEOMETRY_EXISTS,SHARED_REFERENCE,Spatial association remains deferred until governed settlement geometry exists.
assocand:nngla:place:NG-PLC-000407,PLACE,NG-PLC-000407,NGP-000407,,,,DEFERRED_NO_GEOMETRY,CANONICAL_IDENTITY_CONFIRMED_BUT_NO_GOVERNED_ASSOCIABLE_GEOMETRY_EXISTS,SHARED_REFERENCE,Spatial association remains deferred until governed settlement geometry exists.
assocand:nngla:place:NG-PLC-000408,PLACE,NG-PLC-000408,NGP-000408,,,,DEFERRED_NO_GEOMETRY,CANONICAL_IDENTITY_CONFIRMED_BUT_NO_GOVERNED_ASSOCIABLE_GEOMETRY_EXISTS,SHARED_REFERENCE,Spatial association remains deferred until governed settlement geometry exists.
assocand:nngla:place:NG-PLC-000409,PLACE,NG-PLC-000409,NGP-000409,,,,DEFERRED_NO_GEOMETRY,CANONICAL_IDENTITY_CONFIRMED_BUT_NO_GOVERNED_ASSOCIABLE_GEOMETRY_EXISTS,SHARED_REFERENCE,Spatial association remains deferred until governed settlement geometry exists.
assocand:nngla:place:NG-PLC-000410,PLACE,NG-PLC-000410,NGP-000410,,,,DEFERRED_NO_GEOMETRY,CANONICAL_IDENTITY_CONFIRMED_BUT_NO_GOVERNED_ASSOCIABLE_GEOMETRY_EXISTS,SHARED_REFERENCE,Spatial association remains deferred until governed settlement geometry exists.
assocand:nngla:place:NG-PLC-000411,PLACE,NG-PLC-000411,NGP-000411,,,,DEFERRED_NO_GEOMETRY,CANONICAL_IDENTITY_CONFIRMED_BUT_NO_GOVERNED_ASSOCIABLE_GEOMETRY_EXISTS,SHARED_REFERENCE,Spatial association remains deferred until governed settlement geometry exists.
assocand:nngla:place:NG-PLC-000412,PLACE,NG-PLC-000412,NGP-000412,,,,DEFERRED_NO_GEOMETRY,CANONICAL_IDENTITY_CONFIRMED_BUT_NO_GOVERNED_ASSOCIABLE_GEOMETRY_EXISTS,SHARED_REFERENCE,Spatial association remains deferred until governed settlement geometry exists.
assocand:nngla:place:NG-PLC-000413,PLACE,NG-PLC-000413,NGP-000413,,,,DEFERRED_NO_GEOMETRY,CANONICAL_IDENTITY_CONFIRMED_BUT_NO_GOVERNED_ASSOCIABLE_GEOMETRY_EXISTS,SHARED_REFERENCE,Spatial association remains deferred until governed settlement geometry exists.
assocand:nngla:place:NG-PLC-000414,PLACE,NG-PLC-000414,NGP-000414,,,,DEFERRED_NO_GEOMETRY,CANONICAL_IDENTITY_CONFIRMED_BUT_NO_GOVERNED_ASSOCIABLE_GEOMETRY_EXISTS,SHARED_REFERENCE,Spatial association remains deferred until governed settlement geometry exists.
assocand:nngla:place:NG-PLC-000415,PLACE,NG-PLC-000415,NGP-000415,,,,DEFERRED_NO_GEOMETRY,CANONICAL_IDENTITY_CONFIRMED_BUT_NO_GOVERNED_ASSOCIABLE_GEOMETRY_EXISTS,SHARED_REFERENCE,Spatial association remains deferred until governed settlement geometry exists.
assocand:nngla:place:NG-PLC-000416,PLACE,NG-PLC-000416,NGP-000416,,,,DEFERRED_NO_GEOMETRY,CANONICAL_IDENTITY_CONFIRMED_BUT_NO_GOVERNED_ASSOCIABLE_GEOMETRY_EXISTS,SHARED_REFERENCE,Spatial association remains deferred until governed settlement geometry exists.
assocand:nngla:place:NG-PLC-000417,PLACE,NG-PLC-000417,NGP-000417,,,,DEFERRED_NO_GEOMETRY,CANONICAL_IDENTITY_CONFIRMED_BUT_NO_GOVERNED_ASSOCIABLE_GEOMETRY_EXISTS,SHARED_REFERENCE,Spatial association remains deferred until governed settlement geometry exists.
assocand:nngla:place:NG-PLC-000418,PLACE,NG-PLC-000418,NGP-000418,,,,DEFERRED_NO_GEOMETRY,CANONICAL_IDENTITY_CONFIRMED_BUT_NO_GOVERNED_ASSOCIABLE_GEOMETRY_EXISTS,SHARED_REFERENCE,Spatial association remains deferred until governed settlement geometry exists.
assocand:nngla:place:NG-PLC-000419,PLACE,NG-PLC-000419,NGP-000419,,,,DEFERRED_NO_GEOMETRY,CANONICAL_IDENTITY_CONFIRMED_BUT_NO_GOVERNED_ASSOCIABLE_GEOMETRY_EXISTS,SHARED_REFERENCE,Spatial association remains deferred until governed settlement geometry exists.
assocand:nngla:place:NG-PLC-000420,PLACE,NG-PLC-000420,NGP-000420,,,,DEFERRED_NO_GEOMETRY,CANONICAL_IDENTITY_CONFIRMED_BUT_NO_GOVERNED_ASSOCIABLE_GEOMETRY_EXISTS,SHARED_REFERENCE,Spatial association remains deferred until governed settlement geometry exists.
assocand:nngla:place:NG-PLC-000421,PLACE,NG-PLC-000421,NGP-000421,,,,DEFERRED_NO_GEOMETRY,CANONICAL_IDENTITY_CONFIRMED_BUT_NO_GOVERNED_ASSOCIABLE_GEOMETRY_EXISTS,SHARED_REFERENCE,Spatial association remains deferred until governed settlement geometry exists.
assocand:nngla:place:NG-PLC-000422,PLACE,NG-PLC-000422,NGP-000422,,,,DEFERRED_NO_GEOMETRY,CANONICAL_IDENTITY_CONFIRMED_BUT_NO_GOVERNED_ASSOCIABLE_GEOMETRY_EXISTS,SHARED_REFERENCE,Spatial association remains deferred until governed settlement geometry exists.
assocand:nngla:place:NG-PLC-000423,PLACE,NG-PLC-000423,NGP-000423,,,,DEFERRED_NO_GEOMETRY,CANONICAL_IDENTITY_CONFIRMED_BUT_NO_GOVERNED_ASSOCIABLE_GEOMETRY_EXISTS,SHARED_REFERENCE,Spatial association remains deferred until governed settlement geometry exists.
assocand:nngla:place:NG-PLC-000424,PLACE,NG-PLC-000424,NGP-000424,,,,DEFERRED_NO_GEOMETRY,CANONICAL_IDENTITY_CONFIRMED_BUT_NO_GOVERNED_ASSOCIABLE_GEOMETRY_EXISTS,SHARED_REFERENCE,Spatial association remains deferred until governed settlement geometry exists.
assocand:nngla:place:NG-PLC-000425,PLACE,NG-PLC-000425,NGP-000425,,,,DEFERRED_NO_GEOMETRY,CANONICAL_IDENTITY_CONFIRMED_BUT_NO_GOVERNED_ASSOCIABLE_GEOMETRY_EXISTS,SHARED_REFERENCE,Spatial association remains deferred until governed settlement geometry exists.
assocand:nngla:place:NG-PLC-000426,PLACE,NG-PLC-000426,NGP-000426,,,,DEFERRED_NO_GEOMETRY,CANONICAL_IDENTITY_CONFIRMED_BUT_NO_GOVERNED_ASSOCIABLE_GEOMETRY_EXISTS,SHARED_REFERENCE,Spatial association remains deferred until governed settlement geometry exists.
assocand:nngla:place:NG-PLC-000427,PLACE,NG-PLC-000427,NGP-000427,,,,DEFERRED_NO_GEOMETRY,CANONICAL_IDENTITY_CONFIRMED_BUT_NO_GOVERNED_ASSOCIABLE_GEOMETRY_EXISTS,SHARED_REFERENCE,Spatial association remains deferred until governed settlement geometry exists.
assocand:nngla:place:NG-PLC-000428,PLACE,NG-PLC-000428,NGP-000428,,,,DEFERRED_NO_GEOMETRY,CANONICAL_IDENTITY_CONFIRMED_BUT_NO_GOVERNED_ASSOCIABLE_GEOMETRY_EXISTS,SHARED_REFERENCE,Spatial association remains deferred until governed settlement geometry exists.
assocand:nngla:place:NG-PLC-000429,PLACE,NG-PLC-000429,NGP-000429,,,,DEFERRED_NO_GEOMETRY,CANONICAL_IDENTITY_CONFIRMED_BUT_NO_GOVERNED_ASSOCIABLE_GEOMETRY_EXISTS,SHARED_REFERENCE,Spatial association remains deferred until governed settlement geometry exists.
assocand:nngla:place:NG-PLC-000430,PLACE,NG-PLC-000430,NGP-000430,,,,DEFERRED_NO_GEOMETRY,CANONICAL_IDENTITY_CONFIRMED_BUT_NO_GOVERNED_ASSOCIABLE_GEOMETRY_EXISTS,SHARED_REFERENCE,Spatial association remains deferred until governed settlement geometry exists.
assocand:nngla:place:NG-PLC-000431,PLACE,NG-PLC-000431,NGP-000431,,,,DEFERRED_NO_GEOMETRY,CANONICAL_IDENTITY_CONFIRMED_BUT_NO_GOVERNED_ASSOCIABLE_GEOMETRY_EXISTS,SHARED_REFERENCE,Spatial association remains deferred until governed settlement geometry exists.
assocand:nngla:place:NG-PLC-000432,PLACE,NG-PLC-000432,NGP-000432,,,,DEFERRED_NO_GEOMETRY,CANONICAL_IDENTITY_CONFIRMED_BUT_NO_GOVERNED_ASSOCIABLE_GEOMETRY_EXISTS,SHARED_REFERENCE,Spatial association remains deferred until governed settlement geometry exists.
assocand:nngla:place:NG-PLC-000433,PLACE,NG-PLC-000433,NGP-000433,,,,DEFERRED_NO_GEOMETRY,CANONICAL_IDENTITY_CONFIRMED_BUT_NO_GOVERNED_ASSOCIABLE_GEOMETRY_EXISTS,SHARED_REFERENCE,Spatial association remains deferred until governed settlement geometry exists.
assocand:nngla:place:NG-PLC-000434,PLACE,NG-PLC-000434,NGP-000434,,,,DEFERRED_NO_GEOMETRY,CANONICAL_IDENTITY_CONFIRMED_BUT_NO_GOVERNED_ASSOCIABLE_GEOMETRY_EXISTS,SHARED_REFERENCE,Spatial association remains deferred until governed settlement geometry exists.
assocand:nngla:place:NG-PLC-000435,PLACE,NG-PLC-000435,NGP-000435,,,,DEFERRED_NO_GEOMETRY,CANONICAL_IDENTITY_CONFIRMED_BUT_NO_GOVERNED_ASSOCIABLE_GEOMETRY_EXISTS,SHARED_REFERENCE,Spatial association remains deferred until governed settlement geometry exists.
assocand:nngla:place:NG-PLC-000436,PLACE,NG-PLC-000436,NGP-000436,,,,DEFERRED_NO_GEOMETRY,CANONICAL_IDENTITY_CONFIRMED_BUT_NO_GOVERNED_ASSOCIABLE_GEOMETRY_EXISTS,SHARED_REFERENCE,Spatial association remains deferred until governed settlement geometry exists.
assocand:nngla:place:NG-PLC-000437,PLACE,NG-PLC-000437,NGP-000437,,,,DEFERRED_NO_GEOMETRY,CANONICAL_IDENTITY_CONFIRMED_BUT_NO_GOVERNED_ASSOCIABLE_GEOMETRY_EXISTS,SHARED_REFERENCE,Spatial association remains deferred until governed settlement geometry exists.
assocand:nngla:place:NG-PLC-000438,PLACE,NG-PLC-000438,NGP-000438,,,,DEFERRED_NO_GEOMETRY,CANONICAL_IDENTITY_CONFIRMED_BUT_NO_GOVERNED_ASSOCIABLE_GEOMETRY_EXISTS,SHARED_REFERENCE,Spatial association remains deferred until governed settlement geometry exists.
assocand:nngla:place:NG-PLC-000439,PLACE,NG-PLC-000439,NGP-000439,,,,DEFERRED_NO_GEOMETRY,CANONICAL_IDENTITY_CONFIRMED_BUT_NO_GOVERNED_ASSOCIABLE_GEOMETRY_EXISTS,SHARED_REFERENCE,Spatial association remains deferred until governed settlement geometry exists.
assocand:nngla:place:NG-PLC-000440,PLACE,NG-PLC-000440,NGP-000440,,,,DEFERRED_NO_GEOMETRY,CANONICAL_IDENTITY_CONFIRMED_BUT_NO_GOVERNED_ASSOCIABLE_GEOMETRY_EXISTS,SHARED_REFERENCE,Spatial association remains deferred until governed settlement geometry exists.
assocand:nngla:place:NG-PLC-000441,PLACE,NG-PLC-000441,NGP-000441,,,,DEFERRED_NO_GEOMETRY,CANONICAL_IDENTITY_CONFIRMED_BUT_NO_GOVERNED_ASSOCIABLE_GEOMETRY_EXISTS,SHARED_REFERENCE,Spatial association remains deferred until governed settlement geometry exists.
assocand:nngla:place:NG-PLC-000442,PLACE,NG-PLC-000442,NGP-000442,,,,DEFERRED_NO_GEOMETRY,CANONICAL_IDENTITY_CONFIRMED_BUT_NO_GOVERNED_ASSOCIABLE_GEOMETRY_EXISTS,SHARED_REFERENCE,Spatial association remains deferred until governed settlement geometry exists.
assocand:nngla:place:NG-PLC-000443,PLACE,NG-PLC-000443,NGP-000443,,,,DEFERRED_NO_GEOMETRY,CANONICAL_IDENTITY_CONFIRMED_BUT_NO_GOVERNED_ASSOCIABLE_GEOMETRY_EXISTS,SHARED_REFERENCE,Spatial association remains deferred until governed settlement geometry exists.
assocand:nngla:place:NG-PLC-000444,PLACE,NG-PLC-000444,NGP-000444,,,,DEFERRED_NO_GEOMETRY,CANONICAL_IDENTITY_CONFIRMED_BUT_NO_GOVERNED_ASSOCIABLE_GEOMETRY_EXISTS,SHARED_REFERENCE,Spatial association remains deferred until governed settlement geometry exists.
assocand:nngla:place:NG-PLC-000445,PLACE,NG-PLC-000445,NGP-000445,,,,DEFERRED_NO_GEOMETRY,CANONICAL_IDENTITY_CONFIRMED_BUT_NO_GOVERNED_ASSOCIABLE_GEOMETRY_EXISTS,SHARED_REFERENCE,Spatial association remains deferred until governed settlement geometry exists.
assocand:nngla:place:NG-PLC-000446,PLACE,NG-PLC-000446,NGP-000446,,,,DEFERRED_NO_GEOMETRY,CANONICAL_IDENTITY_CONFIRMED_BUT_NO_GOVERNED_ASSOCIABLE_GEOMETRY_EXISTS,SHARED_REFERENCE,Spatial association remains deferred until governed settlement geometry exists.
assocand:nngla:place:NG-PLC-000447,PLACE,NG-PLC-000447,NGP-000447,,,,DEFERRED_NO_GEOMETRY,CANONICAL_IDENTITY_CONFIRMED_BUT_NO_GOVERNED_ASSOCIABLE_GEOMETRY_EXISTS,SHARED_REFERENCE,Spatial association remains deferred until governed settlement geometry exists.
assocand:nngla:place:NG-PLC-000448,PLACE,NG-PLC-000448,NGP-000448,,,,DEFERRED_NO_GEOMETRY,CANONICAL_IDENTITY_CONFIRMED_BUT_NO_GOVERNED_ASSOCIABLE_GEOMETRY_EXISTS,SHARED_REFERENCE,Spatial association remains deferred until governed settlement geometry exists.
assocand:nngla:place:NG-PLC-000449,PLACE,NG-PLC-000449,NGP-000449,,,,DEFERRED_NO_GEOMETRY,CANONICAL_IDENTITY_CONFIRMED_BUT_NO_GOVERNED_ASSOCIABLE_GEOMETRY_EXISTS,SHARED_REFERENCE,Spatial association remains deferred until governed settlement geometry exists.
assocand:nngla:place:NG-PLC-000450,PLACE,NG-PLC-000450,NGP-000450,,,,DEFERRED_NO_GEOMETRY,CANONICAL_IDENTITY_CONFIRMED_BUT_NO_GOVERNED_ASSOCIABLE_GEOMETRY_EXISTS,SHARED_REFERENCE,Spatial association remains deferred until governed settlement geometry exists.
assocand:nngla:place:NG-PLC-000451,PLACE,NG-PLC-000451,NGP-000451,,,,DEFERRED_NO_GEOMETRY,CANONICAL_IDENTITY_CONFIRMED_BUT_NO_GOVERNED_ASSOCIABLE_GEOMETRY_EXISTS,SHARED_REFERENCE,Spatial association remains deferred until governed settlement geometry exists.
assocand:nngla:place:NG-PLC-000452,PLACE,NG-PLC-000452,NGP-000452,,,,DEFERRED_NO_GEOMETRY,CANONICAL_IDENTITY_CONFIRMED_BUT_NO_GOVERNED_ASSOCIABLE_GEOMETRY_EXISTS,SHARED_REFERENCE,Spatial association remains deferred until governed settlement geometry exists.
assocand:nngla:place:NG-PLC-000453,PLACE,NG-PLC-000453,NGP-000453,,,,DEFERRED_NO_GEOMETRY,CANONICAL_IDENTITY_CONFIRMED_BUT_NO_GOVERNED_ASSOCIABLE_GEOMETRY_EXISTS,SHARED_REFERENCE,Spatial association remains deferred until governed settlement geometry exists.
assocand:nngla:place:NG-PLC-000454,PLACE,NG-PLC-000454,NGP-000454,,,,DEFERRED_NO_GEOMETRY,CANONICAL_IDENTITY_CONFIRMED_BUT_NO_GOVERNED_ASSOCIABLE_GEOMETRY_EXISTS,SHARED_REFERENCE,Spatial association remains deferred until governed settlement geometry exists.
assocand:nngla:place:NG-PLC-000455,PLACE,NG-PLC-000455,NGP-000455,,,,DEFERRED_NO_GEOMETRY,CANONICAL_IDENTITY_CONFIRMED_BUT_NO_GOVERNED_ASSOCIABLE_GEOMETRY_EXISTS,SHARED_REFERENCE,Spatial association remains deferred until governed settlement geometry exists.
assocand:nngla:place:NG-PLC-000456,PLACE,NG-PLC-000456,NGP-000456,,,,DEFERRED_NO_GEOMETRY,CANONICAL_IDENTITY_CONFIRMED_BUT_NO_GOVERNED_ASSOCIABLE_GEOMETRY_EXISTS,SHARED_REFERENCE,Spatial association remains deferred until governed settlement geometry exists.
assocand:nngla:place:NG-PLC-000457,PLACE,NG-PLC-000457,NGP-000457,,,,DEFERRED_NO_GEOMETRY,CANONICAL_IDENTITY_CONFIRMED_BUT_NO_GOVERNED_ASSOCIABLE_GEOMETRY_EXISTS,SHARED_REFERENCE,Spatial association remains deferred until governed settlement geometry exists.
assocand:nngla:place:NG-PLC-000458,PLACE,NG-PLC-000458,NGP-000458,,,,DEFERRED_NO_GEOMETRY,CANONICAL_IDENTITY_CONFIRMED_BUT_NO_GOVERNED_ASSOCIABLE_GEOMETRY_EXISTS,SHARED_REFERENCE,Spatial association remains deferred until governed settlement geometry exists.
assocand:nngla:place:NG-PLC-000459,PLACE,NG-PLC-000459,NGP-000459,,,,DEFERRED_NO_GEOMETRY,CANONICAL_IDENTITY_CONFIRMED_BUT_NO_GOVERNED_ASSOCIABLE_GEOMETRY_EXISTS,SHARED_REFERENCE,Spatial association remains deferred until governed settlement geometry exists.
assocand:nngla:place:NG-PLC-000460,PLACE,NG-PLC-000460,NGP-000460,,,,DEFERRED_NO_GEOMETRY,CANONICAL_IDENTITY_CONFIRMED_BUT_NO_GOVERNED_ASSOCIABLE_GEOMETRY_EXISTS,SHARED_REFERENCE,Spatial association remains deferred until governed settlement geometry exists.
assocand:nngla:place:NG-PLC-000461,PLACE,NG-PLC-000461,NGP-000461,,,,DEFERRED_NO_GEOMETRY,CANONICAL_IDENTITY_CONFIRMED_BUT_NO_GOVERNED_ASSOCIABLE_GEOMETRY_EXISTS,SHARED_REFERENCE,Spatial association remains deferred until governed settlement geometry exists.
assocand:nngla:place:NG-PLC-000462,PLACE,NG-PLC-000462,NGP-000462,,,,DEFERRED_NO_GEOMETRY,CANONICAL_IDENTITY_CONFIRMED_BUT_NO_GOVERNED_ASSOCIABLE_GEOMETRY_EXISTS,SHARED_REFERENCE,Spatial association remains deferred until governed settlement geometry exists.
assocand:nngla:place:NG-PLC-000463,PLACE,NG-PLC-000463,NGP-000463,,,,DEFERRED_NO_GEOMETRY,CANONICAL_IDENTITY_CONFIRMED_BUT_NO_GOVERNED_ASSOCIABLE_GEOMETRY_EXISTS,SHARED_REFERENCE,Spatial association remains deferred until governed settlement geometry exists.
assocand:nngla:place:NG-PLC-000464,PLACE,NG-PLC-000464,NGP-000464,,,,DEFERRED_NO_GEOMETRY,CANONICAL_IDENTITY_CONFIRMED_BUT_NO_GOVERNED_ASSOCIABLE_GEOMETRY_EXISTS,SHARED_REFERENCE,Spatial association remains deferred until governed settlement geometry exists.
assocand:nngla:place:NG-PLC-000465,PLACE,NG-PLC-000465,NGP-000465,,,,DEFERRED_NO_GEOMETRY,CANONICAL_IDENTITY_CONFIRMED_BUT_NO_GOVERNED_ASSOCIABLE_GEOMETRY_EXISTS,SHARED_REFERENCE,Spatial association remains deferred until governed settlement geometry exists.
assocand:nngla:place:NG-PLC-000466,PLACE,NG-PLC-000466,NGP-000466,,,,DEFERRED_NO_GEOMETRY,CANONICAL_IDENTITY_CONFIRMED_BUT_NO_GOVERNED_ASSOCIABLE_GEOMETRY_EXISTS,SHARED_REFERENCE,Spatial association remains deferred until governed settlement geometry exists.
assocand:nngla:place:NG-PLC-000467,PLACE,NG-PLC-000467,NGP-000467,,,,DEFERRED_NO_GEOMETRY,CANONICAL_IDENTITY_CONFIRMED_BUT_NO_GOVERNED_ASSOCIABLE_GEOMETRY_EXISTS,SHARED_REFERENCE,Spatial association remains deferred until governed settlement geometry exists.
assocand:nngla:place:NG-PLC-000468,PLACE,NG-PLC-000468,NGP-000468,,,,DEFERRED_NO_GEOMETRY,CANONICAL_IDENTITY_CONFIRMED_BUT_NO_GOVERNED_ASSOCIABLE_GEOMETRY_EXISTS,SHARED_REFERENCE,Spatial association remains deferred until governed settlement geometry exists.
assocand:nngla:place:NG-PLC-000469,PLACE,NG-PLC-000469,NGP-000469,,,,DEFERRED_NO_GEOMETRY,CANONICAL_IDENTITY_CONFIRMED_BUT_NO_GOVERNED_ASSOCIABLE_GEOMETRY_EXISTS,SHARED_REFERENCE,Spatial association remains deferred until governed settlement geometry exists.
assocand:nngla:place:NG-PLC-000470,PLACE,NG-PLC-000470,NGP-000470,,,,DEFERRED_NO_GEOMETRY,CANONICAL_IDENTITY_CONFIRMED_BUT_NO_GOVERNED_ASSOCIABLE_GEOMETRY_EXISTS,SHARED_REFERENCE,Spatial association remains deferred until governed settlement geometry exists.
assocand:nngla:place:NG-PLC-000471,PLACE,NG-PLC-000471,NGP-000471,,,,DEFERRED_NO_GEOMETRY,CANONICAL_IDENTITY_CONFIRMED_BUT_NO_GOVERNED_ASSOCIABLE_GEOMETRY_EXISTS,SHARED_REFERENCE,Spatial association remains deferred until governed settlement geometry exists.
assocand:nngla:place:NG-PLC-000472,PLACE,NG-PLC-000472,NGP-000472,,,,DEFERRED_NO_GEOMETRY,CANONICAL_IDENTITY_CONFIRMED_BUT_NO_GOVERNED_ASSOCIABLE_GEOMETRY_EXISTS,SHARED_REFERENCE,Spatial association remains deferred until governed settlement geometry exists.
assocand:nngla:place:NG-PLC-000473,PLACE,NG-PLC-000473,NGP-000473,,,,DEFERRED_NO_GEOMETRY,CANONICAL_IDENTITY_CONFIRMED_BUT_NO_GOVERNED_ASSOCIABLE_GEOMETRY_EXISTS,SHARED_REFERENCE,Spatial association remains deferred until governed settlement geometry exists.
assocand:nngla:place:NG-PLC-000474,PLACE,NG-PLC-000474,NGP-000474,,,,DEFERRED_NO_GEOMETRY,CANONICAL_IDENTITY_CONFIRMED_BUT_NO_GOVERNED_ASSOCIABLE_GEOMETRY_EXISTS,SHARED_REFERENCE,Spatial association remains deferred until governed settlement geometry exists.
assocand:nngla:place:NG-PLC-000475,PLACE,NG-PLC-000475,NGP-000475,,,,DEFERRED_NO_GEOMETRY,CANONICAL_IDENTITY_CONFIRMED_BUT_NO_GOVERNED_ASSOCIABLE_GEOMETRY_EXISTS,SHARED_REFERENCE,Spatial association remains deferred until governed settlement geometry exists.
assocand:nngla:place:NG-PLC-000476,PLACE,NG-PLC-000476,NGP-000476,,,,DEFERRED_NO_GEOMETRY,CANONICAL_IDENTITY_CONFIRMED_BUT_NO_GOVERNED_ASSOCIABLE_GEOMETRY_EXISTS,SHARED_REFERENCE,Spatial association remains deferred until governed settlement geometry exists.
assocand:nngla:place:NG-PLC-000477,PLACE,NG-PLC-000477,NGP-000477,,,,DEFERRED_NO_GEOMETRY,CANONICAL_IDENTITY_CONFIRMED_BUT_NO_GOVERNED_ASSOCIABLE_GEOMETRY_EXISTS,SHARED_REFERENCE,Spatial association remains deferred until governed settlement geometry exists.
assocand:nngla:place:NG-PLC-000478,PLACE,NG-PLC-000478,NGP-000478,,,,DEFERRED_NO_GEOMETRY,CANONICAL_IDENTITY_CONFIRMED_BUT_NO_GOVERNED_ASSOCIABLE_GEOMETRY_EXISTS,SHARED_REFERENCE,Spatial association remains deferred until governed settlement geometry exists.
assocand:nngla:place:NG-PLC-000479,PLACE,NG-PLC-000479,NGP-000479,,,,DEFERRED_NO_GEOMETRY,CANONICAL_IDENTITY_CONFIRMED_BUT_NO_GOVERNED_ASSOCIABLE_GEOMETRY_EXISTS,SHARED_REFERENCE,Spatial association remains deferred until governed settlement geometry exists.
assocand:nngla:place:NG-PLC-000480,PLACE,NG-PLC-000480,NGP-000480,,,,DEFERRED_NO_GEOMETRY,CANONICAL_IDENTITY_CONFIRMED_BUT_NO_GOVERNED_ASSOCIABLE_GEOMETRY_EXISTS,SHARED_REFERENCE,Spatial association remains deferred until governed settlement geometry exists.
assocand:nngla:place:NG-PLC-000481,PLACE,NG-PLC-000481,NGP-000481,,,,DEFERRED_NO_GEOMETRY,CANONICAL_IDENTITY_CONFIRMED_BUT_NO_GOVERNED_ASSOCIABLE_GEOMETRY_EXISTS,SHARED_REFERENCE,Spatial association remains deferred until governed settlement geometry exists.
assocand:nngla:place:NG-PLC-000482,PLACE,NG-PLC-000482,NGP-000482,,,,DEFERRED_NO_GEOMETRY,CANONICAL_IDENTITY_CONFIRMED_BUT_NO_GOVERNED_ASSOCIABLE_GEOMETRY_EXISTS,SHARED_REFERENCE,Spatial association remains deferred until governed settlement geometry exists.
assocand:nngla:place:NG-PLC-000483,PLACE,NG-PLC-000483,NGP-000483,,,,DEFERRED_NO_GEOMETRY,CANONICAL_IDENTITY_CONFIRMED_BUT_NO_GOVERNED_ASSOCIABLE_GEOMETRY_EXISTS,SHARED_REFERENCE,Spatial association remains deferred until governed settlement geometry exists.
assocand:nngla:place:NG-PLC-000484,PLACE,NG-PLC-000484,NGP-000484,,,,DEFERRED_NO_GEOMETRY,CANONICAL_IDENTITY_CONFIRMED_BUT_NO_GOVERNED_ASSOCIABLE_GEOMETRY_EXISTS,SHARED_REFERENCE,Spatial association remains deferred until governed settlement geometry exists.
assocand:nngla:place:NG-PLC-000485,PLACE,NG-PLC-000485,NGP-000485,,,,DEFERRED_NO_GEOMETRY,CANONICAL_IDENTITY_CONFIRMED_BUT_NO_GOVERNED_ASSOCIABLE_GEOMETRY_EXISTS,SHARED_REFERENCE,Spatial association remains deferred until governed settlement geometry exists.
assocand:nngla:place:NG-PLC-000486,PLACE,NG-PLC-000486,NGP-000486,,,,DEFERRED_NO_GEOMETRY,CANONICAL_IDENTITY_CONFIRMED_BUT_NO_GOVERNED_ASSOCIABLE_GEOMETRY_EXISTS,SHARED_REFERENCE,Spatial association remains deferred until governed settlement geometry exists.
assocand:nngla:place:NG-PLC-000487,PLACE,NG-PLC-000487,NGP-000487,,,,DEFERRED_NO_GEOMETRY,CANONICAL_IDENTITY_CONFIRMED_BUT_NO_GOVERNED_ASSOCIABLE_GEOMETRY_EXISTS,SHARED_REFERENCE,Spatial association remains deferred until governed settlement geometry exists.
assocand:nngla:place:NG-PLC-000488,PLACE,NG-PLC-000488,NGP-000488,,,,DEFERRED_NO_GEOMETRY,CANONICAL_IDENTITY_CONFIRMED_BUT_NO_GOVERNED_ASSOCIABLE_GEOMETRY_EXISTS,SHARED_REFERENCE,Spatial association remains deferred until governed settlement geometry exists.
assocand:nngla:place:NG-PLC-000489,PLACE,NG-PLC-000489,NGP-000489,,,,DEFERRED_NO_GEOMETRY,CANONICAL_IDENTITY_CONFIRMED_BUT_NO_GOVERNED_ASSOCIABLE_GEOMETRY_EXISTS,SHARED_REFERENCE,Spatial association remains deferred until governed settlement geometry exists.
assocand:nngla:place:NG-PLC-000490,PLACE,NG-PLC-000490,NGP-000490,,,,DEFERRED_NO_GEOMETRY,CANONICAL_IDENTITY_CONFIRMED_BUT_NO_GOVERNED_ASSOCIABLE_GEOMETRY_EXISTS,SHARED_REFERENCE,Spatial association remains deferred until governed settlement geometry exists.
assocand:nngla:place:NG-PLC-000491,PLACE,NG-PLC-000491,NGP-000491,,,,DEFERRED_NO_GEOMETRY,CANONICAL_IDENTITY_CONFIRMED_BUT_NO_GOVERNED_ASSOCIABLE_GEOMETRY_EXISTS,SHARED_REFERENCE,Spatial association remains deferred until governed settlement geometry exists.
assocand:nngla:place:NG-PLC-000492,PLACE,NG-PLC-000492,NGP-000492,,,,DEFERRED_NO_GEOMETRY,CANONICAL_IDENTITY_CONFIRMED_BUT_NO_GOVERNED_ASSOCIABLE_GEOMETRY_EXISTS,SHARED_REFERENCE,Spatial association remains deferred until governed settlement geometry exists.
assocand:nngla:place:NG-PLC-000493,PLACE,NG-PLC-000493,NGP-000493,,,,DEFERRED_NO_GEOMETRY,CANONICAL_IDENTITY_CONFIRMED_BUT_NO_GOVERNED_ASSOCIABLE_GEOMETRY_EXISTS,SHARED_REFERENCE,Spatial association remains deferred until governed settlement geometry exists.
assocand:nngla:place:NG-PLC-000494,PLACE,NG-PLC-000494,NGP-000494,,,,DEFERRED_NO_GEOMETRY,CANONICAL_IDENTITY_CONFIRMED_BUT_NO_GOVERNED_ASSOCIABLE_GEOMETRY_EXISTS,SHARED_REFERENCE,Spatial association remains deferred until governed settlement geometry exists.
assocand:nngla:place:NG-PLC-000495,PLACE,NG-PLC-000495,NGP-000495,,,,DEFERRED_NO_GEOMETRY,CANONICAL_IDENTITY_CONFIRMED_BUT_NO_GOVERNED_ASSOCIABLE_GEOMETRY_EXISTS,SHARED_REFERENCE,Spatial association remains deferred until governed settlement geometry exists.
assocand:nngla:place:NG-PLC-000496,PLACE,NG-PLC-000496,NGP-000496,,,,DEFERRED_NO_GEOMETRY,CANONICAL_IDENTITY_CONFIRMED_BUT_NO_GOVERNED_ASSOCIABLE_GEOMETRY_EXISTS,SHARED_REFERENCE,Spatial association remains deferred until governed settlement geometry exists.
assocand:nngla:place:NG-PLC-000497,PLACE,NG-PLC-000497,NGP-000497,,,,DEFERRED_NO_GEOMETRY,CANONICAL_IDENTITY_CONFIRMED_BUT_NO_GOVERNED_ASSOCIABLE_GEOMETRY_EXISTS,SHARED_REFERENCE,Spatial association remains deferred until governed settlement geometry exists.
assocand:nngla:place:NG-PLC-000498,PLACE,NG-PLC-000498,NGP-000498,,,,DEFERRED_NO_GEOMETRY,CANONICAL_IDENTITY_CONFIRMED_BUT_NO_GOVERNED_ASSOCIABLE_GEOMETRY_EXISTS,SHARED_REFERENCE,Spatial association remains deferred until governed settlement geometry exists.
assocand:nngla:place:NG-PLC-000499,PLACE,NG-PLC-000499,NGP-000499,,,,DEFERRED_NO_GEOMETRY,CANONICAL_IDENTITY_CONFIRMED_BUT_NO_GOVERNED_ASSOCIABLE_GEOMETRY_EXISTS,SHARED_REFERENCE,Spatial association remains deferred until governed settlement geometry exists.
assocand:nngla:place:NG-PLC-000500,PLACE,NG-PLC-000500,NGP-000500,,,,DEFERRED_NO_GEOMETRY,CANONICAL_IDENTITY_CONFIRMED_BUT_NO_GOVERNED_ASSOCIABLE_GEOMETRY_EXISTS,SHARED_REFERENCE,Spatial association remains deferred until governed settlement geometry exists.
assocand:nngla:place:NG-PLC-000501,PLACE,NG-PLC-000501,NGP-000501,,,,DEFERRED_NO_GEOMETRY,CANONICAL_IDENTITY_CONFIRMED_BUT_NO_GOVERNED_ASSOCIABLE_GEOMETRY_EXISTS,SHARED_REFERENCE,Spatial association remains deferred until governed settlement geometry exists.
assocand:nngla:place:NG-PLC-000502,PLACE,NG-PLC-000502,NGP-000502,,,,DEFERRED_NO_GEOMETRY,CANONICAL_IDENTITY_CONFIRMED_BUT_NO_GOVERNED_ASSOCIABLE_GEOMETRY_EXISTS,SHARED_REFERENCE,Spatial association remains deferred until governed settlement geometry exists.
assocand:nngla:place:NG-PLC-000503,PLACE,NG-PLC-000503,NGP-000503,,,,DEFERRED_NO_GEOMETRY,CANONICAL_IDENTITY_CONFIRMED_BUT_NO_GOVERNED_ASSOCIABLE_GEOMETRY_EXISTS,SHARED_REFERENCE,Spatial association remains deferred until governed settlement geometry exists.
assocand:nngla:place:NG-PLC-000504,PLACE,NG-PLC-000504,NGP-000504,,,,DEFERRED_NO_GEOMETRY,CANONICAL_IDENTITY_CONFIRMED_BUT_NO_GOVERNED_ASSOCIABLE_GEOMETRY_EXISTS,SHARED_REFERENCE,Spatial association remains deferred until governed settlement geometry exists.
assocand:nngla:place:NG-PLC-000505,PLACE,NG-PLC-000505,NGP-000505,,,,DEFERRED_NO_GEOMETRY,CANONICAL_IDENTITY_CONFIRMED_BUT_NO_GOVERNED_ASSOCIABLE_GEOMETRY_EXISTS,SHARED_REFERENCE,Spatial association remains deferred until governed settlement geometry exists.
assocand:nngla:place:NG-PLC-000506,PLACE,NG-PLC-000506,NGP-000506,,,,DEFERRED_NO_GEOMETRY,CANONICAL_IDENTITY_CONFIRMED_BUT_NO_GOVERNED_ASSOCIABLE_GEOMETRY_EXISTS,SHARED_REFERENCE,Spatial association remains deferred until governed settlement geometry exists.
assocand:nngla:place:NG-PLC-000507,PLACE,NG-PLC-000507,NGP-000507,,,,DEFERRED_NO_GEOMETRY,CANONICAL_IDENTITY_CONFIRMED_BUT_NO_GOVERNED_ASSOCIABLE_GEOMETRY_EXISTS,SHARED_REFERENCE,Spatial association remains deferred until governed settlement geometry exists.
assocand:nngla:place:NG-PLC-000508,PLACE,NG-PLC-000508,NGP-000508,,,,DEFERRED_NO_GEOMETRY,CANONICAL_IDENTITY_CONFIRMED_BUT_NO_GOVERNED_ASSOCIABLE_GEOMETRY_EXISTS,SHARED_REFERENCE,Spatial association remains deferred until governed settlement geometry exists.
assocand:nngla:place:NG-PLC-000509,PLACE,NG-PLC-000509,NGP-000509,,,,DEFERRED_NO_GEOMETRY,CANONICAL_IDENTITY_CONFIRMED_BUT_NO_GOVERNED_ASSOCIABLE_GEOMETRY_EXISTS,SHARED_REFERENCE,Spatial association remains deferred until governed settlement geometry exists.
assocand:nngla:place:NG-PLC-000510,PLACE,NG-PLC-000510,NGP-000510,,,,DEFERRED_NO_GEOMETRY,CANONICAL_IDENTITY_CONFIRMED_BUT_NO_GOVERNED_ASSOCIABLE_GEOMETRY_EXISTS,SHARED_REFERENCE,Spatial association remains deferred until governed settlement geometry exists.
assocand:nngla:place:NG-PLC-000511,PLACE,NG-PLC-000511,NGP-000511,,,,DEFERRED_NO_GEOMETRY,CANONICAL_IDENTITY_CONFIRMED_BUT_NO_GOVERNED_ASSOCIABLE_GEOMETRY_EXISTS,SHARED_REFERENCE,Spatial association remains deferred until governed settlement geometry exists.
assocand:nngla:place:NG-PLC-000512,PLACE,NG-PLC-000512,NGP-000512,,,,DEFERRED_NO_GEOMETRY,CANONICAL_IDENTITY_CONFIRMED_BUT_NO_GOVERNED_ASSOCIABLE_GEOMETRY_EXISTS,SHARED_REFERENCE,Spatial association remains deferred until governed settlement geometry exists.
assocand:nngla:place:NG-PLC-000513,PLACE,NG-PLC-000513,NGP-000513,,,,DEFERRED_NO_GEOMETRY,CANONICAL_IDENTITY_CONFIRMED_BUT_NO_GOVERNED_ASSOCIABLE_GEOMETRY_EXISTS,SHARED_REFERENCE,Spatial association remains deferred until governed settlement geometry exists.
assocand:nngla:place:NG-PLC-000514,PLACE,NG-PLC-000514,NGP-000514,,,,DEFERRED_NO_GEOMETRY,CANONICAL_IDENTITY_CONFIRMED_BUT_NO_GOVERNED_ASSOCIABLE_GEOMETRY_EXISTS,SHARED_REFERENCE,Spatial association remains deferred until governed settlement geometry exists.
assocand:nngla:place:NG-PLC-000515,PLACE,NG-PLC-000515,NGP-000515,,,,DEFERRED_NO_GEOMETRY,CANONICAL_IDENTITY_CONFIRMED_BUT_NO_GOVERNED_ASSOCIABLE_GEOMETRY_EXISTS,SHARED_REFERENCE,Spatial association remains deferred until governed settlement geometry exists.
assocand:nngla:place:NG-PLC-000516,PLACE,NG-PLC-000516,NGP-000516,,,,DEFERRED_NO_GEOMETRY,CANONICAL_IDENTITY_CONFIRMED_BUT_NO_GOVERNED_ASSOCIABLE_GEOMETRY_EXISTS,SHARED_REFERENCE,Spatial association remains deferred until governed settlement geometry exists.
assocand:nngla:place:NG-PLC-000517,PLACE,NG-PLC-000517,NGP-000517,,,,DEFERRED_NO_GEOMETRY,CANONICAL_IDENTITY_CONFIRMED_BUT_NO_GOVERNED_ASSOCIABLE_GEOMETRY_EXISTS,SHARED_REFERENCE,Spatial association remains deferred until governed settlement geometry exists.
assocand:nngla:place:NG-PLC-000518,PLACE,NG-PLC-000518,NGP-000518,,,,DEFERRED_NO_GEOMETRY,CANONICAL_IDENTITY_CONFIRMED_BUT_NO_GOVERNED_ASSOCIABLE_GEOMETRY_EXISTS,SHARED_REFERENCE,Spatial association remains deferred until governed settlement geometry exists.
assocand:nngla:place:NG-PLC-000519,PLACE,NG-PLC-000519,NGP-000519,,,,DEFERRED_NO_GEOMETRY,CANONICAL_IDENTITY_CONFIRMED_BUT_NO_GOVERNED_ASSOCIABLE_GEOMETRY_EXISTS,SHARED_REFERENCE,Spatial association remains deferred until governed settlement geometry exists.
assocand:nngla:place:NG-PLC-000520,PLACE,NG-PLC-000520,NGP-000520,,,,DEFERRED_NO_GEOMETRY,CANONICAL_IDENTITY_CONFIRMED_BUT_NO_GOVERNED_ASSOCIABLE_GEOMETRY_EXISTS,SHARED_REFERENCE,Spatial association remains deferred until governed settlement geometry exists.
assocand:nngla:place:NG-PLC-000521,PLACE,NG-PLC-000521,NGP-000521,,,,DEFERRED_NO_GEOMETRY,CANONICAL_IDENTITY_CONFIRMED_BUT_NO_GOVERNED_ASSOCIABLE_GEOMETRY_EXISTS,SHARED_REFERENCE,Spatial association remains deferred until governed settlement geometry exists.
assocand:nngla:place:NG-PLC-000522,PLACE,NG-PLC-000522,NGP-000522,,,,DEFERRED_NO_GEOMETRY,CANONICAL_IDENTITY_CONFIRMED_BUT_NO_GOVERNED_ASSOCIABLE_GEOMETRY_EXISTS,SHARED_REFERENCE,Spatial association remains deferred until governed settlement geometry exists.
assocand:nngla:place:NG-PLC-000523,PLACE,NG-PLC-000523,NGP-000523,,,,DEFERRED_NO_GEOMETRY,CANONICAL_IDENTITY_CONFIRMED_BUT_NO_GOVERNED_ASSOCIABLE_GEOMETRY_EXISTS,SHARED_REFERENCE,Spatial association remains deferred until governed settlement geometry exists.
assocand:nngla:place:NG-PLC-000524,PLACE,NG-PLC-000524,NGP-000524,,,,DEFERRED_NO_GEOMETRY,CANONICAL_IDENTITY_CONFIRMED_BUT_NO_GOVERNED_ASSOCIABLE_GEOMETRY_EXISTS,SHARED_REFERENCE,Spatial association remains deferred until governed settlement geometry exists.
assocand:nngla:place:NG-PLC-000525,PLACE,NG-PLC-000525,NGP-000525,,,,DEFERRED_NO_GEOMETRY,CANONICAL_IDENTITY_CONFIRMED_BUT_NO_GOVERNED_ASSOCIABLE_GEOMETRY_EXISTS,SHARED_REFERENCE,Spatial association remains deferred until governed settlement geometry exists.
assocand:nngla:place:NG-PLC-000526,PLACE,NG-PLC-000526,NGP-000526,,,,DEFERRED_NO_GEOMETRY,CANONICAL_IDENTITY_CONFIRMED_BUT_NO_GOVERNED_ASSOCIABLE_GEOMETRY_EXISTS,SHARED_REFERENCE,Spatial association remains deferred until governed settlement geometry exists.
assocand:nngla:place:NG-PLC-000527,PLACE,NG-PLC-000527,NGP-000527,,,,DEFERRED_NO_GEOMETRY,CANONICAL_IDENTITY_CONFIRMED_BUT_NO_GOVERNED_ASSOCIABLE_GEOMETRY_EXISTS,SHARED_REFERENCE,Spatial association remains deferred until governed settlement geometry exists.
assocand:nngla:place:NG-PLC-000528,PLACE,NG-PLC-000528,NGP-000528,,,,DEFERRED_NO_GEOMETRY,CANONICAL_IDENTITY_CONFIRMED_BUT_NO_GOVERNED_ASSOCIABLE_GEOMETRY_EXISTS,SHARED_REFERENCE,Spatial association remains deferred until governed settlement geometry exists.
assocand:nngla:place:NG-PLC-000529,PLACE,NG-PLC-000529,NGP-000529,,,,DEFERRED_NO_GEOMETRY,CANONICAL_IDENTITY_CONFIRMED_BUT_NO_GOVERNED_ASSOCIABLE_GEOMETRY_EXISTS,SHARED_REFERENCE,Spatial association remains deferred until governed settlement geometry exists.
assocand:nngla:place:NG-PLC-000530,PLACE,NG-PLC-000530,NGP-000530,,,,DEFERRED_NO_GEOMETRY,CANONICAL_IDENTITY_CONFIRMED_BUT_NO_GOVERNED_ASSOCIABLE_GEOMETRY_EXISTS,SHARED_REFERENCE,Spatial association remains deferred until governed settlement geometry exists.
assocand:nngla:place:NG-PLC-000531,PLACE,NG-PLC-000531,NGP-000531,,,,DEFERRED_NO_GEOMETRY,CANONICAL_IDENTITY_CONFIRMED_BUT_NO_GOVERNED_ASSOCIABLE_GEOMETRY_EXISTS,SHARED_REFERENCE,Spatial association remains deferred until governed settlement geometry exists.
assocand:nngla:place:NG-PLC-000532,PLACE,NG-PLC-000532,NGP-000532,,,,DEFERRED_NO_GEOMETRY,CANONICAL_IDENTITY_CONFIRMED_BUT_NO_GOVERNED_ASSOCIABLE_GEOMETRY_EXISTS,SHARED_REFERENCE,Spatial association remains deferred until governed settlement geometry exists.
assocand:nngla:place:NG-PLC-000533,PLACE,NG-PLC-000533,NGP-000533,,,,DEFERRED_NO_GEOMETRY,CANONICAL_IDENTITY_CONFIRMED_BUT_NO_GOVERNED_ASSOCIABLE_GEOMETRY_EXISTS,SHARED_REFERENCE,Spatial association remains deferred until governed settlement geometry exists.
assocand:nngla:place:NG-PLC-000534,PLACE,NG-PLC-000534,NGP-000534,,,,DEFERRED_NO_GEOMETRY,CANONICAL_IDENTITY_CONFIRMED_BUT_NO_GOVERNED_ASSOCIABLE_GEOMETRY_EXISTS,SHARED_REFERENCE,Spatial association remains deferred until governed settlement geometry exists.
assocand:nngla:place:NG-PLC-000535,PLACE,NG-PLC-000535,NGP-000535,,,,DEFERRED_NO_GEOMETRY,CANONICAL_IDENTITY_CONFIRMED_BUT_NO_GOVERNED_ASSOCIABLE_GEOMETRY_EXISTS,SHARED_REFERENCE,Spatial association remains deferred until governed settlement geometry exists.
assocand:nngla:place:NG-PLC-000536,PLACE,NG-PLC-000536,NGP-000536,,,,DEFERRED_NO_GEOMETRY,CANONICAL_IDENTITY_CONFIRMED_BUT_NO_GOVERNED_ASSOCIABLE_GEOMETRY_EXISTS,SHARED_REFERENCE,Spatial association remains deferred until governed settlement geometry exists.
assocand:nngla:place:NG-PLC-000537,PLACE,NG-PLC-000537,NGP-000537,,,,DEFERRED_NO_GEOMETRY,CANONICAL_IDENTITY_CONFIRMED_BUT_NO_GOVERNED_ASSOCIABLE_GEOMETRY_EXISTS,SHARED_REFERENCE,Spatial association remains deferred until governed settlement geometry exists.
assocand:nngla:place:NG-PLC-000538,PLACE,NG-PLC-000538,NGP-000538,,,,DEFERRED_NO_GEOMETRY,CANONICAL_IDENTITY_CONFIRMED_BUT_NO_GOVERNED_ASSOCIABLE_GEOMETRY_EXISTS,SHARED_REFERENCE,Spatial association remains deferred until governed settlement geometry exists.
assocand:nngla:place:NG-PLC-000539,PLACE,NG-PLC-000539,NGP-000539,,,,DEFERRED_NO_GEOMETRY,CANONICAL_IDENTITY_CONFIRMED_BUT_NO_GOVERNED_ASSOCIABLE_GEOMETRY_EXISTS,SHARED_REFERENCE,Spatial association remains deferred until governed settlement geometry exists.
assocand:nngla:place:NG-PLC-000540,PLACE,NG-PLC-000540,NGP-000540,,,,DEFERRED_NO_GEOMETRY,CANONICAL_IDENTITY_CONFIRMED_BUT_NO_GOVERNED_ASSOCIABLE_GEOMETRY_EXISTS,SHARED_REFERENCE,Spatial association remains deferred until governed settlement geometry exists.
assocand:nngla:place:NG-PLC-000541,PLACE,NG-PLC-000541,NGP-000541,,,,DEFERRED_NO_GEOMETRY,CANONICAL_IDENTITY_CONFIRMED_BUT_NO_GOVERNED_ASSOCIABLE_GEOMETRY_EXISTS,SHARED_REFERENCE,Spatial association remains deferred until governed settlement geometry exists.
assocand:nngla:place:NG-PLC-000542,PLACE,NG-PLC-000542,NGP-000542,,,,DEFERRED_NO_GEOMETRY,CANONICAL_IDENTITY_CONFIRMED_BUT_NO_GOVERNED_ASSOCIABLE_GEOMETRY_EXISTS,SHARED_REFERENCE,Spatial association remains deferred until governed settlement geometry exists.
assocand:nngla:place:NG-PLC-000543,PLACE,NG-PLC-000543,NGP-000543,,,,DEFERRED_NO_GEOMETRY,CANONICAL_IDENTITY_CONFIRMED_BUT_NO_GOVERNED_ASSOCIABLE_GEOMETRY_EXISTS,SHARED_REFERENCE,Spatial association remains deferred until governed settlement geometry exists.
assocand:nngla:place:NG-PLC-000544,PLACE,NG-PLC-000544,NGP-000544,,,,DEFERRED_NO_GEOMETRY,CANONICAL_IDENTITY_CONFIRMED_BUT_NO_GOVERNED_ASSOCIABLE_GEOMETRY_EXISTS,SHARED_REFERENCE,Spatial association remains deferred until governed settlement geometry exists.
assocand:nngla:place:NG-PLC-000545,PLACE,NG-PLC-000545,NGP-000545,,,,DEFERRED_NO_GEOMETRY,CANONICAL_IDENTITY_CONFIRMED_BUT_NO_GOVERNED_ASSOCIABLE_GEOMETRY_EXISTS,SHARED_REFERENCE,Spatial association remains deferred until governed settlement geometry exists.
assocand:nngla:place:NG-PLC-000546,PLACE,NG-PLC-000546,NGP-000546,,,,DEFERRED_NO_GEOMETRY,CANONICAL_IDENTITY_CONFIRMED_BUT_NO_GOVERNED_ASSOCIABLE_GEOMETRY_EXISTS,SHARED_REFERENCE,Spatial association remains deferred until governed settlement geometry exists.
assocand:nngla:place:NG-PLC-000547,PLACE,NG-PLC-000547,NGP-000547,,,,DEFERRED_NO_GEOMETRY,CANONICAL_IDENTITY_CONFIRMED_BUT_NO_GOVERNED_ASSOCIABLE_GEOMETRY_EXISTS,SHARED_REFERENCE,Spatial association remains deferred until governed settlement geometry exists.
assocand:nngla:place:NG-PLC-000548,PLACE,NG-PLC-000548,NGP-000548,,,,DEFERRED_NO_GEOMETRY,CANONICAL_IDENTITY_CONFIRMED_BUT_NO_GOVERNED_ASSOCIABLE_GEOMETRY_EXISTS,SHARED_REFERENCE,Spatial association remains deferred until governed settlement geometry exists.
assocand:nngla:place:NG-PLC-000549,PLACE,NG-PLC-000549,NGP-000549,,,,DEFERRED_NO_GEOMETRY,CANONICAL_IDENTITY_CONFIRMED_BUT_NO_GOVERNED_ASSOCIABLE_GEOMETRY_EXISTS,SHARED_REFERENCE,Spatial association remains deferred until governed settlement geometry exists.
assocand:nngla:place:NG-PLC-000550,PLACE,NG-PLC-000550,NGP-000550,,,,DEFERRED_NO_GEOMETRY,CANONICAL_IDENTITY_CONFIRMED_BUT_NO_GOVERNED_ASSOCIABLE_GEOMETRY_EXISTS,SHARED_REFERENCE,Spatial association remains deferred until governed settlement geometry exists.
assocand:nngla:place:NG-PLC-000551,PLACE,NG-PLC-000551,NGP-000551,,,,DEFERRED_NO_GEOMETRY,CANONICAL_IDENTITY_CONFIRMED_BUT_NO_GOVERNED_ASSOCIABLE_GEOMETRY_EXISTS,SHARED_REFERENCE,Spatial association remains deferred until governed settlement geometry exists.
assocand:nngla:place:NG-PLC-000552,PLACE,NG-PLC-000552,NGP-000552,,,,DEFERRED_NO_GEOMETRY,CANONICAL_IDENTITY_CONFIRMED_BUT_NO_GOVERNED_ASSOCIABLE_GEOMETRY_EXISTS,SHARED_REFERENCE,Spatial association remains deferred until governed settlement geometry exists.
assocand:nngla:place:NG-PLC-000553,PLACE,NG-PLC-000553,NGP-000553,,,,DEFERRED_NO_GEOMETRY,CANONICAL_IDENTITY_CONFIRMED_BUT_NO_GOVERNED_ASSOCIABLE_GEOMETRY_EXISTS,SHARED_REFERENCE,Spatial association remains deferred until governed settlement geometry exists.
assocand:nngla:place:NG-PLC-000554,PLACE,NG-PLC-000554,NGP-000554,,,,DEFERRED_NO_GEOMETRY,CANONICAL_IDENTITY_CONFIRMED_BUT_NO_GOVERNED_ASSOCIABLE_GEOMETRY_EXISTS,SHARED_REFERENCE,Spatial association remains deferred until governed settlement geometry exists.
assocand:nngla:place:NG-PLC-000555,PLACE,NG-PLC-000555,NGP-000555,,,,DEFERRED_NO_GEOMETRY,CANONICAL_IDENTITY_CONFIRMED_BUT_NO_GOVERNED_ASSOCIABLE_GEOMETRY_EXISTS,SHARED_REFERENCE,Spatial association remains deferred until governed settlement geometry exists.
assocand:nngla:place:NG-PLC-000556,PLACE,NG-PLC-000556,NGP-000556,,,,DEFERRED_NO_GEOMETRY,CANONICAL_IDENTITY_CONFIRMED_BUT_NO_GOVERNED_ASSOCIABLE_GEOMETRY_EXISTS,SHARED_REFERENCE,Spatial association remains deferred until governed settlement geometry exists.
assocand:nngla:place:NG-PLC-000557,PLACE,NG-PLC-000557,NGP-000557,,,,DEFERRED_NO_GEOMETRY,CANONICAL_IDENTITY_CONFIRMED_BUT_NO_GOVERNED_ASSOCIABLE_GEOMETRY_EXISTS,SHARED_REFERENCE,Spatial association remains deferred until governed settlement geometry exists.
assocand:nngla:place:NG-PLC-000558,PLACE,NG-PLC-000558,NGP-000558,,,,DEFERRED_NO_GEOMETRY,CANONICAL_IDENTITY_CONFIRMED_BUT_NO_GOVERNED_ASSOCIABLE_GEOMETRY_EXISTS,SHARED_REFERENCE,Spatial association remains deferred until governed settlement geometry exists.
assocand:nngla:place:NG-PLC-000559,PLACE,NG-PLC-000559,NGP-000559,,,,DEFERRED_NO_GEOMETRY,CANONICAL_IDENTITY_CONFIRMED_BUT_NO_GOVERNED_ASSOCIABLE_GEOMETRY_EXISTS,SHARED_REFERENCE,Spatial association remains deferred until governed settlement geometry exists.
assocand:nngla:place:NG-PLC-000560,PLACE,NG-PLC-000560,NGP-000560,,,,DEFERRED_NO_GEOMETRY,CANONICAL_IDENTITY_CONFIRMED_BUT_NO_GOVERNED_ASSOCIABLE_GEOMETRY_EXISTS,SHARED_REFERENCE,Spatial association remains deferred until governed settlement geometry exists.
assocand:nngla:place:NG-PLC-000561,PLACE,NG-PLC-000561,NGP-000561,,,,DEFERRED_NO_GEOMETRY,CANONICAL_IDENTITY_CONFIRMED_BUT_NO_GOVERNED_ASSOCIABLE_GEOMETRY_EXISTS,SHARED_REFERENCE,Spatial association remains deferred until governed settlement geometry exists.
assocand:nngla:place:NG-PLC-000562,PLACE,NG-PLC-000562,NGP-000562,,,,DEFERRED_NO_GEOMETRY,CANONICAL_IDENTITY_CONFIRMED_BUT_NO_GOVERNED_ASSOCIABLE_GEOMETRY_EXISTS,SHARED_REFERENCE,Spatial association remains deferred until governed settlement geometry exists.
assocand:nngla:place:NG-PLC-000563,PLACE,NG-PLC-000563,NGP-000563,,,,DEFERRED_NO_GEOMETRY,CANONICAL_IDENTITY_CONFIRMED_BUT_NO_GOVERNED_ASSOCIABLE_GEOMETRY_EXISTS,SHARED_REFERENCE,Spatial association remains deferred until governed settlement geometry exists.
assocand:nngla:place:NG-PLC-000564,PLACE,NG-PLC-000564,NGP-000564,,,,DEFERRED_NO_GEOMETRY,CANONICAL_IDENTITY_CONFIRMED_BUT_NO_GOVERNED_ASSOCIABLE_GEOMETRY_EXISTS,SHARED_REFERENCE,Spatial association remains deferred until governed settlement geometry exists.
assocand:nngla:place:NG-PLC-000565,PLACE,NG-PLC-000565,NGP-000565,,,,DEFERRED_NO_GEOMETRY,CANONICAL_IDENTITY_CONFIRMED_BUT_NO_GOVERNED_ASSOCIABLE_GEOMETRY_EXISTS,SHARED_REFERENCE,Spatial association remains deferred until governed settlement geometry exists.
assocand:nngla:place:NG-PLC-000566,PLACE,NG-PLC-000566,NGP-000566,,,,DEFERRED_NO_GEOMETRY,CANONICAL_IDENTITY_CONFIRMED_BUT_NO_GOVERNED_ASSOCIABLE_GEOMETRY_EXISTS,SHARED_REFERENCE,Spatial association remains deferred until governed settlement geometry exists.
assocand:nngla:place:NG-PLC-000567,PLACE,NG-PLC-000567,NGP-000567,,,,DEFERRED_NO_GEOMETRY,CANONICAL_IDENTITY_CONFIRMED_BUT_NO_GOVERNED_ASSOCIABLE_GEOMETRY_EXISTS,SHARED_REFERENCE,Spatial association remains deferred until governed settlement geometry exists.
assocand:nngla:place:NG-PLC-000568,PLACE,NG-PLC-000568,NGP-000568,,,,DEFERRED_NO_GEOMETRY,CANONICAL_IDENTITY_CONFIRMED_BUT_NO_GOVERNED_ASSOCIABLE_GEOMETRY_EXISTS,SHARED_REFERENCE,Spatial association remains deferred until governed settlement geometry exists.
assocand:nngla:place:NG-PLC-000569,PLACE,NG-PLC-000569,NGP-000569,,,,DEFERRED_NO_GEOMETRY,CANONICAL_IDENTITY_CONFIRMED_BUT_NO_GOVERNED_ASSOCIABLE_GEOMETRY_EXISTS,SHARED_REFERENCE,Spatial association remains deferred until governed settlement geometry exists.
assocand:nngla:place:NG-PLC-000570,PLACE,NG-PLC-000570,NGP-000570,,,,DEFERRED_NO_GEOMETRY,CANONICAL_IDENTITY_CONFIRMED_BUT_NO_GOVERNED_ASSOCIABLE_GEOMETRY_EXISTS,SHARED_REFERENCE,Spatial association remains deferred until governed settlement geometry exists.
assocand:nngla:place:NG-PLC-000571,PLACE,NG-PLC-000571,NGP-000571,,,,DEFERRED_NO_GEOMETRY,CANONICAL_IDENTITY_CONFIRMED_BUT_NO_GOVERNED_ASSOCIABLE_GEOMETRY_EXISTS,SHARED_REFERENCE,Spatial association remains deferred until governed settlement geometry exists.
assocand:nngla:place:NG-PLC-000572,PLACE,NG-PLC-000572,NGP-000572,,,,DEFERRED_NO_GEOMETRY,CANONICAL_IDENTITY_CONFIRMED_BUT_NO_GOVERNED_ASSOCIABLE_GEOMETRY_EXISTS,SHARED_REFERENCE,Spatial association remains deferred until governed settlement geometry exists.
assocand:nngla:place:NG-PLC-000573,PLACE,NG-PLC-000573,NGP-000573,,,,DEFERRED_NO_GEOMETRY,CANONICAL_IDENTITY_CONFIRMED_BUT_NO_GOVERNED_ASSOCIABLE_GEOMETRY_EXISTS,SHARED_REFERENCE,Spatial association remains deferred until governed settlement geometry exists.
assocand:nngla:place:NG-PLC-000574,PLACE,NG-PLC-000574,NGP-000574,,,,DEFERRED_NO_GEOMETRY,CANONICAL_IDENTITY_CONFIRMED_BUT_NO_GOVERNED_ASSOCIABLE_GEOMETRY_EXISTS,SHARED_REFERENCE,Spatial association remains deferred until governed settlement geometry exists.
assocand:nngla:place:NG-PLC-000575,PLACE,NG-PLC-000575,NGP-000575,,,,DEFERRED_NO_GEOMETRY,CANONICAL_IDENTITY_CONFIRMED_BUT_NO_GOVERNED_ASSOCIABLE_GEOMETRY_EXISTS,SHARED_REFERENCE,Spatial association remains deferred until governed settlement geometry exists.
assocand:nngla:place:NG-PLC-000576,PLACE,NG-PLC-000576,NGP-000576,,,,DEFERRED_NO_GEOMETRY,CANONICAL_IDENTITY_CONFIRMED_BUT_NO_GOVERNED_ASSOCIABLE_GEOMETRY_EXISTS,SHARED_REFERENCE,Spatial association remains deferred until governed settlement geometry exists.
assocand:nngla:place:NG-PLC-000577,PLACE,NG-PLC-000577,NGP-000577,,,,DEFERRED_NO_GEOMETRY,CANONICAL_IDENTITY_CONFIRMED_BUT_NO_GOVERNED_ASSOCIABLE_GEOMETRY_EXISTS,SHARED_REFERENCE,Spatial association remains deferred until governed settlement geometry exists.
assocand:nngla:place:NG-PLC-000578,PLACE,NG-PLC-000578,NGP-000578,,,,DEFERRED_NO_GEOMETRY,CANONICAL_IDENTITY_CONFIRMED_BUT_NO_GOVERNED_ASSOCIABLE_GEOMETRY_EXISTS,SHARED_REFERENCE,Spatial association remains deferred until governed settlement geometry exists.
assocand:nngla:place:NG-PLC-000579,PLACE,NG-PLC-000579,NGP-000579,,,,DEFERRED_NO_GEOMETRY,CANONICAL_IDENTITY_CONFIRMED_BUT_NO_GOVERNED_ASSOCIABLE_GEOMETRY_EXISTS,SHARED_REFERENCE,Spatial association remains deferred until governed settlement geometry exists.
assocand:nngla:place:NG-PLC-000580,PLACE,NG-PLC-000580,NGP-000580,,,,DEFERRED_NO_GEOMETRY,CANONICAL_IDENTITY_CONFIRMED_BUT_NO_GOVERNED_ASSOCIABLE_GEOMETRY_EXISTS,SHARED_REFERENCE,Spatial association remains deferred until governed settlement geometry exists.
assocand:nngla:place:NG-PLC-000581,PLACE,NG-PLC-000581,NGP-000581,,,,DEFERRED_NO_GEOMETRY,CANONICAL_IDENTITY_CONFIRMED_BUT_NO_GOVERNED_ASSOCIABLE_GEOMETRY_EXISTS,SHARED_REFERENCE,Spatial association remains deferred until governed settlement geometry exists.
assocand:nngla:place:NG-PLC-000582,PLACE,NG-PLC-000582,NGP-000582,,,,DEFERRED_NO_GEOMETRY,CANONICAL_IDENTITY_CONFIRMED_BUT_NO_GOVERNED_ASSOCIABLE_GEOMETRY_EXISTS,SHARED_REFERENCE,Spatial association remains deferred until governed settlement geometry exists.
assocand:nngla:place:NG-PLC-000583,PLACE,NG-PLC-000583,NGP-000583,,,,DEFERRED_NO_GEOMETRY,CANONICAL_IDENTITY_CONFIRMED_BUT_NO_GOVERNED_ASSOCIABLE_GEOMETRY_EXISTS,SHARED_REFERENCE,Spatial association remains deferred until governed settlement geometry exists.
assocand:nngla:place:NG-PLC-000584,PLACE,NG-PLC-000584,NGP-000584,,,,DEFERRED_NO_GEOMETRY,CANONICAL_IDENTITY_CONFIRMED_BUT_NO_GOVERNED_ASSOCIABLE_GEOMETRY_EXISTS,SHARED_REFERENCE,Spatial association remains deferred until governed settlement geometry exists.
assocand:nngla:place:NG-PLC-000585,PLACE,NG-PLC-000585,NGP-000585,,,,DEFERRED_NO_GEOMETRY,CANONICAL_IDENTITY_CONFIRMED_BUT_NO_GOVERNED_ASSOCIABLE_GEOMETRY_EXISTS,SHARED_REFERENCE,Spatial association remains deferred until governed settlement geometry exists.
assocand:nngla:place:NG-PLC-000586,PLACE,NG-PLC-000586,NGP-000586,,,,DEFERRED_NO_GEOMETRY,CANONICAL_IDENTITY_CONFIRMED_BUT_NO_GOVERNED_ASSOCIABLE_GEOMETRY_EXISTS,SHARED_REFERENCE,Spatial association remains deferred until governed settlement geometry exists.
assocand:nngla:place:NG-PLC-000587,PLACE,NG-PLC-000587,NGP-000587,,,,DEFERRED_NO_GEOMETRY,CANONICAL_IDENTITY_CONFIRMED_BUT_NO_GOVERNED_ASSOCIABLE_GEOMETRY_EXISTS,SHARED_REFERENCE,Spatial association remains deferred until governed settlement geometry exists.
assocand:nngla:place:NG-PLC-000588,PLACE,NG-PLC-000588,NGP-000588,,,,DEFERRED_NO_GEOMETRY,CANONICAL_IDENTITY_CONFIRMED_BUT_NO_GOVERNED_ASSOCIABLE_GEOMETRY_EXISTS,SHARED_REFERENCE,Spatial association remains deferred until governed settlement geometry exists.
assocand:nngla:place:NG-PLC-000589,PLACE,NG-PLC-000589,NGP-000589,,,,DEFERRED_NO_GEOMETRY,CANONICAL_IDENTITY_CONFIRMED_BUT_NO_GOVERNED_ASSOCIABLE_GEOMETRY_EXISTS,SHARED_REFERENCE,Spatial association remains deferred until governed settlement geometry exists.
assocand:nngla:place:NG-PLC-000590,PLACE,NG-PLC-000590,NGP-000590,,,,DEFERRED_NO_GEOMETRY,CANONICAL_IDENTITY_CONFIRMED_BUT_NO_GOVERNED_ASSOCIABLE_GEOMETRY_EXISTS,SHARED_REFERENCE,Spatial association remains deferred until governed settlement geometry exists.
assocand:nngla:place:NG-PLC-000591,PLACE,NG-PLC-000591,NGP-000591,,,,DEFERRED_NO_GEOMETRY,CANONICAL_IDENTITY_CONFIRMED_BUT_NO_GOVERNED_ASSOCIABLE_GEOMETRY_EXISTS,SHARED_REFERENCE,Spatial association remains deferred until governed settlement geometry exists.
assocand:nngla:place:NG-PLC-000592,PLACE,NG-PLC-000592,NGP-000592,,,,DEFERRED_NO_GEOMETRY,CANONICAL_IDENTITY_CONFIRMED_BUT_NO_GOVERNED_ASSOCIABLE_GEOMETRY_EXISTS,SHARED_REFERENCE,Spatial association remains deferred until governed settlement geometry exists.
assocand:nngla:place:NG-PLC-000593,PLACE,NG-PLC-000593,NGP-000593,,,,DEFERRED_NO_GEOMETRY,CANONICAL_IDENTITY_CONFIRMED_BUT_NO_GOVERNED_ASSOCIABLE_GEOMETRY_EXISTS,SHARED_REFERENCE,Spatial association remains deferred until governed settlement geometry exists.
assocand:nngla:place:NG-PLC-000594,PLACE,NG-PLC-000594,NGP-000594,,,,DEFERRED_NO_GEOMETRY,CANONICAL_IDENTITY_CONFIRMED_BUT_NO_GOVERNED_ASSOCIABLE_GEOMETRY_EXISTS,SHARED_REFERENCE,Spatial association remains deferred until governed settlement geometry exists.
assocand:nngla:place:NG-PLC-000595,PLACE,NG-PLC-000595,NGP-000595,,,,DEFERRED_NO_GEOMETRY,CANONICAL_IDENTITY_CONFIRMED_BUT_NO_GOVERNED_ASSOCIABLE_GEOMETRY_EXISTS,SHARED_REFERENCE,Spatial association remains deferred until governed settlement geometry exists.
assocand:nngla:place:NG-PLC-000596,PLACE,NG-PLC-000596,NGP-000596,,,,DEFERRED_NO_GEOMETRY,CANONICAL_IDENTITY_CONFIRMED_BUT_NO_GOVERNED_ASSOCIABLE_GEOMETRY_EXISTS,SHARED_REFERENCE,Spatial association remains deferred until governed settlement geometry exists.
assocand:nngla:place:NG-PLC-000597,PLACE,NG-PLC-000597,NGP-000597,,,,DEFERRED_NO_GEOMETRY,CANONICAL_IDENTITY_CONFIRMED_BUT_NO_GOVERNED_ASSOCIABLE_GEOMETRY_EXISTS,SHARED_REFERENCE,Spatial association remains deferred until governed settlement geometry exists.
assocand:nngla:place:NG-PLC-000598,PLACE,NG-PLC-000598,NGP-000598,,,,DEFERRED_NO_GEOMETRY,CANONICAL_IDENTITY_CONFIRMED_BUT_NO_GOVERNED_ASSOCIABLE_GEOMETRY_EXISTS,SHARED_REFERENCE,Spatial association remains deferred until governed settlement geometry exists.
assocand:nngla:place:NG-PLC-000599,PLACE,NG-PLC-000599,NGP-000599,,,,DEFERRED_NO_GEOMETRY,CANONICAL_IDENTITY_CONFIRMED_BUT_NO_GOVERNED_ASSOCIABLE_GEOMETRY_EXISTS,SHARED_REFERENCE,Spatial association remains deferred until governed settlement geometry exists.
assocand:nngla:place:NG-PLC-000600,PLACE,NG-PLC-000600,NGP-000600,,,,DEFERRED_NO_GEOMETRY,CANONICAL_IDENTITY_CONFIRMED_BUT_NO_GOVERNED_ASSOCIABLE_GEOMETRY_EXISTS,SHARED_REFERENCE,Spatial association remains deferred until governed settlement geometry exists.
assocand:nngla:place:NG-PLC-000601,PLACE,NG-PLC-000601,NGP-000601,,,,DEFERRED_NO_GEOMETRY,CANONICAL_IDENTITY_CONFIRMED_BUT_NO_GOVERNED_ASSOCIABLE_GEOMETRY_EXISTS,SHARED_REFERENCE,Spatial association remains deferred until governed settlement geometry exists.
assocand:nngla:place:NG-PLC-000602,PLACE,NG-PLC-000602,NGP-000602,,,,DEFERRED_NO_GEOMETRY,CANONICAL_IDENTITY_CONFIRMED_BUT_NO_GOVERNED_ASSOCIABLE_GEOMETRY_EXISTS,SHARED_REFERENCE,Spatial association remains deferred until governed settlement geometry exists.
assocand:nngla:place:NG-PLC-000603,PLACE,NG-PLC-000603,NGP-000603,,,,DEFERRED_NO_GEOMETRY,CANONICAL_IDENTITY_CONFIRMED_BUT_NO_GOVERNED_ASSOCIABLE_GEOMETRY_EXISTS,SHARED_REFERENCE,Spatial association remains deferred until governed settlement geometry exists.
assocand:nngla:place:NG-PLC-000604,PLACE,NG-PLC-000604,NGP-000604,,,,DEFERRED_NO_GEOMETRY,CANONICAL_IDENTITY_CONFIRMED_BUT_NO_GOVERNED_ASSOCIABLE_GEOMETRY_EXISTS,SHARED_REFERENCE,Spatial association remains deferred until governed settlement geometry exists.
assocand:nngla:place:NG-PLC-000605,PLACE,NG-PLC-000605,NGP-000605,,,,DEFERRED_NO_GEOMETRY,CANONICAL_IDENTITY_CONFIRMED_BUT_NO_GOVERNED_ASSOCIABLE_GEOMETRY_EXISTS,SHARED_REFERENCE,Spatial association remains deferred until governed settlement geometry exists.
assocand:nngla:place:NG-PLC-000606,PLACE,NG-PLC-000606,NGP-000606,,,,DEFERRED_NO_GEOMETRY,CANONICAL_IDENTITY_CONFIRMED_BUT_NO_GOVERNED_ASSOCIABLE_GEOMETRY_EXISTS,SHARED_REFERENCE,Spatial association remains deferred until governed settlement geometry exists.
assocand:nngla:place:NG-PLC-000607,PLACE,NG-PLC-000607,NGP-000607,,,,DEFERRED_NO_GEOMETRY,CANONICAL_IDENTITY_CONFIRMED_BUT_NO_GOVERNED_ASSOCIABLE_GEOMETRY_EXISTS,SHARED_REFERENCE,Spatial association remains deferred until governed settlement geometry exists.
assocand:nngla:place:NG-PLC-000608,PLACE,NG-PLC-000608,NGP-000608,,,,DEFERRED_NO_GEOMETRY,CANONICAL_IDENTITY_CONFIRMED_BUT_NO_GOVERNED_ASSOCIABLE_GEOMETRY_EXISTS,SHARED_REFERENCE,Spatial association remains deferred until governed settlement geometry exists.
assocand:nngla:place:NG-PLC-000609,PLACE,NG-PLC-000609,NGP-000609,,,,DEFERRED_NO_GEOMETRY,CANONICAL_IDENTITY_CONFIRMED_BUT_NO_GOVERNED_ASSOCIABLE_GEOMETRY_EXISTS,SHARED_REFERENCE,Spatial association remains deferred until governed settlement geometry exists.
assocand:nngla:place:NG-PLC-000610,PLACE,NG-PLC-000610,NGP-000610,,,,DEFERRED_NO_GEOMETRY,CANONICAL_IDENTITY_CONFIRMED_BUT_NO_GOVERNED_ASSOCIABLE_GEOMETRY_EXISTS,SHARED_REFERENCE,Spatial association remains deferred until governed settlement geometry exists.
assocand:nngla:place:NG-PLC-000611,PLACE,NG-PLC-000611,NGP-000611,,,,DEFERRED_NO_GEOMETRY,CANONICAL_IDENTITY_CONFIRMED_BUT_NO_GOVERNED_ASSOCIABLE_GEOMETRY_EXISTS,SHARED_REFERENCE,Spatial association remains deferred until governed settlement geometry exists.
assocand:nngla:place:NG-PLC-000612,PLACE,NG-PLC-000612,NGP-000612,,,,DEFERRED_NO_GEOMETRY,CANONICAL_IDENTITY_CONFIRMED_BUT_NO_GOVERNED_ASSOCIABLE_GEOMETRY_EXISTS,SHARED_REFERENCE,Spatial association remains deferred until governed settlement geometry exists.
assocand:nngla:place:NG-PLC-000613,PLACE,NG-PLC-000613,NGP-000613,,,,DEFERRED_NO_GEOMETRY,CANONICAL_IDENTITY_CONFIRMED_BUT_NO_GOVERNED_ASSOCIABLE_GEOMETRY_EXISTS,SHARED_REFERENCE,Spatial association remains deferred until governed settlement geometry exists.
assocand:nngla:place:NG-PLC-000614,PLACE,NG-PLC-000614,NGP-000614,,,,DEFERRED_NO_GEOMETRY,CANONICAL_IDENTITY_CONFIRMED_BUT_NO_GOVERNED_ASSOCIABLE_GEOMETRY_EXISTS,SHARED_REFERENCE,Spatial association remains deferred until governed settlement geometry exists.
assocand:nngla:place:NG-PLC-000615,PLACE,NG-PLC-000615,NGP-000615,,,,DEFERRED_NO_GEOMETRY,CANONICAL_IDENTITY_CONFIRMED_BUT_NO_GOVERNED_ASSOCIABLE_GEOMETRY_EXISTS,SHARED_REFERENCE,Spatial association remains deferred until governed settlement geometry exists.
assocand:nngla:place:NG-PLC-000616,PLACE,NG-PLC-000616,NGP-000616,,,,DEFERRED_NO_GEOMETRY,CANONICAL_IDENTITY_CONFIRMED_BUT_NO_GOVERNED_ASSOCIABLE_GEOMETRY_EXISTS,SHARED_REFERENCE,Spatial association remains deferred until governed settlement geometry exists.
assocand:nngla:place:NG-PLC-000617,PLACE,NG-PLC-000617,NGP-000617,,,,DEFERRED_NO_GEOMETRY,CANONICAL_IDENTITY_CONFIRMED_BUT_NO_GOVERNED_ASSOCIABLE_GEOMETRY_EXISTS,SHARED_REFERENCE,Spatial association remains deferred until governed settlement geometry exists.
assocand:nngla:place:NG-PLC-000618,PLACE,NG-PLC-000618,NGP-000618,,,,DEFERRED_NO_GEOMETRY,CANONICAL_IDENTITY_CONFIRMED_BUT_NO_GOVERNED_ASSOCIABLE_GEOMETRY_EXISTS,SHARED_REFERENCE,Spatial association remains deferred until governed settlement geometry exists.
assocand:nngla:place:NG-PLC-000619,PLACE,NG-PLC-000619,NGP-000619,,,,DEFERRED_NO_GEOMETRY,CANONICAL_IDENTITY_CONFIRMED_BUT_NO_GOVERNED_ASSOCIABLE_GEOMETRY_EXISTS,SHARED_REFERENCE,Spatial association remains deferred until governed settlement geometry exists.
assocand:nngla:place:NG-PLC-000620,PLACE,NG-PLC-000620,NGP-000620,,,,DEFERRED_NO_GEOMETRY,CANONICAL_IDENTITY_CONFIRMED_BUT_NO_GOVERNED_ASSOCIABLE_GEOMETRY_EXISTS,SHARED_REFERENCE,Spatial association remains deferred until governed settlement geometry exists.
assocand:nngla:place:NG-PLC-000621,PLACE,NG-PLC-000621,NGP-000621,,,,DEFERRED_NO_GEOMETRY,CANONICAL_IDENTITY_CONFIRMED_BUT_NO_GOVERNED_ASSOCIABLE_GEOMETRY_EXISTS,SHARED_REFERENCE,Spatial association remains deferred until governed settlement geometry exists.
assocand:nngla:place:NG-PLC-000622,PLACE,NG-PLC-000622,NGP-000622,,,,DEFERRED_NO_GEOMETRY,CANONICAL_IDENTITY_CONFIRMED_BUT_NO_GOVERNED_ASSOCIABLE_GEOMETRY_EXISTS,SHARED_REFERENCE,Spatial association remains deferred until governed settlement geometry exists.
assocand:nngla:place:NG-PLC-000623,PLACE,NG-PLC-000623,NGP-000623,,,,DEFERRED_NO_GEOMETRY,CANONICAL_IDENTITY_CONFIRMED_BUT_NO_GOVERNED_ASSOCIABLE_GEOMETRY_EXISTS,SHARED_REFERENCE,Spatial association remains deferred until governed settlement geometry exists.
assocand:nngla:place:NG-PLC-000624,PLACE,NG-PLC-000624,NGP-000624,,,,DEFERRED_NO_GEOMETRY,CANONICAL_IDENTITY_CONFIRMED_BUT_NO_GOVERNED_ASSOCIABLE_GEOMETRY_EXISTS,SHARED_REFERENCE,Spatial association remains deferred until governed settlement geometry exists.
assocand:nngla:place:NG-PLC-000625,PLACE,NG-PLC-000625,NGP-000625,,,,DEFERRED_NO_GEOMETRY,CANONICAL_IDENTITY_CONFIRMED_BUT_NO_GOVERNED_ASSOCIABLE_GEOMETRY_EXISTS,SHARED_REFERENCE,Spatial association remains deferred until governed settlement geometry exists.
assocand:nngla:place:NG-PLC-000626,PLACE,NG-PLC-000626,NGP-000626,,,,DEFERRED_NO_GEOMETRY,CANONICAL_IDENTITY_CONFIRMED_BUT_NO_GOVERNED_ASSOCIABLE_GEOMETRY_EXISTS,SHARED_REFERENCE,Spatial association remains deferred until governed settlement geometry exists.
assocand:nngla:place:NG-PLC-000627,PLACE,NG-PLC-000627,NGP-000627,,,,DEFERRED_NO_GEOMETRY,CANONICAL_IDENTITY_CONFIRMED_BUT_NO_GOVERNED_ASSOCIABLE_GEOMETRY_EXISTS,SHARED_REFERENCE,Spatial association remains deferred until governed settlement geometry exists.
assocand:nngla:place:NG-PLC-000628,PLACE,NG-PLC-000628,NGP-000628,,,,DEFERRED_NO_GEOMETRY,CANONICAL_IDENTITY_CONFIRMED_BUT_NO_GOVERNED_ASSOCIABLE_GEOMETRY_EXISTS,SHARED_REFERENCE,Spatial association remains deferred until governed settlement geometry exists.
assocand:nngla:place:NG-PLC-000629,PLACE,NG-PLC-000629,NGP-000629,,,,DEFERRED_NO_GEOMETRY,CANONICAL_IDENTITY_CONFIRMED_BUT_NO_GOVERNED_ASSOCIABLE_GEOMETRY_EXISTS,SHARED_REFERENCE,Spatial association remains deferred until governed settlement geometry exists.
assocand:nngla:place:NG-PLC-000630,PLACE,NG-PLC-000630,NGP-000630,,,,DEFERRED_NO_GEOMETRY,CANONICAL_IDENTITY_CONFIRMED_BUT_NO_GOVERNED_ASSOCIABLE_GEOMETRY_EXISTS,SHARED_REFERENCE,Spatial association remains deferred until governed settlement geometry exists.
assocand:nngla:place:NG-PLC-000631,PLACE,NG-PLC-000631,NGP-000631,,,,DEFERRED_NO_GEOMETRY,CANONICAL_IDENTITY_CONFIRMED_BUT_NO_GOVERNED_ASSOCIABLE_GEOMETRY_EXISTS,SHARED_REFERENCE,Spatial association remains deferred until governed settlement geometry exists.
assocand:nngla:place:NG-PLC-000632,PLACE,NG-PLC-000632,NGP-000632,,,,DEFERRED_NO_GEOMETRY,CANONICAL_IDENTITY_CONFIRMED_BUT_NO_GOVERNED_ASSOCIABLE_GEOMETRY_EXISTS,SHARED_REFERENCE,Spatial association remains deferred until governed settlement geometry exists.
assocand:nngla:place:NG-PLC-000633,PLACE,NG-PLC-000633,NGP-000633,,,,DEFERRED_NO_GEOMETRY,CANONICAL_IDENTITY_CONFIRMED_BUT_NO_GOVERNED_ASSOCIABLE_GEOMETRY_EXISTS,SHARED_REFERENCE,Spatial association remains deferred until governed settlement geometry exists.
assocand:nngla:place:NG-PLC-000634,PLACE,NG-PLC-000634,NGP-000634,,,,DEFERRED_NO_GEOMETRY,CANONICAL_IDENTITY_CONFIRMED_BUT_NO_GOVERNED_ASSOCIABLE_GEOMETRY_EXISTS,SHARED_REFERENCE,Spatial association remains deferred until governed settlement geometry exists.
assocand:nngla:place:NG-PLC-000635,PLACE,NG-PLC-000635,NGP-000635,,,,DEFERRED_NO_GEOMETRY,CANONICAL_IDENTITY_CONFIRMED_BUT_NO_GOVERNED_ASSOCIABLE_GEOMETRY_EXISTS,SHARED_REFERENCE,Spatial association remains deferred until governed settlement geometry exists.
assocand:nngla:place:NG-PLC-000636,PLACE,NG-PLC-000636,NGP-000636,,,,DEFERRED_NO_GEOMETRY,CANONICAL_IDENTITY_CONFIRMED_BUT_NO_GOVERNED_ASSOCIABLE_GEOMETRY_EXISTS,SHARED_REFERENCE,Spatial association remains deferred until governed settlement geometry exists.
assocand:nngla:place:NG-PLC-000637,PLACE,NG-PLC-000637,NGP-000637,,,,DEFERRED_NO_GEOMETRY,CANONICAL_IDENTITY_CONFIRMED_BUT_NO_GOVERNED_ASSOCIABLE_GEOMETRY_EXISTS,SHARED_REFERENCE,Spatial association remains deferred until governed settlement geometry exists.
assocand:nngla:place:NG-PLC-000638,PLACE,NG-PLC-000638,NGP-000638,,,,DEFERRED_NO_GEOMETRY,CANONICAL_IDENTITY_CONFIRMED_BUT_NO_GOVERNED_ASSOCIABLE_GEOMETRY_EXISTS,SHARED_REFERENCE,Spatial association remains deferred until governed settlement geometry exists.
assocand:nngla:place:NG-PLC-000639,PLACE,NG-PLC-000639,NGP-000639,,,,DEFERRED_NO_GEOMETRY,CANONICAL_IDENTITY_CONFIRMED_BUT_NO_GOVERNED_ASSOCIABLE_GEOMETRY_EXISTS,SHARED_REFERENCE,Spatial association remains deferred until governed settlement geometry exists.
assocand:nngla:place:NG-PLC-000640,PLACE,NG-PLC-000640,NGP-000640,,,,DEFERRED_NO_GEOMETRY,CANONICAL_IDENTITY_CONFIRMED_BUT_NO_GOVERNED_ASSOCIABLE_GEOMETRY_EXISTS,SHARED_REFERENCE,Spatial association remains deferred until governed settlement geometry exists.
assocand:nngla:place:NG-PLC-000641,PLACE,NG-PLC-000641,NGP-000641,,,,DEFERRED_NO_GEOMETRY,CANONICAL_IDENTITY_CONFIRMED_BUT_NO_GOVERNED_ASSOCIABLE_GEOMETRY_EXISTS,SHARED_REFERENCE,Spatial association remains deferred until governed settlement geometry exists.
assocand:nngla:place:NG-PLC-000642,PLACE,NG-PLC-000642,NGP-000642,,,,DEFERRED_NO_GEOMETRY,CANONICAL_IDENTITY_CONFIRMED_BUT_NO_GOVERNED_ASSOCIABLE_GEOMETRY_EXISTS,SHARED_REFERENCE,Spatial association remains deferred until governed settlement geometry exists.
assocand:nngla:place:NG-PLC-000643,PLACE,NG-PLC-000643,NGP-000643,,,,DEFERRED_NO_GEOMETRY,CANONICAL_IDENTITY_CONFIRMED_BUT_NO_GOVERNED_ASSOCIABLE_GEOMETRY_EXISTS,SHARED_REFERENCE,Spatial association remains deferred until governed settlement geometry exists.
assocand:nngla:place:NG-PLC-000644,PLACE,NG-PLC-000644,NGP-000644,,,,DEFERRED_NO_GEOMETRY,CANONICAL_IDENTITY_CONFIRMED_BUT_NO_GOVERNED_ASSOCIABLE_GEOMETRY_EXISTS,SHARED_REFERENCE,Spatial association remains deferred until governed settlement geometry exists.
assocand:nngla:place:NG-PLC-000645,PLACE,NG-PLC-000645,NGP-000645,,,,DEFERRED_NO_GEOMETRY,CANONICAL_IDENTITY_CONFIRMED_BUT_NO_GOVERNED_ASSOCIABLE_GEOMETRY_EXISTS,SHARED_REFERENCE,Spatial association remains deferred until governed settlement geometry exists.
assocand:nngla:place:NG-PLC-000646,PLACE,NG-PLC-000646,NGP-000646,,,,DEFERRED_NO_GEOMETRY,CANONICAL_IDENTITY_CONFIRMED_BUT_NO_GOVERNED_ASSOCIABLE_GEOMETRY_EXISTS,SHARED_REFERENCE,Spatial association remains deferred until governed settlement geometry exists.
assocand:nngla:place:NG-PLC-000647,PLACE,NG-PLC-000647,NGP-000647,,,,DEFERRED_NO_GEOMETRY,CANONICAL_IDENTITY_CONFIRMED_BUT_NO_GOVERNED_ASSOCIABLE_GEOMETRY_EXISTS,SHARED_REFERENCE,Spatial association remains deferred until governed settlement geometry exists.
assocand:nngla:place:NG-PLC-000648,PLACE,NG-PLC-000648,NGP-000648,,,,DEFERRED_NO_GEOMETRY,CANONICAL_IDENTITY_CONFIRMED_BUT_NO_GOVERNED_ASSOCIABLE_GEOMETRY_EXISTS,SHARED_REFERENCE,Spatial association remains deferred until governed settlement geometry exists.
assocand:nngla:place:NG-PLC-000649,PLACE,NG-PLC-000649,NGP-000649,,,,DEFERRED_NO_GEOMETRY,CANONICAL_IDENTITY_CONFIRMED_BUT_NO_GOVERNED_ASSOCIABLE_GEOMETRY_EXISTS,SHARED_REFERENCE,Spatial association remains deferred until governed settlement geometry exists.
assocand:nngla:place:NG-PLC-000650,PLACE,NG-PLC-000650,NGP-000650,,,,DEFERRED_NO_GEOMETRY,CANONICAL_IDENTITY_CONFIRMED_BUT_NO_GOVERNED_ASSOCIABLE_GEOMETRY_EXISTS,SHARED_REFERENCE,Spatial association remains deferred until governed settlement geometry exists.
assocand:nngla:place:NG-PLC-000651,PLACE,NG-PLC-000651,NGP-000651,,,,DEFERRED_NO_GEOMETRY,CANONICAL_IDENTITY_CONFIRMED_BUT_NO_GOVERNED_ASSOCIABLE_GEOMETRY_EXISTS,SHARED_REFERENCE,Spatial association remains deferred until governed settlement geometry exists.
assocand:nngla:place:NG-PLC-000652,PLACE,NG-PLC-000652,NGP-000652,,,,DEFERRED_NO_GEOMETRY,CANONICAL_IDENTITY_CONFIRMED_BUT_NO_GOVERNED_ASSOCIABLE_GEOMETRY_EXISTS,SHARED_REFERENCE,Spatial association remains deferred until governed settlement geometry exists.
assocand:nngla:place:NG-PLC-000653,PLACE,NG-PLC-000653,NGP-000653,,,,DEFERRED_NO_GEOMETRY,CANONICAL_IDENTITY_CONFIRMED_BUT_NO_GOVERNED_ASSOCIABLE_GEOMETRY_EXISTS,SHARED_REFERENCE,Spatial association remains deferred until governed settlement geometry exists.
assocand:nngla:place:NG-PLC-000654,PLACE,NG-PLC-000654,NGP-000654,,,,DEFERRED_NO_GEOMETRY,CANONICAL_IDENTITY_CONFIRMED_BUT_NO_GOVERNED_ASSOCIABLE_GEOMETRY_EXISTS,SHARED_REFERENCE,Spatial association remains deferred until governed settlement geometry exists.
assocand:nngla:place:NG-PLC-000655,PLACE,NG-PLC-000655,NGP-000655,,,,DEFERRED_NO_GEOMETRY,CANONICAL_IDENTITY_CONFIRMED_BUT_NO_GOVERNED_ASSOCIABLE_GEOMETRY_EXISTS,SHARED_REFERENCE,Spatial association remains deferred until governed settlement geometry exists.
assocand:nngla:place:NG-PLC-000656,PLACE,NG-PLC-000656,NGP-000656,,,,DEFERRED_NO_GEOMETRY,CANONICAL_IDENTITY_CONFIRMED_BUT_NO_GOVERNED_ASSOCIABLE_GEOMETRY_EXISTS,SHARED_REFERENCE,Spatial association remains deferred until governed settlement geometry exists.
assocand:nngla:place:NG-PLC-000657,PLACE,NG-PLC-000657,NGP-000657,,,,DEFERRED_NO_GEOMETRY,CANONICAL_IDENTITY_CONFIRMED_BUT_NO_GOVERNED_ASSOCIABLE_GEOMETRY_EXISTS,SHARED_REFERENCE,Spatial association remains deferred until governed settlement geometry exists.
assocand:nngla:place:NG-PLC-000658,PLACE,NG-PLC-000658,NGP-000658,,,,DEFERRED_NO_GEOMETRY,CANONICAL_IDENTITY_CONFIRMED_BUT_NO_GOVERNED_ASSOCIABLE_GEOMETRY_EXISTS,SHARED_REFERENCE,Spatial association remains deferred until governed settlement geometry exists.
assocand:nngla:place:NG-PLC-000659,PLACE,NG-PLC-000659,NGP-000659,,,,DEFERRED_NO_GEOMETRY,CANONICAL_IDENTITY_CONFIRMED_BUT_NO_GOVERNED_ASSOCIABLE_GEOMETRY_EXISTS,SHARED_REFERENCE,Spatial association remains deferred until governed settlement geometry exists.
assocand:nngla:place:NG-PLC-000660,PLACE,NG-PLC-000660,NGP-000660,,,,DEFERRED_NO_GEOMETRY,CANONICAL_IDENTITY_CONFIRMED_BUT_NO_GOVERNED_ASSOCIABLE_GEOMETRY_EXISTS,SHARED_REFERENCE,Spatial association remains deferred until governed settlement geometry exists.
assocand:nngla:place:NG-PLC-000661,PLACE,NG-PLC-000661,NGP-000661,,,,DEFERRED_NO_GEOMETRY,CANONICAL_IDENTITY_CONFIRMED_BUT_NO_GOVERNED_ASSOCIABLE_GEOMETRY_EXISTS,SHARED_REFERENCE,Spatial association remains deferred until governed settlement geometry exists.
assocand:nngla:place:NG-PLC-000662,PLACE,NG-PLC-000662,NGP-000662,,,,DEFERRED_NO_GEOMETRY,CANONICAL_IDENTITY_CONFIRMED_BUT_NO_GOVERNED_ASSOCIABLE_GEOMETRY_EXISTS,SHARED_REFERENCE,Spatial association remains deferred until governed settlement geometry exists.
assocand:nngla:place:NG-PLC-000663,PLACE,NG-PLC-000663,NGP-000663,,,,DEFERRED_NO_GEOMETRY,CANONICAL_IDENTITY_CONFIRMED_BUT_NO_GOVERNED_ASSOCIABLE_GEOMETRY_EXISTS,SHARED_REFERENCE,Spatial association remains deferred until governed settlement geometry exists.
assocand:nngla:place:NG-PLC-000664,PLACE,NG-PLC-000664,NGP-000664,,,,DEFERRED_NO_GEOMETRY,CANONICAL_IDENTITY_CONFIRMED_BUT_NO_GOVERNED_ASSOCIABLE_GEOMETRY_EXISTS,SHARED_REFERENCE,Spatial association remains deferred until governed settlement geometry exists.
assocand:nngla:place:NG-PLC-000665,PLACE,NG-PLC-000665,NGP-000665,,,,DEFERRED_NO_GEOMETRY,CANONICAL_IDENTITY_CONFIRMED_BUT_NO_GOVERNED_ASSOCIABLE_GEOMETRY_EXISTS,SHARED_REFERENCE,Spatial association remains deferred until governed settlement geometry exists.
assocand:nngla:place:NG-PLC-000666,PLACE,NG-PLC-000666,NGP-000666,,,,DEFERRED_NO_GEOMETRY,CANONICAL_IDENTITY_CONFIRMED_BUT_NO_GOVERNED_ASSOCIABLE_GEOMETRY_EXISTS,SHARED_REFERENCE,Spatial association remains deferred until governed settlement geometry exists.
assocand:nngla:place:NG-PLC-000667,PLACE,NG-PLC-000667,NGP-000667,,,,DEFERRED_NO_GEOMETRY,CANONICAL_IDENTITY_CONFIRMED_BUT_NO_GOVERNED_ASSOCIABLE_GEOMETRY_EXISTS,SHARED_REFERENCE,Spatial association remains deferred until governed settlement geometry exists.
assocand:nngla:place:NG-PLC-000668,PLACE,NG-PLC-000668,NGP-000668,,,,DEFERRED_NO_GEOMETRY,CANONICAL_IDENTITY_CONFIRMED_BUT_NO_GOVERNED_ASSOCIABLE_GEOMETRY_EXISTS,SHARED_REFERENCE,Spatial association remains deferred until governed settlement geometry exists.
assocand:nngla:place:NG-PLC-000669,PLACE,NG-PLC-000669,NGP-000669,,,,DEFERRED_NO_GEOMETRY,CANONICAL_IDENTITY_CONFIRMED_BUT_NO_GOVERNED_ASSOCIABLE_GEOMETRY_EXISTS,SHARED_REFERENCE,Spatial association remains deferred until governed settlement geometry exists.
assocand:nngla:place:NG-PLC-000670,PLACE,NG-PLC-000670,NGP-000670,,,,DEFERRED_NO_GEOMETRY,CANONICAL_IDENTITY_CONFIRMED_BUT_NO_GOVERNED_ASSOCIABLE_GEOMETRY_EXISTS,SHARED_REFERENCE,Spatial association remains deferred until governed settlement geometry exists.
assocand:nngla:place:NG-PLC-000671,PLACE,NG-PLC-000671,NGP-000671,,,,DEFERRED_NO_GEOMETRY,CANONICAL_IDENTITY_CONFIRMED_BUT_NO_GOVERNED_ASSOCIABLE_GEOMETRY_EXISTS,SHARED_REFERENCE,Spatial association remains deferred until governed settlement geometry exists.
assocand:nngla:place:NG-PLC-000672,PLACE,NG-PLC-000672,NGP-000672,,,,DEFERRED_NO_GEOMETRY,CANONICAL_IDENTITY_CONFIRMED_BUT_NO_GOVERNED_ASSOCIABLE_GEOMETRY_EXISTS,SHARED_REFERENCE,Spatial association remains deferred until governed settlement geometry exists.
assocand:nngla:place:NG-PLC-000673,PLACE,NG-PLC-000673,NGP-000673,,,,DEFERRED_NO_GEOMETRY,CANONICAL_IDENTITY_CONFIRMED_BUT_NO_GOVERNED_ASSOCIABLE_GEOMETRY_EXISTS,SHARED_REFERENCE,Spatial association remains deferred until governed settlement geometry exists.
assocand:nngla:place:NG-PLC-000674,PLACE,NG-PLC-000674,NGP-000674,,,,DEFERRED_NO_GEOMETRY,CANONICAL_IDENTITY_CONFIRMED_BUT_NO_GOVERNED_ASSOCIABLE_GEOMETRY_EXISTS,SHARED_REFERENCE,Spatial association remains deferred until governed settlement geometry exists.
assocand:nngla:place:NG-PLC-000675,PLACE,NG-PLC-000675,NGP-000675,,,,DEFERRED_NO_GEOMETRY,CANONICAL_IDENTITY_CONFIRMED_BUT_NO_GOVERNED_ASSOCIABLE_GEOMETRY_EXISTS,SHARED_REFERENCE,Spatial association remains deferred until governed settlement geometry exists.
assocand:nngla:place:NG-PLC-000676,PLACE,NG-PLC-000676,NGP-000676,,,,DEFERRED_NO_GEOMETRY,CANONICAL_IDENTITY_CONFIRMED_BUT_NO_GOVERNED_ASSOCIABLE_GEOMETRY_EXISTS,SHARED_REFERENCE,Spatial association remains deferred until governed settlement geometry exists.
assocand:nngla:place:NG-PLC-000677,PLACE,NG-PLC-000677,NGP-000677,,,,DEFERRED_NO_GEOMETRY,CANONICAL_IDENTITY_CONFIRMED_BUT_NO_GOVERNED_ASSOCIABLE_GEOMETRY_EXISTS,SHARED_REFERENCE,Spatial association remains deferred until governed settlement geometry exists.
assocand:nngla:place:NG-PLC-000678,PLACE,NG-PLC-000678,NGP-000678,,,,DEFERRED_NO_GEOMETRY,CANONICAL_IDENTITY_CONFIRMED_BUT_NO_GOVERNED_ASSOCIABLE_GEOMETRY_EXISTS,SHARED_REFERENCE,Spatial association remains deferred until governed settlement geometry exists.
assocand:nngla:place:NG-PLC-000679,PLACE,NG-PLC-000679,NGP-000679,,,,DEFERRED_NO_GEOMETRY,CANONICAL_IDENTITY_CONFIRMED_BUT_NO_GOVERNED_ASSOCIABLE_GEOMETRY_EXISTS,SHARED_REFERENCE,Spatial association remains deferred until governed settlement geometry exists.
assocand:nngla:place:NG-PLC-000680,PLACE,NG-PLC-000680,NGP-000680,,,,DEFERRED_NO_GEOMETRY,CANONICAL_IDENTITY_CONFIRMED_BUT_NO_GOVERNED_ASSOCIABLE_GEOMETRY_EXISTS,SHARED_REFERENCE,Spatial association remains deferred until governed settlement geometry exists.
assocand:nngla:place:NG-PLC-000681,PLACE,NG-PLC-000681,NGP-000681,,,,DEFERRED_NO_GEOMETRY,CANONICAL_IDENTITY_CONFIRMED_BUT_NO_GOVERNED_ASSOCIABLE_GEOMETRY_EXISTS,SHARED_REFERENCE,Spatial association remains deferred until governed settlement geometry exists.
assocand:nngla:place:NG-PLC-000682,PLACE,NG-PLC-000682,NGP-000682,,,,DEFERRED_NO_GEOMETRY,CANONICAL_IDENTITY_CONFIRMED_BUT_NO_GOVERNED_ASSOCIABLE_GEOMETRY_EXISTS,SHARED_REFERENCE,Spatial association remains deferred until governed settlement geometry exists.
assocand:nngla:place:NG-PLC-000683,PLACE,NG-PLC-000683,NGP-000683,,,,DEFERRED_NO_GEOMETRY,CANONICAL_IDENTITY_CONFIRMED_BUT_NO_GOVERNED_ASSOCIABLE_GEOMETRY_EXISTS,SHARED_REFERENCE,Spatial association remains deferred until governed settlement geometry exists.
assocand:nngla:place:NG-PLC-000684,PLACE,NG-PLC-000684,NGP-000684,,,,DEFERRED_NO_GEOMETRY,CANONICAL_IDENTITY_CONFIRMED_BUT_NO_GOVERNED_ASSOCIABLE_GEOMETRY_EXISTS,SHARED_REFERENCE,Spatial association remains deferred until governed settlement geometry exists.
assocand:nngla:place:NG-PLC-000685,PLACE,NG-PLC-000685,NGP-000685,,,,DEFERRED_NO_GEOMETRY,CANONICAL_IDENTITY_CONFIRMED_BUT_NO_GOVERNED_ASSOCIABLE_GEOMETRY_EXISTS,SHARED_REFERENCE,Spatial association remains deferred until governed settlement geometry exists.
assocand:nngla:place:NG-PLC-000686,PLACE,NG-PLC-000686,NGP-000686,,,,DEFERRED_NO_GEOMETRY,CANONICAL_IDENTITY_CONFIRMED_BUT_NO_GOVERNED_ASSOCIABLE_GEOMETRY_EXISTS,SHARED_REFERENCE,Spatial association remains deferred until governed settlement geometry exists.
assocand:nngla:place:NG-PLC-000687,PLACE,NG-PLC-000687,NGP-000687,,,,DEFERRED_NO_GEOMETRY,CANONICAL_IDENTITY_CONFIRMED_BUT_NO_GOVERNED_ASSOCIABLE_GEOMETRY_EXISTS,SHARED_REFERENCE,Spatial association remains deferred until governed settlement geometry exists.
assocand:nngla:place:NG-PLC-000688,PLACE,NG-PLC-000688,NGP-000688,,,,DEFERRED_NO_GEOMETRY,CANONICAL_IDENTITY_CONFIRMED_BUT_NO_GOVERNED_ASSOCIABLE_GEOMETRY_EXISTS,SHARED_REFERENCE,Spatial association remains deferred until governed settlement geometry exists.
assocand:nngla:place:NG-PLC-000689,PLACE,NG-PLC-000689,NGP-000689,,,,DEFERRED_NO_GEOMETRY,CANONICAL_IDENTITY_CONFIRMED_BUT_NO_GOVERNED_ASSOCIABLE_GEOMETRY_EXISTS,SHARED_REFERENCE,Spatial association remains deferred until governed settlement geometry exists.
assocand:nngla:place:NG-PLC-000690,PLACE,NG-PLC-000690,NGP-000690,,,,DEFERRED_NO_GEOMETRY,CANONICAL_IDENTITY_CONFIRMED_BUT_NO_GOVERNED_ASSOCIABLE_GEOMETRY_EXISTS,SHARED_REFERENCE,Spatial association remains deferred until governed settlement geometry exists.
assocand:nngla:place:NG-PLC-000691,PLACE,NG-PLC-000691,NGP-000691,,,,DEFERRED_NO_GEOMETRY,CANONICAL_IDENTITY_CONFIRMED_BUT_NO_GOVERNED_ASSOCIABLE_GEOMETRY_EXISTS,SHARED_REFERENCE,Spatial association remains deferred until governed settlement geometry exists.
assocand:nngla:place:NG-PLC-000692,PLACE,NG-PLC-000692,NGP-000692,,,,DEFERRED_NO_GEOMETRY,CANONICAL_IDENTITY_CONFIRMED_BUT_NO_GOVERNED_ASSOCIABLE_GEOMETRY_EXISTS,SHARED_REFERENCE,Spatial association remains deferred until governed settlement geometry exists.
assocand:nngla:place:NG-PLC-000693,PLACE,NG-PLC-000693,NGP-000693,,,,DEFERRED_NO_GEOMETRY,CANONICAL_IDENTITY_CONFIRMED_BUT_NO_GOVERNED_ASSOCIABLE_GEOMETRY_EXISTS,SHARED_REFERENCE,Spatial association remains deferred until governed settlement geometry exists.
assocand:nngla:place:NG-PLC-000694,PLACE,NG-PLC-000694,NGP-000694,,,,DEFERRED_NO_GEOMETRY,CANONICAL_IDENTITY_CONFIRMED_BUT_NO_GOVERNED_ASSOCIABLE_GEOMETRY_EXISTS,SHARED_REFERENCE,Spatial association remains deferred until governed settlement geometry exists.
assocand:nngla:place:NG-PLC-000695,PLACE,NG-PLC-000695,NGP-000695,,,,DEFERRED_NO_GEOMETRY,CANONICAL_IDENTITY_CONFIRMED_BUT_NO_GOVERNED_ASSOCIABLE_GEOMETRY_EXISTS,SHARED_REFERENCE,Spatial association remains deferred until governed settlement geometry exists.
assocand:nngla:place:NG-PLC-000696,PLACE,NG-PLC-000696,NGP-000696,,,,DEFERRED_NO_GEOMETRY,CANONICAL_IDENTITY_CONFIRMED_BUT_NO_GOVERNED_ASSOCIABLE_GEOMETRY_EXISTS,SHARED_REFERENCE,Spatial association remains deferred until governed settlement geometry exists.
assocand:nngla:place:NG-PLC-000697,PLACE,NG-PLC-000697,NGP-000697,,,,DEFERRED_NO_GEOMETRY,CANONICAL_IDENTITY_CONFIRMED_BUT_NO_GOVERNED_ASSOCIABLE_GEOMETRY_EXISTS,SHARED_REFERENCE,Spatial association remains deferred until governed settlement geometry exists.
assocand:nngla:place:NG-PLC-000698,PLACE,NG-PLC-000698,NGP-000698,,,,DEFERRED_NO_GEOMETRY,CANONICAL_IDENTITY_CONFIRMED_BUT_NO_GOVERNED_ASSOCIABLE_GEOMETRY_EXISTS,SHARED_REFERENCE,Spatial association remains deferred until governed settlement geometry exists.
assocand:nngla:place:NG-PLC-000699,PLACE,NG-PLC-000699,NGP-000699,,,,DEFERRED_NO_GEOMETRY,CANONICAL_IDENTITY_CONFIRMED_BUT_NO_GOVERNED_ASSOCIABLE_GEOMETRY_EXISTS,SHARED_REFERENCE,Spatial association remains deferred until governed settlement geometry exists.
assocand:nngla:place:NG-PLC-000700,PLACE,NG-PLC-000700,NGP-000700,,,,DEFERRED_NO_GEOMETRY,CANONICAL_IDENTITY_CONFIRMED_BUT_NO_GOVERNED_ASSOCIABLE_GEOMETRY_EXISTS,SHARED_REFERENCE,Spatial association remains deferred until governed settlement geometry exists.
assocand:nngla:administrative_area:NG-ADM-000001,ADMINISTRATIVE_AREA,NG-ADM-000001,NGR-01,,,,DEFERRED_NO_GEOMETRY,CANONICAL_IDENTITY_CONFIRMED_BUT_NO_GOVERNED_ASSOCIABLE_GEOMETRY_EXISTS,SHARED_REFERENCE,Boundary geometry remains deferred; no polygon is fabricated from hierarchy alone.
assocand:nngla:administrative_area:NG-ADM-000002,ADMINISTRATIVE_AREA,NG-ADM-000002,NGR-02,,,,DEFERRED_NO_GEOMETRY,CANONICAL_IDENTITY_CONFIRMED_BUT_NO_GOVERNED_ASSOCIABLE_GEOMETRY_EXISTS,SHARED_REFERENCE,Boundary geometry remains deferred; no polygon is fabricated from hierarchy alone.
assocand:nngla:administrative_area:NG-ADM-000003,ADMINISTRATIVE_AREA,NG-ADM-000003,NGR-03,,,,DEFERRED_NO_GEOMETRY,CANONICAL_IDENTITY_CONFIRMED_BUT_NO_GOVERNED_ASSOCIABLE_GEOMETRY_EXISTS,SHARED_REFERENCE,Boundary geometry remains deferred; no polygon is fabricated from hierarchy alone.
assocand:nngla:administrative_area:NG-ADM-000004,ADMINISTRATIVE_AREA,NG-ADM-000004,NGR-04,,,,DEFERRED_NO_GEOMETRY,CANONICAL_IDENTITY_CONFIRMED_BUT_NO_GOVERNED_ASSOCIABLE_GEOMETRY_EXISTS,SHARED_REFERENCE,Boundary geometry remains deferred; no polygon is fabricated from hierarchy alone.
assocand:nngla:administrative_area:NG-ADM-000005,ADMINISTRATIVE_AREA,NG-ADM-000005,NGR-05,,,,DEFERRED_NO_GEOMETRY,CANONICAL_IDENTITY_CONFIRMED_BUT_NO_GOVERNED_ASSOCIABLE_GEOMETRY_EXISTS,SHARED_REFERENCE,Boundary geometry remains deferred; no polygon is fabricated from hierarchy alone.
assocand:nngla:administrative_area:NG-ADM-000006,ADMINISTRATIVE_AREA,NG-ADM-000006,NGR-06,,,,DEFERRED_NO_GEOMETRY,CANONICAL_IDENTITY_CONFIRMED_BUT_NO_GOVERNED_ASSOCIABLE_GEOMETRY_EXISTS,SHARED_REFERENCE,Boundary geometry remains deferred; no polygon is fabricated from hierarchy alone.
assocand:nngla:administrative_area:NG-ADM-000007,ADMINISTRATIVE_AREA,NG-ADM-000007,NGR-07,,,,DEFERRED_NO_GEOMETRY,CANONICAL_IDENTITY_CONFIRMED_BUT_NO_GOVERNED_ASSOCIABLE_GEOMETRY_EXISTS,SHARED_REFERENCE,Boundary geometry remains deferred; no polygon is fabricated from hierarchy alone.
assocand:nngla:administrative_area:NG-ADM-000008,ADMINISTRATIVE_AREA,NG-ADM-000008,NGR-08,,,,DEFERRED_NO_GEOMETRY,CANONICAL_IDENTITY_CONFIRMED_BUT_NO_GOVERNED_ASSOCIABLE_GEOMETRY_EXISTS,SHARED_REFERENCE,Boundary geometry remains deferred; no polygon is fabricated from hierarchy alone.
assocand:nngla:administrative_area:NG-ADM-000009,ADMINISTRATIVE_AREA,NG-ADM-000009,NGP-000001,,,,DEFERRED_NO_GEOMETRY,CANONICAL_IDENTITY_CONFIRMED_BUT_NO_GOVERNED_ASSOCIABLE_GEOMETRY_EXISTS,SHARED_REFERENCE,Boundary geometry remains deferred; no polygon is fabricated from hierarchy alone.
assocand:nngla:administrative_area:NG-ADM-000010,ADMINISTRATIVE_AREA,NG-ADM-000010,NGP-000002,,,,DEFERRED_NO_GEOMETRY,CANONICAL_IDENTITY_CONFIRMED_BUT_NO_GOVERNED_ASSOCIABLE_GEOMETRY_EXISTS,SHARED_REFERENCE,Boundary geometry remains deferred; no polygon is fabricated from hierarchy alone.
assocand:nngla:administrative_area:NG-ADM-000011,ADMINISTRATIVE_AREA,NG-ADM-000011,NGP-000003,,,,DEFERRED_NO_GEOMETRY,CANONICAL_IDENTITY_CONFIRMED_BUT_NO_GOVERNED_ASSOCIABLE_GEOMETRY_EXISTS,SHARED_REFERENCE,Boundary geometry remains deferred; no polygon is fabricated from hierarchy alone.
assocand:nngla:administrative_area:NG-ADM-000012,ADMINISTRATIVE_AREA,NG-ADM-000012,NGP-000004,,,,DEFERRED_NO_GEOMETRY,CANONICAL_IDENTITY_CONFIRMED_BUT_NO_GOVERNED_ASSOCIABLE_GEOMETRY_EXISTS,SHARED_REFERENCE,Boundary geometry remains deferred; no polygon is fabricated from hierarchy alone.
assocand:nngla:administrative_area:NG-ADM-000013,ADMINISTRATIVE_AREA,NG-ADM-000013,NGP-000005,,,,DEFERRED_NO_GEOMETRY,CANONICAL_IDENTITY_CONFIRMED_BUT_NO_GOVERNED_ASSOCIABLE_GEOMETRY_EXISTS,SHARED_REFERENCE,Boundary geometry remains deferred; no polygon is fabricated from hierarchy alone.
assocand:nngla:administrative_area:NG-ADM-000014,ADMINISTRATIVE_AREA,NG-ADM-000014,NGP-000006,,,,DEFERRED_NO_GEOMETRY,CANONICAL_IDENTITY_CONFIRMED_BUT_NO_GOVERNED_ASSOCIABLE_GEOMETRY_EXISTS,SHARED_REFERENCE,Boundary geometry remains deferred; no polygon is fabricated from hierarchy alone.
assocand:nngla:administrative_area:NG-ADM-000015,ADMINISTRATIVE_AREA,NG-ADM-000015,NGP-000007,,,,DEFERRED_NO_GEOMETRY,CANONICAL_IDENTITY_CONFIRMED_BUT_NO_GOVERNED_ASSOCIABLE_GEOMETRY_EXISTS,SHARED_REFERENCE,Boundary geometry remains deferred; no polygon is fabricated from hierarchy alone.
assocand:nngla:administrative_area:NG-ADM-000016,ADMINISTRATIVE_AREA,NG-ADM-000016,NGP-000008,,,,DEFERRED_NO_GEOMETRY,CANONICAL_IDENTITY_CONFIRMED_BUT_NO_GOVERNED_ASSOCIABLE_GEOMETRY_EXISTS,SHARED_REFERENCE,Boundary geometry remains deferred; no polygon is fabricated from hierarchy alone.
assocand:nngla:administrative_area:NG-ADM-000017,ADMINISTRATIVE_AREA,NG-ADM-000017,NGP-000009,,,,DEFERRED_NO_GEOMETRY,CANONICAL_IDENTITY_CONFIRMED_BUT_NO_GOVERNED_ASSOCIABLE_GEOMETRY_EXISTS,SHARED_REFERENCE,Boundary geometry remains deferred; no polygon is fabricated from hierarchy alone.
assocand:nngla:administrative_area:NG-ADM-000018,ADMINISTRATIVE_AREA,NG-ADM-000018,NGP-000010,,,,DEFERRED_NO_GEOMETRY,CANONICAL_IDENTITY_CONFIRMED_BUT_NO_GOVERNED_ASSOCIABLE_GEOMETRY_EXISTS,SHARED_REFERENCE,Boundary geometry remains deferred; no polygon is fabricated from hierarchy alone.
assocand:nngla:administrative_area:NG-ADM-000019,ADMINISTRATIVE_AREA,NG-ADM-000019,NGP-000011,,,,DEFERRED_NO_GEOMETRY,CANONICAL_IDENTITY_CONFIRMED_BUT_NO_GOVERNED_ASSOCIABLE_GEOMETRY_EXISTS,SHARED_REFERENCE,Boundary geometry remains deferred; no polygon is fabricated from hierarchy alone.
assocand:nngla:administrative_area:NG-ADM-000020,ADMINISTRATIVE_AREA,NG-ADM-000020,NGP-000012,,,,DEFERRED_NO_GEOMETRY,CANONICAL_IDENTITY_CONFIRMED_BUT_NO_GOVERNED_ASSOCIABLE_GEOMETRY_EXISTS,SHARED_REFERENCE,Boundary geometry remains deferred; no polygon is fabricated from hierarchy alone.
assocand:nngla:administrative_area:NG-ADM-000021,ADMINISTRATIVE_AREA,NG-ADM-000021,NGP-000040,,,,DEFERRED_NO_GEOMETRY,CANONICAL_IDENTITY_CONFIRMED_BUT_NO_GOVERNED_ASSOCIABLE_GEOMETRY_EXISTS,SHARED_REFERENCE,Boundary geometry remains deferred; no polygon is fabricated from hierarchy alone.
assocand:nngla:administrative_area:NG-ADM-000022,ADMINISTRATIVE_AREA,NG-ADM-000022,NGP-000041,,,,DEFERRED_NO_GEOMETRY,CANONICAL_IDENTITY_CONFIRMED_BUT_NO_GOVERNED_ASSOCIABLE_GEOMETRY_EXISTS,SHARED_REFERENCE,Boundary geometry remains deferred; no polygon is fabricated from hierarchy alone.
assocand:nngla:administrative_area:NG-ADM-000023,ADMINISTRATIVE_AREA,NG-ADM-000023,NGP-000042,,,,DEFERRED_NO_GEOMETRY,CANONICAL_IDENTITY_CONFIRMED_BUT_NO_GOVERNED_ASSOCIABLE_GEOMETRY_EXISTS,SHARED_REFERENCE,Boundary geometry remains deferred; no polygon is fabricated from hierarchy alone.
assocand:nngla:administrative_area:NG-ADM-000024,ADMINISTRATIVE_AREA,NG-ADM-000024,NGP-000043,,,,DEFERRED_NO_GEOMETRY,CANONICAL_IDENTITY_CONFIRMED_BUT_NO_GOVERNED_ASSOCIABLE_GEOMETRY_EXISTS,SHARED_REFERENCE,Boundary geometry remains deferred; no polygon is fabricated from hierarchy alone.
assocand:nngla:administrative_area:NG-ADM-000025,ADMINISTRATIVE_AREA,NG-ADM-000025,NGP-000044,,,,DEFERRED_NO_GEOMETRY,CANONICAL_IDENTITY_CONFIRMED_BUT_NO_GOVERNED_ASSOCIABLE_GEOMETRY_EXISTS,SHARED_REFERENCE,Boundary geometry remains deferred; no polygon is fabricated from hierarchy alone.
assocand:nngla:administrative_area:NG-ADM-000026,ADMINISTRATIVE_AREA,NG-ADM-000026,NGP-000045,,,,DEFERRED_NO_GEOMETRY,CANONICAL_IDENTITY_CONFIRMED_BUT_NO_GOVERNED_ASSOCIABLE_GEOMETRY_EXISTS,SHARED_REFERENCE,Boundary geometry remains deferred; no polygon is fabricated from hierarchy alone.
assocand:nngla:administrative_area:NG-ADM-000027,ADMINISTRATIVE_AREA,NG-ADM-000027,NGP-000046,,,,DEFERRED_NO_GEOMETRY,CANONICAL_IDENTITY_CONFIRMED_BUT_NO_GOVERNED_ASSOCIABLE_GEOMETRY_EXISTS,SHARED_REFERENCE,Boundary geometry remains deferred; no polygon is fabricated from hierarchy alone.
assocand:nngla:administrative_area:NG-ADM-000028,ADMINISTRATIVE_AREA,NG-ADM-000028,NGP-000047,,,,DEFERRED_NO_GEOMETRY,CANONICAL_IDENTITY_CONFIRMED_BUT_NO_GOVERNED_ASSOCIABLE_GEOMETRY_EXISTS,SHARED_REFERENCE,Boundary geometry remains deferred; no polygon is fabricated from hierarchy alone.
assocand:nngla:administrative_area:NG-ADM-000029,ADMINISTRATIVE_AREA,NG-ADM-000029,NGP-000048,,,,DEFERRED_NO_GEOMETRY,CANONICAL_IDENTITY_CONFIRMED_BUT_NO_GOVERNED_ASSOCIABLE_GEOMETRY_EXISTS,SHARED_REFERENCE,Boundary geometry remains deferred; no polygon is fabricated from hierarchy alone.
assocand:nngla:administrative_area:NG-ADM-000030,ADMINISTRATIVE_AREA,NG-ADM-000030,NGP-000084,,,,DEFERRED_NO_GEOMETRY,CANONICAL_IDENTITY_CONFIRMED_BUT_NO_GOVERNED_ASSOCIABLE_GEOMETRY_EXISTS,SHARED_REFERENCE,Boundary geometry remains deferred; no polygon is fabricated from hierarchy alone.
assocand:nngla:administrative_area:NG-ADM-000031,ADMINISTRATIVE_AREA,NG-ADM-000031,NGP-000085,,,,DEFERRED_NO_GEOMETRY,CANONICAL_IDENTITY_CONFIRMED_BUT_NO_GOVERNED_ASSOCIABLE_GEOMETRY_EXISTS,SHARED_REFERENCE,Boundary geometry remains deferred; no polygon is fabricated from hierarchy alone.
assocand:nngla:administrative_area:NG-ADM-000032,ADMINISTRATIVE_AREA,NG-ADM-000032,NGP-000086,,,,DEFERRED_NO_GEOMETRY,CANONICAL_IDENTITY_CONFIRMED_BUT_NO_GOVERNED_ASSOCIABLE_GEOMETRY_EXISTS,SHARED_REFERENCE,Boundary geometry remains deferred; no polygon is fabricated from hierarchy alone.
assocand:nngla:administrative_area:NG-ADM-000033,ADMINISTRATIVE_AREA,NG-ADM-000033,NGP-000087,,,,DEFERRED_NO_GEOMETRY,CANONICAL_IDENTITY_CONFIRMED_BUT_NO_GOVERNED_ASSOCIABLE_GEOMETRY_EXISTS,SHARED_REFERENCE,Boundary geometry remains deferred; no polygon is fabricated from hierarchy alone.
assocand:nngla:administrative_area:NG-ADM-000034,ADMINISTRATIVE_AREA,NG-ADM-000034,NGP-000088,,,,DEFERRED_NO_GEOMETRY,CANONICAL_IDENTITY_CONFIRMED_BUT_NO_GOVERNED_ASSOCIABLE_GEOMETRY_EXISTS,SHARED_REFERENCE,Boundary geometry remains deferred; no polygon is fabricated from hierarchy alone.
assocand:nngla:administrative_area:NG-ADM-000035,ADMINISTRATIVE_AREA,NG-ADM-000035,NGP-000089,,,,DEFERRED_NO_GEOMETRY,CANONICAL_IDENTITY_CONFIRMED_BUT_NO_GOVERNED_ASSOCIABLE_GEOMETRY_EXISTS,SHARED_REFERENCE,Boundary geometry remains deferred; no polygon is fabricated from hierarchy alone.
assocand:nngla:administrative_area:NG-ADM-000036,ADMINISTRATIVE_AREA,NG-ADM-000036,NGP-000090,,,,DEFERRED_NO_GEOMETRY,CANONICAL_IDENTITY_CONFIRMED_BUT_NO_GOVERNED_ASSOCIABLE_GEOMETRY_EXISTS,SHARED_REFERENCE,Boundary geometry remains deferred; no polygon is fabricated from hierarchy alone.
assocand:nngla:administrative_area:NG-ADM-000037,ADMINISTRATIVE_AREA,NG-ADM-000037,NGP-000091,,,,DEFERRED_NO_GEOMETRY,CANONICAL_IDENTITY_CONFIRMED_BUT_NO_GOVERNED_ASSOCIABLE_GEOMETRY_EXISTS,SHARED_REFERENCE,Boundary geometry remains deferred; no polygon is fabricated from hierarchy alone.
assocand:nngla:administrative_area:NG-ADM-000038,ADMINISTRATIVE_AREA,NG-ADM-000038,NGP-000092,,,,DEFERRED_NO_GEOMETRY,CANONICAL_IDENTITY_CONFIRMED_BUT_NO_GOVERNED_ASSOCIABLE_GEOMETRY_EXISTS,SHARED_REFERENCE,Boundary geometry remains deferred; no polygon is fabricated from hierarchy alone.
assocand:nngla:administrative_area:NG-ADM-000039,ADMINISTRATIVE_AREA,NG-ADM-000039,NGP-000093,,,,DEFERRED_NO_GEOMETRY,CANONICAL_IDENTITY_CONFIRMED_BUT_NO_GOVERNED_ASSOCIABLE_GEOMETRY_EXISTS,SHARED_REFERENCE,Boundary geometry remains deferred; no polygon is fabricated from hierarchy alone.
assocand:nngla:administrative_area:NG-ADM-000040,ADMINISTRATIVE_AREA,NG-ADM-000040,NGP-000094,,,,DEFERRED_NO_GEOMETRY,CANONICAL_IDENTITY_CONFIRMED_BUT_NO_GOVERNED_ASSOCIABLE_GEOMETRY_EXISTS,SHARED_REFERENCE,Boundary geometry remains deferred; no polygon is fabricated from hierarchy alone.
assocand:nngla:administrative_area:NG-ADM-000041,ADMINISTRATIVE_AREA,NG-ADM-000041,NGP-000095,,,,DEFERRED_NO_GEOMETRY,CANONICAL_IDENTITY_CONFIRMED_BUT_NO_GOVERNED_ASSOCIABLE_GEOMETRY_EXISTS,SHARED_REFERENCE,Boundary geometry remains deferred; no polygon is fabricated from hierarchy alone.
assocand:nngla:administrative_area:NG-ADM-000042,ADMINISTRATIVE_AREA,NG-ADM-000042,NGP-000096,,,,DEFERRED_NO_GEOMETRY,CANONICAL_IDENTITY_CONFIRMED_BUT_NO_GOVERNED_ASSOCIABLE_GEOMETRY_EXISTS,SHARED_REFERENCE,Boundary geometry remains deferred; no polygon is fabricated from hierarchy alone.
assocand:nngla:administrative_area:NG-ADM-000043,ADMINISTRATIVE_AREA,NG-ADM-000043,NGP-000097,,,,DEFERRED_NO_GEOMETRY,CANONICAL_IDENTITY_CONFIRMED_BUT_NO_GOVERNED_ASSOCIABLE_GEOMETRY_EXISTS,SHARED_REFERENCE,Boundary geometry remains deferred; no polygon is fabricated from hierarchy alone.
assocand:nngla:administrative_area:NG-ADM-000044,ADMINISTRATIVE_AREA,NG-ADM-000044,NGP-000125,,,,DEFERRED_NO_GEOMETRY,CANONICAL_IDENTITY_CONFIRMED_BUT_NO_GOVERNED_ASSOCIABLE_GEOMETRY_EXISTS,SHARED_REFERENCE,Boundary geometry remains deferred; no polygon is fabricated from hierarchy alone.
assocand:nngla:administrative_area:NG-ADM-000045,ADMINISTRATIVE_AREA,NG-ADM-000045,NGP-000126,,,,DEFERRED_NO_GEOMETRY,CANONICAL_IDENTITY_CONFIRMED_BUT_NO_GOVERNED_ASSOCIABLE_GEOMETRY_EXISTS,SHARED_REFERENCE,Boundary geometry remains deferred; no polygon is fabricated from hierarchy alone.
assocand:nngla:administrative_area:NG-ADM-000046,ADMINISTRATIVE_AREA,NG-ADM-000046,NGP-000127,,,,DEFERRED_NO_GEOMETRY,CANONICAL_IDENTITY_CONFIRMED_BUT_NO_GOVERNED_ASSOCIABLE_GEOMETRY_EXISTS,SHARED_REFERENCE,Boundary geometry remains deferred; no polygon is fabricated from hierarchy alone.
assocand:nngla:administrative_area:NG-ADM-000047,ADMINISTRATIVE_AREA,NG-ADM-000047,NGP-000128,,,,DEFERRED_NO_GEOMETRY,CANONICAL_IDENTITY_CONFIRMED_BUT_NO_GOVERNED_ASSOCIABLE_GEOMETRY_EXISTS,SHARED_REFERENCE,Boundary geometry remains deferred; no polygon is fabricated from hierarchy alone.
assocand:nngla:administrative_area:NG-ADM-000048,ADMINISTRATIVE_AREA,NG-ADM-000048,NGP-000129,,,,DEFERRED_NO_GEOMETRY,CANONICAL_IDENTITY_CONFIRMED_BUT_NO_GOVERNED_ASSOCIABLE_GEOMETRY_EXISTS,SHARED_REFERENCE,Boundary geometry remains deferred; no polygon is fabricated from hierarchy alone.
assocand:nngla:administrative_area:NG-ADM-000049,ADMINISTRATIVE_AREA,NG-ADM-000049,NGP-000130,,,,DEFERRED_NO_GEOMETRY,CANONICAL_IDENTITY_CONFIRMED_BUT_NO_GOVERNED_ASSOCIABLE_GEOMETRY_EXISTS,SHARED_REFERENCE,Boundary geometry remains deferred; no polygon is fabricated from hierarchy alone.
assocand:nngla:administrative_area:NG-ADM-000050,ADMINISTRATIVE_AREA,NG-ADM-000050,NGP-000131,,,,DEFERRED_NO_GEOMETRY,CANONICAL_IDENTITY_CONFIRMED_BUT_NO_GOVERNED_ASSOCIABLE_GEOMETRY_EXISTS,SHARED_REFERENCE,Boundary geometry remains deferred; no polygon is fabricated from hierarchy alone.
assocand:nngla:administrative_area:NG-ADM-000051,ADMINISTRATIVE_AREA,NG-ADM-000051,NGP-000132,,,,DEFERRED_NO_GEOMETRY,CANONICAL_IDENTITY_CONFIRMED_BUT_NO_GOVERNED_ASSOCIABLE_GEOMETRY_EXISTS,SHARED_REFERENCE,Boundary geometry remains deferred; no polygon is fabricated from hierarchy alone.
assocand:nngla:administrative_area:NG-ADM-000052,ADMINISTRATIVE_AREA,NG-ADM-000052,NGP-000133,,,,DEFERRED_NO_GEOMETRY,CANONICAL_IDENTITY_CONFIRMED_BUT_NO_GOVERNED_ASSOCIABLE_GEOMETRY_EXISTS,SHARED_REFERENCE,Boundary geometry remains deferred; no polygon is fabricated from hierarchy alone.
assocand:nngla:administrative_area:NG-ADM-000053,ADMINISTRATIVE_AREA,NG-ADM-000053,NGP-000169,,,,DEFERRED_NO_GEOMETRY,CANONICAL_IDENTITY_CONFIRMED_BUT_NO_GOVERNED_ASSOCIABLE_GEOMETRY_EXISTS,SHARED_REFERENCE,Boundary geometry remains deferred; no polygon is fabricated from hierarchy alone.
assocand:nngla:administrative_area:NG-ADM-000054,ADMINISTRATIVE_AREA,NG-ADM-000054,NGP-000170,,,,DEFERRED_NO_GEOMETRY,CANONICAL_IDENTITY_CONFIRMED_BUT_NO_GOVERNED_ASSOCIABLE_GEOMETRY_EXISTS,SHARED_REFERENCE,Boundary geometry remains deferred; no polygon is fabricated from hierarchy alone.
assocand:nngla:administrative_area:NG-ADM-000055,ADMINISTRATIVE_AREA,NG-ADM-000055,NGP-000173,,,,DEFERRED_NO_GEOMETRY,CANONICAL_IDENTITY_CONFIRMED_BUT_NO_GOVERNED_ASSOCIABLE_GEOMETRY_EXISTS,SHARED_REFERENCE,Boundary geometry remains deferred; no polygon is fabricated from hierarchy alone.
assocand:nngla:administrative_area:NG-ADM-000056,ADMINISTRATIVE_AREA,NG-ADM-000056,NGP-000174,,,,DEFERRED_NO_GEOMETRY,CANONICAL_IDENTITY_CONFIRMED_BUT_NO_GOVERNED_ASSOCIABLE_GEOMETRY_EXISTS,SHARED_REFERENCE,Boundary geometry remains deferred; no polygon is fabricated from hierarchy alone.
assocand:nngla:administrative_area:NG-ADM-000057,ADMINISTRATIVE_AREA,NG-ADM-000057,NGP-000175,,,,DEFERRED_NO_GEOMETRY,CANONICAL_IDENTITY_CONFIRMED_BUT_NO_GOVERNED_ASSOCIABLE_GEOMETRY_EXISTS,SHARED_REFERENCE,Boundary geometry remains deferred; no polygon is fabricated from hierarchy alone.
assocand:nngla:administrative_area:NG-ADM-000058,ADMINISTRATIVE_AREA,NG-ADM-000058,NGP-000176,,,,DEFERRED_NO_GEOMETRY,CANONICAL_IDENTITY_CONFIRMED_BUT_NO_GOVERNED_ASSOCIABLE_GEOMETRY_EXISTS,SHARED_REFERENCE,Boundary geometry remains deferred; no polygon is fabricated from hierarchy alone.
assocand:nngla:administrative_area:NG-ADM-000059,ADMINISTRATIVE_AREA,NG-ADM-000059,NGP-000177,,,,DEFERRED_NO_GEOMETRY,CANONICAL_IDENTITY_CONFIRMED_BUT_NO_GOVERNED_ASSOCIABLE_GEOMETRY_EXISTS,SHARED_REFERENCE,Boundary geometry remains deferred; no polygon is fabricated from hierarchy alone.
assocand:nngla:administrative_area:NG-ADM-000060,ADMINISTRATIVE_AREA,NG-ADM-000060,NGP-000178,,,,DEFERRED_NO_GEOMETRY,CANONICAL_IDENTITY_CONFIRMED_BUT_NO_GOVERNED_ASSOCIABLE_GEOMETRY_EXISTS,SHARED_REFERENCE,Boundary geometry remains deferred; no polygon is fabricated from hierarchy alone.
assocand:nngla:administrative_area:NG-ADM-000061,ADMINISTRATIVE_AREA,NG-ADM-000061,NGP-000179,,,,DEFERRED_NO_GEOMETRY,CANONICAL_IDENTITY_CONFIRMED_BUT_NO_GOVERNED_ASSOCIABLE_GEOMETRY_EXISTS,SHARED_REFERENCE,Boundary geometry remains deferred; no polygon is fabricated from hierarchy alone.
assocand:nngla:administrative_area:NG-ADM-000062,ADMINISTRATIVE_AREA,NG-ADM-000062,NGP-000180,,,,DEFERRED_NO_GEOMETRY,CANONICAL_IDENTITY_CONFIRMED_BUT_NO_GOVERNED_ASSOCIABLE_GEOMETRY_EXISTS,SHARED_REFERENCE,Boundary geometry remains deferred; no polygon is fabricated from hierarchy alone.
assocand:nngla:administrative_area:NG-ADM-000063,ADMINISTRATIVE_AREA,NG-ADM-000063,NGP-000181,,,,DEFERRED_NO_GEOMETRY,CANONICAL_IDENTITY_CONFIRMED_BUT_NO_GOVERNED_ASSOCIABLE_GEOMETRY_EXISTS,SHARED_REFERENCE,Boundary geometry remains deferred; no polygon is fabricated from hierarchy alone.
assocand:nngla:administrative_area:NG-ADM-000064,ADMINISTRATIVE_AREA,NG-ADM-000064,NGP-000182,,,,DEFERRED_NO_GEOMETRY,CANONICAL_IDENTITY_CONFIRMED_BUT_NO_GOVERNED_ASSOCIABLE_GEOMETRY_EXISTS,SHARED_REFERENCE,Boundary geometry remains deferred; no polygon is fabricated from hierarchy alone.
assocand:nngla:administrative_area:NG-ADM-000065,ADMINISTRATIVE_AREA,NG-ADM-000065,NGP-000183,,,,DEFERRED_NO_GEOMETRY,CANONICAL_IDENTITY_CONFIRMED_BUT_NO_GOVERNED_ASSOCIABLE_GEOMETRY_EXISTS,SHARED_REFERENCE,Boundary geometry remains deferred; no polygon is fabricated from hierarchy alone.
assocand:nngla:administrative_area:NG-ADM-000066,ADMINISTRATIVE_AREA,NG-ADM-000066,NGP-000184,,,,DEFERRED_NO_GEOMETRY,CANONICAL_IDENTITY_CONFIRMED_BUT_NO_GOVERNED_ASSOCIABLE_GEOMETRY_EXISTS,SHARED_REFERENCE,Boundary geometry remains deferred; no polygon is fabricated from hierarchy alone.
assocand:nngla:administrative_area:NG-ADM-000067,ADMINISTRATIVE_AREA,NG-ADM-000067,NGP-000212,,,,DEFERRED_NO_GEOMETRY,CANONICAL_IDENTITY_CONFIRMED_BUT_NO_GOVERNED_ASSOCIABLE_GEOMETRY_EXISTS,SHARED_REFERENCE,Boundary geometry remains deferred; no polygon is fabricated from hierarchy alone.
assocand:nngla:administrative_area:NG-ADM-000068,ADMINISTRATIVE_AREA,NG-ADM-000068,NGP-000213,,,,DEFERRED_NO_GEOMETRY,CANONICAL_IDENTITY_CONFIRMED_BUT_NO_GOVERNED_ASSOCIABLE_GEOMETRY_EXISTS,SHARED_REFERENCE,Boundary geometry remains deferred; no polygon is fabricated from hierarchy alone.
assocand:nngla:administrative_area:NG-ADM-000069,ADMINISTRATIVE_AREA,NG-ADM-000069,NGP-000214,,,,DEFERRED_NO_GEOMETRY,CANONICAL_IDENTITY_CONFIRMED_BUT_NO_GOVERNED_ASSOCIABLE_GEOMETRY_EXISTS,SHARED_REFERENCE,Boundary geometry remains deferred; no polygon is fabricated from hierarchy alone.
assocand:nngla:administrative_area:NG-ADM-000070,ADMINISTRATIVE_AREA,NG-ADM-000070,NGP-000215,,,,DEFERRED_NO_GEOMETRY,CANONICAL_IDENTITY_CONFIRMED_BUT_NO_GOVERNED_ASSOCIABLE_GEOMETRY_EXISTS,SHARED_REFERENCE,Boundary geometry remains deferred; no polygon is fabricated from hierarchy alone.
assocand:nngla:administrative_area:NG-ADM-000071,ADMINISTRATIVE_AREA,NG-ADM-000071,NGP-000216,,,,DEFERRED_NO_GEOMETRY,CANONICAL_IDENTITY_CONFIRMED_BUT_NO_GOVERNED_ASSOCIABLE_GEOMETRY_EXISTS,SHARED_REFERENCE,Boundary geometry remains deferred; no polygon is fabricated from hierarchy alone.
assocand:nngla:administrative_area:NG-ADM-000072,ADMINISTRATIVE_AREA,NG-ADM-000072,NGP-000217,,,,DEFERRED_NO_GEOMETRY,CANONICAL_IDENTITY_CONFIRMED_BUT_NO_GOVERNED_ASSOCIABLE_GEOMETRY_EXISTS,SHARED_REFERENCE,Boundary geometry remains deferred; no polygon is fabricated from hierarchy alone.
assocand:nngla:administrative_area:NG-ADM-000073,ADMINISTRATIVE_AREA,NG-ADM-000073,NGP-000218,,,,DEFERRED_NO_GEOMETRY,CANONICAL_IDENTITY_CONFIRMED_BUT_NO_GOVERNED_ASSOCIABLE_GEOMETRY_EXISTS,SHARED_REFERENCE,Boundary geometry remains deferred; no polygon is fabricated from hierarchy alone.
assocand:nngla:administrative_area:NG-ADM-000074,ADMINISTRATIVE_AREA,NG-ADM-000074,NGP-000219,,,,DEFERRED_NO_GEOMETRY,CANONICAL_IDENTITY_CONFIRMED_BUT_NO_GOVERNED_ASSOCIABLE_GEOMETRY_EXISTS,SHARED_REFERENCE,Boundary geometry remains deferred; no polygon is fabricated from hierarchy alone.
assocand:nngla:administrative_area:NG-ADM-000075,ADMINISTRATIVE_AREA,NG-ADM-000075,NGP-000220,,,,DEFERRED_NO_GEOMETRY,CANONICAL_IDENTITY_CONFIRMED_BUT_NO_GOVERNED_ASSOCIABLE_GEOMETRY_EXISTS,SHARED_REFERENCE,Boundary geometry remains deferred; no polygon is fabricated from hierarchy alone.
assocand:nngla:administrative_area:NG-ADM-000076,ADMINISTRATIVE_AREA,NG-ADM-000076,NGP-000256,,,,DEFERRED_NO_GEOMETRY,CANONICAL_IDENTITY_CONFIRMED_BUT_NO_GOVERNED_ASSOCIABLE_GEOMETRY_EXISTS,SHARED_REFERENCE,Boundary geometry remains deferred; no polygon is fabricated from hierarchy alone.
assocand:nngla:administrative_area:NG-ADM-000077,ADMINISTRATIVE_AREA,NG-ADM-000077,NGP-000257,,,,DEFERRED_NO_GEOMETRY,CANONICAL_IDENTITY_CONFIRMED_BUT_NO_GOVERNED_ASSOCIABLE_GEOMETRY_EXISTS,SHARED_REFERENCE,Boundary geometry remains deferred; no polygon is fabricated from hierarchy alone.
assocand:nngla:administrative_area:NG-ADM-000078,ADMINISTRATIVE_AREA,NG-ADM-000078,NGP-000258,,,,DEFERRED_NO_GEOMETRY,CANONICAL_IDENTITY_CONFIRMED_BUT_NO_GOVERNED_ASSOCIABLE_GEOMETRY_EXISTS,SHARED_REFERENCE,Boundary geometry remains deferred; no polygon is fabricated from hierarchy alone.
assocand:nngla:administrative_area:NG-ADM-000079,ADMINISTRATIVE_AREA,NG-ADM-000079,NGP-000259,,,,DEFERRED_NO_GEOMETRY,CANONICAL_IDENTITY_CONFIRMED_BUT_NO_GOVERNED_ASSOCIABLE_GEOMETRY_EXISTS,SHARED_REFERENCE,Boundary geometry remains deferred; no polygon is fabricated from hierarchy alone.
assocand:nngla:administrative_area:NG-ADM-000080,ADMINISTRATIVE_AREA,NG-ADM-000080,NGP-000260,,,,DEFERRED_NO_GEOMETRY,CANONICAL_IDENTITY_CONFIRMED_BUT_NO_GOVERNED_ASSOCIABLE_GEOMETRY_EXISTS,SHARED_REFERENCE,Boundary geometry remains deferred; no polygon is fabricated from hierarchy alone.
assocand:nngla:administrative_area:NG-ADM-000081,ADMINISTRATIVE_AREA,NG-ADM-000081,NGP-000261,,,,DEFERRED_NO_GEOMETRY,CANONICAL_IDENTITY_CONFIRMED_BUT_NO_GOVERNED_ASSOCIABLE_GEOMETRY_EXISTS,SHARED_REFERENCE,Boundary geometry remains deferred; no polygon is fabricated from hierarchy alone.
assocand:nngla:administrative_area:NG-ADM-000082,ADMINISTRATIVE_AREA,NG-ADM-000082,NGP-000262,,,,DEFERRED_NO_GEOMETRY,CANONICAL_IDENTITY_CONFIRMED_BUT_NO_GOVERNED_ASSOCIABLE_GEOMETRY_EXISTS,SHARED_REFERENCE,Boundary geometry remains deferred; no polygon is fabricated from hierarchy alone.
assocand:nngla:administrative_area:NG-ADM-000083,ADMINISTRATIVE_AREA,NG-ADM-000083,NGP-000263,,,,DEFERRED_NO_GEOMETRY,CANONICAL_IDENTITY_CONFIRMED_BUT_NO_GOVERNED_ASSOCIABLE_GEOMETRY_EXISTS,SHARED_REFERENCE,Boundary geometry remains deferred; no polygon is fabricated from hierarchy alone.
assocand:nngla:administrative_area:NG-ADM-000084,ADMINISTRATIVE_AREA,NG-ADM-000084,NGP-000264,,,,DEFERRED_NO_GEOMETRY,CANONICAL_IDENTITY_CONFIRMED_BUT_NO_GOVERNED_ASSOCIABLE_GEOMETRY_EXISTS,SHARED_REFERENCE,Boundary geometry remains deferred; no polygon is fabricated from hierarchy alone.
assocand:nngla:administrative_area:NG-ADM-000085,ADMINISTRATIVE_AREA,NG-ADM-000085,NGP-000265,,,,DEFERRED_NO_GEOMETRY,CANONICAL_IDENTITY_CONFIRMED_BUT_NO_GOVERNED_ASSOCIABLE_GEOMETRY_EXISTS,SHARED_REFERENCE,Boundary geometry remains deferred; no polygon is fabricated from hierarchy alone.
assocand:nngla:administrative_area:NG-ADM-000086,ADMINISTRATIVE_AREA,NG-ADM-000086,NGP-000266,,,,DEFERRED_NO_GEOMETRY,CANONICAL_IDENTITY_CONFIRMED_BUT_NO_GOVERNED_ASSOCIABLE_GEOMETRY_EXISTS,SHARED_REFERENCE,Boundary geometry remains deferred; no polygon is fabricated from hierarchy alone.
assocand:nngla:administrative_area:NG-ADM-000087,ADMINISTRATIVE_AREA,NG-ADM-000087,NGP-000267,,,,DEFERRED_NO_GEOMETRY,CANONICAL_IDENTITY_CONFIRMED_BUT_NO_GOVERNED_ASSOCIABLE_GEOMETRY_EXISTS,SHARED_REFERENCE,Boundary geometry remains deferred; no polygon is fabricated from hierarchy alone.
assocand:nngla:administrative_area:NG-ADM-000088,ADMINISTRATIVE_AREA,NG-ADM-000088,NGP-000268,,,,DEFERRED_NO_GEOMETRY,CANONICAL_IDENTITY_CONFIRMED_BUT_NO_GOVERNED_ASSOCIABLE_GEOMETRY_EXISTS,SHARED_REFERENCE,Boundary geometry remains deferred; no polygon is fabricated from hierarchy alone.
assocand:nngla:administrative_area:NG-ADM-000089,ADMINISTRATIVE_AREA,NG-ADM-000089,NGP-000269,,,,DEFERRED_NO_GEOMETRY,CANONICAL_IDENTITY_CONFIRMED_BUT_NO_GOVERNED_ASSOCIABLE_GEOMETRY_EXISTS,SHARED_REFERENCE,Boundary geometry remains deferred; no polygon is fabricated from hierarchy alone.
assocand:nngla:administrative_area:NG-ADM-000090,ADMINISTRATIVE_AREA,NG-ADM-000090,NGP-000297,,,,DEFERRED_NO_GEOMETRY,CANONICAL_IDENTITY_CONFIRMED_BUT_NO_GOVERNED_ASSOCIABLE_GEOMETRY_EXISTS,SHARED_REFERENCE,Boundary geometry remains deferred; no polygon is fabricated from hierarchy alone.
assocand:nngla:administrative_area:NG-ADM-000091,ADMINISTRATIVE_AREA,NG-ADM-000091,NGP-000298,,,,DEFERRED_NO_GEOMETRY,CANONICAL_IDENTITY_CONFIRMED_BUT_NO_GOVERNED_ASSOCIABLE_GEOMETRY_EXISTS,SHARED_REFERENCE,Boundary geometry remains deferred; no polygon is fabricated from hierarchy alone.
assocand:nngla:administrative_area:NG-ADM-000092,ADMINISTRATIVE_AREA,NG-ADM-000092,NGP-000299,,,,DEFERRED_NO_GEOMETRY,CANONICAL_IDENTITY_CONFIRMED_BUT_NO_GOVERNED_ASSOCIABLE_GEOMETRY_EXISTS,SHARED_REFERENCE,Boundary geometry remains deferred; no polygon is fabricated from hierarchy alone.
assocand:nngla:administrative_area:NG-ADM-000093,ADMINISTRATIVE_AREA,NG-ADM-000093,NGP-000300,,,,DEFERRED_NO_GEOMETRY,CANONICAL_IDENTITY_CONFIRMED_BUT_NO_GOVERNED_ASSOCIABLE_GEOMETRY_EXISTS,SHARED_REFERENCE,Boundary geometry remains deferred; no polygon is fabricated from hierarchy alone.
assocand:nngla:administrative_area:NG-ADM-000094,ADMINISTRATIVE_AREA,NG-ADM-000094,NGP-000301,,,,DEFERRED_NO_GEOMETRY,CANONICAL_IDENTITY_CONFIRMED_BUT_NO_GOVERNED_ASSOCIABLE_GEOMETRY_EXISTS,SHARED_REFERENCE,Boundary geometry remains deferred; no polygon is fabricated from hierarchy alone.
assocand:nngla:administrative_area:NG-ADM-000095,ADMINISTRATIVE_AREA,NG-ADM-000095,NGP-000302,,,,DEFERRED_NO_GEOMETRY,CANONICAL_IDENTITY_CONFIRMED_BUT_NO_GOVERNED_ASSOCIABLE_GEOMETRY_EXISTS,SHARED_REFERENCE,Boundary geometry remains deferred; no polygon is fabricated from hierarchy alone.
assocand:nngla:administrative_area:NG-ADM-000096,ADMINISTRATIVE_AREA,NG-ADM-000096,NGP-000303,,,,DEFERRED_NO_GEOMETRY,CANONICAL_IDENTITY_CONFIRMED_BUT_NO_GOVERNED_ASSOCIABLE_GEOMETRY_EXISTS,SHARED_REFERENCE,Boundary geometry remains deferred; no polygon is fabricated from hierarchy alone.
assocand:nngla:administrative_area:NG-ADM-000097,ADMINISTRATIVE_AREA,NG-ADM-000097,NGP-000304,,,,DEFERRED_NO_GEOMETRY,CANONICAL_IDENTITY_CONFIRMED_BUT_NO_GOVERNED_ASSOCIABLE_GEOMETRY_EXISTS,SHARED_REFERENCE,Boundary geometry remains deferred; no polygon is fabricated from hierarchy alone.
assocand:nngla:administrative_area:NG-ADM-000098,ADMINISTRATIVE_AREA,NG-ADM-000098,NGP-000305,,,,DEFERRED_NO_GEOMETRY,CANONICAL_IDENTITY_CONFIRMED_BUT_NO_GOVERNED_ASSOCIABLE_GEOMETRY_EXISTS,SHARED_REFERENCE,Boundary geometry remains deferred; no polygon is fabricated from hierarchy alone.
assocand:nngla:administrative_area:NG-ADM-000099,ADMINISTRATIVE_AREA,NG-ADM-000099,NGP-000341,,,,DEFERRED_NO_GEOMETRY,CANONICAL_IDENTITY_CONFIRMED_BUT_NO_GOVERNED_ASSOCIABLE_GEOMETRY_EXISTS,SHARED_REFERENCE,Boundary geometry remains deferred; no polygon is fabricated from hierarchy alone.
assocand:nngla:administrative_area:NG-ADM-000100,ADMINISTRATIVE_AREA,NG-ADM-000100,NGP-000342,,,,DEFERRED_NO_GEOMETRY,CANONICAL_IDENTITY_CONFIRMED_BUT_NO_GOVERNED_ASSOCIABLE_GEOMETRY_EXISTS,SHARED_REFERENCE,Boundary geometry remains deferred; no polygon is fabricated from hierarchy alone.
assocand:nngla:administrative_area:NG-ADM-000101,ADMINISTRATIVE_AREA,NG-ADM-000101,NGP-000346,,,,DEFERRED_NO_GEOMETRY,CANONICAL_IDENTITY_CONFIRMED_BUT_NO_GOVERNED_ASSOCIABLE_GEOMETRY_EXISTS,SHARED_REFERENCE,Boundary geometry remains deferred; no polygon is fabricated from hierarchy alone.
assocand:nngla:administrative_area:NG-ADM-000102,ADMINISTRATIVE_AREA,NG-ADM-000102,NGP-000347,,,,DEFERRED_NO_GEOMETRY,CANONICAL_IDENTITY_CONFIRMED_BUT_NO_GOVERNED_ASSOCIABLE_GEOMETRY_EXISTS,SHARED_REFERENCE,Boundary geometry remains deferred; no polygon is fabricated from hierarchy alone.
assocand:nngla:administrative_area:NG-ADM-000103,ADMINISTRATIVE_AREA,NG-ADM-000103,NGP-000348,,,,DEFERRED_NO_GEOMETRY,CANONICAL_IDENTITY_CONFIRMED_BUT_NO_GOVERNED_ASSOCIABLE_GEOMETRY_EXISTS,SHARED_REFERENCE,Boundary geometry remains deferred; no polygon is fabricated from hierarchy alone.
assocand:nngla:administrative_area:NG-ADM-000104,ADMINISTRATIVE_AREA,NG-ADM-000104,NGP-000349,,,,DEFERRED_NO_GEOMETRY,CANONICAL_IDENTITY_CONFIRMED_BUT_NO_GOVERNED_ASSOCIABLE_GEOMETRY_EXISTS,SHARED_REFERENCE,Boundary geometry remains deferred; no polygon is fabricated from hierarchy alone.
assocand:nngla:administrative_area:NG-ADM-000105,ADMINISTRATIVE_AREA,NG-ADM-000105,NGP-000350,,,,DEFERRED_NO_GEOMETRY,CANONICAL_IDENTITY_CONFIRMED_BUT_NO_GOVERNED_ASSOCIABLE_GEOMETRY_EXISTS,SHARED_REFERENCE,Boundary geometry remains deferred; no polygon is fabricated from hierarchy alone.
assocand:nngla:administrative_area:NG-ADM-000106,ADMINISTRATIVE_AREA,NG-ADM-000106,NGP-000351,,,,DEFERRED_NO_GEOMETRY,CANONICAL_IDENTITY_CONFIRMED_BUT_NO_GOVERNED_ASSOCIABLE_GEOMETRY_EXISTS,SHARED_REFERENCE,Boundary geometry remains deferred; no polygon is fabricated from hierarchy alone.
assocand:nngla:administrative_area:NG-ADM-000107,ADMINISTRATIVE_AREA,NG-ADM-000107,NGP-000352,,,,DEFERRED_NO_GEOMETRY,CANONICAL_IDENTITY_CONFIRMED_BUT_NO_GOVERNED_ASSOCIABLE_GEOMETRY_EXISTS,SHARED_REFERENCE,Boundary geometry remains deferred; no polygon is fabricated from hierarchy alone.
assocand:nngla:administrative_area:NG-ADM-000108,ADMINISTRATIVE_AREA,NG-ADM-000108,NGP-000353,,,,DEFERRED_NO_GEOMETRY,CANONICAL_IDENTITY_CONFIRMED_BUT_NO_GOVERNED_ASSOCIABLE_GEOMETRY_EXISTS,SHARED_REFERENCE,Boundary geometry remains deferred; no polygon is fabricated from hierarchy alone.
assocand:nngla:administrative_area:NG-ADM-000109,ADMINISTRATIVE_AREA,NG-ADM-000109,NGP-000354,,,,DEFERRED_NO_GEOMETRY,CANONICAL_IDENTITY_CONFIRMED_BUT_NO_GOVERNED_ASSOCIABLE_GEOMETRY_EXISTS,SHARED_REFERENCE,Boundary geometry remains deferred; no polygon is fabricated from hierarchy alone.
assocand:nngla:administrative_area:NG-ADM-000110,ADMINISTRATIVE_AREA,NG-ADM-000110,NGP-000355,,,,DEFERRED_NO_GEOMETRY,CANONICAL_IDENTITY_CONFIRMED_BUT_NO_GOVERNED_ASSOCIABLE_GEOMETRY_EXISTS,SHARED_REFERENCE,Boundary geometry remains deferred; no polygon is fabricated from hierarchy alone.
assocand:nngla:administrative_area:NG-ADM-000111,ADMINISTRATIVE_AREA,NG-ADM-000111,NGP-000356,,,,DEFERRED_NO_GEOMETRY,CANONICAL_IDENTITY_CONFIRMED_BUT_NO_GOVERNED_ASSOCIABLE_GEOMETRY_EXISTS,SHARED_REFERENCE,Boundary geometry remains deferred; no polygon is fabricated from hierarchy alone.
assocand:nngla:administrative_area:NG-ADM-000112,ADMINISTRATIVE_AREA,NG-ADM-000112,NGP-000357,,,,DEFERRED_NO_GEOMETRY,CANONICAL_IDENTITY_CONFIRMED_BUT_NO_GOVERNED_ASSOCIABLE_GEOMETRY_EXISTS,SHARED_REFERENCE,Boundary geometry remains deferred; no polygon is fabricated from hierarchy alone.
assocand:nngla:administrative_area:NG-ADM-000113,ADMINISTRATIVE_AREA,NG-ADM-000113,NGP-000385,,,,DEFERRED_NO_GEOMETRY,CANONICAL_IDENTITY_CONFIRMED_BUT_NO_GOVERNED_ASSOCIABLE_GEOMETRY_EXISTS,SHARED_REFERENCE,Boundary geometry remains deferred; no polygon is fabricated from hierarchy alone.
assocand:nngla:administrative_area:NG-ADM-000114,ADMINISTRATIVE_AREA,NG-ADM-000114,NGP-000386,,,,DEFERRED_NO_GEOMETRY,CANONICAL_IDENTITY_CONFIRMED_BUT_NO_GOVERNED_ASSOCIABLE_GEOMETRY_EXISTS,SHARED_REFERENCE,Boundary geometry remains deferred; no polygon is fabricated from hierarchy alone.
assocand:nngla:administrative_area:NG-ADM-000115,ADMINISTRATIVE_AREA,NG-ADM-000115,NGP-000387,,,,DEFERRED_NO_GEOMETRY,CANONICAL_IDENTITY_CONFIRMED_BUT_NO_GOVERNED_ASSOCIABLE_GEOMETRY_EXISTS,SHARED_REFERENCE,Boundary geometry remains deferred; no polygon is fabricated from hierarchy alone.
assocand:nngla:administrative_area:NG-ADM-000116,ADMINISTRATIVE_AREA,NG-ADM-000116,NGP-000388,,,,DEFERRED_NO_GEOMETRY,CANONICAL_IDENTITY_CONFIRMED_BUT_NO_GOVERNED_ASSOCIABLE_GEOMETRY_EXISTS,SHARED_REFERENCE,Boundary geometry remains deferred; no polygon is fabricated from hierarchy alone.
assocand:nngla:administrative_area:NG-ADM-000117,ADMINISTRATIVE_AREA,NG-ADM-000117,NGP-000389,,,,DEFERRED_NO_GEOMETRY,CANONICAL_IDENTITY_CONFIRMED_BUT_NO_GOVERNED_ASSOCIABLE_GEOMETRY_EXISTS,SHARED_REFERENCE,Boundary geometry remains deferred; no polygon is fabricated from hierarchy alone.
assocand:nngla:administrative_area:NG-ADM-000118,ADMINISTRATIVE_AREA,NG-ADM-000118,NGP-000390,,,,DEFERRED_NO_GEOMETRY,CANONICAL_IDENTITY_CONFIRMED_BUT_NO_GOVERNED_ASSOCIABLE_GEOMETRY_EXISTS,SHARED_REFERENCE,Boundary geometry remains deferred; no polygon is fabricated from hierarchy alone.
assocand:nngla:administrative_area:NG-ADM-000119,ADMINISTRATIVE_AREA,NG-ADM-000119,NGP-000391,,,,DEFERRED_NO_GEOMETRY,CANONICAL_IDENTITY_CONFIRMED_BUT_NO_GOVERNED_ASSOCIABLE_GEOMETRY_EXISTS,SHARED_REFERENCE,Boundary geometry remains deferred; no polygon is fabricated from hierarchy alone.
assocand:nngla:administrative_area:NG-ADM-000120,ADMINISTRATIVE_AREA,NG-ADM-000120,NGP-000392,,,,DEFERRED_NO_GEOMETRY,CANONICAL_IDENTITY_CONFIRMED_BUT_NO_GOVERNED_ASSOCIABLE_GEOMETRY_EXISTS,SHARED_REFERENCE,Boundary geometry remains deferred; no polygon is fabricated from hierarchy alone.
assocand:nngla:administrative_area:NG-ADM-000121,ADMINISTRATIVE_AREA,NG-ADM-000121,NGP-000393,,,,DEFERRED_NO_GEOMETRY,CANONICAL_IDENTITY_CONFIRMED_BUT_NO_GOVERNED_ASSOCIABLE_GEOMETRY_EXISTS,SHARED_REFERENCE,Boundary geometry remains deferred; no polygon is fabricated from hierarchy alone.
assocand:nngla:administrative_area:NG-ADM-000122,ADMINISTRATIVE_AREA,NG-ADM-000122,NGP-000429,,,,DEFERRED_NO_GEOMETRY,CANONICAL_IDENTITY_CONFIRMED_BUT_NO_GOVERNED_ASSOCIABLE_GEOMETRY_EXISTS,SHARED_REFERENCE,Boundary geometry remains deferred; no polygon is fabricated from hierarchy alone.
assocand:nngla:administrative_area:NG-ADM-000123,ADMINISTRATIVE_AREA,NG-ADM-000123,NGP-000430,,,,DEFERRED_NO_GEOMETRY,CANONICAL_IDENTITY_CONFIRMED_BUT_NO_GOVERNED_ASSOCIABLE_GEOMETRY_EXISTS,SHARED_REFERENCE,Boundary geometry remains deferred; no polygon is fabricated from hierarchy alone.
assocand:nngla:administrative_area:NG-ADM-000124,ADMINISTRATIVE_AREA,NG-ADM-000124,NGP-000432,,,,DEFERRED_NO_GEOMETRY,CANONICAL_IDENTITY_CONFIRMED_BUT_NO_GOVERNED_ASSOCIABLE_GEOMETRY_EXISTS,SHARED_REFERENCE,Boundary geometry remains deferred; no polygon is fabricated from hierarchy alone.
assocand:nngla:administrative_area:NG-ADM-000125,ADMINISTRATIVE_AREA,NG-ADM-000125,NGP-000433,,,,DEFERRED_NO_GEOMETRY,CANONICAL_IDENTITY_CONFIRMED_BUT_NO_GOVERNED_ASSOCIABLE_GEOMETRY_EXISTS,SHARED_REFERENCE,Boundary geometry remains deferred; no polygon is fabricated from hierarchy alone.
assocand:nngla:administrative_area:NG-ADM-000126,ADMINISTRATIVE_AREA,NG-ADM-000126,NGP-000434,,,,DEFERRED_NO_GEOMETRY,CANONICAL_IDENTITY_CONFIRMED_BUT_NO_GOVERNED_ASSOCIABLE_GEOMETRY_EXISTS,SHARED_REFERENCE,Boundary geometry remains deferred; no polygon is fabricated from hierarchy alone.
assocand:nngla:administrative_area:NG-ADM-000127,ADMINISTRATIVE_AREA,NG-ADM-000127,NGP-000435,,,,DEFERRED_NO_GEOMETRY,CANONICAL_IDENTITY_CONFIRMED_BUT_NO_GOVERNED_ASSOCIABLE_GEOMETRY_EXISTS,SHARED_REFERENCE,Boundary geometry remains deferred; no polygon is fabricated from hierarchy alone.
assocand:nngla:administrative_area:NG-ADM-000128,ADMINISTRATIVE_AREA,NG-ADM-000128,NGP-000436,,,,DEFERRED_NO_GEOMETRY,CANONICAL_IDENTITY_CONFIRMED_BUT_NO_GOVERNED_ASSOCIABLE_GEOMETRY_EXISTS,SHARED_REFERENCE,Boundary geometry remains deferred; no polygon is fabricated from hierarchy alone.
assocand:nngla:administrative_area:NG-ADM-000129,ADMINISTRATIVE_AREA,NG-ADM-000129,NGP-000437,,,,DEFERRED_NO_GEOMETRY,CANONICAL_IDENTITY_CONFIRMED_BUT_NO_GOVERNED_ASSOCIABLE_GEOMETRY_EXISTS,SHARED_REFERENCE,Boundary geometry remains deferred; no polygon is fabricated from hierarchy alone.
assocand:nngla:administrative_area:NG-ADM-000130,ADMINISTRATIVE_AREA,NG-ADM-000130,NGP-000438,,,,DEFERRED_NO_GEOMETRY,CANONICAL_IDENTITY_CONFIRMED_BUT_NO_GOVERNED_ASSOCIABLE_GEOMETRY_EXISTS,SHARED_REFERENCE,Boundary geometry remains deferred; no polygon is fabricated from hierarchy alone.
assocand:nngla:administrative_area:NG-ADM-000131,ADMINISTRATIVE_AREA,NG-ADM-000131,NGP-000439,,,,DEFERRED_NO_GEOMETRY,CANONICAL_IDENTITY_CONFIRMED_BUT_NO_GOVERNED_ASSOCIABLE_GEOMETRY_EXISTS,SHARED_REFERENCE,Boundary geometry remains deferred; no polygon is fabricated from hierarchy alone.
assocand:nngla:administrative_area:NG-ADM-000132,ADMINISTRATIVE_AREA,NG-ADM-000132,NGP-000440,,,,DEFERRED_NO_GEOMETRY,CANONICAL_IDENTITY_CONFIRMED_BUT_NO_GOVERNED_ASSOCIABLE_GEOMETRY_EXISTS,SHARED_REFERENCE,Boundary geometry remains deferred; no polygon is fabricated from hierarchy alone.
assocand:nngla:administrative_area:NG-ADM-000133,ADMINISTRATIVE_AREA,NG-ADM-000133,NGP-000441,,,,DEFERRED_NO_GEOMETRY,CANONICAL_IDENTITY_CONFIRMED_BUT_NO_GOVERNED_ASSOCIABLE_GEOMETRY_EXISTS,SHARED_REFERENCE,Boundary geometry remains deferred; no polygon is fabricated from hierarchy alone.
assocand:nngla:administrative_area:NG-ADM-000134,ADMINISTRATIVE_AREA,NG-ADM-000134,NGP-000442,,,,DEFERRED_NO_GEOMETRY,CANONICAL_IDENTITY_CONFIRMED_BUT_NO_GOVERNED_ASSOCIABLE_GEOMETRY_EXISTS,SHARED_REFERENCE,Boundary geometry remains deferred; no polygon is fabricated from hierarchy alone.
assocand:nngla:administrative_area:NG-ADM-000135,ADMINISTRATIVE_AREA,NG-ADM-000135,NGP-000443,,,,DEFERRED_NO_GEOMETRY,CANONICAL_IDENTITY_CONFIRMED_BUT_NO_GOVERNED_ASSOCIABLE_GEOMETRY_EXISTS,SHARED_REFERENCE,Boundary geometry remains deferred; no polygon is fabricated from hierarchy alone.
assocand:nngla:administrative_area:NG-ADM-000136,ADMINISTRATIVE_AREA,NG-ADM-000136,NGP-000471,,,,DEFERRED_NO_GEOMETRY,CANONICAL_IDENTITY_CONFIRMED_BUT_NO_GOVERNED_ASSOCIABLE_GEOMETRY_EXISTS,SHARED_REFERENCE,Boundary geometry remains deferred; no polygon is fabricated from hierarchy alone.
assocand:nngla:administrative_area:NG-ADM-000137,ADMINISTRATIVE_AREA,NG-ADM-000137,NGP-000472,,,,DEFERRED_NO_GEOMETRY,CANONICAL_IDENTITY_CONFIRMED_BUT_NO_GOVERNED_ASSOCIABLE_GEOMETRY_EXISTS,SHARED_REFERENCE,Boundary geometry remains deferred; no polygon is fabricated from hierarchy alone.
assocand:nngla:administrative_area:NG-ADM-000138,ADMINISTRATIVE_AREA,NG-ADM-000138,NGP-000473,,,,DEFERRED_NO_GEOMETRY,CANONICAL_IDENTITY_CONFIRMED_BUT_NO_GOVERNED_ASSOCIABLE_GEOMETRY_EXISTS,SHARED_REFERENCE,Boundary geometry remains deferred; no polygon is fabricated from hierarchy alone.
assocand:nngla:administrative_area:NG-ADM-000139,ADMINISTRATIVE_AREA,NG-ADM-000139,NGP-000474,,,,DEFERRED_NO_GEOMETRY,CANONICAL_IDENTITY_CONFIRMED_BUT_NO_GOVERNED_ASSOCIABLE_GEOMETRY_EXISTS,SHARED_REFERENCE,Boundary geometry remains deferred; no polygon is fabricated from hierarchy alone.
assocand:nngla:administrative_area:NG-ADM-000140,ADMINISTRATIVE_AREA,NG-ADM-000140,NGP-000475,,,,DEFERRED_NO_GEOMETRY,CANONICAL_IDENTITY_CONFIRMED_BUT_NO_GOVERNED_ASSOCIABLE_GEOMETRY_EXISTS,SHARED_REFERENCE,Boundary geometry remains deferred; no polygon is fabricated from hierarchy alone.
assocand:nngla:administrative_area:NG-ADM-000141,ADMINISTRATIVE_AREA,NG-ADM-000141,NGP-000476,,,,DEFERRED_NO_GEOMETRY,CANONICAL_IDENTITY_CONFIRMED_BUT_NO_GOVERNED_ASSOCIABLE_GEOMETRY_EXISTS,SHARED_REFERENCE,Boundary geometry remains deferred; no polygon is fabricated from hierarchy alone.
assocand:nngla:administrative_area:NG-ADM-000142,ADMINISTRATIVE_AREA,NG-ADM-000142,NGP-000477,,,,DEFERRED_NO_GEOMETRY,CANONICAL_IDENTITY_CONFIRMED_BUT_NO_GOVERNED_ASSOCIABLE_GEOMETRY_EXISTS,SHARED_REFERENCE,Boundary geometry remains deferred; no polygon is fabricated from hierarchy alone.
assocand:nngla:administrative_area:NG-ADM-000143,ADMINISTRATIVE_AREA,NG-ADM-000143,NGP-000478,,,,DEFERRED_NO_GEOMETRY,CANONICAL_IDENTITY_CONFIRMED_BUT_NO_GOVERNED_ASSOCIABLE_GEOMETRY_EXISTS,SHARED_REFERENCE,Boundary geometry remains deferred; no polygon is fabricated from hierarchy alone.
assocand:nngla:administrative_area:NG-ADM-000144,ADMINISTRATIVE_AREA,NG-ADM-000144,NGP-000479,,,,DEFERRED_NO_GEOMETRY,CANONICAL_IDENTITY_CONFIRMED_BUT_NO_GOVERNED_ASSOCIABLE_GEOMETRY_EXISTS,SHARED_REFERENCE,Boundary geometry remains deferred; no polygon is fabricated from hierarchy alone.
assocand:nngla:administrative_area:NG-ADM-000145,ADMINISTRATIVE_AREA,NG-ADM-000145,NGP-000515,,,,DEFERRED_NO_GEOMETRY,CANONICAL_IDENTITY_CONFIRMED_BUT_NO_GOVERNED_ASSOCIABLE_GEOMETRY_EXISTS,SHARED_REFERENCE,Boundary geometry remains deferred; no polygon is fabricated from hierarchy alone.
assocand:nngla:administrative_area:NG-ADM-000146,ADMINISTRATIVE_AREA,NG-ADM-000146,NGP-000516,,,,DEFERRED_NO_GEOMETRY,CANONICAL_IDENTITY_CONFIRMED_BUT_NO_GOVERNED_ASSOCIABLE_GEOMETRY_EXISTS,SHARED_REFERENCE,Boundary geometry remains deferred; no polygon is fabricated from hierarchy alone.
assocand:nngla:administrative_area:NG-ADM-000147,ADMINISTRATIVE_AREA,NG-ADM-000147,NGP-000518,,,,DEFERRED_NO_GEOMETRY,CANONICAL_IDENTITY_CONFIRMED_BUT_NO_GOVERNED_ASSOCIABLE_GEOMETRY_EXISTS,SHARED_REFERENCE,Boundary geometry remains deferred; no polygon is fabricated from hierarchy alone.
assocand:nngla:administrative_area:NG-ADM-000148,ADMINISTRATIVE_AREA,NG-ADM-000148,NGP-000519,,,,DEFERRED_NO_GEOMETRY,CANONICAL_IDENTITY_CONFIRMED_BUT_NO_GOVERNED_ASSOCIABLE_GEOMETRY_EXISTS,SHARED_REFERENCE,Boundary geometry remains deferred; no polygon is fabricated from hierarchy alone.
assocand:nngla:administrative_area:NG-ADM-000149,ADMINISTRATIVE_AREA,NG-ADM-000149,NGP-000520,,,,DEFERRED_NO_GEOMETRY,CANONICAL_IDENTITY_CONFIRMED_BUT_NO_GOVERNED_ASSOCIABLE_GEOMETRY_EXISTS,SHARED_REFERENCE,Boundary geometry remains deferred; no polygon is fabricated from hierarchy alone.
assocand:nngla:administrative_area:NG-ADM-000150,ADMINISTRATIVE_AREA,NG-ADM-000150,NGP-000521,,,,DEFERRED_NO_GEOMETRY,CANONICAL_IDENTITY_CONFIRMED_BUT_NO_GOVERNED_ASSOCIABLE_GEOMETRY_EXISTS,SHARED_REFERENCE,Boundary geometry remains deferred; no polygon is fabricated from hierarchy alone.
assocand:nngla:administrative_area:NG-ADM-000151,ADMINISTRATIVE_AREA,NG-ADM-000151,NGP-000522,,,,DEFERRED_NO_GEOMETRY,CANONICAL_IDENTITY_CONFIRMED_BUT_NO_GOVERNED_ASSOCIABLE_GEOMETRY_EXISTS,SHARED_REFERENCE,Boundary geometry remains deferred; no polygon is fabricated from hierarchy alone.
assocand:nngla:administrative_area:NG-ADM-000152,ADMINISTRATIVE_AREA,NG-ADM-000152,NGP-000523,,,,DEFERRED_NO_GEOMETRY,CANONICAL_IDENTITY_CONFIRMED_BUT_NO_GOVERNED_ASSOCIABLE_GEOMETRY_EXISTS,SHARED_REFERENCE,Boundary geometry remains deferred; no polygon is fabricated from hierarchy alone.
assocand:nngla:administrative_area:NG-ADM-000153,ADMINISTRATIVE_AREA,NG-ADM-000153,NGP-000524,,,,DEFERRED_NO_GEOMETRY,CANONICAL_IDENTITY_CONFIRMED_BUT_NO_GOVERNED_ASSOCIABLE_GEOMETRY_EXISTS,SHARED_REFERENCE,Boundary geometry remains deferred; no polygon is fabricated from hierarchy alone.
assocand:nngla:administrative_area:NG-ADM-000154,ADMINISTRATIVE_AREA,NG-ADM-000154,NGP-000525,,,,DEFERRED_NO_GEOMETRY,CANONICAL_IDENTITY_CONFIRMED_BUT_NO_GOVERNED_ASSOCIABLE_GEOMETRY_EXISTS,SHARED_REFERENCE,Boundary geometry remains deferred; no polygon is fabricated from hierarchy alone.
assocand:nngla:administrative_area:NG-ADM-000155,ADMINISTRATIVE_AREA,NG-ADM-000155,NGP-000526,,,,DEFERRED_NO_GEOMETRY,CANONICAL_IDENTITY_CONFIRMED_BUT_NO_GOVERNED_ASSOCIABLE_GEOMETRY_EXISTS,SHARED_REFERENCE,Boundary geometry remains deferred; no polygon is fabricated from hierarchy alone.
assocand:nngla:administrative_area:NG-ADM-000156,ADMINISTRATIVE_AREA,NG-ADM-000156,NGP-000527,,,,DEFERRED_NO_GEOMETRY,CANONICAL_IDENTITY_CONFIRMED_BUT_NO_GOVERNED_ASSOCIABLE_GEOMETRY_EXISTS,SHARED_REFERENCE,Boundary geometry remains deferred; no polygon is fabricated from hierarchy alone.
assocand:nngla:administrative_area:NG-ADM-000157,ADMINISTRATIVE_AREA,NG-ADM-000157,NGP-000528,,,,DEFERRED_NO_GEOMETRY,CANONICAL_IDENTITY_CONFIRMED_BUT_NO_GOVERNED_ASSOCIABLE_GEOMETRY_EXISTS,SHARED_REFERENCE,Boundary geometry remains deferred; no polygon is fabricated from hierarchy alone.
assocand:nngla:administrative_area:NG-ADM-000158,ADMINISTRATIVE_AREA,NG-ADM-000158,NGP-000529,,,,DEFERRED_NO_GEOMETRY,CANONICAL_IDENTITY_CONFIRMED_BUT_NO_GOVERNED_ASSOCIABLE_GEOMETRY_EXISTS,SHARED_REFERENCE,Boundary geometry remains deferred; no polygon is fabricated from hierarchy alone.
assocand:nngla:administrative_area:NG-ADM-000159,ADMINISTRATIVE_AREA,NG-ADM-000159,NGP-000557,,,,DEFERRED_NO_GEOMETRY,CANONICAL_IDENTITY_CONFIRMED_BUT_NO_GOVERNED_ASSOCIABLE_GEOMETRY_EXISTS,SHARED_REFERENCE,Boundary geometry remains deferred; no polygon is fabricated from hierarchy alone.
assocand:nngla:administrative_area:NG-ADM-000160,ADMINISTRATIVE_AREA,NG-ADM-000160,NGP-000558,,,,DEFERRED_NO_GEOMETRY,CANONICAL_IDENTITY_CONFIRMED_BUT_NO_GOVERNED_ASSOCIABLE_GEOMETRY_EXISTS,SHARED_REFERENCE,Boundary geometry remains deferred; no polygon is fabricated from hierarchy alone.
assocand:nngla:administrative_area:NG-ADM-000161,ADMINISTRATIVE_AREA,NG-ADM-000161,NGP-000559,,,,DEFERRED_NO_GEOMETRY,CANONICAL_IDENTITY_CONFIRMED_BUT_NO_GOVERNED_ASSOCIABLE_GEOMETRY_EXISTS,SHARED_REFERENCE,Boundary geometry remains deferred; no polygon is fabricated from hierarchy alone.
assocand:nngla:administrative_area:NG-ADM-000162,ADMINISTRATIVE_AREA,NG-ADM-000162,NGP-000560,,,,DEFERRED_NO_GEOMETRY,CANONICAL_IDENTITY_CONFIRMED_BUT_NO_GOVERNED_ASSOCIABLE_GEOMETRY_EXISTS,SHARED_REFERENCE,Boundary geometry remains deferred; no polygon is fabricated from hierarchy alone.
assocand:nngla:administrative_area:NG-ADM-000163,ADMINISTRATIVE_AREA,NG-ADM-000163,NGP-000561,,,,DEFERRED_NO_GEOMETRY,CANONICAL_IDENTITY_CONFIRMED_BUT_NO_GOVERNED_ASSOCIABLE_GEOMETRY_EXISTS,SHARED_REFERENCE,Boundary geometry remains deferred; no polygon is fabricated from hierarchy alone.
assocand:nngla:administrative_area:NG-ADM-000164,ADMINISTRATIVE_AREA,NG-ADM-000164,NGP-000562,,,,DEFERRED_NO_GEOMETRY,CANONICAL_IDENTITY_CONFIRMED_BUT_NO_GOVERNED_ASSOCIABLE_GEOMETRY_EXISTS,SHARED_REFERENCE,Boundary geometry remains deferred; no polygon is fabricated from hierarchy alone.
assocand:nngla:administrative_area:NG-ADM-000165,ADMINISTRATIVE_AREA,NG-ADM-000165,NGP-000563,,,,DEFERRED_NO_GEOMETRY,CANONICAL_IDENTITY_CONFIRMED_BUT_NO_GOVERNED_ASSOCIABLE_GEOMETRY_EXISTS,SHARED_REFERENCE,Boundary geometry remains deferred; no polygon is fabricated from hierarchy alone.
assocand:nngla:administrative_area:NG-ADM-000166,ADMINISTRATIVE_AREA,NG-ADM-000166,NGP-000564,,,,DEFERRED_NO_GEOMETRY,CANONICAL_IDENTITY_CONFIRMED_BUT_NO_GOVERNED_ASSOCIABLE_GEOMETRY_EXISTS,SHARED_REFERENCE,Boundary geometry remains deferred; no polygon is fabricated from hierarchy alone.
assocand:nngla:administrative_area:NG-ADM-000167,ADMINISTRATIVE_AREA,NG-ADM-000167,NGP-000565,,,,DEFERRED_NO_GEOMETRY,CANONICAL_IDENTITY_CONFIRMED_BUT_NO_GOVERNED_ASSOCIABLE_GEOMETRY_EXISTS,SHARED_REFERENCE,Boundary geometry remains deferred; no polygon is fabricated from hierarchy alone.
assocand:nngla:administrative_area:NG-ADM-000168,ADMINISTRATIVE_AREA,NG-ADM-000168,NGP-000601,,,,DEFERRED_NO_GEOMETRY,CANONICAL_IDENTITY_CONFIRMED_BUT_NO_GOVERNED_ASSOCIABLE_GEOMETRY_EXISTS,SHARED_REFERENCE,Boundary geometry remains deferred; no polygon is fabricated from hierarchy alone.
assocand:nngla:administrative_area:NG-ADM-000169,ADMINISTRATIVE_AREA,NG-ADM-000169,NGP-000602,,,,DEFERRED_NO_GEOMETRY,CANONICAL_IDENTITY_CONFIRMED_BUT_NO_GOVERNED_ASSOCIABLE_GEOMETRY_EXISTS,SHARED_REFERENCE,Boundary geometry remains deferred; no polygon is fabricated from hierarchy alone.
assocand:nngla:administrative_area:NG-ADM-000170,ADMINISTRATIVE_AREA,NG-ADM-000170,NGP-000609,,,,DEFERRED_NO_GEOMETRY,CANONICAL_IDENTITY_CONFIRMED_BUT_NO_GOVERNED_ASSOCIABLE_GEOMETRY_EXISTS,SHARED_REFERENCE,Boundary geometry remains deferred; no polygon is fabricated from hierarchy alone.
assocand:nngla:administrative_area:NG-ADM-000171,ADMINISTRATIVE_AREA,NG-ADM-000171,NGP-000610,,,,DEFERRED_NO_GEOMETRY,CANONICAL_IDENTITY_CONFIRMED_BUT_NO_GOVERNED_ASSOCIABLE_GEOMETRY_EXISTS,SHARED_REFERENCE,Boundary geometry remains deferred; no polygon is fabricated from hierarchy alone.
assocand:nngla:administrative_area:NG-ADM-000172,ADMINISTRATIVE_AREA,NG-ADM-000172,NGP-000611,,,,DEFERRED_NO_GEOMETRY,CANONICAL_IDENTITY_CONFIRMED_BUT_NO_GOVERNED_ASSOCIABLE_GEOMETRY_EXISTS,SHARED_REFERENCE,Boundary geometry remains deferred; no polygon is fabricated from hierarchy alone.
assocand:nngla:administrative_area:NG-ADM-000173,ADMINISTRATIVE_AREA,NG-ADM-000173,NGP-000612,,,,DEFERRED_NO_GEOMETRY,CANONICAL_IDENTITY_CONFIRMED_BUT_NO_GOVERNED_ASSOCIABLE_GEOMETRY_EXISTS,SHARED_REFERENCE,Boundary geometry remains deferred; no polygon is fabricated from hierarchy alone.
assocand:nngla:administrative_area:NG-ADM-000174,ADMINISTRATIVE_AREA,NG-ADM-000174,NGP-000613,,,,DEFERRED_NO_GEOMETRY,CANONICAL_IDENTITY_CONFIRMED_BUT_NO_GOVERNED_ASSOCIABLE_GEOMETRY_EXISTS,SHARED_REFERENCE,Boundary geometry remains deferred; no polygon is fabricated from hierarchy alone.
assocand:nngla:administrative_area:NG-ADM-000175,ADMINISTRATIVE_AREA,NG-ADM-000175,NGP-000614,,,,DEFERRED_NO_GEOMETRY,CANONICAL_IDENTITY_CONFIRMED_BUT_NO_GOVERNED_ASSOCIABLE_GEOMETRY_EXISTS,SHARED_REFERENCE,Boundary geometry remains deferred; no polygon is fabricated from hierarchy alone.
assocand:nngla:administrative_area:NG-ADM-000176,ADMINISTRATIVE_AREA,NG-ADM-000176,NGP-000615,,,,DEFERRED_NO_GEOMETRY,CANONICAL_IDENTITY_CONFIRMED_BUT_NO_GOVERNED_ASSOCIABLE_GEOMETRY_EXISTS,SHARED_REFERENCE,Boundary geometry remains deferred; no polygon is fabricated from hierarchy alone.
assocand:nngla:administrative_area:NG-ADM-000177,ADMINISTRATIVE_AREA,NG-ADM-000177,NGP-000616,,,,DEFERRED_NO_GEOMETRY,CANONICAL_IDENTITY_CONFIRMED_BUT_NO_GOVERNED_ASSOCIABLE_GEOMETRY_EXISTS,SHARED_REFERENCE,Boundary geometry remains deferred; no polygon is fabricated from hierarchy alone.
assocand:nngla:administrative_area:NG-ADM-000178,ADMINISTRATIVE_AREA,NG-ADM-000178,NGP-000617,,,,DEFERRED_NO_GEOMETRY,CANONICAL_IDENTITY_CONFIRMED_BUT_NO_GOVERNED_ASSOCIABLE_GEOMETRY_EXISTS,SHARED_REFERENCE,Boundary geometry remains deferred; no polygon is fabricated from hierarchy alone.
assocand:nngla:administrative_area:NG-ADM-000179,ADMINISTRATIVE_AREA,NG-ADM-000179,NGP-000618,,,,DEFERRED_NO_GEOMETRY,CANONICAL_IDENTITY_CONFIRMED_BUT_NO_GOVERNED_ASSOCIABLE_GEOMETRY_EXISTS,SHARED_REFERENCE,Boundary geometry remains deferred; no polygon is fabricated from hierarchy alone.
assocand:nngla:administrative_area:NG-ADM-000180,ADMINISTRATIVE_AREA,NG-ADM-000180,NGP-000619,,,,DEFERRED_NO_GEOMETRY,CANONICAL_IDENTITY_CONFIRMED_BUT_NO_GOVERNED_ASSOCIABLE_GEOMETRY_EXISTS,SHARED_REFERENCE,Boundary geometry remains deferred; no polygon is fabricated from hierarchy alone.
assocand:nngla:administrative_area:NG-ADM-000181,ADMINISTRATIVE_AREA,NG-ADM-000181,NGP-000620,,,,DEFERRED_NO_GEOMETRY,CANONICAL_IDENTITY_CONFIRMED_BUT_NO_GOVERNED_ASSOCIABLE_GEOMETRY_EXISTS,SHARED_REFERENCE,Boundary geometry remains deferred; no polygon is fabricated from hierarchy alone.
assocand:nngla:administrative_area:NG-ADM-000182,ADMINISTRATIVE_AREA,NG-ADM-000182,NGP-000648,,,,DEFERRED_NO_GEOMETRY,CANONICAL_IDENTITY_CONFIRMED_BUT_NO_GOVERNED_ASSOCIABLE_GEOMETRY_EXISTS,SHARED_REFERENCE,Boundary geometry remains deferred; no polygon is fabricated from hierarchy alone.
assocand:nngla:administrative_area:NG-ADM-000183,ADMINISTRATIVE_AREA,NG-ADM-000183,NGP-000649,,,,DEFERRED_NO_GEOMETRY,CANONICAL_IDENTITY_CONFIRMED_BUT_NO_GOVERNED_ASSOCIABLE_GEOMETRY_EXISTS,SHARED_REFERENCE,Boundary geometry remains deferred; no polygon is fabricated from hierarchy alone.
assocand:nngla:administrative_area:NG-ADM-000184,ADMINISTRATIVE_AREA,NG-ADM-000184,NGP-000650,,,,DEFERRED_NO_GEOMETRY,CANONICAL_IDENTITY_CONFIRMED_BUT_NO_GOVERNED_ASSOCIABLE_GEOMETRY_EXISTS,SHARED_REFERENCE,Boundary geometry remains deferred; no polygon is fabricated from hierarchy alone.
assocand:nngla:administrative_area:NG-ADM-000185,ADMINISTRATIVE_AREA,NG-ADM-000185,NGP-000651,,,,DEFERRED_NO_GEOMETRY,CANONICAL_IDENTITY_CONFIRMED_BUT_NO_GOVERNED_ASSOCIABLE_GEOMETRY_EXISTS,SHARED_REFERENCE,Boundary geometry remains deferred; no polygon is fabricated from hierarchy alone.
assocand:nngla:administrative_area:NG-ADM-000186,ADMINISTRATIVE_AREA,NG-ADM-000186,NGP-000652,,,,DEFERRED_NO_GEOMETRY,CANONICAL_IDENTITY_CONFIRMED_BUT_NO_GOVERNED_ASSOCIABLE_GEOMETRY_EXISTS,SHARED_REFERENCE,Boundary geometry remains deferred; no polygon is fabricated from hierarchy alone.
assocand:nngla:administrative_area:NG-ADM-000187,ADMINISTRATIVE_AREA,NG-ADM-000187,NGP-000653,,,,DEFERRED_NO_GEOMETRY,CANONICAL_IDENTITY_CONFIRMED_BUT_NO_GOVERNED_ASSOCIABLE_GEOMETRY_EXISTS,SHARED_REFERENCE,Boundary geometry remains deferred; no polygon is fabricated from hierarchy alone.
assocand:nngla:administrative_area:NG-ADM-000188,ADMINISTRATIVE_AREA,NG-ADM-000188,NGP-000654,,,,DEFERRED_NO_GEOMETRY,CANONICAL_IDENTITY_CONFIRMED_BUT_NO_GOVERNED_ASSOCIABLE_GEOMETRY_EXISTS,SHARED_REFERENCE,Boundary geometry remains deferred; no polygon is fabricated from hierarchy alone.
assocand:nngla:administrative_area:NG-ADM-000189,ADMINISTRATIVE_AREA,NG-ADM-000189,NGP-000655,,,,DEFERRED_NO_GEOMETRY,CANONICAL_IDENTITY_CONFIRMED_BUT_NO_GOVERNED_ASSOCIABLE_GEOMETRY_EXISTS,SHARED_REFERENCE,Boundary geometry remains deferred; no polygon is fabricated from hierarchy alone.
assocand:nngla:administrative_area:NG-ADM-000190,ADMINISTRATIVE_AREA,NG-ADM-000190,NGP-000656,,,,DEFERRED_NO_GEOMETRY,CANONICAL_IDENTITY_CONFIRMED_BUT_NO_GOVERNED_ASSOCIABLE_GEOMETRY_EXISTS,SHARED_REFERENCE,Boundary geometry remains deferred; no polygon is fabricated from hierarchy alone.
assocand:nngla:administrative_area:NG-ADM-000191,ADMINISTRATIVE_AREA,NG-ADM-000191,NGP-000692,,,,DEFERRED_NO_GEOMETRY,CANONICAL_IDENTITY_CONFIRMED_BUT_NO_GOVERNED_ASSOCIABLE_GEOMETRY_EXISTS,SHARED_REFERENCE,Boundary geometry remains deferred; no polygon is fabricated from hierarchy alone.
assocand:nngla:administrative_area:NG-ADM-000192,ADMINISTRATIVE_AREA,NG-ADM-000192,NGP-000693,,,,DEFERRED_NO_GEOMETRY,CANONICAL_IDENTITY_CONFIRMED_BUT_NO_GOVERNED_ASSOCIABLE_GEOMETRY_EXISTS,SHARED_REFERENCE,Boundary geometry remains deferred; no polygon is fabricated from hierarchy alone.
assocand:nngla:road:NG-RD-000001,ROAD,NG-RD-000001,NG-RD-CAND-000001,,,,DEFERRED_NO_GEOMETRY,CANONICAL_IDENTITY_CONFIRMED_BUT_NO_GOVERNED_ASSOCIABLE_GEOMETRY_EXISTS,SHARED_REFERENCE,Only the first 350 road source candidates are aligned to the locked canonical road baseline.
assocand:nngla:road:NG-RD-000002,ROAD,NG-RD-000002,NG-RD-CAND-000002,,,,DEFERRED_NO_GEOMETRY,CANONICAL_IDENTITY_CONFIRMED_BUT_NO_GOVERNED_ASSOCIABLE_GEOMETRY_EXISTS,SHARED_REFERENCE,Only the first 350 road source candidates are aligned to the locked canonical road baseline.
assocand:nngla:road:NG-RD-000003,ROAD,NG-RD-000003,NG-RD-CAND-000003,,,,DEFERRED_NO_GEOMETRY,CANONICAL_IDENTITY_CONFIRMED_BUT_NO_GOVERNED_ASSOCIABLE_GEOMETRY_EXISTS,SHARED_REFERENCE,Only the first 350 road source candidates are aligned to the locked canonical road baseline.
assocand:nngla:road:NG-RD-000004,ROAD,NG-RD-000004,NG-RD-CAND-000004,,,,DEFERRED_NO_GEOMETRY,CANONICAL_IDENTITY_CONFIRMED_BUT_NO_GOVERNED_ASSOCIABLE_GEOMETRY_EXISTS,SHARED_REFERENCE,Only the first 350 road source candidates are aligned to the locked canonical road baseline.
assocand:nngla:road:NG-RD-000005,ROAD,NG-RD-000005,NG-RD-CAND-000005,,,,DEFERRED_NO_GEOMETRY,CANONICAL_IDENTITY_CONFIRMED_BUT_NO_GOVERNED_ASSOCIABLE_GEOMETRY_EXISTS,SHARED_REFERENCE,Only the first 350 road source candidates are aligned to the locked canonical road baseline.
assocand:nngla:road:NG-RD-000006,ROAD,NG-RD-000006,NG-RD-CAND-000006,,,,DEFERRED_NO_GEOMETRY,CANONICAL_IDENTITY_CONFIRMED_BUT_NO_GOVERNED_ASSOCIABLE_GEOMETRY_EXISTS,SHARED_REFERENCE,Only the first 350 road source candidates are aligned to the locked canonical road baseline.
assocand:nngla:road:NG-RD-000007,ROAD,NG-RD-000007,NG-RD-CAND-000007,,,,DEFERRED_NO_GEOMETRY,CANONICAL_IDENTITY_CONFIRMED_BUT_NO_GOVERNED_ASSOCIABLE_GEOMETRY_EXISTS,SHARED_REFERENCE,Only the first 350 road source candidates are aligned to the locked canonical road baseline.
assocand:nngla:road:NG-RD-000008,ROAD,NG-RD-000008,NG-RD-CAND-000008,,,,DEFERRED_NO_GEOMETRY,CANONICAL_IDENTITY_CONFIRMED_BUT_NO_GOVERNED_ASSOCIABLE_GEOMETRY_EXISTS,SHARED_REFERENCE,Only the first 350 road source candidates are aligned to the locked canonical road baseline.
assocand:nngla:road:NG-RD-000009,ROAD,NG-RD-000009,NG-RD-CAND-000009,,,,DEFERRED_NO_GEOMETRY,CANONICAL_IDENTITY_CONFIRMED_BUT_NO_GOVERNED_ASSOCIABLE_GEOMETRY_EXISTS,SHARED_REFERENCE,Only the first 350 road source candidates are aligned to the locked canonical road baseline.
assocand:nngla:road:NG-RD-000010,ROAD,NG-RD-000010,NG-RD-CAND-000010,,,,DEFERRED_NO_GEOMETRY,CANONICAL_IDENTITY_CONFIRMED_BUT_NO_GOVERNED_ASSOCIABLE_GEOMETRY_EXISTS,SHARED_REFERENCE,Only the first 350 road source candidates are aligned to the locked canonical road baseline.
assocand:nngla:road:NG-RD-000011,ROAD,NG-RD-000011,NG-RD-CAND-000011,,,,DEFERRED_NO_GEOMETRY,CANONICAL_IDENTITY_CONFIRMED_BUT_NO_GOVERNED_ASSOCIABLE_GEOMETRY_EXISTS,SHARED_REFERENCE,Only the first 350 road source candidates are aligned to the locked canonical road baseline.
assocand:nngla:road:NG-RD-000012,ROAD,NG-RD-000012,NG-RD-CAND-000012,,,,DEFERRED_NO_GEOMETRY,CANONICAL_IDENTITY_CONFIRMED_BUT_NO_GOVERNED_ASSOCIABLE_GEOMETRY_EXISTS,SHARED_REFERENCE,Only the first 350 road source candidates are aligned to the locked canonical road baseline.
assocand:nngla:road:NG-RD-000013,ROAD,NG-RD-000013,NG-RD-CAND-000013,,,,DEFERRED_NO_GEOMETRY,CANONICAL_IDENTITY_CONFIRMED_BUT_NO_GOVERNED_ASSOCIABLE_GEOMETRY_EXISTS,SHARED_REFERENCE,Only the first 350 road source candidates are aligned to the locked canonical road baseline.
assocand:nngla:road:NG-RD-000014,ROAD,NG-RD-000014,NG-RD-CAND-000014,,,,DEFERRED_NO_GEOMETRY,CANONICAL_IDENTITY_CONFIRMED_BUT_NO_GOVERNED_ASSOCIABLE_GEOMETRY_EXISTS,SHARED_REFERENCE,Only the first 350 road source candidates are aligned to the locked canonical road baseline.
assocand:nngla:road:NG-RD-000015,ROAD,NG-RD-000015,NG-RD-CAND-000015,,,,DEFERRED_NO_GEOMETRY,CANONICAL_IDENTITY_CONFIRMED_BUT_NO_GOVERNED_ASSOCIABLE_GEOMETRY_EXISTS,SHARED_REFERENCE,Only the first 350 road source candidates are aligned to the locked canonical road baseline.
assocand:nngla:road:NG-RD-000016,ROAD,NG-RD-000016,NG-RD-CAND-000016,,,,DEFERRED_NO_GEOMETRY,CANONICAL_IDENTITY_CONFIRMED_BUT_NO_GOVERNED_ASSOCIABLE_GEOMETRY_EXISTS,SHARED_REFERENCE,Only the first 350 road source candidates are aligned to the locked canonical road baseline.
assocand:nngla:road:NG-RD-000017,ROAD,NG-RD-000017,NG-RD-CAND-000017,,,,DEFERRED_NO_GEOMETRY,CANONICAL_IDENTITY_CONFIRMED_BUT_NO_GOVERNED_ASSOCIABLE_GEOMETRY_EXISTS,SHARED_REFERENCE,Only the first 350 road source candidates are aligned to the locked canonical road baseline.
assocand:nngla:road:NG-RD-000018,ROAD,NG-RD-000018,NG-RD-CAND-000018,,,,DEFERRED_NO_GEOMETRY,CANONICAL_IDENTITY_CONFIRMED_BUT_NO_GOVERNED_ASSOCIABLE_GEOMETRY_EXISTS,SHARED_REFERENCE,Only the first 350 road source candidates are aligned to the locked canonical road baseline.
assocand:nngla:road:NG-RD-000019,ROAD,NG-RD-000019,NG-RD-CAND-000019,,,,DEFERRED_NO_GEOMETRY,CANONICAL_IDENTITY_CONFIRMED_BUT_NO_GOVERNED_ASSOCIABLE_GEOMETRY_EXISTS,SHARED_REFERENCE,Only the first 350 road source candidates are aligned to the locked canonical road baseline.
assocand:nngla:road:NG-RD-000020,ROAD,NG-RD-000020,NG-RD-CAND-000020,,,,DEFERRED_NO_GEOMETRY,CANONICAL_IDENTITY_CONFIRMED_BUT_NO_GOVERNED_ASSOCIABLE_GEOMETRY_EXISTS,SHARED_REFERENCE,Only the first 350 road source candidates are aligned to the locked canonical road baseline.
assocand:nngla:road:NG-RD-000021,ROAD,NG-RD-000021,NG-RD-CAND-000021,,,,DEFERRED_NO_GEOMETRY,CANONICAL_IDENTITY_CONFIRMED_BUT_NO_GOVERNED_ASSOCIABLE_GEOMETRY_EXISTS,SHARED_REFERENCE,Only the first 350 road source candidates are aligned to the locked canonical road baseline.
assocand:nngla:road:NG-RD-000022,ROAD,NG-RD-000022,NG-RD-CAND-000022,,,,DEFERRED_NO_GEOMETRY,CANONICAL_IDENTITY_CONFIRMED_BUT_NO_GOVERNED_ASSOCIABLE_GEOMETRY_EXISTS,SHARED_REFERENCE,Only the first 350 road source candidates are aligned to the locked canonical road baseline.
assocand:nngla:road:NG-RD-000023,ROAD,NG-RD-000023,NG-RD-CAND-000023,,,,DEFERRED_NO_GEOMETRY,CANONICAL_IDENTITY_CONFIRMED_BUT_NO_GOVERNED_ASSOCIABLE_GEOMETRY_EXISTS,SHARED_REFERENCE,Only the first 350 road source candidates are aligned to the locked canonical road baseline.
assocand:nngla:road:NG-RD-000024,ROAD,NG-RD-000024,NG-RD-CAND-000024,,,,DEFERRED_NO_GEOMETRY,CANONICAL_IDENTITY_CONFIRMED_BUT_NO_GOVERNED_ASSOCIABLE_GEOMETRY_EXISTS,SHARED_REFERENCE,Only the first 350 road source candidates are aligned to the locked canonical road baseline.
assocand:nngla:road:NG-RD-000025,ROAD,NG-RD-000025,NG-RD-CAND-000025,,,,DEFERRED_NO_GEOMETRY,CANONICAL_IDENTITY_CONFIRMED_BUT_NO_GOVERNED_ASSOCIABLE_GEOMETRY_EXISTS,SHARED_REFERENCE,Only the first 350 road source candidates are aligned to the locked canonical road baseline.
assocand:nngla:road:NG-RD-000026,ROAD,NG-RD-000026,NG-RD-CAND-000026,,,,DEFERRED_NO_GEOMETRY,CANONICAL_IDENTITY_CONFIRMED_BUT_NO_GOVERNED_ASSOCIABLE_GEOMETRY_EXISTS,SHARED_REFERENCE,Only the first 350 road source candidates are aligned to the locked canonical road baseline.
assocand:nngla:road:NG-RD-000027,ROAD,NG-RD-000027,NG-RD-CAND-000027,,,,DEFERRED_NO_GEOMETRY,CANONICAL_IDENTITY_CONFIRMED_BUT_NO_GOVERNED_ASSOCIABLE_GEOMETRY_EXISTS,SHARED_REFERENCE,Only the first 350 road source candidates are aligned to the locked canonical road baseline.
assocand:nngla:road:NG-RD-000028,ROAD,NG-RD-000028,NG-RD-CAND-000028,,,,DEFERRED_NO_GEOMETRY,CANONICAL_IDENTITY_CONFIRMED_BUT_NO_GOVERNED_ASSOCIABLE_GEOMETRY_EXISTS,SHARED_REFERENCE,Only the first 350 road source candidates are aligned to the locked canonical road baseline.
assocand:nngla:road:NG-RD-000029,ROAD,NG-RD-000029,NG-RD-CAND-000029,,,,DEFERRED_NO_GEOMETRY,CANONICAL_IDENTITY_CONFIRMED_BUT_NO_GOVERNED_ASSOCIABLE_GEOMETRY_EXISTS,SHARED_REFERENCE,Only the first 350 road source candidates are aligned to the locked canonical road baseline.
assocand:nngla:road:NG-RD-000030,ROAD,NG-RD-000030,NG-RD-CAND-000030,,,,DEFERRED_NO_GEOMETRY,CANONICAL_IDENTITY_CONFIRMED_BUT_NO_GOVERNED_ASSOCIABLE_GEOMETRY_EXISTS,SHARED_REFERENCE,Only the first 350 road source candidates are aligned to the locked canonical road baseline.
assocand:nngla:road:NG-RD-000031,ROAD,NG-RD-000031,NG-RD-CAND-000031,,,,DEFERRED_NO_GEOMETRY,CANONICAL_IDENTITY_CONFIRMED_BUT_NO_GOVERNED_ASSOCIABLE_GEOMETRY_EXISTS,SHARED_REFERENCE,Only the first 350 road source candidates are aligned to the locked canonical road baseline.
assocand:nngla:road:NG-RD-000032,ROAD,NG-RD-000032,NG-RD-CAND-000032,,,,DEFERRED_NO_GEOMETRY,CANONICAL_IDENTITY_CONFIRMED_BUT_NO_GOVERNED_ASSOCIABLE_GEOMETRY_EXISTS,SHARED_REFERENCE,Only the first 350 road source candidates are aligned to the locked canonical road baseline.
assocand:nngla:road:NG-RD-000033,ROAD,NG-RD-000033,NG-RD-CAND-000033,,,,DEFERRED_NO_GEOMETRY,CANONICAL_IDENTITY_CONFIRMED_BUT_NO_GOVERNED_ASSOCIABLE_GEOMETRY_EXISTS,SHARED_REFERENCE,Only the first 350 road source candidates are aligned to the locked canonical road baseline.
assocand:nngla:road:NG-RD-000034,ROAD,NG-RD-000034,NG-RD-CAND-000034,,,,DEFERRED_NO_GEOMETRY,CANONICAL_IDENTITY_CONFIRMED_BUT_NO_GOVERNED_ASSOCIABLE_GEOMETRY_EXISTS,SHARED_REFERENCE,Only the first 350 road source candidates are aligned to the locked canonical road baseline.
assocand:nngla:road:NG-RD-000035,ROAD,NG-RD-000035,NG-RD-CAND-000035,,,,DEFERRED_NO_GEOMETRY,CANONICAL_IDENTITY_CONFIRMED_BUT_NO_GOVERNED_ASSOCIABLE_GEOMETRY_EXISTS,SHARED_REFERENCE,Only the first 350 road source candidates are aligned to the locked canonical road baseline.
assocand:nngla:road:NG-RD-000036,ROAD,NG-RD-000036,NG-RD-CAND-000036,,,,DEFERRED_NO_GEOMETRY,CANONICAL_IDENTITY_CONFIRMED_BUT_NO_GOVERNED_ASSOCIABLE_GEOMETRY_EXISTS,SHARED_REFERENCE,Only the first 350 road source candidates are aligned to the locked canonical road baseline.
assocand:nngla:road:NG-RD-000037,ROAD,NG-RD-000037,NG-RD-CAND-000037,,,,DEFERRED_NO_GEOMETRY,CANONICAL_IDENTITY_CONFIRMED_BUT_NO_GOVERNED_ASSOCIABLE_GEOMETRY_EXISTS,SHARED_REFERENCE,Only the first 350 road source candidates are aligned to the locked canonical road baseline.
assocand:nngla:road:NG-RD-000038,ROAD,NG-RD-000038,NG-RD-CAND-000038,,,,DEFERRED_NO_GEOMETRY,CANONICAL_IDENTITY_CONFIRMED_BUT_NO_GOVERNED_ASSOCIABLE_GEOMETRY_EXISTS,SHARED_REFERENCE,Only the first 350 road source candidates are aligned to the locked canonical road baseline.
assocand:nngla:road:NG-RD-000039,ROAD,NG-RD-000039,NG-RD-CAND-000039,,,,DEFERRED_NO_GEOMETRY,CANONICAL_IDENTITY_CONFIRMED_BUT_NO_GOVERNED_ASSOCIABLE_GEOMETRY_EXISTS,SHARED_REFERENCE,Only the first 350 road source candidates are aligned to the locked canonical road baseline.
assocand:nngla:road:NG-RD-000040,ROAD,NG-RD-000040,NG-RD-CAND-000040,,,,DEFERRED_NO_GEOMETRY,CANONICAL_IDENTITY_CONFIRMED_BUT_NO_GOVERNED_ASSOCIABLE_GEOMETRY_EXISTS,SHARED_REFERENCE,Only the first 350 road source candidates are aligned to the locked canonical road baseline.
assocand:nngla:road:NG-RD-000041,ROAD,NG-RD-000041,NG-RD-CAND-000041,,,,DEFERRED_NO_GEOMETRY,CANONICAL_IDENTITY_CONFIRMED_BUT_NO_GOVERNED_ASSOCIABLE_GEOMETRY_EXISTS,SHARED_REFERENCE,Only the first 350 road source candidates are aligned to the locked canonical road baseline.
assocand:nngla:road:NG-RD-000042,ROAD,NG-RD-000042,NG-RD-CAND-000042,,,,DEFERRED_NO_GEOMETRY,CANONICAL_IDENTITY_CONFIRMED_BUT_NO_GOVERNED_ASSOCIABLE_GEOMETRY_EXISTS,SHARED_REFERENCE,Only the first 350 road source candidates are aligned to the locked canonical road baseline.
assocand:nngla:road:NG-RD-000043,ROAD,NG-RD-000043,NG-RD-CAND-000043,,,,DEFERRED_NO_GEOMETRY,CANONICAL_IDENTITY_CONFIRMED_BUT_NO_GOVERNED_ASSOCIABLE_GEOMETRY_EXISTS,SHARED_REFERENCE,Only the first 350 road source candidates are aligned to the locked canonical road baseline.
assocand:nngla:road:NG-RD-000044,ROAD,NG-RD-000044,NG-RD-CAND-000044,,,,DEFERRED_NO_GEOMETRY,CANONICAL_IDENTITY_CONFIRMED_BUT_NO_GOVERNED_ASSOCIABLE_GEOMETRY_EXISTS,SHARED_REFERENCE,Only the first 350 road source candidates are aligned to the locked canonical road baseline.
assocand:nngla:road:NG-RD-000045,ROAD,NG-RD-000045,NG-RD-CAND-000045,,,,DEFERRED_NO_GEOMETRY,CANONICAL_IDENTITY_CONFIRMED_BUT_NO_GOVERNED_ASSOCIABLE_GEOMETRY_EXISTS,SHARED_REFERENCE,Only the first 350 road source candidates are aligned to the locked canonical road baseline.
assocand:nngla:road:NG-RD-000046,ROAD,NG-RD-000046,NG-RD-CAND-000046,,,,DEFERRED_NO_GEOMETRY,CANONICAL_IDENTITY_CONFIRMED_BUT_NO_GOVERNED_ASSOCIABLE_GEOMETRY_EXISTS,SHARED_REFERENCE,Only the first 350 road source candidates are aligned to the locked canonical road baseline.
assocand:nngla:road:NG-RD-000047,ROAD,NG-RD-000047,NG-RD-CAND-000047,,,,DEFERRED_NO_GEOMETRY,CANONICAL_IDENTITY_CONFIRMED_BUT_NO_GOVERNED_ASSOCIABLE_GEOMETRY_EXISTS,SHARED_REFERENCE,Only the first 350 road source candidates are aligned to the locked canonical road baseline.
assocand:nngla:road:NG-RD-000048,ROAD,NG-RD-000048,NG-RD-CAND-000048,,,,DEFERRED_NO_GEOMETRY,CANONICAL_IDENTITY_CONFIRMED_BUT_NO_GOVERNED_ASSOCIABLE_GEOMETRY_EXISTS,SHARED_REFERENCE,Only the first 350 road source candidates are aligned to the locked canonical road baseline.
assocand:nngla:road:NG-RD-000049,ROAD,NG-RD-000049,NG-RD-CAND-000049,,,,DEFERRED_NO_GEOMETRY,CANONICAL_IDENTITY_CONFIRMED_BUT_NO_GOVERNED_ASSOCIABLE_GEOMETRY_EXISTS,SHARED_REFERENCE,Only the first 350 road source candidates are aligned to the locked canonical road baseline.
assocand:nngla:road:NG-RD-000050,ROAD,NG-RD-000050,NG-RD-CAND-000050,,,,DEFERRED_NO_GEOMETRY,CANONICAL_IDENTITY_CONFIRMED_BUT_NO_GOVERNED_ASSOCIABLE_GEOMETRY_EXISTS,SHARED_REFERENCE,Only the first 350 road source candidates are aligned to the locked canonical road baseline.
assocand:nngla:road:NG-RD-000051,ROAD,NG-RD-000051,NG-RD-CAND-000051,,,,DEFERRED_NO_GEOMETRY,CANONICAL_IDENTITY_CONFIRMED_BUT_NO_GOVERNED_ASSOCIABLE_GEOMETRY_EXISTS,SHARED_REFERENCE,Only the first 350 road source candidates are aligned to the locked canonical road baseline.
assocand:nngla:road:NG-RD-000052,ROAD,NG-RD-000052,NG-RD-CAND-000052,,,,DEFERRED_NO_GEOMETRY,CANONICAL_IDENTITY_CONFIRMED_BUT_NO_GOVERNED_ASSOCIABLE_GEOMETRY_EXISTS,SHARED_REFERENCE,Only the first 350 road source candidates are aligned to the locked canonical road baseline.
assocand:nngla:road:NG-RD-000053,ROAD,NG-RD-000053,NG-RD-CAND-000053,,,,DEFERRED_NO_GEOMETRY,CANONICAL_IDENTITY_CONFIRMED_BUT_NO_GOVERNED_ASSOCIABLE_GEOMETRY_EXISTS,SHARED_REFERENCE,Only the first 350 road source candidates are aligned to the locked canonical road baseline.
assocand:nngla:road:NG-RD-000054,ROAD,NG-RD-000054,NG-RD-CAND-000054,,,,DEFERRED_NO_GEOMETRY,CANONICAL_IDENTITY_CONFIRMED_BUT_NO_GOVERNED_ASSOCIABLE_GEOMETRY_EXISTS,SHARED_REFERENCE,Only the first 350 road source candidates are aligned to the locked canonical road baseline.
assocand:nngla:road:NG-RD-000055,ROAD,NG-RD-000055,NG-RD-CAND-000055,,,,DEFERRED_NO_GEOMETRY,CANONICAL_IDENTITY_CONFIRMED_BUT_NO_GOVERNED_ASSOCIABLE_GEOMETRY_EXISTS,SHARED_REFERENCE,Only the first 350 road source candidates are aligned to the locked canonical road baseline.
assocand:nngla:road:NG-RD-000056,ROAD,NG-RD-000056,NG-RD-CAND-000056,,,,DEFERRED_NO_GEOMETRY,CANONICAL_IDENTITY_CONFIRMED_BUT_NO_GOVERNED_ASSOCIABLE_GEOMETRY_EXISTS,SHARED_REFERENCE,Only the first 350 road source candidates are aligned to the locked canonical road baseline.
assocand:nngla:road:NG-RD-000057,ROAD,NG-RD-000057,NG-RD-CAND-000057,,,,DEFERRED_NO_GEOMETRY,CANONICAL_IDENTITY_CONFIRMED_BUT_NO_GOVERNED_ASSOCIABLE_GEOMETRY_EXISTS,SHARED_REFERENCE,Only the first 350 road source candidates are aligned to the locked canonical road baseline.
assocand:nngla:road:NG-RD-000058,ROAD,NG-RD-000058,NG-RD-CAND-000058,,,,DEFERRED_NO_GEOMETRY,CANONICAL_IDENTITY_CONFIRMED_BUT_NO_GOVERNED_ASSOCIABLE_GEOMETRY_EXISTS,SHARED_REFERENCE,Only the first 350 road source candidates are aligned to the locked canonical road baseline.
assocand:nngla:road:NG-RD-000059,ROAD,NG-RD-000059,NG-RD-CAND-000059,,,,DEFERRED_NO_GEOMETRY,CANONICAL_IDENTITY_CONFIRMED_BUT_NO_GOVERNED_ASSOCIABLE_GEOMETRY_EXISTS,SHARED_REFERENCE,Only the first 350 road source candidates are aligned to the locked canonical road baseline.
assocand:nngla:road:NG-RD-000060,ROAD,NG-RD-000060,NG-RD-CAND-000060,,,,DEFERRED_NO_GEOMETRY,CANONICAL_IDENTITY_CONFIRMED_BUT_NO_GOVERNED_ASSOCIABLE_GEOMETRY_EXISTS,SHARED_REFERENCE,Only the first 350 road source candidates are aligned to the locked canonical road baseline.
assocand:nngla:road:NG-RD-000061,ROAD,NG-RD-000061,NG-RD-CAND-000061,,,,DEFERRED_NO_GEOMETRY,CANONICAL_IDENTITY_CONFIRMED_BUT_NO_GOVERNED_ASSOCIABLE_GEOMETRY_EXISTS,SHARED_REFERENCE,Only the first 350 road source candidates are aligned to the locked canonical road baseline.
assocand:nngla:road:NG-RD-000062,ROAD,NG-RD-000062,NG-RD-CAND-000062,,,,DEFERRED_NO_GEOMETRY,CANONICAL_IDENTITY_CONFIRMED_BUT_NO_GOVERNED_ASSOCIABLE_GEOMETRY_EXISTS,SHARED_REFERENCE,Only the first 350 road source candidates are aligned to the locked canonical road baseline.
assocand:nngla:road:NG-RD-000063,ROAD,NG-RD-000063,NG-RD-CAND-000063,,,,DEFERRED_NO_GEOMETRY,CANONICAL_IDENTITY_CONFIRMED_BUT_NO_GOVERNED_ASSOCIABLE_GEOMETRY_EXISTS,SHARED_REFERENCE,Only the first 350 road source candidates are aligned to the locked canonical road baseline.
assocand:nngla:road:NG-RD-000064,ROAD,NG-RD-000064,NG-RD-CAND-000064,,,,DEFERRED_NO_GEOMETRY,CANONICAL_IDENTITY_CONFIRMED_BUT_NO_GOVERNED_ASSOCIABLE_GEOMETRY_EXISTS,SHARED_REFERENCE,Only the first 350 road source candidates are aligned to the locked canonical road baseline.
assocand:nngla:road:NG-RD-000065,ROAD,NG-RD-000065,NG-RD-CAND-000065,,,,DEFERRED_NO_GEOMETRY,CANONICAL_IDENTITY_CONFIRMED_BUT_NO_GOVERNED_ASSOCIABLE_GEOMETRY_EXISTS,SHARED_REFERENCE,Only the first 350 road source candidates are aligned to the locked canonical road baseline.
assocand:nngla:road:NG-RD-000066,ROAD,NG-RD-000066,NG-RD-CAND-000066,,,,DEFERRED_NO_GEOMETRY,CANONICAL_IDENTITY_CONFIRMED_BUT_NO_GOVERNED_ASSOCIABLE_GEOMETRY_EXISTS,SHARED_REFERENCE,Only the first 350 road source candidates are aligned to the locked canonical road baseline.
assocand:nngla:road:NG-RD-000067,ROAD,NG-RD-000067,NG-RD-CAND-000067,,,,DEFERRED_NO_GEOMETRY,CANONICAL_IDENTITY_CONFIRMED_BUT_NO_GOVERNED_ASSOCIABLE_GEOMETRY_EXISTS,SHARED_REFERENCE,Only the first 350 road source candidates are aligned to the locked canonical road baseline.
assocand:nngla:road:NG-RD-000068,ROAD,NG-RD-000068,NG-RD-CAND-000068,,,,DEFERRED_NO_GEOMETRY,CANONICAL_IDENTITY_CONFIRMED_BUT_NO_GOVERNED_ASSOCIABLE_GEOMETRY_EXISTS,SHARED_REFERENCE,Only the first 350 road source candidates are aligned to the locked canonical road baseline.
assocand:nngla:road:NG-RD-000069,ROAD,NG-RD-000069,NG-RD-CAND-000069,,,,DEFERRED_NO_GEOMETRY,CANONICAL_IDENTITY_CONFIRMED_BUT_NO_GOVERNED_ASSOCIABLE_GEOMETRY_EXISTS,SHARED_REFERENCE,Only the first 350 road source candidates are aligned to the locked canonical road baseline.
assocand:nngla:road:NG-RD-000070,ROAD,NG-RD-000070,NG-RD-CAND-000070,,,,DEFERRED_NO_GEOMETRY,CANONICAL_IDENTITY_CONFIRMED_BUT_NO_GOVERNED_ASSOCIABLE_GEOMETRY_EXISTS,SHARED_REFERENCE,Only the first 350 road source candidates are aligned to the locked canonical road baseline.
assocand:nngla:road:NG-RD-000071,ROAD,NG-RD-000071,NG-RD-CAND-000071,,,,DEFERRED_NO_GEOMETRY,CANONICAL_IDENTITY_CONFIRMED_BUT_NO_GOVERNED_ASSOCIABLE_GEOMETRY_EXISTS,SHARED_REFERENCE,Only the first 350 road source candidates are aligned to the locked canonical road baseline.
assocand:nngla:road:NG-RD-000072,ROAD,NG-RD-000072,NG-RD-CAND-000072,,,,DEFERRED_NO_GEOMETRY,CANONICAL_IDENTITY_CONFIRMED_BUT_NO_GOVERNED_ASSOCIABLE_GEOMETRY_EXISTS,SHARED_REFERENCE,Only the first 350 road source candidates are aligned to the locked canonical road baseline.
assocand:nngla:road:NG-RD-000073,ROAD,NG-RD-000073,NG-RD-CAND-000073,,,,DEFERRED_NO_GEOMETRY,CANONICAL_IDENTITY_CONFIRMED_BUT_NO_GOVERNED_ASSOCIABLE_GEOMETRY_EXISTS,SHARED_REFERENCE,Only the first 350 road source candidates are aligned to the locked canonical road baseline.
assocand:nngla:road:NG-RD-000074,ROAD,NG-RD-000074,NG-RD-CAND-000074,,,,DEFERRED_NO_GEOMETRY,CANONICAL_IDENTITY_CONFIRMED_BUT_NO_GOVERNED_ASSOCIABLE_GEOMETRY_EXISTS,SHARED_REFERENCE,Only the first 350 road source candidates are aligned to the locked canonical road baseline.
assocand:nngla:road:NG-RD-000075,ROAD,NG-RD-000075,NG-RD-CAND-000075,,,,DEFERRED_NO_GEOMETRY,CANONICAL_IDENTITY_CONFIRMED_BUT_NO_GOVERNED_ASSOCIABLE_GEOMETRY_EXISTS,SHARED_REFERENCE,Only the first 350 road source candidates are aligned to the locked canonical road baseline.
assocand:nngla:road:NG-RD-000076,ROAD,NG-RD-000076,NG-RD-CAND-000076,,,,DEFERRED_NO_GEOMETRY,CANONICAL_IDENTITY_CONFIRMED_BUT_NO_GOVERNED_ASSOCIABLE_GEOMETRY_EXISTS,SHARED_REFERENCE,Only the first 350 road source candidates are aligned to the locked canonical road baseline.
assocand:nngla:road:NG-RD-000077,ROAD,NG-RD-000077,NG-RD-CAND-000077,,,,DEFERRED_NO_GEOMETRY,CANONICAL_IDENTITY_CONFIRMED_BUT_NO_GOVERNED_ASSOCIABLE_GEOMETRY_EXISTS,SHARED_REFERENCE,Only the first 350 road source candidates are aligned to the locked canonical road baseline.
assocand:nngla:road:NG-RD-000078,ROAD,NG-RD-000078,NG-RD-CAND-000078,,,,DEFERRED_NO_GEOMETRY,CANONICAL_IDENTITY_CONFIRMED_BUT_NO_GOVERNED_ASSOCIABLE_GEOMETRY_EXISTS,SHARED_REFERENCE,Only the first 350 road source candidates are aligned to the locked canonical road baseline.
assocand:nngla:road:NG-RD-000079,ROAD,NG-RD-000079,NG-RD-CAND-000079,,,,DEFERRED_NO_GEOMETRY,CANONICAL_IDENTITY_CONFIRMED_BUT_NO_GOVERNED_ASSOCIABLE_GEOMETRY_EXISTS,SHARED_REFERENCE,Only the first 350 road source candidates are aligned to the locked canonical road baseline.
assocand:nngla:road:NG-RD-000080,ROAD,NG-RD-000080,NG-RD-CAND-000080,,,,DEFERRED_NO_GEOMETRY,CANONICAL_IDENTITY_CONFIRMED_BUT_NO_GOVERNED_ASSOCIABLE_GEOMETRY_EXISTS,SHARED_REFERENCE,Only the first 350 road source candidates are aligned to the locked canonical road baseline.
assocand:nngla:road:NG-RD-000081,ROAD,NG-RD-000081,NG-RD-CAND-000081,,,,DEFERRED_NO_GEOMETRY,CANONICAL_IDENTITY_CONFIRMED_BUT_NO_GOVERNED_ASSOCIABLE_GEOMETRY_EXISTS,SHARED_REFERENCE,Only the first 350 road source candidates are aligned to the locked canonical road baseline.
assocand:nngla:road:NG-RD-000082,ROAD,NG-RD-000082,NG-RD-CAND-000082,,,,DEFERRED_NO_GEOMETRY,CANONICAL_IDENTITY_CONFIRMED_BUT_NO_GOVERNED_ASSOCIABLE_GEOMETRY_EXISTS,SHARED_REFERENCE,Only the first 350 road source candidates are aligned to the locked canonical road baseline.
assocand:nngla:road:NG-RD-000083,ROAD,NG-RD-000083,NG-RD-CAND-000083,,,,DEFERRED_NO_GEOMETRY,CANONICAL_IDENTITY_CONFIRMED_BUT_NO_GOVERNED_ASSOCIABLE_GEOMETRY_EXISTS,SHARED_REFERENCE,Only the first 350 road source candidates are aligned to the locked canonical road baseline.
assocand:nngla:road:NG-RD-000084,ROAD,NG-RD-000084,NG-RD-CAND-000084,,,,DEFERRED_NO_GEOMETRY,CANONICAL_IDENTITY_CONFIRMED_BUT_NO_GOVERNED_ASSOCIABLE_GEOMETRY_EXISTS,SHARED_REFERENCE,Only the first 350 road source candidates are aligned to the locked canonical road baseline.
assocand:nngla:road:NG-RD-000085,ROAD,NG-RD-000085,NG-RD-CAND-000085,,,,DEFERRED_NO_GEOMETRY,CANONICAL_IDENTITY_CONFIRMED_BUT_NO_GOVERNED_ASSOCIABLE_GEOMETRY_EXISTS,SHARED_REFERENCE,Only the first 350 road source candidates are aligned to the locked canonical road baseline.
assocand:nngla:road:NG-RD-000086,ROAD,NG-RD-000086,NG-RD-CAND-000086,,,,DEFERRED_NO_GEOMETRY,CANONICAL_IDENTITY_CONFIRMED_BUT_NO_GOVERNED_ASSOCIABLE_GEOMETRY_EXISTS,SHARED_REFERENCE,Only the first 350 road source candidates are aligned to the locked canonical road baseline.
assocand:nngla:road:NG-RD-000087,ROAD,NG-RD-000087,NG-RD-CAND-000087,,,,DEFERRED_NO_GEOMETRY,CANONICAL_IDENTITY_CONFIRMED_BUT_NO_GOVERNED_ASSOCIABLE_GEOMETRY_EXISTS,SHARED_REFERENCE,Only the first 350 road source candidates are aligned to the locked canonical road baseline.
assocand:nngla:road:NG-RD-000088,ROAD,NG-RD-000088,NG-RD-CAND-000088,,,,DEFERRED_NO_GEOMETRY,CANONICAL_IDENTITY_CONFIRMED_BUT_NO_GOVERNED_ASSOCIABLE_GEOMETRY_EXISTS,SHARED_REFERENCE,Only the first 350 road source candidates are aligned to the locked canonical road baseline.
assocand:nngla:road:NG-RD-000089,ROAD,NG-RD-000089,NG-RD-CAND-000089,,,,DEFERRED_NO_GEOMETRY,CANONICAL_IDENTITY_CONFIRMED_BUT_NO_GOVERNED_ASSOCIABLE_GEOMETRY_EXISTS,SHARED_REFERENCE,Only the first 350 road source candidates are aligned to the locked canonical road baseline.
assocand:nngla:road:NG-RD-000090,ROAD,NG-RD-000090,NG-RD-CAND-000090,,,,DEFERRED_NO_GEOMETRY,CANONICAL_IDENTITY_CONFIRMED_BUT_NO_GOVERNED_ASSOCIABLE_GEOMETRY_EXISTS,SHARED_REFERENCE,Only the first 350 road source candidates are aligned to the locked canonical road baseline.
assocand:nngla:road:NG-RD-000091,ROAD,NG-RD-000091,NG-RD-CAND-000091,,,,DEFERRED_NO_GEOMETRY,CANONICAL_IDENTITY_CONFIRMED_BUT_NO_GOVERNED_ASSOCIABLE_GEOMETRY_EXISTS,SHARED_REFERENCE,Only the first 350 road source candidates are aligned to the locked canonical road baseline.
assocand:nngla:road:NG-RD-000092,ROAD,NG-RD-000092,NG-RD-CAND-000092,,,,DEFERRED_NO_GEOMETRY,CANONICAL_IDENTITY_CONFIRMED_BUT_NO_GOVERNED_ASSOCIABLE_GEOMETRY_EXISTS,SHARED_REFERENCE,Only the first 350 road source candidates are aligned to the locked canonical road baseline.
assocand:nngla:road:NG-RD-000093,ROAD,NG-RD-000093,NG-RD-CAND-000093,,,,DEFERRED_NO_GEOMETRY,CANONICAL_IDENTITY_CONFIRMED_BUT_NO_GOVERNED_ASSOCIABLE_GEOMETRY_EXISTS,SHARED_REFERENCE,Only the first 350 road source candidates are aligned to the locked canonical road baseline.
assocand:nngla:road:NG-RD-000094,ROAD,NG-RD-000094,NG-RD-CAND-000094,,,,DEFERRED_NO_GEOMETRY,CANONICAL_IDENTITY_CONFIRMED_BUT_NO_GOVERNED_ASSOCIABLE_GEOMETRY_EXISTS,SHARED_REFERENCE,Only the first 350 road source candidates are aligned to the locked canonical road baseline.
assocand:nngla:road:NG-RD-000095,ROAD,NG-RD-000095,NG-RD-CAND-000095,,,,DEFERRED_NO_GEOMETRY,CANONICAL_IDENTITY_CONFIRMED_BUT_NO_GOVERNED_ASSOCIABLE_GEOMETRY_EXISTS,SHARED_REFERENCE,Only the first 350 road source candidates are aligned to the locked canonical road baseline.
assocand:nngla:road:NG-RD-000096,ROAD,NG-RD-000096,NG-RD-CAND-000096,,,,DEFERRED_NO_GEOMETRY,CANONICAL_IDENTITY_CONFIRMED_BUT_NO_GOVERNED_ASSOCIABLE_GEOMETRY_EXISTS,SHARED_REFERENCE,Only the first 350 road source candidates are aligned to the locked canonical road baseline.
assocand:nngla:road:NG-RD-000097,ROAD,NG-RD-000097,NG-RD-CAND-000097,,,,DEFERRED_NO_GEOMETRY,CANONICAL_IDENTITY_CONFIRMED_BUT_NO_GOVERNED_ASSOCIABLE_GEOMETRY_EXISTS,SHARED_REFERENCE,Only the first 350 road source candidates are aligned to the locked canonical road baseline.
assocand:nngla:road:NG-RD-000098,ROAD,NG-RD-000098,NG-RD-CAND-000098,,,,DEFERRED_NO_GEOMETRY,CANONICAL_IDENTITY_CONFIRMED_BUT_NO_GOVERNED_ASSOCIABLE_GEOMETRY_EXISTS,SHARED_REFERENCE,Only the first 350 road source candidates are aligned to the locked canonical road baseline.
assocand:nngla:road:NG-RD-000099,ROAD,NG-RD-000099,NG-RD-CAND-000099,,,,DEFERRED_NO_GEOMETRY,CANONICAL_IDENTITY_CONFIRMED_BUT_NO_GOVERNED_ASSOCIABLE_GEOMETRY_EXISTS,SHARED_REFERENCE,Only the first 350 road source candidates are aligned to the locked canonical road baseline.
assocand:nngla:road:NG-RD-000100,ROAD,NG-RD-000100,NG-RD-CAND-000100,,,,DEFERRED_NO_GEOMETRY,CANONICAL_IDENTITY_CONFIRMED_BUT_NO_GOVERNED_ASSOCIABLE_GEOMETRY_EXISTS,SHARED_REFERENCE,Only the first 350 road source candidates are aligned to the locked canonical road baseline.
assocand:nngla:road:NG-RD-000101,ROAD,NG-RD-000101,NG-RD-CAND-000101,,,,DEFERRED_NO_GEOMETRY,CANONICAL_IDENTITY_CONFIRMED_BUT_NO_GOVERNED_ASSOCIABLE_GEOMETRY_EXISTS,SHARED_REFERENCE,Only the first 350 road source candidates are aligned to the locked canonical road baseline.
assocand:nngla:road:NG-RD-000102,ROAD,NG-RD-000102,NG-RD-CAND-000102,,,,DEFERRED_NO_GEOMETRY,CANONICAL_IDENTITY_CONFIRMED_BUT_NO_GOVERNED_ASSOCIABLE_GEOMETRY_EXISTS,SHARED_REFERENCE,Only the first 350 road source candidates are aligned to the locked canonical road baseline.
assocand:nngla:road:NG-RD-000103,ROAD,NG-RD-000103,NG-RD-CAND-000103,,,,DEFERRED_NO_GEOMETRY,CANONICAL_IDENTITY_CONFIRMED_BUT_NO_GOVERNED_ASSOCIABLE_GEOMETRY_EXISTS,SHARED_REFERENCE,Only the first 350 road source candidates are aligned to the locked canonical road baseline.
assocand:nngla:road:NG-RD-000104,ROAD,NG-RD-000104,NG-RD-CAND-000104,,,,DEFERRED_NO_GEOMETRY,CANONICAL_IDENTITY_CONFIRMED_BUT_NO_GOVERNED_ASSOCIABLE_GEOMETRY_EXISTS,SHARED_REFERENCE,Only the first 350 road source candidates are aligned to the locked canonical road baseline.
assocand:nngla:road:NG-RD-000105,ROAD,NG-RD-000105,NG-RD-CAND-000105,,,,DEFERRED_NO_GEOMETRY,CANONICAL_IDENTITY_CONFIRMED_BUT_NO_GOVERNED_ASSOCIABLE_GEOMETRY_EXISTS,SHARED_REFERENCE,Only the first 350 road source candidates are aligned to the locked canonical road baseline.
assocand:nngla:road:NG-RD-000106,ROAD,NG-RD-000106,NG-RD-CAND-000106,,,,DEFERRED_NO_GEOMETRY,CANONICAL_IDENTITY_CONFIRMED_BUT_NO_GOVERNED_ASSOCIABLE_GEOMETRY_EXISTS,SHARED_REFERENCE,Only the first 350 road source candidates are aligned to the locked canonical road baseline.
assocand:nngla:road:NG-RD-000107,ROAD,NG-RD-000107,NG-RD-CAND-000107,,,,DEFERRED_NO_GEOMETRY,CANONICAL_IDENTITY_CONFIRMED_BUT_NO_GOVERNED_ASSOCIABLE_GEOMETRY_EXISTS,SHARED_REFERENCE,Only the first 350 road source candidates are aligned to the locked canonical road baseline.
assocand:nngla:road:NG-RD-000108,ROAD,NG-RD-000108,NG-RD-CAND-000108,,,,DEFERRED_NO_GEOMETRY,CANONICAL_IDENTITY_CONFIRMED_BUT_NO_GOVERNED_ASSOCIABLE_GEOMETRY_EXISTS,SHARED_REFERENCE,Only the first 350 road source candidates are aligned to the locked canonical road baseline.
assocand:nngla:road:NG-RD-000109,ROAD,NG-RD-000109,NG-RD-CAND-000109,,,,DEFERRED_NO_GEOMETRY,CANONICAL_IDENTITY_CONFIRMED_BUT_NO_GOVERNED_ASSOCIABLE_GEOMETRY_EXISTS,SHARED_REFERENCE,Only the first 350 road source candidates are aligned to the locked canonical road baseline.
assocand:nngla:road:NG-RD-000110,ROAD,NG-RD-000110,NG-RD-CAND-000110,,,,DEFERRED_NO_GEOMETRY,CANONICAL_IDENTITY_CONFIRMED_BUT_NO_GOVERNED_ASSOCIABLE_GEOMETRY_EXISTS,SHARED_REFERENCE,Only the first 350 road source candidates are aligned to the locked canonical road baseline.
assocand:nngla:road:NG-RD-000111,ROAD,NG-RD-000111,NG-RD-CAND-000111,,,,DEFERRED_NO_GEOMETRY,CANONICAL_IDENTITY_CONFIRMED_BUT_NO_GOVERNED_ASSOCIABLE_GEOMETRY_EXISTS,SHARED_REFERENCE,Only the first 350 road source candidates are aligned to the locked canonical road baseline.
assocand:nngla:road:NG-RD-000112,ROAD,NG-RD-000112,NG-RD-CAND-000112,,,,DEFERRED_NO_GEOMETRY,CANONICAL_IDENTITY_CONFIRMED_BUT_NO_GOVERNED_ASSOCIABLE_GEOMETRY_EXISTS,SHARED_REFERENCE,Only the first 350 road source candidates are aligned to the locked canonical road baseline.
assocand:nngla:road:NG-RD-000113,ROAD,NG-RD-000113,NG-RD-CAND-000113,,,,DEFERRED_NO_GEOMETRY,CANONICAL_IDENTITY_CONFIRMED_BUT_NO_GOVERNED_ASSOCIABLE_GEOMETRY_EXISTS,SHARED_REFERENCE,Only the first 350 road source candidates are aligned to the locked canonical road baseline.
assocand:nngla:road:NG-RD-000114,ROAD,NG-RD-000114,NG-RD-CAND-000114,,,,DEFERRED_NO_GEOMETRY,CANONICAL_IDENTITY_CONFIRMED_BUT_NO_GOVERNED_ASSOCIABLE_GEOMETRY_EXISTS,SHARED_REFERENCE,Only the first 350 road source candidates are aligned to the locked canonical road baseline.
assocand:nngla:road:NG-RD-000115,ROAD,NG-RD-000115,NG-RD-CAND-000115,,,,DEFERRED_NO_GEOMETRY,CANONICAL_IDENTITY_CONFIRMED_BUT_NO_GOVERNED_ASSOCIABLE_GEOMETRY_EXISTS,SHARED_REFERENCE,Only the first 350 road source candidates are aligned to the locked canonical road baseline.
assocand:nngla:road:NG-RD-000116,ROAD,NG-RD-000116,NG-RD-CAND-000116,,,,DEFERRED_NO_GEOMETRY,CANONICAL_IDENTITY_CONFIRMED_BUT_NO_GOVERNED_ASSOCIABLE_GEOMETRY_EXISTS,SHARED_REFERENCE,Only the first 350 road source candidates are aligned to the locked canonical road baseline.
assocand:nngla:road:NG-RD-000117,ROAD,NG-RD-000117,NG-RD-CAND-000117,,,,DEFERRED_NO_GEOMETRY,CANONICAL_IDENTITY_CONFIRMED_BUT_NO_GOVERNED_ASSOCIABLE_GEOMETRY_EXISTS,SHARED_REFERENCE,Only the first 350 road source candidates are aligned to the locked canonical road baseline.
assocand:nngla:road:NG-RD-000118,ROAD,NG-RD-000118,NG-RD-CAND-000118,,,,DEFERRED_NO_GEOMETRY,CANONICAL_IDENTITY_CONFIRMED_BUT_NO_GOVERNED_ASSOCIABLE_GEOMETRY_EXISTS,SHARED_REFERENCE,Only the first 350 road source candidates are aligned to the locked canonical road baseline.
assocand:nngla:road:NG-RD-000119,ROAD,NG-RD-000119,NG-RD-CAND-000119,,,,DEFERRED_NO_GEOMETRY,CANONICAL_IDENTITY_CONFIRMED_BUT_NO_GOVERNED_ASSOCIABLE_GEOMETRY_EXISTS,SHARED_REFERENCE,Only the first 350 road source candidates are aligned to the locked canonical road baseline.
assocand:nngla:road:NG-RD-000120,ROAD,NG-RD-000120,NG-RD-CAND-000120,,,,DEFERRED_NO_GEOMETRY,CANONICAL_IDENTITY_CONFIRMED_BUT_NO_GOVERNED_ASSOCIABLE_GEOMETRY_EXISTS,SHARED_REFERENCE,Only the first 350 road source candidates are aligned to the locked canonical road baseline.
assocand:nngla:road:NG-RD-000121,ROAD,NG-RD-000121,NG-RD-CAND-000121,,,,DEFERRED_NO_GEOMETRY,CANONICAL_IDENTITY_CONFIRMED_BUT_NO_GOVERNED_ASSOCIABLE_GEOMETRY_EXISTS,SHARED_REFERENCE,Only the first 350 road source candidates are aligned to the locked canonical road baseline.
assocand:nngla:road:NG-RD-000122,ROAD,NG-RD-000122,NG-RD-CAND-000122,,,,DEFERRED_NO_GEOMETRY,CANONICAL_IDENTITY_CONFIRMED_BUT_NO_GOVERNED_ASSOCIABLE_GEOMETRY_EXISTS,SHARED_REFERENCE,Only the first 350 road source candidates are aligned to the locked canonical road baseline.
assocand:nngla:road:NG-RD-000123,ROAD,NG-RD-000123,NG-RD-CAND-000123,,,,DEFERRED_NO_GEOMETRY,CANONICAL_IDENTITY_CONFIRMED_BUT_NO_GOVERNED_ASSOCIABLE_GEOMETRY_EXISTS,SHARED_REFERENCE,Only the first 350 road source candidates are aligned to the locked canonical road baseline.
assocand:nngla:road:NG-RD-000124,ROAD,NG-RD-000124,NG-RD-CAND-000124,,,,DEFERRED_NO_GEOMETRY,CANONICAL_IDENTITY_CONFIRMED_BUT_NO_GOVERNED_ASSOCIABLE_GEOMETRY_EXISTS,SHARED_REFERENCE,Only the first 350 road source candidates are aligned to the locked canonical road baseline.
assocand:nngla:road:NG-RD-000125,ROAD,NG-RD-000125,NG-RD-CAND-000125,,,,DEFERRED_NO_GEOMETRY,CANONICAL_IDENTITY_CONFIRMED_BUT_NO_GOVERNED_ASSOCIABLE_GEOMETRY_EXISTS,SHARED_REFERENCE,Only the first 350 road source candidates are aligned to the locked canonical road baseline.
assocand:nngla:road:NG-RD-000126,ROAD,NG-RD-000126,NG-RD-CAND-000126,,,,DEFERRED_NO_GEOMETRY,CANONICAL_IDENTITY_CONFIRMED_BUT_NO_GOVERNED_ASSOCIABLE_GEOMETRY_EXISTS,SHARED_REFERENCE,Only the first 350 road source candidates are aligned to the locked canonical road baseline.
assocand:nngla:road:NG-RD-000127,ROAD,NG-RD-000127,NG-RD-CAND-000127,,,,DEFERRED_NO_GEOMETRY,CANONICAL_IDENTITY_CONFIRMED_BUT_NO_GOVERNED_ASSOCIABLE_GEOMETRY_EXISTS,SHARED_REFERENCE,Only the first 350 road source candidates are aligned to the locked canonical road baseline.
assocand:nngla:road:NG-RD-000128,ROAD,NG-RD-000128,NG-RD-CAND-000128,,,,DEFERRED_NO_GEOMETRY,CANONICAL_IDENTITY_CONFIRMED_BUT_NO_GOVERNED_ASSOCIABLE_GEOMETRY_EXISTS,SHARED_REFERENCE,Only the first 350 road source candidates are aligned to the locked canonical road baseline.
assocand:nngla:road:NG-RD-000129,ROAD,NG-RD-000129,NG-RD-CAND-000129,,,,DEFERRED_NO_GEOMETRY,CANONICAL_IDENTITY_CONFIRMED_BUT_NO_GOVERNED_ASSOCIABLE_GEOMETRY_EXISTS,SHARED_REFERENCE,Only the first 350 road source candidates are aligned to the locked canonical road baseline.
assocand:nngla:road:NG-RD-000130,ROAD,NG-RD-000130,NG-RD-CAND-000130,,,,DEFERRED_NO_GEOMETRY,CANONICAL_IDENTITY_CONFIRMED_BUT_NO_GOVERNED_ASSOCIABLE_GEOMETRY_EXISTS,SHARED_REFERENCE,Only the first 350 road source candidates are aligned to the locked canonical road baseline.
assocand:nngla:road:NG-RD-000131,ROAD,NG-RD-000131,NG-RD-CAND-000131,,,,DEFERRED_NO_GEOMETRY,CANONICAL_IDENTITY_CONFIRMED_BUT_NO_GOVERNED_ASSOCIABLE_GEOMETRY_EXISTS,SHARED_REFERENCE,Only the first 350 road source candidates are aligned to the locked canonical road baseline.
assocand:nngla:road:NG-RD-000132,ROAD,NG-RD-000132,NG-RD-CAND-000132,,,,DEFERRED_NO_GEOMETRY,CANONICAL_IDENTITY_CONFIRMED_BUT_NO_GOVERNED_ASSOCIABLE_GEOMETRY_EXISTS,SHARED_REFERENCE,Only the first 350 road source candidates are aligned to the locked canonical road baseline.
assocand:nngla:road:NG-RD-000133,ROAD,NG-RD-000133,NG-RD-CAND-000133,,,,DEFERRED_NO_GEOMETRY,CANONICAL_IDENTITY_CONFIRMED_BUT_NO_GOVERNED_ASSOCIABLE_GEOMETRY_EXISTS,SHARED_REFERENCE,Only the first 350 road source candidates are aligned to the locked canonical road baseline.
assocand:nngla:road:NG-RD-000134,ROAD,NG-RD-000134,NG-RD-CAND-000134,,,,DEFERRED_NO_GEOMETRY,CANONICAL_IDENTITY_CONFIRMED_BUT_NO_GOVERNED_ASSOCIABLE_GEOMETRY_EXISTS,SHARED_REFERENCE,Only the first 350 road source candidates are aligned to the locked canonical road baseline.
assocand:nngla:road:NG-RD-000135,ROAD,NG-RD-000135,NG-RD-CAND-000135,,,,DEFERRED_NO_GEOMETRY,CANONICAL_IDENTITY_CONFIRMED_BUT_NO_GOVERNED_ASSOCIABLE_GEOMETRY_EXISTS,SHARED_REFERENCE,Only the first 350 road source candidates are aligned to the locked canonical road baseline.
assocand:nngla:road:NG-RD-000136,ROAD,NG-RD-000136,NG-RD-CAND-000136,,,,DEFERRED_NO_GEOMETRY,CANONICAL_IDENTITY_CONFIRMED_BUT_NO_GOVERNED_ASSOCIABLE_GEOMETRY_EXISTS,SHARED_REFERENCE,Only the first 350 road source candidates are aligned to the locked canonical road baseline.
assocand:nngla:road:NG-RD-000137,ROAD,NG-RD-000137,NG-RD-CAND-000137,,,,DEFERRED_NO_GEOMETRY,CANONICAL_IDENTITY_CONFIRMED_BUT_NO_GOVERNED_ASSOCIABLE_GEOMETRY_EXISTS,SHARED_REFERENCE,Only the first 350 road source candidates are aligned to the locked canonical road baseline.
assocand:nngla:road:NG-RD-000138,ROAD,NG-RD-000138,NG-RD-CAND-000138,,,,DEFERRED_NO_GEOMETRY,CANONICAL_IDENTITY_CONFIRMED_BUT_NO_GOVERNED_ASSOCIABLE_GEOMETRY_EXISTS,SHARED_REFERENCE,Only the first 350 road source candidates are aligned to the locked canonical road baseline.
assocand:nngla:road:NG-RD-000139,ROAD,NG-RD-000139,NG-RD-CAND-000139,,,,DEFERRED_NO_GEOMETRY,CANONICAL_IDENTITY_CONFIRMED_BUT_NO_GOVERNED_ASSOCIABLE_GEOMETRY_EXISTS,SHARED_REFERENCE,Only the first 350 road source candidates are aligned to the locked canonical road baseline.
assocand:nngla:road:NG-RD-000140,ROAD,NG-RD-000140,NG-RD-CAND-000140,,,,DEFERRED_NO_GEOMETRY,CANONICAL_IDENTITY_CONFIRMED_BUT_NO_GOVERNED_ASSOCIABLE_GEOMETRY_EXISTS,SHARED_REFERENCE,Only the first 350 road source candidates are aligned to the locked canonical road baseline.
assocand:nngla:road:NG-RD-000141,ROAD,NG-RD-000141,NG-RD-CAND-000141,,,,DEFERRED_NO_GEOMETRY,CANONICAL_IDENTITY_CONFIRMED_BUT_NO_GOVERNED_ASSOCIABLE_GEOMETRY_EXISTS,SHARED_REFERENCE,Only the first 350 road source candidates are aligned to the locked canonical road baseline.
assocand:nngla:road:NG-RD-000142,ROAD,NG-RD-000142,NG-RD-CAND-000142,,,,DEFERRED_NO_GEOMETRY,CANONICAL_IDENTITY_CONFIRMED_BUT_NO_GOVERNED_ASSOCIABLE_GEOMETRY_EXISTS,SHARED_REFERENCE,Only the first 350 road source candidates are aligned to the locked canonical road baseline.
assocand:nngla:road:NG-RD-000143,ROAD,NG-RD-000143,NG-RD-CAND-000143,,,,DEFERRED_NO_GEOMETRY,CANONICAL_IDENTITY_CONFIRMED_BUT_NO_GOVERNED_ASSOCIABLE_GEOMETRY_EXISTS,SHARED_REFERENCE,Only the first 350 road source candidates are aligned to the locked canonical road baseline.
assocand:nngla:road:NG-RD-000144,ROAD,NG-RD-000144,NG-RD-CAND-000144,,,,DEFERRED_NO_GEOMETRY,CANONICAL_IDENTITY_CONFIRMED_BUT_NO_GOVERNED_ASSOCIABLE_GEOMETRY_EXISTS,SHARED_REFERENCE,Only the first 350 road source candidates are aligned to the locked canonical road baseline.
assocand:nngla:road:NG-RD-000145,ROAD,NG-RD-000145,NG-RD-CAND-000145,,,,DEFERRED_NO_GEOMETRY,CANONICAL_IDENTITY_CONFIRMED_BUT_NO_GOVERNED_ASSOCIABLE_GEOMETRY_EXISTS,SHARED_REFERENCE,Only the first 350 road source candidates are aligned to the locked canonical road baseline.
assocand:nngla:road:NG-RD-000146,ROAD,NG-RD-000146,NG-RD-CAND-000146,,,,DEFERRED_NO_GEOMETRY,CANONICAL_IDENTITY_CONFIRMED_BUT_NO_GOVERNED_ASSOCIABLE_GEOMETRY_EXISTS,SHARED_REFERENCE,Only the first 350 road source candidates are aligned to the locked canonical road baseline.
assocand:nngla:road:NG-RD-000147,ROAD,NG-RD-000147,NG-RD-CAND-000147,,,,DEFERRED_NO_GEOMETRY,CANONICAL_IDENTITY_CONFIRMED_BUT_NO_GOVERNED_ASSOCIABLE_GEOMETRY_EXISTS,SHARED_REFERENCE,Only the first 350 road source candidates are aligned to the locked canonical road baseline.
assocand:nngla:road:NG-RD-000148,ROAD,NG-RD-000148,NG-RD-CAND-000148,,,,DEFERRED_NO_GEOMETRY,CANONICAL_IDENTITY_CONFIRMED_BUT_NO_GOVERNED_ASSOCIABLE_GEOMETRY_EXISTS,SHARED_REFERENCE,Only the first 350 road source candidates are aligned to the locked canonical road baseline.
assocand:nngla:road:NG-RD-000149,ROAD,NG-RD-000149,NG-RD-CAND-000149,,,,DEFERRED_NO_GEOMETRY,CANONICAL_IDENTITY_CONFIRMED_BUT_NO_GOVERNED_ASSOCIABLE_GEOMETRY_EXISTS,SHARED_REFERENCE,Only the first 350 road source candidates are aligned to the locked canonical road baseline.
assocand:nngla:road:NG-RD-000150,ROAD,NG-RD-000150,NG-RD-CAND-000150,,,,DEFERRED_NO_GEOMETRY,CANONICAL_IDENTITY_CONFIRMED_BUT_NO_GOVERNED_ASSOCIABLE_GEOMETRY_EXISTS,SHARED_REFERENCE,Only the first 350 road source candidates are aligned to the locked canonical road baseline.
assocand:nngla:road:NG-RD-000151,ROAD,NG-RD-000151,NG-RD-CAND-000151,,,,DEFERRED_NO_GEOMETRY,CANONICAL_IDENTITY_CONFIRMED_BUT_NO_GOVERNED_ASSOCIABLE_GEOMETRY_EXISTS,SHARED_REFERENCE,Only the first 350 road source candidates are aligned to the locked canonical road baseline.
assocand:nngla:road:NG-RD-000152,ROAD,NG-RD-000152,NG-RD-CAND-000152,,,,DEFERRED_NO_GEOMETRY,CANONICAL_IDENTITY_CONFIRMED_BUT_NO_GOVERNED_ASSOCIABLE_GEOMETRY_EXISTS,SHARED_REFERENCE,Only the first 350 road source candidates are aligned to the locked canonical road baseline.
assocand:nngla:road:NG-RD-000153,ROAD,NG-RD-000153,NG-RD-CAND-000153,,,,DEFERRED_NO_GEOMETRY,CANONICAL_IDENTITY_CONFIRMED_BUT_NO_GOVERNED_ASSOCIABLE_GEOMETRY_EXISTS,SHARED_REFERENCE,Only the first 350 road source candidates are aligned to the locked canonical road baseline.
assocand:nngla:road:NG-RD-000154,ROAD,NG-RD-000154,NG-RD-CAND-000154,,,,DEFERRED_NO_GEOMETRY,CANONICAL_IDENTITY_CONFIRMED_BUT_NO_GOVERNED_ASSOCIABLE_GEOMETRY_EXISTS,SHARED_REFERENCE,Only the first 350 road source candidates are aligned to the locked canonical road baseline.
assocand:nngla:road:NG-RD-000155,ROAD,NG-RD-000155,NG-RD-CAND-000155,,,,DEFERRED_NO_GEOMETRY,CANONICAL_IDENTITY_CONFIRMED_BUT_NO_GOVERNED_ASSOCIABLE_GEOMETRY_EXISTS,SHARED_REFERENCE,Only the first 350 road source candidates are aligned to the locked canonical road baseline.
assocand:nngla:road:NG-RD-000156,ROAD,NG-RD-000156,NG-RD-CAND-000156,,,,DEFERRED_NO_GEOMETRY,CANONICAL_IDENTITY_CONFIRMED_BUT_NO_GOVERNED_ASSOCIABLE_GEOMETRY_EXISTS,SHARED_REFERENCE,Only the first 350 road source candidates are aligned to the locked canonical road baseline.
assocand:nngla:road:NG-RD-000157,ROAD,NG-RD-000157,NG-RD-CAND-000157,,,,DEFERRED_NO_GEOMETRY,CANONICAL_IDENTITY_CONFIRMED_BUT_NO_GOVERNED_ASSOCIABLE_GEOMETRY_EXISTS,SHARED_REFERENCE,Only the first 350 road source candidates are aligned to the locked canonical road baseline.
assocand:nngla:road:NG-RD-000158,ROAD,NG-RD-000158,NG-RD-CAND-000158,,,,DEFERRED_NO_GEOMETRY,CANONICAL_IDENTITY_CONFIRMED_BUT_NO_GOVERNED_ASSOCIABLE_GEOMETRY_EXISTS,SHARED_REFERENCE,Only the first 350 road source candidates are aligned to the locked canonical road baseline.
assocand:nngla:road:NG-RD-000159,ROAD,NG-RD-000159,NG-RD-CAND-000159,,,,DEFERRED_NO_GEOMETRY,CANONICAL_IDENTITY_CONFIRMED_BUT_NO_GOVERNED_ASSOCIABLE_GEOMETRY_EXISTS,SHARED_REFERENCE,Only the first 350 road source candidates are aligned to the locked canonical road baseline.
assocand:nngla:road:NG-RD-000160,ROAD,NG-RD-000160,NG-RD-CAND-000160,,,,DEFERRED_NO_GEOMETRY,CANONICAL_IDENTITY_CONFIRMED_BUT_NO_GOVERNED_ASSOCIABLE_GEOMETRY_EXISTS,SHARED_REFERENCE,Only the first 350 road source candidates are aligned to the locked canonical road baseline.
assocand:nngla:road:NG-RD-000161,ROAD,NG-RD-000161,NG-RD-CAND-000161,,,,DEFERRED_NO_GEOMETRY,CANONICAL_IDENTITY_CONFIRMED_BUT_NO_GOVERNED_ASSOCIABLE_GEOMETRY_EXISTS,SHARED_REFERENCE,Only the first 350 road source candidates are aligned to the locked canonical road baseline.
assocand:nngla:road:NG-RD-000162,ROAD,NG-RD-000162,NG-RD-CAND-000162,,,,DEFERRED_NO_GEOMETRY,CANONICAL_IDENTITY_CONFIRMED_BUT_NO_GOVERNED_ASSOCIABLE_GEOMETRY_EXISTS,SHARED_REFERENCE,Only the first 350 road source candidates are aligned to the locked canonical road baseline.
assocand:nngla:road:NG-RD-000163,ROAD,NG-RD-000163,NG-RD-CAND-000163,,,,DEFERRED_NO_GEOMETRY,CANONICAL_IDENTITY_CONFIRMED_BUT_NO_GOVERNED_ASSOCIABLE_GEOMETRY_EXISTS,SHARED_REFERENCE,Only the first 350 road source candidates are aligned to the locked canonical road baseline.
assocand:nngla:road:NG-RD-000164,ROAD,NG-RD-000164,NG-RD-CAND-000164,,,,DEFERRED_NO_GEOMETRY,CANONICAL_IDENTITY_CONFIRMED_BUT_NO_GOVERNED_ASSOCIABLE_GEOMETRY_EXISTS,SHARED_REFERENCE,Only the first 350 road source candidates are aligned to the locked canonical road baseline.
assocand:nngla:road:NG-RD-000165,ROAD,NG-RD-000165,NG-RD-CAND-000165,,,,DEFERRED_NO_GEOMETRY,CANONICAL_IDENTITY_CONFIRMED_BUT_NO_GOVERNED_ASSOCIABLE_GEOMETRY_EXISTS,SHARED_REFERENCE,Only the first 350 road source candidates are aligned to the locked canonical road baseline.
assocand:nngla:road:NG-RD-000166,ROAD,NG-RD-000166,NG-RD-CAND-000166,,,,DEFERRED_NO_GEOMETRY,CANONICAL_IDENTITY_CONFIRMED_BUT_NO_GOVERNED_ASSOCIABLE_GEOMETRY_EXISTS,SHARED_REFERENCE,Only the first 350 road source candidates are aligned to the locked canonical road baseline.
assocand:nngla:road:NG-RD-000167,ROAD,NG-RD-000167,NG-RD-CAND-000167,,,,DEFERRED_NO_GEOMETRY,CANONICAL_IDENTITY_CONFIRMED_BUT_NO_GOVERNED_ASSOCIABLE_GEOMETRY_EXISTS,SHARED_REFERENCE,Only the first 350 road source candidates are aligned to the locked canonical road baseline.
assocand:nngla:road:NG-RD-000168,ROAD,NG-RD-000168,NG-RD-CAND-000168,,,,DEFERRED_NO_GEOMETRY,CANONICAL_IDENTITY_CONFIRMED_BUT_NO_GOVERNED_ASSOCIABLE_GEOMETRY_EXISTS,SHARED_REFERENCE,Only the first 350 road source candidates are aligned to the locked canonical road baseline.
assocand:nngla:road:NG-RD-000169,ROAD,NG-RD-000169,NG-RD-CAND-000169,,,,DEFERRED_NO_GEOMETRY,CANONICAL_IDENTITY_CONFIRMED_BUT_NO_GOVERNED_ASSOCIABLE_GEOMETRY_EXISTS,SHARED_REFERENCE,Only the first 350 road source candidates are aligned to the locked canonical road baseline.
assocand:nngla:road:NG-RD-000170,ROAD,NG-RD-000170,NG-RD-CAND-000170,,,,DEFERRED_NO_GEOMETRY,CANONICAL_IDENTITY_CONFIRMED_BUT_NO_GOVERNED_ASSOCIABLE_GEOMETRY_EXISTS,SHARED_REFERENCE,Only the first 350 road source candidates are aligned to the locked canonical road baseline.
assocand:nngla:road:NG-RD-000171,ROAD,NG-RD-000171,NG-RD-CAND-000171,,,,DEFERRED_NO_GEOMETRY,CANONICAL_IDENTITY_CONFIRMED_BUT_NO_GOVERNED_ASSOCIABLE_GEOMETRY_EXISTS,SHARED_REFERENCE,Only the first 350 road source candidates are aligned to the locked canonical road baseline.
assocand:nngla:road:NG-RD-000172,ROAD,NG-RD-000172,NG-RD-CAND-000172,,,,DEFERRED_NO_GEOMETRY,CANONICAL_IDENTITY_CONFIRMED_BUT_NO_GOVERNED_ASSOCIABLE_GEOMETRY_EXISTS,SHARED_REFERENCE,Only the first 350 road source candidates are aligned to the locked canonical road baseline.
assocand:nngla:road:NG-RD-000173,ROAD,NG-RD-000173,NG-RD-CAND-000173,,,,DEFERRED_NO_GEOMETRY,CANONICAL_IDENTITY_CONFIRMED_BUT_NO_GOVERNED_ASSOCIABLE_GEOMETRY_EXISTS,SHARED_REFERENCE,Only the first 350 road source candidates are aligned to the locked canonical road baseline.
assocand:nngla:road:NG-RD-000174,ROAD,NG-RD-000174,NG-RD-CAND-000174,,,,DEFERRED_NO_GEOMETRY,CANONICAL_IDENTITY_CONFIRMED_BUT_NO_GOVERNED_ASSOCIABLE_GEOMETRY_EXISTS,SHARED_REFERENCE,Only the first 350 road source candidates are aligned to the locked canonical road baseline.
assocand:nngla:road:NG-RD-000175,ROAD,NG-RD-000175,NG-RD-CAND-000175,,,,DEFERRED_NO_GEOMETRY,CANONICAL_IDENTITY_CONFIRMED_BUT_NO_GOVERNED_ASSOCIABLE_GEOMETRY_EXISTS,SHARED_REFERENCE,Only the first 350 road source candidates are aligned to the locked canonical road baseline.
assocand:nngla:road:NG-RD-000176,ROAD,NG-RD-000176,NG-RD-CAND-000176,,,,DEFERRED_NO_GEOMETRY,CANONICAL_IDENTITY_CONFIRMED_BUT_NO_GOVERNED_ASSOCIABLE_GEOMETRY_EXISTS,SHARED_REFERENCE,Only the first 350 road source candidates are aligned to the locked canonical road baseline.
assocand:nngla:road:NG-RD-000177,ROAD,NG-RD-000177,NG-RD-CAND-000177,,,,DEFERRED_NO_GEOMETRY,CANONICAL_IDENTITY_CONFIRMED_BUT_NO_GOVERNED_ASSOCIABLE_GEOMETRY_EXISTS,SHARED_REFERENCE,Only the first 350 road source candidates are aligned to the locked canonical road baseline.
assocand:nngla:road:NG-RD-000178,ROAD,NG-RD-000178,NG-RD-CAND-000178,,,,DEFERRED_NO_GEOMETRY,CANONICAL_IDENTITY_CONFIRMED_BUT_NO_GOVERNED_ASSOCIABLE_GEOMETRY_EXISTS,SHARED_REFERENCE,Only the first 350 road source candidates are aligned to the locked canonical road baseline.
assocand:nngla:road:NG-RD-000179,ROAD,NG-RD-000179,NG-RD-CAND-000179,,,,DEFERRED_NO_GEOMETRY,CANONICAL_IDENTITY_CONFIRMED_BUT_NO_GOVERNED_ASSOCIABLE_GEOMETRY_EXISTS,SHARED_REFERENCE,Only the first 350 road source candidates are aligned to the locked canonical road baseline.
assocand:nngla:road:NG-RD-000180,ROAD,NG-RD-000180,NG-RD-CAND-000180,,,,DEFERRED_NO_GEOMETRY,CANONICAL_IDENTITY_CONFIRMED_BUT_NO_GOVERNED_ASSOCIABLE_GEOMETRY_EXISTS,SHARED_REFERENCE,Only the first 350 road source candidates are aligned to the locked canonical road baseline.
assocand:nngla:road:NG-RD-000181,ROAD,NG-RD-000181,NG-RD-CAND-000181,,,,DEFERRED_NO_GEOMETRY,CANONICAL_IDENTITY_CONFIRMED_BUT_NO_GOVERNED_ASSOCIABLE_GEOMETRY_EXISTS,SHARED_REFERENCE,Only the first 350 road source candidates are aligned to the locked canonical road baseline.
assocand:nngla:road:NG-RD-000182,ROAD,NG-RD-000182,NG-RD-CAND-000182,,,,DEFERRED_NO_GEOMETRY,CANONICAL_IDENTITY_CONFIRMED_BUT_NO_GOVERNED_ASSOCIABLE_GEOMETRY_EXISTS,SHARED_REFERENCE,Only the first 350 road source candidates are aligned to the locked canonical road baseline.
assocand:nngla:road:NG-RD-000183,ROAD,NG-RD-000183,NG-RD-CAND-000183,,,,DEFERRED_NO_GEOMETRY,CANONICAL_IDENTITY_CONFIRMED_BUT_NO_GOVERNED_ASSOCIABLE_GEOMETRY_EXISTS,SHARED_REFERENCE,Only the first 350 road source candidates are aligned to the locked canonical road baseline.
assocand:nngla:road:NG-RD-000184,ROAD,NG-RD-000184,NG-RD-CAND-000184,,,,DEFERRED_NO_GEOMETRY,CANONICAL_IDENTITY_CONFIRMED_BUT_NO_GOVERNED_ASSOCIABLE_GEOMETRY_EXISTS,SHARED_REFERENCE,Only the first 350 road source candidates are aligned to the locked canonical road baseline.
assocand:nngla:road:NG-RD-000185,ROAD,NG-RD-000185,NG-RD-CAND-000185,,,,DEFERRED_NO_GEOMETRY,CANONICAL_IDENTITY_CONFIRMED_BUT_NO_GOVERNED_ASSOCIABLE_GEOMETRY_EXISTS,SHARED_REFERENCE,Only the first 350 road source candidates are aligned to the locked canonical road baseline.
assocand:nngla:road:NG-RD-000186,ROAD,NG-RD-000186,NG-RD-CAND-000186,,,,DEFERRED_NO_GEOMETRY,CANONICAL_IDENTITY_CONFIRMED_BUT_NO_GOVERNED_ASSOCIABLE_GEOMETRY_EXISTS,SHARED_REFERENCE,Only the first 350 road source candidates are aligned to the locked canonical road baseline.
assocand:nngla:road:NG-RD-000187,ROAD,NG-RD-000187,NG-RD-CAND-000187,,,,DEFERRED_NO_GEOMETRY,CANONICAL_IDENTITY_CONFIRMED_BUT_NO_GOVERNED_ASSOCIABLE_GEOMETRY_EXISTS,SHARED_REFERENCE,Only the first 350 road source candidates are aligned to the locked canonical road baseline.
assocand:nngla:road:NG-RD-000188,ROAD,NG-RD-000188,NG-RD-CAND-000188,,,,DEFERRED_NO_GEOMETRY,CANONICAL_IDENTITY_CONFIRMED_BUT_NO_GOVERNED_ASSOCIABLE_GEOMETRY_EXISTS,SHARED_REFERENCE,Only the first 350 road source candidates are aligned to the locked canonical road baseline.
assocand:nngla:road:NG-RD-000189,ROAD,NG-RD-000189,NG-RD-CAND-000189,,,,DEFERRED_NO_GEOMETRY,CANONICAL_IDENTITY_CONFIRMED_BUT_NO_GOVERNED_ASSOCIABLE_GEOMETRY_EXISTS,SHARED_REFERENCE,Only the first 350 road source candidates are aligned to the locked canonical road baseline.
assocand:nngla:road:NG-RD-000190,ROAD,NG-RD-000190,NG-RD-CAND-000190,,,,DEFERRED_NO_GEOMETRY,CANONICAL_IDENTITY_CONFIRMED_BUT_NO_GOVERNED_ASSOCIABLE_GEOMETRY_EXISTS,SHARED_REFERENCE,Only the first 350 road source candidates are aligned to the locked canonical road baseline.
assocand:nngla:road:NG-RD-000191,ROAD,NG-RD-000191,NG-RD-CAND-000191,,,,DEFERRED_NO_GEOMETRY,CANONICAL_IDENTITY_CONFIRMED_BUT_NO_GOVERNED_ASSOCIABLE_GEOMETRY_EXISTS,SHARED_REFERENCE,Only the first 350 road source candidates are aligned to the locked canonical road baseline.
assocand:nngla:road:NG-RD-000192,ROAD,NG-RD-000192,NG-RD-CAND-000192,,,,DEFERRED_NO_GEOMETRY,CANONICAL_IDENTITY_CONFIRMED_BUT_NO_GOVERNED_ASSOCIABLE_GEOMETRY_EXISTS,SHARED_REFERENCE,Only the first 350 road source candidates are aligned to the locked canonical road baseline.
assocand:nngla:road:NG-RD-000193,ROAD,NG-RD-000193,NG-RD-CAND-000193,,,,DEFERRED_NO_GEOMETRY,CANONICAL_IDENTITY_CONFIRMED_BUT_NO_GOVERNED_ASSOCIABLE_GEOMETRY_EXISTS,SHARED_REFERENCE,Only the first 350 road source candidates are aligned to the locked canonical road baseline.
assocand:nngla:road:NG-RD-000194,ROAD,NG-RD-000194,NG-RD-CAND-000194,,,,DEFERRED_NO_GEOMETRY,CANONICAL_IDENTITY_CONFIRMED_BUT_NO_GOVERNED_ASSOCIABLE_GEOMETRY_EXISTS,SHARED_REFERENCE,Only the first 350 road source candidates are aligned to the locked canonical road baseline.
assocand:nngla:road:NG-RD-000195,ROAD,NG-RD-000195,NG-RD-CAND-000195,,,,DEFERRED_NO_GEOMETRY,CANONICAL_IDENTITY_CONFIRMED_BUT_NO_GOVERNED_ASSOCIABLE_GEOMETRY_EXISTS,SHARED_REFERENCE,Only the first 350 road source candidates are aligned to the locked canonical road baseline.
assocand:nngla:road:NG-RD-000196,ROAD,NG-RD-000196,NG-RD-CAND-000196,,,,DEFERRED_NO_GEOMETRY,CANONICAL_IDENTITY_CONFIRMED_BUT_NO_GOVERNED_ASSOCIABLE_GEOMETRY_EXISTS,SHARED_REFERENCE,Only the first 350 road source candidates are aligned to the locked canonical road baseline.
assocand:nngla:road:NG-RD-000197,ROAD,NG-RD-000197,NG-RD-CAND-000197,,,,DEFERRED_NO_GEOMETRY,CANONICAL_IDENTITY_CONFIRMED_BUT_NO_GOVERNED_ASSOCIABLE_GEOMETRY_EXISTS,SHARED_REFERENCE,Only the first 350 road source candidates are aligned to the locked canonical road baseline.
assocand:nngla:road:NG-RD-000198,ROAD,NG-RD-000198,NG-RD-CAND-000198,,,,DEFERRED_NO_GEOMETRY,CANONICAL_IDENTITY_CONFIRMED_BUT_NO_GOVERNED_ASSOCIABLE_GEOMETRY_EXISTS,SHARED_REFERENCE,Only the first 350 road source candidates are aligned to the locked canonical road baseline.
assocand:nngla:road:NG-RD-000199,ROAD,NG-RD-000199,NG-RD-CAND-000199,,,,DEFERRED_NO_GEOMETRY,CANONICAL_IDENTITY_CONFIRMED_BUT_NO_GOVERNED_ASSOCIABLE_GEOMETRY_EXISTS,SHARED_REFERENCE,Only the first 350 road source candidates are aligned to the locked canonical road baseline.
assocand:nngla:road:NG-RD-000200,ROAD,NG-RD-000200,NG-RD-CAND-000200,,,,DEFERRED_NO_GEOMETRY,CANONICAL_IDENTITY_CONFIRMED_BUT_NO_GOVERNED_ASSOCIABLE_GEOMETRY_EXISTS,SHARED_REFERENCE,Only the first 350 road source candidates are aligned to the locked canonical road baseline.
assocand:nngla:road:NG-RD-000201,ROAD,NG-RD-000201,NG-RD-CAND-000201,,,,DEFERRED_NO_GEOMETRY,CANONICAL_IDENTITY_CONFIRMED_BUT_NO_GOVERNED_ASSOCIABLE_GEOMETRY_EXISTS,SHARED_REFERENCE,Only the first 350 road source candidates are aligned to the locked canonical road baseline.
assocand:nngla:road:NG-RD-000202,ROAD,NG-RD-000202,NG-RD-CAND-000202,,,,DEFERRED_NO_GEOMETRY,CANONICAL_IDENTITY_CONFIRMED_BUT_NO_GOVERNED_ASSOCIABLE_GEOMETRY_EXISTS,SHARED_REFERENCE,Only the first 350 road source candidates are aligned to the locked canonical road baseline.
assocand:nngla:road:NG-RD-000203,ROAD,NG-RD-000203,NG-RD-CAND-000203,,,,DEFERRED_NO_GEOMETRY,CANONICAL_IDENTITY_CONFIRMED_BUT_NO_GOVERNED_ASSOCIABLE_GEOMETRY_EXISTS,SHARED_REFERENCE,Only the first 350 road source candidates are aligned to the locked canonical road baseline.
assocand:nngla:road:NG-RD-000204,ROAD,NG-RD-000204,NG-RD-CAND-000204,,,,DEFERRED_NO_GEOMETRY,CANONICAL_IDENTITY_CONFIRMED_BUT_NO_GOVERNED_ASSOCIABLE_GEOMETRY_EXISTS,SHARED_REFERENCE,Only the first 350 road source candidates are aligned to the locked canonical road baseline.
assocand:nngla:road:NG-RD-000205,ROAD,NG-RD-000205,NG-RD-CAND-000205,,,,DEFERRED_NO_GEOMETRY,CANONICAL_IDENTITY_CONFIRMED_BUT_NO_GOVERNED_ASSOCIABLE_GEOMETRY_EXISTS,SHARED_REFERENCE,Only the first 350 road source candidates are aligned to the locked canonical road baseline.
assocand:nngla:road:NG-RD-000206,ROAD,NG-RD-000206,NG-RD-CAND-000206,,,,DEFERRED_NO_GEOMETRY,CANONICAL_IDENTITY_CONFIRMED_BUT_NO_GOVERNED_ASSOCIABLE_GEOMETRY_EXISTS,SHARED_REFERENCE,Only the first 350 road source candidates are aligned to the locked canonical road baseline.
assocand:nngla:road:NG-RD-000207,ROAD,NG-RD-000207,NG-RD-CAND-000207,,,,DEFERRED_NO_GEOMETRY,CANONICAL_IDENTITY_CONFIRMED_BUT_NO_GOVERNED_ASSOCIABLE_GEOMETRY_EXISTS,SHARED_REFERENCE,Only the first 350 road source candidates are aligned to the locked canonical road baseline.
assocand:nngla:road:NG-RD-000208,ROAD,NG-RD-000208,NG-RD-CAND-000208,,,,DEFERRED_NO_GEOMETRY,CANONICAL_IDENTITY_CONFIRMED_BUT_NO_GOVERNED_ASSOCIABLE_GEOMETRY_EXISTS,SHARED_REFERENCE,Only the first 350 road source candidates are aligned to the locked canonical road baseline.
assocand:nngla:road:NG-RD-000209,ROAD,NG-RD-000209,NG-RD-CAND-000209,,,,DEFERRED_NO_GEOMETRY,CANONICAL_IDENTITY_CONFIRMED_BUT_NO_GOVERNED_ASSOCIABLE_GEOMETRY_EXISTS,SHARED_REFERENCE,Only the first 350 road source candidates are aligned to the locked canonical road baseline.
assocand:nngla:road:NG-RD-000210,ROAD,NG-RD-000210,NG-RD-CAND-000210,,,,DEFERRED_NO_GEOMETRY,CANONICAL_IDENTITY_CONFIRMED_BUT_NO_GOVERNED_ASSOCIABLE_GEOMETRY_EXISTS,SHARED_REFERENCE,Only the first 350 road source candidates are aligned to the locked canonical road baseline.
assocand:nngla:road:NG-RD-000211,ROAD,NG-RD-000211,NG-RD-CAND-000211,,,,DEFERRED_NO_GEOMETRY,CANONICAL_IDENTITY_CONFIRMED_BUT_NO_GOVERNED_ASSOCIABLE_GEOMETRY_EXISTS,SHARED_REFERENCE,Only the first 350 road source candidates are aligned to the locked canonical road baseline.
assocand:nngla:road:NG-RD-000212,ROAD,NG-RD-000212,NG-RD-CAND-000212,,,,DEFERRED_NO_GEOMETRY,CANONICAL_IDENTITY_CONFIRMED_BUT_NO_GOVERNED_ASSOCIABLE_GEOMETRY_EXISTS,SHARED_REFERENCE,Only the first 350 road source candidates are aligned to the locked canonical road baseline.
assocand:nngla:road:NG-RD-000213,ROAD,NG-RD-000213,NG-RD-CAND-000213,,,,DEFERRED_NO_GEOMETRY,CANONICAL_IDENTITY_CONFIRMED_BUT_NO_GOVERNED_ASSOCIABLE_GEOMETRY_EXISTS,SHARED_REFERENCE,Only the first 350 road source candidates are aligned to the locked canonical road baseline.
assocand:nngla:road:NG-RD-000214,ROAD,NG-RD-000214,NG-RD-CAND-000214,,,,DEFERRED_NO_GEOMETRY,CANONICAL_IDENTITY_CONFIRMED_BUT_NO_GOVERNED_ASSOCIABLE_GEOMETRY_EXISTS,SHARED_REFERENCE,Only the first 350 road source candidates are aligned to the locked canonical road baseline.
assocand:nngla:road:NG-RD-000215,ROAD,NG-RD-000215,NG-RD-CAND-000215,,,,DEFERRED_NO_GEOMETRY,CANONICAL_IDENTITY_CONFIRMED_BUT_NO_GOVERNED_ASSOCIABLE_GEOMETRY_EXISTS,SHARED_REFERENCE,Only the first 350 road source candidates are aligned to the locked canonical road baseline.
assocand:nngla:road:NG-RD-000216,ROAD,NG-RD-000216,NG-RD-CAND-000216,,,,DEFERRED_NO_GEOMETRY,CANONICAL_IDENTITY_CONFIRMED_BUT_NO_GOVERNED_ASSOCIABLE_GEOMETRY_EXISTS,SHARED_REFERENCE,Only the first 350 road source candidates are aligned to the locked canonical road baseline.
assocand:nngla:road:NG-RD-000217,ROAD,NG-RD-000217,NG-RD-CAND-000217,,,,DEFERRED_NO_GEOMETRY,CANONICAL_IDENTITY_CONFIRMED_BUT_NO_GOVERNED_ASSOCIABLE_GEOMETRY_EXISTS,SHARED_REFERENCE,Only the first 350 road source candidates are aligned to the locked canonical road baseline.
assocand:nngla:road:NG-RD-000218,ROAD,NG-RD-000218,NG-RD-CAND-000218,,,,DEFERRED_NO_GEOMETRY,CANONICAL_IDENTITY_CONFIRMED_BUT_NO_GOVERNED_ASSOCIABLE_GEOMETRY_EXISTS,SHARED_REFERENCE,Only the first 350 road source candidates are aligned to the locked canonical road baseline.
assocand:nngla:road:NG-RD-000219,ROAD,NG-RD-000219,NG-RD-CAND-000219,,,,DEFERRED_NO_GEOMETRY,CANONICAL_IDENTITY_CONFIRMED_BUT_NO_GOVERNED_ASSOCIABLE_GEOMETRY_EXISTS,SHARED_REFERENCE,Only the first 350 road source candidates are aligned to the locked canonical road baseline.
assocand:nngla:road:NG-RD-000220,ROAD,NG-RD-000220,NG-RD-CAND-000220,,,,DEFERRED_NO_GEOMETRY,CANONICAL_IDENTITY_CONFIRMED_BUT_NO_GOVERNED_ASSOCIABLE_GEOMETRY_EXISTS,SHARED_REFERENCE,Only the first 350 road source candidates are aligned to the locked canonical road baseline.
assocand:nngla:road:NG-RD-000221,ROAD,NG-RD-000221,NG-RD-CAND-000221,,,,DEFERRED_NO_GEOMETRY,CANONICAL_IDENTITY_CONFIRMED_BUT_NO_GOVERNED_ASSOCIABLE_GEOMETRY_EXISTS,SHARED_REFERENCE,Only the first 350 road source candidates are aligned to the locked canonical road baseline.
assocand:nngla:road:NG-RD-000222,ROAD,NG-RD-000222,NG-RD-CAND-000222,,,,DEFERRED_NO_GEOMETRY,CANONICAL_IDENTITY_CONFIRMED_BUT_NO_GOVERNED_ASSOCIABLE_GEOMETRY_EXISTS,SHARED_REFERENCE,Only the first 350 road source candidates are aligned to the locked canonical road baseline.
assocand:nngla:road:NG-RD-000223,ROAD,NG-RD-000223,NG-RD-CAND-000223,,,,DEFERRED_NO_GEOMETRY,CANONICAL_IDENTITY_CONFIRMED_BUT_NO_GOVERNED_ASSOCIABLE_GEOMETRY_EXISTS,SHARED_REFERENCE,Only the first 350 road source candidates are aligned to the locked canonical road baseline.
assocand:nngla:road:NG-RD-000224,ROAD,NG-RD-000224,NG-RD-CAND-000224,,,,DEFERRED_NO_GEOMETRY,CANONICAL_IDENTITY_CONFIRMED_BUT_NO_GOVERNED_ASSOCIABLE_GEOMETRY_EXISTS,SHARED_REFERENCE,Only the first 350 road source candidates are aligned to the locked canonical road baseline.
assocand:nngla:road:NG-RD-000225,ROAD,NG-RD-000225,NG-RD-CAND-000225,,,,DEFERRED_NO_GEOMETRY,CANONICAL_IDENTITY_CONFIRMED_BUT_NO_GOVERNED_ASSOCIABLE_GEOMETRY_EXISTS,SHARED_REFERENCE,Only the first 350 road source candidates are aligned to the locked canonical road baseline.
assocand:nngla:road:NG-RD-000226,ROAD,NG-RD-000226,NG-RD-CAND-000226,,,,DEFERRED_NO_GEOMETRY,CANONICAL_IDENTITY_CONFIRMED_BUT_NO_GOVERNED_ASSOCIABLE_GEOMETRY_EXISTS,SHARED_REFERENCE,Only the first 350 road source candidates are aligned to the locked canonical road baseline.
assocand:nngla:road:NG-RD-000227,ROAD,NG-RD-000227,NG-RD-CAND-000227,,,,DEFERRED_NO_GEOMETRY,CANONICAL_IDENTITY_CONFIRMED_BUT_NO_GOVERNED_ASSOCIABLE_GEOMETRY_EXISTS,SHARED_REFERENCE,Only the first 350 road source candidates are aligned to the locked canonical road baseline.
assocand:nngla:road:NG-RD-000228,ROAD,NG-RD-000228,NG-RD-CAND-000228,,,,DEFERRED_NO_GEOMETRY,CANONICAL_IDENTITY_CONFIRMED_BUT_NO_GOVERNED_ASSOCIABLE_GEOMETRY_EXISTS,SHARED_REFERENCE,Only the first 350 road source candidates are aligned to the locked canonical road baseline.
assocand:nngla:road:NG-RD-000229,ROAD,NG-RD-000229,NG-RD-CAND-000229,,,,DEFERRED_NO_GEOMETRY,CANONICAL_IDENTITY_CONFIRMED_BUT_NO_GOVERNED_ASSOCIABLE_GEOMETRY_EXISTS,SHARED_REFERENCE,Only the first 350 road source candidates are aligned to the locked canonical road baseline.
assocand:nngla:road:NG-RD-000230,ROAD,NG-RD-000230,NG-RD-CAND-000230,,,,DEFERRED_NO_GEOMETRY,CANONICAL_IDENTITY_CONFIRMED_BUT_NO_GOVERNED_ASSOCIABLE_GEOMETRY_EXISTS,SHARED_REFERENCE,Only the first 350 road source candidates are aligned to the locked canonical road baseline.
assocand:nngla:road:NG-RD-000231,ROAD,NG-RD-000231,NG-RD-CAND-000231,,,,DEFERRED_NO_GEOMETRY,CANONICAL_IDENTITY_CONFIRMED_BUT_NO_GOVERNED_ASSOCIABLE_GEOMETRY_EXISTS,SHARED_REFERENCE,Only the first 350 road source candidates are aligned to the locked canonical road baseline.
assocand:nngla:road:NG-RD-000232,ROAD,NG-RD-000232,NG-RD-CAND-000232,,,,DEFERRED_NO_GEOMETRY,CANONICAL_IDENTITY_CONFIRMED_BUT_NO_GOVERNED_ASSOCIABLE_GEOMETRY_EXISTS,SHARED_REFERENCE,Only the first 350 road source candidates are aligned to the locked canonical road baseline.
assocand:nngla:road:NG-RD-000233,ROAD,NG-RD-000233,NG-RD-CAND-000233,,,,DEFERRED_NO_GEOMETRY,CANONICAL_IDENTITY_CONFIRMED_BUT_NO_GOVERNED_ASSOCIABLE_GEOMETRY_EXISTS,SHARED_REFERENCE,Only the first 350 road source candidates are aligned to the locked canonical road baseline.
assocand:nngla:road:NG-RD-000234,ROAD,NG-RD-000234,NG-RD-CAND-000234,,,,DEFERRED_NO_GEOMETRY,CANONICAL_IDENTITY_CONFIRMED_BUT_NO_GOVERNED_ASSOCIABLE_GEOMETRY_EXISTS,SHARED_REFERENCE,Only the first 350 road source candidates are aligned to the locked canonical road baseline.
assocand:nngla:road:NG-RD-000235,ROAD,NG-RD-000235,NG-RD-CAND-000235,,,,DEFERRED_NO_GEOMETRY,CANONICAL_IDENTITY_CONFIRMED_BUT_NO_GOVERNED_ASSOCIABLE_GEOMETRY_EXISTS,SHARED_REFERENCE,Only the first 350 road source candidates are aligned to the locked canonical road baseline.
assocand:nngla:road:NG-RD-000236,ROAD,NG-RD-000236,NG-RD-CAND-000236,,,,DEFERRED_NO_GEOMETRY,CANONICAL_IDENTITY_CONFIRMED_BUT_NO_GOVERNED_ASSOCIABLE_GEOMETRY_EXISTS,SHARED_REFERENCE,Only the first 350 road source candidates are aligned to the locked canonical road baseline.
assocand:nngla:road:NG-RD-000237,ROAD,NG-RD-000237,NG-RD-CAND-000237,,,,DEFERRED_NO_GEOMETRY,CANONICAL_IDENTITY_CONFIRMED_BUT_NO_GOVERNED_ASSOCIABLE_GEOMETRY_EXISTS,SHARED_REFERENCE,Only the first 350 road source candidates are aligned to the locked canonical road baseline.
assocand:nngla:road:NG-RD-000238,ROAD,NG-RD-000238,NG-RD-CAND-000238,,,,DEFERRED_NO_GEOMETRY,CANONICAL_IDENTITY_CONFIRMED_BUT_NO_GOVERNED_ASSOCIABLE_GEOMETRY_EXISTS,SHARED_REFERENCE,Only the first 350 road source candidates are aligned to the locked canonical road baseline.
assocand:nngla:road:NG-RD-000239,ROAD,NG-RD-000239,NG-RD-CAND-000239,,,,DEFERRED_NO_GEOMETRY,CANONICAL_IDENTITY_CONFIRMED_BUT_NO_GOVERNED_ASSOCIABLE_GEOMETRY_EXISTS,SHARED_REFERENCE,Only the first 350 road source candidates are aligned to the locked canonical road baseline.
assocand:nngla:road:NG-RD-000240,ROAD,NG-RD-000240,NG-RD-CAND-000240,,,,DEFERRED_NO_GEOMETRY,CANONICAL_IDENTITY_CONFIRMED_BUT_NO_GOVERNED_ASSOCIABLE_GEOMETRY_EXISTS,SHARED_REFERENCE,Only the first 350 road source candidates are aligned to the locked canonical road baseline.
assocand:nngla:road:NG-RD-000241,ROAD,NG-RD-000241,NG-RD-CAND-000241,,,,DEFERRED_NO_GEOMETRY,CANONICAL_IDENTITY_CONFIRMED_BUT_NO_GOVERNED_ASSOCIABLE_GEOMETRY_EXISTS,SHARED_REFERENCE,Only the first 350 road source candidates are aligned to the locked canonical road baseline.
assocand:nngla:road:NG-RD-000242,ROAD,NG-RD-000242,NG-RD-CAND-000242,,,,DEFERRED_NO_GEOMETRY,CANONICAL_IDENTITY_CONFIRMED_BUT_NO_GOVERNED_ASSOCIABLE_GEOMETRY_EXISTS,SHARED_REFERENCE,Only the first 350 road source candidates are aligned to the locked canonical road baseline.
assocand:nngla:road:NG-RD-000243,ROAD,NG-RD-000243,NG-RD-CAND-000243,,,,DEFERRED_NO_GEOMETRY,CANONICAL_IDENTITY_CONFIRMED_BUT_NO_GOVERNED_ASSOCIABLE_GEOMETRY_EXISTS,SHARED_REFERENCE,Only the first 350 road source candidates are aligned to the locked canonical road baseline.
assocand:nngla:road:NG-RD-000244,ROAD,NG-RD-000244,NG-RD-CAND-000244,,,,DEFERRED_NO_GEOMETRY,CANONICAL_IDENTITY_CONFIRMED_BUT_NO_GOVERNED_ASSOCIABLE_GEOMETRY_EXISTS,SHARED_REFERENCE,Only the first 350 road source candidates are aligned to the locked canonical road baseline.
assocand:nngla:road:NG-RD-000245,ROAD,NG-RD-000245,NG-RD-CAND-000245,,,,DEFERRED_NO_GEOMETRY,CANONICAL_IDENTITY_CONFIRMED_BUT_NO_GOVERNED_ASSOCIABLE_GEOMETRY_EXISTS,SHARED_REFERENCE,Only the first 350 road source candidates are aligned to the locked canonical road baseline.
assocand:nngla:road:NG-RD-000246,ROAD,NG-RD-000246,NG-RD-CAND-000246,,,,DEFERRED_NO_GEOMETRY,CANONICAL_IDENTITY_CONFIRMED_BUT_NO_GOVERNED_ASSOCIABLE_GEOMETRY_EXISTS,SHARED_REFERENCE,Only the first 350 road source candidates are aligned to the locked canonical road baseline.
assocand:nngla:road:NG-RD-000247,ROAD,NG-RD-000247,NG-RD-CAND-000247,,,,DEFERRED_NO_GEOMETRY,CANONICAL_IDENTITY_CONFIRMED_BUT_NO_GOVERNED_ASSOCIABLE_GEOMETRY_EXISTS,SHARED_REFERENCE,Only the first 350 road source candidates are aligned to the locked canonical road baseline.
assocand:nngla:road:NG-RD-000248,ROAD,NG-RD-000248,NG-RD-CAND-000248,,,,DEFERRED_NO_GEOMETRY,CANONICAL_IDENTITY_CONFIRMED_BUT_NO_GOVERNED_ASSOCIABLE_GEOMETRY_EXISTS,SHARED_REFERENCE,Only the first 350 road source candidates are aligned to the locked canonical road baseline.
assocand:nngla:road:NG-RD-000249,ROAD,NG-RD-000249,NG-RD-CAND-000249,,,,DEFERRED_NO_GEOMETRY,CANONICAL_IDENTITY_CONFIRMED_BUT_NO_GOVERNED_ASSOCIABLE_GEOMETRY_EXISTS,SHARED_REFERENCE,Only the first 350 road source candidates are aligned to the locked canonical road baseline.
assocand:nngla:road:NG-RD-000250,ROAD,NG-RD-000250,NG-RD-CAND-000250,,,,DEFERRED_NO_GEOMETRY,CANONICAL_IDENTITY_CONFIRMED_BUT_NO_GOVERNED_ASSOCIABLE_GEOMETRY_EXISTS,SHARED_REFERENCE,Only the first 350 road source candidates are aligned to the locked canonical road baseline.
assocand:nngla:road:NG-RD-000251,ROAD,NG-RD-000251,NG-RD-CAND-000251,,,,DEFERRED_NO_GEOMETRY,CANONICAL_IDENTITY_CONFIRMED_BUT_NO_GOVERNED_ASSOCIABLE_GEOMETRY_EXISTS,SHARED_REFERENCE,Only the first 350 road source candidates are aligned to the locked canonical road baseline.
assocand:nngla:road:NG-RD-000252,ROAD,NG-RD-000252,NG-RD-CAND-000252,,,,DEFERRED_NO_GEOMETRY,CANONICAL_IDENTITY_CONFIRMED_BUT_NO_GOVERNED_ASSOCIABLE_GEOMETRY_EXISTS,SHARED_REFERENCE,Only the first 350 road source candidates are aligned to the locked canonical road baseline.
assocand:nngla:road:NG-RD-000253,ROAD,NG-RD-000253,NG-RD-CAND-000253,,,,DEFERRED_NO_GEOMETRY,CANONICAL_IDENTITY_CONFIRMED_BUT_NO_GOVERNED_ASSOCIABLE_GEOMETRY_EXISTS,SHARED_REFERENCE,Only the first 350 road source candidates are aligned to the locked canonical road baseline.
assocand:nngla:road:NG-RD-000254,ROAD,NG-RD-000254,NG-RD-CAND-000254,,,,DEFERRED_NO_GEOMETRY,CANONICAL_IDENTITY_CONFIRMED_BUT_NO_GOVERNED_ASSOCIABLE_GEOMETRY_EXISTS,SHARED_REFERENCE,Only the first 350 road source candidates are aligned to the locked canonical road baseline.
assocand:nngla:road:NG-RD-000255,ROAD,NG-RD-000255,NG-RD-CAND-000255,,,,DEFERRED_NO_GEOMETRY,CANONICAL_IDENTITY_CONFIRMED_BUT_NO_GOVERNED_ASSOCIABLE_GEOMETRY_EXISTS,SHARED_REFERENCE,Only the first 350 road source candidates are aligned to the locked canonical road baseline.
assocand:nngla:road:NG-RD-000256,ROAD,NG-RD-000256,NG-RD-CAND-000256,,,,DEFERRED_NO_GEOMETRY,CANONICAL_IDENTITY_CONFIRMED_BUT_NO_GOVERNED_ASSOCIABLE_GEOMETRY_EXISTS,SHARED_REFERENCE,Only the first 350 road source candidates are aligned to the locked canonical road baseline.
assocand:nngla:road:NG-RD-000257,ROAD,NG-RD-000257,NG-RD-CAND-000257,,,,DEFERRED_NO_GEOMETRY,CANONICAL_IDENTITY_CONFIRMED_BUT_NO_GOVERNED_ASSOCIABLE_GEOMETRY_EXISTS,SHARED_REFERENCE,Only the first 350 road source candidates are aligned to the locked canonical road baseline.
assocand:nngla:road:NG-RD-000258,ROAD,NG-RD-000258,NG-RD-CAND-000258,,,,DEFERRED_NO_GEOMETRY,CANONICAL_IDENTITY_CONFIRMED_BUT_NO_GOVERNED_ASSOCIABLE_GEOMETRY_EXISTS,SHARED_REFERENCE,Only the first 350 road source candidates are aligned to the locked canonical road baseline.
assocand:nngla:road:NG-RD-000259,ROAD,NG-RD-000259,NG-RD-CAND-000259,,,,DEFERRED_NO_GEOMETRY,CANONICAL_IDENTITY_CONFIRMED_BUT_NO_GOVERNED_ASSOCIABLE_GEOMETRY_EXISTS,SHARED_REFERENCE,Only the first 350 road source candidates are aligned to the locked canonical road baseline.
assocand:nngla:road:NG-RD-000260,ROAD,NG-RD-000260,NG-RD-CAND-000260,,,,DEFERRED_NO_GEOMETRY,CANONICAL_IDENTITY_CONFIRMED_BUT_NO_GOVERNED_ASSOCIABLE_GEOMETRY_EXISTS,SHARED_REFERENCE,Only the first 350 road source candidates are aligned to the locked canonical road baseline.
assocand:nngla:road:NG-RD-000261,ROAD,NG-RD-000261,NG-RD-CAND-000261,,,,DEFERRED_NO_GEOMETRY,CANONICAL_IDENTITY_CONFIRMED_BUT_NO_GOVERNED_ASSOCIABLE_GEOMETRY_EXISTS,SHARED_REFERENCE,Only the first 350 road source candidates are aligned to the locked canonical road baseline.
assocand:nngla:road:NG-RD-000262,ROAD,NG-RD-000262,NG-RD-CAND-000262,,,,DEFERRED_NO_GEOMETRY,CANONICAL_IDENTITY_CONFIRMED_BUT_NO_GOVERNED_ASSOCIABLE_GEOMETRY_EXISTS,SHARED_REFERENCE,Only the first 350 road source candidates are aligned to the locked canonical road baseline.
assocand:nngla:road:NG-RD-000263,ROAD,NG-RD-000263,NG-RD-CAND-000263,,,,DEFERRED_NO_GEOMETRY,CANONICAL_IDENTITY_CONFIRMED_BUT_NO_GOVERNED_ASSOCIABLE_GEOMETRY_EXISTS,SHARED_REFERENCE,Only the first 350 road source candidates are aligned to the locked canonical road baseline.
assocand:nngla:road:NG-RD-000264,ROAD,NG-RD-000264,NG-RD-CAND-000264,,,,DEFERRED_NO_GEOMETRY,CANONICAL_IDENTITY_CONFIRMED_BUT_NO_GOVERNED_ASSOCIABLE_GEOMETRY_EXISTS,SHARED_REFERENCE,Only the first 350 road source candidates are aligned to the locked canonical road baseline.
assocand:nngla:road:NG-RD-000265,ROAD,NG-RD-000265,NG-RD-CAND-000265,,,,DEFERRED_NO_GEOMETRY,CANONICAL_IDENTITY_CONFIRMED_BUT_NO_GOVERNED_ASSOCIABLE_GEOMETRY_EXISTS,SHARED_REFERENCE,Only the first 350 road source candidates are aligned to the locked canonical road baseline.
assocand:nngla:road:NG-RD-000266,ROAD,NG-RD-000266,NG-RD-CAND-000266,,,,DEFERRED_NO_GEOMETRY,CANONICAL_IDENTITY_CONFIRMED_BUT_NO_GOVERNED_ASSOCIABLE_GEOMETRY_EXISTS,SHARED_REFERENCE,Only the first 350 road source candidates are aligned to the locked canonical road baseline.
assocand:nngla:road:NG-RD-000267,ROAD,NG-RD-000267,NG-RD-CAND-000267,,,,DEFERRED_NO_GEOMETRY,CANONICAL_IDENTITY_CONFIRMED_BUT_NO_GOVERNED_ASSOCIABLE_GEOMETRY_EXISTS,SHARED_REFERENCE,Only the first 350 road source candidates are aligned to the locked canonical road baseline.
assocand:nngla:road:NG-RD-000268,ROAD,NG-RD-000268,NG-RD-CAND-000268,,,,DEFERRED_NO_GEOMETRY,CANONICAL_IDENTITY_CONFIRMED_BUT_NO_GOVERNED_ASSOCIABLE_GEOMETRY_EXISTS,SHARED_REFERENCE,Only the first 350 road source candidates are aligned to the locked canonical road baseline.
assocand:nngla:road:NG-RD-000269,ROAD,NG-RD-000269,NG-RD-CAND-000269,,,,DEFERRED_NO_GEOMETRY,CANONICAL_IDENTITY_CONFIRMED_BUT_NO_GOVERNED_ASSOCIABLE_GEOMETRY_EXISTS,SHARED_REFERENCE,Only the first 350 road source candidates are aligned to the locked canonical road baseline.
assocand:nngla:road:NG-RD-000270,ROAD,NG-RD-000270,NG-RD-CAND-000270,,,,DEFERRED_NO_GEOMETRY,CANONICAL_IDENTITY_CONFIRMED_BUT_NO_GOVERNED_ASSOCIABLE_GEOMETRY_EXISTS,SHARED_REFERENCE,Only the first 350 road source candidates are aligned to the locked canonical road baseline.
assocand:nngla:road:NG-RD-000271,ROAD,NG-RD-000271,NG-RD-CAND-000271,,,,DEFERRED_NO_GEOMETRY,CANONICAL_IDENTITY_CONFIRMED_BUT_NO_GOVERNED_ASSOCIABLE_GEOMETRY_EXISTS,SHARED_REFERENCE,Only the first 350 road source candidates are aligned to the locked canonical road baseline.
assocand:nngla:road:NG-RD-000272,ROAD,NG-RD-000272,NG-RD-CAND-000272,,,,DEFERRED_NO_GEOMETRY,CANONICAL_IDENTITY_CONFIRMED_BUT_NO_GOVERNED_ASSOCIABLE_GEOMETRY_EXISTS,SHARED_REFERENCE,Only the first 350 road source candidates are aligned to the locked canonical road baseline.
assocand:nngla:road:NG-RD-000273,ROAD,NG-RD-000273,NG-RD-CAND-000273,,,,DEFERRED_NO_GEOMETRY,CANONICAL_IDENTITY_CONFIRMED_BUT_NO_GOVERNED_ASSOCIABLE_GEOMETRY_EXISTS,SHARED_REFERENCE,Only the first 350 road source candidates are aligned to the locked canonical road baseline.
assocand:nngla:road:NG-RD-000274,ROAD,NG-RD-000274,NG-RD-CAND-000274,,,,DEFERRED_NO_GEOMETRY,CANONICAL_IDENTITY_CONFIRMED_BUT_NO_GOVERNED_ASSOCIABLE_GEOMETRY_EXISTS,SHARED_REFERENCE,Only the first 350 road source candidates are aligned to the locked canonical road baseline.
assocand:nngla:road:NG-RD-000275,ROAD,NG-RD-000275,NG-RD-CAND-000275,,,,DEFERRED_NO_GEOMETRY,CANONICAL_IDENTITY_CONFIRMED_BUT_NO_GOVERNED_ASSOCIABLE_GEOMETRY_EXISTS,SHARED_REFERENCE,Only the first 350 road source candidates are aligned to the locked canonical road baseline.
assocand:nngla:road:NG-RD-000276,ROAD,NG-RD-000276,NG-RD-CAND-000276,,,,DEFERRED_NO_GEOMETRY,CANONICAL_IDENTITY_CONFIRMED_BUT_NO_GOVERNED_ASSOCIABLE_GEOMETRY_EXISTS,SHARED_REFERENCE,Only the first 350 road source candidates are aligned to the locked canonical road baseline.
assocand:nngla:road:NG-RD-000277,ROAD,NG-RD-000277,NG-RD-CAND-000277,,,,DEFERRED_NO_GEOMETRY,CANONICAL_IDENTITY_CONFIRMED_BUT_NO_GOVERNED_ASSOCIABLE_GEOMETRY_EXISTS,SHARED_REFERENCE,Only the first 350 road source candidates are aligned to the locked canonical road baseline.
assocand:nngla:road:NG-RD-000278,ROAD,NG-RD-000278,NG-RD-CAND-000278,,,,DEFERRED_NO_GEOMETRY,CANONICAL_IDENTITY_CONFIRMED_BUT_NO_GOVERNED_ASSOCIABLE_GEOMETRY_EXISTS,SHARED_REFERENCE,Only the first 350 road source candidates are aligned to the locked canonical road baseline.
assocand:nngla:road:NG-RD-000279,ROAD,NG-RD-000279,NG-RD-CAND-000279,,,,DEFERRED_NO_GEOMETRY,CANONICAL_IDENTITY_CONFIRMED_BUT_NO_GOVERNED_ASSOCIABLE_GEOMETRY_EXISTS,SHARED_REFERENCE,Only the first 350 road source candidates are aligned to the locked canonical road baseline.
assocand:nngla:road:NG-RD-000280,ROAD,NG-RD-000280,NG-RD-CAND-000280,,,,DEFERRED_NO_GEOMETRY,CANONICAL_IDENTITY_CONFIRMED_BUT_NO_GOVERNED_ASSOCIABLE_GEOMETRY_EXISTS,SHARED_REFERENCE,Only the first 350 road source candidates are aligned to the locked canonical road baseline.
assocand:nngla:road:NG-RD-000281,ROAD,NG-RD-000281,NG-RD-CAND-000281,,,,DEFERRED_NO_GEOMETRY,CANONICAL_IDENTITY_CONFIRMED_BUT_NO_GOVERNED_ASSOCIABLE_GEOMETRY_EXISTS,SHARED_REFERENCE,Only the first 350 road source candidates are aligned to the locked canonical road baseline.
assocand:nngla:road:NG-RD-000282,ROAD,NG-RD-000282,NG-RD-CAND-000282,,,,DEFERRED_NO_GEOMETRY,CANONICAL_IDENTITY_CONFIRMED_BUT_NO_GOVERNED_ASSOCIABLE_GEOMETRY_EXISTS,SHARED_REFERENCE,Only the first 350 road source candidates are aligned to the locked canonical road baseline.
assocand:nngla:road:NG-RD-000283,ROAD,NG-RD-000283,NG-RD-CAND-000283,,,,DEFERRED_NO_GEOMETRY,CANONICAL_IDENTITY_CONFIRMED_BUT_NO_GOVERNED_ASSOCIABLE_GEOMETRY_EXISTS,SHARED_REFERENCE,Only the first 350 road source candidates are aligned to the locked canonical road baseline.
assocand:nngla:road:NG-RD-000284,ROAD,NG-RD-000284,NG-RD-CAND-000284,,,,DEFERRED_NO_GEOMETRY,CANONICAL_IDENTITY_CONFIRMED_BUT_NO_GOVERNED_ASSOCIABLE_GEOMETRY_EXISTS,SHARED_REFERENCE,Only the first 350 road source candidates are aligned to the locked canonical road baseline.
assocand:nngla:road:NG-RD-000285,ROAD,NG-RD-000285,NG-RD-CAND-000285,,,,DEFERRED_NO_GEOMETRY,CANONICAL_IDENTITY_CONFIRMED_BUT_NO_GOVERNED_ASSOCIABLE_GEOMETRY_EXISTS,SHARED_REFERENCE,Only the first 350 road source candidates are aligned to the locked canonical road baseline.
assocand:nngla:road:NG-RD-000286,ROAD,NG-RD-000286,NG-RD-CAND-000286,,,,DEFERRED_NO_GEOMETRY,CANONICAL_IDENTITY_CONFIRMED_BUT_NO_GOVERNED_ASSOCIABLE_GEOMETRY_EXISTS,SHARED_REFERENCE,Only the first 350 road source candidates are aligned to the locked canonical road baseline.
assocand:nngla:road:NG-RD-000287,ROAD,NG-RD-000287,NG-RD-CAND-000287,,,,DEFERRED_NO_GEOMETRY,CANONICAL_IDENTITY_CONFIRMED_BUT_NO_GOVERNED_ASSOCIABLE_GEOMETRY_EXISTS,SHARED_REFERENCE,Only the first 350 road source candidates are aligned to the locked canonical road baseline.
assocand:nngla:road:NG-RD-000288,ROAD,NG-RD-000288,NG-RD-CAND-000288,,,,DEFERRED_NO_GEOMETRY,CANONICAL_IDENTITY_CONFIRMED_BUT_NO_GOVERNED_ASSOCIABLE_GEOMETRY_EXISTS,SHARED_REFERENCE,Only the first 350 road source candidates are aligned to the locked canonical road baseline.
assocand:nngla:road:NG-RD-000289,ROAD,NG-RD-000289,NG-RD-CAND-000289,,,,DEFERRED_NO_GEOMETRY,CANONICAL_IDENTITY_CONFIRMED_BUT_NO_GOVERNED_ASSOCIABLE_GEOMETRY_EXISTS,SHARED_REFERENCE,Only the first 350 road source candidates are aligned to the locked canonical road baseline.
assocand:nngla:road:NG-RD-000290,ROAD,NG-RD-000290,NG-RD-CAND-000290,,,,DEFERRED_NO_GEOMETRY,CANONICAL_IDENTITY_CONFIRMED_BUT_NO_GOVERNED_ASSOCIABLE_GEOMETRY_EXISTS,SHARED_REFERENCE,Only the first 350 road source candidates are aligned to the locked canonical road baseline.
assocand:nngla:road:NG-RD-000291,ROAD,NG-RD-000291,NG-RD-CAND-000291,,,,DEFERRED_NO_GEOMETRY,CANONICAL_IDENTITY_CONFIRMED_BUT_NO_GOVERNED_ASSOCIABLE_GEOMETRY_EXISTS,SHARED_REFERENCE,Only the first 350 road source candidates are aligned to the locked canonical road baseline.
assocand:nngla:road:NG-RD-000292,ROAD,NG-RD-000292,NG-RD-CAND-000292,,,,DEFERRED_NO_GEOMETRY,CANONICAL_IDENTITY_CONFIRMED_BUT_NO_GOVERNED_ASSOCIABLE_GEOMETRY_EXISTS,SHARED_REFERENCE,Only the first 350 road source candidates are aligned to the locked canonical road baseline.
assocand:nngla:road:NG-RD-000293,ROAD,NG-RD-000293,NG-RD-CAND-000293,,,,DEFERRED_NO_GEOMETRY,CANONICAL_IDENTITY_CONFIRMED_BUT_NO_GOVERNED_ASSOCIABLE_GEOMETRY_EXISTS,SHARED_REFERENCE,Only the first 350 road source candidates are aligned to the locked canonical road baseline.
assocand:nngla:road:NG-RD-000294,ROAD,NG-RD-000294,NG-RD-CAND-000294,,,,DEFERRED_NO_GEOMETRY,CANONICAL_IDENTITY_CONFIRMED_BUT_NO_GOVERNED_ASSOCIABLE_GEOMETRY_EXISTS,SHARED_REFERENCE,Only the first 350 road source candidates are aligned to the locked canonical road baseline.
assocand:nngla:road:NG-RD-000295,ROAD,NG-RD-000295,NG-RD-CAND-000295,,,,DEFERRED_NO_GEOMETRY,CANONICAL_IDENTITY_CONFIRMED_BUT_NO_GOVERNED_ASSOCIABLE_GEOMETRY_EXISTS,SHARED_REFERENCE,Only the first 350 road source candidates are aligned to the locked canonical road baseline.
assocand:nngla:road:NG-RD-000296,ROAD,NG-RD-000296,NG-RD-CAND-000296,,,,DEFERRED_NO_GEOMETRY,CANONICAL_IDENTITY_CONFIRMED_BUT_NO_GOVERNED_ASSOCIABLE_GEOMETRY_EXISTS,SHARED_REFERENCE,Only the first 350 road source candidates are aligned to the locked canonical road baseline.
assocand:nngla:road:NG-RD-000297,ROAD,NG-RD-000297,NG-RD-CAND-000297,,,,DEFERRED_NO_GEOMETRY,CANONICAL_IDENTITY_CONFIRMED_BUT_NO_GOVERNED_ASSOCIABLE_GEOMETRY_EXISTS,SHARED_REFERENCE,Only the first 350 road source candidates are aligned to the locked canonical road baseline.
assocand:nngla:road:NG-RD-000298,ROAD,NG-RD-000298,NG-RD-CAND-000298,,,,DEFERRED_NO_GEOMETRY,CANONICAL_IDENTITY_CONFIRMED_BUT_NO_GOVERNED_ASSOCIABLE_GEOMETRY_EXISTS,SHARED_REFERENCE,Only the first 350 road source candidates are aligned to the locked canonical road baseline.
assocand:nngla:road:NG-RD-000299,ROAD,NG-RD-000299,NG-RD-CAND-000299,,,,DEFERRED_NO_GEOMETRY,CANONICAL_IDENTITY_CONFIRMED_BUT_NO_GOVERNED_ASSOCIABLE_GEOMETRY_EXISTS,SHARED_REFERENCE,Only the first 350 road source candidates are aligned to the locked canonical road baseline.
assocand:nngla:road:NG-RD-000300,ROAD,NG-RD-000300,NG-RD-CAND-000300,,,,DEFERRED_NO_GEOMETRY,CANONICAL_IDENTITY_CONFIRMED_BUT_NO_GOVERNED_ASSOCIABLE_GEOMETRY_EXISTS,SHARED_REFERENCE,Only the first 350 road source candidates are aligned to the locked canonical road baseline.
assocand:nngla:road:NG-RD-000301,ROAD,NG-RD-000301,NG-RD-CAND-000301,,,,DEFERRED_NO_GEOMETRY,CANONICAL_IDENTITY_CONFIRMED_BUT_NO_GOVERNED_ASSOCIABLE_GEOMETRY_EXISTS,SHARED_REFERENCE,Only the first 350 road source candidates are aligned to the locked canonical road baseline.
assocand:nngla:road:NG-RD-000302,ROAD,NG-RD-000302,NG-RD-CAND-000302,,,,DEFERRED_NO_GEOMETRY,CANONICAL_IDENTITY_CONFIRMED_BUT_NO_GOVERNED_ASSOCIABLE_GEOMETRY_EXISTS,SHARED_REFERENCE,Only the first 350 road source candidates are aligned to the locked canonical road baseline.
assocand:nngla:road:NG-RD-000303,ROAD,NG-RD-000303,NG-RD-CAND-000303,,,,DEFERRED_NO_GEOMETRY,CANONICAL_IDENTITY_CONFIRMED_BUT_NO_GOVERNED_ASSOCIABLE_GEOMETRY_EXISTS,SHARED_REFERENCE,Only the first 350 road source candidates are aligned to the locked canonical road baseline.
assocand:nngla:road:NG-RD-000304,ROAD,NG-RD-000304,NG-RD-CAND-000304,,,,DEFERRED_NO_GEOMETRY,CANONICAL_IDENTITY_CONFIRMED_BUT_NO_GOVERNED_ASSOCIABLE_GEOMETRY_EXISTS,SHARED_REFERENCE,Only the first 350 road source candidates are aligned to the locked canonical road baseline.
assocand:nngla:road:NG-RD-000305,ROAD,NG-RD-000305,NG-RD-CAND-000305,,,,DEFERRED_NO_GEOMETRY,CANONICAL_IDENTITY_CONFIRMED_BUT_NO_GOVERNED_ASSOCIABLE_GEOMETRY_EXISTS,SHARED_REFERENCE,Only the first 350 road source candidates are aligned to the locked canonical road baseline.
assocand:nngla:road:NG-RD-000306,ROAD,NG-RD-000306,NG-RD-CAND-000306,,,,DEFERRED_NO_GEOMETRY,CANONICAL_IDENTITY_CONFIRMED_BUT_NO_GOVERNED_ASSOCIABLE_GEOMETRY_EXISTS,SHARED_REFERENCE,Only the first 350 road source candidates are aligned to the locked canonical road baseline.
assocand:nngla:road:NG-RD-000307,ROAD,NG-RD-000307,NG-RD-CAND-000307,,,,DEFERRED_NO_GEOMETRY,CANONICAL_IDENTITY_CONFIRMED_BUT_NO_GOVERNED_ASSOCIABLE_GEOMETRY_EXISTS,SHARED_REFERENCE,Only the first 350 road source candidates are aligned to the locked canonical road baseline.
assocand:nngla:road:NG-RD-000308,ROAD,NG-RD-000308,NG-RD-CAND-000308,,,,DEFERRED_NO_GEOMETRY,CANONICAL_IDENTITY_CONFIRMED_BUT_NO_GOVERNED_ASSOCIABLE_GEOMETRY_EXISTS,SHARED_REFERENCE,Only the first 350 road source candidates are aligned to the locked canonical road baseline.
assocand:nngla:road:NG-RD-000309,ROAD,NG-RD-000309,NG-RD-CAND-000309,,,,DEFERRED_NO_GEOMETRY,CANONICAL_IDENTITY_CONFIRMED_BUT_NO_GOVERNED_ASSOCIABLE_GEOMETRY_EXISTS,SHARED_REFERENCE,Only the first 350 road source candidates are aligned to the locked canonical road baseline.
assocand:nngla:road:NG-RD-000310,ROAD,NG-RD-000310,NG-RD-CAND-000310,,,,DEFERRED_NO_GEOMETRY,CANONICAL_IDENTITY_CONFIRMED_BUT_NO_GOVERNED_ASSOCIABLE_GEOMETRY_EXISTS,SHARED_REFERENCE,Only the first 350 road source candidates are aligned to the locked canonical road baseline.
assocand:nngla:road:NG-RD-000311,ROAD,NG-RD-000311,NG-RD-CAND-000311,,,,DEFERRED_NO_GEOMETRY,CANONICAL_IDENTITY_CONFIRMED_BUT_NO_GOVERNED_ASSOCIABLE_GEOMETRY_EXISTS,SHARED_REFERENCE,Only the first 350 road source candidates are aligned to the locked canonical road baseline.
assocand:nngla:road:NG-RD-000312,ROAD,NG-RD-000312,NG-RD-CAND-000312,,,,DEFERRED_NO_GEOMETRY,CANONICAL_IDENTITY_CONFIRMED_BUT_NO_GOVERNED_ASSOCIABLE_GEOMETRY_EXISTS,SHARED_REFERENCE,Only the first 350 road source candidates are aligned to the locked canonical road baseline.
assocand:nngla:road:NG-RD-000313,ROAD,NG-RD-000313,NG-RD-CAND-000313,,,,DEFERRED_NO_GEOMETRY,CANONICAL_IDENTITY_CONFIRMED_BUT_NO_GOVERNED_ASSOCIABLE_GEOMETRY_EXISTS,SHARED_REFERENCE,Only the first 350 road source candidates are aligned to the locked canonical road baseline.
assocand:nngla:road:NG-RD-000314,ROAD,NG-RD-000314,NG-RD-CAND-000314,,,,DEFERRED_NO_GEOMETRY,CANONICAL_IDENTITY_CONFIRMED_BUT_NO_GOVERNED_ASSOCIABLE_GEOMETRY_EXISTS,SHARED_REFERENCE,Only the first 350 road source candidates are aligned to the locked canonical road baseline.
assocand:nngla:road:NG-RD-000315,ROAD,NG-RD-000315,NG-RD-CAND-000315,,,,DEFERRED_NO_GEOMETRY,CANONICAL_IDENTITY_CONFIRMED_BUT_NO_GOVERNED_ASSOCIABLE_GEOMETRY_EXISTS,SHARED_REFERENCE,Only the first 350 road source candidates are aligned to the locked canonical road baseline.
assocand:nngla:road:NG-RD-000316,ROAD,NG-RD-000316,NG-RD-CAND-000316,,,,DEFERRED_NO_GEOMETRY,CANONICAL_IDENTITY_CONFIRMED_BUT_NO_GOVERNED_ASSOCIABLE_GEOMETRY_EXISTS,SHARED_REFERENCE,Only the first 350 road source candidates are aligned to the locked canonical road baseline.
assocand:nngla:road:NG-RD-000317,ROAD,NG-RD-000317,NG-RD-CAND-000317,,,,DEFERRED_NO_GEOMETRY,CANONICAL_IDENTITY_CONFIRMED_BUT_NO_GOVERNED_ASSOCIABLE_GEOMETRY_EXISTS,SHARED_REFERENCE,Only the first 350 road source candidates are aligned to the locked canonical road baseline.
assocand:nngla:road:NG-RD-000318,ROAD,NG-RD-000318,NG-RD-CAND-000318,,,,DEFERRED_NO_GEOMETRY,CANONICAL_IDENTITY_CONFIRMED_BUT_NO_GOVERNED_ASSOCIABLE_GEOMETRY_EXISTS,SHARED_REFERENCE,Only the first 350 road source candidates are aligned to the locked canonical road baseline.
assocand:nngla:road:NG-RD-000319,ROAD,NG-RD-000319,NG-RD-CAND-000319,,,,DEFERRED_NO_GEOMETRY,CANONICAL_IDENTITY_CONFIRMED_BUT_NO_GOVERNED_ASSOCIABLE_GEOMETRY_EXISTS,SHARED_REFERENCE,Only the first 350 road source candidates are aligned to the locked canonical road baseline.
assocand:nngla:road:NG-RD-000320,ROAD,NG-RD-000320,NG-RD-CAND-000320,,,,DEFERRED_NO_GEOMETRY,CANONICAL_IDENTITY_CONFIRMED_BUT_NO_GOVERNED_ASSOCIABLE_GEOMETRY_EXISTS,SHARED_REFERENCE,Only the first 350 road source candidates are aligned to the locked canonical road baseline.
assocand:nngla:road:NG-RD-000321,ROAD,NG-RD-000321,NG-RD-CAND-000321,,,,DEFERRED_NO_GEOMETRY,CANONICAL_IDENTITY_CONFIRMED_BUT_NO_GOVERNED_ASSOCIABLE_GEOMETRY_EXISTS,SHARED_REFERENCE,Only the first 350 road source candidates are aligned to the locked canonical road baseline.
assocand:nngla:road:NG-RD-000322,ROAD,NG-RD-000322,NG-RD-CAND-000322,,,,DEFERRED_NO_GEOMETRY,CANONICAL_IDENTITY_CONFIRMED_BUT_NO_GOVERNED_ASSOCIABLE_GEOMETRY_EXISTS,SHARED_REFERENCE,Only the first 350 road source candidates are aligned to the locked canonical road baseline.
assocand:nngla:road:NG-RD-000323,ROAD,NG-RD-000323,NG-RD-CAND-000323,,,,DEFERRED_NO_GEOMETRY,CANONICAL_IDENTITY_CONFIRMED_BUT_NO_GOVERNED_ASSOCIABLE_GEOMETRY_EXISTS,SHARED_REFERENCE,Only the first 350 road source candidates are aligned to the locked canonical road baseline.
assocand:nngla:road:NG-RD-000324,ROAD,NG-RD-000324,NG-RD-CAND-000324,,,,DEFERRED_NO_GEOMETRY,CANONICAL_IDENTITY_CONFIRMED_BUT_NO_GOVERNED_ASSOCIABLE_GEOMETRY_EXISTS,SHARED_REFERENCE,Only the first 350 road source candidates are aligned to the locked canonical road baseline.
assocand:nngla:road:NG-RD-000325,ROAD,NG-RD-000325,NG-RD-CAND-000325,,,,DEFERRED_NO_GEOMETRY,CANONICAL_IDENTITY_CONFIRMED_BUT_NO_GOVERNED_ASSOCIABLE_GEOMETRY_EXISTS,SHARED_REFERENCE,Only the first 350 road source candidates are aligned to the locked canonical road baseline.
assocand:nngla:road:NG-RD-000326,ROAD,NG-RD-000326,NG-RD-CAND-000326,,,,DEFERRED_NO_GEOMETRY,CANONICAL_IDENTITY_CONFIRMED_BUT_NO_GOVERNED_ASSOCIABLE_GEOMETRY_EXISTS,SHARED_REFERENCE,Only the first 350 road source candidates are aligned to the locked canonical road baseline.
assocand:nngla:road:NG-RD-000327,ROAD,NG-RD-000327,NG-RD-CAND-000327,,,,DEFERRED_NO_GEOMETRY,CANONICAL_IDENTITY_CONFIRMED_BUT_NO_GOVERNED_ASSOCIABLE_GEOMETRY_EXISTS,SHARED_REFERENCE,Only the first 350 road source candidates are aligned to the locked canonical road baseline.
assocand:nngla:road:NG-RD-000328,ROAD,NG-RD-000328,NG-RD-CAND-000328,,,,DEFERRED_NO_GEOMETRY,CANONICAL_IDENTITY_CONFIRMED_BUT_NO_GOVERNED_ASSOCIABLE_GEOMETRY_EXISTS,SHARED_REFERENCE,Only the first 350 road source candidates are aligned to the locked canonical road baseline.
assocand:nngla:road:NG-RD-000329,ROAD,NG-RD-000329,NG-RD-CAND-000329,,,,DEFERRED_NO_GEOMETRY,CANONICAL_IDENTITY_CONFIRMED_BUT_NO_GOVERNED_ASSOCIABLE_GEOMETRY_EXISTS,SHARED_REFERENCE,Only the first 350 road source candidates are aligned to the locked canonical road baseline.
assocand:nngla:road:NG-RD-000330,ROAD,NG-RD-000330,NG-RD-CAND-000330,,,,DEFERRED_NO_GEOMETRY,CANONICAL_IDENTITY_CONFIRMED_BUT_NO_GOVERNED_ASSOCIABLE_GEOMETRY_EXISTS,SHARED_REFERENCE,Only the first 350 road source candidates are aligned to the locked canonical road baseline.
assocand:nngla:road:NG-RD-000331,ROAD,NG-RD-000331,NG-RD-CAND-000331,,,,DEFERRED_NO_GEOMETRY,CANONICAL_IDENTITY_CONFIRMED_BUT_NO_GOVERNED_ASSOCIABLE_GEOMETRY_EXISTS,SHARED_REFERENCE,Only the first 350 road source candidates are aligned to the locked canonical road baseline.
assocand:nngla:road:NG-RD-000332,ROAD,NG-RD-000332,NG-RD-CAND-000332,,,,DEFERRED_NO_GEOMETRY,CANONICAL_IDENTITY_CONFIRMED_BUT_NO_GOVERNED_ASSOCIABLE_GEOMETRY_EXISTS,SHARED_REFERENCE,Only the first 350 road source candidates are aligned to the locked canonical road baseline.
assocand:nngla:road:NG-RD-000333,ROAD,NG-RD-000333,NG-RD-CAND-000333,,,,DEFERRED_NO_GEOMETRY,CANONICAL_IDENTITY_CONFIRMED_BUT_NO_GOVERNED_ASSOCIABLE_GEOMETRY_EXISTS,SHARED_REFERENCE,Only the first 350 road source candidates are aligned to the locked canonical road baseline.
assocand:nngla:road:NG-RD-000334,ROAD,NG-RD-000334,NG-RD-CAND-000334,,,,DEFERRED_NO_GEOMETRY,CANONICAL_IDENTITY_CONFIRMED_BUT_NO_GOVERNED_ASSOCIABLE_GEOMETRY_EXISTS,SHARED_REFERENCE,Only the first 350 road source candidates are aligned to the locked canonical road baseline.
assocand:nngla:road:NG-RD-000335,ROAD,NG-RD-000335,NG-RD-CAND-000335,,,,DEFERRED_NO_GEOMETRY,CANONICAL_IDENTITY_CONFIRMED_BUT_NO_GOVERNED_ASSOCIABLE_GEOMETRY_EXISTS,SHARED_REFERENCE,Only the first 350 road source candidates are aligned to the locked canonical road baseline.
assocand:nngla:road:NG-RD-000336,ROAD,NG-RD-000336,NG-RD-CAND-000336,,,,DEFERRED_NO_GEOMETRY,CANONICAL_IDENTITY_CONFIRMED_BUT_NO_GOVERNED_ASSOCIABLE_GEOMETRY_EXISTS,SHARED_REFERENCE,Only the first 350 road source candidates are aligned to the locked canonical road baseline.
assocand:nngla:road:NG-RD-000337,ROAD,NG-RD-000337,NG-RD-CAND-000337,,,,DEFERRED_NO_GEOMETRY,CANONICAL_IDENTITY_CONFIRMED_BUT_NO_GOVERNED_ASSOCIABLE_GEOMETRY_EXISTS,SHARED_REFERENCE,Only the first 350 road source candidates are aligned to the locked canonical road baseline.
assocand:nngla:road:NG-RD-000338,ROAD,NG-RD-000338,NG-RD-CAND-000338,,,,DEFERRED_NO_GEOMETRY,CANONICAL_IDENTITY_CONFIRMED_BUT_NO_GOVERNED_ASSOCIABLE_GEOMETRY_EXISTS,SHARED_REFERENCE,Only the first 350 road source candidates are aligned to the locked canonical road baseline.
assocand:nngla:road:NG-RD-000339,ROAD,NG-RD-000339,NG-RD-CAND-000339,,,,DEFERRED_NO_GEOMETRY,CANONICAL_IDENTITY_CONFIRMED_BUT_NO_GOVERNED_ASSOCIABLE_GEOMETRY_EXISTS,SHARED_REFERENCE,Only the first 350 road source candidates are aligned to the locked canonical road baseline.
assocand:nngla:road:NG-RD-000340,ROAD,NG-RD-000340,NG-RD-CAND-000340,,,,DEFERRED_NO_GEOMETRY,CANONICAL_IDENTITY_CONFIRMED_BUT_NO_GOVERNED_ASSOCIABLE_GEOMETRY_EXISTS,SHARED_REFERENCE,Only the first 350 road source candidates are aligned to the locked canonical road baseline.
assocand:nngla:road:NG-RD-000341,ROAD,NG-RD-000341,NG-RD-CAND-000341,,,,DEFERRED_NO_GEOMETRY,CANONICAL_IDENTITY_CONFIRMED_BUT_NO_GOVERNED_ASSOCIABLE_GEOMETRY_EXISTS,SHARED_REFERENCE,Only the first 350 road source candidates are aligned to the locked canonical road baseline.
assocand:nngla:road:NG-RD-000342,ROAD,NG-RD-000342,NG-RD-CAND-000342,,,,DEFERRED_NO_GEOMETRY,CANONICAL_IDENTITY_CONFIRMED_BUT_NO_GOVERNED_ASSOCIABLE_GEOMETRY_EXISTS,SHARED_REFERENCE,Only the first 350 road source candidates are aligned to the locked canonical road baseline.
assocand:nngla:road:NG-RD-000343,ROAD,NG-RD-000343,NG-RD-CAND-000343,,,,DEFERRED_NO_GEOMETRY,CANONICAL_IDENTITY_CONFIRMED_BUT_NO_GOVERNED_ASSOCIABLE_GEOMETRY_EXISTS,SHARED_REFERENCE,Only the first 350 road source candidates are aligned to the locked canonical road baseline.
assocand:nngla:road:NG-RD-000344,ROAD,NG-RD-000344,NG-RD-CAND-000344,,,,DEFERRED_NO_GEOMETRY,CANONICAL_IDENTITY_CONFIRMED_BUT_NO_GOVERNED_ASSOCIABLE_GEOMETRY_EXISTS,SHARED_REFERENCE,Only the first 350 road source candidates are aligned to the locked canonical road baseline.
assocand:nngla:road:NG-RD-000345,ROAD,NG-RD-000345,NG-RD-CAND-000345,,,,DEFERRED_NO_GEOMETRY,CANONICAL_IDENTITY_CONFIRMED_BUT_NO_GOVERNED_ASSOCIABLE_GEOMETRY_EXISTS,SHARED_REFERENCE,Only the first 350 road source candidates are aligned to the locked canonical road baseline.
assocand:nngla:road:NG-RD-000346,ROAD,NG-RD-000346,NG-RD-CAND-000346,,,,DEFERRED_NO_GEOMETRY,CANONICAL_IDENTITY_CONFIRMED_BUT_NO_GOVERNED_ASSOCIABLE_GEOMETRY_EXISTS,SHARED_REFERENCE,Only the first 350 road source candidates are aligned to the locked canonical road baseline.
assocand:nngla:road:NG-RD-000347,ROAD,NG-RD-000347,NG-RD-CAND-000347,,,,DEFERRED_NO_GEOMETRY,CANONICAL_IDENTITY_CONFIRMED_BUT_NO_GOVERNED_ASSOCIABLE_GEOMETRY_EXISTS,SHARED_REFERENCE,Only the first 350 road source candidates are aligned to the locked canonical road baseline.
assocand:nngla:road:NG-RD-000348,ROAD,NG-RD-000348,NG-RD-CAND-000348,,,,DEFERRED_NO_GEOMETRY,CANONICAL_IDENTITY_CONFIRMED_BUT_NO_GOVERNED_ASSOCIABLE_GEOMETRY_EXISTS,SHARED_REFERENCE,Only the first 350 road source candidates are aligned to the locked canonical road baseline.
assocand:nngla:road:NG-RD-000349,ROAD,NG-RD-000349,NG-RD-CAND-000349,,,,DEFERRED_NO_GEOMETRY,CANONICAL_IDENTITY_CONFIRMED_BUT_NO_GOVERNED_ASSOCIABLE_GEOMETRY_EXISTS,SHARED_REFERENCE,Only the first 350 road source candidates are aligned to the locked canonical road baseline.
assocand:nngla:road:NG-RD-000350,ROAD,NG-RD-000350,NG-RD-CAND-000350,,,,DEFERRED_NO_GEOMETRY,CANONICAL_IDENTITY_CONFIRMED_BUT_NO_GOVERNED_ASSOCIABLE_GEOMETRY_EXISTS,SHARED_REFERENCE,Only the first 350 road source candidates are aligned to the locked canonical road baseline.
assocand:nngla:geographic_feature:NG-FEAT-000001,GEOGRAPHIC_FEATURE,NG-FEAT-000001,boundary-part:1,,RELATED_SOVEREIGN_BOUNDARY_NOT_ASSIGNED,country:novegeo,SUBJECT_ROLE_RECONCILIATION_REQUIRED,RELATED_GEOMETRY_EXISTS_BUT_COUNTRY_AND_MAINLAND_SUBJECTS_ARE_DISTINCT,SHARED_REFERENCE,MAINLAND feature is not silently equated with COUNTRY sovereign-boundary subject.
assocand:nngla:geographic_feature:NG-FEAT-000002,GEOGRAPHIC_FEATURE,NG-FEAT-000002,river:novegeo:r000001,NG-GEO-000002,EXISTING_GOVERNED_FEATURE_GEOMETRY,river:novegeo:r000001,READY_ASSOCIATE_EXISTING_GEOMETRY,DIRECT_SOURCE_SUBJECT_TO_EXISTING_GEOMETRY_SUBJECT_MATCH,SHARED_REFERENCE,Existing feature source subject directly matches existing geometry subject.
assocand:nngla:geographic_feature:NG-FEAT-000003,GEOGRAPHIC_FEATURE,NG-FEAT-000003,river:novegeo:r000002,NG-GEO-000003,EXISTING_GOVERNED_FEATURE_GEOMETRY,river:novegeo:r000002,READY_ASSOCIATE_EXISTING_GEOMETRY,DIRECT_SOURCE_SUBJECT_TO_EXISTING_GEOMETRY_SUBJECT_MATCH,SHARED_REFERENCE,Existing feature source subject directly matches existing geometry subject.
assocand:nngla:geographic_feature:NG-FEAT-000004,GEOGRAPHIC_FEATURE,NG-FEAT-000004,river:novegeo:r000003,NG-GEO-000004,EXISTING_GOVERNED_FEATURE_GEOMETRY,river:novegeo:r000003,READY_ASSOCIATE_EXISTING_GEOMETRY,DIRECT_SOURCE_SUBJECT_TO_EXISTING_GEOMETRY_SUBJECT_MATCH,SHARED_REFERENCE,Existing feature source subject directly matches existing geometry subject.
assocand:nngla:geographic_feature:NG-FEAT-000005,GEOGRAPHIC_FEATURE,NG-FEAT-000005,river:novegeo:r000004,NG-GEO-000005,EXISTING_GOVERNED_FEATURE_GEOMETRY,river:novegeo:r000004,READY_ASSOCIATE_EXISTING_GEOMETRY,DIRECT_SOURCE_SUBJECT_TO_EXISTING_GEOMETRY_SUBJECT_MATCH,SHARED_REFERENCE,Existing feature source subject directly matches existing geometry subject.
assocand:nngla:geographic_feature:NG-FEAT-000006,GEOGRAPHIC_FEATURE,NG-FEAT-000006,river:novegeo:r000005,NG-GEO-000006,EXISTING_GOVERNED_FEATURE_GEOMETRY,river:novegeo:r000005,READY_ASSOCIATE_EXISTING_GEOMETRY,DIRECT_SOURCE_SUBJECT_TO_EXISTING_GEOMETRY_SUBJECT_MATCH,SHARED_REFERENCE,Existing feature source subject directly matches existing geometry subject.
assocand:nngla:geographic_feature:NG-FEAT-000007,GEOGRAPHIC_FEATURE,NG-FEAT-000007,lake:novegeo:l000001,NG-GEO-000007,EXISTING_GOVERNED_FEATURE_GEOMETRY,lake:novegeo:l000001,READY_ASSOCIATE_EXISTING_GEOMETRY,DIRECT_SOURCE_SUBJECT_TO_EXISTING_GEOMETRY_SUBJECT_MATCH,SHARED_REFERENCE,Existing feature source subject directly matches existing geometry subject.
assocand:nngla:geographic_feature:NG-FEAT-000008,GEOGRAPHIC_FEATURE,NG-FEAT-000008,lake:novegeo:l000002,NG-GEO-000008,EXISTING_GOVERNED_FEATURE_GEOMETRY,lake:novegeo:l000002,READY_ASSOCIATE_EXISTING_GEOMETRY,DIRECT_SOURCE_SUBJECT_TO_EXISTING_GEOMETRY_SUBJECT_MATCH,SHARED_REFERENCE,Existing feature source subject directly matches existing geometry subject.
assocand:nngla:geographic_feature:NG-FEAT-000009,GEOGRAPHIC_FEATURE,NG-FEAT-000009,lake:novegeo:l000003,NG-GEO-000009,EXISTING_GOVERNED_FEATURE_GEOMETRY,lake:novegeo:l000003,READY_ASSOCIATE_EXISTING_GEOMETRY,DIRECT_SOURCE_SUBJECT_TO_EXISTING_GEOMETRY_SUBJECT_MATCH,SHARED_REFERENCE,Existing feature source subject directly matches existing geometry subject.
assocand:nngla:geographic_feature:NG-FEAT-000010,GEOGRAPHIC_FEATURE,NG-FEAT-000010,landform:novegeo:mountain:001,NG-GEO-000010,EXISTING_GOVERNED_FEATURE_GEOMETRY,landform:novegeo:mountain:001,READY_ASSOCIATE_EXISTING_GEOMETRY,DIRECT_SOURCE_SUBJECT_TO_EXISTING_GEOMETRY_SUBJECT_MATCH,SHARED_REFERENCE,Existing feature source subject directly matches existing geometry subject.
assocand:nngla:geographic_feature:NG-FEAT-000011,GEOGRAPHIC_FEATURE,NG-FEAT-000011,landform:novegeo:mountain:002,NG-GEO-000011,EXISTING_GOVERNED_FEATURE_GEOMETRY,landform:novegeo:mountain:002,READY_ASSOCIATE_EXISTING_GEOMETRY,DIRECT_SOURCE_SUBJECT_TO_EXISTING_GEOMETRY_SUBJECT_MATCH,SHARED_REFERENCE,Existing feature source subject directly matches existing geometry subject.
assocand:nngla:geographic_feature:NG-FEAT-000012,GEOGRAPHIC_FEATURE,NG-FEAT-000012,landform:novegeo:mountain:003,NG-GEO-000012,EXISTING_GOVERNED_FEATURE_GEOMETRY,landform:novegeo:mountain:003,READY_ASSOCIATE_EXISTING_GEOMETRY,DIRECT_SOURCE_SUBJECT_TO_EXISTING_GEOMETRY_SUBJECT_MATCH,SHARED_REFERENCE,Existing feature source subject directly matches existing geometry subject.
assocand:nngla:geographic_feature:NG-FEAT-000013,GEOGRAPHIC_FEATURE,NG-FEAT-000013,landform:novegeo:valley:001,NG-GEO-000013,EXISTING_GOVERNED_FEATURE_GEOMETRY,landform:novegeo:valley:001,READY_ASSOCIATE_EXISTING_GEOMETRY,DIRECT_SOURCE_SUBJECT_TO_EXISTING_GEOMETRY_SUBJECT_MATCH,SHARED_REFERENCE,Existing feature source subject directly matches existing geometry subject.
assocand:nngla:geographic_feature:NG-FEAT-000014,GEOGRAPHIC_FEATURE,NG-FEAT-000014,landform:novegeo:valley:002,NG-GEO-000014,EXISTING_GOVERNED_FEATURE_GEOMETRY,landform:novegeo:valley:002,READY_ASSOCIATE_EXISTING_GEOMETRY,DIRECT_SOURCE_SUBJECT_TO_EXISTING_GEOMETRY_SUBJECT_MATCH,SHARED_REFERENCE,Existing feature source subject directly matches existing geometry subject.
assocand:nngla:geographic_feature:NG-FEAT-000015,GEOGRAPHIC_FEATURE,NG-FEAT-000015,landform:novegeo:valley:003,NG-GEO-000015,EXISTING_GOVERNED_FEATURE_GEOMETRY,landform:novegeo:valley:003,READY_ASSOCIATE_EXISTING_GEOMETRY,DIRECT_SOURCE_SUBJECT_TO_EXISTING_GEOMETRY_SUBJECT_MATCH,SHARED_REFERENCE,Existing feature source subject directly matches existing geometry subject.
assocand:nngla:geographic_feature:NG-FEAT-000016,GEOGRAPHIC_FEATURE,NG-FEAT-000016,landform:novegeo:plain:001,NG-GEO-000016,EXISTING_GOVERNED_FEATURE_GEOMETRY,landform:novegeo:plain:001,READY_ASSOCIATE_EXISTING_GEOMETRY,DIRECT_SOURCE_SUBJECT_TO_EXISTING_GEOMETRY_SUBJECT_MATCH,SHARED_REFERENCE,Existing feature source subject directly matches existing geometry subject.
assocand:nngla:geographic_feature:NG-FEAT-000017,GEOGRAPHIC_FEATURE,NG-FEAT-000017,landform:novegeo:plain:002,NG-GEO-000017,EXISTING_GOVERNED_FEATURE_GEOMETRY,landform:novegeo:plain:002,READY_ASSOCIATE_EXISTING_GEOMETRY,DIRECT_SOURCE_SUBJECT_TO_EXISTING_GEOMETRY_SUBJECT_MATCH,SHARED_REFERENCE,Existing feature source subject directly matches existing geometry subject.
assocand:nngla:geographic_feature:NG-FEAT-000018,GEOGRAPHIC_FEATURE,NG-FEAT-000018,landform:novegeo:plain:003,NG-GEO-000018,EXISTING_GOVERNED_FEATURE_GEOMETRY,landform:novegeo:plain:003,READY_ASSOCIATE_EXISTING_GEOMETRY,DIRECT_SOURCE_SUBJECT_TO_EXISTING_GEOMETRY_SUBJECT_MATCH,SHARED_REFERENCE,Existing feature source subject directly matches existing geometry subject.
assocand:nngla:geographic_feature:NG-FEAT-000019,GEOGRAPHIC_FEATURE,NG-FEAT-000019,landform:novegeo:plateau:001,NG-GEO-000019,EXISTING_GOVERNED_FEATURE_GEOMETRY,landform:novegeo:plateau:001,READY_ASSOCIATE_EXISTING_GEOMETRY,DIRECT_SOURCE_SUBJECT_TO_EXISTING_GEOMETRY_SUBJECT_MATCH,SHARED_REFERENCE,Existing feature source subject directly matches existing geometry subject.
assocand:nngla:geographic_feature:NG-FEAT-000020,GEOGRAPHIC_FEATURE,NG-FEAT-000020,landform:novegeo:plateau:002,NG-GEO-000020,EXISTING_GOVERNED_FEATURE_GEOMETRY,landform:novegeo:plateau:002,READY_ASSOCIATE_EXISTING_GEOMETRY,DIRECT_SOURCE_SUBJECT_TO_EXISTING_GEOMETRY_SUBJECT_MATCH,SHARED_REFERENCE,Existing feature source subject directly matches existing geometry subject.
assocand:nngla:geographic_feature:NG-FEAT-000021,GEOGRAPHIC_FEATURE,NG-FEAT-000021,landform:novegeo:plateau:003,NG-GEO-000021,EXISTING_GOVERNED_FEATURE_GEOMETRY,landform:novegeo:plateau:003,READY_ASSOCIATE_EXISTING_GEOMETRY,DIRECT_SOURCE_SUBJECT_TO_EXISTING_GEOMETRY_SUBJECT_MATCH,SHARED_REFERENCE,Existing feature source subject directly matches existing geometry subject.
