spatial_reference_id,north_id,north_east_id,east_id,south_east_id,south_id,south_west_id,west_id,north_west_id,topology_basis,topology_status
NG-MGRID-01-01,,,NG-MGRID-01-02,NG-MGRID-02-02,NG-MGRID-02-01,,,,MAJOR_GRID_ROW_COLUMN_WITH_BOUNDING_BOX_ORDER,VALID
NG-MGRID-01-02,,,NG-MGRID-01-03,NG-MGRID-02-03,NG-MGRID-02-02,NG-MGRID-02-01,NG-MGRID-01-01,,MAJOR_GRID_ROW_COLUMN_WITH_BOUNDING_BOX_ORDER,VALID
NG-MGRID-01-03,,,NG-MGRID-01-04,NG-MGRID-02-04,NG-MGRID-02-03,NG-MGRID-02-02,NG-MGRID-01-02,,MAJOR_GRID_ROW_COLUMN_WITH_BOUNDING_BOX_ORDER,VALID
NG-MGRID-01-04,,,,,NG-MGRID-02-04,NG-MGRID-02-03,NG-MGRID-01-03,,MAJOR_GRID_ROW_COLUMN_WITH_BOUNDING_BOX_ORDER,VALID
NG-MGRID-02-01,NG-MGRID-01-01,NG-MGRID-01-02,NG-MGRID-02-02,NG-MGRID-03-02,NG-MGRID-03-01,,,,MAJOR_GRID_ROW_COLUMN_WITH_BOUNDING_BOX_ORDER,VALID
NG-MGRID-02-02,NG-MGRID-01-02,NG-MGRID-01-03,NG-MGRID-02-03,NG-MGRID-03-03,NG-MGRID-03-02,NG-MGRID-03-01,NG-MGRID-02-01,NG-MGRID-01-01,MAJOR_GRID_ROW_COLUMN_WITH_BOUNDING_BOX_ORDER,VALID
NG-MGRID-02-03,NG-MGRID-01-03,NG-MGRID-01-04,NG-MGRID-02-04,NG-MGRID-03-04,NG-MGRID-03-03,NG-MGRID-03-02,NG-MGRID-02-02,NG-MGRID-01-02,MAJOR_GRID_ROW_COLUMN_WITH_BOUNDING_BOX_ORDER,VALID
NG-MGRID-02-04,NG-MGRID-01-04,,,,NG-MGRID-03-04,NG-MGRID-03-03,NG-MGRID-02-03,NG-MGRID-01-03,MAJOR_GRID_ROW_COLUMN_WITH_BOUNDING_BOX_ORDER,VALID
NG-MGRID-03-01,NG-MGRID-02-01,NG-MGRID-02-02,NG-MGRID-03-02,NG-MGRID-04-02,NG-MGRID-04-01,,,,MAJOR_GRID_ROW_COLUMN_WITH_BOUNDING_BOX_ORDER,VALID
NG-MGRID-03-02,NG-MGRID-02-02,NG-MGRID-02-03,NG-MGRID-03-03,NG-MGRID-04-03,NG-MGRID-04-02,NG-MGRID-04-01,NG-MGRID-03-01,NG-MGRID-02-01,MAJOR_GRID_ROW_COLUMN_WITH_BOUNDING_BOX_ORDER,VALID
NG-MGRID-03-03,NG-MGRID-02-03,NG-MGRID-02-04,NG-MGRID-03-04,NG-MGRID-04-04,NG-MGRID-04-03,NG-MGRID-04-02,NG-MGRID-03-02,NG-MGRID-02-02,MAJOR_GRID_ROW_COLUMN_WITH_BOUNDING_BOX_ORDER,VALID
NG-MGRID-03-04,NG-MGRID-02-04,,,,NG-MGRID-04-04,NG-MGRID-04-03,NG-MGRID-03-03,NG-MGRID-02-03,MAJOR_GRID_ROW_COLUMN_WITH_BOUNDING_BOX_ORDER,VALID
NG-MGRID-04-01,NG-MGRID-03-01,NG-MGRID-03-02,NG-MGRID-04-02,,,,,,MAJOR_GRID_ROW_COLUMN_WITH_BOUNDING_BOX_ORDER,VALID
NG-MGRID-04-02,NG-MGRID-03-02,NG-MGRID-03-03,NG-MGRID-04-03,,,,NG-MGRID-04-01,NG-MGRID-03-01,MAJOR_GRID_ROW_COLUMN_WITH_BOUNDING_BOX_ORDER,VALID
NG-MGRID-04-03,NG-MGRID-03-03,NG-MGRID-03-04,NG-MGRID-04-04,,,,NG-MGRID-04-02,NG-MGRID-03-02,MAJOR_GRID_ROW_COLUMN_WITH_BOUNDING_BOX_ORDER,VALID
NG-MGRID-04-04,NG-MGRID-03-04,,,,,,NG-MGRID-04-03,NG-MGRID-03-03,MAJOR_GRID_ROW_COLUMN_WITH_BOUNDING_BOX_ORDER,VALID
NG-SCELL-000001,NG-SCELL-000014,NG-SCELL-000015,NG-SCELL-000002,,,,,NG-SCELL-000013,EXACT_DECIMAL_CENTER_COORDINATE_PLUS_DECLARED_SPACING,VALID
NG-SCELL-000002,NG-SCELL-000015,NG-SCELL-000016,NG-SCELL-000003,,,,NG-SCELL-000001,NG-SCELL-000014,EXACT_DECIMAL_CENTER_COORDINATE_PLUS_DECLARED_SPACING,VALID
NG-SCELL-000003,NG-SCELL-000016,NG-SCELL-000017,NG-SCELL-000004,,,,NG-SCELL-000002,NG-SCELL-000015,EXACT_DECIMAL_CENTER_COORDINATE_PLUS_DECLARED_SPACING,VALID
NG-SCELL-000004,NG-SCELL-000017,NG-SCELL-000018,NG-SCELL-000005,,,,NG-SCELL-000003,NG-SCELL-000016,EXACT_DECIMAL_CENTER_COORDINATE_PLUS_DECLARED_SPACING,VALID
NG-SCELL-000005,NG-SCELL-000018,NG-SCELL-000019,NG-SCELL-000006,,,,NG-SCELL-000004,NG-SCELL-000017,EXACT_DECIMAL_CENTER_COORDINATE_PLUS_DECLARED_SPACING,VALID
NG-SCELL-000006,NG-SCELL-000019,NG-SCELL-000020,NG-SCELL-000007,,,,NG-SCELL-000005,NG-SCELL-000018,EXACT_DECIMAL_CENTER_COORDINATE_PLUS_DECLARED_SPACING,VALID
NG-SCELL-000007,NG-SCELL-000020,NG-SCELL-000021,NG-SCELL-000008,,,,NG-SCELL-000006,NG-SCELL-000019,EXACT_DECIMAL_CENTER_COORDINATE_PLUS_DECLARED_SPACING,VALID
NG-SCELL-000008,NG-SCELL-000021,NG-SCELL-000022,NG-SCELL-000009,,,,NG-SCELL-000007,NG-SCELL-000020,EXACT_DECIMAL_CENTER_COORDINATE_PLUS_DECLARED_SPACING,VALID
NG-SCELL-000009,NG-SCELL-000022,NG-SCELL-000023,,,,,NG-SCELL-000008,NG-SCELL-000021,EXACT_DECIMAL_CENTER_COORDINATE_PLUS_DECLARED_SPACING,VALID
NG-SCELL-000010,NG-SCELL-000030,NG-SCELL-000031,NG-SCELL-000011,,,,,NG-SCELL-000029,EXACT_DECIMAL_CENTER_COORDINATE_PLUS_DECLARED_SPACING,VALID
NG-SCELL-000011,NG-SCELL-000031,NG-SCELL-000032,NG-SCELL-000012,,,,NG-SCELL-000010,NG-SCELL-000030,EXACT_DECIMAL_CENTER_COORDINATE_PLUS_DECLARED_SPACING,VALID
NG-SCELL-000012,NG-SCELL-000032,NG-SCELL-000033,NG-SCELL-000013,,,,NG-SCELL-000011,NG-SCELL-000031,EXACT_DECIMAL_CENTER_COORDINATE_PLUS_DECLARED_SPACING,VALID
NG-SCELL-000013,NG-SCELL-000033,NG-SCELL-000034,NG-SCELL-000014,NG-SCELL-000001,,,NG-SCELL-000012,NG-SCELL-000032,EXACT_DECIMAL_CENTER_COORDINATE_PLUS_DECLARED_SPACING,VALID
NG-SCELL-000014,NG-SCELL-000034,NG-SCELL-000035,NG-SCELL-000015,NG-SCELL-000002,NG-SCELL-000001,,NG-SCELL-000013,NG-SCELL-000033,EXACT_DECIMAL_CENTER_COORDINATE_PLUS_DECLARED_SPACING,VALID
NG-SCELL-000015,NG-SCELL-000035,NG-SCELL-000036,NG-SCELL-000016,NG-SCELL-000003,NG-SCELL-000002,NG-SCELL-000001,NG-SCELL-000014,NG-SCELL-000034,EXACT_DECIMAL_CENTER_COORDINATE_PLUS_DECLARED_SPACING,VALID
NG-SCELL-000016,NG-SCELL-000036,NG-SCELL-000037,NG-SCELL-000017,NG-SCELL-000004,NG-SCELL-000003,NG-SCELL-000002,NG-SCELL-000015,NG-SCELL-000035,EXACT_DECIMAL_CENTER_COORDINATE_PLUS_DECLARED_SPACING,VALID
NG-SCELL-000017,NG-SCELL-000037,NG-SCELL-000038,NG-SCELL-000018,NG-SCELL-000005,NG-SCELL-000004,NG-SCELL-000003,NG-SCELL-000016,NG-SCELL-000036,EXACT_DECIMAL_CENTER_COORDINATE_PLUS_DECLARED_SPACING,VALID
NG-SCELL-000018,NG-SCELL-000038,NG-SCELL-000039,NG-SCELL-000019,NG-SCELL-000006,NG-SCELL-000005,NG-SCELL-000004,NG-SCELL-000017,NG-SCELL-000037,EXACT_DECIMAL_CENTER_COORDINATE_PLUS_DECLARED_SPACING,VALID
NG-SCELL-000019,NG-SCELL-000039,NG-SCELL-000040,NG-SCELL-000020,NG-SCELL-000007,NG-SCELL-000006,NG-SCELL-000005,NG-SCELL-000018,NG-SCELL-000038,EXACT_DECIMAL_CENTER_COORDINATE_PLUS_DECLARED_SPACING,VALID
NG-SCELL-000020,NG-SCELL-000040,NG-SCELL-000041,NG-SCELL-000021,NG-SCELL-000008,NG-SCELL-000007,NG-SCELL-000006,NG-SCELL-000019,NG-SCELL-000039,EXACT_DECIMAL_CENTER_COORDINATE_PLUS_DECLARED_SPACING,VALID
NG-SCELL-000021,NG-SCELL-000041,NG-SCELL-000042,NG-SCELL-000022,NG-SCELL-000009,NG-SCELL-000008,NG-SCELL-000007,NG-SCELL-000020,NG-SCELL-000040,EXACT_DECIMAL_CENTER_COORDINATE_PLUS_DECLARED_SPACING,VALID
NG-SCELL-000022,NG-SCELL-000042,NG-SCELL-000043,NG-SCELL-000023,,NG-SCELL-000009,NG-SCELL-000008,NG-SCELL-000021,NG-SCELL-000041,EXACT_DECIMAL_CENTER_COORDINATE_PLUS_DECLARED_SPACING,VALID
NG-SCELL-000023,NG-SCELL-000043,NG-SCELL-000044,NG-SCELL-000024,,,NG-SCELL-000009,NG-SCELL-000022,NG-SCELL-000042,EXACT_DECIMAL_CENTER_COORDINATE_PLUS_DECLARED_SPACING,VALID
NG-SCELL-000024,NG-SCELL-000044,NG-SCELL-000045,NG-SCELL-000025,,,,NG-SCELL-000023,NG-SCELL-000043,EXACT_DECIMAL_CENTER_COORDINATE_PLUS_DECLARED_SPACING,VALID
NG-SCELL-000025,NG-SCELL-000045,NG-SCELL-000046,NG-SCELL-000026,,,,NG-SCELL-000024,NG-SCELL-000044,EXACT_DECIMAL_CENTER_COORDINATE_PLUS_DECLARED_SPACING,VALID
NG-SCELL-000026,NG-SCELL-000046,NG-SCELL-000047,,,,,NG-SCELL-000025,NG-SCELL-000045,EXACT_DECIMAL_CENTER_COORDINATE_PLUS_DECLARED_SPACING,VALID
NG-SCELL-000027,NG-SCELL-000050,NG-SCELL-000051,NG-SCELL-000028,,,,,NG-SCELL-000049,EXACT_DECIMAL_CENTER_COORDINATE_PLUS_DECLARED_SPACING,VALID
NG-SCELL-000028,NG-SCELL-000051,NG-SCELL-000052,NG-SCELL-000029,,,,NG-SCELL-000027,NG-SCELL-000050,EXACT_DECIMAL_CENTER_COORDINATE_PLUS_DECLARED_SPACING,VALID
NG-SCELL-000029,NG-SCELL-000052,NG-SCELL-000053,NG-SCELL-000030,NG-SCELL-000010,,,NG-SCELL-000028,NG-SCELL-000051,EXACT_DECIMAL_CENTER_COORDINATE_PLUS_DECLARED_SPACING,VALID
NG-SCELL-000030,NG-SCELL-000053,NG-SCELL-000054,NG-SCELL-000031,NG-SCELL-000011,NG-SCELL-000010,,NG-SCELL-000029,NG-SCELL-000052,EXACT_DECIMAL_CENTER_COORDINATE_PLUS_DECLARED_SPACING,VALID
NG-SCELL-000031,NG-SCELL-000054,NG-SCELL-000055,NG-SCELL-000032,NG-SCELL-000012,NG-SCELL-000011,NG-SCELL-000010,NG-SCELL-000030,NG-SCELL-000053,EXACT_DECIMAL_CENTER_COORDINATE_PLUS_DECLARED_SPACING,VALID
NG-SCELL-000032,NG-SCELL-000055,NG-SCELL-000056,NG-SCELL-000033,NG-SCELL-000013,NG-SCELL-000012,NG-SCELL-000011,NG-SCELL-000031,NG-SCELL-000054,EXACT_DECIMAL_CENTER_COORDINATE_PLUS_DECLARED_SPACING,VALID
NG-SCELL-000033,NG-SCELL-000056,NG-SCELL-000057,NG-SCELL-000034,NG-SCELL-000014,NG-SCELL-000013,NG-SCELL-000012,NG-SCELL-000032,NG-SCELL-000055,EXACT_DECIMAL_CENTER_COORDINATE_PLUS_DECLARED_SPACING,VALID
NG-SCELL-000034,NG-SCELL-000057,NG-SCELL-000058,NG-SCELL-000035,NG-SCELL-000015,NG-SCELL-000014,NG-SCELL-000013,NG-SCELL-000033,NG-SCELL-000056,EXACT_DECIMAL_CENTER_COORDINATE_PLUS_DECLARED_SPACING,VALID
NG-SCELL-000035,NG-SCELL-000058,NG-SCELL-000059,NG-SCELL-000036,NG-SCELL-000016,NG-SCELL-000015,NG-SCELL-000014,NG-SCELL-000034,NG-SCELL-000057,EXACT_DECIMAL_CENTER_COORDINATE_PLUS_DECLARED_SPACING,VALID
NG-SCELL-000036,NG-SCELL-000059,NG-SCELL-000060,NG-SCELL-000037,NG-SCELL-000017,NG-SCELL-000016,NG-SCELL-000015,NG-SCELL-000035,NG-SCELL-000058,EXACT_DECIMAL_CENTER_COORDINATE_PLUS_DECLARED_SPACING,VALID
NG-SCELL-000037,NG-SCELL-000060,NG-SCELL-000061,NG-SCELL-000038,NG-SCELL-000018,NG-SCELL-000017,NG-SCELL-000016,NG-SCELL-000036,NG-SCELL-000059,EXACT_DECIMAL_CENTER_COORDINATE_PLUS_DECLARED_SPACING,VALID
NG-SCELL-000038,NG-SCELL-000061,NG-SCELL-000062,NG-SCELL-000039,NG-SCELL-000019,NG-SCELL-000018,NG-SCELL-000017,NG-SCELL-000037,NG-SCELL-000060,EXACT_DECIMAL_CENTER_COORDINATE_PLUS_DECLARED_SPACING,VALID
NG-SCELL-000039,NG-SCELL-000062,NG-SCELL-000063,NG-SCELL-000040,NG-SCELL-000020,NG-SCELL-000019,NG-SCELL-000018,NG-SCELL-000038,NG-SCELL-000061,EXACT_DECIMAL_CENTER_COORDINATE_PLUS_DECLARED_SPACING,VALID
NG-SCELL-000040,NG-SCELL-000063,NG-SCELL-000064,NG-SCELL-000041,NG-SCELL-000021,NG-SCELL-000020,NG-SCELL-000019,NG-SCELL-000039,NG-SCELL-000062,EXACT_DECIMAL_CENTER_COORDINATE_PLUS_DECLARED_SPACING,VALID
NG-SCELL-000041,NG-SCELL-000064,NG-SCELL-000065,NG-SCELL-000042,NG-SCELL-000022,NG-SCELL-000021,NG-SCELL-000020,NG-SCELL-000040,NG-SCELL-000063,EXACT_DECIMAL_CENTER_COORDINATE_PLUS_DECLARED_SPACING,VALID
NG-SCELL-000042,NG-SCELL-000065,NG-SCELL-000066,NG-SCELL-000043,NG-SCELL-000023,NG-SCELL-000022,NG-SCELL-000021,NG-SCELL-000041,NG-SCELL-000064,EXACT_DECIMAL_CENTER_COORDINATE_PLUS_DECLARED_SPACING,VALID
NG-SCELL-000043,NG-SCELL-000066,NG-SCELL-000067,NG-SCELL-000044,NG-SCELL-000024,NG-SCELL-000023,NG-SCELL-000022,NG-SCELL-000042,NG-SCELL-000065,EXACT_DECIMAL_CENTER_COORDINATE_PLUS_DECLARED_SPACING,VALID
NG-SCELL-000044,NG-SCELL-000067,NG-SCELL-000068,NG-SCELL-000045,NG-SCELL-000025,NG-SCELL-000024,NG-SCELL-000023,NG-SCELL-000043,NG-SCELL-000066,EXACT_DECIMAL_CENTER_COORDINATE_PLUS_DECLARED_SPACING,VALID
NG-SCELL-000045,NG-SCELL-000068,NG-SCELL-000069,NG-SCELL-000046,NG-SCELL-000026,NG-SCELL-000025,NG-SCELL-000024,NG-SCELL-000044,NG-SCELL-000067,EXACT_DECIMAL_CENTER_COORDINATE_PLUS_DECLARED_SPACING,VALID
NG-SCELL-000046,NG-SCELL-000069,NG-SCELL-000070,NG-SCELL-000047,,NG-SCELL-000026,NG-SCELL-000025,NG-SCELL-000045,NG-SCELL-000068,EXACT_DECIMAL_CENTER_COORDINATE_PLUS_DECLARED_SPACING,VALID
NG-SCELL-000047,NG-SCELL-000070,NG-SCELL-000071,,,,NG-SCELL-000026,NG-SCELL-000046,NG-SCELL-000069,EXACT_DECIMAL_CENTER_COORDINATE_PLUS_DECLARED_SPACING,VALID
NG-SCELL-000048,NG-SCELL-000075,NG-SCELL-000076,NG-SCELL-000049,,,,,NG-SCELL-000074,EXACT_DECIMAL_CENTER_COORDINATE_PLUS_DECLARED_SPACING,VALID
NG-SCELL-000049,NG-SCELL-000076,NG-SCELL-000077,NG-SCELL-000050,NG-SCELL-000027,,,NG-SCELL-000048,NG-SCELL-000075,EXACT_DECIMAL_CENTER_COORDINATE_PLUS_DECLARED_SPACING,VALID
NG-SCELL-000050,NG-SCELL-000077,NG-SCELL-000078,NG-SCELL-000051,NG-SCELL-000028,NG-SCELL-000027,,NG-SCELL-000049,NG-SCELL-000076,EXACT_DECIMAL_CENTER_COORDINATE_PLUS_DECLARED_SPACING,VALID
NG-SCELL-000051,NG-SCELL-000078,NG-SCELL-000079,NG-SCELL-000052,NG-SCELL-000029,NG-SCELL-000028,NG-SCELL-000027,NG-SCELL-000050,NG-SCELL-000077,EXACT_DECIMAL_CENTER_COORDINATE_PLUS_DECLARED_SPACING,VALID
NG-SCELL-000052,NG-SCELL-000079,NG-SCELL-000080,NG-SCELL-000053,NG-SCELL-000030,NG-SCELL-000029,NG-SCELL-000028,NG-SCELL-000051,NG-SCELL-000078,EXACT_DECIMAL_CENTER_COORDINATE_PLUS_DECLARED_SPACING,VALID
NG-SCELL-000053,NG-SCELL-000080,NG-SCELL-000081,NG-SCELL-000054,NG-SCELL-000031,NG-SCELL-000030,NG-SCELL-000029,NG-SCELL-000052,NG-SCELL-000079,EXACT_DECIMAL_CENTER_COORDINATE_PLUS_DECLARED_SPACING,VALID
NG-SCELL-000054,NG-SCELL-000081,NG-SCELL-000082,NG-SCELL-000055,NG-SCELL-000032,NG-SCELL-000031,NG-SCELL-000030,NG-SCELL-000053,NG-SCELL-000080,EXACT_DECIMAL_CENTER_COORDINATE_PLUS_DECLARED_SPACING,VALID
NG-SCELL-000055,NG-SCELL-000082,NG-SCELL-000083,NG-SCELL-000056,NG-SCELL-000033,NG-SCELL-000032,NG-SCELL-000031,NG-SCELL-000054,NG-SCELL-000081,EXACT_DECIMAL_CENTER_COORDINATE_PLUS_DECLARED_SPACING,VALID
NG-SCELL-000056,NG-SCELL-000083,NG-SCELL-000084,NG-SCELL-000057,NG-SCELL-000034,NG-SCELL-000033,NG-SCELL-000032,NG-SCELL-000055,NG-SCELL-000082,EXACT_DECIMAL_CENTER_COORDINATE_PLUS_DECLARED_SPACING,VALID
NG-SCELL-000057,NG-SCELL-000084,NG-SCELL-000085,NG-SCELL-000058,NG-SCELL-000035,NG-SCELL-000034,NG-SCELL-000033,NG-SCELL-000056,NG-SCELL-000083,EXACT_DECIMAL_CENTER_COORDINATE_PLUS_DECLARED_SPACING,VALID
NG-SCELL-000058,NG-SCELL-000085,NG-SCELL-000086,NG-SCELL-000059,NG-SCELL-000036,NG-SCELL-000035,NG-SCELL-000034,NG-SCELL-000057,NG-SCELL-000084,EXACT_DECIMAL_CENTER_COORDINATE_PLUS_DECLARED_SPACING,VALID
NG-SCELL-000059,NG-SCELL-000086,NG-SCELL-000087,NG-SCELL-000060,NG-SCELL-000037,NG-SCELL-000036,NG-SCELL-000035,NG-SCELL-000058,NG-SCELL-000085,EXACT_DECIMAL_CENTER_COORDINATE_PLUS_DECLARED_SPACING,VALID
NG-SCELL-000060,NG-SCELL-000087,NG-SCELL-000088,NG-SCELL-000061,NG-SCELL-000038,NG-SCELL-000037,NG-SCELL-000036,NG-SCELL-000059,NG-SCELL-000086,EXACT_DECIMAL_CENTER_COORDINATE_PLUS_DECLARED_SPACING,VALID
NG-SCELL-000061,NG-SCELL-000088,NG-SCELL-000089,NG-SCELL-000062,NG-SCELL-000039,NG-SCELL-000038,NG-SCELL-000037,NG-SCELL-000060,NG-SCELL-000087,EXACT_DECIMAL_CENTER_COORDINATE_PLUS_DECLARED_SPACING,VALID
NG-SCELL-000062,NG-SCELL-000089,NG-SCELL-000090,NG-SCELL-000063,NG-SCELL-000040,NG-SCELL-000039,NG-SCELL-000038,NG-SCELL-000061,NG-SCELL-000088,EXACT_DECIMAL_CENTER_COORDINATE_PLUS_DECLARED_SPACING,VALID
NG-SCELL-000063,NG-SCELL-000090,NG-SCELL-000091,NG-SCELL-000064,NG-SCELL-000041,NG-SCELL-000040,NG-SCELL-000039,NG-SCELL-000062,NG-SCELL-000089,EXACT_DECIMAL_CENTER_COORDINATE_PLUS_DECLARED_SPACING,VALID
NG-SCELL-000064,NG-SCELL-000091,NG-SCELL-000092,NG-SCELL-000065,NG-SCELL-000042,NG-SCELL-000041,NG-SCELL-000040,NG-SCELL-000063,NG-SCELL-000090,EXACT_DECIMAL_CENTER_COORDINATE_PLUS_DECLARED_SPACING,VALID
NG-SCELL-000065,NG-SCELL-000092,NG-SCELL-000093,NG-SCELL-000066,NG-SCELL-000043,NG-SCELL-000042,NG-SCELL-000041,NG-SCELL-000064,NG-SCELL-000091,EXACT_DECIMAL_CENTER_COORDINATE_PLUS_DECLARED_SPACING,VALID
NG-SCELL-000066,NG-SCELL-000093,NG-SCELL-000094,NG-SCELL-000067,NG-SCELL-000044,NG-SCELL-000043,NG-SCELL-000042,NG-SCELL-000065,NG-SCELL-000092,EXACT_DECIMAL_CENTER_COORDINATE_PLUS_DECLARED_SPACING,VALID
NG-SCELL-000067,NG-SCELL-000094,NG-SCELL-000095,NG-SCELL-000068,NG-SCELL-000045,NG-SCELL-000044,NG-SCELL-000043,NG-SCELL-000066,NG-SCELL-000093,EXACT_DECIMAL_CENTER_COORDINATE_PLUS_DECLARED_SPACING,VALID
NG-SCELL-000068,NG-SCELL-000095,NG-SCELL-000096,NG-SCELL-000069,NG-SCELL-000046,NG-SCELL-000045,NG-SCELL-000044,NG-SCELL-000067,NG-SCELL-000094,EXACT_DECIMAL_CENTER_COORDINATE_PLUS_DECLARED_SPACING,VALID
NG-SCELL-000069,NG-SCELL-000096,NG-SCELL-000097,NG-SCELL-000070,NG-SCELL-000047,NG-SCELL-000046,NG-SCELL-000045,NG-SCELL-000068,NG-SCELL-000095,EXACT_DECIMAL_CENTER_COORDINATE_PLUS_DECLARED_SPACING,VALID
NG-SCELL-000070,NG-SCELL-000097,NG-SCELL-000098,NG-SCELL-000071,,NG-SCELL-000047,NG-SCELL-000046,NG-SCELL-000069,NG-SCELL-000096,EXACT_DECIMAL_CENTER_COORDINATE_PLUS_DECLARED_SPACING,VALID
NG-SCELL-000071,NG-SCELL-000098,NG-SCELL-000099,NG-SCELL-000072,,,NG-SCELL-000047,NG-SCELL-000070,NG-SCELL-000097,EXACT_DECIMAL_CENTER_COORDINATE_PLUS_DECLARED_SPACING,VALID
NG-SCELL-000072,NG-SCELL-000099,NG-SCELL-000100,,,,,NG-SCELL-000071,NG-SCELL-000098,EXACT_DECIMAL_CENTER_COORDINATE_PLUS_DECLARED_SPACING,VALID
NG-SCELL-000073,NG-SCELL-000102,NG-SCELL-000103,NG-SCELL-000074,,,,,NG-SCELL-000101,EXACT_DECIMAL_CENTER_COORDINATE_PLUS_DECLARED_SPACING,VALID
NG-SCELL-000074,NG-SCELL-000103,NG-SCELL-000104,NG-SCELL-000075,NG-SCELL-000048,,,NG-SCELL-000073,NG-SCELL-000102,EXACT_DECIMAL_CENTER_COORDINATE_PLUS_DECLARED_SPACING,VALID
NG-SCELL-000075,NG-SCELL-000104,NG-SCELL-000105,NG-SCELL-000076,NG-SCELL-000049,NG-SCELL-000048,,NG-SCELL-000074,NG-SCELL-000103,EXACT_DECIMAL_CENTER_COORDINATE_PLUS_DECLARED_SPACING,VALID
NG-SCELL-000076,NG-SCELL-000105,NG-SCELL-000106,NG-SCELL-000077,NG-SCELL-000050,NG-SCELL-000049,NG-SCELL-000048,NG-SCELL-000075,NG-SCELL-000104,EXACT_DECIMAL_CENTER_COORDINATE_PLUS_DECLARED_SPACING,VALID
NG-SCELL-000077,NG-SCELL-000106,NG-SCELL-000107,NG-SCELL-000078,NG-SCELL-000051,NG-SCELL-000050,NG-SCELL-000049,NG-SCELL-000076,NG-SCELL-000105,EXACT_DECIMAL_CENTER_COORDINATE_PLUS_DECLARED_SPACING,VALID
NG-SCELL-000078,NG-SCELL-000107,NG-SCELL-000108,NG-SCELL-000079,NG-SCELL-000052,NG-SCELL-000051,NG-SCELL-000050,NG-SCELL-000077,NG-SCELL-000106,EXACT_DECIMAL_CENTER_COORDINATE_PLUS_DECLARED_SPACING,VALID
NG-SCELL-000079,NG-SCELL-000108,NG-SCELL-000109,NG-SCELL-000080,NG-SCELL-000053,NG-SCELL-000052,NG-SCELL-000051,NG-SCELL-000078,NG-SCELL-000107,EXACT_DECIMAL_CENTER_COORDINATE_PLUS_DECLARED_SPACING,VALID
NG-SCELL-000080,NG-SCELL-000109,NG-SCELL-000110,NG-SCELL-000081,NG-SCELL-000054,NG-SCELL-000053,NG-SCELL-000052,NG-SCELL-000079,NG-SCELL-000108,EXACT_DECIMAL_CENTER_COORDINATE_PLUS_DECLARED_SPACING,VALID
NG-SCELL-000081,NG-SCELL-000110,NG-SCELL-000111,NG-SCELL-000082,NG-SCELL-000055,NG-SCELL-000054,NG-SCELL-000053,NG-SCELL-000080,NG-SCELL-000109,EXACT_DECIMAL_CENTER_COORDINATE_PLUS_DECLARED_SPACING,VALID
NG-SCELL-000082,NG-SCELL-000111,NG-SCELL-000112,NG-SCELL-000083,NG-SCELL-000056,NG-SCELL-000055,NG-SCELL-000054,NG-SCELL-000081,NG-SCELL-000110,EXACT_DECIMAL_CENTER_COORDINATE_PLUS_DECLARED_SPACING,VALID
NG-SCELL-000083,NG-SCELL-000112,NG-SCELL-000113,NG-SCELL-000084,NG-SCELL-000057,NG-SCELL-000056,NG-SCELL-000055,NG-SCELL-000082,NG-SCELL-000111,EXACT_DECIMAL_CENTER_COORDINATE_PLUS_DECLARED_SPACING,VALID
NG-SCELL-000084,NG-SCELL-000113,NG-SCELL-000114,NG-SCELL-000085,NG-SCELL-000058,NG-SCELL-000057,NG-SCELL-000056,NG-SCELL-000083,NG-SCELL-000112,EXACT_DECIMAL_CENTER_COORDINATE_PLUS_DECLARED_SPACING,VALID
NG-SCELL-000085,NG-SCELL-000114,NG-SCELL-000115,NG-SCELL-000086,NG-SCELL-000059,NG-SCELL-000058,NG-SCELL-000057,NG-SCELL-000084,NG-SCELL-000113,EXACT_DECIMAL_CENTER_COORDINATE_PLUS_DECLARED_SPACING,VALID
NG-SCELL-000086,NG-SCELL-000115,NG-SCELL-000116,NG-SCELL-000087,NG-SCELL-000060,NG-SCELL-000059,NG-SCELL-000058,NG-SCELL-000085,NG-SCELL-000114,EXACT_DECIMAL_CENTER_COORDINATE_PLUS_DECLARED_SPACING,VALID
NG-SCELL-000087,NG-SCELL-000116,NG-SCELL-000117,NG-SCELL-000088,NG-SCELL-000061,NG-SCELL-000060,NG-SCELL-000059,NG-SCELL-000086,NG-SCELL-000115,EXACT_DECIMAL_CENTER_COORDINATE_PLUS_DECLARED_SPACING,VALID
NG-SCELL-000088,NG-SCELL-000117,NG-SCELL-000118,NG-SCELL-000089,NG-SCELL-000062,NG-SCELL-000061,NG-SCELL-000060,NG-SCELL-000087,NG-SCELL-000116,EXACT_DECIMAL_CENTER_COORDINATE_PLUS_DECLARED_SPACING,VALID
NG-SCELL-000089,NG-SCELL-000118,NG-SCELL-000119,NG-SCELL-000090,NG-SCELL-000063,NG-SCELL-000062,NG-SCELL-000061,NG-SCELL-000088,NG-SCELL-000117,EXACT_DECIMAL_CENTER_COORDINATE_PLUS_DECLARED_SPACING,VALID
NG-SCELL-000090,NG-SCELL-000119,NG-SCELL-000120,NG-SCELL-000091,NG-SCELL-000064,NG-SCELL-000063,NG-SCELL-000062,NG-SCELL-000089,NG-SCELL-000118,EXACT_DECIMAL_CENTER_COORDINATE_PLUS_DECLARED_SPACING,VALID
NG-SCELL-000091,NG-SCELL-000120,NG-SCELL-000121,NG-SCELL-000092,NG-SCELL-000065,NG-SCELL-000064,NG-SCELL-000063,NG-SCELL-000090,NG-SCELL-000119,EXACT_DECIMAL_CENTER_COORDINATE_PLUS_DECLARED_SPACING,VALID
NG-SCELL-000092,NG-SCELL-000121,NG-SCELL-000122,NG-SCELL-000093,NG-SCELL-000066,NG-SCELL-000065,NG-SCELL-000064,NG-SCELL-000091,NG-SCELL-000120,EXACT_DECIMAL_CENTER_COORDINATE_PLUS_DECLARED_SPACING,VALID
NG-SCELL-000093,NG-SCELL-000122,NG-SCELL-000123,NG-SCELL-000094,NG-SCELL-000067,NG-SCELL-000066,NG-SCELL-000065,NG-SCELL-000092,NG-SCELL-000121,EXACT_DECIMAL_CENTER_COORDINATE_PLUS_DECLARED_SPACING,VALID
NG-SCELL-000094,NG-SCELL-000123,NG-SCELL-000124,NG-SCELL-000095,NG-SCELL-000068,NG-SCELL-000067,NG-SCELL-000066,NG-SCELL-000093,NG-SCELL-000122,EXACT_DECIMAL_CENTER_COORDINATE_PLUS_DECLARED_SPACING,VALID
NG-SCELL-000095,NG-SCELL-000124,NG-SCELL-000125,NG-SCELL-000096,NG-SCELL-000069,NG-SCELL-000068,NG-SCELL-000067,NG-SCELL-000094,NG-SCELL-000123,EXACT_DECIMAL_CENTER_COORDINATE_PLUS_DECLARED_SPACING,VALID
NG-SCELL-000096,NG-SCELL-000125,NG-SCELL-000126,NG-SCELL-000097,NG-SCELL-000070,NG-SCELL-000069,NG-SCELL-000068,NG-SCELL-000095,NG-SCELL-000124,EXACT_DECIMAL_CENTER_COORDINATE_PLUS_DECLARED_SPACING,VALID
NG-SCELL-000097,NG-SCELL-000126,NG-SCELL-000127,NG-SCELL-000098,NG-SCELL-000071,NG-SCELL-000070,NG-SCELL-000069,NG-SCELL-000096,NG-SCELL-000125,EXACT_DECIMAL_CENTER_COORDINATE_PLUS_DECLARED_SPACING,VALID
NG-SCELL-000098,NG-SCELL-000127,NG-SCELL-000128,NG-SCELL-000099,NG-SCELL-000072,NG-SCELL-000071,NG-SCELL-000070,NG-SCELL-000097,NG-SCELL-000126,EXACT_DECIMAL_CENTER_COORDINATE_PLUS_DECLARED_SPACING,VALID
NG-SCELL-000099,NG-SCELL-000128,NG-SCELL-000129,NG-SCELL-000100,,NG-SCELL-000072,NG-SCELL-000071,NG-SCELL-000098,NG-SCELL-000127,EXACT_DECIMAL_CENTER_COORDINATE_PLUS_DECLARED_SPACING,VALID
NG-SCELL-000100,NG-SCELL-000129,NG-SCELL-000130,,,,NG-SCELL-000072,NG-SCELL-000099,NG-SCELL-000128,EXACT_DECIMAL_CENTER_COORDINATE_PLUS_DECLARED_SPACING,VALID
NG-SCELL-000101,NG-SCELL-000132,NG-SCELL-000133,NG-SCELL-000102,NG-SCELL-000073,,,,,EXACT_DECIMAL_CENTER_COORDINATE_PLUS_DECLARED_SPACING,VALID
NG-SCELL-000102,NG-SCELL-000133,NG-SCELL-000134,NG-SCELL-000103,NG-SCELL-000074,NG-SCELL-000073,,NG-SCELL-000101,NG-SCELL-000132,EXACT_DECIMAL_CENTER_COORDINATE_PLUS_DECLARED_SPACING,VALID
NG-SCELL-000103,NG-SCELL-000134,NG-SCELL-000135,NG-SCELL-000104,NG-SCELL-000075,NG-SCELL-000074,NG-SCELL-000073,NG-SCELL-000102,NG-SCELL-000133,EXACT_DECIMAL_CENTER_COORDINATE_PLUS_DECLARED_SPACING,VALID
NG-SCELL-000104,NG-SCELL-000135,NG-SCELL-000136,NG-SCELL-000105,NG-SCELL-000076,NG-SCELL-000075,NG-SCELL-000074,NG-SCELL-000103,NG-SCELL-000134,EXACT_DECIMAL_CENTER_COORDINATE_PLUS_DECLARED_SPACING,VALID
NG-SCELL-000105,NG-SCELL-000136,NG-SCELL-000137,NG-SCELL-000106,NG-SCELL-000077,NG-SCELL-000076,NG-SCELL-000075,NG-SCELL-000104,NG-SCELL-000135,EXACT_DECIMAL_CENTER_COORDINATE_PLUS_DECLARED_SPACING,VALID
NG-SCELL-000106,NG-SCELL-000137,NG-SCELL-000138,NG-SCELL-000107,NG-SCELL-000078,NG-SCELL-000077,NG-SCELL-000076,NG-SCELL-000105,NG-SCELL-000136,EXACT_DECIMAL_CENTER_COORDINATE_PLUS_DECLARED_SPACING,VALID
NG-SCELL-000107,NG-SCELL-000138,NG-SCELL-000139,NG-SCELL-000108,NG-SCELL-000079,NG-SCELL-000078,NG-SCELL-000077,NG-SCELL-000106,NG-SCELL-000137,EXACT_DECIMAL_CENTER_COORDINATE_PLUS_DECLARED_SPACING,VALID
NG-SCELL-000108,NG-SCELL-000139,NG-SCELL-000140,NG-SCELL-000109,NG-SCELL-000080,NG-SCELL-000079,NG-SCELL-000078,NG-SCELL-000107,NG-SCELL-000138,EXACT_DECIMAL_CENTER_COORDINATE_PLUS_DECLARED_SPACING,VALID
NG-SCELL-000109,NG-SCELL-000140,NG-SCELL-000141,NG-SCELL-000110,NG-SCELL-000081,NG-SCELL-000080,NG-SCELL-000079,NG-SCELL-000108,NG-SCELL-000139,EXACT_DECIMAL_CENTER_COORDINATE_PLUS_DECLARED_SPACING,VALID
NG-SCELL-000110,NG-SCELL-000141,NG-SCELL-000142,NG-SCELL-000111,NG-SCELL-000082,NG-SCELL-000081,NG-SCELL-000080,NG-SCELL-000109,NG-SCELL-000140,EXACT_DECIMAL_CENTER_COORDINATE_PLUS_DECLARED_SPACING,VALID
NG-SCELL-000111,NG-SCELL-000142,NG-SCELL-000143,NG-SCELL-000112,NG-SCELL-000083,NG-SCELL-000082,NG-SCELL-000081,NG-SCELL-000110,NG-SCELL-000141,EXACT_DECIMAL_CENTER_COORDINATE_PLUS_DECLARED_SPACING,VALID
NG-SCELL-000112,NG-SCELL-000143,NG-SCELL-000144,NG-SCELL-000113,NG-SCELL-000084,NG-SCELL-000083,NG-SCELL-000082,NG-SCELL-000111,NG-SCELL-000142,EXACT_DECIMAL_CENTER_COORDINATE_PLUS_DECLARED_SPACING,VALID
NG-SCELL-000113,NG-SCELL-000144,NG-SCELL-000145,NG-SCELL-000114,NG-SCELL-000085,NG-SCELL-000084,NG-SCELL-000083,NG-SCELL-000112,NG-SCELL-000143,EXACT_DECIMAL_CENTER_COORDINATE_PLUS_DECLARED_SPACING,VALID
NG-SCELL-000114,NG-SCELL-000145,NG-SCELL-000146,NG-SCELL-000115,NG-SCELL-000086,NG-SCELL-000085,NG-SCELL-000084,NG-SCELL-000113,NG-SCELL-000144,EXACT_DECIMAL_CENTER_COORDINATE_PLUS_DECLARED_SPACING,VALID
NG-SCELL-000115,NG-SCELL-000146,NG-SCELL-000147,NG-SCELL-000116,NG-SCELL-000087,NG-SCELL-000086,NG-SCELL-000085,NG-SCELL-000114,NG-SCELL-000145,EXACT_DECIMAL_CENTER_COORDINATE_PLUS_DECLARED_SPACING,VALID
NG-SCELL-000116,NG-SCELL-000147,NG-SCELL-000148,NG-SCELL-000117,NG-SCELL-000088,NG-SCELL-000087,NG-SCELL-000086,NG-SCELL-000115,NG-SCELL-000146,EXACT_DECIMAL_CENTER_COORDINATE_PLUS_DECLARED_SPACING,VALID
NG-SCELL-000117,NG-SCELL-000148,NG-SCELL-000149,NG-SCELL-000118,NG-SCELL-000089,NG-SCELL-000088,NG-SCELL-000087,NG-SCELL-000116,NG-SCELL-000147,EXACT_DECIMAL_CENTER_COORDINATE_PLUS_DECLARED_SPACING,VALID
NG-SCELL-000118,NG-SCELL-000149,NG-SCELL-000150,NG-SCELL-000119,NG-SCELL-000090,NG-SCELL-000089,NG-SCELL-000088,NG-SCELL-000117,NG-SCELL-000148,EXACT_DECIMAL_CENTER_COORDINATE_PLUS_DECLARED_SPACING,VALID
NG-SCELL-000119,NG-SCELL-000150,NG-SCELL-000151,NG-SCELL-000120,NG-SCELL-000091,NG-SCELL-000090,NG-SCELL-000089,NG-SCELL-000118,NG-SCELL-000149,EXACT_DECIMAL_CENTER_COORDINATE_PLUS_DECLARED_SPACING,VALID
NG-SCELL-000120,NG-SCELL-000151,NG-SCELL-000152,NG-SCELL-000121,NG-SCELL-000092,NG-SCELL-000091,NG-SCELL-000090,NG-SCELL-000119,NG-SCELL-000150,EXACT_DECIMAL_CENTER_COORDINATE_PLUS_DECLARED_SPACING,VALID
NG-SCELL-000121,NG-SCELL-000152,NG-SCELL-000153,NG-SCELL-000122,NG-SCELL-000093,NG-SCELL-000092,NG-SCELL-000091,NG-SCELL-000120,NG-SCELL-000151,EXACT_DECIMAL_CENTER_COORDINATE_PLUS_DECLARED_SPACING,VALID
NG-SCELL-000122,NG-SCELL-000153,NG-SCELL-000154,NG-SCELL-000123,NG-SCELL-000094,NG-SCELL-000093,NG-SCELL-000092,NG-SCELL-000121,NG-SCELL-000152,EXACT_DECIMAL_CENTER_COORDINATE_PLUS_DECLARED_SPACING,VALID
NG-SCELL-000123,NG-SCELL-000154,NG-SCELL-000155,NG-SCELL-000124,NG-SCELL-000095,NG-SCELL-000094,NG-SCELL-000093,NG-SCELL-000122,NG-SCELL-000153,EXACT_DECIMAL_CENTER_COORDINATE_PLUS_DECLARED_SPACING,VALID
NG-SCELL-000124,NG-SCELL-000155,NG-SCELL-000156,NG-SCELL-000125,NG-SCELL-000096,NG-SCELL-000095,NG-SCELL-000094,NG-SCELL-000123,NG-SCELL-000154,EXACT_DECIMAL_CENTER_COORDINATE_PLUS_DECLARED_SPACING,VALID
NG-SCELL-000125,NG-SCELL-000156,NG-SCELL-000157,NG-SCELL-000126,NG-SCELL-000097,NG-SCELL-000096,NG-SCELL-000095,NG-SCELL-000124,NG-SCELL-000155,EXACT_DECIMAL_CENTER_COORDINATE_PLUS_DECLARED_SPACING,VALID
NG-SCELL-000126,NG-SCELL-000157,NG-SCELL-000158,NG-SCELL-000127,NG-SCELL-000098,NG-SCELL-000097,NG-SCELL-000096,NG-SCELL-000125,NG-SCELL-000156,EXACT_DECIMAL_CENTER_COORDINATE_PLUS_DECLARED_SPACING,VALID
NG-SCELL-000127,NG-SCELL-000158,NG-SCELL-000159,NG-SCELL-000128,NG-SCELL-000099,NG-SCELL-000098,NG-SCELL-000097,NG-SCELL-000126,NG-SCELL-000157,EXACT_DECIMAL_CENTER_COORDINATE_PLUS_DECLARED_SPACING,VALID
NG-SCELL-000128,NG-SCELL-000159,NG-SCELL-000160,NG-SCELL-000129,NG-SCELL-000100,NG-SCELL-000099,NG-SCELL-000098,NG-SCELL-000127,NG-SCELL-000158,EXACT_DECIMAL_CENTER_COORDINATE_PLUS_DECLARED_SPACING,VALID
NG-SCELL-000129,NG-SCELL-000160,NG-SCELL-000161,NG-SCELL-000130,,NG-SCELL-000100,NG-SCELL-000099,NG-SCELL-000128,NG-SCELL-000159,EXACT_DECIMAL_CENTER_COORDINATE_PLUS_DECLARED_SPACING,VALID
NG-SCELL-000130,NG-SCELL-000161,NG-SCELL-000162,,,,NG-SCELL-000100,NG-SCELL-000129,NG-SCELL-000160,EXACT_DECIMAL_CENTER_COORDINATE_PLUS_DECLARED_SPACING,VALID
NG-SCELL-000131,,,,,,,,,EXACT_DECIMAL_CENTER_COORDINATE_PLUS_DECLARED_SPACING,VALID
NG-SCELL-000132,NG-SCELL-000163,NG-SCELL-000164,NG-SCELL-000133,NG-SCELL-000102,NG-SCELL-000101,,,,EXACT_DECIMAL_CENTER_COORDINATE_PLUS_DECLARED_SPACING,VALID
NG-SCELL-000133,NG-SCELL-000164,NG-SCELL-000165,NG-SCELL-000134,NG-SCELL-000103,NG-SCELL-000102,NG-SCELL-000101,NG-SCELL-000132,NG-SCELL-000163,EXACT_DECIMAL_CENTER_COORDINATE_PLUS_DECLARED_SPACING,VALID
NG-SCELL-000134,NG-SCELL-000165,NG-SCELL-000166,NG-SCELL-000135,NG-SCELL-000104,NG-SCELL-000103,NG-SCELL-000102,NG-SCELL-000133,NG-SCELL-000164,EXACT_DECIMAL_CENTER_COORDINATE_PLUS_DECLARED_SPACING,VALID
NG-SCELL-000135,NG-SCELL-000166,NG-SCELL-000167,NG-SCELL-000136,NG-SCELL-000105,NG-SCELL-000104,NG-SCELL-000103,NG-SCELL-000134,NG-SCELL-000165,EXACT_DECIMAL_CENTER_COORDINATE_PLUS_DECLARED_SPACING,VALID
NG-SCELL-000136,NG-SCELL-000167,NG-SCELL-000168,NG-SCELL-000137,NG-SCELL-000106,NG-SCELL-000105,NG-SCELL-000104,NG-SCELL-000135,NG-SCELL-000166,EXACT_DECIMAL_CENTER_COORDINATE_PLUS_DECLARED_SPACING,VALID
NG-SCELL-000137,NG-SCELL-000168,NG-SCELL-000169,NG-SCELL-000138,NG-SCELL-000107,NG-SCELL-000106,NG-SCELL-000105,NG-SCELL-000136,NG-SCELL-000167,EXACT_DECIMAL_CENTER_COORDINATE_PLUS_DECLARED_SPACING,VALID
NG-SCELL-000138,NG-SCELL-000169,NG-SCELL-000170,NG-SCELL-000139,NG-SCELL-000108,NG-SCELL-000107,NG-SCELL-000106,NG-SCELL-000137,NG-SCELL-000168,EXACT_DECIMAL_CENTER_COORDINATE_PLUS_DECLARED_SPACING,VALID
NG-SCELL-000139,NG-SCELL-000170,NG-SCELL-000171,NG-SCELL-000140,NG-SCELL-000109,NG-SCELL-000108,NG-SCELL-000107,NG-SCELL-000138,NG-SCELL-000169,EXACT_DECIMAL_CENTER_COORDINATE_PLUS_DECLARED_SPACING,VALID
NG-SCELL-000140,NG-SCELL-000171,NG-SCELL-000172,NG-SCELL-000141,NG-SCELL-000110,NG-SCELL-000109,NG-SCELL-000108,NG-SCELL-000139,NG-SCELL-000170,EXACT_DECIMAL_CENTER_COORDINATE_PLUS_DECLARED_SPACING,VALID
NG-SCELL-000141,NG-SCELL-000172,NG-SCELL-000173,NG-SCELL-000142,NG-SCELL-000111,NG-SCELL-000110,NG-SCELL-000109,NG-SCELL-000140,NG-SCELL-000171,EXACT_DECIMAL_CENTER_COORDINATE_PLUS_DECLARED_SPACING,VALID
NG-SCELL-000142,NG-SCELL-000173,NG-SCELL-000174,NG-SCELL-000143,NG-SCELL-000112,NG-SCELL-000111,NG-SCELL-000110,NG-SCELL-000141,NG-SCELL-000172,EXACT_DECIMAL_CENTER_COORDINATE_PLUS_DECLARED_SPACING,VALID
NG-SCELL-000143,NG-SCELL-000174,NG-SCELL-000175,NG-SCELL-000144,NG-SCELL-000113,NG-SCELL-000112,NG-SCELL-000111,NG-SCELL-000142,NG-SCELL-000173,EXACT_DECIMAL_CENTER_COORDINATE_PLUS_DECLARED_SPACING,VALID
NG-SCELL-000144,NG-SCELL-000175,NG-SCELL-000176,NG-SCELL-000145,NG-SCELL-000114,NG-SCELL-000113,NG-SCELL-000112,NG-SCELL-000143,NG-SCELL-000174,EXACT_DECIMAL_CENTER_COORDINATE_PLUS_DECLARED_SPACING,VALID
NG-SCELL-000145,NG-SCELL-000176,NG-SCELL-000177,NG-SCELL-000146,NG-SCELL-000115,NG-SCELL-000114,NG-SCELL-000113,NG-SCELL-000144,NG-SCELL-000175,EXACT_DECIMAL_CENTER_COORDINATE_PLUS_DECLARED_SPACING,VALID
NG-SCELL-000146,NG-SCELL-000177,NG-SCELL-000178,NG-SCELL-000147,NG-SCELL-000116,NG-SCELL-000115,NG-SCELL-000114,NG-SCELL-000145,NG-SCELL-000176,EXACT_DECIMAL_CENTER_COORDINATE_PLUS_DECLARED_SPACING,VALID
NG-SCELL-000147,NG-SCELL-000178,NG-SCELL-000179,NG-SCELL-000148,NG-SCELL-000117,NG-SCELL-000116,NG-SCELL-000115,NG-SCELL-000146,NG-SCELL-000177,EXACT_DECIMAL_CENTER_COORDINATE_PLUS_DECLARED_SPACING,VALID
NG-SCELL-000148,NG-SCELL-000179,NG-SCELL-000180,NG-SCELL-000149,NG-SCELL-000118,NG-SCELL-000117,NG-SCELL-000116,NG-SCELL-000147,NG-SCELL-000178,EXACT_DECIMAL_CENTER_COORDINATE_PLUS_DECLARED_SPACING,VALID
NG-SCELL-000149,NG-SCELL-000180,NG-SCELL-000181,NG-SCELL-000150,NG-SCELL-000119,NG-SCELL-000118,NG-SCELL-000117,NG-SCELL-000148,NG-SCELL-000179,EXACT_DECIMAL_CENTER_COORDINATE_PLUS_DECLARED_SPACING,VALID
NG-SCELL-000150,NG-SCELL-000181,NG-SCELL-000182,NG-SCELL-000151,NG-SCELL-000120,NG-SCELL-000119,NG-SCELL-000118,NG-SCELL-000149,NG-SCELL-000180,EXACT_DECIMAL_CENTER_COORDINATE_PLUS_DECLARED_SPACING,VALID
NG-SCELL-000151,NG-SCELL-000182,NG-SCELL-000183,NG-SCELL-000152,NG-SCELL-000121,NG-SCELL-000120,NG-SCELL-000119,NG-SCELL-000150,NG-SCELL-000181,EXACT_DECIMAL_CENTER_COORDINATE_PLUS_DECLARED_SPACING,VALID
NG-SCELL-000152,NG-SCELL-000183,NG-SCELL-000184,NG-SCELL-000153,NG-SCELL-000122,NG-SCELL-000121,NG-SCELL-000120,NG-SCELL-000151,NG-SCELL-000182,EXACT_DECIMAL_CENTER_COORDINATE_PLUS_DECLARED_SPACING,VALID
NG-SCELL-000153,NG-SCELL-000184,NG-SCELL-000185,NG-SCELL-000154,NG-SCELL-000123,NG-SCELL-000122,NG-SCELL-000121,NG-SCELL-000152,NG-SCELL-000183,EXACT_DECIMAL_CENTER_COORDINATE_PLUS_DECLARED_SPACING,VALID
NG-SCELL-000154,NG-SCELL-000185,NG-SCELL-000186,NG-SCELL-000155,NG-SCELL-000124,NG-SCELL-000123,NG-SCELL-000122,NG-SCELL-000153,NG-SCELL-000184,EXACT_DECIMAL_CENTER_COORDINATE_PLUS_DECLARED_SPACING,VALID
NG-SCELL-000155,NG-SCELL-000186,NG-SCELL-000187,NG-SCELL-000156,NG-SCELL-000125,NG-SCELL-000124,NG-SCELL-000123,NG-SCELL-000154,NG-SCELL-000185,EXACT_DECIMAL_CENTER_COORDINATE_PLUS_DECLARED_SPACING,VALID
NG-SCELL-000156,NG-SCELL-000187,NG-SCELL-000188,NG-SCELL-000157,NG-SCELL-000126,NG-SCELL-000125,NG-SCELL-000124,NG-SCELL-000155,NG-SCELL-000186,EXACT_DECIMAL_CENTER_COORDINATE_PLUS_DECLARED_SPACING,VALID
NG-SCELL-000157,NG-SCELL-000188,NG-SCELL-000189,NG-SCELL-000158,NG-SCELL-000127,NG-SCELL-000126,NG-SCELL-000125,NG-SCELL-000156,NG-SCELL-000187,EXACT_DECIMAL_CENTER_COORDINATE_PLUS_DECLARED_SPACING,VALID
NG-SCELL-000158,NG-SCELL-000189,NG-SCELL-000190,NG-SCELL-000159,NG-SCELL-000128,NG-SCELL-000127,NG-SCELL-000126,NG-SCELL-000157,NG-SCELL-000188,EXACT_DECIMAL_CENTER_COORDINATE_PLUS_DECLARED_SPACING,VALID
NG-SCELL-000159,NG-SCELL-000190,NG-SCELL-000191,NG-SCELL-000160,NG-SCELL-000129,NG-SCELL-000128,NG-SCELL-000127,NG-SCELL-000158,NG-SCELL-000189,EXACT_DECIMAL_CENTER_COORDINATE_PLUS_DECLARED_SPACING,VALID
NG-SCELL-000160,NG-SCELL-000191,NG-SCELL-000192,NG-SCELL-000161,NG-SCELL-000130,NG-SCELL-000129,NG-SCELL-000128,NG-SCELL-000159,NG-SCELL-000190,EXACT_DECIMAL_CENTER_COORDINATE_PLUS_DECLARED_SPACING,VALID
NG-SCELL-000161,NG-SCELL-000192,NG-SCELL-000193,NG-SCELL-000162,,NG-SCELL-000130,NG-SCELL-000129,NG-SCELL-000160,NG-SCELL-000191,EXACT_DECIMAL_CENTER_COORDINATE_PLUS_DECLARED_SPACING,VALID
NG-SCELL-000162,NG-SCELL-000193,NG-SCELL-000194,,,,NG-SCELL-000130,NG-SCELL-000161,NG-SCELL-000192,EXACT_DECIMAL_CENTER_COORDINATE_PLUS_DECLARED_SPACING,VALID
NG-SCELL-000163,NG-SCELL-000196,NG-SCELL-000197,NG-SCELL-000164,NG-SCELL-000133,NG-SCELL-000132,,,NG-SCELL-000195,EXACT_DECIMAL_CENTER_COORDINATE_PLUS_DECLARED_SPACING,VALID
NG-SCELL-000164,NG-SCELL-000197,NG-SCELL-000198,NG-SCELL-000165,NG-SCELL-000134,NG-SCELL-000133,NG-SCELL-000132,NG-SCELL-000163,NG-SCELL-000196,EXACT_DECIMAL_CENTER_COORDINATE_PLUS_DECLARED_SPACING,VALID
NG-SCELL-000165,NG-SCELL-000198,NG-SCELL-000199,NG-SCELL-000166,NG-SCELL-000135,NG-SCELL-000134,NG-SCELL-000133,NG-SCELL-000164,NG-SCELL-000197,EXACT_DECIMAL_CENTER_COORDINATE_PLUS_DECLARED_SPACING,VALID
NG-SCELL-000166,NG-SCELL-000199,NG-SCELL-000200,NG-SCELL-000167,NG-SCELL-000136,NG-SCELL-000135,NG-SCELL-000134,NG-SCELL-000165,NG-SCELL-000198,EXACT_DECIMAL_CENTER_COORDINATE_PLUS_DECLARED_SPACING,VALID
NG-SCELL-000167,NG-SCELL-000200,NG-SCELL-000201,NG-SCELL-000168,NG-SCELL-000137,NG-SCELL-000136,NG-SCELL-000135,NG-SCELL-000166,NG-SCELL-000199,EXACT_DECIMAL_CENTER_COORDINATE_PLUS_DECLARED_SPACING,VALID
NG-SCELL-000168,NG-SCELL-000201,NG-SCELL-000202,NG-SCELL-000169,NG-SCELL-000138,NG-SCELL-000137,NG-SCELL-000136,NG-SCELL-000167,NG-SCELL-000200,EXACT_DECIMAL_CENTER_COORDINATE_PLUS_DECLARED_SPACING,VALID
NG-SCELL-000169,NG-SCELL-000202,NG-SCELL-000203,NG-SCELL-000170,NG-SCELL-000139,NG-SCELL-000138,NG-SCELL-000137,NG-SCELL-000168,NG-SCELL-000201,EXACT_DECIMAL_CENTER_COORDINATE_PLUS_DECLARED_SPACING,VALID
NG-SCELL-000170,NG-SCELL-000203,NG-SCELL-000204,NG-SCELL-000171,NG-SCELL-000140,NG-SCELL-000139,NG-SCELL-000138,NG-SCELL-000169,NG-SCELL-000202,EXACT_DECIMAL_CENTER_COORDINATE_PLUS_DECLARED_SPACING,VALID
NG-SCELL-000171,NG-SCELL-000204,NG-SCELL-000205,NG-SCELL-000172,NG-SCELL-000141,NG-SCELL-000140,NG-SCELL-000139,NG-SCELL-000170,NG-SCELL-000203,EXACT_DECIMAL_CENTER_COORDINATE_PLUS_DECLARED_SPACING,VALID
NG-SCELL-000172,NG-SCELL-000205,NG-SCELL-000206,NG-SCELL-000173,NG-SCELL-000142,NG-SCELL-000141,NG-SCELL-000140,NG-SCELL-000171,NG-SCELL-000204,EXACT_DECIMAL_CENTER_COORDINATE_PLUS_DECLARED_SPACING,VALID
NG-SCELL-000173,NG-SCELL-000206,NG-SCELL-000207,NG-SCELL-000174,NG-SCELL-000143,NG-SCELL-000142,NG-SCELL-000141,NG-SCELL-000172,NG-SCELL-000205,EXACT_DECIMAL_CENTER_COORDINATE_PLUS_DECLARED_SPACING,VALID
NG-SCELL-000174,NG-SCELL-000207,NG-SCELL-000208,NG-SCELL-000175,NG-SCELL-000144,NG-SCELL-000143,NG-SCELL-000142,NG-SCELL-000173,NG-SCELL-000206,EXACT_DECIMAL_CENTER_COORDINATE_PLUS_DECLARED_SPACING,VALID
NG-SCELL-000175,NG-SCELL-000208,NG-SCELL-000209,NG-SCELL-000176,NG-SCELL-000145,NG-SCELL-000144,NG-SCELL-000143,NG-SCELL-000174,NG-SCELL-000207,EXACT_DECIMAL_CENTER_COORDINATE_PLUS_DECLARED_SPACING,VALID
NG-SCELL-000176,NG-SCELL-000209,NG-SCELL-000210,NG-SCELL-000177,NG-SCELL-000146,NG-SCELL-000145,NG-SCELL-000144,NG-SCELL-000175,NG-SCELL-000208,EXACT_DECIMAL_CENTER_COORDINATE_PLUS_DECLARED_SPACING,VALID
NG-SCELL-000177,NG-SCELL-000210,NG-SCELL-000211,NG-SCELL-000178,NG-SCELL-000147,NG-SCELL-000146,NG-SCELL-000145,NG-SCELL-000176,NG-SCELL-000209,EXACT_DECIMAL_CENTER_COORDINATE_PLUS_DECLARED_SPACING,VALID
NG-SCELL-000178,NG-SCELL-000211,NG-SCELL-000212,NG-SCELL-000179,NG-SCELL-000148,NG-SCELL-000147,NG-SCELL-000146,NG-SCELL-000177,NG-SCELL-000210,EXACT_DECIMAL_CENTER_COORDINATE_PLUS_DECLARED_SPACING,VALID
NG-SCELL-000179,NG-SCELL-000212,NG-SCELL-000213,NG-SCELL-000180,NG-SCELL-000149,NG-SCELL-000148,NG-SCELL-000147,NG-SCELL-000178,NG-SCELL-000211,EXACT_DECIMAL_CENTER_COORDINATE_PLUS_DECLARED_SPACING,VALID
NG-SCELL-000180,NG-SCELL-000213,NG-SCELL-000214,NG-SCELL-000181,NG-SCELL-000150,NG-SCELL-000149,NG-SCELL-000148,NG-SCELL-000179,NG-SCELL-000212,EXACT_DECIMAL_CENTER_COORDINATE_PLUS_DECLARED_SPACING,VALID
NG-SCELL-000181,NG-SCELL-000214,NG-SCELL-000215,NG-SCELL-000182,NG-SCELL-000151,NG-SCELL-000150,NG-SCELL-000149,NG-SCELL-000180,NG-SCELL-000213,EXACT_DECIMAL_CENTER_COORDINATE_PLUS_DECLARED_SPACING,VALID
NG-SCELL-000182,NG-SCELL-000215,NG-SCELL-000216,NG-SCELL-000183,NG-SCELL-000152,NG-SCELL-000151,NG-SCELL-000150,NG-SCELL-000181,NG-SCELL-000214,EXACT_DECIMAL_CENTER_COORDINATE_PLUS_DECLARED_SPACING,VALID
NG-SCELL-000183,NG-SCELL-000216,NG-SCELL-000217,NG-SCELL-000184,NG-SCELL-000153,NG-SCELL-000152,NG-SCELL-000151,NG-SCELL-000182,NG-SCELL-000215,EXACT_DECIMAL_CENTER_COORDINATE_PLUS_DECLARED_SPACING,VALID
NG-SCELL-000184,NG-SCELL-000217,NG-SCELL-000218,NG-SCELL-000185,NG-SCELL-000154,NG-SCELL-000153,NG-SCELL-000152,NG-SCELL-000183,NG-SCELL-000216,EXACT_DECIMAL_CENTER_COORDINATE_PLUS_DECLARED_SPACING,VALID
NG-SCELL-000185,NG-SCELL-000218,NG-SCELL-000219,NG-SCELL-000186,NG-SCELL-000155,NG-SCELL-000154,NG-SCELL-000153,NG-SCELL-000184,NG-SCELL-000217,EXACT_DECIMAL_CENTER_COORDINATE_PLUS_DECLARED_SPACING,VALID
NG-SCELL-000186,NG-SCELL-000219,NG-SCELL-000220,NG-SCELL-000187,NG-SCELL-000156,NG-SCELL-000155,NG-SCELL-000154,NG-SCELL-000185,NG-SCELL-000218,EXACT_DECIMAL_CENTER_COORDINATE_PLUS_DECLARED_SPACING,VALID
NG-SCELL-000187,NG-SCELL-000220,NG-SCELL-000221,NG-SCELL-000188,NG-SCELL-000157,NG-SCELL-000156,NG-SCELL-000155,NG-SCELL-000186,NG-SCELL-000219,EXACT_DECIMAL_CENTER_COORDINATE_PLUS_DECLARED_SPACING,VALID
NG-SCELL-000188,NG-SCELL-000221,NG-SCELL-000222,NG-SCELL-000189,NG-SCELL-000158,NG-SCELL-000157,NG-SCELL-000156,NG-SCELL-000187,NG-SCELL-000220,EXACT_DECIMAL_CENTER_COORDINATE_PLUS_DECLARED_SPACING,VALID
NG-SCELL-000189,NG-SCELL-000222,NG-SCELL-000223,NG-SCELL-000190,NG-SCELL-000159,NG-SCELL-000158,NG-SCELL-000157,NG-SCELL-000188,NG-SCELL-000221,EXACT_DECIMAL_CENTER_COORDINATE_PLUS_DECLARED_SPACING,VALID
NG-SCELL-000190,NG-SCELL-000223,NG-SCELL-000224,NG-SCELL-000191,NG-SCELL-000160,NG-SCELL-000159,NG-SCELL-000158,NG-SCELL-000189,NG-SCELL-000222,EXACT_DECIMAL_CENTER_COORDINATE_PLUS_DECLARED_SPACING,VALID
NG-SCELL-000191,NG-SCELL-000224,NG-SCELL-000225,NG-SCELL-000192,NG-SCELL-000161,NG-SCELL-000160,NG-SCELL-000159,NG-SCELL-000190,NG-SCELL-000223,EXACT_DECIMAL_CENTER_COORDINATE_PLUS_DECLARED_SPACING,VALID
NG-SCELL-000192,NG-SCELL-000225,NG-SCELL-000226,NG-SCELL-000193,NG-SCELL-000162,NG-SCELL-000161,NG-SCELL-000160,NG-SCELL-000191,NG-SCELL-000224,EXACT_DECIMAL_CENTER_COORDINATE_PLUS_DECLARED_SPACING,VALID
NG-SCELL-000193,NG-SCELL-000226,NG-SCELL-000227,NG-SCELL-000194,,NG-SCELL-000162,NG-SCELL-000161,NG-SCELL-000192,NG-SCELL-000225,EXACT_DECIMAL_CENTER_COORDINATE_PLUS_DECLARED_SPACING,VALID
NG-SCELL-000194,NG-SCELL-000227,,,,,NG-SCELL-000162,NG-SCELL-000193,NG-SCELL-000226,EXACT_DECIMAL_CENTER_COORDINATE_PLUS_DECLARED_SPACING,VALID
NG-SCELL-000195,NG-SCELL-000229,NG-SCELL-000230,NG-SCELL-000196,NG-SCELL-000163,,,,,EXACT_DECIMAL_CENTER_COORDINATE_PLUS_DECLARED_SPACING,VALID
NG-SCELL-000196,NG-SCELL-000230,NG-SCELL-000231,NG-SCELL-000197,NG-SCELL-000164,NG-SCELL-000163,,NG-SCELL-000195,NG-SCELL-000229,EXACT_DECIMAL_CENTER_COORDINATE_PLUS_DECLARED_SPACING,VALID
NG-SCELL-000197,NG-SCELL-000231,NG-SCELL-000232,NG-SCELL-000198,NG-SCELL-000165,NG-SCELL-000164,NG-SCELL-000163,NG-SCELL-000196,NG-SCELL-000230,EXACT_DECIMAL_CENTER_COORDINATE_PLUS_DECLARED_SPACING,VALID
NG-SCELL-000198,NG-SCELL-000232,NG-SCELL-000233,NG-SCELL-000199,NG-SCELL-000166,NG-SCELL-000165,NG-SCELL-000164,NG-SCELL-000197,NG-SCELL-000231,EXACT_DECIMAL_CENTER_COORDINATE_PLUS_DECLARED_SPACING,VALID
NG-SCELL-000199,NG-SCELL-000233,NG-SCELL-000234,NG-SCELL-000200,NG-SCELL-000167,NG-SCELL-000166,NG-SCELL-000165,NG-SCELL-000198,NG-SCELL-000232,EXACT_DECIMAL_CENTER_COORDINATE_PLUS_DECLARED_SPACING,VALID
NG-SCELL-000200,NG-SCELL-000234,NG-SCELL-000235,NG-SCELL-000201,NG-SCELL-000168,NG-SCELL-000167,NG-SCELL-000166,NG-SCELL-000199,NG-SCELL-000233,EXACT_DECIMAL_CENTER_COORDINATE_PLUS_DECLARED_SPACING,VALID
NG-SCELL-000201,NG-SCELL-000235,NG-SCELL-000236,NG-SCELL-000202,NG-SCELL-000169,NG-SCELL-000168,NG-SCELL-000167,NG-SCELL-000200,NG-SCELL-000234,EXACT_DECIMAL_CENTER_COORDINATE_PLUS_DECLARED_SPACING,VALID
NG-SCELL-000202,NG-SCELL-000236,NG-SCELL-000237,NG-SCELL-000203,NG-SCELL-000170,NG-SCELL-000169,NG-SCELL-000168,NG-SCELL-000201,NG-SCELL-000235,EXACT_DECIMAL_CENTER_COORDINATE_PLUS_DECLARED_SPACING,VALID
NG-SCELL-000203,NG-SCELL-000237,NG-SCELL-000238,NG-SCELL-000204,NG-SCELL-000171,NG-SCELL-000170,NG-SCELL-000169,NG-SCELL-000202,NG-SCELL-000236,EXACT_DECIMAL_CENTER_COORDINATE_PLUS_DECLARED_SPACING,VALID
NG-SCELL-000204,NG-SCELL-000238,NG-SCELL-000239,NG-SCELL-000205,NG-SCELL-000172,NG-SCELL-000171,NG-SCELL-000170,NG-SCELL-000203,NG-SCELL-000237,EXACT_DECIMAL_CENTER_COORDINATE_PLUS_DECLARED_SPACING,VALID
NG-SCELL-000205,NG-SCELL-000239,NG-SCELL-000240,NG-SCELL-000206,NG-SCELL-000173,NG-SCELL-000172,NG-SCELL-000171,NG-SCELL-000204,NG-SCELL-000238,EXACT_DECIMAL_CENTER_COORDINATE_PLUS_DECLARED_SPACING,VALID
NG-SCELL-000206,NG-SCELL-000240,NG-SCELL-000241,NG-SCELL-000207,NG-SCELL-000174,NG-SCELL-000173,NG-SCELL-000172,NG-SCELL-000205,NG-SCELL-000239,EXACT_DECIMAL_CENTER_COORDINATE_PLUS_DECLARED_SPACING,VALID
NG-SCELL-000207,NG-SCELL-000241,NG-SCELL-000242,NG-SCELL-000208,NG-SCELL-000175,NG-SCELL-000174,NG-SCELL-000173,NG-SCELL-000206,NG-SCELL-000240,EXACT_DECIMAL_CENTER_COORDINATE_PLUS_DECLARED_SPACING,VALID
NG-SCELL-000208,NG-SCELL-000242,NG-SCELL-000243,NG-SCELL-000209,NG-SCELL-000176,NG-SCELL-000175,NG-SCELL-000174,NG-SCELL-000207,NG-SCELL-000241,EXACT_DECIMAL_CENTER_COORDINATE_PLUS_DECLARED_SPACING,VALID
NG-SCELL-000209,NG-SCELL-000243,NG-SCELL-000244,NG-SCELL-000210,NG-SCELL-000177,NG-SCELL-000176,NG-SCELL-000175,NG-SCELL-000208,NG-SCELL-000242,EXACT_DECIMAL_CENTER_COORDINATE_PLUS_DECLARED_SPACING,VALID
NG-SCELL-000210,NG-SCELL-000244,NG-SCELL-000245,NG-SCELL-000211,NG-SCELL-000178,NG-SCELL-000177,NG-SCELL-000176,NG-SCELL-000209,NG-SCELL-000243,EXACT_DECIMAL_CENTER_COORDINATE_PLUS_DECLARED_SPACING,VALID
NG-SCELL-000211,NG-SCELL-000245,NG-SCELL-000246,NG-SCELL-000212,NG-SCELL-000179,NG-SCELL-000178,NG-SCELL-000177,NG-SCELL-000210,NG-SCELL-000244,EXACT_DECIMAL_CENTER_COORDINATE_PLUS_DECLARED_SPACING,VALID
NG-SCELL-000212,NG-SCELL-000246,NG-SCELL-000247,NG-SCELL-000213,NG-SCELL-000180,NG-SCELL-000179,NG-SCELL-000178,NG-SCELL-000211,NG-SCELL-000245,EXACT_DECIMAL_CENTER_COORDINATE_PLUS_DECLARED_SPACING,VALID
NG-SCELL-000213,NG-SCELL-000247,NG-SCELL-000248,NG-SCELL-000214,NG-SCELL-000181,NG-SCELL-000180,NG-SCELL-000179,NG-SCELL-000212,NG-SCELL-000246,EXACT_DECIMAL_CENTER_COORDINATE_PLUS_DECLARED_SPACING,VALID
NG-SCELL-000214,NG-SCELL-000248,NG-SCELL-000249,NG-SCELL-000215,NG-SCELL-000182,NG-SCELL-000181,NG-SCELL-000180,NG-SCELL-000213,NG-SCELL-000247,EXACT_DECIMAL_CENTER_COORDINATE_PLUS_DECLARED_SPACING,VALID
NG-SCELL-000215,NG-SCELL-000249,NG-SCELL-000250,NG-SCELL-000216,NG-SCELL-000183,NG-SCELL-000182,NG-SCELL-000181,NG-SCELL-000214,NG-SCELL-000248,EXACT_DECIMAL_CENTER_COORDINATE_PLUS_DECLARED_SPACING,VALID
NG-SCELL-000216,NG-SCELL-000250,NG-SCELL-000251,NG-SCELL-000217,NG-SCELL-000184,NG-SCELL-000183,NG-SCELL-000182,NG-SCELL-000215,NG-SCELL-000249,EXACT_DECIMAL_CENTER_COORDINATE_PLUS_DECLARED_SPACING,VALID
NG-SCELL-000217,NG-SCELL-000251,NG-SCELL-000252,NG-SCELL-000218,NG-SCELL-000185,NG-SCELL-000184,NG-SCELL-000183,NG-SCELL-000216,NG-SCELL-000250,EXACT_DECIMAL_CENTER_COORDINATE_PLUS_DECLARED_SPACING,VALID
NG-SCELL-000218,NG-SCELL-000252,NG-SCELL-000253,NG-SCELL-000219,NG-SCELL-000186,NG-SCELL-000185,NG-SCELL-000184,NG-SCELL-000217,NG-SCELL-000251,EXACT_DECIMAL_CENTER_COORDINATE_PLUS_DECLARED_SPACING,VALID
NG-SCELL-000219,NG-SCELL-000253,NG-SCELL-000254,NG-SCELL-000220,NG-SCELL-000187,NG-SCELL-000186,NG-SCELL-000185,NG-SCELL-000218,NG-SCELL-000252,EXACT_DECIMAL_CENTER_COORDINATE_PLUS_DECLARED_SPACING,VALID
NG-SCELL-000220,NG-SCELL-000254,NG-SCELL-000255,NG-SCELL-000221,NG-SCELL-000188,NG-SCELL-000187,NG-SCELL-000186,NG-SCELL-000219,NG-SCELL-000253,EXACT_DECIMAL_CENTER_COORDINATE_PLUS_DECLARED_SPACING,VALID
NG-SCELL-000221,NG-SCELL-000255,NG-SCELL-000256,NG-SCELL-000222,NG-SCELL-000189,NG-SCELL-000188,NG-SCELL-000187,NG-SCELL-000220,NG-SCELL-000254,EXACT_DECIMAL_CENTER_COORDINATE_PLUS_DECLARED_SPACING,VALID
NG-SCELL-000222,NG-SCELL-000256,NG-SCELL-000257,NG-SCELL-000223,NG-SCELL-000190,NG-SCELL-000189,NG-SCELL-000188,NG-SCELL-000221,NG-SCELL-000255,EXACT_DECIMAL_CENTER_COORDINATE_PLUS_DECLARED_SPACING,VALID
NG-SCELL-000223,NG-SCELL-000257,NG-SCELL-000258,NG-SCELL-000224,NG-SCELL-000191,NG-SCELL-000190,NG-SCELL-000189,NG-SCELL-000222,NG-SCELL-000256,EXACT_DECIMAL_CENTER_COORDINATE_PLUS_DECLARED_SPACING,VALID
NG-SCELL-000224,NG-SCELL-000258,NG-SCELL-000259,NG-SCELL-000225,NG-SCELL-000192,NG-SCELL-000191,NG-SCELL-000190,NG-SCELL-000223,NG-SCELL-000257,EXACT_DECIMAL_CENTER_COORDINATE_PLUS_DECLARED_SPACING,VALID
NG-SCELL-000225,NG-SCELL-000259,NG-SCELL-000260,NG-SCELL-000226,NG-SCELL-000193,NG-SCELL-000192,NG-SCELL-000191,NG-SCELL-000224,NG-SCELL-000258,EXACT_DECIMAL_CENTER_COORDINATE_PLUS_DECLARED_SPACING,VALID
NG-SCELL-000226,NG-SCELL-000260,NG-SCELL-000261,NG-SCELL-000227,NG-SCELL-000194,NG-SCELL-000193,NG-SCELL-000192,NG-SCELL-000225,NG-SCELL-000259,EXACT_DECIMAL_CENTER_COORDINATE_PLUS_DECLARED_SPACING,VALID
NG-SCELL-000227,NG-SCELL-000261,NG-SCELL-000262,,,NG-SCELL-000194,NG-SCELL-000193,NG-SCELL-000226,NG-SCELL-000260,EXACT_DECIMAL_CENTER_COORDINATE_PLUS_DECLARED_SPACING,VALID
NG-SCELL-000228,NG-SCELL-000263,,,,,,,,EXACT_DECIMAL_CENTER_COORDINATE_PLUS_DECLARED_SPACING,VALID
NG-SCELL-000229,NG-SCELL-000264,NG-SCELL-000265,NG-SCELL-000230,NG-SCELL-000196,NG-SCELL-000195,,,,EXACT_DECIMAL_CENTER_COORDINATE_PLUS_DECLARED_SPACING,VALID
NG-SCELL-000230,NG-SCELL-000265,NG-SCELL-000266,NG-SCELL-000231,NG-SCELL-000197,NG-SCELL-000196,NG-SCELL-000195,NG-SCELL-000229,NG-SCELL-000264,EXACT_DECIMAL_CENTER_COORDINATE_PLUS_DECLARED_SPACING,VALID
NG-SCELL-000231,NG-SCELL-000266,NG-SCELL-000267,NG-SCELL-000232,NG-SCELL-000198,NG-SCELL-000197,NG-SCELL-000196,NG-SCELL-000230,NG-SCELL-000265,EXACT_DECIMAL_CENTER_COORDINATE_PLUS_DECLARED_SPACING,VALID
NG-SCELL-000232,NG-SCELL-000267,NG-SCELL-000268,NG-SCELL-000233,NG-SCELL-000199,NG-SCELL-000198,NG-SCELL-000197,NG-SCELL-000231,NG-SCELL-000266,EXACT_DECIMAL_CENTER_COORDINATE_PLUS_DECLARED_SPACING,VALID
NG-SCELL-000233,NG-SCELL-000268,NG-SCELL-000269,NG-SCELL-000234,NG-SCELL-000200,NG-SCELL-000199,NG-SCELL-000198,NG-SCELL-000232,NG-SCELL-000267,EXACT_DECIMAL_CENTER_COORDINATE_PLUS_DECLARED_SPACING,VALID
NG-SCELL-000234,NG-SCELL-000269,NG-SCELL-000270,NG-SCELL-000235,NG-SCELL-000201,NG-SCELL-000200,NG-SCELL-000199,NG-SCELL-000233,NG-SCELL-000268,EXACT_DECIMAL_CENTER_COORDINATE_PLUS_DECLARED_SPACING,VALID
NG-SCELL-000235,NG-SCELL-000270,NG-SCELL-000271,NG-SCELL-000236,NG-SCELL-000202,NG-SCELL-000201,NG-SCELL-000200,NG-SCELL-000234,NG-SCELL-000269,EXACT_DECIMAL_CENTER_COORDINATE_PLUS_DECLARED_SPACING,VALID
NG-SCELL-000236,NG-SCELL-000271,NG-SCELL-000272,NG-SCELL-000237,NG-SCELL-000203,NG-SCELL-000202,NG-SCELL-000201,NG-SCELL-000235,NG-SCELL-000270,EXACT_DECIMAL_CENTER_COORDINATE_PLUS_DECLARED_SPACING,VALID
NG-SCELL-000237,NG-SCELL-000272,NG-SCELL-000273,NG-SCELL-000238,NG-SCELL-000204,NG-SCELL-000203,NG-SCELL-000202,NG-SCELL-000236,NG-SCELL-000271,EXACT_DECIMAL_CENTER_COORDINATE_PLUS_DECLARED_SPACING,VALID
NG-SCELL-000238,NG-SCELL-000273,NG-SCELL-000274,NG-SCELL-000239,NG-SCELL-000205,NG-SCELL-000204,NG-SCELL-000203,NG-SCELL-000237,NG-SCELL-000272,EXACT_DECIMAL_CENTER_COORDINATE_PLUS_DECLARED_SPACING,VALID
NG-SCELL-000239,NG-SCELL-000274,NG-SCELL-000275,NG-SCELL-000240,NG-SCELL-000206,NG-SCELL-000205,NG-SCELL-000204,NG-SCELL-000238,NG-SCELL-000273,EXACT_DECIMAL_CENTER_COORDINATE_PLUS_DECLARED_SPACING,VALID
NG-SCELL-000240,NG-SCELL-000275,NG-SCELL-000276,NG-SCELL-000241,NG-SCELL-000207,NG-SCELL-000206,NG-SCELL-000205,NG-SCELL-000239,NG-SCELL-000274,EXACT_DECIMAL_CENTER_COORDINATE_PLUS_DECLARED_SPACING,VALID
NG-SCELL-000241,NG-SCELL-000276,NG-SCELL-000277,NG-SCELL-000242,NG-SCELL-000208,NG-SCELL-000207,NG-SCELL-000206,NG-SCELL-000240,NG-SCELL-000275,EXACT_DECIMAL_CENTER_COORDINATE_PLUS_DECLARED_SPACING,VALID
NG-SCELL-000242,NG-SCELL-000277,NG-SCELL-000278,NG-SCELL-000243,NG-SCELL-000209,NG-SCELL-000208,NG-SCELL-000207,NG-SCELL-000241,NG-SCELL-000276,EXACT_DECIMAL_CENTER_COORDINATE_PLUS_DECLARED_SPACING,VALID
NG-SCELL-000243,NG-SCELL-000278,NG-SCELL-000279,NG-SCELL-000244,NG-SCELL-000210,NG-SCELL-000209,NG-SCELL-000208,NG-SCELL-000242,NG-SCELL-000277,EXACT_DECIMAL_CENTER_COORDINATE_PLUS_DECLARED_SPACING,VALID
NG-SCELL-000244,NG-SCELL-000279,NG-SCELL-000280,NG-SCELL-000245,NG-SCELL-000211,NG-SCELL-000210,NG-SCELL-000209,NG-SCELL-000243,NG-SCELL-000278,EXACT_DECIMAL_CENTER_COORDINATE_PLUS_DECLARED_SPACING,VALID
NG-SCELL-000245,NG-SCELL-000280,NG-SCELL-000281,NG-SCELL-000246,NG-SCELL-000212,NG-SCELL-000211,NG-SCELL-000210,NG-SCELL-000244,NG-SCELL-000279,EXACT_DECIMAL_CENTER_COORDINATE_PLUS_DECLARED_SPACING,VALID
NG-SCELL-000246,NG-SCELL-000281,NG-SCELL-000282,NG-SCELL-000247,NG-SCELL-000213,NG-SCELL-000212,NG-SCELL-000211,NG-SCELL-000245,NG-SCELL-000280,EXACT_DECIMAL_CENTER_COORDINATE_PLUS_DECLARED_SPACING,VALID
NG-SCELL-000247,NG-SCELL-000282,NG-SCELL-000283,NG-SCELL-000248,NG-SCELL-000214,NG-SCELL-000213,NG-SCELL-000212,NG-SCELL-000246,NG-SCELL-000281,EXACT_DECIMAL_CENTER_COORDINATE_PLUS_DECLARED_SPACING,VALID
NG-SCELL-000248,NG-SCELL-000283,NG-SCELL-000284,NG-SCELL-000249,NG-SCELL-000215,NG-SCELL-000214,NG-SCELL-000213,NG-SCELL-000247,NG-SCELL-000282,EXACT_DECIMAL_CENTER_COORDINATE_PLUS_DECLARED_SPACING,VALID
NG-SCELL-000249,NG-SCELL-000284,NG-SCELL-000285,NG-SCELL-000250,NG-SCELL-000216,NG-SCELL-000215,NG-SCELL-000214,NG-SCELL-000248,NG-SCELL-000283,EXACT_DECIMAL_CENTER_COORDINATE_PLUS_DECLARED_SPACING,VALID
NG-SCELL-000250,NG-SCELL-000285,NG-SCELL-000286,NG-SCELL-000251,NG-SCELL-000217,NG-SCELL-000216,NG-SCELL-000215,NG-SCELL-000249,NG-SCELL-000284,EXACT_DECIMAL_CENTER_COORDINATE_PLUS_DECLARED_SPACING,VALID
NG-SCELL-000251,NG-SCELL-000286,NG-SCELL-000287,NG-SCELL-000252,NG-SCELL-000218,NG-SCELL-000217,NG-SCELL-000216,NG-SCELL-000250,NG-SCELL-000285,EXACT_DECIMAL_CENTER_COORDINATE_PLUS_DECLARED_SPACING,VALID
NG-SCELL-000252,NG-SCELL-000287,NG-SCELL-000288,NG-SCELL-000253,NG-SCELL-000219,NG-SCELL-000218,NG-SCELL-000217,NG-SCELL-000251,NG-SCELL-000286,EXACT_DECIMAL_CENTER_COORDINATE_PLUS_DECLARED_SPACING,VALID
NG-SCELL-000253,NG-SCELL-000288,NG-SCELL-000289,NG-SCELL-000254,NG-SCELL-000220,NG-SCELL-000219,NG-SCELL-000218,NG-SCELL-000252,NG-SCELL-000287,EXACT_DECIMAL_CENTER_COORDINATE_PLUS_DECLARED_SPACING,VALID
NG-SCELL-000254,NG-SCELL-000289,NG-SCELL-000290,NG-SCELL-000255,NG-SCELL-000221,NG-SCELL-000220,NG-SCELL-000219,NG-SCELL-000253,NG-SCELL-000288,EXACT_DECIMAL_CENTER_COORDINATE_PLUS_DECLARED_SPACING,VALID
NG-SCELL-000255,NG-SCELL-000290,NG-SCELL-000291,NG-SCELL-000256,NG-SCELL-000222,NG-SCELL-000221,NG-SCELL-000220,NG-SCELL-000254,NG-SCELL-000289,EXACT_DECIMAL_CENTER_COORDINATE_PLUS_DECLARED_SPACING,VALID
NG-SCELL-000256,NG-SCELL-000291,NG-SCELL-000292,NG-SCELL-000257,NG-SCELL-000223,NG-SCELL-000222,NG-SCELL-000221,NG-SCELL-000255,NG-SCELL-000290,EXACT_DECIMAL_CENTER_COORDINATE_PLUS_DECLARED_SPACING,VALID
NG-SCELL-000257,NG-SCELL-000292,NG-SCELL-000293,NG-SCELL-000258,NG-SCELL-000224,NG-SCELL-000223,NG-SCELL-000222,NG-SCELL-000256,NG-SCELL-000291,EXACT_DECIMAL_CENTER_COORDINATE_PLUS_DECLARED_SPACING,VALID
NG-SCELL-000258,NG-SCELL-000293,NG-SCELL-000294,NG-SCELL-000259,NG-SCELL-000225,NG-SCELL-000224,NG-SCELL-000223,NG-SCELL-000257,NG-SCELL-000292,EXACT_DECIMAL_CENTER_COORDINATE_PLUS_DECLARED_SPACING,VALID
NG-SCELL-000259,NG-SCELL-000294,NG-SCELL-000295,NG-SCELL-000260,NG-SCELL-000226,NG-SCELL-000225,NG-SCELL-000224,NG-SCELL-000258,NG-SCELL-000293,EXACT_DECIMAL_CENTER_COORDINATE_PLUS_DECLARED_SPACING,VALID
NG-SCELL-000260,NG-SCELL-000295,NG-SCELL-000296,NG-SCELL-000261,NG-SCELL-000227,NG-SCELL-000226,NG-SCELL-000225,NG-SCELL-000259,NG-SCELL-000294,EXACT_DECIMAL_CENTER_COORDINATE_PLUS_DECLARED_SPACING,VALID
NG-SCELL-000261,NG-SCELL-000296,NG-SCELL-000297,NG-SCELL-000262,,NG-SCELL-000227,NG-SCELL-000226,NG-SCELL-000260,NG-SCELL-000295,EXACT_DECIMAL_CENTER_COORDINATE_PLUS_DECLARED_SPACING,VALID
NG-SCELL-000262,NG-SCELL-000297,NG-SCELL-000298,,,,NG-SCELL-000227,NG-SCELL-000261,NG-SCELL-000296,EXACT_DECIMAL_CENTER_COORDINATE_PLUS_DECLARED_SPACING,VALID
NG-SCELL-000263,,,,,NG-SCELL-000228,,,NG-SCELL-000298,EXACT_DECIMAL_CENTER_COORDINATE_PLUS_DECLARED_SPACING,VALID
NG-SCELL-000264,NG-SCELL-000299,NG-SCELL-000300,NG-SCELL-000265,NG-SCELL-000230,NG-SCELL-000229,,,,EXACT_DECIMAL_CENTER_COORDINATE_PLUS_DECLARED_SPACING,VALID
NG-SCELL-000265,NG-SCELL-000300,NG-SCELL-000301,NG-SCELL-000266,NG-SCELL-000231,NG-SCELL-000230,NG-SCELL-000229,NG-SCELL-000264,NG-SCELL-000299,EXACT_DECIMAL_CENTER_COORDINATE_PLUS_DECLARED_SPACING,VALID
NG-SCELL-000266,NG-SCELL-000301,NG-SCELL-000302,NG-SCELL-000267,NG-SCELL-000232,NG-SCELL-000231,NG-SCELL-000230,NG-SCELL-000265,NG-SCELL-000300,EXACT_DECIMAL_CENTER_COORDINATE_PLUS_DECLARED_SPACING,VALID
NG-SCELL-000267,NG-SCELL-000302,NG-SCELL-000303,NG-SCELL-000268,NG-SCELL-000233,NG-SCELL-000232,NG-SCELL-000231,NG-SCELL-000266,NG-SCELL-000301,EXACT_DECIMAL_CENTER_COORDINATE_PLUS_DECLARED_SPACING,VALID
NG-SCELL-000268,NG-SCELL-000303,NG-SCELL-000304,NG-SCELL-000269,NG-SCELL-000234,NG-SCELL-000233,NG-SCELL-000232,NG-SCELL-000267,NG-SCELL-000302,EXACT_DECIMAL_CENTER_COORDINATE_PLUS_DECLARED_SPACING,VALID
NG-SCELL-000269,NG-SCELL-000304,NG-SCELL-000305,NG-SCELL-000270,NG-SCELL-000235,NG-SCELL-000234,NG-SCELL-000233,NG-SCELL-000268,NG-SCELL-000303,EXACT_DECIMAL_CENTER_COORDINATE_PLUS_DECLARED_SPACING,VALID
NG-SCELL-000270,NG-SCELL-000305,NG-SCELL-000306,NG-SCELL-000271,NG-SCELL-000236,NG-SCELL-000235,NG-SCELL-000234,NG-SCELL-000269,NG-SCELL-000304,EXACT_DECIMAL_CENTER_COORDINATE_PLUS_DECLARED_SPACING,VALID
NG-SCELL-000271,NG-SCELL-000306,NG-SCELL-000307,NG-SCELL-000272,NG-SCELL-000237,NG-SCELL-000236,NG-SCELL-000235,NG-SCELL-000270,NG-SCELL-000305,EXACT_DECIMAL_CENTER_COORDINATE_PLUS_DECLARED_SPACING,VALID
NG-SCELL-000272,NG-SCELL-000307,NG-SCELL-000308,NG-SCELL-000273,NG-SCELL-000238,NG-SCELL-000237,NG-SCELL-000236,NG-SCELL-000271,NG-SCELL-000306,EXACT_DECIMAL_CENTER_COORDINATE_PLUS_DECLARED_SPACING,VALID
NG-SCELL-000273,NG-SCELL-000308,NG-SCELL-000309,NG-SCELL-000274,NG-SCELL-000239,NG-SCELL-000238,NG-SCELL-000237,NG-SCELL-000272,NG-SCELL-000307,EXACT_DECIMAL_CENTER_COORDINATE_PLUS_DECLARED_SPACING,VALID
NG-SCELL-000274,NG-SCELL-000309,NG-SCELL-000310,NG-SCELL-000275,NG-SCELL-000240,NG-SCELL-000239,NG-SCELL-000238,NG-SCELL-000273,NG-SCELL-000308,EXACT_DECIMAL_CENTER_COORDINATE_PLUS_DECLARED_SPACING,VALID
NG-SCELL-000275,NG-SCELL-000310,NG-SCELL-000311,NG-SCELL-000276,NG-SCELL-000241,NG-SCELL-000240,NG-SCELL-000239,NG-SCELL-000274,NG-SCELL-000309,EXACT_DECIMAL_CENTER_COORDINATE_PLUS_DECLARED_SPACING,VALID
NG-SCELL-000276,NG-SCELL-000311,NG-SCELL-000312,NG-SCELL-000277,NG-SCELL-000242,NG-SCELL-000241,NG-SCELL-000240,NG-SCELL-000275,NG-SCELL-000310,EXACT_DECIMAL_CENTER_COORDINATE_PLUS_DECLARED_SPACING,VALID
NG-SCELL-000277,NG-SCELL-000312,NG-SCELL-000313,NG-SCELL-000278,NG-SCELL-000243,NG-SCELL-000242,NG-SCELL-000241,NG-SCELL-000276,NG-SCELL-000311,EXACT_DECIMAL_CENTER_COORDINATE_PLUS_DECLARED_SPACING,VALID
NG-SCELL-000278,NG-SCELL-000313,NG-SCELL-000314,NG-SCELL-000279,NG-SCELL-000244,NG-SCELL-000243,NG-SCELL-000242,NG-SCELL-000277,NG-SCELL-000312,EXACT_DECIMAL_CENTER_COORDINATE_PLUS_DECLARED_SPACING,VALID
NG-SCELL-000279,NG-SCELL-000314,NG-SCELL-000315,NG-SCELL-000280,NG-SCELL-000245,NG-SCELL-000244,NG-SCELL-000243,NG-SCELL-000278,NG-SCELL-000313,EXACT_DECIMAL_CENTER_COORDINATE_PLUS_DECLARED_SPACING,VALID
NG-SCELL-000280,NG-SCELL-000315,NG-SCELL-000316,NG-SCELL-000281,NG-SCELL-000246,NG-SCELL-000245,NG-SCELL-000244,NG-SCELL-000279,NG-SCELL-000314,EXACT_DECIMAL_CENTER_COORDINATE_PLUS_DECLARED_SPACING,VALID
NG-SCELL-000281,NG-SCELL-000316,NG-SCELL-000317,NG-SCELL-000282,NG-SCELL-000247,NG-SCELL-000246,NG-SCELL-000245,NG-SCELL-000280,NG-SCELL-000315,EXACT_DECIMAL_CENTER_COORDINATE_PLUS_DECLARED_SPACING,VALID
NG-SCELL-000282,NG-SCELL-000317,NG-SCELL-000318,NG-SCELL-000283,NG-SCELL-000248,NG-SCELL-000247,NG-SCELL-000246,NG-SCELL-000281,NG-SCELL-000316,EXACT_DECIMAL_CENTER_COORDINATE_PLUS_DECLARED_SPACING,VALID
NG-SCELL-000283,NG-SCELL-000318,NG-SCELL-000319,NG-SCELL-000284,NG-SCELL-000249,NG-SCELL-000248,NG-SCELL-000247,NG-SCELL-000282,NG-SCELL-000317,EXACT_DECIMAL_CENTER_COORDINATE_PLUS_DECLARED_SPACING,VALID
NG-SCELL-000284,NG-SCELL-000319,NG-SCELL-000320,NG-SCELL-000285,NG-SCELL-000250,NG-SCELL-000249,NG-SCELL-000248,NG-SCELL-000283,NG-SCELL-000318,EXACT_DECIMAL_CENTER_COORDINATE_PLUS_DECLARED_SPACING,VALID
NG-SCELL-000285,NG-SCELL-000320,NG-SCELL-000321,NG-SCELL-000286,NG-SCELL-000251,NG-SCELL-000250,NG-SCELL-000249,NG-SCELL-000284,NG-SCELL-000319,EXACT_DECIMAL_CENTER_COORDINATE_PLUS_DECLARED_SPACING,VALID
NG-SCELL-000286,NG-SCELL-000321,NG-SCELL-000322,NG-SCELL-000287,NG-SCELL-000252,NG-SCELL-000251,NG-SCELL-000250,NG-SCELL-000285,NG-SCELL-000320,EXACT_DECIMAL_CENTER_COORDINATE_PLUS_DECLARED_SPACING,VALID
NG-SCELL-000287,NG-SCELL-000322,NG-SCELL-000323,NG-SCELL-000288,NG-SCELL-000253,NG-SCELL-000252,NG-SCELL-000251,NG-SCELL-000286,NG-SCELL-000321,EXACT_DECIMAL_CENTER_COORDINATE_PLUS_DECLARED_SPACING,VALID
NG-SCELL-000288,NG-SCELL-000323,NG-SCELL-000324,NG-SCELL-000289,NG-SCELL-000254,NG-SCELL-000253,NG-SCELL-000252,NG-SCELL-000287,NG-SCELL-000322,EXACT_DECIMAL_CENTER_COORDINATE_PLUS_DECLARED_SPACING,VALID
NG-SCELL-000289,NG-SCELL-000324,NG-SCELL-000325,NG-SCELL-000290,NG-SCELL-000255,NG-SCELL-000254,NG-SCELL-000253,NG-SCELL-000288,NG-SCELL-000323,EXACT_DECIMAL_CENTER_COORDINATE_PLUS_DECLARED_SPACING,VALID
NG-SCELL-000290,NG-SCELL-000325,NG-SCELL-000326,NG-SCELL-000291,NG-SCELL-000256,NG-SCELL-000255,NG-SCELL-000254,NG-SCELL-000289,NG-SCELL-000324,EXACT_DECIMAL_CENTER_COORDINATE_PLUS_DECLARED_SPACING,VALID
NG-SCELL-000291,NG-SCELL-000326,NG-SCELL-000327,NG-SCELL-000292,NG-SCELL-000257,NG-SCELL-000256,NG-SCELL-000255,NG-SCELL-000290,NG-SCELL-000325,EXACT_DECIMAL_CENTER_COORDINATE_PLUS_DECLARED_SPACING,VALID
NG-SCELL-000292,NG-SCELL-000327,NG-SCELL-000328,NG-SCELL-000293,NG-SCELL-000258,NG-SCELL-000257,NG-SCELL-000256,NG-SCELL-000291,NG-SCELL-000326,EXACT_DECIMAL_CENTER_COORDINATE_PLUS_DECLARED_SPACING,VALID
NG-SCELL-000293,NG-SCELL-000328,NG-SCELL-000329,NG-SCELL-000294,NG-SCELL-000259,NG-SCELL-000258,NG-SCELL-000257,NG-SCELL-000292,NG-SCELL-000327,EXACT_DECIMAL_CENTER_COORDINATE_PLUS_DECLARED_SPACING,VALID
NG-SCELL-000294,NG-SCELL-000329,NG-SCELL-000330,NG-SCELL-000295,NG-SCELL-000260,NG-SCELL-000259,NG-SCELL-000258,NG-SCELL-000293,NG-SCELL-000328,EXACT_DECIMAL_CENTER_COORDINATE_PLUS_DECLARED_SPACING,VALID
NG-SCELL-000295,NG-SCELL-000330,NG-SCELL-000331,NG-SCELL-000296,NG-SCELL-000261,NG-SCELL-000260,NG-SCELL-000259,NG-SCELL-000294,NG-SCELL-000329,EXACT_DECIMAL_CENTER_COORDINATE_PLUS_DECLARED_SPACING,VALID
NG-SCELL-000296,NG-SCELL-000331,NG-SCELL-000332,NG-SCELL-000297,NG-SCELL-000262,NG-SCELL-000261,NG-SCELL-000260,NG-SCELL-000295,NG-SCELL-000330,EXACT_DECIMAL_CENTER_COORDINATE_PLUS_DECLARED_SPACING,VALID
NG-SCELL-000297,NG-SCELL-000332,,NG-SCELL-000298,,NG-SCELL-000262,NG-SCELL-000261,NG-SCELL-000296,NG-SCELL-000331,EXACT_DECIMAL_CENTER_COORDINATE_PLUS_DECLARED_SPACING,VALID
NG-SCELL-000298,,,,NG-SCELL-000263,,NG-SCELL-000262,NG-SCELL-000297,NG-SCELL-000332,EXACT_DECIMAL_CENTER_COORDINATE_PLUS_DECLARED_SPACING,VALID
NG-SCELL-000299,NG-SCELL-000333,NG-SCELL-000334,NG-SCELL-000300,NG-SCELL-000265,NG-SCELL-000264,,,,EXACT_DECIMAL_CENTER_COORDINATE_PLUS_DECLARED_SPACING,VALID
NG-SCELL-000300,NG-SCELL-000334,NG-SCELL-000335,NG-SCELL-000301,NG-SCELL-000266,NG-SCELL-000265,NG-SCELL-000264,NG-SCELL-000299,NG-SCELL-000333,EXACT_DECIMAL_CENTER_COORDINATE_PLUS_DECLARED_SPACING,VALID
NG-SCELL-000301,NG-SCELL-000335,NG-SCELL-000336,NG-SCELL-000302,NG-SCELL-000267,NG-SCELL-000266,NG-SCELL-000265,NG-SCELL-000300,NG-SCELL-000334,EXACT_DECIMAL_CENTER_COORDINATE_PLUS_DECLARED_SPACING,VALID
NG-SCELL-000302,NG-SCELL-000336,NG-SCELL-000337,NG-SCELL-000303,NG-SCELL-000268,NG-SCELL-000267,NG-SCELL-000266,NG-SCELL-000301,NG-SCELL-000335,EXACT_DECIMAL_CENTER_COORDINATE_PLUS_DECLARED_SPACING,VALID
NG-SCELL-000303,NG-SCELL-000337,NG-SCELL-000338,NG-SCELL-000304,NG-SCELL-000269,NG-SCELL-000268,NG-SCELL-000267,NG-SCELL-000302,NG-SCELL-000336,EXACT_DECIMAL_CENTER_COORDINATE_PLUS_DECLARED_SPACING,VALID
NG-SCELL-000304,NG-SCELL-000338,NG-SCELL-000339,NG-SCELL-000305,NG-SCELL-000270,NG-SCELL-000269,NG-SCELL-000268,NG-SCELL-000303,NG-SCELL-000337,EXACT_DECIMAL_CENTER_COORDINATE_PLUS_DECLARED_SPACING,VALID
NG-SCELL-000305,NG-SCELL-000339,NG-SCELL-000340,NG-SCELL-000306,NG-SCELL-000271,NG-SCELL-000270,NG-SCELL-000269,NG-SCELL-000304,NG-SCELL-000338,EXACT_DECIMAL_CENTER_COORDINATE_PLUS_DECLARED_SPACING,VALID
NG-SCELL-000306,NG-SCELL-000340,NG-SCELL-000341,NG-SCELL-000307,NG-SCELL-000272,NG-SCELL-000271,NG-SCELL-000270,NG-SCELL-000305,NG-SCELL-000339,EXACT_DECIMAL_CENTER_COORDINATE_PLUS_DECLARED_SPACING,VALID
NG-SCELL-000307,NG-SCELL-000341,NG-SCELL-000342,NG-SCELL-000308,NG-SCELL-000273,NG-SCELL-000272,NG-SCELL-000271,NG-SCELL-000306,NG-SCELL-000340,EXACT_DECIMAL_CENTER_COORDINATE_PLUS_DECLARED_SPACING,VALID
NG-SCELL-000308,NG-SCELL-000342,NG-SCELL-000343,NG-SCELL-000309,NG-SCELL-000274,NG-SCELL-000273,NG-SCELL-000272,NG-SCELL-000307,NG-SCELL-000341,EXACT_DECIMAL_CENTER_COORDINATE_PLUS_DECLARED_SPACING,VALID
NG-SCELL-000309,NG-SCELL-000343,NG-SCELL-000344,NG-SCELL-000310,NG-SCELL-000275,NG-SCELL-000274,NG-SCELL-000273,NG-SCELL-000308,NG-SCELL-000342,EXACT_DECIMAL_CENTER_COORDINATE_PLUS_DECLARED_SPACING,VALID
NG-SCELL-000310,NG-SCELL-000344,NG-SCELL-000345,NG-SCELL-000311,NG-SCELL-000276,NG-SCELL-000275,NG-SCELL-000274,NG-SCELL-000309,NG-SCELL-000343,EXACT_DECIMAL_CENTER_COORDINATE_PLUS_DECLARED_SPACING,VALID
NG-SCELL-000311,NG-SCELL-000345,NG-SCELL-000346,NG-SCELL-000312,NG-SCELL-000277,NG-SCELL-000276,NG-SCELL-000275,NG-SCELL-000310,NG-SCELL-000344,EXACT_DECIMAL_CENTER_COORDINATE_PLUS_DECLARED_SPACING,VALID
NG-SCELL-000312,NG-SCELL-000346,NG-SCELL-000347,NG-SCELL-000313,NG-SCELL-000278,NG-SCELL-000277,NG-SCELL-000276,NG-SCELL-000311,NG-SCELL-000345,EXACT_DECIMAL_CENTER_COORDINATE_PLUS_DECLARED_SPACING,VALID
NG-SCELL-000313,NG-SCELL-000347,NG-SCELL-000348,NG-SCELL-000314,NG-SCELL-000279,NG-SCELL-000278,NG-SCELL-000277,NG-SCELL-000312,NG-SCELL-000346,EXACT_DECIMAL_CENTER_COORDINATE_PLUS_DECLARED_SPACING,VALID
NG-SCELL-000314,NG-SCELL-000348,NG-SCELL-000349,NG-SCELL-000315,NG-SCELL-000280,NG-SCELL-000279,NG-SCELL-000278,NG-SCELL-000313,NG-SCELL-000347,EXACT_DECIMAL_CENTER_COORDINATE_PLUS_DECLARED_SPACING,VALID
NG-SCELL-000315,NG-SCELL-000349,NG-SCELL-000350,NG-SCELL-000316,NG-SCELL-000281,NG-SCELL-000280,NG-SCELL-000279,NG-SCELL-000314,NG-SCELL-000348,EXACT_DECIMAL_CENTER_COORDINATE_PLUS_DECLARED_SPACING,VALID
NG-SCELL-000316,NG-SCELL-000350,NG-SCELL-000351,NG-SCELL-000317,NG-SCELL-000282,NG-SCELL-000281,NG-SCELL-000280,NG-SCELL-000315,NG-SCELL-000349,EXACT_DECIMAL_CENTER_COORDINATE_PLUS_DECLARED_SPACING,VALID
NG-SCELL-000317,NG-SCELL-000351,NG-SCELL-000352,NG-SCELL-000318,NG-SCELL-000283,NG-SCELL-000282,NG-SCELL-000281,NG-SCELL-000316,NG-SCELL-000350,EXACT_DECIMAL_CENTER_COORDINATE_PLUS_DECLARED_SPACING,VALID
NG-SCELL-000318,NG-SCELL-000352,NG-SCELL-000353,NG-SCELL-000319,NG-SCELL-000284,NG-SCELL-000283,NG-SCELL-000282,NG-SCELL-000317,NG-SCELL-000351,EXACT_DECIMAL_CENTER_COORDINATE_PLUS_DECLARED_SPACING,VALID
NG-SCELL-000319,NG-SCELL-000353,NG-SCELL-000354,NG-SCELL-000320,NG-SCELL-000285,NG-SCELL-000284,NG-SCELL-000283,NG-SCELL-000318,NG-SCELL-000352,EXACT_DECIMAL_CENTER_COORDINATE_PLUS_DECLARED_SPACING,VALID
NG-SCELL-000320,NG-SCELL-000354,NG-SCELL-000355,NG-SCELL-000321,NG-SCELL-000286,NG-SCELL-000285,NG-SCELL-000284,NG-SCELL-000319,NG-SCELL-000353,EXACT_DECIMAL_CENTER_COORDINATE_PLUS_DECLARED_SPACING,VALID
NG-SCELL-000321,NG-SCELL-000355,NG-SCELL-000356,NG-SCELL-000322,NG-SCELL-000287,NG-SCELL-000286,NG-SCELL-000285,NG-SCELL-000320,NG-SCELL-000354,EXACT_DECIMAL_CENTER_COORDINATE_PLUS_DECLARED_SPACING,VALID
NG-SCELL-000322,NG-SCELL-000356,NG-SCELL-000357,NG-SCELL-000323,NG-SCELL-000288,NG-SCELL-000287,NG-SCELL-000286,NG-SCELL-000321,NG-SCELL-000355,EXACT_DECIMAL_CENTER_COORDINATE_PLUS_DECLARED_SPACING,VALID
NG-SCELL-000323,NG-SCELL-000357,NG-SCELL-000358,NG-SCELL-000324,NG-SCELL-000289,NG-SCELL-000288,NG-SCELL-000287,NG-SCELL-000322,NG-SCELL-000356,EXACT_DECIMAL_CENTER_COORDINATE_PLUS_DECLARED_SPACING,VALID
NG-SCELL-000324,NG-SCELL-000358,NG-SCELL-000359,NG-SCELL-000325,NG-SCELL-000290,NG-SCELL-000289,NG-SCELL-000288,NG-SCELL-000323,NG-SCELL-000357,EXACT_DECIMAL_CENTER_COORDINATE_PLUS_DECLARED_SPACING,VALID
NG-SCELL-000325,NG-SCELL-000359,NG-SCELL-000360,NG-SCELL-000326,NG-SCELL-000291,NG-SCELL-000290,NG-SCELL-000289,NG-SCELL-000324,NG-SCELL-000358,EXACT_DECIMAL_CENTER_COORDINATE_PLUS_DECLARED_SPACING,VALID
NG-SCELL-000326,NG-SCELL-000360,NG-SCELL-000361,NG-SCELL-000327,NG-SCELL-000292,NG-SCELL-000291,NG-SCELL-000290,NG-SCELL-000325,NG-SCELL-000359,EXACT_DECIMAL_CENTER_COORDINATE_PLUS_DECLARED_SPACING,VALID
NG-SCELL-000327,NG-SCELL-000361,NG-SCELL-000362,NG-SCELL-000328,NG-SCELL-000293,NG-SCELL-000292,NG-SCELL-000291,NG-SCELL-000326,NG-SCELL-000360,EXACT_DECIMAL_CENTER_COORDINATE_PLUS_DECLARED_SPACING,VALID
NG-SCELL-000328,NG-SCELL-000362,NG-SCELL-000363,NG-SCELL-000329,NG-SCELL-000294,NG-SCELL-000293,NG-SCELL-000292,NG-SCELL-000327,NG-SCELL-000361,EXACT_DECIMAL_CENTER_COORDINATE_PLUS_DECLARED_SPACING,VALID
NG-SCELL-000329,NG-SCELL-000363,NG-SCELL-000364,NG-SCELL-000330,NG-SCELL-000295,NG-SCELL-000294,NG-SCELL-000293,NG-SCELL-000328,NG-SCELL-000362,EXACT_DECIMAL_CENTER_COORDINATE_PLUS_DECLARED_SPACING,VALID
NG-SCELL-000330,NG-SCELL-000364,NG-SCELL-000365,NG-SCELL-000331,NG-SCELL-000296,NG-SCELL-000295,NG-SCELL-000294,NG-SCELL-000329,NG-SCELL-000363,EXACT_DECIMAL_CENTER_COORDINATE_PLUS_DECLARED_SPACING,VALID
NG-SCELL-000331,NG-SCELL-000365,NG-SCELL-000366,NG-SCELL-000332,NG-SCELL-000297,NG-SCELL-000296,NG-SCELL-000295,NG-SCELL-000330,NG-SCELL-000364,EXACT_DECIMAL_CENTER_COORDINATE_PLUS_DECLARED_SPACING,VALID
NG-SCELL-000332,NG-SCELL-000366,,,NG-SCELL-000298,NG-SCELL-000297,NG-SCELL-000296,NG-SCELL-000331,NG-SCELL-000365,EXACT_DECIMAL_CENTER_COORDINATE_PLUS_DECLARED_SPACING,VALID
NG-SCELL-000333,NG-SCELL-000368,NG-SCELL-000369,NG-SCELL-000334,NG-SCELL-000300,NG-SCELL-000299,,,NG-SCELL-000367,EXACT_DECIMAL_CENTER_COORDINATE_PLUS_DECLARED_SPACING,VALID
NG-SCELL-000334,NG-SCELL-000369,NG-SCELL-000370,NG-SCELL-000335,NG-SCELL-000301,NG-SCELL-000300,NG-SCELL-000299,NG-SCELL-000333,NG-SCELL-000368,EXACT_DECIMAL_CENTER_COORDINATE_PLUS_DECLARED_SPACING,VALID
NG-SCELL-000335,NG-SCELL-000370,NG-SCELL-000371,NG-SCELL-000336,NG-SCELL-000302,NG-SCELL-000301,NG-SCELL-000300,NG-SCELL-000334,NG-SCELL-000369,EXACT_DECIMAL_CENTER_COORDINATE_PLUS_DECLARED_SPACING,VALID
NG-SCELL-000336,NG-SCELL-000371,NG-SCELL-000372,NG-SCELL-000337,NG-SCELL-000303,NG-SCELL-000302,NG-SCELL-000301,NG-SCELL-000335,NG-SCELL-000370,EXACT_DECIMAL_CENTER_COORDINATE_PLUS_DECLARED_SPACING,VALID
NG-SCELL-000337,NG-SCELL-000372,NG-SCELL-000373,NG-SCELL-000338,NG-SCELL-000304,NG-SCELL-000303,NG-SCELL-000302,NG-SCELL-000336,NG-SCELL-000371,EXACT_DECIMAL_CENTER_COORDINATE_PLUS_DECLARED_SPACING,VALID
NG-SCELL-000338,NG-SCELL-000373,NG-SCELL-000374,NG-SCELL-000339,NG-SCELL-000305,NG-SCELL-000304,NG-SCELL-000303,NG-SCELL-000337,NG-SCELL-000372,EXACT_DECIMAL_CENTER_COORDINATE_PLUS_DECLARED_SPACING,VALID
NG-SCELL-000339,NG-SCELL-000374,NG-SCELL-000375,NG-SCELL-000340,NG-SCELL-000306,NG-SCELL-000305,NG-SCELL-000304,NG-SCELL-000338,NG-SCELL-000373,EXACT_DECIMAL_CENTER_COORDINATE_PLUS_DECLARED_SPACING,VALID
NG-SCELL-000340,NG-SCELL-000375,NG-SCELL-000376,NG-SCELL-000341,NG-SCELL-000307,NG-SCELL-000306,NG-SCELL-000305,NG-SCELL-000339,NG-SCELL-000374,EXACT_DECIMAL_CENTER_COORDINATE_PLUS_DECLARED_SPACING,VALID
NG-SCELL-000341,NG-SCELL-000376,NG-SCELL-000377,NG-SCELL-000342,NG-SCELL-000308,NG-SCELL-000307,NG-SCELL-000306,NG-SCELL-000340,NG-SCELL-000375,EXACT_DECIMAL_CENTER_COORDINATE_PLUS_DECLARED_SPACING,VALID
NG-SCELL-000342,NG-SCELL-000377,NG-SCELL-000378,NG-SCELL-000343,NG-SCELL-000309,NG-SCELL-000308,NG-SCELL-000307,NG-SCELL-000341,NG-SCELL-000376,EXACT_DECIMAL_CENTER_COORDINATE_PLUS_DECLARED_SPACING,VALID
NG-SCELL-000343,NG-SCELL-000378,NG-SCELL-000379,NG-SCELL-000344,NG-SCELL-000310,NG-SCELL-000309,NG-SCELL-000308,NG-SCELL-000342,NG-SCELL-000377,EXACT_DECIMAL_CENTER_COORDINATE_PLUS_DECLARED_SPACING,VALID
NG-SCELL-000344,NG-SCELL-000379,NG-SCELL-000380,NG-SCELL-000345,NG-SCELL-000311,NG-SCELL-000310,NG-SCELL-000309,NG-SCELL-000343,NG-SCELL-000378,EXACT_DECIMAL_CENTER_COORDINATE_PLUS_DECLARED_SPACING,VALID
NG-SCELL-000345,NG-SCELL-000380,NG-SCELL-000381,NG-SCELL-000346,NG-SCELL-000312,NG-SCELL-000311,NG-SCELL-000310,NG-SCELL-000344,NG-SCELL-000379,EXACT_DECIMAL_CENTER_COORDINATE_PLUS_DECLARED_SPACING,VALID
NG-SCELL-000346,NG-SCELL-000381,NG-SCELL-000382,NG-SCELL-000347,NG-SCELL-000313,NG-SCELL-000312,NG-SCELL-000311,NG-SCELL-000345,NG-SCELL-000380,EXACT_DECIMAL_CENTER_COORDINATE_PLUS_DECLARED_SPACING,VALID
NG-SCELL-000347,NG-SCELL-000382,NG-SCELL-000383,NG-SCELL-000348,NG-SCELL-000314,NG-SCELL-000313,NG-SCELL-000312,NG-SCELL-000346,NG-SCELL-000381,EXACT_DECIMAL_CENTER_COORDINATE_PLUS_DECLARED_SPACING,VALID
NG-SCELL-000348,NG-SCELL-000383,NG-SCELL-000384,NG-SCELL-000349,NG-SCELL-000315,NG-SCELL-000314,NG-SCELL-000313,NG-SCELL-000347,NG-SCELL-000382,EXACT_DECIMAL_CENTER_COORDINATE_PLUS_DECLARED_SPACING,VALID
NG-SCELL-000349,NG-SCELL-000384,NG-SCELL-000385,NG-SCELL-000350,NG-SCELL-000316,NG-SCELL-000315,NG-SCELL-000314,NG-SCELL-000348,NG-SCELL-000383,EXACT_DECIMAL_CENTER_COORDINATE_PLUS_DECLARED_SPACING,VALID
NG-SCELL-000350,NG-SCELL-000385,NG-SCELL-000386,NG-SCELL-000351,NG-SCELL-000317,NG-SCELL-000316,NG-SCELL-000315,NG-SCELL-000349,NG-SCELL-000384,EXACT_DECIMAL_CENTER_COORDINATE_PLUS_DECLARED_SPACING,VALID
NG-SCELL-000351,NG-SCELL-000386,NG-SCELL-000387,NG-SCELL-000352,NG-SCELL-000318,NG-SCELL-000317,NG-SCELL-000316,NG-SCELL-000350,NG-SCELL-000385,EXACT_DECIMAL_CENTER_COORDINATE_PLUS_DECLARED_SPACING,VALID
NG-SCELL-000352,NG-SCELL-000387,NG-SCELL-000388,NG-SCELL-000353,NG-SCELL-000319,NG-SCELL-000318,NG-SCELL-000317,NG-SCELL-000351,NG-SCELL-000386,EXACT_DECIMAL_CENTER_COORDINATE_PLUS_DECLARED_SPACING,VALID
NG-SCELL-000353,NG-SCELL-000388,NG-SCELL-000389,NG-SCELL-000354,NG-SCELL-000320,NG-SCELL-000319,NG-SCELL-000318,NG-SCELL-000352,NG-SCELL-000387,EXACT_DECIMAL_CENTER_COORDINATE_PLUS_DECLARED_SPACING,VALID
NG-SCELL-000354,NG-SCELL-000389,NG-SCELL-000390,NG-SCELL-000355,NG-SCELL-000321,NG-SCELL-000320,NG-SCELL-000319,NG-SCELL-000353,NG-SCELL-000388,EXACT_DECIMAL_CENTER_COORDINATE_PLUS_DECLARED_SPACING,VALID
NG-SCELL-000355,NG-SCELL-000390,NG-SCELL-000391,NG-SCELL-000356,NG-SCELL-000322,NG-SCELL-000321,NG-SCELL-000320,NG-SCELL-000354,NG-SCELL-000389,EXACT_DECIMAL_CENTER_COORDINATE_PLUS_DECLARED_SPACING,VALID
NG-SCELL-000356,NG-SCELL-000391,NG-SCELL-000392,NG-SCELL-000357,NG-SCELL-000323,NG-SCELL-000322,NG-SCELL-000321,NG-SCELL-000355,NG-SCELL-000390,EXACT_DECIMAL_CENTER_COORDINATE_PLUS_DECLARED_SPACING,VALID
NG-SCELL-000357,NG-SCELL-000392,NG-SCELL-000393,NG-SCELL-000358,NG-SCELL-000324,NG-SCELL-000323,NG-SCELL-000322,NG-SCELL-000356,NG-SCELL-000391,EXACT_DECIMAL_CENTER_COORDINATE_PLUS_DECLARED_SPACING,VALID
NG-SCELL-000358,NG-SCELL-000393,NG-SCELL-000394,NG-SCELL-000359,NG-SCELL-000325,NG-SCELL-000324,NG-SCELL-000323,NG-SCELL-000357,NG-SCELL-000392,EXACT_DECIMAL_CENTER_COORDINATE_PLUS_DECLARED_SPACING,VALID
NG-SCELL-000359,NG-SCELL-000394,NG-SCELL-000395,NG-SCELL-000360,NG-SCELL-000326,NG-SCELL-000325,NG-SCELL-000324,NG-SCELL-000358,NG-SCELL-000393,EXACT_DECIMAL_CENTER_COORDINATE_PLUS_DECLARED_SPACING,VALID
NG-SCELL-000360,NG-SCELL-000395,NG-SCELL-000396,NG-SCELL-000361,NG-SCELL-000327,NG-SCELL-000326,NG-SCELL-000325,NG-SCELL-000359,NG-SCELL-000394,EXACT_DECIMAL_CENTER_COORDINATE_PLUS_DECLARED_SPACING,VALID
NG-SCELL-000361,NG-SCELL-000396,NG-SCELL-000397,NG-SCELL-000362,NG-SCELL-000328,NG-SCELL-000327,NG-SCELL-000326,NG-SCELL-000360,NG-SCELL-000395,EXACT_DECIMAL_CENTER_COORDINATE_PLUS_DECLARED_SPACING,VALID
NG-SCELL-000362,NG-SCELL-000397,NG-SCELL-000398,NG-SCELL-000363,NG-SCELL-000329,NG-SCELL-000328,NG-SCELL-000327,NG-SCELL-000361,NG-SCELL-000396,EXACT_DECIMAL_CENTER_COORDINATE_PLUS_DECLARED_SPACING,VALID
NG-SCELL-000363,NG-SCELL-000398,NG-SCELL-000399,NG-SCELL-000364,NG-SCELL-000330,NG-SCELL-000329,NG-SCELL-000328,NG-SCELL-000362,NG-SCELL-000397,EXACT_DECIMAL_CENTER_COORDINATE_PLUS_DECLARED_SPACING,VALID
NG-SCELL-000364,NG-SCELL-000399,NG-SCELL-000400,NG-SCELL-000365,NG-SCELL-000331,NG-SCELL-000330,NG-SCELL-000329,NG-SCELL-000363,NG-SCELL-000398,EXACT_DECIMAL_CENTER_COORDINATE_PLUS_DECLARED_SPACING,VALID
NG-SCELL-000365,NG-SCELL-000400,NG-SCELL-000401,NG-SCELL-000366,NG-SCELL-000332,NG-SCELL-000331,NG-SCELL-000330,NG-SCELL-000364,NG-SCELL-000399,EXACT_DECIMAL_CENTER_COORDINATE_PLUS_DECLARED_SPACING,VALID
NG-SCELL-000366,NG-SCELL-000401,,,,NG-SCELL-000332,NG-SCELL-000331,NG-SCELL-000365,NG-SCELL-000400,EXACT_DECIMAL_CENTER_COORDINATE_PLUS_DECLARED_SPACING,VALID
NG-SCELL-000367,NG-SCELL-000402,NG-SCELL-000403,NG-SCELL-000368,NG-SCELL-000333,,,,,EXACT_DECIMAL_CENTER_COORDINATE_PLUS_DECLARED_SPACING,VALID
NG-SCELL-000368,NG-SCELL-000403,NG-SCELL-000404,NG-SCELL-000369,NG-SCELL-000334,NG-SCELL-000333,,NG-SCELL-000367,NG-SCELL-000402,EXACT_DECIMAL_CENTER_COORDINATE_PLUS_DECLARED_SPACING,VALID
NG-SCELL-000369,NG-SCELL-000404,NG-SCELL-000405,NG-SCELL-000370,NG-SCELL-000335,NG-SCELL-000334,NG-SCELL-000333,NG-SCELL-000368,NG-SCELL-000403,EXACT_DECIMAL_CENTER_COORDINATE_PLUS_DECLARED_SPACING,VALID
NG-SCELL-000370,NG-SCELL-000405,NG-SCELL-000406,NG-SCELL-000371,NG-SCELL-000336,NG-SCELL-000335,NG-SCELL-000334,NG-SCELL-000369,NG-SCELL-000404,EXACT_DECIMAL_CENTER_COORDINATE_PLUS_DECLARED_SPACING,VALID
NG-SCELL-000371,NG-SCELL-000406,NG-SCELL-000407,NG-SCELL-000372,NG-SCELL-000337,NG-SCELL-000336,NG-SCELL-000335,NG-SCELL-000370,NG-SCELL-000405,EXACT_DECIMAL_CENTER_COORDINATE_PLUS_DECLARED_SPACING,VALID
NG-SCELL-000372,NG-SCELL-000407,NG-SCELL-000408,NG-SCELL-000373,NG-SCELL-000338,NG-SCELL-000337,NG-SCELL-000336,NG-SCELL-000371,NG-SCELL-000406,EXACT_DECIMAL_CENTER_COORDINATE_PLUS_DECLARED_SPACING,VALID
NG-SCELL-000373,NG-SCELL-000408,NG-SCELL-000409,NG-SCELL-000374,NG-SCELL-000339,NG-SCELL-000338,NG-SCELL-000337,NG-SCELL-000372,NG-SCELL-000407,EXACT_DECIMAL_CENTER_COORDINATE_PLUS_DECLARED_SPACING,VALID
NG-SCELL-000374,NG-SCELL-000409,NG-SCELL-000410,NG-SCELL-000375,NG-SCELL-000340,NG-SCELL-000339,NG-SCELL-000338,NG-SCELL-000373,NG-SCELL-000408,EXACT_DECIMAL_CENTER_COORDINATE_PLUS_DECLARED_SPACING,VALID
NG-SCELL-000375,NG-SCELL-000410,NG-SCELL-000411,NG-SCELL-000376,NG-SCELL-000341,NG-SCELL-000340,NG-SCELL-000339,NG-SCELL-000374,NG-SCELL-000409,EXACT_DECIMAL_CENTER_COORDINATE_PLUS_DECLARED_SPACING,VALID
NG-SCELL-000376,NG-SCELL-000411,NG-SCELL-000412,NG-SCELL-000377,NG-SCELL-000342,NG-SCELL-000341,NG-SCELL-000340,NG-SCELL-000375,NG-SCELL-000410,EXACT_DECIMAL_CENTER_COORDINATE_PLUS_DECLARED_SPACING,VALID
NG-SCELL-000377,NG-SCELL-000412,NG-SCELL-000413,NG-SCELL-000378,NG-SCELL-000343,NG-SCELL-000342,NG-SCELL-000341,NG-SCELL-000376,NG-SCELL-000411,EXACT_DECIMAL_CENTER_COORDINATE_PLUS_DECLARED_SPACING,VALID
NG-SCELL-000378,NG-SCELL-000413,NG-SCELL-000414,NG-SCELL-000379,NG-SCELL-000344,NG-SCELL-000343,NG-SCELL-000342,NG-SCELL-000377,NG-SCELL-000412,EXACT_DECIMAL_CENTER_COORDINATE_PLUS_DECLARED_SPACING,VALID
NG-SCELL-000379,NG-SCELL-000414,NG-SCELL-000415,NG-SCELL-000380,NG-SCELL-000345,NG-SCELL-000344,NG-SCELL-000343,NG-SCELL-000378,NG-SCELL-000413,EXACT_DECIMAL_CENTER_COORDINATE_PLUS_DECLARED_SPACING,VALID
NG-SCELL-000380,NG-SCELL-000415,NG-SCELL-000416,NG-SCELL-000381,NG-SCELL-000346,NG-SCELL-000345,NG-SCELL-000344,NG-SCELL-000379,NG-SCELL-000414,EXACT_DECIMAL_CENTER_COORDINATE_PLUS_DECLARED_SPACING,VALID
NG-SCELL-000381,NG-SCELL-000416,NG-SCELL-000417,NG-SCELL-000382,NG-SCELL-000347,NG-SCELL-000346,NG-SCELL-000345,NG-SCELL-000380,NG-SCELL-000415,EXACT_DECIMAL_CENTER_COORDINATE_PLUS_DECLARED_SPACING,VALID
NG-SCELL-000382,NG-SCELL-000417,NG-SCELL-000418,NG-SCELL-000383,NG-SCELL-000348,NG-SCELL-000347,NG-SCELL-000346,NG-SCELL-000381,NG-SCELL-000416,EXACT_DECIMAL_CENTER_COORDINATE_PLUS_DECLARED_SPACING,VALID
NG-SCELL-000383,NG-SCELL-000418,NG-SCELL-000419,NG-SCELL-000384,NG-SCELL-000349,NG-SCELL-000348,NG-SCELL-000347,NG-SCELL-000382,NG-SCELL-000417,EXACT_DECIMAL_CENTER_COORDINATE_PLUS_DECLARED_SPACING,VALID
NG-SCELL-000384,NG-SCELL-000419,NG-SCELL-000420,NG-SCELL-000385,NG-SCELL-000350,NG-SCELL-000349,NG-SCELL-000348,NG-SCELL-000383,NG-SCELL-000418,EXACT_DECIMAL_CENTER_COORDINATE_PLUS_DECLARED_SPACING,VALID
NG-SCELL-000385,NG-SCELL-000420,NG-SCELL-000421,NG-SCELL-000386,NG-SCELL-000351,NG-SCELL-000350,NG-SCELL-000349,NG-SCELL-000384,NG-SCELL-000419,EXACT_DECIMAL_CENTER_COORDINATE_PLUS_DECLARED_SPACING,VALID
NG-SCELL-000386,NG-SCELL-000421,NG-SCELL-000422,NG-SCELL-000387,NG-SCELL-000352,NG-SCELL-000351,NG-SCELL-000350,NG-SCELL-000385,NG-SCELL-000420,EXACT_DECIMAL_CENTER_COORDINATE_PLUS_DECLARED_SPACING,VALID
NG-SCELL-000387,NG-SCELL-000422,NG-SCELL-000423,NG-SCELL-000388,NG-SCELL-000353,NG-SCELL-000352,NG-SCELL-000351,NG-SCELL-000386,NG-SCELL-000421,EXACT_DECIMAL_CENTER_COORDINATE_PLUS_DECLARED_SPACING,VALID
NG-SCELL-000388,NG-SCELL-000423,NG-SCELL-000424,NG-SCELL-000389,NG-SCELL-000354,NG-SCELL-000353,NG-SCELL-000352,NG-SCELL-000387,NG-SCELL-000422,EXACT_DECIMAL_CENTER_COORDINATE_PLUS_DECLARED_SPACING,VALID
NG-SCELL-000389,NG-SCELL-000424,NG-SCELL-000425,NG-SCELL-000390,NG-SCELL-000355,NG-SCELL-000354,NG-SCELL-000353,NG-SCELL-000388,NG-SCELL-000423,EXACT_DECIMAL_CENTER_COORDINATE_PLUS_DECLARED_SPACING,VALID
NG-SCELL-000390,NG-SCELL-000425,NG-SCELL-000426,NG-SCELL-000391,NG-SCELL-000356,NG-SCELL-000355,NG-SCELL-000354,NG-SCELL-000389,NG-SCELL-000424,EXACT_DECIMAL_CENTER_COORDINATE_PLUS_DECLARED_SPACING,VALID
NG-SCELL-000391,NG-SCELL-000426,NG-SCELL-000427,NG-SCELL-000392,NG-SCELL-000357,NG-SCELL-000356,NG-SCELL-000355,NG-SCELL-000390,NG-SCELL-000425,EXACT_DECIMAL_CENTER_COORDINATE_PLUS_DECLARED_SPACING,VALID
NG-SCELL-000392,NG-SCELL-000427,NG-SCELL-000428,NG-SCELL-000393,NG-SCELL-000358,NG-SCELL-000357,NG-SCELL-000356,NG-SCELL-000391,NG-SCELL-000426,EXACT_DECIMAL_CENTER_COORDINATE_PLUS_DECLARED_SPACING,VALID
NG-SCELL-000393,NG-SCELL-000428,NG-SCELL-000429,NG-SCELL-000394,NG-SCELL-000359,NG-SCELL-000358,NG-SCELL-000357,NG-SCELL-000392,NG-SCELL-000427,EXACT_DECIMAL_CENTER_COORDINATE_PLUS_DECLARED_SPACING,VALID
NG-SCELL-000394,NG-SCELL-000429,NG-SCELL-000430,NG-SCELL-000395,NG-SCELL-000360,NG-SCELL-000359,NG-SCELL-000358,NG-SCELL-000393,NG-SCELL-000428,EXACT_DECIMAL_CENTER_COORDINATE_PLUS_DECLARED_SPACING,VALID
NG-SCELL-000395,NG-SCELL-000430,NG-SCELL-000431,NG-SCELL-000396,NG-SCELL-000361,NG-SCELL-000360,NG-SCELL-000359,NG-SCELL-000394,NG-SCELL-000429,EXACT_DECIMAL_CENTER_COORDINATE_PLUS_DECLARED_SPACING,VALID
NG-SCELL-000396,NG-SCELL-000431,NG-SCELL-000432,NG-SCELL-000397,NG-SCELL-000362,NG-SCELL-000361,NG-SCELL-000360,NG-SCELL-000395,NG-SCELL-000430,EXACT_DECIMAL_CENTER_COORDINATE_PLUS_DECLARED_SPACING,VALID
NG-SCELL-000397,NG-SCELL-000432,NG-SCELL-000433,NG-SCELL-000398,NG-SCELL-000363,NG-SCELL-000362,NG-SCELL-000361,NG-SCELL-000396,NG-SCELL-000431,EXACT_DECIMAL_CENTER_COORDINATE_PLUS_DECLARED_SPACING,VALID
NG-SCELL-000398,NG-SCELL-000433,NG-SCELL-000434,NG-SCELL-000399,NG-SCELL-000364,NG-SCELL-000363,NG-SCELL-000362,NG-SCELL-000397,NG-SCELL-000432,EXACT_DECIMAL_CENTER_COORDINATE_PLUS_DECLARED_SPACING,VALID
NG-SCELL-000399,NG-SCELL-000434,NG-SCELL-000435,NG-SCELL-000400,NG-SCELL-000365,NG-SCELL-000364,NG-SCELL-000363,NG-SCELL-000398,NG-SCELL-000433,EXACT_DECIMAL_CENTER_COORDINATE_PLUS_DECLARED_SPACING,VALID
NG-SCELL-000400,NG-SCELL-000435,,NG-SCELL-000401,NG-SCELL-000366,NG-SCELL-000365,NG-SCELL-000364,NG-SCELL-000399,NG-SCELL-000434,EXACT_DECIMAL_CENTER_COORDINATE_PLUS_DECLARED_SPACING,VALID
NG-SCELL-000401,,,,,NG-SCELL-000366,NG-SCELL-000365,NG-SCELL-000400,NG-SCELL-000435,EXACT_DECIMAL_CENTER_COORDINATE_PLUS_DECLARED_SPACING,VALID
NG-SCELL-000402,NG-SCELL-000437,NG-SCELL-000438,NG-SCELL-000403,NG-SCELL-000368,NG-SCELL-000367,,,,EXACT_DECIMAL_CENTER_COORDINATE_PLUS_DECLARED_SPACING,VALID
NG-SCELL-000403,NG-SCELL-000438,NG-SCELL-000439,NG-SCELL-000404,NG-SCELL-000369,NG-SCELL-000368,NG-SCELL-000367,NG-SCELL-000402,NG-SCELL-000437,EXACT_DECIMAL_CENTER_COORDINATE_PLUS_DECLARED_SPACING,VALID
NG-SCELL-000404,NG-SCELL-000439,NG-SCELL-000440,NG-SCELL-000405,NG-SCELL-000370,NG-SCELL-000369,NG-SCELL-000368,NG-SCELL-000403,NG-SCELL-000438,EXACT_DECIMAL_CENTER_COORDINATE_PLUS_DECLARED_SPACING,VALID
NG-SCELL-000405,NG-SCELL-000440,NG-SCELL-000441,NG-SCELL-000406,NG-SCELL-000371,NG-SCELL-000370,NG-SCELL-000369,NG-SCELL-000404,NG-SCELL-000439,EXACT_DECIMAL_CENTER_COORDINATE_PLUS_DECLARED_SPACING,VALID
NG-SCELL-000406,NG-SCELL-000441,NG-SCELL-000442,NG-SCELL-000407,NG-SCELL-000372,NG-SCELL-000371,NG-SCELL-000370,NG-SCELL-000405,NG-SCELL-000440,EXACT_DECIMAL_CENTER_COORDINATE_PLUS_DECLARED_SPACING,VALID
NG-SCELL-000407,NG-SCELL-000442,NG-SCELL-000443,NG-SCELL-000408,NG-SCELL-000373,NG-SCELL-000372,NG-SCELL-000371,NG-SCELL-000406,NG-SCELL-000441,EXACT_DECIMAL_CENTER_COORDINATE_PLUS_DECLARED_SPACING,VALID
NG-SCELL-000408,NG-SCELL-000443,NG-SCELL-000444,NG-SCELL-000409,NG-SCELL-000374,NG-SCELL-000373,NG-SCELL-000372,NG-SCELL-000407,NG-SCELL-000442,EXACT_DECIMAL_CENTER_COORDINATE_PLUS_DECLARED_SPACING,VALID
NG-SCELL-000409,NG-SCELL-000444,NG-SCELL-000445,NG-SCELL-000410,NG-SCELL-000375,NG-SCELL-000374,NG-SCELL-000373,NG-SCELL-000408,NG-SCELL-000443,EXACT_DECIMAL_CENTER_COORDINATE_PLUS_DECLARED_SPACING,VALID
NG-SCELL-000410,NG-SCELL-000445,NG-SCELL-000446,NG-SCELL-000411,NG-SCELL-000376,NG-SCELL-000375,NG-SCELL-000374,NG-SCELL-000409,NG-SCELL-000444,EXACT_DECIMAL_CENTER_COORDINATE_PLUS_DECLARED_SPACING,VALID
NG-SCELL-000411,NG-SCELL-000446,NG-SCELL-000447,NG-SCELL-000412,NG-SCELL-000377,NG-SCELL-000376,NG-SCELL-000375,NG-SCELL-000410,NG-SCELL-000445,EXACT_DECIMAL_CENTER_COORDINATE_PLUS_DECLARED_SPACING,VALID
NG-SCELL-000412,NG-SCELL-000447,NG-SCELL-000448,NG-SCELL-000413,NG-SCELL-000378,NG-SCELL-000377,NG-SCELL-000376,NG-SCELL-000411,NG-SCELL-000446,EXACT_DECIMAL_CENTER_COORDINATE_PLUS_DECLARED_SPACING,VALID
NG-SCELL-000413,NG-SCELL-000448,NG-SCELL-000449,NG-SCELL-000414,NG-SCELL-000379,NG-SCELL-000378,NG-SCELL-000377,NG-SCELL-000412,NG-SCELL-000447,EXACT_DECIMAL_CENTER_COORDINATE_PLUS_DECLARED_SPACING,VALID
NG-SCELL-000414,NG-SCELL-000449,NG-SCELL-000450,NG-SCELL-000415,NG-SCELL-000380,NG-SCELL-000379,NG-SCELL-000378,NG-SCELL-000413,NG-SCELL-000448,EXACT_DECIMAL_CENTER_COORDINATE_PLUS_DECLARED_SPACING,VALID
NG-SCELL-000415,NG-SCELL-000450,NG-SCELL-000451,NG-SCELL-000416,NG-SCELL-000381,NG-SCELL-000380,NG-SCELL-000379,NG-SCELL-000414,NG-SCELL-000449,EXACT_DECIMAL_CENTER_COORDINATE_PLUS_DECLARED_SPACING,VALID
NG-SCELL-000416,NG-SCELL-000451,NG-SCELL-000452,NG-SCELL-000417,NG-SCELL-000382,NG-SCELL-000381,NG-SCELL-000380,NG-SCELL-000415,NG-SCELL-000450,EXACT_DECIMAL_CENTER_COORDINATE_PLUS_DECLARED_SPACING,VALID
NG-SCELL-000417,NG-SCELL-000452,NG-SCELL-000453,NG-SCELL-000418,NG-SCELL-000383,NG-SCELL-000382,NG-SCELL-000381,NG-SCELL-000416,NG-SCELL-000451,EXACT_DECIMAL_CENTER_COORDINATE_PLUS_DECLARED_SPACING,VALID
NG-SCELL-000418,NG-SCELL-000453,NG-SCELL-000454,NG-SCELL-000419,NG-SCELL-000384,NG-SCELL-000383,NG-SCELL-000382,NG-SCELL-000417,NG-SCELL-000452,EXACT_DECIMAL_CENTER_COORDINATE_PLUS_DECLARED_SPACING,VALID
NG-SCELL-000419,NG-SCELL-000454,NG-SCELL-000455,NG-SCELL-000420,NG-SCELL-000385,NG-SCELL-000384,NG-SCELL-000383,NG-SCELL-000418,NG-SCELL-000453,EXACT_DECIMAL_CENTER_COORDINATE_PLUS_DECLARED_SPACING,VALID
NG-SCELL-000420,NG-SCELL-000455,NG-SCELL-000456,NG-SCELL-000421,NG-SCELL-000386,NG-SCELL-000385,NG-SCELL-000384,NG-SCELL-000419,NG-SCELL-000454,EXACT_DECIMAL_CENTER_COORDINATE_PLUS_DECLARED_SPACING,VALID
NG-SCELL-000421,NG-SCELL-000456,NG-SCELL-000457,NG-SCELL-000422,NG-SCELL-000387,NG-SCELL-000386,NG-SCELL-000385,NG-SCELL-000420,NG-SCELL-000455,EXACT_DECIMAL_CENTER_COORDINATE_PLUS_DECLARED_SPACING,VALID
NG-SCELL-000422,NG-SCELL-000457,NG-SCELL-000458,NG-SCELL-000423,NG-SCELL-000388,NG-SCELL-000387,NG-SCELL-000386,NG-SCELL-000421,NG-SCELL-000456,EXACT_DECIMAL_CENTER_COORDINATE_PLUS_DECLARED_SPACING,VALID
NG-SCELL-000423,NG-SCELL-000458,NG-SCELL-000459,NG-SCELL-000424,NG-SCELL-000389,NG-SCELL-000388,NG-SCELL-000387,NG-SCELL-000422,NG-SCELL-000457,EXACT_DECIMAL_CENTER_COORDINATE_PLUS_DECLARED_SPACING,VALID
NG-SCELL-000424,NG-SCELL-000459,NG-SCELL-000460,NG-SCELL-000425,NG-SCELL-000390,NG-SCELL-000389,NG-SCELL-000388,NG-SCELL-000423,NG-SCELL-000458,EXACT_DECIMAL_CENTER_COORDINATE_PLUS_DECLARED_SPACING,VALID
NG-SCELL-000425,NG-SCELL-000460,NG-SCELL-000461,NG-SCELL-000426,NG-SCELL-000391,NG-SCELL-000390,NG-SCELL-000389,NG-SCELL-000424,NG-SCELL-000459,EXACT_DECIMAL_CENTER_COORDINATE_PLUS_DECLARED_SPACING,VALID
NG-SCELL-000426,NG-SCELL-000461,NG-SCELL-000462,NG-SCELL-000427,NG-SCELL-000392,NG-SCELL-000391,NG-SCELL-000390,NG-SCELL-000425,NG-SCELL-000460,EXACT_DECIMAL_CENTER_COORDINATE_PLUS_DECLARED_SPACING,VALID
NG-SCELL-000427,NG-SCELL-000462,NG-SCELL-000463,NG-SCELL-000428,NG-SCELL-000393,NG-SCELL-000392,NG-SCELL-000391,NG-SCELL-000426,NG-SCELL-000461,EXACT_DECIMAL_CENTER_COORDINATE_PLUS_DECLARED_SPACING,VALID
NG-SCELL-000428,NG-SCELL-000463,NG-SCELL-000464,NG-SCELL-000429,NG-SCELL-000394,NG-SCELL-000393,NG-SCELL-000392,NG-SCELL-000427,NG-SCELL-000462,EXACT_DECIMAL_CENTER_COORDINATE_PLUS_DECLARED_SPACING,VALID
NG-SCELL-000429,NG-SCELL-000464,NG-SCELL-000465,NG-SCELL-000430,NG-SCELL-000395,NG-SCELL-000394,NG-SCELL-000393,NG-SCELL-000428,NG-SCELL-000463,EXACT_DECIMAL_CENTER_COORDINATE_PLUS_DECLARED_SPACING,VALID
NG-SCELL-000430,NG-SCELL-000465,NG-SCELL-000466,NG-SCELL-000431,NG-SCELL-000396,NG-SCELL-000395,NG-SCELL-000394,NG-SCELL-000429,NG-SCELL-000464,EXACT_DECIMAL_CENTER_COORDINATE_PLUS_DECLARED_SPACING,VALID
NG-SCELL-000431,NG-SCELL-000466,NG-SCELL-000467,NG-SCELL-000432,NG-SCELL-000397,NG-SCELL-000396,NG-SCELL-000395,NG-SCELL-000430,NG-SCELL-000465,EXACT_DECIMAL_CENTER_COORDINATE_PLUS_DECLARED_SPACING,VALID
NG-SCELL-000432,NG-SCELL-000467,NG-SCELL-000468,NG-SCELL-000433,NG-SCELL-000398,NG-SCELL-000397,NG-SCELL-000396,NG-SCELL-000431,NG-SCELL-000466,EXACT_DECIMAL_CENTER_COORDINATE_PLUS_DECLARED_SPACING,VALID
NG-SCELL-000433,NG-SCELL-000468,NG-SCELL-000469,NG-SCELL-000434,NG-SCELL-000399,NG-SCELL-000398,NG-SCELL-000397,NG-SCELL-000432,NG-SCELL-000467,EXACT_DECIMAL_CENTER_COORDINATE_PLUS_DECLARED_SPACING,VALID
NG-SCELL-000434,NG-SCELL-000469,NG-SCELL-000470,NG-SCELL-000435,NG-SCELL-000400,NG-SCELL-000399,NG-SCELL-000398,NG-SCELL-000433,NG-SCELL-000468,EXACT_DECIMAL_CENTER_COORDINATE_PLUS_DECLARED_SPACING,VALID
NG-SCELL-000435,NG-SCELL-000470,,,NG-SCELL-000401,NG-SCELL-000400,NG-SCELL-000399,NG-SCELL-000434,NG-SCELL-000469,EXACT_DECIMAL_CENTER_COORDINATE_PLUS_DECLARED_SPACING,VALID
NG-SCELL-000436,,,,,,,,,EXACT_DECIMAL_CENTER_COORDINATE_PLUS_DECLARED_SPACING,VALID
NG-SCELL-000437,NG-SCELL-000471,NG-SCELL-000472,NG-SCELL-000438,NG-SCELL-000403,NG-SCELL-000402,,,,EXACT_DECIMAL_CENTER_COORDINATE_PLUS_DECLARED_SPACING,VALID
NG-SCELL-000438,NG-SCELL-000472,NG-SCELL-000473,NG-SCELL-000439,NG-SCELL-000404,NG-SCELL-000403,NG-SCELL-000402,NG-SCELL-000437,NG-SCELL-000471,EXACT_DECIMAL_CENTER_COORDINATE_PLUS_DECLARED_SPACING,VALID
NG-SCELL-000439,NG-SCELL-000473,NG-SCELL-000474,NG-SCELL-000440,NG-SCELL-000405,NG-SCELL-000404,NG-SCELL-000403,NG-SCELL-000438,NG-SCELL-000472,EXACT_DECIMAL_CENTER_COORDINATE_PLUS_DECLARED_SPACING,VALID
NG-SCELL-000440,NG-SCELL-000474,NG-SCELL-000475,NG-SCELL-000441,NG-SCELL-000406,NG-SCELL-000405,NG-SCELL-000404,NG-SCELL-000439,NG-SCELL-000473,EXACT_DECIMAL_CENTER_COORDINATE_PLUS_DECLARED_SPACING,VALID
NG-SCELL-000441,NG-SCELL-000475,NG-SCELL-000476,NG-SCELL-000442,NG-SCELL-000407,NG-SCELL-000406,NG-SCELL-000405,NG-SCELL-000440,NG-SCELL-000474,EXACT_DECIMAL_CENTER_COORDINATE_PLUS_DECLARED_SPACING,VALID
NG-SCELL-000442,NG-SCELL-000476,NG-SCELL-000477,NG-SCELL-000443,NG-SCELL-000408,NG-SCELL-000407,NG-SCELL-000406,NG-SCELL-000441,NG-SCELL-000475,EXACT_DECIMAL_CENTER_COORDINATE_PLUS_DECLARED_SPACING,VALID
NG-SCELL-000443,NG-SCELL-000477,NG-SCELL-000478,NG-SCELL-000444,NG-SCELL-000409,NG-SCELL-000408,NG-SCELL-000407,NG-SCELL-000442,NG-SCELL-000476,EXACT_DECIMAL_CENTER_COORDINATE_PLUS_DECLARED_SPACING,VALID
NG-SCELL-000444,NG-SCELL-000478,NG-SCELL-000479,NG-SCELL-000445,NG-SCELL-000410,NG-SCELL-000409,NG-SCELL-000408,NG-SCELL-000443,NG-SCELL-000477,EXACT_DECIMAL_CENTER_COORDINATE_PLUS_DECLARED_SPACING,VALID
NG-SCELL-000445,NG-SCELL-000479,NG-SCELL-000480,NG-SCELL-000446,NG-SCELL-000411,NG-SCELL-000410,NG-SCELL-000409,NG-SCELL-000444,NG-SCELL-000478,EXACT_DECIMAL_CENTER_COORDINATE_PLUS_DECLARED_SPACING,VALID
NG-SCELL-000446,NG-SCELL-000480,NG-SCELL-000481,NG-SCELL-000447,NG-SCELL-000412,NG-SCELL-000411,NG-SCELL-000410,NG-SCELL-000445,NG-SCELL-000479,EXACT_DECIMAL_CENTER_COORDINATE_PLUS_DECLARED_SPACING,VALID
NG-SCELL-000447,NG-SCELL-000481,NG-SCELL-000482,NG-SCELL-000448,NG-SCELL-000413,NG-SCELL-000412,NG-SCELL-000411,NG-SCELL-000446,NG-SCELL-000480,EXACT_DECIMAL_CENTER_COORDINATE_PLUS_DECLARED_SPACING,VALID
NG-SCELL-000448,NG-SCELL-000482,NG-SCELL-000483,NG-SCELL-000449,NG-SCELL-000414,NG-SCELL-000413,NG-SCELL-000412,NG-SCELL-000447,NG-SCELL-000481,EXACT_DECIMAL_CENTER_COORDINATE_PLUS_DECLARED_SPACING,VALID
NG-SCELL-000449,NG-SCELL-000483,NG-SCELL-000484,NG-SCELL-000450,NG-SCELL-000415,NG-SCELL-000414,NG-SCELL-000413,NG-SCELL-000448,NG-SCELL-000482,EXACT_DECIMAL_CENTER_COORDINATE_PLUS_DECLARED_SPACING,VALID
NG-SCELL-000450,NG-SCELL-000484,NG-SCELL-000485,NG-SCELL-000451,NG-SCELL-000416,NG-SCELL-000415,NG-SCELL-000414,NG-SCELL-000449,NG-SCELL-000483,EXACT_DECIMAL_CENTER_COORDINATE_PLUS_DECLARED_SPACING,VALID
NG-SCELL-000451,NG-SCELL-000485,NG-SCELL-000486,NG-SCELL-000452,NG-SCELL-000417,NG-SCELL-000416,NG-SCELL-000415,NG-SCELL-000450,NG-SCELL-000484,EXACT_DECIMAL_CENTER_COORDINATE_PLUS_DECLARED_SPACING,VALID
NG-SCELL-000452,NG-SCELL-000486,NG-SCELL-000487,NG-SCELL-000453,NG-SCELL-000418,NG-SCELL-000417,NG-SCELL-000416,NG-SCELL-000451,NG-SCELL-000485,EXACT_DECIMAL_CENTER_COORDINATE_PLUS_DECLARED_SPACING,VALID
NG-SCELL-000453,NG-SCELL-000487,NG-SCELL-000488,NG-SCELL-000454,NG-SCELL-000419,NG-SCELL-000418,NG-SCELL-000417,NG-SCELL-000452,NG-SCELL-000486,EXACT_DECIMAL_CENTER_COORDINATE_PLUS_DECLARED_SPACING,VALID
NG-SCELL-000454,NG-SCELL-000488,NG-SCELL-000489,NG-SCELL-000455,NG-SCELL-000420,NG-SCELL-000419,NG-SCELL-000418,NG-SCELL-000453,NG-SCELL-000487,EXACT_DECIMAL_CENTER_COORDINATE_PLUS_DECLARED_SPACING,VALID
NG-SCELL-000455,NG-SCELL-000489,NG-SCELL-000490,NG-SCELL-000456,NG-SCELL-000421,NG-SCELL-000420,NG-SCELL-000419,NG-SCELL-000454,NG-SCELL-000488,EXACT_DECIMAL_CENTER_COORDINATE_PLUS_DECLARED_SPACING,VALID
NG-SCELL-000456,NG-SCELL-000490,NG-SCELL-000491,NG-SCELL-000457,NG-SCELL-000422,NG-SCELL-000421,NG-SCELL-000420,NG-SCELL-000455,NG-SCELL-000489,EXACT_DECIMAL_CENTER_COORDINATE_PLUS_DECLARED_SPACING,VALID
NG-SCELL-000457,NG-SCELL-000491,NG-SCELL-000492,NG-SCELL-000458,NG-SCELL-000423,NG-SCELL-000422,NG-SCELL-000421,NG-SCELL-000456,NG-SCELL-000490,EXACT_DECIMAL_CENTER_COORDINATE_PLUS_DECLARED_SPACING,VALID
NG-SCELL-000458,NG-SCELL-000492,NG-SCELL-000493,NG-SCELL-000459,NG-SCELL-000424,NG-SCELL-000423,NG-SCELL-000422,NG-SCELL-000457,NG-SCELL-000491,EXACT_DECIMAL_CENTER_COORDINATE_PLUS_DECLARED_SPACING,VALID
NG-SCELL-000459,NG-SCELL-000493,NG-SCELL-000494,NG-SCELL-000460,NG-SCELL-000425,NG-SCELL-000424,NG-SCELL-000423,NG-SCELL-000458,NG-SCELL-000492,EXACT_DECIMAL_CENTER_COORDINATE_PLUS_DECLARED_SPACING,VALID
NG-SCELL-000460,NG-SCELL-000494,NG-SCELL-000495,NG-SCELL-000461,NG-SCELL-000426,NG-SCELL-000425,NG-SCELL-000424,NG-SCELL-000459,NG-SCELL-000493,EXACT_DECIMAL_CENTER_COORDINATE_PLUS_DECLARED_SPACING,VALID
NG-SCELL-000461,NG-SCELL-000495,NG-SCELL-000496,NG-SCELL-000462,NG-SCELL-000427,NG-SCELL-000426,NG-SCELL-000425,NG-SCELL-000460,NG-SCELL-000494,EXACT_DECIMAL_CENTER_COORDINATE_PLUS_DECLARED_SPACING,VALID
NG-SCELL-000462,NG-SCELL-000496,NG-SCELL-000497,NG-SCELL-000463,NG-SCELL-000428,NG-SCELL-000427,NG-SCELL-000426,NG-SCELL-000461,NG-SCELL-000495,EXACT_DECIMAL_CENTER_COORDINATE_PLUS_DECLARED_SPACING,VALID
NG-SCELL-000463,NG-SCELL-000497,NG-SCELL-000498,NG-SCELL-000464,NG-SCELL-000429,NG-SCELL-000428,NG-SCELL-000427,NG-SCELL-000462,NG-SCELL-000496,EXACT_DECIMAL_CENTER_COORDINATE_PLUS_DECLARED_SPACING,VALID
NG-SCELL-000464,NG-SCELL-000498,NG-SCELL-000499,NG-SCELL-000465,NG-SCELL-000430,NG-SCELL-000429,NG-SCELL-000428,NG-SCELL-000463,NG-SCELL-000497,EXACT_DECIMAL_CENTER_COORDINATE_PLUS_DECLARED_SPACING,VALID
NG-SCELL-000465,NG-SCELL-000499,NG-SCELL-000500,NG-SCELL-000466,NG-SCELL-000431,NG-SCELL-000430,NG-SCELL-000429,NG-SCELL-000464,NG-SCELL-000498,EXACT_DECIMAL_CENTER_COORDINATE_PLUS_DECLARED_SPACING,VALID
NG-SCELL-000466,NG-SCELL-000500,NG-SCELL-000501,NG-SCELL-000467,NG-SCELL-000432,NG-SCELL-000431,NG-SCELL-000430,NG-SCELL-000465,NG-SCELL-000499,EXACT_DECIMAL_CENTER_COORDINATE_PLUS_DECLARED_SPACING,VALID
NG-SCELL-000467,NG-SCELL-000501,NG-SCELL-000502,NG-SCELL-000468,NG-SCELL-000433,NG-SCELL-000432,NG-SCELL-000431,NG-SCELL-000466,NG-SCELL-000500,EXACT_DECIMAL_CENTER_COORDINATE_PLUS_DECLARED_SPACING,VALID
NG-SCELL-000468,NG-SCELL-000502,NG-SCELL-000503,NG-SCELL-000469,NG-SCELL-000434,NG-SCELL-000433,NG-SCELL-000432,NG-SCELL-000467,NG-SCELL-000501,EXACT_DECIMAL_CENTER_COORDINATE_PLUS_DECLARED_SPACING,VALID
NG-SCELL-000469,NG-SCELL-000503,NG-SCELL-000504,NG-SCELL-000470,NG-SCELL-000435,NG-SCELL-000434,NG-SCELL-000433,NG-SCELL-000468,NG-SCELL-000502,EXACT_DECIMAL_CENTER_COORDINATE_PLUS_DECLARED_SPACING,VALID
NG-SCELL-000470,NG-SCELL-000504,NG-SCELL-000505,,,NG-SCELL-000435,NG-SCELL-000434,NG-SCELL-000469,NG-SCELL-000503,EXACT_DECIMAL_CENTER_COORDINATE_PLUS_DECLARED_SPACING,VALID
NG-SCELL-000471,NG-SCELL-000506,NG-SCELL-000507,NG-SCELL-000472,NG-SCELL-000438,NG-SCELL-000437,,,,EXACT_DECIMAL_CENTER_COORDINATE_PLUS_DECLARED_SPACING,VALID
NG-SCELL-000472,NG-SCELL-000507,NG-SCELL-000508,NG-SCELL-000473,NG-SCELL-000439,NG-SCELL-000438,NG-SCELL-000437,NG-SCELL-000471,NG-SCELL-000506,EXACT_DECIMAL_CENTER_COORDINATE_PLUS_DECLARED_SPACING,VALID
NG-SCELL-000473,NG-SCELL-000508,NG-SCELL-000509,NG-SCELL-000474,NG-SCELL-000440,NG-SCELL-000439,NG-SCELL-000438,NG-SCELL-000472,NG-SCELL-000507,EXACT_DECIMAL_CENTER_COORDINATE_PLUS_DECLARED_SPACING,VALID
NG-SCELL-000474,NG-SCELL-000509,NG-SCELL-000510,NG-SCELL-000475,NG-SCELL-000441,NG-SCELL-000440,NG-SCELL-000439,NG-SCELL-000473,NG-SCELL-000508,EXACT_DECIMAL_CENTER_COORDINATE_PLUS_DECLARED_SPACING,VALID
NG-SCELL-000475,NG-SCELL-000510,NG-SCELL-000511,NG-SCELL-000476,NG-SCELL-000442,NG-SCELL-000441,NG-SCELL-000440,NG-SCELL-000474,NG-SCELL-000509,EXACT_DECIMAL_CENTER_COORDINATE_PLUS_DECLARED_SPACING,VALID
NG-SCELL-000476,NG-SCELL-000511,NG-SCELL-000512,NG-SCELL-000477,NG-SCELL-000443,NG-SCELL-000442,NG-SCELL-000441,NG-SCELL-000475,NG-SCELL-000510,EXACT_DECIMAL_CENTER_COORDINATE_PLUS_DECLARED_SPACING,VALID
NG-SCELL-000477,NG-SCELL-000512,NG-SCELL-000513,NG-SCELL-000478,NG-SCELL-000444,NG-SCELL-000443,NG-SCELL-000442,NG-SCELL-000476,NG-SCELL-000511,EXACT_DECIMAL_CENTER_COORDINATE_PLUS_DECLARED_SPACING,VALID
NG-SCELL-000478,NG-SCELL-000513,NG-SCELL-000514,NG-SCELL-000479,NG-SCELL-000445,NG-SCELL-000444,NG-SCELL-000443,NG-SCELL-000477,NG-SCELL-000512,EXACT_DECIMAL_CENTER_COORDINATE_PLUS_DECLARED_SPACING,VALID
NG-SCELL-000479,NG-SCELL-000514,NG-SCELL-000515,NG-SCELL-000480,NG-SCELL-000446,NG-SCELL-000445,NG-SCELL-000444,NG-SCELL-000478,NG-SCELL-000513,EXACT_DECIMAL_CENTER_COORDINATE_PLUS_DECLARED_SPACING,VALID
NG-SCELL-000480,NG-SCELL-000515,NG-SCELL-000516,NG-SCELL-000481,NG-SCELL-000447,NG-SCELL-000446,NG-SCELL-000445,NG-SCELL-000479,NG-SCELL-000514,EXACT_DECIMAL_CENTER_COORDINATE_PLUS_DECLARED_SPACING,VALID
NG-SCELL-000481,NG-SCELL-000516,NG-SCELL-000517,NG-SCELL-000482,NG-SCELL-000448,NG-SCELL-000447,NG-SCELL-000446,NG-SCELL-000480,NG-SCELL-000515,EXACT_DECIMAL_CENTER_COORDINATE_PLUS_DECLARED_SPACING,VALID
NG-SCELL-000482,NG-SCELL-000517,NG-SCELL-000518,NG-SCELL-000483,NG-SCELL-000449,NG-SCELL-000448,NG-SCELL-000447,NG-SCELL-000481,NG-SCELL-000516,EXACT_DECIMAL_CENTER_COORDINATE_PLUS_DECLARED_SPACING,VALID
NG-SCELL-000483,NG-SCELL-000518,NG-SCELL-000519,NG-SCELL-000484,NG-SCELL-000450,NG-SCELL-000449,NG-SCELL-000448,NG-SCELL-000482,NG-SCELL-000517,EXACT_DECIMAL_CENTER_COORDINATE_PLUS_DECLARED_SPACING,VALID
NG-SCELL-000484,NG-SCELL-000519,NG-SCELL-000520,NG-SCELL-000485,NG-SCELL-000451,NG-SCELL-000450,NG-SCELL-000449,NG-SCELL-000483,NG-SCELL-000518,EXACT_DECIMAL_CENTER_COORDINATE_PLUS_DECLARED_SPACING,VALID
NG-SCELL-000485,NG-SCELL-000520,NG-SCELL-000521,NG-SCELL-000486,NG-SCELL-000452,NG-SCELL-000451,NG-SCELL-000450,NG-SCELL-000484,NG-SCELL-000519,EXACT_DECIMAL_CENTER_COORDINATE_PLUS_DECLARED_SPACING,VALID
NG-SCELL-000486,NG-SCELL-000521,NG-SCELL-000522,NG-SCELL-000487,NG-SCELL-000453,NG-SCELL-000452,NG-SCELL-000451,NG-SCELL-000485,NG-SCELL-000520,EXACT_DECIMAL_CENTER_COORDINATE_PLUS_DECLARED_SPACING,VALID
NG-SCELL-000487,NG-SCELL-000522,NG-SCELL-000523,NG-SCELL-000488,NG-SCELL-000454,NG-SCELL-000453,NG-SCELL-000452,NG-SCELL-000486,NG-SCELL-000521,EXACT_DECIMAL_CENTER_COORDINATE_PLUS_DECLARED_SPACING,VALID
NG-SCELL-000488,NG-SCELL-000523,NG-SCELL-000524,NG-SCELL-000489,NG-SCELL-000455,NG-SCELL-000454,NG-SCELL-000453,NG-SCELL-000487,NG-SCELL-000522,EXACT_DECIMAL_CENTER_COORDINATE_PLUS_DECLARED_SPACING,VALID
NG-SCELL-000489,NG-SCELL-000524,NG-SCELL-000525,NG-SCELL-000490,NG-SCELL-000456,NG-SCELL-000455,NG-SCELL-000454,NG-SCELL-000488,NG-SCELL-000523,EXACT_DECIMAL_CENTER_COORDINATE_PLUS_DECLARED_SPACING,VALID
NG-SCELL-000490,NG-SCELL-000525,NG-SCELL-000526,NG-SCELL-000491,NG-SCELL-000457,NG-SCELL-000456,NG-SCELL-000455,NG-SCELL-000489,NG-SCELL-000524,EXACT_DECIMAL_CENTER_COORDINATE_PLUS_DECLARED_SPACING,VALID
NG-SCELL-000491,NG-SCELL-000526,NG-SCELL-000527,NG-SCELL-000492,NG-SCELL-000458,NG-SCELL-000457,NG-SCELL-000456,NG-SCELL-000490,NG-SCELL-000525,EXACT_DECIMAL_CENTER_COORDINATE_PLUS_DECLARED_SPACING,VALID
NG-SCELL-000492,NG-SCELL-000527,NG-SCELL-000528,NG-SCELL-000493,NG-SCELL-000459,NG-SCELL-000458,NG-SCELL-000457,NG-SCELL-000491,NG-SCELL-000526,EXACT_DECIMAL_CENTER_COORDINATE_PLUS_DECLARED_SPACING,VALID
NG-SCELL-000493,NG-SCELL-000528,NG-SCELL-000529,NG-SCELL-000494,NG-SCELL-000460,NG-SCELL-000459,NG-SCELL-000458,NG-SCELL-000492,NG-SCELL-000527,EXACT_DECIMAL_CENTER_COORDINATE_PLUS_DECLARED_SPACING,VALID
NG-SCELL-000494,NG-SCELL-000529,NG-SCELL-000530,NG-SCELL-000495,NG-SCELL-000461,NG-SCELL-000460,NG-SCELL-000459,NG-SCELL-000493,NG-SCELL-000528,EXACT_DECIMAL_CENTER_COORDINATE_PLUS_DECLARED_SPACING,VALID
NG-SCELL-000495,NG-SCELL-000530,NG-SCELL-000531,NG-SCELL-000496,NG-SCELL-000462,NG-SCELL-000461,NG-SCELL-000460,NG-SCELL-000494,NG-SCELL-000529,EXACT_DECIMAL_CENTER_COORDINATE_PLUS_DECLARED_SPACING,VALID
NG-SCELL-000496,NG-SCELL-000531,NG-SCELL-000532,NG-SCELL-000497,NG-SCELL-000463,NG-SCELL-000462,NG-SCELL-000461,NG-SCELL-000495,NG-SCELL-000530,EXACT_DECIMAL_CENTER_COORDINATE_PLUS_DECLARED_SPACING,VALID
NG-SCELL-000497,NG-SCELL-000532,NG-SCELL-000533,NG-SCELL-000498,NG-SCELL-000464,NG-SCELL-000463,NG-SCELL-000462,NG-SCELL-000496,NG-SCELL-000531,EXACT_DECIMAL_CENTER_COORDINATE_PLUS_DECLARED_SPACING,VALID
NG-SCELL-000498,NG-SCELL-000533,NG-SCELL-000534,NG-SCELL-000499,NG-SCELL-000465,NG-SCELL-000464,NG-SCELL-000463,NG-SCELL-000497,NG-SCELL-000532,EXACT_DECIMAL_CENTER_COORDINATE_PLUS_DECLARED_SPACING,VALID
NG-SCELL-000499,NG-SCELL-000534,NG-SCELL-000535,NG-SCELL-000500,NG-SCELL-000466,NG-SCELL-000465,NG-SCELL-000464,NG-SCELL-000498,NG-SCELL-000533,EXACT_DECIMAL_CENTER_COORDINATE_PLUS_DECLARED_SPACING,VALID
NG-SCELL-000500,NG-SCELL-000535,NG-SCELL-000536,NG-SCELL-000501,NG-SCELL-000467,NG-SCELL-000466,NG-SCELL-000465,NG-SCELL-000499,NG-SCELL-000534,EXACT_DECIMAL_CENTER_COORDINATE_PLUS_DECLARED_SPACING,VALID
NG-SCELL-000501,NG-SCELL-000536,NG-SCELL-000537,NG-SCELL-000502,NG-SCELL-000468,NG-SCELL-000467,NG-SCELL-000466,NG-SCELL-000500,NG-SCELL-000535,EXACT_DECIMAL_CENTER_COORDINATE_PLUS_DECLARED_SPACING,VALID
NG-SCELL-000502,NG-SCELL-000537,NG-SCELL-000538,NG-SCELL-000503,NG-SCELL-000469,NG-SCELL-000468,NG-SCELL-000467,NG-SCELL-000501,NG-SCELL-000536,EXACT_DECIMAL_CENTER_COORDINATE_PLUS_DECLARED_SPACING,VALID
NG-SCELL-000503,NG-SCELL-000538,NG-SCELL-000539,NG-SCELL-000504,NG-SCELL-000470,NG-SCELL-000469,NG-SCELL-000468,NG-SCELL-000502,NG-SCELL-000537,EXACT_DECIMAL_CENTER_COORDINATE_PLUS_DECLARED_SPACING,VALID
NG-SCELL-000504,NG-SCELL-000539,NG-SCELL-000540,NG-SCELL-000505,,NG-SCELL-000470,NG-SCELL-000469,NG-SCELL-000503,NG-SCELL-000538,EXACT_DECIMAL_CENTER_COORDINATE_PLUS_DECLARED_SPACING,VALID
NG-SCELL-000505,NG-SCELL-000540,,,,,NG-SCELL-000470,NG-SCELL-000504,NG-SCELL-000539,EXACT_DECIMAL_CENTER_COORDINATE_PLUS_DECLARED_SPACING,VALID
NG-SCELL-000506,NG-SCELL-000541,NG-SCELL-000542,NG-SCELL-000507,NG-SCELL-000472,NG-SCELL-000471,,,,EXACT_DECIMAL_CENTER_COORDINATE_PLUS_DECLARED_SPACING,VALID
NG-SCELL-000507,NG-SCELL-000542,NG-SCELL-000543,NG-SCELL-000508,NG-SCELL-000473,NG-SCELL-000472,NG-SCELL-000471,NG-SCELL-000506,NG-SCELL-000541,EXACT_DECIMAL_CENTER_COORDINATE_PLUS_DECLARED_SPACING,VALID
NG-SCELL-000508,NG-SCELL-000543,NG-SCELL-000544,NG-SCELL-000509,NG-SCELL-000474,NG-SCELL-000473,NG-SCELL-000472,NG-SCELL-000507,NG-SCELL-000542,EXACT_DECIMAL_CENTER_COORDINATE_PLUS_DECLARED_SPACING,VALID
NG-SCELL-000509,NG-SCELL-000544,NG-SCELL-000545,NG-SCELL-000510,NG-SCELL-000475,NG-SCELL-000474,NG-SCELL-000473,NG-SCELL-000508,NG-SCELL-000543,EXACT_DECIMAL_CENTER_COORDINATE_PLUS_DECLARED_SPACING,VALID
NG-SCELL-000510,NG-SCELL-000545,NG-SCELL-000546,NG-SCELL-000511,NG-SCELL-000476,NG-SCELL-000475,NG-SCELL-000474,NG-SCELL-000509,NG-SCELL-000544,EXACT_DECIMAL_CENTER_COORDINATE_PLUS_DECLARED_SPACING,VALID
NG-SCELL-000511,NG-SCELL-000546,NG-SCELL-000547,NG-SCELL-000512,NG-SCELL-000477,NG-SCELL-000476,NG-SCELL-000475,NG-SCELL-000510,NG-SCELL-000545,EXACT_DECIMAL_CENTER_COORDINATE_PLUS_DECLARED_SPACING,VALID
NG-SCELL-000512,NG-SCELL-000547,NG-SCELL-000548,NG-SCELL-000513,NG-SCELL-000478,NG-SCELL-000477,NG-SCELL-000476,NG-SCELL-000511,NG-SCELL-000546,EXACT_DECIMAL_CENTER_COORDINATE_PLUS_DECLARED_SPACING,VALID
NG-SCELL-000513,NG-SCELL-000548,NG-SCELL-000549,NG-SCELL-000514,NG-SCELL-000479,NG-SCELL-000478,NG-SCELL-000477,NG-SCELL-000512,NG-SCELL-000547,EXACT_DECIMAL_CENTER_COORDINATE_PLUS_DECLARED_SPACING,VALID
NG-SCELL-000514,NG-SCELL-000549,NG-SCELL-000550,NG-SCELL-000515,NG-SCELL-000480,NG-SCELL-000479,NG-SCELL-000478,NG-SCELL-000513,NG-SCELL-000548,EXACT_DECIMAL_CENTER_COORDINATE_PLUS_DECLARED_SPACING,VALID
NG-SCELL-000515,NG-SCELL-000550,NG-SCELL-000551,NG-SCELL-000516,NG-SCELL-000481,NG-SCELL-000480,NG-SCELL-000479,NG-SCELL-000514,NG-SCELL-000549,EXACT_DECIMAL_CENTER_COORDINATE_PLUS_DECLARED_SPACING,VALID
NG-SCELL-000516,NG-SCELL-000551,NG-SCELL-000552,NG-SCELL-000517,NG-SCELL-000482,NG-SCELL-000481,NG-SCELL-000480,NG-SCELL-000515,NG-SCELL-000550,EXACT_DECIMAL_CENTER_COORDINATE_PLUS_DECLARED_SPACING,VALID
NG-SCELL-000517,NG-SCELL-000552,NG-SCELL-000553,NG-SCELL-000518,NG-SCELL-000483,NG-SCELL-000482,NG-SCELL-000481,NG-SCELL-000516,NG-SCELL-000551,EXACT_DECIMAL_CENTER_COORDINATE_PLUS_DECLARED_SPACING,VALID
NG-SCELL-000518,NG-SCELL-000553,NG-SCELL-000554,NG-SCELL-000519,NG-SCELL-000484,NG-SCELL-000483,NG-SCELL-000482,NG-SCELL-000517,NG-SCELL-000552,EXACT_DECIMAL_CENTER_COORDINATE_PLUS_DECLARED_SPACING,VALID
NG-SCELL-000519,NG-SCELL-000554,NG-SCELL-000555,NG-SCELL-000520,NG-SCELL-000485,NG-SCELL-000484,NG-SCELL-000483,NG-SCELL-000518,NG-SCELL-000553,EXACT_DECIMAL_CENTER_COORDINATE_PLUS_DECLARED_SPACING,VALID
NG-SCELL-000520,NG-SCELL-000555,NG-SCELL-000556,NG-SCELL-000521,NG-SCELL-000486,NG-SCELL-000485,NG-SCELL-000484,NG-SCELL-000519,NG-SCELL-000554,EXACT_DECIMAL_CENTER_COORDINATE_PLUS_DECLARED_SPACING,VALID
NG-SCELL-000521,NG-SCELL-000556,NG-SCELL-000557,NG-SCELL-000522,NG-SCELL-000487,NG-SCELL-000486,NG-SCELL-000485,NG-SCELL-000520,NG-SCELL-000555,EXACT_DECIMAL_CENTER_COORDINATE_PLUS_DECLARED_SPACING,VALID
NG-SCELL-000522,NG-SCELL-000557,NG-SCELL-000558,NG-SCELL-000523,NG-SCELL-000488,NG-SCELL-000487,NG-SCELL-000486,NG-SCELL-000521,NG-SCELL-000556,EXACT_DECIMAL_CENTER_COORDINATE_PLUS_DECLARED_SPACING,VALID
NG-SCELL-000523,NG-SCELL-000558,NG-SCELL-000559,NG-SCELL-000524,NG-SCELL-000489,NG-SCELL-000488,NG-SCELL-000487,NG-SCELL-000522,NG-SCELL-000557,EXACT_DECIMAL_CENTER_COORDINATE_PLUS_DECLARED_SPACING,VALID
NG-SCELL-000524,NG-SCELL-000559,NG-SCELL-000560,NG-SCELL-000525,NG-SCELL-000490,NG-SCELL-000489,NG-SCELL-000488,NG-SCELL-000523,NG-SCELL-000558,EXACT_DECIMAL_CENTER_COORDINATE_PLUS_DECLARED_SPACING,VALID
NG-SCELL-000525,NG-SCELL-000560,NG-SCELL-000561,NG-SCELL-000526,NG-SCELL-000491,NG-SCELL-000490,NG-SCELL-000489,NG-SCELL-000524,NG-SCELL-000559,EXACT_DECIMAL_CENTER_COORDINATE_PLUS_DECLARED_SPACING,VALID
NG-SCELL-000526,NG-SCELL-000561,NG-SCELL-000562,NG-SCELL-000527,NG-SCELL-000492,NG-SCELL-000491,NG-SCELL-000490,NG-SCELL-000525,NG-SCELL-000560,EXACT_DECIMAL_CENTER_COORDINATE_PLUS_DECLARED_SPACING,VALID
NG-SCELL-000527,NG-SCELL-000562,NG-SCELL-000563,NG-SCELL-000528,NG-SCELL-000493,NG-SCELL-000492,NG-SCELL-000491,NG-SCELL-000526,NG-SCELL-000561,EXACT_DECIMAL_CENTER_COORDINATE_PLUS_DECLARED_SPACING,VALID
NG-SCELL-000528,NG-SCELL-000563,NG-SCELL-000564,NG-SCELL-000529,NG-SCELL-000494,NG-SCELL-000493,NG-SCELL-000492,NG-SCELL-000527,NG-SCELL-000562,EXACT_DECIMAL_CENTER_COORDINATE_PLUS_DECLARED_SPACING,VALID
NG-SCELL-000529,NG-SCELL-000564,NG-SCELL-000565,NG-SCELL-000530,NG-SCELL-000495,NG-SCELL-000494,NG-SCELL-000493,NG-SCELL-000528,NG-SCELL-000563,EXACT_DECIMAL_CENTER_COORDINATE_PLUS_DECLARED_SPACING,VALID
NG-SCELL-000530,NG-SCELL-000565,NG-SCELL-000566,NG-SCELL-000531,NG-SCELL-000496,NG-SCELL-000495,NG-SCELL-000494,NG-SCELL-000529,NG-SCELL-000564,EXACT_DECIMAL_CENTER_COORDINATE_PLUS_DECLARED_SPACING,VALID
NG-SCELL-000531,NG-SCELL-000566,NG-SCELL-000567,NG-SCELL-000532,NG-SCELL-000497,NG-SCELL-000496,NG-SCELL-000495,NG-SCELL-000530,NG-SCELL-000565,EXACT_DECIMAL_CENTER_COORDINATE_PLUS_DECLARED_SPACING,VALID
NG-SCELL-000532,NG-SCELL-000567,NG-SCELL-000568,NG-SCELL-000533,NG-SCELL-000498,NG-SCELL-000497,NG-SCELL-000496,NG-SCELL-000531,NG-SCELL-000566,EXACT_DECIMAL_CENTER_COORDINATE_PLUS_DECLARED_SPACING,VALID
NG-SCELL-000533,NG-SCELL-000568,NG-SCELL-000569,NG-SCELL-000534,NG-SCELL-000499,NG-SCELL-000498,NG-SCELL-000497,NG-SCELL-000532,NG-SCELL-000567,EXACT_DECIMAL_CENTER_COORDINATE_PLUS_DECLARED_SPACING,VALID
NG-SCELL-000534,NG-SCELL-000569,NG-SCELL-000570,NG-SCELL-000535,NG-SCELL-000500,NG-SCELL-000499,NG-SCELL-000498,NG-SCELL-000533,NG-SCELL-000568,EXACT_DECIMAL_CENTER_COORDINATE_PLUS_DECLARED_SPACING,VALID
NG-SCELL-000535,NG-SCELL-000570,NG-SCELL-000571,NG-SCELL-000536,NG-SCELL-000501,NG-SCELL-000500,NG-SCELL-000499,NG-SCELL-000534,NG-SCELL-000569,EXACT_DECIMAL_CENTER_COORDINATE_PLUS_DECLARED_SPACING,VALID
NG-SCELL-000536,NG-SCELL-000571,NG-SCELL-000572,NG-SCELL-000537,NG-SCELL-000502,NG-SCELL-000501,NG-SCELL-000500,NG-SCELL-000535,NG-SCELL-000570,EXACT_DECIMAL_CENTER_COORDINATE_PLUS_DECLARED_SPACING,VALID
NG-SCELL-000537,NG-SCELL-000572,NG-SCELL-000573,NG-SCELL-000538,NG-SCELL-000503,NG-SCELL-000502,NG-SCELL-000501,NG-SCELL-000536,NG-SCELL-000571,EXACT_DECIMAL_CENTER_COORDINATE_PLUS_DECLARED_SPACING,VALID
NG-SCELL-000538,NG-SCELL-000573,NG-SCELL-000574,NG-SCELL-000539,NG-SCELL-000504,NG-SCELL-000503,NG-SCELL-000502,NG-SCELL-000537,NG-SCELL-000572,EXACT_DECIMAL_CENTER_COORDINATE_PLUS_DECLARED_SPACING,VALID
NG-SCELL-000539,NG-SCELL-000574,NG-SCELL-000575,NG-SCELL-000540,NG-SCELL-000505,NG-SCELL-000504,NG-SCELL-000503,NG-SCELL-000538,NG-SCELL-000573,EXACT_DECIMAL_CENTER_COORDINATE_PLUS_DECLARED_SPACING,VALID
NG-SCELL-000540,NG-SCELL-000575,NG-SCELL-000576,,,NG-SCELL-000505,NG-SCELL-000504,NG-SCELL-000539,NG-SCELL-000574,EXACT_DECIMAL_CENTER_COORDINATE_PLUS_DECLARED_SPACING,VALID
NG-SCELL-000541,NG-SCELL-000577,NG-SCELL-000578,NG-SCELL-000542,NG-SCELL-000507,NG-SCELL-000506,,,,EXACT_DECIMAL_CENTER_COORDINATE_PLUS_DECLARED_SPACING,VALID
NG-SCELL-000542,NG-SCELL-000578,NG-SCELL-000579,NG-SCELL-000543,NG-SCELL-000508,NG-SCELL-000507,NG-SCELL-000506,NG-SCELL-000541,NG-SCELL-000577,EXACT_DECIMAL_CENTER_COORDINATE_PLUS_DECLARED_SPACING,VALID
NG-SCELL-000543,NG-SCELL-000579,NG-SCELL-000580,NG-SCELL-000544,NG-SCELL-000509,NG-SCELL-000508,NG-SCELL-000507,NG-SCELL-000542,NG-SCELL-000578,EXACT_DECIMAL_CENTER_COORDINATE_PLUS_DECLARED_SPACING,VALID
NG-SCELL-000544,NG-SCELL-000580,NG-SCELL-000581,NG-SCELL-000545,NG-SCELL-000510,NG-SCELL-000509,NG-SCELL-000508,NG-SCELL-000543,NG-SCELL-000579,EXACT_DECIMAL_CENTER_COORDINATE_PLUS_DECLARED_SPACING,VALID
NG-SCELL-000545,NG-SCELL-000581,NG-SCELL-000582,NG-SCELL-000546,NG-SCELL-000511,NG-SCELL-000510,NG-SCELL-000509,NG-SCELL-000544,NG-SCELL-000580,EXACT_DECIMAL_CENTER_COORDINATE_PLUS_DECLARED_SPACING,VALID
NG-SCELL-000546,NG-SCELL-000582,NG-SCELL-000583,NG-SCELL-000547,NG-SCELL-000512,NG-SCELL-000511,NG-SCELL-000510,NG-SCELL-000545,NG-SCELL-000581,EXACT_DECIMAL_CENTER_COORDINATE_PLUS_DECLARED_SPACING,VALID
NG-SCELL-000547,NG-SCELL-000583,NG-SCELL-000584,NG-SCELL-000548,NG-SCELL-000513,NG-SCELL-000512,NG-SCELL-000511,NG-SCELL-000546,NG-SCELL-000582,EXACT_DECIMAL_CENTER_COORDINATE_PLUS_DECLARED_SPACING,VALID
NG-SCELL-000548,NG-SCELL-000584,NG-SCELL-000585,NG-SCELL-000549,NG-SCELL-000514,NG-SCELL-000513,NG-SCELL-000512,NG-SCELL-000547,NG-SCELL-000583,EXACT_DECIMAL_CENTER_COORDINATE_PLUS_DECLARED_SPACING,VALID
NG-SCELL-000549,NG-SCELL-000585,NG-SCELL-000586,NG-SCELL-000550,NG-SCELL-000515,NG-SCELL-000514,NG-SCELL-000513,NG-SCELL-000548,NG-SCELL-000584,EXACT_DECIMAL_CENTER_COORDINATE_PLUS_DECLARED_SPACING,VALID
NG-SCELL-000550,NG-SCELL-000586,NG-SCELL-000587,NG-SCELL-000551,NG-SCELL-000516,NG-SCELL-000515,NG-SCELL-000514,NG-SCELL-000549,NG-SCELL-000585,EXACT_DECIMAL_CENTER_COORDINATE_PLUS_DECLARED_SPACING,VALID
NG-SCELL-000551,NG-SCELL-000587,NG-SCELL-000588,NG-SCELL-000552,NG-SCELL-000517,NG-SCELL-000516,NG-SCELL-000515,NG-SCELL-000550,NG-SCELL-000586,EXACT_DECIMAL_CENTER_COORDINATE_PLUS_DECLARED_SPACING,VALID
NG-SCELL-000552,NG-SCELL-000588,NG-SCELL-000589,NG-SCELL-000553,NG-SCELL-000518,NG-SCELL-000517,NG-SCELL-000516,NG-SCELL-000551,NG-SCELL-000587,EXACT_DECIMAL_CENTER_COORDINATE_PLUS_DECLARED_SPACING,VALID
NG-SCELL-000553,NG-SCELL-000589,NG-SCELL-000590,NG-SCELL-000554,NG-SCELL-000519,NG-SCELL-000518,NG-SCELL-000517,NG-SCELL-000552,NG-SCELL-000588,EXACT_DECIMAL_CENTER_COORDINATE_PLUS_DECLARED_SPACING,VALID
NG-SCELL-000554,NG-SCELL-000590,NG-SCELL-000591,NG-SCELL-000555,NG-SCELL-000520,NG-SCELL-000519,NG-SCELL-000518,NG-SCELL-000553,NG-SCELL-000589,EXACT_DECIMAL_CENTER_COORDINATE_PLUS_DECLARED_SPACING,VALID
NG-SCELL-000555,NG-SCELL-000591,NG-SCELL-000592,NG-SCELL-000556,NG-SCELL-000521,NG-SCELL-000520,NG-SCELL-000519,NG-SCELL-000554,NG-SCELL-000590,EXACT_DECIMAL_CENTER_COORDINATE_PLUS_DECLARED_SPACING,VALID
NG-SCELL-000556,NG-SCELL-000592,NG-SCELL-000593,NG-SCELL-000557,NG-SCELL-000522,NG-SCELL-000521,NG-SCELL-000520,NG-SCELL-000555,NG-SCELL-000591,EXACT_DECIMAL_CENTER_COORDINATE_PLUS_DECLARED_SPACING,VALID
NG-SCELL-000557,NG-SCELL-000593,NG-SCELL-000594,NG-SCELL-000558,NG-SCELL-000523,NG-SCELL-000522,NG-SCELL-000521,NG-SCELL-000556,NG-SCELL-000592,EXACT_DECIMAL_CENTER_COORDINATE_PLUS_DECLARED_SPACING,VALID
NG-SCELL-000558,NG-SCELL-000594,NG-SCELL-000595,NG-SCELL-000559,NG-SCELL-000524,NG-SCELL-000523,NG-SCELL-000522,NG-SCELL-000557,NG-SCELL-000593,EXACT_DECIMAL_CENTER_COORDINATE_PLUS_DECLARED_SPACING,VALID
NG-SCELL-000559,NG-SCELL-000595,NG-SCELL-000596,NG-SCELL-000560,NG-SCELL-000525,NG-SCELL-000524,NG-SCELL-000523,NG-SCELL-000558,NG-SCELL-000594,EXACT_DECIMAL_CENTER_COORDINATE_PLUS_DECLARED_SPACING,VALID
NG-SCELL-000560,NG-SCELL-000596,NG-SCELL-000597,NG-SCELL-000561,NG-SCELL-000526,NG-SCELL-000525,NG-SCELL-000524,NG-SCELL-000559,NG-SCELL-000595,EXACT_DECIMAL_CENTER_COORDINATE_PLUS_DECLARED_SPACING,VALID
NG-SCELL-000561,NG-SCELL-000597,NG-SCELL-000598,NG-SCELL-000562,NG-SCELL-000527,NG-SCELL-000526,NG-SCELL-000525,NG-SCELL-000560,NG-SCELL-000596,EXACT_DECIMAL_CENTER_COORDINATE_PLUS_DECLARED_SPACING,VALID
NG-SCELL-000562,NG-SCELL-000598,NG-SCELL-000599,NG-SCELL-000563,NG-SCELL-000528,NG-SCELL-000527,NG-SCELL-000526,NG-SCELL-000561,NG-SCELL-000597,EXACT_DECIMAL_CENTER_COORDINATE_PLUS_DECLARED_SPACING,VALID
NG-SCELL-000563,NG-SCELL-000599,NG-SCELL-000600,NG-SCELL-000564,NG-SCELL-000529,NG-SCELL-000528,NG-SCELL-000527,NG-SCELL-000562,NG-SCELL-000598,EXACT_DECIMAL_CENTER_COORDINATE_PLUS_DECLARED_SPACING,VALID
NG-SCELL-000564,NG-SCELL-000600,NG-SCELL-000601,NG-SCELL-000565,NG-SCELL-000530,NG-SCELL-000529,NG-SCELL-000528,NG-SCELL-000563,NG-SCELL-000599,EXACT_DECIMAL_CENTER_COORDINATE_PLUS_DECLARED_SPACING,VALID
NG-SCELL-000565,NG-SCELL-000601,NG-SCELL-000602,NG-SCELL-000566,NG-SCELL-000531,NG-SCELL-000530,NG-SCELL-000529,NG-SCELL-000564,NG-SCELL-000600,EXACT_DECIMAL_CENTER_COORDINATE_PLUS_DECLARED_SPACING,VALID
NG-SCELL-000566,NG-SCELL-000602,NG-SCELL-000603,NG-SCELL-000567,NG-SCELL-000532,NG-SCELL-000531,NG-SCELL-000530,NG-SCELL-000565,NG-SCELL-000601,EXACT_DECIMAL_CENTER_COORDINATE_PLUS_DECLARED_SPACING,VALID
NG-SCELL-000567,NG-SCELL-000603,NG-SCELL-000604,NG-SCELL-000568,NG-SCELL-000533,NG-SCELL-000532,NG-SCELL-000531,NG-SCELL-000566,NG-SCELL-000602,EXACT_DECIMAL_CENTER_COORDINATE_PLUS_DECLARED_SPACING,VALID
NG-SCELL-000568,NG-SCELL-000604,NG-SCELL-000605,NG-SCELL-000569,NG-SCELL-000534,NG-SCELL-000533,NG-SCELL-000532,NG-SCELL-000567,NG-SCELL-000603,EXACT_DECIMAL_CENTER_COORDINATE_PLUS_DECLARED_SPACING,VALID
NG-SCELL-000569,NG-SCELL-000605,NG-SCELL-000606,NG-SCELL-000570,NG-SCELL-000535,NG-SCELL-000534,NG-SCELL-000533,NG-SCELL-000568,NG-SCELL-000604,EXACT_DECIMAL_CENTER_COORDINATE_PLUS_DECLARED_SPACING,VALID
NG-SCELL-000570,NG-SCELL-000606,NG-SCELL-000607,NG-SCELL-000571,NG-SCELL-000536,NG-SCELL-000535,NG-SCELL-000534,NG-SCELL-000569,NG-SCELL-000605,EXACT_DECIMAL_CENTER_COORDINATE_PLUS_DECLARED_SPACING,VALID
NG-SCELL-000571,NG-SCELL-000607,NG-SCELL-000608,NG-SCELL-000572,NG-SCELL-000537,NG-SCELL-000536,NG-SCELL-000535,NG-SCELL-000570,NG-SCELL-000606,EXACT_DECIMAL_CENTER_COORDINATE_PLUS_DECLARED_SPACING,VALID
NG-SCELL-000572,NG-SCELL-000608,NG-SCELL-000609,NG-SCELL-000573,NG-SCELL-000538,NG-SCELL-000537,NG-SCELL-000536,NG-SCELL-000571,NG-SCELL-000607,EXACT_DECIMAL_CENTER_COORDINATE_PLUS_DECLARED_SPACING,VALID
NG-SCELL-000573,NG-SCELL-000609,NG-SCELL-000610,NG-SCELL-000574,NG-SCELL-000539,NG-SCELL-000538,NG-SCELL-000537,NG-SCELL-000572,NG-SCELL-000608,EXACT_DECIMAL_CENTER_COORDINATE_PLUS_DECLARED_SPACING,VALID
NG-SCELL-000574,NG-SCELL-000610,NG-SCELL-000611,NG-SCELL-000575,NG-SCELL-000540,NG-SCELL-000539,NG-SCELL-000538,NG-SCELL-000573,NG-SCELL-000609,EXACT_DECIMAL_CENTER_COORDINATE_PLUS_DECLARED_SPACING,VALID
NG-SCELL-000575,NG-SCELL-000611,,NG-SCELL-000576,,NG-SCELL-000540,NG-SCELL-000539,NG-SCELL-000574,NG-SCELL-000610,EXACT_DECIMAL_CENTER_COORDINATE_PLUS_DECLARED_SPACING,VALID
NG-SCELL-000576,,,,,,NG-SCELL-000540,NG-SCELL-000575,NG-SCELL-000611,EXACT_DECIMAL_CENTER_COORDINATE_PLUS_DECLARED_SPACING,VALID
NG-SCELL-000577,NG-SCELL-000612,NG-SCELL-000613,NG-SCELL-000578,NG-SCELL-000542,NG-SCELL-000541,,,,EXACT_DECIMAL_CENTER_COORDINATE_PLUS_DECLARED_SPACING,VALID
NG-SCELL-000578,NG-SCELL-000613,NG-SCELL-000614,NG-SCELL-000579,NG-SCELL-000543,NG-SCELL-000542,NG-SCELL-000541,NG-SCELL-000577,NG-SCELL-000612,EXACT_DECIMAL_CENTER_COORDINATE_PLUS_DECLARED_SPACING,VALID
NG-SCELL-000579,NG-SCELL-000614,NG-SCELL-000615,NG-SCELL-000580,NG-SCELL-000544,NG-SCELL-000543,NG-SCELL-000542,NG-SCELL-000578,NG-SCELL-000613,EXACT_DECIMAL_CENTER_COORDINATE_PLUS_DECLARED_SPACING,VALID
NG-SCELL-000580,NG-SCELL-000615,NG-SCELL-000616,NG-SCELL-000581,NG-SCELL-000545,NG-SCELL-000544,NG-SCELL-000543,NG-SCELL-000579,NG-SCELL-000614,EXACT_DECIMAL_CENTER_COORDINATE_PLUS_DECLARED_SPACING,VALID
NG-SCELL-000581,NG-SCELL-000616,NG-SCELL-000617,NG-SCELL-000582,NG-SCELL-000546,NG-SCELL-000545,NG-SCELL-000544,NG-SCELL-000580,NG-SCELL-000615,EXACT_DECIMAL_CENTER_COORDINATE_PLUS_DECLARED_SPACING,VALID
NG-SCELL-000582,NG-SCELL-000617,NG-SCELL-000618,NG-SCELL-000583,NG-SCELL-000547,NG-SCELL-000546,NG-SCELL-000545,NG-SCELL-000581,NG-SCELL-000616,EXACT_DECIMAL_CENTER_COORDINATE_PLUS_DECLARED_SPACING,VALID
NG-SCELL-000583,NG-SCELL-000618,NG-SCELL-000619,NG-SCELL-000584,NG-SCELL-000548,NG-SCELL-000547,NG-SCELL-000546,NG-SCELL-000582,NG-SCELL-000617,EXACT_DECIMAL_CENTER_COORDINATE_PLUS_DECLARED_SPACING,VALID
NG-SCELL-000584,NG-SCELL-000619,NG-SCELL-000620,NG-SCELL-000585,NG-SCELL-000549,NG-SCELL-000548,NG-SCELL-000547,NG-SCELL-000583,NG-SCELL-000618,EXACT_DECIMAL_CENTER_COORDINATE_PLUS_DECLARED_SPACING,VALID
NG-SCELL-000585,NG-SCELL-000620,NG-SCELL-000621,NG-SCELL-000586,NG-SCELL-000550,NG-SCELL-000549,NG-SCELL-000548,NG-SCELL-000584,NG-SCELL-000619,EXACT_DECIMAL_CENTER_COORDINATE_PLUS_DECLARED_SPACING,VALID
NG-SCELL-000586,NG-SCELL-000621,NG-SCELL-000622,NG-SCELL-000587,NG-SCELL-000551,NG-SCELL-000550,NG-SCELL-000549,NG-SCELL-000585,NG-SCELL-000620,EXACT_DECIMAL_CENTER_COORDINATE_PLUS_DECLARED_SPACING,VALID
NG-SCELL-000587,NG-SCELL-000622,NG-SCELL-000623,NG-SCELL-000588,NG-SCELL-000552,NG-SCELL-000551,NG-SCELL-000550,NG-SCELL-000586,NG-SCELL-000621,EXACT_DECIMAL_CENTER_COORDINATE_PLUS_DECLARED_SPACING,VALID
NG-SCELL-000588,NG-SCELL-000623,NG-SCELL-000624,NG-SCELL-000589,NG-SCELL-000553,NG-SCELL-000552,NG-SCELL-000551,NG-SCELL-000587,NG-SCELL-000622,EXACT_DECIMAL_CENTER_COORDINATE_PLUS_DECLARED_SPACING,VALID
NG-SCELL-000589,NG-SCELL-000624,NG-SCELL-000625,NG-SCELL-000590,NG-SCELL-000554,NG-SCELL-000553,NG-SCELL-000552,NG-SCELL-000588,NG-SCELL-000623,EXACT_DECIMAL_CENTER_COORDINATE_PLUS_DECLARED_SPACING,VALID
NG-SCELL-000590,NG-SCELL-000625,NG-SCELL-000626,NG-SCELL-000591,NG-SCELL-000555,NG-SCELL-000554,NG-SCELL-000553,NG-SCELL-000589,NG-SCELL-000624,EXACT_DECIMAL_CENTER_COORDINATE_PLUS_DECLARED_SPACING,VALID
NG-SCELL-000591,NG-SCELL-000626,NG-SCELL-000627,NG-SCELL-000592,NG-SCELL-000556,NG-SCELL-000555,NG-SCELL-000554,NG-SCELL-000590,NG-SCELL-000625,EXACT_DECIMAL_CENTER_COORDINATE_PLUS_DECLARED_SPACING,VALID
NG-SCELL-000592,NG-SCELL-000627,NG-SCELL-000628,NG-SCELL-000593,NG-SCELL-000557,NG-SCELL-000556,NG-SCELL-000555,NG-SCELL-000591,NG-SCELL-000626,EXACT_DECIMAL_CENTER_COORDINATE_PLUS_DECLARED_SPACING,VALID
NG-SCELL-000593,NG-SCELL-000628,NG-SCELL-000629,NG-SCELL-000594,NG-SCELL-000558,NG-SCELL-000557,NG-SCELL-000556,NG-SCELL-000592,NG-SCELL-000627,EXACT_DECIMAL_CENTER_COORDINATE_PLUS_DECLARED_SPACING,VALID
NG-SCELL-000594,NG-SCELL-000629,NG-SCELL-000630,NG-SCELL-000595,NG-SCELL-000559,NG-SCELL-000558,NG-SCELL-000557,NG-SCELL-000593,NG-SCELL-000628,EXACT_DECIMAL_CENTER_COORDINATE_PLUS_DECLARED_SPACING,VALID
NG-SCELL-000595,NG-SCELL-000630,NG-SCELL-000631,NG-SCELL-000596,NG-SCELL-000560,NG-SCELL-000559,NG-SCELL-000558,NG-SCELL-000594,NG-SCELL-000629,EXACT_DECIMAL_CENTER_COORDINATE_PLUS_DECLARED_SPACING,VALID
NG-SCELL-000596,NG-SCELL-000631,NG-SCELL-000632,NG-SCELL-000597,NG-SCELL-000561,NG-SCELL-000560,NG-SCELL-000559,NG-SCELL-000595,NG-SCELL-000630,EXACT_DECIMAL_CENTER_COORDINATE_PLUS_DECLARED_SPACING,VALID
NG-SCELL-000597,NG-SCELL-000632,NG-SCELL-000633,NG-SCELL-000598,NG-SCELL-000562,NG-SCELL-000561,NG-SCELL-000560,NG-SCELL-000596,NG-SCELL-000631,EXACT_DECIMAL_CENTER_COORDINATE_PLUS_DECLARED_SPACING,VALID
NG-SCELL-000598,NG-SCELL-000633,NG-SCELL-000634,NG-SCELL-000599,NG-SCELL-000563,NG-SCELL-000562,NG-SCELL-000561,NG-SCELL-000597,NG-SCELL-000632,EXACT_DECIMAL_CENTER_COORDINATE_PLUS_DECLARED_SPACING,VALID
NG-SCELL-000599,NG-SCELL-000634,NG-SCELL-000635,NG-SCELL-000600,NG-SCELL-000564,NG-SCELL-000563,NG-SCELL-000562,NG-SCELL-000598,NG-SCELL-000633,EXACT_DECIMAL_CENTER_COORDINATE_PLUS_DECLARED_SPACING,VALID
NG-SCELL-000600,NG-SCELL-000635,NG-SCELL-000636,NG-SCELL-000601,NG-SCELL-000565,NG-SCELL-000564,NG-SCELL-000563,NG-SCELL-000599,NG-SCELL-000634,EXACT_DECIMAL_CENTER_COORDINATE_PLUS_DECLARED_SPACING,VALID
NG-SCELL-000601,NG-SCELL-000636,NG-SCELL-000637,NG-SCELL-000602,NG-SCELL-000566,NG-SCELL-000565,NG-SCELL-000564,NG-SCELL-000600,NG-SCELL-000635,EXACT_DECIMAL_CENTER_COORDINATE_PLUS_DECLARED_SPACING,VALID
NG-SCELL-000602,NG-SCELL-000637,NG-SCELL-000638,NG-SCELL-000603,NG-SCELL-000567,NG-SCELL-000566,NG-SCELL-000565,NG-SCELL-000601,NG-SCELL-000636,EXACT_DECIMAL_CENTER_COORDINATE_PLUS_DECLARED_SPACING,VALID
NG-SCELL-000603,NG-SCELL-000638,NG-SCELL-000639,NG-SCELL-000604,NG-SCELL-000568,NG-SCELL-000567,NG-SCELL-000566,NG-SCELL-000602,NG-SCELL-000637,EXACT_DECIMAL_CENTER_COORDINATE_PLUS_DECLARED_SPACING,VALID
NG-SCELL-000604,NG-SCELL-000639,NG-SCELL-000640,NG-SCELL-000605,NG-SCELL-000569,NG-SCELL-000568,NG-SCELL-000567,NG-SCELL-000603,NG-SCELL-000638,EXACT_DECIMAL_CENTER_COORDINATE_PLUS_DECLARED_SPACING,VALID
NG-SCELL-000605,NG-SCELL-000640,NG-SCELL-000641,NG-SCELL-000606,NG-SCELL-000570,NG-SCELL-000569,NG-SCELL-000568,NG-SCELL-000604,NG-SCELL-000639,EXACT_DECIMAL_CENTER_COORDINATE_PLUS_DECLARED_SPACING,VALID
NG-SCELL-000606,NG-SCELL-000641,NG-SCELL-000642,NG-SCELL-000607,NG-SCELL-000571,NG-SCELL-000570,NG-SCELL-000569,NG-SCELL-000605,NG-SCELL-000640,EXACT_DECIMAL_CENTER_COORDINATE_PLUS_DECLARED_SPACING,VALID
NG-SCELL-000607,NG-SCELL-000642,NG-SCELL-000643,NG-SCELL-000608,NG-SCELL-000572,NG-SCELL-000571,NG-SCELL-000570,NG-SCELL-000606,NG-SCELL-000641,EXACT_DECIMAL_CENTER_COORDINATE_PLUS_DECLARED_SPACING,VALID
NG-SCELL-000608,NG-SCELL-000643,NG-SCELL-000644,NG-SCELL-000609,NG-SCELL-000573,NG-SCELL-000572,NG-SCELL-000571,NG-SCELL-000607,NG-SCELL-000642,EXACT_DECIMAL_CENTER_COORDINATE_PLUS_DECLARED_SPACING,VALID
NG-SCELL-000609,NG-SCELL-000644,NG-SCELL-000645,NG-SCELL-000610,NG-SCELL-000574,NG-SCELL-000573,NG-SCELL-000572,NG-SCELL-000608,NG-SCELL-000643,EXACT_DECIMAL_CENTER_COORDINATE_PLUS_DECLARED_SPACING,VALID
NG-SCELL-000610,NG-SCELL-000645,,NG-SCELL-000611,NG-SCELL-000575,NG-SCELL-000574,NG-SCELL-000573,NG-SCELL-000609,NG-SCELL-000644,EXACT_DECIMAL_CENTER_COORDINATE_PLUS_DECLARED_SPACING,VALID
NG-SCELL-000611,,,,NG-SCELL-000576,NG-SCELL-000575,NG-SCELL-000574,NG-SCELL-000610,NG-SCELL-000645,EXACT_DECIMAL_CENTER_COORDINATE_PLUS_DECLARED_SPACING,VALID
NG-SCELL-000612,NG-SCELL-000646,NG-SCELL-000647,NG-SCELL-000613,NG-SCELL-000578,NG-SCELL-000577,,,,EXACT_DECIMAL_CENTER_COORDINATE_PLUS_DECLARED_SPACING,VALID
NG-SCELL-000613,NG-SCELL-000647,NG-SCELL-000648,NG-SCELL-000614,NG-SCELL-000579,NG-SCELL-000578,NG-SCELL-000577,NG-SCELL-000612,NG-SCELL-000646,EXACT_DECIMAL_CENTER_COORDINATE_PLUS_DECLARED_SPACING,VALID
NG-SCELL-000614,NG-SCELL-000648,NG-SCELL-000649,NG-SCELL-000615,NG-SCELL-000580,NG-SCELL-000579,NG-SCELL-000578,NG-SCELL-000613,NG-SCELL-000647,EXACT_DECIMAL_CENTER_COORDINATE_PLUS_DECLARED_SPACING,VALID
NG-SCELL-000615,NG-SCELL-000649,NG-SCELL-000650,NG-SCELL-000616,NG-SCELL-000581,NG-SCELL-000580,NG-SCELL-000579,NG-SCELL-000614,NG-SCELL-000648,EXACT_DECIMAL_CENTER_COORDINATE_PLUS_DECLARED_SPACING,VALID
NG-SCELL-000616,NG-SCELL-000650,NG-SCELL-000651,NG-SCELL-000617,NG-SCELL-000582,NG-SCELL-000581,NG-SCELL-000580,NG-SCELL-000615,NG-SCELL-000649,EXACT_DECIMAL_CENTER_COORDINATE_PLUS_DECLARED_SPACING,VALID
NG-SCELL-000617,NG-SCELL-000651,NG-SCELL-000652,NG-SCELL-000618,NG-SCELL-000583,NG-SCELL-000582,NG-SCELL-000581,NG-SCELL-000616,NG-SCELL-000650,EXACT_DECIMAL_CENTER_COORDINATE_PLUS_DECLARED_SPACING,VALID
NG-SCELL-000618,NG-SCELL-000652,NG-SCELL-000653,NG-SCELL-000619,NG-SCELL-000584,NG-SCELL-000583,NG-SCELL-000582,NG-SCELL-000617,NG-SCELL-000651,EXACT_DECIMAL_CENTER_COORDINATE_PLUS_DECLARED_SPACING,VALID
NG-SCELL-000619,NG-SCELL-000653,NG-SCELL-000654,NG-SCELL-000620,NG-SCELL-000585,NG-SCELL-000584,NG-SCELL-000583,NG-SCELL-000618,NG-SCELL-000652,EXACT_DECIMAL_CENTER_COORDINATE_PLUS_DECLARED_SPACING,VALID
NG-SCELL-000620,NG-SCELL-000654,NG-SCELL-000655,NG-SCELL-000621,NG-SCELL-000586,NG-SCELL-000585,NG-SCELL-000584,NG-SCELL-000619,NG-SCELL-000653,EXACT_DECIMAL_CENTER_COORDINATE_PLUS_DECLARED_SPACING,VALID
NG-SCELL-000621,NG-SCELL-000655,NG-SCELL-000656,NG-SCELL-000622,NG-SCELL-000587,NG-SCELL-000586,NG-SCELL-000585,NG-SCELL-000620,NG-SCELL-000654,EXACT_DECIMAL_CENTER_COORDINATE_PLUS_DECLARED_SPACING,VALID
NG-SCELL-000622,NG-SCELL-000656,NG-SCELL-000657,NG-SCELL-000623,NG-SCELL-000588,NG-SCELL-000587,NG-SCELL-000586,NG-SCELL-000621,NG-SCELL-000655,EXACT_DECIMAL_CENTER_COORDINATE_PLUS_DECLARED_SPACING,VALID
NG-SCELL-000623,NG-SCELL-000657,NG-SCELL-000658,NG-SCELL-000624,NG-SCELL-000589,NG-SCELL-000588,NG-SCELL-000587,NG-SCELL-000622,NG-SCELL-000656,EXACT_DECIMAL_CENTER_COORDINATE_PLUS_DECLARED_SPACING,VALID
NG-SCELL-000624,NG-SCELL-000658,NG-SCELL-000659,NG-SCELL-000625,NG-SCELL-000590,NG-SCELL-000589,NG-SCELL-000588,NG-SCELL-000623,NG-SCELL-000657,EXACT_DECIMAL_CENTER_COORDINATE_PLUS_DECLARED_SPACING,VALID
NG-SCELL-000625,NG-SCELL-000659,NG-SCELL-000660,NG-SCELL-000626,NG-SCELL-000591,NG-SCELL-000590,NG-SCELL-000589,NG-SCELL-000624,NG-SCELL-000658,EXACT_DECIMAL_CENTER_COORDINATE_PLUS_DECLARED_SPACING,VALID
NG-SCELL-000626,NG-SCELL-000660,NG-SCELL-000661,NG-SCELL-000627,NG-SCELL-000592,NG-SCELL-000591,NG-SCELL-000590,NG-SCELL-000625,NG-SCELL-000659,EXACT_DECIMAL_CENTER_COORDINATE_PLUS_DECLARED_SPACING,VALID
NG-SCELL-000627,NG-SCELL-000661,NG-SCELL-000662,NG-SCELL-000628,NG-SCELL-000593,NG-SCELL-000592,NG-SCELL-000591,NG-SCELL-000626,NG-SCELL-000660,EXACT_DECIMAL_CENTER_COORDINATE_PLUS_DECLARED_SPACING,VALID
NG-SCELL-000628,NG-SCELL-000662,NG-SCELL-000663,NG-SCELL-000629,NG-SCELL-000594,NG-SCELL-000593,NG-SCELL-000592,NG-SCELL-000627,NG-SCELL-000661,EXACT_DECIMAL_CENTER_COORDINATE_PLUS_DECLARED_SPACING,VALID
NG-SCELL-000629,NG-SCELL-000663,NG-SCELL-000664,NG-SCELL-000630,NG-SCELL-000595,NG-SCELL-000594,NG-SCELL-000593,NG-SCELL-000628,NG-SCELL-000662,EXACT_DECIMAL_CENTER_COORDINATE_PLUS_DECLARED_SPACING,VALID
NG-SCELL-000630,NG-SCELL-000664,NG-SCELL-000665,NG-SCELL-000631,NG-SCELL-000596,NG-SCELL-000595,NG-SCELL-000594,NG-SCELL-000629,NG-SCELL-000663,EXACT_DECIMAL_CENTER_COORDINATE_PLUS_DECLARED_SPACING,VALID
NG-SCELL-000631,NG-SCELL-000665,NG-SCELL-000666,NG-SCELL-000632,NG-SCELL-000597,NG-SCELL-000596,NG-SCELL-000595,NG-SCELL-000630,NG-SCELL-000664,EXACT_DECIMAL_CENTER_COORDINATE_PLUS_DECLARED_SPACING,VALID
NG-SCELL-000632,NG-SCELL-000666,NG-SCELL-000667,NG-SCELL-000633,NG-SCELL-000598,NG-SCELL-000597,NG-SCELL-000596,NG-SCELL-000631,NG-SCELL-000665,EXACT_DECIMAL_CENTER_COORDINATE_PLUS_DECLARED_SPACING,VALID
NG-SCELL-000633,NG-SCELL-000667,NG-SCELL-000668,NG-SCELL-000634,NG-SCELL-000599,NG-SCELL-000598,NG-SCELL-000597,NG-SCELL-000632,NG-SCELL-000666,EXACT_DECIMAL_CENTER_COORDINATE_PLUS_DECLARED_SPACING,VALID
NG-SCELL-000634,NG-SCELL-000668,NG-SCELL-000669,NG-SCELL-000635,NG-SCELL-000600,NG-SCELL-000599,NG-SCELL-000598,NG-SCELL-000633,NG-SCELL-000667,EXACT_DECIMAL_CENTER_COORDINATE_PLUS_DECLARED_SPACING,VALID
NG-SCELL-000635,NG-SCELL-000669,NG-SCELL-000670,NG-SCELL-000636,NG-SCELL-000601,NG-SCELL-000600,NG-SCELL-000599,NG-SCELL-000634,NG-SCELL-000668,EXACT_DECIMAL_CENTER_COORDINATE_PLUS_DECLARED_SPACING,VALID
NG-SCELL-000636,NG-SCELL-000670,NG-SCELL-000671,NG-SCELL-000637,NG-SCELL-000602,NG-SCELL-000601,NG-SCELL-000600,NG-SCELL-000635,NG-SCELL-000669,EXACT_DECIMAL_CENTER_COORDINATE_PLUS_DECLARED_SPACING,VALID
NG-SCELL-000637,NG-SCELL-000671,NG-SCELL-000672,NG-SCELL-000638,NG-SCELL-000603,NG-SCELL-000602,NG-SCELL-000601,NG-SCELL-000636,NG-SCELL-000670,EXACT_DECIMAL_CENTER_COORDINATE_PLUS_DECLARED_SPACING,VALID
NG-SCELL-000638,NG-SCELL-000672,NG-SCELL-000673,NG-SCELL-000639,NG-SCELL-000604,NG-SCELL-000603,NG-SCELL-000602,NG-SCELL-000637,NG-SCELL-000671,EXACT_DECIMAL_CENTER_COORDINATE_PLUS_DECLARED_SPACING,VALID
NG-SCELL-000639,NG-SCELL-000673,NG-SCELL-000674,NG-SCELL-000640,NG-SCELL-000605,NG-SCELL-000604,NG-SCELL-000603,NG-SCELL-000638,NG-SCELL-000672,EXACT_DECIMAL_CENTER_COORDINATE_PLUS_DECLARED_SPACING,VALID
NG-SCELL-000640,NG-SCELL-000674,NG-SCELL-000675,NG-SCELL-000641,NG-SCELL-000606,NG-SCELL-000605,NG-SCELL-000604,NG-SCELL-000639,NG-SCELL-000673,EXACT_DECIMAL_CENTER_COORDINATE_PLUS_DECLARED_SPACING,VALID
NG-SCELL-000641,NG-SCELL-000675,NG-SCELL-000676,NG-SCELL-000642,NG-SCELL-000607,NG-SCELL-000606,NG-SCELL-000605,NG-SCELL-000640,NG-SCELL-000674,EXACT_DECIMAL_CENTER_COORDINATE_PLUS_DECLARED_SPACING,VALID
NG-SCELL-000642,NG-SCELL-000676,NG-SCELL-000677,NG-SCELL-000643,NG-SCELL-000608,NG-SCELL-000607,NG-SCELL-000606,NG-SCELL-000641,NG-SCELL-000675,EXACT_DECIMAL_CENTER_COORDINATE_PLUS_DECLARED_SPACING,VALID
NG-SCELL-000643,NG-SCELL-000677,NG-SCELL-000678,NG-SCELL-000644,NG-SCELL-000609,NG-SCELL-000608,NG-SCELL-000607,NG-SCELL-000642,NG-SCELL-000676,EXACT_DECIMAL_CENTER_COORDINATE_PLUS_DECLARED_SPACING,VALID
NG-SCELL-000644,NG-SCELL-000678,NG-SCELL-000679,NG-SCELL-000645,NG-SCELL-000610,NG-SCELL-000609,NG-SCELL-000608,NG-SCELL-000643,NG-SCELL-000677,EXACT_DECIMAL_CENTER_COORDINATE_PLUS_DECLARED_SPACING,VALID
NG-SCELL-000645,NG-SCELL-000679,,,NG-SCELL-000611,NG-SCELL-000610,NG-SCELL-000609,NG-SCELL-000644,NG-SCELL-000678,EXACT_DECIMAL_CENTER_COORDINATE_PLUS_DECLARED_SPACING,VALID
NG-SCELL-000646,NG-SCELL-000680,NG-SCELL-000681,NG-SCELL-000647,NG-SCELL-000613,NG-SCELL-000612,,,,EXACT_DECIMAL_CENTER_COORDINATE_PLUS_DECLARED_SPACING,VALID
NG-SCELL-000647,NG-SCELL-000681,NG-SCELL-000682,NG-SCELL-000648,NG-SCELL-000614,NG-SCELL-000613,NG-SCELL-000612,NG-SCELL-000646,NG-SCELL-000680,EXACT_DECIMAL_CENTER_COORDINATE_PLUS_DECLARED_SPACING,VALID
NG-SCELL-000648,NG-SCELL-000682,NG-SCELL-000683,NG-SCELL-000649,NG-SCELL-000615,NG-SCELL-000614,NG-SCELL-000613,NG-SCELL-000647,NG-SCELL-000681,EXACT_DECIMAL_CENTER_COORDINATE_PLUS_DECLARED_SPACING,VALID
NG-SCELL-000649,NG-SCELL-000683,NG-SCELL-000684,NG-SCELL-000650,NG-SCELL-000616,NG-SCELL-000615,NG-SCELL-000614,NG-SCELL-000648,NG-SCELL-000682,EXACT_DECIMAL_CENTER_COORDINATE_PLUS_DECLARED_SPACING,VALID
NG-SCELL-000650,NG-SCELL-000684,NG-SCELL-000685,NG-SCELL-000651,NG-SCELL-000617,NG-SCELL-000616,NG-SCELL-000615,NG-SCELL-000649,NG-SCELL-000683,EXACT_DECIMAL_CENTER_COORDINATE_PLUS_DECLARED_SPACING,VALID
NG-SCELL-000651,NG-SCELL-000685,NG-SCELL-000686,NG-SCELL-000652,NG-SCELL-000618,NG-SCELL-000617,NG-SCELL-000616,NG-SCELL-000650,NG-SCELL-000684,EXACT_DECIMAL_CENTER_COORDINATE_PLUS_DECLARED_SPACING,VALID
NG-SCELL-000652,NG-SCELL-000686,NG-SCELL-000687,NG-SCELL-000653,NG-SCELL-000619,NG-SCELL-000618,NG-SCELL-000617,NG-SCELL-000651,NG-SCELL-000685,EXACT_DECIMAL_CENTER_COORDINATE_PLUS_DECLARED_SPACING,VALID
NG-SCELL-000653,NG-SCELL-000687,NG-SCELL-000688,NG-SCELL-000654,NG-SCELL-000620,NG-SCELL-000619,NG-SCELL-000618,NG-SCELL-000652,NG-SCELL-000686,EXACT_DECIMAL_CENTER_COORDINATE_PLUS_DECLARED_SPACING,VALID
NG-SCELL-000654,NG-SCELL-000688,NG-SCELL-000689,NG-SCELL-000655,NG-SCELL-000621,NG-SCELL-000620,NG-SCELL-000619,NG-SCELL-000653,NG-SCELL-000687,EXACT_DECIMAL_CENTER_COORDINATE_PLUS_DECLARED_SPACING,VALID
NG-SCELL-000655,NG-SCELL-000689,NG-SCELL-000690,NG-SCELL-000656,NG-SCELL-000622,NG-SCELL-000621,NG-SCELL-000620,NG-SCELL-000654,NG-SCELL-000688,EXACT_DECIMAL_CENTER_COORDINATE_PLUS_DECLARED_SPACING,VALID
NG-SCELL-000656,NG-SCELL-000690,NG-SCELL-000691,NG-SCELL-000657,NG-SCELL-000623,NG-SCELL-000622,NG-SCELL-000621,NG-SCELL-000655,NG-SCELL-000689,EXACT_DECIMAL_CENTER_COORDINATE_PLUS_DECLARED_SPACING,VALID
NG-SCELL-000657,NG-SCELL-000691,NG-SCELL-000692,NG-SCELL-000658,NG-SCELL-000624,NG-SCELL-000623,NG-SCELL-000622,NG-SCELL-000656,NG-SCELL-000690,EXACT_DECIMAL_CENTER_COORDINATE_PLUS_DECLARED_SPACING,VALID
NG-SCELL-000658,NG-SCELL-000692,NG-SCELL-000693,NG-SCELL-000659,NG-SCELL-000625,NG-SCELL-000624,NG-SCELL-000623,NG-SCELL-000657,NG-SCELL-000691,EXACT_DECIMAL_CENTER_COORDINATE_PLUS_DECLARED_SPACING,VALID
NG-SCELL-000659,NG-SCELL-000693,NG-SCELL-000694,NG-SCELL-000660,NG-SCELL-000626,NG-SCELL-000625,NG-SCELL-000624,NG-SCELL-000658,NG-SCELL-000692,EXACT_DECIMAL_CENTER_COORDINATE_PLUS_DECLARED_SPACING,VALID
NG-SCELL-000660,NG-SCELL-000694,NG-SCELL-000695,NG-SCELL-000661,NG-SCELL-000627,NG-SCELL-000626,NG-SCELL-000625,NG-SCELL-000659,NG-SCELL-000693,EXACT_DECIMAL_CENTER_COORDINATE_PLUS_DECLARED_SPACING,VALID
NG-SCELL-000661,NG-SCELL-000695,NG-SCELL-000696,NG-SCELL-000662,NG-SCELL-000628,NG-SCELL-000627,NG-SCELL-000626,NG-SCELL-000660,NG-SCELL-000694,EXACT_DECIMAL_CENTER_COORDINATE_PLUS_DECLARED_SPACING,VALID
NG-SCELL-000662,NG-SCELL-000696,NG-SCELL-000697,NG-SCELL-000663,NG-SCELL-000629,NG-SCELL-000628,NG-SCELL-000627,NG-SCELL-000661,NG-SCELL-000695,EXACT_DECIMAL_CENTER_COORDINATE_PLUS_DECLARED_SPACING,VALID
NG-SCELL-000663,NG-SCELL-000697,NG-SCELL-000698,NG-SCELL-000664,NG-SCELL-000630,NG-SCELL-000629,NG-SCELL-000628,NG-SCELL-000662,NG-SCELL-000696,EXACT_DECIMAL_CENTER_COORDINATE_PLUS_DECLARED_SPACING,VALID
NG-SCELL-000664,NG-SCELL-000698,NG-SCELL-000699,NG-SCELL-000665,NG-SCELL-000631,NG-SCELL-000630,NG-SCELL-000629,NG-SCELL-000663,NG-SCELL-000697,EXACT_DECIMAL_CENTER_COORDINATE_PLUS_DECLARED_SPACING,VALID
NG-SCELL-000665,NG-SCELL-000699,NG-SCELL-000700,NG-SCELL-000666,NG-SCELL-000632,NG-SCELL-000631,NG-SCELL-000630,NG-SCELL-000664,NG-SCELL-000698,EXACT_DECIMAL_CENTER_COORDINATE_PLUS_DECLARED_SPACING,VALID
NG-SCELL-000666,NG-SCELL-000700,NG-SCELL-000701,NG-SCELL-000667,NG-SCELL-000633,NG-SCELL-000632,NG-SCELL-000631,NG-SCELL-000665,NG-SCELL-000699,EXACT_DECIMAL_CENTER_COORDINATE_PLUS_DECLARED_SPACING,VALID
NG-SCELL-000667,NG-SCELL-000701,NG-SCELL-000702,NG-SCELL-000668,NG-SCELL-000634,NG-SCELL-000633,NG-SCELL-000632,NG-SCELL-000666,NG-SCELL-000700,EXACT_DECIMAL_CENTER_COORDINATE_PLUS_DECLARED_SPACING,VALID
NG-SCELL-000668,NG-SCELL-000702,NG-SCELL-000703,NG-SCELL-000669,NG-SCELL-000635,NG-SCELL-000634,NG-SCELL-000633,NG-SCELL-000667,NG-SCELL-000701,EXACT_DECIMAL_CENTER_COORDINATE_PLUS_DECLARED_SPACING,VALID
NG-SCELL-000669,NG-SCELL-000703,NG-SCELL-000704,NG-SCELL-000670,NG-SCELL-000636,NG-SCELL-000635,NG-SCELL-000634,NG-SCELL-000668,NG-SCELL-000702,EXACT_DECIMAL_CENTER_COORDINATE_PLUS_DECLARED_SPACING,VALID
NG-SCELL-000670,NG-SCELL-000704,NG-SCELL-000705,NG-SCELL-000671,NG-SCELL-000637,NG-SCELL-000636,NG-SCELL-000635,NG-SCELL-000669,NG-SCELL-000703,EXACT_DECIMAL_CENTER_COORDINATE_PLUS_DECLARED_SPACING,VALID
NG-SCELL-000671,NG-SCELL-000705,NG-SCELL-000706,NG-SCELL-000672,NG-SCELL-000638,NG-SCELL-000637,NG-SCELL-000636,NG-SCELL-000670,NG-SCELL-000704,EXACT_DECIMAL_CENTER_COORDINATE_PLUS_DECLARED_SPACING,VALID
NG-SCELL-000672,NG-SCELL-000706,NG-SCELL-000707,NG-SCELL-000673,NG-SCELL-000639,NG-SCELL-000638,NG-SCELL-000637,NG-SCELL-000671,NG-SCELL-000705,EXACT_DECIMAL_CENTER_COORDINATE_PLUS_DECLARED_SPACING,VALID
NG-SCELL-000673,NG-SCELL-000707,NG-SCELL-000708,NG-SCELL-000674,NG-SCELL-000640,NG-SCELL-000639,NG-SCELL-000638,NG-SCELL-000672,NG-SCELL-000706,EXACT_DECIMAL_CENTER_COORDINATE_PLUS_DECLARED_SPACING,VALID
NG-SCELL-000674,NG-SCELL-000708,NG-SCELL-000709,NG-SCELL-000675,NG-SCELL-000641,NG-SCELL-000640,NG-SCELL-000639,NG-SCELL-000673,NG-SCELL-000707,EXACT_DECIMAL_CENTER_COORDINATE_PLUS_DECLARED_SPACING,VALID
NG-SCELL-000675,NG-SCELL-000709,NG-SCELL-000710,NG-SCELL-000676,NG-SCELL-000642,NG-SCELL-000641,NG-SCELL-000640,NG-SCELL-000674,NG-SCELL-000708,EXACT_DECIMAL_CENTER_COORDINATE_PLUS_DECLARED_SPACING,VALID
NG-SCELL-000676,NG-SCELL-000710,NG-SCELL-000711,NG-SCELL-000677,NG-SCELL-000643,NG-SCELL-000642,NG-SCELL-000641,NG-SCELL-000675,NG-SCELL-000709,EXACT_DECIMAL_CENTER_COORDINATE_PLUS_DECLARED_SPACING,VALID
NG-SCELL-000677,NG-SCELL-000711,NG-SCELL-000712,NG-SCELL-000678,NG-SCELL-000644,NG-SCELL-000643,NG-SCELL-000642,NG-SCELL-000676,NG-SCELL-000710,EXACT_DECIMAL_CENTER_COORDINATE_PLUS_DECLARED_SPACING,VALID
NG-SCELL-000678,NG-SCELL-000712,NG-SCELL-000713,NG-SCELL-000679,NG-SCELL-000645,NG-SCELL-000644,NG-SCELL-000643,NG-SCELL-000677,NG-SCELL-000711,EXACT_DECIMAL_CENTER_COORDINATE_PLUS_DECLARED_SPACING,VALID
NG-SCELL-000679,NG-SCELL-000713,NG-SCELL-000714,,,NG-SCELL-000645,NG-SCELL-000644,NG-SCELL-000678,NG-SCELL-000712,EXACT_DECIMAL_CENTER_COORDINATE_PLUS_DECLARED_SPACING,VALID
NG-SCELL-000680,,NG-SCELL-000715,NG-SCELL-000681,NG-SCELL-000647,NG-SCELL-000646,,,,EXACT_DECIMAL_CENTER_COORDINATE_PLUS_DECLARED_SPACING,VALID
NG-SCELL-000681,NG-SCELL-000715,NG-SCELL-000716,NG-SCELL-000682,NG-SCELL-000648,NG-SCELL-000647,NG-SCELL-000646,NG-SCELL-000680,,EXACT_DECIMAL_CENTER_COORDINATE_PLUS_DECLARED_SPACING,VALID
NG-SCELL-000682,NG-SCELL-000716,NG-SCELL-000717,NG-SCELL-000683,NG-SCELL-000649,NG-SCELL-000648,NG-SCELL-000647,NG-SCELL-000681,NG-SCELL-000715,EXACT_DECIMAL_CENTER_COORDINATE_PLUS_DECLARED_SPACING,VALID
NG-SCELL-000683,NG-SCELL-000717,NG-SCELL-000718,NG-SCELL-000684,NG-SCELL-000650,NG-SCELL-000649,NG-SCELL-000648,NG-SCELL-000682,NG-SCELL-000716,EXACT_DECIMAL_CENTER_COORDINATE_PLUS_DECLARED_SPACING,VALID
NG-SCELL-000684,NG-SCELL-000718,NG-SCELL-000719,NG-SCELL-000685,NG-SCELL-000651,NG-SCELL-000650,NG-SCELL-000649,NG-SCELL-000683,NG-SCELL-000717,EXACT_DECIMAL_CENTER_COORDINATE_PLUS_DECLARED_SPACING,VALID
NG-SCELL-000685,NG-SCELL-000719,NG-SCELL-000720,NG-SCELL-000686,NG-SCELL-000652,NG-SCELL-000651,NG-SCELL-000650,NG-SCELL-000684,NG-SCELL-000718,EXACT_DECIMAL_CENTER_COORDINATE_PLUS_DECLARED_SPACING,VALID
NG-SCELL-000686,NG-SCELL-000720,NG-SCELL-000721,NG-SCELL-000687,NG-SCELL-000653,NG-SCELL-000652,NG-SCELL-000651,NG-SCELL-000685,NG-SCELL-000719,EXACT_DECIMAL_CENTER_COORDINATE_PLUS_DECLARED_SPACING,VALID
NG-SCELL-000687,NG-SCELL-000721,NG-SCELL-000722,NG-SCELL-000688,NG-SCELL-000654,NG-SCELL-000653,NG-SCELL-000652,NG-SCELL-000686,NG-SCELL-000720,EXACT_DECIMAL_CENTER_COORDINATE_PLUS_DECLARED_SPACING,VALID
NG-SCELL-000688,NG-SCELL-000722,NG-SCELL-000723,NG-SCELL-000689,NG-SCELL-000655,NG-SCELL-000654,NG-SCELL-000653,NG-SCELL-000687,NG-SCELL-000721,EXACT_DECIMAL_CENTER_COORDINATE_PLUS_DECLARED_SPACING,VALID
NG-SCELL-000689,NG-SCELL-000723,NG-SCELL-000724,NG-SCELL-000690,NG-SCELL-000656,NG-SCELL-000655,NG-SCELL-000654,NG-SCELL-000688,NG-SCELL-000722,EXACT_DECIMAL_CENTER_COORDINATE_PLUS_DECLARED_SPACING,VALID
NG-SCELL-000690,NG-SCELL-000724,NG-SCELL-000725,NG-SCELL-000691,NG-SCELL-000657,NG-SCELL-000656,NG-SCELL-000655,NG-SCELL-000689,NG-SCELL-000723,EXACT_DECIMAL_CENTER_COORDINATE_PLUS_DECLARED_SPACING,VALID
NG-SCELL-000691,NG-SCELL-000725,NG-SCELL-000726,NG-SCELL-000692,NG-SCELL-000658,NG-SCELL-000657,NG-SCELL-000656,NG-SCELL-000690,NG-SCELL-000724,EXACT_DECIMAL_CENTER_COORDINATE_PLUS_DECLARED_SPACING,VALID
NG-SCELL-000692,NG-SCELL-000726,NG-SCELL-000727,NG-SCELL-000693,NG-SCELL-000659,NG-SCELL-000658,NG-SCELL-000657,NG-SCELL-000691,NG-SCELL-000725,EXACT_DECIMAL_CENTER_COORDINATE_PLUS_DECLARED_SPACING,VALID
NG-SCELL-000693,NG-SCELL-000727,NG-SCELL-000728,NG-SCELL-000694,NG-SCELL-000660,NG-SCELL-000659,NG-SCELL-000658,NG-SCELL-000692,NG-SCELL-000726,EXACT_DECIMAL_CENTER_COORDINATE_PLUS_DECLARED_SPACING,VALID
NG-SCELL-000694,NG-SCELL-000728,NG-SCELL-000729,NG-SCELL-000695,NG-SCELL-000661,NG-SCELL-000660,NG-SCELL-000659,NG-SCELL-000693,NG-SCELL-000727,EXACT_DECIMAL_CENTER_COORDINATE_PLUS_DECLARED_SPACING,VALID
NG-SCELL-000695,NG-SCELL-000729,NG-SCELL-000730,NG-SCELL-000696,NG-SCELL-000662,NG-SCELL-000661,NG-SCELL-000660,NG-SCELL-000694,NG-SCELL-000728,EXACT_DECIMAL_CENTER_COORDINATE_PLUS_DECLARED_SPACING,VALID
NG-SCELL-000696,NG-SCELL-000730,NG-SCELL-000731,NG-SCELL-000697,NG-SCELL-000663,NG-SCELL-000662,NG-SCELL-000661,NG-SCELL-000695,NG-SCELL-000729,EXACT_DECIMAL_CENTER_COORDINATE_PLUS_DECLARED_SPACING,VALID
NG-SCELL-000697,NG-SCELL-000731,NG-SCELL-000732,NG-SCELL-000698,NG-SCELL-000664,NG-SCELL-000663,NG-SCELL-000662,NG-SCELL-000696,NG-SCELL-000730,EXACT_DECIMAL_CENTER_COORDINATE_PLUS_DECLARED_SPACING,VALID
NG-SCELL-000698,NG-SCELL-000732,NG-SCELL-000733,NG-SCELL-000699,NG-SCELL-000665,NG-SCELL-000664,NG-SCELL-000663,NG-SCELL-000697,NG-SCELL-000731,EXACT_DECIMAL_CENTER_COORDINATE_PLUS_DECLARED_SPACING,VALID
NG-SCELL-000699,NG-SCELL-000733,NG-SCELL-000734,NG-SCELL-000700,NG-SCELL-000666,NG-SCELL-000665,NG-SCELL-000664,NG-SCELL-000698,NG-SCELL-000732,EXACT_DECIMAL_CENTER_COORDINATE_PLUS_DECLARED_SPACING,VALID
NG-SCELL-000700,NG-SCELL-000734,NG-SCELL-000735,NG-SCELL-000701,NG-SCELL-000667,NG-SCELL-000666,NG-SCELL-000665,NG-SCELL-000699,NG-SCELL-000733,EXACT_DECIMAL_CENTER_COORDINATE_PLUS_DECLARED_SPACING,VALID
NG-SCELL-000701,NG-SCELL-000735,NG-SCELL-000736,NG-SCELL-000702,NG-SCELL-000668,NG-SCELL-000667,NG-SCELL-000666,NG-SCELL-000700,NG-SCELL-000734,EXACT_DECIMAL_CENTER_COORDINATE_PLUS_DECLARED_SPACING,VALID
NG-SCELL-000702,NG-SCELL-000736,NG-SCELL-000737,NG-SCELL-000703,NG-SCELL-000669,NG-SCELL-000668,NG-SCELL-000667,NG-SCELL-000701,NG-SCELL-000735,EXACT_DECIMAL_CENTER_COORDINATE_PLUS_DECLARED_SPACING,VALID
NG-SCELL-000703,NG-SCELL-000737,NG-SCELL-000738,NG-SCELL-000704,NG-SCELL-000670,NG-SCELL-000669,NG-SCELL-000668,NG-SCELL-000702,NG-SCELL-000736,EXACT_DECIMAL_CENTER_COORDINATE_PLUS_DECLARED_SPACING,VALID
NG-SCELL-000704,NG-SCELL-000738,NG-SCELL-000739,NG-SCELL-000705,NG-SCELL-000671,NG-SCELL-000670,NG-SCELL-000669,NG-SCELL-000703,NG-SCELL-000737,EXACT_DECIMAL_CENTER_COORDINATE_PLUS_DECLARED_SPACING,VALID
NG-SCELL-000705,NG-SCELL-000739,NG-SCELL-000740,NG-SCELL-000706,NG-SCELL-000672,NG-SCELL-000671,NG-SCELL-000670,NG-SCELL-000704,NG-SCELL-000738,EXACT_DECIMAL_CENTER_COORDINATE_PLUS_DECLARED_SPACING,VALID
NG-SCELL-000706,NG-SCELL-000740,NG-SCELL-000741,NG-SCELL-000707,NG-SCELL-000673,NG-SCELL-000672,NG-SCELL-000671,NG-SCELL-000705,NG-SCELL-000739,EXACT_DECIMAL_CENTER_COORDINATE_PLUS_DECLARED_SPACING,VALID
NG-SCELL-000707,NG-SCELL-000741,NG-SCELL-000742,NG-SCELL-000708,NG-SCELL-000674,NG-SCELL-000673,NG-SCELL-000672,NG-SCELL-000706,NG-SCELL-000740,EXACT_DECIMAL_CENTER_COORDINATE_PLUS_DECLARED_SPACING,VALID
NG-SCELL-000708,NG-SCELL-000742,NG-SCELL-000743,NG-SCELL-000709,NG-SCELL-000675,NG-SCELL-000674,NG-SCELL-000673,NG-SCELL-000707,NG-SCELL-000741,EXACT_DECIMAL_CENTER_COORDINATE_PLUS_DECLARED_SPACING,VALID
NG-SCELL-000709,NG-SCELL-000743,NG-SCELL-000744,NG-SCELL-000710,NG-SCELL-000676,NG-SCELL-000675,NG-SCELL-000674,NG-SCELL-000708,NG-SCELL-000742,EXACT_DECIMAL_CENTER_COORDINATE_PLUS_DECLARED_SPACING,VALID
NG-SCELL-000710,NG-SCELL-000744,NG-SCELL-000745,NG-SCELL-000711,NG-SCELL-000677,NG-SCELL-000676,NG-SCELL-000675,NG-SCELL-000709,NG-SCELL-000743,EXACT_DECIMAL_CENTER_COORDINATE_PLUS_DECLARED_SPACING,VALID
NG-SCELL-000711,NG-SCELL-000745,NG-SCELL-000746,NG-SCELL-000712,NG-SCELL-000678,NG-SCELL-000677,NG-SCELL-000676,NG-SCELL-000710,NG-SCELL-000744,EXACT_DECIMAL_CENTER_COORDINATE_PLUS_DECLARED_SPACING,VALID
NG-SCELL-000712,NG-SCELL-000746,NG-SCELL-000747,NG-SCELL-000713,NG-SCELL-000679,NG-SCELL-000678,NG-SCELL-000677,NG-SCELL-000711,NG-SCELL-000745,EXACT_DECIMAL_CENTER_COORDINATE_PLUS_DECLARED_SPACING,VALID
NG-SCELL-000713,NG-SCELL-000747,NG-SCELL-000748,NG-SCELL-000714,,NG-SCELL-000679,NG-SCELL-000678,NG-SCELL-000712,NG-SCELL-000746,EXACT_DECIMAL_CENTER_COORDINATE_PLUS_DECLARED_SPACING,VALID
NG-SCELL-000714,NG-SCELL-000748,NG-SCELL-000749,,,,NG-SCELL-000679,NG-SCELL-000713,NG-SCELL-000747,EXACT_DECIMAL_CENTER_COORDINATE_PLUS_DECLARED_SPACING,VALID
NG-SCELL-000715,NG-SCELL-000750,NG-SCELL-000751,NG-SCELL-000716,NG-SCELL-000682,NG-SCELL-000681,NG-SCELL-000680,,,EXACT_DECIMAL_CENTER_COORDINATE_PLUS_DECLARED_SPACING,VALID
NG-SCELL-000716,NG-SCELL-000751,NG-SCELL-000752,NG-SCELL-000717,NG-SCELL-000683,NG-SCELL-000682,NG-SCELL-000681,NG-SCELL-000715,NG-SCELL-000750,EXACT_DECIMAL_CENTER_COORDINATE_PLUS_DECLARED_SPACING,VALID
NG-SCELL-000717,NG-SCELL-000752,NG-SCELL-000753,NG-SCELL-000718,NG-SCELL-000684,NG-SCELL-000683,NG-SCELL-000682,NG-SCELL-000716,NG-SCELL-000751,EXACT_DECIMAL_CENTER_COORDINATE_PLUS_DECLARED_SPACING,VALID
NG-SCELL-000718,NG-SCELL-000753,NG-SCELL-000754,NG-SCELL-000719,NG-SCELL-000685,NG-SCELL-000684,NG-SCELL-000683,NG-SCELL-000717,NG-SCELL-000752,EXACT_DECIMAL_CENTER_COORDINATE_PLUS_DECLARED_SPACING,VALID
NG-SCELL-000719,NG-SCELL-000754,NG-SCELL-000755,NG-SCELL-000720,NG-SCELL-000686,NG-SCELL-000685,NG-SCELL-000684,NG-SCELL-000718,NG-SCELL-000753,EXACT_DECIMAL_CENTER_COORDINATE_PLUS_DECLARED_SPACING,VALID
NG-SCELL-000720,NG-SCELL-000755,NG-SCELL-000756,NG-SCELL-000721,NG-SCELL-000687,NG-SCELL-000686,NG-SCELL-000685,NG-SCELL-000719,NG-SCELL-000754,EXACT_DECIMAL_CENTER_COORDINATE_PLUS_DECLARED_SPACING,VALID
NG-SCELL-000721,NG-SCELL-000756,NG-SCELL-000757,NG-SCELL-000722,NG-SCELL-000688,NG-SCELL-000687,NG-SCELL-000686,NG-SCELL-000720,NG-SCELL-000755,EXACT_DECIMAL_CENTER_COORDINATE_PLUS_DECLARED_SPACING,VALID
NG-SCELL-000722,NG-SCELL-000757,NG-SCELL-000758,NG-SCELL-000723,NG-SCELL-000689,NG-SCELL-000688,NG-SCELL-000687,NG-SCELL-000721,NG-SCELL-000756,EXACT_DECIMAL_CENTER_COORDINATE_PLUS_DECLARED_SPACING,VALID
NG-SCELL-000723,NG-SCELL-000758,NG-SCELL-000759,NG-SCELL-000724,NG-SCELL-000690,NG-SCELL-000689,NG-SCELL-000688,NG-SCELL-000722,NG-SCELL-000757,EXACT_DECIMAL_CENTER_COORDINATE_PLUS_DECLARED_SPACING,VALID
NG-SCELL-000724,NG-SCELL-000759,NG-SCELL-000760,NG-SCELL-000725,NG-SCELL-000691,NG-SCELL-000690,NG-SCELL-000689,NG-SCELL-000723,NG-SCELL-000758,EXACT_DECIMAL_CENTER_COORDINATE_PLUS_DECLARED_SPACING,VALID
NG-SCELL-000725,NG-SCELL-000760,NG-SCELL-000761,NG-SCELL-000726,NG-SCELL-000692,NG-SCELL-000691,NG-SCELL-000690,NG-SCELL-000724,NG-SCELL-000759,EXACT_DECIMAL_CENTER_COORDINATE_PLUS_DECLARED_SPACING,VALID
NG-SCELL-000726,NG-SCELL-000761,NG-SCELL-000762,NG-SCELL-000727,NG-SCELL-000693,NG-SCELL-000692,NG-SCELL-000691,NG-SCELL-000725,NG-SCELL-000760,EXACT_DECIMAL_CENTER_COORDINATE_PLUS_DECLARED_SPACING,VALID
NG-SCELL-000727,NG-SCELL-000762,NG-SCELL-000763,NG-SCELL-000728,NG-SCELL-000694,NG-SCELL-000693,NG-SCELL-000692,NG-SCELL-000726,NG-SCELL-000761,EXACT_DECIMAL_CENTER_COORDINATE_PLUS_DECLARED_SPACING,VALID
NG-SCELL-000728,NG-SCELL-000763,NG-SCELL-000764,NG-SCELL-000729,NG-SCELL-000695,NG-SCELL-000694,NG-SCELL-000693,NG-SCELL-000727,NG-SCELL-000762,EXACT_DECIMAL_CENTER_COORDINATE_PLUS_DECLARED_SPACING,VALID
NG-SCELL-000729,NG-SCELL-000764,NG-SCELL-000765,NG-SCELL-000730,NG-SCELL-000696,NG-SCELL-000695,NG-SCELL-000694,NG-SCELL-000728,NG-SCELL-000763,EXACT_DECIMAL_CENTER_COORDINATE_PLUS_DECLARED_SPACING,VALID
NG-SCELL-000730,NG-SCELL-000765,NG-SCELL-000766,NG-SCELL-000731,NG-SCELL-000697,NG-SCELL-000696,NG-SCELL-000695,NG-SCELL-000729,NG-SCELL-000764,EXACT_DECIMAL_CENTER_COORDINATE_PLUS_DECLARED_SPACING,VALID
NG-SCELL-000731,NG-SCELL-000766,NG-SCELL-000767,NG-SCELL-000732,NG-SCELL-000698,NG-SCELL-000697,NG-SCELL-000696,NG-SCELL-000730,NG-SCELL-000765,EXACT_DECIMAL_CENTER_COORDINATE_PLUS_DECLARED_SPACING,VALID
NG-SCELL-000732,NG-SCELL-000767,NG-SCELL-000768,NG-SCELL-000733,NG-SCELL-000699,NG-SCELL-000698,NG-SCELL-000697,NG-SCELL-000731,NG-SCELL-000766,EXACT_DECIMAL_CENTER_COORDINATE_PLUS_DECLARED_SPACING,VALID
NG-SCELL-000733,NG-SCELL-000768,NG-SCELL-000769,NG-SCELL-000734,NG-SCELL-000700,NG-SCELL-000699,NG-SCELL-000698,NG-SCELL-000732,NG-SCELL-000767,EXACT_DECIMAL_CENTER_COORDINATE_PLUS_DECLARED_SPACING,VALID
NG-SCELL-000734,NG-SCELL-000769,NG-SCELL-000770,NG-SCELL-000735,NG-SCELL-000701,NG-SCELL-000700,NG-SCELL-000699,NG-SCELL-000733,NG-SCELL-000768,EXACT_DECIMAL_CENTER_COORDINATE_PLUS_DECLARED_SPACING,VALID
NG-SCELL-000735,NG-SCELL-000770,NG-SCELL-000771,NG-SCELL-000736,NG-SCELL-000702,NG-SCELL-000701,NG-SCELL-000700,NG-SCELL-000734,NG-SCELL-000769,EXACT_DECIMAL_CENTER_COORDINATE_PLUS_DECLARED_SPACING,VALID
NG-SCELL-000736,NG-SCELL-000771,NG-SCELL-000772,NG-SCELL-000737,NG-SCELL-000703,NG-SCELL-000702,NG-SCELL-000701,NG-SCELL-000735,NG-SCELL-000770,EXACT_DECIMAL_CENTER_COORDINATE_PLUS_DECLARED_SPACING,VALID
NG-SCELL-000737,NG-SCELL-000772,NG-SCELL-000773,NG-SCELL-000738,NG-SCELL-000704,NG-SCELL-000703,NG-SCELL-000702,NG-SCELL-000736,NG-SCELL-000771,EXACT_DECIMAL_CENTER_COORDINATE_PLUS_DECLARED_SPACING,VALID
NG-SCELL-000738,NG-SCELL-000773,NG-SCELL-000774,NG-SCELL-000739,NG-SCELL-000705,NG-SCELL-000704,NG-SCELL-000703,NG-SCELL-000737,NG-SCELL-000772,EXACT_DECIMAL_CENTER_COORDINATE_PLUS_DECLARED_SPACING,VALID
NG-SCELL-000739,NG-SCELL-000774,NG-SCELL-000775,NG-SCELL-000740,NG-SCELL-000706,NG-SCELL-000705,NG-SCELL-000704,NG-SCELL-000738,NG-SCELL-000773,EXACT_DECIMAL_CENTER_COORDINATE_PLUS_DECLARED_SPACING,VALID
NG-SCELL-000740,NG-SCELL-000775,NG-SCELL-000776,NG-SCELL-000741,NG-SCELL-000707,NG-SCELL-000706,NG-SCELL-000705,NG-SCELL-000739,NG-SCELL-000774,EXACT_DECIMAL_CENTER_COORDINATE_PLUS_DECLARED_SPACING,VALID
NG-SCELL-000741,NG-SCELL-000776,NG-SCELL-000777,NG-SCELL-000742,NG-SCELL-000708,NG-SCELL-000707,NG-SCELL-000706,NG-SCELL-000740,NG-SCELL-000775,EXACT_DECIMAL_CENTER_COORDINATE_PLUS_DECLARED_SPACING,VALID
NG-SCELL-000742,NG-SCELL-000777,NG-SCELL-000778,NG-SCELL-000743,NG-SCELL-000709,NG-SCELL-000708,NG-SCELL-000707,NG-SCELL-000741,NG-SCELL-000776,EXACT_DECIMAL_CENTER_COORDINATE_PLUS_DECLARED_SPACING,VALID
NG-SCELL-000743,NG-SCELL-000778,NG-SCELL-000779,NG-SCELL-000744,NG-SCELL-000710,NG-SCELL-000709,NG-SCELL-000708,NG-SCELL-000742,NG-SCELL-000777,EXACT_DECIMAL_CENTER_COORDINATE_PLUS_DECLARED_SPACING,VALID
NG-SCELL-000744,NG-SCELL-000779,NG-SCELL-000780,NG-SCELL-000745,NG-SCELL-000711,NG-SCELL-000710,NG-SCELL-000709,NG-SCELL-000743,NG-SCELL-000778,EXACT_DECIMAL_CENTER_COORDINATE_PLUS_DECLARED_SPACING,VALID
NG-SCELL-000745,NG-SCELL-000780,NG-SCELL-000781,NG-SCELL-000746,NG-SCELL-000712,NG-SCELL-000711,NG-SCELL-000710,NG-SCELL-000744,NG-SCELL-000779,EXACT_DECIMAL_CENTER_COORDINATE_PLUS_DECLARED_SPACING,VALID
NG-SCELL-000746,NG-SCELL-000781,NG-SCELL-000782,NG-SCELL-000747,NG-SCELL-000713,NG-SCELL-000712,NG-SCELL-000711,NG-SCELL-000745,NG-SCELL-000780,EXACT_DECIMAL_CENTER_COORDINATE_PLUS_DECLARED_SPACING,VALID
NG-SCELL-000747,NG-SCELL-000782,NG-SCELL-000783,NG-SCELL-000748,NG-SCELL-000714,NG-SCELL-000713,NG-SCELL-000712,NG-SCELL-000746,NG-SCELL-000781,EXACT_DECIMAL_CENTER_COORDINATE_PLUS_DECLARED_SPACING,VALID
NG-SCELL-000748,NG-SCELL-000783,NG-SCELL-000784,NG-SCELL-000749,,NG-SCELL-000714,NG-SCELL-000713,NG-SCELL-000747,NG-SCELL-000782,EXACT_DECIMAL_CENTER_COORDINATE_PLUS_DECLARED_SPACING,VALID
NG-SCELL-000749,NG-SCELL-000784,,,,,NG-SCELL-000714,NG-SCELL-000748,NG-SCELL-000783,EXACT_DECIMAL_CENTER_COORDINATE_PLUS_DECLARED_SPACING,VALID
NG-SCELL-000750,NG-SCELL-000785,NG-SCELL-000786,NG-SCELL-000751,NG-SCELL-000716,NG-SCELL-000715,,,,EXACT_DECIMAL_CENTER_COORDINATE_PLUS_DECLARED_SPACING,VALID
NG-SCELL-000751,NG-SCELL-000786,NG-SCELL-000787,NG-SCELL-000752,NG-SCELL-000717,NG-SCELL-000716,NG-SCELL-000715,NG-SCELL-000750,NG-SCELL-000785,EXACT_DECIMAL_CENTER_COORDINATE_PLUS_DECLARED_SPACING,VALID
NG-SCELL-000752,NG-SCELL-000787,NG-SCELL-000788,NG-SCELL-000753,NG-SCELL-000718,NG-SCELL-000717,NG-SCELL-000716,NG-SCELL-000751,NG-SCELL-000786,EXACT_DECIMAL_CENTER_COORDINATE_PLUS_DECLARED_SPACING,VALID
NG-SCELL-000753,NG-SCELL-000788,NG-SCELL-000789,NG-SCELL-000754,NG-SCELL-000719,NG-SCELL-000718,NG-SCELL-000717,NG-SCELL-000752,NG-SCELL-000787,EXACT_DECIMAL_CENTER_COORDINATE_PLUS_DECLARED_SPACING,VALID
NG-SCELL-000754,NG-SCELL-000789,NG-SCELL-000790,NG-SCELL-000755,NG-SCELL-000720,NG-SCELL-000719,NG-SCELL-000718,NG-SCELL-000753,NG-SCELL-000788,EXACT_DECIMAL_CENTER_COORDINATE_PLUS_DECLARED_SPACING,VALID
NG-SCELL-000755,NG-SCELL-000790,NG-SCELL-000791,NG-SCELL-000756,NG-SCELL-000721,NG-SCELL-000720,NG-SCELL-000719,NG-SCELL-000754,NG-SCELL-000789,EXACT_DECIMAL_CENTER_COORDINATE_PLUS_DECLARED_SPACING,VALID
NG-SCELL-000756,NG-SCELL-000791,NG-SCELL-000792,NG-SCELL-000757,NG-SCELL-000722,NG-SCELL-000721,NG-SCELL-000720,NG-SCELL-000755,NG-SCELL-000790,EXACT_DECIMAL_CENTER_COORDINATE_PLUS_DECLARED_SPACING,VALID
NG-SCELL-000757,NG-SCELL-000792,NG-SCELL-000793,NG-SCELL-000758,NG-SCELL-000723,NG-SCELL-000722,NG-SCELL-000721,NG-SCELL-000756,NG-SCELL-000791,EXACT_DECIMAL_CENTER_COORDINATE_PLUS_DECLARED_SPACING,VALID
NG-SCELL-000758,NG-SCELL-000793,NG-SCELL-000794,NG-SCELL-000759,NG-SCELL-000724,NG-SCELL-000723,NG-SCELL-000722,NG-SCELL-000757,NG-SCELL-000792,EXACT_DECIMAL_CENTER_COORDINATE_PLUS_DECLARED_SPACING,VALID
NG-SCELL-000759,NG-SCELL-000794,NG-SCELL-000795,NG-SCELL-000760,NG-SCELL-000725,NG-SCELL-000724,NG-SCELL-000723,NG-SCELL-000758,NG-SCELL-000793,EXACT_DECIMAL_CENTER_COORDINATE_PLUS_DECLARED_SPACING,VALID
NG-SCELL-000760,NG-SCELL-000795,NG-SCELL-000796,NG-SCELL-000761,NG-SCELL-000726,NG-SCELL-000725,NG-SCELL-000724,NG-SCELL-000759,NG-SCELL-000794,EXACT_DECIMAL_CENTER_COORDINATE_PLUS_DECLARED_SPACING,VALID
NG-SCELL-000761,NG-SCELL-000796,NG-SCELL-000797,NG-SCELL-000762,NG-SCELL-000727,NG-SCELL-000726,NG-SCELL-000725,NG-SCELL-000760,NG-SCELL-000795,EXACT_DECIMAL_CENTER_COORDINATE_PLUS_DECLARED_SPACING,VALID
NG-SCELL-000762,NG-SCELL-000797,NG-SCELL-000798,NG-SCELL-000763,NG-SCELL-000728,NG-SCELL-000727,NG-SCELL-000726,NG-SCELL-000761,NG-SCELL-000796,EXACT_DECIMAL_CENTER_COORDINATE_PLUS_DECLARED_SPACING,VALID
NG-SCELL-000763,NG-SCELL-000798,NG-SCELL-000799,NG-SCELL-000764,NG-SCELL-000729,NG-SCELL-000728,NG-SCELL-000727,NG-SCELL-000762,NG-SCELL-000797,EXACT_DECIMAL_CENTER_COORDINATE_PLUS_DECLARED_SPACING,VALID
NG-SCELL-000764,NG-SCELL-000799,NG-SCELL-000800,NG-SCELL-000765,NG-SCELL-000730,NG-SCELL-000729,NG-SCELL-000728,NG-SCELL-000763,NG-SCELL-000798,EXACT_DECIMAL_CENTER_COORDINATE_PLUS_DECLARED_SPACING,VALID
NG-SCELL-000765,NG-SCELL-000800,NG-SCELL-000801,NG-SCELL-000766,NG-SCELL-000731,NG-SCELL-000730,NG-SCELL-000729,NG-SCELL-000764,NG-SCELL-000799,EXACT_DECIMAL_CENTER_COORDINATE_PLUS_DECLARED_SPACING,VALID
NG-SCELL-000766,NG-SCELL-000801,NG-SCELL-000802,NG-SCELL-000767,NG-SCELL-000732,NG-SCELL-000731,NG-SCELL-000730,NG-SCELL-000765,NG-SCELL-000800,EXACT_DECIMAL_CENTER_COORDINATE_PLUS_DECLARED_SPACING,VALID
NG-SCELL-000767,NG-SCELL-000802,NG-SCELL-000803,NG-SCELL-000768,NG-SCELL-000733,NG-SCELL-000732,NG-SCELL-000731,NG-SCELL-000766,NG-SCELL-000801,EXACT_DECIMAL_CENTER_COORDINATE_PLUS_DECLARED_SPACING,VALID
NG-SCELL-000768,NG-SCELL-000803,NG-SCELL-000804,NG-SCELL-000769,NG-SCELL-000734,NG-SCELL-000733,NG-SCELL-000732,NG-SCELL-000767,NG-SCELL-000802,EXACT_DECIMAL_CENTER_COORDINATE_PLUS_DECLARED_SPACING,VALID
NG-SCELL-000769,NG-SCELL-000804,NG-SCELL-000805,NG-SCELL-000770,NG-SCELL-000735,NG-SCELL-000734,NG-SCELL-000733,NG-SCELL-000768,NG-SCELL-000803,EXACT_DECIMAL_CENTER_COORDINATE_PLUS_DECLARED_SPACING,VALID
NG-SCELL-000770,NG-SCELL-000805,NG-SCELL-000806,NG-SCELL-000771,NG-SCELL-000736,NG-SCELL-000735,NG-SCELL-000734,NG-SCELL-000769,NG-SCELL-000804,EXACT_DECIMAL_CENTER_COORDINATE_PLUS_DECLARED_SPACING,VALID
NG-SCELL-000771,NG-SCELL-000806,NG-SCELL-000807,NG-SCELL-000772,NG-SCELL-000737,NG-SCELL-000736,NG-SCELL-000735,NG-SCELL-000770,NG-SCELL-000805,EXACT_DECIMAL_CENTER_COORDINATE_PLUS_DECLARED_SPACING,VALID
NG-SCELL-000772,NG-SCELL-000807,NG-SCELL-000808,NG-SCELL-000773,NG-SCELL-000738,NG-SCELL-000737,NG-SCELL-000736,NG-SCELL-000771,NG-SCELL-000806,EXACT_DECIMAL_CENTER_COORDINATE_PLUS_DECLARED_SPACING,VALID
NG-SCELL-000773,NG-SCELL-000808,NG-SCELL-000809,NG-SCELL-000774,NG-SCELL-000739,NG-SCELL-000738,NG-SCELL-000737,NG-SCELL-000772,NG-SCELL-000807,EXACT_DECIMAL_CENTER_COORDINATE_PLUS_DECLARED_SPACING,VALID
NG-SCELL-000774,NG-SCELL-000809,NG-SCELL-000810,NG-SCELL-000775,NG-SCELL-000740,NG-SCELL-000739,NG-SCELL-000738,NG-SCELL-000773,NG-SCELL-000808,EXACT_DECIMAL_CENTER_COORDINATE_PLUS_DECLARED_SPACING,VALID
NG-SCELL-000775,NG-SCELL-000810,NG-SCELL-000811,NG-SCELL-000776,NG-SCELL-000741,NG-SCELL-000740,NG-SCELL-000739,NG-SCELL-000774,NG-SCELL-000809,EXACT_DECIMAL_CENTER_COORDINATE_PLUS_DECLARED_SPACING,VALID
NG-SCELL-000776,NG-SCELL-000811,NG-SCELL-000812,NG-SCELL-000777,NG-SCELL-000742,NG-SCELL-000741,NG-SCELL-000740,NG-SCELL-000775,NG-SCELL-000810,EXACT_DECIMAL_CENTER_COORDINATE_PLUS_DECLARED_SPACING,VALID
NG-SCELL-000777,NG-SCELL-000812,NG-SCELL-000813,NG-SCELL-000778,NG-SCELL-000743,NG-SCELL-000742,NG-SCELL-000741,NG-SCELL-000776,NG-SCELL-000811,EXACT_DECIMAL_CENTER_COORDINATE_PLUS_DECLARED_SPACING,VALID
NG-SCELL-000778,NG-SCELL-000813,NG-SCELL-000814,NG-SCELL-000779,NG-SCELL-000744,NG-SCELL-000743,NG-SCELL-000742,NG-SCELL-000777,NG-SCELL-000812,EXACT_DECIMAL_CENTER_COORDINATE_PLUS_DECLARED_SPACING,VALID
NG-SCELL-000779,NG-SCELL-000814,NG-SCELL-000815,NG-SCELL-000780,NG-SCELL-000745,NG-SCELL-000744,NG-SCELL-000743,NG-SCELL-000778,NG-SCELL-000813,EXACT_DECIMAL_CENTER_COORDINATE_PLUS_DECLARED_SPACING,VALID
NG-SCELL-000780,NG-SCELL-000815,NG-SCELL-000816,NG-SCELL-000781,NG-SCELL-000746,NG-SCELL-000745,NG-SCELL-000744,NG-SCELL-000779,NG-SCELL-000814,EXACT_DECIMAL_CENTER_COORDINATE_PLUS_DECLARED_SPACING,VALID
NG-SCELL-000781,NG-SCELL-000816,NG-SCELL-000817,NG-SCELL-000782,NG-SCELL-000747,NG-SCELL-000746,NG-SCELL-000745,NG-SCELL-000780,NG-SCELL-000815,EXACT_DECIMAL_CENTER_COORDINATE_PLUS_DECLARED_SPACING,VALID
NG-SCELL-000782,NG-SCELL-000817,NG-SCELL-000818,NG-SCELL-000783,NG-SCELL-000748,NG-SCELL-000747,NG-SCELL-000746,NG-SCELL-000781,NG-SCELL-000816,EXACT_DECIMAL_CENTER_COORDINATE_PLUS_DECLARED_SPACING,VALID
NG-SCELL-000783,NG-SCELL-000818,NG-SCELL-000819,NG-SCELL-000784,NG-SCELL-000749,NG-SCELL-000748,NG-SCELL-000747,NG-SCELL-000782,NG-SCELL-000817,EXACT_DECIMAL_CENTER_COORDINATE_PLUS_DECLARED_SPACING,VALID
NG-SCELL-000784,NG-SCELL-000819,,,,NG-SCELL-000749,NG-SCELL-000748,NG-SCELL-000783,NG-SCELL-000818,EXACT_DECIMAL_CENTER_COORDINATE_PLUS_DECLARED_SPACING,VALID
NG-SCELL-000785,NG-SCELL-000820,NG-SCELL-000821,NG-SCELL-000786,NG-SCELL-000751,NG-SCELL-000750,,,,EXACT_DECIMAL_CENTER_COORDINATE_PLUS_DECLARED_SPACING,VALID
NG-SCELL-000786,NG-SCELL-000821,NG-SCELL-000822,NG-SCELL-000787,NG-SCELL-000752,NG-SCELL-000751,NG-SCELL-000750,NG-SCELL-000785,NG-SCELL-000820,EXACT_DECIMAL_CENTER_COORDINATE_PLUS_DECLARED_SPACING,VALID
NG-SCELL-000787,NG-SCELL-000822,NG-SCELL-000823,NG-SCELL-000788,NG-SCELL-000753,NG-SCELL-000752,NG-SCELL-000751,NG-SCELL-000786,NG-SCELL-000821,EXACT_DECIMAL_CENTER_COORDINATE_PLUS_DECLARED_SPACING,VALID
NG-SCELL-000788,NG-SCELL-000823,NG-SCELL-000824,NG-SCELL-000789,NG-SCELL-000754,NG-SCELL-000753,NG-SCELL-000752,NG-SCELL-000787,NG-SCELL-000822,EXACT_DECIMAL_CENTER_COORDINATE_PLUS_DECLARED_SPACING,VALID
NG-SCELL-000789,NG-SCELL-000824,NG-SCELL-000825,NG-SCELL-000790,NG-SCELL-000755,NG-SCELL-000754,NG-SCELL-000753,NG-SCELL-000788,NG-SCELL-000823,EXACT_DECIMAL_CENTER_COORDINATE_PLUS_DECLARED_SPACING,VALID
NG-SCELL-000790,NG-SCELL-000825,NG-SCELL-000826,NG-SCELL-000791,NG-SCELL-000756,NG-SCELL-000755,NG-SCELL-000754,NG-SCELL-000789,NG-SCELL-000824,EXACT_DECIMAL_CENTER_COORDINATE_PLUS_DECLARED_SPACING,VALID
NG-SCELL-000791,NG-SCELL-000826,NG-SCELL-000827,NG-SCELL-000792,NG-SCELL-000757,NG-SCELL-000756,NG-SCELL-000755,NG-SCELL-000790,NG-SCELL-000825,EXACT_DECIMAL_CENTER_COORDINATE_PLUS_DECLARED_SPACING,VALID
NG-SCELL-000792,NG-SCELL-000827,NG-SCELL-000828,NG-SCELL-000793,NG-SCELL-000758,NG-SCELL-000757,NG-SCELL-000756,NG-SCELL-000791,NG-SCELL-000826,EXACT_DECIMAL_CENTER_COORDINATE_PLUS_DECLARED_SPACING,VALID
NG-SCELL-000793,NG-SCELL-000828,NG-SCELL-000829,NG-SCELL-000794,NG-SCELL-000759,NG-SCELL-000758,NG-SCELL-000757,NG-SCELL-000792,NG-SCELL-000827,EXACT_DECIMAL_CENTER_COORDINATE_PLUS_DECLARED_SPACING,VALID
NG-SCELL-000794,NG-SCELL-000829,NG-SCELL-000830,NG-SCELL-000795,NG-SCELL-000760,NG-SCELL-000759,NG-SCELL-000758,NG-SCELL-000793,NG-SCELL-000828,EXACT_DECIMAL_CENTER_COORDINATE_PLUS_DECLARED_SPACING,VALID
NG-SCELL-000795,NG-SCELL-000830,NG-SCELL-000831,NG-SCELL-000796,NG-SCELL-000761,NG-SCELL-000760,NG-SCELL-000759,NG-SCELL-000794,NG-SCELL-000829,EXACT_DECIMAL_CENTER_COORDINATE_PLUS_DECLARED_SPACING,VALID
NG-SCELL-000796,NG-SCELL-000831,NG-SCELL-000832,NG-SCELL-000797,NG-SCELL-000762,NG-SCELL-000761,NG-SCELL-000760,NG-SCELL-000795,NG-SCELL-000830,EXACT_DECIMAL_CENTER_COORDINATE_PLUS_DECLARED_SPACING,VALID
NG-SCELL-000797,NG-SCELL-000832,NG-SCELL-000833,NG-SCELL-000798,NG-SCELL-000763,NG-SCELL-000762,NG-SCELL-000761,NG-SCELL-000796,NG-SCELL-000831,EXACT_DECIMAL_CENTER_COORDINATE_PLUS_DECLARED_SPACING,VALID
NG-SCELL-000798,NG-SCELL-000833,NG-SCELL-000834,NG-SCELL-000799,NG-SCELL-000764,NG-SCELL-000763,NG-SCELL-000762,NG-SCELL-000797,NG-SCELL-000832,EXACT_DECIMAL_CENTER_COORDINATE_PLUS_DECLARED_SPACING,VALID
NG-SCELL-000799,NG-SCELL-000834,NG-SCELL-000835,NG-SCELL-000800,NG-SCELL-000765,NG-SCELL-000764,NG-SCELL-000763,NG-SCELL-000798,NG-SCELL-000833,EXACT_DECIMAL_CENTER_COORDINATE_PLUS_DECLARED_SPACING,VALID
NG-SCELL-000800,NG-SCELL-000835,NG-SCELL-000836,NG-SCELL-000801,NG-SCELL-000766,NG-SCELL-000765,NG-SCELL-000764,NG-SCELL-000799,NG-SCELL-000834,EXACT_DECIMAL_CENTER_COORDINATE_PLUS_DECLARED_SPACING,VALID
NG-SCELL-000801,NG-SCELL-000836,NG-SCELL-000837,NG-SCELL-000802,NG-SCELL-000767,NG-SCELL-000766,NG-SCELL-000765,NG-SCELL-000800,NG-SCELL-000835,EXACT_DECIMAL_CENTER_COORDINATE_PLUS_DECLARED_SPACING,VALID
NG-SCELL-000802,NG-SCELL-000837,NG-SCELL-000838,NG-SCELL-000803,NG-SCELL-000768,NG-SCELL-000767,NG-SCELL-000766,NG-SCELL-000801,NG-SCELL-000836,EXACT_DECIMAL_CENTER_COORDINATE_PLUS_DECLARED_SPACING,VALID
NG-SCELL-000803,NG-SCELL-000838,NG-SCELL-000839,NG-SCELL-000804,NG-SCELL-000769,NG-SCELL-000768,NG-SCELL-000767,NG-SCELL-000802,NG-SCELL-000837,EXACT_DECIMAL_CENTER_COORDINATE_PLUS_DECLARED_SPACING,VALID
NG-SCELL-000804,NG-SCELL-000839,NG-SCELL-000840,NG-SCELL-000805,NG-SCELL-000770,NG-SCELL-000769,NG-SCELL-000768,NG-SCELL-000803,NG-SCELL-000838,EXACT_DECIMAL_CENTER_COORDINATE_PLUS_DECLARED_SPACING,VALID
NG-SCELL-000805,NG-SCELL-000840,NG-SCELL-000841,NG-SCELL-000806,NG-SCELL-000771,NG-SCELL-000770,NG-SCELL-000769,NG-SCELL-000804,NG-SCELL-000839,EXACT_DECIMAL_CENTER_COORDINATE_PLUS_DECLARED_SPACING,VALID
NG-SCELL-000806,NG-SCELL-000841,NG-SCELL-000842,NG-SCELL-000807,NG-SCELL-000772,NG-SCELL-000771,NG-SCELL-000770,NG-SCELL-000805,NG-SCELL-000840,EXACT_DECIMAL_CENTER_COORDINATE_PLUS_DECLARED_SPACING,VALID
NG-SCELL-000807,NG-SCELL-000842,NG-SCELL-000843,NG-SCELL-000808,NG-SCELL-000773,NG-SCELL-000772,NG-SCELL-000771,NG-SCELL-000806,NG-SCELL-000841,EXACT_DECIMAL_CENTER_COORDINATE_PLUS_DECLARED_SPACING,VALID
NG-SCELL-000808,NG-SCELL-000843,NG-SCELL-000844,NG-SCELL-000809,NG-SCELL-000774,NG-SCELL-000773,NG-SCELL-000772,NG-SCELL-000807,NG-SCELL-000842,EXACT_DECIMAL_CENTER_COORDINATE_PLUS_DECLARED_SPACING,VALID
NG-SCELL-000809,NG-SCELL-000844,NG-SCELL-000845,NG-SCELL-000810,NG-SCELL-000775,NG-SCELL-000774,NG-SCELL-000773,NG-SCELL-000808,NG-SCELL-000843,EXACT_DECIMAL_CENTER_COORDINATE_PLUS_DECLARED_SPACING,VALID
NG-SCELL-000810,NG-SCELL-000845,NG-SCELL-000846,NG-SCELL-000811,NG-SCELL-000776,NG-SCELL-000775,NG-SCELL-000774,NG-SCELL-000809,NG-SCELL-000844,EXACT_DECIMAL_CENTER_COORDINATE_PLUS_DECLARED_SPACING,VALID
NG-SCELL-000811,NG-SCELL-000846,NG-SCELL-000847,NG-SCELL-000812,NG-SCELL-000777,NG-SCELL-000776,NG-SCELL-000775,NG-SCELL-000810,NG-SCELL-000845,EXACT_DECIMAL_CENTER_COORDINATE_PLUS_DECLARED_SPACING,VALID
NG-SCELL-000812,NG-SCELL-000847,NG-SCELL-000848,NG-SCELL-000813,NG-SCELL-000778,NG-SCELL-000777,NG-SCELL-000776,NG-SCELL-000811,NG-SCELL-000846,EXACT_DECIMAL_CENTER_COORDINATE_PLUS_DECLARED_SPACING,VALID
NG-SCELL-000813,NG-SCELL-000848,NG-SCELL-000849,NG-SCELL-000814,NG-SCELL-000779,NG-SCELL-000778,NG-SCELL-000777,NG-SCELL-000812,NG-SCELL-000847,EXACT_DECIMAL_CENTER_COORDINATE_PLUS_DECLARED_SPACING,VALID
NG-SCELL-000814,NG-SCELL-000849,NG-SCELL-000850,NG-SCELL-000815,NG-SCELL-000780,NG-SCELL-000779,NG-SCELL-000778,NG-SCELL-000813,NG-SCELL-000848,EXACT_DECIMAL_CENTER_COORDINATE_PLUS_DECLARED_SPACING,VALID
NG-SCELL-000815,NG-SCELL-000850,NG-SCELL-000851,NG-SCELL-000816,NG-SCELL-000781,NG-SCELL-000780,NG-SCELL-000779,NG-SCELL-000814,NG-SCELL-000849,EXACT_DECIMAL_CENTER_COORDINATE_PLUS_DECLARED_SPACING,VALID
NG-SCELL-000816,NG-SCELL-000851,NG-SCELL-000852,NG-SCELL-000817,NG-SCELL-000782,NG-SCELL-000781,NG-SCELL-000780,NG-SCELL-000815,NG-SCELL-000850,EXACT_DECIMAL_CENTER_COORDINATE_PLUS_DECLARED_SPACING,VALID
NG-SCELL-000817,NG-SCELL-000852,NG-SCELL-000853,NG-SCELL-000818,NG-SCELL-000783,NG-SCELL-000782,NG-SCELL-000781,NG-SCELL-000816,NG-SCELL-000851,EXACT_DECIMAL_CENTER_COORDINATE_PLUS_DECLARED_SPACING,VALID
NG-SCELL-000818,NG-SCELL-000853,,NG-SCELL-000819,NG-SCELL-000784,NG-SCELL-000783,NG-SCELL-000782,NG-SCELL-000817,NG-SCELL-000852,EXACT_DECIMAL_CENTER_COORDINATE_PLUS_DECLARED_SPACING,VALID
NG-SCELL-000819,,,,,NG-SCELL-000784,NG-SCELL-000783,NG-SCELL-000818,NG-SCELL-000853,EXACT_DECIMAL_CENTER_COORDINATE_PLUS_DECLARED_SPACING,VALID
NG-SCELL-000820,NG-SCELL-000854,NG-SCELL-000855,NG-SCELL-000821,NG-SCELL-000786,NG-SCELL-000785,,,,EXACT_DECIMAL_CENTER_COORDINATE_PLUS_DECLARED_SPACING,VALID
NG-SCELL-000821,NG-SCELL-000855,NG-SCELL-000856,NG-SCELL-000822,NG-SCELL-000787,NG-SCELL-000786,NG-SCELL-000785,NG-SCELL-000820,NG-SCELL-000854,EXACT_DECIMAL_CENTER_COORDINATE_PLUS_DECLARED_SPACING,VALID
NG-SCELL-000822,NG-SCELL-000856,NG-SCELL-000857,NG-SCELL-000823,NG-SCELL-000788,NG-SCELL-000787,NG-SCELL-000786,NG-SCELL-000821,NG-SCELL-000855,EXACT_DECIMAL_CENTER_COORDINATE_PLUS_DECLARED_SPACING,VALID
NG-SCELL-000823,NG-SCELL-000857,NG-SCELL-000858,NG-SCELL-000824,NG-SCELL-000789,NG-SCELL-000788,NG-SCELL-000787,NG-SCELL-000822,NG-SCELL-000856,EXACT_DECIMAL_CENTER_COORDINATE_PLUS_DECLARED_SPACING,VALID
NG-SCELL-000824,NG-SCELL-000858,NG-SCELL-000859,NG-SCELL-000825,NG-SCELL-000790,NG-SCELL-000789,NG-SCELL-000788,NG-SCELL-000823,NG-SCELL-000857,EXACT_DECIMAL_CENTER_COORDINATE_PLUS_DECLARED_SPACING,VALID
NG-SCELL-000825,NG-SCELL-000859,NG-SCELL-000860,NG-SCELL-000826,NG-SCELL-000791,NG-SCELL-000790,NG-SCELL-000789,NG-SCELL-000824,NG-SCELL-000858,EXACT_DECIMAL_CENTER_COORDINATE_PLUS_DECLARED_SPACING,VALID
NG-SCELL-000826,NG-SCELL-000860,NG-SCELL-000861,NG-SCELL-000827,NG-SCELL-000792,NG-SCELL-000791,NG-SCELL-000790,NG-SCELL-000825,NG-SCELL-000859,EXACT_DECIMAL_CENTER_COORDINATE_PLUS_DECLARED_SPACING,VALID
NG-SCELL-000827,NG-SCELL-000861,NG-SCELL-000862,NG-SCELL-000828,NG-SCELL-000793,NG-SCELL-000792,NG-SCELL-000791,NG-SCELL-000826,NG-SCELL-000860,EXACT_DECIMAL_CENTER_COORDINATE_PLUS_DECLARED_SPACING,VALID
NG-SCELL-000828,NG-SCELL-000862,NG-SCELL-000863,NG-SCELL-000829,NG-SCELL-000794,NG-SCELL-000793,NG-SCELL-000792,NG-SCELL-000827,NG-SCELL-000861,EXACT_DECIMAL_CENTER_COORDINATE_PLUS_DECLARED_SPACING,VALID
NG-SCELL-000829,NG-SCELL-000863,NG-SCELL-000864,NG-SCELL-000830,NG-SCELL-000795,NG-SCELL-000794,NG-SCELL-000793,NG-SCELL-000828,NG-SCELL-000862,EXACT_DECIMAL_CENTER_COORDINATE_PLUS_DECLARED_SPACING,VALID
NG-SCELL-000830,NG-SCELL-000864,NG-SCELL-000865,NG-SCELL-000831,NG-SCELL-000796,NG-SCELL-000795,NG-SCELL-000794,NG-SCELL-000829,NG-SCELL-000863,EXACT_DECIMAL_CENTER_COORDINATE_PLUS_DECLARED_SPACING,VALID
NG-SCELL-000831,NG-SCELL-000865,NG-SCELL-000866,NG-SCELL-000832,NG-SCELL-000797,NG-SCELL-000796,NG-SCELL-000795,NG-SCELL-000830,NG-SCELL-000864,EXACT_DECIMAL_CENTER_COORDINATE_PLUS_DECLARED_SPACING,VALID
NG-SCELL-000832,NG-SCELL-000866,NG-SCELL-000867,NG-SCELL-000833,NG-SCELL-000798,NG-SCELL-000797,NG-SCELL-000796,NG-SCELL-000831,NG-SCELL-000865,EXACT_DECIMAL_CENTER_COORDINATE_PLUS_DECLARED_SPACING,VALID
NG-SCELL-000833,NG-SCELL-000867,NG-SCELL-000868,NG-SCELL-000834,NG-SCELL-000799,NG-SCELL-000798,NG-SCELL-000797,NG-SCELL-000832,NG-SCELL-000866,EXACT_DECIMAL_CENTER_COORDINATE_PLUS_DECLARED_SPACING,VALID
NG-SCELL-000834,NG-SCELL-000868,NG-SCELL-000869,NG-SCELL-000835,NG-SCELL-000800,NG-SCELL-000799,NG-SCELL-000798,NG-SCELL-000833,NG-SCELL-000867,EXACT_DECIMAL_CENTER_COORDINATE_PLUS_DECLARED_SPACING,VALID
NG-SCELL-000835,NG-SCELL-000869,NG-SCELL-000870,NG-SCELL-000836,NG-SCELL-000801,NG-SCELL-000800,NG-SCELL-000799,NG-SCELL-000834,NG-SCELL-000868,EXACT_DECIMAL_CENTER_COORDINATE_PLUS_DECLARED_SPACING,VALID
NG-SCELL-000836,NG-SCELL-000870,NG-SCELL-000871,NG-SCELL-000837,NG-SCELL-000802,NG-SCELL-000801,NG-SCELL-000800,NG-SCELL-000835,NG-SCELL-000869,EXACT_DECIMAL_CENTER_COORDINATE_PLUS_DECLARED_SPACING,VALID
NG-SCELL-000837,NG-SCELL-000871,NG-SCELL-000872,NG-SCELL-000838,NG-SCELL-000803,NG-SCELL-000802,NG-SCELL-000801,NG-SCELL-000836,NG-SCELL-000870,EXACT_DECIMAL_CENTER_COORDINATE_PLUS_DECLARED_SPACING,VALID
NG-SCELL-000838,NG-SCELL-000872,NG-SCELL-000873,NG-SCELL-000839,NG-SCELL-000804,NG-SCELL-000803,NG-SCELL-000802,NG-SCELL-000837,NG-SCELL-000871,EXACT_DECIMAL_CENTER_COORDINATE_PLUS_DECLARED_SPACING,VALID
NG-SCELL-000839,NG-SCELL-000873,NG-SCELL-000874,NG-SCELL-000840,NG-SCELL-000805,NG-SCELL-000804,NG-SCELL-000803,NG-SCELL-000838,NG-SCELL-000872,EXACT_DECIMAL_CENTER_COORDINATE_PLUS_DECLARED_SPACING,VALID
NG-SCELL-000840,NG-SCELL-000874,NG-SCELL-000875,NG-SCELL-000841,NG-SCELL-000806,NG-SCELL-000805,NG-SCELL-000804,NG-SCELL-000839,NG-SCELL-000873,EXACT_DECIMAL_CENTER_COORDINATE_PLUS_DECLARED_SPACING,VALID
NG-SCELL-000841,NG-SCELL-000875,NG-SCELL-000876,NG-SCELL-000842,NG-SCELL-000807,NG-SCELL-000806,NG-SCELL-000805,NG-SCELL-000840,NG-SCELL-000874,EXACT_DECIMAL_CENTER_COORDINATE_PLUS_DECLARED_SPACING,VALID
NG-SCELL-000842,NG-SCELL-000876,NG-SCELL-000877,NG-SCELL-000843,NG-SCELL-000808,NG-SCELL-000807,NG-SCELL-000806,NG-SCELL-000841,NG-SCELL-000875,EXACT_DECIMAL_CENTER_COORDINATE_PLUS_DECLARED_SPACING,VALID
NG-SCELL-000843,NG-SCELL-000877,NG-SCELL-000878,NG-SCELL-000844,NG-SCELL-000809,NG-SCELL-000808,NG-SCELL-000807,NG-SCELL-000842,NG-SCELL-000876,EXACT_DECIMAL_CENTER_COORDINATE_PLUS_DECLARED_SPACING,VALID
NG-SCELL-000844,NG-SCELL-000878,NG-SCELL-000879,NG-SCELL-000845,NG-SCELL-000810,NG-SCELL-000809,NG-SCELL-000808,NG-SCELL-000843,NG-SCELL-000877,EXACT_DECIMAL_CENTER_COORDINATE_PLUS_DECLARED_SPACING,VALID
NG-SCELL-000845,NG-SCELL-000879,NG-SCELL-000880,NG-SCELL-000846,NG-SCELL-000811,NG-SCELL-000810,NG-SCELL-000809,NG-SCELL-000844,NG-SCELL-000878,EXACT_DECIMAL_CENTER_COORDINATE_PLUS_DECLARED_SPACING,VALID
NG-SCELL-000846,NG-SCELL-000880,NG-SCELL-000881,NG-SCELL-000847,NG-SCELL-000812,NG-SCELL-000811,NG-SCELL-000810,NG-SCELL-000845,NG-SCELL-000879,EXACT_DECIMAL_CENTER_COORDINATE_PLUS_DECLARED_SPACING,VALID
NG-SCELL-000847,NG-SCELL-000881,NG-SCELL-000882,NG-SCELL-000848,NG-SCELL-000813,NG-SCELL-000812,NG-SCELL-000811,NG-SCELL-000846,NG-SCELL-000880,EXACT_DECIMAL_CENTER_COORDINATE_PLUS_DECLARED_SPACING,VALID
NG-SCELL-000848,NG-SCELL-000882,NG-SCELL-000883,NG-SCELL-000849,NG-SCELL-000814,NG-SCELL-000813,NG-SCELL-000812,NG-SCELL-000847,NG-SCELL-000881,EXACT_DECIMAL_CENTER_COORDINATE_PLUS_DECLARED_SPACING,VALID
NG-SCELL-000849,NG-SCELL-000883,NG-SCELL-000884,NG-SCELL-000850,NG-SCELL-000815,NG-SCELL-000814,NG-SCELL-000813,NG-SCELL-000848,NG-SCELL-000882,EXACT_DECIMAL_CENTER_COORDINATE_PLUS_DECLARED_SPACING,VALID
NG-SCELL-000850,NG-SCELL-000884,NG-SCELL-000885,NG-SCELL-000851,NG-SCELL-000816,NG-SCELL-000815,NG-SCELL-000814,NG-SCELL-000849,NG-SCELL-000883,EXACT_DECIMAL_CENTER_COORDINATE_PLUS_DECLARED_SPACING,VALID
NG-SCELL-000851,NG-SCELL-000885,NG-SCELL-000886,NG-SCELL-000852,NG-SCELL-000817,NG-SCELL-000816,NG-SCELL-000815,NG-SCELL-000850,NG-SCELL-000884,EXACT_DECIMAL_CENTER_COORDINATE_PLUS_DECLARED_SPACING,VALID
NG-SCELL-000852,NG-SCELL-000886,,NG-SCELL-000853,NG-SCELL-000818,NG-SCELL-000817,NG-SCELL-000816,NG-SCELL-000851,NG-SCELL-000885,EXACT_DECIMAL_CENTER_COORDINATE_PLUS_DECLARED_SPACING,VALID
NG-SCELL-000853,,,,NG-SCELL-000819,NG-SCELL-000818,NG-SCELL-000817,NG-SCELL-000852,NG-SCELL-000886,EXACT_DECIMAL_CENTER_COORDINATE_PLUS_DECLARED_SPACING,VALID
NG-SCELL-000854,,NG-SCELL-000888,NG-SCELL-000855,NG-SCELL-000821,NG-SCELL-000820,,,,EXACT_DECIMAL_CENTER_COORDINATE_PLUS_DECLARED_SPACING,VALID
NG-SCELL-000855,NG-SCELL-000888,NG-SCELL-000889,NG-SCELL-000856,NG-SCELL-000822,NG-SCELL-000821,NG-SCELL-000820,NG-SCELL-000854,,EXACT_DECIMAL_CENTER_COORDINATE_PLUS_DECLARED_SPACING,VALID
NG-SCELL-000856,NG-SCELL-000889,NG-SCELL-000890,NG-SCELL-000857,NG-SCELL-000823,NG-SCELL-000822,NG-SCELL-000821,NG-SCELL-000855,NG-SCELL-000888,EXACT_DECIMAL_CENTER_COORDINATE_PLUS_DECLARED_SPACING,VALID
NG-SCELL-000857,NG-SCELL-000890,NG-SCELL-000891,NG-SCELL-000858,NG-SCELL-000824,NG-SCELL-000823,NG-SCELL-000822,NG-SCELL-000856,NG-SCELL-000889,EXACT_DECIMAL_CENTER_COORDINATE_PLUS_DECLARED_SPACING,VALID
NG-SCELL-000858,NG-SCELL-000891,NG-SCELL-000892,NG-SCELL-000859,NG-SCELL-000825,NG-SCELL-000824,NG-SCELL-000823,NG-SCELL-000857,NG-SCELL-000890,EXACT_DECIMAL_CENTER_COORDINATE_PLUS_DECLARED_SPACING,VALID
NG-SCELL-000859,NG-SCELL-000892,NG-SCELL-000893,NG-SCELL-000860,NG-SCELL-000826,NG-SCELL-000825,NG-SCELL-000824,NG-SCELL-000858,NG-SCELL-000891,EXACT_DECIMAL_CENTER_COORDINATE_PLUS_DECLARED_SPACING,VALID
NG-SCELL-000860,NG-SCELL-000893,NG-SCELL-000894,NG-SCELL-000861,NG-SCELL-000827,NG-SCELL-000826,NG-SCELL-000825,NG-SCELL-000859,NG-SCELL-000892,EXACT_DECIMAL_CENTER_COORDINATE_PLUS_DECLARED_SPACING,VALID
NG-SCELL-000861,NG-SCELL-000894,NG-SCELL-000895,NG-SCELL-000862,NG-SCELL-000828,NG-SCELL-000827,NG-SCELL-000826,NG-SCELL-000860,NG-SCELL-000893,EXACT_DECIMAL_CENTER_COORDINATE_PLUS_DECLARED_SPACING,VALID
NG-SCELL-000862,NG-SCELL-000895,NG-SCELL-000896,NG-SCELL-000863,NG-SCELL-000829,NG-SCELL-000828,NG-SCELL-000827,NG-SCELL-000861,NG-SCELL-000894,EXACT_DECIMAL_CENTER_COORDINATE_PLUS_DECLARED_SPACING,VALID
NG-SCELL-000863,NG-SCELL-000896,NG-SCELL-000897,NG-SCELL-000864,NG-SCELL-000830,NG-SCELL-000829,NG-SCELL-000828,NG-SCELL-000862,NG-SCELL-000895,EXACT_DECIMAL_CENTER_COORDINATE_PLUS_DECLARED_SPACING,VALID
NG-SCELL-000864,NG-SCELL-000897,NG-SCELL-000898,NG-SCELL-000865,NG-SCELL-000831,NG-SCELL-000830,NG-SCELL-000829,NG-SCELL-000863,NG-SCELL-000896,EXACT_DECIMAL_CENTER_COORDINATE_PLUS_DECLARED_SPACING,VALID
NG-SCELL-000865,NG-SCELL-000898,NG-SCELL-000899,NG-SCELL-000866,NG-SCELL-000832,NG-SCELL-000831,NG-SCELL-000830,NG-SCELL-000864,NG-SCELL-000897,EXACT_DECIMAL_CENTER_COORDINATE_PLUS_DECLARED_SPACING,VALID
NG-SCELL-000866,NG-SCELL-000899,NG-SCELL-000900,NG-SCELL-000867,NG-SCELL-000833,NG-SCELL-000832,NG-SCELL-000831,NG-SCELL-000865,NG-SCELL-000898,EXACT_DECIMAL_CENTER_COORDINATE_PLUS_DECLARED_SPACING,VALID
NG-SCELL-000867,NG-SCELL-000900,NG-SCELL-000901,NG-SCELL-000868,NG-SCELL-000834,NG-SCELL-000833,NG-SCELL-000832,NG-SCELL-000866,NG-SCELL-000899,EXACT_DECIMAL_CENTER_COORDINATE_PLUS_DECLARED_SPACING,VALID
NG-SCELL-000868,NG-SCELL-000901,NG-SCELL-000902,NG-SCELL-000869,NG-SCELL-000835,NG-SCELL-000834,NG-SCELL-000833,NG-SCELL-000867,NG-SCELL-000900,EXACT_DECIMAL_CENTER_COORDINATE_PLUS_DECLARED_SPACING,VALID
NG-SCELL-000869,NG-SCELL-000902,NG-SCELL-000903,NG-SCELL-000870,NG-SCELL-000836,NG-SCELL-000835,NG-SCELL-000834,NG-SCELL-000868,NG-SCELL-000901,EXACT_DECIMAL_CENTER_COORDINATE_PLUS_DECLARED_SPACING,VALID
NG-SCELL-000870,NG-SCELL-000903,NG-SCELL-000904,NG-SCELL-000871,NG-SCELL-000837,NG-SCELL-000836,NG-SCELL-000835,NG-SCELL-000869,NG-SCELL-000902,EXACT_DECIMAL_CENTER_COORDINATE_PLUS_DECLARED_SPACING,VALID
NG-SCELL-000871,NG-SCELL-000904,NG-SCELL-000905,NG-SCELL-000872,NG-SCELL-000838,NG-SCELL-000837,NG-SCELL-000836,NG-SCELL-000870,NG-SCELL-000903,EXACT_DECIMAL_CENTER_COORDINATE_PLUS_DECLARED_SPACING,VALID
NG-SCELL-000872,NG-SCELL-000905,NG-SCELL-000906,NG-SCELL-000873,NG-SCELL-000839,NG-SCELL-000838,NG-SCELL-000837,NG-SCELL-000871,NG-SCELL-000904,EXACT_DECIMAL_CENTER_COORDINATE_PLUS_DECLARED_SPACING,VALID
NG-SCELL-000873,NG-SCELL-000906,NG-SCELL-000907,NG-SCELL-000874,NG-SCELL-000840,NG-SCELL-000839,NG-SCELL-000838,NG-SCELL-000872,NG-SCELL-000905,EXACT_DECIMAL_CENTER_COORDINATE_PLUS_DECLARED_SPACING,VALID
NG-SCELL-000874,NG-SCELL-000907,NG-SCELL-000908,NG-SCELL-000875,NG-SCELL-000841,NG-SCELL-000840,NG-SCELL-000839,NG-SCELL-000873,NG-SCELL-000906,EXACT_DECIMAL_CENTER_COORDINATE_PLUS_DECLARED_SPACING,VALID
NG-SCELL-000875,NG-SCELL-000908,NG-SCELL-000909,NG-SCELL-000876,NG-SCELL-000842,NG-SCELL-000841,NG-SCELL-000840,NG-SCELL-000874,NG-SCELL-000907,EXACT_DECIMAL_CENTER_COORDINATE_PLUS_DECLARED_SPACING,VALID
NG-SCELL-000876,NG-SCELL-000909,NG-SCELL-000910,NG-SCELL-000877,NG-SCELL-000843,NG-SCELL-000842,NG-SCELL-000841,NG-SCELL-000875,NG-SCELL-000908,EXACT_DECIMAL_CENTER_COORDINATE_PLUS_DECLARED_SPACING,VALID
NG-SCELL-000877,NG-SCELL-000910,NG-SCELL-000911,NG-SCELL-000878,NG-SCELL-000844,NG-SCELL-000843,NG-SCELL-000842,NG-SCELL-000876,NG-SCELL-000909,EXACT_DECIMAL_CENTER_COORDINATE_PLUS_DECLARED_SPACING,VALID
NG-SCELL-000878,NG-SCELL-000911,NG-SCELL-000912,NG-SCELL-000879,NG-SCELL-000845,NG-SCELL-000844,NG-SCELL-000843,NG-SCELL-000877,NG-SCELL-000910,EXACT_DECIMAL_CENTER_COORDINATE_PLUS_DECLARED_SPACING,VALID
NG-SCELL-000879,NG-SCELL-000912,NG-SCELL-000913,NG-SCELL-000880,NG-SCELL-000846,NG-SCELL-000845,NG-SCELL-000844,NG-SCELL-000878,NG-SCELL-000911,EXACT_DECIMAL_CENTER_COORDINATE_PLUS_DECLARED_SPACING,VALID
NG-SCELL-000880,NG-SCELL-000913,NG-SCELL-000914,NG-SCELL-000881,NG-SCELL-000847,NG-SCELL-000846,NG-SCELL-000845,NG-SCELL-000879,NG-SCELL-000912,EXACT_DECIMAL_CENTER_COORDINATE_PLUS_DECLARED_SPACING,VALID
NG-SCELL-000881,NG-SCELL-000914,NG-SCELL-000915,NG-SCELL-000882,NG-SCELL-000848,NG-SCELL-000847,NG-SCELL-000846,NG-SCELL-000880,NG-SCELL-000913,EXACT_DECIMAL_CENTER_COORDINATE_PLUS_DECLARED_SPACING,VALID
NG-SCELL-000882,NG-SCELL-000915,NG-SCELL-000916,NG-SCELL-000883,NG-SCELL-000849,NG-SCELL-000848,NG-SCELL-000847,NG-SCELL-000881,NG-SCELL-000914,EXACT_DECIMAL_CENTER_COORDINATE_PLUS_DECLARED_SPACING,VALID
NG-SCELL-000883,NG-SCELL-000916,NG-SCELL-000917,NG-SCELL-000884,NG-SCELL-000850,NG-SCELL-000849,NG-SCELL-000848,NG-SCELL-000882,NG-SCELL-000915,EXACT_DECIMAL_CENTER_COORDINATE_PLUS_DECLARED_SPACING,VALID
NG-SCELL-000884,NG-SCELL-000917,NG-SCELL-000918,NG-SCELL-000885,NG-SCELL-000851,NG-SCELL-000850,NG-SCELL-000849,NG-SCELL-000883,NG-SCELL-000916,EXACT_DECIMAL_CENTER_COORDINATE_PLUS_DECLARED_SPACING,VALID
NG-SCELL-000885,NG-SCELL-000918,NG-SCELL-000919,NG-SCELL-000886,NG-SCELL-000852,NG-SCELL-000851,NG-SCELL-000850,NG-SCELL-000884,NG-SCELL-000917,EXACT_DECIMAL_CENTER_COORDINATE_PLUS_DECLARED_SPACING,VALID
NG-SCELL-000886,NG-SCELL-000919,,,NG-SCELL-000853,NG-SCELL-000852,NG-SCELL-000851,NG-SCELL-000885,NG-SCELL-000918,EXACT_DECIMAL_CENTER_COORDINATE_PLUS_DECLARED_SPACING,VALID
NG-SCELL-000887,,,,,,,,,EXACT_DECIMAL_CENTER_COORDINATE_PLUS_DECLARED_SPACING,VALID
NG-SCELL-000888,NG-SCELL-000920,NG-SCELL-000921,NG-SCELL-000889,NG-SCELL-000856,NG-SCELL-000855,NG-SCELL-000854,,,EXACT_DECIMAL_CENTER_COORDINATE_PLUS_DECLARED_SPACING,VALID
NG-SCELL-000889,NG-SCELL-000921,NG-SCELL-000922,NG-SCELL-000890,NG-SCELL-000857,NG-SCELL-000856,NG-SCELL-000855,NG-SCELL-000888,NG-SCELL-000920,EXACT_DECIMAL_CENTER_COORDINATE_PLUS_DECLARED_SPACING,VALID
NG-SCELL-000890,NG-SCELL-000922,NG-SCELL-000923,NG-SCELL-000891,NG-SCELL-000858,NG-SCELL-000857,NG-SCELL-000856,NG-SCELL-000889,NG-SCELL-000921,EXACT_DECIMAL_CENTER_COORDINATE_PLUS_DECLARED_SPACING,VALID
NG-SCELL-000891,NG-SCELL-000923,NG-SCELL-000924,NG-SCELL-000892,NG-SCELL-000859,NG-SCELL-000858,NG-SCELL-000857,NG-SCELL-000890,NG-SCELL-000922,EXACT_DECIMAL_CENTER_COORDINATE_PLUS_DECLARED_SPACING,VALID
NG-SCELL-000892,NG-SCELL-000924,NG-SCELL-000925,NG-SCELL-000893,NG-SCELL-000860,NG-SCELL-000859,NG-SCELL-000858,NG-SCELL-000891,NG-SCELL-000923,EXACT_DECIMAL_CENTER_COORDINATE_PLUS_DECLARED_SPACING,VALID
NG-SCELL-000893,NG-SCELL-000925,NG-SCELL-000926,NG-SCELL-000894,NG-SCELL-000861,NG-SCELL-000860,NG-SCELL-000859,NG-SCELL-000892,NG-SCELL-000924,EXACT_DECIMAL_CENTER_COORDINATE_PLUS_DECLARED_SPACING,VALID
NG-SCELL-000894,NG-SCELL-000926,NG-SCELL-000927,NG-SCELL-000895,NG-SCELL-000862,NG-SCELL-000861,NG-SCELL-000860,NG-SCELL-000893,NG-SCELL-000925,EXACT_DECIMAL_CENTER_COORDINATE_PLUS_DECLARED_SPACING,VALID
NG-SCELL-000895,NG-SCELL-000927,NG-SCELL-000928,NG-SCELL-000896,NG-SCELL-000863,NG-SCELL-000862,NG-SCELL-000861,NG-SCELL-000894,NG-SCELL-000926,EXACT_DECIMAL_CENTER_COORDINATE_PLUS_DECLARED_SPACING,VALID
NG-SCELL-000896,NG-SCELL-000928,NG-SCELL-000929,NG-SCELL-000897,NG-SCELL-000864,NG-SCELL-000863,NG-SCELL-000862,NG-SCELL-000895,NG-SCELL-000927,EXACT_DECIMAL_CENTER_COORDINATE_PLUS_DECLARED_SPACING,VALID
NG-SCELL-000897,NG-SCELL-000929,NG-SCELL-000930,NG-SCELL-000898,NG-SCELL-000865,NG-SCELL-000864,NG-SCELL-000863,NG-SCELL-000896,NG-SCELL-000928,EXACT_DECIMAL_CENTER_COORDINATE_PLUS_DECLARED_SPACING,VALID
NG-SCELL-000898,NG-SCELL-000930,NG-SCELL-000931,NG-SCELL-000899,NG-SCELL-000866,NG-SCELL-000865,NG-SCELL-000864,NG-SCELL-000897,NG-SCELL-000929,EXACT_DECIMAL_CENTER_COORDINATE_PLUS_DECLARED_SPACING,VALID
NG-SCELL-000899,NG-SCELL-000931,NG-SCELL-000932,NG-SCELL-000900,NG-SCELL-000867,NG-SCELL-000866,NG-SCELL-000865,NG-SCELL-000898,NG-SCELL-000930,EXACT_DECIMAL_CENTER_COORDINATE_PLUS_DECLARED_SPACING,VALID
NG-SCELL-000900,NG-SCELL-000932,NG-SCELL-000933,NG-SCELL-000901,NG-SCELL-000868,NG-SCELL-000867,NG-SCELL-000866,NG-SCELL-000899,NG-SCELL-000931,EXACT_DECIMAL_CENTER_COORDINATE_PLUS_DECLARED_SPACING,VALID
NG-SCELL-000901,NG-SCELL-000933,NG-SCELL-000934,NG-SCELL-000902,NG-SCELL-000869,NG-SCELL-000868,NG-SCELL-000867,NG-SCELL-000900,NG-SCELL-000932,EXACT_DECIMAL_CENTER_COORDINATE_PLUS_DECLARED_SPACING,VALID
NG-SCELL-000902,NG-SCELL-000934,NG-SCELL-000935,NG-SCELL-000903,NG-SCELL-000870,NG-SCELL-000869,NG-SCELL-000868,NG-SCELL-000901,NG-SCELL-000933,EXACT_DECIMAL_CENTER_COORDINATE_PLUS_DECLARED_SPACING,VALID
NG-SCELL-000903,NG-SCELL-000935,NG-SCELL-000936,NG-SCELL-000904,NG-SCELL-000871,NG-SCELL-000870,NG-SCELL-000869,NG-SCELL-000902,NG-SCELL-000934,EXACT_DECIMAL_CENTER_COORDINATE_PLUS_DECLARED_SPACING,VALID
NG-SCELL-000904,NG-SCELL-000936,NG-SCELL-000937,NG-SCELL-000905,NG-SCELL-000872,NG-SCELL-000871,NG-SCELL-000870,NG-SCELL-000903,NG-SCELL-000935,EXACT_DECIMAL_CENTER_COORDINATE_PLUS_DECLARED_SPACING,VALID
NG-SCELL-000905,NG-SCELL-000937,NG-SCELL-000938,NG-SCELL-000906,NG-SCELL-000873,NG-SCELL-000872,NG-SCELL-000871,NG-SCELL-000904,NG-SCELL-000936,EXACT_DECIMAL_CENTER_COORDINATE_PLUS_DECLARED_SPACING,VALID
NG-SCELL-000906,NG-SCELL-000938,NG-SCELL-000939,NG-SCELL-000907,NG-SCELL-000874,NG-SCELL-000873,NG-SCELL-000872,NG-SCELL-000905,NG-SCELL-000937,EXACT_DECIMAL_CENTER_COORDINATE_PLUS_DECLARED_SPACING,VALID
NG-SCELL-000907,NG-SCELL-000939,NG-SCELL-000940,NG-SCELL-000908,NG-SCELL-000875,NG-SCELL-000874,NG-SCELL-000873,NG-SCELL-000906,NG-SCELL-000938,EXACT_DECIMAL_CENTER_COORDINATE_PLUS_DECLARED_SPACING,VALID
NG-SCELL-000908,NG-SCELL-000940,NG-SCELL-000941,NG-SCELL-000909,NG-SCELL-000876,NG-SCELL-000875,NG-SCELL-000874,NG-SCELL-000907,NG-SCELL-000939,EXACT_DECIMAL_CENTER_COORDINATE_PLUS_DECLARED_SPACING,VALID
NG-SCELL-000909,NG-SCELL-000941,NG-SCELL-000942,NG-SCELL-000910,NG-SCELL-000877,NG-SCELL-000876,NG-SCELL-000875,NG-SCELL-000908,NG-SCELL-000940,EXACT_DECIMAL_CENTER_COORDINATE_PLUS_DECLARED_SPACING,VALID
NG-SCELL-000910,NG-SCELL-000942,NG-SCELL-000943,NG-SCELL-000911,NG-SCELL-000878,NG-SCELL-000877,NG-SCELL-000876,NG-SCELL-000909,NG-SCELL-000941,EXACT_DECIMAL_CENTER_COORDINATE_PLUS_DECLARED_SPACING,VALID
NG-SCELL-000911,NG-SCELL-000943,NG-SCELL-000944,NG-SCELL-000912,NG-SCELL-000879,NG-SCELL-000878,NG-SCELL-000877,NG-SCELL-000910,NG-SCELL-000942,EXACT_DECIMAL_CENTER_COORDINATE_PLUS_DECLARED_SPACING,VALID
NG-SCELL-000912,NG-SCELL-000944,NG-SCELL-000945,NG-SCELL-000913,NG-SCELL-000880,NG-SCELL-000879,NG-SCELL-000878,NG-SCELL-000911,NG-SCELL-000943,EXACT_DECIMAL_CENTER_COORDINATE_PLUS_DECLARED_SPACING,VALID
NG-SCELL-000913,NG-SCELL-000945,NG-SCELL-000946,NG-SCELL-000914,NG-SCELL-000881,NG-SCELL-000880,NG-SCELL-000879,NG-SCELL-000912,NG-SCELL-000944,EXACT_DECIMAL_CENTER_COORDINATE_PLUS_DECLARED_SPACING,VALID
NG-SCELL-000914,NG-SCELL-000946,NG-SCELL-000947,NG-SCELL-000915,NG-SCELL-000882,NG-SCELL-000881,NG-SCELL-000880,NG-SCELL-000913,NG-SCELL-000945,EXACT_DECIMAL_CENTER_COORDINATE_PLUS_DECLARED_SPACING,VALID
NG-SCELL-000915,NG-SCELL-000947,NG-SCELL-000948,NG-SCELL-000916,NG-SCELL-000883,NG-SCELL-000882,NG-SCELL-000881,NG-SCELL-000914,NG-SCELL-000946,EXACT_DECIMAL_CENTER_COORDINATE_PLUS_DECLARED_SPACING,VALID
NG-SCELL-000916,NG-SCELL-000948,NG-SCELL-000949,NG-SCELL-000917,NG-SCELL-000884,NG-SCELL-000883,NG-SCELL-000882,NG-SCELL-000915,NG-SCELL-000947,EXACT_DECIMAL_CENTER_COORDINATE_PLUS_DECLARED_SPACING,VALID
NG-SCELL-000917,NG-SCELL-000949,,NG-SCELL-000918,NG-SCELL-000885,NG-SCELL-000884,NG-SCELL-000883,NG-SCELL-000916,NG-SCELL-000948,EXACT_DECIMAL_CENTER_COORDINATE_PLUS_DECLARED_SPACING,VALID
NG-SCELL-000918,,,NG-SCELL-000919,NG-SCELL-000886,NG-SCELL-000885,NG-SCELL-000884,NG-SCELL-000917,NG-SCELL-000949,EXACT_DECIMAL_CENTER_COORDINATE_PLUS_DECLARED_SPACING,VALID
NG-SCELL-000919,,,,,NG-SCELL-000886,NG-SCELL-000885,NG-SCELL-000918,,EXACT_DECIMAL_CENTER_COORDINATE_PLUS_DECLARED_SPACING,VALID
NG-SCELL-000920,NG-SCELL-000951,NG-SCELL-000952,NG-SCELL-000921,NG-SCELL-000889,NG-SCELL-000888,,,,EXACT_DECIMAL_CENTER_COORDINATE_PLUS_DECLARED_SPACING,VALID
NG-SCELL-000921,NG-SCELL-000952,NG-SCELL-000953,NG-SCELL-000922,NG-SCELL-000890,NG-SCELL-000889,NG-SCELL-000888,NG-SCELL-000920,NG-SCELL-000951,EXACT_DECIMAL_CENTER_COORDINATE_PLUS_DECLARED_SPACING,VALID
NG-SCELL-000922,NG-SCELL-000953,NG-SCELL-000954,NG-SCELL-000923,NG-SCELL-000891,NG-SCELL-000890,NG-SCELL-000889,NG-SCELL-000921,NG-SCELL-000952,EXACT_DECIMAL_CENTER_COORDINATE_PLUS_DECLARED_SPACING,VALID
NG-SCELL-000923,NG-SCELL-000954,NG-SCELL-000955,NG-SCELL-000924,NG-SCELL-000892,NG-SCELL-000891,NG-SCELL-000890,NG-SCELL-000922,NG-SCELL-000953,EXACT_DECIMAL_CENTER_COORDINATE_PLUS_DECLARED_SPACING,VALID
NG-SCELL-000924,NG-SCELL-000955,NG-SCELL-000956,NG-SCELL-000925,NG-SCELL-000893,NG-SCELL-000892,NG-SCELL-000891,NG-SCELL-000923,NG-SCELL-000954,EXACT_DECIMAL_CENTER_COORDINATE_PLUS_DECLARED_SPACING,VALID
NG-SCELL-000925,NG-SCELL-000956,NG-SCELL-000957,NG-SCELL-000926,NG-SCELL-000894,NG-SCELL-000893,NG-SCELL-000892,NG-SCELL-000924,NG-SCELL-000955,EXACT_DECIMAL_CENTER_COORDINATE_PLUS_DECLARED_SPACING,VALID
NG-SCELL-000926,NG-SCELL-000957,NG-SCELL-000958,NG-SCELL-000927,NG-SCELL-000895,NG-SCELL-000894,NG-SCELL-000893,NG-SCELL-000925,NG-SCELL-000956,EXACT_DECIMAL_CENTER_COORDINATE_PLUS_DECLARED_SPACING,VALID
NG-SCELL-000927,NG-SCELL-000958,NG-SCELL-000959,NG-SCELL-000928,NG-SCELL-000896,NG-SCELL-000895,NG-SCELL-000894,NG-SCELL-000926,NG-SCELL-000957,EXACT_DECIMAL_CENTER_COORDINATE_PLUS_DECLARED_SPACING,VALID
NG-SCELL-000928,NG-SCELL-000959,NG-SCELL-000960,NG-SCELL-000929,NG-SCELL-000897,NG-SCELL-000896,NG-SCELL-000895,NG-SCELL-000927,NG-SCELL-000958,EXACT_DECIMAL_CENTER_COORDINATE_PLUS_DECLARED_SPACING,VALID
NG-SCELL-000929,NG-SCELL-000960,NG-SCELL-000961,NG-SCELL-000930,NG-SCELL-000898,NG-SCELL-000897,NG-SCELL-000896,NG-SCELL-000928,NG-SCELL-000959,EXACT_DECIMAL_CENTER_COORDINATE_PLUS_DECLARED_SPACING,VALID
NG-SCELL-000930,NG-SCELL-000961,NG-SCELL-000962,NG-SCELL-000931,NG-SCELL-000899,NG-SCELL-000898,NG-SCELL-000897,NG-SCELL-000929,NG-SCELL-000960,EXACT_DECIMAL_CENTER_COORDINATE_PLUS_DECLARED_SPACING,VALID
NG-SCELL-000931,NG-SCELL-000962,NG-SCELL-000963,NG-SCELL-000932,NG-SCELL-000900,NG-SCELL-000899,NG-SCELL-000898,NG-SCELL-000930,NG-SCELL-000961,EXACT_DECIMAL_CENTER_COORDINATE_PLUS_DECLARED_SPACING,VALID
NG-SCELL-000932,NG-SCELL-000963,NG-SCELL-000964,NG-SCELL-000933,NG-SCELL-000901,NG-SCELL-000900,NG-SCELL-000899,NG-SCELL-000931,NG-SCELL-000962,EXACT_DECIMAL_CENTER_COORDINATE_PLUS_DECLARED_SPACING,VALID
NG-SCELL-000933,NG-SCELL-000964,NG-SCELL-000965,NG-SCELL-000934,NG-SCELL-000902,NG-SCELL-000901,NG-SCELL-000900,NG-SCELL-000932,NG-SCELL-000963,EXACT_DECIMAL_CENTER_COORDINATE_PLUS_DECLARED_SPACING,VALID
NG-SCELL-000934,NG-SCELL-000965,NG-SCELL-000966,NG-SCELL-000935,NG-SCELL-000903,NG-SCELL-000902,NG-SCELL-000901,NG-SCELL-000933,NG-SCELL-000964,EXACT_DECIMAL_CENTER_COORDINATE_PLUS_DECLARED_SPACING,VALID
NG-SCELL-000935,NG-SCELL-000966,NG-SCELL-000967,NG-SCELL-000936,NG-SCELL-000904,NG-SCELL-000903,NG-SCELL-000902,NG-SCELL-000934,NG-SCELL-000965,EXACT_DECIMAL_CENTER_COORDINATE_PLUS_DECLARED_SPACING,VALID
NG-SCELL-000936,NG-SCELL-000967,NG-SCELL-000968,NG-SCELL-000937,NG-SCELL-000905,NG-SCELL-000904,NG-SCELL-000903,NG-SCELL-000935,NG-SCELL-000966,EXACT_DECIMAL_CENTER_COORDINATE_PLUS_DECLARED_SPACING,VALID
NG-SCELL-000937,NG-SCELL-000968,NG-SCELL-000969,NG-SCELL-000938,NG-SCELL-000906,NG-SCELL-000905,NG-SCELL-000904,NG-SCELL-000936,NG-SCELL-000967,EXACT_DECIMAL_CENTER_COORDINATE_PLUS_DECLARED_SPACING,VALID
NG-SCELL-000938,NG-SCELL-000969,NG-SCELL-000970,NG-SCELL-000939,NG-SCELL-000907,NG-SCELL-000906,NG-SCELL-000905,NG-SCELL-000937,NG-SCELL-000968,EXACT_DECIMAL_CENTER_COORDINATE_PLUS_DECLARED_SPACING,VALID
NG-SCELL-000939,NG-SCELL-000970,NG-SCELL-000971,NG-SCELL-000940,NG-SCELL-000908,NG-SCELL-000907,NG-SCELL-000906,NG-SCELL-000938,NG-SCELL-000969,EXACT_DECIMAL_CENTER_COORDINATE_PLUS_DECLARED_SPACING,VALID
NG-SCELL-000940,NG-SCELL-000971,NG-SCELL-000972,NG-SCELL-000941,NG-SCELL-000909,NG-SCELL-000908,NG-SCELL-000907,NG-SCELL-000939,NG-SCELL-000970,EXACT_DECIMAL_CENTER_COORDINATE_PLUS_DECLARED_SPACING,VALID
NG-SCELL-000941,NG-SCELL-000972,NG-SCELL-000973,NG-SCELL-000942,NG-SCELL-000910,NG-SCELL-000909,NG-SCELL-000908,NG-SCELL-000940,NG-SCELL-000971,EXACT_DECIMAL_CENTER_COORDINATE_PLUS_DECLARED_SPACING,VALID
NG-SCELL-000942,NG-SCELL-000973,NG-SCELL-000974,NG-SCELL-000943,NG-SCELL-000911,NG-SCELL-000910,NG-SCELL-000909,NG-SCELL-000941,NG-SCELL-000972,EXACT_DECIMAL_CENTER_COORDINATE_PLUS_DECLARED_SPACING,VALID
NG-SCELL-000943,NG-SCELL-000974,NG-SCELL-000975,NG-SCELL-000944,NG-SCELL-000912,NG-SCELL-000911,NG-SCELL-000910,NG-SCELL-000942,NG-SCELL-000973,EXACT_DECIMAL_CENTER_COORDINATE_PLUS_DECLARED_SPACING,VALID
NG-SCELL-000944,NG-SCELL-000975,NG-SCELL-000976,NG-SCELL-000945,NG-SCELL-000913,NG-SCELL-000912,NG-SCELL-000911,NG-SCELL-000943,NG-SCELL-000974,EXACT_DECIMAL_CENTER_COORDINATE_PLUS_DECLARED_SPACING,VALID
NG-SCELL-000945,NG-SCELL-000976,NG-SCELL-000977,NG-SCELL-000946,NG-SCELL-000914,NG-SCELL-000913,NG-SCELL-000912,NG-SCELL-000944,NG-SCELL-000975,EXACT_DECIMAL_CENTER_COORDINATE_PLUS_DECLARED_SPACING,VALID
NG-SCELL-000946,NG-SCELL-000977,NG-SCELL-000978,NG-SCELL-000947,NG-SCELL-000915,NG-SCELL-000914,NG-SCELL-000913,NG-SCELL-000945,NG-SCELL-000976,EXACT_DECIMAL_CENTER_COORDINATE_PLUS_DECLARED_SPACING,VALID
NG-SCELL-000947,NG-SCELL-000978,NG-SCELL-000979,NG-SCELL-000948,NG-SCELL-000916,NG-SCELL-000915,NG-SCELL-000914,NG-SCELL-000946,NG-SCELL-000977,EXACT_DECIMAL_CENTER_COORDINATE_PLUS_DECLARED_SPACING,VALID
NG-SCELL-000948,NG-SCELL-000979,,NG-SCELL-000949,NG-SCELL-000917,NG-SCELL-000916,NG-SCELL-000915,NG-SCELL-000947,NG-SCELL-000978,EXACT_DECIMAL_CENTER_COORDINATE_PLUS_DECLARED_SPACING,VALID
NG-SCELL-000949,,,,NG-SCELL-000918,NG-SCELL-000917,NG-SCELL-000916,NG-SCELL-000948,NG-SCELL-000979,EXACT_DECIMAL_CENTER_COORDINATE_PLUS_DECLARED_SPACING,VALID
NG-SCELL-000950,NG-SCELL-000980,,,,,,,,EXACT_DECIMAL_CENTER_COORDINATE_PLUS_DECLARED_SPACING,VALID
NG-SCELL-000951,,NG-SCELL-000981,NG-SCELL-000952,NG-SCELL-000921,NG-SCELL-000920,,,,EXACT_DECIMAL_CENTER_COORDINATE_PLUS_DECLARED_SPACING,VALID
NG-SCELL-000952,NG-SCELL-000981,NG-SCELL-000982,NG-SCELL-000953,NG-SCELL-000922,NG-SCELL-000921,NG-SCELL-000920,NG-SCELL-000951,,EXACT_DECIMAL_CENTER_COORDINATE_PLUS_DECLARED_SPACING,VALID
NG-SCELL-000953,NG-SCELL-000982,NG-SCELL-000983,NG-SCELL-000954,NG-SCELL-000923,NG-SCELL-000922,NG-SCELL-000921,NG-SCELL-000952,NG-SCELL-000981,EXACT_DECIMAL_CENTER_COORDINATE_PLUS_DECLARED_SPACING,VALID
NG-SCELL-000954,NG-SCELL-000983,NG-SCELL-000984,NG-SCELL-000955,NG-SCELL-000924,NG-SCELL-000923,NG-SCELL-000922,NG-SCELL-000953,NG-SCELL-000982,EXACT_DECIMAL_CENTER_COORDINATE_PLUS_DECLARED_SPACING,VALID
NG-SCELL-000955,NG-SCELL-000984,NG-SCELL-000985,NG-SCELL-000956,NG-SCELL-000925,NG-SCELL-000924,NG-SCELL-000923,NG-SCELL-000954,NG-SCELL-000983,EXACT_DECIMAL_CENTER_COORDINATE_PLUS_DECLARED_SPACING,VALID
NG-SCELL-000956,NG-SCELL-000985,NG-SCELL-000986,NG-SCELL-000957,NG-SCELL-000926,NG-SCELL-000925,NG-SCELL-000924,NG-SCELL-000955,NG-SCELL-000984,EXACT_DECIMAL_CENTER_COORDINATE_PLUS_DECLARED_SPACING,VALID
NG-SCELL-000957,NG-SCELL-000986,NG-SCELL-000987,NG-SCELL-000958,NG-SCELL-000927,NG-SCELL-000926,NG-SCELL-000925,NG-SCELL-000956,NG-SCELL-000985,EXACT_DECIMAL_CENTER_COORDINATE_PLUS_DECLARED_SPACING,VALID
NG-SCELL-000958,NG-SCELL-000987,NG-SCELL-000988,NG-SCELL-000959,NG-SCELL-000928,NG-SCELL-000927,NG-SCELL-000926,NG-SCELL-000957,NG-SCELL-000986,EXACT_DECIMAL_CENTER_COORDINATE_PLUS_DECLARED_SPACING,VALID
NG-SCELL-000959,NG-SCELL-000988,NG-SCELL-000989,NG-SCELL-000960,NG-SCELL-000929,NG-SCELL-000928,NG-SCELL-000927,NG-SCELL-000958,NG-SCELL-000987,EXACT_DECIMAL_CENTER_COORDINATE_PLUS_DECLARED_SPACING,VALID
NG-SCELL-000960,NG-SCELL-000989,NG-SCELL-000990,NG-SCELL-000961,NG-SCELL-000930,NG-SCELL-000929,NG-SCELL-000928,NG-SCELL-000959,NG-SCELL-000988,EXACT_DECIMAL_CENTER_COORDINATE_PLUS_DECLARED_SPACING,VALID
NG-SCELL-000961,NG-SCELL-000990,NG-SCELL-000991,NG-SCELL-000962,NG-SCELL-000931,NG-SCELL-000930,NG-SCELL-000929,NG-SCELL-000960,NG-SCELL-000989,EXACT_DECIMAL_CENTER_COORDINATE_PLUS_DECLARED_SPACING,VALID
NG-SCELL-000962,NG-SCELL-000991,NG-SCELL-000992,NG-SCELL-000963,NG-SCELL-000932,NG-SCELL-000931,NG-SCELL-000930,NG-SCELL-000961,NG-SCELL-000990,EXACT_DECIMAL_CENTER_COORDINATE_PLUS_DECLARED_SPACING,VALID
NG-SCELL-000963,NG-SCELL-000992,NG-SCELL-000993,NG-SCELL-000964,NG-SCELL-000933,NG-SCELL-000932,NG-SCELL-000931,NG-SCELL-000962,NG-SCELL-000991,EXACT_DECIMAL_CENTER_COORDINATE_PLUS_DECLARED_SPACING,VALID
NG-SCELL-000964,NG-SCELL-000993,NG-SCELL-000994,NG-SCELL-000965,NG-SCELL-000934,NG-SCELL-000933,NG-SCELL-000932,NG-SCELL-000963,NG-SCELL-000992,EXACT_DECIMAL_CENTER_COORDINATE_PLUS_DECLARED_SPACING,VALID
NG-SCELL-000965,NG-SCELL-000994,NG-SCELL-000995,NG-SCELL-000966,NG-SCELL-000935,NG-SCELL-000934,NG-SCELL-000933,NG-SCELL-000964,NG-SCELL-000993,EXACT_DECIMAL_CENTER_COORDINATE_PLUS_DECLARED_SPACING,VALID
NG-SCELL-000966,NG-SCELL-000995,NG-SCELL-000996,NG-SCELL-000967,NG-SCELL-000936,NG-SCELL-000935,NG-SCELL-000934,NG-SCELL-000965,NG-SCELL-000994,EXACT_DECIMAL_CENTER_COORDINATE_PLUS_DECLARED_SPACING,VALID
NG-SCELL-000967,NG-SCELL-000996,NG-SCELL-000997,NG-SCELL-000968,NG-SCELL-000937,NG-SCELL-000936,NG-SCELL-000935,NG-SCELL-000966,NG-SCELL-000995,EXACT_DECIMAL_CENTER_COORDINATE_PLUS_DECLARED_SPACING,VALID
NG-SCELL-000968,NG-SCELL-000997,NG-SCELL-000998,NG-SCELL-000969,NG-SCELL-000938,NG-SCELL-000937,NG-SCELL-000936,NG-SCELL-000967,NG-SCELL-000996,EXACT_DECIMAL_CENTER_COORDINATE_PLUS_DECLARED_SPACING,VALID
NG-SCELL-000969,NG-SCELL-000998,NG-SCELL-000999,NG-SCELL-000970,NG-SCELL-000939,NG-SCELL-000938,NG-SCELL-000937,NG-SCELL-000968,NG-SCELL-000997,EXACT_DECIMAL_CENTER_COORDINATE_PLUS_DECLARED_SPACING,VALID
NG-SCELL-000970,NG-SCELL-000999,NG-SCELL-001000,NG-SCELL-000971,NG-SCELL-000940,NG-SCELL-000939,NG-SCELL-000938,NG-SCELL-000969,NG-SCELL-000998,EXACT_DECIMAL_CENTER_COORDINATE_PLUS_DECLARED_SPACING,VALID
NG-SCELL-000971,NG-SCELL-001000,NG-SCELL-001001,NG-SCELL-000972,NG-SCELL-000941,NG-SCELL-000940,NG-SCELL-000939,NG-SCELL-000970,NG-SCELL-000999,EXACT_DECIMAL_CENTER_COORDINATE_PLUS_DECLARED_SPACING,VALID
NG-SCELL-000972,NG-SCELL-001001,NG-SCELL-001002,NG-SCELL-000973,NG-SCELL-000942,NG-SCELL-000941,NG-SCELL-000940,NG-SCELL-000971,NG-SCELL-001000,EXACT_DECIMAL_CENTER_COORDINATE_PLUS_DECLARED_SPACING,VALID
NG-SCELL-000973,NG-SCELL-001002,NG-SCELL-001003,NG-SCELL-000974,NG-SCELL-000943,NG-SCELL-000942,NG-SCELL-000941,NG-SCELL-000972,NG-SCELL-001001,EXACT_DECIMAL_CENTER_COORDINATE_PLUS_DECLARED_SPACING,VALID
NG-SCELL-000974,NG-SCELL-001003,NG-SCELL-001004,NG-SCELL-000975,NG-SCELL-000944,NG-SCELL-000943,NG-SCELL-000942,NG-SCELL-000973,NG-SCELL-001002,EXACT_DECIMAL_CENTER_COORDINATE_PLUS_DECLARED_SPACING,VALID
NG-SCELL-000975,NG-SCELL-001004,NG-SCELL-001005,NG-SCELL-000976,NG-SCELL-000945,NG-SCELL-000944,NG-SCELL-000943,NG-SCELL-000974,NG-SCELL-001003,EXACT_DECIMAL_CENTER_COORDINATE_PLUS_DECLARED_SPACING,VALID
NG-SCELL-000976,NG-SCELL-001005,NG-SCELL-001006,NG-SCELL-000977,NG-SCELL-000946,NG-SCELL-000945,NG-SCELL-000944,NG-SCELL-000975,NG-SCELL-001004,EXACT_DECIMAL_CENTER_COORDINATE_PLUS_DECLARED_SPACING,VALID
NG-SCELL-000977,NG-SCELL-001006,,NG-SCELL-000978,NG-SCELL-000947,NG-SCELL-000946,NG-SCELL-000945,NG-SCELL-000976,NG-SCELL-001005,EXACT_DECIMAL_CENTER_COORDINATE_PLUS_DECLARED_SPACING,VALID
NG-SCELL-000978,,,NG-SCELL-000979,NG-SCELL-000948,NG-SCELL-000947,NG-SCELL-000946,NG-SCELL-000977,NG-SCELL-001006,EXACT_DECIMAL_CENTER_COORDINATE_PLUS_DECLARED_SPACING,VALID
NG-SCELL-000979,,,,NG-SCELL-000949,NG-SCELL-000948,NG-SCELL-000947,NG-SCELL-000978,,EXACT_DECIMAL_CENTER_COORDINATE_PLUS_DECLARED_SPACING,VALID
NG-SCELL-000980,,,,,NG-SCELL-000950,,,,EXACT_DECIMAL_CENTER_COORDINATE_PLUS_DECLARED_SPACING,VALID
NG-SCELL-000981,NG-SCELL-001007,NG-SCELL-001008,NG-SCELL-000982,NG-SCELL-000953,NG-SCELL-000952,NG-SCELL-000951,,,EXACT_DECIMAL_CENTER_COORDINATE_PLUS_DECLARED_SPACING,VALID
NG-SCELL-000982,NG-SCELL-001008,NG-SCELL-001009,NG-SCELL-000983,NG-SCELL-000954,NG-SCELL-000953,NG-SCELL-000952,NG-SCELL-000981,NG-SCELL-001007,EXACT_DECIMAL_CENTER_COORDINATE_PLUS_DECLARED_SPACING,VALID
NG-SCELL-000983,NG-SCELL-001009,NG-SCELL-001010,NG-SCELL-000984,NG-SCELL-000955,NG-SCELL-000954,NG-SCELL-000953,NG-SCELL-000982,NG-SCELL-001008,EXACT_DECIMAL_CENTER_COORDINATE_PLUS_DECLARED_SPACING,VALID
NG-SCELL-000984,NG-SCELL-001010,NG-SCELL-001011,NG-SCELL-000985,NG-SCELL-000956,NG-SCELL-000955,NG-SCELL-000954,NG-SCELL-000983,NG-SCELL-001009,EXACT_DECIMAL_CENTER_COORDINATE_PLUS_DECLARED_SPACING,VALID
NG-SCELL-000985,NG-SCELL-001011,NG-SCELL-001012,NG-SCELL-000986,NG-SCELL-000957,NG-SCELL-000956,NG-SCELL-000955,NG-SCELL-000984,NG-SCELL-001010,EXACT_DECIMAL_CENTER_COORDINATE_PLUS_DECLARED_SPACING,VALID
NG-SCELL-000986,NG-SCELL-001012,NG-SCELL-001013,NG-SCELL-000987,NG-SCELL-000958,NG-SCELL-000957,NG-SCELL-000956,NG-SCELL-000985,NG-SCELL-001011,EXACT_DECIMAL_CENTER_COORDINATE_PLUS_DECLARED_SPACING,VALID
NG-SCELL-000987,NG-SCELL-001013,NG-SCELL-001014,NG-SCELL-000988,NG-SCELL-000959,NG-SCELL-000958,NG-SCELL-000957,NG-SCELL-000986,NG-SCELL-001012,EXACT_DECIMAL_CENTER_COORDINATE_PLUS_DECLARED_SPACING,VALID
NG-SCELL-000988,NG-SCELL-001014,NG-SCELL-001015,NG-SCELL-000989,NG-SCELL-000960,NG-SCELL-000959,NG-SCELL-000958,NG-SCELL-000987,NG-SCELL-001013,EXACT_DECIMAL_CENTER_COORDINATE_PLUS_DECLARED_SPACING,VALID
NG-SCELL-000989,NG-SCELL-001015,NG-SCELL-001016,NG-SCELL-000990,NG-SCELL-000961,NG-SCELL-000960,NG-SCELL-000959,NG-SCELL-000988,NG-SCELL-001014,EXACT_DECIMAL_CENTER_COORDINATE_PLUS_DECLARED_SPACING,VALID
NG-SCELL-000990,NG-SCELL-001016,NG-SCELL-001017,NG-SCELL-000991,NG-SCELL-000962,NG-SCELL-000961,NG-SCELL-000960,NG-SCELL-000989,NG-SCELL-001015,EXACT_DECIMAL_CENTER_COORDINATE_PLUS_DECLARED_SPACING,VALID
NG-SCELL-000991,NG-SCELL-001017,NG-SCELL-001018,NG-SCELL-000992,NG-SCELL-000963,NG-SCELL-000962,NG-SCELL-000961,NG-SCELL-000990,NG-SCELL-001016,EXACT_DECIMAL_CENTER_COORDINATE_PLUS_DECLARED_SPACING,VALID
NG-SCELL-000992,NG-SCELL-001018,NG-SCELL-001019,NG-SCELL-000993,NG-SCELL-000964,NG-SCELL-000963,NG-SCELL-000962,NG-SCELL-000991,NG-SCELL-001017,EXACT_DECIMAL_CENTER_COORDINATE_PLUS_DECLARED_SPACING,VALID
NG-SCELL-000993,NG-SCELL-001019,NG-SCELL-001020,NG-SCELL-000994,NG-SCELL-000965,NG-SCELL-000964,NG-SCELL-000963,NG-SCELL-000992,NG-SCELL-001018,EXACT_DECIMAL_CENTER_COORDINATE_PLUS_DECLARED_SPACING,VALID
NG-SCELL-000994,NG-SCELL-001020,NG-SCELL-001021,NG-SCELL-000995,NG-SCELL-000966,NG-SCELL-000965,NG-SCELL-000964,NG-SCELL-000993,NG-SCELL-001019,EXACT_DECIMAL_CENTER_COORDINATE_PLUS_DECLARED_SPACING,VALID
NG-SCELL-000995,NG-SCELL-001021,NG-SCELL-001022,NG-SCELL-000996,NG-SCELL-000967,NG-SCELL-000966,NG-SCELL-000965,NG-SCELL-000994,NG-SCELL-001020,EXACT_DECIMAL_CENTER_COORDINATE_PLUS_DECLARED_SPACING,VALID
NG-SCELL-000996,NG-SCELL-001022,NG-SCELL-001023,NG-SCELL-000997,NG-SCELL-000968,NG-SCELL-000967,NG-SCELL-000966,NG-SCELL-000995,NG-SCELL-001021,EXACT_DECIMAL_CENTER_COORDINATE_PLUS_DECLARED_SPACING,VALID
NG-SCELL-000997,NG-SCELL-001023,NG-SCELL-001024,NG-SCELL-000998,NG-SCELL-000969,NG-SCELL-000968,NG-SCELL-000967,NG-SCELL-000996,NG-SCELL-001022,EXACT_DECIMAL_CENTER_COORDINATE_PLUS_DECLARED_SPACING,VALID
NG-SCELL-000998,NG-SCELL-001024,NG-SCELL-001025,NG-SCELL-000999,NG-SCELL-000970,NG-SCELL-000969,NG-SCELL-000968,NG-SCELL-000997,NG-SCELL-001023,EXACT_DECIMAL_CENTER_COORDINATE_PLUS_DECLARED_SPACING,VALID
NG-SCELL-000999,NG-SCELL-001025,NG-SCELL-001026,NG-SCELL-001000,NG-SCELL-000971,NG-SCELL-000970,NG-SCELL-000969,NG-SCELL-000998,NG-SCELL-001024,EXACT_DECIMAL_CENTER_COORDINATE_PLUS_DECLARED_SPACING,VALID
NG-SCELL-001000,NG-SCELL-001026,NG-SCELL-001027,NG-SCELL-001001,NG-SCELL-000972,NG-SCELL-000971,NG-SCELL-000970,NG-SCELL-000999,NG-SCELL-001025,EXACT_DECIMAL_CENTER_COORDINATE_PLUS_DECLARED_SPACING,VALID
NG-SCELL-001001,NG-SCELL-001027,NG-SCELL-001028,NG-SCELL-001002,NG-SCELL-000973,NG-SCELL-000972,NG-SCELL-000971,NG-SCELL-001000,NG-SCELL-001026,EXACT_DECIMAL_CENTER_COORDINATE_PLUS_DECLARED_SPACING,VALID
NG-SCELL-001002,NG-SCELL-001028,NG-SCELL-001029,NG-SCELL-001003,NG-SCELL-000974,NG-SCELL-000973,NG-SCELL-000972,NG-SCELL-001001,NG-SCELL-001027,EXACT_DECIMAL_CENTER_COORDINATE_PLUS_DECLARED_SPACING,VALID
NG-SCELL-001003,NG-SCELL-001029,NG-SCELL-001030,NG-SCELL-001004,NG-SCELL-000975,NG-SCELL-000974,NG-SCELL-000973,NG-SCELL-001002,NG-SCELL-001028,EXACT_DECIMAL_CENTER_COORDINATE_PLUS_DECLARED_SPACING,VALID
NG-SCELL-001004,NG-SCELL-001030,NG-SCELL-001031,NG-SCELL-001005,NG-SCELL-000976,NG-SCELL-000975,NG-SCELL-000974,NG-SCELL-001003,NG-SCELL-001029,EXACT_DECIMAL_CENTER_COORDINATE_PLUS_DECLARED_SPACING,VALID
NG-SCELL-001005,NG-SCELL-001031,NG-SCELL-001032,NG-SCELL-001006,NG-SCELL-000977,NG-SCELL-000976,NG-SCELL-000975,NG-SCELL-001004,NG-SCELL-001030,EXACT_DECIMAL_CENTER_COORDINATE_PLUS_DECLARED_SPACING,VALID
NG-SCELL-001006,NG-SCELL-001032,,,NG-SCELL-000978,NG-SCELL-000977,NG-SCELL-000976,NG-SCELL-001005,NG-SCELL-001031,EXACT_DECIMAL_CENTER_COORDINATE_PLUS_DECLARED_SPACING,VALID
NG-SCELL-001007,NG-SCELL-001033,NG-SCELL-001034,NG-SCELL-001008,NG-SCELL-000982,NG-SCELL-000981,,,,EXACT_DECIMAL_CENTER_COORDINATE_PLUS_DECLARED_SPACING,VALID
NG-SCELL-001008,NG-SCELL-001034,NG-SCELL-001035,NG-SCELL-001009,NG-SCELL-000983,NG-SCELL-000982,NG-SCELL-000981,NG-SCELL-001007,NG-SCELL-001033,EXACT_DECIMAL_CENTER_COORDINATE_PLUS_DECLARED_SPACING,VALID
NG-SCELL-001009,NG-SCELL-001035,NG-SCELL-001036,NG-SCELL-001010,NG-SCELL-000984,NG-SCELL-000983,NG-SCELL-000982,NG-SCELL-001008,NG-SCELL-001034,EXACT_DECIMAL_CENTER_COORDINATE_PLUS_DECLARED_SPACING,VALID
NG-SCELL-001010,NG-SCELL-001036,NG-SCELL-001037,NG-SCELL-001011,NG-SCELL-000985,NG-SCELL-000984,NG-SCELL-000983,NG-SCELL-001009,NG-SCELL-001035,EXACT_DECIMAL_CENTER_COORDINATE_PLUS_DECLARED_SPACING,VALID
NG-SCELL-001011,NG-SCELL-001037,NG-SCELL-001038,NG-SCELL-001012,NG-SCELL-000986,NG-SCELL-000985,NG-SCELL-000984,NG-SCELL-001010,NG-SCELL-001036,EXACT_DECIMAL_CENTER_COORDINATE_PLUS_DECLARED_SPACING,VALID
NG-SCELL-001012,NG-SCELL-001038,NG-SCELL-001039,NG-SCELL-001013,NG-SCELL-000987,NG-SCELL-000986,NG-SCELL-000985,NG-SCELL-001011,NG-SCELL-001037,EXACT_DECIMAL_CENTER_COORDINATE_PLUS_DECLARED_SPACING,VALID
NG-SCELL-001013,NG-SCELL-001039,NG-SCELL-001040,NG-SCELL-001014,NG-SCELL-000988,NG-SCELL-000987,NG-SCELL-000986,NG-SCELL-001012,NG-SCELL-001038,EXACT_DECIMAL_CENTER_COORDINATE_PLUS_DECLARED_SPACING,VALID
NG-SCELL-001014,NG-SCELL-001040,NG-SCELL-001041,NG-SCELL-001015,NG-SCELL-000989,NG-SCELL-000988,NG-SCELL-000987,NG-SCELL-001013,NG-SCELL-001039,EXACT_DECIMAL_CENTER_COORDINATE_PLUS_DECLARED_SPACING,VALID
NG-SCELL-001015,NG-SCELL-001041,NG-SCELL-001042,NG-SCELL-001016,NG-SCELL-000990,NG-SCELL-000989,NG-SCELL-000988,NG-SCELL-001014,NG-SCELL-001040,EXACT_DECIMAL_CENTER_COORDINATE_PLUS_DECLARED_SPACING,VALID
NG-SCELL-001016,NG-SCELL-001042,NG-SCELL-001043,NG-SCELL-001017,NG-SCELL-000991,NG-SCELL-000990,NG-SCELL-000989,NG-SCELL-001015,NG-SCELL-001041,EXACT_DECIMAL_CENTER_COORDINATE_PLUS_DECLARED_SPACING,VALID
NG-SCELL-001017,NG-SCELL-001043,NG-SCELL-001044,NG-SCELL-001018,NG-SCELL-000992,NG-SCELL-000991,NG-SCELL-000990,NG-SCELL-001016,NG-SCELL-001042,EXACT_DECIMAL_CENTER_COORDINATE_PLUS_DECLARED_SPACING,VALID
NG-SCELL-001018,NG-SCELL-001044,NG-SCELL-001045,NG-SCELL-001019,NG-SCELL-000993,NG-SCELL-000992,NG-SCELL-000991,NG-SCELL-001017,NG-SCELL-001043,EXACT_DECIMAL_CENTER_COORDINATE_PLUS_DECLARED_SPACING,VALID
NG-SCELL-001019,NG-SCELL-001045,NG-SCELL-001046,NG-SCELL-001020,NG-SCELL-000994,NG-SCELL-000993,NG-SCELL-000992,NG-SCELL-001018,NG-SCELL-001044,EXACT_DECIMAL_CENTER_COORDINATE_PLUS_DECLARED_SPACING,VALID
NG-SCELL-001020,NG-SCELL-001046,NG-SCELL-001047,NG-SCELL-001021,NG-SCELL-000995,NG-SCELL-000994,NG-SCELL-000993,NG-SCELL-001019,NG-SCELL-001045,EXACT_DECIMAL_CENTER_COORDINATE_PLUS_DECLARED_SPACING,VALID
NG-SCELL-001021,NG-SCELL-001047,NG-SCELL-001048,NG-SCELL-001022,NG-SCELL-000996,NG-SCELL-000995,NG-SCELL-000994,NG-SCELL-001020,NG-SCELL-001046,EXACT_DECIMAL_CENTER_COORDINATE_PLUS_DECLARED_SPACING,VALID
NG-SCELL-001022,NG-SCELL-001048,NG-SCELL-001049,NG-SCELL-001023,NG-SCELL-000997,NG-SCELL-000996,NG-SCELL-000995,NG-SCELL-001021,NG-SCELL-001047,EXACT_DECIMAL_CENTER_COORDINATE_PLUS_DECLARED_SPACING,VALID
NG-SCELL-001023,NG-SCELL-001049,NG-SCELL-001050,NG-SCELL-001024,NG-SCELL-000998,NG-SCELL-000997,NG-SCELL-000996,NG-SCELL-001022,NG-SCELL-001048,EXACT_DECIMAL_CENTER_COORDINATE_PLUS_DECLARED_SPACING,VALID
NG-SCELL-001024,NG-SCELL-001050,NG-SCELL-001051,NG-SCELL-001025,NG-SCELL-000999,NG-SCELL-000998,NG-SCELL-000997,NG-SCELL-001023,NG-SCELL-001049,EXACT_DECIMAL_CENTER_COORDINATE_PLUS_DECLARED_SPACING,VALID
NG-SCELL-001025,NG-SCELL-001051,NG-SCELL-001052,NG-SCELL-001026,NG-SCELL-001000,NG-SCELL-000999,NG-SCELL-000998,NG-SCELL-001024,NG-SCELL-001050,EXACT_DECIMAL_CENTER_COORDINATE_PLUS_DECLARED_SPACING,VALID
NG-SCELL-001026,NG-SCELL-001052,NG-SCELL-001053,NG-SCELL-001027,NG-SCELL-001001,NG-SCELL-001000,NG-SCELL-000999,NG-SCELL-001025,NG-SCELL-001051,EXACT_DECIMAL_CENTER_COORDINATE_PLUS_DECLARED_SPACING,VALID
NG-SCELL-001027,NG-SCELL-001053,NG-SCELL-001054,NG-SCELL-001028,NG-SCELL-001002,NG-SCELL-001001,NG-SCELL-001000,NG-SCELL-001026,NG-SCELL-001052,EXACT_DECIMAL_CENTER_COORDINATE_PLUS_DECLARED_SPACING,VALID
NG-SCELL-001028,NG-SCELL-001054,NG-SCELL-001055,NG-SCELL-001029,NG-SCELL-001003,NG-SCELL-001002,NG-SCELL-001001,NG-SCELL-001027,NG-SCELL-001053,EXACT_DECIMAL_CENTER_COORDINATE_PLUS_DECLARED_SPACING,VALID
NG-SCELL-001029,NG-SCELL-001055,NG-SCELL-001056,NG-SCELL-001030,NG-SCELL-001004,NG-SCELL-001003,NG-SCELL-001002,NG-SCELL-001028,NG-SCELL-001054,EXACT_DECIMAL_CENTER_COORDINATE_PLUS_DECLARED_SPACING,VALID
NG-SCELL-001030,NG-SCELL-001056,NG-SCELL-001057,NG-SCELL-001031,NG-SCELL-001005,NG-SCELL-001004,NG-SCELL-001003,NG-SCELL-001029,NG-SCELL-001055,EXACT_DECIMAL_CENTER_COORDINATE_PLUS_DECLARED_SPACING,VALID
NG-SCELL-001031,NG-SCELL-001057,,NG-SCELL-001032,NG-SCELL-001006,NG-SCELL-001005,NG-SCELL-001004,NG-SCELL-001030,NG-SCELL-001056,EXACT_DECIMAL_CENTER_COORDINATE_PLUS_DECLARED_SPACING,VALID
NG-SCELL-001032,,,,,NG-SCELL-001006,NG-SCELL-001005,NG-SCELL-001031,NG-SCELL-001057,EXACT_DECIMAL_CENTER_COORDINATE_PLUS_DECLARED_SPACING,VALID
NG-SCELL-001033,,,NG-SCELL-001034,NG-SCELL-001008,NG-SCELL-001007,,,,EXACT_DECIMAL_CENTER_COORDINATE_PLUS_DECLARED_SPACING,VALID
NG-SCELL-001034,,NG-SCELL-001058,NG-SCELL-001035,NG-SCELL-001009,NG-SCELL-001008,NG-SCELL-001007,NG-SCELL-001033,,EXACT_DECIMAL_CENTER_COORDINATE_PLUS_DECLARED_SPACING,VALID
NG-SCELL-001035,NG-SCELL-001058,NG-SCELL-001059,NG-SCELL-001036,NG-SCELL-001010,NG-SCELL-001009,NG-SCELL-001008,NG-SCELL-001034,,EXACT_DECIMAL_CENTER_COORDINATE_PLUS_DECLARED_SPACING,VALID
NG-SCELL-001036,NG-SCELL-001059,NG-SCELL-001060,NG-SCELL-001037,NG-SCELL-001011,NG-SCELL-001010,NG-SCELL-001009,NG-SCELL-001035,NG-SCELL-001058,EXACT_DECIMAL_CENTER_COORDINATE_PLUS_DECLARED_SPACING,VALID
NG-SCELL-001037,NG-SCELL-001060,NG-SCELL-001061,NG-SCELL-001038,NG-SCELL-001012,NG-SCELL-001011,NG-SCELL-001010,NG-SCELL-001036,NG-SCELL-001059,EXACT_DECIMAL_CENTER_COORDINATE_PLUS_DECLARED_SPACING,VALID
NG-SCELL-001038,NG-SCELL-001061,NG-SCELL-001062,NG-SCELL-001039,NG-SCELL-001013,NG-SCELL-001012,NG-SCELL-001011,NG-SCELL-001037,NG-SCELL-001060,EXACT_DECIMAL_CENTER_COORDINATE_PLUS_DECLARED_SPACING,VALID
NG-SCELL-001039,NG-SCELL-001062,NG-SCELL-001063,NG-SCELL-001040,NG-SCELL-001014,NG-SCELL-001013,NG-SCELL-001012,NG-SCELL-001038,NG-SCELL-001061,EXACT_DECIMAL_CENTER_COORDINATE_PLUS_DECLARED_SPACING,VALID
NG-SCELL-001040,NG-SCELL-001063,NG-SCELL-001064,NG-SCELL-001041,NG-SCELL-001015,NG-SCELL-001014,NG-SCELL-001013,NG-SCELL-001039,NG-SCELL-001062,EXACT_DECIMAL_CENTER_COORDINATE_PLUS_DECLARED_SPACING,VALID
NG-SCELL-001041,NG-SCELL-001064,NG-SCELL-001065,NG-SCELL-001042,NG-SCELL-001016,NG-SCELL-001015,NG-SCELL-001014,NG-SCELL-001040,NG-SCELL-001063,EXACT_DECIMAL_CENTER_COORDINATE_PLUS_DECLARED_SPACING,VALID
NG-SCELL-001042,NG-SCELL-001065,NG-SCELL-001066,NG-SCELL-001043,NG-SCELL-001017,NG-SCELL-001016,NG-SCELL-001015,NG-SCELL-001041,NG-SCELL-001064,EXACT_DECIMAL_CENTER_COORDINATE_PLUS_DECLARED_SPACING,VALID
NG-SCELL-001043,NG-SCELL-001066,NG-SCELL-001067,NG-SCELL-001044,NG-SCELL-001018,NG-SCELL-001017,NG-SCELL-001016,NG-SCELL-001042,NG-SCELL-001065,EXACT_DECIMAL_CENTER_COORDINATE_PLUS_DECLARED_SPACING,VALID
NG-SCELL-001044,NG-SCELL-001067,NG-SCELL-001068,NG-SCELL-001045,NG-SCELL-001019,NG-SCELL-001018,NG-SCELL-001017,NG-SCELL-001043,NG-SCELL-001066,EXACT_DECIMAL_CENTER_COORDINATE_PLUS_DECLARED_SPACING,VALID
NG-SCELL-001045,NG-SCELL-001068,NG-SCELL-001069,NG-SCELL-001046,NG-SCELL-001020,NG-SCELL-001019,NG-SCELL-001018,NG-SCELL-001044,NG-SCELL-001067,EXACT_DECIMAL_CENTER_COORDINATE_PLUS_DECLARED_SPACING,VALID
NG-SCELL-001046,NG-SCELL-001069,NG-SCELL-001070,NG-SCELL-001047,NG-SCELL-001021,NG-SCELL-001020,NG-SCELL-001019,NG-SCELL-001045,NG-SCELL-001068,EXACT_DECIMAL_CENTER_COORDINATE_PLUS_DECLARED_SPACING,VALID
NG-SCELL-001047,NG-SCELL-001070,NG-SCELL-001071,NG-SCELL-001048,NG-SCELL-001022,NG-SCELL-001021,NG-SCELL-001020,NG-SCELL-001046,NG-SCELL-001069,EXACT_DECIMAL_CENTER_COORDINATE_PLUS_DECLARED_SPACING,VALID
NG-SCELL-001048,NG-SCELL-001071,NG-SCELL-001072,NG-SCELL-001049,NG-SCELL-001023,NG-SCELL-001022,NG-SCELL-001021,NG-SCELL-001047,NG-SCELL-001070,EXACT_DECIMAL_CENTER_COORDINATE_PLUS_DECLARED_SPACING,VALID
NG-SCELL-001049,NG-SCELL-001072,NG-SCELL-001073,NG-SCELL-001050,NG-SCELL-001024,NG-SCELL-001023,NG-SCELL-001022,NG-SCELL-001048,NG-SCELL-001071,EXACT_DECIMAL_CENTER_COORDINATE_PLUS_DECLARED_SPACING,VALID
NG-SCELL-001050,NG-SCELL-001073,NG-SCELL-001074,NG-SCELL-001051,NG-SCELL-001025,NG-SCELL-001024,NG-SCELL-001023,NG-SCELL-001049,NG-SCELL-001072,EXACT_DECIMAL_CENTER_COORDINATE_PLUS_DECLARED_SPACING,VALID
NG-SCELL-001051,NG-SCELL-001074,NG-SCELL-001075,NG-SCELL-001052,NG-SCELL-001026,NG-SCELL-001025,NG-SCELL-001024,NG-SCELL-001050,NG-SCELL-001073,EXACT_DECIMAL_CENTER_COORDINATE_PLUS_DECLARED_SPACING,VALID
NG-SCELL-001052,NG-SCELL-001075,NG-SCELL-001076,NG-SCELL-001053,NG-SCELL-001027,NG-SCELL-001026,NG-SCELL-001025,NG-SCELL-001051,NG-SCELL-001074,EXACT_DECIMAL_CENTER_COORDINATE_PLUS_DECLARED_SPACING,VALID
NG-SCELL-001053,NG-SCELL-001076,NG-SCELL-001077,NG-SCELL-001054,NG-SCELL-001028,NG-SCELL-001027,NG-SCELL-001026,NG-SCELL-001052,NG-SCELL-001075,EXACT_DECIMAL_CENTER_COORDINATE_PLUS_DECLARED_SPACING,VALID
NG-SCELL-001054,NG-SCELL-001077,NG-SCELL-001078,NG-SCELL-001055,NG-SCELL-001029,NG-SCELL-001028,NG-SCELL-001027,NG-SCELL-001053,NG-SCELL-001076,EXACT_DECIMAL_CENTER_COORDINATE_PLUS_DECLARED_SPACING,VALID
NG-SCELL-001055,NG-SCELL-001078,,NG-SCELL-001056,NG-SCELL-001030,NG-SCELL-001029,NG-SCELL-001028,NG-SCELL-001054,NG-SCELL-001077,EXACT_DECIMAL_CENTER_COORDINATE_PLUS_DECLARED_SPACING,VALID
NG-SCELL-001056,,,NG-SCELL-001057,NG-SCELL-001031,NG-SCELL-001030,NG-SCELL-001029,NG-SCELL-001055,NG-SCELL-001078,EXACT_DECIMAL_CENTER_COORDINATE_PLUS_DECLARED_SPACING,VALID
NG-SCELL-001057,,,,NG-SCELL-001032,NG-SCELL-001031,NG-SCELL-001030,NG-SCELL-001056,,EXACT_DECIMAL_CENTER_COORDINATE_PLUS_DECLARED_SPACING,VALID
NG-SCELL-001058,,,NG-SCELL-001059,NG-SCELL-001036,NG-SCELL-001035,NG-SCELL-001034,,,EXACT_DECIMAL_CENTER_COORDINATE_PLUS_DECLARED_SPACING,VALID
NG-SCELL-001059,,NG-SCELL-001079,NG-SCELL-001060,NG-SCELL-001037,NG-SCELL-001036,NG-SCELL-001035,NG-SCELL-001058,,EXACT_DECIMAL_CENTER_COORDINATE_PLUS_DECLARED_SPACING,VALID
NG-SCELL-001060,NG-SCELL-001079,NG-SCELL-001080,NG-SCELL-001061,NG-SCELL-001038,NG-SCELL-001037,NG-SCELL-001036,NG-SCELL-001059,,EXACT_DECIMAL_CENTER_COORDINATE_PLUS_DECLARED_SPACING,VALID
NG-SCELL-001061,NG-SCELL-001080,NG-SCELL-001081,NG-SCELL-001062,NG-SCELL-001039,NG-SCELL-001038,NG-SCELL-001037,NG-SCELL-001060,NG-SCELL-001079,EXACT_DECIMAL_CENTER_COORDINATE_PLUS_DECLARED_SPACING,VALID
NG-SCELL-001062,NG-SCELL-001081,NG-SCELL-001082,NG-SCELL-001063,NG-SCELL-001040,NG-SCELL-001039,NG-SCELL-001038,NG-SCELL-001061,NG-SCELL-001080,EXACT_DECIMAL_CENTER_COORDINATE_PLUS_DECLARED_SPACING,VALID
NG-SCELL-001063,NG-SCELL-001082,NG-SCELL-001083,NG-SCELL-001064,NG-SCELL-001041,NG-SCELL-001040,NG-SCELL-001039,NG-SCELL-001062,NG-SCELL-001081,EXACT_DECIMAL_CENTER_COORDINATE_PLUS_DECLARED_SPACING,VALID
NG-SCELL-001064,NG-SCELL-001083,NG-SCELL-001084,NG-SCELL-001065,NG-SCELL-001042,NG-SCELL-001041,NG-SCELL-001040,NG-SCELL-001063,NG-SCELL-001082,EXACT_DECIMAL_CENTER_COORDINATE_PLUS_DECLARED_SPACING,VALID
NG-SCELL-001065,NG-SCELL-001084,NG-SCELL-001085,NG-SCELL-001066,NG-SCELL-001043,NG-SCELL-001042,NG-SCELL-001041,NG-SCELL-001064,NG-SCELL-001083,EXACT_DECIMAL_CENTER_COORDINATE_PLUS_DECLARED_SPACING,VALID
NG-SCELL-001066,NG-SCELL-001085,NG-SCELL-001086,NG-SCELL-001067,NG-SCELL-001044,NG-SCELL-001043,NG-SCELL-001042,NG-SCELL-001065,NG-SCELL-001084,EXACT_DECIMAL_CENTER_COORDINATE_PLUS_DECLARED_SPACING,VALID
NG-SCELL-001067,NG-SCELL-001086,NG-SCELL-001087,NG-SCELL-001068,NG-SCELL-001045,NG-SCELL-001044,NG-SCELL-001043,NG-SCELL-001066,NG-SCELL-001085,EXACT_DECIMAL_CENTER_COORDINATE_PLUS_DECLARED_SPACING,VALID
NG-SCELL-001068,NG-SCELL-001087,NG-SCELL-001088,NG-SCELL-001069,NG-SCELL-001046,NG-SCELL-001045,NG-SCELL-001044,NG-SCELL-001067,NG-SCELL-001086,EXACT_DECIMAL_CENTER_COORDINATE_PLUS_DECLARED_SPACING,VALID
NG-SCELL-001069,NG-SCELL-001088,NG-SCELL-001089,NG-SCELL-001070,NG-SCELL-001047,NG-SCELL-001046,NG-SCELL-001045,NG-SCELL-001068,NG-SCELL-001087,EXACT_DECIMAL_CENTER_COORDINATE_PLUS_DECLARED_SPACING,VALID
NG-SCELL-001070,NG-SCELL-001089,NG-SCELL-001090,NG-SCELL-001071,NG-SCELL-001048,NG-SCELL-001047,NG-SCELL-001046,NG-SCELL-001069,NG-SCELL-001088,EXACT_DECIMAL_CENTER_COORDINATE_PLUS_DECLARED_SPACING,VALID
NG-SCELL-001071,NG-SCELL-001090,NG-SCELL-001091,NG-SCELL-001072,NG-SCELL-001049,NG-SCELL-001048,NG-SCELL-001047,NG-SCELL-001070,NG-SCELL-001089,EXACT_DECIMAL_CENTER_COORDINATE_PLUS_DECLARED_SPACING,VALID
NG-SCELL-001072,NG-SCELL-001091,NG-SCELL-001092,NG-SCELL-001073,NG-SCELL-001050,NG-SCELL-001049,NG-SCELL-001048,NG-SCELL-001071,NG-SCELL-001090,EXACT_DECIMAL_CENTER_COORDINATE_PLUS_DECLARED_SPACING,VALID
NG-SCELL-001073,NG-SCELL-001092,NG-SCELL-001093,NG-SCELL-001074,NG-SCELL-001051,NG-SCELL-001050,NG-SCELL-001049,NG-SCELL-001072,NG-SCELL-001091,EXACT_DECIMAL_CENTER_COORDINATE_PLUS_DECLARED_SPACING,VALID
NG-SCELL-001074,NG-SCELL-001093,NG-SCELL-001094,NG-SCELL-001075,NG-SCELL-001052,NG-SCELL-001051,NG-SCELL-001050,NG-SCELL-001073,NG-SCELL-001092,EXACT_DECIMAL_CENTER_COORDINATE_PLUS_DECLARED_SPACING,VALID
NG-SCELL-001075,NG-SCELL-001094,NG-SCELL-001095,NG-SCELL-001076,NG-SCELL-001053,NG-SCELL-001052,NG-SCELL-001051,NG-SCELL-001074,NG-SCELL-001093,EXACT_DECIMAL_CENTER_COORDINATE_PLUS_DECLARED_SPACING,VALID
NG-SCELL-001076,NG-SCELL-001095,,NG-SCELL-001077,NG-SCELL-001054,NG-SCELL-001053,NG-SCELL-001052,NG-SCELL-001075,NG-SCELL-001094,EXACT_DECIMAL_CENTER_COORDINATE_PLUS_DECLARED_SPACING,VALID
NG-SCELL-001077,,,NG-SCELL-001078,NG-SCELL-001055,NG-SCELL-001054,NG-SCELL-001053,NG-SCELL-001076,NG-SCELL-001095,EXACT_DECIMAL_CENTER_COORDINATE_PLUS_DECLARED_SPACING,VALID
NG-SCELL-001078,,,,NG-SCELL-001056,NG-SCELL-001055,NG-SCELL-001054,NG-SCELL-001077,,EXACT_DECIMAL_CENTER_COORDINATE_PLUS_DECLARED_SPACING,VALID
NG-SCELL-001079,,,NG-SCELL-001080,NG-SCELL-001061,NG-SCELL-001060,NG-SCELL-001059,,,EXACT_DECIMAL_CENTER_COORDINATE_PLUS_DECLARED_SPACING,VALID
NG-SCELL-001080,,,NG-SCELL-001081,NG-SCELL-001062,NG-SCELL-001061,NG-SCELL-001060,NG-SCELL-001079,,EXACT_DECIMAL_CENTER_COORDINATE_PLUS_DECLARED_SPACING,VALID
NG-SCELL-001081,,,NG-SCELL-001082,NG-SCELL-001063,NG-SCELL-001062,NG-SCELL-001061,NG-SCELL-001080,,EXACT_DECIMAL_CENTER_COORDINATE_PLUS_DECLARED_SPACING,VALID
NG-SCELL-001082,,NG-SCELL-001096,NG-SCELL-001083,NG-SCELL-001064,NG-SCELL-001063,NG-SCELL-001062,NG-SCELL-001081,,EXACT_DECIMAL_CENTER_COORDINATE_PLUS_DECLARED_SPACING,VALID
NG-SCELL-001083,NG-SCELL-001096,NG-SCELL-001097,NG-SCELL-001084,NG-SCELL-001065,NG-SCELL-001064,NG-SCELL-001063,NG-SCELL-001082,,EXACT_DECIMAL_CENTER_COORDINATE_PLUS_DECLARED_SPACING,VALID
NG-SCELL-001084,NG-SCELL-001097,NG-SCELL-001098,NG-SCELL-001085,NG-SCELL-001066,NG-SCELL-001065,NG-SCELL-001064,NG-SCELL-001083,NG-SCELL-001096,EXACT_DECIMAL_CENTER_COORDINATE_PLUS_DECLARED_SPACING,VALID
NG-SCELL-001085,NG-SCELL-001098,NG-SCELL-001099,NG-SCELL-001086,NG-SCELL-001067,NG-SCELL-001066,NG-SCELL-001065,NG-SCELL-001084,NG-SCELL-001097,EXACT_DECIMAL_CENTER_COORDINATE_PLUS_DECLARED_SPACING,VALID
NG-SCELL-001086,NG-SCELL-001099,NG-SCELL-001100,NG-SCELL-001087,NG-SCELL-001068,NG-SCELL-001067,NG-SCELL-001066,NG-SCELL-001085,NG-SCELL-001098,EXACT_DECIMAL_CENTER_COORDINATE_PLUS_DECLARED_SPACING,VALID
NG-SCELL-001087,NG-SCELL-001100,NG-SCELL-001101,NG-SCELL-001088,NG-SCELL-001069,NG-SCELL-001068,NG-SCELL-001067,NG-SCELL-001086,NG-SCELL-001099,EXACT_DECIMAL_CENTER_COORDINATE_PLUS_DECLARED_SPACING,VALID
NG-SCELL-001088,NG-SCELL-001101,NG-SCELL-001102,NG-SCELL-001089,NG-SCELL-001070,NG-SCELL-001069,NG-SCELL-001068,NG-SCELL-001087,NG-SCELL-001100,EXACT_DECIMAL_CENTER_COORDINATE_PLUS_DECLARED_SPACING,VALID
NG-SCELL-001089,NG-SCELL-001102,NG-SCELL-001103,NG-SCELL-001090,NG-SCELL-001071,NG-SCELL-001070,NG-SCELL-001069,NG-SCELL-001088,NG-SCELL-001101,EXACT_DECIMAL_CENTER_COORDINATE_PLUS_DECLARED_SPACING,VALID
NG-SCELL-001090,NG-SCELL-001103,NG-SCELL-001104,NG-SCELL-001091,NG-SCELL-001072,NG-SCELL-001071,NG-SCELL-001070,NG-SCELL-001089,NG-SCELL-001102,EXACT_DECIMAL_CENTER_COORDINATE_PLUS_DECLARED_SPACING,VALID
NG-SCELL-001091,NG-SCELL-001104,,NG-SCELL-001092,NG-SCELL-001073,NG-SCELL-001072,NG-SCELL-001071,NG-SCELL-001090,NG-SCELL-001103,EXACT_DECIMAL_CENTER_COORDINATE_PLUS_DECLARED_SPACING,VALID
NG-SCELL-001092,,,NG-SCELL-001093,NG-SCELL-001074,NG-SCELL-001073,NG-SCELL-001072,NG-SCELL-001091,NG-SCELL-001104,EXACT_DECIMAL_CENTER_COORDINATE_PLUS_DECLARED_SPACING,VALID
NG-SCELL-001093,,,NG-SCELL-001094,NG-SCELL-001075,NG-SCELL-001074,NG-SCELL-001073,NG-SCELL-001092,,EXACT_DECIMAL_CENTER_COORDINATE_PLUS_DECLARED_SPACING,VALID
NG-SCELL-001094,,,NG-SCELL-001095,NG-SCELL-001076,NG-SCELL-001075,NG-SCELL-001074,NG-SCELL-001093,,EXACT_DECIMAL_CENTER_COORDINATE_PLUS_DECLARED_SPACING,VALID
NG-SCELL-001095,,,,NG-SCELL-001077,NG-SCELL-001076,NG-SCELL-001075,NG-SCELL-001094,,EXACT_DECIMAL_CENTER_COORDINATE_PLUS_DECLARED_SPACING,VALID
NG-SCELL-001096,,,NG-SCELL-001097,NG-SCELL-001084,NG-SCELL-001083,NG-SCELL-001082,,,EXACT_DECIMAL_CENTER_COORDINATE_PLUS_DECLARED_SPACING,VALID
NG-SCELL-001097,,,NG-SCELL-001098,NG-SCELL-001085,NG-SCELL-001084,NG-SCELL-001083,NG-SCELL-001096,,EXACT_DECIMAL_CENTER_COORDINATE_PLUS_DECLARED_SPACING,VALID
NG-SCELL-001098,,,NG-SCELL-001099,NG-SCELL-001086,NG-SCELL-001085,NG-SCELL-001084,NG-SCELL-001097,,EXACT_DECIMAL_CENTER_COORDINATE_PLUS_DECLARED_SPACING,VALID
NG-SCELL-001099,,,NG-SCELL-001100,NG-SCELL-001087,NG-SCELL-001086,NG-SCELL-001085,NG-SCELL-001098,,EXACT_DECIMAL_CENTER_COORDINATE_PLUS_DECLARED_SPACING,VALID
NG-SCELL-001100,,,NG-SCELL-001101,NG-SCELL-001088,NG-SCELL-001087,NG-SCELL-001086,NG-SCELL-001099,,EXACT_DECIMAL_CENTER_COORDINATE_PLUS_DECLARED_SPACING,VALID
NG-SCELL-001101,,,NG-SCELL-001102,NG-SCELL-001089,NG-SCELL-001088,NG-SCELL-001087,NG-SCELL-001100,,EXACT_DECIMAL_CENTER_COORDINATE_PLUS_DECLARED_SPACING,VALID
NG-SCELL-001102,,,NG-SCELL-001103,NG-SCELL-001090,NG-SCELL-001089,NG-SCELL-001088,NG-SCELL-001101,,EXACT_DECIMAL_CENTER_COORDINATE_PLUS_DECLARED_SPACING,VALID
NG-SCELL-001103,,,NG-SCELL-001104,NG-SCELL-001091,NG-SCELL-001090,NG-SCELL-001089,NG-SCELL-001102,,EXACT_DECIMAL_CENTER_COORDINATE_PLUS_DECLARED_SPACING,VALID
NG-SCELL-001104,,,,NG-SCELL-001092,NG-SCELL-001091,NG-SCELL-001090,NG-SCELL-001103,,EXACT_DECIMAL_CENTER_COORDINATE_PLUS_DECLARED_SPACING,VALID
