name_id,canonical_name,ascii_name,name_family,derivation_type,source_record_id,source_name,source_family,transformation_rule,naming_status_code,source_basis,runtime_effect_scope,record_status
NG-NAM-ROA-000001,Orivane Road,Orivane Road,ROAD,SOURCE_DERIVED,NGP-000001,Orivane,PLACE,prefix=NONE;suffix=Road,AVAILABLE,NoveGeo 700-place corpus + tribes + governed person-name seeds,SHARED_REFERENCE,ACTIVE
NG-NAM-ROA-000002,Bellwether Street,Bellwether Street,ROAD,SOURCE_DERIVED,NGP-000002,Bellwether,PLACE,prefix=NONE;suffix=Street,AVAILABLE,NoveGeo 700-place corpus + tribes + governed person-name seeds,SHARED_REFERENCE,ACTIVE
NG-NAM-ROA-000003,New Carrow Avenue,New Carrow Avenue,ROAD,SOURCE_DERIVED,NGP-000003,New Carrow,PLACE,prefix=NONE;suffix=Avenue,AVAILABLE,NoveGeo 700-place corpus + tribes + governed person-name seeds,SHARED_REFERENCE,ACTIVE
NG-NAM-ROA-000004,East Meridian Lane,East Meridian Lane,ROAD,SOURCE_DERIVED,NGP-000004,East Meridian,PLACE,prefix=NONE;suffix=Lane,AVAILABLE,NoveGeo 700-place corpus + tribes + governed person-name seeds,SHARED_REFERENCE,ACTIVE
NG-NAM-ROA-000005,Orivane Central Drive,Orivane Central Drive,ROAD,SOURCE_DERIVED,NGP-000005,Orivane Central,PLACE,prefix=NONE;suffix=Drive,AVAILABLE,NoveGeo 700-place corpus + tribes + governed person-name seeds,SHARED_REFERENCE,ACTIVE
NG-NAM-ROA-000006,Civic Crescent Way,Civic Crescent Way,ROAD,SOURCE_DERIVED,NGP-000006,Civic Crescent,PLACE,prefix=NONE;suffix=Way,AVAILABLE,NoveGeo 700-place corpus + tribes + governed person-name seeds,SHARED_REFERENCE,ACTIVE
NG-NAM-ROA-000007,Parliament Hill Boulevard,Parliament Hill Boulevard,ROAD,SOURCE_DERIVED,NGP-000007,Parliament Hill,PLACE,prefix=NONE;suffix=Boulevard,AVAILABLE,NoveGeo 700-place corpus + tribes + governed person-name seeds,SHARED_REFERENCE,ACTIVE
NG-NAM-ROA-000008,Meridian Exchange Highway,Meridian Exchange Highway,ROAD,SOURCE_DERIVED,NGP-000008,Meridian Exchange,PLACE,prefix=NONE;suffix=Highway,AVAILABLE,NoveGeo 700-place corpus + tribes + governed person-name seeds,SHARED_REFERENCE,ACTIVE
NG-NAM-ROA-000009,Old Orivane Junction,Old Orivane Junction,ROAD,SOURCE_DERIVED,NGP-000009,Old Orivane,PLACE,prefix=NONE;suffix=Junction,AVAILABLE,NoveGeo 700-place corpus + tribes + governed person-name seeds,SHARED_REFERENCE,ACTIVE
NG-NAM-ROA-000010,Northmere Quarter Crossing,Northmere Quarter Crossing,ROAD,SOURCE_DERIVED,NGP-000010,Northmere Quarter,PLACE,prefix=NONE;suffix=Crossing,AVAILABLE,NoveGeo 700-place corpus + tribes + governed person-name seeds,SHARED_REFERENCE,ACTIVE
NG-NAM-ROA-000011,Embassy Arc Road,Embassy Arc Road,ROAD,SOURCE_DERIVED,NGP-000011,Embassy Arc,PLACE,prefix=NONE;suffix=Road,AVAILABLE,NoveGeo 700-place corpus + tribes + governed person-name seeds,SHARED_REFERENCE,ACTIVE
NG-NAM-ROA-000012,University Ring Street,University Ring Street,ROAD,SOURCE_DERIVED,NGP-000012,University Ring,PLACE,prefix=NONE;suffix=Street,AVAILABLE,NoveGeo 700-place corpus + tribes + governed person-name seeds,SHARED_REFERENCE,ACTIVE
NG-NAM-ROA-000013,Vondrel Gardens Avenue,Vondrel Gardens Avenue,ROAD,SOURCE_DERIVED,NGP-000013,Vondrel Gardens,PLACE,prefix=NONE;suffix=Avenue,AVAILABLE,NoveGeo 700-place corpus + tribes + governed person-name seeds,SHARED_REFERENCE,ACTIVE
NG-NAM-ROA-000014,Lysara Heights Lane,Lysara Heights Lane,ROAD,SOURCE_DERIVED,NGP-000014,Lysara Heights,PLACE,prefix=NONE;suffix=Lane,AVAILABLE,NoveGeo 700-place corpus + tribes + governed person-name seeds,SHARED_REFERENCE,ACTIVE
NG-NAM-ROA-000015,Varenza Drive,Varenza Drive,ROAD,SOURCE_DERIVED,NGP-000015,Varenza,PLACE,prefix=NONE;suffix=Drive,AVAILABLE,NoveGeo 700-place corpus + tribes + governed person-name seeds,SHARED_REFERENCE,ACTIVE
NG-NAM-ROA-000016,Tekhara Gardens Way,Tekhara Gardens Way,ROAD,SOURCE_DERIVED,NGP-000016,Tekhara Gardens,PLACE,prefix=NONE;suffix=Way,AVAILABLE,NoveGeo 700-place corpus + tribes + governed person-name seeds,SHARED_REFERENCE,ACTIVE
NG-NAM-ROA-000017,Elvarin Boulevard,Elvarin Boulevard,ROAD,SOURCE_DERIVED,NGP-000017,Elvarin,PLACE,prefix=NONE;suffix=Boulevard,AVAILABLE,NoveGeo 700-place corpus + tribes + governed person-name seeds,SHARED_REFERENCE,ACTIVE
NG-NAM-ROA-000018,Nyavelle Highway,Nyavelle Highway,ROAD,SOURCE_DERIVED,NGP-000018,Nyavelle,PLACE,prefix=NONE;suffix=Highway,AVAILABLE,NoveGeo 700-place corpus + tribes + governed person-name seeds,SHARED_REFERENCE,ACTIVE
NG-NAM-ROA-000019,Moraen Park Junction,Moraen Park Junction,ROAD,SOURCE_DERIVED,NGP-000019,Moraen Park,PLACE,prefix=NONE;suffix=Junction,AVAILABLE,NoveGeo 700-place corpus + tribes + governed person-name seeds,SHARED_REFERENCE,ACTIVE
NG-NAM-ROA-000020,Tekkai Crossing,Tekkai Crossing,ROAD,SOURCE_DERIVED,NGP-000020,Tekkai,PLACE,prefix=NONE;suffix=Crossing,AVAILABLE,NoveGeo 700-place corpus + tribes + governed person-name seeds,SHARED_REFERENCE,ACTIVE
NG-NAM-ROA-000021,Vondel Ridge Road,Vondel Ridge Road,ROAD,SOURCE_DERIVED,NGP-000021,Vondel Ridge,PLACE,prefix=NONE;suffix=Road,AVAILABLE,NoveGeo 700-place corpus + tribes + governed person-name seeds,SHARED_REFERENCE,ACTIVE
NG-NAM-ROA-000022,Aelmar Street,Aelmar Street,ROAD,SOURCE_DERIVED,NGP-000022,Aelmar,PLACE,prefix=NONE;suffix=Street,AVAILABLE,NoveGeo 700-place corpus + tribes + governed person-name seeds,SHARED_REFERENCE,ACTIVE
NG-NAM-ROA-000023,Sabaro Avenue,Sabaro Avenue,ROAD,SOURCE_DERIVED,NGP-000023,Sabaro,PLACE,prefix=NONE;suffix=Avenue,AVAILABLE,NoveGeo 700-place corpus + tribes + governed person-name seeds,SHARED_REFERENCE,ACTIVE
NG-NAM-ROA-000024,Trossgate Lane,Trossgate Lane,ROAD,SOURCE_DERIVED,NGP-000024,Trossgate,PLACE,prefix=NONE;suffix=Lane,AVAILABLE,NoveGeo 700-place corpus + tribes + governed person-name seeds,SHARED_REFERENCE,ACTIVE
NG-NAM-ROA-000025,Ashbourne Drive,Ashbourne Drive,ROAD,SOURCE_DERIVED,NGP-000025,Ashbourne,PLACE,prefix=NONE;suffix=Drive,AVAILABLE,NoveGeo 700-place corpus + tribes + governed person-name seeds,SHARED_REFERENCE,ACTIVE
NG-NAM-ROA-000026,Crescenton Way,Crescenton Way,ROAD,SOURCE_DERIVED,NGP-000026,Crescenton,PLACE,prefix=NONE;suffix=Way,AVAILABLE,NoveGeo 700-place corpus + tribes + governed person-name seeds,SHARED_REFERENCE,ACTIVE
NG-NAM-ROA-000027,Elmtree Boulevard,Elmtree Boulevard,ROAD,SOURCE_DERIVED,NGP-000027,Elmtree,PLACE,prefix=NONE;suffix=Boulevard,AVAILABLE,NoveGeo 700-place corpus + tribes + governed person-name seeds,SHARED_REFERENCE,ACTIVE
NG-NAM-ROA-000028,Faircross Highway,Faircross Highway,ROAD,SOURCE_DERIVED,NGP-000028,Faircross,PLACE,prefix=NONE;suffix=Highway,AVAILABLE,NoveGeo 700-place corpus + tribes + governed person-name seeds,SHARED_REFERENCE,ACTIVE
NG-NAM-ROA-000029,Kingswell Junction,Kingswell Junction,ROAD,SOURCE_DERIVED,NGP-000029,Kingswell,PLACE,prefix=NONE;suffix=Junction,AVAILABLE,NoveGeo 700-place corpus + tribes + governed person-name seeds,SHARED_REFERENCE,ACTIVE
NG-NAM-ROA-000030,Brackenford Crossing,Brackenford Crossing,ROAD,SOURCE_DERIVED,NGP-000030,Brackenford,PLACE,prefix=NONE;suffix=Crossing,AVAILABLE,NoveGeo 700-place corpus + tribes + governed person-name seeds,SHARED_REFERENCE,ACTIVE
NG-NAM-ROA-000031,Rosehaven Road,Rosehaven Road,ROAD,SOURCE_DERIVED,NGP-000031,Rosehaven,PLACE,prefix=NONE;suffix=Road,AVAILABLE,NoveGeo 700-place corpus + tribes + governed person-name seeds,SHARED_REFERENCE,ACTIVE
NG-NAM-ROA-000032,Claybourne Street,Claybourne Street,ROAD,SOURCE_DERIVED,NGP-000032,Claybourne,PLACE,prefix=NONE;suffix=Street,AVAILABLE,NoveGeo 700-place corpus + tribes + governed person-name seeds,SHARED_REFERENCE,ACTIVE
NG-NAM-ROA-000033,Newstead Avenue,Newstead Avenue,ROAD,SOURCE_DERIVED,NGP-000033,Newstead,PLACE,prefix=NONE;suffix=Avenue,AVAILABLE,NoveGeo 700-place corpus + tribes + governed person-name seeds,SHARED_REFERENCE,ACTIVE
NG-NAM-ROA-000034,Larkspur Lane,Larkspur Lane,ROAD,SOURCE_DERIVED,NGP-000034,Larkspur,PLACE,prefix=NONE;suffix=Lane,AVAILABLE,NoveGeo 700-place corpus + tribes + governed person-name seeds,SHARED_REFERENCE,ACTIVE
NG-NAM-ROA-000035,Eastbridge Drive,Eastbridge Drive,ROAD,SOURCE_DERIVED,NGP-000035,Eastbridge,PLACE,prefix=NONE;suffix=Drive,AVAILABLE,NoveGeo 700-place corpus + tribes + governed person-name seeds,SHARED_REFERENCE,ACTIVE
NG-NAM-ROA-000036,Hillmark Way,Hillmark Way,ROAD,SOURCE_DERIVED,NGP-000036,Hillmark,PLACE,prefix=NONE;suffix=Way,AVAILABLE,NoveGeo 700-place corpus + tribes + governed person-name seeds,SHARED_REFERENCE,ACTIVE
NG-NAM-ROA-000037,Greyhaven Boulevard,Greyhaven Boulevard,ROAD,SOURCE_DERIVED,NGP-000037,Greyhaven,PLACE,prefix=NONE;suffix=Boulevard,AVAILABLE,NoveGeo 700-place corpus + tribes + governed person-name seeds,SHARED_REFERENCE,ACTIVE
NG-NAM-ROA-000038,Willowgate Highway,Willowgate Highway,ROAD,SOURCE_DERIVED,NGP-000038,Willowgate,PLACE,prefix=NONE;suffix=Highway,AVAILABLE,NoveGeo 700-place corpus + tribes + governed person-name seeds,SHARED_REFERENCE,ACTIVE
NG-NAM-ROA-000039,Stoneleigh Junction,Stoneleigh Junction,ROAD,SOURCE_DERIVED,NGP-000039,Stoneleigh,PLACE,prefix=NONE;suffix=Junction,AVAILABLE,NoveGeo 700-place corpus + tribes + governed person-name seeds,SHARED_REFERENCE,ACTIVE
NG-NAM-ROA-000040,Maple Junction Crossing,Maple Junction Crossing,ROAD,SOURCE_DERIVED,NGP-000040,Maple Junction,PLACE,prefix=NONE;suffix=Crossing,AVAILABLE,NoveGeo 700-place corpus + tribes + governed person-name seeds,SHARED_REFERENCE,ACTIVE
NG-NAM-ROA-000041,South Bell Road,South Bell Road,ROAD,SOURCE_DERIVED,NGP-000041,South Bell,PLACE,prefix=NONE;suffix=Road,AVAILABLE,NoveGeo 700-place corpus + tribes + governed person-name seeds,SHARED_REFERENCE,ACTIVE
NG-NAM-ROA-000042,Orchard End Street,Orchard End Street,ROAD,SOURCE_DERIVED,NGP-000042,Orchard End,PLACE,prefix=NONE;suffix=Street,AVAILABLE,NoveGeo 700-place corpus + tribes + governed person-name seeds,SHARED_REFERENCE,ACTIVE
NG-NAM-ROA-000043,Carrowfield Avenue,Carrowfield Avenue,ROAD,SOURCE_DERIVED,NGP-000043,Carrowfield,PLACE,prefix=NONE;suffix=Avenue,AVAILABLE,NoveGeo 700-place corpus + tribes + governed person-name seeds,SHARED_REFERENCE,ACTIVE
NG-NAM-ROA-000044,West Carrow Lane,West Carrow Lane,ROAD,SOURCE_DERIVED,NGP-000044,West Carrow,PLACE,prefix=NONE;suffix=Lane,AVAILABLE,NoveGeo 700-place corpus + tribes + governed person-name seeds,SHARED_REFERENCE,ACTIVE
NG-NAM-ROA-000045,Low Crescent Drive,Low Crescent Drive,ROAD,SOURCE_DERIVED,NGP-000045,Low Crescent,PLACE,prefix=NONE;suffix=Drive,AVAILABLE,NoveGeo 700-place corpus + tribes + governed person-name seeds,SHARED_REFERENCE,ACTIVE
NG-NAM-ROA-000046,Meridian Gate Way,Meridian Gate Way,ROAD,SOURCE_DERIVED,NGP-000046,Meridian Gate,PLACE,prefix=NONE;suffix=Way,AVAILABLE,NoveGeo 700-place corpus + tribes + governed person-name seeds,SHARED_REFERENCE,ACTIVE
NG-NAM-ROA-000047,Railview Boulevard,Railview Boulevard,ROAD,SOURCE_DERIVED,NGP-000047,Railview,PLACE,prefix=NONE;suffix=Boulevard,AVAILABLE,NoveGeo 700-place corpus + tribes + governed person-name seeds,SHARED_REFERENCE,ACTIVE
NG-NAM-ROA-000048,Eastbank Highway,Eastbank Highway,ROAD,SOURCE_DERIVED,NGP-000048,Eastbank,PLACE,prefix=NONE;suffix=Highway,AVAILABLE,NoveGeo 700-place corpus + tribes + governed person-name seeds,SHARED_REFERENCE,ACTIVE
NG-NAM-ROA-000049,Lower Ashbourne Junction,Lower Ashbourne Junction,ROAD,SOURCE_DERIVED,NGP-000049,Lower Ashbourne,PLACE,prefix=NONE;suffix=Junction,AVAILABLE,NoveGeo 700-place corpus + tribes + governed person-name seeds,SHARED_REFERENCE,ACTIVE
NG-NAM-ROA-000050,Ashbourne Green Crossing,Ashbourne Green Crossing,ROAD,SOURCE_DERIVED,NGP-000050,Ashbourne Green,PLACE,prefix=NONE;suffix=Crossing,AVAILABLE,NoveGeo 700-place corpus + tribes + governed person-name seeds,SHARED_REFERENCE,ACTIVE
NG-NAM-ROA-000051,Old Crescenton Road,Old Crescenton Road,ROAD,SOURCE_DERIVED,NGP-000051,Old Crescenton,PLACE,prefix=NONE;suffix=Road,AVAILABLE,NoveGeo 700-place corpus + tribes + governed person-name seeds,SHARED_REFERENCE,ACTIVE
NG-NAM-ROA-000052,Crescenton Fields Street,Crescenton Fields Street,ROAD,SOURCE_DERIVED,NGP-000052,Crescenton Fields,PLACE,prefix=NONE;suffix=Street,AVAILABLE,NoveGeo 700-place corpus + tribes + governed person-name seeds,SHARED_REFERENCE,ACTIVE
NG-NAM-ROA-000053,Elmtree Hollow Avenue,Elmtree Hollow Avenue,ROAD,SOURCE_DERIVED,NGP-000053,Elmtree Hollow,PLACE,prefix=NONE;suffix=Avenue,AVAILABLE,NoveGeo 700-place corpus + tribes + governed person-name seeds,SHARED_REFERENCE,ACTIVE
NG-NAM-ROA-000054,Elmtree Brook Lane,Elmtree Brook Lane,ROAD,SOURCE_DERIVED,NGP-000054,Elmtree Brook,PLACE,prefix=NONE;suffix=Lane,AVAILABLE,NoveGeo 700-place corpus + tribes + governed person-name seeds,SHARED_REFERENCE,ACTIVE
NG-NAM-ROA-000055,Faircross Cross Drive,Faircross Cross Drive,ROAD,SOURCE_DERIVED,NGP-000055,Faircross Cross,PLACE,prefix=NONE;suffix=Drive,AVAILABLE,NoveGeo 700-place corpus + tribes + governed person-name seeds,SHARED_REFERENCE,ACTIVE
NG-NAM-ROA-000056,Faircross Vale Way,Faircross Vale Way,ROAD,SOURCE_DERIVED,NGP-000056,Faircross Vale,PLACE,prefix=NONE;suffix=Way,AVAILABLE,NoveGeo 700-place corpus + tribes + governed person-name seeds,SHARED_REFERENCE,ACTIVE
NG-NAM-ROA-000057,North Kingswell Boulevard,North Kingswell Boulevard,ROAD,SOURCE_DERIVED,NGP-000057,North Kingswell,PLACE,prefix=NONE;suffix=Boulevard,AVAILABLE,NoveGeo 700-place corpus + tribes + governed person-name seeds,SHARED_REFERENCE,ACTIVE
NG-NAM-ROA-000058,Kingswell End Highway,Kingswell End Highway,ROAD,SOURCE_DERIVED,NGP-000058,Kingswell End,PLACE,prefix=NONE;suffix=Highway,AVAILABLE,NoveGeo 700-place corpus + tribes + governed person-name seeds,SHARED_REFERENCE,ACTIVE
NG-NAM-ROA-000059,Brackenford Heath Junction,Brackenford Heath Junction,ROAD,SOURCE_DERIVED,NGP-000059,Brackenford Heath,PLACE,prefix=NONE;suffix=Junction,AVAILABLE,NoveGeo 700-place corpus + tribes + governed person-name seeds,SHARED_REFERENCE,ACTIVE
NG-NAM-ROA-000060,Brackenford Grove Crossing,Brackenford Grove Crossing,ROAD,SOURCE_DERIVED,NGP-000060,Brackenford Grove,PLACE,prefix=NONE;suffix=Crossing,AVAILABLE,NoveGeo 700-place corpus + tribes + governed person-name seeds,SHARED_REFERENCE,ACTIVE
NG-NAM-ROA-000061,Upper Rosehaven Road,Upper Rosehaven Road,ROAD,SOURCE_DERIVED,NGP-000061,Upper Rosehaven,PLACE,prefix=NONE;suffix=Road,AVAILABLE,NoveGeo 700-place corpus + tribes + governed person-name seeds,SHARED_REFERENCE,ACTIVE
NG-NAM-ROA-000062,Rosehaven Meadow Street,Rosehaven Meadow Street,ROAD,SOURCE_DERIVED,NGP-000062,Rosehaven Meadow,PLACE,prefix=NONE;suffix=Street,AVAILABLE,NoveGeo 700-place corpus + tribes + governed person-name seeds,SHARED_REFERENCE,ACTIVE
NG-NAM-ROA-000063,Claybourne Ford Avenue,Claybourne Ford Avenue,ROAD,SOURCE_DERIVED,NGP-000063,Claybourne Ford,PLACE,prefix=NONE;suffix=Avenue,AVAILABLE,NoveGeo 700-place corpus + tribes + governed person-name seeds,SHARED_REFERENCE,ACTIVE
NG-NAM-ROA-000064,Claybourne Common Lane,Claybourne Common Lane,ROAD,SOURCE_DERIVED,NGP-000064,Claybourne Common,PLACE,prefix=NONE;suffix=Lane,AVAILABLE,NoveGeo 700-place corpus + tribes + governed person-name seeds,SHARED_REFERENCE,ACTIVE
NG-NAM-ROA-000065,Little Newstead Drive,Little Newstead Drive,ROAD,SOURCE_DERIVED,NGP-000065,Little Newstead,PLACE,prefix=NONE;suffix=Drive,AVAILABLE,NoveGeo 700-place corpus + tribes + governed person-name seeds,SHARED_REFERENCE,ACTIVE
NG-NAM-ROA-000066,Newstead Rise Way,Newstead Rise Way,ROAD,SOURCE_DERIVED,NGP-000066,Newstead Rise,PLACE,prefix=NONE;suffix=Way,AVAILABLE,NoveGeo 700-place corpus + tribes + governed person-name seeds,SHARED_REFERENCE,ACTIVE
NG-NAM-ROA-000067,Larkspur Hill Boulevard,Larkspur Hill Boulevard,ROAD,SOURCE_DERIVED,NGP-000067,Larkspur Hill,PLACE,prefix=NONE;suffix=Boulevard,AVAILABLE,NoveGeo 700-place corpus + tribes + governed person-name seeds,SHARED_REFERENCE,ACTIVE
NG-NAM-ROA-000068,Larkspur Springs Highway,Larkspur Springs Highway,ROAD,SOURCE_DERIVED,NGP-000068,Larkspur Springs,PLACE,prefix=NONE;suffix=Highway,AVAILABLE,NoveGeo 700-place corpus + tribes + governed person-name seeds,SHARED_REFERENCE,ACTIVE
NG-NAM-ROA-000069,West Eastbridge Junction,West Eastbridge Junction,ROAD,SOURCE_DERIVED,NGP-000069,West Eastbridge,PLACE,prefix=NONE;suffix=Junction,AVAILABLE,NoveGeo 700-place corpus + tribes + governed person-name seeds,SHARED_REFERENCE,ACTIVE
NG-NAM-ROA-000070,Eastbridge Lane Crossing,Eastbridge Lane Crossing,ROAD,SOURCE_DERIVED,NGP-000070,Eastbridge Lane,PLACE,prefix=NONE;suffix=Crossing,AVAILABLE,NoveGeo 700-place corpus + tribes + governed person-name seeds,SHARED_REFERENCE,ACTIVE
NG-NAM-ROA-000071,Hillmark Wood Road,Hillmark Wood Road,ROAD,SOURCE_DERIVED,NGP-000071,Hillmark Wood,PLACE,prefix=NONE;suffix=Road,AVAILABLE,NoveGeo 700-place corpus + tribes + governed person-name seeds,SHARED_REFERENCE,ACTIVE
NG-NAM-ROA-000072,Hillmark Beck Street,Hillmark Beck Street,ROAD,SOURCE_DERIVED,NGP-000072,Hillmark Beck,PLACE,prefix=NONE;suffix=Street,AVAILABLE,NoveGeo 700-place corpus + tribes + governed person-name seeds,SHARED_REFERENCE,ACTIVE
NG-NAM-ROA-000073,South Greyhaven Avenue,South Greyhaven Avenue,ROAD,SOURCE_DERIVED,NGP-000073,South Greyhaven,PLACE,prefix=NONE;suffix=Avenue,AVAILABLE,NoveGeo 700-place corpus + tribes + governed person-name seeds,SHARED_REFERENCE,ACTIVE
NG-NAM-ROA-000074,Greyhaven Court Lane,Greyhaven Court Lane,ROAD,SOURCE_DERIVED,NGP-000074,Greyhaven Court,PLACE,prefix=NONE;suffix=Lane,AVAILABLE,NoveGeo 700-place corpus + tribes + governed person-name seeds,SHARED_REFERENCE,ACTIVE
NG-NAM-ROA-000075,Willowgate Gate Drive,Willowgate Gate Drive,ROAD,SOURCE_DERIVED,NGP-000075,Willowgate Gate,PLACE,prefix=NONE;suffix=Drive,AVAILABLE,NoveGeo 700-place corpus + tribes + governed person-name seeds,SHARED_REFERENCE,ACTIVE
NG-NAM-ROA-000076,Willowgate Downs Way,Willowgate Downs Way,ROAD,SOURCE_DERIVED,NGP-000076,Willowgate Downs,PLACE,prefix=NONE;suffix=Way,AVAILABLE,NoveGeo 700-place corpus + tribes + governed person-name seeds,SHARED_REFERENCE,ACTIVE
NG-NAM-ROA-000077,Stoneleigh Mill Boulevard,Stoneleigh Mill Boulevard,ROAD,SOURCE_DERIVED,NGP-000077,Stoneleigh Mill,PLACE,prefix=NONE;suffix=Boulevard,AVAILABLE,NoveGeo 700-place corpus + tribes + governed person-name seeds,SHARED_REFERENCE,ACTIVE
NG-NAM-ROA-000078,Stoneleigh Park Highway,Stoneleigh Park Highway,ROAD,SOURCE_DERIVED,NGP-000078,Stoneleigh Park,PLACE,prefix=NONE;suffix=Highway,AVAILABLE,NoveGeo 700-place corpus + tribes + governed person-name seeds,SHARED_REFERENCE,ACTIVE
NG-NAM-ROA-000079,Cedar Market Junction,Cedar Market Junction,ROAD,SOURCE_DERIVED,NGP-000079,Cedar Market,PLACE,prefix=NONE;suffix=Junction,AVAILABLE,NoveGeo 700-place corpus + tribes + governed person-name seeds,SHARED_REFERENCE,ACTIVE
NG-NAM-ROA-000080,Junction Five Crossing,Junction Five Crossing,ROAD,SOURCE_DERIVED,NGP-000080,Junction Five,PLACE,prefix=NONE;suffix=Crossing,AVAILABLE,NoveGeo 700-place corpus + tribes + governed person-name seeds,SHARED_REFERENCE,ACTIVE
NG-NAM-ROA-000081,Old Toll Road,Old Toll Road,ROAD,SOURCE_DERIVED,NGP-000081,Old Toll,PLACE,prefix=NONE;suffix=Road,AVAILABLE,NoveGeo 700-place corpus + tribes + governed person-name seeds,SHARED_REFERENCE,ACTIVE
NG-NAM-ROA-000082,Farmers' Gate Street,Farmers' Gate Street,ROAD,SOURCE_DERIVED,NGP-000082,Farmers' Gate,PLACE,prefix=NONE;suffix=Street,AVAILABLE,NoveGeo 700-place corpus + tribes + governed person-name seeds,SHARED_REFERENCE,ACTIVE
NG-NAM-ROA-000083,Lantern Cross Avenue,Lantern Cross Avenue,ROAD,SOURCE_DERIVED,NGP-000083,Lantern Cross,PLACE,prefix=NONE;suffix=Avenue,AVAILABLE,NoveGeo 700-place corpus + tribes + governed person-name seeds,SHARED_REFERENCE,ACTIVE
NG-NAM-ROA-000084,Eastline Industrial Park Lane,Eastline Industrial Park Lane,ROAD,SOURCE_DERIVED,NGP-000084,Eastline Industrial Park,PLACE,prefix=NONE;suffix=Lane,AVAILABLE,NoveGeo 700-place corpus + tribes + governed person-name seeds,SHARED_REFERENCE,ACTIVE
NG-NAM-ROA-000085,Capital Logistics Zone Drive,Capital Logistics Zone Drive,ROAD,SOURCE_DERIVED,NGP-000085,Capital Logistics Zone,PLACE,prefix=NONE;suffix=Drive,AVAILABLE,NoveGeo 700-place corpus + tribes + governed person-name seeds,SHARED_REFERENCE,ACTIVE
NG-NAM-ROA-000086,Northgate Way,Northgate Way,ROAD,SOURCE_DERIVED,NGP-000086,Northgate,PLACE,prefix=NONE;suffix=Way,AVAILABLE,NoveGeo 700-place corpus + tribes + governed person-name seeds,SHARED_REFERENCE,ACTIVE
NG-NAM-ROA-000087,Caelith Boulevard,Caelith Boulevard,ROAD,SOURCE_DERIVED,NGP-000087,Caelith,PLACE,prefix=NONE;suffix=Boulevard,AVAILABLE,NoveGeo 700-place corpus + tribes + governed person-name seeds,SHARED_REFERENCE,ACTIVE
NG-NAM-ROA-000088,Skeldrun Highway,Skeldrun Highway,ROAD,SOURCE_DERIVED,NGP-000088,Skeldrun,PLACE,prefix=NONE;suffix=Highway,AVAILABLE,NoveGeo 700-place corpus + tribes + governed person-name seeds,SHARED_REFERENCE,ACTIVE
NG-NAM-ROA-000089,Pinebarrow Junction,Pinebarrow Junction,ROAD,SOURCE_DERIVED,NGP-000089,Pinebarrow,PLACE,prefix=NONE;suffix=Junction,AVAILABLE,NoveGeo 700-place corpus + tribes + governed person-name seeds,SHARED_REFERENCE,ACTIVE
NG-NAM-ROA-000090,Crown Steps Crossing,Crown Steps Crossing,ROAD,SOURCE_DERIVED,NGP-000090,Crown Steps,PLACE,prefix=NONE;suffix=Crossing,AVAILABLE,NoveGeo 700-place corpus + tribes + governed person-name seeds,SHARED_REFERENCE,ACTIVE
NG-NAM-ROA-000091,Highgate Core Road,Highgate Core Road,ROAD,SOURCE_DERIVED,NGP-000091,Highgate Core,PLACE,prefix=NONE;suffix=Road,AVAILABLE,NoveGeo 700-place corpus + tribes + governed person-name seeds,SHARED_REFERENCE,ACTIVE
NG-NAM-ROA-000092,Observatory Ward Street,Observatory Ward Street,ROAD,SOURCE_DERIVED,NGP-000092,Observatory Ward,PLACE,prefix=NONE;suffix=Street,AVAILABLE,NoveGeo 700-place corpus + tribes + governed person-name seeds,SHARED_REFERENCE,ACTIVE
NG-NAM-ROA-000093,Foundry Terrace Avenue,Foundry Terrace Avenue,ROAD,SOURCE_DERIVED,NGP-000093,Foundry Terrace,PLACE,prefix=NONE;suffix=Avenue,AVAILABLE,NoveGeo 700-place corpus + tribes + governed person-name seeds,SHARED_REFERENCE,ACTIVE
NG-NAM-ROA-000094,Old Switchback Lane,Old Switchback Lane,ROAD,SOURCE_DERIVED,NGP-000094,Old Switchback,PLACE,prefix=NONE;suffix=Lane,AVAILABLE,NoveGeo 700-place corpus + tribes + governed person-name seeds,SHARED_REFERENCE,ACTIVE
NG-NAM-ROA-000095,Alpine Exchange Drive,Alpine Exchange Drive,ROAD,SOURCE_DERIVED,NGP-000095,Alpine Exchange,PLACE,prefix=NONE;suffix=Drive,AVAILABLE,NoveGeo 700-place corpus + tribes + governed person-name seeds,SHARED_REFERENCE,ACTIVE
NG-NAM-ROA-000096,Northgate University District Way,Northgate University District Way,ROAD,SOURCE_DERIVED,NGP-000096,Northgate University District,PLACE,prefix=NONE;suffix=Way,AVAILABLE,NoveGeo 700-place corpus + tribes + governed person-name seeds,SHARED_REFERENCE,ACTIVE
NG-NAM-ROA-000097,Cloudline Boulevard,Cloudline Boulevard,ROAD,SOURCE_DERIVED,NGP-000097,Cloudline,PLACE,prefix=NONE;suffix=Boulevard,AVAILABLE,NoveGeo 700-place corpus + tribes + governed person-name seeds,SHARED_REFERENCE,ACTIVE
NG-NAM-ROA-000098,Pineglass Highway,Pineglass Highway,ROAD,SOURCE_DERIVED,NGP-000098,Pineglass,PLACE,prefix=NONE;suffix=Highway,AVAILABLE,NoveGeo 700-place corpus + tribes + governed person-name seeds,SHARED_REFERENCE,ACTIVE
NG-NAM-ROA-000099,Heather Vale Junction,Heather Vale Junction,ROAD,SOURCE_DERIVED,NGP-000099,Heather Vale,PLACE,prefix=NONE;suffix=Junction,AVAILABLE,NoveGeo 700-place corpus + tribes + governed person-name seeds,SHARED_REFERENCE,ACTIVE
NG-NAM-ROA-000100,Slate Gardens Crossing,Slate Gardens Crossing,ROAD,SOURCE_DERIVED,NGP-000100,Slate Gardens,PLACE,prefix=NONE;suffix=Crossing,AVAILABLE,NoveGeo 700-place corpus + tribes + governed person-name seeds,SHARED_REFERENCE,ACTIVE
NG-NAM-ROA-000101,Frostmere Road,Frostmere Road,ROAD,SOURCE_DERIVED,NGP-000101,Frostmere,PLACE,prefix=NONE;suffix=Road,AVAILABLE,NoveGeo 700-place corpus + tribes + governed person-name seeds,SHARED_REFERENCE,ACTIVE
NG-NAM-ROA-000102,New Albion Street,New Albion Street,ROAD,SOURCE_DERIVED,NGP-000102,New Albion,PLACE,prefix=NONE;suffix=Street,AVAILABLE,NoveGeo 700-place corpus + tribes + governed person-name seeds,SHARED_REFERENCE,ACTIVE
NG-NAM-ROA-000103,Kaelor Heights Avenue,Kaelor Heights Avenue,ROAD,SOURCE_DERIVED,NGP-000103,Kaelor Heights,PLACE,prefix=NONE;suffix=Avenue,AVAILABLE,NoveGeo 700-place corpus + tribes + governed person-name seeds,SHARED_REFERENCE,ACTIVE
NG-NAM-ROA-000104,Bramble Court Lane,Bramble Court Lane,ROAD,SOURCE_DERIVED,NGP-000104,Bramble Court,PLACE,prefix=NONE;suffix=Lane,AVAILABLE,NoveGeo 700-place corpus + tribes + governed person-name seeds,SHARED_REFERENCE,ACTIVE
NG-NAM-ROA-000105,St. Arden Drive,St. Arden Drive,ROAD,SOURCE_DERIVED,NGP-000105,St. Arden,PLACE,prefix=NONE;suffix=Drive,AVAILABLE,NoveGeo 700-place corpus + tribes + governed person-name seeds,SHARED_REFERENCE,ACTIVE
NG-NAM-ROA-000106,Maple Rise Way,Maple Rise Way,ROAD,SOURCE_DERIVED,NGP-000106,Maple Rise,PLACE,prefix=NONE;suffix=Way,AVAILABLE,NoveGeo 700-place corpus + tribes + governed person-name seeds,SHARED_REFERENCE,ACTIVE
NG-NAM-ROA-000107,Aelwood Boulevard,Aelwood Boulevard,ROAD,SOURCE_DERIVED,NGP-000107,Aelwood,PLACE,prefix=NONE;suffix=Boulevard,AVAILABLE,NoveGeo 700-place corpus + tribes + governed person-name seeds,SHARED_REFERENCE,ACTIVE
NG-NAM-ROA-000108,Ridgewater Highway,Ridgewater Highway,ROAD,SOURCE_DERIVED,NGP-000108,Ridgewater,PLACE,prefix=NONE;suffix=Highway,AVAILABLE,NoveGeo 700-place corpus + tribes + governed person-name seeds,SHARED_REFERENCE,ACTIVE
NG-NAM-ROA-000109,Windward Heath Junction,Windward Heath Junction,ROAD,SOURCE_DERIVED,NGP-000109,Windward Heath,PLACE,prefix=NONE;suffix=Junction,AVAILABLE,NoveGeo 700-place corpus + tribes + governed person-name seeds,SHARED_REFERENCE,ACTIVE
NG-NAM-ROA-000110,Aelgrove Crossing,Aelgrove Crossing,ROAD,SOURCE_DERIVED,NGP-000110,Aelgrove,PLACE,prefix=NONE;suffix=Crossing,AVAILABLE,NoveGeo 700-place corpus + tribes + governed person-name seeds,SHARED_REFERENCE,ACTIVE
NG-NAM-ROA-000111,Kaedur Road,Kaedur Road,ROAD,SOURCE_DERIVED,NGP-000111,Kaedur,PLACE,prefix=NONE;suffix=Road,AVAILABLE,NoveGeo 700-place corpus + tribes + governed person-name seeds,SHARED_REFERENCE,ACTIVE
NG-NAM-ROA-000112,Østmark Street,Ostmark Street,ROAD,SOURCE_DERIVED,NGP-000112,Østmark,PLACE,prefix=NONE;suffix=Street,AVAILABLE,NoveGeo 700-place corpus + tribes + governed person-name seeds,SHARED_REFERENCE,ACTIVE
NG-NAM-ROA-000113,Valekirk Avenue,Valekirk Avenue,ROAD,SOURCE_DERIVED,NGP-000113,Valekirk,PLACE,prefix=NONE;suffix=Avenue,AVAILABLE,NoveGeo 700-place corpus + tribes + governed person-name seeds,SHARED_REFERENCE,ACTIVE
NG-NAM-ROA-000114,Snowmere Lane,Snowmere Lane,ROAD,SOURCE_DERIVED,NGP-000114,Snowmere,PLACE,prefix=NONE;suffix=Lane,AVAILABLE,NoveGeo 700-place corpus + tribes + governed person-name seeds,SHARED_REFERENCE,ACTIVE
NG-NAM-ROA-000115,Frostholm Drive,Frostholm Drive,ROAD,SOURCE_DERIVED,NGP-000115,Frostholm,PLACE,prefix=NONE;suffix=Drive,AVAILABLE,NoveGeo 700-place corpus + tribes + governed person-name seeds,SHARED_REFERENCE,ACTIVE
NG-NAM-ROA-000116,Trossfell Way,Trossfell Way,ROAD,SOURCE_DERIVED,NGP-000116,Trossfell,PLACE,prefix=NONE;suffix=Way,AVAILABLE,NoveGeo 700-place corpus + tribes + governed person-name seeds,SHARED_REFERENCE,ACTIVE
NG-NAM-ROA-000117,Birchpass Boulevard,Birchpass Boulevard,ROAD,SOURCE_DERIVED,NGP-000117,Birchpass,PLACE,prefix=NONE;suffix=Boulevard,AVAILABLE,NoveGeo 700-place corpus + tribes + governed person-name seeds,SHARED_REFERENCE,ACTIVE
NG-NAM-ROA-000118,Ravencrag Highway,Ravencrag Highway,ROAD,SOURCE_DERIVED,NGP-000118,Ravencrag,PLACE,prefix=NONE;suffix=Highway,AVAILABLE,NoveGeo 700-place corpus + tribes + governed person-name seeds,SHARED_REFERENCE,ACTIVE
NG-NAM-ROA-000119,Highmere Junction,Highmere Junction,ROAD,SOURCE_DERIVED,NGP-000119,Highmere,PLACE,prefix=NONE;suffix=Junction,AVAILABLE,NoveGeo 700-place corpus + tribes + governed person-name seeds,SHARED_REFERENCE,ACTIVE
NG-NAM-ROA-000120,Cedarwick Crossing,Cedarwick Crossing,ROAD,SOURCE_DERIVED,NGP-000120,Cedarwick,PLACE,prefix=NONE;suffix=Crossing,AVAILABLE,NoveGeo 700-place corpus + tribes + governed person-name seeds,SHARED_REFERENCE,ACTIVE
NG-NAM-ROA-000121,Bellpine Road,Bellpine Road,ROAD,SOURCE_DERIVED,NGP-000121,Bellpine,PLACE,prefix=NONE;suffix=Road,AVAILABLE,NoveGeo 700-place corpus + tribes + governed person-name seeds,SHARED_REFERENCE,ACTIVE
NG-NAM-ROA-000122,Glenvar Street,Glenvar Street,ROAD,SOURCE_DERIVED,NGP-000122,Glenvar,PLACE,prefix=NONE;suffix=Street,AVAILABLE,NoveGeo 700-place corpus + tribes + governed person-name seeds,SHARED_REFERENCE,ACTIVE
NG-NAM-ROA-000123,Moorsend Avenue,Moorsend Avenue,ROAD,SOURCE_DERIVED,NGP-000123,Moorsend,PLACE,prefix=NONE;suffix=Avenue,AVAILABLE,NoveGeo 700-place corpus + tribes + governed person-name seeds,SHARED_REFERENCE,ACTIVE
NG-NAM-ROA-000124,Ferncross Lane,Ferncross Lane,ROAD,SOURCE_DERIVED,NGP-000124,Ferncross,PLACE,prefix=NONE;suffix=Lane,AVAILABLE,NoveGeo 700-place corpus + tribes + governed person-name seeds,SHARED_REFERENCE,ACTIVE
NG-NAM-ROA-000125,Lower Caelith Drive,Lower Caelith Drive,ROAD,SOURCE_DERIVED,NGP-000125,Lower Caelith,PLACE,prefix=NONE;suffix=Drive,AVAILABLE,NoveGeo 700-place corpus + tribes + governed person-name seeds,SHARED_REFERENCE,ACTIVE
NG-NAM-ROA-000126,Glen Kael Way,Glen Kael Way,ROAD,SOURCE_DERIVED,NGP-000126,Glen Kael,PLACE,prefix=NONE;suffix=Way,AVAILABLE,NoveGeo 700-place corpus + tribes + governed person-name seeds,SHARED_REFERENCE,ACTIVE
NG-NAM-ROA-000127,Passfield Boulevard,Passfield Boulevard,ROAD,SOURCE_DERIVED,NGP-000127,Passfield,PLACE,prefix=NONE;suffix=Boulevard,AVAILABLE,NoveGeo 700-place corpus + tribes + governed person-name seeds,SHARED_REFERENCE,ACTIVE
NG-NAM-ROA-000128,South Skeldrun Highway,South Skeldrun Highway,ROAD,SOURCE_DERIVED,NGP-000128,South Skeldrun,PLACE,prefix=NONE;suffix=Highway,AVAILABLE,NoveGeo 700-place corpus + tribes + governed person-name seeds,SHARED_REFERENCE,ACTIVE
NG-NAM-ROA-000129,Icebrook Junction,Icebrook Junction,ROAD,SOURCE_DERIVED,NGP-000129,Icebrook,PLACE,prefix=NONE;suffix=Junction,AVAILABLE,NoveGeo 700-place corpus + tribes + governed person-name seeds,SHARED_REFERENCE,ACTIVE
NG-NAM-ROA-000130,Mill Crag Crossing,Mill Crag Crossing,ROAD,SOURCE_DERIVED,NGP-000130,Mill Crag,PLACE,prefix=NONE;suffix=Crossing,AVAILABLE,NoveGeo 700-place corpus + tribes + governed person-name seeds,SHARED_REFERENCE,ACTIVE
NG-NAM-ROA-000131,East Pinebarrow Road,East Pinebarrow Road,ROAD,SOURCE_DERIVED,NGP-000131,East Pinebarrow,PLACE,prefix=NONE;suffix=Road,AVAILABLE,NoveGeo 700-place corpus + tribes + governed person-name seeds,SHARED_REFERENCE,ACTIVE
NG-NAM-ROA-000132,Woodcutters' Line Street,Woodcutters' Line Street,ROAD,SOURCE_DERIVED,NGP-000132,Woodcutters' Line,PLACE,prefix=NONE;suffix=Street,AVAILABLE,NoveGeo 700-place corpus + tribes + governed person-name seeds,SHARED_REFERENCE,ACTIVE
NG-NAM-ROA-000133,Briar Junction Avenue,Briar Junction Avenue,ROAD,SOURCE_DERIVED,NGP-000133,Briar Junction,PLACE,prefix=NONE;suffix=Avenue,AVAILABLE,NoveGeo 700-place corpus + tribes + governed person-name seeds,SHARED_REFERENCE,ACTIVE
NG-NAM-ROA-000134,Lower Aelgrove Lane,Lower Aelgrove Lane,ROAD,SOURCE_DERIVED,NGP-000134,Lower Aelgrove,PLACE,prefix=NONE;suffix=Lane,AVAILABLE,NoveGeo 700-place corpus + tribes + governed person-name seeds,SHARED_REFERENCE,ACTIVE
NG-NAM-ROA-000135,Aelgrove Fell Drive,Aelgrove Fell Drive,ROAD,SOURCE_DERIVED,NGP-000135,Aelgrove Fell,PLACE,prefix=NONE;suffix=Drive,AVAILABLE,NoveGeo 700-place corpus + tribes + governed person-name seeds,SHARED_REFERENCE,ACTIVE
NG-NAM-ROA-000136,Upper Kaedur Way,Upper Kaedur Way,ROAD,SOURCE_DERIVED,NGP-000136,Upper Kaedur,PLACE,prefix=NONE;suffix=Way,AVAILABLE,NoveGeo 700-place corpus + tribes + governed person-name seeds,SHARED_REFERENCE,ACTIVE
NG-NAM-ROA-000137,Kaedur Glen Boulevard,Kaedur Glen Boulevard,ROAD,SOURCE_DERIVED,NGP-000137,Kaedur Glen,PLACE,prefix=NONE;suffix=Boulevard,AVAILABLE,NoveGeo 700-place corpus + tribes + governed person-name seeds,SHARED_REFERENCE,ACTIVE
NG-NAM-ROA-000138,East Østmark Highway,East Ostmark Highway,ROAD,SOURCE_DERIVED,NGP-000138,East Østmark,PLACE,prefix=NONE;suffix=Highway,AVAILABLE,NoveGeo 700-place corpus + tribes + governed person-name seeds,SHARED_REFERENCE,ACTIVE
NG-NAM-ROA-000139,Østmark Beck Junction,Ostmark Beck Junction,ROAD,SOURCE_DERIVED,NGP-000139,Østmark Beck,PLACE,prefix=NONE;suffix=Junction,AVAILABLE,NoveGeo 700-place corpus + tribes + governed person-name seeds,SHARED_REFERENCE,ACTIVE
NG-NAM-ROA-000140,Old Valekirk Crossing,Old Valekirk Crossing,ROAD,SOURCE_DERIVED,NGP-000140,Old Valekirk,PLACE,prefix=NONE;suffix=Crossing,AVAILABLE,NoveGeo 700-place corpus + tribes + governed person-name seeds,SHARED_REFERENCE,ACTIVE
NG-NAM-ROA-000141,Valekirk Crag Road,Valekirk Crag Road,ROAD,SOURCE_DERIVED,NGP-000141,Valekirk Crag,PLACE,prefix=NONE;suffix=Road,AVAILABLE,NoveGeo 700-place corpus + tribes + governed person-name seeds,SHARED_REFERENCE,ACTIVE
NG-NAM-ROA-000142,South Snowmere Street,South Snowmere Street,ROAD,SOURCE_DERIVED,NGP-000142,South Snowmere,PLACE,prefix=NONE;suffix=Street,AVAILABLE,NoveGeo 700-place corpus + tribes + governed person-name seeds,SHARED_REFERENCE,ACTIVE
NG-NAM-ROA-000143,Snowmere Pass Avenue,Snowmere Pass Avenue,ROAD,SOURCE_DERIVED,NGP-000143,Snowmere Pass,PLACE,prefix=NONE;suffix=Avenue,AVAILABLE,NoveGeo 700-place corpus + tribes + governed person-name seeds,SHARED_REFERENCE,ACTIVE
NG-NAM-ROA-000144,Frostholm Moor Lane,Frostholm Moor Lane,ROAD,SOURCE_DERIVED,NGP-000144,Frostholm Moor,PLACE,prefix=NONE;suffix=Lane,AVAILABLE,NoveGeo 700-place corpus + tribes + governed person-name seeds,SHARED_REFERENCE,ACTIVE
NG-NAM-ROA-000145,Frostholm Fold Drive,Frostholm Fold Drive,ROAD,SOURCE_DERIVED,NGP-000145,Frostholm Fold,PLACE,prefix=NONE;suffix=Drive,AVAILABLE,NoveGeo 700-place corpus + tribes + governed person-name seeds,SHARED_REFERENCE,ACTIVE
NG-NAM-ROA-000146,North Trossfell Way,North Trossfell Way,ROAD,SOURCE_DERIVED,NGP-000146,North Trossfell,PLACE,prefix=NONE;suffix=Way,AVAILABLE,NoveGeo 700-place corpus + tribes + governed person-name seeds,SHARED_REFERENCE,ACTIVE
NG-NAM-ROA-000147,Trossfell Tor Boulevard,Trossfell Tor Boulevard,ROAD,SOURCE_DERIVED,NGP-000147,Trossfell Tor,PLACE,prefix=NONE;suffix=Boulevard,AVAILABLE,NoveGeo 700-place corpus + tribes + governed person-name seeds,SHARED_REFERENCE,ACTIVE
NG-NAM-ROA-000148,Birchpass Ridge Highway,Birchpass Ridge Highway,ROAD,SOURCE_DERIVED,NGP-000148,Birchpass Ridge,PLACE,prefix=NONE;suffix=Highway,AVAILABLE,NoveGeo 700-place corpus + tribes + governed person-name seeds,SHARED_REFERENCE,ACTIVE
NG-NAM-ROA-000149,Birchpass Tarn Junction,Birchpass Tarn Junction,ROAD,SOURCE_DERIVED,NGP-000149,Birchpass Tarn,PLACE,prefix=NONE;suffix=Junction,AVAILABLE,NoveGeo 700-place corpus + tribes + governed person-name seeds,SHARED_REFERENCE,ACTIVE
NG-NAM-ROA-000150,West Ravencrag Crossing,West Ravencrag Crossing,ROAD,SOURCE_DERIVED,NGP-000150,West Ravencrag,PLACE,prefix=NONE;suffix=Crossing,AVAILABLE,NoveGeo 700-place corpus + tribes + governed person-name seeds,SHARED_REFERENCE,ACTIVE
NG-NAM-ROA-000151,Ravencrag Pines Road,Ravencrag Pines Road,ROAD,SOURCE_DERIVED,NGP-000151,Ravencrag Pines,PLACE,prefix=NONE;suffix=Road,AVAILABLE,NoveGeo 700-place corpus + tribes + governed person-name seeds,SHARED_REFERENCE,ACTIVE
NG-NAM-ROA-000152,Highmere Heath Street,Highmere Heath Street,ROAD,SOURCE_DERIVED,NGP-000152,Highmere Heath,PLACE,prefix=NONE;suffix=Street,AVAILABLE,NoveGeo 700-place corpus + tribes + governed person-name seeds,SHARED_REFERENCE,ACTIVE
NG-NAM-ROA-000153,Highmere Stone Avenue,Highmere Stone Avenue,ROAD,SOURCE_DERIVED,NGP-000153,Highmere Stone,PLACE,prefix=NONE;suffix=Avenue,AVAILABLE,NoveGeo 700-place corpus + tribes + governed person-name seeds,SHARED_REFERENCE,ACTIVE
NG-NAM-ROA-000154,Lower Cedarwick Lane,Lower Cedarwick Lane,ROAD,SOURCE_DERIVED,NGP-000154,Lower Cedarwick,PLACE,prefix=NONE;suffix=Lane,AVAILABLE,NoveGeo 700-place corpus + tribes + governed person-name seeds,SHARED_REFERENCE,ACTIVE
NG-NAM-ROA-000155,Cedarwick Birch Drive,Cedarwick Birch Drive,ROAD,SOURCE_DERIVED,NGP-000155,Cedarwick Birch,PLACE,prefix=NONE;suffix=Drive,AVAILABLE,NoveGeo 700-place corpus + tribes + governed person-name seeds,SHARED_REFERENCE,ACTIVE
NG-NAM-ROA-000156,Bellpine Dale Way,Bellpine Dale Way,ROAD,SOURCE_DERIVED,NGP-000156,Bellpine Dale,PLACE,prefix=NONE;suffix=Way,AVAILABLE,NoveGeo 700-place corpus + tribes + governed person-name seeds,SHARED_REFERENCE,ACTIVE
NG-NAM-ROA-000157,Bellpine Run Boulevard,Bellpine Run Boulevard,ROAD,SOURCE_DERIVED,NGP-000157,Bellpine Run,PLACE,prefix=NONE;suffix=Boulevard,AVAILABLE,NoveGeo 700-place corpus + tribes + governed person-name seeds,SHARED_REFERENCE,ACTIVE
NG-NAM-ROA-000158,Upper Glenvar Highway,Upper Glenvar Highway,ROAD,SOURCE_DERIVED,NGP-000158,Upper Glenvar,PLACE,prefix=NONE;suffix=Highway,AVAILABLE,NoveGeo 700-place corpus + tribes + governed person-name seeds,SHARED_REFERENCE,ACTIVE
NG-NAM-ROA-000159,Glenvar Cedar Junction,Glenvar Cedar Junction,ROAD,SOURCE_DERIVED,NGP-000159,Glenvar Cedar,PLACE,prefix=NONE;suffix=Junction,AVAILABLE,NoveGeo 700-place corpus + tribes + governed person-name seeds,SHARED_REFERENCE,ACTIVE
NG-NAM-ROA-000160,Moorsend Barrow Crossing,Moorsend Barrow Crossing,ROAD,SOURCE_DERIVED,NGP-000160,Moorsend Barrow,PLACE,prefix=NONE;suffix=Crossing,AVAILABLE,NoveGeo 700-place corpus + tribes + governed person-name seeds,SHARED_REFERENCE,ACTIVE
NG-NAM-ROA-000161,Moorsend Brook Road,Moorsend Brook Road,ROAD,SOURCE_DERIVED,NGP-000161,Moorsend Brook,PLACE,prefix=NONE;suffix=Road,AVAILABLE,NoveGeo 700-place corpus + tribes + governed person-name seeds,SHARED_REFERENCE,ACTIVE
NG-NAM-ROA-000162,Ferncross Wood Street,Ferncross Wood Street,ROAD,SOURCE_DERIVED,NGP-000162,Ferncross Wood,PLACE,prefix=NONE;suffix=Street,AVAILABLE,NoveGeo 700-place corpus + tribes + governed person-name seeds,SHARED_REFERENCE,ACTIVE
NG-NAM-ROA-000163,Ferncross Brae Avenue,Ferncross Brae Avenue,ROAD,SOURCE_DERIVED,NGP-000163,Ferncross Brae,PLACE,prefix=NONE;suffix=Avenue,AVAILABLE,NoveGeo 700-place corpus + tribes + governed person-name seeds,SHARED_REFERENCE,ACTIVE
NG-NAM-ROA-000164,Goat Bell Lane,Goat Bell Lane,ROAD,SOURCE_DERIVED,NGP-000164,Goat Bell,PLACE,prefix=NONE;suffix=Lane,AVAILABLE,NoveGeo 700-place corpus + tribes + governed person-name seeds,SHARED_REFERENCE,ACTIVE
NG-NAM-ROA-000165,Highland Cross Drive,Highland Cross Drive,ROAD,SOURCE_DERIVED,NGP-000165,Highland Cross,PLACE,prefix=NONE;suffix=Drive,AVAILABLE,NoveGeo 700-place corpus + tribes + governed person-name seeds,SHARED_REFERENCE,ACTIVE
NG-NAM-ROA-000166,Copper Stall Way,Copper Stall Way,ROAD,SOURCE_DERIVED,NGP-000166,Copper Stall,PLACE,prefix=NONE;suffix=Way,AVAILABLE,NoveGeo 700-place corpus + tribes + governed person-name seeds,SHARED_REFERENCE,ACTIVE
NG-NAM-ROA-000167,Pass Market Boulevard,Pass Market Boulevard,ROAD,SOURCE_DERIVED,NGP-000167,Pass Market,PLACE,prefix=NONE;suffix=Boulevard,AVAILABLE,NoveGeo 700-place corpus + tribes + governed person-name seeds,SHARED_REFERENCE,ACTIVE
NG-NAM-ROA-000168,Wool Exchange Highway,Wool Exchange Highway,ROAD,SOURCE_DERIVED,NGP-000168,Wool Exchange,PLACE,prefix=NONE;suffix=Highway,AVAILABLE,NoveGeo 700-place corpus + tribes + governed person-name seeds,SHARED_REFERENCE,ACTIVE
NG-NAM-ROA-000169,Cloudworks Industrial Park Junction,Cloudworks Industrial Park Junction,ROAD,SOURCE_DERIVED,NGP-000169,Cloudworks Industrial Park,PLACE,prefix=NONE;suffix=Junction,AVAILABLE,NoveGeo 700-place corpus + tribes + governed person-name seeds,SHARED_REFERENCE,ACTIVE
NG-NAM-ROA-000170,Granite Rail Estate Crossing,Granite Rail Estate Crossing,ROAD,SOURCE_DERIVED,NGP-000170,Granite Rail Estate,PLACE,prefix=NONE;suffix=Crossing,AVAILABLE,NoveGeo 700-place corpus + tribes + governed person-name seeds,SHARED_REFERENCE,ACTIVE
NG-NAM-ROA-000171,Cloudrest Road,Cloudrest Road,ROAD,SOURCE_DERIVED,NGP-000171,Cloudrest,PLACE,prefix=NONE;suffix=Road,AVAILABLE,NoveGeo 700-place corpus + tribes + governed person-name seeds,SHARED_REFERENCE,ACTIVE
NG-NAM-ROA-000172,Alpine Lantern Street,Alpine Lantern Street,ROAD,SOURCE_DERIVED,NGP-000172,Alpine Lantern,PLACE,prefix=NONE;suffix=Street,AVAILABLE,NoveGeo 700-place corpus + tribes + governed person-name seeds,SHARED_REFERENCE,ACTIVE
NG-NAM-ROA-000173,Vondara Avenue,Vondara Avenue,ROAD,SOURCE_DERIVED,NGP-000173,Vondara,PLACE,prefix=NONE;suffix=Avenue,AVAILABLE,NoveGeo 700-place corpus + tribes + governed person-name seeds,SHARED_REFERENCE,ACTIVE
NG-NAM-ROA-000174,Greenbarrow Lane,Greenbarrow Lane,ROAD,SOURCE_DERIVED,NGP-000174,Greenbarrow,PLACE,prefix=NONE;suffix=Lane,AVAILABLE,NoveGeo 700-place corpus + tribes + governed person-name seeds,SHARED_REFERENCE,ACTIVE
NG-NAM-ROA-000175,Kestrel Plain Drive,Kestrel Plain Drive,ROAD,SOURCE_DERIVED,NGP-000175,Kestrel Plain,PLACE,prefix=NONE;suffix=Drive,AVAILABLE,NoveGeo 700-place corpus + tribes + governed person-name seeds,SHARED_REFERENCE,ACTIVE
NG-NAM-ROA-000176,Solmere Way,Solmere Way,ROAD,SOURCE_DERIVED,NGP-000176,Solmere,PLACE,prefix=NONE;suffix=Way,AVAILABLE,NoveGeo 700-place corpus + tribes + governed person-name seeds,SHARED_REFERENCE,ACTIVE
NG-NAM-ROA-000177,Vondara Central Boulevard,Vondara Central Boulevard,ROAD,SOURCE_DERIVED,NGP-000177,Vondara Central,PLACE,prefix=NONE;suffix=Boulevard,AVAILABLE,NoveGeo 700-place corpus + tribes + governed person-name seeds,SHARED_REFERENCE,ACTIVE
NG-NAM-ROA-000178,Grain Exchange Highway,Grain Exchange Highway,ROAD,SOURCE_DERIVED,NGP-000178,Grain Exchange,PLACE,prefix=NONE;suffix=Highway,AVAILABLE,NoveGeo 700-place corpus + tribes + governed person-name seeds,SHARED_REFERENCE,ACTIVE
NG-NAM-ROA-000179,Copperleaf Ward Junction,Copperleaf Ward Junction,ROAD,SOURCE_DERIVED,NGP-000179,Copperleaf Ward,PLACE,prefix=NONE;suffix=Junction,AVAILABLE,NoveGeo 700-place corpus + tribes + governed person-name seeds,SHARED_REFERENCE,ACTIVE
NG-NAM-ROA-000180,Makers' Quarter Crossing,Makers' Quarter Crossing,ROAD,SOURCE_DERIVED,NGP-000180,Makers' Quarter,PLACE,prefix=NONE;suffix=Crossing,AVAILABLE,NoveGeo 700-place corpus + tribes + governed person-name seeds,SHARED_REFERENCE,ACTIVE
NG-NAM-ROA-000181,East Viaduct Road,East Viaduct Road,ROAD,SOURCE_DERIVED,NGP-000181,East Viaduct,PLACE,prefix=NONE;suffix=Road,AVAILABLE,NoveGeo 700-place corpus + tribes + governed person-name seeds,SHARED_REFERENCE,ACTIVE
NG-NAM-ROA-000182,Old Granary Street,Old Granary Street,ROAD,SOURCE_DERIVED,NGP-000182,Old Granary,PLACE,prefix=NONE;suffix=Street,AVAILABLE,NoveGeo 700-place corpus + tribes + governed person-name seeds,SHARED_REFERENCE,ACTIVE
NG-NAM-ROA-000183,Innovation Loop Avenue,Innovation Loop Avenue,ROAD,SOURCE_DERIVED,NGP-000183,Innovation Loop,PLACE,prefix=NONE;suffix=Avenue,AVAILABLE,NoveGeo 700-place corpus + tribes + governed person-name seeds,SHARED_REFERENCE,ACTIVE
NG-NAM-ROA-000184,Grand Station Lane,Grand Station Lane,ROAD,SOURCE_DERIVED,NGP-000184,Grand Station,PLACE,prefix=NONE;suffix=Lane,AVAILABLE,NoveGeo 700-place corpus + tribes + governed person-name seeds,SHARED_REFERENCE,ACTIVE
NG-NAM-ROA-000185,Meadowcrest Drive,Meadowcrest Drive,ROAD,SOURCE_DERIVED,NGP-000185,Meadowcrest,PLACE,prefix=NONE;suffix=Drive,AVAILABLE,NoveGeo 700-place corpus + tribes + governed person-name seeds,SHARED_REFERENCE,ACTIVE
NG-NAM-ROA-000186,Kenwick Park Way,Kenwick Park Way,ROAD,SOURCE_DERIVED,NGP-000186,Kenwick Park,PLACE,prefix=NONE;suffix=Way,AVAILABLE,NoveGeo 700-place corpus + tribes + governed person-name seeds,SHARED_REFERENCE,ACTIVE
NG-NAM-ROA-000187,Solara Fields Boulevard,Solara Fields Boulevard,ROAD,SOURCE_DERIVED,NGP-000187,Solara Fields,PLACE,prefix=NONE;suffix=Boulevard,AVAILABLE,NoveGeo 700-place corpus + tribes + governed person-name seeds,SHARED_REFERENCE,ACTIVE
NG-NAM-ROA-000188,Vondel Grove Highway,Vondel Grove Highway,ROAD,SOURCE_DERIVED,NGP-000188,Vondel Grove,PLACE,prefix=NONE;suffix=Highway,AVAILABLE,NoveGeo 700-place corpus + tribes + governed person-name seeds,SHARED_REFERENCE,ACTIVE
NG-NAM-ROA-000189,Fairmead Junction,Fairmead Junction,ROAD,SOURCE_DERIVED,NGP-000189,Fairmead,PLACE,prefix=NONE;suffix=Junction,AVAILABLE,NoveGeo 700-place corpus + tribes + governed person-name seeds,SHARED_REFERENCE,ACTIVE
NG-NAM-ROA-000190,New Verona Crossing,New Verona Crossing,ROAD,SOURCE_DERIVED,NGP-000190,New Verona,PLACE,prefix=NONE;suffix=Crossing,AVAILABLE,NoveGeo 700-place corpus + tribes + governed person-name seeds,SHARED_REFERENCE,ACTIVE
NG-NAM-ROA-000191,Kaelstone Road,Kaelstone Road,ROAD,SOURCE_DERIVED,NGP-000191,Kaelstone,PLACE,prefix=NONE;suffix=Road,AVAILABLE,NoveGeo 700-place corpus + tribes + governed person-name seeds,SHARED_REFERENCE,ACTIVE
NG-NAM-ROA-000192,Greenhaven Street,Greenhaven Street,ROAD,SOURCE_DERIVED,NGP-000192,Greenhaven,PLACE,prefix=NONE;suffix=Street,AVAILABLE,NoveGeo 700-place corpus + tribes + governed person-name seeds,SHARED_REFERENCE,ACTIVE
NG-NAM-ROA-000193,Ashford Lane Avenue,Ashford Lane Avenue,ROAD,SOURCE_DERIVED,NGP-000193,Ashford Lane,PLACE,prefix=NONE;suffix=Avenue,AVAILABLE,NoveGeo 700-place corpus + tribes + governed person-name seeds,SHARED_REFERENCE,ACTIVE
NG-NAM-ROA-000194,Juniper Rise Lane,Juniper Rise Lane,ROAD,SOURCE_DERIVED,NGP-000194,Juniper Rise,PLACE,prefix=NONE;suffix=Lane,AVAILABLE,NoveGeo 700-place corpus + tribes + governed person-name seeds,SHARED_REFERENCE,ACTIVE
NG-NAM-ROA-000195,Eastmere Drive,Eastmere Drive,ROAD,SOURCE_DERIVED,NGP-000195,Eastmere,PLACE,prefix=NONE;suffix=Drive,AVAILABLE,NoveGeo 700-place corpus + tribes + governed person-name seeds,SHARED_REFERENCE,ACTIVE
NG-NAM-ROA-000196,Orchard Gate Way,Orchard Gate Way,ROAD,SOURCE_DERIVED,NGP-000196,Orchard Gate,PLACE,prefix=NONE;suffix=Way,AVAILABLE,NoveGeo 700-place corpus + tribes + governed person-name seeds,SHARED_REFERENCE,ACTIVE
NG-NAM-ROA-000197,Vondel Boulevard,Vondel Boulevard,ROAD,SOURCE_DERIVED,NGP-000197,Vondel,PLACE,prefix=NONE;suffix=Boulevard,AVAILABLE,NoveGeo 700-place corpus + tribes + governed person-name seeds,SHARED_REFERENCE,ACTIVE
NG-NAM-ROA-000198,Meadowrun Highway,Meadowrun Highway,ROAD,SOURCE_DERIVED,NGP-000198,Meadowrun,PLACE,prefix=NONE;suffix=Highway,AVAILABLE,NoveGeo 700-place corpus + tribes + governed person-name seeds,SHARED_REFERENCE,ACTIVE
NG-NAM-ROA-000199,Grainford Junction,Grainford Junction,ROAD,SOURCE_DERIVED,NGP-000199,Grainford,PLACE,prefix=NONE;suffix=Junction,AVAILABLE,NoveGeo 700-place corpus + tribes + governed person-name seeds,SHARED_REFERENCE,ACTIVE
NG-NAM-ROA-000200,Solhaven Crossing,Solhaven Crossing,ROAD,SOURCE_DERIVED,NGP-000200,Solhaven,PLACE,prefix=NONE;suffix=Crossing,AVAILABLE,NoveGeo 700-place corpus + tribes + governed person-name seeds,SHARED_REFERENCE,ACTIVE
NG-NAM-ROA-000201,Amberfield Road,Amberfield Road,ROAD,SOURCE_DERIVED,NGP-000201,Amberfield,PLACE,prefix=NONE;suffix=Road,AVAILABLE,NoveGeo 700-place corpus + tribes + governed person-name seeds,SHARED_REFERENCE,ACTIVE
NG-NAM-ROA-000202,Kestrel Street,Kestrel Street,ROAD,SOURCE_DERIVED,NGP-000202,Kestrel,PLACE,prefix=NONE;suffix=Street,AVAILABLE,NoveGeo 700-place corpus + tribes + governed person-name seeds,SHARED_REFERENCE,ACTIVE
NG-NAM-ROA-000203,Windcross Avenue,Windcross Avenue,ROAD,SOURCE_DERIVED,NGP-000203,Windcross,PLACE,prefix=NONE;suffix=Avenue,AVAILABLE,NoveGeo 700-place corpus + tribes + governed person-name seeds,SHARED_REFERENCE,ACTIVE
NG-NAM-ROA-000204,Talewood Lane,Talewood Lane,ROAD,SOURCE_DERIVED,NGP-000204,Talewood,PLACE,prefix=NONE;suffix=Lane,AVAILABLE,NoveGeo 700-place corpus + tribes + governed person-name seeds,SHARED_REFERENCE,ACTIVE
NG-NAM-ROA-000205,Broadacre Drive,Broadacre Drive,ROAD,SOURCE_DERIVED,NGP-000205,Broadacre,PLACE,prefix=NONE;suffix=Drive,AVAILABLE,NoveGeo 700-place corpus + tribes + governed person-name seeds,SHARED_REFERENCE,ACTIVE
NG-NAM-ROA-000206,Eastbarrow Way,Eastbarrow Way,ROAD,SOURCE_DERIVED,NGP-000206,Eastbarrow,PLACE,prefix=NONE;suffix=Way,AVAILABLE,NoveGeo 700-place corpus + tribes + governed person-name seeds,SHARED_REFERENCE,ACTIVE
NG-NAM-ROA-000207,Solvek Boulevard,Solvek Boulevard,ROAD,SOURCE_DERIVED,NGP-000207,Solvek,PLACE,prefix=NONE;suffix=Boulevard,AVAILABLE,NoveGeo 700-place corpus + tribes + governed person-name seeds,SHARED_REFERENCE,ACTIVE
NG-NAM-ROA-000208,Ashkar Highway,Ashkar Highway,ROAD,SOURCE_DERIVED,NGP-000208,Ashkar,PLACE,prefix=NONE;suffix=Highway,AVAILABLE,NoveGeo 700-place corpus + tribes + governed person-name seeds,SHARED_REFERENCE,ACTIVE
NG-NAM-ROA-000209,Harrowfield Junction,Harrowfield Junction,ROAD,SOURCE_DERIVED,NGP-000209,Harrowfield,PLACE,prefix=NONE;suffix=Junction,AVAILABLE,NoveGeo 700-place corpus + tribes + governed person-name seeds,SHARED_REFERENCE,ACTIVE
NG-NAM-ROA-000210,Cidergate Crossing,Cidergate Crossing,ROAD,SOURCE_DERIVED,NGP-000210,Cidergate,PLACE,prefix=NONE;suffix=Crossing,AVAILABLE,NoveGeo 700-place corpus + tribes + governed person-name seeds,SHARED_REFERENCE,ACTIVE
NG-NAM-ROA-000211,Westervale Road,Westervale Road,ROAD,SOURCE_DERIVED,NGP-000211,Westervale,PLACE,prefix=NONE;suffix=Road,AVAILABLE,NoveGeo 700-place corpus + tribes + governed person-name seeds,SHARED_REFERENCE,ACTIVE
NG-NAM-ROA-000212,Vondel Junction Street,Vondel Junction Street,ROAD,SOURCE_DERIVED,NGP-000212,Vondel Junction,PLACE,prefix=NONE;suffix=Street,AVAILABLE,NoveGeo 700-place corpus + tribes + governed person-name seeds,SHARED_REFERENCE,ACTIVE
NG-NAM-ROA-000213,Meadow Junction Avenue,Meadow Junction Avenue,ROAD,SOURCE_DERIVED,NGP-000213,Meadow Junction,PLACE,prefix=NONE;suffix=Avenue,AVAILABLE,NoveGeo 700-place corpus + tribes + governed person-name seeds,SHARED_REFERENCE,ACTIVE
NG-NAM-ROA-000214,Grainview Lane,Grainview Lane,ROAD,SOURCE_DERIVED,NGP-000214,Grainview,PLACE,prefix=NONE;suffix=Lane,AVAILABLE,NoveGeo 700-place corpus + tribes + governed person-name seeds,SHARED_REFERENCE,ACTIVE
NG-NAM-ROA-000215,Kestrel East Drive,Kestrel East Drive,ROAD,SOURCE_DERIVED,NGP-000215,Kestrel East,PLACE,prefix=NONE;suffix=Drive,AVAILABLE,NoveGeo 700-place corpus + tribes + governed person-name seeds,SHARED_REFERENCE,ACTIVE
NG-NAM-ROA-000216,Windmill Row Way,Windmill Row Way,ROAD,SOURCE_DERIVED,NGP-000216,Windmill Row,PLACE,prefix=NONE;suffix=Way,AVAILABLE,NoveGeo 700-place corpus + tribes + governed person-name seeds,SHARED_REFERENCE,ACTIVE
NG-NAM-ROA-000217,Broadacre South Boulevard,Broadacre South Boulevard,ROAD,SOURCE_DERIVED,NGP-000217,Broadacre South,PLACE,prefix=NONE;suffix=Boulevard,AVAILABLE,NoveGeo 700-place corpus + tribes + governed person-name seeds,SHARED_REFERENCE,ACTIVE
NG-NAM-ROA-000218,Solmere Gate Highway,Solmere Gate Highway,ROAD,SOURCE_DERIVED,NGP-000218,Solmere Gate,PLACE,prefix=NONE;suffix=Highway,AVAILABLE,NoveGeo 700-place corpus + tribes + governed person-name seeds,SHARED_REFERENCE,ACTIVE
NG-NAM-ROA-000219,Ashkar Cross Junction,Ashkar Cross Junction,ROAD,SOURCE_DERIVED,NGP-000219,Ashkar Cross,PLACE,prefix=NONE;suffix=Junction,AVAILABLE,NoveGeo 700-place corpus + tribes + governed person-name seeds,SHARED_REFERENCE,ACTIVE
NG-NAM-ROA-000220,Cider Station Crossing,Cider Station Crossing,ROAD,SOURCE_DERIVED,NGP-000220,Cider Station,PLACE,prefix=NONE;suffix=Crossing,AVAILABLE,NoveGeo 700-place corpus + tribes + governed person-name seeds,SHARED_REFERENCE,ACTIVE
NG-NAM-ROA-000221,Lower Vondel Road,Lower Vondel Road,ROAD,SOURCE_DERIVED,NGP-000221,Lower Vondel,PLACE,prefix=NONE;suffix=Road,AVAILABLE,NoveGeo 700-place corpus + tribes + governed person-name seeds,SHARED_REFERENCE,ACTIVE
NG-NAM-ROA-000222,Vondel Fields Street,Vondel Fields Street,ROAD,SOURCE_DERIVED,NGP-000222,Vondel Fields,PLACE,prefix=NONE;suffix=Street,AVAILABLE,NoveGeo 700-place corpus + tribes + governed person-name seeds,SHARED_REFERENCE,ACTIVE
NG-NAM-ROA-000223,Upper Meadowrun Avenue,Upper Meadowrun Avenue,ROAD,SOURCE_DERIVED,NGP-000223,Upper Meadowrun,PLACE,prefix=NONE;suffix=Avenue,AVAILABLE,NoveGeo 700-place corpus + tribes + governed person-name seeds,SHARED_REFERENCE,ACTIVE
NG-NAM-ROA-000224,Meadowrun Grove Lane,Meadowrun Grove Lane,ROAD,SOURCE_DERIVED,NGP-000224,Meadowrun Grove,PLACE,prefix=NONE;suffix=Lane,AVAILABLE,NoveGeo 700-place corpus + tribes + governed person-name seeds,SHARED_REFERENCE,ACTIVE
NG-NAM-ROA-000225,East Grainford Drive,East Grainford Drive,ROAD,SOURCE_DERIVED,NGP-000225,East Grainford,PLACE,prefix=NONE;suffix=Drive,AVAILABLE,NoveGeo 700-place corpus + tribes + governed person-name seeds,SHARED_REFERENCE,ACTIVE
NG-NAM-ROA-000226,Grainford Farm Way,Grainford Farm Way,ROAD,SOURCE_DERIVED,NGP-000226,Grainford Farm,PLACE,prefix=NONE;suffix=Way,AVAILABLE,NoveGeo 700-place corpus + tribes + governed person-name seeds,SHARED_REFERENCE,ACTIVE
NG-NAM-ROA-000227,Old Solhaven Boulevard,Old Solhaven Boulevard,ROAD,SOURCE_DERIVED,NGP-000227,Old Solhaven,PLACE,prefix=NONE;suffix=Boulevard,AVAILABLE,NoveGeo 700-place corpus + tribes + governed person-name seeds,SHARED_REFERENCE,ACTIVE
NG-NAM-ROA-000228,Solhaven Cross Highway,Solhaven Cross Highway,ROAD,SOURCE_DERIVED,NGP-000228,Solhaven Cross,PLACE,prefix=NONE;suffix=Highway,AVAILABLE,NoveGeo 700-place corpus + tribes + governed person-name seeds,SHARED_REFERENCE,ACTIVE
NG-NAM-ROA-000229,South Amberfield Junction,South Amberfield Junction,ROAD,SOURCE_DERIVED,NGP-000229,South Amberfield,PLACE,prefix=NONE;suffix=Junction,AVAILABLE,NoveGeo 700-place corpus + tribes + governed person-name seeds,SHARED_REFERENCE,ACTIVE
NG-NAM-ROA-000230,Amberfield Plain Crossing,Amberfield Plain Crossing,ROAD,SOURCE_DERIVED,NGP-000230,Amberfield Plain,PLACE,prefix=NONE;suffix=Crossing,AVAILABLE,NoveGeo 700-place corpus + tribes + governed person-name seeds,SHARED_REFERENCE,ACTIVE
NG-NAM-ROA-000231,Kestrel Orchard Road,Kestrel Orchard Road,ROAD,SOURCE_DERIVED,NGP-000231,Kestrel Orchard,PLACE,prefix=NONE;suffix=Road,AVAILABLE,NoveGeo 700-place corpus + tribes + governed person-name seeds,SHARED_REFERENCE,ACTIVE
NG-NAM-ROA-000232,Kestrel Mill Street,Kestrel Mill Street,ROAD,SOURCE_DERIVED,NGP-000232,Kestrel Mill,PLACE,prefix=NONE;suffix=Street,AVAILABLE,NoveGeo 700-place corpus + tribes + governed person-name seeds,SHARED_REFERENCE,ACTIVE
NG-NAM-ROA-000233,North Windcross Avenue,North Windcross Avenue,ROAD,SOURCE_DERIVED,NGP-000233,North Windcross,PLACE,prefix=NONE;suffix=Avenue,AVAILABLE,NoveGeo 700-place corpus + tribes + governed person-name seeds,SHARED_REFERENCE,ACTIVE
NG-NAM-ROA-000234,Windcross Acres Lane,Windcross Acres Lane,ROAD,SOURCE_DERIVED,NGP-000234,Windcross Acres,PLACE,prefix=NONE;suffix=Lane,AVAILABLE,NoveGeo 700-place corpus + tribes + governed person-name seeds,SHARED_REFERENCE,ACTIVE
NG-NAM-ROA-000235,Talewood Meadow Drive,Talewood Meadow Drive,ROAD,SOURCE_DERIVED,NGP-000235,Talewood Meadow,PLACE,prefix=NONE;suffix=Drive,AVAILABLE,NoveGeo 700-place corpus + tribes + governed person-name seeds,SHARED_REFERENCE,ACTIVE
NG-NAM-ROA-000236,Talewood Gate Way,Talewood Gate Way,ROAD,SOURCE_DERIVED,NGP-000236,Talewood Gate,PLACE,prefix=NONE;suffix=Way,AVAILABLE,NoveGeo 700-place corpus + tribes + governed person-name seeds,SHARED_REFERENCE,ACTIVE
NG-NAM-ROA-000237,West Broadacre Boulevard,West Broadacre Boulevard,ROAD,SOURCE_DERIVED,NGP-000237,West Broadacre,PLACE,prefix=NONE;suffix=Boulevard,AVAILABLE,NoveGeo 700-place corpus + tribes + governed person-name seeds,SHARED_REFERENCE,ACTIVE
NG-NAM-ROA-000238,Broadacre Granary Highway,Broadacre Granary Highway,ROAD,SOURCE_DERIVED,NGP-000238,Broadacre Granary,PLACE,prefix=NONE;suffix=Highway,AVAILABLE,NoveGeo 700-place corpus + tribes + governed person-name seeds,SHARED_REFERENCE,ACTIVE
NG-NAM-ROA-000239,Eastbarrow Ridge Junction,Eastbarrow Ridge Junction,ROAD,SOURCE_DERIVED,NGP-000239,Eastbarrow Ridge,PLACE,prefix=NONE;suffix=Junction,AVAILABLE,NoveGeo 700-place corpus + tribes + governed person-name seeds,SHARED_REFERENCE,ACTIVE
NG-NAM-ROA-000240,Eastbarrow Silo Crossing,Eastbarrow Silo Crossing,ROAD,SOURCE_DERIVED,NGP-000240,Eastbarrow Silo,PLACE,prefix=NONE;suffix=Crossing,AVAILABLE,NoveGeo 700-place corpus + tribes + governed person-name seeds,SHARED_REFERENCE,ACTIVE
NG-NAM-ROA-000241,Lower Solvek Road,Lower Solvek Road,ROAD,SOURCE_DERIVED,NGP-000241,Lower Solvek,PLACE,prefix=NONE;suffix=Road,AVAILABLE,NoveGeo 700-place corpus + tribes + governed person-name seeds,SHARED_REFERENCE,ACTIVE
NG-NAM-ROA-000242,Solvek Brook Street,Solvek Brook Street,ROAD,SOURCE_DERIVED,NGP-000242,Solvek Brook,PLACE,prefix=NONE;suffix=Street,AVAILABLE,NoveGeo 700-place corpus + tribes + governed person-name seeds,SHARED_REFERENCE,ACTIVE
NG-NAM-ROA-000243,Ashkar Vineyard Avenue,Ashkar Vineyard Avenue,ROAD,SOURCE_DERIVED,NGP-000243,Ashkar Vineyard,PLACE,prefix=NONE;suffix=Avenue,AVAILABLE,NoveGeo 700-place corpus + tribes + governed person-name seeds,SHARED_REFERENCE,ACTIVE
NG-NAM-ROA-000244,Ashkar Lane Lane,Ashkar Lane Lane,ROAD,SOURCE_DERIVED,NGP-000244,Ashkar Lane,PLACE,prefix=NONE;suffix=Lane,AVAILABLE,NoveGeo 700-place corpus + tribes + governed person-name seeds,SHARED_REFERENCE,ACTIVE
NG-NAM-ROA-000245,Upper Harrowfield Drive,Upper Harrowfield Drive,ROAD,SOURCE_DERIVED,NGP-000245,Upper Harrowfield,PLACE,prefix=NONE;suffix=Drive,AVAILABLE,NoveGeo 700-place corpus + tribes + governed person-name seeds,SHARED_REFERENCE,ACTIVE
NG-NAM-ROA-000246,Harrowfield Homestead Way,Harrowfield Homestead Way,ROAD,SOURCE_DERIVED,NGP-000246,Harrowfield Homestead,PLACE,prefix=NONE;suffix=Way,AVAILABLE,NoveGeo 700-place corpus + tribes + governed person-name seeds,SHARED_REFERENCE,ACTIVE
NG-NAM-ROA-000247,Cidergate Cider Field Boulevard,Cidergate Cider Field Boulevard,ROAD,SOURCE_DERIVED,NGP-000247,Cidergate Cider Field,PLACE,prefix=NONE;suffix=Boulevard,AVAILABLE,NoveGeo 700-place corpus + tribes + governed person-name seeds,SHARED_REFERENCE,ACTIVE
NG-NAM-ROA-000248,Cidergate Hill Highway,Cidergate Hill Highway,ROAD,SOURCE_DERIVED,NGP-000248,Cidergate Hill,PLACE,prefix=NONE;suffix=Highway,AVAILABLE,NoveGeo 700-place corpus + tribes + governed person-name seeds,SHARED_REFERENCE,ACTIVE
NG-NAM-ROA-000249,Westervale Vale Junction,Westervale Vale Junction,ROAD,SOURCE_DERIVED,NGP-000249,Westervale Vale,PLACE,prefix=NONE;suffix=Junction,AVAILABLE,NoveGeo 700-place corpus + tribes + governed person-name seeds,SHARED_REFERENCE,ACTIVE
NG-NAM-ROA-000250,Westervale Station Crossing,Westervale Station Crossing,ROAD,SOURCE_DERIVED,NGP-000250,Westervale Station,PLACE,prefix=NONE;suffix=Crossing,AVAILABLE,NoveGeo 700-place corpus + tribes + governed person-name seeds,SHARED_REFERENCE,ACTIVE
NG-NAM-ROA-000251,Harvest Cross Road,Harvest Cross Road,ROAD,SOURCE_DERIVED,NGP-000251,Harvest Cross,PLACE,prefix=NONE;suffix=Road,AVAILABLE,NoveGeo 700-place corpus + tribes + governed person-name seeds,SHARED_REFERENCE,ACTIVE
NG-NAM-ROA-000252,Millers' Gate Street,Millers' Gate Street,ROAD,SOURCE_DERIVED,NGP-000252,Millers' Gate,PLACE,prefix=NONE;suffix=Street,AVAILABLE,NoveGeo 700-place corpus + tribes + governed person-name seeds,SHARED_REFERENCE,ACTIVE
NG-NAM-ROA-000253,Kestrel Market Avenue,Kestrel Market Avenue,ROAD,SOURCE_DERIVED,NGP-000253,Kestrel Market,PLACE,prefix=NONE;suffix=Avenue,AVAILABLE,NoveGeo 700-place corpus + tribes + governed person-name seeds,SHARED_REFERENCE,ACTIVE
NG-NAM-ROA-000254,Orchard Exchange Lane,Orchard Exchange Lane,ROAD,SOURCE_DERIVED,NGP-000254,Orchard Exchange,PLACE,prefix=NONE;suffix=Lane,AVAILABLE,NoveGeo 700-place corpus + tribes + governed person-name seeds,SHARED_REFERENCE,ACTIVE
NG-NAM-ROA-000255,Old Silo Drive,Old Silo Drive,ROAD,SOURCE_DERIVED,NGP-000255,Old Silo,PLACE,prefix=NONE;suffix=Drive,AVAILABLE,NoveGeo 700-place corpus + tribes + governed person-name seeds,SHARED_REFERENCE,ACTIVE
NG-NAM-ROA-000256,Vondara AgroTech Park Way,Vondara AgroTech Park Way,ROAD,SOURCE_DERIVED,NGP-000256,Vondara AgroTech Park,PLACE,prefix=NONE;suffix=Way,AVAILABLE,NoveGeo 700-place corpus + tribes + governed person-name seeds,SHARED_REFERENCE,ACTIVE
NG-NAM-ROA-000257,Kestrel Freight Estate Boulevard,Kestrel Freight Estate Boulevard,ROAD,SOURCE_DERIVED,NGP-000257,Kestrel Freight Estate,PLACE,prefix=NONE;suffix=Boulevard,AVAILABLE,NoveGeo 700-place corpus + tribes + governed person-name seeds,SHARED_REFERENCE,ACTIVE
NG-NAM-ROA-000258,Silvermere Highway,Silvermere Highway,ROAD,SOURCE_DERIVED,NGP-000258,Silvermere,PLACE,prefix=NONE;suffix=Highway,AVAILABLE,NoveGeo 700-place corpus + tribes + governed person-name seeds,SHARED_REFERENCE,ACTIVE
NG-NAM-ROA-000259,Nyandor Junction,Nyandor Junction,ROAD,SOURCE_DERIVED,NGP-000259,Nyandor,PLACE,prefix=NONE;suffix=Junction,AVAILABLE,NoveGeo 700-place corpus + tribes + governed person-name seeds,SHARED_REFERENCE,ACTIVE
NG-NAM-ROA-000260,Reedhaven Crossing,Reedhaven Crossing,ROAD,SOURCE_DERIVED,NGP-000260,Reedhaven,PLACE,prefix=NONE;suffix=Crossing,AVAILABLE,NoveGeo 700-place corpus + tribes + governed person-name seeds,SHARED_REFERENCE,ACTIVE
NG-NAM-ROA-000261,Lakemarch Road,Lakemarch Road,ROAD,SOURCE_DERIVED,NGP-000261,Lakemarch,PLACE,prefix=NONE;suffix=Road,AVAILABLE,NoveGeo 700-place corpus + tribes + governed person-name seeds,SHARED_REFERENCE,ACTIVE
NG-NAM-ROA-000262,Silvermere Central Street,Silvermere Central Street,ROAD,SOURCE_DERIVED,NGP-000262,Silvermere Central,PLACE,prefix=NONE;suffix=Street,AVAILABLE,NoveGeo 700-place corpus + tribes + governed person-name seeds,SHARED_REFERENCE,ACTIVE
NG-NAM-ROA-000263,Lakefront Exchange Avenue,Lakefront Exchange Avenue,ROAD,SOURCE_DERIVED,NGP-000263,Lakefront Exchange,PLACE,prefix=NONE;suffix=Avenue,AVAILABLE,NoveGeo 700-place corpus + tribes + governed person-name seeds,SHARED_REFERENCE,ACTIVE
NG-NAM-ROA-000264,Reedbank Ward Lane,Reedbank Ward Lane,ROAD,SOURCE_DERIVED,NGP-000264,Reedbank Ward,PLACE,prefix=NONE;suffix=Lane,AVAILABLE,NoveGeo 700-place corpus + tribes + governed person-name seeds,SHARED_REFERENCE,ACTIVE
NG-NAM-ROA-000265,Canal Quarter Drive,Canal Quarter Drive,ROAD,SOURCE_DERIVED,NGP-000265,Canal Quarter,PLACE,prefix=NONE;suffix=Drive,AVAILABLE,NoveGeo 700-place corpus + tribes + governed person-name seeds,SHARED_REFERENCE,ACTIVE
NG-NAM-ROA-000266,Old Ferry Way,Old Ferry Way,ROAD,SOURCE_DERIVED,NGP-000266,Old Ferry,PLACE,prefix=NONE;suffix=Way,AVAILABLE,NoveGeo 700-place corpus + tribes + governed person-name seeds,SHARED_REFERENCE,ACTIVE
NG-NAM-ROA-000267,Civic Isles Boulevard,Civic Isles Boulevard,ROAD,SOURCE_DERIVED,NGP-000267,Civic Isles,PLACE,prefix=NONE;suffix=Boulevard,AVAILABLE,NoveGeo 700-place corpus + tribes + governed person-name seeds,SHARED_REFERENCE,ACTIVE
NG-NAM-ROA-000268,Museum Reach Highway,Museum Reach Highway,ROAD,SOURCE_DERIVED,NGP-000268,Museum Reach,PLACE,prefix=NONE;suffix=Highway,AVAILABLE,NoveGeo 700-place corpus + tribes + governed person-name seeds,SHARED_REFERENCE,ACTIVE
NG-NAM-ROA-000269,West Quays Junction,West Quays Junction,ROAD,SOURCE_DERIVED,NGP-000269,West Quays,PLACE,prefix=NONE;suffix=Junction,AVAILABLE,NoveGeo 700-place corpus + tribes + governed person-name seeds,SHARED_REFERENCE,ACTIVE
NG-NAM-ROA-000270,Bluewater Crossing,Bluewater Crossing,ROAD,SOURCE_DERIVED,NGP-000270,Bluewater,PLACE,prefix=NONE;suffix=Crossing,AVAILABLE,NoveGeo 700-place corpus + tribes + governed person-name seeds,SHARED_REFERENCE,ACTIVE
NG-NAM-ROA-000271,Nyarin Gardens Road,Nyarin Gardens Road,ROAD,SOURCE_DERIVED,NGP-000271,Nyarin Gardens,PLACE,prefix=NONE;suffix=Road,AVAILABLE,NoveGeo 700-place corpus + tribes + governed person-name seeds,SHARED_REFERENCE,ACTIVE
NG-NAM-ROA-000272,Heron Park Street,Heron Park Street,ROAD,SOURCE_DERIVED,NGP-000272,Heron Park,PLACE,prefix=NONE;suffix=Street,AVAILABLE,NoveGeo 700-place corpus + tribes + governed person-name seeds,SHARED_REFERENCE,ACTIVE
NG-NAM-ROA-000273,Willowmere Avenue,Willowmere Avenue,ROAD,SOURCE_DERIVED,NGP-000273,Willowmere,PLACE,prefix=NONE;suffix=Avenue,AVAILABLE,NoveGeo 700-place corpus + tribes + governed person-name seeds,SHARED_REFERENCE,ACTIVE
NG-NAM-ROA-000274,Canalview Lane,Canalview Lane,ROAD,SOURCE_DERIVED,NGP-000274,Canalview,PLACE,prefix=NONE;suffix=Lane,AVAILABLE,NoveGeo 700-place corpus + tribes + governed person-name seeds,SHARED_REFERENCE,ACTIVE
NG-NAM-ROA-000275,Lakeside North Drive,Lakeside North Drive,ROAD,SOURCE_DERIVED,NGP-000275,Lakeside North,PLACE,prefix=NONE;suffix=Drive,AVAILABLE,NoveGeo 700-place corpus + tribes + governed person-name seeds,SHARED_REFERENCE,ACTIVE
NG-NAM-ROA-000276,Pearlbank Way,Pearlbank Way,ROAD,SOURCE_DERIVED,NGP-000276,Pearlbank,PLACE,prefix=NONE;suffix=Way,AVAILABLE,NoveGeo 700-place corpus + tribes + governed person-name seeds,SHARED_REFERENCE,ACTIVE
NG-NAM-ROA-000277,Mistral Court Boulevard,Mistral Court Boulevard,ROAD,SOURCE_DERIVED,NGP-000277,Mistral Court,PLACE,prefix=NONE;suffix=Boulevard,AVAILABLE,NoveGeo 700-place corpus + tribes + governed person-name seeds,SHARED_REFERENCE,ACTIVE
NG-NAM-ROA-000278,Fenwick Highway,Fenwick Highway,ROAD,SOURCE_DERIVED,NGP-000278,Fenwick,PLACE,prefix=NONE;suffix=Highway,AVAILABLE,NoveGeo 700-place corpus + tribes + governed person-name seeds,SHARED_REFERENCE,ACTIVE
NG-NAM-ROA-000279,Riverglass Junction,Riverglass Junction,ROAD,SOURCE_DERIVED,NGP-000279,Riverglass,PLACE,prefix=NONE;suffix=Junction,AVAILABLE,NoveGeo 700-place corpus + tribes + governed person-name seeds,SHARED_REFERENCE,ACTIVE
NG-NAM-ROA-000280,New Delft Crossing,New Delft Crossing,ROAD,SOURCE_DERIVED,NGP-000280,New Delft,PLACE,prefix=NONE;suffix=Crossing,AVAILABLE,NoveGeo 700-place corpus + tribes + governed person-name seeds,SHARED_REFERENCE,ACTIVE
NG-NAM-ROA-000281,Sedgefield Road,Sedgefield Road,ROAD,SOURCE_DERIVED,NGP-000281,Sedgefield,PLACE,prefix=NONE;suffix=Road,AVAILABLE,NoveGeo 700-place corpus + tribes + governed person-name seeds,SHARED_REFERENCE,ACTIVE
NG-NAM-ROA-000282,Nyarin Street,Nyarin Street,ROAD,SOURCE_DERIVED,NGP-000282,Nyarin,PLACE,prefix=NONE;suffix=Street,AVAILABLE,NoveGeo 700-place corpus + tribes + governed person-name seeds,SHARED_REFERENCE,ACTIVE
NG-NAM-ROA-000283,Nyondar Avenue,Nyondar Avenue,ROAD,SOURCE_DERIVED,NGP-000283,Nyondar,PLACE,prefix=NONE;suffix=Avenue,AVAILABLE,NoveGeo 700-place corpus + tribes + governed person-name seeds,SHARED_REFERENCE,ACTIVE
NG-NAM-ROA-000284,Nyavora Lane,Nyavora Lane,ROAD,SOURCE_DERIVED,NGP-000284,Nyavora,PLACE,prefix=NONE;suffix=Lane,AVAILABLE,NoveGeo 700-place corpus + tribes + governed person-name seeds,SHARED_REFERENCE,ACTIVE
NG-NAM-ROA-000285,Osprey Bend Drive,Osprey Bend Drive,ROAD,SOURCE_DERIVED,NGP-000285,Osprey Bend,PLACE,prefix=NONE;suffix=Drive,AVAILABLE,NoveGeo 700-place corpus + tribes + governed person-name seeds,SHARED_REFERENCE,ACTIVE
NG-NAM-ROA-000286,Pelican Reach Way,Pelican Reach Way,ROAD,SOURCE_DERIVED,NGP-000286,Pelican Reach,PLACE,prefix=NONE;suffix=Way,AVAILABLE,NoveGeo 700-place corpus + tribes + governed person-name seeds,SHARED_REFERENCE,ACTIVE
NG-NAM-ROA-000287,Fenmere Boulevard,Fenmere Boulevard,ROAD,SOURCE_DERIVED,NGP-000287,Fenmere,PLACE,prefix=NONE;suffix=Boulevard,AVAILABLE,NoveGeo 700-place corpus + tribes + governed person-name seeds,SHARED_REFERENCE,ACTIVE
NG-NAM-ROA-000288,Lotus Ford Highway,Lotus Ford Highway,ROAD,SOURCE_DERIVED,NGP-000288,Lotus Ford,PLACE,prefix=NONE;suffix=Highway,AVAILABLE,NoveGeo 700-place corpus + tribes + governed person-name seeds,SHARED_REFERENCE,ACTIVE
NG-NAM-ROA-000289,Rivermist Junction,Rivermist Junction,ROAD,SOURCE_DERIVED,NGP-000289,Rivermist,PLACE,prefix=NONE;suffix=Junction,AVAILABLE,NoveGeo 700-place corpus + tribes + governed person-name seeds,SHARED_REFERENCE,ACTIVE
NG-NAM-ROA-000290,Heronfall Crossing,Heronfall Crossing,ROAD,SOURCE_DERIVED,NGP-000290,Heronfall,PLACE,prefix=NONE;suffix=Crossing,AVAILABLE,NoveGeo 700-place corpus + tribes + governed person-name seeds,SHARED_REFERENCE,ACTIVE
NG-NAM-ROA-000291,Delftwater Road,Delftwater Road,ROAD,SOURCE_DERIVED,NGP-000291,Delftwater,PLACE,prefix=NONE;suffix=Road,AVAILABLE,NoveGeo 700-place corpus + tribes + governed person-name seeds,SHARED_REFERENCE,ACTIVE
NG-NAM-ROA-000292,Bluehaven Street,Bluehaven Street,ROAD,SOURCE_DERIVED,NGP-000292,Bluehaven,PLACE,prefix=NONE;suffix=Street,AVAILABLE,NoveGeo 700-place corpus + tribes + governed person-name seeds,SHARED_REFERENCE,ACTIVE
NG-NAM-ROA-000293,Lowwater Avenue,Lowwater Avenue,ROAD,SOURCE_DERIVED,NGP-000293,Lowwater,PLACE,prefix=NONE;suffix=Avenue,AVAILABLE,NoveGeo 700-place corpus + tribes + governed person-name seeds,SHARED_REFERENCE,ACTIVE
NG-NAM-ROA-000294,Canalford Lane,Canalford Lane,ROAD,SOURCE_DERIVED,NGP-000294,Canalford,PLACE,prefix=NONE;suffix=Lane,AVAILABLE,NoveGeo 700-place corpus + tribes + governed person-name seeds,SHARED_REFERENCE,ACTIVE
NG-NAM-ROA-000295,Brinewell Drive,Brinewell Drive,ROAD,SOURCE_DERIVED,NGP-000295,Brinewell,PLACE,prefix=NONE;suffix=Drive,AVAILABLE,NoveGeo 700-place corpus + tribes + governed person-name seeds,SHARED_REFERENCE,ACTIVE
NG-NAM-ROA-000296,Willow Quay Way,Willow Quay Way,ROAD,SOURCE_DERIVED,NGP-000296,Willow Quay,PLACE,prefix=NONE;suffix=Way,AVAILABLE,NoveGeo 700-place corpus + tribes + governed person-name seeds,SHARED_REFERENCE,ACTIVE
NG-NAM-ROA-000297,Nyandor Landing Boulevard,Nyandor Landing Boulevard,ROAD,SOURCE_DERIVED,NGP-000297,Nyandor Landing,PLACE,prefix=NONE;suffix=Boulevard,AVAILABLE,NoveGeo 700-place corpus + tribes + governed person-name seeds,SHARED_REFERENCE,ACTIVE
NG-NAM-ROA-000298,Reedline Highway,Reedline Highway,ROAD,SOURCE_DERIVED,NGP-000298,Reedline,PLACE,prefix=NONE;suffix=Highway,AVAILABLE,NoveGeo 700-place corpus + tribes + governed person-name seeds,SHARED_REFERENCE,ACTIVE
NG-NAM-ROA-000299,Nyan Cross Junction,Nyan Cross Junction,ROAD,SOURCE_DERIVED,NGP-000299,Nyan Cross,PLACE,prefix=NONE;suffix=Junction,AVAILABLE,NoveGeo 700-place corpus + tribes + governed person-name seeds,SHARED_REFERENCE,ACTIVE
NG-NAM-ROA-000300,South Reedhaven Crossing,South Reedhaven Crossing,ROAD,SOURCE_DERIVED,NGP-000300,South Reedhaven,PLACE,prefix=NONE;suffix=Crossing,AVAILABLE,NoveGeo 700-place corpus + tribes + governed person-name seeds,SHARED_REFERENCE,ACTIVE
NG-NAM-ROA-000301,Lotus Junction Road,Lotus Junction Road,ROAD,SOURCE_DERIVED,NGP-000301,Lotus Junction,PLACE,prefix=NONE;suffix=Road,AVAILABLE,NoveGeo 700-place corpus + tribes + governed person-name seeds,SHARED_REFERENCE,ACTIVE
NG-NAM-ROA-000302,Heron Steps Street,Heron Steps Street,ROAD,SOURCE_DERIVED,NGP-000302,Heron Steps,PLACE,prefix=NONE;suffix=Street,AVAILABLE,NoveGeo 700-place corpus + tribes + governed person-name seeds,SHARED_REFERENCE,ACTIVE
NG-NAM-ROA-000303,Lakemarch East Avenue,Lakemarch East Avenue,ROAD,SOURCE_DERIVED,NGP-000303,Lakemarch East,PLACE,prefix=NONE;suffix=Avenue,AVAILABLE,NoveGeo 700-place corpus + tribes + governed person-name seeds,SHARED_REFERENCE,ACTIVE
NG-NAM-ROA-000304,Lowwater Bend Lane,Lowwater Bend Lane,ROAD,SOURCE_DERIVED,NGP-000304,Lowwater Bend,PLACE,prefix=NONE;suffix=Lane,AVAILABLE,NoveGeo 700-place corpus + tribes + governed person-name seeds,SHARED_REFERENCE,ACTIVE
NG-NAM-ROA-000305,Canal End Drive,Canal End Drive,ROAD,SOURCE_DERIVED,NGP-000305,Canal End,PLACE,prefix=NONE;suffix=Drive,AVAILABLE,NoveGeo 700-place corpus + tribes + governed person-name seeds,SHARED_REFERENCE,ACTIVE
NG-NAM-ROA-000306,Upper Nyarin Way,Upper Nyarin Way,ROAD,SOURCE_DERIVED,NGP-000306,Upper Nyarin,PLACE,prefix=NONE;suffix=Way,AVAILABLE,NoveGeo 700-place corpus + tribes + governed person-name seeds,SHARED_REFERENCE,ACTIVE
NG-NAM-ROA-000307,Nyarin Landing Boulevard,Nyarin Landing Boulevard,ROAD,SOURCE_DERIVED,NGP-000307,Nyarin Landing,PLACE,prefix=NONE;suffix=Boulevard,AVAILABLE,NoveGeo 700-place corpus + tribes + governed person-name seeds,SHARED_REFERENCE,ACTIVE
NG-NAM-ROA-000308,Lower Nyondar Highway,Lower Nyondar Highway,ROAD,SOURCE_DERIVED,NGP-000308,Lower Nyondar,PLACE,prefix=NONE;suffix=Highway,AVAILABLE,NoveGeo 700-place corpus + tribes + governed person-name seeds,SHARED_REFERENCE,ACTIVE
NG-NAM-ROA-000309,Nyondar Reed Junction,Nyondar Reed Junction,ROAD,SOURCE_DERIVED,NGP-000309,Nyondar Reed,PLACE,prefix=NONE;suffix=Junction,AVAILABLE,NoveGeo 700-place corpus + tribes + governed person-name seeds,SHARED_REFERENCE,ACTIVE
NG-NAM-ROA-000310,Old Nyavora Crossing,Old Nyavora Crossing,ROAD,SOURCE_DERIVED,NGP-000310,Old Nyavora,PLACE,prefix=NONE;suffix=Crossing,AVAILABLE,NoveGeo 700-place corpus + tribes + governed person-name seeds,SHARED_REFERENCE,ACTIVE
NG-NAM-ROA-000311,Nyavora Bank Road,Nyavora Bank Road,ROAD,SOURCE_DERIVED,NGP-000311,Nyavora Bank,PLACE,prefix=NONE;suffix=Road,AVAILABLE,NoveGeo 700-place corpus + tribes + governed person-name seeds,SHARED_REFERENCE,ACTIVE
NG-NAM-ROA-000312,East Osprey Bend Street,East Osprey Bend Street,ROAD,SOURCE_DERIVED,NGP-000312,East Osprey Bend,PLACE,prefix=NONE;suffix=Street,AVAILABLE,NoveGeo 700-place corpus + tribes + governed person-name seeds,SHARED_REFERENCE,ACTIVE
NG-NAM-ROA-000313,Osprey Bend Ford Avenue,Osprey Bend Ford Avenue,ROAD,SOURCE_DERIVED,NGP-000313,Osprey Bend Ford,PLACE,prefix=NONE;suffix=Avenue,AVAILABLE,NoveGeo 700-place corpus + tribes + governed person-name seeds,SHARED_REFERENCE,ACTIVE
NG-NAM-ROA-000314,South Pelican Reach Lane,South Pelican Reach Lane,ROAD,SOURCE_DERIVED,NGP-000314,South Pelican Reach,PLACE,prefix=NONE;suffix=Lane,AVAILABLE,NoveGeo 700-place corpus + tribes + governed person-name seeds,SHARED_REFERENCE,ACTIVE
NG-NAM-ROA-000315,Pelican Reach Marsh Drive,Pelican Reach Marsh Drive,ROAD,SOURCE_DERIVED,NGP-000315,Pelican Reach Marsh,PLACE,prefix=NONE;suffix=Drive,AVAILABLE,NoveGeo 700-place corpus + tribes + governed person-name seeds,SHARED_REFERENCE,ACTIVE
NG-NAM-ROA-000316,Fenmere Fen Way,Fenmere Fen Way,ROAD,SOURCE_DERIVED,NGP-000316,Fenmere Fen,PLACE,prefix=NONE;suffix=Way,AVAILABLE,NoveGeo 700-place corpus + tribes + governed person-name seeds,SHARED_REFERENCE,ACTIVE
NG-NAM-ROA-000317,Fenmere Pools Boulevard,Fenmere Pools Boulevard,ROAD,SOURCE_DERIVED,NGP-000317,Fenmere Pools,PLACE,prefix=NONE;suffix=Boulevard,AVAILABLE,NoveGeo 700-place corpus + tribes + governed person-name seeds,SHARED_REFERENCE,ACTIVE
NG-NAM-ROA-000318,North Lotus Ford Highway,North Lotus Ford Highway,ROAD,SOURCE_DERIVED,NGP-000318,North Lotus Ford,PLACE,prefix=NONE;suffix=Highway,AVAILABLE,NoveGeo 700-place corpus + tribes + governed person-name seeds,SHARED_REFERENCE,ACTIVE
NG-NAM-ROA-000319,Lotus Ford Channel Junction,Lotus Ford Channel Junction,ROAD,SOURCE_DERIVED,NGP-000319,Lotus Ford Channel,PLACE,prefix=NONE;suffix=Junction,AVAILABLE,NoveGeo 700-place corpus + tribes + governed person-name seeds,SHARED_REFERENCE,ACTIVE
NG-NAM-ROA-000320,Rivermist Water Crossing,Rivermist Water Crossing,ROAD,SOURCE_DERIVED,NGP-000320,Rivermist Water,PLACE,prefix=NONE;suffix=Crossing,AVAILABLE,NoveGeo 700-place corpus + tribes + governed person-name seeds,SHARED_REFERENCE,ACTIVE
NG-NAM-ROA-000321,Rivermist Bend Road,Rivermist Bend Road,ROAD,SOURCE_DERIVED,NGP-000321,Rivermist Bend,PLACE,prefix=NONE;suffix=Road,AVAILABLE,NoveGeo 700-place corpus + tribes + governed person-name seeds,SHARED_REFERENCE,ACTIVE
NG-NAM-ROA-000322,West Heronfall Street,West Heronfall Street,ROAD,SOURCE_DERIVED,NGP-000322,West Heronfall,PLACE,prefix=NONE;suffix=Street,AVAILABLE,NoveGeo 700-place corpus + tribes + governed person-name seeds,SHARED_REFERENCE,ACTIVE
NG-NAM-ROA-000323,Heronfall Wetlands Avenue,Heronfall Wetlands Avenue,ROAD,SOURCE_DERIVED,NGP-000323,Heronfall Wetlands,PLACE,prefix=NONE;suffix=Avenue,AVAILABLE,NoveGeo 700-place corpus + tribes + governed person-name seeds,SHARED_REFERENCE,ACTIVE
NG-NAM-ROA-000324,Delftwater Bay Lane,Delftwater Bay Lane,ROAD,SOURCE_DERIVED,NGP-000324,Delftwater Bay,PLACE,prefix=NONE;suffix=Lane,AVAILABLE,NoveGeo 700-place corpus + tribes + governed person-name seeds,SHARED_REFERENCE,ACTIVE
NG-NAM-ROA-000325,Delftwater Shoal Drive,Delftwater Shoal Drive,ROAD,SOURCE_DERIVED,NGP-000325,Delftwater Shoal,PLACE,prefix=NONE;suffix=Drive,AVAILABLE,NoveGeo 700-place corpus + tribes + governed person-name seeds,SHARED_REFERENCE,ACTIVE
NG-NAM-ROA-000326,Upper Bluehaven Way,Upper Bluehaven Way,ROAD,SOURCE_DERIVED,NGP-000326,Upper Bluehaven,PLACE,prefix=NONE;suffix=Way,AVAILABLE,NoveGeo 700-place corpus + tribes + governed person-name seeds,SHARED_REFERENCE,ACTIVE
NG-NAM-ROA-000327,Bluehaven Creek Boulevard,Bluehaven Creek Boulevard,ROAD,SOURCE_DERIVED,NGP-000327,Bluehaven Creek,PLACE,prefix=NONE;suffix=Boulevard,AVAILABLE,NoveGeo 700-place corpus + tribes + governed person-name seeds,SHARED_REFERENCE,ACTIVE
NG-NAM-ROA-000328,Lowwater Lagoon Highway,Lowwater Lagoon Highway,ROAD,SOURCE_DERIVED,NGP-000328,Lowwater Lagoon,PLACE,prefix=NONE;suffix=Highway,AVAILABLE,NoveGeo 700-place corpus + tribes + governed person-name seeds,SHARED_REFERENCE,ACTIVE
NG-NAM-ROA-000329,Lowwater Bank Junction,Lowwater Bank Junction,ROAD,SOURCE_DERIVED,NGP-000329,Lowwater Bank,PLACE,prefix=NONE;suffix=Junction,AVAILABLE,NoveGeo 700-place corpus + tribes + governed person-name seeds,SHARED_REFERENCE,ACTIVE
NG-NAM-ROA-000330,Lower Canalford Crossing,Lower Canalford Crossing,ROAD,SOURCE_DERIVED,NGP-000330,Lower Canalford,PLACE,prefix=NONE;suffix=Crossing,AVAILABLE,NoveGeo 700-place corpus + tribes + governed person-name seeds,SHARED_REFERENCE,ACTIVE
NG-NAM-ROA-000331,Canalford Ferry Road,Canalford Ferry Road,ROAD,SOURCE_DERIVED,NGP-000331,Canalford Ferry,PLACE,prefix=NONE;suffix=Road,AVAILABLE,NoveGeo 700-place corpus + tribes + governed person-name seeds,SHARED_REFERENCE,ACTIVE
NG-NAM-ROA-000332,Brinewell Springs Street,Brinewell Springs Street,ROAD,SOURCE_DERIVED,NGP-000332,Brinewell Springs,PLACE,prefix=NONE;suffix=Street,AVAILABLE,NoveGeo 700-place corpus + tribes + governed person-name seeds,SHARED_REFERENCE,ACTIVE
NG-NAM-ROA-000333,Brinewell Quay Avenue,Brinewell Quay Avenue,ROAD,SOURCE_DERIVED,NGP-000333,Brinewell Quay,PLACE,prefix=NONE;suffix=Avenue,AVAILABLE,NoveGeo 700-place corpus + tribes + governed person-name seeds,SHARED_REFERENCE,ACTIVE
NG-NAM-ROA-000334,Willow Quay Gardens Lane,Willow Quay Gardens Lane,ROAD,SOURCE_DERIVED,NGP-000334,Willow Quay Gardens,PLACE,prefix=NONE;suffix=Lane,AVAILABLE,NoveGeo 700-place corpus + tribes + governed person-name seeds,SHARED_REFERENCE,ACTIVE
NG-NAM-ROA-000335,Willow Quay Reach Drive,Willow Quay Reach Drive,ROAD,SOURCE_DERIVED,NGP-000335,Willow Quay Reach,PLACE,prefix=NONE;suffix=Drive,AVAILABLE,NoveGeo 700-place corpus + tribes + governed person-name seeds,SHARED_REFERENCE,ACTIVE
NG-NAM-ROA-000336,Fisher's Bell Way,Fisher's Bell Way,ROAD,SOURCE_DERIVED,NGP-000336,Fisher's Bell,PLACE,prefix=NONE;suffix=Way,AVAILABLE,NoveGeo 700-place corpus + tribes + governed person-name seeds,SHARED_REFERENCE,ACTIVE
NG-NAM-ROA-000337,Reed Market Boulevard,Reed Market Boulevard,ROAD,SOURCE_DERIVED,NGP-000337,Reed Market,PLACE,prefix=NONE;suffix=Boulevard,AVAILABLE,NoveGeo 700-place corpus + tribes + governed person-name seeds,SHARED_REFERENCE,ACTIVE
NG-NAM-ROA-000338,Ferry Cross Highway,Ferry Cross Highway,ROAD,SOURCE_DERIVED,NGP-000338,Ferry Cross,PLACE,prefix=NONE;suffix=Highway,AVAILABLE,NoveGeo 700-place corpus + tribes + governed person-name seeds,SHARED_REFERENCE,ACTIVE
NG-NAM-ROA-000339,Lotus Exchange Junction,Lotus Exchange Junction,ROAD,SOURCE_DERIVED,NGP-000339,Lotus Exchange,PLACE,prefix=NONE;suffix=Junction,AVAILABLE,NoveGeo 700-place corpus + tribes + governed person-name seeds,SHARED_REFERENCE,ACTIVE
NG-NAM-ROA-000340,Basin Gate Crossing,Basin Gate Crossing,ROAD,SOURCE_DERIVED,NGP-000340,Basin Gate,PLACE,prefix=NONE;suffix=Crossing,AVAILABLE,NoveGeo 700-place corpus + tribes + governed person-name seeds,SHARED_REFERENCE,ACTIVE
NG-NAM-ROA-000341,Lakeport Works Road,Lakeport Works Road,ROAD,SOURCE_DERIVED,NGP-000341,Lakeport Works,PLACE,prefix=NONE;suffix=Road,AVAILABLE,NoveGeo 700-place corpus + tribes + governed person-name seeds,SHARED_REFERENCE,ACTIVE
NG-NAM-ROA-000342,Reedbank Cold-Chain Park Street,Reedbank Cold-Chain Park Street,ROAD,SOURCE_DERIVED,NGP-000342,Reedbank Cold-Chain Park,PLACE,prefix=NONE;suffix=Street,AVAILABLE,NoveGeo 700-place corpus + tribes + governed person-name seeds,SHARED_REFERENCE,ACTIVE
NG-NAM-ROA-000343,Lotus Shore Avenue,Lotus Shore Avenue,ROAD,SOURCE_DERIVED,NGP-000343,Lotus Shore,PLACE,prefix=NONE;suffix=Avenue,AVAILABLE,NoveGeo 700-place corpus + tribes + governed person-name seeds,SHARED_REFERENCE,ACTIVE
NG-NAM-ROA-000344,Mirror Lake Lane,Mirror Lake Lane,ROAD,SOURCE_DERIVED,NGP-000344,Mirror Lake,PLACE,prefix=NONE;suffix=Lane,AVAILABLE,NoveGeo 700-place corpus + tribes + governed person-name seeds,SHARED_REFERENCE,ACTIVE
NG-NAM-ROA-000345,Heron Isle Drive,Heron Isle Drive,ROAD,SOURCE_DERIVED,NGP-000345,Heron Isle,PLACE,prefix=NONE;suffix=Drive,AVAILABLE,NoveGeo 700-place corpus + tribes + governed person-name seeds,SHARED_REFERENCE,ACTIVE
NG-NAM-ROA-000346,Tekharo Way,Tekharo Way,ROAD,SOURCE_DERIVED,NGP-000346,Tekharo,PLACE,prefix=NONE;suffix=Way,AVAILABLE,NoveGeo 700-place corpus + tribes + governed person-name seeds,SHARED_REFERENCE,ACTIVE
NG-NAM-ROA-000347,Canopy Reach Boulevard,Canopy Reach Boulevard,ROAD,SOURCE_DERIVED,NGP-000347,Canopy Reach,PLACE,prefix=NONE;suffix=Boulevard,AVAILABLE,NoveGeo 700-place corpus + tribes + governed person-name seeds,SHARED_REFERENCE,ACTIVE
NG-NAM-ROA-000348,Ashara Highway,Ashara Highway,ROAD,SOURCE_DERIVED,NGP-000348,Ashara,PLACE,prefix=NONE;suffix=Highway,AVAILABLE,NoveGeo 700-place corpus + tribes + governed person-name seeds,SHARED_REFERENCE,ACTIVE
NG-NAM-ROA-000349,Mossbridge Junction,Mossbridge Junction,ROAD,SOURCE_DERIVED,NGP-000349,Mossbridge,PLACE,prefix=NONE;suffix=Junction,AVAILABLE,NoveGeo 700-place corpus + tribes + governed person-name seeds,SHARED_REFERENCE,ACTIVE
NG-NAM-ROA-000350,Tekharo Central Crossing,Tekharo Central Crossing,ROAD,SOURCE_DERIVED,NGP-000350,Tekharo Central,PLACE,prefix=NONE;suffix=Crossing,AVAILABLE,NoveGeo 700-place corpus + tribes + governed person-name seeds,SHARED_REFERENCE,ACTIVE
NG-NAM-ROA-000351,Canopy Exchange Road,Canopy Exchange Road,ROAD,SOURCE_DERIVED,NGP-000351,Canopy Exchange,PLACE,prefix=NONE;suffix=Road,AVAILABLE,NoveGeo 700-place corpus + tribes + governed person-name seeds,SHARED_REFERENCE,ACTIVE
NG-NAM-ROA-000352,Research Grove Street,Research Grove Street,ROAD,SOURCE_DERIVED,NGP-000352,Research Grove,PLACE,prefix=NONE;suffix=Street,AVAILABLE,NoveGeo 700-place corpus + tribes + governed person-name seeds,SHARED_REFERENCE,ACTIVE
NG-NAM-ROA-000353,River Gate Avenue,River Gate Avenue,ROAD,SOURCE_DERIVED,NGP-000353,River Gate,PLACE,prefix=NONE;suffix=Avenue,AVAILABLE,NoveGeo 700-place corpus + tribes + governed person-name seeds,SHARED_REFERENCE,ACTIVE
NG-NAM-ROA-000354,Old Timber Lane,Old Timber Lane,ROAD,SOURCE_DERIVED,NGP-000354,Old Timber,PLACE,prefix=NONE;suffix=Lane,AVAILABLE,NoveGeo 700-place corpus + tribes + governed person-name seeds,SHARED_REFERENCE,ACTIVE
NG-NAM-ROA-000355,Botanical Ward Drive,Botanical Ward Drive,ROAD,SOURCE_DERIVED,NGP-000355,Botanical Ward,PLACE,prefix=NONE;suffix=Drive,AVAILABLE,NoveGeo 700-place corpus + tribes + governed person-name seeds,SHARED_REFERENCE,ACTIVE
NG-NAM-ROA-000356,East Tram Way,East Tram Way,ROAD,SOURCE_DERIVED,NGP-000356,East Tram,PLACE,prefix=NONE;suffix=Way,AVAILABLE,NoveGeo 700-place corpus + tribes + governed person-name seeds,SHARED_REFERENCE,ACTIVE
NG-NAM-ROA-000357,Rainmarket Boulevard,Rainmarket Boulevard,ROAD,SOURCE_DERIVED,NGP-000357,Rainmarket,PLACE,prefix=NONE;suffix=Boulevard,AVAILABLE,NoveGeo 700-place corpus + tribes + governed person-name seeds,SHARED_REFERENCE,ACTIVE
NG-NAM-ROA-000358,Fernhaven Highway,Fernhaven Highway,ROAD,SOURCE_DERIVED,NGP-000358,Fernhaven,PLACE,prefix=NONE;suffix=Highway,AVAILABLE,NoveGeo 700-place corpus + tribes + governed person-name seeds,SHARED_REFERENCE,ACTIVE
NG-NAM-ROA-000359,Ashtek Gardens Junction,Ashtek Gardens Junction,ROAD,SOURCE_DERIVED,NGP-000359,Ashtek Gardens,PLACE,prefix=NONE;suffix=Junction,AVAILABLE,NoveGeo 700-place corpus + tribes + governed person-name seeds,SHARED_REFERENCE,ACTIVE
NG-NAM-ROA-000360,Mossvale Crossing,Mossvale Crossing,ROAD,SOURCE_DERIVED,NGP-000360,Mossvale,PLACE,prefix=NONE;suffix=Crossing,AVAILABLE,NoveGeo 700-place corpus + tribes + governed person-name seeds,SHARED_REFERENCE,ACTIVE
NG-NAM-ROA-000361,Greenvault Road,Greenvault Road,ROAD,SOURCE_DERIVED,NGP-000361,Greenvault,PLACE,prefix=NONE;suffix=Road,AVAILABLE,NoveGeo 700-place corpus + tribes + governed person-name seeds,SHARED_REFERENCE,ACTIVE
NG-NAM-ROA-000362,Orchid Rise Street,Orchid Rise Street,ROAD,SOURCE_DERIVED,NGP-000362,Orchid Rise,PLACE,prefix=NONE;suffix=Street,AVAILABLE,NoveGeo 700-place corpus + tribes + governed person-name seeds,SHARED_REFERENCE,ACTIVE
NG-NAM-ROA-000363,New Kyoto Avenue,New Kyoto Avenue,ROAD,SOURCE_DERIVED,NGP-000363,New Kyoto,PLACE,prefix=NONE;suffix=Avenue,AVAILABLE,NoveGeo 700-place corpus + tribes + governed person-name seeds,SHARED_REFERENCE,ACTIVE
NG-NAM-ROA-000364,Vinebridge Lane,Vinebridge Lane,ROAD,SOURCE_DERIVED,NGP-000364,Vinebridge,PLACE,prefix=NONE;suffix=Lane,AVAILABLE,NoveGeo 700-place corpus + tribes + governed person-name seeds,SHARED_REFERENCE,ACTIVE
NG-NAM-ROA-000365,Cedar Mist Drive,Cedar Mist Drive,ROAD,SOURCE_DERIVED,NGP-000365,Cedar Mist,PLACE,prefix=NONE;suffix=Drive,AVAILABLE,NoveGeo 700-place corpus + tribes + governed person-name seeds,SHARED_REFERENCE,ACTIVE
NG-NAM-ROA-000366,Tekkan Heights Way,Tekkan Heights Way,ROAD,SOURCE_DERIVED,NGP-000366,Tekkan Heights,PLACE,prefix=NONE;suffix=Way,AVAILABLE,NoveGeo 700-place corpus + tribes + governed person-name seeds,SHARED_REFERENCE,ACTIVE
NG-NAM-ROA-000367,Rainshadow Boulevard,Rainshadow Boulevard,ROAD,SOURCE_DERIVED,NGP-000367,Rainshadow,PLACE,prefix=NONE;suffix=Boulevard,AVAILABLE,NoveGeo 700-place corpus + tribes + governed person-name seeds,SHARED_REFERENCE,ACTIVE
NG-NAM-ROA-000368,Brookmoss Highway,Brookmoss Highway,ROAD,SOURCE_DERIVED,NGP-000368,Brookmoss,PLACE,prefix=NONE;suffix=Highway,AVAILABLE,NoveGeo 700-place corpus + tribes + governed person-name seeds,SHARED_REFERENCE,ACTIVE
NG-NAM-ROA-000369,Lantern Grove Junction,Lantern Grove Junction,ROAD,SOURCE_DERIVED,NGP-000369,Lantern Grove,PLACE,prefix=NONE;suffix=Junction,AVAILABLE,NoveGeo 700-place corpus + tribes + governed person-name seeds,SHARED_REFERENCE,ACTIVE
NG-NAM-ROA-000370,Fernfall Crossing,Fernfall Crossing,ROAD,SOURCE_DERIVED,NGP-000370,Fernfall,PLACE,prefix=NONE;suffix=Crossing,AVAILABLE,NoveGeo 700-place corpus + tribes + governed person-name seeds,SHARED_REFERENCE,ACTIVE
NG-NAM-ROA-000371,Rainsong Road,Rainsong Road,ROAD,SOURCE_DERIVED,NGP-000371,Rainsong,PLACE,prefix=NONE;suffix=Road,AVAILABLE,NoveGeo 700-place corpus + tribes + governed person-name seeds,SHARED_REFERENCE,ACTIVE
NG-NAM-ROA-000372,Cedar Run Street,Cedar Run Street,ROAD,SOURCE_DERIVED,NGP-000372,Cedar Run,PLACE,prefix=NONE;suffix=Street,AVAILABLE,NoveGeo 700-place corpus + tribes + governed person-name seeds,SHARED_REFERENCE,ACTIVE
NG-NAM-ROA-000373,Canopy Ford Avenue,Canopy Ford Avenue,ROAD,SOURCE_DERIVED,NGP-000373,Canopy Ford,PLACE,prefix=NONE;suffix=Avenue,AVAILABLE,NoveGeo 700-place corpus + tribes + governed person-name seeds,SHARED_REFERENCE,ACTIVE
NG-NAM-ROA-000374,Jadefall Lane,Jadefall Lane,ROAD,SOURCE_DERIVED,NGP-000374,Jadefall,PLACE,prefix=NONE;suffix=Lane,AVAILABLE,NoveGeo 700-place corpus + tribes + governed person-name seeds,SHARED_REFERENCE,ACTIVE
NG-NAM-ROA-000375,Tekkena Drive,Tekkena Drive,ROAD,SOURCE_DERIVED,NGP-000375,Tekkena,PLACE,prefix=NONE;suffix=Drive,AVAILABLE,NoveGeo 700-place corpus + tribes + governed person-name seeds,SHARED_REFERENCE,ACTIVE
NG-NAM-ROA-000376,Ashvale Way,Ashvale Way,ROAD,SOURCE_DERIVED,NGP-000376,Ashvale,PLACE,prefix=NONE;suffix=Way,AVAILABLE,NoveGeo 700-place corpus + tribes + governed person-name seeds,SHARED_REFERENCE,ACTIVE
NG-NAM-ROA-000377,Riverbloom Boulevard,Riverbloom Boulevard,ROAD,SOURCE_DERIVED,NGP-000377,Riverbloom,PLACE,prefix=NONE;suffix=Boulevard,AVAILABLE,NoveGeo 700-place corpus + tribes + governed person-name seeds,SHARED_REFERENCE,ACTIVE
NG-NAM-ROA-000378,Marula Gate Highway,Marula Gate Highway,ROAD,SOURCE_DERIVED,NGP-000378,Marula Gate,PLACE,prefix=NONE;suffix=Highway,AVAILABLE,NoveGeo 700-place corpus + tribes + governed person-name seeds,SHARED_REFERENCE,ACTIVE
NG-NAM-ROA-000379,Nembri Junction,Nembri Junction,ROAD,SOURCE_DERIVED,NGP-000379,Nembri,PLACE,prefix=NONE;suffix=Junction,AVAILABLE,NoveGeo 700-place corpus + tribes + governed person-name seeds,SHARED_REFERENCE,ACTIVE
NG-NAM-ROA-000380,Mosswick Crossing,Mosswick Crossing,ROAD,SOURCE_DERIVED,NGP-000380,Mosswick,PLACE,prefix=NONE;suffix=Crossing,AVAILABLE,NoveGeo 700-place corpus + tribes + governed person-name seeds,SHARED_REFERENCE,ACTIVE
NG-NAM-ROA-000381,Brookfern Road,Brookfern Road,ROAD,SOURCE_DERIVED,NGP-000381,Brookfern,PLACE,prefix=NONE;suffix=Road,AVAILABLE,NoveGeo 700-place corpus + tribes + governed person-name seeds,SHARED_REFERENCE,ACTIVE
NG-NAM-ROA-000382,Wildorchid Street,Wildorchid Street,ROAD,SOURCE_DERIVED,NGP-000382,Wildorchid,PLACE,prefix=NONE;suffix=Street,AVAILABLE,NoveGeo 700-place corpus + tribes + governed person-name seeds,SHARED_REFERENCE,ACTIVE
NG-NAM-ROA-000383,Greenmantle Avenue,Greenmantle Avenue,ROAD,SOURCE_DERIVED,NGP-000383,Greenmantle,PLACE,prefix=NONE;suffix=Avenue,AVAILABLE,NoveGeo 700-place corpus + tribes + governed person-name seeds,SHARED_REFERENCE,ACTIVE
NG-NAM-ROA-000384,Timberwell Lane,Timberwell Lane,ROAD,SOURCE_DERIVED,NGP-000384,Timberwell,PLACE,prefix=NONE;suffix=Lane,AVAILABLE,NoveGeo 700-place corpus + tribes + governed person-name seeds,SHARED_REFERENCE,ACTIVE
NG-NAM-ROA-000385,Canopy Lower Drive,Canopy Lower Drive,ROAD,SOURCE_DERIVED,NGP-000385,Canopy Lower,PLACE,prefix=NONE;suffix=Drive,AVAILABLE,NoveGeo 700-place corpus + tribes + governed person-name seeds,SHARED_REFERENCE,ACTIVE
NG-NAM-ROA-000386,Rainsong Junction Way,Rainsong Junction Way,ROAD,SOURCE_DERIVED,NGP-000386,Rainsong Junction,PLACE,prefix=NONE;suffix=Way,AVAILABLE,NoveGeo 700-place corpus + tribes + governed person-name seeds,SHARED_REFERENCE,ACTIVE
NG-NAM-ROA-000387,Cedar Clearing Boulevard,Cedar Clearing Boulevard,ROAD,SOURCE_DERIVED,NGP-000387,Cedar Clearing,PLACE,prefix=NONE;suffix=Boulevard,AVAILABLE,NoveGeo 700-place corpus + tribes + governed person-name seeds,SHARED_REFERENCE,ACTIVE
NG-NAM-ROA-000388,Ashara East Highway,Ashara East Highway,ROAD,SOURCE_DERIVED,NGP-000388,Ashara East,PLACE,prefix=NONE;suffix=Highway,AVAILABLE,NoveGeo 700-place corpus + tribes + governed person-name seeds,SHARED_REFERENCE,ACTIVE
NG-NAM-ROA-000389,Tekkan Row Junction,Tekkan Row Junction,ROAD,SOURCE_DERIVED,NGP-000389,Tekkan Row,PLACE,prefix=NONE;suffix=Junction,AVAILABLE,NoveGeo 700-place corpus + tribes + governed person-name seeds,SHARED_REFERENCE,ACTIVE
NG-NAM-ROA-000390,Marula Crossing Crossing,Marula Crossing Crossing,ROAD,SOURCE_DERIVED,NGP-000390,Marula Crossing,PLACE,prefix=NONE;suffix=Crossing,AVAILABLE,NoveGeo 700-place corpus + tribes + governed person-name seeds,SHARED_REFERENCE,ACTIVE
NG-NAM-ROA-000391,Mossbridge South Road,Mossbridge South Road,ROAD,SOURCE_DERIVED,NGP-000391,Mossbridge South,PLACE,prefix=NONE;suffix=Road,AVAILABLE,NoveGeo 700-place corpus + tribes + governed person-name seeds,SHARED_REFERENCE,ACTIVE
NG-NAM-ROA-000392,Fernline Street,Fernline Street,ROAD,SOURCE_DERIVED,NGP-000392,Fernline,PLACE,prefix=NONE;suffix=Street,AVAILABLE,NoveGeo 700-place corpus + tribes + governed person-name seeds,SHARED_REFERENCE,ACTIVE
NG-NAM-ROA-000393,Timber Camp Avenue,Timber Camp Avenue,ROAD,SOURCE_DERIVED,NGP-000393,Timber Camp,PLACE,prefix=NONE;suffix=Avenue,AVAILABLE,NoveGeo 700-place corpus + tribes + governed person-name seeds,SHARED_REFERENCE,ACTIVE
NG-NAM-ROA-000394,Upper Fernfall Lane,Upper Fernfall Lane,ROAD,SOURCE_DERIVED,NGP-000394,Upper Fernfall,PLACE,prefix=NONE;suffix=Lane,AVAILABLE,NoveGeo 700-place corpus + tribes + governed person-name seeds,SHARED_REFERENCE,ACTIVE
NG-NAM-ROA-000395,Fernfall Grove Drive,Fernfall Grove Drive,ROAD,SOURCE_DERIVED,NGP-000395,Fernfall Grove,PLACE,prefix=NONE;suffix=Drive,AVAILABLE,NoveGeo 700-place corpus + tribes + governed person-name seeds,SHARED_REFERENCE,ACTIVE
NG-NAM-ROA-000396,Lower Rainsong Way,Lower Rainsong Way,ROAD,SOURCE_DERIVED,NGP-000396,Lower Rainsong,PLACE,prefix=NONE;suffix=Way,AVAILABLE,NoveGeo 700-place corpus + tribes + governed person-name seeds,SHARED_REFERENCE,ACTIVE
NG-NAM-ROA-000397,Rainsong Clearing Boulevard,Rainsong Clearing Boulevard,ROAD,SOURCE_DERIVED,NGP-000397,Rainsong Clearing,PLACE,prefix=NONE;suffix=Boulevard,AVAILABLE,NoveGeo 700-place corpus + tribes + governed person-name seeds,SHARED_REFERENCE,ACTIVE
NG-NAM-ROA-000398,East Cedar Run Highway,East Cedar Run Highway,ROAD,SOURCE_DERIVED,NGP-000398,East Cedar Run,PLACE,prefix=NONE;suffix=Highway,AVAILABLE,NoveGeo 700-place corpus + tribes + governed person-name seeds,SHARED_REFERENCE,ACTIVE
NG-NAM-ROA-000399,Cedar Run River Junction,Cedar Run River Junction,ROAD,SOURCE_DERIVED,NGP-000399,Cedar Run River,PLACE,prefix=NONE;suffix=Junction,AVAILABLE,NoveGeo 700-place corpus + tribes + governed person-name seeds,SHARED_REFERENCE,ACTIVE
NG-NAM-ROA-000400,Old Canopy Ford Crossing,Old Canopy Ford Crossing,ROAD,SOURCE_DERIVED,NGP-000400,Old Canopy Ford,PLACE,prefix=NONE;suffix=Crossing,AVAILABLE,NoveGeo 700-place corpus + tribes + governed person-name seeds,SHARED_REFERENCE,ACTIVE
NG-NAM-ROA-000401,Canopy Ford Canopy Road,Canopy Ford Canopy Road,ROAD,SOURCE_DERIVED,NGP-000401,Canopy Ford Canopy,PLACE,prefix=NONE;suffix=Road,AVAILABLE,NoveGeo 700-place corpus + tribes + governed person-name seeds,SHARED_REFERENCE,ACTIVE
NG-NAM-ROA-000402,South Jadefall Street,South Jadefall Street,ROAD,SOURCE_DERIVED,NGP-000402,South Jadefall,PLACE,prefix=NONE;suffix=Street,AVAILABLE,NoveGeo 700-place corpus + tribes + governed person-name seeds,SHARED_REFERENCE,ACTIVE
NG-NAM-ROA-000403,Jadefall Falls Avenue,Jadefall Falls Avenue,ROAD,SOURCE_DERIVED,NGP-000403,Jadefall Falls,PLACE,prefix=NONE;suffix=Avenue,AVAILABLE,NoveGeo 700-place corpus + tribes + governed person-name seeds,SHARED_REFERENCE,ACTIVE
NG-NAM-ROA-000404,Tekkena Fern Lane,Tekkena Fern Lane,ROAD,SOURCE_DERIVED,NGP-000404,Tekkena Fern,PLACE,prefix=NONE;suffix=Lane,AVAILABLE,NoveGeo 700-place corpus + tribes + governed person-name seeds,SHARED_REFERENCE,ACTIVE
NG-NAM-ROA-000405,Tekkena Shade Drive,Tekkena Shade Drive,ROAD,SOURCE_DERIVED,NGP-000405,Tekkena Shade,PLACE,prefix=NONE;suffix=Drive,AVAILABLE,NoveGeo 700-place corpus + tribes + governed person-name seeds,SHARED_REFERENCE,ACTIVE
NG-NAM-ROA-000406,North Ashvale Way,North Ashvale Way,ROAD,SOURCE_DERIVED,NGP-000406,North Ashvale,PLACE,prefix=NONE;suffix=Way,AVAILABLE,NoveGeo 700-place corpus + tribes + governed person-name seeds,SHARED_REFERENCE,ACTIVE
NG-NAM-ROA-000407,Ashvale Bloom Boulevard,Ashvale Bloom Boulevard,ROAD,SOURCE_DERIVED,NGP-000407,Ashvale Bloom,PLACE,prefix=NONE;suffix=Boulevard,AVAILABLE,NoveGeo 700-place corpus + tribes + governed person-name seeds,SHARED_REFERENCE,ACTIVE
NG-NAM-ROA-000408,Riverbloom Vine Highway,Riverbloom Vine Highway,ROAD,SOURCE_DERIVED,NGP-000408,Riverbloom Vine,PLACE,prefix=NONE;suffix=Highway,AVAILABLE,NoveGeo 700-place corpus + tribes + governed person-name seeds,SHARED_REFERENCE,ACTIVE
NG-NAM-ROA-000409,Riverbloom Ford Junction,Riverbloom Ford Junction,ROAD,SOURCE_DERIVED,NGP-000409,Riverbloom Ford,PLACE,prefix=NONE;suffix=Junction,AVAILABLE,NoveGeo 700-place corpus + tribes + governed person-name seeds,SHARED_REFERENCE,ACTIVE
NG-NAM-ROA-000410,West Marula Gate Crossing,West Marula Gate Crossing,ROAD,SOURCE_DERIVED,NGP-000410,West Marula Gate,PLACE,prefix=NONE;suffix=Crossing,AVAILABLE,NoveGeo 700-place corpus + tribes + governed person-name seeds,SHARED_REFERENCE,ACTIVE
NG-NAM-ROA-000411,Marula Gate Rain Road,Marula Gate Rain Road,ROAD,SOURCE_DERIVED,NGP-000411,Marula Gate Rain,PLACE,prefix=NONE;suffix=Road,AVAILABLE,NoveGeo 700-place corpus + tribes + governed person-name seeds,SHARED_REFERENCE,ACTIVE
NG-NAM-ROA-000412,Nembri Orchid Street,Nembri Orchid Street,ROAD,SOURCE_DERIVED,NGP-000412,Nembri Orchid,PLACE,prefix=NONE;suffix=Street,AVAILABLE,NoveGeo 700-place corpus + tribes + governed person-name seeds,SHARED_REFERENCE,ACTIVE
NG-NAM-ROA-000413,Nembri Bend Avenue,Nembri Bend Avenue,ROAD,SOURCE_DERIVED,NGP-000413,Nembri Bend,PLACE,prefix=NONE;suffix=Avenue,AVAILABLE,NoveGeo 700-place corpus + tribes + governed person-name seeds,SHARED_REFERENCE,ACTIVE
NG-NAM-ROA-000414,Upper Mosswick Lane,Upper Mosswick Lane,ROAD,SOURCE_DERIVED,NGP-000414,Upper Mosswick,PLACE,prefix=NONE;suffix=Lane,AVAILABLE,NoveGeo 700-place corpus + tribes + governed person-name seeds,SHARED_REFERENCE,ACTIVE
NG-NAM-ROA-000415,Mosswick Moss Drive,Mosswick Moss Drive,ROAD,SOURCE_DERIVED,NGP-000415,Mosswick Moss,PLACE,prefix=NONE;suffix=Drive,AVAILABLE,NoveGeo 700-place corpus + tribes + governed person-name seeds,SHARED_REFERENCE,ACTIVE
NG-NAM-ROA-000416,Brookfern Timber Way,Brookfern Timber Way,ROAD,SOURCE_DERIVED,NGP-000416,Brookfern Timber,PLACE,prefix=NONE;suffix=Way,AVAILABLE,NoveGeo 700-place corpus + tribes + governed person-name seeds,SHARED_REFERENCE,ACTIVE
NG-NAM-ROA-000417,Brookfern Run Boulevard,Brookfern Run Boulevard,ROAD,SOURCE_DERIVED,NGP-000417,Brookfern Run,PLACE,prefix=NONE;suffix=Boulevard,AVAILABLE,NoveGeo 700-place corpus + tribes + governed person-name seeds,SHARED_REFERENCE,ACTIVE
NG-NAM-ROA-000418,Lower Wildorchid Highway,Lower Wildorchid Highway,ROAD,SOURCE_DERIVED,NGP-000418,Lower Wildorchid,PLACE,prefix=NONE;suffix=Highway,AVAILABLE,NoveGeo 700-place corpus + tribes + governed person-name seeds,SHARED_REFERENCE,ACTIVE
NG-NAM-ROA-000419,Wildorchid Palm Junction,Wildorchid Palm Junction,ROAD,SOURCE_DERIVED,NGP-000419,Wildorchid Palm,PLACE,prefix=NONE;suffix=Junction,AVAILABLE,NoveGeo 700-place corpus + tribes + governed person-name seeds,SHARED_REFERENCE,ACTIVE
NG-NAM-ROA-000420,Greenmantle Cedar Crossing,Greenmantle Cedar Crossing,ROAD,SOURCE_DERIVED,NGP-000420,Greenmantle Cedar,PLACE,prefix=NONE;suffix=Crossing,AVAILABLE,NoveGeo 700-place corpus + tribes + governed person-name seeds,SHARED_REFERENCE,ACTIVE
NG-NAM-ROA-000421,Greenmantle Glade Road,Greenmantle Glade Road,ROAD,SOURCE_DERIVED,NGP-000421,Greenmantle Glade,PLACE,prefix=NONE;suffix=Road,AVAILABLE,NoveGeo 700-place corpus + tribes + governed person-name seeds,SHARED_REFERENCE,ACTIVE
NG-NAM-ROA-000422,Timberwell Brook Street,Timberwell Brook Street,ROAD,SOURCE_DERIVED,NGP-000422,Timberwell Brook,PLACE,prefix=NONE;suffix=Street,AVAILABLE,NoveGeo 700-place corpus + tribes + governed person-name seeds,SHARED_REFERENCE,ACTIVE
NG-NAM-ROA-000423,Timberwell Hollow Avenue,Timberwell Hollow Avenue,ROAD,SOURCE_DERIVED,NGP-000423,Timberwell Hollow,PLACE,prefix=NONE;suffix=Avenue,AVAILABLE,NoveGeo 700-place corpus + tribes + governed person-name seeds,SHARED_REFERENCE,ACTIVE
NG-NAM-ROA-000424,Rain Drum Lane,Rain Drum Lane,ROAD,SOURCE_DERIVED,NGP-000424,Rain Drum,PLACE,prefix=NONE;suffix=Lane,AVAILABLE,NoveGeo 700-place corpus + tribes + governed person-name seeds,SHARED_REFERENCE,ACTIVE
NG-NAM-ROA-000425,Canopy Market Drive,Canopy Market Drive,ROAD,SOURCE_DERIVED,NGP-000425,Canopy Market,PLACE,prefix=NONE;suffix=Drive,AVAILABLE,NoveGeo 700-place corpus + tribes + governed person-name seeds,SHARED_REFERENCE,ACTIVE
NG-NAM-ROA-000426,River Basket Way,River Basket Way,ROAD,SOURCE_DERIVED,NGP-000426,River Basket,PLACE,prefix=NONE;suffix=Way,AVAILABLE,NoveGeo 700-place corpus + tribes + governed person-name seeds,SHARED_REFERENCE,ACTIVE
NG-NAM-ROA-000427,Marula Exchange Boulevard,Marula Exchange Boulevard,ROAD,SOURCE_DERIVED,NGP-000427,Marula Exchange,PLACE,prefix=NONE;suffix=Boulevard,AVAILABLE,NoveGeo 700-place corpus + tribes + governed person-name seeds,SHARED_REFERENCE,ACTIVE
NG-NAM-ROA-000428,Timber Cross Highway,Timber Cross Highway,ROAD,SOURCE_DERIVED,NGP-000428,Timber Cross,PLACE,prefix=NONE;suffix=Highway,AVAILABLE,NoveGeo 700-place corpus + tribes + governed person-name seeds,SHARED_REFERENCE,ACTIVE
NG-NAM-ROA-000429,Tekharo BioWorks Campus Junction,Tekharo BioWorks Campus Junction,ROAD,SOURCE_DERIVED,NGP-000429,Tekharo BioWorks Campus,PLACE,prefix=NONE;suffix=Junction,AVAILABLE,NoveGeo 700-place corpus + tribes + governed person-name seeds,SHARED_REFERENCE,ACTIVE
NG-NAM-ROA-000430,Timberloop Industrial Estate Crossing,Timberloop Industrial Estate Crossing,ROAD,SOURCE_DERIVED,NGP-000430,Timberloop Industrial Estate,PLACE,prefix=NONE;suffix=Crossing,AVAILABLE,NoveGeo 700-place corpus + tribes + governed person-name seeds,SHARED_REFERENCE,ACTIVE
NG-NAM-ROA-000431,Emerald Canopy Road,Emerald Canopy Road,ROAD,SOURCE_DERIVED,NGP-000431,Emerald Canopy,PLACE,prefix=NONE;suffix=Road,AVAILABLE,NoveGeo 700-place corpus + tribes + governed person-name seeds,SHARED_REFERENCE,ACTIVE
NG-NAM-ROA-000432,Redhaven Street,Redhaven Street,ROAD,SOURCE_DERIVED,NGP-000432,Redhaven,PLACE,prefix=NONE;suffix=Street,AVAILABLE,NoveGeo 700-place corpus + tribes + governed person-name seeds,SHARED_REFERENCE,ACTIVE
NG-NAM-ROA-000433,Zarqen Avenue,Zarqen Avenue,ROAD,SOURCE_DERIVED,NGP-000433,Zarqen,PLACE,prefix=NONE;suffix=Avenue,AVAILABLE,NoveGeo 700-place corpus + tribes + governed person-name seeds,SHARED_REFERENCE,ACTIVE
NG-NAM-ROA-000434,Dustmere Lane,Dustmere Lane,ROAD,SOURCE_DERIVED,NGP-000434,Dustmere,PLACE,prefix=NONE;suffix=Lane,AVAILABLE,NoveGeo 700-place corpus + tribes + governed person-name seeds,SHARED_REFERENCE,ACTIVE
NG-NAM-ROA-000435,Sunward Drive,Sunward Drive,ROAD,SOURCE_DERIVED,NGP-000435,Sunward,PLACE,prefix=NONE;suffix=Drive,AVAILABLE,NoveGeo 700-place corpus + tribes + governed person-name seeds,SHARED_REFERENCE,ACTIVE
NG-NAM-ROA-000436,Redhaven Central Way,Redhaven Central Way,ROAD,SOURCE_DERIVED,NGP-000436,Redhaven Central,PLACE,prefix=NONE;suffix=Way,AVAILABLE,NoveGeo 700-place corpus + tribes + governed person-name seeds,SHARED_REFERENCE,ACTIVE
NG-NAM-ROA-000437,Caravan Exchange Boulevard,Caravan Exchange Boulevard,ROAD,SOURCE_DERIVED,NGP-000437,Caravan Exchange,PLACE,prefix=NONE;suffix=Boulevard,AVAILABLE,NoveGeo 700-place corpus + tribes + governed person-name seeds,SHARED_REFERENCE,ACTIVE
NG-NAM-ROA-000438,Solar Ward Highway,Solar Ward Highway,ROAD,SOURCE_DERIVED,NGP-000438,Solar Ward,PLACE,prefix=NONE;suffix=Highway,AVAILABLE,NoveGeo 700-place corpus + tribes + governed person-name seeds,SHARED_REFERENCE,ACTIVE
NG-NAM-ROA-000439,Railhead Junction,Railhead Junction,ROAD,SOURCE_DERIVED,NGP-000439,Railhead,PLACE,prefix=NONE;suffix=Junction,AVAILABLE,NoveGeo 700-place corpus + tribes + governed person-name seeds,SHARED_REFERENCE,ACTIVE
NG-NAM-ROA-000440,Old Wells Crossing,Old Wells Crossing,ROAD,SOURCE_DERIVED,NGP-000440,Old Wells,PLACE,prefix=NONE;suffix=Crossing,AVAILABLE,NoveGeo 700-place corpus + tribes + governed person-name seeds,SHARED_REFERENCE,ACTIVE
NG-NAM-ROA-000441,South Bazaar Road,South Bazaar Road,ROAD,SOURCE_DERIVED,NGP-000441,South Bazaar,PLACE,prefix=NONE;suffix=Road,AVAILABLE,NoveGeo 700-place corpus + tribes + governed person-name seeds,SHARED_REFERENCE,ACTIVE
NG-NAM-ROA-000442,Civic Mesa Street,Civic Mesa Street,ROAD,SOURCE_DERIVED,NGP-000442,Civic Mesa,PLACE,prefix=NONE;suffix=Street,AVAILABLE,NoveGeo 700-place corpus + tribes + governed person-name seeds,SHARED_REFERENCE,ACTIVE
NG-NAM-ROA-000443,Copper Dunes Avenue,Copper Dunes Avenue,ROAD,SOURCE_DERIVED,NGP-000443,Copper Dunes,PLACE,prefix=NONE;suffix=Avenue,AVAILABLE,NoveGeo 700-place corpus + tribes + governed person-name seeds,SHARED_REFERENCE,ACTIVE
NG-NAM-ROA-000444,Suncrest Lane,Suncrest Lane,ROAD,SOURCE_DERIVED,NGP-000444,Suncrest,PLACE,prefix=NONE;suffix=Lane,AVAILABLE,NoveGeo 700-place corpus + tribes + governed person-name seeds,SHARED_REFERENCE,ACTIVE
NG-NAM-ROA-000445,Amber Fields Drive,Amber Fields Drive,ROAD,SOURCE_DERIVED,NGP-000445,Amber Fields,PLACE,prefix=NONE;suffix=Drive,AVAILABLE,NoveGeo 700-place corpus + tribes + governed person-name seeds,SHARED_REFERENCE,ACTIVE
NG-NAM-ROA-000446,Baric Gardens Way,Baric Gardens Way,ROAD,SOURCE_DERIVED,NGP-000446,Baric Gardens,PLACE,prefix=NONE;suffix=Way,AVAILABLE,NoveGeo 700-place corpus + tribes + governed person-name seeds,SHARED_REFERENCE,ACTIVE
NG-NAM-ROA-000447,Marrowgate Boulevard,Marrowgate Boulevard,ROAD,SOURCE_DERIVED,NGP-000447,Marrowgate,PLACE,prefix=NONE;suffix=Boulevard,AVAILABLE,NoveGeo 700-place corpus + tribes + governed person-name seeds,SHARED_REFERENCE,ACTIVE
NG-NAM-ROA-000448,Oasis Park Highway,Oasis Park Highway,ROAD,SOURCE_DERIVED,NGP-000448,Oasis Park,PLACE,prefix=NONE;suffix=Highway,AVAILABLE,NoveGeo 700-place corpus + tribes + governed person-name seeds,SHARED_REFERENCE,ACTIVE
NG-NAM-ROA-000449,Gulfview Junction,Gulfview Junction,ROAD,SOURCE_DERIVED,NGP-000449,Gulfview,PLACE,prefix=NONE;suffix=Junction,AVAILABLE,NoveGeo 700-place corpus + tribes + governed person-name seeds,SHARED_REFERENCE,ACTIVE
NG-NAM-ROA-000450,Acacia Ridge Crossing,Acacia Ridge Crossing,ROAD,SOURCE_DERIVED,NGP-000450,Acacia Ridge,PLACE,prefix=NONE;suffix=Crossing,AVAILABLE,NoveGeo 700-place corpus + tribes + governed person-name seeds,SHARED_REFERENCE,ACTIVE
NG-NAM-ROA-000451,Dustrose Road,Dustrose Road,ROAD,SOURCE_DERIVED,NGP-000451,Dustrose,PLACE,prefix=NONE;suffix=Road,AVAILABLE,NoveGeo 700-place corpus + tribes + governed person-name seeds,SHARED_REFERENCE,ACTIVE
NG-NAM-ROA-000452,Falcon Heath Street,Falcon Heath Street,ROAD,SOURCE_DERIVED,NGP-000452,Falcon Heath,PLACE,prefix=NONE;suffix=Street,AVAILABLE,NoveGeo 700-place corpus + tribes + governed person-name seeds,SHARED_REFERENCE,ACTIVE
NG-NAM-ROA-000453,Zarqa Heights Avenue,Zarqa Heights Avenue,ROAD,SOURCE_DERIVED,NGP-000453,Zarqa Heights,PLACE,prefix=NONE;suffix=Avenue,AVAILABLE,NoveGeo 700-place corpus + tribes + governed person-name seeds,SHARED_REFERENCE,ACTIVE
NG-NAM-ROA-000454,Suncourt Lane,Suncourt Lane,ROAD,SOURCE_DERIVED,NGP-000454,Suncourt,PLACE,prefix=NONE;suffix=Lane,AVAILABLE,NoveGeo 700-place corpus + tribes + governed person-name seeds,SHARED_REFERENCE,ACTIVE
NG-NAM-ROA-000455,Redstone Vale Drive,Redstone Vale Drive,ROAD,SOURCE_DERIVED,NGP-000455,Redstone Vale,PLACE,prefix=NONE;suffix=Drive,AVAILABLE,NoveGeo 700-place corpus + tribes + governed person-name seeds,SHARED_REFERENCE,ACTIVE
NG-NAM-ROA-000456,Barazen Way,Barazen Way,ROAD,SOURCE_DERIVED,NGP-000456,Barazen,PLACE,prefix=NONE;suffix=Way,AVAILABLE,NoveGeo 700-place corpus + tribes + governed person-name seeds,SHARED_REFERENCE,ACTIVE
NG-NAM-ROA-000457,Mareva Boulevard,Mareva Boulevard,ROAD,SOURCE_DERIVED,NGP-000457,Mareva,PLACE,prefix=NONE;suffix=Boulevard,AVAILABLE,NoveGeo 700-place corpus + tribes + governed person-name seeds,SHARED_REFERENCE,ACTIVE
NG-NAM-ROA-000458,Khelar Highway,Khelar Highway,ROAD,SOURCE_DERIVED,NGP-000458,Khelar,PLACE,prefix=NONE;suffix=Highway,AVAILABLE,NoveGeo 700-place corpus + tribes + governed person-name seeds,SHARED_REFERENCE,ACTIVE
NG-NAM-ROA-000459,Caravan Well Junction,Caravan Well Junction,ROAD,SOURCE_DERIVED,NGP-000459,Caravan Well,PLACE,prefix=NONE;suffix=Junction,AVAILABLE,NoveGeo 700-place corpus + tribes + governed person-name seeds,SHARED_REFERENCE,ACTIVE
NG-NAM-ROA-000460,Sirocco Crossing,Sirocco Crossing,ROAD,SOURCE_DERIVED,NGP-000460,Sirocco,PLACE,prefix=NONE;suffix=Crossing,AVAILABLE,NoveGeo 700-place corpus + tribes + governed person-name seeds,SHARED_REFERENCE,ACTIVE
NG-NAM-ROA-000461,Dustrun Road,Dustrun Road,ROAD,SOURCE_DERIVED,NGP-000461,Dustrun,PLACE,prefix=NONE;suffix=Road,AVAILABLE,NoveGeo 700-place corpus + tribes + governed person-name seeds,SHARED_REFERENCE,ACTIVE
NG-NAM-ROA-000462,Saltwick Street,Saltwick Street,ROAD,SOURCE_DERIVED,NGP-000462,Saltwick,PLACE,prefix=NONE;suffix=Street,AVAILABLE,NoveGeo 700-place corpus + tribes + governed person-name seeds,SHARED_REFERENCE,ACTIVE
NG-NAM-ROA-000463,Thornfield Avenue,Thornfield Avenue,ROAD,SOURCE_DERIVED,NGP-000463,Thornfield,PLACE,prefix=NONE;suffix=Avenue,AVAILABLE,NoveGeo 700-place corpus + tribes + governed person-name seeds,SHARED_REFERENCE,ACTIVE
NG-NAM-ROA-000464,Rookwell Lane,Rookwell Lane,ROAD,SOURCE_DERIVED,NGP-000464,Rookwell,PLACE,prefix=NONE;suffix=Lane,AVAILABLE,NoveGeo 700-place corpus + tribes + governed person-name seeds,SHARED_REFERENCE,ACTIVE
NG-NAM-ROA-000465,Grey Dune Drive,Grey Dune Drive,ROAD,SOURCE_DERIVED,NGP-000465,Grey Dune,PLACE,prefix=NONE;suffix=Drive,AVAILABLE,NoveGeo 700-place corpus + tribes + governed person-name seeds,SHARED_REFERENCE,ACTIVE
NG-NAM-ROA-000466,Solmarch Way,Solmarch Way,ROAD,SOURCE_DERIVED,NGP-000466,Solmarch,PLACE,prefix=NONE;suffix=Way,AVAILABLE,NoveGeo 700-place corpus + tribes + governed person-name seeds,SHARED_REFERENCE,ACTIVE
NG-NAM-ROA-000467,Golden Step Boulevard,Golden Step Boulevard,ROAD,SOURCE_DERIVED,NGP-000467,Golden Step,PLACE,prefix=NONE;suffix=Boulevard,AVAILABLE,NoveGeo 700-place corpus + tribes + governed person-name seeds,SHARED_REFERENCE,ACTIVE
NG-NAM-ROA-000468,Mirasol Highway,Mirasol Highway,ROAD,SOURCE_DERIVED,NGP-000468,Mirasol,PLACE,prefix=NONE;suffix=Highway,AVAILABLE,NoveGeo 700-place corpus + tribes + governed person-name seeds,SHARED_REFERENCE,ACTIVE
NG-NAM-ROA-000469,East Oasis Junction,East Oasis Junction,ROAD,SOURCE_DERIVED,NGP-000469,East Oasis,PLACE,prefix=NONE;suffix=Junction,AVAILABLE,NoveGeo 700-place corpus + tribes + governed person-name seeds,SHARED_REFERENCE,ACTIVE
NG-NAM-ROA-000470,Cinder Plain Crossing,Cinder Plain Crossing,ROAD,SOURCE_DERIVED,NGP-000470,Cinder Plain,PLACE,prefix=NONE;suffix=Crossing,AVAILABLE,NoveGeo 700-place corpus + tribes + governed person-name seeds,SHARED_REFERENCE,ACTIVE
NG-NAM-ROA-000471,Zarqen South Road,Zarqen South Road,ROAD,SOURCE_DERIVED,NGP-000471,Zarqen South,PLACE,prefix=NONE;suffix=Road,AVAILABLE,NoveGeo 700-place corpus + tribes + governed person-name seeds,SHARED_REFERENCE,ACTIVE
NG-NAM-ROA-000472,Baric Cross Street,Baric Cross Street,ROAD,SOURCE_DERIVED,NGP-000472,Baric Cross,PLACE,prefix=NONE;suffix=Street,AVAILABLE,NoveGeo 700-place corpus + tribes + governed person-name seeds,SHARED_REFERENCE,ACTIVE
NG-NAM-ROA-000473,Camel Bell Avenue,Camel Bell Avenue,ROAD,SOURCE_DERIVED,NGP-000473,Camel Bell,PLACE,prefix=NONE;suffix=Avenue,AVAILABLE,NoveGeo 700-place corpus + tribes + governed person-name seeds,SHARED_REFERENCE,ACTIVE
NG-NAM-ROA-000474,Dustmere East Lane,Dustmere East Lane,ROAD,SOURCE_DERIVED,NGP-000474,Dustmere East,PLACE,prefix=NONE;suffix=Lane,AVAILABLE,NoveGeo 700-place corpus + tribes + governed person-name seeds,SHARED_REFERENCE,ACTIVE
NG-NAM-ROA-000475,Saltpan Row Drive,Saltpan Row Drive,ROAD,SOURCE_DERIVED,NGP-000475,Saltpan Row,PLACE,prefix=NONE;suffix=Drive,AVAILABLE,NoveGeo 700-place corpus + tribes + governed person-name seeds,SHARED_REFERENCE,ACTIVE
NG-NAM-ROA-000476,Thorn Junction Way,Thorn Junction Way,ROAD,SOURCE_DERIVED,NGP-000476,Thorn Junction,PLACE,prefix=NONE;suffix=Way,AVAILABLE,NoveGeo 700-place corpus + tribes + governed person-name seeds,SHARED_REFERENCE,ACTIVE
NG-NAM-ROA-000477,Sunward Gate Boulevard,Sunward Gate Boulevard,ROAD,SOURCE_DERIVED,NGP-000477,Sunward Gate,PLACE,prefix=NONE;suffix=Boulevard,AVAILABLE,NoveGeo 700-place corpus + tribes + governed person-name seeds,SHARED_REFERENCE,ACTIVE
NG-NAM-ROA-000478,Oasis Line Highway,Oasis Line Highway,ROAD,SOURCE_DERIVED,NGP-000478,Oasis Line,PLACE,prefix=NONE;suffix=Highway,AVAILABLE,NoveGeo 700-place corpus + tribes + governed person-name seeds,SHARED_REFERENCE,ACTIVE
NG-NAM-ROA-000479,Cinder Camp Junction,Cinder Camp Junction,ROAD,SOURCE_DERIVED,NGP-000479,Cinder Camp,PLACE,prefix=NONE;suffix=Junction,AVAILABLE,NoveGeo 700-place corpus + tribes + governed person-name seeds,SHARED_REFERENCE,ACTIVE
NG-NAM-ROA-000480,Lower Barazen Crossing,Lower Barazen Crossing,ROAD,SOURCE_DERIVED,NGP-000480,Lower Barazen,PLACE,prefix=NONE;suffix=Crossing,AVAILABLE,NoveGeo 700-place corpus + tribes + governed person-name seeds,SHARED_REFERENCE,ACTIVE
NG-NAM-ROA-000481,Barazen Wells Road,Barazen Wells Road,ROAD,SOURCE_DERIVED,NGP-000481,Barazen Wells,PLACE,prefix=NONE;suffix=Road,AVAILABLE,NoveGeo 700-place corpus + tribes + governed person-name seeds,SHARED_REFERENCE,ACTIVE
NG-NAM-ROA-000482,Upper Mareva Street,Upper Mareva Street,ROAD,SOURCE_DERIVED,NGP-000482,Upper Mareva,PLACE,prefix=NONE;suffix=Street,AVAILABLE,NoveGeo 700-place corpus + tribes + governed person-name seeds,SHARED_REFERENCE,ACTIVE
NG-NAM-ROA-000483,Mareva Dunes Avenue,Mareva Dunes Avenue,ROAD,SOURCE_DERIVED,NGP-000483,Mareva Dunes,PLACE,prefix=NONE;suffix=Avenue,AVAILABLE,NoveGeo 700-place corpus + tribes + governed person-name seeds,SHARED_REFERENCE,ACTIVE
NG-NAM-ROA-000484,East Khelar Lane,East Khelar Lane,ROAD,SOURCE_DERIVED,NGP-000484,East Khelar,PLACE,prefix=NONE;suffix=Lane,AVAILABLE,NoveGeo 700-place corpus + tribes + governed person-name seeds,SHARED_REFERENCE,ACTIVE
NG-NAM-ROA-000485,Khelar Camp Drive,Khelar Camp Drive,ROAD,SOURCE_DERIVED,NGP-000485,Khelar Camp,PLACE,prefix=NONE;suffix=Drive,AVAILABLE,NoveGeo 700-place corpus + tribes + governed person-name seeds,SHARED_REFERENCE,ACTIVE
NG-NAM-ROA-000486,Old Caravan Well Way,Old Caravan Well Way,ROAD,SOURCE_DERIVED,NGP-000486,Old Caravan Well,PLACE,prefix=NONE;suffix=Way,AVAILABLE,NoveGeo 700-place corpus + tribes + governed person-name seeds,SHARED_REFERENCE,ACTIVE
NG-NAM-ROA-000487,Caravan Well Plain Boulevard,Caravan Well Plain Boulevard,ROAD,SOURCE_DERIVED,NGP-000487,Caravan Well Plain,PLACE,prefix=NONE;suffix=Boulevard,AVAILABLE,NoveGeo 700-place corpus + tribes + governed person-name seeds,SHARED_REFERENCE,ACTIVE
NG-NAM-ROA-000488,South Sirocco Highway,South Sirocco Highway,ROAD,SOURCE_DERIVED,NGP-000488,South Sirocco,PLACE,prefix=NONE;suffix=Highway,AVAILABLE,NoveGeo 700-place corpus + tribes + governed person-name seeds,SHARED_REFERENCE,ACTIVE
NG-NAM-ROA-000489,Sirocco Oasis Junction,Sirocco Oasis Junction,ROAD,SOURCE_DERIVED,NGP-000489,Sirocco Oasis,PLACE,prefix=NONE;suffix=Junction,AVAILABLE,NoveGeo 700-place corpus + tribes + governed person-name seeds,SHARED_REFERENCE,ACTIVE
NG-NAM-ROA-000490,Dustrun Ridge Crossing,Dustrun Ridge Crossing,ROAD,SOURCE_DERIVED,NGP-000490,Dustrun Ridge,PLACE,prefix=NONE;suffix=Crossing,AVAILABLE,NoveGeo 700-place corpus + tribes + governed person-name seeds,SHARED_REFERENCE,ACTIVE
NG-NAM-ROA-000491,Dustrun Thorn Road,Dustrun Thorn Road,ROAD,SOURCE_DERIVED,NGP-000491,Dustrun Thorn,PLACE,prefix=NONE;suffix=Road,AVAILABLE,NoveGeo 700-place corpus + tribes + governed person-name seeds,SHARED_REFERENCE,ACTIVE
NG-NAM-ROA-000492,North Saltwick Street,North Saltwick Street,ROAD,SOURCE_DERIVED,NGP-000492,North Saltwick,PLACE,prefix=NONE;suffix=Street,AVAILABLE,NoveGeo 700-place corpus + tribes + governed person-name seeds,SHARED_REFERENCE,ACTIVE
NG-NAM-ROA-000493,Saltwick Corral Avenue,Saltwick Corral Avenue,ROAD,SOURCE_DERIVED,NGP-000493,Saltwick Corral,PLACE,prefix=NONE;suffix=Avenue,AVAILABLE,NoveGeo 700-place corpus + tribes + governed person-name seeds,SHARED_REFERENCE,ACTIVE
NG-NAM-ROA-000494,Thornfield Salt Lane,Thornfield Salt Lane,ROAD,SOURCE_DERIVED,NGP-000494,Thornfield Salt,PLACE,prefix=NONE;suffix=Lane,AVAILABLE,NoveGeo 700-place corpus + tribes + governed person-name seeds,SHARED_REFERENCE,ACTIVE
NG-NAM-ROA-000495,Thornfield End Drive,Thornfield End Drive,ROAD,SOURCE_DERIVED,NGP-000495,Thornfield End,PLACE,prefix=NONE;suffix=Drive,AVAILABLE,NoveGeo 700-place corpus + tribes + governed person-name seeds,SHARED_REFERENCE,ACTIVE
NG-NAM-ROA-000496,West Rookwell Way,West Rookwell Way,ROAD,SOURCE_DERIVED,NGP-000496,West Rookwell,PLACE,prefix=NONE;suffix=Way,AVAILABLE,NoveGeo 700-place corpus + tribes + governed person-name seeds,SHARED_REFERENCE,ACTIVE
NG-NAM-ROA-000497,Rookwell Acacia Boulevard,Rookwell Acacia Boulevard,ROAD,SOURCE_DERIVED,NGP-000497,Rookwell Acacia,PLACE,prefix=NONE;suffix=Boulevard,AVAILABLE,NoveGeo 700-place corpus + tribes + governed person-name seeds,SHARED_REFERENCE,ACTIVE
NG-NAM-ROA-000498,Grey Dune Mesa Highway,Grey Dune Mesa Highway,ROAD,SOURCE_DERIVED,NGP-000498,Grey Dune Mesa,PLACE,prefix=NONE;suffix=Highway,AVAILABLE,NoveGeo 700-place corpus + tribes + governed person-name seeds,SHARED_REFERENCE,ACTIVE
NG-NAM-ROA-000499,Grey Dune Well Junction,Grey Dune Well Junction,ROAD,SOURCE_DERIVED,NGP-000499,Grey Dune Well,PLACE,prefix=NONE;suffix=Junction,AVAILABLE,NoveGeo 700-place corpus + tribes + governed person-name seeds,SHARED_REFERENCE,ACTIVE
NG-NAM-ROA-000500,Lower Solmarch Crossing,Lower Solmarch Crossing,ROAD,SOURCE_DERIVED,NGP-000500,Lower Solmarch,PLACE,prefix=NONE;suffix=Crossing,AVAILABLE,NoveGeo 700-place corpus + tribes + governed person-name seeds,SHARED_REFERENCE,ACTIVE
NG-NAM-ROA-000501,Solmarch Dust Road,Solmarch Dust Road,ROAD,SOURCE_DERIVED,NGP-000501,Solmarch Dust,PLACE,prefix=NONE;suffix=Road,AVAILABLE,NoveGeo 700-place corpus + tribes + governed person-name seeds,SHARED_REFERENCE,ACTIVE
NG-NAM-ROA-000502,Golden Step Sun Street,Golden Step Sun Street,ROAD,SOURCE_DERIVED,NGP-000502,Golden Step Sun,PLACE,prefix=NONE;suffix=Street,AVAILABLE,NoveGeo 700-place corpus + tribes + governed person-name seeds,SHARED_REFERENCE,ACTIVE
NG-NAM-ROA-000503,Golden Step Cross Avenue,Golden Step Cross Avenue,ROAD,SOURCE_DERIVED,NGP-000503,Golden Step Cross,PLACE,prefix=NONE;suffix=Avenue,AVAILABLE,NoveGeo 700-place corpus + tribes + governed person-name seeds,SHARED_REFERENCE,ACTIVE
NG-NAM-ROA-000504,Upper Mirasol Lane,Upper Mirasol Lane,ROAD,SOURCE_DERIVED,NGP-000504,Upper Mirasol,PLACE,prefix=NONE;suffix=Lane,AVAILABLE,NoveGeo 700-place corpus + tribes + governed person-name seeds,SHARED_REFERENCE,ACTIVE
NG-NAM-ROA-000505,Mirasol Ember Drive,Mirasol Ember Drive,ROAD,SOURCE_DERIVED,NGP-000505,Mirasol Ember,PLACE,prefix=NONE;suffix=Drive,AVAILABLE,NoveGeo 700-place corpus + tribes + governed person-name seeds,SHARED_REFERENCE,ACTIVE
NG-NAM-ROA-000506,East Oasis Step Way,East Oasis Step Way,ROAD,SOURCE_DERIVED,NGP-000506,East Oasis Step,PLACE,prefix=NONE;suffix=Way,AVAILABLE,NoveGeo 700-place corpus + tribes + governed person-name seeds,SHARED_REFERENCE,ACTIVE
NG-NAM-ROA-000507,East Oasis Hollow Boulevard,East Oasis Hollow Boulevard,ROAD,SOURCE_DERIVED,NGP-000507,East Oasis Hollow,PLACE,prefix=NONE;suffix=Boulevard,AVAILABLE,NoveGeo 700-place corpus + tribes + governed person-name seeds,SHARED_REFERENCE,ACTIVE
NG-NAM-ROA-000508,Cinder Plain Cinder Highway,Cinder Plain Cinder Highway,ROAD,SOURCE_DERIVED,NGP-000508,Cinder Plain Cinder,PLACE,prefix=NONE;suffix=Highway,AVAILABLE,NoveGeo 700-place corpus + tribes + governed person-name seeds,SHARED_REFERENCE,ACTIVE
NG-NAM-ROA-000509,Cinder Plain Reach Junction,Cinder Plain Reach Junction,ROAD,SOURCE_DERIVED,NGP-000509,Cinder Plain Reach,PLACE,prefix=NONE;suffix=Junction,AVAILABLE,NoveGeo 700-place corpus + tribes + governed person-name seeds,SHARED_REFERENCE,ACTIVE
NG-NAM-ROA-000510,Red Basket Crossing,Red Basket Crossing,ROAD,SOURCE_DERIVED,NGP-000510,Red Basket,PLACE,prefix=NONE;suffix=Crossing,AVAILABLE,NoveGeo 700-place corpus + tribes + governed person-name seeds,SHARED_REFERENCE,ACTIVE
NG-NAM-ROA-000511,Caravan Cross Road,Caravan Cross Road,ROAD,SOURCE_DERIVED,NGP-000511,Caravan Cross,PLACE,prefix=NONE;suffix=Road,AVAILABLE,NoveGeo 700-place corpus + tribes + governed person-name seeds,SHARED_REFERENCE,ACTIVE
NG-NAM-ROA-000512,Salt Market Street,Salt Market Street,ROAD,SOURCE_DERIVED,NGP-000512,Salt Market,PLACE,prefix=NONE;suffix=Street,AVAILABLE,NoveGeo 700-place corpus + tribes + governed person-name seeds,SHARED_REFERENCE,ACTIVE
NG-NAM-ROA-000513,Sunward Exchange Avenue,Sunward Exchange Avenue,ROAD,SOURCE_DERIVED,NGP-000513,Sunward Exchange,PLACE,prefix=NONE;suffix=Avenue,AVAILABLE,NoveGeo 700-place corpus + tribes + governed person-name seeds,SHARED_REFERENCE,ACTIVE
NG-NAM-ROA-000514,Wells End Lane,Wells End Lane,ROAD,SOURCE_DERIVED,NGP-000514,Wells End,PLACE,prefix=NONE;suffix=Lane,AVAILABLE,NoveGeo 700-place corpus + tribes + governed person-name seeds,SHARED_REFERENCE,ACTIVE
NG-NAM-ROA-000515,Solar Foundry Zone Drive,Solar Foundry Zone Drive,ROAD,SOURCE_DERIVED,NGP-000515,Solar Foundry Zone,PLACE,prefix=NONE;suffix=Drive,AVAILABLE,NoveGeo 700-place corpus + tribes + governed person-name seeds,SHARED_REFERENCE,ACTIVE
NG-NAM-ROA-000516,Redhaven Dryport Estate Way,Redhaven Dryport Estate Way,ROAD,SOURCE_DERIVED,NGP-000516,Redhaven Dryport Estate,PLACE,prefix=NONE;suffix=Way,AVAILABLE,NoveGeo 700-place corpus + tribes + governed person-name seeds,SHARED_REFERENCE,ACTIVE
NG-NAM-ROA-000517,Sun Dune Boulevard,Sun Dune Boulevard,ROAD,SOURCE_DERIVED,NGP-000517,Sun Dune,PLACE,prefix=NONE;suffix=Boulevard,AVAILABLE,NoveGeo 700-place corpus + tribes + governed person-name seeds,SHARED_REFERENCE,ACTIVE
NG-NAM-ROA-000518,Lysora Highway,Lysora Highway,ROAD,SOURCE_DERIVED,NGP-000518,Lysora,PLACE,prefix=NONE;suffix=Highway,AVAILABLE,NoveGeo 700-place corpus + tribes + governed person-name seeds,SHARED_REFERENCE,ACTIVE
NG-NAM-ROA-000519,Coral Bay Junction,Coral Bay Junction,ROAD,SOURCE_DERIVED,NGP-000519,Coral Bay,PLACE,prefix=NONE;suffix=Junction,AVAILABLE,NoveGeo 700-place corpus + tribes + governed person-name seeds,SHARED_REFERENCE,ACTIVE
NG-NAM-ROA-000520,El-Maren Crossing,El-Maren Crossing,ROAD,SOURCE_DERIVED,NGP-000520,El-Maren,PLACE,prefix=NONE;suffix=Crossing,AVAILABLE,NoveGeo 700-place corpus + tribes + governed person-name seeds,SHARED_REFERENCE,ACTIVE
NG-NAM-ROA-000521,Seacliff Road,Seacliff Road,ROAD,SOURCE_DERIVED,NGP-000521,Seacliff,PLACE,prefix=NONE;suffix=Road,AVAILABLE,NoveGeo 700-place corpus + tribes + governed person-name seeds,SHARED_REFERENCE,ACTIVE
NG-NAM-ROA-000522,Lysora Central Street,Lysora Central Street,ROAD,SOURCE_DERIVED,NGP-000522,Lysora Central,PLACE,prefix=NONE;suffix=Street,AVAILABLE,NoveGeo 700-place corpus + tribes + governed person-name seeds,SHARED_REFERENCE,ACTIVE
NG-NAM-ROA-000523,Coral Exchange Avenue,Coral Exchange Avenue,ROAD,SOURCE_DERIVED,NGP-000523,Coral Exchange,PLACE,prefix=NONE;suffix=Avenue,AVAILABLE,NoveGeo 700-place corpus + tribes + governed person-name seeds,SHARED_REFERENCE,ACTIVE
NG-NAM-ROA-000524,Old Harbour Lane,Old Harbour Lane,ROAD,SOURCE_DERIVED,NGP-000524,Old Harbour,PLACE,prefix=NONE;suffix=Lane,AVAILABLE,NoveGeo 700-place corpus + tribes + governed person-name seeds,SHARED_REFERENCE,ACTIVE
NG-NAM-ROA-000525,Artisans' Quay Drive,Artisans' Quay Drive,ROAD,SOURCE_DERIVED,NGP-000525,Artisans' Quay,PLACE,prefix=NONE;suffix=Drive,AVAILABLE,NoveGeo 700-place corpus + tribes + governed person-name seeds,SHARED_REFERENCE,ACTIVE
NG-NAM-ROA-000526,Crescent Beach Way,Crescent Beach Way,ROAD,SOURCE_DERIVED,NGP-000526,Crescent Beach,PLACE,prefix=NONE;suffix=Way,AVAILABLE,NoveGeo 700-place corpus + tribes + governed person-name seeds,SHARED_REFERENCE,ACTIVE
NG-NAM-ROA-000527,Embassy Shore Boulevard,Embassy Shore Boulevard,ROAD,SOURCE_DERIVED,NGP-000527,Embassy Shore,PLACE,prefix=NONE;suffix=Boulevard,AVAILABLE,NoveGeo 700-place corpus + tribes + governed person-name seeds,SHARED_REFERENCE,ACTIVE
NG-NAM-ROA-000528,Marina Ward Highway,Marina Ward Highway,ROAD,SOURCE_DERIVED,NGP-000528,Marina Ward,PLACE,prefix=NONE;suffix=Highway,AVAILABLE,NoveGeo 700-place corpus + tribes + governed person-name seeds,SHARED_REFERENCE,ACTIVE
NG-NAM-ROA-000529,Lighthouse Hill Junction,Lighthouse Hill Junction,ROAD,SOURCE_DERIVED,NGP-000529,Lighthouse Hill,PLACE,prefix=NONE;suffix=Junction,AVAILABLE,NoveGeo 700-place corpus + tribes + governed person-name seeds,SHARED_REFERENCE,ACTIVE
NG-NAM-ROA-000530,Lysoran Heights Crossing,Lysoran Heights Crossing,ROAD,SOURCE_DERIVED,NGP-000530,Lysoran Heights,PLACE,prefix=NONE;suffix=Crossing,AVAILABLE,NoveGeo 700-place corpus + tribes + governed person-name seeds,SHARED_REFERENCE,ACTIVE
NG-NAM-ROA-000531,Seabreeze Road,Seabreeze Road,ROAD,SOURCE_DERIVED,NGP-000531,Seabreeze,PLACE,prefix=NONE;suffix=Road,AVAILABLE,NoveGeo 700-place corpus + tribes + governed person-name seeds,SHARED_REFERENCE,ACTIVE
NG-NAM-ROA-000532,Coral Gardens Street,Coral Gardens Street,ROAD,SOURCE_DERIVED,NGP-000532,Coral Gardens,PLACE,prefix=NONE;suffix=Street,AVAILABLE,NoveGeo 700-place corpus + tribes + governed person-name seeds,SHARED_REFERENCE,ACTIVE
NG-NAM-ROA-000533,Azure Park Avenue,Azure Park Avenue,ROAD,SOURCE_DERIVED,NGP-000533,Azure Park,PLACE,prefix=NONE;suffix=Avenue,AVAILABLE,NoveGeo 700-place corpus + tribes + governed person-name seeds,SHARED_REFERENCE,ACTIVE
NG-NAM-ROA-000534,New Marseille Lane,New Marseille Lane,ROAD,SOURCE_DERIVED,NGP-000534,New Marseille,PLACE,prefix=NONE;suffix=Lane,AVAILABLE,NoveGeo 700-place corpus + tribes + governed person-name seeds,SHARED_REFERENCE,ACTIVE
NG-NAM-ROA-000535,Palm Court Drive,Palm Court Drive,ROAD,SOURCE_DERIVED,NGP-000535,Palm Court,PLACE,prefix=NONE;suffix=Drive,AVAILABLE,NoveGeo 700-place corpus + tribes + governed person-name seeds,SHARED_REFERENCE,ACTIVE
NG-NAM-ROA-000536,Elmarin Way,Elmarin Way,ROAD,SOURCE_DERIVED,NGP-000536,Elmarin,PLACE,prefix=NONE;suffix=Way,AVAILABLE,NoveGeo 700-place corpus + tribes + governed person-name seeds,SHARED_REFERENCE,ACTIVE
NG-NAM-ROA-000537,Tidewell Boulevard,Tidewell Boulevard,ROAD,SOURCE_DERIVED,NGP-000537,Tidewell,PLACE,prefix=NONE;suffix=Boulevard,AVAILABLE,NoveGeo 700-place corpus + tribes + governed person-name seeds,SHARED_REFERENCE,ACTIVE
NG-NAM-ROA-000538,Casuarina Rise Highway,Casuarina Rise Highway,ROAD,SOURCE_DERIVED,NGP-000538,Casuarina Rise,PLACE,prefix=NONE;suffix=Highway,AVAILABLE,NoveGeo 700-place corpus + tribes + governed person-name seeds,SHARED_REFERENCE,ACTIVE
NG-NAM-ROA-000539,Moriah Beach Junction,Moriah Beach Junction,ROAD,SOURCE_DERIVED,NGP-000539,Moriah Beach,PLACE,prefix=NONE;suffix=Junction,AVAILABLE,NoveGeo 700-place corpus + tribes + governed person-name seeds,SHARED_REFERENCE,ACTIVE
NG-NAM-ROA-000540,Sunreef Crossing,Sunreef Crossing,ROAD,SOURCE_DERIVED,NGP-000540,Sunreef,PLACE,prefix=NONE;suffix=Crossing,AVAILABLE,NoveGeo 700-place corpus + tribes + governed person-name seeds,SHARED_REFERENCE,ACTIVE
NG-NAM-ROA-000541,Whitecap Road,Whitecap Road,ROAD,SOURCE_DERIVED,NGP-000541,Whitecap,PLACE,prefix=NONE;suffix=Road,AVAILABLE,NoveGeo 700-place corpus + tribes + governed person-name seeds,SHARED_REFERENCE,ACTIVE
NG-NAM-ROA-000542,Azura Street,Azura Street,ROAD,SOURCE_DERIVED,NGP-000542,Azura,PLACE,prefix=NONE;suffix=Street,AVAILABLE,NoveGeo 700-place corpus + tribes + governed person-name seeds,SHARED_REFERENCE,ACTIVE
NG-NAM-ROA-000543,Lysaven Avenue,Lysaven Avenue,ROAD,SOURCE_DERIVED,NGP-000543,Lysaven,PLACE,prefix=NONE;suffix=Avenue,AVAILABLE,NoveGeo 700-place corpus + tribes + governed person-name seeds,SHARED_REFERENCE,ACTIVE
NG-NAM-ROA-000544,Reefcross Lane,Reefcross Lane,ROAD,SOURCE_DERIVED,NGP-000544,Reefcross,PLACE,prefix=NONE;suffix=Lane,AVAILABLE,NoveGeo 700-place corpus + tribes + governed person-name seeds,SHARED_REFERENCE,ACTIVE
NG-NAM-ROA-000545,Bellamar Drive,Bellamar Drive,ROAD,SOURCE_DERIVED,NGP-000545,Bellamar,PLACE,prefix=NONE;suffix=Drive,AVAILABLE,NoveGeo 700-place corpus + tribes + governed person-name seeds,SHARED_REFERENCE,ACTIVE
NG-NAM-ROA-000546,Seaglass Way,Seaglass Way,ROAD,SOURCE_DERIVED,NGP-000546,Seaglass,PLACE,prefix=NONE;suffix=Way,AVAILABLE,NoveGeo 700-place corpus + tribes + governed person-name seeds,SHARED_REFERENCE,ACTIVE
NG-NAM-ROA-000547,Marenya Boulevard,Marenya Boulevard,ROAD,SOURCE_DERIVED,NGP-000547,Marenya,PLACE,prefix=NONE;suffix=Boulevard,AVAILABLE,NoveGeo 700-place corpus + tribes + governed person-name seeds,SHARED_REFERENCE,ACTIVE
NG-NAM-ROA-000548,Marenza Highway,Marenza Highway,ROAD,SOURCE_DERIVED,NGP-000548,Marenza,PLACE,prefix=NONE;suffix=Highway,AVAILABLE,NoveGeo 700-place corpus + tribes + governed person-name seeds,SHARED_REFERENCE,ACTIVE
NG-NAM-ROA-000549,Pearlstrand Junction,Pearlstrand Junction,ROAD,SOURCE_DERIVED,NGP-000549,Pearlstrand,PLACE,prefix=NONE;suffix=Junction,AVAILABLE,NoveGeo 700-place corpus + tribes + governed person-name seeds,SHARED_REFERENCE,ACTIVE
NG-NAM-ROA-000550,Suncove Crossing,Suncove Crossing,ROAD,SOURCE_DERIVED,NGP-000550,Suncove,PLACE,prefix=NONE;suffix=Crossing,AVAILABLE,NoveGeo 700-place corpus + tribes + governed person-name seeds,SHARED_REFERENCE,ACTIVE
NG-NAM-ROA-000551,Mistral Bay Road,Mistral Bay Road,ROAD,SOURCE_DERIVED,NGP-000551,Mistral Bay,PLACE,prefix=NONE;suffix=Road,AVAILABLE,NoveGeo 700-place corpus + tribes + governed person-name seeds,SHARED_REFERENCE,ACTIVE
NG-NAM-ROA-000552,Cliffhaven Street,Cliffhaven Street,ROAD,SOURCE_DERIVED,NGP-000552,Cliffhaven,PLACE,prefix=NONE;suffix=Street,AVAILABLE,NoveGeo 700-place corpus + tribes + governed person-name seeds,SHARED_REFERENCE,ACTIVE
NG-NAM-ROA-000553,Coralstep Avenue,Coralstep Avenue,ROAD,SOURCE_DERIVED,NGP-000553,Coralstep,PLACE,prefix=NONE;suffix=Avenue,AVAILABLE,NoveGeo 700-place corpus + tribes + governed person-name seeds,SHARED_REFERENCE,ACTIVE
NG-NAM-ROA-000554,Windport Lane,Windport Lane,ROAD,SOURCE_DERIVED,NGP-000554,Windport,PLACE,prefix=NONE;suffix=Lane,AVAILABLE,NoveGeo 700-place corpus + tribes + governed person-name seeds,SHARED_REFERENCE,ACTIVE
NG-NAM-ROA-000555,White Dune Drive,White Dune Drive,ROAD,SOURCE_DERIVED,NGP-000555,White Dune,PLACE,prefix=NONE;suffix=Drive,AVAILABLE,NoveGeo 700-place corpus + tribes + governed person-name seeds,SHARED_REFERENCE,ACTIVE
NG-NAM-ROA-000556,Blue Cape Way,Blue Cape Way,ROAD,SOURCE_DERIVED,NGP-000556,Blue Cape,PLACE,prefix=NONE;suffix=Way,AVAILABLE,NoveGeo 700-place corpus + tribes + governed person-name seeds,SHARED_REFERENCE,ACTIVE
NG-NAM-ROA-000557,Coral Bay East Boulevard,Coral Bay East Boulevard,ROAD,SOURCE_DERIVED,NGP-000557,Coral Bay East,PLACE,prefix=NONE;suffix=Boulevard,AVAILABLE,NoveGeo 700-place corpus + tribes + governed person-name seeds,SHARED_REFERENCE,ACTIVE
NG-NAM-ROA-000558,Azura Point Highway,Azura Point Highway,ROAD,SOURCE_DERIVED,NGP-000558,Azura Point,PLACE,prefix=NONE;suffix=Highway,AVAILABLE,NoveGeo 700-place corpus + tribes + governed person-name seeds,SHARED_REFERENCE,ACTIVE
NG-NAM-ROA-000559,Reefline Junction,Reefline Junction,ROAD,SOURCE_DERIVED,NGP-000559,Reefline,PLACE,prefix=NONE;suffix=Junction,AVAILABLE,NoveGeo 700-place corpus + tribes + governed person-name seeds,SHARED_REFERENCE,ACTIVE
NG-NAM-ROA-000560,El-Maren South Crossing,El-Maren South Crossing,ROAD,SOURCE_DERIVED,NGP-000560,El-Maren South,PLACE,prefix=NONE;suffix=Crossing,AVAILABLE,NoveGeo 700-place corpus + tribes + governed person-name seeds,SHARED_REFERENCE,ACTIVE
NG-NAM-ROA-000561,Marenya Cross Road,Marenya Cross Road,ROAD,SOURCE_DERIVED,NGP-000561,Marenya Cross,PLACE,prefix=NONE;suffix=Road,AVAILABLE,NoveGeo 700-place corpus + tribes + governed person-name seeds,SHARED_REFERENCE,ACTIVE
NG-NAM-ROA-000562,Pearl Row Street,Pearl Row Street,ROAD,SOURCE_DERIVED,NGP-000562,Pearl Row,PLACE,prefix=NONE;suffix=Street,AVAILABLE,NoveGeo 700-place corpus + tribes + governed person-name seeds,SHARED_REFERENCE,ACTIVE
NG-NAM-ROA-000563,Seacliff Lower Avenue,Seacliff Lower Avenue,ROAD,SOURCE_DERIVED,NGP-000563,Seacliff Lower,PLACE,prefix=NONE;suffix=Avenue,AVAILABLE,NoveGeo 700-place corpus + tribes + governed person-name seeds,SHARED_REFERENCE,ACTIVE
NG-NAM-ROA-000564,Windport Gate Lane,Windport Gate Lane,ROAD,SOURCE_DERIVED,NGP-000564,Windport Gate,PLACE,prefix=NONE;suffix=Lane,AVAILABLE,NoveGeo 700-place corpus + tribes + governed person-name seeds,SHARED_REFERENCE,ACTIVE
NG-NAM-ROA-000565,Blue Cape End Drive,Blue Cape End Drive,ROAD,SOURCE_DERIVED,NGP-000565,Blue Cape End,PLACE,prefix=NONE;suffix=Drive,AVAILABLE,NoveGeo 700-place corpus + tribes + governed person-name seeds,SHARED_REFERENCE,ACTIVE
NG-NAM-ROA-000566,Old Azura Way,Old Azura Way,ROAD,SOURCE_DERIVED,NGP-000566,Old Azura,PLACE,prefix=NONE;suffix=Way,AVAILABLE,NoveGeo 700-place corpus + tribes + governed person-name seeds,SHARED_REFERENCE,ACTIVE
NG-NAM-ROA-000567,Azura Cove Boulevard,Azura Cove Boulevard,ROAD,SOURCE_DERIVED,NGP-000567,Azura Cove,PLACE,prefix=NONE;suffix=Boulevard,AVAILABLE,NoveGeo 700-place corpus + tribes + governed person-name seeds,SHARED_REFERENCE,ACTIVE
NG-NAM-ROA-000568,Upper Lysaven Highway,Upper Lysaven Highway,ROAD,SOURCE_DERIVED,NGP-000568,Upper Lysaven,PLACE,prefix=NONE;suffix=Highway,AVAILABLE,NoveGeo 700-place corpus + tribes + governed person-name seeds,SHARED_REFERENCE,ACTIVE
NG-NAM-ROA-000569,Lysaven Beach Junction,Lysaven Beach Junction,ROAD,SOURCE_DERIVED,NGP-000569,Lysaven Beach,PLACE,prefix=NONE;suffix=Junction,AVAILABLE,NoveGeo 700-place corpus + tribes + governed person-name seeds,SHARED_REFERENCE,ACTIVE
NG-NAM-ROA-000570,East Reefcross Crossing,East Reefcross Crossing,ROAD,SOURCE_DERIVED,NGP-000570,East Reefcross,PLACE,prefix=NONE;suffix=Crossing,AVAILABLE,NoveGeo 700-place corpus + tribes + governed person-name seeds,SHARED_REFERENCE,ACTIVE
NG-NAM-ROA-000571,Reefcross Palm Road,Reefcross Palm Road,ROAD,SOURCE_DERIVED,NGP-000571,Reefcross Palm,PLACE,prefix=NONE;suffix=Road,AVAILABLE,NoveGeo 700-place corpus + tribes + governed person-name seeds,SHARED_REFERENCE,ACTIVE
NG-NAM-ROA-000572,Lower Bellamar Street,Lower Bellamar Street,ROAD,SOURCE_DERIVED,NGP-000572,Lower Bellamar,PLACE,prefix=NONE;suffix=Street,AVAILABLE,NoveGeo 700-place corpus + tribes + governed person-name seeds,SHARED_REFERENCE,ACTIVE
NG-NAM-ROA-000573,Bellamar Creek Avenue,Bellamar Creek Avenue,ROAD,SOURCE_DERIVED,NGP-000573,Bellamar Creek,PLACE,prefix=NONE;suffix=Avenue,AVAILABLE,NoveGeo 700-place corpus + tribes + governed person-name seeds,SHARED_REFERENCE,ACTIVE
NG-NAM-ROA-000574,South Seaglass Lane,South Seaglass Lane,ROAD,SOURCE_DERIVED,NGP-000574,South Seaglass,PLACE,prefix=NONE;suffix=Lane,AVAILABLE,NoveGeo 700-place corpus + tribes + governed person-name seeds,SHARED_REFERENCE,ACTIVE
NG-NAM-ROA-000575,Seaglass Point Drive,Seaglass Point Drive,ROAD,SOURCE_DERIVED,NGP-000575,Seaglass Point,PLACE,prefix=NONE;suffix=Drive,AVAILABLE,NoveGeo 700-place corpus + tribes + governed person-name seeds,SHARED_REFERENCE,ACTIVE
NG-NAM-ROA-000576,Marenya Strand Way,Marenya Strand Way,ROAD,SOURCE_DERIVED,NGP-000576,Marenya Strand,PLACE,prefix=NONE;suffix=Way,AVAILABLE,NoveGeo 700-place corpus + tribes + governed person-name seeds,SHARED_REFERENCE,ACTIVE
NG-NAM-ROA-000577,Marenya Reef Boulevard,Marenya Reef Boulevard,ROAD,SOURCE_DERIVED,NGP-000577,Marenya Reef,PLACE,prefix=NONE;suffix=Boulevard,AVAILABLE,NoveGeo 700-place corpus + tribes + governed person-name seeds,SHARED_REFERENCE,ACTIVE
NG-NAM-ROA-000578,North Marenza Highway,North Marenza Highway,ROAD,SOURCE_DERIVED,NGP-000578,North Marenza,PLACE,prefix=NONE;suffix=Highway,AVAILABLE,NoveGeo 700-place corpus + tribes + governed person-name seeds,SHARED_REFERENCE,ACTIVE
NG-NAM-ROA-000579,Marenza Bay Junction,Marenza Bay Junction,ROAD,SOURCE_DERIVED,NGP-000579,Marenza Bay,PLACE,prefix=NONE;suffix=Junction,AVAILABLE,NoveGeo 700-place corpus + tribes + governed person-name seeds,SHARED_REFERENCE,ACTIVE
NG-NAM-ROA-000580,Pearlstrand Lagoon Crossing,Pearlstrand Lagoon Crossing,ROAD,SOURCE_DERIVED,NGP-000580,Pearlstrand Lagoon,PLACE,prefix=NONE;suffix=Crossing,AVAILABLE,NoveGeo 700-place corpus + tribes + governed person-name seeds,SHARED_REFERENCE,ACTIVE
NG-NAM-ROA-000581,Pearlstrand Walk Road,Pearlstrand Walk Road,ROAD,SOURCE_DERIVED,NGP-000581,Pearlstrand Walk,PLACE,prefix=NONE;suffix=Road,AVAILABLE,NoveGeo 700-place corpus + tribes + governed person-name seeds,SHARED_REFERENCE,ACTIVE
NG-NAM-ROA-000582,West Suncove Street,West Suncove Street,ROAD,SOURCE_DERIVED,NGP-000582,West Suncove,PLACE,prefix=NONE;suffix=Street,AVAILABLE,NoveGeo 700-place corpus + tribes + governed person-name seeds,SHARED_REFERENCE,ACTIVE
NG-NAM-ROA-000583,Suncove Shore Avenue,Suncove Shore Avenue,ROAD,SOURCE_DERIVED,NGP-000583,Suncove Shore,PLACE,prefix=NONE;suffix=Avenue,AVAILABLE,NoveGeo 700-place corpus + tribes + governed person-name seeds,SHARED_REFERENCE,ACTIVE
NG-NAM-ROA-000584,Mistral Bay Dune Lane,Mistral Bay Dune Lane,ROAD,SOURCE_DERIVED,NGP-000584,Mistral Bay Dune,PLACE,prefix=NONE;suffix=Lane,AVAILABLE,NoveGeo 700-place corpus + tribes + governed person-name seeds,SHARED_REFERENCE,ACTIVE
NG-NAM-ROA-000585,Mistral Bay Harbour Drive,Mistral Bay Harbour Drive,ROAD,SOURCE_DERIVED,NGP-000585,Mistral Bay Harbour,PLACE,prefix=NONE;suffix=Drive,AVAILABLE,NoveGeo 700-place corpus + tribes + governed person-name seeds,SHARED_REFERENCE,ACTIVE
NG-NAM-ROA-000586,Old Cliffhaven Way,Old Cliffhaven Way,ROAD,SOURCE_DERIVED,NGP-000586,Old Cliffhaven,PLACE,prefix=NONE;suffix=Way,AVAILABLE,NoveGeo 700-place corpus + tribes + governed person-name seeds,SHARED_REFERENCE,ACTIVE
NG-NAM-ROA-000587,Cliffhaven Cape Boulevard,Cliffhaven Cape Boulevard,ROAD,SOURCE_DERIVED,NGP-000587,Cliffhaven Cape,PLACE,prefix=NONE;suffix=Boulevard,AVAILABLE,NoveGeo 700-place corpus + tribes + governed person-name seeds,SHARED_REFERENCE,ACTIVE
NG-NAM-ROA-000588,Coralstep Coral Highway,Coralstep Coral Highway,ROAD,SOURCE_DERIVED,NGP-000588,Coralstep Coral,PLACE,prefix=NONE;suffix=Highway,AVAILABLE,NoveGeo 700-place corpus + tribes + governed person-name seeds,SHARED_REFERENCE,ACTIVE
NG-NAM-ROA-000589,Coralstep Rest Junction,Coralstep Rest Junction,ROAD,SOURCE_DERIVED,NGP-000589,Coralstep Rest,PLACE,prefix=NONE;suffix=Junction,AVAILABLE,NoveGeo 700-place corpus + tribes + governed person-name seeds,SHARED_REFERENCE,ACTIVE
NG-NAM-ROA-000590,Upper Windport Crossing,Upper Windport Crossing,ROAD,SOURCE_DERIVED,NGP-000590,Upper Windport,PLACE,prefix=NONE;suffix=Crossing,AVAILABLE,NoveGeo 700-place corpus + tribes + governed person-name seeds,SHARED_REFERENCE,ACTIVE
NG-NAM-ROA-000591,Windport Cliff Road,Windport Cliff Road,ROAD,SOURCE_DERIVED,NGP-000591,Windport Cliff,PLACE,prefix=NONE;suffix=Road,AVAILABLE,NoveGeo 700-place corpus + tribes + governed person-name seeds,SHARED_REFERENCE,ACTIVE
NG-NAM-ROA-000592,White Dune Wind Street,White Dune Wind Street,ROAD,SOURCE_DERIVED,NGP-000592,White Dune Wind,PLACE,prefix=NONE;suffix=Street,AVAILABLE,NoveGeo 700-place corpus + tribes + governed person-name seeds,SHARED_REFERENCE,ACTIVE
NG-NAM-ROA-000593,White Dune Terrace Avenue,White Dune Terrace Avenue,ROAD,SOURCE_DERIVED,NGP-000593,White Dune Terrace,PLACE,prefix=NONE;suffix=Avenue,AVAILABLE,NoveGeo 700-place corpus + tribes + governed person-name seeds,SHARED_REFERENCE,ACTIVE
NG-NAM-ROA-000594,Blue Cape Sail Lane,Blue Cape Sail Lane,ROAD,SOURCE_DERIVED,NGP-000594,Blue Cape Sail,PLACE,prefix=NONE;suffix=Lane,AVAILABLE,NoveGeo 700-place corpus + tribes + governed person-name seeds,SHARED_REFERENCE,ACTIVE
NG-NAM-ROA-000595,Blue Cape Sands Drive,Blue Cape Sands Drive,ROAD,SOURCE_DERIVED,NGP-000595,Blue Cape Sands,PLACE,prefix=NONE;suffix=Drive,AVAILABLE,NoveGeo 700-place corpus + tribes + governed person-name seeds,SHARED_REFERENCE,ACTIVE
NG-NAM-ROA-000596,Palm Basket Way,Palm Basket Way,ROAD,SOURCE_DERIVED,NGP-000596,Palm Basket,PLACE,prefix=NONE;suffix=Way,AVAILABLE,NoveGeo 700-place corpus + tribes + governed person-name seeds,SHARED_REFERENCE,ACTIVE
NG-NAM-ROA-000597,Coral Market Boulevard,Coral Market Boulevard,ROAD,SOURCE_DERIVED,NGP-000597,Coral Market,PLACE,prefix=NONE;suffix=Boulevard,AVAILABLE,NoveGeo 700-place corpus + tribes + governed person-name seeds,SHARED_REFERENCE,ACTIVE
NG-NAM-ROA-000598,Tide Cross Highway,Tide Cross Highway,ROAD,SOURCE_DERIVED,NGP-000598,Tide Cross,PLACE,prefix=NONE;suffix=Highway,AVAILABLE,NoveGeo 700-place corpus + tribes + governed person-name seeds,SHARED_REFERENCE,ACTIVE
NG-NAM-ROA-000599,Pearl Exchange Junction,Pearl Exchange Junction,ROAD,SOURCE_DERIVED,NGP-000599,Pearl Exchange,PLACE,prefix=NONE;suffix=Junction,AVAILABLE,NoveGeo 700-place corpus + tribes + governed person-name seeds,SHARED_REFERENCE,ACTIVE
NG-NAM-ROA-000600,Sailmakers' Gate Crossing,Sailmakers' Gate Crossing,ROAD,SOURCE_DERIVED,NGP-000600,Sailmakers' Gate,PLACE,prefix=NONE;suffix=Crossing,AVAILABLE,NoveGeo 700-place corpus + tribes + governed person-name seeds,SHARED_REFERENCE,ACTIVE
NG-NAM-ROA-000601,BlueHarbor Trade Park Road,BlueHarbor Trade Park Road,ROAD,SOURCE_DERIVED,NGP-000601,BlueHarbor Trade Park,PLACE,prefix=NONE;suffix=Road,AVAILABLE,NoveGeo 700-place corpus + tribes + governed person-name seeds,SHARED_REFERENCE,ACTIVE
NG-NAM-ROA-000602,Coral Foods Estate Street,Coral Foods Estate Street,ROAD,SOURCE_DERIVED,NGP-000602,Coral Foods Estate,PLACE,prefix=NONE;suffix=Street,AVAILABLE,NoveGeo 700-place corpus + tribes + governed person-name seeds,SHARED_REFERENCE,ACTIVE
NG-NAM-ROA-000603,Merava Bay Avenue,Merava Bay Avenue,ROAD,SOURCE_DERIVED,NGP-000603,Merava Bay,PLACE,prefix=NONE;suffix=Avenue,AVAILABLE,NoveGeo 700-place corpus + tribes + governed person-name seeds,SHARED_REFERENCE,ACTIVE
NG-NAM-ROA-000604,Azure Palms Lane,Azure Palms Lane,ROAD,SOURCE_DERIVED,NGP-000604,Azure Palms,PLACE,prefix=NONE;suffix=Lane,AVAILABLE,NoveGeo 700-place corpus + tribes + governed person-name seeds,SHARED_REFERENCE,ACTIVE
NG-NAM-ROA-000605,Crescent Reef Drive,Crescent Reef Drive,ROAD,SOURCE_DERIVED,NGP-000605,Crescent Reef,PLACE,prefix=NONE;suffix=Drive,AVAILABLE,NoveGeo 700-place corpus + tribes + governed person-name seeds,SHARED_REFERENCE,ACTIVE
NG-NAM-ROA-000606,Lysara Key Way,Lysara Key Way,ROAD,SOURCE_DERIVED,NGP-000606,Lysara Key,PLACE,prefix=NONE;suffix=Way,AVAILABLE,NoveGeo 700-place corpus + tribes + governed person-name seeds,SHARED_REFERENCE,ACTIVE
NG-NAM-ROA-000607,Bellamar Isle Boulevard,Bellamar Isle Boulevard,ROAD,SOURCE_DERIVED,NGP-000607,Bellamar Isle,PLACE,prefix=NONE;suffix=Boulevard,AVAILABLE,NoveGeo 700-place corpus + tribes + governed person-name seeds,SHARED_REFERENCE,ACTIVE
NG-NAM-ROA-000608,White Sail Island Highway,White Sail Island Highway,ROAD,SOURCE_DERIVED,NGP-000608,White Sail Island,PLACE,prefix=NONE;suffix=Highway,AVAILABLE,NoveGeo 700-place corpus + tribes + governed person-name seeds,SHARED_REFERENCE,ACTIVE
NG-NAM-ROA-000609,Port Meridian Junction,Port Meridian Junction,ROAD,SOURCE_DERIVED,NGP-000609,Port Meridian,PLACE,prefix=NONE;suffix=Junction,AVAILABLE,NoveGeo 700-place corpus + tribes + governed person-name seeds,SHARED_REFERENCE,ACTIVE
NG-NAM-ROA-000610,Sabarin Crossing,Sabarin Crossing,ROAD,SOURCE_DERIVED,NGP-000610,Sabarin,PLACE,prefix=NONE;suffix=Crossing,AVAILABLE,NoveGeo 700-place corpus + tribes + governed person-name seeds,SHARED_REFERENCE,ACTIVE
NG-NAM-ROA-000611,Tidecross Road,Tidecross Road,ROAD,SOURCE_DERIVED,NGP-000611,Tidecross,PLACE,prefix=NONE;suffix=Road,AVAILABLE,NoveGeo 700-place corpus + tribes + governed person-name seeds,SHARED_REFERENCE,ACTIVE
NG-NAM-ROA-000612,New Moriah Street,New Moriah Street,ROAD,SOURCE_DERIVED,NGP-000612,New Moriah,PLACE,prefix=NONE;suffix=Street,AVAILABLE,NoveGeo 700-place corpus + tribes + governed person-name seeds,SHARED_REFERENCE,ACTIVE
NG-NAM-ROA-000613,Meridian Central Avenue,Meridian Central Avenue,ROAD,SOURCE_DERIVED,NGP-000613,Meridian Central,PLACE,prefix=NONE;suffix=Avenue,AVAILABLE,NoveGeo 700-place corpus + tribes + governed person-name seeds,SHARED_REFERENCE,ACTIVE
NG-NAM-ROA-000614,Docklands Lane,Docklands Lane,ROAD,SOURCE_DERIVED,NGP-000614,Docklands,PLACE,prefix=NONE;suffix=Lane,AVAILABLE,NoveGeo 700-place corpus + tribes + governed person-name seeds,SHARED_REFERENCE,ACTIVE
NG-NAM-ROA-000615,Customs Quarter Drive,Customs Quarter Drive,ROAD,SOURCE_DERIVED,NGP-000615,Customs Quarter,PLACE,prefix=NONE;suffix=Drive,AVAILABLE,NoveGeo 700-place corpus + tribes + governed person-name seeds,SHARED_REFERENCE,ACTIVE
NG-NAM-ROA-000616,Gulf Exchange Way,Gulf Exchange Way,ROAD,SOURCE_DERIVED,NGP-000616,Gulf Exchange,PLACE,prefix=NONE;suffix=Way,AVAILABLE,NoveGeo 700-place corpus + tribes + governed person-name seeds,SHARED_REFERENCE,ACTIVE
NG-NAM-ROA-000617,Old Shipyard Boulevard,Old Shipyard Boulevard,ROAD,SOURCE_DERIVED,NGP-000617,Old Shipyard,PLACE,prefix=NONE;suffix=Boulevard,AVAILABLE,NoveGeo 700-place corpus + tribes + governed person-name seeds,SHARED_REFERENCE,ACTIVE
NG-NAM-ROA-000618,Freeport Ward Highway,Freeport Ward Highway,ROAD,SOURCE_DERIVED,NGP-000618,Freeport Ward,PLACE,prefix=NONE;suffix=Highway,AVAILABLE,NoveGeo 700-place corpus + tribes + governed person-name seeds,SHARED_REFERENCE,ACTIVE
NG-NAM-ROA-000619,Harbor Nine Junction,Harbor Nine Junction,ROAD,SOURCE_DERIVED,NGP-000619,Harbor Nine,PLACE,prefix=NONE;suffix=Junction,AVAILABLE,NoveGeo 700-place corpus + tribes + governed person-name seeds,SHARED_REFERENCE,ACTIVE
NG-NAM-ROA-000620,East Terminal Crossing,East Terminal Crossing,ROAD,SOURCE_DERIVED,NGP-000620,East Terminal,PLACE,prefix=NONE;suffix=Crossing,AVAILABLE,NoveGeo 700-place corpus + tribes + governed person-name seeds,SHARED_REFERENCE,ACTIVE
NG-NAM-ROA-000621,Sabarin Heights Road,Sabarin Heights Road,ROAD,SOURCE_DERIVED,NGP-000621,Sabarin Heights,PLACE,prefix=NONE;suffix=Road,AVAILABLE,NoveGeo 700-place corpus + tribes + governed person-name seeds,SHARED_REFERENCE,ACTIVE
NG-NAM-ROA-000622,Anchor Park Street,Anchor Park Street,ROAD,SOURCE_DERIVED,NGP-000622,Anchor Park,PLACE,prefix=NONE;suffix=Street,AVAILABLE,NoveGeo 700-place corpus + tribes + governed person-name seeds,SHARED_REFERENCE,ACTIVE
NG-NAM-ROA-000623,Tidegate Avenue,Tidegate Avenue,ROAD,SOURCE_DERIVED,NGP-000623,Tidegate,PLACE,prefix=NONE;suffix=Avenue,AVAILABLE,NoveGeo 700-place corpus + tribes + governed person-name seeds,SHARED_REFERENCE,ACTIVE
NG-NAM-ROA-000624,New Lisbon Lane,New Lisbon Lane,ROAD,SOURCE_DERIVED,NGP-000624,New Lisbon,PLACE,prefix=NONE;suffix=Lane,AVAILABLE,NoveGeo 700-place corpus + tribes + governed person-name seeds,SHARED_REFERENCE,ACTIVE
NG-NAM-ROA-000625,Mariner's Rest Drive,Mariner's Rest Drive,ROAD,SOURCE_DERIVED,NGP-000625,Mariner's Rest,PLACE,prefix=NONE;suffix=Drive,AVAILABLE,NoveGeo 700-place corpus + tribes + governed person-name seeds,SHARED_REFERENCE,ACTIVE
NG-NAM-ROA-000626,Saltmeadow Way,Saltmeadow Way,ROAD,SOURCE_DERIVED,NGP-000626,Saltmeadow,PLACE,prefix=NONE;suffix=Way,AVAILABLE,NoveGeo 700-place corpus + tribes + governed person-name seeds,SHARED_REFERENCE,ACTIVE
NG-NAM-ROA-000627,Moriah Gardens Boulevard,Moriah Gardens Boulevard,ROAD,SOURCE_DERIVED,NGP-000627,Moriah Gardens,PLACE,prefix=NONE;suffix=Boulevard,AVAILABLE,NoveGeo 700-place corpus + tribes + governed person-name seeds,SHARED_REFERENCE,ACTIVE
NG-NAM-ROA-000628,Southpoint Highway,Southpoint Highway,ROAD,SOURCE_DERIVED,NGP-000628,Southpoint,PLACE,prefix=NONE;suffix=Highway,AVAILABLE,NoveGeo 700-place corpus + tribes + governed person-name seeds,SHARED_REFERENCE,ACTIVE
NG-NAM-ROA-000629,Pelican Bay Junction,Pelican Bay Junction,ROAD,SOURCE_DERIVED,NGP-000629,Pelican Bay,PLACE,prefix=NONE;suffix=Junction,AVAILABLE,NoveGeo 700-place corpus + tribes + governed person-name seeds,SHARED_REFERENCE,ACTIVE
NG-NAM-ROA-000630,Trosshaven Crossing,Trosshaven Crossing,ROAD,SOURCE_DERIVED,NGP-000630,Trosshaven,PLACE,prefix=NONE;suffix=Crossing,AVAILABLE,NoveGeo 700-place corpus + tribes + governed person-name seeds,SHARED_REFERENCE,ACTIVE
NG-NAM-ROA-000631,Beacon Ridge Road,Beacon Ridge Road,ROAD,SOURCE_DERIVED,NGP-000631,Beacon Ridge,PLACE,prefix=NONE;suffix=Road,AVAILABLE,NoveGeo 700-place corpus + tribes + governed person-name seeds,SHARED_REFERENCE,ACTIVE
NG-NAM-ROA-000632,Estuary View Street,Estuary View Street,ROAD,SOURCE_DERIVED,NGP-000632,Estuary View,PLACE,prefix=NONE;suffix=Street,AVAILABLE,NoveGeo 700-place corpus + tribes + governed person-name seeds,SHARED_REFERENCE,ACTIVE
NG-NAM-ROA-000633,Sabara Avenue,Sabara Avenue,ROAD,SOURCE_DERIVED,NGP-000633,Sabara,PLACE,prefix=NONE;suffix=Avenue,AVAILABLE,NoveGeo 700-place corpus + tribes + governed person-name seeds,SHARED_REFERENCE,ACTIVE
NG-NAM-ROA-000634,Sabhira Lane,Sabhira Lane,ROAD,SOURCE_DERIVED,NGP-000634,Sabhira,PLACE,prefix=NONE;suffix=Lane,AVAILABLE,NoveGeo 700-place corpus + tribes + governed person-name seeds,SHARED_REFERENCE,ACTIVE
NG-NAM-ROA-000635,Gulfstone Drive,Gulfstone Drive,ROAD,SOURCE_DERIVED,NGP-000635,Gulfstone,PLACE,prefix=NONE;suffix=Drive,AVAILABLE,NoveGeo 700-place corpus + tribes + governed person-name seeds,SHARED_REFERENCE,ACTIVE
NG-NAM-ROA-000636,Moriah Port Way,Moriah Port Way,ROAD,SOURCE_DERIVED,NGP-000636,Moriah Port,PLACE,prefix=NONE;suffix=Way,AVAILABLE,NoveGeo 700-place corpus + tribes + governed person-name seeds,SHARED_REFERENCE,ACTIVE
NG-NAM-ROA-000637,Varekh Boulevard,Varekh Boulevard,ROAD,SOURCE_DERIVED,NGP-000637,Varekh,PLACE,prefix=NONE;suffix=Boulevard,AVAILABLE,NoveGeo 700-place corpus + tribes + governed person-name seeds,SHARED_REFERENCE,ACTIVE
NG-NAM-ROA-000638,Saltcross Highway,Saltcross Highway,ROAD,SOURCE_DERIVED,NGP-000638,Saltcross,PLACE,prefix=NONE;suffix=Highway,AVAILABLE,NoveGeo 700-place corpus + tribes + governed person-name seeds,SHARED_REFERENCE,ACTIVE
NG-NAM-ROA-000639,Estuary Ford Junction,Estuary Ford Junction,ROAD,SOURCE_DERIVED,NGP-000639,Estuary Ford,PLACE,prefix=NONE;suffix=Junction,AVAILABLE,NoveGeo 700-place corpus + tribes + governed person-name seeds,SHARED_REFERENCE,ACTIVE
NG-NAM-ROA-000640,Tidelock Crossing,Tidelock Crossing,ROAD,SOURCE_DERIVED,NGP-000640,Tidelock,PLACE,prefix=NONE;suffix=Crossing,AVAILABLE,NoveGeo 700-place corpus + tribes + governed person-name seeds,SHARED_REFERENCE,ACTIVE
NG-NAM-ROA-000641,Cormorant Bay Road,Cormorant Bay Road,ROAD,SOURCE_DERIVED,NGP-000641,Cormorant Bay,PLACE,prefix=NONE;suffix=Road,AVAILABLE,NoveGeo 700-place corpus + tribes + governed person-name seeds,SHARED_REFERENCE,ACTIVE
NG-NAM-ROA-000642,Mangrove End Street,Mangrove End Street,ROAD,SOURCE_DERIVED,NGP-000642,Mangrove End,PLACE,prefix=NONE;suffix=Street,AVAILABLE,NoveGeo 700-place corpus + tribes + governed person-name seeds,SHARED_REFERENCE,ACTIVE
NG-NAM-ROA-000643,El Mora Avenue,El Mora Avenue,ROAD,SOURCE_DERIVED,NGP-000643,El Mora,PLACE,prefix=NONE;suffix=Avenue,AVAILABLE,NoveGeo 700-place corpus + tribes + governed person-name seeds,SHARED_REFERENCE,ACTIVE
NG-NAM-ROA-000644,Trossport Lane,Trossport Lane,ROAD,SOURCE_DERIVED,NGP-000644,Trossport,PLACE,prefix=NONE;suffix=Lane,AVAILABLE,NoveGeo 700-place corpus + tribes + governed person-name seeds,SHARED_REFERENCE,ACTIVE
NG-NAM-ROA-000645,Varnmouth Drive,Varnmouth Drive,ROAD,SOURCE_DERIVED,NGP-000645,Varnmouth,PLACE,prefix=NONE;suffix=Drive,AVAILABLE,NoveGeo 700-place corpus + tribes + governed person-name seeds,SHARED_REFERENCE,ACTIVE
NG-NAM-ROA-000646,Beacon Wells Way,Beacon Wells Way,ROAD,SOURCE_DERIVED,NGP-000646,Beacon Wells,PLACE,prefix=NONE;suffix=Way,AVAILABLE,NoveGeo 700-place corpus + tribes + governed person-name seeds,SHARED_REFERENCE,ACTIVE
NG-NAM-ROA-000647,Crescent Gulf Boulevard,Crescent Gulf Boulevard,ROAD,SOURCE_DERIVED,NGP-000647,Crescent Gulf,PLACE,prefix=NONE;suffix=Boulevard,AVAILABLE,NoveGeo 700-place corpus + tribes + governed person-name seeds,SHARED_REFERENCE,ACTIVE
NG-NAM-ROA-000648,Sabarin East Highway,Sabarin East Highway,ROAD,SOURCE_DERIVED,NGP-000648,Sabarin East,PLACE,prefix=NONE;suffix=Highway,AVAILABLE,NoveGeo 700-place corpus + tribes + governed person-name seeds,SHARED_REFERENCE,ACTIVE
NG-NAM-ROA-000649,Sabara Wharf Junction,Sabara Wharf Junction,ROAD,SOURCE_DERIVED,NGP-000649,Sabara Wharf,PLACE,prefix=NONE;suffix=Junction,AVAILABLE,NoveGeo 700-place corpus + tribes + governed person-name seeds,SHARED_REFERENCE,ACTIVE
NG-NAM-ROA-000650,Gulf Junction Crossing,Gulf Junction Crossing,ROAD,SOURCE_DERIVED,NGP-000650,Gulf Junction,PLACE,prefix=NONE;suffix=Crossing,AVAILABLE,NoveGeo 700-place corpus + tribes + governed person-name seeds,SHARED_REFERENCE,ACTIVE
NG-NAM-ROA-000651,Tidecross South Road,Tidecross South Road,ROAD,SOURCE_DERIVED,NGP-000651,Tidecross South,PLACE,prefix=NONE;suffix=Road,AVAILABLE,NoveGeo 700-place corpus + tribes + governed person-name seeds,SHARED_REFERENCE,ACTIVE
NG-NAM-ROA-000652,Tidelock Row Street,Tidelock Row Street,ROAD,SOURCE_DERIVED,NGP-000652,Tidelock Row,PLACE,prefix=NONE;suffix=Street,AVAILABLE,NoveGeo 700-place corpus + tribes + governed person-name seeds,SHARED_REFERENCE,ACTIVE
NG-NAM-ROA-000653,Mangrove Gate Avenue,Mangrove Gate Avenue,ROAD,SOURCE_DERIVED,NGP-000653,Mangrove Gate,PLACE,prefix=NONE;suffix=Avenue,AVAILABLE,NoveGeo 700-place corpus + tribes + governed person-name seeds,SHARED_REFERENCE,ACTIVE
NG-NAM-ROA-000654,New Moriah North Lane,New Moriah North Lane,ROAD,SOURCE_DERIVED,NGP-000654,New Moriah North,PLACE,prefix=NONE;suffix=Lane,AVAILABLE,NoveGeo 700-place corpus + tribes + governed person-name seeds,SHARED_REFERENCE,ACTIVE
NG-NAM-ROA-000655,Tross Line Drive,Tross Line Drive,ROAD,SOURCE_DERIVED,NGP-000655,Tross Line,PLACE,prefix=NONE;suffix=Drive,AVAILABLE,NoveGeo 700-place corpus + tribes + governed person-name seeds,SHARED_REFERENCE,ACTIVE
NG-NAM-ROA-000656,Beacon Cross Way,Beacon Cross Way,ROAD,SOURCE_DERIVED,NGP-000656,Beacon Cross,PLACE,prefix=NONE;suffix=Way,AVAILABLE,NoveGeo 700-place corpus + tribes + governed person-name seeds,SHARED_REFERENCE,ACTIVE
NG-NAM-ROA-000657,Old Sabara Boulevard,Old Sabara Boulevard,ROAD,SOURCE_DERIVED,NGP-000657,Old Sabara,PLACE,prefix=NONE;suffix=Boulevard,AVAILABLE,NoveGeo 700-place corpus + tribes + governed person-name seeds,SHARED_REFERENCE,ACTIVE
NG-NAM-ROA-000658,Sabara Quay Highway,Sabara Quay Highway,ROAD,SOURCE_DERIVED,NGP-000658,Sabara Quay,PLACE,prefix=NONE;suffix=Highway,AVAILABLE,NoveGeo 700-place corpus + tribes + governed person-name seeds,SHARED_REFERENCE,ACTIVE
NG-NAM-ROA-000659,Upper Sabhira Junction,Upper Sabhira Junction,ROAD,SOURCE_DERIVED,NGP-000659,Upper Sabhira,PLACE,prefix=NONE;suffix=Junction,AVAILABLE,NoveGeo 700-place corpus + tribes + governed person-name seeds,SHARED_REFERENCE,ACTIVE
NG-NAM-ROA-000660,Sabhira Creek Crossing,Sabhira Creek Crossing,ROAD,SOURCE_DERIVED,NGP-000660,Sabhira Creek,PLACE,prefix=NONE;suffix=Crossing,AVAILABLE,NoveGeo 700-place corpus + tribes + governed person-name seeds,SHARED_REFERENCE,ACTIVE
NG-NAM-ROA-000661,East Gulfstone Road,East Gulfstone Road,ROAD,SOURCE_DERIVED,NGP-000661,East Gulfstone,PLACE,prefix=NONE;suffix=Road,AVAILABLE,NoveGeo 700-place corpus + tribes + governed person-name seeds,SHARED_REFERENCE,ACTIVE
NG-NAM-ROA-000662,Gulfstone Reach Street,Gulfstone Reach Street,ROAD,SOURCE_DERIVED,NGP-000662,Gulfstone Reach,PLACE,prefix=NONE;suffix=Street,AVAILABLE,NoveGeo 700-place corpus + tribes + governed person-name seeds,SHARED_REFERENCE,ACTIVE
NG-NAM-ROA-000663,Lower Moriah Port Avenue,Lower Moriah Port Avenue,ROAD,SOURCE_DERIVED,NGP-000663,Lower Moriah Port,PLACE,prefix=NONE;suffix=Avenue,AVAILABLE,NoveGeo 700-place corpus + tribes + governed person-name seeds,SHARED_REFERENCE,ACTIVE
NG-NAM-ROA-000664,Moriah Port Salt Lane,Moriah Port Salt Lane,ROAD,SOURCE_DERIVED,NGP-000664,Moriah Port Salt,PLACE,prefix=NONE;suffix=Lane,AVAILABLE,NoveGeo 700-place corpus + tribes + governed person-name seeds,SHARED_REFERENCE,ACTIVE
NG-NAM-ROA-000665,South Varekh Drive,South Varekh Drive,ROAD,SOURCE_DERIVED,NGP-000665,South Varekh,PLACE,prefix=NONE;suffix=Drive,AVAILABLE,NoveGeo 700-place corpus + tribes + governed person-name seeds,SHARED_REFERENCE,ACTIVE
NG-NAM-ROA-000666,Varekh Point Way,Varekh Point Way,ROAD,SOURCE_DERIVED,NGP-000666,Varekh Point,PLACE,prefix=NONE;suffix=Way,AVAILABLE,NoveGeo 700-place corpus + tribes + governed person-name seeds,SHARED_REFERENCE,ACTIVE
NG-NAM-ROA-000667,Saltcross Dock Boulevard,Saltcross Dock Boulevard,ROAD,SOURCE_DERIVED,NGP-000667,Saltcross Dock,PLACE,prefix=NONE;suffix=Boulevard,AVAILABLE,NoveGeo 700-place corpus + tribes + governed person-name seeds,SHARED_REFERENCE,ACTIVE
NG-NAM-ROA-000668,Saltcross Flats Highway,Saltcross Flats Highway,ROAD,SOURCE_DERIVED,NGP-000668,Saltcross Flats,PLACE,prefix=NONE;suffix=Highway,AVAILABLE,NoveGeo 700-place corpus + tribes + governed person-name seeds,SHARED_REFERENCE,ACTIVE
NG-NAM-ROA-000669,North Estuary Ford Junction,North Estuary Ford Junction,ROAD,SOURCE_DERIVED,NGP-000669,North Estuary Ford,PLACE,prefix=NONE;suffix=Junction,AVAILABLE,NoveGeo 700-place corpus + tribes + governed person-name seeds,SHARED_REFERENCE,ACTIVE
NG-NAM-ROA-000670,Estuary Ford Estuary Crossing,Estuary Ford Estuary Crossing,ROAD,SOURCE_DERIVED,NGP-000670,Estuary Ford Estuary,PLACE,prefix=NONE;suffix=Crossing,AVAILABLE,NoveGeo 700-place corpus + tribes + governed person-name seeds,SHARED_REFERENCE,ACTIVE
NG-NAM-ROA-000671,Tidelock Lock Road,Tidelock Lock Road,ROAD,SOURCE_DERIVED,NGP-000671,Tidelock Lock,PLACE,prefix=NONE;suffix=Road,AVAILABLE,NoveGeo 700-place corpus + tribes + governed person-name seeds,SHARED_REFERENCE,ACTIVE
NG-NAM-ROA-000672,Tidelock Bank Street,Tidelock Bank Street,ROAD,SOURCE_DERIVED,NGP-000672,Tidelock Bank,PLACE,prefix=NONE;suffix=Street,AVAILABLE,NoveGeo 700-place corpus + tribes + governed person-name seeds,SHARED_REFERENCE,ACTIVE
NG-NAM-ROA-000673,West Cormorant Bay Avenue,West Cormorant Bay Avenue,ROAD,SOURCE_DERIVED,NGP-000673,West Cormorant Bay,PLACE,prefix=NONE;suffix=Avenue,AVAILABLE,NoveGeo 700-place corpus + tribes + governed person-name seeds,SHARED_REFERENCE,ACTIVE
NG-NAM-ROA-000674,Cormorant Bay Mangrove Lane,Cormorant Bay Mangrove Lane,ROAD,SOURCE_DERIVED,NGP-000674,Cormorant Bay Mangrove,PLACE,prefix=NONE;suffix=Lane,AVAILABLE,NoveGeo 700-place corpus + tribes + governed person-name seeds,SHARED_REFERENCE,ACTIVE
NG-NAM-ROA-000675,Mangrove End Anchorage Drive,Mangrove End Anchorage Drive,ROAD,SOURCE_DERIVED,NGP-000675,Mangrove End Anchorage,PLACE,prefix=NONE;suffix=Drive,AVAILABLE,NoveGeo 700-place corpus + tribes + governed person-name seeds,SHARED_REFERENCE,ACTIVE
NG-NAM-ROA-000676,Mangrove End Bend Way,Mangrove End Bend Way,ROAD,SOURCE_DERIVED,NGP-000676,Mangrove End Bend,PLACE,prefix=NONE;suffix=Way,AVAILABLE,NoveGeo 700-place corpus + tribes + governed person-name seeds,SHARED_REFERENCE,ACTIVE
NG-NAM-ROA-000677,Old El Mora Boulevard,Old El Mora Boulevard,ROAD,SOURCE_DERIVED,NGP-000677,Old El Mora,PLACE,prefix=NONE;suffix=Boulevard,AVAILABLE,NoveGeo 700-place corpus + tribes + governed person-name seeds,SHARED_REFERENCE,ACTIVE
NG-NAM-ROA-000678,El Mora Gulf Highway,El Mora Gulf Highway,ROAD,SOURCE_DERIVED,NGP-000678,El Mora Gulf,PLACE,prefix=NONE;suffix=Highway,AVAILABLE,NoveGeo 700-place corpus + tribes + governed person-name seeds,SHARED_REFERENCE,ACTIVE
NG-NAM-ROA-000679,Trossport Jetty Junction,Trossport Jetty Junction,ROAD,SOURCE_DERIVED,NGP-000679,Trossport Jetty,PLACE,prefix=NONE;suffix=Junction,AVAILABLE,NoveGeo 700-place corpus + tribes + governed person-name seeds,SHARED_REFERENCE,ACTIVE
NG-NAM-ROA-000680,Trossport Inlet Crossing,Trossport Inlet Crossing,ROAD,SOURCE_DERIVED,NGP-000680,Trossport Inlet,PLACE,prefix=NONE;suffix=Crossing,AVAILABLE,NoveGeo 700-place corpus + tribes + governed person-name seeds,SHARED_REFERENCE,ACTIVE
NG-NAM-ROA-000681,Upper Varnmouth Road,Upper Varnmouth Road,ROAD,SOURCE_DERIVED,NGP-000681,Upper Varnmouth,PLACE,prefix=NONE;suffix=Road,AVAILABLE,NoveGeo 700-place corpus + tribes + governed person-name seeds,SHARED_REFERENCE,ACTIVE
NG-NAM-ROA-000682,Varnmouth Reach Street,Varnmouth Reach Street,ROAD,SOURCE_DERIVED,NGP-000682,Varnmouth Reach,PLACE,prefix=NONE;suffix=Street,AVAILABLE,NoveGeo 700-place corpus + tribes + governed person-name seeds,SHARED_REFERENCE,ACTIVE
NG-NAM-ROA-000683,Beacon Wells North Avenue,Beacon Wells North Avenue,ROAD,SOURCE_DERIVED,NGP-000683,Beacon Wells North,PLACE,prefix=NONE;suffix=Avenue,AVAILABLE,NoveGeo 700-place corpus + tribes + governed person-name seeds,SHARED_REFERENCE,ACTIVE
NG-NAM-ROA-000684,Beacon Wells Shore Lane,Beacon Wells Shore Lane,ROAD,SOURCE_DERIVED,NGP-000684,Beacon Wells Shore,PLACE,prefix=NONE;suffix=Lane,AVAILABLE,NoveGeo 700-place corpus + tribes + governed person-name seeds,SHARED_REFERENCE,ACTIVE
NG-NAM-ROA-000685,Crescent Gulf Sands Drive,Crescent Gulf Sands Drive,ROAD,SOURCE_DERIVED,NGP-000685,Crescent Gulf Sands,PLACE,prefix=NONE;suffix=Drive,AVAILABLE,NoveGeo 700-place corpus + tribes + governed person-name seeds,SHARED_REFERENCE,ACTIVE
NG-NAM-ROA-000686,Crescent Gulf Yard Way,Crescent Gulf Yard Way,ROAD,SOURCE_DERIVED,NGP-000686,Crescent Gulf Yard,PLACE,prefix=NONE;suffix=Way,AVAILABLE,NoveGeo 700-place corpus + tribes + governed person-name seeds,SHARED_REFERENCE,ACTIVE
NG-NAM-ROA-000687,Spice Basket Boulevard,Spice Basket Boulevard,ROAD,SOURCE_DERIVED,NGP-000687,Spice Basket,PLACE,prefix=NONE;suffix=Boulevard,AVAILABLE,NoveGeo 700-place corpus + tribes + governed person-name seeds,SHARED_REFERENCE,ACTIVE
NG-NAM-ROA-000688,Gulf Market Highway,Gulf Market Highway,ROAD,SOURCE_DERIVED,NGP-000688,Gulf Market,PLACE,prefix=NONE;suffix=Highway,AVAILABLE,NoveGeo 700-place corpus + tribes + governed person-name seeds,SHARED_REFERENCE,ACTIVE
NG-NAM-ROA-000689,Anchor Exchange Junction,Anchor Exchange Junction,ROAD,SOURCE_DERIVED,NGP-000689,Anchor Exchange,PLACE,prefix=NONE;suffix=Junction,AVAILABLE,NoveGeo 700-place corpus + tribes + governed person-name seeds,SHARED_REFERENCE,ACTIVE
NG-NAM-ROA-000690,Mangrove Cross Crossing,Mangrove Cross Crossing,ROAD,SOURCE_DERIVED,NGP-000690,Mangrove Cross,PLACE,prefix=NONE;suffix=Crossing,AVAILABLE,NoveGeo 700-place corpus + tribes + governed person-name seeds,SHARED_REFERENCE,ACTIVE
NG-NAM-ROA-000691,Customs Gate Road,Customs Gate Road,ROAD,SOURCE_DERIVED,NGP-000691,Customs Gate,PLACE,prefix=NONE;suffix=Road,AVAILABLE,NoveGeo 700-place corpus + tribes + governed person-name seeds,SHARED_REFERENCE,ACTIVE
NG-NAM-ROA-000692,Meridian Free Zone Street,Meridian Free Zone Street,ROAD,SOURCE_DERIVED,NGP-000692,Meridian Free Zone,PLACE,prefix=NONE;suffix=Street,AVAILABLE,NoveGeo 700-place corpus + tribes + governed person-name seeds,SHARED_REFERENCE,ACTIVE
NG-NAM-ROA-000693,Gulf Shipworks Estate Avenue,Gulf Shipworks Estate Avenue,ROAD,SOURCE_DERIVED,NGP-000693,Gulf Shipworks Estate,PLACE,prefix=NONE;suffix=Avenue,AVAILABLE,NoveGeo 700-place corpus + tribes + governed person-name seeds,SHARED_REFERENCE,ACTIVE
NG-NAM-ROA-000694,Pearl Estuary Lane,Pearl Estuary Lane,ROAD,SOURCE_DERIVED,NGP-000694,Pearl Estuary,PLACE,prefix=NONE;suffix=Lane,AVAILABLE,NoveGeo 700-place corpus + tribes + governed person-name seeds,SHARED_REFERENCE,ACTIVE
NG-NAM-ROA-000695,Mariner's Key Drive,Mariner's Key Drive,ROAD,SOURCE_DERIVED,NGP-000695,Mariner's Key,PLACE,prefix=NONE;suffix=Drive,AVAILABLE,NoveGeo 700-place corpus + tribes + governed person-name seeds,SHARED_REFERENCE,ACTIVE
NG-NAM-ROA-000696,Saffron Coast Way,Saffron Coast Way,ROAD,SOURCE_DERIVED,NGP-000696,Saffron Coast,PLACE,prefix=NONE;suffix=Way,AVAILABLE,NoveGeo 700-place corpus + tribes + governed person-name seeds,SHARED_REFERENCE,ACTIVE
NG-NAM-ROA-000697,Moriah Key Boulevard,Moriah Key Boulevard,ROAD,SOURCE_DERIVED,NGP-000697,Moriah Key,PLACE,prefix=NONE;suffix=Boulevard,AVAILABLE,NoveGeo 700-place corpus + tribes + governed person-name seeds,SHARED_REFERENCE,ACTIVE
NG-NAM-ROA-000698,Tross Isle Highway,Tross Isle Highway,ROAD,SOURCE_DERIVED,NGP-000698,Tross Isle,PLACE,prefix=NONE;suffix=Highway,AVAILABLE,NoveGeo 700-place corpus + tribes + governed person-name seeds,SHARED_REFERENCE,ACTIVE
NG-NAM-ROA-000699,Pelican Key Junction,Pelican Key Junction,ROAD,SOURCE_DERIVED,NGP-000699,Pelican Key,PLACE,prefix=NONE;suffix=Junction,AVAILABLE,NoveGeo 700-place corpus + tribes + governed person-name seeds,SHARED_REFERENCE,ACTIVE
NG-NAM-ROA-000700,Meridian Island Crossing,Meridian Island Crossing,ROAD,SOURCE_DERIVED,NGP-000700,Meridian Island,PLACE,prefix=NONE;suffix=Crossing,AVAILABLE,NoveGeo 700-place corpus + tribes + governed person-name seeds,SHARED_REFERENCE,ACTIVE
NG-NAM-ROA-000701,City of Eight Roads Road,City of Eight Roads Road,ROAD,SOURCE_DERIVED,NGP-000001,City of Eight Roads,NICKNAME,prefix=NONE;suffix=Road,AVAILABLE,NoveGeo 700-place corpus + tribes + governed person-name seeds,SHARED_REFERENCE,ACTIVE
NG-NAM-ROA-000702,Little Canada Street,Little Canada Street,ROAD,SOURCE_DERIVED,NGP-000010,Little Canada,NICKNAME,prefix=NONE;suffix=Street,AVAILABLE,NoveGeo 700-place corpus + tribes + governed person-name seeds,SHARED_REFERENCE,ACTIVE
NG-NAM-ROA-000703,Little Boston Avenue,Little Boston Avenue,ROAD,SOURCE_DERIVED,NGP-000012,Little Boston,NICKNAME,prefix=NONE;suffix=Avenue,AVAILABLE,NoveGeo 700-place corpus + tribes + governed person-name seeds,SHARED_REFERENCE,ACTIVE
NG-NAM-ROA-000704,New Seoul Lane,New Seoul Lane,ROAD,SOURCE_DERIVED,NGP-000015,New Seoul,NICKNAME,prefix=NONE;suffix=Lane,AVAILABLE,NoveGeo 700-place corpus + tribes + governed person-name seeds,SHARED_REFERENCE,ACTIVE
NG-NAM-ROA-000705,Cloud City Drive,Cloud City Drive,ROAD,SOURCE_DERIVED,NGP-000086,Cloud City,NICKNAME,prefix=NONE;suffix=Drive,AVAILABLE,NoveGeo 700-place corpus + tribes + governed person-name seeds,SHARED_REFERENCE,ACTIVE
NG-NAM-ROA-000706,Little Zurich Way,Little Zurich Way,ROAD,SOURCE_DERIVED,NGP-000095,Little Zurich,NICKNAME,prefix=NONE;suffix=Way,AVAILABLE,NoveGeo 700-place corpus + tribes + governed person-name seeds,SHARED_REFERENCE,ACTIVE
NG-NAM-ROA-000707,Apple Country Boulevard,Apple Country Boulevard,ROAD,SOURCE_DERIVED,NGP-000110,Apple Country,NICKNAME,prefix=NONE;suffix=Boulevard,AVAILABLE,NoveGeo 700-place corpus + tribes + governed person-name seeds,SHARED_REFERENCE,ACTIVE
NG-NAM-ROA-000708,The Balcony Highway,The Balcony Highway,ROAD,SOURCE_DERIVED,NGP-000171,The Balcony,NICKNAME,prefix=NONE;suffix=Highway,AVAILABLE,NoveGeo 700-place corpus + tribes + governed person-name seeds,SHARED_REFERENCE,ACTIVE
NG-NAM-ROA-000709,Ski Village Junction,Ski Village Junction,ROAD,SOURCE_DERIVED,NGP-000172,Ski Village,NICKNAME,prefix=NONE;suffix=Junction,AVAILABLE,NoveGeo 700-place corpus + tribes + governed person-name seeds,SHARED_REFERENCE,ACTIVE
NG-NAM-ROA-000710,The Granary Crossing,The Granary Crossing,ROAD,SOURCE_DERIVED,NGP-000173,The Granary,NICKNAME,prefix=NONE;suffix=Crossing,AVAILABLE,NoveGeo 700-place corpus + tribes + governed person-name seeds,SHARED_REFERENCE,ACTIVE
NG-NAM-ROA-000711,The Grain Box Road,The Grain Box Road,ROAD,SOURCE_DERIVED,NGP-000178,The Grain Box,NICKNAME,prefix=NONE;suffix=Road,AVAILABLE,NoveGeo 700-place corpus + tribes + governed person-name seeds,SHARED_REFERENCE,ACTIVE
NG-NAM-ROA-000712,Little Shenzhen Street,Little Shenzhen Street,ROAD,SOURCE_DERIVED,NGP-000180,Little Shenzhen,NICKNAME,prefix=NONE;suffix=Street,AVAILABLE,NoveGeo 700-place corpus + tribes + governed person-name seeds,SHARED_REFERENCE,ACTIVE
NG-NAM-ROA-000713,Little Italy Avenue,Little Italy Avenue,ROAD,SOURCE_DERIVED,NGP-000190,Little Italy,NICKNAME,prefix=NONE;suffix=Avenue,AVAILABLE,NoveGeo 700-place corpus + tribes + governed person-name seeds,SHARED_REFERENCE,ACTIVE
NG-NAM-ROA-000714,The Mirror Lane,The Mirror Lane,ROAD,SOURCE_DERIVED,NGP-000258,The Mirror,NICKNAME,prefix=NONE;suffix=Lane,AVAILABLE,NoveGeo 700-place corpus + tribes + governed person-name seeds,SHARED_REFERENCE,ACTIVE
NG-NAM-ROA-000715,Little Amsterdam Drive,Little Amsterdam Drive,ROAD,SOURCE_DERIVED,NGP-000265,Little Amsterdam,NICKNAME,prefix=NONE;suffix=Drive,AVAILABLE,NoveGeo 700-place corpus + tribes + governed person-name seeds,SHARED_REFERENCE,ACTIVE
NG-NAM-ROA-000716,Reed City Way,Reed City Way,ROAD,SOURCE_DERIVED,NGP-000284,Reed City,NICKNAME,prefix=NONE;suffix=Way,AVAILABLE,NoveGeo 700-place corpus + tribes + governed person-name seeds,SHARED_REFERENCE,ACTIVE
NG-NAM-ROA-000717,Lotus Bay Boulevard,Lotus Bay Boulevard,ROAD,SOURCE_DERIVED,NGP-000343,Lotus Bay,NICKNAME,prefix=NONE;suffix=Boulevard,AVAILABLE,NoveGeo 700-place corpus + tribes + governed person-name seeds,SHARED_REFERENCE,ACTIVE
NG-NAM-ROA-000718,Glasswater Highway,Glasswater Highway,ROAD,SOURCE_DERIVED,NGP-000344,Glasswater,NICKNAME,prefix=NONE;suffix=Highway,AVAILABLE,NoveGeo 700-place corpus + tribes + governed person-name seeds,SHARED_REFERENCE,ACTIVE
NG-NAM-ROA-000719,Bird Island Junction,Bird Island Junction,ROAD,SOURCE_DERIVED,NGP-000345,Bird Island,NICKNAME,prefix=NONE;suffix=Junction,AVAILABLE,NoveGeo 700-place corpus + tribes + governed person-name seeds,SHARED_REFERENCE,ACTIVE
NG-NAM-ROA-000720,Green Crown Crossing,Green Crown Crossing,ROAD,SOURCE_DERIVED,NGP-000346,Green Crown,NICKNAME,prefix=NONE;suffix=Crossing,AVAILABLE,NoveGeo 700-place corpus + tribes + governed person-name seeds,SHARED_REFERENCE,ACTIVE
NG-NAM-ROA-000721,Lab City Road,Lab City Road,ROAD,SOURCE_DERIVED,NGP-000352,Lab City,NICKNAME,prefix=NONE;suffix=Road,AVAILABLE,NoveGeo 700-place corpus + tribes + governed person-name seeds,SHARED_REFERENCE,ACTIVE
NG-NAM-ROA-000722,Sakura Town Street,Sakura Town Street,ROAD,SOURCE_DERIVED,NGP-000363,Sakura Town,NICKNAME,prefix=NONE;suffix=Street,AVAILABLE,NoveGeo 700-place corpus + tribes + governed person-name seeds,SHARED_REFERENCE,ACTIVE
NG-NAM-ROA-000723,Green Cathedral Avenue,Green Cathedral Avenue,ROAD,SOURCE_DERIVED,NGP-000431,Green Cathedral,NICKNAME,prefix=NONE;suffix=Avenue,AVAILABLE,NoveGeo 700-place corpus + tribes + governed person-name seeds,SHARED_REFERENCE,ACTIVE
NG-NAM-ROA-000724,Sun City Lane,Sun City Lane,ROAD,SOURCE_DERIVED,NGP-000432,Sun City,NICKNAME,prefix=NONE;suffix=Lane,AVAILABLE,NoveGeo 700-place corpus + tribes + governed person-name seeds,SHARED_REFERENCE,ACTIVE
NG-NAM-ROA-000725,The Brightside Drive,The Brightside Drive,ROAD,SOURCE_DERIVED,NGP-000438,The Brightside,NICKNAME,prefix=NONE;suffix=Drive,AVAILABLE,NoveGeo 700-place corpus + tribes + governed person-name seeds,SHARED_REFERENCE,ACTIVE
NG-NAM-ROA-000726,Little Dubai Way,Little Dubai Way,ROAD,SOURCE_DERIVED,NGP-000449,Little Dubai,NICKNAME,prefix=NONE;suffix=Way,AVAILABLE,NoveGeo 700-place corpus + tribes + governed person-name seeds,SHARED_REFERENCE,ACTIVE
NG-NAM-ROA-000727,The Red Mile Boulevard,The Red Mile Boulevard,ROAD,SOURCE_DERIVED,NGP-000456,The Red Mile,NICKNAME,prefix=NONE;suffix=Boulevard,AVAILABLE,NoveGeo 700-place corpus + tribes + governed person-name seeds,SHARED_REFERENCE,ACTIVE
NG-NAM-ROA-000728,Golden Camp Highway,Golden Camp Highway,ROAD,SOURCE_DERIVED,NGP-000517,Golden Camp,NICKNAME,prefix=NONE;suffix=Highway,AVAILABLE,NoveGeo 700-place corpus + tribes + governed person-name seeds,SHARED_REFERENCE,ACTIVE
NG-NAM-ROA-000729,Pearl of the East Junction,Pearl of the East Junction,ROAD,SOURCE_DERIVED,NGP-000518,Pearl of the East,NICKNAME,prefix=NONE;suffix=Junction,AVAILABLE,NoveGeo 700-place corpus + tribes + governed person-name seeds,SHARED_REFERENCE,ACTIVE
NG-NAM-ROA-000730,The Canvas Crossing,The Canvas Crossing,ROAD,SOURCE_DERIVED,NGP-000525,The Canvas,NICKNAME,prefix=NONE;suffix=Crossing,AVAILABLE,NoveGeo 700-place corpus + tribes + governed person-name seeds,SHARED_REFERENCE,ACTIVE
NG-NAM-ROA-000731,Nordic Row Road,Nordic Row Road,ROAD,SOURCE_DERIVED,NGP-000527,Nordic Row,NICKNAME,prefix=NONE;suffix=Road,AVAILABLE,NoveGeo 700-place corpus + tribes + governed person-name seeds,SHARED_REFERENCE,ACTIVE
NG-NAM-ROA-000732,Little France Street,Little France Street,ROAD,SOURCE_DERIVED,NGP-000534,Little France,NICKNAME,prefix=NONE;suffix=Street,AVAILABLE,NoveGeo 700-place corpus + tribes + governed person-name seeds,SHARED_REFERENCE,ACTIVE
NG-NAM-ROA-000733,Honeymoon Coast Avenue,Honeymoon Coast Avenue,ROAD,SOURCE_DERIVED,NGP-000603,Honeymoon Coast,NICKNAME,prefix=NONE;suffix=Avenue,AVAILABLE,NoveGeo 700-place corpus + tribes + governed person-name seeds,SHARED_REFERENCE,ACTIVE
NG-NAM-ROA-000734,The Blue Strip Lane,The Blue Strip Lane,ROAD,SOURCE_DERIVED,NGP-000604,The Blue Strip,NICKNAME,prefix=NONE;suffix=Lane,AVAILABLE,NoveGeo 700-place corpus + tribes + governed person-name seeds,SHARED_REFERENCE,ACTIVE
NG-NAM-ROA-000735,Divers' Crescent Drive,Divers' Crescent Drive,ROAD,SOURCE_DERIVED,NGP-000605,Divers' Crescent,NICKNAME,prefix=NONE;suffix=Drive,AVAILABLE,NoveGeo 700-place corpus + tribes + governed person-name seeds,SHARED_REFERENCE,ACTIVE
NG-NAM-ROA-000736,Writers' Island Way,Writers' Island Way,ROAD,SOURCE_DERIVED,NGP-000606,Writers' Island,NICKNAME,prefix=NONE;suffix=Way,AVAILABLE,NoveGeo 700-place corpus + tribes + governed person-name seeds,SHARED_REFERENCE,ACTIVE
NG-NAM-ROA-000737,The Bell Boulevard,The Bell Boulevard,ROAD,SOURCE_DERIVED,NGP-000607,The Bell,NICKNAME,prefix=NONE;suffix=Boulevard,AVAILABLE,NoveGeo 700-place corpus + tribes + governed person-name seeds,SHARED_REFERENCE,ACTIVE
NG-NAM-ROA-000738,Sail Isle Highway,Sail Isle Highway,ROAD,SOURCE_DERIVED,NGP-000608,Sail Isle,NICKNAME,prefix=NONE;suffix=Highway,AVAILABLE,NoveGeo 700-place corpus + tribes + governed person-name seeds,SHARED_REFERENCE,ACTIVE
NG-NAM-ROA-000739,Gateway Gulf Junction,Gateway Gulf Junction,ROAD,SOURCE_DERIVED,NGP-000609,Gateway Gulf,NICKNAME,prefix=NONE;suffix=Junction,AVAILABLE,NoveGeo 700-place corpus + tribes + governed person-name seeds,SHARED_REFERENCE,ACTIVE
NG-NAM-ROA-000740,The Docks Crossing,The Docks Crossing,ROAD,SOURCE_DERIVED,NGP-000614,The Docks,NICKNAME,prefix=NONE;suffix=Crossing,AVAILABLE,NoveGeo 700-place corpus + tribes + governed person-name seeds,SHARED_REFERENCE,ACTIVE
NG-NAM-ROA-000741,The Nine Road,The Nine Road,ROAD,SOURCE_DERIVED,NGP-000619,The Nine,NICKNAME,prefix=NONE;suffix=Road,AVAILABLE,NoveGeo 700-place corpus + tribes + governed person-name seeds,SHARED_REFERENCE,ACTIVE
NG-NAM-ROA-000742,Little Mumbai Street,Little Mumbai Street,ROAD,SOURCE_DERIVED,NGP-000620,Little Mumbai,NICKNAME,prefix=NONE;suffix=Street,AVAILABLE,NoveGeo 700-place corpus + tribes + governed person-name seeds,SHARED_REFERENCE,ACTIVE
NG-NAM-ROA-000743,Little Portugal Avenue,Little Portugal Avenue,ROAD,SOURCE_DERIVED,NGP-000624,Little Portugal,NICKNAME,prefix=NONE;suffix=Avenue,AVAILABLE,NoveGeo 700-place corpus + tribes + governed person-name seeds,SHARED_REFERENCE,ACTIVE
NG-NAM-ROA-000744,The Pearl Lane,The Pearl Lane,ROAD,SOURCE_DERIVED,NGP-000694,The Pearl,NICKNAME,prefix=NONE;suffix=Lane,AVAILABLE,NoveGeo 700-place corpus + tribes + governed person-name seeds,SHARED_REFERENCE,ACTIVE
NG-NAM-ROA-000745,Sailors' Rest Drive,Sailors' Rest Drive,ROAD,SOURCE_DERIVED,NGP-000695,Sailors' Rest,NICKNAME,prefix=NONE;suffix=Drive,AVAILABLE,NoveGeo 700-place corpus + tribes + governed person-name seeds,SHARED_REFERENCE,ACTIVE
NG-NAM-ROA-000746,Spice Coast Way,Spice Coast Way,ROAD,SOURCE_DERIVED,NGP-000696,Spice Coast,NICKNAME,prefix=NONE;suffix=Way,AVAILABLE,NoveGeo 700-place corpus + tribes + governed person-name seeds,SHARED_REFERENCE,ACTIVE
NG-NAM-ROA-000747,Spice Island Boulevard,Spice Island Boulevard,ROAD,SOURCE_DERIVED,NGP-000697,Spice Island,NICKNAME,prefix=NONE;suffix=Boulevard,AVAILABLE,NoveGeo 700-place corpus + tribes + governed person-name seeds,SHARED_REFERENCE,ACTIVE
NG-NAM-ROA-000748,Northman's Key Highway,Northman's Key Highway,ROAD,SOURCE_DERIVED,NGP-000698,Northman's Key,NICKNAME,prefix=NONE;suffix=Highway,AVAILABLE,NoveGeo 700-place corpus + tribes + governed person-name seeds,SHARED_REFERENCE,ACTIVE
NG-NAM-ROA-000749,Pelican Rock Junction,Pelican Rock Junction,ROAD,SOURCE_DERIVED,NGP-000699,Pelican Rock,NICKNAME,prefix=NONE;suffix=Junction,AVAILABLE,NoveGeo 700-place corpus + tribes + governed person-name seeds,SHARED_REFERENCE,ACTIVE
NG-NAM-ROA-000750,Freeport Isle Crossing,Freeport Isle Crossing,ROAD,SOURCE_DERIVED,NGP-000700,Freeport Isle,NICKNAME,prefix=NONE;suffix=Crossing,AVAILABLE,NoveGeo 700-place corpus + tribes + governed person-name seeds,SHARED_REFERENCE,ACTIVE
NG-NAM-ROA-000751,Aaron Road,Aaron Road,ROAD,SOURCE_DERIVED,first:1,Aaron,PERSON_GIVEN,prefix=NONE;suffix=Road,AVAILABLE,NoveGeo 700-place corpus + tribes + governed person-name seeds,SHARED_REFERENCE,ACTIVE
NG-NAM-ROA-000752,Albie Street,Albie Street,ROAD,SOURCE_DERIVED,first:2,Albie,PERSON_GIVEN,prefix=NONE;suffix=Street,AVAILABLE,NoveGeo 700-place corpus + tribes + governed person-name seeds,SHARED_REFERENCE,ACTIVE
NG-NAM-ROA-000753,Alexander Avenue,Alexander Avenue,ROAD,SOURCE_DERIVED,first:3,Alexander,PERSON_GIVEN,prefix=NONE;suffix=Avenue,AVAILABLE,NoveGeo 700-place corpus + tribes + governed person-name seeds,SHARED_REFERENCE,ACTIVE
NG-NAM-ROA-000754,Alfie Lane,Alfie Lane,ROAD,SOURCE_DERIVED,first:4,Alfie,PERSON_GIVEN,prefix=NONE;suffix=Lane,AVAILABLE,NoveGeo 700-place corpus + tribes + governed person-name seeds,SHARED_REFERENCE,ACTIVE
NG-NAM-ROA-000755,Alfieanna Drive,Alfieanna Drive,ROAD,SOURCE_DERIVED,first:5,Alfieanna,PERSON_GIVEN,prefix=NONE;suffix=Drive,AVAILABLE,NoveGeo 700-place corpus + tribes + governed person-name seeds,SHARED_REFERENCE,ACTIVE
NG-NAM-ROA-000756,Alfieanne Way,Alfieanne Way,ROAD,SOURCE_DERIVED,first:6,Alfieanne,PERSON_GIVEN,prefix=NONE;suffix=Way,AVAILABLE,NoveGeo 700-place corpus + tribes + governed person-name seeds,SHARED_REFERENCE,ACTIVE
NG-NAM-ROA-000757,Alfiebel Boulevard,Alfiebel Boulevard,ROAD,SOURCE_DERIVED,first:7,Alfiebel,PERSON_GIVEN,prefix=NONE;suffix=Boulevard,AVAILABLE,NoveGeo 700-place corpus + tribes + governed person-name seeds,SHARED_REFERENCE,ACTIVE
NG-NAM-ROA-000758,Alfiebeth Highway,Alfiebeth Highway,ROAD,SOURCE_DERIVED,first:8,Alfiebeth,PERSON_GIVEN,prefix=NONE;suffix=Highway,AVAILABLE,NoveGeo 700-place corpus + tribes + governed person-name seeds,SHARED_REFERENCE,ACTIVE
NG-NAM-ROA-000759,Alfiedan Junction,Alfiedan Junction,ROAD,SOURCE_DERIVED,first:9,Alfiedan,PERSON_GIVEN,prefix=NONE;suffix=Junction,AVAILABLE,NoveGeo 700-place corpus + tribes + governed person-name seeds,SHARED_REFERENCE,ACTIVE
NG-NAM-ROA-000760,Alfiejo Crossing,Alfiejo Crossing,ROAD,SOURCE_DERIVED,first:10,Alfiejo,PERSON_GIVEN,prefix=NONE;suffix=Crossing,AVAILABLE,NoveGeo 700-place corpus + tribes + governed person-name seeds,SHARED_REFERENCE,ACTIVE
NG-NAM-ROA-000761,Alfielee Road,Alfielee Road,ROAD,SOURCE_DERIVED,first:11,Alfielee,PERSON_GIVEN,prefix=NONE;suffix=Road,AVAILABLE,NoveGeo 700-place corpus + tribes + governed person-name seeds,SHARED_REFERENCE,ACTIVE
NG-NAM-ROA-000762,Alfielyn Street,Alfielyn Street,ROAD,SOURCE_DERIVED,first:12,Alfielyn,PERSON_GIVEN,prefix=NONE;suffix=Street,AVAILABLE,NoveGeo 700-place corpus + tribes + governed person-name seeds,SHARED_REFERENCE,ACTIVE
NG-NAM-ROA-000763,Alfiemae Avenue,Alfiemae Avenue,ROAD,SOURCE_DERIVED,first:13,Alfiemae,PERSON_GIVEN,prefix=NONE;suffix=Avenue,AVAILABLE,NoveGeo 700-place corpus + tribes + governed person-name seeds,SHARED_REFERENCE,ACTIVE
NG-NAM-ROA-000764,Alfieray Lane,Alfieray Lane,ROAD,SOURCE_DERIVED,first:14,Alfieray,PERSON_GIVEN,prefix=NONE;suffix=Lane,AVAILABLE,NoveGeo 700-place corpus + tribes + governed person-name seeds,SHARED_REFERENCE,ACTIVE
NG-NAM-ROA-000765,Alfierose Drive,Alfierose Drive,ROAD,SOURCE_DERIVED,first:15,Alfierose,PERSON_GIVEN,prefix=NONE;suffix=Drive,AVAILABLE,NoveGeo 700-place corpus + tribes + governed person-name seeds,SHARED_REFERENCE,ACTIVE
NG-NAM-ROA-000766,Alfieton Way,Alfieton Way,ROAD,SOURCE_DERIVED,first:16,Alfieton,PERSON_GIVEN,prefix=NONE;suffix=Way,AVAILABLE,NoveGeo 700-place corpus + tribes + governed person-name seeds,SHARED_REFERENCE,ACTIVE
NG-NAM-ROA-000767,Andrew Boulevard,Andrew Boulevard,ROAD,SOURCE_DERIVED,first:17,Andrew,PERSON_GIVEN,prefix=NONE;suffix=Boulevard,AVAILABLE,NoveGeo 700-place corpus + tribes + governed person-name seeds,SHARED_REFERENCE,ACTIVE
NG-NAM-ROA-000768,Anthony Highway,Anthony Highway,ROAD,SOURCE_DERIVED,first:18,Anthony,PERSON_GIVEN,prefix=NONE;suffix=Highway,AVAILABLE,NoveGeo 700-place corpus + tribes + governed person-name seeds,SHARED_REFERENCE,ACTIVE
NG-NAM-ROA-000769,Archie Junction,Archie Junction,ROAD,SOURCE_DERIVED,first:19,Archie,PERSON_GIVEN,prefix=NONE;suffix=Junction,AVAILABLE,NoveGeo 700-place corpus + tribes + governed person-name seeds,SHARED_REFERENCE,ACTIVE
NG-NAM-ROA-000770,Archieanna Crossing,Archieanna Crossing,ROAD,SOURCE_DERIVED,first:20,Archieanna,PERSON_GIVEN,prefix=NONE;suffix=Crossing,AVAILABLE,NoveGeo 700-place corpus + tribes + governed person-name seeds,SHARED_REFERENCE,ACTIVE
NG-NAM-ROA-000771,Archieanne Road,Archieanne Road,ROAD,SOURCE_DERIVED,first:21,Archieanne,PERSON_GIVEN,prefix=NONE;suffix=Road,AVAILABLE,NoveGeo 700-place corpus + tribes + governed person-name seeds,SHARED_REFERENCE,ACTIVE
NG-NAM-ROA-000772,Archiebel Street,Archiebel Street,ROAD,SOURCE_DERIVED,first:22,Archiebel,PERSON_GIVEN,prefix=NONE;suffix=Street,AVAILABLE,NoveGeo 700-place corpus + tribes + governed person-name seeds,SHARED_REFERENCE,ACTIVE
NG-NAM-ROA-000773,Archiebeth Avenue,Archiebeth Avenue,ROAD,SOURCE_DERIVED,first:23,Archiebeth,PERSON_GIVEN,prefix=NONE;suffix=Avenue,AVAILABLE,NoveGeo 700-place corpus + tribes + governed person-name seeds,SHARED_REFERENCE,ACTIVE
NG-NAM-ROA-000774,Archiedan Lane,Archiedan Lane,ROAD,SOURCE_DERIVED,first:24,Archiedan,PERSON_GIVEN,prefix=NONE;suffix=Lane,AVAILABLE,NoveGeo 700-place corpus + tribes + governed person-name seeds,SHARED_REFERENCE,ACTIVE
NG-NAM-ROA-000775,Archiejo Drive,Archiejo Drive,ROAD,SOURCE_DERIVED,first:25,Archiejo,PERSON_GIVEN,prefix=NONE;suffix=Drive,AVAILABLE,NoveGeo 700-place corpus + tribes + governed person-name seeds,SHARED_REFERENCE,ACTIVE
NG-NAM-ROA-000776,Archielee Way,Archielee Way,ROAD,SOURCE_DERIVED,first:26,Archielee,PERSON_GIVEN,prefix=NONE;suffix=Way,AVAILABLE,NoveGeo 700-place corpus + tribes + governed person-name seeds,SHARED_REFERENCE,ACTIVE
NG-NAM-ROA-000777,Archielyn Boulevard,Archielyn Boulevard,ROAD,SOURCE_DERIVED,first:27,Archielyn,PERSON_GIVEN,prefix=NONE;suffix=Boulevard,AVAILABLE,NoveGeo 700-place corpus + tribes + governed person-name seeds,SHARED_REFERENCE,ACTIVE
NG-NAM-ROA-000778,Archiemae Highway,Archiemae Highway,ROAD,SOURCE_DERIVED,first:28,Archiemae,PERSON_GIVEN,prefix=NONE;suffix=Highway,AVAILABLE,NoveGeo 700-place corpus + tribes + governed person-name seeds,SHARED_REFERENCE,ACTIVE
NG-NAM-ROA-000779,Archieray Junction,Archieray Junction,ROAD,SOURCE_DERIVED,first:29,Archieray,PERSON_GIVEN,prefix=NONE;suffix=Junction,AVAILABLE,NoveGeo 700-place corpus + tribes + governed person-name seeds,SHARED_REFERENCE,ACTIVE
NG-NAM-ROA-000780,Archierose Crossing,Archierose Crossing,ROAD,SOURCE_DERIVED,first:30,Archierose,PERSON_GIVEN,prefix=NONE;suffix=Crossing,AVAILABLE,NoveGeo 700-place corpus + tribes + governed person-name seeds,SHARED_REFERENCE,ACTIVE
NG-NAM-ROA-000781,Archieton Road,Archieton Road,ROAD,SOURCE_DERIVED,first:31,Archieton,PERSON_GIVEN,prefix=NONE;suffix=Road,AVAILABLE,NoveGeo 700-place corpus + tribes + governed person-name seeds,SHARED_REFERENCE,ACTIVE
NG-NAM-ROA-000782,Arlo Street,Arlo Street,ROAD,SOURCE_DERIVED,first:32,Arlo,PERSON_GIVEN,prefix=NONE;suffix=Street,AVAILABLE,NoveGeo 700-place corpus + tribes + governed person-name seeds,SHARED_REFERENCE,ACTIVE
NG-NAM-ROA-000783,Arthur Avenue,Arthur Avenue,ROAD,SOURCE_DERIVED,first:33,Arthur,PERSON_GIVEN,prefix=NONE;suffix=Avenue,AVAILABLE,NoveGeo 700-place corpus + tribes + governed person-name seeds,SHARED_REFERENCE,ACTIVE
NG-NAM-ROA-000784,Austin Lane,Austin Lane,ROAD,SOURCE_DERIVED,first:34,Austin,PERSON_GIVEN,prefix=NONE;suffix=Lane,AVAILABLE,NoveGeo 700-place corpus + tribes + governed person-name seeds,SHARED_REFERENCE,ACTIVE
NG-NAM-ROA-000785,Austinanna Drive,Austinanna Drive,ROAD,SOURCE_DERIVED,first:35,Austinanna,PERSON_GIVEN,prefix=NONE;suffix=Drive,AVAILABLE,NoveGeo 700-place corpus + tribes + governed person-name seeds,SHARED_REFERENCE,ACTIVE
NG-NAM-ROA-000786,Austinanne Way,Austinanne Way,ROAD,SOURCE_DERIVED,first:36,Austinanne,PERSON_GIVEN,prefix=NONE;suffix=Way,AVAILABLE,NoveGeo 700-place corpus + tribes + governed person-name seeds,SHARED_REFERENCE,ACTIVE
NG-NAM-ROA-000787,Austinbel Boulevard,Austinbel Boulevard,ROAD,SOURCE_DERIVED,first:37,Austinbel,PERSON_GIVEN,prefix=NONE;suffix=Boulevard,AVAILABLE,NoveGeo 700-place corpus + tribes + governed person-name seeds,SHARED_REFERENCE,ACTIVE
NG-NAM-ROA-000788,Austinbeth Highway,Austinbeth Highway,ROAD,SOURCE_DERIVED,first:38,Austinbeth,PERSON_GIVEN,prefix=NONE;suffix=Highway,AVAILABLE,NoveGeo 700-place corpus + tribes + governed person-name seeds,SHARED_REFERENCE,ACTIVE
NG-NAM-ROA-000789,Austindan Junction,Austindan Junction,ROAD,SOURCE_DERIVED,first:39,Austindan,PERSON_GIVEN,prefix=NONE;suffix=Junction,AVAILABLE,NoveGeo 700-place corpus + tribes + governed person-name seeds,SHARED_REFERENCE,ACTIVE
NG-NAM-ROA-000790,Austinjo Crossing,Austinjo Crossing,ROAD,SOURCE_DERIVED,first:40,Austinjo,PERSON_GIVEN,prefix=NONE;suffix=Crossing,AVAILABLE,NoveGeo 700-place corpus + tribes + governed person-name seeds,SHARED_REFERENCE,ACTIVE
NG-NAM-ROA-000791,Austinlee Road,Austinlee Road,ROAD,SOURCE_DERIVED,first:41,Austinlee,PERSON_GIVEN,prefix=NONE;suffix=Road,AVAILABLE,NoveGeo 700-place corpus + tribes + governed person-name seeds,SHARED_REFERENCE,ACTIVE
NG-NAM-ROA-000792,Austinlyn Street,Austinlyn Street,ROAD,SOURCE_DERIVED,first:42,Austinlyn,PERSON_GIVEN,prefix=NONE;suffix=Street,AVAILABLE,NoveGeo 700-place corpus + tribes + governed person-name seeds,SHARED_REFERENCE,ACTIVE
NG-NAM-ROA-000793,Austinmae Avenue,Austinmae Avenue,ROAD,SOURCE_DERIVED,first:43,Austinmae,PERSON_GIVEN,prefix=NONE;suffix=Avenue,AVAILABLE,NoveGeo 700-place corpus + tribes + governed person-name seeds,SHARED_REFERENCE,ACTIVE
NG-NAM-ROA-000794,Austinray Lane,Austinray Lane,ROAD,SOURCE_DERIVED,first:44,Austinray,PERSON_GIVEN,prefix=NONE;suffix=Lane,AVAILABLE,NoveGeo 700-place corpus + tribes + governed person-name seeds,SHARED_REFERENCE,ACTIVE
NG-NAM-ROA-000795,Austinrose Drive,Austinrose Drive,ROAD,SOURCE_DERIVED,first:45,Austinrose,PERSON_GIVEN,prefix=NONE;suffix=Drive,AVAILABLE,NoveGeo 700-place corpus + tribes + governed person-name seeds,SHARED_REFERENCE,ACTIVE
NG-NAM-ROA-000796,Austinton Way,Austinton Way,ROAD,SOURCE_DERIVED,first:46,Austinton,PERSON_GIVEN,prefix=NONE;suffix=Way,AVAILABLE,NoveGeo 700-place corpus + tribes + governed person-name seeds,SHARED_REFERENCE,ACTIVE
NG-NAM-ROA-000797,Benjamin Boulevard,Benjamin Boulevard,ROAD,SOURCE_DERIVED,first:47,Benjamin,PERSON_GIVEN,prefix=NONE;suffix=Boulevard,AVAILABLE,NoveGeo 700-place corpus + tribes + governed person-name seeds,SHARED_REFERENCE,ACTIVE
NG-NAM-ROA-000798,Bobby Highway,Bobby Highway,ROAD,SOURCE_DERIVED,first:48,Bobby,PERSON_GIVEN,prefix=NONE;suffix=Highway,AVAILABLE,NoveGeo 700-place corpus + tribes + governed person-name seeds,SHARED_REFERENCE,ACTIVE
NG-NAM-ROA-000799,Bradley Junction,Bradley Junction,ROAD,SOURCE_DERIVED,first:49,Bradley,PERSON_GIVEN,prefix=NONE;suffix=Junction,AVAILABLE,NoveGeo 700-place corpus + tribes + governed person-name seeds,SHARED_REFERENCE,ACTIVE
NG-NAM-ROA-000800,Bradleyanna Crossing,Bradleyanna Crossing,ROAD,SOURCE_DERIVED,first:50,Bradleyanna,PERSON_GIVEN,prefix=NONE;suffix=Crossing,AVAILABLE,NoveGeo 700-place corpus + tribes + governed person-name seeds,SHARED_REFERENCE,ACTIVE
NG-NAM-ROA-000801,Bradleyanne Road,Bradleyanne Road,ROAD,SOURCE_DERIVED,first:51,Bradleyanne,PERSON_GIVEN,prefix=NONE;suffix=Road,AVAILABLE,NoveGeo 700-place corpus + tribes + governed person-name seeds,SHARED_REFERENCE,ACTIVE
NG-NAM-ROA-000802,Bradleybel Street,Bradleybel Street,ROAD,SOURCE_DERIVED,first:52,Bradleybel,PERSON_GIVEN,prefix=NONE;suffix=Street,AVAILABLE,NoveGeo 700-place corpus + tribes + governed person-name seeds,SHARED_REFERENCE,ACTIVE
NG-NAM-ROA-000803,Bradleybeth Avenue,Bradleybeth Avenue,ROAD,SOURCE_DERIVED,first:53,Bradleybeth,PERSON_GIVEN,prefix=NONE;suffix=Avenue,AVAILABLE,NoveGeo 700-place corpus + tribes + governed person-name seeds,SHARED_REFERENCE,ACTIVE
NG-NAM-ROA-000804,Bradleydan Lane,Bradleydan Lane,ROAD,SOURCE_DERIVED,first:54,Bradleydan,PERSON_GIVEN,prefix=NONE;suffix=Lane,AVAILABLE,NoveGeo 700-place corpus + tribes + governed person-name seeds,SHARED_REFERENCE,ACTIVE
NG-NAM-ROA-000805,Bradleyjo Drive,Bradleyjo Drive,ROAD,SOURCE_DERIVED,first:55,Bradleyjo,PERSON_GIVEN,prefix=NONE;suffix=Drive,AVAILABLE,NoveGeo 700-place corpus + tribes + governed person-name seeds,SHARED_REFERENCE,ACTIVE
NG-NAM-ROA-000806,Bradleylee Way,Bradleylee Way,ROAD,SOURCE_DERIVED,first:56,Bradleylee,PERSON_GIVEN,prefix=NONE;suffix=Way,AVAILABLE,NoveGeo 700-place corpus + tribes + governed person-name seeds,SHARED_REFERENCE,ACTIVE
NG-NAM-ROA-000807,Bradleylyn Boulevard,Bradleylyn Boulevard,ROAD,SOURCE_DERIVED,first:57,Bradleylyn,PERSON_GIVEN,prefix=NONE;suffix=Boulevard,AVAILABLE,NoveGeo 700-place corpus + tribes + governed person-name seeds,SHARED_REFERENCE,ACTIVE
NG-NAM-ROA-000808,Bradleymae Highway,Bradleymae Highway,ROAD,SOURCE_DERIVED,first:58,Bradleymae,PERSON_GIVEN,prefix=NONE;suffix=Highway,AVAILABLE,NoveGeo 700-place corpus + tribes + governed person-name seeds,SHARED_REFERENCE,ACTIVE
NG-NAM-ROA-000809,Bradleyray Junction,Bradleyray Junction,ROAD,SOURCE_DERIVED,first:59,Bradleyray,PERSON_GIVEN,prefix=NONE;suffix=Junction,AVAILABLE,NoveGeo 700-place corpus + tribes + governed person-name seeds,SHARED_REFERENCE,ACTIVE
NG-NAM-ROA-000810,Bradleyrose Crossing,Bradleyrose Crossing,ROAD,SOURCE_DERIVED,first:60,Bradleyrose,PERSON_GIVEN,prefix=NONE;suffix=Crossing,AVAILABLE,NoveGeo 700-place corpus + tribes + governed person-name seeds,SHARED_REFERENCE,ACTIVE
NG-NAM-ROA-000811,Bradleyton Road,Bradleyton Road,ROAD,SOURCE_DERIVED,first:61,Bradleyton,PERSON_GIVEN,prefix=NONE;suffix=Road,AVAILABLE,NoveGeo 700-place corpus + tribes + governed person-name seeds,SHARED_REFERENCE,ACTIVE
NG-NAM-ROA-000812,Brandon Street,Brandon Street,ROAD,SOURCE_DERIVED,first:62,Brandon,PERSON_GIVEN,prefix=NONE;suffix=Street,AVAILABLE,NoveGeo 700-place corpus + tribes + governed person-name seeds,SHARED_REFERENCE,ACTIVE
NG-NAM-ROA-000813,Brandonanna Avenue,Brandonanna Avenue,ROAD,SOURCE_DERIVED,first:63,Brandonanna,PERSON_GIVEN,prefix=NONE;suffix=Avenue,AVAILABLE,NoveGeo 700-place corpus + tribes + governed person-name seeds,SHARED_REFERENCE,ACTIVE
NG-NAM-ROA-000814,Brandonanne Lane,Brandonanne Lane,ROAD,SOURCE_DERIVED,first:64,Brandonanne,PERSON_GIVEN,prefix=NONE;suffix=Lane,AVAILABLE,NoveGeo 700-place corpus + tribes + governed person-name seeds,SHARED_REFERENCE,ACTIVE
NG-NAM-ROA-000815,Brandonbel Drive,Brandonbel Drive,ROAD,SOURCE_DERIVED,first:65,Brandonbel,PERSON_GIVEN,prefix=NONE;suffix=Drive,AVAILABLE,NoveGeo 700-place corpus + tribes + governed person-name seeds,SHARED_REFERENCE,ACTIVE
NG-NAM-ROA-000816,Brandonbeth Way,Brandonbeth Way,ROAD,SOURCE_DERIVED,first:66,Brandonbeth,PERSON_GIVEN,prefix=NONE;suffix=Way,AVAILABLE,NoveGeo 700-place corpus + tribes + governed person-name seeds,SHARED_REFERENCE,ACTIVE
NG-NAM-ROA-000817,Brandondan Boulevard,Brandondan Boulevard,ROAD,SOURCE_DERIVED,first:67,Brandondan,PERSON_GIVEN,prefix=NONE;suffix=Boulevard,AVAILABLE,NoveGeo 700-place corpus + tribes + governed person-name seeds,SHARED_REFERENCE,ACTIVE
NG-NAM-ROA-000818,Brandonjo Highway,Brandonjo Highway,ROAD,SOURCE_DERIVED,first:68,Brandonjo,PERSON_GIVEN,prefix=NONE;suffix=Highway,AVAILABLE,NoveGeo 700-place corpus + tribes + governed person-name seeds,SHARED_REFERENCE,ACTIVE
NG-NAM-ROA-000819,Brandonlee Junction,Brandonlee Junction,ROAD,SOURCE_DERIVED,first:69,Brandonlee,PERSON_GIVEN,prefix=NONE;suffix=Junction,AVAILABLE,NoveGeo 700-place corpus + tribes + governed person-name seeds,SHARED_REFERENCE,ACTIVE
NG-NAM-ROA-000820,Brandonlyn Crossing,Brandonlyn Crossing,ROAD,SOURCE_DERIVED,first:70,Brandonlyn,PERSON_GIVEN,prefix=NONE;suffix=Crossing,AVAILABLE,NoveGeo 700-place corpus + tribes + governed person-name seeds,SHARED_REFERENCE,ACTIVE
NG-NAM-ROA-000821,Brandonmae Road,Brandonmae Road,ROAD,SOURCE_DERIVED,first:71,Brandonmae,PERSON_GIVEN,prefix=NONE;suffix=Road,AVAILABLE,NoveGeo 700-place corpus + tribes + governed person-name seeds,SHARED_REFERENCE,ACTIVE
NG-NAM-ROA-000822,Brandonray Street,Brandonray Street,ROAD,SOURCE_DERIVED,first:72,Brandonray,PERSON_GIVEN,prefix=NONE;suffix=Street,AVAILABLE,NoveGeo 700-place corpus + tribes + governed person-name seeds,SHARED_REFERENCE,ACTIVE
NG-NAM-ROA-000823,Brandonrose Avenue,Brandonrose Avenue,ROAD,SOURCE_DERIVED,first:73,Brandonrose,PERSON_GIVEN,prefix=NONE;suffix=Avenue,AVAILABLE,NoveGeo 700-place corpus + tribes + governed person-name seeds,SHARED_REFERENCE,ACTIVE
NG-NAM-ROA-000824,Brandonton Lane,Brandonton Lane,ROAD,SOURCE_DERIVED,first:74,Brandonton,PERSON_GIVEN,prefix=NONE;suffix=Lane,AVAILABLE,NoveGeo 700-place corpus + tribes + governed person-name seeds,SHARED_REFERENCE,ACTIVE
NG-NAM-ROA-000825,Caleb Drive,Caleb Drive,ROAD,SOURCE_DERIVED,first:75,Caleb,PERSON_GIVEN,prefix=NONE;suffix=Drive,AVAILABLE,NoveGeo 700-place corpus + tribes + governed person-name seeds,SHARED_REFERENCE,ACTIVE
NG-NAM-ROA-000826,Calebanna Way,Calebanna Way,ROAD,SOURCE_DERIVED,first:76,Calebanna,PERSON_GIVEN,prefix=NONE;suffix=Way,AVAILABLE,NoveGeo 700-place corpus + tribes + governed person-name seeds,SHARED_REFERENCE,ACTIVE
NG-NAM-ROA-000827,Calebanne Boulevard,Calebanne Boulevard,ROAD,SOURCE_DERIVED,first:77,Calebanne,PERSON_GIVEN,prefix=NONE;suffix=Boulevard,AVAILABLE,NoveGeo 700-place corpus + tribes + governed person-name seeds,SHARED_REFERENCE,ACTIVE
NG-NAM-ROA-000828,Calebbel Highway,Calebbel Highway,ROAD,SOURCE_DERIVED,first:78,Calebbel,PERSON_GIVEN,prefix=NONE;suffix=Highway,AVAILABLE,NoveGeo 700-place corpus + tribes + governed person-name seeds,SHARED_REFERENCE,ACTIVE
NG-NAM-ROA-000829,Calebbeth Junction,Calebbeth Junction,ROAD,SOURCE_DERIVED,first:79,Calebbeth,PERSON_GIVEN,prefix=NONE;suffix=Junction,AVAILABLE,NoveGeo 700-place corpus + tribes + governed person-name seeds,SHARED_REFERENCE,ACTIVE
NG-NAM-ROA-000830,Calebdan Crossing,Calebdan Crossing,ROAD,SOURCE_DERIVED,first:80,Calebdan,PERSON_GIVEN,prefix=NONE;suffix=Crossing,AVAILABLE,NoveGeo 700-place corpus + tribes + governed person-name seeds,SHARED_REFERENCE,ACTIVE
NG-NAM-ROA-000831,Bregach Road,Bregach Road,ROAD,SOURCE_DERIVED,surname:sn_001,Bregach,PERSON_SURNAME,prefix=NONE;suffix=Road,AVAILABLE,NoveGeo 700-place corpus + tribes + governed person-name seeds,SHARED_REFERENCE,ACTIVE
NG-NAM-ROA-000832,Bregar Street,Bregar Street,ROAD,SOURCE_DERIVED,surname:sn_002,Bregar,PERSON_SURNAME,prefix=NONE;suffix=Street,AVAILABLE,NoveGeo 700-place corpus + tribes + governed person-name seeds,SHARED_REFERENCE,ACTIVE
NG-NAM-ROA-000833,Bregath Avenue,Bregath Avenue,ROAD,SOURCE_DERIVED,surname:sn_003,Bregath,PERSON_SURNAME,prefix=NONE;suffix=Avenue,AVAILABLE,NoveGeo 700-place corpus + tribes + governed person-name seeds,SHARED_REFERENCE,ACTIVE
NG-NAM-ROA-000834,Bregax Lane,Bregax Lane,ROAD,SOURCE_DERIVED,surname:sn_004,Bregax,PERSON_SURNAME,prefix=NONE;suffix=Lane,AVAILABLE,NoveGeo 700-place corpus + tribes + governed person-name seeds,SHARED_REFERENCE,ACTIVE
NG-NAM-ROA-000835,Bregburg Drive,Bregburg Drive,ROAD,SOURCE_DERIVED,surname:sn_005,Bregburg,PERSON_SURNAME,prefix=NONE;suffix=Drive,AVAILABLE,NoveGeo 700-place corpus + tribes + governed person-name seeds,SHARED_REFERENCE,ACTIVE
NG-NAM-ROA-000836,Bregen Way,Bregen Way,ROAD,SOURCE_DERIVED,surname:sn_006,Bregen,PERSON_SURNAME,prefix=NONE;suffix=Way,AVAILABLE,NoveGeo 700-place corpus + tribes + governed person-name seeds,SHARED_REFERENCE,ACTIVE
NG-NAM-ROA-000837,Breger Boulevard,Breger Boulevard,ROAD,SOURCE_DERIVED,surname:sn_007,Breger,PERSON_SURNAME,prefix=NONE;suffix=Boulevard,AVAILABLE,NoveGeo 700-place corpus + tribes + governed person-name seeds,SHARED_REFERENCE,ACTIVE
NG-NAM-ROA-000838,Bregic Highway,Bregic Highway,ROAD,SOURCE_DERIVED,surname:sn_008,Bregic,PERSON_SURNAME,prefix=NONE;suffix=Highway,AVAILABLE,NoveGeo 700-place corpus + tribes + governed person-name seeds,SHARED_REFERENCE,ACTIVE
NG-NAM-ROA-000839,Bregoff Junction,Bregoff Junction,ROAD,SOURCE_DERIVED,surname:sn_009,Bregoff,PERSON_SURNAME,prefix=NONE;suffix=Junction,AVAILABLE,NoveGeo 700-place corpus + tribes + governed person-name seeds,SHARED_REFERENCE,ACTIVE
NG-NAM-ROA-000840,Bregog Crossing,Bregog Crossing,ROAD,SOURCE_DERIVED,surname:sn_010,Bregog,PERSON_SURNAME,prefix=NONE;suffix=Crossing,AVAILABLE,NoveGeo 700-place corpus + tribes + governed person-name seeds,SHARED_REFERENCE,ACTIVE
NG-NAM-ROA-000841,Bregond Road,Bregond Road,ROAD,SOURCE_DERIVED,surname:sn_011,Bregond,PERSON_SURNAME,prefix=NONE;suffix=Road,AVAILABLE,NoveGeo 700-place corpus + tribes + governed person-name seeds,SHARED_REFERENCE,ACTIVE
NG-NAM-ROA-000842,Bregor Street,Bregor Street,ROAD,SOURCE_DERIVED,surname:sn_012,Bregor,PERSON_SURNAME,prefix=NONE;suffix=Street,AVAILABLE,NoveGeo 700-place corpus + tribes + governed person-name seeds,SHARED_REFERENCE,ACTIVE
NG-NAM-ROA-000843,Bregov Avenue,Bregov Avenue,ROAD,SOURCE_DERIVED,surname:sn_013,Bregov,PERSON_SURNAME,prefix=NONE;suffix=Avenue,AVAILABLE,NoveGeo 700-place corpus + tribes + governed person-name seeds,SHARED_REFERENCE,ACTIVE
NG-NAM-ROA-000844,Bregstein Lane,Bregstein Lane,ROAD,SOURCE_DERIVED,surname:sn_014,Bregstein,PERSON_SURNAME,prefix=NONE;suffix=Lane,AVAILABLE,NoveGeo 700-place corpus + tribes + governed person-name seeds,SHARED_REFERENCE,ACTIVE
NG-NAM-ROA-000845,Bregus Drive,Bregus Drive,ROAD,SOURCE_DERIVED,surname:sn_015,Bregus,PERSON_SURNAME,prefix=NONE;suffix=Drive,AVAILABLE,NoveGeo 700-place corpus + tribes + governed person-name seeds,SHARED_REFERENCE,ACTIVE
NG-NAM-ROA-000846,Breg斯特 Way,Breg斯特 Way,ROAD,SOURCE_DERIVED,surname:sn_016,Breg斯特,PERSON_SURNAME,prefix=NONE;suffix=Way,AVAILABLE,NoveGeo 700-place corpus + tribes + governed person-name seeds,SHARED_REFERENCE,ACTIVE
NG-NAM-ROA-000847,Draugach Boulevard,Draugach Boulevard,ROAD,SOURCE_DERIVED,surname:sn_017,Draugach,PERSON_SURNAME,prefix=NONE;suffix=Boulevard,AVAILABLE,NoveGeo 700-place corpus + tribes + governed person-name seeds,SHARED_REFERENCE,ACTIVE
NG-NAM-ROA-000848,Draugar Highway,Draugar Highway,ROAD,SOURCE_DERIVED,surname:sn_018,Draugar,PERSON_SURNAME,prefix=NONE;suffix=Highway,AVAILABLE,NoveGeo 700-place corpus + tribes + governed person-name seeds,SHARED_REFERENCE,ACTIVE
NG-NAM-ROA-000849,Draugath Junction,Draugath Junction,ROAD,SOURCE_DERIVED,surname:sn_019,Draugath,PERSON_SURNAME,prefix=NONE;suffix=Junction,AVAILABLE,NoveGeo 700-place corpus + tribes + governed person-name seeds,SHARED_REFERENCE,ACTIVE
NG-NAM-ROA-000850,Draugax Crossing,Draugax Crossing,ROAD,SOURCE_DERIVED,surname:sn_020,Draugax,PERSON_SURNAME,prefix=NONE;suffix=Crossing,AVAILABLE,NoveGeo 700-place corpus + tribes + governed person-name seeds,SHARED_REFERENCE,ACTIVE
NG-NAM-ROA-000851,Draugburg Road,Draugburg Road,ROAD,SOURCE_DERIVED,surname:sn_021,Draugburg,PERSON_SURNAME,prefix=NONE;suffix=Road,AVAILABLE,NoveGeo 700-place corpus + tribes + governed person-name seeds,SHARED_REFERENCE,ACTIVE
NG-NAM-ROA-000852,Draugen Street,Draugen Street,ROAD,SOURCE_DERIVED,surname:sn_022,Draugen,PERSON_SURNAME,prefix=NONE;suffix=Street,AVAILABLE,NoveGeo 700-place corpus + tribes + governed person-name seeds,SHARED_REFERENCE,ACTIVE
NG-NAM-ROA-000853,Drauger Avenue,Drauger Avenue,ROAD,SOURCE_DERIVED,surname:sn_023,Drauger,PERSON_SURNAME,prefix=NONE;suffix=Avenue,AVAILABLE,NoveGeo 700-place corpus + tribes + governed person-name seeds,SHARED_REFERENCE,ACTIVE
NG-NAM-ROA-000854,Draugic Lane,Draugic Lane,ROAD,SOURCE_DERIVED,surname:sn_024,Draugic,PERSON_SURNAME,prefix=NONE;suffix=Lane,AVAILABLE,NoveGeo 700-place corpus + tribes + governed person-name seeds,SHARED_REFERENCE,ACTIVE
NG-NAM-ROA-000855,Draugoff Drive,Draugoff Drive,ROAD,SOURCE_DERIVED,surname:sn_025,Draugoff,PERSON_SURNAME,prefix=NONE;suffix=Drive,AVAILABLE,NoveGeo 700-place corpus + tribes + governed person-name seeds,SHARED_REFERENCE,ACTIVE
NG-NAM-ROA-000856,Draugog Way,Draugog Way,ROAD,SOURCE_DERIVED,surname:sn_026,Draugog,PERSON_SURNAME,prefix=NONE;suffix=Way,AVAILABLE,NoveGeo 700-place corpus + tribes + governed person-name seeds,SHARED_REFERENCE,ACTIVE
NG-NAM-ROA-000857,Draugond Boulevard,Draugond Boulevard,ROAD,SOURCE_DERIVED,surname:sn_027,Draugond,PERSON_SURNAME,prefix=NONE;suffix=Boulevard,AVAILABLE,NoveGeo 700-place corpus + tribes + governed person-name seeds,SHARED_REFERENCE,ACTIVE
NG-NAM-ROA-000858,Draugor Highway,Draugor Highway,ROAD,SOURCE_DERIVED,surname:sn_028,Draugor,PERSON_SURNAME,prefix=NONE;suffix=Highway,AVAILABLE,NoveGeo 700-place corpus + tribes + governed person-name seeds,SHARED_REFERENCE,ACTIVE
NG-NAM-ROA-000859,Draugov Junction,Draugov Junction,ROAD,SOURCE_DERIVED,surname:sn_029,Draugov,PERSON_SURNAME,prefix=NONE;suffix=Junction,AVAILABLE,NoveGeo 700-place corpus + tribes + governed person-name seeds,SHARED_REFERENCE,ACTIVE
NG-NAM-ROA-000860,Draugstein Crossing,Draugstein Crossing,ROAD,SOURCE_DERIVED,surname:sn_030,Draugstein,PERSON_SURNAME,prefix=NONE;suffix=Crossing,AVAILABLE,NoveGeo 700-place corpus + tribes + governed person-name seeds,SHARED_REFERENCE,ACTIVE
NG-NAM-ROA-000861,Draugus Road,Draugus Road,ROAD,SOURCE_DERIVED,surname:sn_031,Draugus,PERSON_SURNAME,prefix=NONE;suffix=Road,AVAILABLE,NoveGeo 700-place corpus + tribes + governed person-name seeds,SHARED_REFERENCE,ACTIVE
NG-NAM-ROA-000862,Draug斯特 Street,Draug斯特 Street,ROAD,SOURCE_DERIVED,surname:sn_032,Draug斯特,PERSON_SURNAME,prefix=NONE;suffix=Street,AVAILABLE,NoveGeo 700-place corpus + tribes + governed person-name seeds,SHARED_REFERENCE,ACTIVE
NG-NAM-ROA-000863,Gundach Avenue,Gundach Avenue,ROAD,SOURCE_DERIVED,surname:sn_033,Gundach,PERSON_SURNAME,prefix=NONE;suffix=Avenue,AVAILABLE,NoveGeo 700-place corpus + tribes + governed person-name seeds,SHARED_REFERENCE,ACTIVE
NG-NAM-ROA-000864,Gundar Lane,Gundar Lane,ROAD,SOURCE_DERIVED,surname:sn_034,Gundar,PERSON_SURNAME,prefix=NONE;suffix=Lane,AVAILABLE,NoveGeo 700-place corpus + tribes + governed person-name seeds,SHARED_REFERENCE,ACTIVE
NG-NAM-ROA-000865,Gundath Drive,Gundath Drive,ROAD,SOURCE_DERIVED,surname:sn_035,Gundath,PERSON_SURNAME,prefix=NONE;suffix=Drive,AVAILABLE,NoveGeo 700-place corpus + tribes + governed person-name seeds,SHARED_REFERENCE,ACTIVE
NG-NAM-ROA-000866,Gundax Way,Gundax Way,ROAD,SOURCE_DERIVED,surname:sn_036,Gundax,PERSON_SURNAME,prefix=NONE;suffix=Way,AVAILABLE,NoveGeo 700-place corpus + tribes + governed person-name seeds,SHARED_REFERENCE,ACTIVE
NG-NAM-ROA-000867,Gundburg Boulevard,Gundburg Boulevard,ROAD,SOURCE_DERIVED,surname:sn_037,Gundburg,PERSON_SURNAME,prefix=NONE;suffix=Boulevard,AVAILABLE,NoveGeo 700-place corpus + tribes + governed person-name seeds,SHARED_REFERENCE,ACTIVE
NG-NAM-ROA-000868,Gunden Highway,Gunden Highway,ROAD,SOURCE_DERIVED,surname:sn_038,Gunden,PERSON_SURNAME,prefix=NONE;suffix=Highway,AVAILABLE,NoveGeo 700-place corpus + tribes + governed person-name seeds,SHARED_REFERENCE,ACTIVE
NG-NAM-ROA-000869,Gunder Junction,Gunder Junction,ROAD,SOURCE_DERIVED,surname:sn_039,Gunder,PERSON_SURNAME,prefix=NONE;suffix=Junction,AVAILABLE,NoveGeo 700-place corpus + tribes + governed person-name seeds,SHARED_REFERENCE,ACTIVE
NG-NAM-ROA-000870,Gundic Crossing,Gundic Crossing,ROAD,SOURCE_DERIVED,surname:sn_040,Gundic,PERSON_SURNAME,prefix=NONE;suffix=Crossing,AVAILABLE,NoveGeo 700-place corpus + tribes + governed person-name seeds,SHARED_REFERENCE,ACTIVE
NG-NAM-ROA-000871,Gundoff Road,Gundoff Road,ROAD,SOURCE_DERIVED,surname:sn_041,Gundoff,PERSON_SURNAME,prefix=NONE;suffix=Road,AVAILABLE,NoveGeo 700-place corpus + tribes + governed person-name seeds,SHARED_REFERENCE,ACTIVE
NG-NAM-ROA-000872,Gundog Street,Gundog Street,ROAD,SOURCE_DERIVED,surname:sn_042,Gundog,PERSON_SURNAME,prefix=NONE;suffix=Street,AVAILABLE,NoveGeo 700-place corpus + tribes + governed person-name seeds,SHARED_REFERENCE,ACTIVE
NG-NAM-ROA-000873,Gundond Avenue,Gundond Avenue,ROAD,SOURCE_DERIVED,surname:sn_043,Gundond,PERSON_SURNAME,prefix=NONE;suffix=Avenue,AVAILABLE,NoveGeo 700-place corpus + tribes + governed person-name seeds,SHARED_REFERENCE,ACTIVE
NG-NAM-ROA-000874,Gundor Lane,Gundor Lane,ROAD,SOURCE_DERIVED,surname:sn_044,Gundor,PERSON_SURNAME,prefix=NONE;suffix=Lane,AVAILABLE,NoveGeo 700-place corpus + tribes + governed person-name seeds,SHARED_REFERENCE,ACTIVE
NG-NAM-ROA-000875,Gundov Drive,Gundov Drive,ROAD,SOURCE_DERIVED,surname:sn_045,Gundov,PERSON_SURNAME,prefix=NONE;suffix=Drive,AVAILABLE,NoveGeo 700-place corpus + tribes + governed person-name seeds,SHARED_REFERENCE,ACTIVE
NG-NAM-ROA-000876,Gundstein Way,Gundstein Way,ROAD,SOURCE_DERIVED,surname:sn_046,Gundstein,PERSON_SURNAME,prefix=NONE;suffix=Way,AVAILABLE,NoveGeo 700-place corpus + tribes + governed person-name seeds,SHARED_REFERENCE,ACTIVE
NG-NAM-ROA-000877,Gundus Boulevard,Gundus Boulevard,ROAD,SOURCE_DERIVED,surname:sn_047,Gundus,PERSON_SURNAME,prefix=NONE;suffix=Boulevard,AVAILABLE,NoveGeo 700-place corpus + tribes + governed person-name seeds,SHARED_REFERENCE,ACTIVE
NG-NAM-ROA-000878,Gund斯特 Highway,Gund斯特 Highway,ROAD,SOURCE_DERIVED,surname:sn_048,Gund斯特,PERSON_SURNAME,prefix=NONE;suffix=Highway,AVAILABLE,NoveGeo 700-place corpus + tribes + governed person-name seeds,SHARED_REFERENCE,ACTIVE
NG-NAM-ROA-000879,Krossach Junction,Krossach Junction,ROAD,SOURCE_DERIVED,surname:sn_049,Krossach,PERSON_SURNAME,prefix=NONE;suffix=Junction,AVAILABLE,NoveGeo 700-place corpus + tribes + governed person-name seeds,SHARED_REFERENCE,ACTIVE
NG-NAM-ROA-000880,Krossar Crossing,Krossar Crossing,ROAD,SOURCE_DERIVED,surname:sn_050,Krossar,PERSON_SURNAME,prefix=NONE;suffix=Crossing,AVAILABLE,NoveGeo 700-place corpus + tribes + governed person-name seeds,SHARED_REFERENCE,ACTIVE
NG-NAM-ROA-000881,Krossath Road,Krossath Road,ROAD,SOURCE_DERIVED,surname:sn_051,Krossath,PERSON_SURNAME,prefix=NONE;suffix=Road,AVAILABLE,NoveGeo 700-place corpus + tribes + governed person-name seeds,SHARED_REFERENCE,ACTIVE
NG-NAM-ROA-000882,Krossax Street,Krossax Street,ROAD,SOURCE_DERIVED,surname:sn_052,Krossax,PERSON_SURNAME,prefix=NONE;suffix=Street,AVAILABLE,NoveGeo 700-place corpus + tribes + governed person-name seeds,SHARED_REFERENCE,ACTIVE
NG-NAM-ROA-000883,Krossburg Avenue,Krossburg Avenue,ROAD,SOURCE_DERIVED,surname:sn_053,Krossburg,PERSON_SURNAME,prefix=NONE;suffix=Avenue,AVAILABLE,NoveGeo 700-place corpus + tribes + governed person-name seeds,SHARED_REFERENCE,ACTIVE
NG-NAM-ROA-000884,Krossen Lane,Krossen Lane,ROAD,SOURCE_DERIVED,surname:sn_054,Krossen,PERSON_SURNAME,prefix=NONE;suffix=Lane,AVAILABLE,NoveGeo 700-place corpus + tribes + governed person-name seeds,SHARED_REFERENCE,ACTIVE
NG-NAM-ROA-000885,Krosser Drive,Krosser Drive,ROAD,SOURCE_DERIVED,surname:sn_055,Krosser,PERSON_SURNAME,prefix=NONE;suffix=Drive,AVAILABLE,NoveGeo 700-place corpus + tribes + governed person-name seeds,SHARED_REFERENCE,ACTIVE
NG-NAM-ROA-000886,Krossic Way,Krossic Way,ROAD,SOURCE_DERIVED,surname:sn_056,Krossic,PERSON_SURNAME,prefix=NONE;suffix=Way,AVAILABLE,NoveGeo 700-place corpus + tribes + governed person-name seeds,SHARED_REFERENCE,ACTIVE
NG-NAM-ROA-000887,Krossoff Boulevard,Krossoff Boulevard,ROAD,SOURCE_DERIVED,surname:sn_057,Krossoff,PERSON_SURNAME,prefix=NONE;suffix=Boulevard,AVAILABLE,NoveGeo 700-place corpus + tribes + governed person-name seeds,SHARED_REFERENCE,ACTIVE
NG-NAM-ROA-000888,Krossog Highway,Krossog Highway,ROAD,SOURCE_DERIVED,surname:sn_058,Krossog,PERSON_SURNAME,prefix=NONE;suffix=Highway,AVAILABLE,NoveGeo 700-place corpus + tribes + governed person-name seeds,SHARED_REFERENCE,ACTIVE
NG-NAM-ROA-000889,Krossond Junction,Krossond Junction,ROAD,SOURCE_DERIVED,surname:sn_059,Krossond,PERSON_SURNAME,prefix=NONE;suffix=Junction,AVAILABLE,NoveGeo 700-place corpus + tribes + governed person-name seeds,SHARED_REFERENCE,ACTIVE
NG-NAM-ROA-000890,Krossor Crossing,Krossor Crossing,ROAD,SOURCE_DERIVED,surname:sn_060,Krossor,PERSON_SURNAME,prefix=NONE;suffix=Crossing,AVAILABLE,NoveGeo 700-place corpus + tribes + governed person-name seeds,SHARED_REFERENCE,ACTIVE
NG-NAM-ROA-000891,Krossov Road,Krossov Road,ROAD,SOURCE_DERIVED,surname:sn_061,Krossov,PERSON_SURNAME,prefix=NONE;suffix=Road,AVAILABLE,NoveGeo 700-place corpus + tribes + governed person-name seeds,SHARED_REFERENCE,ACTIVE
NG-NAM-ROA-000892,Krossstein Street,Krossstein Street,ROAD,SOURCE_DERIVED,surname:sn_062,Krossstein,PERSON_SURNAME,prefix=NONE;suffix=Street,AVAILABLE,NoveGeo 700-place corpus + tribes + governed person-name seeds,SHARED_REFERENCE,ACTIVE
NG-NAM-ROA-000893,Krossus Avenue,Krossus Avenue,ROAD,SOURCE_DERIVED,surname:sn_063,Krossus,PERSON_SURNAME,prefix=NONE;suffix=Avenue,AVAILABLE,NoveGeo 700-place corpus + tribes + governed person-name seeds,SHARED_REFERENCE,ACTIVE
NG-NAM-ROA-000894,Kross斯特 Lane,Kross斯特 Lane,ROAD,SOURCE_DERIVED,surname:sn_064,Kross斯特,PERSON_SURNAME,prefix=NONE;suffix=Lane,AVAILABLE,NoveGeo 700-place corpus + tribes + governed person-name seeds,SHARED_REFERENCE,ACTIVE
NG-NAM-ROA-000895,Varnach Drive,Varnach Drive,ROAD,SOURCE_DERIVED,surname:sn_065,Varnach,PERSON_SURNAME,prefix=NONE;suffix=Drive,AVAILABLE,NoveGeo 700-place corpus + tribes + governed person-name seeds,SHARED_REFERENCE,ACTIVE
NG-NAM-ROA-000896,Varnar Way,Varnar Way,ROAD,SOURCE_DERIVED,surname:sn_066,Varnar,PERSON_SURNAME,prefix=NONE;suffix=Way,AVAILABLE,NoveGeo 700-place corpus + tribes + governed person-name seeds,SHARED_REFERENCE,ACTIVE
NG-NAM-ROA-000897,Varnath Boulevard,Varnath Boulevard,ROAD,SOURCE_DERIVED,surname:sn_067,Varnath,PERSON_SURNAME,prefix=NONE;suffix=Boulevard,AVAILABLE,NoveGeo 700-place corpus + tribes + governed person-name seeds,SHARED_REFERENCE,ACTIVE
NG-NAM-ROA-000898,Varnax Highway,Varnax Highway,ROAD,SOURCE_DERIVED,surname:sn_068,Varnax,PERSON_SURNAME,prefix=NONE;suffix=Highway,AVAILABLE,NoveGeo 700-place corpus + tribes + governed person-name seeds,SHARED_REFERENCE,ACTIVE
NG-NAM-ROA-000899,Varnburg Junction,Varnburg Junction,ROAD,SOURCE_DERIVED,surname:sn_069,Varnburg,PERSON_SURNAME,prefix=NONE;suffix=Junction,AVAILABLE,NoveGeo 700-place corpus + tribes + governed person-name seeds,SHARED_REFERENCE,ACTIVE
NG-NAM-ROA-000900,Varnen Crossing,Varnen Crossing,ROAD,SOURCE_DERIVED,surname:sn_070,Varnen,PERSON_SURNAME,prefix=NONE;suffix=Crossing,AVAILABLE,NoveGeo 700-place corpus + tribes + governed person-name seeds,SHARED_REFERENCE,ACTIVE
NG-NAM-ROA-000901,Varner Road,Varner Road,ROAD,SOURCE_DERIVED,surname:sn_071,Varner,PERSON_SURNAME,prefix=NONE;suffix=Road,AVAILABLE,NoveGeo 700-place corpus + tribes + governed person-name seeds,SHARED_REFERENCE,ACTIVE
NG-NAM-ROA-000902,Varnic Street,Varnic Street,ROAD,SOURCE_DERIVED,surname:sn_072,Varnic,PERSON_SURNAME,prefix=NONE;suffix=Street,AVAILABLE,NoveGeo 700-place corpus + tribes + governed person-name seeds,SHARED_REFERENCE,ACTIVE
NG-NAM-ROA-000903,Varnoff Avenue,Varnoff Avenue,ROAD,SOURCE_DERIVED,surname:sn_073,Varnoff,PERSON_SURNAME,prefix=NONE;suffix=Avenue,AVAILABLE,NoveGeo 700-place corpus + tribes + governed person-name seeds,SHARED_REFERENCE,ACTIVE
NG-NAM-ROA-000904,Varnog Lane,Varnog Lane,ROAD,SOURCE_DERIVED,surname:sn_074,Varnog,PERSON_SURNAME,prefix=NONE;suffix=Lane,AVAILABLE,NoveGeo 700-place corpus + tribes + governed person-name seeds,SHARED_REFERENCE,ACTIVE
NG-NAM-ROA-000905,Varnond Drive,Varnond Drive,ROAD,SOURCE_DERIVED,surname:sn_075,Varnond,PERSON_SURNAME,prefix=NONE;suffix=Drive,AVAILABLE,NoveGeo 700-place corpus + tribes + governed person-name seeds,SHARED_REFERENCE,ACTIVE
NG-NAM-ROA-000906,Varnor Way,Varnor Way,ROAD,SOURCE_DERIVED,surname:sn_076,Varnor,PERSON_SURNAME,prefix=NONE;suffix=Way,AVAILABLE,NoveGeo 700-place corpus + tribes + governed person-name seeds,SHARED_REFERENCE,ACTIVE
NG-NAM-ROA-000907,Varnov Boulevard,Varnov Boulevard,ROAD,SOURCE_DERIVED,surname:sn_077,Varnov,PERSON_SURNAME,prefix=NONE;suffix=Boulevard,AVAILABLE,NoveGeo 700-place corpus + tribes + governed person-name seeds,SHARED_REFERENCE,ACTIVE
NG-NAM-ROA-000908,Varnstein Highway,Varnstein Highway,ROAD,SOURCE_DERIVED,surname:sn_078,Varnstein,PERSON_SURNAME,prefix=NONE;suffix=Highway,AVAILABLE,NoveGeo 700-place corpus + tribes + governed person-name seeds,SHARED_REFERENCE,ACTIVE
NG-NAM-ROA-000909,Varnus Junction,Varnus Junction,ROAD,SOURCE_DERIVED,surname:sn_079,Varnus,PERSON_SURNAME,prefix=NONE;suffix=Junction,AVAILABLE,NoveGeo 700-place corpus + tribes + governed person-name seeds,SHARED_REFERENCE,ACTIVE
NG-NAM-ROA-000910,Varn斯特 Crossing,Varn斯特 Crossing,ROAD,SOURCE_DERIVED,surname:sn_080,Varn斯特,PERSON_SURNAME,prefix=NONE;suffix=Crossing,AVAILABLE,NoveGeo 700-place corpus + tribes + governed person-name seeds,SHARED_REFERENCE,ACTIVE
NG-NAM-ROA-000911,Aela Road,Aela Road,ROAD,SOURCE_DERIVED,surname:sn_081,Aela,PERSON_SURNAME,prefix=NONE;suffix=Road,AVAILABLE,NoveGeo 700-place corpus + tribes + governed person-name seeds,SHARED_REFERENCE,ACTIVE
NG-NAM-ROA-000912,Aelal Street,Aelal Street,ROAD,SOURCE_DERIVED,surname:sn_082,Aelal,PERSON_SURNAME,prefix=NONE;suffix=Street,AVAILABLE,NoveGeo 700-place corpus + tribes + governed person-name seeds,SHARED_REFERENCE,ACTIVE
NG-NAM-ROA-000913,Aeland Avenue,Aeland Avenue,ROAD,SOURCE_DERIVED,surname:sn_083,Aeland,PERSON_SURNAME,prefix=NONE;suffix=Avenue,AVAILABLE,NoveGeo 700-place corpus + tribes + governed person-name seeds,SHARED_REFERENCE,ACTIVE
NG-NAM-ROA-000914,Aelas Lane,Aelas Lane,ROAD,SOURCE_DERIVED,surname:sn_084,Aelas,PERSON_SURNAME,prefix=NONE;suffix=Lane,AVAILABLE,NoveGeo 700-place corpus + tribes + governed person-name seeds,SHARED_REFERENCE,ACTIVE
NG-NAM-ROA-000915,Aelel Drive,Aelel Drive,ROAD,SOURCE_DERIVED,surname:sn_085,Aelel,PERSON_SURNAME,prefix=NONE;suffix=Drive,AVAILABLE,NoveGeo 700-place corpus + tribes + governed person-name seeds,SHARED_REFERENCE,ACTIVE
NG-NAM-ROA-000916,Aelen Way,Aelen Way,ROAD,SOURCE_DERIVED,surname:sn_086,Aelen,PERSON_SURNAME,prefix=NONE;suffix=Way,AVAILABLE,NoveGeo 700-place corpus + tribes + governed person-name seeds,SHARED_REFERENCE,ACTIVE
NG-NAM-ROA-000917,Aelia Boulevard,Aelia Boulevard,ROAD,SOURCE_DERIVED,surname:sn_087,Aelia,PERSON_SURNAME,prefix=NONE;suffix=Boulevard,AVAILABLE,NoveGeo 700-place corpus + tribes + governed person-name seeds,SHARED_REFERENCE,ACTIVE
NG-NAM-ROA-000918,Aelian Highway,Aelian Highway,ROAD,SOURCE_DERIVED,surname:sn_088,Aelian,PERSON_SURNAME,prefix=NONE;suffix=Highway,AVAILABLE,NoveGeo 700-place corpus + tribes + governed person-name seeds,SHARED_REFERENCE,ACTIVE
NG-NAM-ROA-000919,Aeliel Junction,Aeliel Junction,ROAD,SOURCE_DERIVED,surname:sn_089,Aeliel,PERSON_SURNAME,prefix=NONE;suffix=Junction,AVAILABLE,NoveGeo 700-place corpus + tribes + governed person-name seeds,SHARED_REFERENCE,ACTIVE
NG-NAM-ROA-000920,Aelis Crossing,Aelis Crossing,ROAD,SOURCE_DERIVED,surname:sn_090,Aelis,PERSON_SURNAME,prefix=NONE;suffix=Crossing,AVAILABLE,NoveGeo 700-place corpus + tribes + governed person-name seeds,SHARED_REFERENCE,ACTIVE
NG-NAM-ROA-000921,Aelon Road,Aelon Road,ROAD,SOURCE_DERIVED,surname:sn_091,Aelon,PERSON_SURNAME,prefix=NONE;suffix=Road,AVAILABLE,NoveGeo 700-place corpus + tribes + governed person-name seeds,SHARED_REFERENCE,ACTIVE
NG-NAM-ROA-000922,Aelond Street,Aelond Street,ROAD,SOURCE_DERIVED,surname:sn_092,Aelond,PERSON_SURNAME,prefix=NONE;suffix=Street,AVAILABLE,NoveGeo 700-place corpus + tribes + governed person-name seeds,SHARED_REFERENCE,ACTIVE
NG-NAM-ROA-000923,Aelor Avenue,Aelor Avenue,ROAD,SOURCE_DERIVED,surname:sn_093,Aelor,PERSON_SURNAME,prefix=NONE;suffix=Avenue,AVAILABLE,NoveGeo 700-place corpus + tribes + governed person-name seeds,SHARED_REFERENCE,ACTIVE
NG-NAM-ROA-000924,Aelth Lane,Aelth Lane,ROAD,SOURCE_DERIVED,surname:sn_094,Aelth,PERSON_SURNAME,prefix=NONE;suffix=Lane,AVAILABLE,NoveGeo 700-place corpus + tribes + governed person-name seeds,SHARED_REFERENCE,ACTIVE
NG-NAM-ROA-000925,Aelus Drive,Aelus Drive,ROAD,SOURCE_DERIVED,surname:sn_095,Aelus,PERSON_SURNAME,prefix=NONE;suffix=Drive,AVAILABLE,NoveGeo 700-place corpus + tribes + governed person-name seeds,SHARED_REFERENCE,ACTIVE
NG-NAM-ROA-000926,Aelwyn Way,Aelwyn Way,ROAD,SOURCE_DERIVED,surname:sn_096,Aelwyn,PERSON_SURNAME,prefix=NONE;suffix=Way,AVAILABLE,NoveGeo 700-place corpus + tribes + governed person-name seeds,SHARED_REFERENCE,ACTIVE
NG-NAM-ROA-000927,Illya Boulevard,Illya Boulevard,ROAD,SOURCE_DERIVED,surname:sn_097,Illya,PERSON_SURNAME,prefix=NONE;suffix=Boulevard,AVAILABLE,NoveGeo 700-place corpus + tribes + governed person-name seeds,SHARED_REFERENCE,ACTIVE
NG-NAM-ROA-000928,Illyal Highway,Illyal Highway,ROAD,SOURCE_DERIVED,surname:sn_098,Illyal,PERSON_SURNAME,prefix=NONE;suffix=Highway,AVAILABLE,NoveGeo 700-place corpus + tribes + governed person-name seeds,SHARED_REFERENCE,ACTIVE
NG-NAM-ROA-000929,Illyand Junction,Illyand Junction,ROAD,SOURCE_DERIVED,surname:sn_099,Illyand,PERSON_SURNAME,prefix=NONE;suffix=Junction,AVAILABLE,NoveGeo 700-place corpus + tribes + governed person-name seeds,SHARED_REFERENCE,ACTIVE
NG-NAM-ROA-000930,Illyas Crossing,Illyas Crossing,ROAD,SOURCE_DERIVED,surname:sn_100,Illyas,PERSON_SURNAME,prefix=NONE;suffix=Crossing,AVAILABLE,NoveGeo 700-place corpus + tribes + governed person-name seeds,SHARED_REFERENCE,ACTIVE
NG-NAM-ROA-000931,Illyel Road,Illyel Road,ROAD,SOURCE_DERIVED,surname:sn_101,Illyel,PERSON_SURNAME,prefix=NONE;suffix=Road,AVAILABLE,NoveGeo 700-place corpus + tribes + governed person-name seeds,SHARED_REFERENCE,ACTIVE
NG-NAM-ROA-000932,Illyen Street,Illyen Street,ROAD,SOURCE_DERIVED,surname:sn_102,Illyen,PERSON_SURNAME,prefix=NONE;suffix=Street,AVAILABLE,NoveGeo 700-place corpus + tribes + governed person-name seeds,SHARED_REFERENCE,ACTIVE
NG-NAM-ROA-000933,Illyia Avenue,Illyia Avenue,ROAD,SOURCE_DERIVED,surname:sn_103,Illyia,PERSON_SURNAME,prefix=NONE;suffix=Avenue,AVAILABLE,NoveGeo 700-place corpus + tribes + governed person-name seeds,SHARED_REFERENCE,ACTIVE
NG-NAM-ROA-000934,Illyian Lane,Illyian Lane,ROAD,SOURCE_DERIVED,surname:sn_104,Illyian,PERSON_SURNAME,prefix=NONE;suffix=Lane,AVAILABLE,NoveGeo 700-place corpus + tribes + governed person-name seeds,SHARED_REFERENCE,ACTIVE
NG-NAM-ROA-000935,Illyiel Drive,Illyiel Drive,ROAD,SOURCE_DERIVED,surname:sn_105,Illyiel,PERSON_SURNAME,prefix=NONE;suffix=Drive,AVAILABLE,NoveGeo 700-place corpus + tribes + governed person-name seeds,SHARED_REFERENCE,ACTIVE
NG-NAM-ROA-000936,Illyis Way,Illyis Way,ROAD,SOURCE_DERIVED,surname:sn_106,Illyis,PERSON_SURNAME,prefix=NONE;suffix=Way,AVAILABLE,NoveGeo 700-place corpus + tribes + governed person-name seeds,SHARED_REFERENCE,ACTIVE
NG-NAM-ROA-000937,Illyon Boulevard,Illyon Boulevard,ROAD,SOURCE_DERIVED,surname:sn_107,Illyon,PERSON_SURNAME,prefix=NONE;suffix=Boulevard,AVAILABLE,NoveGeo 700-place corpus + tribes + governed person-name seeds,SHARED_REFERENCE,ACTIVE
NG-NAM-ROA-000938,Illyond Highway,Illyond Highway,ROAD,SOURCE_DERIVED,surname:sn_108,Illyond,PERSON_SURNAME,prefix=NONE;suffix=Highway,AVAILABLE,NoveGeo 700-place corpus + tribes + governed person-name seeds,SHARED_REFERENCE,ACTIVE
NG-NAM-ROA-000939,Illyor Junction,Illyor Junction,ROAD,SOURCE_DERIVED,surname:sn_109,Illyor,PERSON_SURNAME,prefix=NONE;suffix=Junction,AVAILABLE,NoveGeo 700-place corpus + tribes + governed person-name seeds,SHARED_REFERENCE,ACTIVE
NG-NAM-ROA-000940,Illyth Crossing,Illyth Crossing,ROAD,SOURCE_DERIVED,surname:sn_110,Illyth,PERSON_SURNAME,prefix=NONE;suffix=Crossing,AVAILABLE,NoveGeo 700-place corpus + tribes + governed person-name seeds,SHARED_REFERENCE,ACTIVE
NG-NAM-ROA-000941,Illyus Road,Illyus Road,ROAD,SOURCE_DERIVED,surname:sn_111,Illyus,PERSON_SURNAME,prefix=NONE;suffix=Road,AVAILABLE,NoveGeo 700-place corpus + tribes + governed person-name seeds,SHARED_REFERENCE,ACTIVE
NG-NAM-ROA-000942,Illywyn Street,Illywyn Street,ROAD,SOURCE_DERIVED,surname:sn_112,Illywyn,PERSON_SURNAME,prefix=NONE;suffix=Street,AVAILABLE,NoveGeo 700-place corpus + tribes + governed person-name seeds,SHARED_REFERENCE,ACTIVE
NG-NAM-ROA-000943,Lyra Avenue,Lyra Avenue,ROAD,SOURCE_DERIVED,surname:sn_113,Lyra,PERSON_SURNAME,prefix=NONE;suffix=Avenue,AVAILABLE,NoveGeo 700-place corpus + tribes + governed person-name seeds,SHARED_REFERENCE,ACTIVE
NG-NAM-ROA-000944,Lyral Lane,Lyral Lane,ROAD,SOURCE_DERIVED,surname:sn_114,Lyral,PERSON_SURNAME,prefix=NONE;suffix=Lane,AVAILABLE,NoveGeo 700-place corpus + tribes + governed person-name seeds,SHARED_REFERENCE,ACTIVE
NG-NAM-ROA-000945,Lyrand Drive,Lyrand Drive,ROAD,SOURCE_DERIVED,surname:sn_115,Lyrand,PERSON_SURNAME,prefix=NONE;suffix=Drive,AVAILABLE,NoveGeo 700-place corpus + tribes + governed person-name seeds,SHARED_REFERENCE,ACTIVE
NG-NAM-ROA-000946,Lyras Way,Lyras Way,ROAD,SOURCE_DERIVED,surname:sn_116,Lyras,PERSON_SURNAME,prefix=NONE;suffix=Way,AVAILABLE,NoveGeo 700-place corpus + tribes + governed person-name seeds,SHARED_REFERENCE,ACTIVE
NG-NAM-ROA-000947,Lyrel Boulevard,Lyrel Boulevard,ROAD,SOURCE_DERIVED,surname:sn_117,Lyrel,PERSON_SURNAME,prefix=NONE;suffix=Boulevard,AVAILABLE,NoveGeo 700-place corpus + tribes + governed person-name seeds,SHARED_REFERENCE,ACTIVE
NG-NAM-ROA-000948,Lyren Highway,Lyren Highway,ROAD,SOURCE_DERIVED,surname:sn_118,Lyren,PERSON_SURNAME,prefix=NONE;suffix=Highway,AVAILABLE,NoveGeo 700-place corpus + tribes + governed person-name seeds,SHARED_REFERENCE,ACTIVE
NG-NAM-ROA-000949,Lyria Junction,Lyria Junction,ROAD,SOURCE_DERIVED,surname:sn_119,Lyria,PERSON_SURNAME,prefix=NONE;suffix=Junction,AVAILABLE,NoveGeo 700-place corpus + tribes + governed person-name seeds,SHARED_REFERENCE,ACTIVE
NG-NAM-ROA-000950,Lyrian Crossing,Lyrian Crossing,ROAD,SOURCE_DERIVED,surname:sn_120,Lyrian,PERSON_SURNAME,prefix=NONE;suffix=Crossing,AVAILABLE,NoveGeo 700-place corpus + tribes + governed person-name seeds,SHARED_REFERENCE,ACTIVE
NG-NAM-ROA-000951,Vondor Road,Vondor Road,ROAD,SOURCE_DERIVED,trb_001,Vondoria,TRIBE,prefix=NONE;suffix=Road,AVAILABLE,NoveGeo 700-place corpus + tribes + governed person-name seeds,SHARED_REFERENCE,ACTIVE
NG-NAM-ROA-000952,Kaelenor Street,Kaelenor Street,ROAD,SOURCE_DERIVED,trb_002,Kaelenor,TRIBE,prefix=NONE;suffix=Street,AVAILABLE,NoveGeo 700-place corpus + tribes + governed person-name seeds,SHARED_REFERENCE,ACTIVE
NG-NAM-ROA-000953,Zul-Bari Avenue,Zul-Bari Avenue,ROAD,SOURCE_DERIVED,trb_003,Zul-Bari,TRIBE,prefix=NONE;suffix=Avenue,AVAILABLE,NoveGeo 700-place corpus + tribes + governed person-name seeds,SHARED_REFERENCE,ACTIVE
NG-NAM-ROA-000954,Ash'Tekka Lane,Ash'Tekka Lane,ROAD,SOURCE_DERIVED,trb_004,Ash'Tekka,TRIBE,prefix=NONE;suffix=Lane,AVAILABLE,NoveGeo 700-place corpus + tribes + governed person-name seeds,SHARED_REFERENCE,ACTIVE
NG-NAM-ROA-000955,Østgard Drive,Ostgard Drive,ROAD,SOURCE_DERIVED,trb_005,Østgard,TRIBE,prefix=NONE;suffix=Drive,AVAILABLE,NoveGeo 700-place corpus + tribes + governed person-name seeds,SHARED_REFERENCE,ACTIVE
NG-NAM-ROA-000956,Mar-Saba Way,Mar-Saba Way,ROAD,SOURCE_DERIVED,trb_006,Mar-Saba,TRIBE,prefix=NONE;suffix=Way,AVAILABLE,NoveGeo 700-place corpus + tribes + governed person-name seeds,SHARED_REFERENCE,ACTIVE
NG-NAM-ROA-000957,Nyandura Boulevard,Nyandura Boulevard,ROAD,SOURCE_DERIVED,trb_007,Nyandura,TRIBE,prefix=NONE;suffix=Boulevard,AVAILABLE,NoveGeo 700-place corpus + tribes + governed person-name seeds,SHARED_REFERENCE,ACTIVE
NG-NAM-ROA-000958,Lysand Highway,Lysand Highway,ROAD,SOURCE_DERIVED,trb_008,Lysandia,TRIBE,prefix=NONE;suffix=Highway,AVAILABLE,NoveGeo 700-place corpus + tribes + governed person-name seeds,SHARED_REFERENCE,ACTIVE
NG-NAM-ROA-000959,Tross-Varn Junction,Tross-Varn Junction,ROAD,SOURCE_DERIVED,trb_009,Tross-Varn,TRIBE,prefix=NONE;suffix=Junction,AVAILABLE,NoveGeo 700-place corpus + tribes + governed person-name seeds,SHARED_REFERENCE,ACTIVE
NG-NAM-ROA-000960,El-Morh Crossing,El-Morh Crossing,ROAD,SOURCE_DERIVED,trb_010,El-Moriah,TRIBE,prefix=NONE;suffix=Crossing,AVAILABLE,NoveGeo 700-place corpus + tribes + governed person-name seeds,SHARED_REFERENCE,ACTIVE
NG-NAM-ROA-000961,Orivane Capital Territory Road,Orivane Capital Territory Road,ROAD,SOURCE_DERIVED,NGR-01,Orivane Capital Territory,REGION,prefix=NONE;suffix=Road,AVAILABLE,NoveGeo 700-place corpus + tribes + governed person-name seeds,SHARED_REFERENCE,ACTIVE
NG-NAM-ROA-000962,Aelvar Highlands Street,Aelvar Highlands Street,ROAD,SOURCE_DERIVED,NGR-02,Aelvar Highlands,REGION,prefix=NONE;suffix=Street,AVAILABLE,NoveGeo 700-place corpus + tribes + governed person-name seeds,SHARED_REFERENCE,ACTIVE
NG-NAM-ROA-000963,Vondrel Plateau Avenue,Vondrel Plateau Avenue,ROAD,SOURCE_DERIVED,NGR-03,Vondrel Plateau,REGION,prefix=NONE;suffix=Avenue,AVAILABLE,NoveGeo 700-place corpus + tribes + governed person-name seeds,SHARED_REFERENCE,ACTIVE
NG-NAM-ROA-000964,Nyara Basin Lane,Nyara Basin Lane,ROAD,SOURCE_DERIVED,NGR-04,Nyara Basin,REGION,prefix=NONE;suffix=Lane,AVAILABLE,NoveGeo 700-place corpus + tribes + governed person-name seeds,SHARED_REFERENCE,ACTIVE
NG-NAM-ROA-000965,Tekhara Rainbelt Drive,Tekhara Rainbelt Drive,ROAD,SOURCE_DERIVED,NGR-05,Tekhara Rainbelt,REGION,prefix=NONE;suffix=Drive,AVAILABLE,NoveGeo 700-place corpus + tribes + governed person-name seeds,SHARED_REFERENCE,ACTIVE
NG-NAM-ROA-000966,Barazin Drylands Way,Barazin Drylands Way,ROAD,SOURCE_DERIVED,NGR-06,Barazin Drylands,REGION,prefix=NONE;suffix=Way,AVAILABLE,NoveGeo 700-place corpus + tribes + governed person-name seeds,SHARED_REFERENCE,ACTIVE
NG-NAM-ROA-000967,Lysaran Coast Boulevard,Lysaran Coast Boulevard,ROAD,SOURCE_DERIVED,NGR-07,Lysaran Coast,REGION,prefix=NONE;suffix=Boulevard,AVAILABLE,NoveGeo 700-place corpus + tribes + governed person-name seeds,SHARED_REFERENCE,ACTIVE
NG-NAM-ROA-000968,Sabaran Gulf Highway,Sabaran Gulf Highway,ROAD,SOURCE_DERIVED,NGR-08,Sabaran Gulf,REGION,prefix=NONE;suffix=Highway,AVAILABLE,NoveGeo 700-place corpus + tribes + governed person-name seeds,SHARED_REFERENCE,ACTIVE
NG-NAM-ROA-000969,Orivane Junction,Orivane Junction,ROAD,SOURCE_DERIVED,NGP-000001,Orivane,PLACE,prefix=NONE;suffix=Junction,AVAILABLE,NoveGeo 700-place corpus + tribes + governed person-name seeds,SHARED_REFERENCE,ACTIVE
NG-NAM-ROA-000970,Bellwether Crossing,Bellwether Crossing,ROAD,SOURCE_DERIVED,NGP-000002,Bellwether,PLACE,prefix=NONE;suffix=Crossing,AVAILABLE,NoveGeo 700-place corpus + tribes + governed person-name seeds,SHARED_REFERENCE,ACTIVE
NG-NAM-ROA-000971,New Carrow Road,New Carrow Road,ROAD,SOURCE_DERIVED,NGP-000003,New Carrow,PLACE,prefix=NONE;suffix=Road,AVAILABLE,NoveGeo 700-place corpus + tribes + governed person-name seeds,SHARED_REFERENCE,ACTIVE
NG-NAM-ROA-000972,East Meridian Street,East Meridian Street,ROAD,SOURCE_DERIVED,NGP-000004,East Meridian,PLACE,prefix=NONE;suffix=Street,AVAILABLE,NoveGeo 700-place corpus + tribes + governed person-name seeds,SHARED_REFERENCE,ACTIVE
NG-NAM-ROA-000973,Orivane Central Avenue,Orivane Central Avenue,ROAD,SOURCE_DERIVED,NGP-000005,Orivane Central,PLACE,prefix=NONE;suffix=Avenue,AVAILABLE,NoveGeo 700-place corpus + tribes + governed person-name seeds,SHARED_REFERENCE,ACTIVE
NG-NAM-ROA-000974,Civic Crescent Lane,Civic Crescent Lane,ROAD,SOURCE_DERIVED,NGP-000006,Civic Crescent,PLACE,prefix=NONE;suffix=Lane,AVAILABLE,NoveGeo 700-place corpus + tribes + governed person-name seeds,SHARED_REFERENCE,ACTIVE
NG-NAM-ROA-000975,Parliament Hill Drive,Parliament Hill Drive,ROAD,SOURCE_DERIVED,NGP-000007,Parliament Hill,PLACE,prefix=NONE;suffix=Drive,AVAILABLE,NoveGeo 700-place corpus + tribes + governed person-name seeds,SHARED_REFERENCE,ACTIVE
NG-NAM-ROA-000976,Meridian Exchange Way,Meridian Exchange Way,ROAD,SOURCE_DERIVED,NGP-000008,Meridian Exchange,PLACE,prefix=NONE;suffix=Way,AVAILABLE,NoveGeo 700-place corpus + tribes + governed person-name seeds,SHARED_REFERENCE,ACTIVE
NG-NAM-ROA-000977,Old Orivane Boulevard,Old Orivane Boulevard,ROAD,SOURCE_DERIVED,NGP-000009,Old Orivane,PLACE,prefix=NONE;suffix=Boulevard,AVAILABLE,NoveGeo 700-place corpus + tribes + governed person-name seeds,SHARED_REFERENCE,ACTIVE
NG-NAM-ROA-000978,Northmere Quarter Highway,Northmere Quarter Highway,ROAD,SOURCE_DERIVED,NGP-000010,Northmere Quarter,PLACE,prefix=NONE;suffix=Highway,AVAILABLE,NoveGeo 700-place corpus + tribes + governed person-name seeds,SHARED_REFERENCE,ACTIVE
NG-NAM-ROA-000979,Embassy Arc Junction,Embassy Arc Junction,ROAD,SOURCE_DERIVED,NGP-000011,Embassy Arc,PLACE,prefix=NONE;suffix=Junction,AVAILABLE,NoveGeo 700-place corpus + tribes + governed person-name seeds,SHARED_REFERENCE,ACTIVE
NG-NAM-ROA-000980,University Ring Crossing,University Ring Crossing,ROAD,SOURCE_DERIVED,NGP-000012,University Ring,PLACE,prefix=NONE;suffix=Crossing,AVAILABLE,NoveGeo 700-place corpus + tribes + governed person-name seeds,SHARED_REFERENCE,ACTIVE
NG-NAM-ROA-000981,Vondrel Gardens Road,Vondrel Gardens Road,ROAD,SOURCE_DERIVED,NGP-000013,Vondrel Gardens,PLACE,prefix=NONE;suffix=Road,AVAILABLE,NoveGeo 700-place corpus + tribes + governed person-name seeds,SHARED_REFERENCE,ACTIVE
NG-NAM-ROA-000982,Lysara Heights Street,Lysara Heights Street,ROAD,SOURCE_DERIVED,NGP-000014,Lysara Heights,PLACE,prefix=NONE;suffix=Street,AVAILABLE,NoveGeo 700-place corpus + tribes + governed person-name seeds,SHARED_REFERENCE,ACTIVE
NG-NAM-ROA-000983,Varenza Avenue,Varenza Avenue,ROAD,SOURCE_DERIVED,NGP-000015,Varenza,PLACE,prefix=NONE;suffix=Avenue,AVAILABLE,NoveGeo 700-place corpus + tribes + governed person-name seeds,SHARED_REFERENCE,ACTIVE
NG-NAM-ROA-000984,Tekhara Gardens Lane,Tekhara Gardens Lane,ROAD,SOURCE_DERIVED,NGP-000016,Tekhara Gardens,PLACE,prefix=NONE;suffix=Lane,AVAILABLE,NoveGeo 700-place corpus + tribes + governed person-name seeds,SHARED_REFERENCE,ACTIVE
NG-NAM-ROA-000985,Elvarin Drive,Elvarin Drive,ROAD,SOURCE_DERIVED,NGP-000017,Elvarin,PLACE,prefix=NONE;suffix=Drive,AVAILABLE,NoveGeo 700-place corpus + tribes + governed person-name seeds,SHARED_REFERENCE,ACTIVE
NG-NAM-ROA-000986,Nyavelle Way,Nyavelle Way,ROAD,SOURCE_DERIVED,NGP-000018,Nyavelle,PLACE,prefix=NONE;suffix=Way,AVAILABLE,NoveGeo 700-place corpus + tribes + governed person-name seeds,SHARED_REFERENCE,ACTIVE
NG-NAM-ROA-000987,Moraen Park Boulevard,Moraen Park Boulevard,ROAD,SOURCE_DERIVED,NGP-000019,Moraen Park,PLACE,prefix=NONE;suffix=Boulevard,AVAILABLE,NoveGeo 700-place corpus + tribes + governed person-name seeds,SHARED_REFERENCE,ACTIVE
NG-NAM-ROA-000988,Tekkai Highway,Tekkai Highway,ROAD,SOURCE_DERIVED,NGP-000020,Tekkai,PLACE,prefix=NONE;suffix=Highway,AVAILABLE,NoveGeo 700-place corpus + tribes + governed person-name seeds,SHARED_REFERENCE,ACTIVE
NG-NAM-ROA-000989,Vondel Ridge Junction,Vondel Ridge Junction,ROAD,SOURCE_DERIVED,NGP-000021,Vondel Ridge,PLACE,prefix=NONE;suffix=Junction,AVAILABLE,NoveGeo 700-place corpus + tribes + governed person-name seeds,SHARED_REFERENCE,ACTIVE
NG-NAM-ROA-000990,Aelmar Crossing,Aelmar Crossing,ROAD,SOURCE_DERIVED,NGP-000022,Aelmar,PLACE,prefix=NONE;suffix=Crossing,AVAILABLE,NoveGeo 700-place corpus + tribes + governed person-name seeds,SHARED_REFERENCE,ACTIVE
NG-NAM-ROA-000991,Sabaro Road,Sabaro Road,ROAD,SOURCE_DERIVED,NGP-000023,Sabaro,PLACE,prefix=NONE;suffix=Road,AVAILABLE,NoveGeo 700-place corpus + tribes + governed person-name seeds,SHARED_REFERENCE,ACTIVE
NG-NAM-ROA-000992,Trossgate Street,Trossgate Street,ROAD,SOURCE_DERIVED,NGP-000024,Trossgate,PLACE,prefix=NONE;suffix=Street,AVAILABLE,NoveGeo 700-place corpus + tribes + governed person-name seeds,SHARED_REFERENCE,ACTIVE
NG-NAM-ROA-000993,Ashbourne Avenue,Ashbourne Avenue,ROAD,SOURCE_DERIVED,NGP-000025,Ashbourne,PLACE,prefix=NONE;suffix=Avenue,AVAILABLE,NoveGeo 700-place corpus + tribes + governed person-name seeds,SHARED_REFERENCE,ACTIVE
NG-NAM-ROA-000994,Crescenton Lane,Crescenton Lane,ROAD,SOURCE_DERIVED,NGP-000026,Crescenton,PLACE,prefix=NONE;suffix=Lane,AVAILABLE,NoveGeo 700-place corpus + tribes + governed person-name seeds,SHARED_REFERENCE,ACTIVE
NG-NAM-ROA-000995,Elmtree Drive,Elmtree Drive,ROAD,SOURCE_DERIVED,NGP-000027,Elmtree,PLACE,prefix=NONE;suffix=Drive,AVAILABLE,NoveGeo 700-place corpus + tribes + governed person-name seeds,SHARED_REFERENCE,ACTIVE
NG-NAM-ROA-000996,Faircross Way,Faircross Way,ROAD,SOURCE_DERIVED,NGP-000028,Faircross,PLACE,prefix=NONE;suffix=Way,AVAILABLE,NoveGeo 700-place corpus + tribes + governed person-name seeds,SHARED_REFERENCE,ACTIVE
NG-NAM-ROA-000997,Kingswell Boulevard,Kingswell Boulevard,ROAD,SOURCE_DERIVED,NGP-000029,Kingswell,PLACE,prefix=NONE;suffix=Boulevard,AVAILABLE,NoveGeo 700-place corpus + tribes + governed person-name seeds,SHARED_REFERENCE,ACTIVE
NG-NAM-ROA-000998,Brackenford Highway,Brackenford Highway,ROAD,SOURCE_DERIVED,NGP-000030,Brackenford,PLACE,prefix=NONE;suffix=Highway,AVAILABLE,NoveGeo 700-place corpus + tribes + governed person-name seeds,SHARED_REFERENCE,ACTIVE
NG-NAM-ROA-000999,Rosehaven Junction,Rosehaven Junction,ROAD,SOURCE_DERIVED,NGP-000031,Rosehaven,PLACE,prefix=NONE;suffix=Junction,AVAILABLE,NoveGeo 700-place corpus + tribes + governed person-name seeds,SHARED_REFERENCE,ACTIVE
NG-NAM-ROA-001000,Claybourne Crossing,Claybourne Crossing,ROAD,SOURCE_DERIVED,NGP-000032,Claybourne,PLACE,prefix=NONE;suffix=Crossing,AVAILABLE,NoveGeo 700-place corpus + tribes + governed person-name seeds,SHARED_REFERENCE,ACTIVE
NG-NAM-ROA-001001,Newstead Road,Newstead Road,ROAD,SOURCE_DERIVED,NGP-000033,Newstead,PLACE,prefix=NONE;suffix=Road,AVAILABLE,NoveGeo 700-place corpus + tribes + governed person-name seeds,SHARED_REFERENCE,ACTIVE
NG-NAM-ROA-001002,Larkspur Street,Larkspur Street,ROAD,SOURCE_DERIVED,NGP-000034,Larkspur,PLACE,prefix=NONE;suffix=Street,AVAILABLE,NoveGeo 700-place corpus + tribes + governed person-name seeds,SHARED_REFERENCE,ACTIVE
NG-NAM-ROA-001003,Eastbridge Avenue,Eastbridge Avenue,ROAD,SOURCE_DERIVED,NGP-000035,Eastbridge,PLACE,prefix=NONE;suffix=Avenue,AVAILABLE,NoveGeo 700-place corpus + tribes + governed person-name seeds,SHARED_REFERENCE,ACTIVE
NG-NAM-ROA-001004,Hillmark Lane,Hillmark Lane,ROAD,SOURCE_DERIVED,NGP-000036,Hillmark,PLACE,prefix=NONE;suffix=Lane,AVAILABLE,NoveGeo 700-place corpus + tribes + governed person-name seeds,SHARED_REFERENCE,ACTIVE
NG-NAM-ROA-001005,Greyhaven Drive,Greyhaven Drive,ROAD,SOURCE_DERIVED,NGP-000037,Greyhaven,PLACE,prefix=NONE;suffix=Drive,AVAILABLE,NoveGeo 700-place corpus + tribes + governed person-name seeds,SHARED_REFERENCE,ACTIVE
NG-NAM-ROA-001006,Willowgate Way,Willowgate Way,ROAD,SOURCE_DERIVED,NGP-000038,Willowgate,PLACE,prefix=NONE;suffix=Way,AVAILABLE,NoveGeo 700-place corpus + tribes + governed person-name seeds,SHARED_REFERENCE,ACTIVE
NG-NAM-ROA-001007,Stoneleigh Boulevard,Stoneleigh Boulevard,ROAD,SOURCE_DERIVED,NGP-000039,Stoneleigh,PLACE,prefix=NONE;suffix=Boulevard,AVAILABLE,NoveGeo 700-place corpus + tribes + governed person-name seeds,SHARED_REFERENCE,ACTIVE
NG-NAM-ROA-001008,Maple Junction Highway,Maple Junction Highway,ROAD,SOURCE_DERIVED,NGP-000040,Maple Junction,PLACE,prefix=NONE;suffix=Highway,AVAILABLE,NoveGeo 700-place corpus + tribes + governed person-name seeds,SHARED_REFERENCE,ACTIVE
NG-NAM-ROA-001009,South Bell Junction,South Bell Junction,ROAD,SOURCE_DERIVED,NGP-000041,South Bell,PLACE,prefix=NONE;suffix=Junction,AVAILABLE,NoveGeo 700-place corpus + tribes + governed person-name seeds,SHARED_REFERENCE,ACTIVE
NG-NAM-ROA-001010,Orchard End Crossing,Orchard End Crossing,ROAD,SOURCE_DERIVED,NGP-000042,Orchard End,PLACE,prefix=NONE;suffix=Crossing,AVAILABLE,NoveGeo 700-place corpus + tribes + governed person-name seeds,SHARED_REFERENCE,ACTIVE
NG-NAM-ROA-001011,Carrowfield Road,Carrowfield Road,ROAD,SOURCE_DERIVED,NGP-000043,Carrowfield,PLACE,prefix=NONE;suffix=Road,AVAILABLE,NoveGeo 700-place corpus + tribes + governed person-name seeds,SHARED_REFERENCE,ACTIVE
NG-NAM-ROA-001012,West Carrow Street,West Carrow Street,ROAD,SOURCE_DERIVED,NGP-000044,West Carrow,PLACE,prefix=NONE;suffix=Street,AVAILABLE,NoveGeo 700-place corpus + tribes + governed person-name seeds,SHARED_REFERENCE,ACTIVE
NG-NAM-ROA-001013,Low Crescent Avenue,Low Crescent Avenue,ROAD,SOURCE_DERIVED,NGP-000045,Low Crescent,PLACE,prefix=NONE;suffix=Avenue,AVAILABLE,NoveGeo 700-place corpus + tribes + governed person-name seeds,SHARED_REFERENCE,ACTIVE
NG-NAM-ROA-001014,Meridian Gate Lane,Meridian Gate Lane,ROAD,SOURCE_DERIVED,NGP-000046,Meridian Gate,PLACE,prefix=NONE;suffix=Lane,AVAILABLE,NoveGeo 700-place corpus + tribes + governed person-name seeds,SHARED_REFERENCE,ACTIVE
NG-NAM-ROA-001015,Railview Drive,Railview Drive,ROAD,SOURCE_DERIVED,NGP-000047,Railview,PLACE,prefix=NONE;suffix=Drive,AVAILABLE,NoveGeo 700-place corpus + tribes + governed person-name seeds,SHARED_REFERENCE,ACTIVE
NG-NAM-ROA-001016,Eastbank Way,Eastbank Way,ROAD,SOURCE_DERIVED,NGP-000048,Eastbank,PLACE,prefix=NONE;suffix=Way,AVAILABLE,NoveGeo 700-place corpus + tribes + governed person-name seeds,SHARED_REFERENCE,ACTIVE
NG-NAM-ROA-001017,Lower Ashbourne Boulevard,Lower Ashbourne Boulevard,ROAD,SOURCE_DERIVED,NGP-000049,Lower Ashbourne,PLACE,prefix=NONE;suffix=Boulevard,AVAILABLE,NoveGeo 700-place corpus + tribes + governed person-name seeds,SHARED_REFERENCE,ACTIVE
NG-NAM-ROA-001018,Ashbourne Green Highway,Ashbourne Green Highway,ROAD,SOURCE_DERIVED,NGP-000050,Ashbourne Green,PLACE,prefix=NONE;suffix=Highway,AVAILABLE,NoveGeo 700-place corpus + tribes + governed person-name seeds,SHARED_REFERENCE,ACTIVE
NG-NAM-ROA-001019,Old Crescenton Junction,Old Crescenton Junction,ROAD,SOURCE_DERIVED,NGP-000051,Old Crescenton,PLACE,prefix=NONE;suffix=Junction,AVAILABLE,NoveGeo 700-place corpus + tribes + governed person-name seeds,SHARED_REFERENCE,ACTIVE
NG-NAM-ROA-001020,Crescenton Fields Crossing,Crescenton Fields Crossing,ROAD,SOURCE_DERIVED,NGP-000052,Crescenton Fields,PLACE,prefix=NONE;suffix=Crossing,AVAILABLE,NoveGeo 700-place corpus + tribes + governed person-name seeds,SHARED_REFERENCE,ACTIVE
NG-NAM-ROA-001021,Elmtree Hollow Road,Elmtree Hollow Road,ROAD,SOURCE_DERIVED,NGP-000053,Elmtree Hollow,PLACE,prefix=NONE;suffix=Road,AVAILABLE,NoveGeo 700-place corpus + tribes + governed person-name seeds,SHARED_REFERENCE,ACTIVE
NG-NAM-ROA-001022,Elmtree Brook Street,Elmtree Brook Street,ROAD,SOURCE_DERIVED,NGP-000054,Elmtree Brook,PLACE,prefix=NONE;suffix=Street,AVAILABLE,NoveGeo 700-place corpus + tribes + governed person-name seeds,SHARED_REFERENCE,ACTIVE
NG-NAM-ROA-001023,Faircross Cross Avenue,Faircross Cross Avenue,ROAD,SOURCE_DERIVED,NGP-000055,Faircross Cross,PLACE,prefix=NONE;suffix=Avenue,AVAILABLE,NoveGeo 700-place corpus + tribes + governed person-name seeds,SHARED_REFERENCE,ACTIVE
NG-NAM-ROA-001024,Faircross Vale Lane,Faircross Vale Lane,ROAD,SOURCE_DERIVED,NGP-000056,Faircross Vale,PLACE,prefix=NONE;suffix=Lane,AVAILABLE,NoveGeo 700-place corpus + tribes + governed person-name seeds,SHARED_REFERENCE,ACTIVE
NG-NAM-ROA-001025,North Kingswell Drive,North Kingswell Drive,ROAD,SOURCE_DERIVED,NGP-000057,North Kingswell,PLACE,prefix=NONE;suffix=Drive,AVAILABLE,NoveGeo 700-place corpus + tribes + governed person-name seeds,SHARED_REFERENCE,ACTIVE
NG-NAM-ROA-001026,Kingswell End Way,Kingswell End Way,ROAD,SOURCE_DERIVED,NGP-000058,Kingswell End,PLACE,prefix=NONE;suffix=Way,AVAILABLE,NoveGeo 700-place corpus + tribes + governed person-name seeds,SHARED_REFERENCE,ACTIVE
NG-NAM-ROA-001027,Brackenford Heath Boulevard,Brackenford Heath Boulevard,ROAD,SOURCE_DERIVED,NGP-000059,Brackenford Heath,PLACE,prefix=NONE;suffix=Boulevard,AVAILABLE,NoveGeo 700-place corpus + tribes + governed person-name seeds,SHARED_REFERENCE,ACTIVE
NG-NAM-ROA-001028,Brackenford Grove Highway,Brackenford Grove Highway,ROAD,SOURCE_DERIVED,NGP-000060,Brackenford Grove,PLACE,prefix=NONE;suffix=Highway,AVAILABLE,NoveGeo 700-place corpus + tribes + governed person-name seeds,SHARED_REFERENCE,ACTIVE
NG-NAM-ROA-001029,Upper Rosehaven Junction,Upper Rosehaven Junction,ROAD,SOURCE_DERIVED,NGP-000061,Upper Rosehaven,PLACE,prefix=NONE;suffix=Junction,AVAILABLE,NoveGeo 700-place corpus + tribes + governed person-name seeds,SHARED_REFERENCE,ACTIVE
NG-NAM-ROA-001030,Rosehaven Meadow Crossing,Rosehaven Meadow Crossing,ROAD,SOURCE_DERIVED,NGP-000062,Rosehaven Meadow,PLACE,prefix=NONE;suffix=Crossing,AVAILABLE,NoveGeo 700-place corpus + tribes + governed person-name seeds,SHARED_REFERENCE,ACTIVE
NG-NAM-ROA-001031,Claybourne Ford Road,Claybourne Ford Road,ROAD,SOURCE_DERIVED,NGP-000063,Claybourne Ford,PLACE,prefix=NONE;suffix=Road,AVAILABLE,NoveGeo 700-place corpus + tribes + governed person-name seeds,SHARED_REFERENCE,ACTIVE
NG-NAM-ROA-001032,Claybourne Common Street,Claybourne Common Street,ROAD,SOURCE_DERIVED,NGP-000064,Claybourne Common,PLACE,prefix=NONE;suffix=Street,AVAILABLE,NoveGeo 700-place corpus + tribes + governed person-name seeds,SHARED_REFERENCE,ACTIVE
NG-NAM-ROA-001033,Little Newstead Avenue,Little Newstead Avenue,ROAD,SOURCE_DERIVED,NGP-000065,Little Newstead,PLACE,prefix=NONE;suffix=Avenue,AVAILABLE,NoveGeo 700-place corpus + tribes + governed person-name seeds,SHARED_REFERENCE,ACTIVE
NG-NAM-ROA-001034,Newstead Rise Lane,Newstead Rise Lane,ROAD,SOURCE_DERIVED,NGP-000066,Newstead Rise,PLACE,prefix=NONE;suffix=Lane,AVAILABLE,NoveGeo 700-place corpus + tribes + governed person-name seeds,SHARED_REFERENCE,ACTIVE
NG-NAM-ROA-001035,Larkspur Hill Drive,Larkspur Hill Drive,ROAD,SOURCE_DERIVED,NGP-000067,Larkspur Hill,PLACE,prefix=NONE;suffix=Drive,AVAILABLE,NoveGeo 700-place corpus + tribes + governed person-name seeds,SHARED_REFERENCE,ACTIVE
NG-NAM-ROA-001036,Larkspur Springs Way,Larkspur Springs Way,ROAD,SOURCE_DERIVED,NGP-000068,Larkspur Springs,PLACE,prefix=NONE;suffix=Way,AVAILABLE,NoveGeo 700-place corpus + tribes + governed person-name seeds,SHARED_REFERENCE,ACTIVE
NG-NAM-ROA-001037,West Eastbridge Boulevard,West Eastbridge Boulevard,ROAD,SOURCE_DERIVED,NGP-000069,West Eastbridge,PLACE,prefix=NONE;suffix=Boulevard,AVAILABLE,NoveGeo 700-place corpus + tribes + governed person-name seeds,SHARED_REFERENCE,ACTIVE
NG-NAM-ROA-001038,Eastbridge Lane Highway,Eastbridge Lane Highway,ROAD,SOURCE_DERIVED,NGP-000070,Eastbridge Lane,PLACE,prefix=NONE;suffix=Highway,AVAILABLE,NoveGeo 700-place corpus + tribes + governed person-name seeds,SHARED_REFERENCE,ACTIVE
NG-NAM-ROA-001039,Hillmark Wood Junction,Hillmark Wood Junction,ROAD,SOURCE_DERIVED,NGP-000071,Hillmark Wood,PLACE,prefix=NONE;suffix=Junction,AVAILABLE,NoveGeo 700-place corpus + tribes + governed person-name seeds,SHARED_REFERENCE,ACTIVE
NG-NAM-ROA-001040,Hillmark Beck Crossing,Hillmark Beck Crossing,ROAD,SOURCE_DERIVED,NGP-000072,Hillmark Beck,PLACE,prefix=NONE;suffix=Crossing,AVAILABLE,NoveGeo 700-place corpus + tribes + governed person-name seeds,SHARED_REFERENCE,ACTIVE
NG-NAM-ROA-001041,South Greyhaven Road,South Greyhaven Road,ROAD,SOURCE_DERIVED,NGP-000073,South Greyhaven,PLACE,prefix=NONE;suffix=Road,AVAILABLE,NoveGeo 700-place corpus + tribes + governed person-name seeds,SHARED_REFERENCE,ACTIVE
NG-NAM-ROA-001042,Greyhaven Court Street,Greyhaven Court Street,ROAD,SOURCE_DERIVED,NGP-000074,Greyhaven Court,PLACE,prefix=NONE;suffix=Street,AVAILABLE,NoveGeo 700-place corpus + tribes + governed person-name seeds,SHARED_REFERENCE,ACTIVE
NG-NAM-ROA-001043,Willowgate Gate Avenue,Willowgate Gate Avenue,ROAD,SOURCE_DERIVED,NGP-000075,Willowgate Gate,PLACE,prefix=NONE;suffix=Avenue,AVAILABLE,NoveGeo 700-place corpus + tribes + governed person-name seeds,SHARED_REFERENCE,ACTIVE
NG-NAM-ROA-001044,Willowgate Downs Lane,Willowgate Downs Lane,ROAD,SOURCE_DERIVED,NGP-000076,Willowgate Downs,PLACE,prefix=NONE;suffix=Lane,AVAILABLE,NoveGeo 700-place corpus + tribes + governed person-name seeds,SHARED_REFERENCE,ACTIVE
NG-NAM-ROA-001045,Stoneleigh Mill Drive,Stoneleigh Mill Drive,ROAD,SOURCE_DERIVED,NGP-000077,Stoneleigh Mill,PLACE,prefix=NONE;suffix=Drive,AVAILABLE,NoveGeo 700-place corpus + tribes + governed person-name seeds,SHARED_REFERENCE,ACTIVE
NG-NAM-ROA-001046,Stoneleigh Park Way,Stoneleigh Park Way,ROAD,SOURCE_DERIVED,NGP-000078,Stoneleigh Park,PLACE,prefix=NONE;suffix=Way,AVAILABLE,NoveGeo 700-place corpus + tribes + governed person-name seeds,SHARED_REFERENCE,ACTIVE
NG-NAM-ROA-001047,Cedar Market Boulevard,Cedar Market Boulevard,ROAD,SOURCE_DERIVED,NGP-000079,Cedar Market,PLACE,prefix=NONE;suffix=Boulevard,AVAILABLE,NoveGeo 700-place corpus + tribes + governed person-name seeds,SHARED_REFERENCE,ACTIVE
NG-NAM-ROA-001048,Junction Five Highway,Junction Five Highway,ROAD,SOURCE_DERIVED,NGP-000080,Junction Five,PLACE,prefix=NONE;suffix=Highway,AVAILABLE,NoveGeo 700-place corpus + tribes + governed person-name seeds,SHARED_REFERENCE,ACTIVE
NG-NAM-ROA-001049,Old Toll Junction,Old Toll Junction,ROAD,SOURCE_DERIVED,NGP-000081,Old Toll,PLACE,prefix=NONE;suffix=Junction,AVAILABLE,NoveGeo 700-place corpus + tribes + governed person-name seeds,SHARED_REFERENCE,ACTIVE
NG-NAM-ROA-001050,Farmers' Gate Crossing,Farmers' Gate Crossing,ROAD,SOURCE_DERIVED,NGP-000082,Farmers' Gate,PLACE,prefix=NONE;suffix=Crossing,AVAILABLE,NoveGeo 700-place corpus + tribes + governed person-name seeds,SHARED_REFERENCE,ACTIVE
NG-NAM-ROA-001051,Lantern Cross Road,Lantern Cross Road,ROAD,SOURCE_DERIVED,NGP-000083,Lantern Cross,PLACE,prefix=NONE;suffix=Road,AVAILABLE,NoveGeo 700-place corpus + tribes + governed person-name seeds,SHARED_REFERENCE,ACTIVE
NG-NAM-ROA-001052,Eastline Industrial Park Street,Eastline Industrial Park Street,ROAD,SOURCE_DERIVED,NGP-000084,Eastline Industrial Park,PLACE,prefix=NONE;suffix=Street,AVAILABLE,NoveGeo 700-place corpus + tribes + governed person-name seeds,SHARED_REFERENCE,ACTIVE
NG-NAM-ROA-001053,Capital Logistics Zone Avenue,Capital Logistics Zone Avenue,ROAD,SOURCE_DERIVED,NGP-000085,Capital Logistics Zone,PLACE,prefix=NONE;suffix=Avenue,AVAILABLE,NoveGeo 700-place corpus + tribes + governed person-name seeds,SHARED_REFERENCE,ACTIVE
NG-NAM-ROA-001054,Northgate Lane,Northgate Lane,ROAD,SOURCE_DERIVED,NGP-000086,Northgate,PLACE,prefix=NONE;suffix=Lane,AVAILABLE,NoveGeo 700-place corpus + tribes + governed person-name seeds,SHARED_REFERENCE,ACTIVE
NG-NAM-ROA-001055,Caelith Drive,Caelith Drive,ROAD,SOURCE_DERIVED,NGP-000087,Caelith,PLACE,prefix=NONE;suffix=Drive,AVAILABLE,NoveGeo 700-place corpus + tribes + governed person-name seeds,SHARED_REFERENCE,ACTIVE
NG-NAM-ROA-001056,Skeldrun Way,Skeldrun Way,ROAD,SOURCE_DERIVED,NGP-000088,Skeldrun,PLACE,prefix=NONE;suffix=Way,AVAILABLE,NoveGeo 700-place corpus + tribes + governed person-name seeds,SHARED_REFERENCE,ACTIVE
NG-NAM-ROA-001057,Pinebarrow Boulevard,Pinebarrow Boulevard,ROAD,SOURCE_DERIVED,NGP-000089,Pinebarrow,PLACE,prefix=NONE;suffix=Boulevard,AVAILABLE,NoveGeo 700-place corpus + tribes + governed person-name seeds,SHARED_REFERENCE,ACTIVE
NG-NAM-ROA-001058,Crown Steps Highway,Crown Steps Highway,ROAD,SOURCE_DERIVED,NGP-000090,Crown Steps,PLACE,prefix=NONE;suffix=Highway,AVAILABLE,NoveGeo 700-place corpus + tribes + governed person-name seeds,SHARED_REFERENCE,ACTIVE
NG-NAM-ROA-001059,Highgate Core Junction,Highgate Core Junction,ROAD,SOURCE_DERIVED,NGP-000091,Highgate Core,PLACE,prefix=NONE;suffix=Junction,AVAILABLE,NoveGeo 700-place corpus + tribes + governed person-name seeds,SHARED_REFERENCE,ACTIVE
NG-NAM-ROA-001060,Observatory Ward Crossing,Observatory Ward Crossing,ROAD,SOURCE_DERIVED,NGP-000092,Observatory Ward,PLACE,prefix=NONE;suffix=Crossing,AVAILABLE,NoveGeo 700-place corpus + tribes + governed person-name seeds,SHARED_REFERENCE,ACTIVE
NG-NAM-ROA-001061,Foundry Terrace Road,Foundry Terrace Road,ROAD,SOURCE_DERIVED,NGP-000093,Foundry Terrace,PLACE,prefix=NONE;suffix=Road,AVAILABLE,NoveGeo 700-place corpus + tribes + governed person-name seeds,SHARED_REFERENCE,ACTIVE
NG-NAM-ROA-001062,Old Switchback Street,Old Switchback Street,ROAD,SOURCE_DERIVED,NGP-000094,Old Switchback,PLACE,prefix=NONE;suffix=Street,AVAILABLE,NoveGeo 700-place corpus + tribes + governed person-name seeds,SHARED_REFERENCE,ACTIVE
NG-NAM-ROA-001063,Alpine Exchange Avenue,Alpine Exchange Avenue,ROAD,SOURCE_DERIVED,NGP-000095,Alpine Exchange,PLACE,prefix=NONE;suffix=Avenue,AVAILABLE,NoveGeo 700-place corpus + tribes + governed person-name seeds,SHARED_REFERENCE,ACTIVE
NG-NAM-ROA-001064,Northgate University District Lane,Northgate University District Lane,ROAD,SOURCE_DERIVED,NGP-000096,Northgate University District,PLACE,prefix=NONE;suffix=Lane,AVAILABLE,NoveGeo 700-place corpus + tribes + governed person-name seeds,SHARED_REFERENCE,ACTIVE
NG-NAM-ROA-001065,Cloudline Drive,Cloudline Drive,ROAD,SOURCE_DERIVED,NGP-000097,Cloudline,PLACE,prefix=NONE;suffix=Drive,AVAILABLE,NoveGeo 700-place corpus + tribes + governed person-name seeds,SHARED_REFERENCE,ACTIVE
NG-NAM-ROA-001066,Pineglass Way,Pineglass Way,ROAD,SOURCE_DERIVED,NGP-000098,Pineglass,PLACE,prefix=NONE;suffix=Way,AVAILABLE,NoveGeo 700-place corpus + tribes + governed person-name seeds,SHARED_REFERENCE,ACTIVE
NG-NAM-ROA-001067,Heather Vale Boulevard,Heather Vale Boulevard,ROAD,SOURCE_DERIVED,NGP-000099,Heather Vale,PLACE,prefix=NONE;suffix=Boulevard,AVAILABLE,NoveGeo 700-place corpus + tribes + governed person-name seeds,SHARED_REFERENCE,ACTIVE
NG-NAM-ROA-001068,Slate Gardens Highway,Slate Gardens Highway,ROAD,SOURCE_DERIVED,NGP-000100,Slate Gardens,PLACE,prefix=NONE;suffix=Highway,AVAILABLE,NoveGeo 700-place corpus + tribes + governed person-name seeds,SHARED_REFERENCE,ACTIVE
NG-NAM-ROA-001069,Frostmere Junction,Frostmere Junction,ROAD,SOURCE_DERIVED,NGP-000101,Frostmere,PLACE,prefix=NONE;suffix=Junction,AVAILABLE,NoveGeo 700-place corpus + tribes + governed person-name seeds,SHARED_REFERENCE,ACTIVE
NG-NAM-ROA-001070,New Albion Crossing,New Albion Crossing,ROAD,SOURCE_DERIVED,NGP-000102,New Albion,PLACE,prefix=NONE;suffix=Crossing,AVAILABLE,NoveGeo 700-place corpus + tribes + governed person-name seeds,SHARED_REFERENCE,ACTIVE
NG-NAM-ROA-001071,Kaelor Heights Road,Kaelor Heights Road,ROAD,SOURCE_DERIVED,NGP-000103,Kaelor Heights,PLACE,prefix=NONE;suffix=Road,AVAILABLE,NoveGeo 700-place corpus + tribes + governed person-name seeds,SHARED_REFERENCE,ACTIVE
NG-NAM-ROA-001072,Bramble Court Street,Bramble Court Street,ROAD,SOURCE_DERIVED,NGP-000104,Bramble Court,PLACE,prefix=NONE;suffix=Street,AVAILABLE,NoveGeo 700-place corpus + tribes + governed person-name seeds,SHARED_REFERENCE,ACTIVE
NG-NAM-ROA-001073,St. Arden Avenue,St. Arden Avenue,ROAD,SOURCE_DERIVED,NGP-000105,St. Arden,PLACE,prefix=NONE;suffix=Avenue,AVAILABLE,NoveGeo 700-place corpus + tribes + governed person-name seeds,SHARED_REFERENCE,ACTIVE
NG-NAM-ROA-001074,Maple Rise Lane,Maple Rise Lane,ROAD,SOURCE_DERIVED,NGP-000106,Maple Rise,PLACE,prefix=NONE;suffix=Lane,AVAILABLE,NoveGeo 700-place corpus + tribes + governed person-name seeds,SHARED_REFERENCE,ACTIVE
NG-NAM-ROA-001075,Aelwood Drive,Aelwood Drive,ROAD,SOURCE_DERIVED,NGP-000107,Aelwood,PLACE,prefix=NONE;suffix=Drive,AVAILABLE,NoveGeo 700-place corpus + tribes + governed person-name seeds,SHARED_REFERENCE,ACTIVE
NG-NAM-ROA-001076,Ridgewater Way,Ridgewater Way,ROAD,SOURCE_DERIVED,NGP-000108,Ridgewater,PLACE,prefix=NONE;suffix=Way,AVAILABLE,NoveGeo 700-place corpus + tribes + governed person-name seeds,SHARED_REFERENCE,ACTIVE
NG-NAM-ROA-001077,Windward Heath Boulevard,Windward Heath Boulevard,ROAD,SOURCE_DERIVED,NGP-000109,Windward Heath,PLACE,prefix=NONE;suffix=Boulevard,AVAILABLE,NoveGeo 700-place corpus + tribes + governed person-name seeds,SHARED_REFERENCE,ACTIVE
NG-NAM-ROA-001078,Aelgrove Highway,Aelgrove Highway,ROAD,SOURCE_DERIVED,NGP-000110,Aelgrove,PLACE,prefix=NONE;suffix=Highway,AVAILABLE,NoveGeo 700-place corpus + tribes + governed person-name seeds,SHARED_REFERENCE,ACTIVE
NG-NAM-ROA-001079,Kaedur Junction,Kaedur Junction,ROAD,SOURCE_DERIVED,NGP-000111,Kaedur,PLACE,prefix=NONE;suffix=Junction,AVAILABLE,NoveGeo 700-place corpus + tribes + governed person-name seeds,SHARED_REFERENCE,ACTIVE
NG-NAM-ROA-001080,Østmark Crossing,Ostmark Crossing,ROAD,SOURCE_DERIVED,NGP-000112,Østmark,PLACE,prefix=NONE;suffix=Crossing,AVAILABLE,NoveGeo 700-place corpus + tribes + governed person-name seeds,SHARED_REFERENCE,ACTIVE
NG-NAM-ROA-001081,Valekirk Road,Valekirk Road,ROAD,SOURCE_DERIVED,NGP-000113,Valekirk,PLACE,prefix=NONE;suffix=Road,AVAILABLE,NoveGeo 700-place corpus + tribes + governed person-name seeds,SHARED_REFERENCE,ACTIVE
NG-NAM-ROA-001082,Snowmere Street,Snowmere Street,ROAD,SOURCE_DERIVED,NGP-000114,Snowmere,PLACE,prefix=NONE;suffix=Street,AVAILABLE,NoveGeo 700-place corpus + tribes + governed person-name seeds,SHARED_REFERENCE,ACTIVE
NG-NAM-ROA-001083,Frostholm Avenue,Frostholm Avenue,ROAD,SOURCE_DERIVED,NGP-000115,Frostholm,PLACE,prefix=NONE;suffix=Avenue,AVAILABLE,NoveGeo 700-place corpus + tribes + governed person-name seeds,SHARED_REFERENCE,ACTIVE
NG-NAM-ROA-001084,Trossfell Lane,Trossfell Lane,ROAD,SOURCE_DERIVED,NGP-000116,Trossfell,PLACE,prefix=NONE;suffix=Lane,AVAILABLE,NoveGeo 700-place corpus + tribes + governed person-name seeds,SHARED_REFERENCE,ACTIVE
NG-NAM-ROA-001085,Birchpass Drive,Birchpass Drive,ROAD,SOURCE_DERIVED,NGP-000117,Birchpass,PLACE,prefix=NONE;suffix=Drive,AVAILABLE,NoveGeo 700-place corpus + tribes + governed person-name seeds,SHARED_REFERENCE,ACTIVE
NG-NAM-ROA-001086,Ravencrag Way,Ravencrag Way,ROAD,SOURCE_DERIVED,NGP-000118,Ravencrag,PLACE,prefix=NONE;suffix=Way,AVAILABLE,NoveGeo 700-place corpus + tribes + governed person-name seeds,SHARED_REFERENCE,ACTIVE
NG-NAM-ROA-001087,Highmere Boulevard,Highmere Boulevard,ROAD,SOURCE_DERIVED,NGP-000119,Highmere,PLACE,prefix=NONE;suffix=Boulevard,AVAILABLE,NoveGeo 700-place corpus + tribes + governed person-name seeds,SHARED_REFERENCE,ACTIVE
NG-NAM-ROA-001088,Cedarwick Highway,Cedarwick Highway,ROAD,SOURCE_DERIVED,NGP-000120,Cedarwick,PLACE,prefix=NONE;suffix=Highway,AVAILABLE,NoveGeo 700-place corpus + tribes + governed person-name seeds,SHARED_REFERENCE,ACTIVE
NG-NAM-ROA-001089,Bellpine Junction,Bellpine Junction,ROAD,SOURCE_DERIVED,NGP-000121,Bellpine,PLACE,prefix=NONE;suffix=Junction,AVAILABLE,NoveGeo 700-place corpus + tribes + governed person-name seeds,SHARED_REFERENCE,ACTIVE
NG-NAM-ROA-001090,Glenvar Crossing,Glenvar Crossing,ROAD,SOURCE_DERIVED,NGP-000122,Glenvar,PLACE,prefix=NONE;suffix=Crossing,AVAILABLE,NoveGeo 700-place corpus + tribes + governed person-name seeds,SHARED_REFERENCE,ACTIVE
NG-NAM-ROA-001091,Moorsend Road,Moorsend Road,ROAD,SOURCE_DERIVED,NGP-000123,Moorsend,PLACE,prefix=NONE;suffix=Road,AVAILABLE,NoveGeo 700-place corpus + tribes + governed person-name seeds,SHARED_REFERENCE,ACTIVE
NG-NAM-ROA-001092,Ferncross Street,Ferncross Street,ROAD,SOURCE_DERIVED,NGP-000124,Ferncross,PLACE,prefix=NONE;suffix=Street,AVAILABLE,NoveGeo 700-place corpus + tribes + governed person-name seeds,SHARED_REFERENCE,ACTIVE
NG-NAM-ROA-001093,Lower Caelith Avenue,Lower Caelith Avenue,ROAD,SOURCE_DERIVED,NGP-000125,Lower Caelith,PLACE,prefix=NONE;suffix=Avenue,AVAILABLE,NoveGeo 700-place corpus + tribes + governed person-name seeds,SHARED_REFERENCE,ACTIVE
NG-NAM-ROA-001094,Glen Kael Lane,Glen Kael Lane,ROAD,SOURCE_DERIVED,NGP-000126,Glen Kael,PLACE,prefix=NONE;suffix=Lane,AVAILABLE,NoveGeo 700-place corpus + tribes + governed person-name seeds,SHARED_REFERENCE,ACTIVE
NG-NAM-ROA-001095,Passfield Drive,Passfield Drive,ROAD,SOURCE_DERIVED,NGP-000127,Passfield,PLACE,prefix=NONE;suffix=Drive,AVAILABLE,NoveGeo 700-place corpus + tribes + governed person-name seeds,SHARED_REFERENCE,ACTIVE
NG-NAM-ROA-001096,South Skeldrun Way,South Skeldrun Way,ROAD,SOURCE_DERIVED,NGP-000128,South Skeldrun,PLACE,prefix=NONE;suffix=Way,AVAILABLE,NoveGeo 700-place corpus + tribes + governed person-name seeds,SHARED_REFERENCE,ACTIVE
NG-NAM-ROA-001097,Icebrook Boulevard,Icebrook Boulevard,ROAD,SOURCE_DERIVED,NGP-000129,Icebrook,PLACE,prefix=NONE;suffix=Boulevard,AVAILABLE,NoveGeo 700-place corpus + tribes + governed person-name seeds,SHARED_REFERENCE,ACTIVE
NG-NAM-ROA-001098,Mill Crag Highway,Mill Crag Highway,ROAD,SOURCE_DERIVED,NGP-000130,Mill Crag,PLACE,prefix=NONE;suffix=Highway,AVAILABLE,NoveGeo 700-place corpus + tribes + governed person-name seeds,SHARED_REFERENCE,ACTIVE
NG-NAM-ROA-001099,East Pinebarrow Junction,East Pinebarrow Junction,ROAD,SOURCE_DERIVED,NGP-000131,East Pinebarrow,PLACE,prefix=NONE;suffix=Junction,AVAILABLE,NoveGeo 700-place corpus + tribes + governed person-name seeds,SHARED_REFERENCE,ACTIVE
NG-NAM-ROA-001100,Woodcutters' Line Crossing,Woodcutters' Line Crossing,ROAD,SOURCE_DERIVED,NGP-000132,Woodcutters' Line,PLACE,prefix=NONE;suffix=Crossing,AVAILABLE,NoveGeo 700-place corpus + tribes + governed person-name seeds,SHARED_REFERENCE,ACTIVE
NG-NAM-ROA-001101,Briar Junction Road,Briar Junction Road,ROAD,SOURCE_DERIVED,NGP-000133,Briar Junction,PLACE,prefix=NONE;suffix=Road,AVAILABLE,NoveGeo 700-place corpus + tribes + governed person-name seeds,SHARED_REFERENCE,ACTIVE
NG-NAM-ROA-001102,Lower Aelgrove Street,Lower Aelgrove Street,ROAD,SOURCE_DERIVED,NGP-000134,Lower Aelgrove,PLACE,prefix=NONE;suffix=Street,AVAILABLE,NoveGeo 700-place corpus + tribes + governed person-name seeds,SHARED_REFERENCE,ACTIVE
NG-NAM-ROA-001103,Aelgrove Fell Avenue,Aelgrove Fell Avenue,ROAD,SOURCE_DERIVED,NGP-000135,Aelgrove Fell,PLACE,prefix=NONE;suffix=Avenue,AVAILABLE,NoveGeo 700-place corpus + tribes + governed person-name seeds,SHARED_REFERENCE,ACTIVE
NG-NAM-ROA-001104,Upper Kaedur Lane,Upper Kaedur Lane,ROAD,SOURCE_DERIVED,NGP-000136,Upper Kaedur,PLACE,prefix=NONE;suffix=Lane,AVAILABLE,NoveGeo 700-place corpus + tribes + governed person-name seeds,SHARED_REFERENCE,ACTIVE
NG-NAM-ROA-001105,Kaedur Glen Drive,Kaedur Glen Drive,ROAD,SOURCE_DERIVED,NGP-000137,Kaedur Glen,PLACE,prefix=NONE;suffix=Drive,AVAILABLE,NoveGeo 700-place corpus + tribes + governed person-name seeds,SHARED_REFERENCE,ACTIVE
NG-NAM-ROA-001106,East Østmark Way,East Ostmark Way,ROAD,SOURCE_DERIVED,NGP-000138,East Østmark,PLACE,prefix=NONE;suffix=Way,AVAILABLE,NoveGeo 700-place corpus + tribes + governed person-name seeds,SHARED_REFERENCE,ACTIVE
NG-NAM-ROA-001107,Østmark Beck Boulevard,Ostmark Beck Boulevard,ROAD,SOURCE_DERIVED,NGP-000139,Østmark Beck,PLACE,prefix=NONE;suffix=Boulevard,AVAILABLE,NoveGeo 700-place corpus + tribes + governed person-name seeds,SHARED_REFERENCE,ACTIVE
NG-NAM-ROA-001108,Old Valekirk Highway,Old Valekirk Highway,ROAD,SOURCE_DERIVED,NGP-000140,Old Valekirk,PLACE,prefix=NONE;suffix=Highway,AVAILABLE,NoveGeo 700-place corpus + tribes + governed person-name seeds,SHARED_REFERENCE,ACTIVE
NG-NAM-ROA-001109,Valekirk Crag Junction,Valekirk Crag Junction,ROAD,SOURCE_DERIVED,NGP-000141,Valekirk Crag,PLACE,prefix=NONE;suffix=Junction,AVAILABLE,NoveGeo 700-place corpus + tribes + governed person-name seeds,SHARED_REFERENCE,ACTIVE
NG-NAM-ROA-001110,South Snowmere Crossing,South Snowmere Crossing,ROAD,SOURCE_DERIVED,NGP-000142,South Snowmere,PLACE,prefix=NONE;suffix=Crossing,AVAILABLE,NoveGeo 700-place corpus + tribes + governed person-name seeds,SHARED_REFERENCE,ACTIVE
NG-NAM-ROA-001111,Snowmere Pass Road,Snowmere Pass Road,ROAD,SOURCE_DERIVED,NGP-000143,Snowmere Pass,PLACE,prefix=NONE;suffix=Road,AVAILABLE,NoveGeo 700-place corpus + tribes + governed person-name seeds,SHARED_REFERENCE,ACTIVE
NG-NAM-ROA-001112,Frostholm Moor Street,Frostholm Moor Street,ROAD,SOURCE_DERIVED,NGP-000144,Frostholm Moor,PLACE,prefix=NONE;suffix=Street,AVAILABLE,NoveGeo 700-place corpus + tribes + governed person-name seeds,SHARED_REFERENCE,ACTIVE
NG-NAM-ROA-001113,Frostholm Fold Avenue,Frostholm Fold Avenue,ROAD,SOURCE_DERIVED,NGP-000145,Frostholm Fold,PLACE,prefix=NONE;suffix=Avenue,AVAILABLE,NoveGeo 700-place corpus + tribes + governed person-name seeds,SHARED_REFERENCE,ACTIVE
NG-NAM-ROA-001114,North Trossfell Lane,North Trossfell Lane,ROAD,SOURCE_DERIVED,NGP-000146,North Trossfell,PLACE,prefix=NONE;suffix=Lane,AVAILABLE,NoveGeo 700-place corpus + tribes + governed person-name seeds,SHARED_REFERENCE,ACTIVE
NG-NAM-ROA-001115,Trossfell Tor Drive,Trossfell Tor Drive,ROAD,SOURCE_DERIVED,NGP-000147,Trossfell Tor,PLACE,prefix=NONE;suffix=Drive,AVAILABLE,NoveGeo 700-place corpus + tribes + governed person-name seeds,SHARED_REFERENCE,ACTIVE
NG-NAM-ROA-001116,Birchpass Ridge Way,Birchpass Ridge Way,ROAD,SOURCE_DERIVED,NGP-000148,Birchpass Ridge,PLACE,prefix=NONE;suffix=Way,AVAILABLE,NoveGeo 700-place corpus + tribes + governed person-name seeds,SHARED_REFERENCE,ACTIVE
NG-NAM-ROA-001117,Birchpass Tarn Boulevard,Birchpass Tarn Boulevard,ROAD,SOURCE_DERIVED,NGP-000149,Birchpass Tarn,PLACE,prefix=NONE;suffix=Boulevard,AVAILABLE,NoveGeo 700-place corpus + tribes + governed person-name seeds,SHARED_REFERENCE,ACTIVE
NG-NAM-ROA-001118,West Ravencrag Highway,West Ravencrag Highway,ROAD,SOURCE_DERIVED,NGP-000150,West Ravencrag,PLACE,prefix=NONE;suffix=Highway,AVAILABLE,NoveGeo 700-place corpus + tribes + governed person-name seeds,SHARED_REFERENCE,ACTIVE
NG-NAM-ROA-001119,Ravencrag Pines Junction,Ravencrag Pines Junction,ROAD,SOURCE_DERIVED,NGP-000151,Ravencrag Pines,PLACE,prefix=NONE;suffix=Junction,AVAILABLE,NoveGeo 700-place corpus + tribes + governed person-name seeds,SHARED_REFERENCE,ACTIVE
NG-NAM-ROA-001120,Highmere Heath Crossing,Highmere Heath Crossing,ROAD,SOURCE_DERIVED,NGP-000152,Highmere Heath,PLACE,prefix=NONE;suffix=Crossing,AVAILABLE,NoveGeo 700-place corpus + tribes + governed person-name seeds,SHARED_REFERENCE,ACTIVE
NG-NAM-ROA-001121,Highmere Stone Road,Highmere Stone Road,ROAD,SOURCE_DERIVED,NGP-000153,Highmere Stone,PLACE,prefix=NONE;suffix=Road,AVAILABLE,NoveGeo 700-place corpus + tribes + governed person-name seeds,SHARED_REFERENCE,ACTIVE
NG-NAM-ROA-001122,Lower Cedarwick Street,Lower Cedarwick Street,ROAD,SOURCE_DERIVED,NGP-000154,Lower Cedarwick,PLACE,prefix=NONE;suffix=Street,AVAILABLE,NoveGeo 700-place corpus + tribes + governed person-name seeds,SHARED_REFERENCE,ACTIVE
NG-NAM-ROA-001123,Cedarwick Birch Avenue,Cedarwick Birch Avenue,ROAD,SOURCE_DERIVED,NGP-000155,Cedarwick Birch,PLACE,prefix=NONE;suffix=Avenue,AVAILABLE,NoveGeo 700-place corpus + tribes + governed person-name seeds,SHARED_REFERENCE,ACTIVE
NG-NAM-ROA-001124,Bellpine Dale Lane,Bellpine Dale Lane,ROAD,SOURCE_DERIVED,NGP-000156,Bellpine Dale,PLACE,prefix=NONE;suffix=Lane,AVAILABLE,NoveGeo 700-place corpus + tribes + governed person-name seeds,SHARED_REFERENCE,ACTIVE
NG-NAM-ROA-001125,Bellpine Run Drive,Bellpine Run Drive,ROAD,SOURCE_DERIVED,NGP-000157,Bellpine Run,PLACE,prefix=NONE;suffix=Drive,AVAILABLE,NoveGeo 700-place corpus + tribes + governed person-name seeds,SHARED_REFERENCE,ACTIVE
NG-NAM-ROA-001126,Upper Glenvar Way,Upper Glenvar Way,ROAD,SOURCE_DERIVED,NGP-000158,Upper Glenvar,PLACE,prefix=NONE;suffix=Way,AVAILABLE,NoveGeo 700-place corpus + tribes + governed person-name seeds,SHARED_REFERENCE,ACTIVE
NG-NAM-ROA-001127,Glenvar Cedar Boulevard,Glenvar Cedar Boulevard,ROAD,SOURCE_DERIVED,NGP-000159,Glenvar Cedar,PLACE,prefix=NONE;suffix=Boulevard,AVAILABLE,NoveGeo 700-place corpus + tribes + governed person-name seeds,SHARED_REFERENCE,ACTIVE
NG-NAM-ROA-001128,Moorsend Barrow Highway,Moorsend Barrow Highway,ROAD,SOURCE_DERIVED,NGP-000160,Moorsend Barrow,PLACE,prefix=NONE;suffix=Highway,AVAILABLE,NoveGeo 700-place corpus + tribes + governed person-name seeds,SHARED_REFERENCE,ACTIVE
NG-NAM-ROA-001129,Moorsend Brook Junction,Moorsend Brook Junction,ROAD,SOURCE_DERIVED,NGP-000161,Moorsend Brook,PLACE,prefix=NONE;suffix=Junction,AVAILABLE,NoveGeo 700-place corpus + tribes + governed person-name seeds,SHARED_REFERENCE,ACTIVE
NG-NAM-ROA-001130,Ferncross Wood Crossing,Ferncross Wood Crossing,ROAD,SOURCE_DERIVED,NGP-000162,Ferncross Wood,PLACE,prefix=NONE;suffix=Crossing,AVAILABLE,NoveGeo 700-place corpus + tribes + governed person-name seeds,SHARED_REFERENCE,ACTIVE
NG-NAM-ROA-001131,Ferncross Brae Road,Ferncross Brae Road,ROAD,SOURCE_DERIVED,NGP-000163,Ferncross Brae,PLACE,prefix=NONE;suffix=Road,AVAILABLE,NoveGeo 700-place corpus + tribes + governed person-name seeds,SHARED_REFERENCE,ACTIVE
NG-NAM-ROA-001132,Goat Bell Street,Goat Bell Street,ROAD,SOURCE_DERIVED,NGP-000164,Goat Bell,PLACE,prefix=NONE;suffix=Street,AVAILABLE,NoveGeo 700-place corpus + tribes + governed person-name seeds,SHARED_REFERENCE,ACTIVE
NG-NAM-ROA-001133,Highland Cross Avenue,Highland Cross Avenue,ROAD,SOURCE_DERIVED,NGP-000165,Highland Cross,PLACE,prefix=NONE;suffix=Avenue,AVAILABLE,NoveGeo 700-place corpus + tribes + governed person-name seeds,SHARED_REFERENCE,ACTIVE
NG-NAM-ROA-001134,Copper Stall Lane,Copper Stall Lane,ROAD,SOURCE_DERIVED,NGP-000166,Copper Stall,PLACE,prefix=NONE;suffix=Lane,AVAILABLE,NoveGeo 700-place corpus + tribes + governed person-name seeds,SHARED_REFERENCE,ACTIVE
NG-NAM-ROA-001135,Pass Market Drive,Pass Market Drive,ROAD,SOURCE_DERIVED,NGP-000167,Pass Market,PLACE,prefix=NONE;suffix=Drive,AVAILABLE,NoveGeo 700-place corpus + tribes + governed person-name seeds,SHARED_REFERENCE,ACTIVE
NG-NAM-ROA-001136,Wool Exchange Way,Wool Exchange Way,ROAD,SOURCE_DERIVED,NGP-000168,Wool Exchange,PLACE,prefix=NONE;suffix=Way,AVAILABLE,NoveGeo 700-place corpus + tribes + governed person-name seeds,SHARED_REFERENCE,ACTIVE
NG-NAM-ROA-001137,Cloudworks Industrial Park Boulevard,Cloudworks Industrial Park Boulevard,ROAD,SOURCE_DERIVED,NGP-000169,Cloudworks Industrial Park,PLACE,prefix=NONE;suffix=Boulevard,AVAILABLE,NoveGeo 700-place corpus + tribes + governed person-name seeds,SHARED_REFERENCE,ACTIVE
NG-NAM-ROA-001138,Granite Rail Estate Highway,Granite Rail Estate Highway,ROAD,SOURCE_DERIVED,NGP-000170,Granite Rail Estate,PLACE,prefix=NONE;suffix=Highway,AVAILABLE,NoveGeo 700-place corpus + tribes + governed person-name seeds,SHARED_REFERENCE,ACTIVE
NG-NAM-ROA-001139,Cloudrest Junction,Cloudrest Junction,ROAD,SOURCE_DERIVED,NGP-000171,Cloudrest,PLACE,prefix=NONE;suffix=Junction,AVAILABLE,NoveGeo 700-place corpus + tribes + governed person-name seeds,SHARED_REFERENCE,ACTIVE
NG-NAM-ROA-001140,Alpine Lantern Crossing,Alpine Lantern Crossing,ROAD,SOURCE_DERIVED,NGP-000172,Alpine Lantern,PLACE,prefix=NONE;suffix=Crossing,AVAILABLE,NoveGeo 700-place corpus + tribes + governed person-name seeds,SHARED_REFERENCE,ACTIVE
NG-NAM-ROA-001141,Vondara Road,Vondara Road,ROAD,SOURCE_DERIVED,NGP-000173,Vondara,PLACE,prefix=NONE;suffix=Road,AVAILABLE,NoveGeo 700-place corpus + tribes + governed person-name seeds,SHARED_REFERENCE,ACTIVE
NG-NAM-ROA-001142,Greenbarrow Street,Greenbarrow Street,ROAD,SOURCE_DERIVED,NGP-000174,Greenbarrow,PLACE,prefix=NONE;suffix=Street,AVAILABLE,NoveGeo 700-place corpus + tribes + governed person-name seeds,SHARED_REFERENCE,ACTIVE
NG-NAM-ROA-001143,Kestrel Plain Avenue,Kestrel Plain Avenue,ROAD,SOURCE_DERIVED,NGP-000175,Kestrel Plain,PLACE,prefix=NONE;suffix=Avenue,AVAILABLE,NoveGeo 700-place corpus + tribes + governed person-name seeds,SHARED_REFERENCE,ACTIVE
NG-NAM-ROA-001144,Solmere Lane,Solmere Lane,ROAD,SOURCE_DERIVED,NGP-000176,Solmere,PLACE,prefix=NONE;suffix=Lane,AVAILABLE,NoveGeo 700-place corpus + tribes + governed person-name seeds,SHARED_REFERENCE,ACTIVE
NG-NAM-ROA-001145,Vondara Central Drive,Vondara Central Drive,ROAD,SOURCE_DERIVED,NGP-000177,Vondara Central,PLACE,prefix=NONE;suffix=Drive,AVAILABLE,NoveGeo 700-place corpus + tribes + governed person-name seeds,SHARED_REFERENCE,ACTIVE
NG-NAM-ROA-001146,Grain Exchange Way,Grain Exchange Way,ROAD,SOURCE_DERIVED,NGP-000178,Grain Exchange,PLACE,prefix=NONE;suffix=Way,AVAILABLE,NoveGeo 700-place corpus + tribes + governed person-name seeds,SHARED_REFERENCE,ACTIVE
NG-NAM-ROA-001147,Copperleaf Ward Boulevard,Copperleaf Ward Boulevard,ROAD,SOURCE_DERIVED,NGP-000179,Copperleaf Ward,PLACE,prefix=NONE;suffix=Boulevard,AVAILABLE,NoveGeo 700-place corpus + tribes + governed person-name seeds,SHARED_REFERENCE,ACTIVE
NG-NAM-ROA-001148,Makers' Quarter Highway,Makers' Quarter Highway,ROAD,SOURCE_DERIVED,NGP-000180,Makers' Quarter,PLACE,prefix=NONE;suffix=Highway,AVAILABLE,NoveGeo 700-place corpus + tribes + governed person-name seeds,SHARED_REFERENCE,ACTIVE
NG-NAM-ROA-001149,East Viaduct Junction,East Viaduct Junction,ROAD,SOURCE_DERIVED,NGP-000181,East Viaduct,PLACE,prefix=NONE;suffix=Junction,AVAILABLE,NoveGeo 700-place corpus + tribes + governed person-name seeds,SHARED_REFERENCE,ACTIVE
NG-NAM-ROA-001150,Old Granary Crossing,Old Granary Crossing,ROAD,SOURCE_DERIVED,NGP-000182,Old Granary,PLACE,prefix=NONE;suffix=Crossing,AVAILABLE,NoveGeo 700-place corpus + tribes + governed person-name seeds,SHARED_REFERENCE,ACTIVE
NG-NAM-ROA-001151,Innovation Loop Road,Innovation Loop Road,ROAD,SOURCE_DERIVED,NGP-000183,Innovation Loop,PLACE,prefix=NONE;suffix=Road,AVAILABLE,NoveGeo 700-place corpus + tribes + governed person-name seeds,SHARED_REFERENCE,ACTIVE
NG-NAM-ROA-001152,Grand Station Street,Grand Station Street,ROAD,SOURCE_DERIVED,NGP-000184,Grand Station,PLACE,prefix=NONE;suffix=Street,AVAILABLE,NoveGeo 700-place corpus + tribes + governed person-name seeds,SHARED_REFERENCE,ACTIVE
NG-NAM-ROA-001153,Meadowcrest Avenue,Meadowcrest Avenue,ROAD,SOURCE_DERIVED,NGP-000185,Meadowcrest,PLACE,prefix=NONE;suffix=Avenue,AVAILABLE,NoveGeo 700-place corpus + tribes + governed person-name seeds,SHARED_REFERENCE,ACTIVE
NG-NAM-ROA-001154,Kenwick Park Lane,Kenwick Park Lane,ROAD,SOURCE_DERIVED,NGP-000186,Kenwick Park,PLACE,prefix=NONE;suffix=Lane,AVAILABLE,NoveGeo 700-place corpus + tribes + governed person-name seeds,SHARED_REFERENCE,ACTIVE
NG-NAM-ROA-001155,Solara Fields Drive,Solara Fields Drive,ROAD,SOURCE_DERIVED,NGP-000187,Solara Fields,PLACE,prefix=NONE;suffix=Drive,AVAILABLE,NoveGeo 700-place corpus + tribes + governed person-name seeds,SHARED_REFERENCE,ACTIVE
NG-NAM-ROA-001156,Vondel Grove Way,Vondel Grove Way,ROAD,SOURCE_DERIVED,NGP-000188,Vondel Grove,PLACE,prefix=NONE;suffix=Way,AVAILABLE,NoveGeo 700-place corpus + tribes + governed person-name seeds,SHARED_REFERENCE,ACTIVE
NG-NAM-ROA-001157,Fairmead Boulevard,Fairmead Boulevard,ROAD,SOURCE_DERIVED,NGP-000189,Fairmead,PLACE,prefix=NONE;suffix=Boulevard,AVAILABLE,NoveGeo 700-place corpus + tribes + governed person-name seeds,SHARED_REFERENCE,ACTIVE
NG-NAM-ROA-001158,New Verona Highway,New Verona Highway,ROAD,SOURCE_DERIVED,NGP-000190,New Verona,PLACE,prefix=NONE;suffix=Highway,AVAILABLE,NoveGeo 700-place corpus + tribes + governed person-name seeds,SHARED_REFERENCE,ACTIVE
NG-NAM-ROA-001159,Kaelstone Junction,Kaelstone Junction,ROAD,SOURCE_DERIVED,NGP-000191,Kaelstone,PLACE,prefix=NONE;suffix=Junction,AVAILABLE,NoveGeo 700-place corpus + tribes + governed person-name seeds,SHARED_REFERENCE,ACTIVE
NG-NAM-ROA-001160,Greenhaven Crossing,Greenhaven Crossing,ROAD,SOURCE_DERIVED,NGP-000192,Greenhaven,PLACE,prefix=NONE;suffix=Crossing,AVAILABLE,NoveGeo 700-place corpus + tribes + governed person-name seeds,SHARED_REFERENCE,ACTIVE
NG-NAM-ROA-001161,Ashford Lane Road,Ashford Lane Road,ROAD,SOURCE_DERIVED,NGP-000193,Ashford Lane,PLACE,prefix=NONE;suffix=Road,AVAILABLE,NoveGeo 700-place corpus + tribes + governed person-name seeds,SHARED_REFERENCE,ACTIVE
NG-NAM-ROA-001162,Juniper Rise Street,Juniper Rise Street,ROAD,SOURCE_DERIVED,NGP-000194,Juniper Rise,PLACE,prefix=NONE;suffix=Street,AVAILABLE,NoveGeo 700-place corpus + tribes + governed person-name seeds,SHARED_REFERENCE,ACTIVE
NG-NAM-ROA-001163,Eastmere Avenue,Eastmere Avenue,ROAD,SOURCE_DERIVED,NGP-000195,Eastmere,PLACE,prefix=NONE;suffix=Avenue,AVAILABLE,NoveGeo 700-place corpus + tribes + governed person-name seeds,SHARED_REFERENCE,ACTIVE
NG-NAM-ROA-001164,Orchard Gate Lane,Orchard Gate Lane,ROAD,SOURCE_DERIVED,NGP-000196,Orchard Gate,PLACE,prefix=NONE;suffix=Lane,AVAILABLE,NoveGeo 700-place corpus + tribes + governed person-name seeds,SHARED_REFERENCE,ACTIVE
NG-NAM-ROA-001165,Vondel Drive,Vondel Drive,ROAD,SOURCE_DERIVED,NGP-000197,Vondel,PLACE,prefix=NONE;suffix=Drive,AVAILABLE,NoveGeo 700-place corpus + tribes + governed person-name seeds,SHARED_REFERENCE,ACTIVE
NG-NAM-ROA-001166,Meadowrun Way,Meadowrun Way,ROAD,SOURCE_DERIVED,NGP-000198,Meadowrun,PLACE,prefix=NONE;suffix=Way,AVAILABLE,NoveGeo 700-place corpus + tribes + governed person-name seeds,SHARED_REFERENCE,ACTIVE
NG-NAM-ROA-001167,Grainford Boulevard,Grainford Boulevard,ROAD,SOURCE_DERIVED,NGP-000199,Grainford,PLACE,prefix=NONE;suffix=Boulevard,AVAILABLE,NoveGeo 700-place corpus + tribes + governed person-name seeds,SHARED_REFERENCE,ACTIVE
NG-NAM-ROA-001168,Solhaven Highway,Solhaven Highway,ROAD,SOURCE_DERIVED,NGP-000200,Solhaven,PLACE,prefix=NONE;suffix=Highway,AVAILABLE,NoveGeo 700-place corpus + tribes + governed person-name seeds,SHARED_REFERENCE,ACTIVE
NG-NAM-ROA-001169,Amberfield Junction,Amberfield Junction,ROAD,SOURCE_DERIVED,NGP-000201,Amberfield,PLACE,prefix=NONE;suffix=Junction,AVAILABLE,NoveGeo 700-place corpus + tribes + governed person-name seeds,SHARED_REFERENCE,ACTIVE
NG-NAM-ROA-001170,Kestrel Crossing,Kestrel Crossing,ROAD,SOURCE_DERIVED,NGP-000202,Kestrel,PLACE,prefix=NONE;suffix=Crossing,AVAILABLE,NoveGeo 700-place corpus + tribes + governed person-name seeds,SHARED_REFERENCE,ACTIVE
NG-NAM-ROA-001171,Windcross Road,Windcross Road,ROAD,SOURCE_DERIVED,NGP-000203,Windcross,PLACE,prefix=NONE;suffix=Road,AVAILABLE,NoveGeo 700-place corpus + tribes + governed person-name seeds,SHARED_REFERENCE,ACTIVE
NG-NAM-ROA-001172,Talewood Street,Talewood Street,ROAD,SOURCE_DERIVED,NGP-000204,Talewood,PLACE,prefix=NONE;suffix=Street,AVAILABLE,NoveGeo 700-place corpus + tribes + governed person-name seeds,SHARED_REFERENCE,ACTIVE
NG-NAM-ROA-001173,Broadacre Avenue,Broadacre Avenue,ROAD,SOURCE_DERIVED,NGP-000205,Broadacre,PLACE,prefix=NONE;suffix=Avenue,AVAILABLE,NoveGeo 700-place corpus + tribes + governed person-name seeds,SHARED_REFERENCE,ACTIVE
NG-NAM-ROA-001174,Eastbarrow Lane,Eastbarrow Lane,ROAD,SOURCE_DERIVED,NGP-000206,Eastbarrow,PLACE,prefix=NONE;suffix=Lane,AVAILABLE,NoveGeo 700-place corpus + tribes + governed person-name seeds,SHARED_REFERENCE,ACTIVE
NG-NAM-ROA-001175,Solvek Drive,Solvek Drive,ROAD,SOURCE_DERIVED,NGP-000207,Solvek,PLACE,prefix=NONE;suffix=Drive,AVAILABLE,NoveGeo 700-place corpus + tribes + governed person-name seeds,SHARED_REFERENCE,ACTIVE
NG-NAM-ROA-001176,Ashkar Way,Ashkar Way,ROAD,SOURCE_DERIVED,NGP-000208,Ashkar,PLACE,prefix=NONE;suffix=Way,AVAILABLE,NoveGeo 700-place corpus + tribes + governed person-name seeds,SHARED_REFERENCE,ACTIVE
NG-NAM-ROA-001177,Harrowfield Boulevard,Harrowfield Boulevard,ROAD,SOURCE_DERIVED,NGP-000209,Harrowfield,PLACE,prefix=NONE;suffix=Boulevard,AVAILABLE,NoveGeo 700-place corpus + tribes + governed person-name seeds,SHARED_REFERENCE,ACTIVE
NG-NAM-ROA-001178,Cidergate Highway,Cidergate Highway,ROAD,SOURCE_DERIVED,NGP-000210,Cidergate,PLACE,prefix=NONE;suffix=Highway,AVAILABLE,NoveGeo 700-place corpus + tribes + governed person-name seeds,SHARED_REFERENCE,ACTIVE
NG-NAM-ROA-001179,Westervale Junction,Westervale Junction,ROAD,SOURCE_DERIVED,NGP-000211,Westervale,PLACE,prefix=NONE;suffix=Junction,AVAILABLE,NoveGeo 700-place corpus + tribes + governed person-name seeds,SHARED_REFERENCE,ACTIVE
NG-NAM-ROA-001180,Vondel Junction Crossing,Vondel Junction Crossing,ROAD,SOURCE_DERIVED,NGP-000212,Vondel Junction,PLACE,prefix=NONE;suffix=Crossing,AVAILABLE,NoveGeo 700-place corpus + tribes + governed person-name seeds,SHARED_REFERENCE,ACTIVE
NG-NAM-ROA-001181,Meadow Junction Road,Meadow Junction Road,ROAD,SOURCE_DERIVED,NGP-000213,Meadow Junction,PLACE,prefix=NONE;suffix=Road,AVAILABLE,NoveGeo 700-place corpus + tribes + governed person-name seeds,SHARED_REFERENCE,ACTIVE
NG-NAM-ROA-001182,Grainview Street,Grainview Street,ROAD,SOURCE_DERIVED,NGP-000214,Grainview,PLACE,prefix=NONE;suffix=Street,AVAILABLE,NoveGeo 700-place corpus + tribes + governed person-name seeds,SHARED_REFERENCE,ACTIVE
NG-NAM-ROA-001183,Kestrel East Avenue,Kestrel East Avenue,ROAD,SOURCE_DERIVED,NGP-000215,Kestrel East,PLACE,prefix=NONE;suffix=Avenue,AVAILABLE,NoveGeo 700-place corpus + tribes + governed person-name seeds,SHARED_REFERENCE,ACTIVE
NG-NAM-ROA-001184,Windmill Row Lane,Windmill Row Lane,ROAD,SOURCE_DERIVED,NGP-000216,Windmill Row,PLACE,prefix=NONE;suffix=Lane,AVAILABLE,NoveGeo 700-place corpus + tribes + governed person-name seeds,SHARED_REFERENCE,ACTIVE
NG-NAM-ROA-001185,Broadacre South Drive,Broadacre South Drive,ROAD,SOURCE_DERIVED,NGP-000217,Broadacre South,PLACE,prefix=NONE;suffix=Drive,AVAILABLE,NoveGeo 700-place corpus + tribes + governed person-name seeds,SHARED_REFERENCE,ACTIVE
NG-NAM-ROA-001186,Solmere Gate Way,Solmere Gate Way,ROAD,SOURCE_DERIVED,NGP-000218,Solmere Gate,PLACE,prefix=NONE;suffix=Way,AVAILABLE,NoveGeo 700-place corpus + tribes + governed person-name seeds,SHARED_REFERENCE,ACTIVE
NG-NAM-ROA-001187,Ashkar Cross Boulevard,Ashkar Cross Boulevard,ROAD,SOURCE_DERIVED,NGP-000219,Ashkar Cross,PLACE,prefix=NONE;suffix=Boulevard,AVAILABLE,NoveGeo 700-place corpus + tribes + governed person-name seeds,SHARED_REFERENCE,ACTIVE
NG-NAM-ROA-001188,Cider Station Highway,Cider Station Highway,ROAD,SOURCE_DERIVED,NGP-000220,Cider Station,PLACE,prefix=NONE;suffix=Highway,AVAILABLE,NoveGeo 700-place corpus + tribes + governed person-name seeds,SHARED_REFERENCE,ACTIVE
NG-NAM-ROA-001189,Lower Vondel Junction,Lower Vondel Junction,ROAD,SOURCE_DERIVED,NGP-000221,Lower Vondel,PLACE,prefix=NONE;suffix=Junction,AVAILABLE,NoveGeo 700-place corpus + tribes + governed person-name seeds,SHARED_REFERENCE,ACTIVE
NG-NAM-ROA-001190,Vondel Fields Crossing,Vondel Fields Crossing,ROAD,SOURCE_DERIVED,NGP-000222,Vondel Fields,PLACE,prefix=NONE;suffix=Crossing,AVAILABLE,NoveGeo 700-place corpus + tribes + governed person-name seeds,SHARED_REFERENCE,ACTIVE
NG-NAM-ROA-001191,Upper Meadowrun Road,Upper Meadowrun Road,ROAD,SOURCE_DERIVED,NGP-000223,Upper Meadowrun,PLACE,prefix=NONE;suffix=Road,AVAILABLE,NoveGeo 700-place corpus + tribes + governed person-name seeds,SHARED_REFERENCE,ACTIVE
NG-NAM-ROA-001192,Meadowrun Grove Street,Meadowrun Grove Street,ROAD,SOURCE_DERIVED,NGP-000224,Meadowrun Grove,PLACE,prefix=NONE;suffix=Street,AVAILABLE,NoveGeo 700-place corpus + tribes + governed person-name seeds,SHARED_REFERENCE,ACTIVE
NG-NAM-ROA-001193,East Grainford Avenue,East Grainford Avenue,ROAD,SOURCE_DERIVED,NGP-000225,East Grainford,PLACE,prefix=NONE;suffix=Avenue,AVAILABLE,NoveGeo 700-place corpus + tribes + governed person-name seeds,SHARED_REFERENCE,ACTIVE
NG-NAM-ROA-001194,Grainford Farm Lane,Grainford Farm Lane,ROAD,SOURCE_DERIVED,NGP-000226,Grainford Farm,PLACE,prefix=NONE;suffix=Lane,AVAILABLE,NoveGeo 700-place corpus + tribes + governed person-name seeds,SHARED_REFERENCE,ACTIVE
NG-NAM-ROA-001195,Old Solhaven Drive,Old Solhaven Drive,ROAD,SOURCE_DERIVED,NGP-000227,Old Solhaven,PLACE,prefix=NONE;suffix=Drive,AVAILABLE,NoveGeo 700-place corpus + tribes + governed person-name seeds,SHARED_REFERENCE,ACTIVE
NG-NAM-ROA-001196,Solhaven Cross Way,Solhaven Cross Way,ROAD,SOURCE_DERIVED,NGP-000228,Solhaven Cross,PLACE,prefix=NONE;suffix=Way,AVAILABLE,NoveGeo 700-place corpus + tribes + governed person-name seeds,SHARED_REFERENCE,ACTIVE
NG-NAM-ROA-001197,South Amberfield Boulevard,South Amberfield Boulevard,ROAD,SOURCE_DERIVED,NGP-000229,South Amberfield,PLACE,prefix=NONE;suffix=Boulevard,AVAILABLE,NoveGeo 700-place corpus + tribes + governed person-name seeds,SHARED_REFERENCE,ACTIVE
NG-NAM-ROA-001198,Amberfield Plain Highway,Amberfield Plain Highway,ROAD,SOURCE_DERIVED,NGP-000230,Amberfield Plain,PLACE,prefix=NONE;suffix=Highway,AVAILABLE,NoveGeo 700-place corpus + tribes + governed person-name seeds,SHARED_REFERENCE,ACTIVE
NG-NAM-ROA-001199,Kestrel Orchard Junction,Kestrel Orchard Junction,ROAD,SOURCE_DERIVED,NGP-000231,Kestrel Orchard,PLACE,prefix=NONE;suffix=Junction,AVAILABLE,NoveGeo 700-place corpus + tribes + governed person-name seeds,SHARED_REFERENCE,ACTIVE
NG-NAM-ROA-001200,Kestrel Mill Crossing,Kestrel Mill Crossing,ROAD,SOURCE_DERIVED,NGP-000232,Kestrel Mill,PLACE,prefix=NONE;suffix=Crossing,AVAILABLE,NoveGeo 700-place corpus + tribes + governed person-name seeds,SHARED_REFERENCE,ACTIVE
NG-NAM-ROA-001201,North Windcross Road,North Windcross Road,ROAD,SOURCE_DERIVED,NGP-000233,North Windcross,PLACE,prefix=NONE;suffix=Road,AVAILABLE,NoveGeo 700-place corpus + tribes + governed person-name seeds,SHARED_REFERENCE,ACTIVE
NG-NAM-ROA-001202,Windcross Acres Street,Windcross Acres Street,ROAD,SOURCE_DERIVED,NGP-000234,Windcross Acres,PLACE,prefix=NONE;suffix=Street,AVAILABLE,NoveGeo 700-place corpus + tribes + governed person-name seeds,SHARED_REFERENCE,ACTIVE
NG-NAM-ROA-001203,Talewood Meadow Avenue,Talewood Meadow Avenue,ROAD,SOURCE_DERIVED,NGP-000235,Talewood Meadow,PLACE,prefix=NONE;suffix=Avenue,AVAILABLE,NoveGeo 700-place corpus + tribes + governed person-name seeds,SHARED_REFERENCE,ACTIVE
NG-NAM-ROA-001204,Talewood Gate Lane,Talewood Gate Lane,ROAD,SOURCE_DERIVED,NGP-000236,Talewood Gate,PLACE,prefix=NONE;suffix=Lane,AVAILABLE,NoveGeo 700-place corpus + tribes + governed person-name seeds,SHARED_REFERENCE,ACTIVE
NG-NAM-ROA-001205,West Broadacre Drive,West Broadacre Drive,ROAD,SOURCE_DERIVED,NGP-000237,West Broadacre,PLACE,prefix=NONE;suffix=Drive,AVAILABLE,NoveGeo 700-place corpus + tribes + governed person-name seeds,SHARED_REFERENCE,ACTIVE
NG-NAM-ROA-001206,Broadacre Granary Way,Broadacre Granary Way,ROAD,SOURCE_DERIVED,NGP-000238,Broadacre Granary,PLACE,prefix=NONE;suffix=Way,AVAILABLE,NoveGeo 700-place corpus + tribes + governed person-name seeds,SHARED_REFERENCE,ACTIVE
NG-NAM-ROA-001207,Eastbarrow Ridge Boulevard,Eastbarrow Ridge Boulevard,ROAD,SOURCE_DERIVED,NGP-000239,Eastbarrow Ridge,PLACE,prefix=NONE;suffix=Boulevard,AVAILABLE,NoveGeo 700-place corpus + tribes + governed person-name seeds,SHARED_REFERENCE,ACTIVE
NG-NAM-ROA-001208,Eastbarrow Silo Highway,Eastbarrow Silo Highway,ROAD,SOURCE_DERIVED,NGP-000240,Eastbarrow Silo,PLACE,prefix=NONE;suffix=Highway,AVAILABLE,NoveGeo 700-place corpus + tribes + governed person-name seeds,SHARED_REFERENCE,ACTIVE
NG-NAM-ROA-001209,Lower Solvek Junction,Lower Solvek Junction,ROAD,SOURCE_DERIVED,NGP-000241,Lower Solvek,PLACE,prefix=NONE;suffix=Junction,AVAILABLE,NoveGeo 700-place corpus + tribes + governed person-name seeds,SHARED_REFERENCE,ACTIVE
NG-NAM-ROA-001210,Solvek Brook Crossing,Solvek Brook Crossing,ROAD,SOURCE_DERIVED,NGP-000242,Solvek Brook,PLACE,prefix=NONE;suffix=Crossing,AVAILABLE,NoveGeo 700-place corpus + tribes + governed person-name seeds,SHARED_REFERENCE,ACTIVE
NG-NAM-ROA-001211,Ashkar Vineyard Road,Ashkar Vineyard Road,ROAD,SOURCE_DERIVED,NGP-000243,Ashkar Vineyard,PLACE,prefix=NONE;suffix=Road,AVAILABLE,NoveGeo 700-place corpus + tribes + governed person-name seeds,SHARED_REFERENCE,ACTIVE
NG-NAM-ROA-001212,Ashkar Lane Street,Ashkar Lane Street,ROAD,SOURCE_DERIVED,NGP-000244,Ashkar Lane,PLACE,prefix=NONE;suffix=Street,AVAILABLE,NoveGeo 700-place corpus + tribes + governed person-name seeds,SHARED_REFERENCE,ACTIVE
NG-NAM-ROA-001213,Upper Harrowfield Avenue,Upper Harrowfield Avenue,ROAD,SOURCE_DERIVED,NGP-000245,Upper Harrowfield,PLACE,prefix=NONE;suffix=Avenue,AVAILABLE,NoveGeo 700-place corpus + tribes + governed person-name seeds,SHARED_REFERENCE,ACTIVE
NG-NAM-ROA-001214,Harrowfield Homestead Lane,Harrowfield Homestead Lane,ROAD,SOURCE_DERIVED,NGP-000246,Harrowfield Homestead,PLACE,prefix=NONE;suffix=Lane,AVAILABLE,NoveGeo 700-place corpus + tribes + governed person-name seeds,SHARED_REFERENCE,ACTIVE
NG-NAM-ROA-001215,Cidergate Cider Field Drive,Cidergate Cider Field Drive,ROAD,SOURCE_DERIVED,NGP-000247,Cidergate Cider Field,PLACE,prefix=NONE;suffix=Drive,AVAILABLE,NoveGeo 700-place corpus + tribes + governed person-name seeds,SHARED_REFERENCE,ACTIVE
NG-NAM-ROA-001216,Cidergate Hill Way,Cidergate Hill Way,ROAD,SOURCE_DERIVED,NGP-000248,Cidergate Hill,PLACE,prefix=NONE;suffix=Way,AVAILABLE,NoveGeo 700-place corpus + tribes + governed person-name seeds,SHARED_REFERENCE,ACTIVE
NG-NAM-ROA-001217,Westervale Vale Boulevard,Westervale Vale Boulevard,ROAD,SOURCE_DERIVED,NGP-000249,Westervale Vale,PLACE,prefix=NONE;suffix=Boulevard,AVAILABLE,NoveGeo 700-place corpus + tribes + governed person-name seeds,SHARED_REFERENCE,ACTIVE
NG-NAM-ROA-001218,Westervale Station Highway,Westervale Station Highway,ROAD,SOURCE_DERIVED,NGP-000250,Westervale Station,PLACE,prefix=NONE;suffix=Highway,AVAILABLE,NoveGeo 700-place corpus + tribes + governed person-name seeds,SHARED_REFERENCE,ACTIVE
NG-NAM-ROA-001219,Harvest Cross Junction,Harvest Cross Junction,ROAD,SOURCE_DERIVED,NGP-000251,Harvest Cross,PLACE,prefix=NONE;suffix=Junction,AVAILABLE,NoveGeo 700-place corpus + tribes + governed person-name seeds,SHARED_REFERENCE,ACTIVE
NG-NAM-ROA-001220,Millers' Gate Crossing,Millers' Gate Crossing,ROAD,SOURCE_DERIVED,NGP-000252,Millers' Gate,PLACE,prefix=NONE;suffix=Crossing,AVAILABLE,NoveGeo 700-place corpus + tribes + governed person-name seeds,SHARED_REFERENCE,ACTIVE
NG-NAM-ROA-001221,Kestrel Market Road,Kestrel Market Road,ROAD,SOURCE_DERIVED,NGP-000253,Kestrel Market,PLACE,prefix=NONE;suffix=Road,AVAILABLE,NoveGeo 700-place corpus + tribes + governed person-name seeds,SHARED_REFERENCE,ACTIVE
NG-NAM-ROA-001222,Orchard Exchange Street,Orchard Exchange Street,ROAD,SOURCE_DERIVED,NGP-000254,Orchard Exchange,PLACE,prefix=NONE;suffix=Street,AVAILABLE,NoveGeo 700-place corpus + tribes + governed person-name seeds,SHARED_REFERENCE,ACTIVE
NG-NAM-ROA-001223,Old Silo Avenue,Old Silo Avenue,ROAD,SOURCE_DERIVED,NGP-000255,Old Silo,PLACE,prefix=NONE;suffix=Avenue,AVAILABLE,NoveGeo 700-place corpus + tribes + governed person-name seeds,SHARED_REFERENCE,ACTIVE
NG-NAM-ROA-001224,Vondara AgroTech Park Lane,Vondara AgroTech Park Lane,ROAD,SOURCE_DERIVED,NGP-000256,Vondara AgroTech Park,PLACE,prefix=NONE;suffix=Lane,AVAILABLE,NoveGeo 700-place corpus + tribes + governed person-name seeds,SHARED_REFERENCE,ACTIVE
NG-NAM-ROA-001225,Kestrel Freight Estate Drive,Kestrel Freight Estate Drive,ROAD,SOURCE_DERIVED,NGP-000257,Kestrel Freight Estate,PLACE,prefix=NONE;suffix=Drive,AVAILABLE,NoveGeo 700-place corpus + tribes + governed person-name seeds,SHARED_REFERENCE,ACTIVE
NG-NAM-ROA-001226,Silvermere Way,Silvermere Way,ROAD,SOURCE_DERIVED,NGP-000258,Silvermere,PLACE,prefix=NONE;suffix=Way,AVAILABLE,NoveGeo 700-place corpus + tribes + governed person-name seeds,SHARED_REFERENCE,ACTIVE
NG-NAM-ROA-001227,Nyandor Boulevard,Nyandor Boulevard,ROAD,SOURCE_DERIVED,NGP-000259,Nyandor,PLACE,prefix=NONE;suffix=Boulevard,AVAILABLE,NoveGeo 700-place corpus + tribes + governed person-name seeds,SHARED_REFERENCE,ACTIVE
NG-NAM-ROA-001228,Reedhaven Highway,Reedhaven Highway,ROAD,SOURCE_DERIVED,NGP-000260,Reedhaven,PLACE,prefix=NONE;suffix=Highway,AVAILABLE,NoveGeo 700-place corpus + tribes + governed person-name seeds,SHARED_REFERENCE,ACTIVE
NG-NAM-ROA-001229,Lakemarch Junction,Lakemarch Junction,ROAD,SOURCE_DERIVED,NGP-000261,Lakemarch,PLACE,prefix=NONE;suffix=Junction,AVAILABLE,NoveGeo 700-place corpus + tribes + governed person-name seeds,SHARED_REFERENCE,ACTIVE
NG-NAM-ROA-001230,Silvermere Central Crossing,Silvermere Central Crossing,ROAD,SOURCE_DERIVED,NGP-000262,Silvermere Central,PLACE,prefix=NONE;suffix=Crossing,AVAILABLE,NoveGeo 700-place corpus + tribes + governed person-name seeds,SHARED_REFERENCE,ACTIVE
NG-NAM-ROA-001231,Lakefront Exchange Road,Lakefront Exchange Road,ROAD,SOURCE_DERIVED,NGP-000263,Lakefront Exchange,PLACE,prefix=NONE;suffix=Road,AVAILABLE,NoveGeo 700-place corpus + tribes + governed person-name seeds,SHARED_REFERENCE,ACTIVE
NG-NAM-ROA-001232,Reedbank Ward Street,Reedbank Ward Street,ROAD,SOURCE_DERIVED,NGP-000264,Reedbank Ward,PLACE,prefix=NONE;suffix=Street,AVAILABLE,NoveGeo 700-place corpus + tribes + governed person-name seeds,SHARED_REFERENCE,ACTIVE
NG-NAM-ROA-001233,Canal Quarter Avenue,Canal Quarter Avenue,ROAD,SOURCE_DERIVED,NGP-000265,Canal Quarter,PLACE,prefix=NONE;suffix=Avenue,AVAILABLE,NoveGeo 700-place corpus + tribes + governed person-name seeds,SHARED_REFERENCE,ACTIVE
NG-NAM-ROA-001234,Old Ferry Lane,Old Ferry Lane,ROAD,SOURCE_DERIVED,NGP-000266,Old Ferry,PLACE,prefix=NONE;suffix=Lane,AVAILABLE,NoveGeo 700-place corpus + tribes + governed person-name seeds,SHARED_REFERENCE,ACTIVE
NG-NAM-ROA-001235,Civic Isles Drive,Civic Isles Drive,ROAD,SOURCE_DERIVED,NGP-000267,Civic Isles,PLACE,prefix=NONE;suffix=Drive,AVAILABLE,NoveGeo 700-place corpus + tribes + governed person-name seeds,SHARED_REFERENCE,ACTIVE
NG-NAM-ROA-001236,Museum Reach Way,Museum Reach Way,ROAD,SOURCE_DERIVED,NGP-000268,Museum Reach,PLACE,prefix=NONE;suffix=Way,AVAILABLE,NoveGeo 700-place corpus + tribes + governed person-name seeds,SHARED_REFERENCE,ACTIVE
NG-NAM-ROA-001237,West Quays Boulevard,West Quays Boulevard,ROAD,SOURCE_DERIVED,NGP-000269,West Quays,PLACE,prefix=NONE;suffix=Boulevard,AVAILABLE,NoveGeo 700-place corpus + tribes + governed person-name seeds,SHARED_REFERENCE,ACTIVE
NG-NAM-ROA-001238,Bluewater Highway,Bluewater Highway,ROAD,SOURCE_DERIVED,NGP-000270,Bluewater,PLACE,prefix=NONE;suffix=Highway,AVAILABLE,NoveGeo 700-place corpus + tribes + governed person-name seeds,SHARED_REFERENCE,ACTIVE
NG-NAM-ROA-001239,Nyarin Gardens Junction,Nyarin Gardens Junction,ROAD,SOURCE_DERIVED,NGP-000271,Nyarin Gardens,PLACE,prefix=NONE;suffix=Junction,AVAILABLE,NoveGeo 700-place corpus + tribes + governed person-name seeds,SHARED_REFERENCE,ACTIVE
NG-NAM-ROA-001240,Heron Park Crossing,Heron Park Crossing,ROAD,SOURCE_DERIVED,NGP-000272,Heron Park,PLACE,prefix=NONE;suffix=Crossing,AVAILABLE,NoveGeo 700-place corpus + tribes + governed person-name seeds,SHARED_REFERENCE,ACTIVE
NG-NAM-ROA-001241,Willowmere Road,Willowmere Road,ROAD,SOURCE_DERIVED,NGP-000273,Willowmere,PLACE,prefix=NONE;suffix=Road,AVAILABLE,NoveGeo 700-place corpus + tribes + governed person-name seeds,SHARED_REFERENCE,ACTIVE
NG-NAM-ROA-001242,Canalview Street,Canalview Street,ROAD,SOURCE_DERIVED,NGP-000274,Canalview,PLACE,prefix=NONE;suffix=Street,AVAILABLE,NoveGeo 700-place corpus + tribes + governed person-name seeds,SHARED_REFERENCE,ACTIVE
NG-NAM-ROA-001243,Lakeside North Avenue,Lakeside North Avenue,ROAD,SOURCE_DERIVED,NGP-000275,Lakeside North,PLACE,prefix=NONE;suffix=Avenue,AVAILABLE,NoveGeo 700-place corpus + tribes + governed person-name seeds,SHARED_REFERENCE,ACTIVE
NG-NAM-ROA-001244,Pearlbank Lane,Pearlbank Lane,ROAD,SOURCE_DERIVED,NGP-000276,Pearlbank,PLACE,prefix=NONE;suffix=Lane,AVAILABLE,NoveGeo 700-place corpus + tribes + governed person-name seeds,SHARED_REFERENCE,ACTIVE
NG-NAM-ROA-001245,Mistral Court Drive,Mistral Court Drive,ROAD,SOURCE_DERIVED,NGP-000277,Mistral Court,PLACE,prefix=NONE;suffix=Drive,AVAILABLE,NoveGeo 700-place corpus + tribes + governed person-name seeds,SHARED_REFERENCE,ACTIVE
NG-NAM-ROA-001246,Fenwick Way,Fenwick Way,ROAD,SOURCE_DERIVED,NGP-000278,Fenwick,PLACE,prefix=NONE;suffix=Way,AVAILABLE,NoveGeo 700-place corpus + tribes + governed person-name seeds,SHARED_REFERENCE,ACTIVE
NG-NAM-ROA-001247,Riverglass Boulevard,Riverglass Boulevard,ROAD,SOURCE_DERIVED,NGP-000279,Riverglass,PLACE,prefix=NONE;suffix=Boulevard,AVAILABLE,NoveGeo 700-place corpus + tribes + governed person-name seeds,SHARED_REFERENCE,ACTIVE
NG-NAM-ROA-001248,New Delft Highway,New Delft Highway,ROAD,SOURCE_DERIVED,NGP-000280,New Delft,PLACE,prefix=NONE;suffix=Highway,AVAILABLE,NoveGeo 700-place corpus + tribes + governed person-name seeds,SHARED_REFERENCE,ACTIVE
NG-NAM-ROA-001249,Sedgefield Junction,Sedgefield Junction,ROAD,SOURCE_DERIVED,NGP-000281,Sedgefield,PLACE,prefix=NONE;suffix=Junction,AVAILABLE,NoveGeo 700-place corpus + tribes + governed person-name seeds,SHARED_REFERENCE,ACTIVE
NG-NAM-ROA-001250,Nyarin Crossing,Nyarin Crossing,ROAD,SOURCE_DERIVED,NGP-000282,Nyarin,PLACE,prefix=NONE;suffix=Crossing,AVAILABLE,NoveGeo 700-place corpus + tribes + governed person-name seeds,SHARED_REFERENCE,ACTIVE
NG-NAM-ROA-001251,Nyondar Road,Nyondar Road,ROAD,SOURCE_DERIVED,NGP-000283,Nyondar,PLACE,prefix=NONE;suffix=Road,AVAILABLE,NoveGeo 700-place corpus + tribes + governed person-name seeds,SHARED_REFERENCE,ACTIVE
NG-NAM-ROA-001252,Nyavora Street,Nyavora Street,ROAD,SOURCE_DERIVED,NGP-000284,Nyavora,PLACE,prefix=NONE;suffix=Street,AVAILABLE,NoveGeo 700-place corpus + tribes + governed person-name seeds,SHARED_REFERENCE,ACTIVE
NG-NAM-ROA-001253,Osprey Bend Avenue,Osprey Bend Avenue,ROAD,SOURCE_DERIVED,NGP-000285,Osprey Bend,PLACE,prefix=NONE;suffix=Avenue,AVAILABLE,NoveGeo 700-place corpus + tribes + governed person-name seeds,SHARED_REFERENCE,ACTIVE
NG-NAM-ROA-001254,Pelican Reach Lane,Pelican Reach Lane,ROAD,SOURCE_DERIVED,NGP-000286,Pelican Reach,PLACE,prefix=NONE;suffix=Lane,AVAILABLE,NoveGeo 700-place corpus + tribes + governed person-name seeds,SHARED_REFERENCE,ACTIVE
NG-NAM-ROA-001255,Fenmere Drive,Fenmere Drive,ROAD,SOURCE_DERIVED,NGP-000287,Fenmere,PLACE,prefix=NONE;suffix=Drive,AVAILABLE,NoveGeo 700-place corpus + tribes + governed person-name seeds,SHARED_REFERENCE,ACTIVE
NG-NAM-ROA-001256,Lotus Ford Way,Lotus Ford Way,ROAD,SOURCE_DERIVED,NGP-000288,Lotus Ford,PLACE,prefix=NONE;suffix=Way,AVAILABLE,NoveGeo 700-place corpus + tribes + governed person-name seeds,SHARED_REFERENCE,ACTIVE
NG-NAM-ROA-001257,Rivermist Boulevard,Rivermist Boulevard,ROAD,SOURCE_DERIVED,NGP-000289,Rivermist,PLACE,prefix=NONE;suffix=Boulevard,AVAILABLE,NoveGeo 700-place corpus + tribes + governed person-name seeds,SHARED_REFERENCE,ACTIVE
NG-NAM-ROA-001258,Heronfall Highway,Heronfall Highway,ROAD,SOURCE_DERIVED,NGP-000290,Heronfall,PLACE,prefix=NONE;suffix=Highway,AVAILABLE,NoveGeo 700-place corpus + tribes + governed person-name seeds,SHARED_REFERENCE,ACTIVE
NG-NAM-ROA-001259,Delftwater Junction,Delftwater Junction,ROAD,SOURCE_DERIVED,NGP-000291,Delftwater,PLACE,prefix=NONE;suffix=Junction,AVAILABLE,NoveGeo 700-place corpus + tribes + governed person-name seeds,SHARED_REFERENCE,ACTIVE
NG-NAM-ROA-001260,Bluehaven Crossing,Bluehaven Crossing,ROAD,SOURCE_DERIVED,NGP-000292,Bluehaven,PLACE,prefix=NONE;suffix=Crossing,AVAILABLE,NoveGeo 700-place corpus + tribes + governed person-name seeds,SHARED_REFERENCE,ACTIVE
NG-NAM-ROA-001261,Lowwater Road,Lowwater Road,ROAD,SOURCE_DERIVED,NGP-000293,Lowwater,PLACE,prefix=NONE;suffix=Road,AVAILABLE,NoveGeo 700-place corpus + tribes + governed person-name seeds,SHARED_REFERENCE,ACTIVE
NG-NAM-ROA-001262,Canalford Street,Canalford Street,ROAD,SOURCE_DERIVED,NGP-000294,Canalford,PLACE,prefix=NONE;suffix=Street,AVAILABLE,NoveGeo 700-place corpus + tribes + governed person-name seeds,SHARED_REFERENCE,ACTIVE
NG-NAM-ROA-001263,Brinewell Avenue,Brinewell Avenue,ROAD,SOURCE_DERIVED,NGP-000295,Brinewell,PLACE,prefix=NONE;suffix=Avenue,AVAILABLE,NoveGeo 700-place corpus + tribes + governed person-name seeds,SHARED_REFERENCE,ACTIVE
NG-NAM-ROA-001264,Willow Quay Lane,Willow Quay Lane,ROAD,SOURCE_DERIVED,NGP-000296,Willow Quay,PLACE,prefix=NONE;suffix=Lane,AVAILABLE,NoveGeo 700-place corpus + tribes + governed person-name seeds,SHARED_REFERENCE,ACTIVE
NG-NAM-ROA-001265,Nyandor Landing Drive,Nyandor Landing Drive,ROAD,SOURCE_DERIVED,NGP-000297,Nyandor Landing,PLACE,prefix=NONE;suffix=Drive,AVAILABLE,NoveGeo 700-place corpus + tribes + governed person-name seeds,SHARED_REFERENCE,ACTIVE
NG-NAM-ROA-001266,Reedline Way,Reedline Way,ROAD,SOURCE_DERIVED,NGP-000298,Reedline,PLACE,prefix=NONE;suffix=Way,AVAILABLE,NoveGeo 700-place corpus + tribes + governed person-name seeds,SHARED_REFERENCE,ACTIVE
NG-NAM-ROA-001267,Nyan Cross Boulevard,Nyan Cross Boulevard,ROAD,SOURCE_DERIVED,NGP-000299,Nyan Cross,PLACE,prefix=NONE;suffix=Boulevard,AVAILABLE,NoveGeo 700-place corpus + tribes + governed person-name seeds,SHARED_REFERENCE,ACTIVE
NG-NAM-ROA-001268,South Reedhaven Highway,South Reedhaven Highway,ROAD,SOURCE_DERIVED,NGP-000300,South Reedhaven,PLACE,prefix=NONE;suffix=Highway,AVAILABLE,NoveGeo 700-place corpus + tribes + governed person-name seeds,SHARED_REFERENCE,ACTIVE
NG-NAM-ROA-001269,Lotus Junction Junction,Lotus Junction Junction,ROAD,SOURCE_DERIVED,NGP-000301,Lotus Junction,PLACE,prefix=NONE;suffix=Junction,AVAILABLE,NoveGeo 700-place corpus + tribes + governed person-name seeds,SHARED_REFERENCE,ACTIVE
NG-NAM-ROA-001270,Heron Steps Crossing,Heron Steps Crossing,ROAD,SOURCE_DERIVED,NGP-000302,Heron Steps,PLACE,prefix=NONE;suffix=Crossing,AVAILABLE,NoveGeo 700-place corpus + tribes + governed person-name seeds,SHARED_REFERENCE,ACTIVE
NG-NAM-ROA-001271,Lakemarch East Road,Lakemarch East Road,ROAD,SOURCE_DERIVED,NGP-000303,Lakemarch East,PLACE,prefix=NONE;suffix=Road,AVAILABLE,NoveGeo 700-place corpus + tribes + governed person-name seeds,SHARED_REFERENCE,ACTIVE
NG-NAM-ROA-001272,Lowwater Bend Street,Lowwater Bend Street,ROAD,SOURCE_DERIVED,NGP-000304,Lowwater Bend,PLACE,prefix=NONE;suffix=Street,AVAILABLE,NoveGeo 700-place corpus + tribes + governed person-name seeds,SHARED_REFERENCE,ACTIVE
NG-NAM-ROA-001273,Canal End Avenue,Canal End Avenue,ROAD,SOURCE_DERIVED,NGP-000305,Canal End,PLACE,prefix=NONE;suffix=Avenue,AVAILABLE,NoveGeo 700-place corpus + tribes + governed person-name seeds,SHARED_REFERENCE,ACTIVE
NG-NAM-ROA-001274,Upper Nyarin Lane,Upper Nyarin Lane,ROAD,SOURCE_DERIVED,NGP-000306,Upper Nyarin,PLACE,prefix=NONE;suffix=Lane,AVAILABLE,NoveGeo 700-place corpus + tribes + governed person-name seeds,SHARED_REFERENCE,ACTIVE
NG-NAM-ROA-001275,Nyarin Landing Drive,Nyarin Landing Drive,ROAD,SOURCE_DERIVED,NGP-000307,Nyarin Landing,PLACE,prefix=NONE;suffix=Drive,AVAILABLE,NoveGeo 700-place corpus + tribes + governed person-name seeds,SHARED_REFERENCE,ACTIVE
NG-NAM-ROA-001276,Lower Nyondar Way,Lower Nyondar Way,ROAD,SOURCE_DERIVED,NGP-000308,Lower Nyondar,PLACE,prefix=NONE;suffix=Way,AVAILABLE,NoveGeo 700-place corpus + tribes + governed person-name seeds,SHARED_REFERENCE,ACTIVE
NG-NAM-ROA-001277,Nyondar Reed Boulevard,Nyondar Reed Boulevard,ROAD,SOURCE_DERIVED,NGP-000309,Nyondar Reed,PLACE,prefix=NONE;suffix=Boulevard,AVAILABLE,NoveGeo 700-place corpus + tribes + governed person-name seeds,SHARED_REFERENCE,ACTIVE
NG-NAM-ROA-001278,Old Nyavora Highway,Old Nyavora Highway,ROAD,SOURCE_DERIVED,NGP-000310,Old Nyavora,PLACE,prefix=NONE;suffix=Highway,AVAILABLE,NoveGeo 700-place corpus + tribes + governed person-name seeds,SHARED_REFERENCE,ACTIVE
NG-NAM-ROA-001279,Nyavora Bank Junction,Nyavora Bank Junction,ROAD,SOURCE_DERIVED,NGP-000311,Nyavora Bank,PLACE,prefix=NONE;suffix=Junction,AVAILABLE,NoveGeo 700-place corpus + tribes + governed person-name seeds,SHARED_REFERENCE,ACTIVE
NG-NAM-ROA-001280,East Osprey Bend Crossing,East Osprey Bend Crossing,ROAD,SOURCE_DERIVED,NGP-000312,East Osprey Bend,PLACE,prefix=NONE;suffix=Crossing,AVAILABLE,NoveGeo 700-place corpus + tribes + governed person-name seeds,SHARED_REFERENCE,ACTIVE
NG-NAM-ROA-001281,Osprey Bend Ford Road,Osprey Bend Ford Road,ROAD,SOURCE_DERIVED,NGP-000313,Osprey Bend Ford,PLACE,prefix=NONE;suffix=Road,AVAILABLE,NoveGeo 700-place corpus + tribes + governed person-name seeds,SHARED_REFERENCE,ACTIVE
NG-NAM-ROA-001282,South Pelican Reach Street,South Pelican Reach Street,ROAD,SOURCE_DERIVED,NGP-000314,South Pelican Reach,PLACE,prefix=NONE;suffix=Street,AVAILABLE,NoveGeo 700-place corpus + tribes + governed person-name seeds,SHARED_REFERENCE,ACTIVE
NG-NAM-ROA-001283,Pelican Reach Marsh Avenue,Pelican Reach Marsh Avenue,ROAD,SOURCE_DERIVED,NGP-000315,Pelican Reach Marsh,PLACE,prefix=NONE;suffix=Avenue,AVAILABLE,NoveGeo 700-place corpus + tribes + governed person-name seeds,SHARED_REFERENCE,ACTIVE
NG-NAM-ROA-001284,Fenmere Fen Lane,Fenmere Fen Lane,ROAD,SOURCE_DERIVED,NGP-000316,Fenmere Fen,PLACE,prefix=NONE;suffix=Lane,AVAILABLE,NoveGeo 700-place corpus + tribes + governed person-name seeds,SHARED_REFERENCE,ACTIVE
NG-NAM-ROA-001285,Fenmere Pools Drive,Fenmere Pools Drive,ROAD,SOURCE_DERIVED,NGP-000317,Fenmere Pools,PLACE,prefix=NONE;suffix=Drive,AVAILABLE,NoveGeo 700-place corpus + tribes + governed person-name seeds,SHARED_REFERENCE,ACTIVE
NG-NAM-ROA-001286,North Lotus Ford Way,North Lotus Ford Way,ROAD,SOURCE_DERIVED,NGP-000318,North Lotus Ford,PLACE,prefix=NONE;suffix=Way,AVAILABLE,NoveGeo 700-place corpus + tribes + governed person-name seeds,SHARED_REFERENCE,ACTIVE
NG-NAM-ROA-001287,Lotus Ford Channel Boulevard,Lotus Ford Channel Boulevard,ROAD,SOURCE_DERIVED,NGP-000319,Lotus Ford Channel,PLACE,prefix=NONE;suffix=Boulevard,AVAILABLE,NoveGeo 700-place corpus + tribes + governed person-name seeds,SHARED_REFERENCE,ACTIVE
NG-NAM-ROA-001288,Rivermist Water Highway,Rivermist Water Highway,ROAD,SOURCE_DERIVED,NGP-000320,Rivermist Water,PLACE,prefix=NONE;suffix=Highway,AVAILABLE,NoveGeo 700-place corpus + tribes + governed person-name seeds,SHARED_REFERENCE,ACTIVE
NG-NAM-ROA-001289,Rivermist Bend Junction,Rivermist Bend Junction,ROAD,SOURCE_DERIVED,NGP-000321,Rivermist Bend,PLACE,prefix=NONE;suffix=Junction,AVAILABLE,NoveGeo 700-place corpus + tribes + governed person-name seeds,SHARED_REFERENCE,ACTIVE
NG-NAM-ROA-001290,West Heronfall Crossing,West Heronfall Crossing,ROAD,SOURCE_DERIVED,NGP-000322,West Heronfall,PLACE,prefix=NONE;suffix=Crossing,AVAILABLE,NoveGeo 700-place corpus + tribes + governed person-name seeds,SHARED_REFERENCE,ACTIVE
NG-NAM-ROA-001291,Heronfall Wetlands Road,Heronfall Wetlands Road,ROAD,SOURCE_DERIVED,NGP-000323,Heronfall Wetlands,PLACE,prefix=NONE;suffix=Road,AVAILABLE,NoveGeo 700-place corpus + tribes + governed person-name seeds,SHARED_REFERENCE,ACTIVE
NG-NAM-ROA-001292,Delftwater Bay Street,Delftwater Bay Street,ROAD,SOURCE_DERIVED,NGP-000324,Delftwater Bay,PLACE,prefix=NONE;suffix=Street,AVAILABLE,NoveGeo 700-place corpus + tribes + governed person-name seeds,SHARED_REFERENCE,ACTIVE
NG-NAM-ROA-001293,Delftwater Shoal Avenue,Delftwater Shoal Avenue,ROAD,SOURCE_DERIVED,NGP-000325,Delftwater Shoal,PLACE,prefix=NONE;suffix=Avenue,AVAILABLE,NoveGeo 700-place corpus + tribes + governed person-name seeds,SHARED_REFERENCE,ACTIVE
NG-NAM-ROA-001294,Upper Bluehaven Lane,Upper Bluehaven Lane,ROAD,SOURCE_DERIVED,NGP-000326,Upper Bluehaven,PLACE,prefix=NONE;suffix=Lane,AVAILABLE,NoveGeo 700-place corpus + tribes + governed person-name seeds,SHARED_REFERENCE,ACTIVE
NG-NAM-ROA-001295,Bluehaven Creek Drive,Bluehaven Creek Drive,ROAD,SOURCE_DERIVED,NGP-000327,Bluehaven Creek,PLACE,prefix=NONE;suffix=Drive,AVAILABLE,NoveGeo 700-place corpus + tribes + governed person-name seeds,SHARED_REFERENCE,ACTIVE
NG-NAM-ROA-001296,Lowwater Lagoon Way,Lowwater Lagoon Way,ROAD,SOURCE_DERIVED,NGP-000328,Lowwater Lagoon,PLACE,prefix=NONE;suffix=Way,AVAILABLE,NoveGeo 700-place corpus + tribes + governed person-name seeds,SHARED_REFERENCE,ACTIVE
NG-NAM-ROA-001297,Lowwater Bank Boulevard,Lowwater Bank Boulevard,ROAD,SOURCE_DERIVED,NGP-000329,Lowwater Bank,PLACE,prefix=NONE;suffix=Boulevard,AVAILABLE,NoveGeo 700-place corpus + tribes + governed person-name seeds,SHARED_REFERENCE,ACTIVE
NG-NAM-ROA-001298,Lower Canalford Highway,Lower Canalford Highway,ROAD,SOURCE_DERIVED,NGP-000330,Lower Canalford,PLACE,prefix=NONE;suffix=Highway,AVAILABLE,NoveGeo 700-place corpus + tribes + governed person-name seeds,SHARED_REFERENCE,ACTIVE
NG-NAM-ROA-001299,Canalford Ferry Junction,Canalford Ferry Junction,ROAD,SOURCE_DERIVED,NGP-000331,Canalford Ferry,PLACE,prefix=NONE;suffix=Junction,AVAILABLE,NoveGeo 700-place corpus + tribes + governed person-name seeds,SHARED_REFERENCE,ACTIVE
NG-NAM-ROA-001300,Brinewell Springs Crossing,Brinewell Springs Crossing,ROAD,SOURCE_DERIVED,NGP-000332,Brinewell Springs,PLACE,prefix=NONE;suffix=Crossing,AVAILABLE,NoveGeo 700-place corpus + tribes + governed person-name seeds,SHARED_REFERENCE,ACTIVE
NG-NAM-ROA-001301,Brinewell Quay Road,Brinewell Quay Road,ROAD,SOURCE_DERIVED,NGP-000333,Brinewell Quay,PLACE,prefix=NONE;suffix=Road,AVAILABLE,NoveGeo 700-place corpus + tribes + governed person-name seeds,SHARED_REFERENCE,ACTIVE
NG-NAM-ROA-001302,Willow Quay Gardens Street,Willow Quay Gardens Street,ROAD,SOURCE_DERIVED,NGP-000334,Willow Quay Gardens,PLACE,prefix=NONE;suffix=Street,AVAILABLE,NoveGeo 700-place corpus + tribes + governed person-name seeds,SHARED_REFERENCE,ACTIVE
NG-NAM-ROA-001303,Willow Quay Reach Avenue,Willow Quay Reach Avenue,ROAD,SOURCE_DERIVED,NGP-000335,Willow Quay Reach,PLACE,prefix=NONE;suffix=Avenue,AVAILABLE,NoveGeo 700-place corpus + tribes + governed person-name seeds,SHARED_REFERENCE,ACTIVE
NG-NAM-ROA-001304,Fisher's Bell Lane,Fisher's Bell Lane,ROAD,SOURCE_DERIVED,NGP-000336,Fisher's Bell,PLACE,prefix=NONE;suffix=Lane,AVAILABLE,NoveGeo 700-place corpus + tribes + governed person-name seeds,SHARED_REFERENCE,ACTIVE
NG-NAM-ROA-001305,Reed Market Drive,Reed Market Drive,ROAD,SOURCE_DERIVED,NGP-000337,Reed Market,PLACE,prefix=NONE;suffix=Drive,AVAILABLE,NoveGeo 700-place corpus + tribes + governed person-name seeds,SHARED_REFERENCE,ACTIVE
NG-NAM-ROA-001306,Ferry Cross Way,Ferry Cross Way,ROAD,SOURCE_DERIVED,NGP-000338,Ferry Cross,PLACE,prefix=NONE;suffix=Way,AVAILABLE,NoveGeo 700-place corpus + tribes + governed person-name seeds,SHARED_REFERENCE,ACTIVE
NG-NAM-ROA-001307,Lotus Exchange Boulevard,Lotus Exchange Boulevard,ROAD,SOURCE_DERIVED,NGP-000339,Lotus Exchange,PLACE,prefix=NONE;suffix=Boulevard,AVAILABLE,NoveGeo 700-place corpus + tribes + governed person-name seeds,SHARED_REFERENCE,ACTIVE
NG-NAM-ROA-001308,Basin Gate Highway,Basin Gate Highway,ROAD,SOURCE_DERIVED,NGP-000340,Basin Gate,PLACE,prefix=NONE;suffix=Highway,AVAILABLE,NoveGeo 700-place corpus + tribes + governed person-name seeds,SHARED_REFERENCE,ACTIVE
NG-NAM-ROA-001309,Lakeport Works Junction,Lakeport Works Junction,ROAD,SOURCE_DERIVED,NGP-000341,Lakeport Works,PLACE,prefix=NONE;suffix=Junction,AVAILABLE,NoveGeo 700-place corpus + tribes + governed person-name seeds,SHARED_REFERENCE,ACTIVE
NG-NAM-ROA-001310,Reedbank Cold-Chain Park Crossing,Reedbank Cold-Chain Park Crossing,ROAD,SOURCE_DERIVED,NGP-000342,Reedbank Cold-Chain Park,PLACE,prefix=NONE;suffix=Crossing,AVAILABLE,NoveGeo 700-place corpus + tribes + governed person-name seeds,SHARED_REFERENCE,ACTIVE
NG-NAM-ROA-001311,Lotus Shore Road,Lotus Shore Road,ROAD,SOURCE_DERIVED,NGP-000343,Lotus Shore,PLACE,prefix=NONE;suffix=Road,AVAILABLE,NoveGeo 700-place corpus + tribes + governed person-name seeds,SHARED_REFERENCE,ACTIVE
NG-NAM-ROA-001312,Mirror Lake Street,Mirror Lake Street,ROAD,SOURCE_DERIVED,NGP-000344,Mirror Lake,PLACE,prefix=NONE;suffix=Street,AVAILABLE,NoveGeo 700-place corpus + tribes + governed person-name seeds,SHARED_REFERENCE,ACTIVE
NG-NAM-ROA-001313,Heron Isle Avenue,Heron Isle Avenue,ROAD,SOURCE_DERIVED,NGP-000345,Heron Isle,PLACE,prefix=NONE;suffix=Avenue,AVAILABLE,NoveGeo 700-place corpus + tribes + governed person-name seeds,SHARED_REFERENCE,ACTIVE
NG-NAM-ROA-001314,Tekharo Lane,Tekharo Lane,ROAD,SOURCE_DERIVED,NGP-000346,Tekharo,PLACE,prefix=NONE;suffix=Lane,AVAILABLE,NoveGeo 700-place corpus + tribes + governed person-name seeds,SHARED_REFERENCE,ACTIVE
NG-NAM-ROA-001315,Canopy Reach Drive,Canopy Reach Drive,ROAD,SOURCE_DERIVED,NGP-000347,Canopy Reach,PLACE,prefix=NONE;suffix=Drive,AVAILABLE,NoveGeo 700-place corpus + tribes + governed person-name seeds,SHARED_REFERENCE,ACTIVE
NG-NAM-ROA-001316,Ashara Way,Ashara Way,ROAD,SOURCE_DERIVED,NGP-000348,Ashara,PLACE,prefix=NONE;suffix=Way,AVAILABLE,NoveGeo 700-place corpus + tribes + governed person-name seeds,SHARED_REFERENCE,ACTIVE
NG-NAM-ROA-001317,Mossbridge Boulevard,Mossbridge Boulevard,ROAD,SOURCE_DERIVED,NGP-000349,Mossbridge,PLACE,prefix=NONE;suffix=Boulevard,AVAILABLE,NoveGeo 700-place corpus + tribes + governed person-name seeds,SHARED_REFERENCE,ACTIVE
NG-NAM-ROA-001318,Tekharo Central Highway,Tekharo Central Highway,ROAD,SOURCE_DERIVED,NGP-000350,Tekharo Central,PLACE,prefix=NONE;suffix=Highway,AVAILABLE,NoveGeo 700-place corpus + tribes + governed person-name seeds,SHARED_REFERENCE,ACTIVE
NG-NAM-ROA-001319,Canopy Exchange Junction,Canopy Exchange Junction,ROAD,SOURCE_DERIVED,NGP-000351,Canopy Exchange,PLACE,prefix=NONE;suffix=Junction,AVAILABLE,NoveGeo 700-place corpus + tribes + governed person-name seeds,SHARED_REFERENCE,ACTIVE
NG-NAM-ROA-001320,Research Grove Crossing,Research Grove Crossing,ROAD,SOURCE_DERIVED,NGP-000352,Research Grove,PLACE,prefix=NONE;suffix=Crossing,AVAILABLE,NoveGeo 700-place corpus + tribes + governed person-name seeds,SHARED_REFERENCE,ACTIVE
NG-NAM-ROA-001321,River Gate Road,River Gate Road,ROAD,SOURCE_DERIVED,NGP-000353,River Gate,PLACE,prefix=NONE;suffix=Road,AVAILABLE,NoveGeo 700-place corpus + tribes + governed person-name seeds,SHARED_REFERENCE,ACTIVE
NG-NAM-ROA-001322,Old Timber Street,Old Timber Street,ROAD,SOURCE_DERIVED,NGP-000354,Old Timber,PLACE,prefix=NONE;suffix=Street,AVAILABLE,NoveGeo 700-place corpus + tribes + governed person-name seeds,SHARED_REFERENCE,ACTIVE
NG-NAM-ROA-001323,Botanical Ward Avenue,Botanical Ward Avenue,ROAD,SOURCE_DERIVED,NGP-000355,Botanical Ward,PLACE,prefix=NONE;suffix=Avenue,AVAILABLE,NoveGeo 700-place corpus + tribes + governed person-name seeds,SHARED_REFERENCE,ACTIVE
NG-NAM-ROA-001324,East Tram Lane,East Tram Lane,ROAD,SOURCE_DERIVED,NGP-000356,East Tram,PLACE,prefix=NONE;suffix=Lane,AVAILABLE,NoveGeo 700-place corpus + tribes + governed person-name seeds,SHARED_REFERENCE,ACTIVE
NG-NAM-ROA-001325,Rainmarket Drive,Rainmarket Drive,ROAD,SOURCE_DERIVED,NGP-000357,Rainmarket,PLACE,prefix=NONE;suffix=Drive,AVAILABLE,NoveGeo 700-place corpus + tribes + governed person-name seeds,SHARED_REFERENCE,ACTIVE
NG-NAM-ROA-001326,Fernhaven Way,Fernhaven Way,ROAD,SOURCE_DERIVED,NGP-000358,Fernhaven,PLACE,prefix=NONE;suffix=Way,AVAILABLE,NoveGeo 700-place corpus + tribes + governed person-name seeds,SHARED_REFERENCE,ACTIVE
NG-NAM-ROA-001327,Ashtek Gardens Boulevard,Ashtek Gardens Boulevard,ROAD,SOURCE_DERIVED,NGP-000359,Ashtek Gardens,PLACE,prefix=NONE;suffix=Boulevard,AVAILABLE,NoveGeo 700-place corpus + tribes + governed person-name seeds,SHARED_REFERENCE,ACTIVE
NG-NAM-ROA-001328,Mossvale Highway,Mossvale Highway,ROAD,SOURCE_DERIVED,NGP-000360,Mossvale,PLACE,prefix=NONE;suffix=Highway,AVAILABLE,NoveGeo 700-place corpus + tribes + governed person-name seeds,SHARED_REFERENCE,ACTIVE
NG-NAM-ROA-001329,Greenvault Junction,Greenvault Junction,ROAD,SOURCE_DERIVED,NGP-000361,Greenvault,PLACE,prefix=NONE;suffix=Junction,AVAILABLE,NoveGeo 700-place corpus + tribes + governed person-name seeds,SHARED_REFERENCE,ACTIVE
NG-NAM-ROA-001330,Orchid Rise Crossing,Orchid Rise Crossing,ROAD,SOURCE_DERIVED,NGP-000362,Orchid Rise,PLACE,prefix=NONE;suffix=Crossing,AVAILABLE,NoveGeo 700-place corpus + tribes + governed person-name seeds,SHARED_REFERENCE,ACTIVE
NG-NAM-ROA-001331,New Kyoto Road,New Kyoto Road,ROAD,SOURCE_DERIVED,NGP-000363,New Kyoto,PLACE,prefix=NONE;suffix=Road,AVAILABLE,NoveGeo 700-place corpus + tribes + governed person-name seeds,SHARED_REFERENCE,ACTIVE
NG-NAM-ROA-001332,Vinebridge Street,Vinebridge Street,ROAD,SOURCE_DERIVED,NGP-000364,Vinebridge,PLACE,prefix=NONE;suffix=Street,AVAILABLE,NoveGeo 700-place corpus + tribes + governed person-name seeds,SHARED_REFERENCE,ACTIVE
NG-NAM-ROA-001333,Cedar Mist Avenue,Cedar Mist Avenue,ROAD,SOURCE_DERIVED,NGP-000365,Cedar Mist,PLACE,prefix=NONE;suffix=Avenue,AVAILABLE,NoveGeo 700-place corpus + tribes + governed person-name seeds,SHARED_REFERENCE,ACTIVE
NG-NAM-ROA-001334,Tekkan Heights Lane,Tekkan Heights Lane,ROAD,SOURCE_DERIVED,NGP-000366,Tekkan Heights,PLACE,prefix=NONE;suffix=Lane,AVAILABLE,NoveGeo 700-place corpus + tribes + governed person-name seeds,SHARED_REFERENCE,ACTIVE
NG-NAM-ROA-001335,Rainshadow Drive,Rainshadow Drive,ROAD,SOURCE_DERIVED,NGP-000367,Rainshadow,PLACE,prefix=NONE;suffix=Drive,AVAILABLE,NoveGeo 700-place corpus + tribes + governed person-name seeds,SHARED_REFERENCE,ACTIVE
NG-NAM-ROA-001336,Brookmoss Way,Brookmoss Way,ROAD,SOURCE_DERIVED,NGP-000368,Brookmoss,PLACE,prefix=NONE;suffix=Way,AVAILABLE,NoveGeo 700-place corpus + tribes + governed person-name seeds,SHARED_REFERENCE,ACTIVE
NG-NAM-ROA-001337,Lantern Grove Boulevard,Lantern Grove Boulevard,ROAD,SOURCE_DERIVED,NGP-000369,Lantern Grove,PLACE,prefix=NONE;suffix=Boulevard,AVAILABLE,NoveGeo 700-place corpus + tribes + governed person-name seeds,SHARED_REFERENCE,ACTIVE
NG-NAM-ROA-001338,Fernfall Highway,Fernfall Highway,ROAD,SOURCE_DERIVED,NGP-000370,Fernfall,PLACE,prefix=NONE;suffix=Highway,AVAILABLE,NoveGeo 700-place corpus + tribes + governed person-name seeds,SHARED_REFERENCE,ACTIVE
NG-NAM-ROA-001339,Rainsong Junction,Rainsong Junction,ROAD,SOURCE_DERIVED,NGP-000371,Rainsong,PLACE,prefix=NONE;suffix=Junction,AVAILABLE,NoveGeo 700-place corpus + tribes + governed person-name seeds,SHARED_REFERENCE,ACTIVE
NG-NAM-ROA-001340,Cedar Run Crossing,Cedar Run Crossing,ROAD,SOURCE_DERIVED,NGP-000372,Cedar Run,PLACE,prefix=NONE;suffix=Crossing,AVAILABLE,NoveGeo 700-place corpus + tribes + governed person-name seeds,SHARED_REFERENCE,ACTIVE
NG-NAM-ROA-001341,Canopy Ford Road,Canopy Ford Road,ROAD,SOURCE_DERIVED,NGP-000373,Canopy Ford,PLACE,prefix=NONE;suffix=Road,AVAILABLE,NoveGeo 700-place corpus + tribes + governed person-name seeds,SHARED_REFERENCE,ACTIVE
NG-NAM-ROA-001342,Jadefall Street,Jadefall Street,ROAD,SOURCE_DERIVED,NGP-000374,Jadefall,PLACE,prefix=NONE;suffix=Street,AVAILABLE,NoveGeo 700-place corpus + tribes + governed person-name seeds,SHARED_REFERENCE,ACTIVE
NG-NAM-ROA-001343,Tekkena Avenue,Tekkena Avenue,ROAD,SOURCE_DERIVED,NGP-000375,Tekkena,PLACE,prefix=NONE;suffix=Avenue,AVAILABLE,NoveGeo 700-place corpus + tribes + governed person-name seeds,SHARED_REFERENCE,ACTIVE
NG-NAM-ROA-001344,Ashvale Lane,Ashvale Lane,ROAD,SOURCE_DERIVED,NGP-000376,Ashvale,PLACE,prefix=NONE;suffix=Lane,AVAILABLE,NoveGeo 700-place corpus + tribes + governed person-name seeds,SHARED_REFERENCE,ACTIVE
NG-NAM-ROA-001345,Riverbloom Drive,Riverbloom Drive,ROAD,SOURCE_DERIVED,NGP-000377,Riverbloom,PLACE,prefix=NONE;suffix=Drive,AVAILABLE,NoveGeo 700-place corpus + tribes + governed person-name seeds,SHARED_REFERENCE,ACTIVE
NG-NAM-ROA-001346,Marula Gate Way,Marula Gate Way,ROAD,SOURCE_DERIVED,NGP-000378,Marula Gate,PLACE,prefix=NONE;suffix=Way,AVAILABLE,NoveGeo 700-place corpus + tribes + governed person-name seeds,SHARED_REFERENCE,ACTIVE
NG-NAM-ROA-001347,Nembri Boulevard,Nembri Boulevard,ROAD,SOURCE_DERIVED,NGP-000379,Nembri,PLACE,prefix=NONE;suffix=Boulevard,AVAILABLE,NoveGeo 700-place corpus + tribes + governed person-name seeds,SHARED_REFERENCE,ACTIVE
NG-NAM-ROA-001348,Mosswick Highway,Mosswick Highway,ROAD,SOURCE_DERIVED,NGP-000380,Mosswick,PLACE,prefix=NONE;suffix=Highway,AVAILABLE,NoveGeo 700-place corpus + tribes + governed person-name seeds,SHARED_REFERENCE,ACTIVE
NG-NAM-ROA-001349,Brookfern Junction,Brookfern Junction,ROAD,SOURCE_DERIVED,NGP-000381,Brookfern,PLACE,prefix=NONE;suffix=Junction,AVAILABLE,NoveGeo 700-place corpus + tribes + governed person-name seeds,SHARED_REFERENCE,ACTIVE
NG-NAM-ROA-001350,Wildorchid Crossing,Wildorchid Crossing,ROAD,SOURCE_DERIVED,NGP-000382,Wildorchid,PLACE,prefix=NONE;suffix=Crossing,AVAILABLE,NoveGeo 700-place corpus + tribes + governed person-name seeds,SHARED_REFERENCE,ACTIVE
NG-NAM-ROA-001351,Greenmantle Road,Greenmantle Road,ROAD,SOURCE_DERIVED,NGP-000383,Greenmantle,PLACE,prefix=NONE;suffix=Road,AVAILABLE,NoveGeo 700-place corpus + tribes + governed person-name seeds,SHARED_REFERENCE,ACTIVE
NG-NAM-ROA-001352,Timberwell Street,Timberwell Street,ROAD,SOURCE_DERIVED,NGP-000384,Timberwell,PLACE,prefix=NONE;suffix=Street,AVAILABLE,NoveGeo 700-place corpus + tribes + governed person-name seeds,SHARED_REFERENCE,ACTIVE
NG-NAM-ROA-001353,Canopy Lower Avenue,Canopy Lower Avenue,ROAD,SOURCE_DERIVED,NGP-000385,Canopy Lower,PLACE,prefix=NONE;suffix=Avenue,AVAILABLE,NoveGeo 700-place corpus + tribes + governed person-name seeds,SHARED_REFERENCE,ACTIVE
NG-NAM-ROA-001354,Rainsong Junction Lane,Rainsong Junction Lane,ROAD,SOURCE_DERIVED,NGP-000386,Rainsong Junction,PLACE,prefix=NONE;suffix=Lane,AVAILABLE,NoveGeo 700-place corpus + tribes + governed person-name seeds,SHARED_REFERENCE,ACTIVE
NG-NAM-ROA-001355,Cedar Clearing Drive,Cedar Clearing Drive,ROAD,SOURCE_DERIVED,NGP-000387,Cedar Clearing,PLACE,prefix=NONE;suffix=Drive,AVAILABLE,NoveGeo 700-place corpus + tribes + governed person-name seeds,SHARED_REFERENCE,ACTIVE
NG-NAM-ROA-001356,Ashara East Way,Ashara East Way,ROAD,SOURCE_DERIVED,NGP-000388,Ashara East,PLACE,prefix=NONE;suffix=Way,AVAILABLE,NoveGeo 700-place corpus + tribes + governed person-name seeds,SHARED_REFERENCE,ACTIVE
NG-NAM-ROA-001357,Tekkan Row Boulevard,Tekkan Row Boulevard,ROAD,SOURCE_DERIVED,NGP-000389,Tekkan Row,PLACE,prefix=NONE;suffix=Boulevard,AVAILABLE,NoveGeo 700-place corpus + tribes + governed person-name seeds,SHARED_REFERENCE,ACTIVE
NG-NAM-ROA-001358,Marula Crossing Highway,Marula Crossing Highway,ROAD,SOURCE_DERIVED,NGP-000390,Marula Crossing,PLACE,prefix=NONE;suffix=Highway,AVAILABLE,NoveGeo 700-place corpus + tribes + governed person-name seeds,SHARED_REFERENCE,ACTIVE
NG-NAM-ROA-001359,Mossbridge South Junction,Mossbridge South Junction,ROAD,SOURCE_DERIVED,NGP-000391,Mossbridge South,PLACE,prefix=NONE;suffix=Junction,AVAILABLE,NoveGeo 700-place corpus + tribes + governed person-name seeds,SHARED_REFERENCE,ACTIVE
NG-NAM-ROA-001360,Fernline Crossing,Fernline Crossing,ROAD,SOURCE_DERIVED,NGP-000392,Fernline,PLACE,prefix=NONE;suffix=Crossing,AVAILABLE,NoveGeo 700-place corpus + tribes + governed person-name seeds,SHARED_REFERENCE,ACTIVE
NG-NAM-ROA-001361,Timber Camp Road,Timber Camp Road,ROAD,SOURCE_DERIVED,NGP-000393,Timber Camp,PLACE,prefix=NONE;suffix=Road,AVAILABLE,NoveGeo 700-place corpus + tribes + governed person-name seeds,SHARED_REFERENCE,ACTIVE
NG-NAM-ROA-001362,Upper Fernfall Street,Upper Fernfall Street,ROAD,SOURCE_DERIVED,NGP-000394,Upper Fernfall,PLACE,prefix=NONE;suffix=Street,AVAILABLE,NoveGeo 700-place corpus + tribes + governed person-name seeds,SHARED_REFERENCE,ACTIVE
NG-NAM-ROA-001363,Fernfall Grove Avenue,Fernfall Grove Avenue,ROAD,SOURCE_DERIVED,NGP-000395,Fernfall Grove,PLACE,prefix=NONE;suffix=Avenue,AVAILABLE,NoveGeo 700-place corpus + tribes + governed person-name seeds,SHARED_REFERENCE,ACTIVE
NG-NAM-ROA-001364,Lower Rainsong Lane,Lower Rainsong Lane,ROAD,SOURCE_DERIVED,NGP-000396,Lower Rainsong,PLACE,prefix=NONE;suffix=Lane,AVAILABLE,NoveGeo 700-place corpus + tribes + governed person-name seeds,SHARED_REFERENCE,ACTIVE
NG-NAM-ROA-001365,Rainsong Clearing Drive,Rainsong Clearing Drive,ROAD,SOURCE_DERIVED,NGP-000397,Rainsong Clearing,PLACE,prefix=NONE;suffix=Drive,AVAILABLE,NoveGeo 700-place corpus + tribes + governed person-name seeds,SHARED_REFERENCE,ACTIVE
NG-NAM-ROA-001366,East Cedar Run Way,East Cedar Run Way,ROAD,SOURCE_DERIVED,NGP-000398,East Cedar Run,PLACE,prefix=NONE;suffix=Way,AVAILABLE,NoveGeo 700-place corpus + tribes + governed person-name seeds,SHARED_REFERENCE,ACTIVE
NG-NAM-ROA-001367,Cedar Run River Boulevard,Cedar Run River Boulevard,ROAD,SOURCE_DERIVED,NGP-000399,Cedar Run River,PLACE,prefix=NONE;suffix=Boulevard,AVAILABLE,NoveGeo 700-place corpus + tribes + governed person-name seeds,SHARED_REFERENCE,ACTIVE
NG-NAM-ROA-001368,Old Canopy Ford Highway,Old Canopy Ford Highway,ROAD,SOURCE_DERIVED,NGP-000400,Old Canopy Ford,PLACE,prefix=NONE;suffix=Highway,AVAILABLE,NoveGeo 700-place corpus + tribes + governed person-name seeds,SHARED_REFERENCE,ACTIVE
NG-NAM-ROA-001369,Canopy Ford Canopy Junction,Canopy Ford Canopy Junction,ROAD,SOURCE_DERIVED,NGP-000401,Canopy Ford Canopy,PLACE,prefix=NONE;suffix=Junction,AVAILABLE,NoveGeo 700-place corpus + tribes + governed person-name seeds,SHARED_REFERENCE,ACTIVE
NG-NAM-ROA-001370,South Jadefall Crossing,South Jadefall Crossing,ROAD,SOURCE_DERIVED,NGP-000402,South Jadefall,PLACE,prefix=NONE;suffix=Crossing,AVAILABLE,NoveGeo 700-place corpus + tribes + governed person-name seeds,SHARED_REFERENCE,ACTIVE
NG-NAM-ROA-001371,Jadefall Falls Road,Jadefall Falls Road,ROAD,SOURCE_DERIVED,NGP-000403,Jadefall Falls,PLACE,prefix=NONE;suffix=Road,AVAILABLE,NoveGeo 700-place corpus + tribes + governed person-name seeds,SHARED_REFERENCE,ACTIVE
NG-NAM-ROA-001372,Tekkena Fern Street,Tekkena Fern Street,ROAD,SOURCE_DERIVED,NGP-000404,Tekkena Fern,PLACE,prefix=NONE;suffix=Street,AVAILABLE,NoveGeo 700-place corpus + tribes + governed person-name seeds,SHARED_REFERENCE,ACTIVE
NG-NAM-ROA-001373,Tekkena Shade Avenue,Tekkena Shade Avenue,ROAD,SOURCE_DERIVED,NGP-000405,Tekkena Shade,PLACE,prefix=NONE;suffix=Avenue,AVAILABLE,NoveGeo 700-place corpus + tribes + governed person-name seeds,SHARED_REFERENCE,ACTIVE
NG-NAM-ROA-001374,North Ashvale Lane,North Ashvale Lane,ROAD,SOURCE_DERIVED,NGP-000406,North Ashvale,PLACE,prefix=NONE;suffix=Lane,AVAILABLE,NoveGeo 700-place corpus + tribes + governed person-name seeds,SHARED_REFERENCE,ACTIVE
NG-NAM-ROA-001375,Ashvale Bloom Drive,Ashvale Bloom Drive,ROAD,SOURCE_DERIVED,NGP-000407,Ashvale Bloom,PLACE,prefix=NONE;suffix=Drive,AVAILABLE,NoveGeo 700-place corpus + tribes + governed person-name seeds,SHARED_REFERENCE,ACTIVE
NG-NAM-ROA-001376,Riverbloom Vine Way,Riverbloom Vine Way,ROAD,SOURCE_DERIVED,NGP-000408,Riverbloom Vine,PLACE,prefix=NONE;suffix=Way,AVAILABLE,NoveGeo 700-place corpus + tribes + governed person-name seeds,SHARED_REFERENCE,ACTIVE
NG-NAM-ROA-001377,Riverbloom Ford Boulevard,Riverbloom Ford Boulevard,ROAD,SOURCE_DERIVED,NGP-000409,Riverbloom Ford,PLACE,prefix=NONE;suffix=Boulevard,AVAILABLE,NoveGeo 700-place corpus + tribes + governed person-name seeds,SHARED_REFERENCE,ACTIVE
NG-NAM-ROA-001378,West Marula Gate Highway,West Marula Gate Highway,ROAD,SOURCE_DERIVED,NGP-000410,West Marula Gate,PLACE,prefix=NONE;suffix=Highway,AVAILABLE,NoveGeo 700-place corpus + tribes + governed person-name seeds,SHARED_REFERENCE,ACTIVE
NG-NAM-ROA-001379,Marula Gate Rain Junction,Marula Gate Rain Junction,ROAD,SOURCE_DERIVED,NGP-000411,Marula Gate Rain,PLACE,prefix=NONE;suffix=Junction,AVAILABLE,NoveGeo 700-place corpus + tribes + governed person-name seeds,SHARED_REFERENCE,ACTIVE
NG-NAM-ROA-001380,Nembri Orchid Crossing,Nembri Orchid Crossing,ROAD,SOURCE_DERIVED,NGP-000412,Nembri Orchid,PLACE,prefix=NONE;suffix=Crossing,AVAILABLE,NoveGeo 700-place corpus + tribes + governed person-name seeds,SHARED_REFERENCE,ACTIVE
NG-NAM-ROA-001381,Nembri Bend Road,Nembri Bend Road,ROAD,SOURCE_DERIVED,NGP-000413,Nembri Bend,PLACE,prefix=NONE;suffix=Road,AVAILABLE,NoveGeo 700-place corpus + tribes + governed person-name seeds,SHARED_REFERENCE,ACTIVE
NG-NAM-ROA-001382,Upper Mosswick Street,Upper Mosswick Street,ROAD,SOURCE_DERIVED,NGP-000414,Upper Mosswick,PLACE,prefix=NONE;suffix=Street,AVAILABLE,NoveGeo 700-place corpus + tribes + governed person-name seeds,SHARED_REFERENCE,ACTIVE
NG-NAM-ROA-001383,Mosswick Moss Avenue,Mosswick Moss Avenue,ROAD,SOURCE_DERIVED,NGP-000415,Mosswick Moss,PLACE,prefix=NONE;suffix=Avenue,AVAILABLE,NoveGeo 700-place corpus + tribes + governed person-name seeds,SHARED_REFERENCE,ACTIVE
NG-NAM-ROA-001384,Brookfern Timber Lane,Brookfern Timber Lane,ROAD,SOURCE_DERIVED,NGP-000416,Brookfern Timber,PLACE,prefix=NONE;suffix=Lane,AVAILABLE,NoveGeo 700-place corpus + tribes + governed person-name seeds,SHARED_REFERENCE,ACTIVE
NG-NAM-ROA-001385,Brookfern Run Drive,Brookfern Run Drive,ROAD,SOURCE_DERIVED,NGP-000417,Brookfern Run,PLACE,prefix=NONE;suffix=Drive,AVAILABLE,NoveGeo 700-place corpus + tribes + governed person-name seeds,SHARED_REFERENCE,ACTIVE
NG-NAM-ROA-001386,Lower Wildorchid Way,Lower Wildorchid Way,ROAD,SOURCE_DERIVED,NGP-000418,Lower Wildorchid,PLACE,prefix=NONE;suffix=Way,AVAILABLE,NoveGeo 700-place corpus + tribes + governed person-name seeds,SHARED_REFERENCE,ACTIVE
NG-NAM-ROA-001387,Wildorchid Palm Boulevard,Wildorchid Palm Boulevard,ROAD,SOURCE_DERIVED,NGP-000419,Wildorchid Palm,PLACE,prefix=NONE;suffix=Boulevard,AVAILABLE,NoveGeo 700-place corpus + tribes + governed person-name seeds,SHARED_REFERENCE,ACTIVE
NG-NAM-ROA-001388,Greenmantle Cedar Highway,Greenmantle Cedar Highway,ROAD,SOURCE_DERIVED,NGP-000420,Greenmantle Cedar,PLACE,prefix=NONE;suffix=Highway,AVAILABLE,NoveGeo 700-place corpus + tribes + governed person-name seeds,SHARED_REFERENCE,ACTIVE
NG-NAM-ROA-001389,Greenmantle Glade Junction,Greenmantle Glade Junction,ROAD,SOURCE_DERIVED,NGP-000421,Greenmantle Glade,PLACE,prefix=NONE;suffix=Junction,AVAILABLE,NoveGeo 700-place corpus + tribes + governed person-name seeds,SHARED_REFERENCE,ACTIVE
NG-NAM-ROA-001390,Timberwell Brook Crossing,Timberwell Brook Crossing,ROAD,SOURCE_DERIVED,NGP-000422,Timberwell Brook,PLACE,prefix=NONE;suffix=Crossing,AVAILABLE,NoveGeo 700-place corpus + tribes + governed person-name seeds,SHARED_REFERENCE,ACTIVE
NG-NAM-ROA-001391,Timberwell Hollow Road,Timberwell Hollow Road,ROAD,SOURCE_DERIVED,NGP-000423,Timberwell Hollow,PLACE,prefix=NONE;suffix=Road,AVAILABLE,NoveGeo 700-place corpus + tribes + governed person-name seeds,SHARED_REFERENCE,ACTIVE
NG-NAM-ROA-001392,Rain Drum Street,Rain Drum Street,ROAD,SOURCE_DERIVED,NGP-000424,Rain Drum,PLACE,prefix=NONE;suffix=Street,AVAILABLE,NoveGeo 700-place corpus + tribes + governed person-name seeds,SHARED_REFERENCE,ACTIVE
NG-NAM-ROA-001393,Canopy Market Avenue,Canopy Market Avenue,ROAD,SOURCE_DERIVED,NGP-000425,Canopy Market,PLACE,prefix=NONE;suffix=Avenue,AVAILABLE,NoveGeo 700-place corpus + tribes + governed person-name seeds,SHARED_REFERENCE,ACTIVE
NG-NAM-ROA-001394,River Basket Lane,River Basket Lane,ROAD,SOURCE_DERIVED,NGP-000426,River Basket,PLACE,prefix=NONE;suffix=Lane,AVAILABLE,NoveGeo 700-place corpus + tribes + governed person-name seeds,SHARED_REFERENCE,ACTIVE
NG-NAM-ROA-001395,Marula Exchange Drive,Marula Exchange Drive,ROAD,SOURCE_DERIVED,NGP-000427,Marula Exchange,PLACE,prefix=NONE;suffix=Drive,AVAILABLE,NoveGeo 700-place corpus + tribes + governed person-name seeds,SHARED_REFERENCE,ACTIVE
NG-NAM-ROA-001396,Timber Cross Way,Timber Cross Way,ROAD,SOURCE_DERIVED,NGP-000428,Timber Cross,PLACE,prefix=NONE;suffix=Way,AVAILABLE,NoveGeo 700-place corpus + tribes + governed person-name seeds,SHARED_REFERENCE,ACTIVE
NG-NAM-ROA-001397,Tekharo BioWorks Campus Boulevard,Tekharo BioWorks Campus Boulevard,ROAD,SOURCE_DERIVED,NGP-000429,Tekharo BioWorks Campus,PLACE,prefix=NONE;suffix=Boulevard,AVAILABLE,NoveGeo 700-place corpus + tribes + governed person-name seeds,SHARED_REFERENCE,ACTIVE
NG-NAM-ROA-001398,Timberloop Industrial Estate Highway,Timberloop Industrial Estate Highway,ROAD,SOURCE_DERIVED,NGP-000430,Timberloop Industrial Estate,PLACE,prefix=NONE;suffix=Highway,AVAILABLE,NoveGeo 700-place corpus + tribes + governed person-name seeds,SHARED_REFERENCE,ACTIVE
NG-NAM-ROA-001399,Emerald Canopy Junction,Emerald Canopy Junction,ROAD,SOURCE_DERIVED,NGP-000431,Emerald Canopy,PLACE,prefix=NONE;suffix=Junction,AVAILABLE,NoveGeo 700-place corpus + tribes + governed person-name seeds,SHARED_REFERENCE,ACTIVE
NG-NAM-ROA-001400,Redhaven Crossing,Redhaven Crossing,ROAD,SOURCE_DERIVED,NGP-000432,Redhaven,PLACE,prefix=NONE;suffix=Crossing,AVAILABLE,NoveGeo 700-place corpus + tribes + governed person-name seeds,SHARED_REFERENCE,ACTIVE
