settlement_name_record_id,source_place_code,canonical_name,ascii_name,place_slug,place_type_code,settlement_scale,urbanity,parent_source_place_code,major_city_source_place_code,region_code,region_name,country_code_sim,is_national_capital,is_regional_anchor,terrain_zone_code,location_character,dominant_function,property_context_tags,naming_origin,naming_influence,nickname,nickname_reason,naming_status_code,feature_lifecycle_status_code,spatial_assignment_status,source_created_on,source_basis,source_dataset_id,runtime_effect_scope,record_status
NG-NAM-SET-000001,NGP-000001,Orivane,Orivane,orivane,CITY,national_metropolis,metropolitan,,NGP-000001,NGR-01,Orivane Capital Territory,NVG,true,true,central_plateau,"National capital, multi-cultural metropolis, government and finance centre",national_government_and_finance,apartments|offices|retail|mixed_use|hotels,neutral_civic_or_planned,National civic lexicon,City of Eight Roads,Eight historic trade roads converge on the national capital.,PROPOSED,PROVISIONAL,UNMAPPED_PENDING_ASSOCIATION,2026-08-11,novegeo_tribes.csv + simulation geography design,dataset:novegeo:places:v001:700,SHARED_REFERENCE,ACTIVE
NG-NAM-SET-000002,NGP-000002,Bellwether,Bellwether,bellwether,MUNICIPALITY,municipal_urban,urban,,NGP-000001,NGR-01,Orivane Capital Territory,NVG,false,false,central_plateau,Municipal service centre within Orivane Capital Territory,administration_and_services,houses|apartments|plots|retail|offices,mixed_novegeo,National mixed lexicon,,,PROPOSED,PROVISIONAL,UNMAPPED_PENDING_ASSOCIATION,2026-08-11,novegeo_tribes.csv + simulation geography design,dataset:novegeo:places:v001:700,SHARED_REFERENCE,ACTIVE
NG-NAM-SET-000003,NGP-000003,New Carrow,New Carrow,new-carrow,MUNICIPALITY,municipal_urban,urban,,NGP-000001,NGR-01,Orivane Capital Territory,NVG,false,false,central_plateau,Municipal service centre within Orivane Capital Territory,trade_and_residential_growth,houses|apartments|plots|retail|offices,mixed_novegeo,National mixed lexicon,,,PROPOSED,PROVISIONAL,UNMAPPED_PENDING_ASSOCIATION,2026-08-11,novegeo_tribes.csv + simulation geography design,dataset:novegeo:places:v001:700,SHARED_REFERENCE,ACTIVE
NG-NAM-SET-000004,NGP-000004,East Meridian,East Meridian,east-meridian,MUNICIPALITY,municipal_urban,urban,,NGP-000001,NGR-01,Orivane Capital Territory,NVG,false,false,central_plateau,Municipal service centre within Orivane Capital Territory,regional_production_and_services,houses|apartments|plots|retail|offices,mixed_novegeo,National mixed lexicon,,,PROPOSED,PROVISIONAL,UNMAPPED_PENDING_ASSOCIATION,2026-08-11,novegeo_tribes.csv + simulation geography design,dataset:novegeo:places:v001:700,SHARED_REFERENCE,ACTIVE
NG-NAM-SET-000005,NGP-000005,Orivane Central,Orivane Central,orivane-central,CITY_DISTRICT,intra_city_district,metropolitan,NGP-000001,NGP-000001,NGR-01,Orivane Capital Territory,NVG,false,false,central_plateau,Metropolitan district of Orivane,commerce_and_mixed_use,apartments|offices|retail|mixed_use,neutral_civic_or_planned,National civic lexicon,,,PROPOSED,PROVISIONAL,UNMAPPED_PENDING_ASSOCIATION,2026-08-11,novegeo_tribes.csv + simulation geography design,dataset:novegeo:places:v001:700,SHARED_REFERENCE,ACTIVE
NG-NAM-SET-000006,NGP-000006,Civic Crescent,Civic Crescent,civic-crescent,CITY_DISTRICT,intra_city_district,metropolitan,NGP-000001,NGP-000001,NGR-01,Orivane Capital Territory,NVG,false,false,central_plateau,Metropolitan district of Orivane,civic_and_public_services,apartments|offices|retail|mixed_use,neutral_civic_or_planned,National civic lexicon,,,PROPOSED,PROVISIONAL,UNMAPPED_PENDING_ASSOCIATION,2026-08-11,novegeo_tribes.csv + simulation geography design,dataset:novegeo:places:v001:700,SHARED_REFERENCE,ACTIVE
NG-NAM-SET-000007,NGP-000007,Parliament Hill,Parliament Hill,parliament-hill,CITY_DISTRICT,intra_city_district,metropolitan,NGP-000001,NGP-000001,NGR-01,Orivane Capital Territory,NVG,false,false,central_plateau,Metropolitan district of Orivane,civic_and_public_services,apartments|offices|retail|mixed_use,geographic_descriptive,NoveGeo landscape lexicon,,,PROPOSED,PROVISIONAL,UNMAPPED_PENDING_ASSOCIATION,2026-08-11,novegeo_tribes.csv + simulation geography design,dataset:novegeo:places:v001:700,SHARED_REFERENCE,ACTIVE
NG-NAM-SET-000008,NGP-000008,Meridian Exchange,Meridian Exchange,meridian-exchange,CITY_DISTRICT,intra_city_district,metropolitan,NGP-000001,NGP-000001,NGR-01,Orivane Capital Territory,NVG,false,false,central_plateau,Metropolitan district of Orivane,commerce_and_mixed_use,apartments|offices|retail|mixed_use,historic_trade_or_occupation,Regional trade lexicon,,,PROPOSED,PROVISIONAL,UNMAPPED_PENDING_ASSOCIATION,2026-08-11,novegeo_tribes.csv + simulation geography design,dataset:novegeo:places:v001:700,SHARED_REFERENCE,ACTIVE
NG-NAM-SET-000009,NGP-000009,Old Orivane,Old Orivane,old-orivane,CITY_DISTRICT,intra_city_district,metropolitan,NGP-000001,NGP-000001,NGR-01,Orivane Capital Territory,NVG,false,false,central_plateau,Metropolitan district of Orivane,heritage_and_tourism,apartments|offices|retail|mixed_use,mixed_novegeo,National mixed lexicon,,,PROPOSED,PROVISIONAL,UNMAPPED_PENDING_ASSOCIATION,2026-08-11,novegeo_tribes.csv + simulation geography design,dataset:novegeo:places:v001:700,SHARED_REFERENCE,ACTIVE
NG-NAM-SET-000010,NGP-000010,Northmere Quarter,Northmere Quarter,northmere-quarter,CITY_DISTRICT,intra_city_district,metropolitan,NGP-000001,NGP-000001,NGR-01,Orivane Capital Territory,NVG,false,false,central_plateau,Metropolitan district of Orivane,international_and_mixed_use,apartments|offices|retail|mixed_use,geographic_descriptive,NoveGeo landscape lexicon,Little Canada,"A large Canadian expatriate and returnee community established schools, cafés and winter-themed festivals here.",PROPOSED,PROVISIONAL,UNMAPPED_PENDING_ASSOCIATION,2026-08-11,novegeo_tribes.csv + simulation geography design,dataset:novegeo:places:v001:700,SHARED_REFERENCE,ACTIVE
NG-NAM-SET-000011,NGP-000011,Embassy Arc,Embassy Arc,embassy-arc,CITY_DISTRICT,intra_city_district,metropolitan,NGP-000001,NGP-000001,NGR-01,Orivane Capital Territory,NVG,false,false,central_plateau,Metropolitan district of Orivane,international_and_mixed_use,apartments|offices|retail|mixed_use,neutral_civic_or_planned,National civic lexicon,,,PROPOSED,PROVISIONAL,UNMAPPED_PENDING_ASSOCIATION,2026-08-11,novegeo_tribes.csv + simulation geography design,dataset:novegeo:places:v001:700,SHARED_REFERENCE,ACTIVE
NG-NAM-SET-000012,NGP-000012,University Ring,University Ring,university-ring,CITY_DISTRICT,intra_city_district,metropolitan,NGP-000001,NGP-000001,NGR-01,Orivane Capital Territory,NVG,false,false,central_plateau,Metropolitan district of Orivane,education_and_research,apartments|offices|retail|mixed_use,neutral_civic_or_planned,National civic lexicon,Little Boston,"Several universities, research hospitals and international students concentrate around the ring road.",PROPOSED,PROVISIONAL,UNMAPPED_PENDING_ASSOCIATION,2026-08-11,novegeo_tribes.csv + simulation geography design,dataset:novegeo:places:v001:700,SHARED_REFERENCE,ACTIVE
NG-NAM-SET-000013,NGP-000013,Vondrel Gardens,Vondrel Gardens,vondrel-gardens,SUBURB,urban_neighborhood,urban,NGP-000001,NGP-000001,NGR-01,Orivane Capital Territory,NVG,false,false,central_plateau,Residential neighborhood of Orivane,garden_residential,detached_houses|townhouses|apartments|residential_plots,tribal_influenced,Vondoria,,,PROPOSED,PROVISIONAL,UNMAPPED_PENDING_ASSOCIATION,2026-08-11,novegeo_tribes.csv + simulation geography design,dataset:novegeo:places:v001:700,SHARED_REFERENCE,ACTIVE
NG-NAM-SET-000014,NGP-000014,Lysara Heights,Lysara Heights,lysara-heights,SUBURB,urban_neighborhood,urban,NGP-000001,NGP-000001,NGR-01,Orivane Capital Territory,NVG,false,false,central_plateau,Residential neighborhood of Orivane,elevated_residential,detached_houses|townhouses|apartments|residential_plots,tribal_influenced,Lysandia,,,PROPOSED,PROVISIONAL,UNMAPPED_PENDING_ASSOCIATION,2026-08-11,novegeo_tribes.csv + simulation geography design,dataset:novegeo:places:v001:700,SHARED_REFERENCE,ACTIVE
NG-NAM-SET-000015,NGP-000015,Varenza,Varenza,varenza,SUBURB,urban_neighborhood,urban,NGP-000001,NGP-000001,NGR-01,Orivane Capital Territory,NVG,false,false,central_plateau,Residential neighborhood of Orivane,cosmopolitan_residential,detached_houses|townhouses|apartments|residential_plots,tribal_influenced,Vondoria,New Seoul,"Korean technology firms, restaurants and resident families formed a recognizable commercial cluster.",PROPOSED,PROVISIONAL,UNMAPPED_PENDING_ASSOCIATION,2026-08-11,novegeo_tribes.csv + simulation geography design,dataset:novegeo:places:v001:700,SHARED_REFERENCE,ACTIVE
NG-NAM-SET-000016,NGP-000016,Tekhara Gardens,Tekhara Gardens,tekhara-gardens,SUBURB,urban_neighborhood,urban,NGP-000001,NGP-000001,NGR-01,Orivane Capital Territory,NVG,false,false,central_plateau,Residential neighborhood of Orivane,garden_residential,detached_houses|townhouses|apartments|residential_plots,tribal_influenced,Ash'Tekka,,,PROPOSED,PROVISIONAL,UNMAPPED_PENDING_ASSOCIATION,2026-08-11,novegeo_tribes.csv + simulation geography design,dataset:novegeo:places:v001:700,SHARED_REFERENCE,ACTIVE
NG-NAM-SET-000017,NGP-000017,Elvarin,Elvarin,elvarin,SUBURB,urban_neighborhood,urban,NGP-000001,NGP-000001,NGR-01,Orivane Capital Territory,NVG,false,false,central_plateau,Residential neighborhood of Orivane,mixed_density_residential,detached_houses|townhouses|apartments|residential_plots,tribal_influenced,El-Moriah,,,PROPOSED,PROVISIONAL,UNMAPPED_PENDING_ASSOCIATION,2026-08-11,novegeo_tribes.csv + simulation geography design,dataset:novegeo:places:v001:700,SHARED_REFERENCE,ACTIVE
NG-NAM-SET-000018,NGP-000018,Nyavelle,Nyavelle,nyavelle,SUBURB,urban_neighborhood,urban,NGP-000001,NGP-000001,NGR-01,Orivane Capital Territory,NVG,false,false,central_plateau,Residential neighborhood of Orivane,mixed_density_residential,detached_houses|townhouses|apartments|residential_plots,tribal_influenced,Nyandura,,,PROPOSED,PROVISIONAL,UNMAPPED_PENDING_ASSOCIATION,2026-08-11,novegeo_tribes.csv + simulation geography design,dataset:novegeo:places:v001:700,SHARED_REFERENCE,ACTIVE
NG-NAM-SET-000019,NGP-000019,Moraen Park,Moraen Park,moraen-park,SUBURB,urban_neighborhood,urban,NGP-000001,NGP-000001,NGR-01,Orivane Capital Territory,NVG,false,false,central_plateau,Residential neighborhood of Orivane,garden_residential,detached_houses|townhouses|apartments|residential_plots,tribal_influenced,El-Moriah,,,PROPOSED,PROVISIONAL,UNMAPPED_PENDING_ASSOCIATION,2026-08-11,novegeo_tribes.csv + simulation geography design,dataset:novegeo:places:v001:700,SHARED_REFERENCE,ACTIVE
NG-NAM-SET-000020,NGP-000020,Tekkai,Tekkai,tekkai,SUBURB,urban_neighborhood,urban,NGP-000001,NGP-000001,NGR-01,Orivane Capital Territory,NVG,false,false,central_plateau,Residential neighborhood of Orivane,mixed_density_residential,detached_houses|townhouses|apartments|residential_plots,tribal_influenced,Ash'Tekka,,,PROPOSED,PROVISIONAL,UNMAPPED_PENDING_ASSOCIATION,2026-08-11,novegeo_tribes.csv + simulation geography design,dataset:novegeo:places:v001:700,SHARED_REFERENCE,ACTIVE
NG-NAM-SET-000021,NGP-000021,Vondel Ridge,Vondel Ridge,vondel-ridge,SUBURB,urban_neighborhood,urban,NGP-000001,NGP-000001,NGR-01,Orivane Capital Territory,NVG,false,false,central_plateau,Residential neighborhood of Orivane,elevated_residential,detached_houses|townhouses|apartments|residential_plots,tribal_influenced,Vondoria,,,PROPOSED,PROVISIONAL,UNMAPPED_PENDING_ASSOCIATION,2026-08-11,novegeo_tribes.csv + simulation geography design,dataset:novegeo:places:v001:700,SHARED_REFERENCE,ACTIVE
NG-NAM-SET-000022,NGP-000022,Aelmar,Aelmar,aelmar,SUBURB,urban_neighborhood,urban,NGP-000001,NGP-000001,NGR-01,Orivane Capital Territory,NVG,false,false,central_plateau,Residential neighborhood of Orivane,mixed_density_residential,detached_houses|townhouses|apartments|residential_plots,tribal_influenced,Kaelenor,,,PROPOSED,PROVISIONAL,UNMAPPED_PENDING_ASSOCIATION,2026-08-11,novegeo_tribes.csv + simulation geography design,dataset:novegeo:places:v001:700,SHARED_REFERENCE,ACTIVE
NG-NAM-SET-000023,NGP-000023,Sabaro,Sabaro,sabaro,SUBURB,urban_neighborhood,urban,NGP-000001,NGP-000001,NGR-01,Orivane Capital Territory,NVG,false,false,central_plateau,Residential neighborhood of Orivane,mixed_density_residential,detached_houses|townhouses|apartments|residential_plots,tribal_influenced,Mar-Saba,,,PROPOSED,PROVISIONAL,UNMAPPED_PENDING_ASSOCIATION,2026-08-11,novegeo_tribes.csv + simulation geography design,dataset:novegeo:places:v001:700,SHARED_REFERENCE,ACTIVE
NG-NAM-SET-000024,NGP-000024,Trossgate,Trossgate,trossgate,SUBURB,urban_neighborhood,urban,NGP-000001,NGP-000001,NGR-01,Orivane Capital Territory,NVG,false,false,central_plateau,Residential neighborhood of Orivane,growth_corridor_residential,detached_houses|townhouses|apartments|residential_plots,tribal_influenced,Tross-Varn,,,PROPOSED,PROVISIONAL,UNMAPPED_PENDING_ASSOCIATION,2026-08-11,novegeo_tribes.csv + simulation geography design,dataset:novegeo:places:v001:700,SHARED_REFERENCE,ACTIVE
NG-NAM-SET-000025,NGP-000025,Ashbourne,Ashbourne,ashbourne,TOWN,secondary_urban,urban,NGP-000002,NGP-000001,NGR-01,Orivane Capital Territory,NVG,false,false,central_plateau,Regional administration centre,administration,houses|apartments|commercial_plots|retail|warehouses,mixed_novegeo,National mixed lexicon,,,PROPOSED,PROVISIONAL,UNMAPPED_PENDING_ASSOCIATION,2026-08-11,novegeo_tribes.csv + simulation geography design,dataset:novegeo:places:v001:700,SHARED_REFERENCE,ACTIVE
NG-NAM-SET-000026,NGP-000026,Crescenton,Crescenton,crescenton,TOWN,secondary_urban,urban,NGP-000002,NGP-000001,NGR-01,Orivane Capital Territory,NVG,false,false,central_plateau,Regional commuter services centre,commuter_services,houses|apartments|commercial_plots|retail|warehouses,neutral_civic_or_planned,National civic lexicon,,,PROPOSED,PROVISIONAL,UNMAPPED_PENDING_ASSOCIATION,2026-08-11,novegeo_tribes.csv + simulation geography design,dataset:novegeo:places:v001:700,SHARED_REFERENCE,ACTIVE
NG-NAM-SET-000027,NGP-000027,Elmtree,Elmtree,elmtree,TOWN,secondary_urban,urban,NGP-000002,NGP-000001,NGR-01,Orivane Capital Territory,NVG,false,false,central_plateau,Regional agriculture centre,agriculture,houses|apartments|commercial_plots|retail|warehouses,mixed_novegeo,National mixed lexicon,,,PROPOSED,PROVISIONAL,UNMAPPED_PENDING_ASSOCIATION,2026-08-11,novegeo_tribes.csv + simulation geography design,dataset:novegeo:places:v001:700,SHARED_REFERENCE,ACTIVE
NG-NAM-SET-000028,NGP-000028,Faircross,Faircross,faircross,TOWN,secondary_urban,urban,NGP-000002,NGP-000001,NGR-01,Orivane Capital Territory,NVG,false,false,central_plateau,Regional trade centre,trade,houses|apartments|commercial_plots|retail|warehouses,neutral_civic_or_planned,National civic lexicon,,,PROPOSED,PROVISIONAL,UNMAPPED_PENDING_ASSOCIATION,2026-08-11,novegeo_tribes.csv + simulation geography design,dataset:novegeo:places:v001:700,SHARED_REFERENCE,ACTIVE
NG-NAM-SET-000029,NGP-000029,Kingswell,Kingswell,kingswell,TOWN,secondary_urban,urban,NGP-000002,NGP-000001,NGR-01,Orivane Capital Territory,NVG,false,false,central_plateau,Regional education centre,education,houses|apartments|commercial_plots|retail|warehouses,mixed_novegeo,National mixed lexicon,,,PROPOSED,PROVISIONAL,UNMAPPED_PENDING_ASSOCIATION,2026-08-11,novegeo_tribes.csv + simulation geography design,dataset:novegeo:places:v001:700,SHARED_REFERENCE,ACTIVE
NG-NAM-SET-000030,NGP-000030,Brackenford,Brackenford,brackenford,TOWN,secondary_urban,urban,NGP-000003,NGP-000001,NGR-01,Orivane Capital Territory,NVG,false,false,central_plateau,Regional administration centre,administration,houses|apartments|commercial_plots|retail|warehouses,geographic_descriptive,NoveGeo landscape lexicon,,,PROPOSED,PROVISIONAL,UNMAPPED_PENDING_ASSOCIATION,2026-08-11,novegeo_tribes.csv + simulation geography design,dataset:novegeo:places:v001:700,SHARED_REFERENCE,ACTIVE
NG-NAM-SET-000031,NGP-000031,Rosehaven,Rosehaven,rosehaven,TOWN,secondary_urban,urban,NGP-000003,NGP-000001,NGR-01,Orivane Capital Territory,NVG,false,false,central_plateau,Regional commuter services centre,commuter_services,houses|apartments|commercial_plots|retail|warehouses,mixed_novegeo,National mixed lexicon,,,PROPOSED,PROVISIONAL,UNMAPPED_PENDING_ASSOCIATION,2026-08-11,novegeo_tribes.csv + simulation geography design,dataset:novegeo:places:v001:700,SHARED_REFERENCE,ACTIVE
NG-NAM-SET-000032,NGP-000032,Claybourne,Claybourne,claybourne,TOWN,secondary_urban,urban,NGP-000003,NGP-000001,NGR-01,Orivane Capital Territory,NVG,false,false,central_plateau,Regional agriculture centre,agriculture,houses|apartments|commercial_plots|retail|warehouses,mixed_novegeo,National mixed lexicon,,,PROPOSED,PROVISIONAL,UNMAPPED_PENDING_ASSOCIATION,2026-08-11,novegeo_tribes.csv + simulation geography design,dataset:novegeo:places:v001:700,SHARED_REFERENCE,ACTIVE
NG-NAM-SET-000033,NGP-000033,Newstead,Newstead,newstead,TOWN,secondary_urban,urban,NGP-000003,NGP-000001,NGR-01,Orivane Capital Territory,NVG,false,false,central_plateau,Regional trade centre,trade,houses|apartments|commercial_plots|retail|warehouses,mixed_novegeo,National mixed lexicon,,,PROPOSED,PROVISIONAL,UNMAPPED_PENDING_ASSOCIATION,2026-08-11,novegeo_tribes.csv + simulation geography design,dataset:novegeo:places:v001:700,SHARED_REFERENCE,ACTIVE
NG-NAM-SET-000034,NGP-000034,Larkspur,Larkspur,larkspur,TOWN,secondary_urban,urban,NGP-000003,NGP-000001,NGR-01,Orivane Capital Territory,NVG,false,false,central_plateau,Regional education centre,education,houses|apartments|commercial_plots|retail|warehouses,mixed_novegeo,National mixed lexicon,,,PROPOSED,PROVISIONAL,UNMAPPED_PENDING_ASSOCIATION,2026-08-11,novegeo_tribes.csv + simulation geography design,dataset:novegeo:places:v001:700,SHARED_REFERENCE,ACTIVE
NG-NAM-SET-000035,NGP-000035,Eastbridge,Eastbridge,eastbridge,TOWN,secondary_urban,urban,NGP-000004,NGP-000001,NGR-01,Orivane Capital Territory,NVG,false,false,central_plateau,Regional administration centre,administration,houses|apartments|commercial_plots|retail|warehouses,geographic_descriptive,NoveGeo landscape lexicon,,,PROPOSED,PROVISIONAL,UNMAPPED_PENDING_ASSOCIATION,2026-08-11,novegeo_tribes.csv + simulation geography design,dataset:novegeo:places:v001:700,SHARED_REFERENCE,ACTIVE
NG-NAM-SET-000036,NGP-000036,Hillmark,Hillmark,hillmark,TOWN,secondary_urban,urban,NGP-000004,NGP-000001,NGR-01,Orivane Capital Territory,NVG,false,false,central_plateau,Regional commuter services centre,commuter_services,houses|apartments|commercial_plots|retail|warehouses,geographic_descriptive,NoveGeo landscape lexicon,,,PROPOSED,PROVISIONAL,UNMAPPED_PENDING_ASSOCIATION,2026-08-11,novegeo_tribes.csv + simulation geography design,dataset:novegeo:places:v001:700,SHARED_REFERENCE,ACTIVE
NG-NAM-SET-000037,NGP-000037,Greyhaven,Greyhaven,greyhaven,TOWN,secondary_urban,urban,NGP-000004,NGP-000001,NGR-01,Orivane Capital Territory,NVG,false,false,central_plateau,Regional agriculture centre,agriculture,houses|apartments|commercial_plots|retail|warehouses,mixed_novegeo,National mixed lexicon,,,PROPOSED,PROVISIONAL,UNMAPPED_PENDING_ASSOCIATION,2026-08-11,novegeo_tribes.csv + simulation geography design,dataset:novegeo:places:v001:700,SHARED_REFERENCE,ACTIVE
NG-NAM-SET-000038,NGP-000038,Willowgate,Willowgate,willowgate,TOWN,secondary_urban,urban,NGP-000004,NGP-000001,NGR-01,Orivane Capital Territory,NVG,false,false,central_plateau,Regional trade centre,trade,houses|apartments|commercial_plots|retail|warehouses,neutral_civic_or_planned,National civic lexicon,,,PROPOSED,PROVISIONAL,UNMAPPED_PENDING_ASSOCIATION,2026-08-11,novegeo_tribes.csv + simulation geography design,dataset:novegeo:places:v001:700,SHARED_REFERENCE,ACTIVE
NG-NAM-SET-000039,NGP-000039,Stoneleigh,Stoneleigh,stoneleigh,TOWN,secondary_urban,urban,NGP-000004,NGP-000001,NGR-01,Orivane Capital Territory,NVG,false,false,central_plateau,Regional education centre,education,houses|apartments|commercial_plots|retail|warehouses,geographic_descriptive,NoveGeo landscape lexicon,,,PROPOSED,PROVISIONAL,UNMAPPED_PENDING_ASSOCIATION,2026-08-11,novegeo_tribes.csv + simulation geography design,dataset:novegeo:places:v001:700,SHARED_REFERENCE,ACTIVE
NG-NAM-SET-000040,NGP-000040,Maple Junction,Maple Junction,maple-junction,TOWNSHIP,small_urban,peri_urban,NGP-000002,NGP-000001,NGR-01,Orivane Capital Territory,NVG,false,false,central_plateau,Peri-urban township serving Bellwether,local_services_and_residential_growth,houses|rental_units|plots|workshops|shops,neutral_civic_or_planned,National civic lexicon,,,PROPOSED,PROVISIONAL,UNMAPPED_PENDING_ASSOCIATION,2026-08-11,novegeo_tribes.csv + simulation geography design,dataset:novegeo:places:v001:700,SHARED_REFERENCE,ACTIVE
NG-NAM-SET-000041,NGP-000041,South Bell,South Bell,south-bell,TOWNSHIP,small_urban,peri_urban,NGP-000002,NGP-000001,NGR-01,Orivane Capital Territory,NVG,false,false,central_plateau,Peri-urban township serving Bellwether,local_services_and_residential_growth,houses|rental_units|plots|workshops|shops,mixed_novegeo,National mixed lexicon,,,PROPOSED,PROVISIONAL,UNMAPPED_PENDING_ASSOCIATION,2026-08-11,novegeo_tribes.csv + simulation geography design,dataset:novegeo:places:v001:700,SHARED_REFERENCE,ACTIVE
NG-NAM-SET-000042,NGP-000042,Orchard End,Orchard End,orchard-end,TOWNSHIP,small_urban,peri_urban,NGP-000002,NGP-000001,NGR-01,Orivane Capital Territory,NVG,false,false,central_plateau,Peri-urban township serving Bellwether,local_services_and_residential_growth,houses|rental_units|plots|workshops|shops,geographic_descriptive,NoveGeo landscape lexicon,,,PROPOSED,PROVISIONAL,UNMAPPED_PENDING_ASSOCIATION,2026-08-11,novegeo_tribes.csv + simulation geography design,dataset:novegeo:places:v001:700,SHARED_REFERENCE,ACTIVE
NG-NAM-SET-000043,NGP-000043,Carrowfield,Carrowfield,carrowfield,TOWNSHIP,small_urban,peri_urban,NGP-000003,NGP-000001,NGR-01,Orivane Capital Territory,NVG,false,false,central_plateau,Peri-urban township serving New Carrow,local_services_and_residential_growth,houses|rental_units|plots|workshops|shops,geographic_descriptive,NoveGeo landscape lexicon,,,PROPOSED,PROVISIONAL,UNMAPPED_PENDING_ASSOCIATION,2026-08-11,novegeo_tribes.csv + simulation geography design,dataset:novegeo:places:v001:700,SHARED_REFERENCE,ACTIVE
NG-NAM-SET-000044,NGP-000044,West Carrow,West Carrow,west-carrow,TOWNSHIP,small_urban,peri_urban,NGP-000003,NGP-000001,NGR-01,Orivane Capital Territory,NVG,false,false,central_plateau,Peri-urban township serving New Carrow,local_services_and_residential_growth,houses|rental_units|plots|workshops|shops,mixed_novegeo,National mixed lexicon,,,PROPOSED,PROVISIONAL,UNMAPPED_PENDING_ASSOCIATION,2026-08-11,novegeo_tribes.csv + simulation geography design,dataset:novegeo:places:v001:700,SHARED_REFERENCE,ACTIVE
NG-NAM-SET-000045,NGP-000045,Low Crescent,Low Crescent,low-crescent,TOWNSHIP,small_urban,peri_urban,NGP-000003,NGP-000001,NGR-01,Orivane Capital Territory,NVG,false,false,central_plateau,Peri-urban township serving New Carrow,local_services_and_residential_growth,houses|rental_units|plots|workshops|shops,neutral_civic_or_planned,National civic lexicon,,,PROPOSED,PROVISIONAL,UNMAPPED_PENDING_ASSOCIATION,2026-08-11,novegeo_tribes.csv + simulation geography design,dataset:novegeo:places:v001:700,SHARED_REFERENCE,ACTIVE
NG-NAM-SET-000046,NGP-000046,Meridian Gate,Meridian Gate,meridian-gate,TOWNSHIP,small_urban,peri_urban,NGP-000004,NGP-000001,NGR-01,Orivane Capital Territory,NVG,false,false,central_plateau,Peri-urban township serving East Meridian,local_services_and_residential_growth,houses|rental_units|plots|workshops|shops,neutral_civic_or_planned,National civic lexicon,,,PROPOSED,PROVISIONAL,UNMAPPED_PENDING_ASSOCIATION,2026-08-11,novegeo_tribes.csv + simulation geography design,dataset:novegeo:places:v001:700,SHARED_REFERENCE,ACTIVE
NG-NAM-SET-000047,NGP-000047,Railview,Railview,railview,TOWNSHIP,small_urban,peri_urban,NGP-000004,NGP-000001,NGR-01,Orivane Capital Territory,NVG,false,false,central_plateau,Peri-urban township serving East Meridian,local_services_and_residential_growth,houses|rental_units|plots|workshops|shops,historic_trade_or_occupation,Regional trade lexicon,,,PROPOSED,PROVISIONAL,UNMAPPED_PENDING_ASSOCIATION,2026-08-11,novegeo_tribes.csv + simulation geography design,dataset:novegeo:places:v001:700,SHARED_REFERENCE,ACTIVE
NG-NAM-SET-000048,NGP-000048,Eastbank,Eastbank,eastbank,TOWNSHIP,small_urban,peri_urban,NGP-000004,NGP-000001,NGR-01,Orivane Capital Territory,NVG,false,false,central_plateau,Peri-urban township serving East Meridian,local_services_and_residential_growth,houses|rental_units|plots|workshops|shops,mixed_novegeo,National mixed lexicon,,,PROPOSED,PROVISIONAL,UNMAPPED_PENDING_ASSOCIATION,2026-08-11,novegeo_tribes.csv + simulation geography design,dataset:novegeo:places:v001:700,SHARED_REFERENCE,ACTIVE
NG-NAM-SET-000049,NGP-000049,Lower Ashbourne,Lower Ashbourne,lower-ashbourne,VILLAGE,rural_settlement,rural,NGP-000025,NGP-000001,NGR-01,Orivane Capital Territory,NVG,false,false,central_plateau,Rural community linked to Ashbourne,smallholder_agriculture_and_rural_services,agricultural_land|homesteads|rural_plots|cottages,mixed_novegeo,National mixed lexicon,,,PROPOSED,PROVISIONAL,UNMAPPED_PENDING_ASSOCIATION,2026-08-11,novegeo_tribes.csv + simulation geography design,dataset:novegeo:places:v001:700,SHARED_REFERENCE,ACTIVE
NG-NAM-SET-000050,NGP-000050,Ashbourne Green,Ashbourne Green,ashbourne-green,VILLAGE,rural_settlement,rural,NGP-000025,NGP-000001,NGR-01,Orivane Capital Territory,NVG,false,false,central_plateau,Rural community linked to Ashbourne,smallholder_agriculture_and_rural_services,agricultural_land|homesteads|rural_plots|cottages,mixed_novegeo,National mixed lexicon,,,PROPOSED,PROVISIONAL,UNMAPPED_PENDING_ASSOCIATION,2026-08-11,novegeo_tribes.csv + simulation geography design,dataset:novegeo:places:v001:700,SHARED_REFERENCE,ACTIVE
NG-NAM-SET-000051,NGP-000051,Old Crescenton,Old Crescenton,old-crescenton,VILLAGE,rural_settlement,rural,NGP-000026,NGP-000001,NGR-01,Orivane Capital Territory,NVG,false,false,central_plateau,Rural community linked to Crescenton,smallholder_agriculture_and_rural_services,agricultural_land|homesteads|rural_plots|cottages,neutral_civic_or_planned,National civic lexicon,,,PROPOSED,PROVISIONAL,UNMAPPED_PENDING_ASSOCIATION,2026-08-11,novegeo_tribes.csv + simulation geography design,dataset:novegeo:places:v001:700,SHARED_REFERENCE,ACTIVE
NG-NAM-SET-000052,NGP-000052,Crescenton Fields,Crescenton Fields,crescenton-fields,VILLAGE,rural_settlement,rural,NGP-000026,NGP-000001,NGR-01,Orivane Capital Territory,NVG,false,false,central_plateau,Rural community linked to Crescenton,smallholder_agriculture_and_rural_services,agricultural_land|homesteads|rural_plots|cottages,geographic_descriptive,NoveGeo landscape lexicon,,,PROPOSED,PROVISIONAL,UNMAPPED_PENDING_ASSOCIATION,2026-08-11,novegeo_tribes.csv + simulation geography design,dataset:novegeo:places:v001:700,SHARED_REFERENCE,ACTIVE
NG-NAM-SET-000053,NGP-000053,Elmtree Hollow,Elmtree Hollow,elmtree-hollow,VILLAGE,rural_settlement,rural,NGP-000027,NGP-000001,NGR-01,Orivane Capital Territory,NVG,false,false,central_plateau,Rural community linked to Elmtree,smallholder_agriculture_and_rural_services,agricultural_land|homesteads|rural_plots|cottages,mixed_novegeo,National mixed lexicon,,,PROPOSED,PROVISIONAL,UNMAPPED_PENDING_ASSOCIATION,2026-08-11,novegeo_tribes.csv + simulation geography design,dataset:novegeo:places:v001:700,SHARED_REFERENCE,ACTIVE
NG-NAM-SET-000054,NGP-000054,Elmtree Brook,Elmtree Brook,elmtree-brook,VILLAGE,rural_settlement,rural,NGP-000027,NGP-000001,NGR-01,Orivane Capital Territory,NVG,false,false,central_plateau,Rural community linked to Elmtree,smallholder_agriculture_and_rural_services,agricultural_land|homesteads|rural_plots|cottages,geographic_descriptive,NoveGeo landscape lexicon,,,PROPOSED,PROVISIONAL,UNMAPPED_PENDING_ASSOCIATION,2026-08-11,novegeo_tribes.csv + simulation geography design,dataset:novegeo:places:v001:700,SHARED_REFERENCE,ACTIVE
NG-NAM-SET-000055,NGP-000055,Faircross Cross,Faircross Cross,faircross-cross,VILLAGE,rural_settlement,rural,NGP-000028,NGP-000001,NGR-01,Orivane Capital Territory,NVG,false,false,central_plateau,Rural community linked to Faircross,smallholder_agriculture_and_rural_services,agricultural_land|homesteads|rural_plots|cottages,neutral_civic_or_planned,National civic lexicon,,,PROPOSED,PROVISIONAL,UNMAPPED_PENDING_ASSOCIATION,2026-08-11,novegeo_tribes.csv + simulation geography design,dataset:novegeo:places:v001:700,SHARED_REFERENCE,ACTIVE
NG-NAM-SET-000056,NGP-000056,Faircross Vale,Faircross Vale,faircross-vale,VILLAGE,rural_settlement,rural,NGP-000028,NGP-000001,NGR-01,Orivane Capital Territory,NVG,false,false,central_plateau,Rural community linked to Faircross,smallholder_agriculture_and_rural_services,agricultural_land|homesteads|rural_plots|cottages,geographic_descriptive,NoveGeo landscape lexicon,,,PROPOSED,PROVISIONAL,UNMAPPED_PENDING_ASSOCIATION,2026-08-11,novegeo_tribes.csv + simulation geography design,dataset:novegeo:places:v001:700,SHARED_REFERENCE,ACTIVE
NG-NAM-SET-000057,NGP-000057,North Kingswell,North Kingswell,north-kingswell,VILLAGE,rural_settlement,rural,NGP-000029,NGP-000001,NGR-01,Orivane Capital Territory,NVG,false,false,central_plateau,Rural community linked to Kingswell,smallholder_agriculture_and_rural_services,agricultural_land|homesteads|rural_plots|cottages,mixed_novegeo,National mixed lexicon,,,PROPOSED,PROVISIONAL,UNMAPPED_PENDING_ASSOCIATION,2026-08-11,novegeo_tribes.csv + simulation geography design,dataset:novegeo:places:v001:700,SHARED_REFERENCE,ACTIVE
NG-NAM-SET-000058,NGP-000058,Kingswell End,Kingswell End,kingswell-end,VILLAGE,rural_settlement,rural,NGP-000029,NGP-000001,NGR-01,Orivane Capital Territory,NVG,false,false,central_plateau,Rural community linked to Kingswell,smallholder_agriculture_and_rural_services,agricultural_land|homesteads|rural_plots|cottages,mixed_novegeo,National mixed lexicon,,,PROPOSED,PROVISIONAL,UNMAPPED_PENDING_ASSOCIATION,2026-08-11,novegeo_tribes.csv + simulation geography design,dataset:novegeo:places:v001:700,SHARED_REFERENCE,ACTIVE
NG-NAM-SET-000059,NGP-000059,Brackenford Heath,Brackenford Heath,brackenford-heath,VILLAGE,rural_settlement,rural,NGP-000030,NGP-000001,NGR-01,Orivane Capital Territory,NVG,false,false,central_plateau,Rural community linked to Brackenford,smallholder_agriculture_and_rural_services,agricultural_land|homesteads|rural_plots|cottages,geographic_descriptive,NoveGeo landscape lexicon,,,PROPOSED,PROVISIONAL,UNMAPPED_PENDING_ASSOCIATION,2026-08-11,novegeo_tribes.csv + simulation geography design,dataset:novegeo:places:v001:700,SHARED_REFERENCE,ACTIVE
NG-NAM-SET-000060,NGP-000060,Brackenford Grove,Brackenford Grove,brackenford-grove,VILLAGE,rural_settlement,rural,NGP-000030,NGP-000001,NGR-01,Orivane Capital Territory,NVG,false,false,central_plateau,Rural community linked to Brackenford,smallholder_agriculture_and_rural_services,agricultural_land|homesteads|rural_plots|cottages,geographic_descriptive,NoveGeo landscape lexicon,,,PROPOSED,PROVISIONAL,UNMAPPED_PENDING_ASSOCIATION,2026-08-11,novegeo_tribes.csv + simulation geography design,dataset:novegeo:places:v001:700,SHARED_REFERENCE,ACTIVE
NG-NAM-SET-000061,NGP-000061,Upper Rosehaven,Upper Rosehaven,upper-rosehaven,VILLAGE,rural_settlement,rural,NGP-000031,NGP-000001,NGR-01,Orivane Capital Territory,NVG,false,false,central_plateau,Rural community linked to Rosehaven,smallholder_agriculture_and_rural_services,agricultural_land|homesteads|rural_plots|cottages,mixed_novegeo,National mixed lexicon,,,PROPOSED,PROVISIONAL,UNMAPPED_PENDING_ASSOCIATION,2026-08-11,novegeo_tribes.csv + simulation geography design,dataset:novegeo:places:v001:700,SHARED_REFERENCE,ACTIVE
NG-NAM-SET-000062,NGP-000062,Rosehaven Meadow,Rosehaven Meadow,rosehaven-meadow,VILLAGE,rural_settlement,rural,NGP-000031,NGP-000001,NGR-01,Orivane Capital Territory,NVG,false,false,central_plateau,Rural community linked to Rosehaven,smallholder_agriculture_and_rural_services,agricultural_land|homesteads|rural_plots|cottages,geographic_descriptive,NoveGeo landscape lexicon,,,PROPOSED,PROVISIONAL,UNMAPPED_PENDING_ASSOCIATION,2026-08-11,novegeo_tribes.csv + simulation geography design,dataset:novegeo:places:v001:700,SHARED_REFERENCE,ACTIVE
NG-NAM-SET-000063,NGP-000063,Claybourne Ford,Claybourne Ford,claybourne-ford,VILLAGE,rural_settlement,rural,NGP-000032,NGP-000001,NGR-01,Orivane Capital Territory,NVG,false,false,central_plateau,Rural community linked to Claybourne,smallholder_agriculture_and_rural_services,agricultural_land|homesteads|rural_plots|cottages,geographic_descriptive,NoveGeo landscape lexicon,,,PROPOSED,PROVISIONAL,UNMAPPED_PENDING_ASSOCIATION,2026-08-11,novegeo_tribes.csv + simulation geography design,dataset:novegeo:places:v001:700,SHARED_REFERENCE,ACTIVE
NG-NAM-SET-000064,NGP-000064,Claybourne Common,Claybourne Common,claybourne-common,VILLAGE,rural_settlement,rural,NGP-000032,NGP-000001,NGR-01,Orivane Capital Territory,NVG,false,false,central_plateau,Rural community linked to Claybourne,smallholder_agriculture_and_rural_services,agricultural_land|homesteads|rural_plots|cottages,mixed_novegeo,National mixed lexicon,,,PROPOSED,PROVISIONAL,UNMAPPED_PENDING_ASSOCIATION,2026-08-11,novegeo_tribes.csv + simulation geography design,dataset:novegeo:places:v001:700,SHARED_REFERENCE,ACTIVE
NG-NAM-SET-000065,NGP-000065,Little Newstead,Little Newstead,little-newstead,VILLAGE,rural_settlement,rural,NGP-000033,NGP-000001,NGR-01,Orivane Capital Territory,NVG,false,false,central_plateau,Rural community linked to Newstead,smallholder_agriculture_and_rural_services,agricultural_land|homesteads|rural_plots|cottages,mixed_novegeo,National mixed lexicon,,,PROPOSED,PROVISIONAL,UNMAPPED_PENDING_ASSOCIATION,2026-08-11,novegeo_tribes.csv + simulation geography design,dataset:novegeo:places:v001:700,SHARED_REFERENCE,ACTIVE
NG-NAM-SET-000066,NGP-000066,Newstead Rise,Newstead Rise,newstead-rise,VILLAGE,rural_settlement,rural,NGP-000033,NGP-000001,NGR-01,Orivane Capital Territory,NVG,false,false,central_plateau,Rural community linked to Newstead,smallholder_agriculture_and_rural_services,agricultural_land|homesteads|rural_plots|cottages,mixed_novegeo,National mixed lexicon,,,PROPOSED,PROVISIONAL,UNMAPPED_PENDING_ASSOCIATION,2026-08-11,novegeo_tribes.csv + simulation geography design,dataset:novegeo:places:v001:700,SHARED_REFERENCE,ACTIVE
NG-NAM-SET-000067,NGP-000067,Larkspur Hill,Larkspur Hill,larkspur-hill,VILLAGE,rural_settlement,rural,NGP-000034,NGP-000001,NGR-01,Orivane Capital Territory,NVG,false,false,central_plateau,Rural community linked to Larkspur,smallholder_agriculture_and_rural_services,agricultural_land|homesteads|rural_plots|cottages,geographic_descriptive,NoveGeo landscape lexicon,,,PROPOSED,PROVISIONAL,UNMAPPED_PENDING_ASSOCIATION,2026-08-11,novegeo_tribes.csv + simulation geography design,dataset:novegeo:places:v001:700,SHARED_REFERENCE,ACTIVE
NG-NAM-SET-000068,NGP-000068,Larkspur Springs,Larkspur Springs,larkspur-springs,VILLAGE,rural_settlement,rural,NGP-000034,NGP-000001,NGR-01,Orivane Capital Territory,NVG,false,false,central_plateau,Rural community linked to Larkspur,smallholder_agriculture_and_rural_services,agricultural_land|homesteads|rural_plots|cottages,mixed_novegeo,National mixed lexicon,,,PROPOSED,PROVISIONAL,UNMAPPED_PENDING_ASSOCIATION,2026-08-11,novegeo_tribes.csv + simulation geography design,dataset:novegeo:places:v001:700,SHARED_REFERENCE,ACTIVE
NG-NAM-SET-000069,NGP-000069,West Eastbridge,West Eastbridge,west-eastbridge,VILLAGE,rural_settlement,rural,NGP-000035,NGP-000001,NGR-01,Orivane Capital Territory,NVG,false,false,central_plateau,Rural community linked to Eastbridge,smallholder_agriculture_and_rural_services,agricultural_land|homesteads|rural_plots|cottages,geographic_descriptive,NoveGeo landscape lexicon,,,PROPOSED,PROVISIONAL,UNMAPPED_PENDING_ASSOCIATION,2026-08-11,novegeo_tribes.csv + simulation geography design,dataset:novegeo:places:v001:700,SHARED_REFERENCE,ACTIVE
NG-NAM-SET-000070,NGP-000070,Eastbridge Lane,Eastbridge Lane,eastbridge-lane,VILLAGE,rural_settlement,rural,NGP-000035,NGP-000001,NGR-01,Orivane Capital Territory,NVG,false,false,central_plateau,Rural community linked to Eastbridge,smallholder_agriculture_and_rural_services,agricultural_land|homesteads|rural_plots|cottages,geographic_descriptive,NoveGeo landscape lexicon,,,PROPOSED,PROVISIONAL,UNMAPPED_PENDING_ASSOCIATION,2026-08-11,novegeo_tribes.csv + simulation geography design,dataset:novegeo:places:v001:700,SHARED_REFERENCE,ACTIVE
NG-NAM-SET-000071,NGP-000071,Hillmark Wood,Hillmark Wood,hillmark-wood,VILLAGE,rural_settlement,rural,NGP-000036,NGP-000001,NGR-01,Orivane Capital Territory,NVG,false,false,central_plateau,Rural community linked to Hillmark,smallholder_agriculture_and_rural_services,agricultural_land|homesteads|rural_plots|cottages,geographic_descriptive,NoveGeo landscape lexicon,,,PROPOSED,PROVISIONAL,UNMAPPED_PENDING_ASSOCIATION,2026-08-11,novegeo_tribes.csv + simulation geography design,dataset:novegeo:places:v001:700,SHARED_REFERENCE,ACTIVE
NG-NAM-SET-000072,NGP-000072,Hillmark Beck,Hillmark Beck,hillmark-beck,VILLAGE,rural_settlement,rural,NGP-000036,NGP-000001,NGR-01,Orivane Capital Territory,NVG,false,false,central_plateau,Rural community linked to Hillmark,smallholder_agriculture_and_rural_services,agricultural_land|homesteads|rural_plots|cottages,geographic_descriptive,NoveGeo landscape lexicon,,,PROPOSED,PROVISIONAL,UNMAPPED_PENDING_ASSOCIATION,2026-08-11,novegeo_tribes.csv + simulation geography design,dataset:novegeo:places:v001:700,SHARED_REFERENCE,ACTIVE
NG-NAM-SET-000073,NGP-000073,South Greyhaven,South Greyhaven,south-greyhaven,VILLAGE,rural_settlement,rural,NGP-000037,NGP-000001,NGR-01,Orivane Capital Territory,NVG,false,false,central_plateau,Rural community linked to Greyhaven,smallholder_agriculture_and_rural_services,agricultural_land|homesteads|rural_plots|cottages,mixed_novegeo,National mixed lexicon,,,PROPOSED,PROVISIONAL,UNMAPPED_PENDING_ASSOCIATION,2026-08-11,novegeo_tribes.csv + simulation geography design,dataset:novegeo:places:v001:700,SHARED_REFERENCE,ACTIVE
NG-NAM-SET-000074,NGP-000074,Greyhaven Court,Greyhaven Court,greyhaven-court,VILLAGE,rural_settlement,rural,NGP-000037,NGP-000001,NGR-01,Orivane Capital Territory,NVG,false,false,central_plateau,Rural community linked to Greyhaven,smallholder_agriculture_and_rural_services,agricultural_land|homesteads|rural_plots|cottages,mixed_novegeo,National mixed lexicon,,,PROPOSED,PROVISIONAL,UNMAPPED_PENDING_ASSOCIATION,2026-08-11,novegeo_tribes.csv + simulation geography design,dataset:novegeo:places:v001:700,SHARED_REFERENCE,ACTIVE
NG-NAM-SET-000075,NGP-000075,Willowgate Gate,Willowgate Gate,willowgate-gate,VILLAGE,rural_settlement,rural,NGP-000038,NGP-000001,NGR-01,Orivane Capital Territory,NVG,false,false,central_plateau,Rural community linked to Willowgate,smallholder_agriculture_and_rural_services,agricultural_land|homesteads|rural_plots|cottages,neutral_civic_or_planned,National civic lexicon,,,PROPOSED,PROVISIONAL,UNMAPPED_PENDING_ASSOCIATION,2026-08-11,novegeo_tribes.csv + simulation geography design,dataset:novegeo:places:v001:700,SHARED_REFERENCE,ACTIVE
NG-NAM-SET-000076,NGP-000076,Willowgate Downs,Willowgate Downs,willowgate-downs,VILLAGE,rural_settlement,rural,NGP-000038,NGP-000001,NGR-01,Orivane Capital Territory,NVG,false,false,central_plateau,Rural community linked to Willowgate,smallholder_agriculture_and_rural_services,agricultural_land|homesteads|rural_plots|cottages,neutral_civic_or_planned,National civic lexicon,,,PROPOSED,PROVISIONAL,UNMAPPED_PENDING_ASSOCIATION,2026-08-11,novegeo_tribes.csv + simulation geography design,dataset:novegeo:places:v001:700,SHARED_REFERENCE,ACTIVE
NG-NAM-SET-000077,NGP-000077,Stoneleigh Mill,Stoneleigh Mill,stoneleigh-mill,VILLAGE,rural_settlement,rural,NGP-000039,NGP-000001,NGR-01,Orivane Capital Territory,NVG,false,false,central_plateau,Rural community linked to Stoneleigh,smallholder_agriculture_and_rural_services,agricultural_land|homesteads|rural_plots|cottages,geographic_descriptive,NoveGeo landscape lexicon,,,PROPOSED,PROVISIONAL,UNMAPPED_PENDING_ASSOCIATION,2026-08-11,novegeo_tribes.csv + simulation geography design,dataset:novegeo:places:v001:700,SHARED_REFERENCE,ACTIVE
NG-NAM-SET-000078,NGP-000078,Stoneleigh Park,Stoneleigh Park,stoneleigh-park,VILLAGE,rural_settlement,rural,NGP-000039,NGP-000001,NGR-01,Orivane Capital Territory,NVG,false,false,central_plateau,Rural community linked to Stoneleigh,smallholder_agriculture_and_rural_services,agricultural_land|homesteads|rural_plots|cottages,geographic_descriptive,NoveGeo landscape lexicon,,,PROPOSED,PROVISIONAL,UNMAPPED_PENDING_ASSOCIATION,2026-08-11,novegeo_tribes.csv + simulation geography design,dataset:novegeo:places:v001:700,SHARED_REFERENCE,ACTIVE
NG-NAM-SET-000079,NGP-000079,Cedar Market,Cedar Market,cedar-market,MARKET_CENTRE,rural_service_node,peri_urban,NGP-000025,NGP-000001,NGR-01,Orivane Capital Territory,NVG,false,false,central_plateau,Market and service node linked to Ashbourne,retail_trade_and_rural_services,retail_units|mixed_use_buildings|storage|small_warehouses,historic_trade_or_occupation,Regional trade lexicon,,,PROPOSED,PROVISIONAL,UNMAPPED_PENDING_ASSOCIATION,2026-08-11,novegeo_tribes.csv + simulation geography design,dataset:novegeo:places:v001:700,SHARED_REFERENCE,ACTIVE
NG-NAM-SET-000080,NGP-000080,Junction Five,Junction Five,junction-five,MARKET_CENTRE,rural_service_node,peri_urban,NGP-000028,NGP-000001,NGR-01,Orivane Capital Territory,NVG,false,false,central_plateau,Market and service node linked to Faircross,retail_trade_and_rural_services,retail_units|mixed_use_buildings|storage|small_warehouses,neutral_civic_or_planned,National civic lexicon,,,PROPOSED,PROVISIONAL,UNMAPPED_PENDING_ASSOCIATION,2026-08-11,novegeo_tribes.csv + simulation geography design,dataset:novegeo:places:v001:700,SHARED_REFERENCE,ACTIVE
NG-NAM-SET-000081,NGP-000081,Old Toll,Old Toll,old-toll,MARKET_CENTRE,rural_service_node,peri_urban,NGP-000031,NGP-000001,NGR-01,Orivane Capital Territory,NVG,false,false,central_plateau,Market and service node linked to Rosehaven,retail_trade_and_rural_services,retail_units|mixed_use_buildings|storage|small_warehouses,neutral_civic_or_planned,National civic lexicon,,,PROPOSED,PROVISIONAL,UNMAPPED_PENDING_ASSOCIATION,2026-08-11,novegeo_tribes.csv + simulation geography design,dataset:novegeo:places:v001:700,SHARED_REFERENCE,ACTIVE
NG-NAM-SET-000082,NGP-000082,Farmers' Gate,Farmers' Gate,farmers-gate,MARKET_CENTRE,rural_service_node,peri_urban,NGP-000034,NGP-000001,NGR-01,Orivane Capital Territory,NVG,false,false,central_plateau,Market and service node linked to Larkspur,retail_trade_and_rural_services,retail_units|mixed_use_buildings|storage|small_warehouses,neutral_civic_or_planned,National civic lexicon,,,PROPOSED,PROVISIONAL,UNMAPPED_PENDING_ASSOCIATION,2026-08-11,novegeo_tribes.csv + simulation geography design,dataset:novegeo:places:v001:700,SHARED_REFERENCE,ACTIVE
NG-NAM-SET-000083,NGP-000083,Lantern Cross,Lantern Cross,lantern-cross,MARKET_CENTRE,rural_service_node,peri_urban,NGP-000037,NGP-000001,NGR-01,Orivane Capital Territory,NVG,false,false,central_plateau,Market and service node linked to Greyhaven,retail_trade_and_rural_services,retail_units|mixed_use_buildings|storage|small_warehouses,neutral_civic_or_planned,National civic lexicon,,,PROPOSED,PROVISIONAL,UNMAPPED_PENDING_ASSOCIATION,2026-08-11,novegeo_tribes.csv + simulation geography design,dataset:novegeo:places:v001:700,SHARED_REFERENCE,ACTIVE
NG-NAM-SET-000084,NGP-000084,Eastline Industrial Park,Eastline Industrial Park,eastline-industrial-park,INDUSTRIAL_ZONE,special_economic_locality,specialized,NGP-000001,NGP-000001,NGR-01,Orivane Capital Territory,NVG,false,false,central_plateau,Industrial and logistics locality within Orivane Capital Territory,manufacturing_and_logistics,warehouses|factories|logistics_yards|industrial_land,geographic_descriptive,NoveGeo landscape lexicon,,,PROPOSED,PROVISIONAL,UNMAPPED_PENDING_ASSOCIATION,2026-08-11,novegeo_tribes.csv + simulation geography design,dataset:novegeo:places:v001:700,SHARED_REFERENCE,ACTIVE
NG-NAM-SET-000085,NGP-000085,Capital Logistics Zone,Capital Logistics Zone,capital-logistics-zone,INDUSTRIAL_ZONE,special_economic_locality,specialized,NGP-000003,NGP-000001,NGR-01,Orivane Capital Territory,NVG,false,false,central_plateau,Industrial and logistics locality within Orivane Capital Territory,processing_and_freight,warehouses|factories|logistics_yards|industrial_land,historic_trade_or_occupation,Regional trade lexicon,,,PROPOSED,PROVISIONAL,UNMAPPED_PENDING_ASSOCIATION,2026-08-11,novegeo_tribes.csv + simulation geography design,dataset:novegeo:places:v001:700,SHARED_REFERENCE,ACTIVE
NG-NAM-SET-000086,NGP-000086,Northgate,Northgate,northgate,CITY,national_or_regional_metropolis,metropolitan,,NGP-000086,NGR-02,Aelvar Highlands,NVG,false,true,mountain_highlands,"Cool-climate highland metropolis, education, engineering and mountain trade centre",regional_metropolitan_services,apartments|offices|retail|mixed_use|hotels,geographic_descriptive,NoveGeo landscape lexicon,Cloud City,Its elevated skyline is frequently wrapped in highland cloud.,PROPOSED,PROVISIONAL,UNMAPPED_PENDING_ASSOCIATION,2026-08-11,novegeo_tribes.csv + simulation geography design,dataset:novegeo:places:v001:700,SHARED_REFERENCE,ACTIVE
NG-NAM-SET-000087,NGP-000087,Caelith,Caelith,caelith,MUNICIPALITY,municipal_urban,urban,,NGP-000086,NGR-02,Aelvar Highlands,NVG,false,false,mountain_highlands,Municipal service centre within Aelvar Highlands,administration_and_services,houses|apartments|plots|retail|offices,tribal_influenced,Kaelenor,,,PROPOSED,PROVISIONAL,UNMAPPED_PENDING_ASSOCIATION,2026-08-11,novegeo_tribes.csv + simulation geography design,dataset:novegeo:places:v001:700,SHARED_REFERENCE,ACTIVE
NG-NAM-SET-000088,NGP-000088,Skeldrun,Skeldrun,skeldrun,MUNICIPALITY,municipal_urban,urban,,NGP-000086,NGR-02,Aelvar Highlands,NVG,false,false,mountain_highlands,Municipal service centre within Aelvar Highlands,trade_and_residential_growth,houses|apartments|plots|retail|offices,tribal_influenced,Østgard,,,PROPOSED,PROVISIONAL,UNMAPPED_PENDING_ASSOCIATION,2026-08-11,novegeo_tribes.csv + simulation geography design,dataset:novegeo:places:v001:700,SHARED_REFERENCE,ACTIVE
NG-NAM-SET-000089,NGP-000089,Pinebarrow,Pinebarrow,pinebarrow,MUNICIPALITY,municipal_urban,urban,,NGP-000086,NGR-02,Aelvar Highlands,NVG,false,false,mountain_highlands,Municipal service centre within Aelvar Highlands,regional_production_and_services,houses|apartments|plots|retail|offices,geographic_descriptive,NoveGeo landscape lexicon,,,PROPOSED,PROVISIONAL,UNMAPPED_PENDING_ASSOCIATION,2026-08-11,novegeo_tribes.csv + simulation geography design,dataset:novegeo:places:v001:700,SHARED_REFERENCE,ACTIVE
NG-NAM-SET-000090,NGP-000090,Crown Steps,Crown Steps,crown-steps,CITY_DISTRICT,intra_city_district,metropolitan,NGP-000086,NGP-000086,NGR-02,Aelvar Highlands,NVG,false,false,mountain_highlands,Metropolitan district of Northgate,mixed_use_urban,apartments|offices|retail|mixed_use,mixed_novegeo,National mixed lexicon,,,PROPOSED,PROVISIONAL,UNMAPPED_PENDING_ASSOCIATION,2026-08-11,novegeo_tribes.csv + simulation geography design,dataset:novegeo:places:v001:700,SHARED_REFERENCE,ACTIVE
NG-NAM-SET-000091,NGP-000091,Highgate Core,Highgate Core,highgate-core,CITY_DISTRICT,intra_city_district,metropolitan,NGP-000086,NGP-000086,NGR-02,Aelvar Highlands,NVG,false,false,mountain_highlands,Metropolitan district of Northgate,commerce_and_mixed_use,apartments|offices|retail|mixed_use,neutral_civic_or_planned,National civic lexicon,,,PROPOSED,PROVISIONAL,UNMAPPED_PENDING_ASSOCIATION,2026-08-11,novegeo_tribes.csv + simulation geography design,dataset:novegeo:places:v001:700,SHARED_REFERENCE,ACTIVE
NG-NAM-SET-000092,NGP-000092,Observatory Ward,Observatory Ward,observatory-ward,CITY_DISTRICT,intra_city_district,metropolitan,NGP-000086,NGP-000086,NGR-02,Aelvar Highlands,NVG,false,false,mountain_highlands,Metropolitan district of Northgate,civic_and_public_services,apartments|offices|retail|mixed_use,neutral_civic_or_planned,National civic lexicon,,,PROPOSED,PROVISIONAL,UNMAPPED_PENDING_ASSOCIATION,2026-08-11,novegeo_tribes.csv + simulation geography design,dataset:novegeo:places:v001:700,SHARED_REFERENCE,ACTIVE
NG-NAM-SET-000093,NGP-000093,Foundry Terrace,Foundry Terrace,foundry-terrace,CITY_DISTRICT,intra_city_district,metropolitan,NGP-000086,NGP-000086,NGR-02,Aelvar Highlands,NVG,false,false,mountain_highlands,Metropolitan district of Northgate,mixed_use_urban,apartments|offices|retail|mixed_use,neutral_civic_or_planned,National civic lexicon,,,PROPOSED,PROVISIONAL,UNMAPPED_PENDING_ASSOCIATION,2026-08-11,novegeo_tribes.csv + simulation geography design,dataset:novegeo:places:v001:700,SHARED_REFERENCE,ACTIVE
NG-NAM-SET-000094,NGP-000094,Old Switchback,Old Switchback,old-switchback,CITY_DISTRICT,intra_city_district,metropolitan,NGP-000086,NGP-000086,NGR-02,Aelvar Highlands,NVG,false,false,mountain_highlands,Metropolitan district of Northgate,heritage_and_tourism,apartments|offices|retail|mixed_use,mixed_novegeo,National mixed lexicon,,,PROPOSED,PROVISIONAL,UNMAPPED_PENDING_ASSOCIATION,2026-08-11,novegeo_tribes.csv + simulation geography design,dataset:novegeo:places:v001:700,SHARED_REFERENCE,ACTIVE
NG-NAM-SET-000095,NGP-000095,Alpine Exchange,Alpine Exchange,alpine-exchange,CITY_DISTRICT,intra_city_district,metropolitan,NGP-000086,NGP-000086,NGR-02,Aelvar Highlands,NVG,false,false,mountain_highlands,Metropolitan district of Northgate,commerce_and_mixed_use,apartments|offices|retail|mixed_use,historic_trade_or_occupation,Regional trade lexicon,Little Zurich,"Swiss finance, engineering firms and alpine-style streets shaped the district's reputation.",PROPOSED,PROVISIONAL,UNMAPPED_PENDING_ASSOCIATION,2026-08-11,novegeo_tribes.csv + simulation geography design,dataset:novegeo:places:v001:700,SHARED_REFERENCE,ACTIVE
NG-NAM-SET-000096,NGP-000096,Northgate University District,Northgate University District,northgate-university-district,CITY_DISTRICT,intra_city_district,metropolitan,NGP-000086,NGP-000086,NGR-02,Aelvar Highlands,NVG,false,false,mountain_highlands,Metropolitan district of Northgate,education_and_research,apartments|offices|retail|mixed_use,neutral_civic_or_planned,National civic lexicon,,,PROPOSED,PROVISIONAL,UNMAPPED_PENDING_ASSOCIATION,2026-08-11,novegeo_tribes.csv + simulation geography design,dataset:novegeo:places:v001:700,SHARED_REFERENCE,ACTIVE
NG-NAM-SET-000097,NGP-000097,Cloudline,Cloudline,cloudline,CITY_DISTRICT,intra_city_district,metropolitan,NGP-000086,NGP-000086,NGR-02,Aelvar Highlands,NVG,false,false,mountain_highlands,Metropolitan district of Northgate,mixed_use_urban,apartments|offices|retail|mixed_use,geographic_descriptive,NoveGeo landscape lexicon,,,PROPOSED,PROVISIONAL,UNMAPPED_PENDING_ASSOCIATION,2026-08-11,novegeo_tribes.csv + simulation geography design,dataset:novegeo:places:v001:700,SHARED_REFERENCE,ACTIVE
NG-NAM-SET-000098,NGP-000098,Pineglass,Pineglass,pineglass,SUBURB,urban_neighborhood,urban,NGP-000086,NGP-000086,NGR-02,Aelvar Highlands,NVG,false,false,mountain_highlands,Residential neighborhood of Northgate,mixed_density_residential,detached_houses|townhouses|apartments|residential_plots,geographic_descriptive,NoveGeo landscape lexicon,,,PROPOSED,PROVISIONAL,UNMAPPED_PENDING_ASSOCIATION,2026-08-11,novegeo_tribes.csv + simulation geography design,dataset:novegeo:places:v001:700,SHARED_REFERENCE,ACTIVE
NG-NAM-SET-000099,NGP-000099,Heather Vale,Heather Vale,heather-vale,SUBURB,urban_neighborhood,urban,NGP-000086,NGP-000086,NGR-02,Aelvar Highlands,NVG,false,false,mountain_highlands,Residential neighborhood of Northgate,garden_residential,detached_houses|townhouses|apartments|residential_plots,geographic_descriptive,NoveGeo landscape lexicon,,,PROPOSED,PROVISIONAL,UNMAPPED_PENDING_ASSOCIATION,2026-08-11,novegeo_tribes.csv + simulation geography design,dataset:novegeo:places:v001:700,SHARED_REFERENCE,ACTIVE
NG-NAM-SET-000100,NGP-000100,Slate Gardens,Slate Gardens,slate-gardens,SUBURB,urban_neighborhood,urban,NGP-000086,NGP-000086,NGR-02,Aelvar Highlands,NVG,false,false,mountain_highlands,Residential neighborhood of Northgate,garden_residential,detached_houses|townhouses|apartments|residential_plots,geographic_descriptive,NoveGeo landscape lexicon,,,PROPOSED,PROVISIONAL,UNMAPPED_PENDING_ASSOCIATION,2026-08-11,novegeo_tribes.csv + simulation geography design,dataset:novegeo:places:v001:700,SHARED_REFERENCE,ACTIVE
NG-NAM-SET-000101,NGP-000101,Frostmere,Frostmere,frostmere,SUBURB,urban_neighborhood,urban,NGP-000086,NGP-000086,NGR-02,Aelvar Highlands,NVG,false,false,mountain_highlands,Residential neighborhood of Northgate,mixed_density_residential,detached_houses|townhouses|apartments|residential_plots,geographic_descriptive,NoveGeo landscape lexicon,,,PROPOSED,PROVISIONAL,UNMAPPED_PENDING_ASSOCIATION,2026-08-11,novegeo_tribes.csv + simulation geography design,dataset:novegeo:places:v001:700,SHARED_REFERENCE,ACTIVE
NG-NAM-SET-000102,NGP-000102,New Albion,New Albion,new-albion,SUBURB,urban_neighborhood,urban,NGP-000086,NGP-000086,NGR-02,Aelvar Highlands,NVG,false,false,mountain_highlands,Residential neighborhood of Northgate,cosmopolitan_residential,detached_houses|townhouses|apartments|residential_plots,international_settler,International diaspora,,,PROPOSED,PROVISIONAL,UNMAPPED_PENDING_ASSOCIATION,2026-08-11,novegeo_tribes.csv + simulation geography design,dataset:novegeo:places:v001:700,SHARED_REFERENCE,ACTIVE
NG-NAM-SET-000103,NGP-000103,Kaelor Heights,Kaelor Heights,kaelor-heights,SUBURB,urban_neighborhood,urban,NGP-000086,NGP-000086,NGR-02,Aelvar Highlands,NVG,false,false,mountain_highlands,Residential neighborhood of Northgate,elevated_residential,detached_houses|townhouses|apartments|residential_plots,tribal_influenced,Kaelenor,,,PROPOSED,PROVISIONAL,UNMAPPED_PENDING_ASSOCIATION,2026-08-11,novegeo_tribes.csv + simulation geography design,dataset:novegeo:places:v001:700,SHARED_REFERENCE,ACTIVE
NG-NAM-SET-000104,NGP-000104,Bramble Court,Bramble Court,bramble-court,SUBURB,urban_neighborhood,urban,NGP-000086,NGP-000086,NGR-02,Aelvar Highlands,NVG,false,false,mountain_highlands,Residential neighborhood of Northgate,garden_residential,detached_houses|townhouses|apartments|residential_plots,mixed_novegeo,National mixed lexicon,,,PROPOSED,PROVISIONAL,UNMAPPED_PENDING_ASSOCIATION,2026-08-11,novegeo_tribes.csv + simulation geography design,dataset:novegeo:places:v001:700,SHARED_REFERENCE,ACTIVE
NG-NAM-SET-000105,NGP-000105,St. Arden,St. Arden,st-arden,SUBURB,urban_neighborhood,urban,NGP-000086,NGP-000086,NGR-02,Aelvar Highlands,NVG,false,false,mountain_highlands,Residential neighborhood of Northgate,mixed_density_residential,detached_houses|townhouses|apartments|residential_plots,international_settler,International diaspora,,,PROPOSED,PROVISIONAL,UNMAPPED_PENDING_ASSOCIATION,2026-08-11,novegeo_tribes.csv + simulation geography design,dataset:novegeo:places:v001:700,SHARED_REFERENCE,ACTIVE
NG-NAM-SET-000106,NGP-000106,Maple Rise,Maple Rise,maple-rise,SUBURB,urban_neighborhood,urban,NGP-000086,NGP-000086,NGR-02,Aelvar Highlands,NVG,false,false,mountain_highlands,Residential neighborhood of Northgate,elevated_residential,detached_houses|townhouses|apartments|residential_plots,mixed_novegeo,National mixed lexicon,,,PROPOSED,PROVISIONAL,UNMAPPED_PENDING_ASSOCIATION,2026-08-11,novegeo_tribes.csv + simulation geography design,dataset:novegeo:places:v001:700,SHARED_REFERENCE,ACTIVE
NG-NAM-SET-000107,NGP-000107,Aelwood,Aelwood,aelwood,SUBURB,urban_neighborhood,urban,NGP-000086,NGP-000086,NGR-02,Aelvar Highlands,NVG,false,false,mountain_highlands,Residential neighborhood of Northgate,garden_residential,detached_houses|townhouses|apartments|residential_plots,tribal_influenced,Kaelenor,,,PROPOSED,PROVISIONAL,UNMAPPED_PENDING_ASSOCIATION,2026-08-11,novegeo_tribes.csv + simulation geography design,dataset:novegeo:places:v001:700,SHARED_REFERENCE,ACTIVE
NG-NAM-SET-000108,NGP-000108,Ridgewater,Ridgewater,ridgewater,SUBURB,urban_neighborhood,urban,NGP-000086,NGP-000086,NGR-02,Aelvar Highlands,NVG,false,false,mountain_highlands,Residential neighborhood of Northgate,waterfront_residential,detached_houses|townhouses|apartments|residential_plots,geographic_descriptive,NoveGeo landscape lexicon,,,PROPOSED,PROVISIONAL,UNMAPPED_PENDING_ASSOCIATION,2026-08-11,novegeo_tribes.csv + simulation geography design,dataset:novegeo:places:v001:700,SHARED_REFERENCE,ACTIVE
NG-NAM-SET-000109,NGP-000109,Windward Heath,Windward Heath,windward-heath,SUBURB,urban_neighborhood,urban,NGP-000086,NGP-000086,NGR-02,Aelvar Highlands,NVG,false,false,mountain_highlands,Residential neighborhood of Northgate,garden_residential,detached_houses|townhouses|apartments|residential_plots,geographic_descriptive,NoveGeo landscape lexicon,,,PROPOSED,PROVISIONAL,UNMAPPED_PENDING_ASSOCIATION,2026-08-11,novegeo_tribes.csv + simulation geography design,dataset:novegeo:places:v001:700,SHARED_REFERENCE,ACTIVE
NG-NAM-SET-000110,NGP-000110,Aelgrove,Aelgrove,aelgrove,TOWN,secondary_urban,urban,NGP-000087,NGP-000086,NGR-02,Aelvar Highlands,NVG,false,false,mountain_highlands,Regional mountain tourism centre,mountain_tourism,houses|apartments|commercial_plots|retail|warehouses,tribal_influenced,Kaelenor,Apple Country,Cool slopes surrounding the town are known for orchards and cider making.,PROPOSED,PROVISIONAL,UNMAPPED_PENDING_ASSOCIATION,2026-08-11,novegeo_tribes.csv + simulation geography design,dataset:novegeo:places:v001:700,SHARED_REFERENCE,ACTIVE
NG-NAM-SET-000111,NGP-000111,Kaedur,Kaedur,kaedur,TOWN,secondary_urban,urban,NGP-000087,NGP-000086,NGR-02,Aelvar Highlands,NVG,false,false,mountain_highlands,Regional quarrying centre,quarrying,houses|apartments|commercial_plots|retail|warehouses,mixed_novegeo,National mixed lexicon,,,PROPOSED,PROVISIONAL,UNMAPPED_PENDING_ASSOCIATION,2026-08-11,novegeo_tribes.csv + simulation geography design,dataset:novegeo:places:v001:700,SHARED_REFERENCE,ACTIVE
NG-NAM-SET-000112,NGP-000112,Østmark,Ostmark,ostmark,TOWN,secondary_urban,urban,NGP-000087,NGP-000086,NGR-02,Aelvar Highlands,NVG,false,false,mountain_highlands,Regional highland farming centre,highland_farming,houses|apartments|commercial_plots|retail|warehouses,tribal_influenced,Østgard,,,PROPOSED,PROVISIONAL,UNMAPPED_PENDING_ASSOCIATION,2026-08-11,novegeo_tribes.csv + simulation geography design,dataset:novegeo:places:v001:700,SHARED_REFERENCE,ACTIVE
NG-NAM-SET-000113,NGP-000113,Valekirk,Valekirk,valekirk,TOWN,secondary_urban,urban,NGP-000087,NGP-000086,NGR-02,Aelvar Highlands,NVG,false,false,mountain_highlands,Regional crafts centre,crafts,houses|apartments|commercial_plots|retail|warehouses,geographic_descriptive,NoveGeo landscape lexicon,,,PROPOSED,PROVISIONAL,UNMAPPED_PENDING_ASSOCIATION,2026-08-11,novegeo_tribes.csv + simulation geography design,dataset:novegeo:places:v001:700,SHARED_REFERENCE,ACTIVE
NG-NAM-SET-000114,NGP-000114,Snowmere,Snowmere,snowmere,TOWN,secondary_urban,urban,NGP-000087,NGP-000086,NGR-02,Aelvar Highlands,NVG,false,false,mountain_highlands,Regional education centre,education,houses|apartments|commercial_plots|retail|warehouses,geographic_descriptive,NoveGeo landscape lexicon,,,PROPOSED,PROVISIONAL,UNMAPPED_PENDING_ASSOCIATION,2026-08-11,novegeo_tribes.csv + simulation geography design,dataset:novegeo:places:v001:700,SHARED_REFERENCE,ACTIVE
NG-NAM-SET-000115,NGP-000115,Frostholm,Frostholm,frostholm,TOWN,secondary_urban,urban,NGP-000088,NGP-000086,NGR-02,Aelvar Highlands,NVG,false,false,mountain_highlands,Regional mountain tourism centre,mountain_tourism,houses|apartments|commercial_plots|retail|warehouses,tribal_influenced,Østgard,,,PROPOSED,PROVISIONAL,UNMAPPED_PENDING_ASSOCIATION,2026-08-11,novegeo_tribes.csv + simulation geography design,dataset:novegeo:places:v001:700,SHARED_REFERENCE,ACTIVE
NG-NAM-SET-000116,NGP-000116,Trossfell,Trossfell,trossfell,TOWN,secondary_urban,urban,NGP-000088,NGP-000086,NGR-02,Aelvar Highlands,NVG,false,false,mountain_highlands,Regional quarrying centre,quarrying,houses|apartments|commercial_plots|retail|warehouses,tribal_influenced,Tross-Varn,,,PROPOSED,PROVISIONAL,UNMAPPED_PENDING_ASSOCIATION,2026-08-11,novegeo_tribes.csv + simulation geography design,dataset:novegeo:places:v001:700,SHARED_REFERENCE,ACTIVE
NG-NAM-SET-000117,NGP-000117,Birchpass,Birchpass,birchpass,TOWN,secondary_urban,urban,NGP-000088,NGP-000086,NGR-02,Aelvar Highlands,NVG,false,false,mountain_highlands,Regional highland farming centre,highland_farming,houses|apartments|commercial_plots|retail|warehouses,geographic_descriptive,NoveGeo landscape lexicon,,,PROPOSED,PROVISIONAL,UNMAPPED_PENDING_ASSOCIATION,2026-08-11,novegeo_tribes.csv + simulation geography design,dataset:novegeo:places:v001:700,SHARED_REFERENCE,ACTIVE
NG-NAM-SET-000118,NGP-000118,Ravencrag,Ravencrag,ravencrag,TOWN,secondary_urban,urban,NGP-000088,NGP-000086,NGR-02,Aelvar Highlands,NVG,false,false,mountain_highlands,Regional crafts centre,crafts,houses|apartments|commercial_plots|retail|warehouses,geographic_descriptive,NoveGeo landscape lexicon,,,PROPOSED,PROVISIONAL,UNMAPPED_PENDING_ASSOCIATION,2026-08-11,novegeo_tribes.csv + simulation geography design,dataset:novegeo:places:v001:700,SHARED_REFERENCE,ACTIVE
NG-NAM-SET-000119,NGP-000119,Highmere,Highmere,highmere,TOWN,secondary_urban,urban,NGP-000088,NGP-000086,NGR-02,Aelvar Highlands,NVG,false,false,mountain_highlands,Regional education centre,education,houses|apartments|commercial_plots|retail|warehouses,geographic_descriptive,NoveGeo landscape lexicon,,,PROPOSED,PROVISIONAL,UNMAPPED_PENDING_ASSOCIATION,2026-08-11,novegeo_tribes.csv + simulation geography design,dataset:novegeo:places:v001:700,SHARED_REFERENCE,ACTIVE
NG-NAM-SET-000120,NGP-000120,Cedarwick,Cedarwick,cedarwick,TOWN,secondary_urban,urban,NGP-000089,NGP-000086,NGR-02,Aelvar Highlands,NVG,false,false,mountain_highlands,Regional mountain tourism centre,mountain_tourism,houses|apartments|commercial_plots|retail|warehouses,geographic_descriptive,NoveGeo landscape lexicon,,,PROPOSED,PROVISIONAL,UNMAPPED_PENDING_ASSOCIATION,2026-08-11,novegeo_tribes.csv + simulation geography design,dataset:novegeo:places:v001:700,SHARED_REFERENCE,ACTIVE
NG-NAM-SET-000121,NGP-000121,Bellpine,Bellpine,bellpine,TOWN,secondary_urban,urban,NGP-000089,NGP-000086,NGR-02,Aelvar Highlands,NVG,false,false,mountain_highlands,Regional quarrying centre,quarrying,houses|apartments|commercial_plots|retail|warehouses,geographic_descriptive,NoveGeo landscape lexicon,,,PROPOSED,PROVISIONAL,UNMAPPED_PENDING_ASSOCIATION,2026-08-11,novegeo_tribes.csv + simulation geography design,dataset:novegeo:places:v001:700,SHARED_REFERENCE,ACTIVE
NG-NAM-SET-000122,NGP-000122,Glenvar,Glenvar,glenvar,TOWN,secondary_urban,urban,NGP-000089,NGP-000086,NGR-02,Aelvar Highlands,NVG,false,false,mountain_highlands,Regional highland farming centre,highland_farming,houses|apartments|commercial_plots|retail|warehouses,geographic_descriptive,NoveGeo landscape lexicon,,,PROPOSED,PROVISIONAL,UNMAPPED_PENDING_ASSOCIATION,2026-08-11,novegeo_tribes.csv + simulation geography design,dataset:novegeo:places:v001:700,SHARED_REFERENCE,ACTIVE
NG-NAM-SET-000123,NGP-000123,Moorsend,Moorsend,moorsend,TOWN,secondary_urban,urban,NGP-000089,NGP-000086,NGR-02,Aelvar Highlands,NVG,false,false,mountain_highlands,Regional crafts centre,crafts,houses|apartments|commercial_plots|retail|warehouses,mixed_novegeo,National mixed lexicon,,,PROPOSED,PROVISIONAL,UNMAPPED_PENDING_ASSOCIATION,2026-08-11,novegeo_tribes.csv + simulation geography design,dataset:novegeo:places:v001:700,SHARED_REFERENCE,ACTIVE
NG-NAM-SET-000124,NGP-000124,Ferncross,Ferncross,ferncross,TOWN,secondary_urban,urban,NGP-000089,NGP-000086,NGR-02,Aelvar Highlands,NVG,false,false,mountain_highlands,Regional education centre,education,houses|apartments|commercial_plots|retail|warehouses,neutral_civic_or_planned,National civic lexicon,,,PROPOSED,PROVISIONAL,UNMAPPED_PENDING_ASSOCIATION,2026-08-11,novegeo_tribes.csv + simulation geography design,dataset:novegeo:places:v001:700,SHARED_REFERENCE,ACTIVE
NG-NAM-SET-000125,NGP-000125,Lower Caelith,Lower Caelith,lower-caelith,TOWNSHIP,small_urban,peri_urban,NGP-000087,NGP-000086,NGR-02,Aelvar Highlands,NVG,false,false,mountain_highlands,Peri-urban township serving Caelith,local_services_and_residential_growth,houses|rental_units|plots|workshops|shops,tribal_influenced,Kaelenor,,,PROPOSED,PROVISIONAL,UNMAPPED_PENDING_ASSOCIATION,2026-08-11,novegeo_tribes.csv + simulation geography design,dataset:novegeo:places:v001:700,SHARED_REFERENCE,ACTIVE
NG-NAM-SET-000126,NGP-000126,Glen Kael,Glen Kael,glen-kael,TOWNSHIP,small_urban,peri_urban,NGP-000087,NGP-000086,NGR-02,Aelvar Highlands,NVG,false,false,mountain_highlands,Peri-urban township serving Caelith,local_services_and_residential_growth,houses|rental_units|plots|workshops|shops,tribal_influenced,Kaelenor,,,PROPOSED,PROVISIONAL,UNMAPPED_PENDING_ASSOCIATION,2026-08-11,novegeo_tribes.csv + simulation geography design,dataset:novegeo:places:v001:700,SHARED_REFERENCE,ACTIVE
NG-NAM-SET-000127,NGP-000127,Passfield,Passfield,passfield,TOWNSHIP,small_urban,peri_urban,NGP-000087,NGP-000086,NGR-02,Aelvar Highlands,NVG,false,false,mountain_highlands,Peri-urban township serving Caelith,local_services_and_residential_growth,houses|rental_units|plots|workshops|shops,geographic_descriptive,NoveGeo landscape lexicon,,,PROPOSED,PROVISIONAL,UNMAPPED_PENDING_ASSOCIATION,2026-08-11,novegeo_tribes.csv + simulation geography design,dataset:novegeo:places:v001:700,SHARED_REFERENCE,ACTIVE
NG-NAM-SET-000128,NGP-000128,South Skeldrun,South Skeldrun,south-skeldrun,TOWNSHIP,small_urban,peri_urban,NGP-000088,NGP-000086,NGR-02,Aelvar Highlands,NVG,false,false,mountain_highlands,Peri-urban township serving Skeldrun,local_services_and_residential_growth,houses|rental_units|plots|workshops|shops,tribal_influenced,Østgard,,,PROPOSED,PROVISIONAL,UNMAPPED_PENDING_ASSOCIATION,2026-08-11,novegeo_tribes.csv + simulation geography design,dataset:novegeo:places:v001:700,SHARED_REFERENCE,ACTIVE
NG-NAM-SET-000129,NGP-000129,Icebrook,Icebrook,icebrook,TOWNSHIP,small_urban,peri_urban,NGP-000088,NGP-000086,NGR-02,Aelvar Highlands,NVG,false,false,mountain_highlands,Peri-urban township serving Skeldrun,local_services_and_residential_growth,houses|rental_units|plots|workshops|shops,geographic_descriptive,NoveGeo landscape lexicon,,,PROPOSED,PROVISIONAL,UNMAPPED_PENDING_ASSOCIATION,2026-08-11,novegeo_tribes.csv + simulation geography design,dataset:novegeo:places:v001:700,SHARED_REFERENCE,ACTIVE
NG-NAM-SET-000130,NGP-000130,Mill Crag,Mill Crag,mill-crag,TOWNSHIP,small_urban,peri_urban,NGP-000088,NGP-000086,NGR-02,Aelvar Highlands,NVG,false,false,mountain_highlands,Peri-urban township serving Skeldrun,local_services_and_residential_growth,houses|rental_units|plots|workshops|shops,geographic_descriptive,NoveGeo landscape lexicon,,,PROPOSED,PROVISIONAL,UNMAPPED_PENDING_ASSOCIATION,2026-08-11,novegeo_tribes.csv + simulation geography design,dataset:novegeo:places:v001:700,SHARED_REFERENCE,ACTIVE
NG-NAM-SET-000131,NGP-000131,East Pinebarrow,East Pinebarrow,east-pinebarrow,TOWNSHIP,small_urban,peri_urban,NGP-000089,NGP-000086,NGR-02,Aelvar Highlands,NVG,false,false,mountain_highlands,Peri-urban township serving Pinebarrow,local_services_and_residential_growth,houses|rental_units|plots|workshops|shops,geographic_descriptive,NoveGeo landscape lexicon,,,PROPOSED,PROVISIONAL,UNMAPPED_PENDING_ASSOCIATION,2026-08-11,novegeo_tribes.csv + simulation geography design,dataset:novegeo:places:v001:700,SHARED_REFERENCE,ACTIVE
NG-NAM-SET-000132,NGP-000132,Woodcutters' Line,Woodcutters' Line,woodcutters-line,TOWNSHIP,small_urban,peri_urban,NGP-000089,NGP-000086,NGR-02,Aelvar Highlands,NVG,false,false,mountain_highlands,Peri-urban township serving Pinebarrow,local_services_and_residential_growth,houses|rental_units|plots|workshops|shops,geographic_descriptive,NoveGeo landscape lexicon,,,PROPOSED,PROVISIONAL,UNMAPPED_PENDING_ASSOCIATION,2026-08-11,novegeo_tribes.csv + simulation geography design,dataset:novegeo:places:v001:700,SHARED_REFERENCE,ACTIVE
NG-NAM-SET-000133,NGP-000133,Briar Junction,Briar Junction,briar-junction,TOWNSHIP,small_urban,peri_urban,NGP-000089,NGP-000086,NGR-02,Aelvar Highlands,NVG,false,false,mountain_highlands,Peri-urban township serving Pinebarrow,local_services_and_residential_growth,houses|rental_units|plots|workshops|shops,neutral_civic_or_planned,National civic lexicon,,,PROPOSED,PROVISIONAL,UNMAPPED_PENDING_ASSOCIATION,2026-08-11,novegeo_tribes.csv + simulation geography design,dataset:novegeo:places:v001:700,SHARED_REFERENCE,ACTIVE
NG-NAM-SET-000134,NGP-000134,Lower Aelgrove,Lower Aelgrove,lower-aelgrove,VILLAGE,rural_settlement,rural,NGP-000110,NGP-000086,NGR-02,Aelvar Highlands,NVG,false,false,mountain_highlands,Rural community linked to Aelgrove,smallholder_agriculture_and_rural_services,agricultural_land|homesteads|rural_plots|cottages,tribal_influenced,Kaelenor,,,PROPOSED,PROVISIONAL,UNMAPPED_PENDING_ASSOCIATION,2026-08-11,novegeo_tribes.csv + simulation geography design,dataset:novegeo:places:v001:700,SHARED_REFERENCE,ACTIVE
NG-NAM-SET-000135,NGP-000135,Aelgrove Fell,Aelgrove Fell,aelgrove-fell,VILLAGE,rural_settlement,rural,NGP-000110,NGP-000086,NGR-02,Aelvar Highlands,NVG,false,false,mountain_highlands,Rural community linked to Aelgrove,smallholder_agriculture_and_rural_services,agricultural_land|homesteads|rural_plots|cottages,tribal_influenced,Kaelenor,,,PROPOSED,PROVISIONAL,UNMAPPED_PENDING_ASSOCIATION,2026-08-11,novegeo_tribes.csv + simulation geography design,dataset:novegeo:places:v001:700,SHARED_REFERENCE,ACTIVE
NG-NAM-SET-000136,NGP-000136,Upper Kaedur,Upper Kaedur,upper-kaedur,VILLAGE,rural_settlement,rural,NGP-000111,NGP-000086,NGR-02,Aelvar Highlands,NVG,false,false,mountain_highlands,Rural community linked to Kaedur,smallholder_agriculture_and_rural_services,agricultural_land|homesteads|rural_plots|cottages,mixed_novegeo,National mixed lexicon,,,PROPOSED,PROVISIONAL,UNMAPPED_PENDING_ASSOCIATION,2026-08-11,novegeo_tribes.csv + simulation geography design,dataset:novegeo:places:v001:700,SHARED_REFERENCE,ACTIVE
NG-NAM-SET-000137,NGP-000137,Kaedur Glen,Kaedur Glen,kaedur-glen,VILLAGE,rural_settlement,rural,NGP-000111,NGP-000086,NGR-02,Aelvar Highlands,NVG,false,false,mountain_highlands,Rural community linked to Kaedur,smallholder_agriculture_and_rural_services,agricultural_land|homesteads|rural_plots|cottages,geographic_descriptive,NoveGeo landscape lexicon,,,PROPOSED,PROVISIONAL,UNMAPPED_PENDING_ASSOCIATION,2026-08-11,novegeo_tribes.csv + simulation geography design,dataset:novegeo:places:v001:700,SHARED_REFERENCE,ACTIVE
NG-NAM-SET-000138,NGP-000138,East Østmark,East Ostmark,east-ostmark,VILLAGE,rural_settlement,rural,NGP-000112,NGP-000086,NGR-02,Aelvar Highlands,NVG,false,false,mountain_highlands,Rural community linked to Østmark,smallholder_agriculture_and_rural_services,agricultural_land|homesteads|rural_plots|cottages,tribal_influenced,Østgard,,,PROPOSED,PROVISIONAL,UNMAPPED_PENDING_ASSOCIATION,2026-08-11,novegeo_tribes.csv + simulation geography design,dataset:novegeo:places:v001:700,SHARED_REFERENCE,ACTIVE
NG-NAM-SET-000139,NGP-000139,Østmark Beck,Ostmark Beck,ostmark-beck,VILLAGE,rural_settlement,rural,NGP-000112,NGP-000086,NGR-02,Aelvar Highlands,NVG,false,false,mountain_highlands,Rural community linked to Østmark,smallholder_agriculture_and_rural_services,agricultural_land|homesteads|rural_plots|cottages,tribal_influenced,Østgard,,,PROPOSED,PROVISIONAL,UNMAPPED_PENDING_ASSOCIATION,2026-08-11,novegeo_tribes.csv + simulation geography design,dataset:novegeo:places:v001:700,SHARED_REFERENCE,ACTIVE
NG-NAM-SET-000140,NGP-000140,Old Valekirk,Old Valekirk,old-valekirk,VILLAGE,rural_settlement,rural,NGP-000113,NGP-000086,NGR-02,Aelvar Highlands,NVG,false,false,mountain_highlands,Rural community linked to Valekirk,smallholder_agriculture_and_rural_services,agricultural_land|homesteads|rural_plots|cottages,geographic_descriptive,NoveGeo landscape lexicon,,,PROPOSED,PROVISIONAL,UNMAPPED_PENDING_ASSOCIATION,2026-08-11,novegeo_tribes.csv + simulation geography design,dataset:novegeo:places:v001:700,SHARED_REFERENCE,ACTIVE
NG-NAM-SET-000141,NGP-000141,Valekirk Crag,Valekirk Crag,valekirk-crag,VILLAGE,rural_settlement,rural,NGP-000113,NGP-000086,NGR-02,Aelvar Highlands,NVG,false,false,mountain_highlands,Rural community linked to Valekirk,smallholder_agriculture_and_rural_services,agricultural_land|homesteads|rural_plots|cottages,geographic_descriptive,NoveGeo landscape lexicon,,,PROPOSED,PROVISIONAL,UNMAPPED_PENDING_ASSOCIATION,2026-08-11,novegeo_tribes.csv + simulation geography design,dataset:novegeo:places:v001:700,SHARED_REFERENCE,ACTIVE
NG-NAM-SET-000142,NGP-000142,South Snowmere,South Snowmere,south-snowmere,VILLAGE,rural_settlement,rural,NGP-000114,NGP-000086,NGR-02,Aelvar Highlands,NVG,false,false,mountain_highlands,Rural community linked to Snowmere,smallholder_agriculture_and_rural_services,agricultural_land|homesteads|rural_plots|cottages,geographic_descriptive,NoveGeo landscape lexicon,,,PROPOSED,PROVISIONAL,UNMAPPED_PENDING_ASSOCIATION,2026-08-11,novegeo_tribes.csv + simulation geography design,dataset:novegeo:places:v001:700,SHARED_REFERENCE,ACTIVE
NG-NAM-SET-000143,NGP-000143,Snowmere Pass,Snowmere Pass,snowmere-pass,VILLAGE,rural_settlement,rural,NGP-000114,NGP-000086,NGR-02,Aelvar Highlands,NVG,false,false,mountain_highlands,Rural community linked to Snowmere,smallholder_agriculture_and_rural_services,agricultural_land|homesteads|rural_plots|cottages,geographic_descriptive,NoveGeo landscape lexicon,,,PROPOSED,PROVISIONAL,UNMAPPED_PENDING_ASSOCIATION,2026-08-11,novegeo_tribes.csv + simulation geography design,dataset:novegeo:places:v001:700,SHARED_REFERENCE,ACTIVE
NG-NAM-SET-000144,NGP-000144,Frostholm Moor,Frostholm Moor,frostholm-moor,VILLAGE,rural_settlement,rural,NGP-000115,NGP-000086,NGR-02,Aelvar Highlands,NVG,false,false,mountain_highlands,Rural community linked to Frostholm,smallholder_agriculture_and_rural_services,agricultural_land|homesteads|rural_plots|cottages,tribal_influenced,Østgard,,,PROPOSED,PROVISIONAL,UNMAPPED_PENDING_ASSOCIATION,2026-08-11,novegeo_tribes.csv + simulation geography design,dataset:novegeo:places:v001:700,SHARED_REFERENCE,ACTIVE
NG-NAM-SET-000145,NGP-000145,Frostholm Fold,Frostholm Fold,frostholm-fold,VILLAGE,rural_settlement,rural,NGP-000115,NGP-000086,NGR-02,Aelvar Highlands,NVG,false,false,mountain_highlands,Rural community linked to Frostholm,smallholder_agriculture_and_rural_services,agricultural_land|homesteads|rural_plots|cottages,tribal_influenced,Østgard,,,PROPOSED,PROVISIONAL,UNMAPPED_PENDING_ASSOCIATION,2026-08-11,novegeo_tribes.csv + simulation geography design,dataset:novegeo:places:v001:700,SHARED_REFERENCE,ACTIVE
NG-NAM-SET-000146,NGP-000146,North Trossfell,North Trossfell,north-trossfell,VILLAGE,rural_settlement,rural,NGP-000116,NGP-000086,NGR-02,Aelvar Highlands,NVG,false,false,mountain_highlands,Rural community linked to Trossfell,smallholder_agriculture_and_rural_services,agricultural_land|homesteads|rural_plots|cottages,tribal_influenced,Tross-Varn,,,PROPOSED,PROVISIONAL,UNMAPPED_PENDING_ASSOCIATION,2026-08-11,novegeo_tribes.csv + simulation geography design,dataset:novegeo:places:v001:700,SHARED_REFERENCE,ACTIVE
NG-NAM-SET-000147,NGP-000147,Trossfell Tor,Trossfell Tor,trossfell-tor,VILLAGE,rural_settlement,rural,NGP-000116,NGP-000086,NGR-02,Aelvar Highlands,NVG,false,false,mountain_highlands,Rural community linked to Trossfell,smallholder_agriculture_and_rural_services,agricultural_land|homesteads|rural_plots|cottages,tribal_influenced,Tross-Varn,,,PROPOSED,PROVISIONAL,UNMAPPED_PENDING_ASSOCIATION,2026-08-11,novegeo_tribes.csv + simulation geography design,dataset:novegeo:places:v001:700,SHARED_REFERENCE,ACTIVE
NG-NAM-SET-000148,NGP-000148,Birchpass Ridge,Birchpass Ridge,birchpass-ridge,VILLAGE,rural_settlement,rural,NGP-000117,NGP-000086,NGR-02,Aelvar Highlands,NVG,false,false,mountain_highlands,Rural community linked to Birchpass,smallholder_agriculture_and_rural_services,agricultural_land|homesteads|rural_plots|cottages,geographic_descriptive,NoveGeo landscape lexicon,,,PROPOSED,PROVISIONAL,UNMAPPED_PENDING_ASSOCIATION,2026-08-11,novegeo_tribes.csv + simulation geography design,dataset:novegeo:places:v001:700,SHARED_REFERENCE,ACTIVE
NG-NAM-SET-000149,NGP-000149,Birchpass Tarn,Birchpass Tarn,birchpass-tarn,VILLAGE,rural_settlement,rural,NGP-000117,NGP-000086,NGR-02,Aelvar Highlands,NVG,false,false,mountain_highlands,Rural community linked to Birchpass,smallholder_agriculture_and_rural_services,agricultural_land|homesteads|rural_plots|cottages,geographic_descriptive,NoveGeo landscape lexicon,,,PROPOSED,PROVISIONAL,UNMAPPED_PENDING_ASSOCIATION,2026-08-11,novegeo_tribes.csv + simulation geography design,dataset:novegeo:places:v001:700,SHARED_REFERENCE,ACTIVE
NG-NAM-SET-000150,NGP-000150,West Ravencrag,West Ravencrag,west-ravencrag,VILLAGE,rural_settlement,rural,NGP-000118,NGP-000086,NGR-02,Aelvar Highlands,NVG,false,false,mountain_highlands,Rural community linked to Ravencrag,smallholder_agriculture_and_rural_services,agricultural_land|homesteads|rural_plots|cottages,geographic_descriptive,NoveGeo landscape lexicon,,,PROPOSED,PROVISIONAL,UNMAPPED_PENDING_ASSOCIATION,2026-08-11,novegeo_tribes.csv + simulation geography design,dataset:novegeo:places:v001:700,SHARED_REFERENCE,ACTIVE
NG-NAM-SET-000151,NGP-000151,Ravencrag Pines,Ravencrag Pines,ravencrag-pines,VILLAGE,rural_settlement,rural,NGP-000118,NGP-000086,NGR-02,Aelvar Highlands,NVG,false,false,mountain_highlands,Rural community linked to Ravencrag,smallholder_agriculture_and_rural_services,agricultural_land|homesteads|rural_plots|cottages,geographic_descriptive,NoveGeo landscape lexicon,,,PROPOSED,PROVISIONAL,UNMAPPED_PENDING_ASSOCIATION,2026-08-11,novegeo_tribes.csv + simulation geography design,dataset:novegeo:places:v001:700,SHARED_REFERENCE,ACTIVE
NG-NAM-SET-000152,NGP-000152,Highmere Heath,Highmere Heath,highmere-heath,VILLAGE,rural_settlement,rural,NGP-000119,NGP-000086,NGR-02,Aelvar Highlands,NVG,false,false,mountain_highlands,Rural community linked to Highmere,smallholder_agriculture_and_rural_services,agricultural_land|homesteads|rural_plots|cottages,geographic_descriptive,NoveGeo landscape lexicon,,,PROPOSED,PROVISIONAL,UNMAPPED_PENDING_ASSOCIATION,2026-08-11,novegeo_tribes.csv + simulation geography design,dataset:novegeo:places:v001:700,SHARED_REFERENCE,ACTIVE
NG-NAM-SET-000153,NGP-000153,Highmere Stone,Highmere Stone,highmere-stone,VILLAGE,rural_settlement,rural,NGP-000119,NGP-000086,NGR-02,Aelvar Highlands,NVG,false,false,mountain_highlands,Rural community linked to Highmere,smallholder_agriculture_and_rural_services,agricultural_land|homesteads|rural_plots|cottages,geographic_descriptive,NoveGeo landscape lexicon,,,PROPOSED,PROVISIONAL,UNMAPPED_PENDING_ASSOCIATION,2026-08-11,novegeo_tribes.csv + simulation geography design,dataset:novegeo:places:v001:700,SHARED_REFERENCE,ACTIVE
NG-NAM-SET-000154,NGP-000154,Lower Cedarwick,Lower Cedarwick,lower-cedarwick,VILLAGE,rural_settlement,rural,NGP-000120,NGP-000086,NGR-02,Aelvar Highlands,NVG,false,false,mountain_highlands,Rural community linked to Cedarwick,smallholder_agriculture_and_rural_services,agricultural_land|homesteads|rural_plots|cottages,geographic_descriptive,NoveGeo landscape lexicon,,,PROPOSED,PROVISIONAL,UNMAPPED_PENDING_ASSOCIATION,2026-08-11,novegeo_tribes.csv + simulation geography design,dataset:novegeo:places:v001:700,SHARED_REFERENCE,ACTIVE
NG-NAM-SET-000155,NGP-000155,Cedarwick Birch,Cedarwick Birch,cedarwick-birch,VILLAGE,rural_settlement,rural,NGP-000120,NGP-000086,NGR-02,Aelvar Highlands,NVG,false,false,mountain_highlands,Rural community linked to Cedarwick,smallholder_agriculture_and_rural_services,agricultural_land|homesteads|rural_plots|cottages,geographic_descriptive,NoveGeo landscape lexicon,,,PROPOSED,PROVISIONAL,UNMAPPED_PENDING_ASSOCIATION,2026-08-11,novegeo_tribes.csv + simulation geography design,dataset:novegeo:places:v001:700,SHARED_REFERENCE,ACTIVE
NG-NAM-SET-000156,NGP-000156,Bellpine Dale,Bellpine Dale,bellpine-dale,VILLAGE,rural_settlement,rural,NGP-000121,NGP-000086,NGR-02,Aelvar Highlands,NVG,false,false,mountain_highlands,Rural community linked to Bellpine,smallholder_agriculture_and_rural_services,agricultural_land|homesteads|rural_plots|cottages,geographic_descriptive,NoveGeo landscape lexicon,,,PROPOSED,PROVISIONAL,UNMAPPED_PENDING_ASSOCIATION,2026-08-11,novegeo_tribes.csv + simulation geography design,dataset:novegeo:places:v001:700,SHARED_REFERENCE,ACTIVE
NG-NAM-SET-000157,NGP-000157,Bellpine Run,Bellpine Run,bellpine-run,VILLAGE,rural_settlement,rural,NGP-000121,NGP-000086,NGR-02,Aelvar Highlands,NVG,false,false,mountain_highlands,Rural community linked to Bellpine,smallholder_agriculture_and_rural_services,agricultural_land|homesteads|rural_plots|cottages,geographic_descriptive,NoveGeo landscape lexicon,,,PROPOSED,PROVISIONAL,UNMAPPED_PENDING_ASSOCIATION,2026-08-11,novegeo_tribes.csv + simulation geography design,dataset:novegeo:places:v001:700,SHARED_REFERENCE,ACTIVE
NG-NAM-SET-000158,NGP-000158,Upper Glenvar,Upper Glenvar,upper-glenvar,VILLAGE,rural_settlement,rural,NGP-000122,NGP-000086,NGR-02,Aelvar Highlands,NVG,false,false,mountain_highlands,Rural community linked to Glenvar,smallholder_agriculture_and_rural_services,agricultural_land|homesteads|rural_plots|cottages,geographic_descriptive,NoveGeo landscape lexicon,,,PROPOSED,PROVISIONAL,UNMAPPED_PENDING_ASSOCIATION,2026-08-11,novegeo_tribes.csv + simulation geography design,dataset:novegeo:places:v001:700,SHARED_REFERENCE,ACTIVE
NG-NAM-SET-000159,NGP-000159,Glenvar Cedar,Glenvar Cedar,glenvar-cedar,VILLAGE,rural_settlement,rural,NGP-000122,NGP-000086,NGR-02,Aelvar Highlands,NVG,false,false,mountain_highlands,Rural community linked to Glenvar,smallholder_agriculture_and_rural_services,agricultural_land|homesteads|rural_plots|cottages,geographic_descriptive,NoveGeo landscape lexicon,,,PROPOSED,PROVISIONAL,UNMAPPED_PENDING_ASSOCIATION,2026-08-11,novegeo_tribes.csv + simulation geography design,dataset:novegeo:places:v001:700,SHARED_REFERENCE,ACTIVE
NG-NAM-SET-000160,NGP-000160,Moorsend Barrow,Moorsend Barrow,moorsend-barrow,VILLAGE,rural_settlement,rural,NGP-000123,NGP-000086,NGR-02,Aelvar Highlands,NVG,false,false,mountain_highlands,Rural community linked to Moorsend,smallholder_agriculture_and_rural_services,agricultural_land|homesteads|rural_plots|cottages,geographic_descriptive,NoveGeo landscape lexicon,,,PROPOSED,PROVISIONAL,UNMAPPED_PENDING_ASSOCIATION,2026-08-11,novegeo_tribes.csv + simulation geography design,dataset:novegeo:places:v001:700,SHARED_REFERENCE,ACTIVE
NG-NAM-SET-000161,NGP-000161,Moorsend Brook,Moorsend Brook,moorsend-brook,VILLAGE,rural_settlement,rural,NGP-000123,NGP-000086,NGR-02,Aelvar Highlands,NVG,false,false,mountain_highlands,Rural community linked to Moorsend,smallholder_agriculture_and_rural_services,agricultural_land|homesteads|rural_plots|cottages,geographic_descriptive,NoveGeo landscape lexicon,,,PROPOSED,PROVISIONAL,UNMAPPED_PENDING_ASSOCIATION,2026-08-11,novegeo_tribes.csv + simulation geography design,dataset:novegeo:places:v001:700,SHARED_REFERENCE,ACTIVE
NG-NAM-SET-000162,NGP-000162,Ferncross Wood,Ferncross Wood,ferncross-wood,VILLAGE,rural_settlement,rural,NGP-000124,NGP-000086,NGR-02,Aelvar Highlands,NVG,false,false,mountain_highlands,Rural community linked to Ferncross,smallholder_agriculture_and_rural_services,agricultural_land|homesteads|rural_plots|cottages,geographic_descriptive,NoveGeo landscape lexicon,,,PROPOSED,PROVISIONAL,UNMAPPED_PENDING_ASSOCIATION,2026-08-11,novegeo_tribes.csv + simulation geography design,dataset:novegeo:places:v001:700,SHARED_REFERENCE,ACTIVE
NG-NAM-SET-000163,NGP-000163,Ferncross Brae,Ferncross Brae,ferncross-brae,VILLAGE,rural_settlement,rural,NGP-000124,NGP-000086,NGR-02,Aelvar Highlands,NVG,false,false,mountain_highlands,Rural community linked to Ferncross,smallholder_agriculture_and_rural_services,agricultural_land|homesteads|rural_plots|cottages,geographic_descriptive,NoveGeo landscape lexicon,,,PROPOSED,PROVISIONAL,UNMAPPED_PENDING_ASSOCIATION,2026-08-11,novegeo_tribes.csv + simulation geography design,dataset:novegeo:places:v001:700,SHARED_REFERENCE,ACTIVE
NG-NAM-SET-000164,NGP-000164,Goat Bell,Goat Bell,goat-bell,MARKET_CENTRE,rural_service_node,peri_urban,NGP-000110,NGP-000086,NGR-02,Aelvar Highlands,NVG,false,false,mountain_highlands,Market and service node linked to Aelgrove,retail_trade_and_rural_services,retail_units|mixed_use_buildings|storage|small_warehouses,mixed_novegeo,National mixed lexicon,,,PROPOSED,PROVISIONAL,UNMAPPED_PENDING_ASSOCIATION,2026-08-11,novegeo_tribes.csv + simulation geography design,dataset:novegeo:places:v001:700,SHARED_REFERENCE,ACTIVE
NG-NAM-SET-000165,NGP-000165,Highland Cross,Highland Cross,highland-cross,MARKET_CENTRE,rural_service_node,peri_urban,NGP-000113,NGP-000086,NGR-02,Aelvar Highlands,NVG,false,false,mountain_highlands,Market and service node linked to Valekirk,retail_trade_and_rural_services,retail_units|mixed_use_buildings|storage|small_warehouses,neutral_civic_or_planned,National civic lexicon,,,PROPOSED,PROVISIONAL,UNMAPPED_PENDING_ASSOCIATION,2026-08-11,novegeo_tribes.csv + simulation geography design,dataset:novegeo:places:v001:700,SHARED_REFERENCE,ACTIVE
NG-NAM-SET-000166,NGP-000166,Copper Stall,Copper Stall,copper-stall,MARKET_CENTRE,rural_service_node,peri_urban,NGP-000116,NGP-000086,NGR-02,Aelvar Highlands,NVG,false,false,mountain_highlands,Market and service node linked to Trossfell,retail_trade_and_rural_services,retail_units|mixed_use_buildings|storage|small_warehouses,mixed_novegeo,National mixed lexicon,,,PROPOSED,PROVISIONAL,UNMAPPED_PENDING_ASSOCIATION,2026-08-11,novegeo_tribes.csv + simulation geography design,dataset:novegeo:places:v001:700,SHARED_REFERENCE,ACTIVE
NG-NAM-SET-000167,NGP-000167,Pass Market,Pass Market,pass-market,MARKET_CENTRE,rural_service_node,peri_urban,NGP-000119,NGP-000086,NGR-02,Aelvar Highlands,NVG,false,false,mountain_highlands,Market and service node linked to Highmere,retail_trade_and_rural_services,retail_units|mixed_use_buildings|storage|small_warehouses,historic_trade_or_occupation,Regional trade lexicon,,,PROPOSED,PROVISIONAL,UNMAPPED_PENDING_ASSOCIATION,2026-08-11,novegeo_tribes.csv + simulation geography design,dataset:novegeo:places:v001:700,SHARED_REFERENCE,ACTIVE
NG-NAM-SET-000168,NGP-000168,Wool Exchange,Wool Exchange,wool-exchange,MARKET_CENTRE,rural_service_node,peri_urban,NGP-000122,NGP-000086,NGR-02,Aelvar Highlands,NVG,false,false,mountain_highlands,Market and service node linked to Glenvar,retail_trade_and_rural_services,retail_units|mixed_use_buildings|storage|small_warehouses,historic_trade_or_occupation,Regional trade lexicon,,,PROPOSED,PROVISIONAL,UNMAPPED_PENDING_ASSOCIATION,2026-08-11,novegeo_tribes.csv + simulation geography design,dataset:novegeo:places:v001:700,SHARED_REFERENCE,ACTIVE
NG-NAM-SET-000169,NGP-000169,Cloudworks Industrial Park,Cloudworks Industrial Park,cloudworks-industrial-park,INDUSTRIAL_ZONE,special_economic_locality,specialized,NGP-000086,NGP-000086,NGR-02,Aelvar Highlands,NVG,false,false,mountain_highlands,Industrial and logistics locality within Aelvar Highlands,manufacturing_and_logistics,warehouses|factories|logistics_yards|industrial_land,geographic_descriptive,NoveGeo landscape lexicon,,,PROPOSED,PROVISIONAL,UNMAPPED_PENDING_ASSOCIATION,2026-08-11,novegeo_tribes.csv + simulation geography design,dataset:novegeo:places:v001:700,SHARED_REFERENCE,ACTIVE
NG-NAM-SET-000170,NGP-000170,Granite Rail Estate,Granite Rail Estate,granite-rail-estate,INDUSTRIAL_ZONE,special_economic_locality,specialized,NGP-000088,NGP-000086,NGR-02,Aelvar Highlands,NVG,false,false,mountain_highlands,Industrial and logistics locality within Aelvar Highlands,processing_and_freight,warehouses|factories|logistics_yards|industrial_land,historic_trade_or_occupation,Regional trade lexicon,,,PROPOSED,PROVISIONAL,UNMAPPED_PENDING_ASSOCIATION,2026-08-11,novegeo_tribes.csv + simulation geography design,dataset:novegeo:places:v001:700,SHARED_REFERENCE,ACTIVE
NG-NAM-SET-000171,NGP-000171,Cloudrest,Cloudrest,cloudrest,RESORT_SETTLEMENT,tourism_settlement,specialized,NGP-000110,NGP-000086,NGR-02,Aelvar Highlands,NVG,false,false,mountain_highlands,Tourism and hospitality settlement within Aelvar Highlands,tourism_and_hospitality,hotels|resorts|holiday_villas|serviced_apartments,geographic_descriptive,NoveGeo landscape lexicon,The Balcony,Its ridge overlooks much of the Aelvar Highlands.,PROPOSED,PROVISIONAL,UNMAPPED_PENDING_ASSOCIATION,2026-08-11,novegeo_tribes.csv + simulation geography design,dataset:novegeo:places:v001:700,SHARED_REFERENCE,ACTIVE
NG-NAM-SET-000172,NGP-000172,Alpine Lantern,Alpine Lantern,alpine-lantern,RESORT_SETTLEMENT,tourism_settlement,specialized,NGP-000114,NGP-000086,NGR-02,Aelvar Highlands,NVG,false,false,mountain_highlands,Tourism and hospitality settlement within Aelvar Highlands,tourism_and_hospitality,hotels|resorts|holiday_villas|serviced_apartments,geographic_descriptive,NoveGeo landscape lexicon,Ski Village,Seasonal mountain sports and lantern festivals define the settlement.,PROPOSED,PROVISIONAL,UNMAPPED_PENDING_ASSOCIATION,2026-08-11,novegeo_tribes.csv + simulation geography design,dataset:novegeo:places:v001:700,SHARED_REFERENCE,ACTIVE
NG-NAM-SET-000173,NGP-000173,Vondara,Vondara,vondara,CITY,national_or_regional_metropolis,metropolitan,,NGP-000173,NGR-03,Vondrel Plateau,NVG,false,true,agricultural_plateau,Agricultural and technology metropolis serving the central plateau,regional_metropolitan_services,apartments|offices|retail|mixed_use|hotels,tribal_influenced,Vondoria,The Granary,The metropolis anchors NoveGeo's central grain and food-processing belt.,PROPOSED,PROVISIONAL,UNMAPPED_PENDING_ASSOCIATION,2026-08-11,novegeo_tribes.csv + simulation geography design,dataset:novegeo:places:v001:700,SHARED_REFERENCE,ACTIVE
NG-NAM-SET-000174,NGP-000174,Greenbarrow,Greenbarrow,greenbarrow,MUNICIPALITY,municipal_urban,urban,,NGP-000173,NGR-03,Vondrel Plateau,NVG,false,false,agricultural_plateau,Municipal service centre within Vondrel Plateau,administration_and_services,houses|apartments|plots|retail|offices,geographic_descriptive,NoveGeo landscape lexicon,,,PROPOSED,PROVISIONAL,UNMAPPED_PENDING_ASSOCIATION,2026-08-11,novegeo_tribes.csv + simulation geography design,dataset:novegeo:places:v001:700,SHARED_REFERENCE,ACTIVE
NG-NAM-SET-000175,NGP-000175,Kestrel Plain,Kestrel Plain,kestrel-plain,MUNICIPALITY,municipal_urban,urban,,NGP-000173,NGR-03,Vondrel Plateau,NVG,false,false,agricultural_plateau,Municipal service centre within Vondrel Plateau,trade_and_residential_growth,houses|apartments|plots|retail|offices,geographic_descriptive,NoveGeo landscape lexicon,,,PROPOSED,PROVISIONAL,UNMAPPED_PENDING_ASSOCIATION,2026-08-11,novegeo_tribes.csv + simulation geography design,dataset:novegeo:places:v001:700,SHARED_REFERENCE,ACTIVE
NG-NAM-SET-000176,NGP-000176,Solmere,Solmere,solmere,MUNICIPALITY,municipal_urban,urban,,NGP-000173,NGR-03,Vondrel Plateau,NVG,false,false,agricultural_plateau,Municipal service centre within Vondrel Plateau,regional_production_and_services,houses|apartments|plots|retail|offices,geographic_descriptive,NoveGeo landscape lexicon,,,PROPOSED,PROVISIONAL,UNMAPPED_PENDING_ASSOCIATION,2026-08-11,novegeo_tribes.csv + simulation geography design,dataset:novegeo:places:v001:700,SHARED_REFERENCE,ACTIVE
NG-NAM-SET-000177,NGP-000177,Vondara Central,Vondara Central,vondara-central,CITY_DISTRICT,intra_city_district,metropolitan,NGP-000173,NGP-000173,NGR-03,Vondrel Plateau,NVG,false,false,agricultural_plateau,Metropolitan district of Vondara,commerce_and_mixed_use,apartments|offices|retail|mixed_use,tribal_influenced,Vondoria,,,PROPOSED,PROVISIONAL,UNMAPPED_PENDING_ASSOCIATION,2026-08-11,novegeo_tribes.csv + simulation geography design,dataset:novegeo:places:v001:700,SHARED_REFERENCE,ACTIVE
NG-NAM-SET-000178,NGP-000178,Grain Exchange,Grain Exchange,grain-exchange,CITY_DISTRICT,intra_city_district,metropolitan,NGP-000173,NGP-000173,NGR-03,Vondrel Plateau,NVG,false,false,agricultural_plateau,Metropolitan district of Vondara,commerce_and_mixed_use,apartments|offices|retail|mixed_use,historic_trade_or_occupation,Regional trade lexicon,The Grain Box,The national commodities exchange and silos dominate the district.,PROPOSED,PROVISIONAL,UNMAPPED_PENDING_ASSOCIATION,2026-08-11,novegeo_tribes.csv + simulation geography design,dataset:novegeo:places:v001:700,SHARED_REFERENCE,ACTIVE
NG-NAM-SET-000179,NGP-000179,Copperleaf Ward,Copperleaf Ward,copperleaf-ward,CITY_DISTRICT,intra_city_district,metropolitan,NGP-000173,NGP-000173,NGR-03,Vondrel Plateau,NVG,false,false,agricultural_plateau,Metropolitan district of Vondara,civic_and_public_services,apartments|offices|retail|mixed_use,neutral_civic_or_planned,National civic lexicon,,,PROPOSED,PROVISIONAL,UNMAPPED_PENDING_ASSOCIATION,2026-08-11,novegeo_tribes.csv + simulation geography design,dataset:novegeo:places:v001:700,SHARED_REFERENCE,ACTIVE
NG-NAM-SET-000180,NGP-000180,Makers' Quarter,Makers' Quarter,makers-quarter,CITY_DISTRICT,intra_city_district,metropolitan,NGP-000173,NGP-000173,NGR-03,Vondrel Plateau,NVG,false,false,agricultural_plateau,Metropolitan district of Vondara,mixed_use_urban,apartments|offices|retail|mixed_use,neutral_civic_or_planned,National civic lexicon,Little Shenzhen,Hardware workshops and electronics entrepreneurs turned the quarter into a rapid-prototyping centre.,PROPOSED,PROVISIONAL,UNMAPPED_PENDING_ASSOCIATION,2026-08-11,novegeo_tribes.csv + simulation geography design,dataset:novegeo:places:v001:700,SHARED_REFERENCE,ACTIVE
NG-NAM-SET-000181,NGP-000181,East Viaduct,East Viaduct,east-viaduct,CITY_DISTRICT,intra_city_district,metropolitan,NGP-000173,NGP-000173,NGR-03,Vondrel Plateau,NVG,false,false,agricultural_plateau,Metropolitan district of Vondara,mixed_use_urban,apartments|offices|retail|mixed_use,mixed_novegeo,National mixed lexicon,,,PROPOSED,PROVISIONAL,UNMAPPED_PENDING_ASSOCIATION,2026-08-11,novegeo_tribes.csv + simulation geography design,dataset:novegeo:places:v001:700,SHARED_REFERENCE,ACTIVE
NG-NAM-SET-000182,NGP-000182,Old Granary,Old Granary,old-granary,CITY_DISTRICT,intra_city_district,metropolitan,NGP-000173,NGP-000173,NGR-03,Vondrel Plateau,NVG,false,false,agricultural_plateau,Metropolitan district of Vondara,heritage_and_tourism,apartments|offices|retail|mixed_use,mixed_novegeo,National mixed lexicon,,,PROPOSED,PROVISIONAL,UNMAPPED_PENDING_ASSOCIATION,2026-08-11,novegeo_tribes.csv + simulation geography design,dataset:novegeo:places:v001:700,SHARED_REFERENCE,ACTIVE
NG-NAM-SET-000183,NGP-000183,Innovation Loop,Innovation Loop,innovation-loop,CITY_DISTRICT,intra_city_district,metropolitan,NGP-000173,NGP-000173,NGR-03,Vondrel Plateau,NVG,false,false,agricultural_plateau,Metropolitan district of Vondara,education_and_research,apartments|offices|retail|mixed_use,neutral_civic_or_planned,National civic lexicon,,,PROPOSED,PROVISIONAL,UNMAPPED_PENDING_ASSOCIATION,2026-08-11,novegeo_tribes.csv + simulation geography design,dataset:novegeo:places:v001:700,SHARED_REFERENCE,ACTIVE
NG-NAM-SET-000184,NGP-000184,Grand Station,Grand Station,grand-station,CITY_DISTRICT,intra_city_district,metropolitan,NGP-000173,NGP-000173,NGR-03,Vondrel Plateau,NVG,false,false,agricultural_plateau,Metropolitan district of Vondara,transport_and_logistics,apartments|offices|retail|mixed_use,historic_trade_or_occupation,Regional trade lexicon,,,PROPOSED,PROVISIONAL,UNMAPPED_PENDING_ASSOCIATION,2026-08-11,novegeo_tribes.csv + simulation geography design,dataset:novegeo:places:v001:700,SHARED_REFERENCE,ACTIVE
NG-NAM-SET-000185,NGP-000185,Meadowcrest,Meadowcrest,meadowcrest,SUBURB,urban_neighborhood,urban,NGP-000173,NGP-000173,NGR-03,Vondrel Plateau,NVG,false,false,agricultural_plateau,Residential neighborhood of Vondara,elevated_residential,detached_houses|townhouses|apartments|residential_plots,geographic_descriptive,NoveGeo landscape lexicon,,,PROPOSED,PROVISIONAL,UNMAPPED_PENDING_ASSOCIATION,2026-08-11,novegeo_tribes.csv + simulation geography design,dataset:novegeo:places:v001:700,SHARED_REFERENCE,ACTIVE
NG-NAM-SET-000186,NGP-000186,Kenwick Park,Kenwick Park,kenwick-park,SUBURB,urban_neighborhood,urban,NGP-000173,NGP-000173,NGR-03,Vondrel Plateau,NVG,false,false,agricultural_plateau,Residential neighborhood of Vondara,garden_residential,detached_houses|townhouses|apartments|residential_plots,geographic_descriptive,NoveGeo landscape lexicon,,,PROPOSED,PROVISIONAL,UNMAPPED_PENDING_ASSOCIATION,2026-08-11,novegeo_tribes.csv + simulation geography design,dataset:novegeo:places:v001:700,SHARED_REFERENCE,ACTIVE
NG-NAM-SET-000187,NGP-000187,Solara Fields,Solara Fields,solara-fields,SUBURB,urban_neighborhood,urban,NGP-000173,NGP-000173,NGR-03,Vondrel Plateau,NVG,false,false,agricultural_plateau,Residential neighborhood of Vondara,garden_residential,detached_houses|townhouses|apartments|residential_plots,geographic_descriptive,NoveGeo landscape lexicon,,,PROPOSED,PROVISIONAL,UNMAPPED_PENDING_ASSOCIATION,2026-08-11,novegeo_tribes.csv + simulation geography design,dataset:novegeo:places:v001:700,SHARED_REFERENCE,ACTIVE
NG-NAM-SET-000188,NGP-000188,Vondel Grove,Vondel Grove,vondel-grove,SUBURB,urban_neighborhood,urban,NGP-000173,NGP-000173,NGR-03,Vondrel Plateau,NVG,false,false,agricultural_plateau,Residential neighborhood of Vondara,garden_residential,detached_houses|townhouses|apartments|residential_plots,tribal_influenced,Vondoria,,,PROPOSED,PROVISIONAL,UNMAPPED_PENDING_ASSOCIATION,2026-08-11,novegeo_tribes.csv + simulation geography design,dataset:novegeo:places:v001:700,SHARED_REFERENCE,ACTIVE
NG-NAM-SET-000189,NGP-000189,Fairmead,Fairmead,fairmead,SUBURB,urban_neighborhood,urban,NGP-000173,NGP-000173,NGR-03,Vondrel Plateau,NVG,false,false,agricultural_plateau,Residential neighborhood of Vondara,mixed_density_residential,detached_houses|townhouses|apartments|residential_plots,mixed_novegeo,National mixed lexicon,,,PROPOSED,PROVISIONAL,UNMAPPED_PENDING_ASSOCIATION,2026-08-11,novegeo_tribes.csv + simulation geography design,dataset:novegeo:places:v001:700,SHARED_REFERENCE,ACTIVE
NG-NAM-SET-000190,NGP-000190,New Verona,New Verona,new-verona,SUBURB,urban_neighborhood,urban,NGP-000173,NGP-000173,NGR-03,Vondrel Plateau,NVG,false,false,agricultural_plateau,Residential neighborhood of Vondara,cosmopolitan_residential,detached_houses|townhouses|apartments|residential_plots,international_settler,International diaspora,Little Italy,"Italian restaurateurs, designers and construction specialists settled around its central piazza.",PROPOSED,PROVISIONAL,UNMAPPED_PENDING_ASSOCIATION,2026-08-11,novegeo_tribes.csv + simulation geography design,dataset:novegeo:places:v001:700,SHARED_REFERENCE,ACTIVE
NG-NAM-SET-000191,NGP-000191,Kaelstone,Kaelstone,kaelstone,SUBURB,urban_neighborhood,urban,NGP-000173,NGP-000173,NGR-03,Vondrel Plateau,NVG,false,false,agricultural_plateau,Residential neighborhood of Vondara,mixed_density_residential,detached_houses|townhouses|apartments|residential_plots,tribal_influenced,Kaelenor,,,PROPOSED,PROVISIONAL,UNMAPPED_PENDING_ASSOCIATION,2026-08-11,novegeo_tribes.csv + simulation geography design,dataset:novegeo:places:v001:700,SHARED_REFERENCE,ACTIVE
NG-NAM-SET-000192,NGP-000192,Greenhaven,Greenhaven,greenhaven,SUBURB,urban_neighborhood,urban,NGP-000173,NGP-000173,NGR-03,Vondrel Plateau,NVG,false,false,agricultural_plateau,Residential neighborhood of Vondara,mixed_density_residential,detached_houses|townhouses|apartments|residential_plots,mixed_novegeo,National mixed lexicon,,,PROPOSED,PROVISIONAL,UNMAPPED_PENDING_ASSOCIATION,2026-08-11,novegeo_tribes.csv + simulation geography design,dataset:novegeo:places:v001:700,SHARED_REFERENCE,ACTIVE
NG-NAM-SET-000193,NGP-000193,Ashford Lane,Ashford Lane,ashford-lane,SUBURB,urban_neighborhood,urban,NGP-000173,NGP-000173,NGR-03,Vondrel Plateau,NVG,false,false,agricultural_plateau,Residential neighborhood of Vondara,mixed_density_residential,detached_houses|townhouses|apartments|residential_plots,geographic_descriptive,NoveGeo landscape lexicon,,,PROPOSED,PROVISIONAL,UNMAPPED_PENDING_ASSOCIATION,2026-08-11,novegeo_tribes.csv + simulation geography design,dataset:novegeo:places:v001:700,SHARED_REFERENCE,ACTIVE
NG-NAM-SET-000194,NGP-000194,Juniper Rise,Juniper Rise,juniper-rise,SUBURB,urban_neighborhood,urban,NGP-000173,NGP-000173,NGR-03,Vondrel Plateau,NVG,false,false,agricultural_plateau,Residential neighborhood of Vondara,elevated_residential,detached_houses|townhouses|apartments|residential_plots,mixed_novegeo,National mixed lexicon,,,PROPOSED,PROVISIONAL,UNMAPPED_PENDING_ASSOCIATION,2026-08-11,novegeo_tribes.csv + simulation geography design,dataset:novegeo:places:v001:700,SHARED_REFERENCE,ACTIVE
NG-NAM-SET-000195,NGP-000195,Eastmere,Eastmere,eastmere,SUBURB,urban_neighborhood,urban,NGP-000173,NGP-000173,NGR-03,Vondrel Plateau,NVG,false,false,agricultural_plateau,Residential neighborhood of Vondara,growth_corridor_residential,detached_houses|townhouses|apartments|residential_plots,geographic_descriptive,NoveGeo landscape lexicon,,,PROPOSED,PROVISIONAL,UNMAPPED_PENDING_ASSOCIATION,2026-08-11,novegeo_tribes.csv + simulation geography design,dataset:novegeo:places:v001:700,SHARED_REFERENCE,ACTIVE
NG-NAM-SET-000196,NGP-000196,Orchard Gate,Orchard Gate,orchard-gate,SUBURB,urban_neighborhood,urban,NGP-000173,NGP-000173,NGR-03,Vondrel Plateau,NVG,false,false,agricultural_plateau,Residential neighborhood of Vondara,growth_corridor_residential,detached_houses|townhouses|apartments|residential_plots,geographic_descriptive,NoveGeo landscape lexicon,,,PROPOSED,PROVISIONAL,UNMAPPED_PENDING_ASSOCIATION,2026-08-11,novegeo_tribes.csv + simulation geography design,dataset:novegeo:places:v001:700,SHARED_REFERENCE,ACTIVE
NG-NAM-SET-000197,NGP-000197,Vondel,Vondel,vondel,TOWN,secondary_urban,urban,NGP-000174,NGP-000173,NGR-03,Vondrel Plateau,NVG,false,false,agricultural_plateau,Regional agriculture centre,agriculture,houses|apartments|commercial_plots|retail|warehouses,tribal_influenced,Vondoria,,,PROPOSED,PROVISIONAL,UNMAPPED_PENDING_ASSOCIATION,2026-08-11,novegeo_tribes.csv + simulation geography design,dataset:novegeo:places:v001:700,SHARED_REFERENCE,ACTIVE
NG-NAM-SET-000198,NGP-000198,Meadowrun,Meadowrun,meadowrun,TOWN,secondary_urban,urban,NGP-000174,NGP-000173,NGR-03,Vondrel Plateau,NVG,false,false,agricultural_plateau,Regional food processing centre,food_processing,houses|apartments|commercial_plots|retail|warehouses,geographic_descriptive,NoveGeo landscape lexicon,,,PROPOSED,PROVISIONAL,UNMAPPED_PENDING_ASSOCIATION,2026-08-11,novegeo_tribes.csv + simulation geography design,dataset:novegeo:places:v001:700,SHARED_REFERENCE,ACTIVE
NG-NAM-SET-000199,NGP-000199,Grainford,Grainford,grainford,TOWN,secondary_urban,urban,NGP-000174,NGP-000173,NGR-03,Vondrel Plateau,NVG,false,false,agricultural_plateau,Regional trade centre,trade,houses|apartments|commercial_plots|retail|warehouses,geographic_descriptive,NoveGeo landscape lexicon,,,PROPOSED,PROVISIONAL,UNMAPPED_PENDING_ASSOCIATION,2026-08-11,novegeo_tribes.csv + simulation geography design,dataset:novegeo:places:v001:700,SHARED_REFERENCE,ACTIVE
NG-NAM-SET-000200,NGP-000200,Solhaven,Solhaven,solhaven,TOWN,secondary_urban,urban,NGP-000174,NGP-000173,NGR-03,Vondrel Plateau,NVG,false,false,agricultural_plateau,Regional logistics centre,logistics,houses|apartments|commercial_plots|retail|warehouses,mixed_novegeo,National mixed lexicon,,,PROPOSED,PROVISIONAL,UNMAPPED_PENDING_ASSOCIATION,2026-08-11,novegeo_tribes.csv + simulation geography design,dataset:novegeo:places:v001:700,SHARED_REFERENCE,ACTIVE
NG-NAM-SET-000201,NGP-000201,Amberfield,Amberfield,amberfield,TOWN,secondary_urban,urban,NGP-000174,NGP-000173,NGR-03,Vondrel Plateau,NVG,false,false,agricultural_plateau,Regional education centre,education,houses|apartments|commercial_plots|retail|warehouses,geographic_descriptive,NoveGeo landscape lexicon,,,PROPOSED,PROVISIONAL,UNMAPPED_PENDING_ASSOCIATION,2026-08-11,novegeo_tribes.csv + simulation geography design,dataset:novegeo:places:v001:700,SHARED_REFERENCE,ACTIVE
NG-NAM-SET-000202,NGP-000202,Kestrel,Kestrel,kestrel,TOWN,secondary_urban,urban,NGP-000175,NGP-000173,NGR-03,Vondrel Plateau,NVG,false,false,agricultural_plateau,Regional agriculture centre,agriculture,houses|apartments|commercial_plots|retail|warehouses,mixed_novegeo,National mixed lexicon,,,PROPOSED,PROVISIONAL,UNMAPPED_PENDING_ASSOCIATION,2026-08-11,novegeo_tribes.csv + simulation geography design,dataset:novegeo:places:v001:700,SHARED_REFERENCE,ACTIVE
NG-NAM-SET-000203,NGP-000203,Windcross,Windcross,windcross,TOWN,secondary_urban,urban,NGP-000175,NGP-000173,NGR-03,Vondrel Plateau,NVG,false,false,agricultural_plateau,Regional food processing centre,food_processing,houses|apartments|commercial_plots|retail|warehouses,geographic_descriptive,NoveGeo landscape lexicon,,,PROPOSED,PROVISIONAL,UNMAPPED_PENDING_ASSOCIATION,2026-08-11,novegeo_tribes.csv + simulation geography design,dataset:novegeo:places:v001:700,SHARED_REFERENCE,ACTIVE
NG-NAM-SET-000204,NGP-000204,Talewood,Talewood,talewood,TOWN,secondary_urban,urban,NGP-000175,NGP-000173,NGR-03,Vondrel Plateau,NVG,false,false,agricultural_plateau,Regional trade centre,trade,houses|apartments|commercial_plots|retail|warehouses,geographic_descriptive,NoveGeo landscape lexicon,,,PROPOSED,PROVISIONAL,UNMAPPED_PENDING_ASSOCIATION,2026-08-11,novegeo_tribes.csv + simulation geography design,dataset:novegeo:places:v001:700,SHARED_REFERENCE,ACTIVE
NG-NAM-SET-000205,NGP-000205,Broadacre,Broadacre,broadacre,TOWN,secondary_urban,urban,NGP-000175,NGP-000173,NGR-03,Vondrel Plateau,NVG,false,false,agricultural_plateau,Regional logistics centre,logistics,houses|apartments|commercial_plots|retail|warehouses,mixed_novegeo,National mixed lexicon,,,PROPOSED,PROVISIONAL,UNMAPPED_PENDING_ASSOCIATION,2026-08-11,novegeo_tribes.csv + simulation geography design,dataset:novegeo:places:v001:700,SHARED_REFERENCE,ACTIVE
NG-NAM-SET-000206,NGP-000206,Eastbarrow,Eastbarrow,eastbarrow,TOWN,secondary_urban,urban,NGP-000175,NGP-000173,NGR-03,Vondrel Plateau,NVG,false,false,agricultural_plateau,Regional education centre,education,houses|apartments|commercial_plots|retail|warehouses,geographic_descriptive,NoveGeo landscape lexicon,,,PROPOSED,PROVISIONAL,UNMAPPED_PENDING_ASSOCIATION,2026-08-11,novegeo_tribes.csv + simulation geography design,dataset:novegeo:places:v001:700,SHARED_REFERENCE,ACTIVE
NG-NAM-SET-000207,NGP-000207,Solvek,Solvek,solvek,TOWN,secondary_urban,urban,NGP-000176,NGP-000173,NGR-03,Vondrel Plateau,NVG,false,false,agricultural_plateau,Regional agriculture centre,agriculture,houses|apartments|commercial_plots|retail|warehouses,tribal_influenced,Vondoria,,,PROPOSED,PROVISIONAL,UNMAPPED_PENDING_ASSOCIATION,2026-08-11,novegeo_tribes.csv + simulation geography design,dataset:novegeo:places:v001:700,SHARED_REFERENCE,ACTIVE
NG-NAM-SET-000208,NGP-000208,Ashkar,Ashkar,ashkar,TOWN,secondary_urban,urban,NGP-000176,NGP-000173,NGR-03,Vondrel Plateau,NVG,false,false,agricultural_plateau,Regional food processing centre,food_processing,houses|apartments|commercial_plots|retail|warehouses,tribal_influenced,Ash'Tekka,,,PROPOSED,PROVISIONAL,UNMAPPED_PENDING_ASSOCIATION,2026-08-11,novegeo_tribes.csv + simulation geography design,dataset:novegeo:places:v001:700,SHARED_REFERENCE,ACTIVE
NG-NAM-SET-000209,NGP-000209,Harrowfield,Harrowfield,harrowfield,TOWN,secondary_urban,urban,NGP-000176,NGP-000173,NGR-03,Vondrel Plateau,NVG,false,false,agricultural_plateau,Regional trade centre,trade,houses|apartments|commercial_plots|retail|warehouses,geographic_descriptive,NoveGeo landscape lexicon,,,PROPOSED,PROVISIONAL,UNMAPPED_PENDING_ASSOCIATION,2026-08-11,novegeo_tribes.csv + simulation geography design,dataset:novegeo:places:v001:700,SHARED_REFERENCE,ACTIVE
NG-NAM-SET-000210,NGP-000210,Cidergate,Cidergate,cidergate,TOWN,secondary_urban,urban,NGP-000176,NGP-000173,NGR-03,Vondrel Plateau,NVG,false,false,agricultural_plateau,Regional logistics centre,logistics,houses|apartments|commercial_plots|retail|warehouses,neutral_civic_or_planned,National civic lexicon,,,PROPOSED,PROVISIONAL,UNMAPPED_PENDING_ASSOCIATION,2026-08-11,novegeo_tribes.csv + simulation geography design,dataset:novegeo:places:v001:700,SHARED_REFERENCE,ACTIVE
NG-NAM-SET-000211,NGP-000211,Westervale,Westervale,westervale,TOWN,secondary_urban,urban,NGP-000176,NGP-000173,NGR-03,Vondrel Plateau,NVG,false,false,agricultural_plateau,Regional education centre,education,houses|apartments|commercial_plots|retail|warehouses,geographic_descriptive,NoveGeo landscape lexicon,,,PROPOSED,PROVISIONAL,UNMAPPED_PENDING_ASSOCIATION,2026-08-11,novegeo_tribes.csv + simulation geography design,dataset:novegeo:places:v001:700,SHARED_REFERENCE,ACTIVE
NG-NAM-SET-000212,NGP-000212,Vondel Junction,Vondel Junction,vondel-junction,TOWNSHIP,small_urban,peri_urban,NGP-000174,NGP-000173,NGR-03,Vondrel Plateau,NVG,false,false,agricultural_plateau,Peri-urban township serving Greenbarrow,local_services_and_residential_growth,houses|rental_units|plots|workshops|shops,tribal_influenced,Vondoria,,,PROPOSED,PROVISIONAL,UNMAPPED_PENDING_ASSOCIATION,2026-08-11,novegeo_tribes.csv + simulation geography design,dataset:novegeo:places:v001:700,SHARED_REFERENCE,ACTIVE
NG-NAM-SET-000213,NGP-000213,Meadow Junction,Meadow Junction,meadow-junction,TOWNSHIP,small_urban,peri_urban,NGP-000174,NGP-000173,NGR-03,Vondrel Plateau,NVG,false,false,agricultural_plateau,Peri-urban township serving Greenbarrow,local_services_and_residential_growth,houses|rental_units|plots|workshops|shops,geographic_descriptive,NoveGeo landscape lexicon,,,PROPOSED,PROVISIONAL,UNMAPPED_PENDING_ASSOCIATION,2026-08-11,novegeo_tribes.csv + simulation geography design,dataset:novegeo:places:v001:700,SHARED_REFERENCE,ACTIVE
NG-NAM-SET-000214,NGP-000214,Grainview,Grainview,grainview,TOWNSHIP,small_urban,peri_urban,NGP-000174,NGP-000173,NGR-03,Vondrel Plateau,NVG,false,false,agricultural_plateau,Peri-urban township serving Greenbarrow,local_services_and_residential_growth,houses|rental_units|plots|workshops|shops,geographic_descriptive,NoveGeo landscape lexicon,,,PROPOSED,PROVISIONAL,UNMAPPED_PENDING_ASSOCIATION,2026-08-11,novegeo_tribes.csv + simulation geography design,dataset:novegeo:places:v001:700,SHARED_REFERENCE,ACTIVE
NG-NAM-SET-000215,NGP-000215,Kestrel East,Kestrel East,kestrel-east,TOWNSHIP,small_urban,peri_urban,NGP-000175,NGP-000173,NGR-03,Vondrel Plateau,NVG,false,false,agricultural_plateau,Peri-urban township serving Kestrel Plain,local_services_and_residential_growth,houses|rental_units|plots|workshops|shops,mixed_novegeo,National mixed lexicon,,,PROPOSED,PROVISIONAL,UNMAPPED_PENDING_ASSOCIATION,2026-08-11,novegeo_tribes.csv + simulation geography design,dataset:novegeo:places:v001:700,SHARED_REFERENCE,ACTIVE
NG-NAM-SET-000216,NGP-000216,Windmill Row,Windmill Row,windmill-row,TOWNSHIP,small_urban,peri_urban,NGP-000175,NGP-000173,NGR-03,Vondrel Plateau,NVG,false,false,agricultural_plateau,Peri-urban township serving Kestrel Plain,local_services_and_residential_growth,houses|rental_units|plots|workshops|shops,geographic_descriptive,NoveGeo landscape lexicon,,,PROPOSED,PROVISIONAL,UNMAPPED_PENDING_ASSOCIATION,2026-08-11,novegeo_tribes.csv + simulation geography design,dataset:novegeo:places:v001:700,SHARED_REFERENCE,ACTIVE
NG-NAM-SET-000217,NGP-000217,Broadacre South,Broadacre South,broadacre-south,TOWNSHIP,small_urban,peri_urban,NGP-000175,NGP-000173,NGR-03,Vondrel Plateau,NVG,false,false,agricultural_plateau,Peri-urban township serving Kestrel Plain,local_services_and_residential_growth,houses|rental_units|plots|workshops|shops,mixed_novegeo,National mixed lexicon,,,PROPOSED,PROVISIONAL,UNMAPPED_PENDING_ASSOCIATION,2026-08-11,novegeo_tribes.csv + simulation geography design,dataset:novegeo:places:v001:700,SHARED_REFERENCE,ACTIVE
NG-NAM-SET-000218,NGP-000218,Solmere Gate,Solmere Gate,solmere-gate,TOWNSHIP,small_urban,peri_urban,NGP-000176,NGP-000173,NGR-03,Vondrel Plateau,NVG,false,false,agricultural_plateau,Peri-urban township serving Solmere,local_services_and_residential_growth,houses|rental_units|plots|workshops|shops,geographic_descriptive,NoveGeo landscape lexicon,,,PROPOSED,PROVISIONAL,UNMAPPED_PENDING_ASSOCIATION,2026-08-11,novegeo_tribes.csv + simulation geography design,dataset:novegeo:places:v001:700,SHARED_REFERENCE,ACTIVE
NG-NAM-SET-000219,NGP-000219,Ashkar Cross,Ashkar Cross,ashkar-cross,TOWNSHIP,small_urban,peri_urban,NGP-000176,NGP-000173,NGR-03,Vondrel Plateau,NVG,false,false,agricultural_plateau,Peri-urban township serving Solmere,local_services_and_residential_growth,houses|rental_units|plots|workshops|shops,tribal_influenced,Ash'Tekka,,,PROPOSED,PROVISIONAL,UNMAPPED_PENDING_ASSOCIATION,2026-08-11,novegeo_tribes.csv + simulation geography design,dataset:novegeo:places:v001:700,SHARED_REFERENCE,ACTIVE
NG-NAM-SET-000220,NGP-000220,Cider Station,Cider Station,cider-station,TOWNSHIP,small_urban,peri_urban,NGP-000176,NGP-000173,NGR-03,Vondrel Plateau,NVG,false,false,agricultural_plateau,Peri-urban township serving Solmere,local_services_and_residential_growth,houses|rental_units|plots|workshops|shops,historic_trade_or_occupation,Regional trade lexicon,,,PROPOSED,PROVISIONAL,UNMAPPED_PENDING_ASSOCIATION,2026-08-11,novegeo_tribes.csv + simulation geography design,dataset:novegeo:places:v001:700,SHARED_REFERENCE,ACTIVE
NG-NAM-SET-000221,NGP-000221,Lower Vondel,Lower Vondel,lower-vondel,VILLAGE,rural_settlement,rural,NGP-000197,NGP-000173,NGR-03,Vondrel Plateau,NVG,false,false,agricultural_plateau,Rural community linked to Vondel,smallholder_agriculture_and_rural_services,agricultural_land|homesteads|rural_plots|cottages,tribal_influenced,Vondoria,,,PROPOSED,PROVISIONAL,UNMAPPED_PENDING_ASSOCIATION,2026-08-11,novegeo_tribes.csv + simulation geography design,dataset:novegeo:places:v001:700,SHARED_REFERENCE,ACTIVE
NG-NAM-SET-000222,NGP-000222,Vondel Fields,Vondel Fields,vondel-fields,VILLAGE,rural_settlement,rural,NGP-000197,NGP-000173,NGR-03,Vondrel Plateau,NVG,false,false,agricultural_plateau,Rural community linked to Vondel,smallholder_agriculture_and_rural_services,agricultural_land|homesteads|rural_plots|cottages,tribal_influenced,Vondoria,,,PROPOSED,PROVISIONAL,UNMAPPED_PENDING_ASSOCIATION,2026-08-11,novegeo_tribes.csv + simulation geography design,dataset:novegeo:places:v001:700,SHARED_REFERENCE,ACTIVE
NG-NAM-SET-000223,NGP-000223,Upper Meadowrun,Upper Meadowrun,upper-meadowrun,VILLAGE,rural_settlement,rural,NGP-000198,NGP-000173,NGR-03,Vondrel Plateau,NVG,false,false,agricultural_plateau,Rural community linked to Meadowrun,smallholder_agriculture_and_rural_services,agricultural_land|homesteads|rural_plots|cottages,geographic_descriptive,NoveGeo landscape lexicon,,,PROPOSED,PROVISIONAL,UNMAPPED_PENDING_ASSOCIATION,2026-08-11,novegeo_tribes.csv + simulation geography design,dataset:novegeo:places:v001:700,SHARED_REFERENCE,ACTIVE
NG-NAM-SET-000224,NGP-000224,Meadowrun Grove,Meadowrun Grove,meadowrun-grove,VILLAGE,rural_settlement,rural,NGP-000198,NGP-000173,NGR-03,Vondrel Plateau,NVG,false,false,agricultural_plateau,Rural community linked to Meadowrun,smallholder_agriculture_and_rural_services,agricultural_land|homesteads|rural_plots|cottages,geographic_descriptive,NoveGeo landscape lexicon,,,PROPOSED,PROVISIONAL,UNMAPPED_PENDING_ASSOCIATION,2026-08-11,novegeo_tribes.csv + simulation geography design,dataset:novegeo:places:v001:700,SHARED_REFERENCE,ACTIVE
NG-NAM-SET-000225,NGP-000225,East Grainford,East Grainford,east-grainford,VILLAGE,rural_settlement,rural,NGP-000199,NGP-000173,NGR-03,Vondrel Plateau,NVG,false,false,agricultural_plateau,Rural community linked to Grainford,smallholder_agriculture_and_rural_services,agricultural_land|homesteads|rural_plots|cottages,geographic_descriptive,NoveGeo landscape lexicon,,,PROPOSED,PROVISIONAL,UNMAPPED_PENDING_ASSOCIATION,2026-08-11,novegeo_tribes.csv + simulation geography design,dataset:novegeo:places:v001:700,SHARED_REFERENCE,ACTIVE
NG-NAM-SET-000226,NGP-000226,Grainford Farm,Grainford Farm,grainford-farm,VILLAGE,rural_settlement,rural,NGP-000199,NGP-000173,NGR-03,Vondrel Plateau,NVG,false,false,agricultural_plateau,Rural community linked to Grainford,smallholder_agriculture_and_rural_services,agricultural_land|homesteads|rural_plots|cottages,geographic_descriptive,NoveGeo landscape lexicon,,,PROPOSED,PROVISIONAL,UNMAPPED_PENDING_ASSOCIATION,2026-08-11,novegeo_tribes.csv + simulation geography design,dataset:novegeo:places:v001:700,SHARED_REFERENCE,ACTIVE
NG-NAM-SET-000227,NGP-000227,Old Solhaven,Old Solhaven,old-solhaven,VILLAGE,rural_settlement,rural,NGP-000200,NGP-000173,NGR-03,Vondrel Plateau,NVG,false,false,agricultural_plateau,Rural community linked to Solhaven,smallholder_agriculture_and_rural_services,agricultural_land|homesteads|rural_plots|cottages,mixed_novegeo,National mixed lexicon,,,PROPOSED,PROVISIONAL,UNMAPPED_PENDING_ASSOCIATION,2026-08-11,novegeo_tribes.csv + simulation geography design,dataset:novegeo:places:v001:700,SHARED_REFERENCE,ACTIVE
NG-NAM-SET-000228,NGP-000228,Solhaven Cross,Solhaven Cross,solhaven-cross,VILLAGE,rural_settlement,rural,NGP-000200,NGP-000173,NGR-03,Vondrel Plateau,NVG,false,false,agricultural_plateau,Rural community linked to Solhaven,smallholder_agriculture_and_rural_services,agricultural_land|homesteads|rural_plots|cottages,neutral_civic_or_planned,National civic lexicon,,,PROPOSED,PROVISIONAL,UNMAPPED_PENDING_ASSOCIATION,2026-08-11,novegeo_tribes.csv + simulation geography design,dataset:novegeo:places:v001:700,SHARED_REFERENCE,ACTIVE
NG-NAM-SET-000229,NGP-000229,South Amberfield,South Amberfield,south-amberfield,VILLAGE,rural_settlement,rural,NGP-000201,NGP-000173,NGR-03,Vondrel Plateau,NVG,false,false,agricultural_plateau,Rural community linked to Amberfield,smallholder_agriculture_and_rural_services,agricultural_land|homesteads|rural_plots|cottages,geographic_descriptive,NoveGeo landscape lexicon,,,PROPOSED,PROVISIONAL,UNMAPPED_PENDING_ASSOCIATION,2026-08-11,novegeo_tribes.csv + simulation geography design,dataset:novegeo:places:v001:700,SHARED_REFERENCE,ACTIVE
NG-NAM-SET-000230,NGP-000230,Amberfield Plain,Amberfield Plain,amberfield-plain,VILLAGE,rural_settlement,rural,NGP-000201,NGP-000173,NGR-03,Vondrel Plateau,NVG,false,false,agricultural_plateau,Rural community linked to Amberfield,smallholder_agriculture_and_rural_services,agricultural_land|homesteads|rural_plots|cottages,geographic_descriptive,NoveGeo landscape lexicon,,,PROPOSED,PROVISIONAL,UNMAPPED_PENDING_ASSOCIATION,2026-08-11,novegeo_tribes.csv + simulation geography design,dataset:novegeo:places:v001:700,SHARED_REFERENCE,ACTIVE
NG-NAM-SET-000231,NGP-000231,Kestrel Orchard,Kestrel Orchard,kestrel-orchard,VILLAGE,rural_settlement,rural,NGP-000202,NGP-000173,NGR-03,Vondrel Plateau,NVG,false,false,agricultural_plateau,Rural community linked to Kestrel,smallholder_agriculture_and_rural_services,agricultural_land|homesteads|rural_plots|cottages,geographic_descriptive,NoveGeo landscape lexicon,,,PROPOSED,PROVISIONAL,UNMAPPED_PENDING_ASSOCIATION,2026-08-11,novegeo_tribes.csv + simulation geography design,dataset:novegeo:places:v001:700,SHARED_REFERENCE,ACTIVE
NG-NAM-SET-000232,NGP-000232,Kestrel Mill,Kestrel Mill,kestrel-mill,VILLAGE,rural_settlement,rural,NGP-000202,NGP-000173,NGR-03,Vondrel Plateau,NVG,false,false,agricultural_plateau,Rural community linked to Kestrel,smallholder_agriculture_and_rural_services,agricultural_land|homesteads|rural_plots|cottages,mixed_novegeo,National mixed lexicon,,,PROPOSED,PROVISIONAL,UNMAPPED_PENDING_ASSOCIATION,2026-08-11,novegeo_tribes.csv + simulation geography design,dataset:novegeo:places:v001:700,SHARED_REFERENCE,ACTIVE
NG-NAM-SET-000233,NGP-000233,North Windcross,North Windcross,north-windcross,VILLAGE,rural_settlement,rural,NGP-000203,NGP-000173,NGR-03,Vondrel Plateau,NVG,false,false,agricultural_plateau,Rural community linked to Windcross,smallholder_agriculture_and_rural_services,agricultural_land|homesteads|rural_plots|cottages,geographic_descriptive,NoveGeo landscape lexicon,,,PROPOSED,PROVISIONAL,UNMAPPED_PENDING_ASSOCIATION,2026-08-11,novegeo_tribes.csv + simulation geography design,dataset:novegeo:places:v001:700,SHARED_REFERENCE,ACTIVE
NG-NAM-SET-000234,NGP-000234,Windcross Acres,Windcross Acres,windcross-acres,VILLAGE,rural_settlement,rural,NGP-000203,NGP-000173,NGR-03,Vondrel Plateau,NVG,false,false,agricultural_plateau,Rural community linked to Windcross,smallholder_agriculture_and_rural_services,agricultural_land|homesteads|rural_plots|cottages,geographic_descriptive,NoveGeo landscape lexicon,,,PROPOSED,PROVISIONAL,UNMAPPED_PENDING_ASSOCIATION,2026-08-11,novegeo_tribes.csv + simulation geography design,dataset:novegeo:places:v001:700,SHARED_REFERENCE,ACTIVE
NG-NAM-SET-000235,NGP-000235,Talewood Meadow,Talewood Meadow,talewood-meadow,VILLAGE,rural_settlement,rural,NGP-000204,NGP-000173,NGR-03,Vondrel Plateau,NVG,false,false,agricultural_plateau,Rural community linked to Talewood,smallholder_agriculture_and_rural_services,agricultural_land|homesteads|rural_plots|cottages,geographic_descriptive,NoveGeo landscape lexicon,,,PROPOSED,PROVISIONAL,UNMAPPED_PENDING_ASSOCIATION,2026-08-11,novegeo_tribes.csv + simulation geography design,dataset:novegeo:places:v001:700,SHARED_REFERENCE,ACTIVE
NG-NAM-SET-000236,NGP-000236,Talewood Gate,Talewood Gate,talewood-gate,VILLAGE,rural_settlement,rural,NGP-000204,NGP-000173,NGR-03,Vondrel Plateau,NVG,false,false,agricultural_plateau,Rural community linked to Talewood,smallholder_agriculture_and_rural_services,agricultural_land|homesteads|rural_plots|cottages,geographic_descriptive,NoveGeo landscape lexicon,,,PROPOSED,PROVISIONAL,UNMAPPED_PENDING_ASSOCIATION,2026-08-11,novegeo_tribes.csv + simulation geography design,dataset:novegeo:places:v001:700,SHARED_REFERENCE,ACTIVE
NG-NAM-SET-000237,NGP-000237,West Broadacre,West Broadacre,west-broadacre,VILLAGE,rural_settlement,rural,NGP-000205,NGP-000173,NGR-03,Vondrel Plateau,NVG,false,false,agricultural_plateau,Rural community linked to Broadacre,smallholder_agriculture_and_rural_services,agricultural_land|homesteads|rural_plots|cottages,mixed_novegeo,National mixed lexicon,,,PROPOSED,PROVISIONAL,UNMAPPED_PENDING_ASSOCIATION,2026-08-11,novegeo_tribes.csv + simulation geography design,dataset:novegeo:places:v001:700,SHARED_REFERENCE,ACTIVE
NG-NAM-SET-000238,NGP-000238,Broadacre Granary,Broadacre Granary,broadacre-granary,VILLAGE,rural_settlement,rural,NGP-000205,NGP-000173,NGR-03,Vondrel Plateau,NVG,false,false,agricultural_plateau,Rural community linked to Broadacre,smallholder_agriculture_and_rural_services,agricultural_land|homesteads|rural_plots|cottages,mixed_novegeo,National mixed lexicon,,,PROPOSED,PROVISIONAL,UNMAPPED_PENDING_ASSOCIATION,2026-08-11,novegeo_tribes.csv + simulation geography design,dataset:novegeo:places:v001:700,SHARED_REFERENCE,ACTIVE
NG-NAM-SET-000239,NGP-000239,Eastbarrow Ridge,Eastbarrow Ridge,eastbarrow-ridge,VILLAGE,rural_settlement,rural,NGP-000206,NGP-000173,NGR-03,Vondrel Plateau,NVG,false,false,agricultural_plateau,Rural community linked to Eastbarrow,smallholder_agriculture_and_rural_services,agricultural_land|homesteads|rural_plots|cottages,geographic_descriptive,NoveGeo landscape lexicon,,,PROPOSED,PROVISIONAL,UNMAPPED_PENDING_ASSOCIATION,2026-08-11,novegeo_tribes.csv + simulation geography design,dataset:novegeo:places:v001:700,SHARED_REFERENCE,ACTIVE
NG-NAM-SET-000240,NGP-000240,Eastbarrow Silo,Eastbarrow Silo,eastbarrow-silo,VILLAGE,rural_settlement,rural,NGP-000206,NGP-000173,NGR-03,Vondrel Plateau,NVG,false,false,agricultural_plateau,Rural community linked to Eastbarrow,smallholder_agriculture_and_rural_services,agricultural_land|homesteads|rural_plots|cottages,geographic_descriptive,NoveGeo landscape lexicon,,,PROPOSED,PROVISIONAL,UNMAPPED_PENDING_ASSOCIATION,2026-08-11,novegeo_tribes.csv + simulation geography design,dataset:novegeo:places:v001:700,SHARED_REFERENCE,ACTIVE
NG-NAM-SET-000241,NGP-000241,Lower Solvek,Lower Solvek,lower-solvek,VILLAGE,rural_settlement,rural,NGP-000207,NGP-000173,NGR-03,Vondrel Plateau,NVG,false,false,agricultural_plateau,Rural community linked to Solvek,smallholder_agriculture_and_rural_services,agricultural_land|homesteads|rural_plots|cottages,tribal_influenced,Vondoria,,,PROPOSED,PROVISIONAL,UNMAPPED_PENDING_ASSOCIATION,2026-08-11,novegeo_tribes.csv + simulation geography design,dataset:novegeo:places:v001:700,SHARED_REFERENCE,ACTIVE
NG-NAM-SET-000242,NGP-000242,Solvek Brook,Solvek Brook,solvek-brook,VILLAGE,rural_settlement,rural,NGP-000207,NGP-000173,NGR-03,Vondrel Plateau,NVG,false,false,agricultural_plateau,Rural community linked to Solvek,smallholder_agriculture_and_rural_services,agricultural_land|homesteads|rural_plots|cottages,tribal_influenced,Vondoria,,,PROPOSED,PROVISIONAL,UNMAPPED_PENDING_ASSOCIATION,2026-08-11,novegeo_tribes.csv + simulation geography design,dataset:novegeo:places:v001:700,SHARED_REFERENCE,ACTIVE
NG-NAM-SET-000243,NGP-000243,Ashkar Vineyard,Ashkar Vineyard,ashkar-vineyard,VILLAGE,rural_settlement,rural,NGP-000208,NGP-000173,NGR-03,Vondrel Plateau,NVG,false,false,agricultural_plateau,Rural community linked to Ashkar,smallholder_agriculture_and_rural_services,agricultural_land|homesteads|rural_plots|cottages,tribal_influenced,Ash'Tekka,,,PROPOSED,PROVISIONAL,UNMAPPED_PENDING_ASSOCIATION,2026-08-11,novegeo_tribes.csv + simulation geography design,dataset:novegeo:places:v001:700,SHARED_REFERENCE,ACTIVE
NG-NAM-SET-000244,NGP-000244,Ashkar Lane,Ashkar Lane,ashkar-lane,VILLAGE,rural_settlement,rural,NGP-000208,NGP-000173,NGR-03,Vondrel Plateau,NVG,false,false,agricultural_plateau,Rural community linked to Ashkar,smallholder_agriculture_and_rural_services,agricultural_land|homesteads|rural_plots|cottages,tribal_influenced,Ash'Tekka,,,PROPOSED,PROVISIONAL,UNMAPPED_PENDING_ASSOCIATION,2026-08-11,novegeo_tribes.csv + simulation geography design,dataset:novegeo:places:v001:700,SHARED_REFERENCE,ACTIVE
NG-NAM-SET-000245,NGP-000245,Upper Harrowfield,Upper Harrowfield,upper-harrowfield,VILLAGE,rural_settlement,rural,NGP-000209,NGP-000173,NGR-03,Vondrel Plateau,NVG,false,false,agricultural_plateau,Rural community linked to Harrowfield,smallholder_agriculture_and_rural_services,agricultural_land|homesteads|rural_plots|cottages,geographic_descriptive,NoveGeo landscape lexicon,,,PROPOSED,PROVISIONAL,UNMAPPED_PENDING_ASSOCIATION,2026-08-11,novegeo_tribes.csv + simulation geography design,dataset:novegeo:places:v001:700,SHARED_REFERENCE,ACTIVE
NG-NAM-SET-000246,NGP-000246,Harrowfield Homestead,Harrowfield Homestead,harrowfield-homestead,VILLAGE,rural_settlement,rural,NGP-000209,NGP-000173,NGR-03,Vondrel Plateau,NVG,false,false,agricultural_plateau,Rural community linked to Harrowfield,smallholder_agriculture_and_rural_services,agricultural_land|homesteads|rural_plots|cottages,geographic_descriptive,NoveGeo landscape lexicon,,,PROPOSED,PROVISIONAL,UNMAPPED_PENDING_ASSOCIATION,2026-08-11,novegeo_tribes.csv + simulation geography design,dataset:novegeo:places:v001:700,SHARED_REFERENCE,ACTIVE
NG-NAM-SET-000247,NGP-000247,Cidergate Cider Field,Cidergate Cider Field,cidergate-cider-field,VILLAGE,rural_settlement,rural,NGP-000210,NGP-000173,NGR-03,Vondrel Plateau,NVG,false,false,agricultural_plateau,Rural community linked to Cidergate,smallholder_agriculture_and_rural_services,agricultural_land|homesteads|rural_plots|cottages,geographic_descriptive,NoveGeo landscape lexicon,,,PROPOSED,PROVISIONAL,UNMAPPED_PENDING_ASSOCIATION,2026-08-11,novegeo_tribes.csv + simulation geography design,dataset:novegeo:places:v001:700,SHARED_REFERENCE,ACTIVE
NG-NAM-SET-000248,NGP-000248,Cidergate Hill,Cidergate Hill,cidergate-hill,VILLAGE,rural_settlement,rural,NGP-000210,NGP-000173,NGR-03,Vondrel Plateau,NVG,false,false,agricultural_plateau,Rural community linked to Cidergate,smallholder_agriculture_and_rural_services,agricultural_land|homesteads|rural_plots|cottages,geographic_descriptive,NoveGeo landscape lexicon,,,PROPOSED,PROVISIONAL,UNMAPPED_PENDING_ASSOCIATION,2026-08-11,novegeo_tribes.csv + simulation geography design,dataset:novegeo:places:v001:700,SHARED_REFERENCE,ACTIVE
NG-NAM-SET-000249,NGP-000249,Westervale Vale,Westervale Vale,westervale-vale,VILLAGE,rural_settlement,rural,NGP-000211,NGP-000173,NGR-03,Vondrel Plateau,NVG,false,false,agricultural_plateau,Rural community linked to Westervale,smallholder_agriculture_and_rural_services,agricultural_land|homesteads|rural_plots|cottages,geographic_descriptive,NoveGeo landscape lexicon,,,PROPOSED,PROVISIONAL,UNMAPPED_PENDING_ASSOCIATION,2026-08-11,novegeo_tribes.csv + simulation geography design,dataset:novegeo:places:v001:700,SHARED_REFERENCE,ACTIVE
NG-NAM-SET-000250,NGP-000250,Westervale Station,Westervale Station,westervale-station,VILLAGE,rural_settlement,rural,NGP-000211,NGP-000173,NGR-03,Vondrel Plateau,NVG,false,false,agricultural_plateau,Rural community linked to Westervale,smallholder_agriculture_and_rural_services,agricultural_land|homesteads|rural_plots|cottages,historic_trade_or_occupation,Regional trade lexicon,,,PROPOSED,PROVISIONAL,UNMAPPED_PENDING_ASSOCIATION,2026-08-11,novegeo_tribes.csv + simulation geography design,dataset:novegeo:places:v001:700,SHARED_REFERENCE,ACTIVE
NG-NAM-SET-000251,NGP-000251,Harvest Cross,Harvest Cross,harvest-cross,MARKET_CENTRE,rural_service_node,peri_urban,NGP-000197,NGP-000173,NGR-03,Vondrel Plateau,NVG,false,false,agricultural_plateau,Market and service node linked to Vondel,retail_trade_and_rural_services,retail_units|mixed_use_buildings|storage|small_warehouses,neutral_civic_or_planned,National civic lexicon,,,PROPOSED,PROVISIONAL,UNMAPPED_PENDING_ASSOCIATION,2026-08-11,novegeo_tribes.csv + simulation geography design,dataset:novegeo:places:v001:700,SHARED_REFERENCE,ACTIVE
NG-NAM-SET-000252,NGP-000252,Millers' Gate,Millers' Gate,millers-gate,MARKET_CENTRE,rural_service_node,peri_urban,NGP-000200,NGP-000173,NGR-03,Vondrel Plateau,NVG,false,false,agricultural_plateau,Market and service node linked to Solhaven,retail_trade_and_rural_services,retail_units|mixed_use_buildings|storage|small_warehouses,neutral_civic_or_planned,National civic lexicon,,,PROPOSED,PROVISIONAL,UNMAPPED_PENDING_ASSOCIATION,2026-08-11,novegeo_tribes.csv + simulation geography design,dataset:novegeo:places:v001:700,SHARED_REFERENCE,ACTIVE
NG-NAM-SET-000253,NGP-000253,Kestrel Market,Kestrel Market,kestrel-market,MARKET_CENTRE,rural_service_node,peri_urban,NGP-000203,NGP-000173,NGR-03,Vondrel Plateau,NVG,false,false,agricultural_plateau,Market and service node linked to Windcross,retail_trade_and_rural_services,retail_units|mixed_use_buildings|storage|small_warehouses,historic_trade_or_occupation,Regional trade lexicon,,,PROPOSED,PROVISIONAL,UNMAPPED_PENDING_ASSOCIATION,2026-08-11,novegeo_tribes.csv + simulation geography design,dataset:novegeo:places:v001:700,SHARED_REFERENCE,ACTIVE
NG-NAM-SET-000254,NGP-000254,Orchard Exchange,Orchard Exchange,orchard-exchange,MARKET_CENTRE,rural_service_node,peri_urban,NGP-000206,NGP-000173,NGR-03,Vondrel Plateau,NVG,false,false,agricultural_plateau,Market and service node linked to Eastbarrow,retail_trade_and_rural_services,retail_units|mixed_use_buildings|storage|small_warehouses,historic_trade_or_occupation,Regional trade lexicon,,,PROPOSED,PROVISIONAL,UNMAPPED_PENDING_ASSOCIATION,2026-08-11,novegeo_tribes.csv + simulation geography design,dataset:novegeo:places:v001:700,SHARED_REFERENCE,ACTIVE
NG-NAM-SET-000255,NGP-000255,Old Silo,Old Silo,old-silo,MARKET_CENTRE,rural_service_node,peri_urban,NGP-000209,NGP-000173,NGR-03,Vondrel Plateau,NVG,false,false,agricultural_plateau,Market and service node linked to Harrowfield,retail_trade_and_rural_services,retail_units|mixed_use_buildings|storage|small_warehouses,mixed_novegeo,National mixed lexicon,,,PROPOSED,PROVISIONAL,UNMAPPED_PENDING_ASSOCIATION,2026-08-11,novegeo_tribes.csv + simulation geography design,dataset:novegeo:places:v001:700,SHARED_REFERENCE,ACTIVE
NG-NAM-SET-000256,NGP-000256,Vondara AgroTech Park,Vondara AgroTech Park,vondara-agrotech-park,INDUSTRIAL_ZONE,special_economic_locality,specialized,NGP-000173,NGP-000173,NGR-03,Vondrel Plateau,NVG,false,false,agricultural_plateau,Industrial and logistics locality within Vondrel Plateau,manufacturing_and_logistics,warehouses|factories|logistics_yards|industrial_land,tribal_influenced,Vondoria,,,PROPOSED,PROVISIONAL,UNMAPPED_PENDING_ASSOCIATION,2026-08-11,novegeo_tribes.csv + simulation geography design,dataset:novegeo:places:v001:700,SHARED_REFERENCE,ACTIVE
NG-NAM-SET-000257,NGP-000257,Kestrel Freight Estate,Kestrel Freight Estate,kestrel-freight-estate,INDUSTRIAL_ZONE,special_economic_locality,specialized,NGP-000175,NGP-000173,NGR-03,Vondrel Plateau,NVG,false,false,agricultural_plateau,Industrial and logistics locality within Vondrel Plateau,processing_and_freight,warehouses|factories|logistics_yards|industrial_land,historic_trade_or_occupation,Regional trade lexicon,,,PROPOSED,PROVISIONAL,UNMAPPED_PENDING_ASSOCIATION,2026-08-11,novegeo_tribes.csv + simulation geography design,dataset:novegeo:places:v001:700,SHARED_REFERENCE,ACTIVE
NG-NAM-SET-000258,NGP-000258,Silvermere,Silvermere,silvermere,CITY,national_or_regional_metropolis,metropolitan,,NGP-000258,NGR-04,Nyara Basin,NVG,false,true,lake_and_wetland_basin,"Lake metropolis, inland port, fisheries and water-technology centre",regional_metropolitan_services,apartments|offices|retail|mixed_use|hotels,geographic_descriptive,NoveGeo landscape lexicon,The Mirror,Calm basin waters reflect the city skyline in the dry season.,PROPOSED,PROVISIONAL,UNMAPPED_PENDING_ASSOCIATION,2026-08-11,novegeo_tribes.csv + simulation geography design,dataset:novegeo:places:v001:700,SHARED_REFERENCE,ACTIVE
NG-NAM-SET-000259,NGP-000259,Nyandor,Nyandor,nyandor,MUNICIPALITY,municipal_urban,urban,,NGP-000258,NGR-04,Nyara Basin,NVG,false,false,lake_and_wetland_basin,Municipal service centre within Nyara Basin,administration_and_services,houses|apartments|plots|retail|offices,tribal_influenced,Nyandura,,,PROPOSED,PROVISIONAL,UNMAPPED_PENDING_ASSOCIATION,2026-08-11,novegeo_tribes.csv + simulation geography design,dataset:novegeo:places:v001:700,SHARED_REFERENCE,ACTIVE
NG-NAM-SET-000260,NGP-000260,Reedhaven,Reedhaven,reedhaven,MUNICIPALITY,municipal_urban,urban,,NGP-000258,NGR-04,Nyara Basin,NVG,false,false,lake_and_wetland_basin,Municipal service centre within Nyara Basin,trade_and_residential_growth,houses|apartments|plots|retail|offices,mixed_novegeo,National mixed lexicon,,,PROPOSED,PROVISIONAL,UNMAPPED_PENDING_ASSOCIATION,2026-08-11,novegeo_tribes.csv + simulation geography design,dataset:novegeo:places:v001:700,SHARED_REFERENCE,ACTIVE
NG-NAM-SET-000261,NGP-000261,Lakemarch,Lakemarch,lakemarch,MUNICIPALITY,municipal_urban,urban,,NGP-000258,NGR-04,Nyara Basin,NVG,false,false,lake_and_wetland_basin,Municipal service centre within Nyara Basin,regional_production_and_services,houses|apartments|plots|retail|offices,geographic_descriptive,NoveGeo landscape lexicon,,,PROPOSED,PROVISIONAL,UNMAPPED_PENDING_ASSOCIATION,2026-08-11,novegeo_tribes.csv + simulation geography design,dataset:novegeo:places:v001:700,SHARED_REFERENCE,ACTIVE
NG-NAM-SET-000262,NGP-000262,Silvermere Central,Silvermere Central,silvermere-central,CITY_DISTRICT,intra_city_district,metropolitan,NGP-000258,NGP-000258,NGR-04,Nyara Basin,NVG,false,false,lake_and_wetland_basin,Metropolitan district of Silvermere,commerce_and_mixed_use,apartments|offices|retail|mixed_use,geographic_descriptive,NoveGeo landscape lexicon,,,PROPOSED,PROVISIONAL,UNMAPPED_PENDING_ASSOCIATION,2026-08-11,novegeo_tribes.csv + simulation geography design,dataset:novegeo:places:v001:700,SHARED_REFERENCE,ACTIVE
NG-NAM-SET-000263,NGP-000263,Lakefront Exchange,Lakefront Exchange,lakefront-exchange,CITY_DISTRICT,intra_city_district,metropolitan,NGP-000258,NGP-000258,NGR-04,Nyara Basin,NVG,false,false,lake_and_wetland_basin,Metropolitan district of Silvermere,commerce_and_mixed_use,apartments|offices|retail|mixed_use,historic_trade_or_occupation,Regional trade lexicon,,,PROPOSED,PROVISIONAL,UNMAPPED_PENDING_ASSOCIATION,2026-08-11,novegeo_tribes.csv + simulation geography design,dataset:novegeo:places:v001:700,SHARED_REFERENCE,ACTIVE
NG-NAM-SET-000264,NGP-000264,Reedbank Ward,Reedbank Ward,reedbank-ward,CITY_DISTRICT,intra_city_district,metropolitan,NGP-000258,NGP-000258,NGR-04,Nyara Basin,NVG,false,false,lake_and_wetland_basin,Metropolitan district of Silvermere,civic_and_public_services,apartments|offices|retail|mixed_use,neutral_civic_or_planned,National civic lexicon,,,PROPOSED,PROVISIONAL,UNMAPPED_PENDING_ASSOCIATION,2026-08-11,novegeo_tribes.csv + simulation geography design,dataset:novegeo:places:v001:700,SHARED_REFERENCE,ACTIVE
NG-NAM-SET-000265,NGP-000265,Canal Quarter,Canal Quarter,canal-quarter,CITY_DISTRICT,intra_city_district,metropolitan,NGP-000258,NGP-000258,NGR-04,Nyara Basin,NVG,false,false,lake_and_wetland_basin,Metropolitan district of Silvermere,international_and_mixed_use,apartments|offices|retail|mixed_use,neutral_civic_or_planned,National civic lexicon,Little Amsterdam,Dutch water engineers and canal-front housing influenced the area's modern character.,PROPOSED,PROVISIONAL,UNMAPPED_PENDING_ASSOCIATION,2026-08-11,novegeo_tribes.csv + simulation geography design,dataset:novegeo:places:v001:700,SHARED_REFERENCE,ACTIVE
NG-NAM-SET-000266,NGP-000266,Old Ferry,Old Ferry,old-ferry,CITY_DISTRICT,intra_city_district,metropolitan,NGP-000258,NGP-000258,NGR-04,Nyara Basin,NVG,false,false,lake_and_wetland_basin,Metropolitan district of Silvermere,transport_and_logistics,apartments|offices|retail|mixed_use,historic_trade_or_occupation,Regional trade lexicon,,,PROPOSED,PROVISIONAL,UNMAPPED_PENDING_ASSOCIATION,2026-08-11,novegeo_tribes.csv + simulation geography design,dataset:novegeo:places:v001:700,SHARED_REFERENCE,ACTIVE
NG-NAM-SET-000267,NGP-000267,Civic Isles,Civic Isles,civic-isles,CITY_DISTRICT,intra_city_district,metropolitan,NGP-000258,NGP-000258,NGR-04,Nyara Basin,NVG,false,false,lake_and_wetland_basin,Metropolitan district of Silvermere,civic_and_public_services,apartments|offices|retail|mixed_use,geographic_descriptive,NoveGeo landscape lexicon,,,PROPOSED,PROVISIONAL,UNMAPPED_PENDING_ASSOCIATION,2026-08-11,novegeo_tribes.csv + simulation geography design,dataset:novegeo:places:v001:700,SHARED_REFERENCE,ACTIVE
NG-NAM-SET-000268,NGP-000268,Museum Reach,Museum Reach,museum-reach,CITY_DISTRICT,intra_city_district,metropolitan,NGP-000258,NGP-000258,NGR-04,Nyara Basin,NVG,false,false,lake_and_wetland_basin,Metropolitan district of Silvermere,education_and_research,apartments|offices|retail|mixed_use,geographic_descriptive,NoveGeo landscape lexicon,,,PROPOSED,PROVISIONAL,UNMAPPED_PENDING_ASSOCIATION,2026-08-11,novegeo_tribes.csv + simulation geography design,dataset:novegeo:places:v001:700,SHARED_REFERENCE,ACTIVE
NG-NAM-SET-000269,NGP-000269,West Quays,West Quays,west-quays,CITY_DISTRICT,intra_city_district,metropolitan,NGP-000258,NGP-000258,NGR-04,Nyara Basin,NVG,false,false,lake_and_wetland_basin,Metropolitan district of Silvermere,transport_and_logistics,apartments|offices|retail|mixed_use,historic_trade_or_occupation,Regional trade lexicon,,,PROPOSED,PROVISIONAL,UNMAPPED_PENDING_ASSOCIATION,2026-08-11,novegeo_tribes.csv + simulation geography design,dataset:novegeo:places:v001:700,SHARED_REFERENCE,ACTIVE
NG-NAM-SET-000270,NGP-000270,Bluewater,Bluewater,bluewater,SUBURB,urban_neighborhood,urban,NGP-000258,NGP-000258,NGR-04,Nyara Basin,NVG,false,false,lake_and_wetland_basin,Residential neighborhood of Silvermere,waterfront_residential,detached_houses|townhouses|apartments|residential_plots,geographic_descriptive,NoveGeo landscape lexicon,,,PROPOSED,PROVISIONAL,UNMAPPED_PENDING_ASSOCIATION,2026-08-11,novegeo_tribes.csv + simulation geography design,dataset:novegeo:places:v001:700,SHARED_REFERENCE,ACTIVE
NG-NAM-SET-000271,NGP-000271,Nyarin Gardens,Nyarin Gardens,nyarin-gardens,SUBURB,urban_neighborhood,urban,NGP-000258,NGP-000258,NGR-04,Nyara Basin,NVG,false,false,lake_and_wetland_basin,Residential neighborhood of Silvermere,garden_residential,detached_houses|townhouses|apartments|residential_plots,tribal_influenced,Nyandura,,,PROPOSED,PROVISIONAL,UNMAPPED_PENDING_ASSOCIATION,2026-08-11,novegeo_tribes.csv + simulation geography design,dataset:novegeo:places:v001:700,SHARED_REFERENCE,ACTIVE
NG-NAM-SET-000272,NGP-000272,Heron Park,Heron Park,heron-park,SUBURB,urban_neighborhood,urban,NGP-000258,NGP-000258,NGR-04,Nyara Basin,NVG,false,false,lake_and_wetland_basin,Residential neighborhood of Silvermere,garden_residential,detached_houses|townhouses|apartments|residential_plots,geographic_descriptive,NoveGeo landscape lexicon,,,PROPOSED,PROVISIONAL,UNMAPPED_PENDING_ASSOCIATION,2026-08-11,novegeo_tribes.csv + simulation geography design,dataset:novegeo:places:v001:700,SHARED_REFERENCE,ACTIVE
NG-NAM-SET-000273,NGP-000273,Willowmere,Willowmere,willowmere,SUBURB,urban_neighborhood,urban,NGP-000258,NGP-000258,NGR-04,Nyara Basin,NVG,false,false,lake_and_wetland_basin,Residential neighborhood of Silvermere,mixed_density_residential,detached_houses|townhouses|apartments|residential_plots,geographic_descriptive,NoveGeo landscape lexicon,,,PROPOSED,PROVISIONAL,UNMAPPED_PENDING_ASSOCIATION,2026-08-11,novegeo_tribes.csv + simulation geography design,dataset:novegeo:places:v001:700,SHARED_REFERENCE,ACTIVE
NG-NAM-SET-000274,NGP-000274,Canalview,Canalview,canalview,SUBURB,urban_neighborhood,urban,NGP-000258,NGP-000258,NGR-04,Nyara Basin,NVG,false,false,lake_and_wetland_basin,Residential neighborhood of Silvermere,waterfront_residential,detached_houses|townhouses|apartments|residential_plots,mixed_novegeo,National mixed lexicon,,,PROPOSED,PROVISIONAL,UNMAPPED_PENDING_ASSOCIATION,2026-08-11,novegeo_tribes.csv + simulation geography design,dataset:novegeo:places:v001:700,SHARED_REFERENCE,ACTIVE
NG-NAM-SET-000275,NGP-000275,Lakeside North,Lakeside North,lakeside-north,SUBURB,urban_neighborhood,urban,NGP-000258,NGP-000258,NGR-04,Nyara Basin,NVG,false,false,lake_and_wetland_basin,Residential neighborhood of Silvermere,growth_corridor_residential,detached_houses|townhouses|apartments|residential_plots,geographic_descriptive,NoveGeo landscape lexicon,,,PROPOSED,PROVISIONAL,UNMAPPED_PENDING_ASSOCIATION,2026-08-11,novegeo_tribes.csv + simulation geography design,dataset:novegeo:places:v001:700,SHARED_REFERENCE,ACTIVE
NG-NAM-SET-000276,NGP-000276,Pearlbank,Pearlbank,pearlbank,SUBURB,urban_neighborhood,urban,NGP-000258,NGP-000258,NGR-04,Nyara Basin,NVG,false,false,lake_and_wetland_basin,Residential neighborhood of Silvermere,mixed_density_residential,detached_houses|townhouses|apartments|residential_plots,mixed_novegeo,National mixed lexicon,,,PROPOSED,PROVISIONAL,UNMAPPED_PENDING_ASSOCIATION,2026-08-11,novegeo_tribes.csv + simulation geography design,dataset:novegeo:places:v001:700,SHARED_REFERENCE,ACTIVE
NG-NAM-SET-000277,NGP-000277,Mistral Court,Mistral Court,mistral-court,SUBURB,urban_neighborhood,urban,NGP-000258,NGP-000258,NGR-04,Nyara Basin,NVG,false,false,lake_and_wetland_basin,Residential neighborhood of Silvermere,garden_residential,detached_houses|townhouses|apartments|residential_plots,mixed_novegeo,National mixed lexicon,,,PROPOSED,PROVISIONAL,UNMAPPED_PENDING_ASSOCIATION,2026-08-11,novegeo_tribes.csv + simulation geography design,dataset:novegeo:places:v001:700,SHARED_REFERENCE,ACTIVE
NG-NAM-SET-000278,NGP-000278,Fenwick,Fenwick,fenwick,SUBURB,urban_neighborhood,urban,NGP-000258,NGP-000258,NGR-04,Nyara Basin,NVG,false,false,lake_and_wetland_basin,Residential neighborhood of Silvermere,mixed_density_residential,detached_houses|townhouses|apartments|residential_plots,geographic_descriptive,NoveGeo landscape lexicon,,,PROPOSED,PROVISIONAL,UNMAPPED_PENDING_ASSOCIATION,2026-08-11,novegeo_tribes.csv + simulation geography design,dataset:novegeo:places:v001:700,SHARED_REFERENCE,ACTIVE
NG-NAM-SET-000279,NGP-000279,Riverglass,Riverglass,riverglass,SUBURB,urban_neighborhood,urban,NGP-000258,NGP-000258,NGR-04,Nyara Basin,NVG,false,false,lake_and_wetland_basin,Residential neighborhood of Silvermere,waterfront_residential,detached_houses|townhouses|apartments|residential_plots,geographic_descriptive,NoveGeo landscape lexicon,,,PROPOSED,PROVISIONAL,UNMAPPED_PENDING_ASSOCIATION,2026-08-11,novegeo_tribes.csv + simulation geography design,dataset:novegeo:places:v001:700,SHARED_REFERENCE,ACTIVE
NG-NAM-SET-000280,NGP-000280,New Delft,New Delft,new-delft,SUBURB,urban_neighborhood,urban,NGP-000258,NGP-000258,NGR-04,Nyara Basin,NVG,false,false,lake_and_wetland_basin,Residential neighborhood of Silvermere,cosmopolitan_residential,detached_houses|townhouses|apartments|residential_plots,international_settler,International diaspora,,,PROPOSED,PROVISIONAL,UNMAPPED_PENDING_ASSOCIATION,2026-08-11,novegeo_tribes.csv + simulation geography design,dataset:novegeo:places:v001:700,SHARED_REFERENCE,ACTIVE
NG-NAM-SET-000281,NGP-000281,Sedgefield,Sedgefield,sedgefield,SUBURB,urban_neighborhood,urban,NGP-000258,NGP-000258,NGR-04,Nyara Basin,NVG,false,false,lake_and_wetland_basin,Residential neighborhood of Silvermere,mixed_density_residential,detached_houses|townhouses|apartments|residential_plots,geographic_descriptive,NoveGeo landscape lexicon,,,PROPOSED,PROVISIONAL,UNMAPPED_PENDING_ASSOCIATION,2026-08-11,novegeo_tribes.csv + simulation geography design,dataset:novegeo:places:v001:700,SHARED_REFERENCE,ACTIVE
NG-NAM-SET-000282,NGP-000282,Nyarin,Nyarin,nyarin,TOWN,secondary_urban,urban,NGP-000259,NGP-000258,NGR-04,Nyara Basin,NVG,false,false,lake_and_wetland_basin,Regional fisheries centre,fisheries,houses|apartments|commercial_plots|retail|warehouses,tribal_influenced,Nyandura,,,PROPOSED,PROVISIONAL,UNMAPPED_PENDING_ASSOCIATION,2026-08-11,novegeo_tribes.csv + simulation geography design,dataset:novegeo:places:v001:700,SHARED_REFERENCE,ACTIVE
NG-NAM-SET-000283,NGP-000283,Nyondar,Nyondar,nyondar,TOWN,secondary_urban,urban,NGP-000259,NGP-000258,NGR-04,Nyara Basin,NVG,false,false,lake_and_wetland_basin,Regional wetland agriculture centre,wetland_agriculture,houses|apartments|commercial_plots|retail|warehouses,tribal_influenced,Nyandura,,,PROPOSED,PROVISIONAL,UNMAPPED_PENDING_ASSOCIATION,2026-08-11,novegeo_tribes.csv + simulation geography design,dataset:novegeo:places:v001:700,SHARED_REFERENCE,ACTIVE
NG-NAM-SET-000284,NGP-000284,Nyavora,Nyavora,nyavora,TOWN,secondary_urban,urban,NGP-000259,NGP-000258,NGR-04,Nyara Basin,NVG,false,false,lake_and_wetland_basin,Regional tourism centre,tourism,houses|apartments|commercial_plots|retail|warehouses,tribal_influenced,Nyandura,Reed City,Dense reed beds surround the town's channels and landing places.,PROPOSED,PROVISIONAL,UNMAPPED_PENDING_ASSOCIATION,2026-08-11,novegeo_tribes.csv + simulation geography design,dataset:novegeo:places:v001:700,SHARED_REFERENCE,ACTIVE
NG-NAM-SET-000285,NGP-000285,Osprey Bend,Osprey Bend,osprey-bend,TOWN,secondary_urban,urban,NGP-000259,NGP-000258,NGR-04,Nyara Basin,NVG,false,false,lake_and_wetland_basin,Regional water transport centre,water_transport,houses|apartments|commercial_plots|retail|warehouses,mixed_novegeo,National mixed lexicon,,,PROPOSED,PROVISIONAL,UNMAPPED_PENDING_ASSOCIATION,2026-08-11,novegeo_tribes.csv + simulation geography design,dataset:novegeo:places:v001:700,SHARED_REFERENCE,ACTIVE
NG-NAM-SET-000286,NGP-000286,Pelican Reach,Pelican Reach,pelican-reach,TOWN,secondary_urban,urban,NGP-000259,NGP-000258,NGR-04,Nyara Basin,NVG,false,false,lake_and_wetland_basin,Regional basin services centre,basin_services,houses|apartments|commercial_plots|retail|warehouses,geographic_descriptive,NoveGeo landscape lexicon,,,PROPOSED,PROVISIONAL,UNMAPPED_PENDING_ASSOCIATION,2026-08-11,novegeo_tribes.csv + simulation geography design,dataset:novegeo:places:v001:700,SHARED_REFERENCE,ACTIVE
NG-NAM-SET-000287,NGP-000287,Fenmere,Fenmere,fenmere,TOWN,secondary_urban,urban,NGP-000260,NGP-000258,NGR-04,Nyara Basin,NVG,false,false,lake_and_wetland_basin,Regional fisheries centre,fisheries,houses|apartments|commercial_plots|retail|warehouses,geographic_descriptive,NoveGeo landscape lexicon,,,PROPOSED,PROVISIONAL,UNMAPPED_PENDING_ASSOCIATION,2026-08-11,novegeo_tribes.csv + simulation geography design,dataset:novegeo:places:v001:700,SHARED_REFERENCE,ACTIVE
NG-NAM-SET-000288,NGP-000288,Lotus Ford,Lotus Ford,lotus-ford,TOWN,secondary_urban,urban,NGP-000260,NGP-000258,NGR-04,Nyara Basin,NVG,false,false,lake_and_wetland_basin,Regional wetland agriculture centre,wetland_agriculture,houses|apartments|commercial_plots|retail|warehouses,geographic_descriptive,NoveGeo landscape lexicon,,,PROPOSED,PROVISIONAL,UNMAPPED_PENDING_ASSOCIATION,2026-08-11,novegeo_tribes.csv + simulation geography design,dataset:novegeo:places:v001:700,SHARED_REFERENCE,ACTIVE
NG-NAM-SET-000289,NGP-000289,Rivermist,Rivermist,rivermist,TOWN,secondary_urban,urban,NGP-000260,NGP-000258,NGR-04,Nyara Basin,NVG,false,false,lake_and_wetland_basin,Regional tourism centre,tourism,houses|apartments|commercial_plots|retail|warehouses,geographic_descriptive,NoveGeo landscape lexicon,,,PROPOSED,PROVISIONAL,UNMAPPED_PENDING_ASSOCIATION,2026-08-11,novegeo_tribes.csv + simulation geography design,dataset:novegeo:places:v001:700,SHARED_REFERENCE,ACTIVE
NG-NAM-SET-000290,NGP-000290,Heronfall,Heronfall,heronfall,TOWN,secondary_urban,urban,NGP-000260,NGP-000258,NGR-04,Nyara Basin,NVG,false,false,lake_and_wetland_basin,Regional water transport centre,water_transport,houses|apartments|commercial_plots|retail|warehouses,mixed_novegeo,National mixed lexicon,,,PROPOSED,PROVISIONAL,UNMAPPED_PENDING_ASSOCIATION,2026-08-11,novegeo_tribes.csv + simulation geography design,dataset:novegeo:places:v001:700,SHARED_REFERENCE,ACTIVE
NG-NAM-SET-000291,NGP-000291,Delftwater,Delftwater,delftwater,TOWN,secondary_urban,urban,NGP-000260,NGP-000258,NGR-04,Nyara Basin,NVG,false,false,lake_and_wetland_basin,Regional basin services centre,basin_services,houses|apartments|commercial_plots|retail|warehouses,geographic_descriptive,NoveGeo landscape lexicon,,,PROPOSED,PROVISIONAL,UNMAPPED_PENDING_ASSOCIATION,2026-08-11,novegeo_tribes.csv + simulation geography design,dataset:novegeo:places:v001:700,SHARED_REFERENCE,ACTIVE
NG-NAM-SET-000292,NGP-000292,Bluehaven,Bluehaven,bluehaven,TOWN,secondary_urban,urban,NGP-000261,NGP-000258,NGR-04,Nyara Basin,NVG,false,false,lake_and_wetland_basin,Regional fisheries centre,fisheries,houses|apartments|commercial_plots|retail|warehouses,mixed_novegeo,National mixed lexicon,,,PROPOSED,PROVISIONAL,UNMAPPED_PENDING_ASSOCIATION,2026-08-11,novegeo_tribes.csv + simulation geography design,dataset:novegeo:places:v001:700,SHARED_REFERENCE,ACTIVE
NG-NAM-SET-000293,NGP-000293,Lowwater,Lowwater,lowwater,TOWN,secondary_urban,urban,NGP-000261,NGP-000258,NGR-04,Nyara Basin,NVG,false,false,lake_and_wetland_basin,Regional wetland agriculture centre,wetland_agriculture,houses|apartments|commercial_plots|retail|warehouses,geographic_descriptive,NoveGeo landscape lexicon,,,PROPOSED,PROVISIONAL,UNMAPPED_PENDING_ASSOCIATION,2026-08-11,novegeo_tribes.csv + simulation geography design,dataset:novegeo:places:v001:700,SHARED_REFERENCE,ACTIVE
NG-NAM-SET-000294,NGP-000294,Canalford,Canalford,canalford,TOWN,secondary_urban,urban,NGP-000261,NGP-000258,NGR-04,Nyara Basin,NVG,false,false,lake_and_wetland_basin,Regional tourism centre,tourism,houses|apartments|commercial_plots|retail|warehouses,geographic_descriptive,NoveGeo landscape lexicon,,,PROPOSED,PROVISIONAL,UNMAPPED_PENDING_ASSOCIATION,2026-08-11,novegeo_tribes.csv + simulation geography design,dataset:novegeo:places:v001:700,SHARED_REFERENCE,ACTIVE
NG-NAM-SET-000295,NGP-000295,Brinewell,Brinewell,brinewell,TOWN,secondary_urban,urban,NGP-000261,NGP-000258,NGR-04,Nyara Basin,NVG,false,false,lake_and_wetland_basin,Regional water transport centre,water_transport,houses|apartments|commercial_plots|retail|warehouses,mixed_novegeo,National mixed lexicon,,,PROPOSED,PROVISIONAL,UNMAPPED_PENDING_ASSOCIATION,2026-08-11,novegeo_tribes.csv + simulation geography design,dataset:novegeo:places:v001:700,SHARED_REFERENCE,ACTIVE
NG-NAM-SET-000296,NGP-000296,Willow Quay,Willow Quay,willow-quay,TOWN,secondary_urban,urban,NGP-000261,NGP-000258,NGR-04,Nyara Basin,NVG,false,false,lake_and_wetland_basin,Regional basin services centre,basin_services,houses|apartments|commercial_plots|retail|warehouses,historic_trade_or_occupation,Regional trade lexicon,,,PROPOSED,PROVISIONAL,UNMAPPED_PENDING_ASSOCIATION,2026-08-11,novegeo_tribes.csv + simulation geography design,dataset:novegeo:places:v001:700,SHARED_REFERENCE,ACTIVE
NG-NAM-SET-000297,NGP-000297,Nyandor Landing,Nyandor Landing,nyandor-landing,TOWNSHIP,small_urban,peri_urban,NGP-000259,NGP-000258,NGR-04,Nyara Basin,NVG,false,false,lake_and_wetland_basin,Peri-urban township serving Nyandor,local_services_and_residential_growth,houses|rental_units|plots|workshops|shops,tribal_influenced,Nyandura,,,PROPOSED,PROVISIONAL,UNMAPPED_PENDING_ASSOCIATION,2026-08-11,novegeo_tribes.csv + simulation geography design,dataset:novegeo:places:v001:700,SHARED_REFERENCE,ACTIVE
NG-NAM-SET-000298,NGP-000298,Reedline,Reedline,reedline,TOWNSHIP,small_urban,peri_urban,NGP-000259,NGP-000258,NGR-04,Nyara Basin,NVG,false,false,lake_and_wetland_basin,Peri-urban township serving Nyandor,local_services_and_residential_growth,houses|rental_units|plots|workshops|shops,neutral_civic_or_planned,National civic lexicon,,,PROPOSED,PROVISIONAL,UNMAPPED_PENDING_ASSOCIATION,2026-08-11,novegeo_tribes.csv + simulation geography design,dataset:novegeo:places:v001:700,SHARED_REFERENCE,ACTIVE
NG-NAM-SET-000299,NGP-000299,Nyan Cross,Nyan Cross,nyan-cross,TOWNSHIP,small_urban,peri_urban,NGP-000259,NGP-000258,NGR-04,Nyara Basin,NVG,false,false,lake_and_wetland_basin,Peri-urban township serving Nyandor,local_services_and_residential_growth,houses|rental_units|plots|workshops|shops,tribal_influenced,Nyandura,,,PROPOSED,PROVISIONAL,UNMAPPED_PENDING_ASSOCIATION,2026-08-11,novegeo_tribes.csv + simulation geography design,dataset:novegeo:places:v001:700,SHARED_REFERENCE,ACTIVE
NG-NAM-SET-000300,NGP-000300,South Reedhaven,South Reedhaven,south-reedhaven,TOWNSHIP,small_urban,peri_urban,NGP-000260,NGP-000258,NGR-04,Nyara Basin,NVG,false,false,lake_and_wetland_basin,Peri-urban township serving Reedhaven,local_services_and_residential_growth,houses|rental_units|plots|workshops|shops,mixed_novegeo,National mixed lexicon,,,PROPOSED,PROVISIONAL,UNMAPPED_PENDING_ASSOCIATION,2026-08-11,novegeo_tribes.csv + simulation geography design,dataset:novegeo:places:v001:700,SHARED_REFERENCE,ACTIVE
NG-NAM-SET-000301,NGP-000301,Lotus Junction,Lotus Junction,lotus-junction,TOWNSHIP,small_urban,peri_urban,NGP-000260,NGP-000258,NGR-04,Nyara Basin,NVG,false,false,lake_and_wetland_basin,Peri-urban township serving Reedhaven,local_services_and_residential_growth,houses|rental_units|plots|workshops|shops,neutral_civic_or_planned,National civic lexicon,,,PROPOSED,PROVISIONAL,UNMAPPED_PENDING_ASSOCIATION,2026-08-11,novegeo_tribes.csv + simulation geography design,dataset:novegeo:places:v001:700,SHARED_REFERENCE,ACTIVE
NG-NAM-SET-000302,NGP-000302,Heron Steps,Heron Steps,heron-steps,TOWNSHIP,small_urban,peri_urban,NGP-000260,NGP-000258,NGR-04,Nyara Basin,NVG,false,false,lake_and_wetland_basin,Peri-urban township serving Reedhaven,local_services_and_residential_growth,houses|rental_units|plots|workshops|shops,mixed_novegeo,National mixed lexicon,,,PROPOSED,PROVISIONAL,UNMAPPED_PENDING_ASSOCIATION,2026-08-11,novegeo_tribes.csv + simulation geography design,dataset:novegeo:places:v001:700,SHARED_REFERENCE,ACTIVE
NG-NAM-SET-000303,NGP-000303,Lakemarch East,Lakemarch East,lakemarch-east,TOWNSHIP,small_urban,peri_urban,NGP-000261,NGP-000258,NGR-04,Nyara Basin,NVG,false,false,lake_and_wetland_basin,Peri-urban township serving Lakemarch,local_services_and_residential_growth,houses|rental_units|plots|workshops|shops,geographic_descriptive,NoveGeo landscape lexicon,,,PROPOSED,PROVISIONAL,UNMAPPED_PENDING_ASSOCIATION,2026-08-11,novegeo_tribes.csv + simulation geography design,dataset:novegeo:places:v001:700,SHARED_REFERENCE,ACTIVE
NG-NAM-SET-000304,NGP-000304,Lowwater Bend,Lowwater Bend,lowwater-bend,TOWNSHIP,small_urban,peri_urban,NGP-000261,NGP-000258,NGR-04,Nyara Basin,NVG,false,false,lake_and_wetland_basin,Peri-urban township serving Lakemarch,local_services_and_residential_growth,houses|rental_units|plots|workshops|shops,geographic_descriptive,NoveGeo landscape lexicon,,,PROPOSED,PROVISIONAL,UNMAPPED_PENDING_ASSOCIATION,2026-08-11,novegeo_tribes.csv + simulation geography design,dataset:novegeo:places:v001:700,SHARED_REFERENCE,ACTIVE
NG-NAM-SET-000305,NGP-000305,Canal End,Canal End,canal-end,TOWNSHIP,small_urban,peri_urban,NGP-000261,NGP-000258,NGR-04,Nyara Basin,NVG,false,false,lake_and_wetland_basin,Peri-urban township serving Lakemarch,local_services_and_residential_growth,houses|rental_units|plots|workshops|shops,mixed_novegeo,National mixed lexicon,,,PROPOSED,PROVISIONAL,UNMAPPED_PENDING_ASSOCIATION,2026-08-11,novegeo_tribes.csv + simulation geography design,dataset:novegeo:places:v001:700,SHARED_REFERENCE,ACTIVE
NG-NAM-SET-000306,NGP-000306,Upper Nyarin,Upper Nyarin,upper-nyarin,VILLAGE,rural_settlement,rural,NGP-000282,NGP-000258,NGR-04,Nyara Basin,NVG,false,false,lake_and_wetland_basin,Rural community linked to Nyarin,smallholder_agriculture_and_fisheries,agricultural_land|homesteads|rural_plots|cottages,tribal_influenced,Nyandura,,,PROPOSED,PROVISIONAL,UNMAPPED_PENDING_ASSOCIATION,2026-08-11,novegeo_tribes.csv + simulation geography design,dataset:novegeo:places:v001:700,SHARED_REFERENCE,ACTIVE
NG-NAM-SET-000307,NGP-000307,Nyarin Landing,Nyarin Landing,nyarin-landing,VILLAGE,rural_settlement,rural,NGP-000282,NGP-000258,NGR-04,Nyara Basin,NVG,false,false,lake_and_wetland_basin,Rural community linked to Nyarin,smallholder_agriculture_and_fisheries,agricultural_land|homesteads|rural_plots|cottages,tribal_influenced,Nyandura,,,PROPOSED,PROVISIONAL,UNMAPPED_PENDING_ASSOCIATION,2026-08-11,novegeo_tribes.csv + simulation geography design,dataset:novegeo:places:v001:700,SHARED_REFERENCE,ACTIVE
NG-NAM-SET-000308,NGP-000308,Lower Nyondar,Lower Nyondar,lower-nyondar,VILLAGE,rural_settlement,rural,NGP-000283,NGP-000258,NGR-04,Nyara Basin,NVG,false,false,lake_and_wetland_basin,Rural community linked to Nyondar,smallholder_agriculture_and_fisheries,agricultural_land|homesteads|rural_plots|cottages,tribal_influenced,Nyandura,,,PROPOSED,PROVISIONAL,UNMAPPED_PENDING_ASSOCIATION,2026-08-11,novegeo_tribes.csv + simulation geography design,dataset:novegeo:places:v001:700,SHARED_REFERENCE,ACTIVE
NG-NAM-SET-000309,NGP-000309,Nyondar Reed,Nyondar Reed,nyondar-reed,VILLAGE,rural_settlement,rural,NGP-000283,NGP-000258,NGR-04,Nyara Basin,NVG,false,false,lake_and_wetland_basin,Rural community linked to Nyondar,smallholder_agriculture_and_fisheries,agricultural_land|homesteads|rural_plots|cottages,tribal_influenced,Nyandura,,,PROPOSED,PROVISIONAL,UNMAPPED_PENDING_ASSOCIATION,2026-08-11,novegeo_tribes.csv + simulation geography design,dataset:novegeo:places:v001:700,SHARED_REFERENCE,ACTIVE
NG-NAM-SET-000310,NGP-000310,Old Nyavora,Old Nyavora,old-nyavora,VILLAGE,rural_settlement,rural,NGP-000284,NGP-000258,NGR-04,Nyara Basin,NVG,false,false,lake_and_wetland_basin,Rural community linked to Nyavora,smallholder_agriculture_and_fisheries,agricultural_land|homesteads|rural_plots|cottages,tribal_influenced,Nyandura,,,PROPOSED,PROVISIONAL,UNMAPPED_PENDING_ASSOCIATION,2026-08-11,novegeo_tribes.csv + simulation geography design,dataset:novegeo:places:v001:700,SHARED_REFERENCE,ACTIVE
NG-NAM-SET-000311,NGP-000311,Nyavora Bank,Nyavora Bank,nyavora-bank,VILLAGE,rural_settlement,rural,NGP-000284,NGP-000258,NGR-04,Nyara Basin,NVG,false,false,lake_and_wetland_basin,Rural community linked to Nyavora,smallholder_agriculture_and_fisheries,agricultural_land|homesteads|rural_plots|cottages,tribal_influenced,Nyandura,,,PROPOSED,PROVISIONAL,UNMAPPED_PENDING_ASSOCIATION,2026-08-11,novegeo_tribes.csv + simulation geography design,dataset:novegeo:places:v001:700,SHARED_REFERENCE,ACTIVE
NG-NAM-SET-000312,NGP-000312,East Osprey Bend,East Osprey Bend,east-osprey-bend,VILLAGE,rural_settlement,rural,NGP-000285,NGP-000258,NGR-04,Nyara Basin,NVG,false,false,lake_and_wetland_basin,Rural community linked to Osprey Bend,smallholder_agriculture_and_fisheries,agricultural_land|homesteads|rural_plots|cottages,mixed_novegeo,National mixed lexicon,,,PROPOSED,PROVISIONAL,UNMAPPED_PENDING_ASSOCIATION,2026-08-11,novegeo_tribes.csv + simulation geography design,dataset:novegeo:places:v001:700,SHARED_REFERENCE,ACTIVE
NG-NAM-SET-000313,NGP-000313,Osprey Bend Ford,Osprey Bend Ford,osprey-bend-ford,VILLAGE,rural_settlement,rural,NGP-000285,NGP-000258,NGR-04,Nyara Basin,NVG,false,false,lake_and_wetland_basin,Rural community linked to Osprey Bend,smallholder_agriculture_and_fisheries,agricultural_land|homesteads|rural_plots|cottages,geographic_descriptive,NoveGeo landscape lexicon,,,PROPOSED,PROVISIONAL,UNMAPPED_PENDING_ASSOCIATION,2026-08-11,novegeo_tribes.csv + simulation geography design,dataset:novegeo:places:v001:700,SHARED_REFERENCE,ACTIVE
NG-NAM-SET-000314,NGP-000314,South Pelican Reach,South Pelican Reach,south-pelican-reach,VILLAGE,rural_settlement,rural,NGP-000286,NGP-000258,NGR-04,Nyara Basin,NVG,false,false,lake_and_wetland_basin,Rural community linked to Pelican Reach,smallholder_agriculture_and_fisheries,agricultural_land|homesteads|rural_plots|cottages,geographic_descriptive,NoveGeo landscape lexicon,,,PROPOSED,PROVISIONAL,UNMAPPED_PENDING_ASSOCIATION,2026-08-11,novegeo_tribes.csv + simulation geography design,dataset:novegeo:places:v001:700,SHARED_REFERENCE,ACTIVE
NG-NAM-SET-000315,NGP-000315,Pelican Reach Marsh,Pelican Reach Marsh,pelican-reach-marsh,VILLAGE,rural_settlement,rural,NGP-000286,NGP-000258,NGR-04,Nyara Basin,NVG,false,false,lake_and_wetland_basin,Rural community linked to Pelican Reach,smallholder_agriculture_and_fisheries,agricultural_land|homesteads|rural_plots|cottages,geographic_descriptive,NoveGeo landscape lexicon,,,PROPOSED,PROVISIONAL,UNMAPPED_PENDING_ASSOCIATION,2026-08-11,novegeo_tribes.csv + simulation geography design,dataset:novegeo:places:v001:700,SHARED_REFERENCE,ACTIVE
NG-NAM-SET-000316,NGP-000316,Fenmere Fen,Fenmere Fen,fenmere-fen,VILLAGE,rural_settlement,rural,NGP-000287,NGP-000258,NGR-04,Nyara Basin,NVG,false,false,lake_and_wetland_basin,Rural community linked to Fenmere,smallholder_agriculture_and_fisheries,agricultural_land|homesteads|rural_plots|cottages,geographic_descriptive,NoveGeo landscape lexicon,,,PROPOSED,PROVISIONAL,UNMAPPED_PENDING_ASSOCIATION,2026-08-11,novegeo_tribes.csv + simulation geography design,dataset:novegeo:places:v001:700,SHARED_REFERENCE,ACTIVE
NG-NAM-SET-000317,NGP-000317,Fenmere Pools,Fenmere Pools,fenmere-pools,VILLAGE,rural_settlement,rural,NGP-000287,NGP-000258,NGR-04,Nyara Basin,NVG,false,false,lake_and_wetland_basin,Rural community linked to Fenmere,smallholder_agriculture_and_fisheries,agricultural_land|homesteads|rural_plots|cottages,geographic_descriptive,NoveGeo landscape lexicon,,,PROPOSED,PROVISIONAL,UNMAPPED_PENDING_ASSOCIATION,2026-08-11,novegeo_tribes.csv + simulation geography design,dataset:novegeo:places:v001:700,SHARED_REFERENCE,ACTIVE
NG-NAM-SET-000318,NGP-000318,North Lotus Ford,North Lotus Ford,north-lotus-ford,VILLAGE,rural_settlement,rural,NGP-000288,NGP-000258,NGR-04,Nyara Basin,NVG,false,false,lake_and_wetland_basin,Rural community linked to Lotus Ford,smallholder_agriculture_and_fisheries,agricultural_land|homesteads|rural_plots|cottages,geographic_descriptive,NoveGeo landscape lexicon,,,PROPOSED,PROVISIONAL,UNMAPPED_PENDING_ASSOCIATION,2026-08-11,novegeo_tribes.csv + simulation geography design,dataset:novegeo:places:v001:700,SHARED_REFERENCE,ACTIVE
NG-NAM-SET-000319,NGP-000319,Lotus Ford Channel,Lotus Ford Channel,lotus-ford-channel,VILLAGE,rural_settlement,rural,NGP-000288,NGP-000258,NGR-04,Nyara Basin,NVG,false,false,lake_and_wetland_basin,Rural community linked to Lotus Ford,smallholder_agriculture_and_fisheries,agricultural_land|homesteads|rural_plots|cottages,geographic_descriptive,NoveGeo landscape lexicon,,,PROPOSED,PROVISIONAL,UNMAPPED_PENDING_ASSOCIATION,2026-08-11,novegeo_tribes.csv + simulation geography design,dataset:novegeo:places:v001:700,SHARED_REFERENCE,ACTIVE
NG-NAM-SET-000320,NGP-000320,Rivermist Water,Rivermist Water,rivermist-water,VILLAGE,rural_settlement,rural,NGP-000289,NGP-000258,NGR-04,Nyara Basin,NVG,false,false,lake_and_wetland_basin,Rural community linked to Rivermist,smallholder_agriculture_and_fisheries,agricultural_land|homesteads|rural_plots|cottages,geographic_descriptive,NoveGeo landscape lexicon,,,PROPOSED,PROVISIONAL,UNMAPPED_PENDING_ASSOCIATION,2026-08-11,novegeo_tribes.csv + simulation geography design,dataset:novegeo:places:v001:700,SHARED_REFERENCE,ACTIVE
NG-NAM-SET-000321,NGP-000321,Rivermist Bend,Rivermist Bend,rivermist-bend,VILLAGE,rural_settlement,rural,NGP-000289,NGP-000258,NGR-04,Nyara Basin,NVG,false,false,lake_and_wetland_basin,Rural community linked to Rivermist,smallholder_agriculture_and_fisheries,agricultural_land|homesteads|rural_plots|cottages,geographic_descriptive,NoveGeo landscape lexicon,,,PROPOSED,PROVISIONAL,UNMAPPED_PENDING_ASSOCIATION,2026-08-11,novegeo_tribes.csv + simulation geography design,dataset:novegeo:places:v001:700,SHARED_REFERENCE,ACTIVE
NG-NAM-SET-000322,NGP-000322,West Heronfall,West Heronfall,west-heronfall,VILLAGE,rural_settlement,rural,NGP-000290,NGP-000258,NGR-04,Nyara Basin,NVG,false,false,lake_and_wetland_basin,Rural community linked to Heronfall,smallholder_agriculture_and_fisheries,agricultural_land|homesteads|rural_plots|cottages,mixed_novegeo,National mixed lexicon,,,PROPOSED,PROVISIONAL,UNMAPPED_PENDING_ASSOCIATION,2026-08-11,novegeo_tribes.csv + simulation geography design,dataset:novegeo:places:v001:700,SHARED_REFERENCE,ACTIVE
NG-NAM-SET-000323,NGP-000323,Heronfall Wetlands,Heronfall Wetlands,heronfall-wetlands,VILLAGE,rural_settlement,rural,NGP-000290,NGP-000258,NGR-04,Nyara Basin,NVG,false,false,lake_and_wetland_basin,Rural community linked to Heronfall,smallholder_agriculture_and_fisheries,agricultural_land|homesteads|rural_plots|cottages,mixed_novegeo,National mixed lexicon,,,PROPOSED,PROVISIONAL,UNMAPPED_PENDING_ASSOCIATION,2026-08-11,novegeo_tribes.csv + simulation geography design,dataset:novegeo:places:v001:700,SHARED_REFERENCE,ACTIVE
NG-NAM-SET-000324,NGP-000324,Delftwater Bay,Delftwater Bay,delftwater-bay,VILLAGE,rural_settlement,rural,NGP-000291,NGP-000258,NGR-04,Nyara Basin,NVG,false,false,lake_and_wetland_basin,Rural community linked to Delftwater,smallholder_agriculture_and_fisheries,agricultural_land|homesteads|rural_plots|cottages,geographic_descriptive,NoveGeo landscape lexicon,,,PROPOSED,PROVISIONAL,UNMAPPED_PENDING_ASSOCIATION,2026-08-11,novegeo_tribes.csv + simulation geography design,dataset:novegeo:places:v001:700,SHARED_REFERENCE,ACTIVE
NG-NAM-SET-000325,NGP-000325,Delftwater Shoal,Delftwater Shoal,delftwater-shoal,VILLAGE,rural_settlement,rural,NGP-000291,NGP-000258,NGR-04,Nyara Basin,NVG,false,false,lake_and_wetland_basin,Rural community linked to Delftwater,smallholder_agriculture_and_fisheries,agricultural_land|homesteads|rural_plots|cottages,geographic_descriptive,NoveGeo landscape lexicon,,,PROPOSED,PROVISIONAL,UNMAPPED_PENDING_ASSOCIATION,2026-08-11,novegeo_tribes.csv + simulation geography design,dataset:novegeo:places:v001:700,SHARED_REFERENCE,ACTIVE
NG-NAM-SET-000326,NGP-000326,Upper Bluehaven,Upper Bluehaven,upper-bluehaven,VILLAGE,rural_settlement,rural,NGP-000292,NGP-000258,NGR-04,Nyara Basin,NVG,false,false,lake_and_wetland_basin,Rural community linked to Bluehaven,smallholder_agriculture_and_fisheries,agricultural_land|homesteads|rural_plots|cottages,mixed_novegeo,National mixed lexicon,,,PROPOSED,PROVISIONAL,UNMAPPED_PENDING_ASSOCIATION,2026-08-11,novegeo_tribes.csv + simulation geography design,dataset:novegeo:places:v001:700,SHARED_REFERENCE,ACTIVE
NG-NAM-SET-000327,NGP-000327,Bluehaven Creek,Bluehaven Creek,bluehaven-creek,VILLAGE,rural_settlement,rural,NGP-000292,NGP-000258,NGR-04,Nyara Basin,NVG,false,false,lake_and_wetland_basin,Rural community linked to Bluehaven,smallholder_agriculture_and_fisheries,agricultural_land|homesteads|rural_plots|cottages,geographic_descriptive,NoveGeo landscape lexicon,,,PROPOSED,PROVISIONAL,UNMAPPED_PENDING_ASSOCIATION,2026-08-11,novegeo_tribes.csv + simulation geography design,dataset:novegeo:places:v001:700,SHARED_REFERENCE,ACTIVE
NG-NAM-SET-000328,NGP-000328,Lowwater Lagoon,Lowwater Lagoon,lowwater-lagoon,VILLAGE,rural_settlement,rural,NGP-000293,NGP-000258,NGR-04,Nyara Basin,NVG,false,false,lake_and_wetland_basin,Rural community linked to Lowwater,smallholder_agriculture_and_fisheries,agricultural_land|homesteads|rural_plots|cottages,geographic_descriptive,NoveGeo landscape lexicon,,,PROPOSED,PROVISIONAL,UNMAPPED_PENDING_ASSOCIATION,2026-08-11,novegeo_tribes.csv + simulation geography design,dataset:novegeo:places:v001:700,SHARED_REFERENCE,ACTIVE
NG-NAM-SET-000329,NGP-000329,Lowwater Bank,Lowwater Bank,lowwater-bank,VILLAGE,rural_settlement,rural,NGP-000293,NGP-000258,NGR-04,Nyara Basin,NVG,false,false,lake_and_wetland_basin,Rural community linked to Lowwater,smallholder_agriculture_and_fisheries,agricultural_land|homesteads|rural_plots|cottages,geographic_descriptive,NoveGeo landscape lexicon,,,PROPOSED,PROVISIONAL,UNMAPPED_PENDING_ASSOCIATION,2026-08-11,novegeo_tribes.csv + simulation geography design,dataset:novegeo:places:v001:700,SHARED_REFERENCE,ACTIVE
NG-NAM-SET-000330,NGP-000330,Lower Canalford,Lower Canalford,lower-canalford,VILLAGE,rural_settlement,rural,NGP-000294,NGP-000258,NGR-04,Nyara Basin,NVG,false,false,lake_and_wetland_basin,Rural community linked to Canalford,smallholder_agriculture_and_fisheries,agricultural_land|homesteads|rural_plots|cottages,geographic_descriptive,NoveGeo landscape lexicon,,,PROPOSED,PROVISIONAL,UNMAPPED_PENDING_ASSOCIATION,2026-08-11,novegeo_tribes.csv + simulation geography design,dataset:novegeo:places:v001:700,SHARED_REFERENCE,ACTIVE
NG-NAM-SET-000331,NGP-000331,Canalford Ferry,Canalford Ferry,canalford-ferry,VILLAGE,rural_settlement,rural,NGP-000294,NGP-000258,NGR-04,Nyara Basin,NVG,false,false,lake_and_wetland_basin,Rural community linked to Canalford,smallholder_agriculture_and_fisheries,agricultural_land|homesteads|rural_plots|cottages,historic_trade_or_occupation,Regional trade lexicon,,,PROPOSED,PROVISIONAL,UNMAPPED_PENDING_ASSOCIATION,2026-08-11,novegeo_tribes.csv + simulation geography design,dataset:novegeo:places:v001:700,SHARED_REFERENCE,ACTIVE
NG-NAM-SET-000332,NGP-000332,Brinewell Springs,Brinewell Springs,brinewell-springs,VILLAGE,rural_settlement,rural,NGP-000295,NGP-000258,NGR-04,Nyara Basin,NVG,false,false,lake_and_wetland_basin,Rural community linked to Brinewell,smallholder_agriculture_and_fisheries,agricultural_land|homesteads|rural_plots|cottages,mixed_novegeo,National mixed lexicon,,,PROPOSED,PROVISIONAL,UNMAPPED_PENDING_ASSOCIATION,2026-08-11,novegeo_tribes.csv + simulation geography design,dataset:novegeo:places:v001:700,SHARED_REFERENCE,ACTIVE
NG-NAM-SET-000333,NGP-000333,Brinewell Quay,Brinewell Quay,brinewell-quay,VILLAGE,rural_settlement,rural,NGP-000295,NGP-000258,NGR-04,Nyara Basin,NVG,false,false,lake_and_wetland_basin,Rural community linked to Brinewell,smallholder_agriculture_and_fisheries,agricultural_land|homesteads|rural_plots|cottages,historic_trade_or_occupation,Regional trade lexicon,,,PROPOSED,PROVISIONAL,UNMAPPED_PENDING_ASSOCIATION,2026-08-11,novegeo_tribes.csv + simulation geography design,dataset:novegeo:places:v001:700,SHARED_REFERENCE,ACTIVE
NG-NAM-SET-000334,NGP-000334,Willow Quay Gardens,Willow Quay Gardens,willow-quay-gardens,VILLAGE,rural_settlement,rural,NGP-000296,NGP-000258,NGR-04,Nyara Basin,NVG,false,false,lake_and_wetland_basin,Rural community linked to Willow Quay,smallholder_agriculture_and_fisheries,agricultural_land|homesteads|rural_plots|cottages,historic_trade_or_occupation,Regional trade lexicon,,,PROPOSED,PROVISIONAL,UNMAPPED_PENDING_ASSOCIATION,2026-08-11,novegeo_tribes.csv + simulation geography design,dataset:novegeo:places:v001:700,SHARED_REFERENCE,ACTIVE
NG-NAM-SET-000335,NGP-000335,Willow Quay Reach,Willow Quay Reach,willow-quay-reach,VILLAGE,rural_settlement,rural,NGP-000296,NGP-000258,NGR-04,Nyara Basin,NVG,false,false,lake_and_wetland_basin,Rural community linked to Willow Quay,smallholder_agriculture_and_fisheries,agricultural_land|homesteads|rural_plots|cottages,historic_trade_or_occupation,Regional trade lexicon,,,PROPOSED,PROVISIONAL,UNMAPPED_PENDING_ASSOCIATION,2026-08-11,novegeo_tribes.csv + simulation geography design,dataset:novegeo:places:v001:700,SHARED_REFERENCE,ACTIVE
NG-NAM-SET-000336,NGP-000336,Fisher's Bell,Fisher's Bell,fishers-bell,MARKET_CENTRE,rural_service_node,peri_urban,NGP-000282,NGP-000258,NGR-04,Nyara Basin,NVG,false,false,lake_and_wetland_basin,Market and service node linked to Nyarin,retail_trade_and_rural_services,retail_units|mixed_use_buildings|storage|small_warehouses,mixed_novegeo,National mixed lexicon,,,PROPOSED,PROVISIONAL,UNMAPPED_PENDING_ASSOCIATION,2026-08-11,novegeo_tribes.csv + simulation geography design,dataset:novegeo:places:v001:700,SHARED_REFERENCE,ACTIVE
NG-NAM-SET-000337,NGP-000337,Reed Market,Reed Market,reed-market,MARKET_CENTRE,rural_service_node,peri_urban,NGP-000285,NGP-000258,NGR-04,Nyara Basin,NVG,false,false,lake_and_wetland_basin,Market and service node linked to Osprey Bend,retail_trade_and_rural_services,retail_units|mixed_use_buildings|storage|small_warehouses,historic_trade_or_occupation,Regional trade lexicon,,,PROPOSED,PROVISIONAL,UNMAPPED_PENDING_ASSOCIATION,2026-08-11,novegeo_tribes.csv + simulation geography design,dataset:novegeo:places:v001:700,SHARED_REFERENCE,ACTIVE
NG-NAM-SET-000338,NGP-000338,Ferry Cross,Ferry Cross,ferry-cross,MARKET_CENTRE,rural_service_node,peri_urban,NGP-000288,NGP-000258,NGR-04,Nyara Basin,NVG,false,false,lake_and_wetland_basin,Market and service node linked to Lotus Ford,retail_trade_and_rural_services,retail_units|mixed_use_buildings|storage|small_warehouses,historic_trade_or_occupation,Regional trade lexicon,,,PROPOSED,PROVISIONAL,UNMAPPED_PENDING_ASSOCIATION,2026-08-11,novegeo_tribes.csv + simulation geography design,dataset:novegeo:places:v001:700,SHARED_REFERENCE,ACTIVE
NG-NAM-SET-000339,NGP-000339,Lotus Exchange,Lotus Exchange,lotus-exchange,MARKET_CENTRE,rural_service_node,peri_urban,NGP-000291,NGP-000258,NGR-04,Nyara Basin,NVG,false,false,lake_and_wetland_basin,Market and service node linked to Delftwater,retail_trade_and_rural_services,retail_units|mixed_use_buildings|storage|small_warehouses,historic_trade_or_occupation,Regional trade lexicon,,,PROPOSED,PROVISIONAL,UNMAPPED_PENDING_ASSOCIATION,2026-08-11,novegeo_tribes.csv + simulation geography design,dataset:novegeo:places:v001:700,SHARED_REFERENCE,ACTIVE
NG-NAM-SET-000340,NGP-000340,Basin Gate,Basin Gate,basin-gate,MARKET_CENTRE,rural_service_node,peri_urban,NGP-000294,NGP-000258,NGR-04,Nyara Basin,NVG,false,false,lake_and_wetland_basin,Market and service node linked to Canalford,retail_trade_and_rural_services,retail_units|mixed_use_buildings|storage|small_warehouses,neutral_civic_or_planned,National civic lexicon,,,PROPOSED,PROVISIONAL,UNMAPPED_PENDING_ASSOCIATION,2026-08-11,novegeo_tribes.csv + simulation geography design,dataset:novegeo:places:v001:700,SHARED_REFERENCE,ACTIVE
NG-NAM-SET-000341,NGP-000341,Lakeport Works,Lakeport Works,lakeport-works,INDUSTRIAL_ZONE,special_economic_locality,specialized,NGP-000258,NGP-000258,NGR-04,Nyara Basin,NVG,false,false,lake_and_wetland_basin,Industrial and logistics locality within Nyara Basin,manufacturing_and_logistics,warehouses|factories|logistics_yards|industrial_land,historic_trade_or_occupation,Regional trade lexicon,,,PROPOSED,PROVISIONAL,UNMAPPED_PENDING_ASSOCIATION,2026-08-11,novegeo_tribes.csv + simulation geography design,dataset:novegeo:places:v001:700,SHARED_REFERENCE,ACTIVE
NG-NAM-SET-000342,NGP-000342,Reedbank Cold-Chain Park,Reedbank Cold-Chain Park,reedbank-cold-chain-park,INDUSTRIAL_ZONE,special_economic_locality,specialized,NGP-000260,NGP-000258,NGR-04,Nyara Basin,NVG,false,false,lake_and_wetland_basin,Industrial and logistics locality within Nyara Basin,processing_and_freight,warehouses|factories|logistics_yards|industrial_land,geographic_descriptive,NoveGeo landscape lexicon,,,PROPOSED,PROVISIONAL,UNMAPPED_PENDING_ASSOCIATION,2026-08-11,novegeo_tribes.csv + simulation geography design,dataset:novegeo:places:v001:700,SHARED_REFERENCE,ACTIVE
NG-NAM-SET-000343,NGP-000343,Lotus Shore,Lotus Shore,lotus-shore,RESORT_SETTLEMENT,tourism_settlement,specialized,NGP-000288,NGP-000258,NGR-04,Nyara Basin,NVG,false,false,lake_and_wetland_basin,Tourism and hospitality settlement within Nyara Basin,tourism_and_hospitality,hotels|resorts|holiday_villas|serviced_apartments,geographic_descriptive,NoveGeo landscape lexicon,Lotus Bay,Lotus gardens cover the sheltered waterfront.,PROPOSED,PROVISIONAL,UNMAPPED_PENDING_ASSOCIATION,2026-08-11,novegeo_tribes.csv + simulation geography design,dataset:novegeo:places:v001:700,SHARED_REFERENCE,ACTIVE
NG-NAM-SET-000344,NGP-000344,Mirror Lake,Mirror Lake,mirror-lake,RESORT_SETTLEMENT,tourism_settlement,specialized,NGP-000284,NGP-000258,NGR-04,Nyara Basin,NVG,false,false,lake_and_wetland_basin,Tourism and hospitality settlement within Nyara Basin,tourism_and_hospitality,hotels|resorts|holiday_villas|serviced_apartments,geographic_descriptive,NoveGeo landscape lexicon,Glasswater,The adjacent lake is notably still at dawn.,PROPOSED,PROVISIONAL,UNMAPPED_PENDING_ASSOCIATION,2026-08-11,novegeo_tribes.csv + simulation geography design,dataset:novegeo:places:v001:700,SHARED_REFERENCE,ACTIVE
NG-NAM-SET-000345,NGP-000345,Heron Isle,Heron Isle,heron-isle,ISLAND_SETTLEMENT,island_locality,rural,NGP-000261,NGP-000258,NGR-04,Nyara Basin,NVG,false,false,lake_and_wetland_basin,Island community within Nyara Basin,island_residential_and_tourism,lodges|villas|waterfront_plots|eco_resorts,geographic_descriptive,NoveGeo landscape lexicon,Bird Island,Large seasonal heron colonies nest on the island.,PROPOSED,PROVISIONAL,UNMAPPED_PENDING_ASSOCIATION,2026-08-11,novegeo_tribes.csv + simulation geography design,dataset:novegeo:places:v001:700,SHARED_REFERENCE,ACTIVE
NG-NAM-SET-000346,NGP-000346,Tekharo,Tekharo,tekharo,CITY,national_or_regional_metropolis,metropolitan,,NGP-000346,NGR-05,Tekhara Rainbelt,NVG,false,true,rainforest_corridor,"Rainforest metropolis, bioeconomy, research and conservation centre",regional_metropolitan_services,apartments|offices|retail|mixed_use|hotels,tribal_influenced,Ash'Tekka,Green Crown,The city rises above a continuous rainforest canopy.,PROPOSED,PROVISIONAL,UNMAPPED_PENDING_ASSOCIATION,2026-08-11,novegeo_tribes.csv + simulation geography design,dataset:novegeo:places:v001:700,SHARED_REFERENCE,ACTIVE
NG-NAM-SET-000347,NGP-000347,Canopy Reach,Canopy Reach,canopy-reach,MUNICIPALITY,municipal_urban,urban,,NGP-000346,NGR-05,Tekhara Rainbelt,NVG,false,false,rainforest_corridor,Municipal service centre within Tekhara Rainbelt,administration_and_services,houses|apartments|plots|retail|offices,geographic_descriptive,NoveGeo landscape lexicon,,,PROPOSED,PROVISIONAL,UNMAPPED_PENDING_ASSOCIATION,2026-08-11,novegeo_tribes.csv + simulation geography design,dataset:novegeo:places:v001:700,SHARED_REFERENCE,ACTIVE
NG-NAM-SET-000348,NGP-000348,Ashara,Ashara,ashara,MUNICIPALITY,municipal_urban,urban,,NGP-000346,NGR-05,Tekhara Rainbelt,NVG,false,false,rainforest_corridor,Municipal service centre within Tekhara Rainbelt,trade_and_residential_growth,houses|apartments|plots|retail|offices,mixed_novegeo,National mixed lexicon,,,PROPOSED,PROVISIONAL,UNMAPPED_PENDING_ASSOCIATION,2026-08-11,novegeo_tribes.csv + simulation geography design,dataset:novegeo:places:v001:700,SHARED_REFERENCE,ACTIVE
NG-NAM-SET-000349,NGP-000349,Mossbridge,Mossbridge,mossbridge,MUNICIPALITY,municipal_urban,urban,,NGP-000346,NGR-05,Tekhara Rainbelt,NVG,false,false,rainforest_corridor,Municipal service centre within Tekhara Rainbelt,regional_production_and_services,houses|apartments|plots|retail|offices,geographic_descriptive,NoveGeo landscape lexicon,,,PROPOSED,PROVISIONAL,UNMAPPED_PENDING_ASSOCIATION,2026-08-11,novegeo_tribes.csv + simulation geography design,dataset:novegeo:places:v001:700,SHARED_REFERENCE,ACTIVE
NG-NAM-SET-000350,NGP-000350,Tekharo Central,Tekharo Central,tekharo-central,CITY_DISTRICT,intra_city_district,metropolitan,NGP-000346,NGP-000346,NGR-05,Tekhara Rainbelt,NVG,false,false,rainforest_corridor,Metropolitan district of Tekharo,commerce_and_mixed_use,apartments|offices|retail|mixed_use,tribal_influenced,Ash'Tekka,,,PROPOSED,PROVISIONAL,UNMAPPED_PENDING_ASSOCIATION,2026-08-11,novegeo_tribes.csv + simulation geography design,dataset:novegeo:places:v001:700,SHARED_REFERENCE,ACTIVE
NG-NAM-SET-000351,NGP-000351,Canopy Exchange,Canopy Exchange,canopy-exchange,CITY_DISTRICT,intra_city_district,metropolitan,NGP-000346,NGP-000346,NGR-05,Tekhara Rainbelt,NVG,false,false,rainforest_corridor,Metropolitan district of Tekharo,commerce_and_mixed_use,apartments|offices|retail|mixed_use,historic_trade_or_occupation,Regional trade lexicon,,,PROPOSED,PROVISIONAL,UNMAPPED_PENDING_ASSOCIATION,2026-08-11,novegeo_tribes.csv + simulation geography design,dataset:novegeo:places:v001:700,SHARED_REFERENCE,ACTIVE
NG-NAM-SET-000352,NGP-000352,Research Grove,Research Grove,research-grove,CITY_DISTRICT,intra_city_district,metropolitan,NGP-000346,NGP-000346,NGR-05,Tekhara Rainbelt,NVG,false,false,rainforest_corridor,Metropolitan district of Tekharo,education_and_research,apartments|offices|retail|mixed_use,geographic_descriptive,NoveGeo landscape lexicon,Lab City,Research institutes and field laboratories occupy much of the district.,PROPOSED,PROVISIONAL,UNMAPPED_PENDING_ASSOCIATION,2026-08-11,novegeo_tribes.csv + simulation geography design,dataset:novegeo:places:v001:700,SHARED_REFERENCE,ACTIVE
NG-NAM-SET-000353,NGP-000353,River Gate,River Gate,river-gate,CITY_DISTRICT,intra_city_district,metropolitan,NGP-000346,NGP-000346,NGR-05,Tekhara Rainbelt,NVG,false,false,rainforest_corridor,Metropolitan district of Tekharo,mixed_use_urban,apartments|offices|retail|mixed_use,geographic_descriptive,NoveGeo landscape lexicon,,,PROPOSED,PROVISIONAL,UNMAPPED_PENDING_ASSOCIATION,2026-08-11,novegeo_tribes.csv + simulation geography design,dataset:novegeo:places:v001:700,SHARED_REFERENCE,ACTIVE
NG-NAM-SET-000354,NGP-000354,Old Timber,Old Timber,old-timber,CITY_DISTRICT,intra_city_district,metropolitan,NGP-000346,NGP-000346,NGR-05,Tekhara Rainbelt,NVG,false,false,rainforest_corridor,Metropolitan district of Tekharo,heritage_and_tourism,apartments|offices|retail|mixed_use,mixed_novegeo,National mixed lexicon,,,PROPOSED,PROVISIONAL,UNMAPPED_PENDING_ASSOCIATION,2026-08-11,novegeo_tribes.csv + simulation geography design,dataset:novegeo:places:v001:700,SHARED_REFERENCE,ACTIVE
NG-NAM-SET-000355,NGP-000355,Botanical Ward,Botanical Ward,botanical-ward,CITY_DISTRICT,intra_city_district,metropolitan,NGP-000346,NGP-000346,NGR-05,Tekhara Rainbelt,NVG,false,false,rainforest_corridor,Metropolitan district of Tekharo,civic_and_public_services,apartments|offices|retail|mixed_use,neutral_civic_or_planned,National civic lexicon,,,PROPOSED,PROVISIONAL,UNMAPPED_PENDING_ASSOCIATION,2026-08-11,novegeo_tribes.csv + simulation geography design,dataset:novegeo:places:v001:700,SHARED_REFERENCE,ACTIVE
NG-NAM-SET-000356,NGP-000356,East Tram,East Tram,east-tram,CITY_DISTRICT,intra_city_district,metropolitan,NGP-000346,NGP-000346,NGR-05,Tekhara Rainbelt,NVG,false,false,rainforest_corridor,Metropolitan district of Tekharo,transport_and_logistics,apartments|offices|retail|mixed_use,mixed_novegeo,National mixed lexicon,,,PROPOSED,PROVISIONAL,UNMAPPED_PENDING_ASSOCIATION,2026-08-11,novegeo_tribes.csv + simulation geography design,dataset:novegeo:places:v001:700,SHARED_REFERENCE,ACTIVE
NG-NAM-SET-000357,NGP-000357,Rainmarket,Rainmarket,rainmarket,CITY_DISTRICT,intra_city_district,metropolitan,NGP-000346,NGP-000346,NGR-05,Tekhara Rainbelt,NVG,false,false,rainforest_corridor,Metropolitan district of Tekharo,commerce_and_mixed_use,apartments|offices|retail|mixed_use,historic_trade_or_occupation,Regional trade lexicon,,,PROPOSED,PROVISIONAL,UNMAPPED_PENDING_ASSOCIATION,2026-08-11,novegeo_tribes.csv + simulation geography design,dataset:novegeo:places:v001:700,SHARED_REFERENCE,ACTIVE
NG-NAM-SET-000358,NGP-000358,Fernhaven,Fernhaven,fernhaven,SUBURB,urban_neighborhood,urban,NGP-000346,NGP-000346,NGR-05,Tekhara Rainbelt,NVG,false,false,rainforest_corridor,Residential neighborhood of Tekharo,mixed_density_residential,detached_houses|townhouses|apartments|residential_plots,mixed_novegeo,National mixed lexicon,,,PROPOSED,PROVISIONAL,UNMAPPED_PENDING_ASSOCIATION,2026-08-11,novegeo_tribes.csv + simulation geography design,dataset:novegeo:places:v001:700,SHARED_REFERENCE,ACTIVE
NG-NAM-SET-000359,NGP-000359,Ashtek Gardens,Ashtek Gardens,ashtek-gardens,SUBURB,urban_neighborhood,urban,NGP-000346,NGP-000346,NGR-05,Tekhara Rainbelt,NVG,false,false,rainforest_corridor,Residential neighborhood of Tekharo,garden_residential,detached_houses|townhouses|apartments|residential_plots,tribal_influenced,Ash'Tekka,,,PROPOSED,PROVISIONAL,UNMAPPED_PENDING_ASSOCIATION,2026-08-11,novegeo_tribes.csv + simulation geography design,dataset:novegeo:places:v001:700,SHARED_REFERENCE,ACTIVE
NG-NAM-SET-000360,NGP-000360,Mossvale,Mossvale,mossvale,SUBURB,urban_neighborhood,urban,NGP-000346,NGP-000346,NGR-05,Tekhara Rainbelt,NVG,false,false,rainforest_corridor,Residential neighborhood of Tekharo,mixed_density_residential,detached_houses|townhouses|apartments|residential_plots,geographic_descriptive,NoveGeo landscape lexicon,,,PROPOSED,PROVISIONAL,UNMAPPED_PENDING_ASSOCIATION,2026-08-11,novegeo_tribes.csv + simulation geography design,dataset:novegeo:places:v001:700,SHARED_REFERENCE,ACTIVE
NG-NAM-SET-000361,NGP-000361,Greenvault,Greenvault,greenvault,SUBURB,urban_neighborhood,urban,NGP-000346,NGP-000346,NGR-05,Tekhara Rainbelt,NVG,false,false,rainforest_corridor,Residential neighborhood of Tekharo,mixed_density_residential,detached_houses|townhouses|apartments|residential_plots,mixed_novegeo,National mixed lexicon,,,PROPOSED,PROVISIONAL,UNMAPPED_PENDING_ASSOCIATION,2026-08-11,novegeo_tribes.csv + simulation geography design,dataset:novegeo:places:v001:700,SHARED_REFERENCE,ACTIVE
NG-NAM-SET-000362,NGP-000362,Orchid Rise,Orchid Rise,orchid-rise,SUBURB,urban_neighborhood,urban,NGP-000346,NGP-000346,NGR-05,Tekhara Rainbelt,NVG,false,false,rainforest_corridor,Residential neighborhood of Tekharo,elevated_residential,detached_houses|townhouses|apartments|residential_plots,mixed_novegeo,National mixed lexicon,,,PROPOSED,PROVISIONAL,UNMAPPED_PENDING_ASSOCIATION,2026-08-11,novegeo_tribes.csv + simulation geography design,dataset:novegeo:places:v001:700,SHARED_REFERENCE,ACTIVE
NG-NAM-SET-000363,NGP-000363,New Kyoto,New Kyoto,new-kyoto,SUBURB,urban_neighborhood,urban,NGP-000346,NGP-000346,NGR-05,Tekhara Rainbelt,NVG,false,false,rainforest_corridor,Residential neighborhood of Tekharo,cosmopolitan_residential,detached_houses|townhouses|apartments|residential_plots,international_settler,International diaspora,Sakura Town,Japanese researchers and botanical gardens popularized annual blossom festivals.,PROPOSED,PROVISIONAL,UNMAPPED_PENDING_ASSOCIATION,2026-08-11,novegeo_tribes.csv + simulation geography design,dataset:novegeo:places:v001:700,SHARED_REFERENCE,ACTIVE
NG-NAM-SET-000364,NGP-000364,Vinebridge,Vinebridge,vinebridge,SUBURB,urban_neighborhood,urban,NGP-000346,NGP-000346,NGR-05,Tekhara Rainbelt,NVG,false,false,rainforest_corridor,Residential neighborhood of Tekharo,elevated_residential,detached_houses|townhouses|apartments|residential_plots,geographic_descriptive,NoveGeo landscape lexicon,,,PROPOSED,PROVISIONAL,UNMAPPED_PENDING_ASSOCIATION,2026-08-11,novegeo_tribes.csv + simulation geography design,dataset:novegeo:places:v001:700,SHARED_REFERENCE,ACTIVE
NG-NAM-SET-000365,NGP-000365,Cedar Mist,Cedar Mist,cedar-mist,SUBURB,urban_neighborhood,urban,NGP-000346,NGP-000346,NGR-05,Tekhara Rainbelt,NVG,false,false,rainforest_corridor,Residential neighborhood of Tekharo,mixed_density_residential,detached_houses|townhouses|apartments|residential_plots,geographic_descriptive,NoveGeo landscape lexicon,,,PROPOSED,PROVISIONAL,UNMAPPED_PENDING_ASSOCIATION,2026-08-11,novegeo_tribes.csv + simulation geography design,dataset:novegeo:places:v001:700,SHARED_REFERENCE,ACTIVE
NG-NAM-SET-000366,NGP-000366,Tekkan Heights,Tekkan Heights,tekkan-heights,SUBURB,urban_neighborhood,urban,NGP-000346,NGP-000346,NGR-05,Tekhara Rainbelt,NVG,false,false,rainforest_corridor,Residential neighborhood of Tekharo,elevated_residential,detached_houses|townhouses|apartments|residential_plots,tribal_influenced,Ash'Tekka,,,PROPOSED,PROVISIONAL,UNMAPPED_PENDING_ASSOCIATION,2026-08-11,novegeo_tribes.csv + simulation geography design,dataset:novegeo:places:v001:700,SHARED_REFERENCE,ACTIVE
NG-NAM-SET-000367,NGP-000367,Rainshadow,Rainshadow,rainshadow,SUBURB,urban_neighborhood,urban,NGP-000346,NGP-000346,NGR-05,Tekhara Rainbelt,NVG,false,false,rainforest_corridor,Residential neighborhood of Tekharo,mixed_density_residential,detached_houses|townhouses|apartments|residential_plots,geographic_descriptive,NoveGeo landscape lexicon,,,PROPOSED,PROVISIONAL,UNMAPPED_PENDING_ASSOCIATION,2026-08-11,novegeo_tribes.csv + simulation geography design,dataset:novegeo:places:v001:700,SHARED_REFERENCE,ACTIVE
NG-NAM-SET-000368,NGP-000368,Brookmoss,Brookmoss,brookmoss,SUBURB,urban_neighborhood,urban,NGP-000346,NGP-000346,NGR-05,Tekhara Rainbelt,NVG,false,false,rainforest_corridor,Residential neighborhood of Tekharo,mixed_density_residential,detached_houses|townhouses|apartments|residential_plots,geographic_descriptive,NoveGeo landscape lexicon,,,PROPOSED,PROVISIONAL,UNMAPPED_PENDING_ASSOCIATION,2026-08-11,novegeo_tribes.csv + simulation geography design,dataset:novegeo:places:v001:700,SHARED_REFERENCE,ACTIVE
NG-NAM-SET-000369,NGP-000369,Lantern Grove,Lantern Grove,lantern-grove,SUBURB,urban_neighborhood,urban,NGP-000346,NGP-000346,NGR-05,Tekhara Rainbelt,NVG,false,false,rainforest_corridor,Residential neighborhood of Tekharo,garden_residential,detached_houses|townhouses|apartments|residential_plots,geographic_descriptive,NoveGeo landscape lexicon,,,PROPOSED,PROVISIONAL,UNMAPPED_PENDING_ASSOCIATION,2026-08-11,novegeo_tribes.csv + simulation geography design,dataset:novegeo:places:v001:700,SHARED_REFERENCE,ACTIVE
NG-NAM-SET-000370,NGP-000370,Fernfall,Fernfall,fernfall,TOWN,secondary_urban,urban,NGP-000347,NGP-000346,NGR-05,Tekhara Rainbelt,NVG,false,false,rainforest_corridor,Regional forestry centre,forestry,houses|apartments|commercial_plots|retail|warehouses,mixed_novegeo,National mixed lexicon,,,PROPOSED,PROVISIONAL,UNMAPPED_PENDING_ASSOCIATION,2026-08-11,novegeo_tribes.csv + simulation geography design,dataset:novegeo:places:v001:700,SHARED_REFERENCE,ACTIVE
NG-NAM-SET-000371,NGP-000371,Rainsong,Rainsong,rainsong,TOWN,secondary_urban,urban,NGP-000347,NGP-000346,NGR-05,Tekhara Rainbelt,NVG,false,false,rainforest_corridor,Regional rainbelt agriculture centre,rainbelt_agriculture,houses|apartments|commercial_plots|retail|warehouses,geographic_descriptive,NoveGeo landscape lexicon,,,PROPOSED,PROVISIONAL,UNMAPPED_PENDING_ASSOCIATION,2026-08-11,novegeo_tribes.csv + simulation geography design,dataset:novegeo:places:v001:700,SHARED_REFERENCE,ACTIVE
NG-NAM-SET-000372,NGP-000372,Cedar Run,Cedar Run,cedar-run,TOWN,secondary_urban,urban,NGP-000347,NGP-000346,NGR-05,Tekhara Rainbelt,NVG,false,false,rainforest_corridor,Regional research centre,research,houses|apartments|commercial_plots|retail|warehouses,geographic_descriptive,NoveGeo landscape lexicon,,,PROPOSED,PROVISIONAL,UNMAPPED_PENDING_ASSOCIATION,2026-08-11,novegeo_tribes.csv + simulation geography design,dataset:novegeo:places:v001:700,SHARED_REFERENCE,ACTIVE
NG-NAM-SET-000373,NGP-000373,Canopy Ford,Canopy Ford,canopy-ford,TOWN,secondary_urban,urban,NGP-000347,NGP-000346,NGR-05,Tekhara Rainbelt,NVG,false,false,rainforest_corridor,Regional trade centre,trade,houses|apartments|commercial_plots|retail|warehouses,geographic_descriptive,NoveGeo landscape lexicon,,,PROPOSED,PROVISIONAL,UNMAPPED_PENDING_ASSOCIATION,2026-08-11,novegeo_tribes.csv + simulation geography design,dataset:novegeo:places:v001:700,SHARED_REFERENCE,ACTIVE
NG-NAM-SET-000374,NGP-000374,Jadefall,Jadefall,jadefall,TOWN,secondary_urban,urban,NGP-000347,NGP-000346,NGR-05,Tekhara Rainbelt,NVG,false,false,rainforest_corridor,Regional conservation centre,conservation,houses|apartments|commercial_plots|retail|warehouses,mixed_novegeo,National mixed lexicon,,,PROPOSED,PROVISIONAL,UNMAPPED_PENDING_ASSOCIATION,2026-08-11,novegeo_tribes.csv + simulation geography design,dataset:novegeo:places:v001:700,SHARED_REFERENCE,ACTIVE
NG-NAM-SET-000375,NGP-000375,Tekkena,Tekkena,tekkena,TOWN,secondary_urban,urban,NGP-000348,NGP-000346,NGR-05,Tekhara Rainbelt,NVG,false,false,rainforest_corridor,Regional forestry centre,forestry,houses|apartments|commercial_plots|retail|warehouses,mixed_novegeo,National mixed lexicon,,,PROPOSED,PROVISIONAL,UNMAPPED_PENDING_ASSOCIATION,2026-08-11,novegeo_tribes.csv + simulation geography design,dataset:novegeo:places:v001:700,SHARED_REFERENCE,ACTIVE
NG-NAM-SET-000376,NGP-000376,Ashvale,Ashvale,ashvale,TOWN,secondary_urban,urban,NGP-000348,NGP-000346,NGR-05,Tekhara Rainbelt,NVG,false,false,rainforest_corridor,Regional rainbelt agriculture centre,rainbelt_agriculture,houses|apartments|commercial_plots|retail|warehouses,geographic_descriptive,NoveGeo landscape lexicon,,,PROPOSED,PROVISIONAL,UNMAPPED_PENDING_ASSOCIATION,2026-08-11,novegeo_tribes.csv + simulation geography design,dataset:novegeo:places:v001:700,SHARED_REFERENCE,ACTIVE
NG-NAM-SET-000377,NGP-000377,Riverbloom,Riverbloom,riverbloom,TOWN,secondary_urban,urban,NGP-000348,NGP-000346,NGR-05,Tekhara Rainbelt,NVG,false,false,rainforest_corridor,Regional research centre,research,houses|apartments|commercial_plots|retail|warehouses,geographic_descriptive,NoveGeo landscape lexicon,,,PROPOSED,PROVISIONAL,UNMAPPED_PENDING_ASSOCIATION,2026-08-11,novegeo_tribes.csv + simulation geography design,dataset:novegeo:places:v001:700,SHARED_REFERENCE,ACTIVE
NG-NAM-SET-000378,NGP-000378,Marula Gate,Marula Gate,marula-gate,TOWN,secondary_urban,urban,NGP-000348,NGP-000346,NGR-05,Tekhara Rainbelt,NVG,false,false,rainforest_corridor,Regional trade centre,trade,houses|apartments|commercial_plots|retail|warehouses,neutral_civic_or_planned,National civic lexicon,,,PROPOSED,PROVISIONAL,UNMAPPED_PENDING_ASSOCIATION,2026-08-11,novegeo_tribes.csv + simulation geography design,dataset:novegeo:places:v001:700,SHARED_REFERENCE,ACTIVE
NG-NAM-SET-000379,NGP-000379,Nembri,Nembri,nembri,TOWN,secondary_urban,urban,NGP-000348,NGP-000346,NGR-05,Tekhara Rainbelt,NVG,false,false,rainforest_corridor,Regional conservation centre,conservation,houses|apartments|commercial_plots|retail|warehouses,tribal_influenced,Ash'Tekka,,,PROPOSED,PROVISIONAL,UNMAPPED_PENDING_ASSOCIATION,2026-08-11,novegeo_tribes.csv + simulation geography design,dataset:novegeo:places:v001:700,SHARED_REFERENCE,ACTIVE
NG-NAM-SET-000380,NGP-000380,Mosswick,Mosswick,mosswick,TOWN,secondary_urban,urban,NGP-000349,NGP-000346,NGR-05,Tekhara Rainbelt,NVG,false,false,rainforest_corridor,Regional forestry centre,forestry,houses|apartments|commercial_plots|retail|warehouses,geographic_descriptive,NoveGeo landscape lexicon,,,PROPOSED,PROVISIONAL,UNMAPPED_PENDING_ASSOCIATION,2026-08-11,novegeo_tribes.csv + simulation geography design,dataset:novegeo:places:v001:700,SHARED_REFERENCE,ACTIVE
NG-NAM-SET-000381,NGP-000381,Brookfern,Brookfern,brookfern,TOWN,secondary_urban,urban,NGP-000349,NGP-000346,NGR-05,Tekhara Rainbelt,NVG,false,false,rainforest_corridor,Regional rainbelt agriculture centre,rainbelt_agriculture,houses|apartments|commercial_plots|retail|warehouses,geographic_descriptive,NoveGeo landscape lexicon,,,PROPOSED,PROVISIONAL,UNMAPPED_PENDING_ASSOCIATION,2026-08-11,novegeo_tribes.csv + simulation geography design,dataset:novegeo:places:v001:700,SHARED_REFERENCE,ACTIVE
NG-NAM-SET-000382,NGP-000382,Wildorchid,Wildorchid,wildorchid,TOWN,secondary_urban,urban,NGP-000349,NGP-000346,NGR-05,Tekhara Rainbelt,NVG,false,false,rainforest_corridor,Regional research centre,research,houses|apartments|commercial_plots|retail|warehouses,mixed_novegeo,National mixed lexicon,,,PROPOSED,PROVISIONAL,UNMAPPED_PENDING_ASSOCIATION,2026-08-11,novegeo_tribes.csv + simulation geography design,dataset:novegeo:places:v001:700,SHARED_REFERENCE,ACTIVE
NG-NAM-SET-000383,NGP-000383,Greenmantle,Greenmantle,greenmantle,TOWN,secondary_urban,urban,NGP-000349,NGP-000346,NGR-05,Tekhara Rainbelt,NVG,false,false,rainforest_corridor,Regional trade centre,trade,houses|apartments|commercial_plots|retail|warehouses,mixed_novegeo,National mixed lexicon,,,PROPOSED,PROVISIONAL,UNMAPPED_PENDING_ASSOCIATION,2026-08-11,novegeo_tribes.csv + simulation geography design,dataset:novegeo:places:v001:700,SHARED_REFERENCE,ACTIVE
NG-NAM-SET-000384,NGP-000384,Timberwell,Timberwell,timberwell,TOWN,secondary_urban,urban,NGP-000349,NGP-000346,NGR-05,Tekhara Rainbelt,NVG,false,false,rainforest_corridor,Regional conservation centre,conservation,houses|apartments|commercial_plots|retail|warehouses,mixed_novegeo,National mixed lexicon,,,PROPOSED,PROVISIONAL,UNMAPPED_PENDING_ASSOCIATION,2026-08-11,novegeo_tribes.csv + simulation geography design,dataset:novegeo:places:v001:700,SHARED_REFERENCE,ACTIVE
NG-NAM-SET-000385,NGP-000385,Canopy Lower,Canopy Lower,canopy-lower,TOWNSHIP,small_urban,peri_urban,NGP-000347,NGP-000346,NGR-05,Tekhara Rainbelt,NVG,false,false,rainforest_corridor,Peri-urban township serving Canopy Reach,local_services_and_residential_growth,houses|rental_units|plots|workshops|shops,geographic_descriptive,NoveGeo landscape lexicon,,,PROPOSED,PROVISIONAL,UNMAPPED_PENDING_ASSOCIATION,2026-08-11,novegeo_tribes.csv + simulation geography design,dataset:novegeo:places:v001:700,SHARED_REFERENCE,ACTIVE
NG-NAM-SET-000386,NGP-000386,Rainsong Junction,Rainsong Junction,rainsong-junction,TOWNSHIP,small_urban,peri_urban,NGP-000347,NGP-000346,NGR-05,Tekhara Rainbelt,NVG,false,false,rainforest_corridor,Peri-urban township serving Canopy Reach,local_services_and_residential_growth,houses|rental_units|plots|workshops|shops,geographic_descriptive,NoveGeo landscape lexicon,,,PROPOSED,PROVISIONAL,UNMAPPED_PENDING_ASSOCIATION,2026-08-11,novegeo_tribes.csv + simulation geography design,dataset:novegeo:places:v001:700,SHARED_REFERENCE,ACTIVE
NG-NAM-SET-000387,NGP-000387,Cedar Clearing,Cedar Clearing,cedar-clearing,TOWNSHIP,small_urban,peri_urban,NGP-000347,NGP-000346,NGR-05,Tekhara Rainbelt,NVG,false,false,rainforest_corridor,Peri-urban township serving Canopy Reach,local_services_and_residential_growth,houses|rental_units|plots|workshops|shops,geographic_descriptive,NoveGeo landscape lexicon,,,PROPOSED,PROVISIONAL,UNMAPPED_PENDING_ASSOCIATION,2026-08-11,novegeo_tribes.csv + simulation geography design,dataset:novegeo:places:v001:700,SHARED_REFERENCE,ACTIVE
NG-NAM-SET-000388,NGP-000388,Ashara East,Ashara East,ashara-east,TOWNSHIP,small_urban,peri_urban,NGP-000348,NGP-000346,NGR-05,Tekhara Rainbelt,NVG,false,false,rainforest_corridor,Peri-urban township serving Ashara,local_services_and_residential_growth,houses|rental_units|plots|workshops|shops,mixed_novegeo,National mixed lexicon,,,PROPOSED,PROVISIONAL,UNMAPPED_PENDING_ASSOCIATION,2026-08-11,novegeo_tribes.csv + simulation geography design,dataset:novegeo:places:v001:700,SHARED_REFERENCE,ACTIVE
NG-NAM-SET-000389,NGP-000389,Tekkan Row,Tekkan Row,tekkan-row,TOWNSHIP,small_urban,peri_urban,NGP-000348,NGP-000346,NGR-05,Tekhara Rainbelt,NVG,false,false,rainforest_corridor,Peri-urban township serving Ashara,local_services_and_residential_growth,houses|rental_units|plots|workshops|shops,tribal_influenced,Ash'Tekka,,,PROPOSED,PROVISIONAL,UNMAPPED_PENDING_ASSOCIATION,2026-08-11,novegeo_tribes.csv + simulation geography design,dataset:novegeo:places:v001:700,SHARED_REFERENCE,ACTIVE
NG-NAM-SET-000390,NGP-000390,Marula Crossing,Marula Crossing,marula-crossing,TOWNSHIP,small_urban,peri_urban,NGP-000348,NGP-000346,NGR-05,Tekhara Rainbelt,NVG,false,false,rainforest_corridor,Peri-urban township serving Ashara,local_services_and_residential_growth,houses|rental_units|plots|workshops|shops,neutral_civic_or_planned,National civic lexicon,,,PROPOSED,PROVISIONAL,UNMAPPED_PENDING_ASSOCIATION,2026-08-11,novegeo_tribes.csv + simulation geography design,dataset:novegeo:places:v001:700,SHARED_REFERENCE,ACTIVE
NG-NAM-SET-000391,NGP-000391,Mossbridge South,Mossbridge South,mossbridge-south,TOWNSHIP,small_urban,peri_urban,NGP-000349,NGP-000346,NGR-05,Tekhara Rainbelt,NVG,false,false,rainforest_corridor,Peri-urban township serving Mossbridge,local_services_and_residential_growth,houses|rental_units|plots|workshops|shops,geographic_descriptive,NoveGeo landscape lexicon,,,PROPOSED,PROVISIONAL,UNMAPPED_PENDING_ASSOCIATION,2026-08-11,novegeo_tribes.csv + simulation geography design,dataset:novegeo:places:v001:700,SHARED_REFERENCE,ACTIVE
NG-NAM-SET-000392,NGP-000392,Fernline,Fernline,fernline,TOWNSHIP,small_urban,peri_urban,NGP-000349,NGP-000346,NGR-05,Tekhara Rainbelt,NVG,false,false,rainforest_corridor,Peri-urban township serving Mossbridge,local_services_and_residential_growth,houses|rental_units|plots|workshops|shops,neutral_civic_or_planned,National civic lexicon,,,PROPOSED,PROVISIONAL,UNMAPPED_PENDING_ASSOCIATION,2026-08-11,novegeo_tribes.csv + simulation geography design,dataset:novegeo:places:v001:700,SHARED_REFERENCE,ACTIVE
NG-NAM-SET-000393,NGP-000393,Timber Camp,Timber Camp,timber-camp,TOWNSHIP,small_urban,peri_urban,NGP-000349,NGP-000346,NGR-05,Tekhara Rainbelt,NVG,false,false,rainforest_corridor,Peri-urban township serving Mossbridge,local_services_and_residential_growth,houses|rental_units|plots|workshops|shops,mixed_novegeo,National mixed lexicon,,,PROPOSED,PROVISIONAL,UNMAPPED_PENDING_ASSOCIATION,2026-08-11,novegeo_tribes.csv + simulation geography design,dataset:novegeo:places:v001:700,SHARED_REFERENCE,ACTIVE
NG-NAM-SET-000394,NGP-000394,Upper Fernfall,Upper Fernfall,upper-fernfall,VILLAGE,rural_settlement,rural,NGP-000370,NGP-000346,NGR-05,Tekhara Rainbelt,NVG,false,false,rainforest_corridor,Rural community linked to Fernfall,smallholder_agriculture_and_rural_services,agricultural_land|homesteads|rural_plots|cottages,mixed_novegeo,National mixed lexicon,,,PROPOSED,PROVISIONAL,UNMAPPED_PENDING_ASSOCIATION,2026-08-11,novegeo_tribes.csv + simulation geography design,dataset:novegeo:places:v001:700,SHARED_REFERENCE,ACTIVE
NG-NAM-SET-000395,NGP-000395,Fernfall Grove,Fernfall Grove,fernfall-grove,VILLAGE,rural_settlement,rural,NGP-000370,NGP-000346,NGR-05,Tekhara Rainbelt,NVG,false,false,rainforest_corridor,Rural community linked to Fernfall,smallholder_agriculture_and_rural_services,agricultural_land|homesteads|rural_plots|cottages,geographic_descriptive,NoveGeo landscape lexicon,,,PROPOSED,PROVISIONAL,UNMAPPED_PENDING_ASSOCIATION,2026-08-11,novegeo_tribes.csv + simulation geography design,dataset:novegeo:places:v001:700,SHARED_REFERENCE,ACTIVE
NG-NAM-SET-000396,NGP-000396,Lower Rainsong,Lower Rainsong,lower-rainsong,VILLAGE,rural_settlement,rural,NGP-000371,NGP-000346,NGR-05,Tekhara Rainbelt,NVG,false,false,rainforest_corridor,Rural community linked to Rainsong,smallholder_agriculture_and_rural_services,agricultural_land|homesteads|rural_plots|cottages,geographic_descriptive,NoveGeo landscape lexicon,,,PROPOSED,PROVISIONAL,UNMAPPED_PENDING_ASSOCIATION,2026-08-11,novegeo_tribes.csv + simulation geography design,dataset:novegeo:places:v001:700,SHARED_REFERENCE,ACTIVE
NG-NAM-SET-000397,NGP-000397,Rainsong Clearing,Rainsong Clearing,rainsong-clearing,VILLAGE,rural_settlement,rural,NGP-000371,NGP-000346,NGR-05,Tekhara Rainbelt,NVG,false,false,rainforest_corridor,Rural community linked to Rainsong,smallholder_agriculture_and_rural_services,agricultural_land|homesteads|rural_plots|cottages,geographic_descriptive,NoveGeo landscape lexicon,,,PROPOSED,PROVISIONAL,UNMAPPED_PENDING_ASSOCIATION,2026-08-11,novegeo_tribes.csv + simulation geography design,dataset:novegeo:places:v001:700,SHARED_REFERENCE,ACTIVE
NG-NAM-SET-000398,NGP-000398,East Cedar Run,East Cedar Run,east-cedar-run,VILLAGE,rural_settlement,rural,NGP-000372,NGP-000346,NGR-05,Tekhara Rainbelt,NVG,false,false,rainforest_corridor,Rural community linked to Cedar Run,smallholder_agriculture_and_rural_services,agricultural_land|homesteads|rural_plots|cottages,geographic_descriptive,NoveGeo landscape lexicon,,,PROPOSED,PROVISIONAL,UNMAPPED_PENDING_ASSOCIATION,2026-08-11,novegeo_tribes.csv + simulation geography design,dataset:novegeo:places:v001:700,SHARED_REFERENCE,ACTIVE
NG-NAM-SET-000399,NGP-000399,Cedar Run River,Cedar Run River,cedar-run-river,VILLAGE,rural_settlement,rural,NGP-000372,NGP-000346,NGR-05,Tekhara Rainbelt,NVG,false,false,rainforest_corridor,Rural community linked to Cedar Run,smallholder_agriculture_and_rural_services,agricultural_land|homesteads|rural_plots|cottages,geographic_descriptive,NoveGeo landscape lexicon,,,PROPOSED,PROVISIONAL,UNMAPPED_PENDING_ASSOCIATION,2026-08-11,novegeo_tribes.csv + simulation geography design,dataset:novegeo:places:v001:700,SHARED_REFERENCE,ACTIVE
NG-NAM-SET-000400,NGP-000400,Old Canopy Ford,Old Canopy Ford,old-canopy-ford,VILLAGE,rural_settlement,rural,NGP-000373,NGP-000346,NGR-05,Tekhara Rainbelt,NVG,false,false,rainforest_corridor,Rural community linked to Canopy Ford,smallholder_agriculture_and_rural_services,agricultural_land|homesteads|rural_plots|cottages,geographic_descriptive,NoveGeo landscape lexicon,,,PROPOSED,PROVISIONAL,UNMAPPED_PENDING_ASSOCIATION,2026-08-11,novegeo_tribes.csv + simulation geography design,dataset:novegeo:places:v001:700,SHARED_REFERENCE,ACTIVE
NG-NAM-SET-000401,NGP-000401,Canopy Ford Canopy,Canopy Ford Canopy,canopy-ford-canopy,VILLAGE,rural_settlement,rural,NGP-000373,NGP-000346,NGR-05,Tekhara Rainbelt,NVG,false,false,rainforest_corridor,Rural community linked to Canopy Ford,smallholder_agriculture_and_rural_services,agricultural_land|homesteads|rural_plots|cottages,geographic_descriptive,NoveGeo landscape lexicon,,,PROPOSED,PROVISIONAL,UNMAPPED_PENDING_ASSOCIATION,2026-08-11,novegeo_tribes.csv + simulation geography design,dataset:novegeo:places:v001:700,SHARED_REFERENCE,ACTIVE
NG-NAM-SET-000402,NGP-000402,South Jadefall,South Jadefall,south-jadefall,VILLAGE,rural_settlement,rural,NGP-000374,NGP-000346,NGR-05,Tekhara Rainbelt,NVG,false,false,rainforest_corridor,Rural community linked to Jadefall,smallholder_agriculture_and_rural_services,agricultural_land|homesteads|rural_plots|cottages,mixed_novegeo,National mixed lexicon,,,PROPOSED,PROVISIONAL,UNMAPPED_PENDING_ASSOCIATION,2026-08-11,novegeo_tribes.csv + simulation geography design,dataset:novegeo:places:v001:700,SHARED_REFERENCE,ACTIVE
NG-NAM-SET-000403,NGP-000403,Jadefall Falls,Jadefall Falls,jadefall-falls,VILLAGE,rural_settlement,rural,NGP-000374,NGP-000346,NGR-05,Tekhara Rainbelt,NVG,false,false,rainforest_corridor,Rural community linked to Jadefall,smallholder_agriculture_and_rural_services,agricultural_land|homesteads|rural_plots|cottages,mixed_novegeo,National mixed lexicon,,,PROPOSED,PROVISIONAL,UNMAPPED_PENDING_ASSOCIATION,2026-08-11,novegeo_tribes.csv + simulation geography design,dataset:novegeo:places:v001:700,SHARED_REFERENCE,ACTIVE
NG-NAM-SET-000404,NGP-000404,Tekkena Fern,Tekkena Fern,tekkena-fern,VILLAGE,rural_settlement,rural,NGP-000375,NGP-000346,NGR-05,Tekhara Rainbelt,NVG,false,false,rainforest_corridor,Rural community linked to Tekkena,smallholder_agriculture_and_rural_services,agricultural_land|homesteads|rural_plots|cottages,mixed_novegeo,National mixed lexicon,,,PROPOSED,PROVISIONAL,UNMAPPED_PENDING_ASSOCIATION,2026-08-11,novegeo_tribes.csv + simulation geography design,dataset:novegeo:places:v001:700,SHARED_REFERENCE,ACTIVE
NG-NAM-SET-000405,NGP-000405,Tekkena Shade,Tekkena Shade,tekkena-shade,VILLAGE,rural_settlement,rural,NGP-000375,NGP-000346,NGR-05,Tekhara Rainbelt,NVG,false,false,rainforest_corridor,Rural community linked to Tekkena,smallholder_agriculture_and_rural_services,agricultural_land|homesteads|rural_plots|cottages,mixed_novegeo,National mixed lexicon,,,PROPOSED,PROVISIONAL,UNMAPPED_PENDING_ASSOCIATION,2026-08-11,novegeo_tribes.csv + simulation geography design,dataset:novegeo:places:v001:700,SHARED_REFERENCE,ACTIVE
NG-NAM-SET-000406,NGP-000406,North Ashvale,North Ashvale,north-ashvale,VILLAGE,rural_settlement,rural,NGP-000376,NGP-000346,NGR-05,Tekhara Rainbelt,NVG,false,false,rainforest_corridor,Rural community linked to Ashvale,smallholder_agriculture_and_rural_services,agricultural_land|homesteads|rural_plots|cottages,geographic_descriptive,NoveGeo landscape lexicon,,,PROPOSED,PROVISIONAL,UNMAPPED_PENDING_ASSOCIATION,2026-08-11,novegeo_tribes.csv + simulation geography design,dataset:novegeo:places:v001:700,SHARED_REFERENCE,ACTIVE
NG-NAM-SET-000407,NGP-000407,Ashvale Bloom,Ashvale Bloom,ashvale-bloom,VILLAGE,rural_settlement,rural,NGP-000376,NGP-000346,NGR-05,Tekhara Rainbelt,NVG,false,false,rainforest_corridor,Rural community linked to Ashvale,smallholder_agriculture_and_rural_services,agricultural_land|homesteads|rural_plots|cottages,geographic_descriptive,NoveGeo landscape lexicon,,,PROPOSED,PROVISIONAL,UNMAPPED_PENDING_ASSOCIATION,2026-08-11,novegeo_tribes.csv + simulation geography design,dataset:novegeo:places:v001:700,SHARED_REFERENCE,ACTIVE
NG-NAM-SET-000408,NGP-000408,Riverbloom Vine,Riverbloom Vine,riverbloom-vine,VILLAGE,rural_settlement,rural,NGP-000377,NGP-000346,NGR-05,Tekhara Rainbelt,NVG,false,false,rainforest_corridor,Rural community linked to Riverbloom,smallholder_agriculture_and_rural_services,agricultural_land|homesteads|rural_plots|cottages,geographic_descriptive,NoveGeo landscape lexicon,,,PROPOSED,PROVISIONAL,UNMAPPED_PENDING_ASSOCIATION,2026-08-11,novegeo_tribes.csv + simulation geography design,dataset:novegeo:places:v001:700,SHARED_REFERENCE,ACTIVE
NG-NAM-SET-000409,NGP-000409,Riverbloom Ford,Riverbloom Ford,riverbloom-ford,VILLAGE,rural_settlement,rural,NGP-000377,NGP-000346,NGR-05,Tekhara Rainbelt,NVG,false,false,rainforest_corridor,Rural community linked to Riverbloom,smallholder_agriculture_and_rural_services,agricultural_land|homesteads|rural_plots|cottages,geographic_descriptive,NoveGeo landscape lexicon,,,PROPOSED,PROVISIONAL,UNMAPPED_PENDING_ASSOCIATION,2026-08-11,novegeo_tribes.csv + simulation geography design,dataset:novegeo:places:v001:700,SHARED_REFERENCE,ACTIVE
NG-NAM-SET-000410,NGP-000410,West Marula Gate,West Marula Gate,west-marula-gate,VILLAGE,rural_settlement,rural,NGP-000378,NGP-000346,NGR-05,Tekhara Rainbelt,NVG,false,false,rainforest_corridor,Rural community linked to Marula Gate,smallholder_agriculture_and_rural_services,agricultural_land|homesteads|rural_plots|cottages,neutral_civic_or_planned,National civic lexicon,,,PROPOSED,PROVISIONAL,UNMAPPED_PENDING_ASSOCIATION,2026-08-11,novegeo_tribes.csv + simulation geography design,dataset:novegeo:places:v001:700,SHARED_REFERENCE,ACTIVE
NG-NAM-SET-000411,NGP-000411,Marula Gate Rain,Marula Gate Rain,marula-gate-rain,VILLAGE,rural_settlement,rural,NGP-000378,NGP-000346,NGR-05,Tekhara Rainbelt,NVG,false,false,rainforest_corridor,Rural community linked to Marula Gate,smallholder_agriculture_and_rural_services,agricultural_land|homesteads|rural_plots|cottages,geographic_descriptive,NoveGeo landscape lexicon,,,PROPOSED,PROVISIONAL,UNMAPPED_PENDING_ASSOCIATION,2026-08-11,novegeo_tribes.csv + simulation geography design,dataset:novegeo:places:v001:700,SHARED_REFERENCE,ACTIVE
NG-NAM-SET-000412,NGP-000412,Nembri Orchid,Nembri Orchid,nembri-orchid,VILLAGE,rural_settlement,rural,NGP-000379,NGP-000346,NGR-05,Tekhara Rainbelt,NVG,false,false,rainforest_corridor,Rural community linked to Nembri,smallholder_agriculture_and_rural_services,agricultural_land|homesteads|rural_plots|cottages,tribal_influenced,Ash'Tekka,,,PROPOSED,PROVISIONAL,UNMAPPED_PENDING_ASSOCIATION,2026-08-11,novegeo_tribes.csv + simulation geography design,dataset:novegeo:places:v001:700,SHARED_REFERENCE,ACTIVE
NG-NAM-SET-000413,NGP-000413,Nembri Bend,Nembri Bend,nembri-bend,VILLAGE,rural_settlement,rural,NGP-000379,NGP-000346,NGR-05,Tekhara Rainbelt,NVG,false,false,rainforest_corridor,Rural community linked to Nembri,smallholder_agriculture_and_rural_services,agricultural_land|homesteads|rural_plots|cottages,tribal_influenced,Ash'Tekka,,,PROPOSED,PROVISIONAL,UNMAPPED_PENDING_ASSOCIATION,2026-08-11,novegeo_tribes.csv + simulation geography design,dataset:novegeo:places:v001:700,SHARED_REFERENCE,ACTIVE
NG-NAM-SET-000414,NGP-000414,Upper Mosswick,Upper Mosswick,upper-mosswick,VILLAGE,rural_settlement,rural,NGP-000380,NGP-000346,NGR-05,Tekhara Rainbelt,NVG,false,false,rainforest_corridor,Rural community linked to Mosswick,smallholder_agriculture_and_rural_services,agricultural_land|homesteads|rural_plots|cottages,geographic_descriptive,NoveGeo landscape lexicon,,,PROPOSED,PROVISIONAL,UNMAPPED_PENDING_ASSOCIATION,2026-08-11,novegeo_tribes.csv + simulation geography design,dataset:novegeo:places:v001:700,SHARED_REFERENCE,ACTIVE
NG-NAM-SET-000415,NGP-000415,Mosswick Moss,Mosswick Moss,mosswick-moss,VILLAGE,rural_settlement,rural,NGP-000380,NGP-000346,NGR-05,Tekhara Rainbelt,NVG,false,false,rainforest_corridor,Rural community linked to Mosswick,smallholder_agriculture_and_rural_services,agricultural_land|homesteads|rural_plots|cottages,geographic_descriptive,NoveGeo landscape lexicon,,,PROPOSED,PROVISIONAL,UNMAPPED_PENDING_ASSOCIATION,2026-08-11,novegeo_tribes.csv + simulation geography design,dataset:novegeo:places:v001:700,SHARED_REFERENCE,ACTIVE
NG-NAM-SET-000416,NGP-000416,Brookfern Timber,Brookfern Timber,brookfern-timber,VILLAGE,rural_settlement,rural,NGP-000381,NGP-000346,NGR-05,Tekhara Rainbelt,NVG,false,false,rainforest_corridor,Rural community linked to Brookfern,smallholder_agriculture_and_rural_services,agricultural_land|homesteads|rural_plots|cottages,geographic_descriptive,NoveGeo landscape lexicon,,,PROPOSED,PROVISIONAL,UNMAPPED_PENDING_ASSOCIATION,2026-08-11,novegeo_tribes.csv + simulation geography design,dataset:novegeo:places:v001:700,SHARED_REFERENCE,ACTIVE
NG-NAM-SET-000417,NGP-000417,Brookfern Run,Brookfern Run,brookfern-run,VILLAGE,rural_settlement,rural,NGP-000381,NGP-000346,NGR-05,Tekhara Rainbelt,NVG,false,false,rainforest_corridor,Rural community linked to Brookfern,smallholder_agriculture_and_rural_services,agricultural_land|homesteads|rural_plots|cottages,geographic_descriptive,NoveGeo landscape lexicon,,,PROPOSED,PROVISIONAL,UNMAPPED_PENDING_ASSOCIATION,2026-08-11,novegeo_tribes.csv + simulation geography design,dataset:novegeo:places:v001:700,SHARED_REFERENCE,ACTIVE
NG-NAM-SET-000418,NGP-000418,Lower Wildorchid,Lower Wildorchid,lower-wildorchid,VILLAGE,rural_settlement,rural,NGP-000382,NGP-000346,NGR-05,Tekhara Rainbelt,NVG,false,false,rainforest_corridor,Rural community linked to Wildorchid,smallholder_agriculture_and_rural_services,agricultural_land|homesteads|rural_plots|cottages,mixed_novegeo,National mixed lexicon,,,PROPOSED,PROVISIONAL,UNMAPPED_PENDING_ASSOCIATION,2026-08-11,novegeo_tribes.csv + simulation geography design,dataset:novegeo:places:v001:700,SHARED_REFERENCE,ACTIVE
NG-NAM-SET-000419,NGP-000419,Wildorchid Palm,Wildorchid Palm,wildorchid-palm,VILLAGE,rural_settlement,rural,NGP-000382,NGP-000346,NGR-05,Tekhara Rainbelt,NVG,false,false,rainforest_corridor,Rural community linked to Wildorchid,smallholder_agriculture_and_rural_services,agricultural_land|homesteads|rural_plots|cottages,geographic_descriptive,NoveGeo landscape lexicon,,,PROPOSED,PROVISIONAL,UNMAPPED_PENDING_ASSOCIATION,2026-08-11,novegeo_tribes.csv + simulation geography design,dataset:novegeo:places:v001:700,SHARED_REFERENCE,ACTIVE
NG-NAM-SET-000420,NGP-000420,Greenmantle Cedar,Greenmantle Cedar,greenmantle-cedar,VILLAGE,rural_settlement,rural,NGP-000383,NGP-000346,NGR-05,Tekhara Rainbelt,NVG,false,false,rainforest_corridor,Rural community linked to Greenmantle,smallholder_agriculture_and_rural_services,agricultural_land|homesteads|rural_plots|cottages,geographic_descriptive,NoveGeo landscape lexicon,,,PROPOSED,PROVISIONAL,UNMAPPED_PENDING_ASSOCIATION,2026-08-11,novegeo_tribes.csv + simulation geography design,dataset:novegeo:places:v001:700,SHARED_REFERENCE,ACTIVE
NG-NAM-SET-000421,NGP-000421,Greenmantle Glade,Greenmantle Glade,greenmantle-glade,VILLAGE,rural_settlement,rural,NGP-000383,NGP-000346,NGR-05,Tekhara Rainbelt,NVG,false,false,rainforest_corridor,Rural community linked to Greenmantle,smallholder_agriculture_and_rural_services,agricultural_land|homesteads|rural_plots|cottages,mixed_novegeo,National mixed lexicon,,,PROPOSED,PROVISIONAL,UNMAPPED_PENDING_ASSOCIATION,2026-08-11,novegeo_tribes.csv + simulation geography design,dataset:novegeo:places:v001:700,SHARED_REFERENCE,ACTIVE
NG-NAM-SET-000422,NGP-000422,Timberwell Brook,Timberwell Brook,timberwell-brook,VILLAGE,rural_settlement,rural,NGP-000384,NGP-000346,NGR-05,Tekhara Rainbelt,NVG,false,false,rainforest_corridor,Rural community linked to Timberwell,smallholder_agriculture_and_rural_services,agricultural_land|homesteads|rural_plots|cottages,geographic_descriptive,NoveGeo landscape lexicon,,,PROPOSED,PROVISIONAL,UNMAPPED_PENDING_ASSOCIATION,2026-08-11,novegeo_tribes.csv + simulation geography design,dataset:novegeo:places:v001:700,SHARED_REFERENCE,ACTIVE
NG-NAM-SET-000423,NGP-000423,Timberwell Hollow,Timberwell Hollow,timberwell-hollow,VILLAGE,rural_settlement,rural,NGP-000384,NGP-000346,NGR-05,Tekhara Rainbelt,NVG,false,false,rainforest_corridor,Rural community linked to Timberwell,smallholder_agriculture_and_rural_services,agricultural_land|homesteads|rural_plots|cottages,mixed_novegeo,National mixed lexicon,,,PROPOSED,PROVISIONAL,UNMAPPED_PENDING_ASSOCIATION,2026-08-11,novegeo_tribes.csv + simulation geography design,dataset:novegeo:places:v001:700,SHARED_REFERENCE,ACTIVE
NG-NAM-SET-000424,NGP-000424,Rain Drum,Rain Drum,rain-drum,MARKET_CENTRE,rural_service_node,peri_urban,NGP-000370,NGP-000346,NGR-05,Tekhara Rainbelt,NVG,false,false,rainforest_corridor,Market and service node linked to Fernfall,retail_trade_and_rural_services,retail_units|mixed_use_buildings|storage|small_warehouses,geographic_descriptive,NoveGeo landscape lexicon,,,PROPOSED,PROVISIONAL,UNMAPPED_PENDING_ASSOCIATION,2026-08-11,novegeo_tribes.csv + simulation geography design,dataset:novegeo:places:v001:700,SHARED_REFERENCE,ACTIVE
NG-NAM-SET-000425,NGP-000425,Canopy Market,Canopy Market,canopy-market,MARKET_CENTRE,rural_service_node,peri_urban,NGP-000373,NGP-000346,NGR-05,Tekhara Rainbelt,NVG,false,false,rainforest_corridor,Market and service node linked to Canopy Ford,retail_trade_and_rural_services,retail_units|mixed_use_buildings|storage|small_warehouses,historic_trade_or_occupation,Regional trade lexicon,,,PROPOSED,PROVISIONAL,UNMAPPED_PENDING_ASSOCIATION,2026-08-11,novegeo_tribes.csv + simulation geography design,dataset:novegeo:places:v001:700,SHARED_REFERENCE,ACTIVE
NG-NAM-SET-000426,NGP-000426,River Basket,River Basket,river-basket,MARKET_CENTRE,rural_service_node,peri_urban,NGP-000376,NGP-000346,NGR-05,Tekhara Rainbelt,NVG,false,false,rainforest_corridor,Market and service node linked to Ashvale,retail_trade_and_rural_services,retail_units|mixed_use_buildings|storage|small_warehouses,geographic_descriptive,NoveGeo landscape lexicon,,,PROPOSED,PROVISIONAL,UNMAPPED_PENDING_ASSOCIATION,2026-08-11,novegeo_tribes.csv + simulation geography design,dataset:novegeo:places:v001:700,SHARED_REFERENCE,ACTIVE
NG-NAM-SET-000427,NGP-000427,Marula Exchange,Marula Exchange,marula-exchange,MARKET_CENTRE,rural_service_node,peri_urban,NGP-000379,NGP-000346,NGR-05,Tekhara Rainbelt,NVG,false,false,rainforest_corridor,Market and service node linked to Nembri,retail_trade_and_rural_services,retail_units|mixed_use_buildings|storage|small_warehouses,historic_trade_or_occupation,Regional trade lexicon,,,PROPOSED,PROVISIONAL,UNMAPPED_PENDING_ASSOCIATION,2026-08-11,novegeo_tribes.csv + simulation geography design,dataset:novegeo:places:v001:700,SHARED_REFERENCE,ACTIVE
NG-NAM-SET-000428,NGP-000428,Timber Cross,Timber Cross,timber-cross,MARKET_CENTRE,rural_service_node,peri_urban,NGP-000382,NGP-000346,NGR-05,Tekhara Rainbelt,NVG,false,false,rainforest_corridor,Market and service node linked to Wildorchid,retail_trade_and_rural_services,retail_units|mixed_use_buildings|storage|small_warehouses,neutral_civic_or_planned,National civic lexicon,,,PROPOSED,PROVISIONAL,UNMAPPED_PENDING_ASSOCIATION,2026-08-11,novegeo_tribes.csv + simulation geography design,dataset:novegeo:places:v001:700,SHARED_REFERENCE,ACTIVE
NG-NAM-SET-000429,NGP-000429,Tekharo BioWorks Campus,Tekharo BioWorks Campus,tekharo-bioworks-campus,INDUSTRIAL_ZONE,special_economic_locality,specialized,NGP-000346,NGP-000346,NGR-05,Tekhara Rainbelt,NVG,false,false,rainforest_corridor,Industrial and logistics locality within Tekhara Rainbelt,manufacturing_and_logistics,warehouses|factories|logistics_yards|industrial_land,tribal_influenced,Ash'Tekka,,,PROPOSED,PROVISIONAL,UNMAPPED_PENDING_ASSOCIATION,2026-08-11,novegeo_tribes.csv + simulation geography design,dataset:novegeo:places:v001:700,SHARED_REFERENCE,ACTIVE
NG-NAM-SET-000430,NGP-000430,Timberloop Industrial Estate,Timberloop Industrial Estate,timberloop-industrial-estate,INDUSTRIAL_ZONE,special_economic_locality,specialized,NGP-000348,NGP-000346,NGR-05,Tekhara Rainbelt,NVG,false,false,rainforest_corridor,Industrial and logistics locality within Tekhara Rainbelt,processing_and_freight,warehouses|factories|logistics_yards|industrial_land,neutral_civic_or_planned,National civic lexicon,,,PROPOSED,PROVISIONAL,UNMAPPED_PENDING_ASSOCIATION,2026-08-11,novegeo_tribes.csv + simulation geography design,dataset:novegeo:places:v001:700,SHARED_REFERENCE,ACTIVE
NG-NAM-SET-000431,NGP-000431,Emerald Canopy,Emerald Canopy,emerald-canopy,RESORT_SETTLEMENT,tourism_settlement,specialized,NGP-000373,NGP-000346,NGR-05,Tekhara Rainbelt,NVG,false,false,rainforest_corridor,Tourism and hospitality settlement within Tekhara Rainbelt,tourism_and_hospitality,hotels|resorts|holiday_villas|serviced_apartments,geographic_descriptive,NoveGeo landscape lexicon,Green Cathedral,Very tall forest arches over the resort road.,PROPOSED,PROVISIONAL,UNMAPPED_PENDING_ASSOCIATION,2026-08-11,novegeo_tribes.csv + simulation geography design,dataset:novegeo:places:v001:700,SHARED_REFERENCE,ACTIVE
NG-NAM-SET-000432,NGP-000432,Redhaven,Redhaven,redhaven,CITY,national_or_regional_metropolis,metropolitan,,NGP-000432,NGR-06,Barazin Drylands,NVG,false,true,semi_arid_savanna,"Dryland metropolis, solar-energy, livestock and cross-country logistics centre",regional_metropolitan_services,apartments|offices|retail|mixed_use|hotels,geographic_descriptive,NoveGeo landscape lexicon,Sun City,Solar fields and clear dryland skies define the city's modern identity.,PROPOSED,PROVISIONAL,UNMAPPED_PENDING_ASSOCIATION,2026-08-11,novegeo_tribes.csv + simulation geography design,dataset:novegeo:places:v001:700,SHARED_REFERENCE,ACTIVE
NG-NAM-SET-000433,NGP-000433,Zarqen,Zarqen,zarqen,MUNICIPALITY,municipal_urban,urban,,NGP-000432,NGR-06,Barazin Drylands,NVG,false,false,semi_arid_savanna,Municipal service centre within Barazin Drylands,administration_and_services,houses|apartments|plots|retail|offices,tribal_influenced,Zul-Bari,,,PROPOSED,PROVISIONAL,UNMAPPED_PENDING_ASSOCIATION,2026-08-11,novegeo_tribes.csv + simulation geography design,dataset:novegeo:places:v001:700,SHARED_REFERENCE,ACTIVE
NG-NAM-SET-000434,NGP-000434,Dustmere,Dustmere,dustmere,MUNICIPALITY,municipal_urban,urban,,NGP-000432,NGR-06,Barazin Drylands,NVG,false,false,semi_arid_savanna,Municipal service centre within Barazin Drylands,trade_and_residential_growth,houses|apartments|plots|retail|offices,geographic_descriptive,NoveGeo landscape lexicon,,,PROPOSED,PROVISIONAL,UNMAPPED_PENDING_ASSOCIATION,2026-08-11,novegeo_tribes.csv + simulation geography design,dataset:novegeo:places:v001:700,SHARED_REFERENCE,ACTIVE
NG-NAM-SET-000435,NGP-000435,Sunward,Sunward,sunward,MUNICIPALITY,municipal_urban,urban,,NGP-000432,NGR-06,Barazin Drylands,NVG,false,false,semi_arid_savanna,Municipal service centre within Barazin Drylands,regional_production_and_services,houses|apartments|plots|retail|offices,geographic_descriptive,NoveGeo landscape lexicon,,,PROPOSED,PROVISIONAL,UNMAPPED_PENDING_ASSOCIATION,2026-08-11,novegeo_tribes.csv + simulation geography design,dataset:novegeo:places:v001:700,SHARED_REFERENCE,ACTIVE
NG-NAM-SET-000436,NGP-000436,Redhaven Central,Redhaven Central,redhaven-central,CITY_DISTRICT,intra_city_district,metropolitan,NGP-000432,NGP-000432,NGR-06,Barazin Drylands,NVG,false,false,semi_arid_savanna,Metropolitan district of Redhaven,commerce_and_mixed_use,apartments|offices|retail|mixed_use,neutral_civic_or_planned,National civic lexicon,,,PROPOSED,PROVISIONAL,UNMAPPED_PENDING_ASSOCIATION,2026-08-11,novegeo_tribes.csv + simulation geography design,dataset:novegeo:places:v001:700,SHARED_REFERENCE,ACTIVE
NG-NAM-SET-000437,NGP-000437,Caravan Exchange,Caravan Exchange,caravan-exchange,CITY_DISTRICT,intra_city_district,metropolitan,NGP-000432,NGP-000432,NGR-06,Barazin Drylands,NVG,false,false,semi_arid_savanna,Metropolitan district of Redhaven,commerce_and_mixed_use,apartments|offices|retail|mixed_use,historic_trade_or_occupation,Regional trade lexicon,,,PROPOSED,PROVISIONAL,UNMAPPED_PENDING_ASSOCIATION,2026-08-11,novegeo_tribes.csv + simulation geography design,dataset:novegeo:places:v001:700,SHARED_REFERENCE,ACTIVE
NG-NAM-SET-000438,NGP-000438,Solar Ward,Solar Ward,solar-ward,CITY_DISTRICT,intra_city_district,metropolitan,NGP-000432,NGP-000432,NGR-06,Barazin Drylands,NVG,false,false,semi_arid_savanna,Metropolitan district of Redhaven,civic_and_public_services,apartments|offices|retail|mixed_use,neutral_civic_or_planned,National civic lexicon,The Brightside,"The ward pioneered solar roofs, shaded streets and night markets.",PROPOSED,PROVISIONAL,UNMAPPED_PENDING_ASSOCIATION,2026-08-11,novegeo_tribes.csv + simulation geography design,dataset:novegeo:places:v001:700,SHARED_REFERENCE,ACTIVE
NG-NAM-SET-000439,NGP-000439,Railhead,Railhead,railhead,CITY_DISTRICT,intra_city_district,metropolitan,NGP-000432,NGP-000432,NGR-06,Barazin Drylands,NVG,false,false,semi_arid_savanna,Metropolitan district of Redhaven,transport_and_logistics,apartments|offices|retail|mixed_use,historic_trade_or_occupation,Regional trade lexicon,,,PROPOSED,PROVISIONAL,UNMAPPED_PENDING_ASSOCIATION,2026-08-11,novegeo_tribes.csv + simulation geography design,dataset:novegeo:places:v001:700,SHARED_REFERENCE,ACTIVE
NG-NAM-SET-000440,NGP-000440,Old Wells,Old Wells,old-wells,CITY_DISTRICT,intra_city_district,metropolitan,NGP-000432,NGP-000432,NGR-06,Barazin Drylands,NVG,false,false,semi_arid_savanna,Metropolitan district of Redhaven,heritage_and_tourism,apartments|offices|retail|mixed_use,geographic_descriptive,NoveGeo landscape lexicon,,,PROPOSED,PROVISIONAL,UNMAPPED_PENDING_ASSOCIATION,2026-08-11,novegeo_tribes.csv + simulation geography design,dataset:novegeo:places:v001:700,SHARED_REFERENCE,ACTIVE
NG-NAM-SET-000441,NGP-000441,South Bazaar,South Bazaar,south-bazaar,CITY_DISTRICT,intra_city_district,metropolitan,NGP-000432,NGP-000432,NGR-06,Barazin Drylands,NVG,false,false,semi_arid_savanna,Metropolitan district of Redhaven,commerce_and_mixed_use,apartments|offices|retail|mixed_use,historic_trade_or_occupation,Regional trade lexicon,,,PROPOSED,PROVISIONAL,UNMAPPED_PENDING_ASSOCIATION,2026-08-11,novegeo_tribes.csv + simulation geography design,dataset:novegeo:places:v001:700,SHARED_REFERENCE,ACTIVE
NG-NAM-SET-000442,NGP-000442,Civic Mesa,Civic Mesa,civic-mesa,CITY_DISTRICT,intra_city_district,metropolitan,NGP-000432,NGP-000432,NGR-06,Barazin Drylands,NVG,false,false,semi_arid_savanna,Metropolitan district of Redhaven,civic_and_public_services,apartments|offices|retail|mixed_use,neutral_civic_or_planned,National civic lexicon,,,PROPOSED,PROVISIONAL,UNMAPPED_PENDING_ASSOCIATION,2026-08-11,novegeo_tribes.csv + simulation geography design,dataset:novegeo:places:v001:700,SHARED_REFERENCE,ACTIVE
NG-NAM-SET-000443,NGP-000443,Copper Dunes,Copper Dunes,copper-dunes,CITY_DISTRICT,intra_city_district,metropolitan,NGP-000432,NGP-000432,NGR-06,Barazin Drylands,NVG,false,false,semi_arid_savanna,Metropolitan district of Redhaven,mixed_use_urban,apartments|offices|retail|mixed_use,geographic_descriptive,NoveGeo landscape lexicon,,,PROPOSED,PROVISIONAL,UNMAPPED_PENDING_ASSOCIATION,2026-08-11,novegeo_tribes.csv + simulation geography design,dataset:novegeo:places:v001:700,SHARED_REFERENCE,ACTIVE
NG-NAM-SET-000444,NGP-000444,Suncrest,Suncrest,suncrest,SUBURB,urban_neighborhood,urban,NGP-000432,NGP-000432,NGR-06,Barazin Drylands,NVG,false,false,semi_arid_savanna,Residential neighborhood of Redhaven,elevated_residential,detached_houses|townhouses|apartments|residential_plots,geographic_descriptive,NoveGeo landscape lexicon,,,PROPOSED,PROVISIONAL,UNMAPPED_PENDING_ASSOCIATION,2026-08-11,novegeo_tribes.csv + simulation geography design,dataset:novegeo:places:v001:700,SHARED_REFERENCE,ACTIVE
NG-NAM-SET-000445,NGP-000445,Amber Fields,Amber Fields,amber-fields,SUBURB,urban_neighborhood,urban,NGP-000432,NGP-000432,NGR-06,Barazin Drylands,NVG,false,false,semi_arid_savanna,Residential neighborhood of Redhaven,garden_residential,detached_houses|townhouses|apartments|residential_plots,geographic_descriptive,NoveGeo landscape lexicon,,,PROPOSED,PROVISIONAL,UNMAPPED_PENDING_ASSOCIATION,2026-08-11,novegeo_tribes.csv + simulation geography design,dataset:novegeo:places:v001:700,SHARED_REFERENCE,ACTIVE
NG-NAM-SET-000446,NGP-000446,Baric Gardens,Baric Gardens,baric-gardens,SUBURB,urban_neighborhood,urban,NGP-000432,NGP-000432,NGR-06,Barazin Drylands,NVG,false,false,semi_arid_savanna,Residential neighborhood of Redhaven,garden_residential,detached_houses|townhouses|apartments|residential_plots,tribal_influenced,Zul-Bari,,,PROPOSED,PROVISIONAL,UNMAPPED_PENDING_ASSOCIATION,2026-08-11,novegeo_tribes.csv + simulation geography design,dataset:novegeo:places:v001:700,SHARED_REFERENCE,ACTIVE
NG-NAM-SET-000447,NGP-000447,Marrowgate,Marrowgate,marrowgate,SUBURB,urban_neighborhood,urban,NGP-000432,NGP-000432,NGR-06,Barazin Drylands,NVG,false,false,semi_arid_savanna,Residential neighborhood of Redhaven,growth_corridor_residential,detached_houses|townhouses|apartments|residential_plots,neutral_civic_or_planned,National civic lexicon,,,PROPOSED,PROVISIONAL,UNMAPPED_PENDING_ASSOCIATION,2026-08-11,novegeo_tribes.csv + simulation geography design,dataset:novegeo:places:v001:700,SHARED_REFERENCE,ACTIVE
NG-NAM-SET-000448,NGP-000448,Oasis Park,Oasis Park,oasis-park,SUBURB,urban_neighborhood,urban,NGP-000432,NGP-000432,NGR-06,Barazin Drylands,NVG,false,false,semi_arid_savanna,Residential neighborhood of Redhaven,garden_residential,detached_houses|townhouses|apartments|residential_plots,geographic_descriptive,NoveGeo landscape lexicon,,,PROPOSED,PROVISIONAL,UNMAPPED_PENDING_ASSOCIATION,2026-08-11,novegeo_tribes.csv + simulation geography design,dataset:novegeo:places:v001:700,SHARED_REFERENCE,ACTIVE
NG-NAM-SET-000449,NGP-000449,Gulfview,Gulfview,gulfview,SUBURB,urban_neighborhood,urban,NGP-000432,NGP-000432,NGR-06,Barazin Drylands,NVG,false,false,semi_arid_savanna,Residential neighborhood of Redhaven,cosmopolitan_residential,detached_houses|townhouses|apartments|residential_plots,geographic_descriptive,NoveGeo landscape lexicon,Little Dubai,"Gulf-region investors and residents developed a dense cluster of hotels, offices and restaurants.",PROPOSED,PROVISIONAL,UNMAPPED_PENDING_ASSOCIATION,2026-08-11,novegeo_tribes.csv + simulation geography design,dataset:novegeo:places:v001:700,SHARED_REFERENCE,ACTIVE
NG-NAM-SET-000450,NGP-000450,Acacia Ridge,Acacia Ridge,acacia-ridge,SUBURB,urban_neighborhood,urban,NGP-000432,NGP-000432,NGR-06,Barazin Drylands,NVG,false,false,semi_arid_savanna,Residential neighborhood of Redhaven,elevated_residential,detached_houses|townhouses|apartments|residential_plots,geographic_descriptive,NoveGeo landscape lexicon,,,PROPOSED,PROVISIONAL,UNMAPPED_PENDING_ASSOCIATION,2026-08-11,novegeo_tribes.csv + simulation geography design,dataset:novegeo:places:v001:700,SHARED_REFERENCE,ACTIVE
NG-NAM-SET-000451,NGP-000451,Dustrose,Dustrose,dustrose,SUBURB,urban_neighborhood,urban,NGP-000432,NGP-000432,NGR-06,Barazin Drylands,NVG,false,false,semi_arid_savanna,Residential neighborhood of Redhaven,mixed_density_residential,detached_houses|townhouses|apartments|residential_plots,mixed_novegeo,National mixed lexicon,,,PROPOSED,PROVISIONAL,UNMAPPED_PENDING_ASSOCIATION,2026-08-11,novegeo_tribes.csv + simulation geography design,dataset:novegeo:places:v001:700,SHARED_REFERENCE,ACTIVE
NG-NAM-SET-000452,NGP-000452,Falcon Heath,Falcon Heath,falcon-heath,SUBURB,urban_neighborhood,urban,NGP-000432,NGP-000432,NGR-06,Barazin Drylands,NVG,false,false,semi_arid_savanna,Residential neighborhood of Redhaven,garden_residential,detached_houses|townhouses|apartments|residential_plots,geographic_descriptive,NoveGeo landscape lexicon,,,PROPOSED,PROVISIONAL,UNMAPPED_PENDING_ASSOCIATION,2026-08-11,novegeo_tribes.csv + simulation geography design,dataset:novegeo:places:v001:700,SHARED_REFERENCE,ACTIVE
NG-NAM-SET-000453,NGP-000453,Zarqa Heights,Zarqa Heights,zarqa-heights,SUBURB,urban_neighborhood,urban,NGP-000432,NGP-000432,NGR-06,Barazin Drylands,NVG,false,false,semi_arid_savanna,Residential neighborhood of Redhaven,elevated_residential,detached_houses|townhouses|apartments|residential_plots,tribal_influenced,Zul-Bari,,,PROPOSED,PROVISIONAL,UNMAPPED_PENDING_ASSOCIATION,2026-08-11,novegeo_tribes.csv + simulation geography design,dataset:novegeo:places:v001:700,SHARED_REFERENCE,ACTIVE
NG-NAM-SET-000454,NGP-000454,Suncourt,Suncourt,suncourt,SUBURB,urban_neighborhood,urban,NGP-000432,NGP-000432,NGR-06,Barazin Drylands,NVG,false,false,semi_arid_savanna,Residential neighborhood of Redhaven,garden_residential,detached_houses|townhouses|apartments|residential_plots,geographic_descriptive,NoveGeo landscape lexicon,,,PROPOSED,PROVISIONAL,UNMAPPED_PENDING_ASSOCIATION,2026-08-11,novegeo_tribes.csv + simulation geography design,dataset:novegeo:places:v001:700,SHARED_REFERENCE,ACTIVE
NG-NAM-SET-000455,NGP-000455,Redstone Vale,Redstone Vale,redstone-vale,SUBURB,urban_neighborhood,urban,NGP-000432,NGP-000432,NGR-06,Barazin Drylands,NVG,false,false,semi_arid_savanna,Residential neighborhood of Redhaven,mixed_density_residential,detached_houses|townhouses|apartments|residential_plots,geographic_descriptive,NoveGeo landscape lexicon,,,PROPOSED,PROVISIONAL,UNMAPPED_PENDING_ASSOCIATION,2026-08-11,novegeo_tribes.csv + simulation geography design,dataset:novegeo:places:v001:700,SHARED_REFERENCE,ACTIVE
NG-NAM-SET-000456,NGP-000456,Barazen,Barazen,barazen,TOWN,secondary_urban,urban,NGP-000433,NGP-000432,NGR-06,Barazin Drylands,NVG,false,false,semi_arid_savanna,Regional livestock centre,livestock,houses|apartments|commercial_plots|retail|warehouses,tribal_influenced,Zul-Bari,The Red Mile,A red-earth trading road runs through the historic centre.,PROPOSED,PROVISIONAL,UNMAPPED_PENDING_ASSOCIATION,2026-08-11,novegeo_tribes.csv + simulation geography design,dataset:novegeo:places:v001:700,SHARED_REFERENCE,ACTIVE
NG-NAM-SET-000457,NGP-000457,Mareva,Mareva,mareva,TOWN,secondary_urban,urban,NGP-000433,NGP-000432,NGR-06,Barazin Drylands,NVG,false,false,semi_arid_savanna,Regional solar energy centre,solar_energy,houses|apartments|commercial_plots|retail|warehouses,tribal_influenced,Mar-Saba,,,PROPOSED,PROVISIONAL,UNMAPPED_PENDING_ASSOCIATION,2026-08-11,novegeo_tribes.csv + simulation geography design,dataset:novegeo:places:v001:700,SHARED_REFERENCE,ACTIVE
NG-NAM-SET-000458,NGP-000458,Khelar,Khelar,khelar,TOWN,secondary_urban,urban,NGP-000433,NGP-000432,NGR-06,Barazin Drylands,NVG,false,false,semi_arid_savanna,Regional caravan trade centre,caravan_trade,houses|apartments|commercial_plots|retail|warehouses,tribal_influenced,Zul-Bari,,,PROPOSED,PROVISIONAL,UNMAPPED_PENDING_ASSOCIATION,2026-08-11,novegeo_tribes.csv + simulation geography design,dataset:novegeo:places:v001:700,SHARED_REFERENCE,ACTIVE
NG-NAM-SET-000459,NGP-000459,Caravan Well,Caravan Well,caravan-well,TOWN,secondary_urban,urban,NGP-000433,NGP-000432,NGR-06,Barazin Drylands,NVG,false,false,semi_arid_savanna,Regional logistics centre,logistics,houses|apartments|commercial_plots|retail|warehouses,mixed_novegeo,National mixed lexicon,,,PROPOSED,PROVISIONAL,UNMAPPED_PENDING_ASSOCIATION,2026-08-11,novegeo_tribes.csv + simulation geography design,dataset:novegeo:places:v001:700,SHARED_REFERENCE,ACTIVE
NG-NAM-SET-000460,NGP-000460,Sirocco,Sirocco,sirocco,TOWN,secondary_urban,urban,NGP-000433,NGP-000432,NGR-06,Barazin Drylands,NVG,false,false,semi_arid_savanna,Regional dryland agriculture centre,dryland_agriculture,houses|apartments|commercial_plots|retail|warehouses,mixed_novegeo,National mixed lexicon,,,PROPOSED,PROVISIONAL,UNMAPPED_PENDING_ASSOCIATION,2026-08-11,novegeo_tribes.csv + simulation geography design,dataset:novegeo:places:v001:700,SHARED_REFERENCE,ACTIVE
NG-NAM-SET-000461,NGP-000461,Dustrun,Dustrun,dustrun,TOWN,secondary_urban,urban,NGP-000434,NGP-000432,NGR-06,Barazin Drylands,NVG,false,false,semi_arid_savanna,Regional livestock centre,livestock,houses|apartments|commercial_plots|retail|warehouses,mixed_novegeo,National mixed lexicon,,,PROPOSED,PROVISIONAL,UNMAPPED_PENDING_ASSOCIATION,2026-08-11,novegeo_tribes.csv + simulation geography design,dataset:novegeo:places:v001:700,SHARED_REFERENCE,ACTIVE
NG-NAM-SET-000462,NGP-000462,Saltwick,Saltwick,saltwick,TOWN,secondary_urban,urban,NGP-000434,NGP-000432,NGR-06,Barazin Drylands,NVG,false,false,semi_arid_savanna,Regional solar energy centre,solar_energy,houses|apartments|commercial_plots|retail|warehouses,mixed_novegeo,National mixed lexicon,,,PROPOSED,PROVISIONAL,UNMAPPED_PENDING_ASSOCIATION,2026-08-11,novegeo_tribes.csv + simulation geography design,dataset:novegeo:places:v001:700,SHARED_REFERENCE,ACTIVE
NG-NAM-SET-000463,NGP-000463,Thornfield,Thornfield,thornfield,TOWN,secondary_urban,urban,NGP-000434,NGP-000432,NGR-06,Barazin Drylands,NVG,false,false,semi_arid_savanna,Regional caravan trade centre,caravan_trade,houses|apartments|commercial_plots|retail|warehouses,geographic_descriptive,NoveGeo landscape lexicon,,,PROPOSED,PROVISIONAL,UNMAPPED_PENDING_ASSOCIATION,2026-08-11,novegeo_tribes.csv + simulation geography design,dataset:novegeo:places:v001:700,SHARED_REFERENCE,ACTIVE
NG-NAM-SET-000464,NGP-000464,Rookwell,Rookwell,rookwell,TOWN,secondary_urban,urban,NGP-000434,NGP-000432,NGR-06,Barazin Drylands,NVG,false,false,semi_arid_savanna,Regional logistics centre,logistics,houses|apartments|commercial_plots|retail|warehouses,mixed_novegeo,National mixed lexicon,,,PROPOSED,PROVISIONAL,UNMAPPED_PENDING_ASSOCIATION,2026-08-11,novegeo_tribes.csv + simulation geography design,dataset:novegeo:places:v001:700,SHARED_REFERENCE,ACTIVE
NG-NAM-SET-000465,NGP-000465,Grey Dune,Grey Dune,grey-dune,TOWN,secondary_urban,urban,NGP-000434,NGP-000432,NGR-06,Barazin Drylands,NVG,false,false,semi_arid_savanna,Regional dryland agriculture centre,dryland_agriculture,houses|apartments|commercial_plots|retail|warehouses,geographic_descriptive,NoveGeo landscape lexicon,,,PROPOSED,PROVISIONAL,UNMAPPED_PENDING_ASSOCIATION,2026-08-11,novegeo_tribes.csv + simulation geography design,dataset:novegeo:places:v001:700,SHARED_REFERENCE,ACTIVE
NG-NAM-SET-000466,NGP-000466,Solmarch,Solmarch,solmarch,TOWN,secondary_urban,urban,NGP-000435,NGP-000432,NGR-06,Barazin Drylands,NVG,false,false,semi_arid_savanna,Regional livestock centre,livestock,houses|apartments|commercial_plots|retail|warehouses,neutral_civic_or_planned,National civic lexicon,,,PROPOSED,PROVISIONAL,UNMAPPED_PENDING_ASSOCIATION,2026-08-11,novegeo_tribes.csv + simulation geography design,dataset:novegeo:places:v001:700,SHARED_REFERENCE,ACTIVE
NG-NAM-SET-000467,NGP-000467,Golden Step,Golden Step,golden-step,TOWN,secondary_urban,urban,NGP-000435,NGP-000432,NGR-06,Barazin Drylands,NVG,false,false,semi_arid_savanna,Regional solar energy centre,solar_energy,houses|apartments|commercial_plots|retail|warehouses,mixed_novegeo,National mixed lexicon,,,PROPOSED,PROVISIONAL,UNMAPPED_PENDING_ASSOCIATION,2026-08-11,novegeo_tribes.csv + simulation geography design,dataset:novegeo:places:v001:700,SHARED_REFERENCE,ACTIVE
NG-NAM-SET-000468,NGP-000468,Mirasol,Mirasol,mirasol,TOWN,secondary_urban,urban,NGP-000435,NGP-000432,NGR-06,Barazin Drylands,NVG,false,false,semi_arid_savanna,Regional caravan trade centre,caravan_trade,houses|apartments|commercial_plots|retail|warehouses,mixed_novegeo,National mixed lexicon,,,PROPOSED,PROVISIONAL,UNMAPPED_PENDING_ASSOCIATION,2026-08-11,novegeo_tribes.csv + simulation geography design,dataset:novegeo:places:v001:700,SHARED_REFERENCE,ACTIVE
NG-NAM-SET-000469,NGP-000469,East Oasis,East Oasis,east-oasis,TOWN,secondary_urban,urban,NGP-000435,NGP-000432,NGR-06,Barazin Drylands,NVG,false,false,semi_arid_savanna,Regional logistics centre,logistics,houses|apartments|commercial_plots|retail|warehouses,geographic_descriptive,NoveGeo landscape lexicon,,,PROPOSED,PROVISIONAL,UNMAPPED_PENDING_ASSOCIATION,2026-08-11,novegeo_tribes.csv + simulation geography design,dataset:novegeo:places:v001:700,SHARED_REFERENCE,ACTIVE
NG-NAM-SET-000470,NGP-000470,Cinder Plain,Cinder Plain,cinder-plain,TOWN,secondary_urban,urban,NGP-000435,NGP-000432,NGR-06,Barazin Drylands,NVG,false,false,semi_arid_savanna,Regional dryland agriculture centre,dryland_agriculture,houses|apartments|commercial_plots|retail|warehouses,geographic_descriptive,NoveGeo landscape lexicon,,,PROPOSED,PROVISIONAL,UNMAPPED_PENDING_ASSOCIATION,2026-08-11,novegeo_tribes.csv + simulation geography design,dataset:novegeo:places:v001:700,SHARED_REFERENCE,ACTIVE
NG-NAM-SET-000471,NGP-000471,Zarqen South,Zarqen South,zarqen-south,TOWNSHIP,small_urban,peri_urban,NGP-000433,NGP-000432,NGR-06,Barazin Drylands,NVG,false,false,semi_arid_savanna,Peri-urban township serving Zarqen,local_services_and_residential_growth,houses|rental_units|plots|workshops|shops,tribal_influenced,Zul-Bari,,,PROPOSED,PROVISIONAL,UNMAPPED_PENDING_ASSOCIATION,2026-08-11,novegeo_tribes.csv + simulation geography design,dataset:novegeo:places:v001:700,SHARED_REFERENCE,ACTIVE
NG-NAM-SET-000472,NGP-000472,Baric Cross,Baric Cross,baric-cross,TOWNSHIP,small_urban,peri_urban,NGP-000433,NGP-000432,NGR-06,Barazin Drylands,NVG,false,false,semi_arid_savanna,Peri-urban township serving Zarqen,local_services_and_residential_growth,houses|rental_units|plots|workshops|shops,tribal_influenced,Zul-Bari,,,PROPOSED,PROVISIONAL,UNMAPPED_PENDING_ASSOCIATION,2026-08-11,novegeo_tribes.csv + simulation geography design,dataset:novegeo:places:v001:700,SHARED_REFERENCE,ACTIVE
NG-NAM-SET-000473,NGP-000473,Camel Bell,Camel Bell,camel-bell,TOWNSHIP,small_urban,peri_urban,NGP-000433,NGP-000432,NGR-06,Barazin Drylands,NVG,false,false,semi_arid_savanna,Peri-urban township serving Zarqen,local_services_and_residential_growth,houses|rental_units|plots|workshops|shops,mixed_novegeo,National mixed lexicon,,,PROPOSED,PROVISIONAL,UNMAPPED_PENDING_ASSOCIATION,2026-08-11,novegeo_tribes.csv + simulation geography design,dataset:novegeo:places:v001:700,SHARED_REFERENCE,ACTIVE
NG-NAM-SET-000474,NGP-000474,Dustmere East,Dustmere East,dustmere-east,TOWNSHIP,small_urban,peri_urban,NGP-000434,NGP-000432,NGR-06,Barazin Drylands,NVG,false,false,semi_arid_savanna,Peri-urban township serving Dustmere,local_services_and_residential_growth,houses|rental_units|plots|workshops|shops,geographic_descriptive,NoveGeo landscape lexicon,,,PROPOSED,PROVISIONAL,UNMAPPED_PENDING_ASSOCIATION,2026-08-11,novegeo_tribes.csv + simulation geography design,dataset:novegeo:places:v001:700,SHARED_REFERENCE,ACTIVE
NG-NAM-SET-000475,NGP-000475,Saltpan Row,Saltpan Row,saltpan-row,TOWNSHIP,small_urban,peri_urban,NGP-000434,NGP-000432,NGR-06,Barazin Drylands,NVG,false,false,semi_arid_savanna,Peri-urban township serving Dustmere,local_services_and_residential_growth,houses|rental_units|plots|workshops|shops,mixed_novegeo,National mixed lexicon,,,PROPOSED,PROVISIONAL,UNMAPPED_PENDING_ASSOCIATION,2026-08-11,novegeo_tribes.csv + simulation geography design,dataset:novegeo:places:v001:700,SHARED_REFERENCE,ACTIVE
NG-NAM-SET-000476,NGP-000476,Thorn Junction,Thorn Junction,thorn-junction,TOWNSHIP,small_urban,peri_urban,NGP-000434,NGP-000432,NGR-06,Barazin Drylands,NVG,false,false,semi_arid_savanna,Peri-urban township serving Dustmere,local_services_and_residential_growth,houses|rental_units|plots|workshops|shops,neutral_civic_or_planned,National civic lexicon,,,PROPOSED,PROVISIONAL,UNMAPPED_PENDING_ASSOCIATION,2026-08-11,novegeo_tribes.csv + simulation geography design,dataset:novegeo:places:v001:700,SHARED_REFERENCE,ACTIVE
NG-NAM-SET-000477,NGP-000477,Sunward Gate,Sunward Gate,sunward-gate,TOWNSHIP,small_urban,peri_urban,NGP-000435,NGP-000432,NGR-06,Barazin Drylands,NVG,false,false,semi_arid_savanna,Peri-urban township serving Sunward,local_services_and_residential_growth,houses|rental_units|plots|workshops|shops,geographic_descriptive,NoveGeo landscape lexicon,,,PROPOSED,PROVISIONAL,UNMAPPED_PENDING_ASSOCIATION,2026-08-11,novegeo_tribes.csv + simulation geography design,dataset:novegeo:places:v001:700,SHARED_REFERENCE,ACTIVE
NG-NAM-SET-000478,NGP-000478,Oasis Line,Oasis Line,oasis-line,TOWNSHIP,small_urban,peri_urban,NGP-000435,NGP-000432,NGR-06,Barazin Drylands,NVG,false,false,semi_arid_savanna,Peri-urban township serving Sunward,local_services_and_residential_growth,houses|rental_units|plots|workshops|shops,geographic_descriptive,NoveGeo landscape lexicon,,,PROPOSED,PROVISIONAL,UNMAPPED_PENDING_ASSOCIATION,2026-08-11,novegeo_tribes.csv + simulation geography design,dataset:novegeo:places:v001:700,SHARED_REFERENCE,ACTIVE
NG-NAM-SET-000479,NGP-000479,Cinder Camp,Cinder Camp,cinder-camp,TOWNSHIP,small_urban,peri_urban,NGP-000435,NGP-000432,NGR-06,Barazin Drylands,NVG,false,false,semi_arid_savanna,Peri-urban township serving Sunward,local_services_and_residential_growth,houses|rental_units|plots|workshops|shops,mixed_novegeo,National mixed lexicon,,,PROPOSED,PROVISIONAL,UNMAPPED_PENDING_ASSOCIATION,2026-08-11,novegeo_tribes.csv + simulation geography design,dataset:novegeo:places:v001:700,SHARED_REFERENCE,ACTIVE
NG-NAM-SET-000480,NGP-000480,Lower Barazen,Lower Barazen,lower-barazen,VILLAGE,rural_settlement,rural,NGP-000456,NGP-000432,NGR-06,Barazin Drylands,NVG,false,false,semi_arid_savanna,Rural community linked to Barazen,smallholder_agriculture_and_rural_services,agricultural_land|homesteads|rural_plots|cottages,tribal_influenced,Zul-Bari,,,PROPOSED,PROVISIONAL,UNMAPPED_PENDING_ASSOCIATION,2026-08-11,novegeo_tribes.csv + simulation geography design,dataset:novegeo:places:v001:700,SHARED_REFERENCE,ACTIVE
NG-NAM-SET-000481,NGP-000481,Barazen Wells,Barazen Wells,barazen-wells,VILLAGE,rural_settlement,rural,NGP-000456,NGP-000432,NGR-06,Barazin Drylands,NVG,false,false,semi_arid_savanna,Rural community linked to Barazen,smallholder_agriculture_and_rural_services,agricultural_land|homesteads|rural_plots|cottages,tribal_influenced,Zul-Bari,,,PROPOSED,PROVISIONAL,UNMAPPED_PENDING_ASSOCIATION,2026-08-11,novegeo_tribes.csv + simulation geography design,dataset:novegeo:places:v001:700,SHARED_REFERENCE,ACTIVE
NG-NAM-SET-000482,NGP-000482,Upper Mareva,Upper Mareva,upper-mareva,VILLAGE,rural_settlement,rural,NGP-000457,NGP-000432,NGR-06,Barazin Drylands,NVG,false,false,semi_arid_savanna,Rural community linked to Mareva,smallholder_agriculture_and_rural_services,agricultural_land|homesteads|rural_plots|cottages,tribal_influenced,Mar-Saba,,,PROPOSED,PROVISIONAL,UNMAPPED_PENDING_ASSOCIATION,2026-08-11,novegeo_tribes.csv + simulation geography design,dataset:novegeo:places:v001:700,SHARED_REFERENCE,ACTIVE
NG-NAM-SET-000483,NGP-000483,Mareva Dunes,Mareva Dunes,mareva-dunes,VILLAGE,rural_settlement,rural,NGP-000457,NGP-000432,NGR-06,Barazin Drylands,NVG,false,false,semi_arid_savanna,Rural community linked to Mareva,smallholder_agriculture_and_rural_services,agricultural_land|homesteads|rural_plots|cottages,tribal_influenced,Mar-Saba,,,PROPOSED,PROVISIONAL,UNMAPPED_PENDING_ASSOCIATION,2026-08-11,novegeo_tribes.csv + simulation geography design,dataset:novegeo:places:v001:700,SHARED_REFERENCE,ACTIVE
NG-NAM-SET-000484,NGP-000484,East Khelar,East Khelar,east-khelar,VILLAGE,rural_settlement,rural,NGP-000458,NGP-000432,NGR-06,Barazin Drylands,NVG,false,false,semi_arid_savanna,Rural community linked to Khelar,smallholder_agriculture_and_rural_services,agricultural_land|homesteads|rural_plots|cottages,tribal_influenced,Zul-Bari,,,PROPOSED,PROVISIONAL,UNMAPPED_PENDING_ASSOCIATION,2026-08-11,novegeo_tribes.csv + simulation geography design,dataset:novegeo:places:v001:700,SHARED_REFERENCE,ACTIVE
NG-NAM-SET-000485,NGP-000485,Khelar Camp,Khelar Camp,khelar-camp,VILLAGE,rural_settlement,rural,NGP-000458,NGP-000432,NGR-06,Barazin Drylands,NVG,false,false,semi_arid_savanna,Rural community linked to Khelar,smallholder_agriculture_and_rural_services,agricultural_land|homesteads|rural_plots|cottages,tribal_influenced,Zul-Bari,,,PROPOSED,PROVISIONAL,UNMAPPED_PENDING_ASSOCIATION,2026-08-11,novegeo_tribes.csv + simulation geography design,dataset:novegeo:places:v001:700,SHARED_REFERENCE,ACTIVE
NG-NAM-SET-000486,NGP-000486,Old Caravan Well,Old Caravan Well,old-caravan-well,VILLAGE,rural_settlement,rural,NGP-000459,NGP-000432,NGR-06,Barazin Drylands,NVG,false,false,semi_arid_savanna,Rural community linked to Caravan Well,smallholder_agriculture_and_rural_services,agricultural_land|homesteads|rural_plots|cottages,mixed_novegeo,National mixed lexicon,,,PROPOSED,PROVISIONAL,UNMAPPED_PENDING_ASSOCIATION,2026-08-11,novegeo_tribes.csv + simulation geography design,dataset:novegeo:places:v001:700,SHARED_REFERENCE,ACTIVE
NG-NAM-SET-000487,NGP-000487,Caravan Well Plain,Caravan Well Plain,caravan-well-plain,VILLAGE,rural_settlement,rural,NGP-000459,NGP-000432,NGR-06,Barazin Drylands,NVG,false,false,semi_arid_savanna,Rural community linked to Caravan Well,smallholder_agriculture_and_rural_services,agricultural_land|homesteads|rural_plots|cottages,geographic_descriptive,NoveGeo landscape lexicon,,,PROPOSED,PROVISIONAL,UNMAPPED_PENDING_ASSOCIATION,2026-08-11,novegeo_tribes.csv + simulation geography design,dataset:novegeo:places:v001:700,SHARED_REFERENCE,ACTIVE
NG-NAM-SET-000488,NGP-000488,South Sirocco,South Sirocco,south-sirocco,VILLAGE,rural_settlement,rural,NGP-000460,NGP-000432,NGR-06,Barazin Drylands,NVG,false,false,semi_arid_savanna,Rural community linked to Sirocco,smallholder_agriculture_and_rural_services,agricultural_land|homesteads|rural_plots|cottages,mixed_novegeo,National mixed lexicon,,,PROPOSED,PROVISIONAL,UNMAPPED_PENDING_ASSOCIATION,2026-08-11,novegeo_tribes.csv + simulation geography design,dataset:novegeo:places:v001:700,SHARED_REFERENCE,ACTIVE
NG-NAM-SET-000489,NGP-000489,Sirocco Oasis,Sirocco Oasis,sirocco-oasis,VILLAGE,rural_settlement,rural,NGP-000460,NGP-000432,NGR-06,Barazin Drylands,NVG,false,false,semi_arid_savanna,Rural community linked to Sirocco,smallholder_agriculture_and_rural_services,agricultural_land|homesteads|rural_plots|cottages,geographic_descriptive,NoveGeo landscape lexicon,,,PROPOSED,PROVISIONAL,UNMAPPED_PENDING_ASSOCIATION,2026-08-11,novegeo_tribes.csv + simulation geography design,dataset:novegeo:places:v001:700,SHARED_REFERENCE,ACTIVE
NG-NAM-SET-000490,NGP-000490,Dustrun Ridge,Dustrun Ridge,dustrun-ridge,VILLAGE,rural_settlement,rural,NGP-000461,NGP-000432,NGR-06,Barazin Drylands,NVG,false,false,semi_arid_savanna,Rural community linked to Dustrun,smallholder_agriculture_and_rural_services,agricultural_land|homesteads|rural_plots|cottages,geographic_descriptive,NoveGeo landscape lexicon,,,PROPOSED,PROVISIONAL,UNMAPPED_PENDING_ASSOCIATION,2026-08-11,novegeo_tribes.csv + simulation geography design,dataset:novegeo:places:v001:700,SHARED_REFERENCE,ACTIVE
NG-NAM-SET-000491,NGP-000491,Dustrun Thorn,Dustrun Thorn,dustrun-thorn,VILLAGE,rural_settlement,rural,NGP-000461,NGP-000432,NGR-06,Barazin Drylands,NVG,false,false,semi_arid_savanna,Rural community linked to Dustrun,smallholder_agriculture_and_rural_services,agricultural_land|homesteads|rural_plots|cottages,mixed_novegeo,National mixed lexicon,,,PROPOSED,PROVISIONAL,UNMAPPED_PENDING_ASSOCIATION,2026-08-11,novegeo_tribes.csv + simulation geography design,dataset:novegeo:places:v001:700,SHARED_REFERENCE,ACTIVE
NG-NAM-SET-000492,NGP-000492,North Saltwick,North Saltwick,north-saltwick,VILLAGE,rural_settlement,rural,NGP-000462,NGP-000432,NGR-06,Barazin Drylands,NVG,false,false,semi_arid_savanna,Rural community linked to Saltwick,smallholder_agriculture_and_rural_services,agricultural_land|homesteads|rural_plots|cottages,mixed_novegeo,National mixed lexicon,,,PROPOSED,PROVISIONAL,UNMAPPED_PENDING_ASSOCIATION,2026-08-11,novegeo_tribes.csv + simulation geography design,dataset:novegeo:places:v001:700,SHARED_REFERENCE,ACTIVE
NG-NAM-SET-000493,NGP-000493,Saltwick Corral,Saltwick Corral,saltwick-corral,VILLAGE,rural_settlement,rural,NGP-000462,NGP-000432,NGR-06,Barazin Drylands,NVG,false,false,semi_arid_savanna,Rural community linked to Saltwick,smallholder_agriculture_and_rural_services,agricultural_land|homesteads|rural_plots|cottages,mixed_novegeo,National mixed lexicon,,,PROPOSED,PROVISIONAL,UNMAPPED_PENDING_ASSOCIATION,2026-08-11,novegeo_tribes.csv + simulation geography design,dataset:novegeo:places:v001:700,SHARED_REFERENCE,ACTIVE
NG-NAM-SET-000494,NGP-000494,Thornfield Salt,Thornfield Salt,thornfield-salt,VILLAGE,rural_settlement,rural,NGP-000463,NGP-000432,NGR-06,Barazin Drylands,NVG,false,false,semi_arid_savanna,Rural community linked to Thornfield,smallholder_agriculture_and_rural_services,agricultural_land|homesteads|rural_plots|cottages,geographic_descriptive,NoveGeo landscape lexicon,,,PROPOSED,PROVISIONAL,UNMAPPED_PENDING_ASSOCIATION,2026-08-11,novegeo_tribes.csv + simulation geography design,dataset:novegeo:places:v001:700,SHARED_REFERENCE,ACTIVE
NG-NAM-SET-000495,NGP-000495,Thornfield End,Thornfield End,thornfield-end,VILLAGE,rural_settlement,rural,NGP-000463,NGP-000432,NGR-06,Barazin Drylands,NVG,false,false,semi_arid_savanna,Rural community linked to Thornfield,smallholder_agriculture_and_rural_services,agricultural_land|homesteads|rural_plots|cottages,geographic_descriptive,NoveGeo landscape lexicon,,,PROPOSED,PROVISIONAL,UNMAPPED_PENDING_ASSOCIATION,2026-08-11,novegeo_tribes.csv + simulation geography design,dataset:novegeo:places:v001:700,SHARED_REFERENCE,ACTIVE
NG-NAM-SET-000496,NGP-000496,West Rookwell,West Rookwell,west-rookwell,VILLAGE,rural_settlement,rural,NGP-000464,NGP-000432,NGR-06,Barazin Drylands,NVG,false,false,semi_arid_savanna,Rural community linked to Rookwell,smallholder_agriculture_and_rural_services,agricultural_land|homesteads|rural_plots|cottages,mixed_novegeo,National mixed lexicon,,,PROPOSED,PROVISIONAL,UNMAPPED_PENDING_ASSOCIATION,2026-08-11,novegeo_tribes.csv + simulation geography design,dataset:novegeo:places:v001:700,SHARED_REFERENCE,ACTIVE
NG-NAM-SET-000497,NGP-000497,Rookwell Acacia,Rookwell Acacia,rookwell-acacia,VILLAGE,rural_settlement,rural,NGP-000464,NGP-000432,NGR-06,Barazin Drylands,NVG,false,false,semi_arid_savanna,Rural community linked to Rookwell,smallholder_agriculture_and_rural_services,agricultural_land|homesteads|rural_plots|cottages,mixed_novegeo,National mixed lexicon,,,PROPOSED,PROVISIONAL,UNMAPPED_PENDING_ASSOCIATION,2026-08-11,novegeo_tribes.csv + simulation geography design,dataset:novegeo:places:v001:700,SHARED_REFERENCE,ACTIVE
NG-NAM-SET-000498,NGP-000498,Grey Dune Mesa,Grey Dune Mesa,grey-dune-mesa,VILLAGE,rural_settlement,rural,NGP-000465,NGP-000432,NGR-06,Barazin Drylands,NVG,false,false,semi_arid_savanna,Rural community linked to Grey Dune,smallholder_agriculture_and_rural_services,agricultural_land|homesteads|rural_plots|cottages,geographic_descriptive,NoveGeo landscape lexicon,,,PROPOSED,PROVISIONAL,UNMAPPED_PENDING_ASSOCIATION,2026-08-11,novegeo_tribes.csv + simulation geography design,dataset:novegeo:places:v001:700,SHARED_REFERENCE,ACTIVE
NG-NAM-SET-000499,NGP-000499,Grey Dune Well,Grey Dune Well,grey-dune-well,VILLAGE,rural_settlement,rural,NGP-000465,NGP-000432,NGR-06,Barazin Drylands,NVG,false,false,semi_arid_savanna,Rural community linked to Grey Dune,smallholder_agriculture_and_rural_services,agricultural_land|homesteads|rural_plots|cottages,geographic_descriptive,NoveGeo landscape lexicon,,,PROPOSED,PROVISIONAL,UNMAPPED_PENDING_ASSOCIATION,2026-08-11,novegeo_tribes.csv + simulation geography design,dataset:novegeo:places:v001:700,SHARED_REFERENCE,ACTIVE
NG-NAM-SET-000500,NGP-000500,Lower Solmarch,Lower Solmarch,lower-solmarch,VILLAGE,rural_settlement,rural,NGP-000466,NGP-000432,NGR-06,Barazin Drylands,NVG,false,false,semi_arid_savanna,Rural community linked to Solmarch,smallholder_agriculture_and_rural_services,agricultural_land|homesteads|rural_plots|cottages,neutral_civic_or_planned,National civic lexicon,,,PROPOSED,PROVISIONAL,UNMAPPED_PENDING_ASSOCIATION,2026-08-11,novegeo_tribes.csv + simulation geography design,dataset:novegeo:places:v001:700,SHARED_REFERENCE,ACTIVE
NG-NAM-SET-000501,NGP-000501,Solmarch Dust,Solmarch Dust,solmarch-dust,VILLAGE,rural_settlement,rural,NGP-000466,NGP-000432,NGR-06,Barazin Drylands,NVG,false,false,semi_arid_savanna,Rural community linked to Solmarch,smallholder_agriculture_and_rural_services,agricultural_land|homesteads|rural_plots|cottages,neutral_civic_or_planned,National civic lexicon,,,PROPOSED,PROVISIONAL,UNMAPPED_PENDING_ASSOCIATION,2026-08-11,novegeo_tribes.csv + simulation geography design,dataset:novegeo:places:v001:700,SHARED_REFERENCE,ACTIVE
NG-NAM-SET-000502,NGP-000502,Golden Step Sun,Golden Step Sun,golden-step-sun,VILLAGE,rural_settlement,rural,NGP-000467,NGP-000432,NGR-06,Barazin Drylands,NVG,false,false,semi_arid_savanna,Rural community linked to Golden Step,smallholder_agriculture_and_rural_services,agricultural_land|homesteads|rural_plots|cottages,geographic_descriptive,NoveGeo landscape lexicon,,,PROPOSED,PROVISIONAL,UNMAPPED_PENDING_ASSOCIATION,2026-08-11,novegeo_tribes.csv + simulation geography design,dataset:novegeo:places:v001:700,SHARED_REFERENCE,ACTIVE
NG-NAM-SET-000503,NGP-000503,Golden Step Cross,Golden Step Cross,golden-step-cross,VILLAGE,rural_settlement,rural,NGP-000467,NGP-000432,NGR-06,Barazin Drylands,NVG,false,false,semi_arid_savanna,Rural community linked to Golden Step,smallholder_agriculture_and_rural_services,agricultural_land|homesteads|rural_plots|cottages,neutral_civic_or_planned,National civic lexicon,,,PROPOSED,PROVISIONAL,UNMAPPED_PENDING_ASSOCIATION,2026-08-11,novegeo_tribes.csv + simulation geography design,dataset:novegeo:places:v001:700,SHARED_REFERENCE,ACTIVE
NG-NAM-SET-000504,NGP-000504,Upper Mirasol,Upper Mirasol,upper-mirasol,VILLAGE,rural_settlement,rural,NGP-000468,NGP-000432,NGR-06,Barazin Drylands,NVG,false,false,semi_arid_savanna,Rural community linked to Mirasol,smallholder_agriculture_and_rural_services,agricultural_land|homesteads|rural_plots|cottages,mixed_novegeo,National mixed lexicon,,,PROPOSED,PROVISIONAL,UNMAPPED_PENDING_ASSOCIATION,2026-08-11,novegeo_tribes.csv + simulation geography design,dataset:novegeo:places:v001:700,SHARED_REFERENCE,ACTIVE
NG-NAM-SET-000505,NGP-000505,Mirasol Ember,Mirasol Ember,mirasol-ember,VILLAGE,rural_settlement,rural,NGP-000468,NGP-000432,NGR-06,Barazin Drylands,NVG,false,false,semi_arid_savanna,Rural community linked to Mirasol,smallholder_agriculture_and_rural_services,agricultural_land|homesteads|rural_plots|cottages,mixed_novegeo,National mixed lexicon,,,PROPOSED,PROVISIONAL,UNMAPPED_PENDING_ASSOCIATION,2026-08-11,novegeo_tribes.csv + simulation geography design,dataset:novegeo:places:v001:700,SHARED_REFERENCE,ACTIVE
NG-NAM-SET-000506,NGP-000506,East Oasis Step,East Oasis Step,east-oasis-step,VILLAGE,rural_settlement,rural,NGP-000469,NGP-000432,NGR-06,Barazin Drylands,NVG,false,false,semi_arid_savanna,Rural community linked to East Oasis,smallholder_agriculture_and_rural_services,agricultural_land|homesteads|rural_plots|cottages,geographic_descriptive,NoveGeo landscape lexicon,,,PROPOSED,PROVISIONAL,UNMAPPED_PENDING_ASSOCIATION,2026-08-11,novegeo_tribes.csv + simulation geography design,dataset:novegeo:places:v001:700,SHARED_REFERENCE,ACTIVE
NG-NAM-SET-000507,NGP-000507,East Oasis Hollow,East Oasis Hollow,east-oasis-hollow,VILLAGE,rural_settlement,rural,NGP-000469,NGP-000432,NGR-06,Barazin Drylands,NVG,false,false,semi_arid_savanna,Rural community linked to East Oasis,smallholder_agriculture_and_rural_services,agricultural_land|homesteads|rural_plots|cottages,geographic_descriptive,NoveGeo landscape lexicon,,,PROPOSED,PROVISIONAL,UNMAPPED_PENDING_ASSOCIATION,2026-08-11,novegeo_tribes.csv + simulation geography design,dataset:novegeo:places:v001:700,SHARED_REFERENCE,ACTIVE
NG-NAM-SET-000508,NGP-000508,Cinder Plain Cinder,Cinder Plain Cinder,cinder-plain-cinder,VILLAGE,rural_settlement,rural,NGP-000470,NGP-000432,NGR-06,Barazin Drylands,NVG,false,false,semi_arid_savanna,Rural community linked to Cinder Plain,smallholder_agriculture_and_rural_services,agricultural_land|homesteads|rural_plots|cottages,geographic_descriptive,NoveGeo landscape lexicon,,,PROPOSED,PROVISIONAL,UNMAPPED_PENDING_ASSOCIATION,2026-08-11,novegeo_tribes.csv + simulation geography design,dataset:novegeo:places:v001:700,SHARED_REFERENCE,ACTIVE
NG-NAM-SET-000509,NGP-000509,Cinder Plain Reach,Cinder Plain Reach,cinder-plain-reach,VILLAGE,rural_settlement,rural,NGP-000470,NGP-000432,NGR-06,Barazin Drylands,NVG,false,false,semi_arid_savanna,Rural community linked to Cinder Plain,smallholder_agriculture_and_rural_services,agricultural_land|homesteads|rural_plots|cottages,geographic_descriptive,NoveGeo landscape lexicon,,,PROPOSED,PROVISIONAL,UNMAPPED_PENDING_ASSOCIATION,2026-08-11,novegeo_tribes.csv + simulation geography design,dataset:novegeo:places:v001:700,SHARED_REFERENCE,ACTIVE
NG-NAM-SET-000510,NGP-000510,Red Basket,Red Basket,red-basket,MARKET_CENTRE,rural_service_node,peri_urban,NGP-000456,NGP-000432,NGR-06,Barazin Drylands,NVG,false,false,semi_arid_savanna,Market and service node linked to Barazen,retail_trade_and_rural_services,retail_units|mixed_use_buildings|storage|small_warehouses,mixed_novegeo,National mixed lexicon,,,PROPOSED,PROVISIONAL,UNMAPPED_PENDING_ASSOCIATION,2026-08-11,novegeo_tribes.csv + simulation geography design,dataset:novegeo:places:v001:700,SHARED_REFERENCE,ACTIVE
NG-NAM-SET-000511,NGP-000511,Caravan Cross,Caravan Cross,caravan-cross,MARKET_CENTRE,rural_service_node,peri_urban,NGP-000459,NGP-000432,NGR-06,Barazin Drylands,NVG,false,false,semi_arid_savanna,Market and service node linked to Caravan Well,retail_trade_and_rural_services,retail_units|mixed_use_buildings|storage|small_warehouses,neutral_civic_or_planned,National civic lexicon,,,PROPOSED,PROVISIONAL,UNMAPPED_PENDING_ASSOCIATION,2026-08-11,novegeo_tribes.csv + simulation geography design,dataset:novegeo:places:v001:700,SHARED_REFERENCE,ACTIVE
NG-NAM-SET-000512,NGP-000512,Salt Market,Salt Market,salt-market,MARKET_CENTRE,rural_service_node,peri_urban,NGP-000462,NGP-000432,NGR-06,Barazin Drylands,NVG,false,false,semi_arid_savanna,Market and service node linked to Saltwick,retail_trade_and_rural_services,retail_units|mixed_use_buildings|storage|small_warehouses,historic_trade_or_occupation,Regional trade lexicon,,,PROPOSED,PROVISIONAL,UNMAPPED_PENDING_ASSOCIATION,2026-08-11,novegeo_tribes.csv + simulation geography design,dataset:novegeo:places:v001:700,SHARED_REFERENCE,ACTIVE
NG-NAM-SET-000513,NGP-000513,Sunward Exchange,Sunward Exchange,sunward-exchange,MARKET_CENTRE,rural_service_node,peri_urban,NGP-000465,NGP-000432,NGR-06,Barazin Drylands,NVG,false,false,semi_arid_savanna,Market and service node linked to Grey Dune,retail_trade_and_rural_services,retail_units|mixed_use_buildings|storage|small_warehouses,historic_trade_or_occupation,Regional trade lexicon,,,PROPOSED,PROVISIONAL,UNMAPPED_PENDING_ASSOCIATION,2026-08-11,novegeo_tribes.csv + simulation geography design,dataset:novegeo:places:v001:700,SHARED_REFERENCE,ACTIVE
NG-NAM-SET-000514,NGP-000514,Wells End,Wells End,wells-end,MARKET_CENTRE,rural_service_node,peri_urban,NGP-000468,NGP-000432,NGR-06,Barazin Drylands,NVG,false,false,semi_arid_savanna,Market and service node linked to Mirasol,retail_trade_and_rural_services,retail_units|mixed_use_buildings|storage|small_warehouses,geographic_descriptive,NoveGeo landscape lexicon,,,PROPOSED,PROVISIONAL,UNMAPPED_PENDING_ASSOCIATION,2026-08-11,novegeo_tribes.csv + simulation geography design,dataset:novegeo:places:v001:700,SHARED_REFERENCE,ACTIVE
NG-NAM-SET-000515,NGP-000515,Solar Foundry Zone,Solar Foundry Zone,solar-foundry-zone,INDUSTRIAL_ZONE,special_economic_locality,specialized,NGP-000432,NGP-000432,NGR-06,Barazin Drylands,NVG,false,false,semi_arid_savanna,Industrial and logistics locality within Barazin Drylands,manufacturing_and_logistics,warehouses|factories|logistics_yards|industrial_land,mixed_novegeo,National mixed lexicon,,,PROPOSED,PROVISIONAL,UNMAPPED_PENDING_ASSOCIATION,2026-08-11,novegeo_tribes.csv + simulation geography design,dataset:novegeo:places:v001:700,SHARED_REFERENCE,ACTIVE
NG-NAM-SET-000516,NGP-000516,Redhaven Dryport Estate,Redhaven Dryport Estate,redhaven-dryport-estate,INDUSTRIAL_ZONE,special_economic_locality,specialized,NGP-000434,NGP-000432,NGR-06,Barazin Drylands,NVG,false,false,semi_arid_savanna,Industrial and logistics locality within Barazin Drylands,processing_and_freight,warehouses|factories|logistics_yards|industrial_land,historic_trade_or_occupation,Regional trade lexicon,,,PROPOSED,PROVISIONAL,UNMAPPED_PENDING_ASSOCIATION,2026-08-11,novegeo_tribes.csv + simulation geography design,dataset:novegeo:places:v001:700,SHARED_REFERENCE,ACTIVE
NG-NAM-SET-000517,NGP-000517,Sun Dune,Sun Dune,sun-dune,RESORT_SETTLEMENT,tourism_settlement,specialized,NGP-000460,NGP-000432,NGR-06,Barazin Drylands,NVG,false,false,semi_arid_savanna,Tourism and hospitality settlement within Barazin Drylands,tourism_and_hospitality,hotels|resorts|holiday_villas|serviced_apartments,geographic_descriptive,NoveGeo landscape lexicon,Golden Camp,Sunset turns the surrounding dunes a vivid gold.,PROPOSED,PROVISIONAL,UNMAPPED_PENDING_ASSOCIATION,2026-08-11,novegeo_tribes.csv + simulation geography design,dataset:novegeo:places:v001:700,SHARED_REFERENCE,ACTIVE
NG-NAM-SET-000518,NGP-000518,Lysora,Lysora,lysora,CITY,national_or_regional_metropolis,metropolitan,,NGP-000518,NGR-07,Lysaran Coast,NVG,false,true,eastern_coastal_plain,"Coastal metropolis, tourism, culture, marine services and creative commerce centre",regional_metropolitan_services,apartments|offices|retail|mixed_use|hotels,tribal_influenced,Lysandia,Pearl of the East,Its pale beaches and cultural waterfront made the name popular with travellers.,PROPOSED,PROVISIONAL,UNMAPPED_PENDING_ASSOCIATION,2026-08-11,novegeo_tribes.csv + simulation geography design,dataset:novegeo:places:v001:700,SHARED_REFERENCE,ACTIVE
NG-NAM-SET-000519,NGP-000519,Coral Bay,Coral Bay,coral-bay,MUNICIPALITY,municipal_urban,urban,,NGP-000518,NGR-07,Lysaran Coast,NVG,false,false,eastern_coastal_plain,Municipal service centre within Lysaran Coast,administration_and_services,houses|apartments|plots|retail|offices,geographic_descriptive,NoveGeo landscape lexicon,,,PROPOSED,PROVISIONAL,UNMAPPED_PENDING_ASSOCIATION,2026-08-11,novegeo_tribes.csv + simulation geography design,dataset:novegeo:places:v001:700,SHARED_REFERENCE,ACTIVE
NG-NAM-SET-000520,NGP-000520,El-Maren,El-Maren,el-maren,MUNICIPALITY,municipal_urban,urban,,NGP-000518,NGR-07,Lysaran Coast,NVG,false,false,eastern_coastal_plain,Municipal service centre within Lysaran Coast,trade_and_residential_growth,houses|apartments|plots|retail|offices,tribal_influenced,El-Moriah,,,PROPOSED,PROVISIONAL,UNMAPPED_PENDING_ASSOCIATION,2026-08-11,novegeo_tribes.csv + simulation geography design,dataset:novegeo:places:v001:700,SHARED_REFERENCE,ACTIVE
NG-NAM-SET-000521,NGP-000521,Seacliff,Seacliff,seacliff,MUNICIPALITY,municipal_urban,urban,,NGP-000518,NGR-07,Lysaran Coast,NVG,false,false,eastern_coastal_plain,Municipal service centre within Lysaran Coast,regional_production_and_services,houses|apartments|plots|retail|offices,geographic_descriptive,NoveGeo landscape lexicon,,,PROPOSED,PROVISIONAL,UNMAPPED_PENDING_ASSOCIATION,2026-08-11,novegeo_tribes.csv + simulation geography design,dataset:novegeo:places:v001:700,SHARED_REFERENCE,ACTIVE
NG-NAM-SET-000522,NGP-000522,Lysora Central,Lysora Central,lysora-central,CITY_DISTRICT,intra_city_district,metropolitan,NGP-000518,NGP-000518,NGR-07,Lysaran Coast,NVG,false,false,eastern_coastal_plain,Metropolitan district of Lysora,commerce_and_mixed_use,apartments|offices|retail|mixed_use,tribal_influenced,Lysandia,,,PROPOSED,PROVISIONAL,UNMAPPED_PENDING_ASSOCIATION,2026-08-11,novegeo_tribes.csv + simulation geography design,dataset:novegeo:places:v001:700,SHARED_REFERENCE,ACTIVE
NG-NAM-SET-000523,NGP-000523,Coral Exchange,Coral Exchange,coral-exchange,CITY_DISTRICT,intra_city_district,metropolitan,NGP-000518,NGP-000518,NGR-07,Lysaran Coast,NVG,false,false,eastern_coastal_plain,Metropolitan district of Lysora,commerce_and_mixed_use,apartments|offices|retail|mixed_use,historic_trade_or_occupation,Regional trade lexicon,,,PROPOSED,PROVISIONAL,UNMAPPED_PENDING_ASSOCIATION,2026-08-11,novegeo_tribes.csv + simulation geography design,dataset:novegeo:places:v001:700,SHARED_REFERENCE,ACTIVE
NG-NAM-SET-000524,NGP-000524,Old Harbour,Old Harbour,old-harbour,CITY_DISTRICT,intra_city_district,metropolitan,NGP-000518,NGP-000518,NGR-07,Lysaran Coast,NVG,false,false,eastern_coastal_plain,Metropolitan district of Lysora,transport_and_logistics,apartments|offices|retail|mixed_use,historic_trade_or_occupation,Regional trade lexicon,,,PROPOSED,PROVISIONAL,UNMAPPED_PENDING_ASSOCIATION,2026-08-11,novegeo_tribes.csv + simulation geography design,dataset:novegeo:places:v001:700,SHARED_REFERENCE,ACTIVE
NG-NAM-SET-000525,NGP-000525,Artisans' Quay,Artisans' Quay,artisans-quay,CITY_DISTRICT,intra_city_district,metropolitan,NGP-000518,NGP-000518,NGR-07,Lysaran Coast,NVG,false,false,eastern_coastal_plain,Metropolitan district of Lysora,transport_and_logistics,apartments|offices|retail|mixed_use,historic_trade_or_occupation,Regional trade lexicon,The Canvas,"Studios, galleries and waterfront craft markets line the old quay.",PROPOSED,PROVISIONAL,UNMAPPED_PENDING_ASSOCIATION,2026-08-11,novegeo_tribes.csv + simulation geography design,dataset:novegeo:places:v001:700,SHARED_REFERENCE,ACTIVE
NG-NAM-SET-000526,NGP-000526,Crescent Beach,Crescent Beach,crescent-beach,CITY_DISTRICT,intra_city_district,metropolitan,NGP-000518,NGP-000518,NGR-07,Lysaran Coast,NVG,false,false,eastern_coastal_plain,Metropolitan district of Lysora,mixed_use_urban,apartments|offices|retail|mixed_use,geographic_descriptive,NoveGeo landscape lexicon,,,PROPOSED,PROVISIONAL,UNMAPPED_PENDING_ASSOCIATION,2026-08-11,novegeo_tribes.csv + simulation geography design,dataset:novegeo:places:v001:700,SHARED_REFERENCE,ACTIVE
NG-NAM-SET-000527,NGP-000527,Embassy Shore,Embassy Shore,embassy-shore,CITY_DISTRICT,intra_city_district,metropolitan,NGP-000518,NGP-000518,NGR-07,Lysaran Coast,NVG,false,false,eastern_coastal_plain,Metropolitan district of Lysora,international_and_mixed_use,apartments|offices|retail|mixed_use,geographic_descriptive,NoveGeo landscape lexicon,Nordic Row,Several Nordic diplomatic and development missions occupy the waterfront avenue.,PROPOSED,PROVISIONAL,UNMAPPED_PENDING_ASSOCIATION,2026-08-11,novegeo_tribes.csv + simulation geography design,dataset:novegeo:places:v001:700,SHARED_REFERENCE,ACTIVE
NG-NAM-SET-000528,NGP-000528,Marina Ward,Marina Ward,marina-ward,CITY_DISTRICT,intra_city_district,metropolitan,NGP-000518,NGP-000518,NGR-07,Lysaran Coast,NVG,false,false,eastern_coastal_plain,Metropolitan district of Lysora,civic_and_public_services,apartments|offices|retail|mixed_use,neutral_civic_or_planned,National civic lexicon,,,PROPOSED,PROVISIONAL,UNMAPPED_PENDING_ASSOCIATION,2026-08-11,novegeo_tribes.csv + simulation geography design,dataset:novegeo:places:v001:700,SHARED_REFERENCE,ACTIVE
NG-NAM-SET-000529,NGP-000529,Lighthouse Hill,Lighthouse Hill,lighthouse-hill,CITY_DISTRICT,intra_city_district,metropolitan,NGP-000518,NGP-000518,NGR-07,Lysaran Coast,NVG,false,false,eastern_coastal_plain,Metropolitan district of Lysora,mixed_use_urban,apartments|offices|retail|mixed_use,geographic_descriptive,NoveGeo landscape lexicon,,,PROPOSED,PROVISIONAL,UNMAPPED_PENDING_ASSOCIATION,2026-08-11,novegeo_tribes.csv + simulation geography design,dataset:novegeo:places:v001:700,SHARED_REFERENCE,ACTIVE
NG-NAM-SET-000530,NGP-000530,Lysoran Heights,Lysoran Heights,lysoran-heights,SUBURB,urban_neighborhood,urban,NGP-000518,NGP-000518,NGR-07,Lysaran Coast,NVG,false,false,eastern_coastal_plain,Residential neighborhood of Lysora,elevated_residential,detached_houses|townhouses|apartments|residential_plots,tribal_influenced,Lysandia,,,PROPOSED,PROVISIONAL,UNMAPPED_PENDING_ASSOCIATION,2026-08-11,novegeo_tribes.csv + simulation geography design,dataset:novegeo:places:v001:700,SHARED_REFERENCE,ACTIVE
NG-NAM-SET-000531,NGP-000531,Seabreeze,Seabreeze,seabreeze,SUBURB,urban_neighborhood,urban,NGP-000518,NGP-000518,NGR-07,Lysaran Coast,NVG,false,false,eastern_coastal_plain,Residential neighborhood of Lysora,waterfront_residential,detached_houses|townhouses|apartments|residential_plots,mixed_novegeo,National mixed lexicon,,,PROPOSED,PROVISIONAL,UNMAPPED_PENDING_ASSOCIATION,2026-08-11,novegeo_tribes.csv + simulation geography design,dataset:novegeo:places:v001:700,SHARED_REFERENCE,ACTIVE
NG-NAM-SET-000532,NGP-000532,Coral Gardens,Coral Gardens,coral-gardens,SUBURB,urban_neighborhood,urban,NGP-000518,NGP-000518,NGR-07,Lysaran Coast,NVG,false,false,eastern_coastal_plain,Residential neighborhood of Lysora,garden_residential,detached_houses|townhouses|apartments|residential_plots,geographic_descriptive,NoveGeo landscape lexicon,,,PROPOSED,PROVISIONAL,UNMAPPED_PENDING_ASSOCIATION,2026-08-11,novegeo_tribes.csv + simulation geography design,dataset:novegeo:places:v001:700,SHARED_REFERENCE,ACTIVE
NG-NAM-SET-000533,NGP-000533,Azure Park,Azure Park,azure-park,SUBURB,urban_neighborhood,urban,NGP-000518,NGP-000518,NGR-07,Lysaran Coast,NVG,false,false,eastern_coastal_plain,Residential neighborhood of Lysora,garden_residential,detached_houses|townhouses|apartments|residential_plots,geographic_descriptive,NoveGeo landscape lexicon,,,PROPOSED,PROVISIONAL,UNMAPPED_PENDING_ASSOCIATION,2026-08-11,novegeo_tribes.csv + simulation geography design,dataset:novegeo:places:v001:700,SHARED_REFERENCE,ACTIVE
NG-NAM-SET-000534,NGP-000534,New Marseille,New Marseille,new-marseille,SUBURB,urban_neighborhood,urban,NGP-000518,NGP-000518,NGR-07,Lysaran Coast,NVG,false,false,eastern_coastal_plain,Residential neighborhood of Lysora,cosmopolitan_residential,detached_houses|townhouses|apartments|residential_plots,international_settler,International diaspora,Little France,"Francophone coastal residents, bakeries and marine trades established a strong local identity.",PROPOSED,PROVISIONAL,UNMAPPED_PENDING_ASSOCIATION,2026-08-11,novegeo_tribes.csv + simulation geography design,dataset:novegeo:places:v001:700,SHARED_REFERENCE,ACTIVE
NG-NAM-SET-000535,NGP-000535,Palm Court,Palm Court,palm-court,SUBURB,urban_neighborhood,urban,NGP-000518,NGP-000518,NGR-07,Lysaran Coast,NVG,false,false,eastern_coastal_plain,Residential neighborhood of Lysora,garden_residential,detached_houses|townhouses|apartments|residential_plots,geographic_descriptive,NoveGeo landscape lexicon,,,PROPOSED,PROVISIONAL,UNMAPPED_PENDING_ASSOCIATION,2026-08-11,novegeo_tribes.csv + simulation geography design,dataset:novegeo:places:v001:700,SHARED_REFERENCE,ACTIVE
NG-NAM-SET-000536,NGP-000536,Elmarin,Elmarin,elmarin,SUBURB,urban_neighborhood,urban,NGP-000518,NGP-000518,NGR-07,Lysaran Coast,NVG,false,false,eastern_coastal_plain,Residential neighborhood of Lysora,mixed_density_residential,detached_houses|townhouses|apartments|residential_plots,tribal_influenced,El-Moriah,,,PROPOSED,PROVISIONAL,UNMAPPED_PENDING_ASSOCIATION,2026-08-11,novegeo_tribes.csv + simulation geography design,dataset:novegeo:places:v001:700,SHARED_REFERENCE,ACTIVE
NG-NAM-SET-000537,NGP-000537,Tidewell,Tidewell,tidewell,SUBURB,urban_neighborhood,urban,NGP-000518,NGP-000518,NGR-07,Lysaran Coast,NVG,false,false,eastern_coastal_plain,Residential neighborhood of Lysora,waterfront_residential,detached_houses|townhouses|apartments|residential_plots,mixed_novegeo,National mixed lexicon,,,PROPOSED,PROVISIONAL,UNMAPPED_PENDING_ASSOCIATION,2026-08-11,novegeo_tribes.csv + simulation geography design,dataset:novegeo:places:v001:700,SHARED_REFERENCE,ACTIVE
NG-NAM-SET-000538,NGP-000538,Casuarina Rise,Casuarina Rise,casuarina-rise,SUBURB,urban_neighborhood,urban,NGP-000518,NGP-000518,NGR-07,Lysaran Coast,NVG,false,false,eastern_coastal_plain,Residential neighborhood of Lysora,elevated_residential,detached_houses|townhouses|apartments|residential_plots,mixed_novegeo,National mixed lexicon,,,PROPOSED,PROVISIONAL,UNMAPPED_PENDING_ASSOCIATION,2026-08-11,novegeo_tribes.csv + simulation geography design,dataset:novegeo:places:v001:700,SHARED_REFERENCE,ACTIVE
NG-NAM-SET-000539,NGP-000539,Moriah Beach,Moriah Beach,moriah-beach,SUBURB,urban_neighborhood,urban,NGP-000518,NGP-000518,NGR-07,Lysaran Coast,NVG,false,false,eastern_coastal_plain,Residential neighborhood of Lysora,waterfront_residential,detached_houses|townhouses|apartments|residential_plots,tribal_influenced,El-Moriah,,,PROPOSED,PROVISIONAL,UNMAPPED_PENDING_ASSOCIATION,2026-08-11,novegeo_tribes.csv + simulation geography design,dataset:novegeo:places:v001:700,SHARED_REFERENCE,ACTIVE
NG-NAM-SET-000540,NGP-000540,Sunreef,Sunreef,sunreef,SUBURB,urban_neighborhood,urban,NGP-000518,NGP-000518,NGR-07,Lysaran Coast,NVG,false,false,eastern_coastal_plain,Residential neighborhood of Lysora,waterfront_residential,detached_houses|townhouses|apartments|residential_plots,geographic_descriptive,NoveGeo landscape lexicon,,,PROPOSED,PROVISIONAL,UNMAPPED_PENDING_ASSOCIATION,2026-08-11,novegeo_tribes.csv + simulation geography design,dataset:novegeo:places:v001:700,SHARED_REFERENCE,ACTIVE
NG-NAM-SET-000541,NGP-000541,Whitecap,Whitecap,whitecap,SUBURB,urban_neighborhood,urban,NGP-000518,NGP-000518,NGR-07,Lysaran Coast,NVG,false,false,eastern_coastal_plain,Residential neighborhood of Lysora,waterfront_residential,detached_houses|townhouses|apartments|residential_plots,mixed_novegeo,National mixed lexicon,,,PROPOSED,PROVISIONAL,UNMAPPED_PENDING_ASSOCIATION,2026-08-11,novegeo_tribes.csv + simulation geography design,dataset:novegeo:places:v001:700,SHARED_REFERENCE,ACTIVE
NG-NAM-SET-000542,NGP-000542,Azura,Azura,azura,TOWN,secondary_urban,urban,NGP-000519,NGP-000518,NGR-07,Lysaran Coast,NVG,false,false,eastern_coastal_plain,Regional tourism centre,tourism,houses|apartments|commercial_plots|retail|warehouses,tribal_influenced,Lysandia,,,PROPOSED,PROVISIONAL,UNMAPPED_PENDING_ASSOCIATION,2026-08-11,novegeo_tribes.csv + simulation geography design,dataset:novegeo:places:v001:700,SHARED_REFERENCE,ACTIVE
NG-NAM-SET-000543,NGP-000543,Lysaven,Lysaven,lysaven,TOWN,secondary_urban,urban,NGP-000519,NGP-000518,NGR-07,Lysaran Coast,NVG,false,false,eastern_coastal_plain,Regional fisheries centre,fisheries,houses|apartments|commercial_plots|retail|warehouses,tribal_influenced,Lysandia,,,PROPOSED,PROVISIONAL,UNMAPPED_PENDING_ASSOCIATION,2026-08-11,novegeo_tribes.csv + simulation geography design,dataset:novegeo:places:v001:700,SHARED_REFERENCE,ACTIVE
NG-NAM-SET-000544,NGP-000544,Reefcross,Reefcross,reefcross,TOWN,secondary_urban,urban,NGP-000519,NGP-000518,NGR-07,Lysaran Coast,NVG,false,false,eastern_coastal_plain,Regional marine trade centre,marine_trade,houses|apartments|commercial_plots|retail|warehouses,geographic_descriptive,NoveGeo landscape lexicon,,,PROPOSED,PROVISIONAL,UNMAPPED_PENDING_ASSOCIATION,2026-08-11,novegeo_tribes.csv + simulation geography design,dataset:novegeo:places:v001:700,SHARED_REFERENCE,ACTIVE
NG-NAM-SET-000545,NGP-000545,Bellamar,Bellamar,bellamar,TOWN,secondary_urban,urban,NGP-000519,NGP-000518,NGR-07,Lysaran Coast,NVG,false,false,eastern_coastal_plain,Regional coastal agriculture centre,coastal_agriculture,houses|apartments|commercial_plots|retail|warehouses,mixed_novegeo,National mixed lexicon,,,PROPOSED,PROVISIONAL,UNMAPPED_PENDING_ASSOCIATION,2026-08-11,novegeo_tribes.csv + simulation geography design,dataset:novegeo:places:v001:700,SHARED_REFERENCE,ACTIVE
NG-NAM-SET-000546,NGP-000546,Seaglass,Seaglass,seaglass,TOWN,secondary_urban,urban,NGP-000519,NGP-000518,NGR-07,Lysaran Coast,NVG,false,false,eastern_coastal_plain,Regional hospitality centre,hospitality,houses|apartments|commercial_plots|retail|warehouses,mixed_novegeo,National mixed lexicon,,,PROPOSED,PROVISIONAL,UNMAPPED_PENDING_ASSOCIATION,2026-08-11,novegeo_tribes.csv + simulation geography design,dataset:novegeo:places:v001:700,SHARED_REFERENCE,ACTIVE
NG-NAM-SET-000547,NGP-000547,Marenya,Marenya,marenya,TOWN,secondary_urban,urban,NGP-000520,NGP-000518,NGR-07,Lysaran Coast,NVG,false,false,eastern_coastal_plain,Regional tourism centre,tourism,houses|apartments|commercial_plots|retail|warehouses,tribal_influenced,El-Moriah,,,PROPOSED,PROVISIONAL,UNMAPPED_PENDING_ASSOCIATION,2026-08-11,novegeo_tribes.csv + simulation geography design,dataset:novegeo:places:v001:700,SHARED_REFERENCE,ACTIVE
NG-NAM-SET-000548,NGP-000548,Marenza,Marenza,marenza,TOWN,secondary_urban,urban,NGP-000520,NGP-000518,NGR-07,Lysaran Coast,NVG,false,false,eastern_coastal_plain,Regional fisheries centre,fisheries,houses|apartments|commercial_plots|retail|warehouses,tribal_influenced,El-Moriah,,,PROPOSED,PROVISIONAL,UNMAPPED_PENDING_ASSOCIATION,2026-08-11,novegeo_tribes.csv + simulation geography design,dataset:novegeo:places:v001:700,SHARED_REFERENCE,ACTIVE
NG-NAM-SET-000549,NGP-000549,Pearlstrand,Pearlstrand,pearlstrand,TOWN,secondary_urban,urban,NGP-000520,NGP-000518,NGR-07,Lysaran Coast,NVG,false,false,eastern_coastal_plain,Regional marine trade centre,marine_trade,houses|apartments|commercial_plots|retail|warehouses,mixed_novegeo,National mixed lexicon,,,PROPOSED,PROVISIONAL,UNMAPPED_PENDING_ASSOCIATION,2026-08-11,novegeo_tribes.csv + simulation geography design,dataset:novegeo:places:v001:700,SHARED_REFERENCE,ACTIVE
NG-NAM-SET-000550,NGP-000550,Suncove,Suncove,suncove,TOWN,secondary_urban,urban,NGP-000520,NGP-000518,NGR-07,Lysaran Coast,NVG,false,false,eastern_coastal_plain,Regional coastal agriculture centre,coastal_agriculture,houses|apartments|commercial_plots|retail|warehouses,geographic_descriptive,NoveGeo landscape lexicon,,,PROPOSED,PROVISIONAL,UNMAPPED_PENDING_ASSOCIATION,2026-08-11,novegeo_tribes.csv + simulation geography design,dataset:novegeo:places:v001:700,SHARED_REFERENCE,ACTIVE
NG-NAM-SET-000551,NGP-000551,Mistral Bay,Mistral Bay,mistral-bay,TOWN,secondary_urban,urban,NGP-000520,NGP-000518,NGR-07,Lysaran Coast,NVG,false,false,eastern_coastal_plain,Regional hospitality centre,hospitality,houses|apartments|commercial_plots|retail|warehouses,geographic_descriptive,NoveGeo landscape lexicon,,,PROPOSED,PROVISIONAL,UNMAPPED_PENDING_ASSOCIATION,2026-08-11,novegeo_tribes.csv + simulation geography design,dataset:novegeo:places:v001:700,SHARED_REFERENCE,ACTIVE
NG-NAM-SET-000552,NGP-000552,Cliffhaven,Cliffhaven,cliffhaven,TOWN,secondary_urban,urban,NGP-000521,NGP-000518,NGR-07,Lysaran Coast,NVG,false,false,eastern_coastal_plain,Regional tourism centre,tourism,houses|apartments|commercial_plots|retail|warehouses,geographic_descriptive,NoveGeo landscape lexicon,,,PROPOSED,PROVISIONAL,UNMAPPED_PENDING_ASSOCIATION,2026-08-11,novegeo_tribes.csv + simulation geography design,dataset:novegeo:places:v001:700,SHARED_REFERENCE,ACTIVE
NG-NAM-SET-000553,NGP-000553,Coralstep,Coralstep,coralstep,TOWN,secondary_urban,urban,NGP-000521,NGP-000518,NGR-07,Lysaran Coast,NVG,false,false,eastern_coastal_plain,Regional fisheries centre,fisheries,houses|apartments|commercial_plots|retail|warehouses,geographic_descriptive,NoveGeo landscape lexicon,,,PROPOSED,PROVISIONAL,UNMAPPED_PENDING_ASSOCIATION,2026-08-11,novegeo_tribes.csv + simulation geography design,dataset:novegeo:places:v001:700,SHARED_REFERENCE,ACTIVE
NG-NAM-SET-000554,NGP-000554,Windport,Windport,windport,TOWN,secondary_urban,urban,NGP-000521,NGP-000518,NGR-07,Lysaran Coast,NVG,false,false,eastern_coastal_plain,Regional marine trade centre,marine_trade,houses|apartments|commercial_plots|retail|warehouses,historic_trade_or_occupation,Regional trade lexicon,,,PROPOSED,PROVISIONAL,UNMAPPED_PENDING_ASSOCIATION,2026-08-11,novegeo_tribes.csv + simulation geography design,dataset:novegeo:places:v001:700,SHARED_REFERENCE,ACTIVE
NG-NAM-SET-000555,NGP-000555,White Dune,White Dune,white-dune,TOWN,secondary_urban,urban,NGP-000521,NGP-000518,NGR-07,Lysaran Coast,NVG,false,false,eastern_coastal_plain,Regional coastal agriculture centre,coastal_agriculture,houses|apartments|commercial_plots|retail|warehouses,geographic_descriptive,NoveGeo landscape lexicon,,,PROPOSED,PROVISIONAL,UNMAPPED_PENDING_ASSOCIATION,2026-08-11,novegeo_tribes.csv + simulation geography design,dataset:novegeo:places:v001:700,SHARED_REFERENCE,ACTIVE
NG-NAM-SET-000556,NGP-000556,Blue Cape,Blue Cape,blue-cape,TOWN,secondary_urban,urban,NGP-000521,NGP-000518,NGR-07,Lysaran Coast,NVG,false,false,eastern_coastal_plain,Regional hospitality centre,hospitality,houses|apartments|commercial_plots|retail|warehouses,geographic_descriptive,NoveGeo landscape lexicon,,,PROPOSED,PROVISIONAL,UNMAPPED_PENDING_ASSOCIATION,2026-08-11,novegeo_tribes.csv + simulation geography design,dataset:novegeo:places:v001:700,SHARED_REFERENCE,ACTIVE
NG-NAM-SET-000557,NGP-000557,Coral Bay East,Coral Bay East,coral-bay-east,TOWNSHIP,small_urban,peri_urban,NGP-000519,NGP-000518,NGR-07,Lysaran Coast,NVG,false,false,eastern_coastal_plain,Peri-urban township serving Coral Bay,local_services_and_residential_growth,houses|rental_units|plots|workshops|shops,geographic_descriptive,NoveGeo landscape lexicon,,,PROPOSED,PROVISIONAL,UNMAPPED_PENDING_ASSOCIATION,2026-08-11,novegeo_tribes.csv + simulation geography design,dataset:novegeo:places:v001:700,SHARED_REFERENCE,ACTIVE
NG-NAM-SET-000558,NGP-000558,Azura Point,Azura Point,azura-point,TOWNSHIP,small_urban,peri_urban,NGP-000519,NGP-000518,NGR-07,Lysaran Coast,NVG,false,false,eastern_coastal_plain,Peri-urban township serving Coral Bay,local_services_and_residential_growth,houses|rental_units|plots|workshops|shops,tribal_influenced,Lysandia,,,PROPOSED,PROVISIONAL,UNMAPPED_PENDING_ASSOCIATION,2026-08-11,novegeo_tribes.csv + simulation geography design,dataset:novegeo:places:v001:700,SHARED_REFERENCE,ACTIVE
NG-NAM-SET-000559,NGP-000559,Reefline,Reefline,reefline,TOWNSHIP,small_urban,peri_urban,NGP-000519,NGP-000518,NGR-07,Lysaran Coast,NVG,false,false,eastern_coastal_plain,Peri-urban township serving Coral Bay,local_services_and_residential_growth,houses|rental_units|plots|workshops|shops,geographic_descriptive,NoveGeo landscape lexicon,,,PROPOSED,PROVISIONAL,UNMAPPED_PENDING_ASSOCIATION,2026-08-11,novegeo_tribes.csv + simulation geography design,dataset:novegeo:places:v001:700,SHARED_REFERENCE,ACTIVE
NG-NAM-SET-000560,NGP-000560,El-Maren South,El-Maren South,el-maren-south,TOWNSHIP,small_urban,peri_urban,NGP-000520,NGP-000518,NGR-07,Lysaran Coast,NVG,false,false,eastern_coastal_plain,Peri-urban township serving El-Maren,local_services_and_residential_growth,houses|rental_units|plots|workshops|shops,tribal_influenced,El-Moriah,,,PROPOSED,PROVISIONAL,UNMAPPED_PENDING_ASSOCIATION,2026-08-11,novegeo_tribes.csv + simulation geography design,dataset:novegeo:places:v001:700,SHARED_REFERENCE,ACTIVE
NG-NAM-SET-000561,NGP-000561,Marenya Cross,Marenya Cross,marenya-cross,TOWNSHIP,small_urban,peri_urban,NGP-000520,NGP-000518,NGR-07,Lysaran Coast,NVG,false,false,eastern_coastal_plain,Peri-urban township serving El-Maren,local_services_and_residential_growth,houses|rental_units|plots|workshops|shops,tribal_influenced,El-Moriah,,,PROPOSED,PROVISIONAL,UNMAPPED_PENDING_ASSOCIATION,2026-08-11,novegeo_tribes.csv + simulation geography design,dataset:novegeo:places:v001:700,SHARED_REFERENCE,ACTIVE
NG-NAM-SET-000562,NGP-000562,Pearl Row,Pearl Row,pearl-row,TOWNSHIP,small_urban,peri_urban,NGP-000520,NGP-000518,NGR-07,Lysaran Coast,NVG,false,false,eastern_coastal_plain,Peri-urban township serving El-Maren,local_services_and_residential_growth,houses|rental_units|plots|workshops|shops,mixed_novegeo,National mixed lexicon,,,PROPOSED,PROVISIONAL,UNMAPPED_PENDING_ASSOCIATION,2026-08-11,novegeo_tribes.csv + simulation geography design,dataset:novegeo:places:v001:700,SHARED_REFERENCE,ACTIVE
NG-NAM-SET-000563,NGP-000563,Seacliff Lower,Seacliff Lower,seacliff-lower,TOWNSHIP,small_urban,peri_urban,NGP-000521,NGP-000518,NGR-07,Lysaran Coast,NVG,false,false,eastern_coastal_plain,Peri-urban township serving Seacliff,local_services_and_residential_growth,houses|rental_units|plots|workshops|shops,geographic_descriptive,NoveGeo landscape lexicon,,,PROPOSED,PROVISIONAL,UNMAPPED_PENDING_ASSOCIATION,2026-08-11,novegeo_tribes.csv + simulation geography design,dataset:novegeo:places:v001:700,SHARED_REFERENCE,ACTIVE
NG-NAM-SET-000564,NGP-000564,Windport Gate,Windport Gate,windport-gate,TOWNSHIP,small_urban,peri_urban,NGP-000521,NGP-000518,NGR-07,Lysaran Coast,NVG,false,false,eastern_coastal_plain,Peri-urban township serving Seacliff,local_services_and_residential_growth,houses|rental_units|plots|workshops|shops,historic_trade_or_occupation,Regional trade lexicon,,,PROPOSED,PROVISIONAL,UNMAPPED_PENDING_ASSOCIATION,2026-08-11,novegeo_tribes.csv + simulation geography design,dataset:novegeo:places:v001:700,SHARED_REFERENCE,ACTIVE
NG-NAM-SET-000565,NGP-000565,Blue Cape End,Blue Cape End,blue-cape-end,TOWNSHIP,small_urban,peri_urban,NGP-000521,NGP-000518,NGR-07,Lysaran Coast,NVG,false,false,eastern_coastal_plain,Peri-urban township serving Seacliff,local_services_and_residential_growth,houses|rental_units|plots|workshops|shops,geographic_descriptive,NoveGeo landscape lexicon,,,PROPOSED,PROVISIONAL,UNMAPPED_PENDING_ASSOCIATION,2026-08-11,novegeo_tribes.csv + simulation geography design,dataset:novegeo:places:v001:700,SHARED_REFERENCE,ACTIVE
NG-NAM-SET-000566,NGP-000566,Old Azura,Old Azura,old-azura,VILLAGE,rural_settlement,rural,NGP-000542,NGP-000518,NGR-07,Lysaran Coast,NVG,false,false,eastern_coastal_plain,Rural community linked to Azura,smallholder_agriculture_and_fisheries,agricultural_land|homesteads|rural_plots|cottages,tribal_influenced,Lysandia,,,PROPOSED,PROVISIONAL,UNMAPPED_PENDING_ASSOCIATION,2026-08-11,novegeo_tribes.csv + simulation geography design,dataset:novegeo:places:v001:700,SHARED_REFERENCE,ACTIVE
NG-NAM-SET-000567,NGP-000567,Azura Cove,Azura Cove,azura-cove,VILLAGE,rural_settlement,rural,NGP-000542,NGP-000518,NGR-07,Lysaran Coast,NVG,false,false,eastern_coastal_plain,Rural community linked to Azura,smallholder_agriculture_and_fisheries,agricultural_land|homesteads|rural_plots|cottages,tribal_influenced,Lysandia,,,PROPOSED,PROVISIONAL,UNMAPPED_PENDING_ASSOCIATION,2026-08-11,novegeo_tribes.csv + simulation geography design,dataset:novegeo:places:v001:700,SHARED_REFERENCE,ACTIVE
NG-NAM-SET-000568,NGP-000568,Upper Lysaven,Upper Lysaven,upper-lysaven,VILLAGE,rural_settlement,rural,NGP-000543,NGP-000518,NGR-07,Lysaran Coast,NVG,false,false,eastern_coastal_plain,Rural community linked to Lysaven,smallholder_agriculture_and_fisheries,agricultural_land|homesteads|rural_plots|cottages,tribal_influenced,Lysandia,,,PROPOSED,PROVISIONAL,UNMAPPED_PENDING_ASSOCIATION,2026-08-11,novegeo_tribes.csv + simulation geography design,dataset:novegeo:places:v001:700,SHARED_REFERENCE,ACTIVE
NG-NAM-SET-000569,NGP-000569,Lysaven Beach,Lysaven Beach,lysaven-beach,VILLAGE,rural_settlement,rural,NGP-000543,NGP-000518,NGR-07,Lysaran Coast,NVG,false,false,eastern_coastal_plain,Rural community linked to Lysaven,smallholder_agriculture_and_fisheries,agricultural_land|homesteads|rural_plots|cottages,tribal_influenced,Lysandia,,,PROPOSED,PROVISIONAL,UNMAPPED_PENDING_ASSOCIATION,2026-08-11,novegeo_tribes.csv + simulation geography design,dataset:novegeo:places:v001:700,SHARED_REFERENCE,ACTIVE
NG-NAM-SET-000570,NGP-000570,East Reefcross,East Reefcross,east-reefcross,VILLAGE,rural_settlement,rural,NGP-000544,NGP-000518,NGR-07,Lysaran Coast,NVG,false,false,eastern_coastal_plain,Rural community linked to Reefcross,smallholder_agriculture_and_fisheries,agricultural_land|homesteads|rural_plots|cottages,geographic_descriptive,NoveGeo landscape lexicon,,,PROPOSED,PROVISIONAL,UNMAPPED_PENDING_ASSOCIATION,2026-08-11,novegeo_tribes.csv + simulation geography design,dataset:novegeo:places:v001:700,SHARED_REFERENCE,ACTIVE
NG-NAM-SET-000571,NGP-000571,Reefcross Palm,Reefcross Palm,reefcross-palm,VILLAGE,rural_settlement,rural,NGP-000544,NGP-000518,NGR-07,Lysaran Coast,NVG,false,false,eastern_coastal_plain,Rural community linked to Reefcross,smallholder_agriculture_and_fisheries,agricultural_land|homesteads|rural_plots|cottages,geographic_descriptive,NoveGeo landscape lexicon,,,PROPOSED,PROVISIONAL,UNMAPPED_PENDING_ASSOCIATION,2026-08-11,novegeo_tribes.csv + simulation geography design,dataset:novegeo:places:v001:700,SHARED_REFERENCE,ACTIVE
NG-NAM-SET-000572,NGP-000572,Lower Bellamar,Lower Bellamar,lower-bellamar,VILLAGE,rural_settlement,rural,NGP-000545,NGP-000518,NGR-07,Lysaran Coast,NVG,false,false,eastern_coastal_plain,Rural community linked to Bellamar,smallholder_agriculture_and_fisheries,agricultural_land|homesteads|rural_plots|cottages,mixed_novegeo,National mixed lexicon,,,PROPOSED,PROVISIONAL,UNMAPPED_PENDING_ASSOCIATION,2026-08-11,novegeo_tribes.csv + simulation geography design,dataset:novegeo:places:v001:700,SHARED_REFERENCE,ACTIVE
NG-NAM-SET-000573,NGP-000573,Bellamar Creek,Bellamar Creek,bellamar-creek,VILLAGE,rural_settlement,rural,NGP-000545,NGP-000518,NGR-07,Lysaran Coast,NVG,false,false,eastern_coastal_plain,Rural community linked to Bellamar,smallholder_agriculture_and_fisheries,agricultural_land|homesteads|rural_plots|cottages,geographic_descriptive,NoveGeo landscape lexicon,,,PROPOSED,PROVISIONAL,UNMAPPED_PENDING_ASSOCIATION,2026-08-11,novegeo_tribes.csv + simulation geography design,dataset:novegeo:places:v001:700,SHARED_REFERENCE,ACTIVE
NG-NAM-SET-000574,NGP-000574,South Seaglass,South Seaglass,south-seaglass,VILLAGE,rural_settlement,rural,NGP-000546,NGP-000518,NGR-07,Lysaran Coast,NVG,false,false,eastern_coastal_plain,Rural community linked to Seaglass,smallholder_agriculture_and_fisheries,agricultural_land|homesteads|rural_plots|cottages,mixed_novegeo,National mixed lexicon,,,PROPOSED,PROVISIONAL,UNMAPPED_PENDING_ASSOCIATION,2026-08-11,novegeo_tribes.csv + simulation geography design,dataset:novegeo:places:v001:700,SHARED_REFERENCE,ACTIVE
NG-NAM-SET-000575,NGP-000575,Seaglass Point,Seaglass Point,seaglass-point,VILLAGE,rural_settlement,rural,NGP-000546,NGP-000518,NGR-07,Lysaran Coast,NVG,false,false,eastern_coastal_plain,Rural community linked to Seaglass,smallholder_agriculture_and_fisheries,agricultural_land|homesteads|rural_plots|cottages,mixed_novegeo,National mixed lexicon,,,PROPOSED,PROVISIONAL,UNMAPPED_PENDING_ASSOCIATION,2026-08-11,novegeo_tribes.csv + simulation geography design,dataset:novegeo:places:v001:700,SHARED_REFERENCE,ACTIVE
NG-NAM-SET-000576,NGP-000576,Marenya Strand,Marenya Strand,marenya-strand,VILLAGE,rural_settlement,rural,NGP-000547,NGP-000518,NGR-07,Lysaran Coast,NVG,false,false,eastern_coastal_plain,Rural community linked to Marenya,smallholder_agriculture_and_fisheries,agricultural_land|homesteads|rural_plots|cottages,tribal_influenced,El-Moriah,,,PROPOSED,PROVISIONAL,UNMAPPED_PENDING_ASSOCIATION,2026-08-11,novegeo_tribes.csv + simulation geography design,dataset:novegeo:places:v001:700,SHARED_REFERENCE,ACTIVE
NG-NAM-SET-000577,NGP-000577,Marenya Reef,Marenya Reef,marenya-reef,VILLAGE,rural_settlement,rural,NGP-000547,NGP-000518,NGR-07,Lysaran Coast,NVG,false,false,eastern_coastal_plain,Rural community linked to Marenya,smallholder_agriculture_and_fisheries,agricultural_land|homesteads|rural_plots|cottages,tribal_influenced,El-Moriah,,,PROPOSED,PROVISIONAL,UNMAPPED_PENDING_ASSOCIATION,2026-08-11,novegeo_tribes.csv + simulation geography design,dataset:novegeo:places:v001:700,SHARED_REFERENCE,ACTIVE
NG-NAM-SET-000578,NGP-000578,North Marenza,North Marenza,north-marenza,VILLAGE,rural_settlement,rural,NGP-000548,NGP-000518,NGR-07,Lysaran Coast,NVG,false,false,eastern_coastal_plain,Rural community linked to Marenza,smallholder_agriculture_and_fisheries,agricultural_land|homesteads|rural_plots|cottages,tribal_influenced,El-Moriah,,,PROPOSED,PROVISIONAL,UNMAPPED_PENDING_ASSOCIATION,2026-08-11,novegeo_tribes.csv + simulation geography design,dataset:novegeo:places:v001:700,SHARED_REFERENCE,ACTIVE
NG-NAM-SET-000579,NGP-000579,Marenza Bay,Marenza Bay,marenza-bay,VILLAGE,rural_settlement,rural,NGP-000548,NGP-000518,NGR-07,Lysaran Coast,NVG,false,false,eastern_coastal_plain,Rural community linked to Marenza,smallholder_agriculture_and_fisheries,agricultural_land|homesteads|rural_plots|cottages,tribal_influenced,El-Moriah,,,PROPOSED,PROVISIONAL,UNMAPPED_PENDING_ASSOCIATION,2026-08-11,novegeo_tribes.csv + simulation geography design,dataset:novegeo:places:v001:700,SHARED_REFERENCE,ACTIVE
NG-NAM-SET-000580,NGP-000580,Pearlstrand Lagoon,Pearlstrand Lagoon,pearlstrand-lagoon,VILLAGE,rural_settlement,rural,NGP-000549,NGP-000518,NGR-07,Lysaran Coast,NVG,false,false,eastern_coastal_plain,Rural community linked to Pearlstrand,smallholder_agriculture_and_fisheries,agricultural_land|homesteads|rural_plots|cottages,mixed_novegeo,National mixed lexicon,,,PROPOSED,PROVISIONAL,UNMAPPED_PENDING_ASSOCIATION,2026-08-11,novegeo_tribes.csv + simulation geography design,dataset:novegeo:places:v001:700,SHARED_REFERENCE,ACTIVE
NG-NAM-SET-000581,NGP-000581,Pearlstrand Walk,Pearlstrand Walk,pearlstrand-walk,VILLAGE,rural_settlement,rural,NGP-000549,NGP-000518,NGR-07,Lysaran Coast,NVG,false,false,eastern_coastal_plain,Rural community linked to Pearlstrand,smallholder_agriculture_and_fisheries,agricultural_land|homesteads|rural_plots|cottages,mixed_novegeo,National mixed lexicon,,,PROPOSED,PROVISIONAL,UNMAPPED_PENDING_ASSOCIATION,2026-08-11,novegeo_tribes.csv + simulation geography design,dataset:novegeo:places:v001:700,SHARED_REFERENCE,ACTIVE
NG-NAM-SET-000582,NGP-000582,West Suncove,West Suncove,west-suncove,VILLAGE,rural_settlement,rural,NGP-000550,NGP-000518,NGR-07,Lysaran Coast,NVG,false,false,eastern_coastal_plain,Rural community linked to Suncove,smallholder_agriculture_and_fisheries,agricultural_land|homesteads|rural_plots|cottages,geographic_descriptive,NoveGeo landscape lexicon,,,PROPOSED,PROVISIONAL,UNMAPPED_PENDING_ASSOCIATION,2026-08-11,novegeo_tribes.csv + simulation geography design,dataset:novegeo:places:v001:700,SHARED_REFERENCE,ACTIVE
NG-NAM-SET-000583,NGP-000583,Suncove Shore,Suncove Shore,suncove-shore,VILLAGE,rural_settlement,rural,NGP-000550,NGP-000518,NGR-07,Lysaran Coast,NVG,false,false,eastern_coastal_plain,Rural community linked to Suncove,smallholder_agriculture_and_fisheries,agricultural_land|homesteads|rural_plots|cottages,geographic_descriptive,NoveGeo landscape lexicon,,,PROPOSED,PROVISIONAL,UNMAPPED_PENDING_ASSOCIATION,2026-08-11,novegeo_tribes.csv + simulation geography design,dataset:novegeo:places:v001:700,SHARED_REFERENCE,ACTIVE
NG-NAM-SET-000584,NGP-000584,Mistral Bay Dune,Mistral Bay Dune,mistral-bay-dune,VILLAGE,rural_settlement,rural,NGP-000551,NGP-000518,NGR-07,Lysaran Coast,NVG,false,false,eastern_coastal_plain,Rural community linked to Mistral Bay,smallholder_agriculture_and_fisheries,agricultural_land|homesteads|rural_plots|cottages,geographic_descriptive,NoveGeo landscape lexicon,,,PROPOSED,PROVISIONAL,UNMAPPED_PENDING_ASSOCIATION,2026-08-11,novegeo_tribes.csv + simulation geography design,dataset:novegeo:places:v001:700,SHARED_REFERENCE,ACTIVE
NG-NAM-SET-000585,NGP-000585,Mistral Bay Harbour,Mistral Bay Harbour,mistral-bay-harbour,VILLAGE,rural_settlement,rural,NGP-000551,NGP-000518,NGR-07,Lysaran Coast,NVG,false,false,eastern_coastal_plain,Rural community linked to Mistral Bay,smallholder_agriculture_and_fisheries,agricultural_land|homesteads|rural_plots|cottages,historic_trade_or_occupation,Regional trade lexicon,,,PROPOSED,PROVISIONAL,UNMAPPED_PENDING_ASSOCIATION,2026-08-11,novegeo_tribes.csv + simulation geography design,dataset:novegeo:places:v001:700,SHARED_REFERENCE,ACTIVE
NG-NAM-SET-000586,NGP-000586,Old Cliffhaven,Old Cliffhaven,old-cliffhaven,VILLAGE,rural_settlement,rural,NGP-000552,NGP-000518,NGR-07,Lysaran Coast,NVG,false,false,eastern_coastal_plain,Rural community linked to Cliffhaven,smallholder_agriculture_and_fisheries,agricultural_land|homesteads|rural_plots|cottages,geographic_descriptive,NoveGeo landscape lexicon,,,PROPOSED,PROVISIONAL,UNMAPPED_PENDING_ASSOCIATION,2026-08-11,novegeo_tribes.csv + simulation geography design,dataset:novegeo:places:v001:700,SHARED_REFERENCE,ACTIVE
NG-NAM-SET-000587,NGP-000587,Cliffhaven Cape,Cliffhaven Cape,cliffhaven-cape,VILLAGE,rural_settlement,rural,NGP-000552,NGP-000518,NGR-07,Lysaran Coast,NVG,false,false,eastern_coastal_plain,Rural community linked to Cliffhaven,smallholder_agriculture_and_fisheries,agricultural_land|homesteads|rural_plots|cottages,geographic_descriptive,NoveGeo landscape lexicon,,,PROPOSED,PROVISIONAL,UNMAPPED_PENDING_ASSOCIATION,2026-08-11,novegeo_tribes.csv + simulation geography design,dataset:novegeo:places:v001:700,SHARED_REFERENCE,ACTIVE
NG-NAM-SET-000588,NGP-000588,Coralstep Coral,Coralstep Coral,coralstep-coral,VILLAGE,rural_settlement,rural,NGP-000553,NGP-000518,NGR-07,Lysaran Coast,NVG,false,false,eastern_coastal_plain,Rural community linked to Coralstep,smallholder_agriculture_and_fisheries,agricultural_land|homesteads|rural_plots|cottages,geographic_descriptive,NoveGeo landscape lexicon,,,PROPOSED,PROVISIONAL,UNMAPPED_PENDING_ASSOCIATION,2026-08-11,novegeo_tribes.csv + simulation geography design,dataset:novegeo:places:v001:700,SHARED_REFERENCE,ACTIVE
NG-NAM-SET-000589,NGP-000589,Coralstep Rest,Coralstep Rest,coralstep-rest,VILLAGE,rural_settlement,rural,NGP-000553,NGP-000518,NGR-07,Lysaran Coast,NVG,false,false,eastern_coastal_plain,Rural community linked to Coralstep,smallholder_agriculture_and_fisheries,agricultural_land|homesteads|rural_plots|cottages,geographic_descriptive,NoveGeo landscape lexicon,,,PROPOSED,PROVISIONAL,UNMAPPED_PENDING_ASSOCIATION,2026-08-11,novegeo_tribes.csv + simulation geography design,dataset:novegeo:places:v001:700,SHARED_REFERENCE,ACTIVE
NG-NAM-SET-000590,NGP-000590,Upper Windport,Upper Windport,upper-windport,VILLAGE,rural_settlement,rural,NGP-000554,NGP-000518,NGR-07,Lysaran Coast,NVG,false,false,eastern_coastal_plain,Rural community linked to Windport,smallholder_agriculture_and_fisheries,agricultural_land|homesteads|rural_plots|cottages,historic_trade_or_occupation,Regional trade lexicon,,,PROPOSED,PROVISIONAL,UNMAPPED_PENDING_ASSOCIATION,2026-08-11,novegeo_tribes.csv + simulation geography design,dataset:novegeo:places:v001:700,SHARED_REFERENCE,ACTIVE
NG-NAM-SET-000591,NGP-000591,Windport Cliff,Windport Cliff,windport-cliff,VILLAGE,rural_settlement,rural,NGP-000554,NGP-000518,NGR-07,Lysaran Coast,NVG,false,false,eastern_coastal_plain,Rural community linked to Windport,smallholder_agriculture_and_fisheries,agricultural_land|homesteads|rural_plots|cottages,historic_trade_or_occupation,Regional trade lexicon,,,PROPOSED,PROVISIONAL,UNMAPPED_PENDING_ASSOCIATION,2026-08-11,novegeo_tribes.csv + simulation geography design,dataset:novegeo:places:v001:700,SHARED_REFERENCE,ACTIVE
NG-NAM-SET-000592,NGP-000592,White Dune Wind,White Dune Wind,white-dune-wind,VILLAGE,rural_settlement,rural,NGP-000555,NGP-000518,NGR-07,Lysaran Coast,NVG,false,false,eastern_coastal_plain,Rural community linked to White Dune,smallholder_agriculture_and_fisheries,agricultural_land|homesteads|rural_plots|cottages,geographic_descriptive,NoveGeo landscape lexicon,,,PROPOSED,PROVISIONAL,UNMAPPED_PENDING_ASSOCIATION,2026-08-11,novegeo_tribes.csv + simulation geography design,dataset:novegeo:places:v001:700,SHARED_REFERENCE,ACTIVE
NG-NAM-SET-000593,NGP-000593,White Dune Terrace,White Dune Terrace,white-dune-terrace,VILLAGE,rural_settlement,rural,NGP-000555,NGP-000518,NGR-07,Lysaran Coast,NVG,false,false,eastern_coastal_plain,Rural community linked to White Dune,smallholder_agriculture_and_fisheries,agricultural_land|homesteads|rural_plots|cottages,geographic_descriptive,NoveGeo landscape lexicon,,,PROPOSED,PROVISIONAL,UNMAPPED_PENDING_ASSOCIATION,2026-08-11,novegeo_tribes.csv + simulation geography design,dataset:novegeo:places:v001:700,SHARED_REFERENCE,ACTIVE
NG-NAM-SET-000594,NGP-000594,Blue Cape Sail,Blue Cape Sail,blue-cape-sail,VILLAGE,rural_settlement,rural,NGP-000556,NGP-000518,NGR-07,Lysaran Coast,NVG,false,false,eastern_coastal_plain,Rural community linked to Blue Cape,smallholder_agriculture_and_fisheries,agricultural_land|homesteads|rural_plots|cottages,geographic_descriptive,NoveGeo landscape lexicon,,,PROPOSED,PROVISIONAL,UNMAPPED_PENDING_ASSOCIATION,2026-08-11,novegeo_tribes.csv + simulation geography design,dataset:novegeo:places:v001:700,SHARED_REFERENCE,ACTIVE
NG-NAM-SET-000595,NGP-000595,Blue Cape Sands,Blue Cape Sands,blue-cape-sands,VILLAGE,rural_settlement,rural,NGP-000556,NGP-000518,NGR-07,Lysaran Coast,NVG,false,false,eastern_coastal_plain,Rural community linked to Blue Cape,smallholder_agriculture_and_fisheries,agricultural_land|homesteads|rural_plots|cottages,geographic_descriptive,NoveGeo landscape lexicon,,,PROPOSED,PROVISIONAL,UNMAPPED_PENDING_ASSOCIATION,2026-08-11,novegeo_tribes.csv + simulation geography design,dataset:novegeo:places:v001:700,SHARED_REFERENCE,ACTIVE
NG-NAM-SET-000596,NGP-000596,Palm Basket,Palm Basket,palm-basket,MARKET_CENTRE,rural_service_node,peri_urban,NGP-000542,NGP-000518,NGR-07,Lysaran Coast,NVG,false,false,eastern_coastal_plain,Market and service node linked to Azura,retail_trade_and_rural_services,retail_units|mixed_use_buildings|storage|small_warehouses,geographic_descriptive,NoveGeo landscape lexicon,,,PROPOSED,PROVISIONAL,UNMAPPED_PENDING_ASSOCIATION,2026-08-11,novegeo_tribes.csv + simulation geography design,dataset:novegeo:places:v001:700,SHARED_REFERENCE,ACTIVE
NG-NAM-SET-000597,NGP-000597,Coral Market,Coral Market,coral-market,MARKET_CENTRE,rural_service_node,peri_urban,NGP-000545,NGP-000518,NGR-07,Lysaran Coast,NVG,false,false,eastern_coastal_plain,Market and service node linked to Bellamar,retail_trade_and_rural_services,retail_units|mixed_use_buildings|storage|small_warehouses,historic_trade_or_occupation,Regional trade lexicon,,,PROPOSED,PROVISIONAL,UNMAPPED_PENDING_ASSOCIATION,2026-08-11,novegeo_tribes.csv + simulation geography design,dataset:novegeo:places:v001:700,SHARED_REFERENCE,ACTIVE
NG-NAM-SET-000598,NGP-000598,Tide Cross,Tide Cross,tide-cross,MARKET_CENTRE,rural_service_node,peri_urban,NGP-000548,NGP-000518,NGR-07,Lysaran Coast,NVG,false,false,eastern_coastal_plain,Market and service node linked to Marenza,retail_trade_and_rural_services,retail_units|mixed_use_buildings|storage|small_warehouses,neutral_civic_or_planned,National civic lexicon,,,PROPOSED,PROVISIONAL,UNMAPPED_PENDING_ASSOCIATION,2026-08-11,novegeo_tribes.csv + simulation geography design,dataset:novegeo:places:v001:700,SHARED_REFERENCE,ACTIVE
NG-NAM-SET-000599,NGP-000599,Pearl Exchange,Pearl Exchange,pearl-exchange,MARKET_CENTRE,rural_service_node,peri_urban,NGP-000551,NGP-000518,NGR-07,Lysaran Coast,NVG,false,false,eastern_coastal_plain,Market and service node linked to Mistral Bay,retail_trade_and_rural_services,retail_units|mixed_use_buildings|storage|small_warehouses,historic_trade_or_occupation,Regional trade lexicon,,,PROPOSED,PROVISIONAL,UNMAPPED_PENDING_ASSOCIATION,2026-08-11,novegeo_tribes.csv + simulation geography design,dataset:novegeo:places:v001:700,SHARED_REFERENCE,ACTIVE
NG-NAM-SET-000600,NGP-000600,Sailmakers' Gate,Sailmakers' Gate,sailmakers-gate,MARKET_CENTRE,rural_service_node,peri_urban,NGP-000554,NGP-000518,NGR-07,Lysaran Coast,NVG,false,false,eastern_coastal_plain,Market and service node linked to Windport,retail_trade_and_rural_services,retail_units|mixed_use_buildings|storage|small_warehouses,neutral_civic_or_planned,National civic lexicon,,,PROPOSED,PROVISIONAL,UNMAPPED_PENDING_ASSOCIATION,2026-08-11,novegeo_tribes.csv + simulation geography design,dataset:novegeo:places:v001:700,SHARED_REFERENCE,ACTIVE
NG-NAM-SET-000601,NGP-000601,BlueHarbor Trade Park,BlueHarbor Trade Park,blueharbor-trade-park,INDUSTRIAL_ZONE,special_economic_locality,specialized,NGP-000518,NGP-000518,NGR-07,Lysaran Coast,NVG,false,false,eastern_coastal_plain,Industrial and logistics locality within Lysaran Coast,manufacturing_and_logistics,warehouses|factories|logistics_yards|industrial_land,historic_trade_or_occupation,Regional trade lexicon,,,PROPOSED,PROVISIONAL,UNMAPPED_PENDING_ASSOCIATION,2026-08-11,novegeo_tribes.csv + simulation geography design,dataset:novegeo:places:v001:700,SHARED_REFERENCE,ACTIVE
NG-NAM-SET-000602,NGP-000602,Coral Foods Estate,Coral Foods Estate,coral-foods-estate,INDUSTRIAL_ZONE,special_economic_locality,specialized,NGP-000520,NGP-000518,NGR-07,Lysaran Coast,NVG,false,false,eastern_coastal_plain,Industrial and logistics locality within Lysaran Coast,processing_and_freight,warehouses|factories|logistics_yards|industrial_land,geographic_descriptive,NoveGeo landscape lexicon,,,PROPOSED,PROVISIONAL,UNMAPPED_PENDING_ASSOCIATION,2026-08-11,novegeo_tribes.csv + simulation geography design,dataset:novegeo:places:v001:700,SHARED_REFERENCE,ACTIVE
NG-NAM-SET-000603,NGP-000603,Merava Bay,Merava Bay,merava-bay,RESORT_SETTLEMENT,tourism_settlement,specialized,NGP-000543,NGP-000518,NGR-07,Lysaran Coast,NVG,false,false,eastern_coastal_plain,Tourism and hospitality settlement within Lysaran Coast,tourism_and_hospitality,hotels|resorts|holiday_villas|serviced_apartments,geographic_descriptive,NoveGeo landscape lexicon,Honeymoon Coast,Quiet coves and small hospitality properties attract newly married visitors.,PROPOSED,PROVISIONAL,UNMAPPED_PENDING_ASSOCIATION,2026-08-11,novegeo_tribes.csv + simulation geography design,dataset:novegeo:places:v001:700,SHARED_REFERENCE,ACTIVE
NG-NAM-SET-000604,NGP-000604,Azure Palms,Azure Palms,azure-palms,RESORT_SETTLEMENT,tourism_settlement,specialized,NGP-000542,NGP-000518,NGR-07,Lysaran Coast,NVG,false,false,eastern_coastal_plain,Tourism and hospitality settlement within Lysaran Coast,tourism_and_hospitality,hotels|resorts|holiday_villas|serviced_apartments,geographic_descriptive,NoveGeo landscape lexicon,The Blue Strip,A narrow band of cafés and villas follows the bright-blue shoreline.,PROPOSED,PROVISIONAL,UNMAPPED_PENDING_ASSOCIATION,2026-08-11,novegeo_tribes.csv + simulation geography design,dataset:novegeo:places:v001:700,SHARED_REFERENCE,ACTIVE
NG-NAM-SET-000605,NGP-000605,Crescent Reef,Crescent Reef,crescent-reef,RESORT_SETTLEMENT,tourism_settlement,specialized,NGP-000545,NGP-000518,NGR-07,Lysaran Coast,NVG,false,false,eastern_coastal_plain,Tourism and hospitality settlement within Lysaran Coast,tourism_and_hospitality,hotels|resorts|holiday_villas|serviced_apartments,geographic_descriptive,NoveGeo landscape lexicon,Divers' Crescent,A curved reef system supports diving schools and marine lodges.,PROPOSED,PROVISIONAL,UNMAPPED_PENDING_ASSOCIATION,2026-08-11,novegeo_tribes.csv + simulation geography design,dataset:novegeo:places:v001:700,SHARED_REFERENCE,ACTIVE
NG-NAM-SET-000606,NGP-000606,Lysara Key,Lysara Key,lysara-key,ISLAND_SETTLEMENT,island_locality,rural,NGP-000543,NGP-000518,NGR-07,Lysaran Coast,NVG,false,false,eastern_coastal_plain,Island community within Lysaran Coast,island_residential_and_tourism,lodges|villas|waterfront_plots|eco_resorts,tribal_influenced,Lysandia,Writers' Island,Residencies and book festivals attract writers from across NoveGeo.,PROPOSED,PROVISIONAL,UNMAPPED_PENDING_ASSOCIATION,2026-08-11,novegeo_tribes.csv + simulation geography design,dataset:novegeo:places:v001:700,SHARED_REFERENCE,ACTIVE
NG-NAM-SET-000607,NGP-000607,Bellamar Isle,Bellamar Isle,bellamar-isle,ISLAND_SETTLEMENT,island_locality,rural,NGP-000545,NGP-000518,NGR-07,Lysaran Coast,NVG,false,false,eastern_coastal_plain,Island community within Lysaran Coast,island_residential_and_tourism,lodges|villas|waterfront_plots|eco_resorts,geographic_descriptive,NoveGeo landscape lexicon,The Bell,A bell-shaped headland is visible from the mainland.,PROPOSED,PROVISIONAL,UNMAPPED_PENDING_ASSOCIATION,2026-08-11,novegeo_tribes.csv + simulation geography design,dataset:novegeo:places:v001:700,SHARED_REFERENCE,ACTIVE
NG-NAM-SET-000608,NGP-000608,White Sail Island,White Sail Island,white-sail-island,ISLAND_SETTLEMENT,island_locality,rural,NGP-000521,NGP-000518,NGR-07,Lysaran Coast,NVG,false,false,eastern_coastal_plain,Island community within Lysaran Coast,island_residential_and_tourism,lodges|villas|waterfront_plots|eco_resorts,geographic_descriptive,NoveGeo landscape lexicon,Sail Isle,White sails are a common sight in its protected channel.,PROPOSED,PROVISIONAL,UNMAPPED_PENDING_ASSOCIATION,2026-08-11,novegeo_tribes.csv + simulation geography design,dataset:novegeo:places:v001:700,SHARED_REFERENCE,ACTIVE
NG-NAM-SET-000609,NGP-000609,Port Meridian,Port Meridian,port-meridian,CITY,national_or_regional_metropolis,metropolitan,,NGP-000609,NGR-08,Sabaran Gulf,NVG,false,true,gulf_estuary_and_industrial_coast,"National seaport metropolis, manufacturing, shipping and international trade centre",regional_metropolitan_services,apartments|offices|retail|mixed_use|hotels,historic_trade_or_occupation,International maritime lexicon,Gateway Gulf,It is NoveGeo's principal seaport and international freight gateway.,PROPOSED,PROVISIONAL,UNMAPPED_PENDING_ASSOCIATION,2026-08-11,novegeo_tribes.csv + simulation geography design,dataset:novegeo:places:v001:700,SHARED_REFERENCE,ACTIVE
NG-NAM-SET-000610,NGP-000610,Sabarin,Sabarin,sabarin,MUNICIPALITY,municipal_urban,urban,,NGP-000609,NGR-08,Sabaran Gulf,NVG,false,false,gulf_estuary_and_industrial_coast,Municipal service centre within Sabaran Gulf,administration_and_services,houses|apartments|plots|retail|offices,tribal_influenced,Mar-Saba,,,PROPOSED,PROVISIONAL,UNMAPPED_PENDING_ASSOCIATION,2026-08-11,novegeo_tribes.csv + simulation geography design,dataset:novegeo:places:v001:700,SHARED_REFERENCE,ACTIVE
NG-NAM-SET-000611,NGP-000611,Tidecross,Tidecross,tidecross,MUNICIPALITY,municipal_urban,urban,,NGP-000609,NGR-08,Sabaran Gulf,NVG,false,false,gulf_estuary_and_industrial_coast,Municipal service centre within Sabaran Gulf,trade_and_residential_growth,houses|apartments|plots|retail|offices,neutral_civic_or_planned,National civic lexicon,,,PROPOSED,PROVISIONAL,UNMAPPED_PENDING_ASSOCIATION,2026-08-11,novegeo_tribes.csv + simulation geography design,dataset:novegeo:places:v001:700,SHARED_REFERENCE,ACTIVE
NG-NAM-SET-000612,NGP-000612,New Moriah,New Moriah,new-moriah,MUNICIPALITY,municipal_urban,urban,,NGP-000609,NGR-08,Sabaran Gulf,NVG,false,false,gulf_estuary_and_industrial_coast,Municipal service centre within Sabaran Gulf,regional_production_and_services,houses|apartments|plots|retail|offices,tribal_influenced,El-Moriah,,,PROPOSED,PROVISIONAL,UNMAPPED_PENDING_ASSOCIATION,2026-08-11,novegeo_tribes.csv + simulation geography design,dataset:novegeo:places:v001:700,SHARED_REFERENCE,ACTIVE
NG-NAM-SET-000613,NGP-000613,Meridian Central,Meridian Central,meridian-central,CITY_DISTRICT,intra_city_district,metropolitan,NGP-000609,NGP-000609,NGR-08,Sabaran Gulf,NVG,false,false,gulf_estuary_and_industrial_coast,Metropolitan district of Port Meridian,commerce_and_mixed_use,apartments|offices|retail|mixed_use,neutral_civic_or_planned,National civic lexicon,,,PROPOSED,PROVISIONAL,UNMAPPED_PENDING_ASSOCIATION,2026-08-11,novegeo_tribes.csv + simulation geography design,dataset:novegeo:places:v001:700,SHARED_REFERENCE,ACTIVE
NG-NAM-SET-000614,NGP-000614,Docklands,Docklands,docklands,CITY_DISTRICT,intra_city_district,metropolitan,NGP-000609,NGP-000609,NGR-08,Sabaran Gulf,NVG,false,false,gulf_estuary_and_industrial_coast,Metropolitan district of Port Meridian,transport_and_logistics,apartments|offices|retail|mixed_use,historic_trade_or_occupation,Regional trade lexicon,The Docks,The everyday name predates the district's formal redevelopment.,PROPOSED,PROVISIONAL,UNMAPPED_PENDING_ASSOCIATION,2026-08-11,novegeo_tribes.csv + simulation geography design,dataset:novegeo:places:v001:700,SHARED_REFERENCE,ACTIVE
NG-NAM-SET-000615,NGP-000615,Customs Quarter,Customs Quarter,customs-quarter,CITY_DISTRICT,intra_city_district,metropolitan,NGP-000609,NGP-000609,NGR-08,Sabaran Gulf,NVG,false,false,gulf_estuary_and_industrial_coast,Metropolitan district of Port Meridian,civic_and_public_services,apartments|offices|retail|mixed_use,historic_trade_or_occupation,Regional trade lexicon,,,PROPOSED,PROVISIONAL,UNMAPPED_PENDING_ASSOCIATION,2026-08-11,novegeo_tribes.csv + simulation geography design,dataset:novegeo:places:v001:700,SHARED_REFERENCE,ACTIVE
NG-NAM-SET-000616,NGP-000616,Gulf Exchange,Gulf Exchange,gulf-exchange,CITY_DISTRICT,intra_city_district,metropolitan,NGP-000609,NGP-000609,NGR-08,Sabaran Gulf,NVG,false,false,gulf_estuary_and_industrial_coast,Metropolitan district of Port Meridian,commerce_and_mixed_use,apartments|offices|retail|mixed_use,historic_trade_or_occupation,Regional trade lexicon,,,PROPOSED,PROVISIONAL,UNMAPPED_PENDING_ASSOCIATION,2026-08-11,novegeo_tribes.csv + simulation geography design,dataset:novegeo:places:v001:700,SHARED_REFERENCE,ACTIVE
NG-NAM-SET-000617,NGP-000617,Old Shipyard,Old Shipyard,old-shipyard,CITY_DISTRICT,intra_city_district,metropolitan,NGP-000609,NGP-000609,NGR-08,Sabaran Gulf,NVG,false,false,gulf_estuary_and_industrial_coast,Metropolitan district of Port Meridian,transport_and_logistics,apartments|offices|retail|mixed_use,historic_trade_or_occupation,Regional trade lexicon,,,PROPOSED,PROVISIONAL,UNMAPPED_PENDING_ASSOCIATION,2026-08-11,novegeo_tribes.csv + simulation geography design,dataset:novegeo:places:v001:700,SHARED_REFERENCE,ACTIVE
NG-NAM-SET-000618,NGP-000618,Freeport Ward,Freeport Ward,freeport-ward,CITY_DISTRICT,intra_city_district,metropolitan,NGP-000609,NGP-000609,NGR-08,Sabaran Gulf,NVG,false,false,gulf_estuary_and_industrial_coast,Metropolitan district of Port Meridian,civic_and_public_services,apartments|offices|retail|mixed_use,historic_trade_or_occupation,Regional trade lexicon,,,PROPOSED,PROVISIONAL,UNMAPPED_PENDING_ASSOCIATION,2026-08-11,novegeo_tribes.csv + simulation geography design,dataset:novegeo:places:v001:700,SHARED_REFERENCE,ACTIVE
NG-NAM-SET-000619,NGP-000619,Harbor Nine,Harbor Nine,harbor-nine,CITY_DISTRICT,intra_city_district,metropolitan,NGP-000609,NGP-000609,NGR-08,Sabaran Gulf,NVG,false,false,gulf_estuary_and_industrial_coast,Metropolitan district of Port Meridian,mixed_use_urban,apartments|offices|retail|mixed_use,historic_trade_or_occupation,Regional trade lexicon,The Nine,Dockworkers shortened the original numbered-harbour designation.,PROPOSED,PROVISIONAL,UNMAPPED_PENDING_ASSOCIATION,2026-08-11,novegeo_tribes.csv + simulation geography design,dataset:novegeo:places:v001:700,SHARED_REFERENCE,ACTIVE
NG-NAM-SET-000620,NGP-000620,East Terminal,East Terminal,east-terminal,CITY_DISTRICT,intra_city_district,metropolitan,NGP-000609,NGP-000609,NGR-08,Sabaran Gulf,NVG,false,false,gulf_estuary_and_industrial_coast,Metropolitan district of Port Meridian,transport_and_logistics,apartments|offices|retail|mixed_use,historic_trade_or_occupation,Regional trade lexicon,Little Mumbai,Indian Ocean merchant families and freight businesses built a lively market around the terminal.,PROPOSED,PROVISIONAL,UNMAPPED_PENDING_ASSOCIATION,2026-08-11,novegeo_tribes.csv + simulation geography design,dataset:novegeo:places:v001:700,SHARED_REFERENCE,ACTIVE
NG-NAM-SET-000621,NGP-000621,Sabarin Heights,Sabarin Heights,sabarin-heights,SUBURB,urban_neighborhood,urban,NGP-000609,NGP-000609,NGR-08,Sabaran Gulf,NVG,false,false,gulf_estuary_and_industrial_coast,Residential neighborhood of Port Meridian,elevated_residential,detached_houses|townhouses|apartments|residential_plots,tribal_influenced,Mar-Saba,,,PROPOSED,PROVISIONAL,UNMAPPED_PENDING_ASSOCIATION,2026-08-11,novegeo_tribes.csv + simulation geography design,dataset:novegeo:places:v001:700,SHARED_REFERENCE,ACTIVE
NG-NAM-SET-000622,NGP-000622,Anchor Park,Anchor Park,anchor-park,SUBURB,urban_neighborhood,urban,NGP-000609,NGP-000609,NGR-08,Sabaran Gulf,NVG,false,false,gulf_estuary_and_industrial_coast,Residential neighborhood of Port Meridian,garden_residential,detached_houses|townhouses|apartments|residential_plots,geographic_descriptive,NoveGeo landscape lexicon,,,PROPOSED,PROVISIONAL,UNMAPPED_PENDING_ASSOCIATION,2026-08-11,novegeo_tribes.csv + simulation geography design,dataset:novegeo:places:v001:700,SHARED_REFERENCE,ACTIVE
NG-NAM-SET-000623,NGP-000623,Tidegate,Tidegate,tidegate,SUBURB,urban_neighborhood,urban,NGP-000609,NGP-000609,NGR-08,Sabaran Gulf,NVG,false,false,gulf_estuary_and_industrial_coast,Residential neighborhood of Port Meridian,waterfront_residential,detached_houses|townhouses|apartments|residential_plots,neutral_civic_or_planned,National civic lexicon,,,PROPOSED,PROVISIONAL,UNMAPPED_PENDING_ASSOCIATION,2026-08-11,novegeo_tribes.csv + simulation geography design,dataset:novegeo:places:v001:700,SHARED_REFERENCE,ACTIVE
NG-NAM-SET-000624,NGP-000624,New Lisbon,New Lisbon,new-lisbon,SUBURB,urban_neighborhood,urban,NGP-000609,NGP-000609,NGR-08,Sabaran Gulf,NVG,false,false,gulf_estuary_and_industrial_coast,Residential neighborhood of Port Meridian,cosmopolitan_residential,detached_houses|townhouses|apartments|residential_plots,international_settler,International diaspora,Little Portugal,Lusophone maritime families and seafood businesses settled around the old tram square.,PROPOSED,PROVISIONAL,UNMAPPED_PENDING_ASSOCIATION,2026-08-11,novegeo_tribes.csv + simulation geography design,dataset:novegeo:places:v001:700,SHARED_REFERENCE,ACTIVE
NG-NAM-SET-000625,NGP-000625,Mariner's Rest,Mariner's Rest,mariners-rest,SUBURB,urban_neighborhood,urban,NGP-000609,NGP-000609,NGR-08,Sabaran Gulf,NVG,false,false,gulf_estuary_and_industrial_coast,Residential neighborhood of Port Meridian,mixed_density_residential,detached_houses|townhouses|apartments|residential_plots,mixed_novegeo,National mixed lexicon,,,PROPOSED,PROVISIONAL,UNMAPPED_PENDING_ASSOCIATION,2026-08-11,novegeo_tribes.csv + simulation geography design,dataset:novegeo:places:v001:700,SHARED_REFERENCE,ACTIVE
NG-NAM-SET-000626,NGP-000626,Saltmeadow,Saltmeadow,saltmeadow,SUBURB,urban_neighborhood,urban,NGP-000609,NGP-000609,NGR-08,Sabaran Gulf,NVG,false,false,gulf_estuary_and_industrial_coast,Residential neighborhood of Port Meridian,garden_residential,detached_houses|townhouses|apartments|residential_plots,geographic_descriptive,NoveGeo landscape lexicon,,,PROPOSED,PROVISIONAL,UNMAPPED_PENDING_ASSOCIATION,2026-08-11,novegeo_tribes.csv + simulation geography design,dataset:novegeo:places:v001:700,SHARED_REFERENCE,ACTIVE
NG-NAM-SET-000627,NGP-000627,Moriah Gardens,Moriah Gardens,moriah-gardens,SUBURB,urban_neighborhood,urban,NGP-000609,NGP-000609,NGR-08,Sabaran Gulf,NVG,false,false,gulf_estuary_and_industrial_coast,Residential neighborhood of Port Meridian,garden_residential,detached_houses|townhouses|apartments|residential_plots,tribal_influenced,El-Moriah,,,PROPOSED,PROVISIONAL,UNMAPPED_PENDING_ASSOCIATION,2026-08-11,novegeo_tribes.csv + simulation geography design,dataset:novegeo:places:v001:700,SHARED_REFERENCE,ACTIVE
NG-NAM-SET-000628,NGP-000628,Southpoint,Southpoint,southpoint,SUBURB,urban_neighborhood,urban,NGP-000609,NGP-000609,NGR-08,Sabaran Gulf,NVG,false,false,gulf_estuary_and_industrial_coast,Residential neighborhood of Port Meridian,growth_corridor_residential,detached_houses|townhouses|apartments|residential_plots,mixed_novegeo,National mixed lexicon,,,PROPOSED,PROVISIONAL,UNMAPPED_PENDING_ASSOCIATION,2026-08-11,novegeo_tribes.csv + simulation geography design,dataset:novegeo:places:v001:700,SHARED_REFERENCE,ACTIVE
NG-NAM-SET-000629,NGP-000629,Pelican Bay,Pelican Bay,pelican-bay,SUBURB,urban_neighborhood,urban,NGP-000609,NGP-000609,NGR-08,Sabaran Gulf,NVG,false,false,gulf_estuary_and_industrial_coast,Residential neighborhood of Port Meridian,waterfront_residential,detached_houses|townhouses|apartments|residential_plots,geographic_descriptive,NoveGeo landscape lexicon,,,PROPOSED,PROVISIONAL,UNMAPPED_PENDING_ASSOCIATION,2026-08-11,novegeo_tribes.csv + simulation geography design,dataset:novegeo:places:v001:700,SHARED_REFERENCE,ACTIVE
NG-NAM-SET-000630,NGP-000630,Trosshaven,Trosshaven,trosshaven,SUBURB,urban_neighborhood,urban,NGP-000609,NGP-000609,NGR-08,Sabaran Gulf,NVG,false,false,gulf_estuary_and_industrial_coast,Residential neighborhood of Port Meridian,mixed_density_residential,detached_houses|townhouses|apartments|residential_plots,tribal_influenced,Tross-Varn,,,PROPOSED,PROVISIONAL,UNMAPPED_PENDING_ASSOCIATION,2026-08-11,novegeo_tribes.csv + simulation geography design,dataset:novegeo:places:v001:700,SHARED_REFERENCE,ACTIVE
NG-NAM-SET-000631,NGP-000631,Beacon Ridge,Beacon Ridge,beacon-ridge,SUBURB,urban_neighborhood,urban,NGP-000609,NGP-000609,NGR-08,Sabaran Gulf,NVG,false,false,gulf_estuary_and_industrial_coast,Residential neighborhood of Port Meridian,elevated_residential,detached_houses|townhouses|apartments|residential_plots,geographic_descriptive,NoveGeo landscape lexicon,,,PROPOSED,PROVISIONAL,UNMAPPED_PENDING_ASSOCIATION,2026-08-11,novegeo_tribes.csv + simulation geography design,dataset:novegeo:places:v001:700,SHARED_REFERENCE,ACTIVE
NG-NAM-SET-000632,NGP-000632,Estuary View,Estuary View,estuary-view,SUBURB,urban_neighborhood,urban,NGP-000609,NGP-000609,NGR-08,Sabaran Gulf,NVG,false,false,gulf_estuary_and_industrial_coast,Residential neighborhood of Port Meridian,mixed_density_residential,detached_houses|townhouses|apartments|residential_plots,geographic_descriptive,NoveGeo landscape lexicon,,,PROPOSED,PROVISIONAL,UNMAPPED_PENDING_ASSOCIATION,2026-08-11,novegeo_tribes.csv + simulation geography design,dataset:novegeo:places:v001:700,SHARED_REFERENCE,ACTIVE
NG-NAM-SET-000633,NGP-000633,Sabara,Sabara,sabara,TOWN,secondary_urban,urban,NGP-000610,NGP-000609,NGR-08,Sabaran Gulf,NVG,false,false,gulf_estuary_and_industrial_coast,Regional shipping centre,shipping,houses|apartments|commercial_plots|retail|warehouses,tribal_influenced,Mar-Saba,,,PROPOSED,PROVISIONAL,UNMAPPED_PENDING_ASSOCIATION,2026-08-11,novegeo_tribes.csv + simulation geography design,dataset:novegeo:places:v001:700,SHARED_REFERENCE,ACTIVE
NG-NAM-SET-000634,NGP-000634,Sabhira,Sabhira,sabhira,TOWN,secondary_urban,urban,NGP-000610,NGP-000609,NGR-08,Sabaran Gulf,NVG,false,false,gulf_estuary_and_industrial_coast,Regional fisheries centre,fisheries,houses|apartments|commercial_plots|retail|warehouses,tribal_influenced,Mar-Saba,,,PROPOSED,PROVISIONAL,UNMAPPED_PENDING_ASSOCIATION,2026-08-11,novegeo_tribes.csv + simulation geography design,dataset:novegeo:places:v001:700,SHARED_REFERENCE,ACTIVE
NG-NAM-SET-000635,NGP-000635,Gulfstone,Gulfstone,gulfstone,TOWN,secondary_urban,urban,NGP-000610,NGP-000609,NGR-08,Sabaran Gulf,NVG,false,false,gulf_estuary_and_industrial_coast,Regional port logistics centre,port_logistics,houses|apartments|commercial_plots|retail|warehouses,geographic_descriptive,NoveGeo landscape lexicon,,,PROPOSED,PROVISIONAL,UNMAPPED_PENDING_ASSOCIATION,2026-08-11,novegeo_tribes.csv + simulation geography design,dataset:novegeo:places:v001:700,SHARED_REFERENCE,ACTIVE
NG-NAM-SET-000636,NGP-000636,Moriah Port,Moriah Port,moriah-port,TOWN,secondary_urban,urban,NGP-000610,NGP-000609,NGR-08,Sabaran Gulf,NVG,false,false,gulf_estuary_and_industrial_coast,Regional international trade centre,international_trade,houses|apartments|commercial_plots|retail|warehouses,tribal_influenced,El-Moriah,,,PROPOSED,PROVISIONAL,UNMAPPED_PENDING_ASSOCIATION,2026-08-11,novegeo_tribes.csv + simulation geography design,dataset:novegeo:places:v001:700,SHARED_REFERENCE,ACTIVE
NG-NAM-SET-000637,NGP-000637,Varekh,Varekh,varekh,TOWN,secondary_urban,urban,NGP-000610,NGP-000609,NGR-08,Sabaran Gulf,NVG,false,false,gulf_estuary_and_industrial_coast,Regional manufacturing centre,manufacturing,houses|apartments|commercial_plots|retail|warehouses,tribal_influenced,Tross-Varn,,,PROPOSED,PROVISIONAL,UNMAPPED_PENDING_ASSOCIATION,2026-08-11,novegeo_tribes.csv + simulation geography design,dataset:novegeo:places:v001:700,SHARED_REFERENCE,ACTIVE
NG-NAM-SET-000638,NGP-000638,Saltcross,Saltcross,saltcross,TOWN,secondary_urban,urban,NGP-000611,NGP-000609,NGR-08,Sabaran Gulf,NVG,false,false,gulf_estuary_and_industrial_coast,Regional shipping centre,shipping,houses|apartments|commercial_plots|retail|warehouses,neutral_civic_or_planned,National civic lexicon,,,PROPOSED,PROVISIONAL,UNMAPPED_PENDING_ASSOCIATION,2026-08-11,novegeo_tribes.csv + simulation geography design,dataset:novegeo:places:v001:700,SHARED_REFERENCE,ACTIVE
NG-NAM-SET-000639,NGP-000639,Estuary Ford,Estuary Ford,estuary-ford,TOWN,secondary_urban,urban,NGP-000611,NGP-000609,NGR-08,Sabaran Gulf,NVG,false,false,gulf_estuary_and_industrial_coast,Regional fisheries centre,fisheries,houses|apartments|commercial_plots|retail|warehouses,geographic_descriptive,NoveGeo landscape lexicon,,,PROPOSED,PROVISIONAL,UNMAPPED_PENDING_ASSOCIATION,2026-08-11,novegeo_tribes.csv + simulation geography design,dataset:novegeo:places:v001:700,SHARED_REFERENCE,ACTIVE
NG-NAM-SET-000640,NGP-000640,Tidelock,Tidelock,tidelock,TOWN,secondary_urban,urban,NGP-000611,NGP-000609,NGR-08,Sabaran Gulf,NVG,false,false,gulf_estuary_and_industrial_coast,Regional port logistics centre,port_logistics,houses|apartments|commercial_plots|retail|warehouses,mixed_novegeo,National mixed lexicon,,,PROPOSED,PROVISIONAL,UNMAPPED_PENDING_ASSOCIATION,2026-08-11,novegeo_tribes.csv + simulation geography design,dataset:novegeo:places:v001:700,SHARED_REFERENCE,ACTIVE
NG-NAM-SET-000641,NGP-000641,Cormorant Bay,Cormorant Bay,cormorant-bay,TOWN,secondary_urban,urban,NGP-000611,NGP-000609,NGR-08,Sabaran Gulf,NVG,false,false,gulf_estuary_and_industrial_coast,Regional international trade centre,international_trade,houses|apartments|commercial_plots|retail|warehouses,geographic_descriptive,NoveGeo landscape lexicon,,,PROPOSED,PROVISIONAL,UNMAPPED_PENDING_ASSOCIATION,2026-08-11,novegeo_tribes.csv + simulation geography design,dataset:novegeo:places:v001:700,SHARED_REFERENCE,ACTIVE
NG-NAM-SET-000642,NGP-000642,Mangrove End,Mangrove End,mangrove-end,TOWN,secondary_urban,urban,NGP-000611,NGP-000609,NGR-08,Sabaran Gulf,NVG,false,false,gulf_estuary_and_industrial_coast,Regional manufacturing centre,manufacturing,houses|apartments|commercial_plots|retail|warehouses,geographic_descriptive,NoveGeo landscape lexicon,,,PROPOSED,PROVISIONAL,UNMAPPED_PENDING_ASSOCIATION,2026-08-11,novegeo_tribes.csv + simulation geography design,dataset:novegeo:places:v001:700,SHARED_REFERENCE,ACTIVE
NG-NAM-SET-000643,NGP-000643,El Mora,El Mora,el-mora,TOWN,secondary_urban,urban,NGP-000612,NGP-000609,NGR-08,Sabaran Gulf,NVG,false,false,gulf_estuary_and_industrial_coast,Regional shipping centre,shipping,houses|apartments|commercial_plots|retail|warehouses,tribal_influenced,El-Moriah,,,PROPOSED,PROVISIONAL,UNMAPPED_PENDING_ASSOCIATION,2026-08-11,novegeo_tribes.csv + simulation geography design,dataset:novegeo:places:v001:700,SHARED_REFERENCE,ACTIVE
NG-NAM-SET-000644,NGP-000644,Trossport,Trossport,trossport,TOWN,secondary_urban,urban,NGP-000612,NGP-000609,NGR-08,Sabaran Gulf,NVG,false,false,gulf_estuary_and_industrial_coast,Regional fisheries centre,fisheries,houses|apartments|commercial_plots|retail|warehouses,tribal_influenced,Tross-Varn,,,PROPOSED,PROVISIONAL,UNMAPPED_PENDING_ASSOCIATION,2026-08-11,novegeo_tribes.csv + simulation geography design,dataset:novegeo:places:v001:700,SHARED_REFERENCE,ACTIVE
NG-NAM-SET-000645,NGP-000645,Varnmouth,Varnmouth,varnmouth,TOWN,secondary_urban,urban,NGP-000612,NGP-000609,NGR-08,Sabaran Gulf,NVG,false,false,gulf_estuary_and_industrial_coast,Regional port logistics centre,port_logistics,houses|apartments|commercial_plots|retail|warehouses,tribal_influenced,Tross-Varn,,,PROPOSED,PROVISIONAL,UNMAPPED_PENDING_ASSOCIATION,2026-08-11,novegeo_tribes.csv + simulation geography design,dataset:novegeo:places:v001:700,SHARED_REFERENCE,ACTIVE
NG-NAM-SET-000646,NGP-000646,Beacon Wells,Beacon Wells,beacon-wells,TOWN,secondary_urban,urban,NGP-000612,NGP-000609,NGR-08,Sabaran Gulf,NVG,false,false,gulf_estuary_and_industrial_coast,Regional international trade centre,international_trade,houses|apartments|commercial_plots|retail|warehouses,geographic_descriptive,NoveGeo landscape lexicon,,,PROPOSED,PROVISIONAL,UNMAPPED_PENDING_ASSOCIATION,2026-08-11,novegeo_tribes.csv + simulation geography design,dataset:novegeo:places:v001:700,SHARED_REFERENCE,ACTIVE
NG-NAM-SET-000647,NGP-000647,Crescent Gulf,Crescent Gulf,crescent-gulf,TOWN,secondary_urban,urban,NGP-000612,NGP-000609,NGR-08,Sabaran Gulf,NVG,false,false,gulf_estuary_and_industrial_coast,Regional manufacturing centre,manufacturing,houses|apartments|commercial_plots|retail|warehouses,geographic_descriptive,NoveGeo landscape lexicon,,,PROPOSED,PROVISIONAL,UNMAPPED_PENDING_ASSOCIATION,2026-08-11,novegeo_tribes.csv + simulation geography design,dataset:novegeo:places:v001:700,SHARED_REFERENCE,ACTIVE
NG-NAM-SET-000648,NGP-000648,Sabarin East,Sabarin East,sabarin-east,TOWNSHIP,small_urban,peri_urban,NGP-000610,NGP-000609,NGR-08,Sabaran Gulf,NVG,false,false,gulf_estuary_and_industrial_coast,Peri-urban township serving Sabarin,local_services_and_residential_growth,houses|rental_units|plots|workshops|shops,tribal_influenced,Mar-Saba,,,PROPOSED,PROVISIONAL,UNMAPPED_PENDING_ASSOCIATION,2026-08-11,novegeo_tribes.csv + simulation geography design,dataset:novegeo:places:v001:700,SHARED_REFERENCE,ACTIVE
NG-NAM-SET-000649,NGP-000649,Sabara Wharf,Sabara Wharf,sabara-wharf,TOWNSHIP,small_urban,peri_urban,NGP-000610,NGP-000609,NGR-08,Sabaran Gulf,NVG,false,false,gulf_estuary_and_industrial_coast,Peri-urban township serving Sabarin,local_services_and_residential_growth,houses|rental_units|plots|workshops|shops,tribal_influenced,Mar-Saba,,,PROPOSED,PROVISIONAL,UNMAPPED_PENDING_ASSOCIATION,2026-08-11,novegeo_tribes.csv + simulation geography design,dataset:novegeo:places:v001:700,SHARED_REFERENCE,ACTIVE
NG-NAM-SET-000650,NGP-000650,Gulf Junction,Gulf Junction,gulf-junction,TOWNSHIP,small_urban,peri_urban,NGP-000610,NGP-000609,NGR-08,Sabaran Gulf,NVG,false,false,gulf_estuary_and_industrial_coast,Peri-urban township serving Sabarin,local_services_and_residential_growth,houses|rental_units|plots|workshops|shops,geographic_descriptive,NoveGeo landscape lexicon,,,PROPOSED,PROVISIONAL,UNMAPPED_PENDING_ASSOCIATION,2026-08-11,novegeo_tribes.csv + simulation geography design,dataset:novegeo:places:v001:700,SHARED_REFERENCE,ACTIVE
NG-NAM-SET-000651,NGP-000651,Tidecross South,Tidecross South,tidecross-south,TOWNSHIP,small_urban,peri_urban,NGP-000611,NGP-000609,NGR-08,Sabaran Gulf,NVG,false,false,gulf_estuary_and_industrial_coast,Peri-urban township serving Tidecross,local_services_and_residential_growth,houses|rental_units|plots|workshops|shops,neutral_civic_or_planned,National civic lexicon,,,PROPOSED,PROVISIONAL,UNMAPPED_PENDING_ASSOCIATION,2026-08-11,novegeo_tribes.csv + simulation geography design,dataset:novegeo:places:v001:700,SHARED_REFERENCE,ACTIVE
NG-NAM-SET-000652,NGP-000652,Tidelock Row,Tidelock Row,tidelock-row,TOWNSHIP,small_urban,peri_urban,NGP-000611,NGP-000609,NGR-08,Sabaran Gulf,NVG,false,false,gulf_estuary_and_industrial_coast,Peri-urban township serving Tidecross,local_services_and_residential_growth,houses|rental_units|plots|workshops|shops,mixed_novegeo,National mixed lexicon,,,PROPOSED,PROVISIONAL,UNMAPPED_PENDING_ASSOCIATION,2026-08-11,novegeo_tribes.csv + simulation geography design,dataset:novegeo:places:v001:700,SHARED_REFERENCE,ACTIVE
NG-NAM-SET-000653,NGP-000653,Mangrove Gate,Mangrove Gate,mangrove-gate,TOWNSHIP,small_urban,peri_urban,NGP-000611,NGP-000609,NGR-08,Sabaran Gulf,NVG,false,false,gulf_estuary_and_industrial_coast,Peri-urban township serving Tidecross,local_services_and_residential_growth,houses|rental_units|plots|workshops|shops,geographic_descriptive,NoveGeo landscape lexicon,,,PROPOSED,PROVISIONAL,UNMAPPED_PENDING_ASSOCIATION,2026-08-11,novegeo_tribes.csv + simulation geography design,dataset:novegeo:places:v001:700,SHARED_REFERENCE,ACTIVE
NG-NAM-SET-000654,NGP-000654,New Moriah North,New Moriah North,new-moriah-north,TOWNSHIP,small_urban,peri_urban,NGP-000612,NGP-000609,NGR-08,Sabaran Gulf,NVG,false,false,gulf_estuary_and_industrial_coast,Peri-urban township serving New Moriah,local_services_and_residential_growth,houses|rental_units|plots|workshops|shops,tribal_influenced,El-Moriah,,,PROPOSED,PROVISIONAL,UNMAPPED_PENDING_ASSOCIATION,2026-08-11,novegeo_tribes.csv + simulation geography design,dataset:novegeo:places:v001:700,SHARED_REFERENCE,ACTIVE
NG-NAM-SET-000655,NGP-000655,Tross Line,Tross Line,tross-line,TOWNSHIP,small_urban,peri_urban,NGP-000612,NGP-000609,NGR-08,Sabaran Gulf,NVG,false,false,gulf_estuary_and_industrial_coast,Peri-urban township serving New Moriah,local_services_and_residential_growth,houses|rental_units|plots|workshops|shops,tribal_influenced,Tross-Varn,,,PROPOSED,PROVISIONAL,UNMAPPED_PENDING_ASSOCIATION,2026-08-11,novegeo_tribes.csv + simulation geography design,dataset:novegeo:places:v001:700,SHARED_REFERENCE,ACTIVE
NG-NAM-SET-000656,NGP-000656,Beacon Cross,Beacon Cross,beacon-cross,TOWNSHIP,small_urban,peri_urban,NGP-000612,NGP-000609,NGR-08,Sabaran Gulf,NVG,false,false,gulf_estuary_and_industrial_coast,Peri-urban township serving New Moriah,local_services_and_residential_growth,houses|rental_units|plots|workshops|shops,neutral_civic_or_planned,National civic lexicon,,,PROPOSED,PROVISIONAL,UNMAPPED_PENDING_ASSOCIATION,2026-08-11,novegeo_tribes.csv + simulation geography design,dataset:novegeo:places:v001:700,SHARED_REFERENCE,ACTIVE
NG-NAM-SET-000657,NGP-000657,Old Sabara,Old Sabara,old-sabara,VILLAGE,rural_settlement,rural,NGP-000633,NGP-000609,NGR-08,Sabaran Gulf,NVG,false,false,gulf_estuary_and_industrial_coast,Rural community linked to Sabara,smallholder_agriculture_and_fisheries,agricultural_land|homesteads|rural_plots|cottages,tribal_influenced,Mar-Saba,,,PROPOSED,PROVISIONAL,UNMAPPED_PENDING_ASSOCIATION,2026-08-11,novegeo_tribes.csv + simulation geography design,dataset:novegeo:places:v001:700,SHARED_REFERENCE,ACTIVE
NG-NAM-SET-000658,NGP-000658,Sabara Quay,Sabara Quay,sabara-quay,VILLAGE,rural_settlement,rural,NGP-000633,NGP-000609,NGR-08,Sabaran Gulf,NVG,false,false,gulf_estuary_and_industrial_coast,Rural community linked to Sabara,smallholder_agriculture_and_fisheries,agricultural_land|homesteads|rural_plots|cottages,tribal_influenced,Mar-Saba,,,PROPOSED,PROVISIONAL,UNMAPPED_PENDING_ASSOCIATION,2026-08-11,novegeo_tribes.csv + simulation geography design,dataset:novegeo:places:v001:700,SHARED_REFERENCE,ACTIVE
NG-NAM-SET-000659,NGP-000659,Upper Sabhira,Upper Sabhira,upper-sabhira,VILLAGE,rural_settlement,rural,NGP-000634,NGP-000609,NGR-08,Sabaran Gulf,NVG,false,false,gulf_estuary_and_industrial_coast,Rural community linked to Sabhira,smallholder_agriculture_and_fisheries,agricultural_land|homesteads|rural_plots|cottages,tribal_influenced,Mar-Saba,,,PROPOSED,PROVISIONAL,UNMAPPED_PENDING_ASSOCIATION,2026-08-11,novegeo_tribes.csv + simulation geography design,dataset:novegeo:places:v001:700,SHARED_REFERENCE,ACTIVE
NG-NAM-SET-000660,NGP-000660,Sabhira Creek,Sabhira Creek,sabhira-creek,VILLAGE,rural_settlement,rural,NGP-000634,NGP-000609,NGR-08,Sabaran Gulf,NVG,false,false,gulf_estuary_and_industrial_coast,Rural community linked to Sabhira,smallholder_agriculture_and_fisheries,agricultural_land|homesteads|rural_plots|cottages,tribal_influenced,Mar-Saba,,,PROPOSED,PROVISIONAL,UNMAPPED_PENDING_ASSOCIATION,2026-08-11,novegeo_tribes.csv + simulation geography design,dataset:novegeo:places:v001:700,SHARED_REFERENCE,ACTIVE
NG-NAM-SET-000661,NGP-000661,East Gulfstone,East Gulfstone,east-gulfstone,VILLAGE,rural_settlement,rural,NGP-000635,NGP-000609,NGR-08,Sabaran Gulf,NVG,false,false,gulf_estuary_and_industrial_coast,Rural community linked to Gulfstone,smallholder_agriculture_and_fisheries,agricultural_land|homesteads|rural_plots|cottages,geographic_descriptive,NoveGeo landscape lexicon,,,PROPOSED,PROVISIONAL,UNMAPPED_PENDING_ASSOCIATION,2026-08-11,novegeo_tribes.csv + simulation geography design,dataset:novegeo:places:v001:700,SHARED_REFERENCE,ACTIVE
NG-NAM-SET-000662,NGP-000662,Gulfstone Reach,Gulfstone Reach,gulfstone-reach,VILLAGE,rural_settlement,rural,NGP-000635,NGP-000609,NGR-08,Sabaran Gulf,NVG,false,false,gulf_estuary_and_industrial_coast,Rural community linked to Gulfstone,smallholder_agriculture_and_fisheries,agricultural_land|homesteads|rural_plots|cottages,geographic_descriptive,NoveGeo landscape lexicon,,,PROPOSED,PROVISIONAL,UNMAPPED_PENDING_ASSOCIATION,2026-08-11,novegeo_tribes.csv + simulation geography design,dataset:novegeo:places:v001:700,SHARED_REFERENCE,ACTIVE
NG-NAM-SET-000663,NGP-000663,Lower Moriah Port,Lower Moriah Port,lower-moriah-port,VILLAGE,rural_settlement,rural,NGP-000636,NGP-000609,NGR-08,Sabaran Gulf,NVG,false,false,gulf_estuary_and_industrial_coast,Rural community linked to Moriah Port,smallholder_agriculture_and_fisheries,agricultural_land|homesteads|rural_plots|cottages,tribal_influenced,El-Moriah,,,PROPOSED,PROVISIONAL,UNMAPPED_PENDING_ASSOCIATION,2026-08-11,novegeo_tribes.csv + simulation geography design,dataset:novegeo:places:v001:700,SHARED_REFERENCE,ACTIVE
NG-NAM-SET-000664,NGP-000664,Moriah Port Salt,Moriah Port Salt,moriah-port-salt,VILLAGE,rural_settlement,rural,NGP-000636,NGP-000609,NGR-08,Sabaran Gulf,NVG,false,false,gulf_estuary_and_industrial_coast,Rural community linked to Moriah Port,smallholder_agriculture_and_fisheries,agricultural_land|homesteads|rural_plots|cottages,tribal_influenced,El-Moriah,,,PROPOSED,PROVISIONAL,UNMAPPED_PENDING_ASSOCIATION,2026-08-11,novegeo_tribes.csv + simulation geography design,dataset:novegeo:places:v001:700,SHARED_REFERENCE,ACTIVE
NG-NAM-SET-000665,NGP-000665,South Varekh,South Varekh,south-varekh,VILLAGE,rural_settlement,rural,NGP-000637,NGP-000609,NGR-08,Sabaran Gulf,NVG,false,false,gulf_estuary_and_industrial_coast,Rural community linked to Varekh,smallholder_agriculture_and_fisheries,agricultural_land|homesteads|rural_plots|cottages,tribal_influenced,Tross-Varn,,,PROPOSED,PROVISIONAL,UNMAPPED_PENDING_ASSOCIATION,2026-08-11,novegeo_tribes.csv + simulation geography design,dataset:novegeo:places:v001:700,SHARED_REFERENCE,ACTIVE
NG-NAM-SET-000666,NGP-000666,Varekh Point,Varekh Point,varekh-point,VILLAGE,rural_settlement,rural,NGP-000637,NGP-000609,NGR-08,Sabaran Gulf,NVG,false,false,gulf_estuary_and_industrial_coast,Rural community linked to Varekh,smallholder_agriculture_and_fisheries,agricultural_land|homesteads|rural_plots|cottages,tribal_influenced,Tross-Varn,,,PROPOSED,PROVISIONAL,UNMAPPED_PENDING_ASSOCIATION,2026-08-11,novegeo_tribes.csv + simulation geography design,dataset:novegeo:places:v001:700,SHARED_REFERENCE,ACTIVE
NG-NAM-SET-000667,NGP-000667,Saltcross Dock,Saltcross Dock,saltcross-dock,VILLAGE,rural_settlement,rural,NGP-000638,NGP-000609,NGR-08,Sabaran Gulf,NVG,false,false,gulf_estuary_and_industrial_coast,Rural community linked to Saltcross,smallholder_agriculture_and_fisheries,agricultural_land|homesteads|rural_plots|cottages,historic_trade_or_occupation,Regional trade lexicon,,,PROPOSED,PROVISIONAL,UNMAPPED_PENDING_ASSOCIATION,2026-08-11,novegeo_tribes.csv + simulation geography design,dataset:novegeo:places:v001:700,SHARED_REFERENCE,ACTIVE
NG-NAM-SET-000668,NGP-000668,Saltcross Flats,Saltcross Flats,saltcross-flats,VILLAGE,rural_settlement,rural,NGP-000638,NGP-000609,NGR-08,Sabaran Gulf,NVG,false,false,gulf_estuary_and_industrial_coast,Rural community linked to Saltcross,smallholder_agriculture_and_fisheries,agricultural_land|homesteads|rural_plots|cottages,neutral_civic_or_planned,National civic lexicon,,,PROPOSED,PROVISIONAL,UNMAPPED_PENDING_ASSOCIATION,2026-08-11,novegeo_tribes.csv + simulation geography design,dataset:novegeo:places:v001:700,SHARED_REFERENCE,ACTIVE
NG-NAM-SET-000669,NGP-000669,North Estuary Ford,North Estuary Ford,north-estuary-ford,VILLAGE,rural_settlement,rural,NGP-000639,NGP-000609,NGR-08,Sabaran Gulf,NVG,false,false,gulf_estuary_and_industrial_coast,Rural community linked to Estuary Ford,smallholder_agriculture_and_fisheries,agricultural_land|homesteads|rural_plots|cottages,geographic_descriptive,NoveGeo landscape lexicon,,,PROPOSED,PROVISIONAL,UNMAPPED_PENDING_ASSOCIATION,2026-08-11,novegeo_tribes.csv + simulation geography design,dataset:novegeo:places:v001:700,SHARED_REFERENCE,ACTIVE
NG-NAM-SET-000670,NGP-000670,Estuary Ford Estuary,Estuary Ford Estuary,estuary-ford-estuary,VILLAGE,rural_settlement,rural,NGP-000639,NGP-000609,NGR-08,Sabaran Gulf,NVG,false,false,gulf_estuary_and_industrial_coast,Rural community linked to Estuary Ford,smallholder_agriculture_and_fisheries,agricultural_land|homesteads|rural_plots|cottages,geographic_descriptive,NoveGeo landscape lexicon,,,PROPOSED,PROVISIONAL,UNMAPPED_PENDING_ASSOCIATION,2026-08-11,novegeo_tribes.csv + simulation geography design,dataset:novegeo:places:v001:700,SHARED_REFERENCE,ACTIVE
NG-NAM-SET-000671,NGP-000671,Tidelock Lock,Tidelock Lock,tidelock-lock,VILLAGE,rural_settlement,rural,NGP-000640,NGP-000609,NGR-08,Sabaran Gulf,NVG,false,false,gulf_estuary_and_industrial_coast,Rural community linked to Tidelock,smallholder_agriculture_and_fisheries,agricultural_land|homesteads|rural_plots|cottages,mixed_novegeo,National mixed lexicon,,,PROPOSED,PROVISIONAL,UNMAPPED_PENDING_ASSOCIATION,2026-08-11,novegeo_tribes.csv + simulation geography design,dataset:novegeo:places:v001:700,SHARED_REFERENCE,ACTIVE
NG-NAM-SET-000672,NGP-000672,Tidelock Bank,Tidelock Bank,tidelock-bank,VILLAGE,rural_settlement,rural,NGP-000640,NGP-000609,NGR-08,Sabaran Gulf,NVG,false,false,gulf_estuary_and_industrial_coast,Rural community linked to Tidelock,smallholder_agriculture_and_fisheries,agricultural_land|homesteads|rural_plots|cottages,mixed_novegeo,National mixed lexicon,,,PROPOSED,PROVISIONAL,UNMAPPED_PENDING_ASSOCIATION,2026-08-11,novegeo_tribes.csv + simulation geography design,dataset:novegeo:places:v001:700,SHARED_REFERENCE,ACTIVE
NG-NAM-SET-000673,NGP-000673,West Cormorant Bay,West Cormorant Bay,west-cormorant-bay,VILLAGE,rural_settlement,rural,NGP-000641,NGP-000609,NGR-08,Sabaran Gulf,NVG,false,false,gulf_estuary_and_industrial_coast,Rural community linked to Cormorant Bay,smallholder_agriculture_and_fisheries,agricultural_land|homesteads|rural_plots|cottages,geographic_descriptive,NoveGeo landscape lexicon,,,PROPOSED,PROVISIONAL,UNMAPPED_PENDING_ASSOCIATION,2026-08-11,novegeo_tribes.csv + simulation geography design,dataset:novegeo:places:v001:700,SHARED_REFERENCE,ACTIVE
NG-NAM-SET-000674,NGP-000674,Cormorant Bay Mangrove,Cormorant Bay Mangrove,cormorant-bay-mangrove,VILLAGE,rural_settlement,rural,NGP-000641,NGP-000609,NGR-08,Sabaran Gulf,NVG,false,false,gulf_estuary_and_industrial_coast,Rural community linked to Cormorant Bay,smallholder_agriculture_and_fisheries,agricultural_land|homesteads|rural_plots|cottages,geographic_descriptive,NoveGeo landscape lexicon,,,PROPOSED,PROVISIONAL,UNMAPPED_PENDING_ASSOCIATION,2026-08-11,novegeo_tribes.csv + simulation geography design,dataset:novegeo:places:v001:700,SHARED_REFERENCE,ACTIVE
NG-NAM-SET-000675,NGP-000675,Mangrove End Anchorage,Mangrove End Anchorage,mangrove-end-anchorage,VILLAGE,rural_settlement,rural,NGP-000642,NGP-000609,NGR-08,Sabaran Gulf,NVG,false,false,gulf_estuary_and_industrial_coast,Rural community linked to Mangrove End,smallholder_agriculture_and_fisheries,agricultural_land|homesteads|rural_plots|cottages,geographic_descriptive,NoveGeo landscape lexicon,,,PROPOSED,PROVISIONAL,UNMAPPED_PENDING_ASSOCIATION,2026-08-11,novegeo_tribes.csv + simulation geography design,dataset:novegeo:places:v001:700,SHARED_REFERENCE,ACTIVE
NG-NAM-SET-000676,NGP-000676,Mangrove End Bend,Mangrove End Bend,mangrove-end-bend,VILLAGE,rural_settlement,rural,NGP-000642,NGP-000609,NGR-08,Sabaran Gulf,NVG,false,false,gulf_estuary_and_industrial_coast,Rural community linked to Mangrove End,smallholder_agriculture_and_fisheries,agricultural_land|homesteads|rural_plots|cottages,geographic_descriptive,NoveGeo landscape lexicon,,,PROPOSED,PROVISIONAL,UNMAPPED_PENDING_ASSOCIATION,2026-08-11,novegeo_tribes.csv + simulation geography design,dataset:novegeo:places:v001:700,SHARED_REFERENCE,ACTIVE
NG-NAM-SET-000677,NGP-000677,Old El Mora,Old El Mora,old-el-mora,VILLAGE,rural_settlement,rural,NGP-000643,NGP-000609,NGR-08,Sabaran Gulf,NVG,false,false,gulf_estuary_and_industrial_coast,Rural community linked to El Mora,smallholder_agriculture_and_fisheries,agricultural_land|homesteads|rural_plots|cottages,tribal_influenced,El-Moriah,,,PROPOSED,PROVISIONAL,UNMAPPED_PENDING_ASSOCIATION,2026-08-11,novegeo_tribes.csv + simulation geography design,dataset:novegeo:places:v001:700,SHARED_REFERENCE,ACTIVE
NG-NAM-SET-000678,NGP-000678,El Mora Gulf,El Mora Gulf,el-mora-gulf,VILLAGE,rural_settlement,rural,NGP-000643,NGP-000609,NGR-08,Sabaran Gulf,NVG,false,false,gulf_estuary_and_industrial_coast,Rural community linked to El Mora,smallholder_agriculture_and_fisheries,agricultural_land|homesteads|rural_plots|cottages,tribal_influenced,El-Moriah,,,PROPOSED,PROVISIONAL,UNMAPPED_PENDING_ASSOCIATION,2026-08-11,novegeo_tribes.csv + simulation geography design,dataset:novegeo:places:v001:700,SHARED_REFERENCE,ACTIVE
NG-NAM-SET-000679,NGP-000679,Trossport Jetty,Trossport Jetty,trossport-jetty,VILLAGE,rural_settlement,rural,NGP-000644,NGP-000609,NGR-08,Sabaran Gulf,NVG,false,false,gulf_estuary_and_industrial_coast,Rural community linked to Trossport,smallholder_agriculture_and_fisheries,agricultural_land|homesteads|rural_plots|cottages,tribal_influenced,Tross-Varn,,,PROPOSED,PROVISIONAL,UNMAPPED_PENDING_ASSOCIATION,2026-08-11,novegeo_tribes.csv + simulation geography design,dataset:novegeo:places:v001:700,SHARED_REFERENCE,ACTIVE
NG-NAM-SET-000680,NGP-000680,Trossport Inlet,Trossport Inlet,trossport-inlet,VILLAGE,rural_settlement,rural,NGP-000644,NGP-000609,NGR-08,Sabaran Gulf,NVG,false,false,gulf_estuary_and_industrial_coast,Rural community linked to Trossport,smallholder_agriculture_and_fisheries,agricultural_land|homesteads|rural_plots|cottages,tribal_influenced,Tross-Varn,,,PROPOSED,PROVISIONAL,UNMAPPED_PENDING_ASSOCIATION,2026-08-11,novegeo_tribes.csv + simulation geography design,dataset:novegeo:places:v001:700,SHARED_REFERENCE,ACTIVE
NG-NAM-SET-000681,NGP-000681,Upper Varnmouth,Upper Varnmouth,upper-varnmouth,VILLAGE,rural_settlement,rural,NGP-000645,NGP-000609,NGR-08,Sabaran Gulf,NVG,false,false,gulf_estuary_and_industrial_coast,Rural community linked to Varnmouth,smallholder_agriculture_and_fisheries,agricultural_land|homesteads|rural_plots|cottages,tribal_influenced,Tross-Varn,,,PROPOSED,PROVISIONAL,UNMAPPED_PENDING_ASSOCIATION,2026-08-11,novegeo_tribes.csv + simulation geography design,dataset:novegeo:places:v001:700,SHARED_REFERENCE,ACTIVE
NG-NAM-SET-000682,NGP-000682,Varnmouth Reach,Varnmouth Reach,varnmouth-reach,VILLAGE,rural_settlement,rural,NGP-000645,NGP-000609,NGR-08,Sabaran Gulf,NVG,false,false,gulf_estuary_and_industrial_coast,Rural community linked to Varnmouth,smallholder_agriculture_and_fisheries,agricultural_land|homesteads|rural_plots|cottages,tribal_influenced,Tross-Varn,,,PROPOSED,PROVISIONAL,UNMAPPED_PENDING_ASSOCIATION,2026-08-11,novegeo_tribes.csv + simulation geography design,dataset:novegeo:places:v001:700,SHARED_REFERENCE,ACTIVE
NG-NAM-SET-000683,NGP-000683,Beacon Wells North,Beacon Wells North,beacon-wells-north,VILLAGE,rural_settlement,rural,NGP-000646,NGP-000609,NGR-08,Sabaran Gulf,NVG,false,false,gulf_estuary_and_industrial_coast,Rural community linked to Beacon Wells,smallholder_agriculture_and_fisheries,agricultural_land|homesteads|rural_plots|cottages,geographic_descriptive,NoveGeo landscape lexicon,,,PROPOSED,PROVISIONAL,UNMAPPED_PENDING_ASSOCIATION,2026-08-11,novegeo_tribes.csv + simulation geography design,dataset:novegeo:places:v001:700,SHARED_REFERENCE,ACTIVE
NG-NAM-SET-000684,NGP-000684,Beacon Wells Shore,Beacon Wells Shore,beacon-wells-shore,VILLAGE,rural_settlement,rural,NGP-000646,NGP-000609,NGR-08,Sabaran Gulf,NVG,false,false,gulf_estuary_and_industrial_coast,Rural community linked to Beacon Wells,smallholder_agriculture_and_fisheries,agricultural_land|homesteads|rural_plots|cottages,geographic_descriptive,NoveGeo landscape lexicon,,,PROPOSED,PROVISIONAL,UNMAPPED_PENDING_ASSOCIATION,2026-08-11,novegeo_tribes.csv + simulation geography design,dataset:novegeo:places:v001:700,SHARED_REFERENCE,ACTIVE
NG-NAM-SET-000685,NGP-000685,Crescent Gulf Sands,Crescent Gulf Sands,crescent-gulf-sands,VILLAGE,rural_settlement,rural,NGP-000647,NGP-000609,NGR-08,Sabaran Gulf,NVG,false,false,gulf_estuary_and_industrial_coast,Rural community linked to Crescent Gulf,smallholder_agriculture_and_fisheries,agricultural_land|homesteads|rural_plots|cottages,geographic_descriptive,NoveGeo landscape lexicon,,,PROPOSED,PROVISIONAL,UNMAPPED_PENDING_ASSOCIATION,2026-08-11,novegeo_tribes.csv + simulation geography design,dataset:novegeo:places:v001:700,SHARED_REFERENCE,ACTIVE
NG-NAM-SET-000686,NGP-000686,Crescent Gulf Yard,Crescent Gulf Yard,crescent-gulf-yard,VILLAGE,rural_settlement,rural,NGP-000647,NGP-000609,NGR-08,Sabaran Gulf,NVG,false,false,gulf_estuary_and_industrial_coast,Rural community linked to Crescent Gulf,smallholder_agriculture_and_fisheries,agricultural_land|homesteads|rural_plots|cottages,geographic_descriptive,NoveGeo landscape lexicon,,,PROPOSED,PROVISIONAL,UNMAPPED_PENDING_ASSOCIATION,2026-08-11,novegeo_tribes.csv + simulation geography design,dataset:novegeo:places:v001:700,SHARED_REFERENCE,ACTIVE
NG-NAM-SET-000687,NGP-000687,Spice Basket,Spice Basket,spice-basket,MARKET_CENTRE,rural_service_node,peri_urban,NGP-000633,NGP-000609,NGR-08,Sabaran Gulf,NVG,false,false,gulf_estuary_and_industrial_coast,Market and service node linked to Sabara,retail_trade_and_rural_services,retail_units|mixed_use_buildings|storage|small_warehouses,mixed_novegeo,National mixed lexicon,,,PROPOSED,PROVISIONAL,UNMAPPED_PENDING_ASSOCIATION,2026-08-11,novegeo_tribes.csv + simulation geography design,dataset:novegeo:places:v001:700,SHARED_REFERENCE,ACTIVE
NG-NAM-SET-000688,NGP-000688,Gulf Market,Gulf Market,gulf-market,MARKET_CENTRE,rural_service_node,peri_urban,NGP-000636,NGP-000609,NGR-08,Sabaran Gulf,NVG,false,false,gulf_estuary_and_industrial_coast,Market and service node linked to Moriah Port,retail_trade_and_rural_services,retail_units|mixed_use_buildings|storage|small_warehouses,historic_trade_or_occupation,Regional trade lexicon,,,PROPOSED,PROVISIONAL,UNMAPPED_PENDING_ASSOCIATION,2026-08-11,novegeo_tribes.csv + simulation geography design,dataset:novegeo:places:v001:700,SHARED_REFERENCE,ACTIVE
NG-NAM-SET-000689,NGP-000689,Anchor Exchange,Anchor Exchange,anchor-exchange,MARKET_CENTRE,rural_service_node,peri_urban,NGP-000639,NGP-000609,NGR-08,Sabaran Gulf,NVG,false,false,gulf_estuary_and_industrial_coast,Market and service node linked to Estuary Ford,retail_trade_and_rural_services,retail_units|mixed_use_buildings|storage|small_warehouses,historic_trade_or_occupation,Regional trade lexicon,,,PROPOSED,PROVISIONAL,UNMAPPED_PENDING_ASSOCIATION,2026-08-11,novegeo_tribes.csv + simulation geography design,dataset:novegeo:places:v001:700,SHARED_REFERENCE,ACTIVE
NG-NAM-SET-000690,NGP-000690,Mangrove Cross,Mangrove Cross,mangrove-cross,MARKET_CENTRE,rural_service_node,peri_urban,NGP-000642,NGP-000609,NGR-08,Sabaran Gulf,NVG,false,false,gulf_estuary_and_industrial_coast,Market and service node linked to Mangrove End,retail_trade_and_rural_services,retail_units|mixed_use_buildings|storage|small_warehouses,geographic_descriptive,NoveGeo landscape lexicon,,,PROPOSED,PROVISIONAL,UNMAPPED_PENDING_ASSOCIATION,2026-08-11,novegeo_tribes.csv + simulation geography design,dataset:novegeo:places:v001:700,SHARED_REFERENCE,ACTIVE
NG-NAM-SET-000691,NGP-000691,Customs Gate,Customs Gate,customs-gate,MARKET_CENTRE,rural_service_node,peri_urban,NGP-000645,NGP-000609,NGR-08,Sabaran Gulf,NVG,false,false,gulf_estuary_and_industrial_coast,Market and service node linked to Varnmouth,retail_trade_and_rural_services,retail_units|mixed_use_buildings|storage|small_warehouses,historic_trade_or_occupation,Regional trade lexicon,,,PROPOSED,PROVISIONAL,UNMAPPED_PENDING_ASSOCIATION,2026-08-11,novegeo_tribes.csv + simulation geography design,dataset:novegeo:places:v001:700,SHARED_REFERENCE,ACTIVE
NG-NAM-SET-000692,NGP-000692,Meridian Free Zone,Meridian Free Zone,meridian-free-zone,INDUSTRIAL_ZONE,special_economic_locality,specialized,NGP-000609,NGP-000609,NGR-08,Sabaran Gulf,NVG,false,false,gulf_estuary_and_industrial_coast,Industrial and logistics locality within Sabaran Gulf,manufacturing_and_logistics,warehouses|factories|logistics_yards|industrial_land,historic_trade_or_occupation,Regional trade lexicon,,,PROPOSED,PROVISIONAL,UNMAPPED_PENDING_ASSOCIATION,2026-08-11,novegeo_tribes.csv + simulation geography design,dataset:novegeo:places:v001:700,SHARED_REFERENCE,ACTIVE
NG-NAM-SET-000693,NGP-000693,Gulf Shipworks Estate,Gulf Shipworks Estate,gulf-shipworks-estate,INDUSTRIAL_ZONE,special_economic_locality,specialized,NGP-000611,NGP-000609,NGR-08,Sabaran Gulf,NVG,false,false,gulf_estuary_and_industrial_coast,Industrial and logistics locality within Sabaran Gulf,processing_and_freight,warehouses|factories|logistics_yards|industrial_land,geographic_descriptive,NoveGeo landscape lexicon,,,PROPOSED,PROVISIONAL,UNMAPPED_PENDING_ASSOCIATION,2026-08-11,novegeo_tribes.csv + simulation geography design,dataset:novegeo:places:v001:700,SHARED_REFERENCE,ACTIVE
NG-NAM-SET-000694,NGP-000694,Pearl Estuary,Pearl Estuary,pearl-estuary,RESORT_SETTLEMENT,tourism_settlement,specialized,NGP-000639,NGP-000609,NGR-08,Sabaran Gulf,NVG,false,false,gulf_estuary_and_industrial_coast,Tourism and hospitality settlement within Sabaran Gulf,tourism_and_hospitality,hotels|resorts|holiday_villas|serviced_apartments,geographic_descriptive,NoveGeo landscape lexicon,The Pearl,Pearl-like shells and pale sandbars are common in the estuary.,PROPOSED,PROVISIONAL,UNMAPPED_PENDING_ASSOCIATION,2026-08-11,novegeo_tribes.csv + simulation geography design,dataset:novegeo:places:v001:700,SHARED_REFERENCE,ACTIVE
NG-NAM-SET-000695,NGP-000695,Mariner's Key,Mariner's Key,mariners-key,RESORT_SETTLEMENT,tourism_settlement,specialized,NGP-000633,NGP-000609,NGR-08,Sabaran Gulf,NVG,false,false,gulf_estuary_and_industrial_coast,Tourism and hospitality settlement within Sabaran Gulf,tourism_and_hospitality,hotels|resorts|holiday_villas|serviced_apartments,geographic_descriptive,NoveGeo landscape lexicon,Sailors' Rest,The sheltered resort has long served crews between voyages.,PROPOSED,PROVISIONAL,UNMAPPED_PENDING_ASSOCIATION,2026-08-11,novegeo_tribes.csv + simulation geography design,dataset:novegeo:places:v001:700,SHARED_REFERENCE,ACTIVE
NG-NAM-SET-000696,NGP-000696,Saffron Coast,Saffron Coast,saffron-coast,RESORT_SETTLEMENT,tourism_settlement,specialized,NGP-000647,NGP-000609,NGR-08,Sabaran Gulf,NVG,false,false,gulf_estuary_and_industrial_coast,Tourism and hospitality settlement within Sabaran Gulf,tourism_and_hospitality,hotels|resorts|holiday_villas|serviced_apartments,geographic_descriptive,NoveGeo landscape lexicon,Spice Coast,Historic spice warehouses and markets border the shore.,PROPOSED,PROVISIONAL,UNMAPPED_PENDING_ASSOCIATION,2026-08-11,novegeo_tribes.csv + simulation geography design,dataset:novegeo:places:v001:700,SHARED_REFERENCE,ACTIVE
NG-NAM-SET-000697,NGP-000697,Moriah Key,Moriah Key,moriah-key,ISLAND_SETTLEMENT,island_locality,rural,NGP-000612,NGP-000609,NGR-08,Sabaran Gulf,NVG,false,false,gulf_estuary_and_industrial_coast,Island community within Sabaran Gulf,island_residential_and_tourism,lodges|villas|waterfront_plots|eco_resorts,tribal_influenced,El-Moriah,Spice Island,Small spice farms and drying houses occupy the inland ridge.,PROPOSED,PROVISIONAL,UNMAPPED_PENDING_ASSOCIATION,2026-08-11,novegeo_tribes.csv + simulation geography design,dataset:novegeo:places:v001:700,SHARED_REFERENCE,ACTIVE
NG-NAM-SET-000698,NGP-000698,Tross Isle,Tross Isle,tross-isle,ISLAND_SETTLEMENT,island_locality,rural,NGP-000644,NGP-000609,NGR-08,Sabaran Gulf,NVG,false,false,gulf_estuary_and_industrial_coast,Island community within Sabaran Gulf,island_residential_and_tourism,lodges|villas|waterfront_plots|eco_resorts,tribal_influenced,Tross-Varn,Northman's Key,The nickname recalls historic northern seafarers and boatbuilders.,PROPOSED,PROVISIONAL,UNMAPPED_PENDING_ASSOCIATION,2026-08-11,novegeo_tribes.csv + simulation geography design,dataset:novegeo:places:v001:700,SHARED_REFERENCE,ACTIVE
NG-NAM-SET-000699,NGP-000699,Pelican Key,Pelican Key,pelican-key,ISLAND_SETTLEMENT,island_locality,rural,NGP-000611,NGP-000609,NGR-08,Sabaran Gulf,NVG,false,false,gulf_estuary_and_industrial_coast,Island community within Sabaran Gulf,island_residential_and_tourism,lodges|villas|waterfront_plots|eco_resorts,geographic_descriptive,NoveGeo landscape lexicon,Pelican Rock,Pelicans gather on its exposed western rocks.,PROPOSED,PROVISIONAL,UNMAPPED_PENDING_ASSOCIATION,2026-08-11,novegeo_tribes.csv + simulation geography design,dataset:novegeo:places:v001:700,SHARED_REFERENCE,ACTIVE
NG-NAM-SET-000700,NGP-000700,Meridian Island,Meridian Island,meridian-island,ISLAND_SETTLEMENT,island_locality,rural,NGP-000609,NGP-000609,NGR-08,Sabaran Gulf,NVG,false,false,gulf_estuary_and_industrial_coast,Island community within Sabaran Gulf,island_residential_and_tourism,lodges|villas|waterfront_plots|eco_resorts,geographic_descriptive,NoveGeo landscape lexicon,Freeport Isle,The island hosts bonded warehouses and a freeport marina.,PROPOSED,PROVISIONAL,UNMAPPED_PENDING_ASSOCIATION,2026-08-11,novegeo_tribes.csv + simulation geography design,dataset:novegeo:places:v001:700,SHARED_REFERENCE,ACTIVE
